;Num_Acc;jour;mois;an;hrmn;lum;dep;com;agg;int;atm;col;adr;lat;long
476;202000000532;19;10;2020;11:48;1;94;94043;2;1;8;3;FONTAINEBLEAU (AV DE);48,8083000;2,3627500
477;202000000533;18;10;2020;12:00;1;94;94076;2;2;1;1;VERDUN (R DE);48,7949100;2,3543600
478;202000000534;19;10;2020;11:26;1;93;93072;2;1;1;3;MAXIME GORKI (BOULEVARD) DES N°1 AU 87;48,9559483;2,3831518
479;202000000535;19;10;2020;20:50;5;93;93077;2;3;1;1;MERCIERE (RUE);48,8829600;2,5128700
480;202000000536;19;10;2020;20:50;-1;93;93077;2;1;-1;1;MERCIERE (RUE);48,8837638;2,5134154
481;202000000537;18;10;2020;06:50;5;93;93053;2;3;1;3;MONTREUIL A CLAYE (RUE DE);48,8868338;2,4704077
482;202000000538;19;10;2020;21:00;5;93;93032;2;1;1;3;Rue Parmentier;48,8835100;2,5322500
483;202000000539;18;10;2020;13:50;1;93;93048;2;1;1;3;ROMAINVILLE (RUE DE);48,8700675;2,4467884
484;202000000540;18;10;2020;11:45;1;93;93063;1;1;1;3;METZ AVENUE DE;48,8967000;2,4325000
485;202000000541;18;10;2020;15:25;1;93;93032;2;3;1;6;PETIT CLOS  (SENTIER DU);48,8837007;2,5303775
486;202000000542;19;10;2020;17:30;1;93;93027;2;2;1;3;R DE LA CONVENTION / RUE RASPAIL;48,9260937;2,3966484
487;202000000543;19;10;2020;14:40;1;93;93027;2;1;1;3;AV ROGER SALENGRO;48,9356300;2,3873500
488;202000000544;19;10;2020;07:35;2;93;93027;2;6;1;6;ROCHET (RUE WALDECK);48,9401500;2,4078300
489;202000000545;19;10;2020;09:25;1;92;92064;2;3;1;3;VERRERIE;48,8541556;2,2221722
490;202000000546;19;10;2020;21:10;5;92;92040;2;1;1;6;FERDINAND BUISSON;48,8139975;2,2629409
491;202000000547;19;10;2020;10:10;1;92;92036;2;3;1;3;JEAN JAURES (RUE) (1/33);48,9310430;2,2949830
492;202000000548;19;10;2020;18:15;2;92;92012;2;1;8;6;NATIONALE (RUE) 1/37 - 2/30BIS;48,8264600;2,2426800
493;202000000549;19;10;2020;16:25;1;92;92012;2;1;1;7;ANDRE MORIZET (AVENUE) 1/47 - 2/52;48,8368700;2,2366500
494;202000000550;24;9;2020;20:00;2;92;92004;2;1;1;3;ARGENTEUIL N° 176 A 388;48,9226240;2,2766620
495;202000000551;15;8;2020;15:00;1;67;67381;2;1;1;6;14 Rue Principale;48,9128918;7,3143201
496;202000000552;20;10;2020;07:25;1;974;97422;2;6;1;3;Carrefour Raymond Poincare; -21,2860700;55,5155520
497;202000000553;19;10;2020;15:32;1;68;68300;2;6;1;3;D422;47,7849820;7,3677360
498;202000000554;20;10;2020;17:40;2;86;86268;1;1;2;1;D18;46,5300130;0,5449420
499;202000000555;20;10;2020;15:45;1;83;83019;1;1;1;6;4315 Route du Dom;43,1904800;6,3715550
500;202000000556;19;10;2020;14:15;1;62;62205;2;1;1;1;Rue de Baudringhem;50,7039500;2,3212210
501;202000000557;19;10;2020;20:30;3;59;59110;1;1;1;1;D3;50,9436820;2,3087020
502;202000000558;19;9;2020;03:00;5;67;67234;1;1;1;6;HERBITZHEIM (ROUTE DE);48,9867320;7,0483520
503;202000000559;19;10;2020;16:45;1;82;82125;1;1;1;3;route de la ville dieu du temple;43,9926910;1,2320140
504;202000000560;20;10;2020;14:40;1;63;63322;1;6;1;6;D78;45,8604469;3,1917563
505;202000000561;19;10;2020;13:45;1;49;49240;1;1;1;6;PK 7 à proximité du lieu dit la frogerie;47,0795620; -0,6362200
506;202000000562;19;10;2020;15:30;1;42;42141;1;1;1;6;D70;46,1452213;4,2558281
507;202000000563;16;10;2020;17:30;1;34;34036;1;1;1;3;D609;43,6793870;3,3959770
508;202000000564;17;10;2020;16:50;1;84;84057;1;1;1;6;D2;43,9304770;5,3059240
509;202000000565;19;10;2020;15:35;1;72;72118;2;1;1;3;Place de l'Eglise;48,0387680;0,5869050
510;202000000566;17;10;2020;05:00;3;05;05106;1;1;1;6;D9;44,5507190;6,3310220
511;202000000567;20;10;2020;08:55;1;60;60541;1;1;2;7;chemin pontois;49,2817130;2,6844250
512;202000000569;15;9;2020;08:00;2;60;60067;2;1;7;3;Rue de Crépy;49,2949960;2,8149870
513;202000000570;19;10;2020;16:00;1;10;10106;1;3;1;3;RD 951;48,4606570;3,4172200
514;202000000571;19;10;2020;11:20;1;10;10033;2;1;7;6;rue nationale;48,2347460;4,7045790
515;202000000572;19;10;2020;14:30;1;16;16207;1;2;1;3;Lieu dit La Bretaudière;45,8553860;0,0025710
516;202000000573;17;10;2020;18:50;3;988;98820;1;1;2;6;RPI2; -20,5556549;166,5703317
517;202000000574;19;10;2020;13:00;1;28;28293;1;2;1;3;Route Départementale N° 933;48,8585880;1,5030880
518;202000000575;16;10;2020;17:15;1;66;66226;1;1;1;2;215 Mas d'En Trilla;42,6124540;2,8624960
519;202000000576;20;10;2020;16:30;1;07;07177;1;1;6;7;D219;45,0131820;4,7840090
520;202000000577;19;10;2020;19:33;5;01;01249;2;1;1;3;648 Grande Rue;45,8223600;4,9491090
521;202000000578;20;10;2020;06:20;3;16;16234;1;1;2;6;Lieu dit La petite Broue;45,6762930; -0,0351890
522;202000000580;19;10;2020;17:35;1;62;62318;2;1;1;3;Avenue du Vieux Moulin;50,5195860;1,6505310
523;202000000581;20;10;2020;11:05;1;59;59212;2;3;1;6;Place Saint Vaast;50,6441030;2,7238050
524;202000000582;19;10;2020;15:15;1;13;13211;1;1;2;2;A50-Sens Marseille vers Aubagne;43,2938500;5,4719400
525;202000000583;19;10;2020;15:10;1;33;33487;1;1;1;5;AUTOROUTE A 10;44,9530250; -0,4586000
526;202000000584;18;10;2020;20:10;3;59;59195;1;1;1;2;AUTOROUTE A25;50,6289800;2,9581670
527;202000000585;15;10;2020;23:30;3;59;59507;1;1;1;6;AUTOROUTE A1;50,6084830;3,0941420
528;202000000586;19;10;2020;18:50;5;94;94021;1;1;1;6;AUTOROUTE A106;48,7618376;2,3448208
529;202000000587;19;10;2020;08:05;1;91;91521;1;1;1;2;AUTOROUTE A6;48,6365500;2,3992400
530;202000000588;19;10;2020;08:40;1;78;78233;1;1;1;2;A13;48,8813160;2,0160290
531;202000000589;18;10;2020;15:00;1;92;92047;1;1;1;4;A13;48,8344900;2,1706400
532;202000000591;19;10;2020;19:30;5;94;94073;1;1;1;3;A86 EXT;48,7606800;2,3827200
533;202000000592;19;10;2020;17:15;1;94;94017;1;1;1;4;A4;48,8274300;2,5251100
534;202000000593;17;10;2020;04:15;5;972;97213;1;1;1;6;AUTOROUTE A1;14,5977318; -60,9988403
535;202000000594;16;10;2020;21:00;3;972;97213;2;9;2;2;AUTOROUTE A1;14,6179767; -61,0326630
536;202000000595;16;10;2020;07:55;1;971;97105;1;9;1;2;GASTON FEUILLARD(AVENUE);15,9989500; -61,7210900
537;202000000596;17;10;2020;16:15;1;2A;2A004;2;3;1;2;NICOLI JEAN COURS;41,9337300;8,7441100
538;202000000597;18;10;2020;09:20;1;91;91657;2;1;1;3;HENRI BARBUSSE (AVENUE);48,7018700;2,4255100
539;202000000598;18;10;2020;19:30;3;91;91514;1;1;1;2;CD 33;48,6624700;2,5216600
540;202000000599;17;10;2020;16:30;1;79;79300;2;3;1;3;8 Rue de Villeneuve;47,0081470; -0,2102300
541;202000000600;17;10;2020;18:25;1;78;78238;2;5;1;3;CD 14;48,9635900;1,8625700
542;202000000601;16;10;2020;12:42;1;78;78005;1;1;1;3;RD 30;48,9519800;2,0599700
543;202000000602;7;10;2020;08:20;1;73;73065;2;6;1;7;D201 SAINTE ROSE (RUE);45,5662059;5,9343626
544;202000000603;18;10;2020;10:05;1;72;72181;2;1;1;6;EVENTAIL RUE DE L' N° PAIRS 198 ET >;48,0050800;0,2290500
545;202000000604;17;10;2020;13:10;1;44;44132;2;1;1;3;REPUBLIQUE (BOULEVARD DE LA);47,2598200; -2,3379900
546;202000000605;18;10;2020;21:48;5;35;35238;2;2;1;3;34 Rue de Redon;48,1052000; -1,6906000
547;202000000606;18;10;2020;22:15;5;33;33119;2;1;1;1;AVE CARNOT;44,8580600; -0,5308900
548;202000000607;26;8;2020;08:30;1;13;13069;1;6;1;3;RD572 / RD15;43,6262130;5,1505060
549;202000000608;25;8;2020;22:30;3;13;13051;1;6;1;2;D19;43,5939280;5,1073770
550;202000000609;18;8;2020;20:15;2;13;13044;1;1;1;1;D69;43,6179730;5,0335610
551;202000000610;26;8;2020;07:45;1;88;88430;1;1;1;2;A31;48,1902660;5,7649250
552;202000000611;23;8;2020;18:10;2;987;98745;1;1;1;3;PK 0+900 Ouest à PATIO; -16,6308330; -151,5040280
553;202000000612;26;8;2020;11:00;1;38;38343;1;1;1;2;A43;45,5764410;5,6372740
554;202000000614;26;8;2020;11:35;1;60;60505;1;1;1;1;Route de Montgresin;49,1507100;2,5403310
555;202000000615;25;8;2020;21:55;3;77;77327;1;1;1;6;D12;48,5457480;2,9957490
556;202000000616;17;8;2020;18:15;1;04;04148;1;1;1;7;RD 4085;43,7970570;6,6310640
557;202000000617;24;8;2020;18:10;1;25;25505;2;1;1;6;18 Route de Tressandans;47,4848490;6,3501650
558;202000000618;26;8;2020;13:30;1;68;68154;2;9;1;-1;70 Rue de Mulhouse;47,7700730;7,3471500
559;202000000619;25;8;2020;15:30;1;68;68185;1;1;1;1;Vieille Papeterie;48,2690120;7,2725740
560;202000000620;25;8;2020;10:45;1;68;68130;1;1;1;3;D468;47,9603480;7,5373560
561;202000000622;5;8;2020;08:05;1;38;38317;2;1;1;6;Cours Saint André;45,1319440;5,6999350
562;202000000623;13;8;2020;00:30;3;17;17019;2;1;1;1;Rue de Mouillebarbe;46,2100340; -1,5128250
563;202000000624;24;8;2020;10:30;1;40;40184;2;2;1;3;Rue Chambrelent;44,2070890; -1,2952760
564;202000000625;23;8;2020;16:45;1;49;49271;1;1;1;-1;D104;47,5388180; -0,7233170
565;202000000626;20;8;2020;12:05;1;29;29046;1;1;1;6;Route de Kerveoc h;48,0771970; -4,2864600
566;202000000627;26;8;2020;08:55;1;27;27447;1;1;1;7;départementale 830 - LE FRESNE;48,9663700;0,9800290
567;202000000628;25;8;2020;17:20;1;13;13001;1;1;1;4;A51-Sens Marseille vers Aix en Provence;43,5021420;5,4077640
568;202000000629;23;8;2020;00:36;3;69;69290;1;1;1;5;A43   ;45,6916200;4,9878200
569;202000000630;24;8;2020;19:05;1;69;69266;1;1;1;2;RD383   3.750 A 7.640;45,7589000;4,9093200
570;202000000631;25;8;2020;20:20;2;91;91174;1;1;1;3;RN 104;48,6219400;2,4637400
571;202000000632;25;8;2020;18:15;1;91;91521;1;1;1;3;RD 31;48,6366800;2,3996900
572;202000000635;25;8;2020;09:30;1;95;95582;1;1;2;4;RD 14;48,9667300;2,2737100
573;202000000636;24;8;2020;21:45;3;93;93066;1;1;1;6;AUTOROUTE A86;48,9227800;2,3478000
574;202000000637;24;8;2020;20:00;1;93;93008;1;1;1;3;AUTOROUTE A86;48,9070900;2,4558400
575;202000000638;19;1;2020;23:35;3;57;57751;1;1;1;5;Autoroute A31;49,1857610;6,1764620
576;202000000639;24;8;2020;10:49;1;973;97302;2;9;1;3;BADUEL (ROUTE DE);4,9278048; -52,2919393
577;202000000640;24;8;2020;09:01;1;973;97302;2;1;1;3;CABASSOU (ROUTE DE);4,8852605; -52,2993422
578;202000000641;24;8;2020;21:30;5;69;69388;2;1;1;1;MARIUS BERLIET                      (R );45,7377164;4,8680334
579;202000000642;24;8;2020;22:50;5;69;69388;2;2;1;3;FRANCIS DE PRESSENSE                (AV);45,7273200;4,8618600
580;202000000643;24;8;2020;12:10;1;69;69387;2;9;1;6;RENAN                               (R );45,7483100;4,8418900
581;202000000644;20;8;2020;18:30;1;69;69387;2;2;1;3;JEAN JAURES                         (AV);45,7481900;4,8436100
582;202000000645;24;8;2020;06:40;1;972;97209;2;1;1;7;PASTEUR (AVENUE);14,6114000; -61,0675000
583;202000000647;18;8;2020;20:10;2;69;69034;2;2;1;-1;CREPIEUX (DE)                       (CH);45,8010000;4,8552300
584;202000000648;4;8;2020;17:20;1;2A;2A004;2;2;1;3;PIETRI FRANCOIS RUE;41,9351074;8,7508464
585;202000000650;24;8;2020;18:15;1;91;91174;2;1;1;2;JEAN JAURES (BOULEVARD);48,6189300;2,4528800
586;202000000651;24;8;2020;08:25;1;83;83137;2;2;1;3;JUIN (AVE ALPHONSE);43,1202300;5,9478700
587;202000000653;20;8;2020;14:30;1;80;80021;2;1;1;3;EUROPE (AVENUE DE L');49,9116500;2,3025500
588;202000000654;24;8;2020;17:10;1;78;78498;2;1;1;6;CEP AVENUE DU;48,9280920;2,0424430
589;202000000655;22;8;2020;15:17;1;76;76351;2;3;1;6;GALIONS (DES);49,4862000;0,1103000
590;202000000656;21;8;2020;23:30;3;76;76351;1;1;1;6;RD 6382;49,5255555;0,1576666
591;202000000658;24;8;2020;15:05;1;76;76217;2;9;1;6;GAMBETTA (AVENUE);49,9194130;1,0738920
592;202000000659;23;8;2020;19:20;1;71;71486;1;1;1;2;RN 70 (ROUTE EXPRESS);46,6377492;4,3264836
593;202000000660;1;8;2020;17:30;1;69;69029;2;1;1;1;PIERRE MENDES FRANCE                (AV);45,7206800;4,9132800
594;202000000661;21;8;2020;22:10;5;67;67365;1;3;1;3;ETTORE BUGATTI (RUE);48,5435700;7,6973600
595;202000000662;23;8;2020;10:30;1;66;66136;2;1;1;6;PAYRA (PLACE JEAN);42,6982785;2,8891016
596;202000000663;22;8;2020;16:49;1;66;66136;2;1;1;-1;DESNOYE (BOULEVARD DR. JOSEPH);42,7143700;2,8870800
597;202000000664;21;8;2020;23:45;5;66;66136;2;2;1;3;PERVENCHES (AVENUE DES);42,7017500;2,9045700
598;202000000665;23;8;2020;22:30;5;64;64041;2;1;1;7;Rue Matachot;43,2802300; -0,3294500
599;202000000666;24;8;2020;22:40;5;62;62193;2;2;1;3;TOUMANIANTZ (AVENUE);50,9516661;1,8774444
600;202000000667;24;8;2020;13:55;1;60;60159;2;1;1;7;Avenue de Bury Saint-Edmunds;49,4018414;2,7975901
601;202000000668;24;8;2020;12:55;1;59;59426;2;1;1;1;TOURCOING (RUE DE);50,7463711;3,1573516
602;202000000670;23;8;2020;10:05;1;56;56121;2;1;1;3;DEGOUL (RUE  ANDRE );47,7395100; -3,3670600
603;202000000671;22;8;2020;18:55;1;56;56098;2;1;2;3;Avenue Kesler-Devillers;47,7673900; -3,3404300
604;202000000672;22;8;2020;19:40;1;54;54339;2;1;1;6;LION D'OR (RUE DU);48,7090950;6,1809909
605;202000000674;23;8;2020;18:10;5;49;49328;2;1;2;2;GUEDERIES (BOULEVARD DES);47,2390762; -0,0927481
606;202000000675;24;8;2020;07:45;1;45;45234;2;2;1;3;PERRAULT (RUE CHARLES);47,9209000;1,8958000
607;202000000676;24;8;2020;00:15;5;44;44184;2;1;1;2;Boulevard du Docteur René Laënnec;47,2709986; -2,2383785
608;202000000677;24;8;2020;23:00;5;37;37122;2;1;1;7;BOUIN (RUE JEAN);47,3429571;0,6590519
609;202000000678;23;8;2020;06:33;2;37;37214;2;1;1;7;CHANTERIE (RUE DE LA);47,4181757;0,6744292
610;202000000679;17;8;2020;17:40;1;36;36044;2;1;1;6;Rue du Préfet Dalphonse;46,7923253;1,6671807
611;202000000680;22;8;2020;01:00;3;35;35288;1;1;1;7;La Toutenais;48,6661461; -1,9579141
612;202000000681;24;8;2020;19:55;2;35;35238;2;1;1;6;GAYEULLES (SQUARE DES);48,1305600; -1,6528300
613;202000000683;24;8;2020;19:15;1;33;33522;2;2;1;3;RUE ALDONA;44,7989300; -0,5874500
614;202000000684;23;8;2020;04:30;5;31;31555;1;1;1;7;VA007333 LA FAOURETTE A620 Sortie 26;43,5752000;1,4086300
615;202000000685;22;8;2020;12:45;1;31;31555;2;3;1;3;AV ANTOINE DE ST EXUPERY;43,5843800;1,4687000
616;202000000686;23;8;2020;01:26;5;30;30189;2;1;1;3;AVIGNON (ROUTE);43,8417500;4,3770100
617;202000000687;23;8;2020;19:28;1;29;29039;2;9;8;3;Quai Carnot;47,8758910; -3,9142431
618;202000000689;23;8;2020;17:07;1;23;23096;2;1;1;6;CHARLES DE GAULLE (AVENUE);46,1721000;1,8738000
619;202000000690;15;8;2020;09:30;1;22;22215;1;1;1;1;POMMERAIE (RUE DE LA);48,4989600; -2,8197600
620;202000000691;23;8;2020;10:20;1;17;17306;2;2;1;-1;PONTAILLAC (DE) (AVENUE);45,6203200; -1,0353600
621;202000000692;24;8;2020;10:09;1;17;17200;2;1;1;7;ROSE AVENUE DU FIEF;46,1762980; -1,1670960
622;202000000693;24;8;2020;09:50;1;13;13212;2;1;1;2;POILUS (AVENUE DES);43,3133470;5,4635395
623;202000000694;24;8;2020;04:15;5;13;13205;2;2;1;1;FERRARI (RUE);43,2929700;5,3929000
624;202000000695;24;8;2020;22:30;5;13;13047;2;3;1;3;RAYMOND FILIPPI AVENUE;43,4933900;4,9805000
625;202000000696;24;8;2020;07:40;1;09;09225;2;1;1;1;ALSACE LORRAINE BOULEVARD;43,1189800;1,6129400
626;202000000697;24;8;2020;16:45;1;06;06088;2;1;1;3;CESSOLE (BD DE) (JUSQU'AU N° 93-110);43,7119000;7,2553000
627;202000000698;24;8;2020;16:30;1;06;06069;2;1;1;6;CHEVREFEUILLES (CHEMIN DES);43,6389600;6,9215100
628;202000000699;24;8;2020;16:55;1;06;06069;2;1;1;6;DUNANT (AVENUE HENRI);43,6505200;6,9214200
629;202000000700;24;8;2020;14:55;1;01;01451;1;1;1;4;PARIS (ROUTE DE);46,2266600;5,2049900
630;202000000701;24;8;2020;00:02;5;75;75119;2;1;1;4;BOULEVARD PERIPHERIQUE;48,9004290;2,3834660
631;202000000702;24;8;2020;19:30;1;75;75119;2;2;1;3;BOULEVARD MACDONALD;48,8987400;2,3711150
632;202000000703;24;8;2020;18:15;1;75;75119;2;1;1;1;BOULEVARD SERURIER;48,8785350;2,4025410
633;202000000704;24;8;2020;17:05;1;75;75119;2;2;8;7;AVENUE JEAN JAURES;48,8858720;2,3822610
634;202000000705;24;8;2020;09:30;1;75;75118;2;2;8;2;RUE CHRISTIANI;48,8855630;2,3495470
635;202000000706;23;8;2020;23:20;5;75;75116;2;3;1;3;AVENUE DU PRESIDENT KENNEDY;48,8579240;2,2879310
636;202000000708;23;8;2020;16:20;1;75;75115;2;2;1;3;RUE MADEMOISELLE;48,8436130;2,2957570
637;202000000709;23;8;2020;17:40;1;75;75114;2;1;1;6;AVENUE DU GENERAL LECLERC;48,8263290;2,3263000
638;202000000710;24;8;2020;17:55;1;75;75108;2;1;1;7;AVENUE MONTAIGNE;48,8673140;2,3068550
639;202000000711;24;8;2020;09:45;1;75;75115;2;2;1;6;AVENUE EMILE ZOLA;48,8464100;2,2831360
640;202000000712;24;8;2020;18:30;1;75;75101;2;7;1;1;RUE DE RIVOLI;48,8637250;2,3320440
641;202000000713;24;8;2020;18:40;1;94;94081;2;1;1;6;FRATERNITE (R DE LA);48,8009290;2,3856980
642;202000000714;24;8;2020;10:50;1;94;94068;2;1;1;6;JEAN JAURES (AV);48,7875000;2,4827000
643;202000000715;24;8;2020;19:30;1;94;94076;2;1;1;7;LEON MOUSSINAC (R);48,7840430;2,3574280
644;202000000716;24;8;2020;16:30;1;94;94016;2;1;1;3;CAMILLE DESMOULINS (R);48,7947000;2,3348000
645;202000000717;21;8;2020;05:40;5;94;94003;2;1;2;2;ARISTIDE BRIAND (AV);48,8106000;2,3268000
646;202000000719;24;8;2020;20:30;1;94;94017;2;1;1;7;REPUBLIQUE (AV DE LA);48,8223960;2,5105430
647;202000000720;24;8;2020;19:05;1;94;94017;2;1;1;7;MUSSELBURGH (R DE);48,8107530;2,5168090
648;202000000721;24;8;2020;17:40;1;94;94017;2;1;1;6;BOIS L ABBE (R DU);48,8103490;2,5420970
649;202000000722;24;8;2020;07:25;1;93;93070;2;1;1;3;VICTOR-HUGO (BD);48,9101300;2,3308000
650;202000000723;24;8;2020;19:20;1;93;93050;2;9;1;6;MARECHAL FOCH (AVENUE) COTE IMPAIR;48,8537909;2,5179545
651;202000000724;24;8;2020;00:20;5;93;93048;2;1;1;2;BD THEOPHILE SUEUR;48,8630000;2,4660000
652;202000000725;24;8;2020;21:30;5;93;93014;2;1;1;2;MAURICE AUDIN (ALLEE);48,9086434;2,5428509
653;202000000726;24;8;2020;09:25;1;93;93014;2;4;1;6;GAGNY (ALLEE DE);48,9013322;2,5471449
654;202000000727;23;8;2020;22:10;5;93;93047;2;3;1;3;AV DE CLICHY / R BERTHE MORISOT;48,9043800;2,5604100
655;202000000728;23;8;2020;23:00;5;93;93008;1;1;1;6;PARIS (RUE DE);48,8956500;2,4260900
656;202000000729;24;8;2020;20:40;1;93;93070;2;2;1;3;MICHELET (AVE) : DU 1 AU 103;48,9140598;2,3443123
657;202000000730;23;8;2020;17:20;1;92;92050;2;3;1;3;LENINE VLADIMIR ILITCH AVENUE;48,8878150;2,1968476
658;202000000731;23;8;2020;22:17;5;92;92012;2;1;1;7;CHATEAU (RUE DU) 1/125 - 2/136;48,8446074;2,2518291
659;202000000732;24;8;2020;22:05;5;92;92009;2;2;1;3;ADOLPHE GUYOT ( RUE );48,9193800;2,2763000
660;202000000733;8;8;2020;04:30;5;92;92009;2;1;1;6;VICTOR HUGO ( RUE );48,9184183;2,2696303
661;202000000735;25;8;2020;10:20;1;81;81168;1;1;1;-1;RD 905 La barraque;44,1265771;2,1729744
662;202000000737;24;8;2020;21:45;3;49;49092;2;9;1;7;Zone commerciale des Trois Routes;47,2362070; -0,7237860
663;202000000738;14;8;2020;18:10;1;23;23169;1;2;1;-1;36 Le Mery;46,1322000;1,9381160
664;202000000739;18;8;2020;12:45;1;67;67135;2;9;1;3;1 Rue Principale;48,8051610;7,5858610
665;202000000740;18;8;2020;23:10;3;35;35231;1;9;1;6;N137;47,8935210; -1,6871090
666;202000000741;25;8;2020;07:50;1;48;48099;1;1;1;6;A75;44,5695020;3,2512070
667;202000000742;24;8;2020;15:40;1;15;15207;1;1;1;2;A 75 - sens nord vers sud - PK 079.100;45,1612420;3,1496700
668;202000000743;24;8;2020;11:50;1;58;58187;1;9;1;3;A77;47,4378850;2,9412250
669;202000000744;25;8;2020;12:20;1;19;19192;2;1;1;1;20, avenue du fidèle;45,1255940;1,8973790
670;202000000746;25;8;2020;08:25;1;65;65439;2;1;1;6;D27;43,3174660; -0,0095380
671;202000000747;24;8;2020;17:50;1;33;33506;1;1;1;3;1 Lieu Dit Penic;44,6856900; -0,0449800
672;202000000749;25;8;2020;11:55;1;49;49261;1;1;1;6;D952;47,3069960; -0,1348460
673;202000000750;24;8;2020;14:05;1;44;44013;1;1;1;1;RD 773;47,4070920; -2,0940110
674;202000000751;24;8;2020;14:45;1;29;29221;2;3;1;1;Rue du Port;48,4829561; -4,7693606
675;202000000752;24;8;2020;20:00;2;54;54579;1;1;1;7;D89;48,9490550;6,0139520
676;202000000753;23;8;2020;11:15;1;83;83025;1;1;1;6;D34 route de BRAS;43,5231300;5,9788160
677;202000000754;25;8;2020;14:00;1;40;40118;1;1;1;-1;D3;43,5881310; -0,9210490
678;202000000755;24;8;2020;23:45;3;08;08222;1;1;1;7;Rue du Monument Prolongée;50,0076560;4,7138860
679;202000000756;25;8;2020;09:50;1;24;24035;1;1;1;7;D710;44,7608130;1,0136600
680;202000000757;25;8;2020;10:30;1;35;35275;1;1;1;4;RN 12;48,1600310; -1,8411110
681;202000000758;17;6;2020;09:40;1;74;74010;2;5;2;6;12 Avenue d'Aix-les-bains (Seynod);45,8923900;6,1107530
682;202000000759;23;8;2020;20:15;1;06;06085;2;3;1;3;Chemin des Argelas;43,5868750;7,0220110
683;202000000760;1;12;2020;19:25;5;93;93055;2;3;1;2;Avenue Edouard Vaillant;48,8969180;2,4002482
684;202000000761;30;12;2020;07:30;5;93;93055;2;1;2;3;JEAN LOLIVE (AVENUE)(1/55 2/60);48,8923962;2,4089190
685;202000000762;23;12;2020;15:04;1;93;93055;2;1;8;3;VICTOR HUGO (65/FIN . 62/FIN);48,8934500;2,4110800
686;202000000763;21;12;2020;19:25;5;93;93055;2;1;2;3;JEAN LOLIVE (AVENUE)(55/73.62/86);48,8913800;2,4039900
687;202000000764;20;12;2020;19:35;2;93;93055;2;6;1;3;JEAN LOLIVE (AVENUE)(137/FIN ET 134/FIN);48,8935500;2,4149300
688;202000000765;17;12;2020;17:25;2;93;93055;2;1;1;3;CARTIER BRESSON DU 41/93.46/100;48,9013125;2,4022089
689;202000000766;8;12;2020;11:12;1;93;93055;2;1;1;-1;EDOUARD VAILLANT DU 1 A FIN.;48,9002236;2,3955337
690;202000000767;5;12;2020;14:10;1;93;93055;2;1;1;3;PRE ST GERVAIS (DU) (29/53 . 28/54);48,8894800;2,4034000
691;202000000768;1;12;2020;10:20;1;93;93008;2;3;1;3;SEMARD (RUE PIERRE);48,9118417;2,4464420
692;202000000769;19;11;2020;14:39;1;93;93055;2;5;1;1;MEHUL (1/37. 2/24);48,8891511;2,4101446
693;202000000770;17;11;2020;18:01;5;93;93055;2;1;1;6;GENERAL LECLERC (AVENUE)(1/41 ET 2/76);48,8955081;2,4005275
694;202000000771;9;11;2020;11:30;1;93;93055;2;1;1;6;GABRIELLE JOSSERAND;48,9039100;2,3947000
695;202000000772;7;11;2020;18:30;4;93;93001;2;1;1;2;LUCIEN LEFRANC (QUAI);48,9109881;2,3738928
696;202000000773;6;11;2020;17:05;2;93;93055;2;6;1;3;JEAN LOLIVE (AVENUE)(137/FIN ET 134/FIN);48,8954189;2,4257724
697;202000000774;3;11;2020;11:50;1;93;93055;2;3;1;3;JEAN LOLIVE (AVENUE)(1/55 2/60);48,8904480;2,3987887
698;202000000776;3;11;2020;07:35;2;93;93055;2;3;1;3;Rue Rouget de Lisle;48,8898199;2,4100272
699;202000000777;29;10;2020;13:40;1;93;93055;2;1;2;-1;JEAN LOLIVE (AVENUE)(75/105.88/106);48,8919000;2,4072500
700;202000000778;28;10;2020;20:10;5;93;93055;2;3;1;2;JEAN LOLIVE (AVENUE)(137/FIN ET 134/FIN);48,8941020;2,4178927
701;202000000779;21;10;2020;17:40;1;93;93055;2;1;1;5;GENERAL LECLERC(AVE DU)89/FIN ET 122/FIN;48,9019500;2,4139600
702;202000000780;19;10;2020;19:20;2;93;93055;2;9;1;3;DELIZY (DU 23 A FIN ET DU 20 A FIN);48,8968280;2,4086297
703;202000000781;16;10;2020;15:20;1;93;93055;2;3;1;6;COURTOIS;48,8937500;2,4161900
704;202000000782;15;10;2020;12:35;1;93;93055;2;1;1;3;JEAN JAURES (AVENUE)(130 AU 172);48,9083600;2,3971824
705;202000000783;11;10;2020;15:00;1;93;93055;2;9;1;2;MAGENTA;48,9005400;2,3938900
706;202000000784;10;10;2020;09:15;1;93;93055;2;3;1;3;VICTOR HUGO (65/FIN . 62/FIN);48,8934482;2,4112119
707;202000000785;3;10;2020;22:10;5;93;93055;2;1;2;7;JEAN LOLIVE (AVENUE)(137/FIN ET 134/FIN);48,8952700;2,4246700
708;202000000786;1;10;2020;18:45;1;93;93055;2;1;1;3;GENERAL LECLERC(AVE DU)(43/87 ET 78/120);48,8970879;2,4036781
709;202000000787;30;9;2020;09:30;1;93;93055;2;1;8;6;SCANDICCI;48,8929491;2,3983564
710;202000000788;30;9;2020;09:28;1;93;93055;2;3;2;1;BERGES;48,8934587;2,4112285
711;202000000789;29;9;2020;02:50;3;93;93055;2;1;1;2;JEAN LOLIVE (AVENUE)(137/FIN ET 134/FIN);48,8949100;2,4222100
712;202000000791;24;9;2020;21:30;5;93;93055;2;1;2;6;JEAN LOLIVE (AVENUE)(137/FIN ET 134/FIN);48,8932789;2,4132270