;Num_Acc;jour;mois;an;hrmn;lum;dep;com;agg;int;atm;col;adr;lat;long
713;202000000792;19;9;2020;17:05;1;93;93055;2;3;8;1;LAVOISIER;48,8894213;2,4198114
714;202000000793;16;9;2020;18:55;2;93;93029;2;1;1;1;JUMELLE (AVENUE DE LA );48,9163986;2,4638343
715;202000000794;15;9;2020;11:05;1;93;93055;2;1;1;3;GENERAL LECLERC(AVE DU)(43/87 ET 78/120);48,9026543;2,4154928
716;202000000795;7;9;2020;00:00;5;93;93055;2;1;1;1;GABRIELLE JOSSERAND;48,9050569;2,3963145
717;202000000796;22;8;2020;00:55;3;93;93055;2;3;1;3;JEAN LOLIVE (AVENUE)(107/135 ET 108/132);48,8930797;2,4122546
718;202000000797;13;8;2020;19:02;1;93;93055;2;1;1;-1;GENERAL LECLERC(AVE DU)89/FIN ET 122/FIN;48,8967749;2,4029119
719;202000000799;7;7;2020;05:26;2;93;93008;2;1;1;6;ALLENDE (AVE DU P. SALVADOR);48,9014100;2,4431700
720;202000000800;27;6;2020;12:53;1;93;93055;2;1;1;2;AV DU GENERAL LECLERC;48,8979869;2,4054934
721;202000000801;9;7;2020;15:05;1;93;93055;2;1;1;4;DELIZY (DU 23 A FIN ET DU 20 A FIN);48,8963800;2,4090600
722;202000000802;26;6;2020;17:05;1;93;93055;2;1;7;2;CIMETIERE PARISIEN (AVENUE DU);48,9091229;2,3981551
723;202000000803;19;6;2020;19:15;1;93;93055;2;1;2;2;DIVISION LECLERC (AVE DE LA);48,9105800;2,4143868
724;202000000804;16;6;2020;08:15;1;93;93055;2;1;1;6;GENERAL LECLERC(AVE DU)(43/87 ET 78/120);48,8967840;2,4030074
725;202000000805;6;6;2020;13:00;1;93;93055;2;1;1;3;GENERAL LECLERC(AVE DU)89/FIN ET 122/FIN;48,9019720;2,4140322
726;202000000806;24;6;2020;11:24;1;93;93055;2;9;1;2;JEAN LOLIVE (AVENUE)(137/FIN ET 134/FIN);48,8934700;2,4145600
727;202000000807;26;5;2020;13:08;1;93;93008;2;3;1;6;STALINGRAD (RUE DE) A10;48,9156315;2,4262844
728;202000000808;19;5;2020;12:13;1;93;93055;2;1;1;3;JEAN JAURES (AVENUE)(130 AU 172);48,9070796;2,3957944
729;202000000809;18;5;2020;18:45;1;93;93055;2;3;7;3;JEAN LOLIVE (AVENUE)(75/105.88/106);48,8924900;2,4098200
730;202000000810;6;5;2020;23:10;5;93;93008;2;6;1;3;BARBUSSE (AVENUE HENRI) A30;48,9073500;2,4254000
731;202000000811;13;5;2020;15:00;1;93;93055;2;1;1;6;EDOUARD VAILLANT DU 64/130;48,9001065;2,3956618
732;202000000812;9;3;2020;08:30;1;93;93055;2;1;1;6;ERNEST RENAN;48,8945514;2,4185630
733;202000000813;5;3;2020;16:57;1;93;93055;2;1;3;6;GENERAL LECLERC (AVENUE)(1/41 ET 2/76);48,8960000;2,4020000
734;202000000814;20;3;2020;14:35;1;93;93055;2;6;1;3;JEAN LOLIVE (AVENUE)(137/FIN ET 134/FIN);48,8954900;2,4260600
735;202000000815;21;2;2020;08:50;1;93;93055;2;2;1;3;CECILE FAGUET;48,8902400;2,4210900
736;202000000816;8;2;2020;20:50;5;93;93055;2;1;1;2;JEAN LOLIVE (AVENUE)(1/55 2/60);48,8907034;2,4003144
737;202000000817;20;2;2020;18:19;1;93;93055;2;1;2;6;JEAN LOLIVE (AVENUE)(1/55 2/60);48,8934882;2,4144068
738;202000000818;23;1;2020;21:15;5;93;93008;2;1;1;2;VAILLANT COUTURIER (AVENUE PAUL);48,9098882;2,4441780
739;202000000820;4;3;2020;23:05;5;06;06029;2;1;1;1;Avenue du Docteur PICAUD;43,5504400;6,9900300
740;202000000821;12;8;2020;20:10;2;84;84007;2;3;1;3;PIERRE SEMARD (avenue);43,9367200;4,8265400
741;202000000822;2;12;2020;14:30;1;93;93008;2;7;1;6;NORMANDIE (RUE DE);48,9092077;2,4385893
742;202000000823;7;12;2020;11:00;1;93;93008;2;7;8;3;PLACE SAINT JUSTE;48,9060800;2,4696000
743;202000000824;31;12;2020;03:30;3;06;06088;1;1;2;6;autoroute A8, PK 191.800 chaussée nord, descente de Crémat;43,7104160;7,1996070
744;202000000825;12;9;2020;15:15;1;38;38395;2;7;1;1;Route des 3 Villages;45,3099340;5,8870040
745;202000000826;18;12;2020;20:17;3;57;57663;1;1;1;2;Autoroute A31;49,2345200;6,1799500
746;202000000827;2;7;2020;16:05;1;976;97611;1;1;1;6;m'tsapere-Nationale 2 (route); -12,7907200;45,2196400
747;202000000828;11;10;2020;10:30;1;85;85262;1;1;8;7;D17;47,0213600; -1,4898500
748;202000000829;3;1;2020;14:25;1;95;95280;2;2;1;6;SALENGRO ROGER ( BOULEVARD);49,0333100;2,4729300
749;202000000830;2;1;2020;13:50;1;35;35238;2;2;8;4;ARMORIQUE (BD D');48,1313330; -1,6733240
750;202000000831;24;9;2020;11:53;1;18;18279;2;1;1;6;GAILLARDIERE (CHEMIN DE LA);47,2243000;2,1096600
751;202000000832;10;9;2020;17:15;1;03;03133;2;1;1;6;Grande Rue;46,1647044;3,1900793
752;202000000833;21;10;2020;06:55;1;973;97302;2;1;1;3;MADELEINE (ROUTE DE LA);4,9259663; -52,3242760
753;202000000834;5;9;2020;10:30;1;973;97302;2;1;1;7;HEDER (place);4,9394185; -52,3348224
754;202000000835;16;2;2020;15:17;1;987;98724;1;1;1;7;MAROE; -16,7495720; -150,9979070
755;202000000836;11;12;2020;16:46;2;13;13051;1;1;2;4;D113;43,5648290;5,1575660
756;202000000838;18;2;2020;20:05;5;93;93027;2;7;1;6;SAINT-DENIS (RUE DE);48,9300757;2,3850193
757;202000000839;18;12;2020;17:45;5;84;84003;2;1;1;6;Quai de la Liberté;43,8771780;5,3947590
758;202000000840;10;12;2020;14:10;1;84;84086;1;1;1;7;Route de Menerbes;43,8511020;5,1470120
759;202000000842;15;8;2020;22:30;5;03;03190;1;1;1;7;Route de Montilly;46,5729719;3,3073960
760;202000000843;20;6;2020;03:15;3;88;88069;1;1;1;6;Bouxières-aux-Bois;48,2652370;6,3164930
761;202000000844;6;7;2020;02:40;5;93;93008;2;1;1;6;PUREE (RUE DE LA);48,9106600;2,4327100
762;202000000845;8;1;2020;16:32;1;13;13215;1;1;1;4;A7-Sens Lyon vers Marseille;43,3754530;5,3599300
763;202000000846;20;12;2020;20:55;3;972;97217;1;1;1;1;N5, petite Poterie;14,4505610; -60,8967230
764;202000000847;5;9;2020;18:21;2;973;97302;1;1;1;6;ZONE COLLERY I OU II;4,9066399; -52,3248339
765;202000000848;5;9;2020;16:50;1;973;97302;1;6;1;3;MARINGOUINS (ROND-POINT);4,9077302; -52,3225272
766;202000000849;15;6;2020;17:00;1;06;06030;2;1;1;6;AUBAREDE (CHEMIN DE L');43,5667000;7,0167000
767;202000000850;14;6;2020;05:20;5;93;93008;2;2;1;3;ROSTAND (PROMENADE JEAN);48,9086499;2,4542142
768;202000000851;18;11;2020;10:40;1;84;84137;2;3;1;6;Avenue du Général de Gaulle;44,2411250;5,0740050
769;202000000852;6;8;2020;08:55;1;38;38563;2;1;1;6;PATINIERE (AVENUE DE LA);45,3473900;5,5769000
770;202000000853;13;6;2020;05:30;2;93;93008;2;9;1;3;¨PLACE DE L'ESCADRILLE NORMANDIE NIEMEN;48,9128900;2,4368100
771;202000000854;30;8;2020;22:00;5;973;97302;2;9;1;7;MONTABO (ROUTE DE) 1;4,9411800; -52,3028600
772;202000000855;4;1;2020;06:28;2;973;97302;2;1;1;3;FLAMBOYANTS (RUE DES);4,9234008; -52,3202741
773;202000000856;15;12;2020;10:15;1;93;93079;2;1;2;3;SAINT LEU (ROUTE);48,9530200;2,3366100
774;202000000857;8;12;2020;19:40;5;93;93031;2;9;1;3;DE LATTRE DE TASSIGNY (1 A 51);48,9528700;2,3157500
775;202000000858;17;9;2020;17:32;1;61;61092;2;2;1;2;;48,7530610;0,7402950
776;202000000859;28;6;2020;09:00;1;85;85074;2;1;1;-1;;46,5249500; -1,2626200
777;202000000860;24;4;2020;13:15;1;85;85047;2;1;1;5;Route des Sables;46,8351700; -1,8737400
778;202000000861;25;12;2020;16:40;1;83;83129;2;1;1;6;BRUSC (CHE DU);43,0744132;5,8004352
779;202000000862;1;1;2020;05:00;5;93;93027;2;1;1;3;JAURES (AVENUE JEAN);48,9241530;2,4026234
780;202000000863;25;1;2020;01:02;3;91;91687;1;1;5;4;AUTOROUTE A6;48,6625800;2,3680000
781;202000000864;6;12;2020;05:31;3;13;13004;1;1;5;6;RTE NATIONALE PONT DE CRAU;43,6501500;4,6799800
782;202000000865;5;4;2020;17:40;1;93;93070;2;1;2;6;ROSIERS(DES) :N° 1 AU 59;48,9060100;2,3360500
783;202000000866;15;6;2020;07:15;1;988;98818;2;3;1;3;RUE PASTEUR/RUE EDOUARD UNGER; -22,2625600;166,4448500
784;202000000867;18;10;2020;19:50;3;42;42223;1;1;2;1;D15;45,4530280;4,3426520
785;202000000869;25;2;2020;01:45;5;75;75102;2;1;2;6;RUE MONTMARTRE;48,8712060;2,3429860
786;202000000870;11;8;2020;13:30;1;976;97611;2;1;1;6;vahibe-Vietnam (rue); -12,7299100;45,1774300
787;202000000872;29;6;2020;18:05;1;68;68315;1;9;1;2;D83;47,8878700;7,2552680
788;202000000873;30;12;2020;10:36;1;2A;2A004;2;1;2;3;Bd Louis Campi;41,9442900;8,7558400
789;202000000874;22;8;2020;11:00;1;976;97611;2;1;1;1;tsoundzou-SIM ( rue de la ); -12,8183500;45,1966800
790;202000000875;12;8;2020;14:00;1;976;97611;2;6;1;3;cavani-Rond point du Baobab; -12,7854100;45,2259400
791;202000000876;18;7;2020;09:00;1;976;97611;2;1;1;-1;passamanty-Rassini (ruelle); -12,8004300;45,2152000
792;202000000877;6;9;2020;17:25;1;976;97611;1;1;1;6;kaweni-SPPM ( rue de la ); -12,7716600;45,2228700
793;202000000878;17;2;2020;06:40;1;976;97611;2;3;1;3;passamanty-Rassini (ruelle); -12,8004000;45,2159000
794;202000000879;23;8;2020;06:56;1;976;97611;2;1;1;2;m'tsapere-M'tsapéré- M'tsangani ( rue ); -12,7876000;45,2250600
795;202000000880;13;7;2020;14:55;1;976;97611;2;1;1;6;kaweni-Poste ( rue de la ); -12,7722459;45,2224879
796;202000000881;27;7;2020;14:25;1;976;97611;2;1;1;3;kaweni-Mangrove ( rue de la ); -12,7758800;45,2268100
797;202000000882;9;2;2020;02:20;3;57;57306;1;1;1;3;Autoroute A30;49,3269361;6,0629758
798;202000000883;1;7;2020;00:05;5;75;75110;2;1;1;3;BOULEVARD DE STRASBOURG;48,8696440;2,3544300
799;202000000884;20;8;2020;16:25;1;84;84007;2;1;1;6;PLACE SAINT LAZARE;43,9510200;4,8195200
800;202000000885;11;12;2020;13:47;1;76;76329;1;1;2;5;D6015;49,5611500;0,4826700
801;202000000886;7;5;2020;23:14;3;91;91617;1;1;1;6;RN6 PROVINCE / RN104 INT;48,6315200;2,5159400
802;202000000887;1;1;2020;01:25;5;93;93046;2;6;8;3;TURGOT;48,9186846;2,5204487
803;202000000888;28;11;2020;16:55;5;75;75119;2;2;1;6;BOULEVARD DE LA VILLETTE;48,8843390;2,3668830
804;202000000889;28;12;2020;18:25;3;77;77508;1;1;3;2;D96;48,8237270;2,8348640
805;202000000890;26;2;2020;09:45;1;92;92062;2;1;1;4;DE DION BOUTON (QUAI) DU 29 AU 65;48,8827958;2,2479292
806;202000000893;9;12;2020;05:20;5;62;62193;2;6;2;3;LOUIS BLERIOT (AVENUE);50,9494180;1,8622520
807;202000000894;14;12;2020;22:00;5;62;62351;2;1;8;6;OUSSEKINE (R MALIK);50,4209671;2,9069245
808;202000000895;30;12;2020;19:10;3;62;62186;1;1;2;6;SCHWEITZER ( R DU DOCTEUR);50,4482779;2,7050440
809;202000000896;5;12;2020;16:10;1;62;62498;2;3;1;6;LANOY (R RENE);50,4311210;2,8331900
810;202000000897;7;10;2020;20:30;5;62;62624;2;1;1;6;REPUBLIQUE (AVE DE LA );50,4149100;2,9825700
811;202000000898;19;12;2020;13:30;1;74;74012;2;3;1;3;RESISTANCE (RUE DE LA);46,1962200;6,2568400
812;202000000899;15;12;2020;07:40;5;73;73008;2;6;2;6;D991 WILSON BOULEVARD;45,6897799;5,9094724
813;202000000900;2;12;2020;09:40;1;73;73008;2;8;8;6;PN 10 ROSELIERE CHEMIN DE LA;45,7090736;5,8921320
814;202000000901;24;6;2020;23:30;5;64;64102;2;1;1;7;PAMPELUNE (AVENUE DE);43,4885000; -1,4788000
815;202000000902;19;6;2020;23:30;5;64;64102;2;1;1;7;ALSACE LORRAINE (BOULEVARD);43,4914400; -1,4637800
816;202000000903;24;8;2020;09:30;1;92;92035;2;2;1;3;National ( boulevard );48,9085201;2,2371876
817;202000000904;12;4;2020;17:00;1;35;35288;1;1;1;7;La Grande Toutenais;48,6659220; -1,9580770
818;202000000905;24;12;2020;17:25;5;76;76351;2;2;1;3;DEMIDOFF (RUE);49,4976500;0,1361500
819;202000000906;21;12;2020;20:07;5;76;76351;2;1;1;1;BELLOT;49,4861800;0,1267500
820;202000000907;9;12;2020;18:00;5;76;76351;2;2;1;3;BOIS AU COQ (AVENUE);49,5128000;0,1255000
821;202000000908;5;12;2020;14:15;1;76;76351;2;1;1;6;HUIT MAI 1945 (AVENUE DU);49,5156700;0,1709200
822;202000000909;4;12;2020;17:30;5;76;76351;2;1;1;6;AUGUSTE RISPAL;49,4931000;0,1419000
823;202000000910;12;6;2020;20:40;5;971;97105;2;1;1;6;BD GERTY ARCHIMEDE;15,9907300; -61,7280800
824;202000000911;5;12;2020;07:15;2;83;83050;2;1;8;6;PIQUEMAL( PLACE);43,5394200;6,4595900
825;202000000912;28;12;2020;11:30;1;24;24037;2;1;2;6;PASTEUR (AVENUE);44,8583600;0,4928500
826;202000000913;13;11;2020;14:55;1;02;02691;2;2;1;3;NEUVILLE-ST-AMAND (RTE DE);49,8505640;3,2679310
827;202000000914;4;2;2020;13:13;1;17;17300;2;1;1;6;CHAUDRIER   RUE;46,1625600; -1,1524500
828;202000000915;1;12;2020;16:20;1;01;01014;2;6;2;3;CD 31;46,2751150;5,6604060
829;202000000916;1;12;2020;14:50;1;75;75120;2;3;1;2;RUE DES PYRENEES;48,8581180;2,4033760
830;202000000917;1;12;2020;19:30;5;75;75119;2;2;1;3;RUE MANIN;48,8832260;2,3878320
831;202000000918;1;12;2020;17:15;5;75;75119;2;1;8;7;BOULEVARD D ALGERIE;48,8821460;2,4005040
832;202000000919;1;12;2020;12:45;1;75;75119;2;3;1;6;BOULEVARD MACDONALD;48,8987740;2,3741030
833;202000000920;1;12;2020;06:55;5;75;75119;2;1;1;3;RUE CLAVEL;48,8745550;2,3850850
834;202000000921;30;11;2020;17:30;5;75;75118;2;4;1;3;RUE ORDENER;48,8908780;2,3532110
835;202000000922;1;12;2020;12:15;1;75;75115;2;4;1;3;BOULEVARD PASTEUR;48,8445450;2,3115530
836;202000000923;1;12;2020;13:30;1;75;75114;2;1;1;7;RUE PERNETY;48,8329560;2,3197290
837;202000000924;1;12;2020;11:56;1;75;75112;2;3;1;5;RUE DE PICPUS;48,8410930;2,3988870
838;202000000925;1;12;2020;08:00;1;75;75110;2;1;1;2;RUE DE DUNKERQUE;48,8796550;2,3565480
839;202000000926;1;12;2020;11:19;1;75;75107;2;2;1;3;AVENUE DU MARECHAL GALLIENI;48,8610440;2,3132520
840;202000000927;30;11;2020;19:00;5;94;94068;2;9;1;3;HENRI MARTIN (AV);48,7980600;2,4882800
841;202000000928;1;12;2020;09:45;1;94;94016;2;1;1;6;MARECHAL DE LATTRE DE TASSIGNY (AV DU);48,7876500;2,3325800
842;202000000929;1;12;2020;22:05;5;94;94022;2;1;1;6;VICTOR HUGO (AV);48,7706900;2,4271300
843;202000000930;1;12;2020;17:10;2;94;94022;2;3;1;7;MARECHAL DE LATTRE DE TASSIGNY (AV);48,7566500;2,4045700
844;202000000931;1;12;2020;13:25;1;94;94019;2;1;1;3;Rue des Bordes;48,7978000;2,5491500
845;202000000932;1;12;2020;07:20;5;94;94002;2;9;1;3;BLANQUI (QU);48,7982600;2,4202700
846;202000000933;1;12;2020;10:10;1;93;93073;2;1;1;3;Avenue du Valquiou;48,9806000;2,5313100
847;202000000934;1;12;2020;16:10;1;93;93070;2;1;1;6;BERTHOUD (RUE EUGENE);48,9057412;2,3465434
848;202000000935;30;11;2020;12:30;1;93;93070;2;9;1;3;GABRIEL-PERI (AV);48,9077949;2,3324589
849;202000000936;30;11;2020;22:45;5;93;93050;2;9;8;6;ANDRE GIDE (ALLEE);48,8562746;2,5179698
850;202000000937;1;12;2020;16:40;2;93;93048;2;3;2;3;MADELEINE (RUE);48,8729114;2,4592149
851;202000000938;1;12;2020;14:20;1;93;93048;2;3;1;3;DIDIER DAURAT (RUE);48,8704977;2,4532127
852;202000000939;30;11;2020;17:00;5;93;93029;2;1;1;6;HENRI BARBUSSE (AVE) N°126-280;48,9204204;2,4526739
853;202000000941;1;12;2020;08:05;2;92;92062;2;3;1;3;DE DION BOUTON (QUAI) DU 29 AU 65;48,8838854;2,2494953
854;202000000942;30;11;2020;16:25;1;92;92036;2;2;1;3;CABOEUFS (RUE DES) (52/132);48,9250960;2,3073920
855;202000000943;1;12;2020;08:00;2;92;92019;2;1;8;6;TURLURETS (RUE DES);48,7633619;2,2749330
856;202000000944;1;12;2020;18:25;5;92;92007;2;1;1;7;BRIAND (AVENUE ARISTIDE) N° 2 A 98;48,8014500;2,3237600
857;202000000945;1;12;2020;18:45;3;18;18259;1;1;1;6;RD926;47,4880790;2,7231770
858;202000000946;30;11;2020;17:15;2;59;59278;2;1;2;6;Rue du Général de Gaulle;50,6087365;2,9621791
859;202000000947;29;11;2020;20:15;3;34;34311;1;1;1;-1;A75 - PK: 316+000;43,4448040;3,4035400
860;202000000948;1;12;2020;09:25;1;87;87020;1;1;5;2;A20 PR169.100 sens CHATEAUROUX-LIMOGES;45,9432760;1,3086930
861;202000000949;1;12;2020;18:50;3;83;83096;1;1;1;1;Intersection rue de ste croix, DN 7;43,4675180;5,7872576
862;202000000950;1;12;2020;10:15;1;51;51267;1;1;2;1;D27;49,2531375;3,8742415
863;202000000952;2;12;2020;07:25;3;80;80222;1;1;1;1;d938;50,2569840;1,8721500
864;202000000953;1;12;2020;19:00;3;22;22245;1;1;1;1;D74;48,6367800; -3,3875120
865;202000000954;28;11;2020;10:45;1;25;25527;2;1;1;1;916 Chemin du Moulin de Bénusse;47,1885060;5,8543070
866;202000000955;1;12;2020;17:15;1;29;29260;2;1;1;6;Rue de Kerzouar;48,4266534; -4,6189401
867;202000000956;1;12;2020;18:15;3;31;31293;2;1;2;6;Route de la Plage;43,7075160;1,3811280
868;202000000958;2;12;2020;13:00;1;03;03246;1;1;2;6;;46,3535090;2,4571287
869;202000000959;2;12;2020;06:00;3;58;58304;1;1;2;6;D977 - PK 56;47,3829436;3,3799106
870;202000000960;1;12;2020;10:00;1;72;72138;2;1;1;7;Rue de l'Abbé Lelièvre;48,2847960;0,0231580
871;202000000961;27;11;2020;10:55;1;72;72373;2;1;1;6;11 Rue de la Rivière;48,0595260;0,7364310
872;202000000962;2;12;2020;07:20;2;40;40236;1;1;1;3;Départementale 58;43,6804660; -0,8735100
873;202000000963;1;12;2020;14:45;1;24;24087;1;1;1;1;Fongoumier;44,8898000;1,0994600
874;202000000964;2;12;2020;08:00;2;04;04091;1;3;1;2;RD 4096 / RD 30;43,9867180;5,9118780
875;202000000965;1;12;2020;14:50;1;19;19234;1;1;8;7;pk 199.800 A89;45,3047191;1,5843977
876;202000000966;2;12;2020;16:20;1;38;38329;1;1;1;3;Route Napoléon;44,8365480;5,8848950
877;202000000967;1;11;2020;18:30;3;06;06088;1;1;1;6;A8 pk 185+300 nord;43,6708300;7,2013930
878;202000000968;1;12;2020;18:45;3;77;77333;1;1;8;5;A6, PK 70+600, direction Paris;48,2868200;2,6916930
879;202000000969;2;12;2020;11:45;1;988;98825;1;2;7;3;Inersection avec la route de Crique Salé; -21,1311420;164,8896360
880;202000000970;28;11;2020;11:45;1;988;98817;1;1;1;1;RPS1; -22,2317650;166,5463350
881;202000000971;2;12;2020;09:30;1;974;97415;1;6;1;-1;N1a; -21,1086220;55,2553840
882;202000000972;2;12;2020;13:30;1;95;95554;1;1;1;4;D14;49,1630100;1,7644430
883;202000000973;27;11;2020;22:20;5;21;21138;2;2;1;6;RUE GRANDE;47,1817430;5,3041920
884;202000000974;28;11;2020;06:00;3;57;57511;1;3;5;6;D7;49,1781830;6,0738140
885;202000000975;2;12;2020;10:00;1;38;38542;1;1;1;5;Route de Moras;45,6908290;5,2392980
886;202000000976;2;12;2020;18:15;3;85;85119;1;1;8;1;D755;46,9719400; -1,1285490
887;202000000977;30;11;2020;19:45;3;49;49301;1;1;1;2;RN 249- SAINT GERMAIN SUR MOINE;47,1256660; -1,1144260
888;202000000978;30;11;2020;09:00;1;13;13203;1;1;1;3;A7-Sens Marseille vers Lyon;43,3073200;5,3755400
889;202000000979;30;11;2020;20:38;3;67;67471;1;1;2;2;Autoroute A4;48,6330100;7,7240200
890;202000000980;26;11;2020;16:30;1;67;67482;1;1;1;2;Autoroute A.351;48,5862523;7,7193917
891;202000000981;30;11;2020;07:05;3;33;33075;1;1;1;4;ROCADE A 630;44,8901400; -0,6125900
892;202000000982;29;11;2020;09:50;1;59;59646;1;1;5;2;ROUTE DEPARTEMENTALE 656;50,6733880;3,1176500
893;202000000983;24;11;2020;08:50;2;62;62634;1;1;1;6;AUTOROUTE A16;50,9320500;2,0264630
894;202000000984;1;12;2020;18:15;3;91;91689;1;1;1;2;AUTOROUTE A6;48,7281740;2,3140490
895;202000000985;1;12;2020;11:07;1;92;92002;1;1;1;5;AUTOROUTE A86;48,7611400;2,2952900
896;202000000987;1;12;2020;21:30;3;78;78140;1;1;8;2;A13;48,9607450;1,9305920
897;202000000988;1;12;2020;08:25;2;77;77122;1;1;1;-1;RN104;48,6508401;2,6116759
898;202000000989;30;11;2020;20:00;3;94;94069;1;1;1;6;A4;48,8171000;2,4422000
899;202000000990;23;9;2020;20:53;3;94;94078;2;1;2;6;NUNGESSER ET COLI (R);48,7510500;2,4497600
900;202000000991;24;6;2020;14:55;1;92;92009;2;1;1;6;GENERAL LECLERC ( RUE DU );48,9138360;2,2718030
901;202000000992;30;11;2020;17:20;5;75;75120;2;1;1;2;BOULEVARD PERIPHERIQUE;48,8739650;2,4112290
902;202000000993;30;11;2020;21:00;5;75;75120;2;4;1;3;RUE DES PYRENEES;48,8710210;2,3931350
903;202000000994;30;11;2020;16:55;1;75;75119;2;1;1;3;ROUTE DES PETITS PONTS;48,8917000;2,3984070
904;202000000995;30;11;2020;08:23;1;75;75119;2;3;1;6;AVENUE DE FLANDRE;48,8877730;2,3730250
905;202000000996;30;11;2020;09:05;1;75;75118;2;4;1;2;AVENUE DE LA PORTE DE LA CHAPELLE;48,8994910;2,3593860
906;202000000997;30;11;2020;17:50;5;75;75116;2;2;1;3;QUAI LOUIS BLERIOT;48,8507040;2,2779070
907;202000000998;30;11;2020;17:15;2;75;75116;2;7;1;3;PLACE DU TROCADERO ET DU 11 NOVEMBRE;48,8629840;2,2879010
908;202000000999;29;11;2020;17:10;3;75;75115;2;1;1;3;RUE DE LA CONVENTION;48,8389480;2,2926270
909;202000001001;30;11;2020;10:25;1;75;75113;2;4;1;3;BOULEVARD DE L HOPITAL;48,8356910;2,3586480
910;202000001002;30;11;2020;21:00;5;75;75112;2;1;1;4;ROUTE DE LA PYRAMIDE;48,8377330;2,4399690
911;202000001003;30;11;2020;05:45;5;75;75110;2;2;1;3;RUE LA FAYETTE;48,8825510;2,3702120
912;202000001004;30;11;2020;18:38;5;75;75108;2;1;1;3;RUE SAINT LAZARE;48,8754160;2,3254150
913;202000001005;29;11;2020;23:10;3;75;75102;2;3;1;3;BOULEVARD DE BONNE NOUVELLE;48,8701480;2,3504860
914;202000001006;30;11;2020;11:20;1;94;94003;2;1;1;2;ARISTIDE BRIAND (AV);48,8105700;2,3268300
915;202000001007;30;11;2020;10:05;1;94;94076;2;1;1;3;VERDUN (R DE);48,7900000;2,3500000
916;202000001008;30;11;2020;18:30;5;94;94041;2;1;1;3;HOCHE (R);48,8120600;2,3716700
917;202000001009;30;11;2020;10:58;1;94;94041;2;3;1;3;COLONEL FABIEN - PONT D'IVRY (BD DU);48,8145300;2,4071700
918;202000001010;30;11;2020;10:45;1;94;94021;2;9;1;6;GEORGES GUYNEMER (AV);48,7647200;2,3383000
919;202000001011;30;11;2020;11:35;1;93;93073;2;1;1;3;CHAPIT RE ( RUE DU);48,9834900;2,5412200
920;202000001012;30;11;2020;07:45;1;93;93072;2;1;1;6;STALINGRAD (AVENUE) DES N°2 AU N°100;48,9499661;2,3863748
921;202000001013;30;11;2020;13:50;1;93;93047;2;1;1;6;R DES JARDINS;48,8992657;2,5749103
922;202000001014;30;11;2020;08:25;1;93;93014;1;1;1;6;GAGNY (ALLEE DE);48,9025667;2,5475597
923;202000001016;30;11;2020;22:30;5;93;93007;2;1;2;-1;"""MEYERBEER (RUE """"COTE IMPAIRS"""")""";48,9378947;2,4638225
924;202000001017;30;11;2020;11:40;1;93;93001;2;1;1;6;FERRAGUS (RUE)  => 5/6;48,9140486;2,3811626
925;202000001018;30;11;2020;17:40;3;22;22304;1;1;8;7;kerpierres;48,5530490; -3,0205750
926;202000001019;1;12;2020;14:20;1;68;68112;2;2;8;2;D430;47,9035160;7,2221430
927;202000001020;1;12;2020;07:40;2;58;58227;2;1;1;1;La Chapelle;47,5346030;3,0370010
928;202000001021;30;11;2020;06:30;3;44;44129;1;1;8;7;N165 PK 49+000;47,4457150; -2,0868230
929;202000001022;30;11;2020;17:15;1;33;33290;2;2;1;1;Route de Libourne;44,9303010; -0,1335040
930;202000001023;30;11;2020;10:00;1;69;69248;1;1;2;7;D8 E, Lieud dit: Le pont Gauthier, Mardore;46,0628390;4,3311450
931;202000001024;28;11;2020;16:15;1;89;89419;2;1;1;2;32 Boulevard Pierre Larousse;47,7342250;3,2978100
932;202000001025;30;11;2020;20:07;3;55;55166;1;1;2;7;D34;49,0899720;5,3944160
933;202000001026;1;12;2020;07:00;2;25;25489;1;1;4;1;Route de Bolandoz;47,0101670;6,1367820
934;202000001027;29;11;2020;20:45;3;35;35133;1;2;1;3;Le Bruchet;48,1542030; -2,0138760
935;202000001028;1;12;2020;09:30;1;31;31135;2;2;1;-1;Rue du 4 Septembre;43,2054180;1,0852270
936;202000001029;30;11;2020;22:25;3;58;58250;1;1;1;6;Route de la Machine;46,8545710;3,4562950
937;202000001030;28;11;2020;10:20;1;72;72172;2;1;7;3;33 Rue des Vignes;48,0694380;0,5876180
938;202000001031;1;12;2020;07:15;3;14;14472;1;1;1;7;D39;48,9569960;0,0497390
939;202000001032;1;12;2020;09:00;2;50;50412;2;3;1;6;Rue de la Graye;49,3349600; -1,6948990
940;202000001033;1;12;2020;11:43;1;50;50410;1;1;1;2;Route nationale 175;48,5702110; -1,4647010
941;202000001034;1;12;2020;09:15;1;60;60497;1;1;1;7;RD 938, PK 18.350;49,4949880;2,3237800
942;202000001035;30;11;2020;15:50;2;36;36037;2;1;1;6;16 Rue de la Mairie;46,9411850;1,8018010
943;202000001036;30;11;2020;21:30;5;24;24352;2;9;1;6;Route de Perigueux;45,2525270;0,3488160
944;202000001037;30;11;2020;17:15;2;04;04079;2;1;1;6;Rue de la grande fontaine;44,0852110;6,0251050
945;202000001038;30;11;2020;11:50;2;28;28280;2;1;1;1;Rue Abbé Beulé;48,3216350;0,8181700
946;202000001039;30;11;2020;19:20;3;28;28324;1;1;1;3;D24;48,4849940;1,2892900
947;202000001041;30;11;2020;01:00;3;24;24035;1;1;1;6;Le Moulin de Lastours;44,7589690;1,0160850