;Num_Acc;jour;mois;an;hrmn;lum;dep;com;agg;int;atm;col;adr;lat;long
948;202000001042;25;11;2020;08:30;1;987;98738;1;1;3;-1;Route de Punavai Montagne; -17,6184160; -149,5708030
949;202000001043;30;11;2020;17:10;5;06;06088;1;1;1;3;A8 - PK 199+930 NORD;43,7335540;7,2833990
950;202000001044;1;12;2020;08:30;1;25;25320;1;1;4;7;D9;46,7784790;6,3065810
951;202000001045;28;11;2020;16:10;1;974;97422;2;3;1;1;Rue Jean de Fos du Rau; -21,2280590;55,5512130
952;202000001046;7;11;2020;18:00;3;972;97228;1;1;8;-1;Bon Air;14,7480430; -61,0043230
953;202000001047;30;11;2020;17:30;2;33;33085;1;3;1;1;Route de Creon;44,7693200; -0,4466200
954;202000001048;23;11;2020;19:25;3;84;84092;2;1;1;1;D28;43,9527220;4,8669810
955;202000001050;30;11;2020;08:30;2;89;89257;2;3;1;3;D377;47,9567840;3,5050520
956;202000001052;30;11;2020;08:00;1;44;44201;1;1;1;7;la marvilliere;47,3266720; -1,5371310
957;202000001053;28;11;2020;10:19;1;01;01224;2;1;1;6;Rue du Bugey;45,7747370;5,2065160
958;202000001054;1;12;2020;17:35;3;17;17395;1;1;1;4;N141;45,7254460; -0,5027320
959;202000001055;27;11;2020;14:38;1;17;17240;2;1;1;6;11 Rue du Bois des Granges;45,2888860; -0,4084250
960;202000001056;27;11;2020;08:40;1;33;33165;2;3;1;1;97 Avenue de l'Entre 2 Mers;44,8254560; -0,4376620
961;202000001057;10;11;2020;06:35;3;44;44073;1;2;2;3;Sainte Anne;47,4275170; -1,6022980
962;202000001059;1;12;2020;07:20;2;59;59471;1;1;2;1;Route d'Aulnoy cd 73;50,3191340;3,5672520
963;202000001060;30;11;2020;16:10;1;13;13005;1;1;1;6;A50-Sens Aubagne vers Marseille;43,2845300;5,5722800
964;202000001061;30;11;2020;10:00;1;13;13056;1;1;1;7;A55-Sens Martigues vers Marseille;43,3969405;5,0710702
965;202000001062;30;11;2020;07:40;3;33;33448;1;1;1;2;AUTOROUTE A 62;44,7003900; -0,5017200
966;202000001063;30;11;2020;12:25;1;91;91235;1;1;1;7;RN 104;48,6242000;2,3670000
967;202000001064;30;11;2020;07:55;3;91;91553;1;1;1;3;RN 104;48,6285000;2,4804000
968;202000001065;30;11;2020;06:25;3;91;91064;1;1;1;7;RN 118;48,7490000;2,1857000
969;202000001066;30;11;2020;17:40;5;92;92050;1;1;1;4;A86;48,9052190;2,2087560
970;202000001068;25;2;2020;13:50;1;50;50602;1;2;2;4;EST (BOULEVARD DE L');49,6351300; -1,5863800
971;202000001069;5;3;2020;05:52;3;49;49007;2;1;3;4;DUNANT BOULEVARD;47,4877200; -0,5410900
972;202000001070;5;3;2020;13:55;1;49;49267;2;1;3;7;MONTAIGNE AVENUE;47,4664100; -0,5159400
973;202000001071;2;3;2020;14:57;1;49;49007;2;1;1;7;GALLIENI BOULEVARD;47,4861700; -0,5298500
974;202000001072;6;3;2020;07:30;2;45;45234;2;6;7;3;Rue du Nécotin - Rue des Prateaux;47,9277000;1,9377300
975;202000001073;5;3;2020;13:05;1;44;44184;2;1;1;6;RD 92;47,2565040; -2,2582500
976;202000001074;5;3;2020;12:20;1;44;44184;1;2;2;3;D537;47,2814810; -2,2288160
977;202000001075;5;3;2020;20:40;5;38;38563;2;1;2;-1;Cours Senozan;45,3652900;5,5909400
978;202000001076;6;3;2020;16:25;1;37;37261;2;1;1;4;WAGNER (BOULEVARD RICHARD);47,3743879;0,7043285
979;202000001077;6;3;2020;16:29;1;35;35238;2;1;2;7;VILLEBOIS MAREUIL (BD);48,1099800; -1,6550700
980;202000001078;6;3;2020;07:55;1;35;35238;2;1;2;3;DONZELOT (AVENUE PIERRE);48,1233800; -1,6395800
981;202000001079;6;3;2020;05:20;5;35;35238;2;1;8;6;VERN (DE);48,0946500; -1,6497700
982;202000001080;6;3;2020;06:15;1;35;35238;2;1;1;3;RD 837;48,0922000; -1,6286200
983;202000001081;6;3;2020;01:45;5;35;35238;2;1;1;2;GUEHENNO (JEAN);48,1182300; -1,6709000
984;202000001082;8;1;2020;09:30;1;35;35238;2;2;2;6;7 rue VANEAU;48,1086159; -1,6929775
985;202000001083;4;3;2020;23:10;5;34;34172;2;5;1;2;DUBOUT (AVENUE ALBERT);43,5969500;3,8805700
986;202000001084;6;3;2020;09:50;1;33;33063;2;1;3;2;Rue de la Motte Picquet;44,8732900; -0,5606800
987;202000001085;6;3;2020;08:55;1;31;31555;1;1;2;5;VA007331 A620;43,5931400;1,3983100
988;202000001086;5;3;2020;16:00;1;31;31149;2;1;2;3;ALLEE DE BRESSE;43,6210400;1,3302300
989;202000001087;4;3;2020;14:45;1;31;31555;1;1;2;6;RD916;43,5579000;1,4946100
990;202000001088;6;3;2020;08:45;1;29;29051;1;1;2;6;Rue du Cimetiere;47,9953000; -4,0332800
991;202000001089;5;3;2020;17:10;1;29;29232;1;1;1;2;Route de Cuzon;48,0129700; -4,0760000
992;202000001090;6;3;2020;13:25;1;29;29019;2;3;1;5;Rue de Tréornou;48,4111502; -4,4996327
993;202000001091;5;3;2020;08:15;1;29;29019;2;6;1;5;Avenue Georges Pompidou;48,4138840; -4,4796002
994;202000001092;6;3;2020;11:30;1;27;27681;2;9;1;2;IVRY (ROUTE D');49,0794700;1,4754800
995;202000001094;5;3;2020;13:50;1;22;22278;2;1;1;7;BEAUVALLON (ALL. DE);48,5031000; -2,7542150
996;202000001095;6;3;2020;21:45;5;14;14118;1;1;1;2;DETOLLE (BOULEVARD ANDRE);49,1788750; -0,3888340
997;202000001098;6;3;2020;20:40;5;13;13215;2;1;1;3;VISTE (AVENUE DE LA);43,3590000;5,3577000
998;202000001099;6;3;2020;19:10;5;13;13207;2;1;1;1;Corniche John Fitzgérald Kennedy;43,2787930;5,3542420
999;202000001100;6;3;2020;17:45;1;13;13213;2;1;1;2;JEAN PAUL SARTRE (AVENUE);43,3145100;5,4070500
1000;202000001101;7;3;2020;01:44;5;10;10343;2;1;1;7;CANAL (RUE DU);48,2731500;4,0897900
1001;202000001102;6;3;2020;13:00;1;08;08105;2;9;1;6;Rue André Joseph;49,7379000;4,7096000
1002;202000001103;6;3;2020;06:15;5;06;06088;2;2;1;3;JOLY (CORNICHE ANDRE DE);43,7020000;7,2947000
1003;202000001104;6;3;2020;22:30;5;06;06083;2;9;1;3;SOLEIL (PROMENADE DU, N° 850 A 960);43,7715000;7,4966000
1004;202000001105;6;3;2020;20:00;5;75;75120;2;1;1;5;PORTE DE BAGNOLET;48,8651530;2,4132150
1005;202000001106;6;3;2020;15:15;1;75;75120;2;1;1;5;PORTE DES LILAS;48,8696430;2,4132670
1006;202000001107;6;3;2020;12:55;1;75;75120;2;1;8;-1;BD PERIPHERIQUE INTERIEUR;48,8617120;2,4136970
1007;202000001108;4;3;2020;18:15;3;75;75118;2;4;1;6;AVENUE DE SAINT OUEN;48,8904350;2,3265870
1008;202000001109;5;3;2020;20:45;5;75;75106;2;1;2;3;RUE DES SAINTS PERES;48,8540310;2,3301890
1009;202000001110;6;3;2020;16:35;1;75;75120;2;4;1;3;RUE DES PARTANTS;48,8651150;2,3918690
1010;202000001111;6;3;2020;14:18;1;75;75120;2;4;1;6;RUE DE BAGNOLET;48,8626930;2,4066700
1011;202000001112;5;3;2020;13:45;1;75;75120;2;1;8;3;RUE HAXO;48,8747390;2,4030730
1012;202000001113;6;3;2020;22:35;5;75;75119;2;1;1;3;AVENUE JEAN JAURES;48,8833960;2,3725750
1013;202000001114;6;3;2020;14:00;1;75;75118;2;4;1;5;AVENUE DE LA PORTE DE MONTMARTRE;48,8984620;2,3368640
1014;202000001116;5;3;2020;15:00;1;75;75116;2;1;1;3;RUE CHARDON LAGACHE;48,8444610;2,2661530
1015;202000001117;6;3;2020;20:50;5;75;75115;2;3;1;3;AVENUE DE SUFFREN;48,8505200;2,3020620
1016;202000001118;6;3;2020;20:15;5;75;75115;2;2;1;2;RUE LOUIS ARMAND;48,8334690;2,2762020
1017;202000001119;6;3;2020;14:20;1;75;75115;2;2;1;6;RUE DE LA CONVENTION;48,8372340;2,2964320
1018;202000001120;6;3;2020;12:50;1;75;75113;2;3;1;6;RUE DU JAVELOT;48,8268110;2,3650450
1019;202000001121;6;3;2020;12:58;1;75;75112;2;1;8;6;QUAI DE LA RAPEE;48,8440140;2,3693300
1020;202000001122;5;3;2020;19:00;5;75;75112;2;7;3;2;PLACE FELIX EBOUE;48,8393640;2,3958010
1021;202000001123;6;3;2020;12:00;1;75;75110;2;3;1;6;RUE DU FAUBOURG DU TEMPLE;48,8710320;2,3741250
1022;202000001125;6;3;2020;02:45;5;75;75109;2;3;1;-1;AVENUE TRUDAINE;48,8807230;2,3402564
1023;202000001126;6;3;2020;02:15;5;75;75110;2;2;2;-1;BOULEVARD DE STRASBOURG;48,8733370;2,3565290
1024;202000001127;6;3;2020;02:00;5;75;75107;2;3;2;2;QUAI D ORSAY;48,8623310;2,3074920
1025;202000001128;5;3;2020;16:00;1;75;75115;2;3;2;3;AVENUE DE SUFFREN;48,8539050;2,2966320
1026;202000001129;5;3;2020;20:15;5;75;75104;2;3;2;6;BOULEVARD HENRI IV;48,8515390;2,3636900
1027;202000001130;6;3;2020;12:25;1;75;75104;2;2;1;7;RUE DES DEUX PONTS;48,8518436;2,3565483
1028;202000001131;5;3;2020;09:25;1;94;94081;2;1;2;6;HENRI BARBUSSE (AV);48,7926700;2,3892400
1029;202000001132;26;2;2020;14:40;1;94;94081;2;1;1;6;CAMILLE GROULT (R);48,7891270;2,4008160
1030;202000001133;6;3;2020;16:05;1;94;94067;2;1;1;6;GENERAL DE GAULLE (AV DU);48,8372231;2,4171431
1031;202000001134;6;3;2020;20:55;5;94;94074;2;2;1;6;RU DE GIRONDE (AV DU);48,7420000;2,4663000
1032;202000001135;3;3;2020;11:35;1;94;94058;2;1;1;5;ALSACE LORRAINE (BD D);48,8500000;2,5000000
1033;202000001137;6;3;2020;12:00;1;94;94028;2;1;1;3;SEBASTIEN(VILLA);48,7891700;2,4653600
1034;202000001138;6;3;2020;08:00;1;94;94028;2;1;8;2;POINCARE.(RUE RAYMOND);48,7831500;2,4434700
1035;202000001140;6;3;2020;17:50;1;93;93066;2;1;1;3;FORT DE LA BRICHE;48,9453685;2,3427319
1036;202000001141;6;3;2020;20:10;5;93;93077;2;1;1;6;R DE NEUILLY;48,8776400;2,5219200
1037;202000001142;6;3;2020;17:25;1;93;93055;2;2;1;6;JEAN JAURES (AVENUE) (2/74);48,9035600;2,3921200
1038;202000001143;6;3;2020;10:15;1;93;93050;2;1;1;3;MARECHAL FOCH (AVENUE) COTE IMPAIR;48,8552293;2,5249887
1039;202000001144;5;3;2020;07:50;2;93;93079;2;1;2;6;ROGER SALENGRO;48,9628503;2,3441062
1040;202000001145;3;3;2020;15:40;1;93;93031;2;9;1;5;Route de Saint-Leu;48,9487785;2,3428120
1041;202000001146;6;3;2020;08:25;1;93;93029;2;1;1;6;R ARMAND CARREL;48,9229500;2,4217100
1042;202000001147;6;3;2020;19:00;5;93;93014;2;1;8;6;GAGNY (ALLEE DE);48,9059470;2,5490443
1043;202000001148;6;3;2020;20:30;5;93;93010;2;1;1;6;VAILLANT (RUE EDOUARD) 24 A 96;48,8955927;2,4880001
1044;202000001149;6;3;2020;16:30;1;92;92073;2;1;1;6;VERDUN (RUE DE);48,8754850;2,2315711
1045;202000001151;6;3;2020;00:05;5;92;92063;2;2;2;3;HUGO (AVENUE VICTOR);48,8868100;2,1744300
1046;202000001152;5;3;2020;15:00;1;92;92040;2;1;2;7;PONT D ISSY;48,8303010;2,2594170
1047;202000001153;5;3;2020;13:40;1;92;92040;2;9;1;-1;RODIN (BOULEVARD);48,8186500;2,2577700
1048;202000001154;6;3;2020;07:40;2;92;92036;2;3;1;-1;LOUIS ROCHE (AVENUE) (1/45);48,9224800;2,3230220
1049;202000001155;6;3;2020;10:05;1;92;92012;2;1;8;6;THIERS (RUE) 1/65;48,8374150;2,2480650
1050;202000001157;5;3;2020;17:00;1;92;92004;2;1;3;2;VOLTAIRE ( BD 16 A FIN );48,9170200;2,2875600
1051;202000001158;7;3;2020;02:20;3;10;10240;1;1;1;6;D660;48,2771530;3,9062390
1052;202000001159;6;3;2020;15:35;1;44;44051;1;1;2;7;D537;47,6917540; -1,6905530
1053;202000001160;6;3;2020;11:52;1;56;56199;1;1;1;2;Keranrous RD1;48,1395160; -3,6713650
1054;202000001161;3;3;2020;13:30;1;74;74256;2;2;1;3;7 Rue Saint Joseph;45,9372710;6,6271090
1055;202000001162;6;3;2020;15:20;1;65;65138;2;4;4;6;10 Avenue du Mamelon Vert;42,8883030; -0,1159950
1056;202000001163;6;3;2020;23:00;3;32;32305;1;1;2;6;D152;43,8227620; -0,0867530
1057;202000001164;6;3;2020;15:50;1;11;11261;1;1;6;5;D6113;43,1833530;2,6658900
1058;202000001165;6;3;2020;02:15;3;89;89481;1;1;2;2;D200;47,7825901;4,0379203
1059;202000001166;7;3;2020;10:30;1;63;63110;1;1;1;7;D80 - La Foret;45,8388321;2,6807147
1060;202000001167;6;3;2020;22:50;3;63;63040;1;1;2;1;D212;45,7240080;3,2904050
1061;202000001168;6;3;2020;18:15;1;39;39081;1;1;1;5;;46,8651660;5,7150230
1062;202000001169;6;3;2020;22:20;1;44;44079;1;1;2;6;;47,2194080; -1,3072440
1063;202000001170;5;3;2020;19:45;1;44;44127;1;3;2;3;ROUTE DE LA ROBERTIERE;47,0141980; -1,4402980
1064;202000001171;1;3;2020;23:40;3;29;29130;2;1;3;6;Route de Plouzané;48,3751240; -4,6432940
1065;202000001172;2;3;2020;23:10;3;13;13036;1;1;1;2;Route de Chateaurenard;43,8447180;4,8426210
1066;202000001173;6;3;2020;18:20;2;15;15221;1;1;3;1;RN 122- Route de Figeac;44,8808820;2,3323000
1067;202000001174;7;3;2020;08:30;1;06;06079;2;2;1;-1;Avenue de Cannes;43,5408510;6,9361360
1068;202000001175;7;3;2020;16:45;1;05;05046;1;1;1;5;Route nationale 94;44,5791730;6,5113950
1069;202000001177;6;3;2020;13:15;1;45;45053;1;3;8;3;D2007 - D50;47,6081200;2,7763090
1070;202000001178;2;3;2020;06:30;5;64;64443;1;1;6;6;Départementale 2;43,3576690; -0,5827690
1071;202000001179;6;3;2020;17:30;1;64;64259;1;1;4;6;CD 22;43,2985650; -1,2475920
1072;202000001180;29;2;2020;15:00;1;43;43212;1;3;2;3;D12;45,3534010;3,9780910
1073;202000001181;7;3;2020;03:30;3;16;16106;1;1;1;6;Ld Le Petit Negrat;46,0373503;0,6712218
1074;202000001182;7;2;2020;16:40;2;16;16016;2;3;1;3;Route d'Angoulême;45,9932130;0,6433760
1075;202000001183;20;2;2020;15:10;1;07;07304;2;1;1;7;Route de Barjac;44,3945840;4,3786740
1076;202000001184;7;3;2020;01:15;3;27;27638;1;1;1;6;Route de la Saussaye;49,2629460;0,9702090
1077;202000001185;6;3;2020;12:50;1;27;27284;2;1;1;1;D181;49,2697650;1,7861370
1078;202000001187;7;3;2020;13:30;1;28;28385;2;1;1;6;Rue le Blottier;48,4057310;1,1307390
1079;202000001188;6;3;2020;18:50;2;37;37167;2;2;1;1;D766;47,5466563;0,5470538
1080;202000001189;7;3;2020;01:00;3;30;30114;1;9;1;4;D6110;43,8369700;4,0981920
1081;202000001190;6;3;2020;21:30;3;30;30006;1;2;1;3;N113;43,6945040;4,1680290
1082;202000001192;6;3;2020;10:00;1;24;24194;2;9;1;3;Croisement D936 / D4;44,8370170;0,3328730
1083;202000001193;6;3;2020;17:35;1;31;31430;1;1;4;3;A64;43,1076880;0,6106640
1084;202000001194;7;3;2020;18:55;3;06;06085;1;1;1;1;Route de Vallauris;43,6009060;7,0347150
1085;202000001195;6;3;2020;18:25;3;33;33042;1;1;3;6;A 63 PK 043.355;44,4717600; -0,8239100
1086;202000001197;1;3;2020;19:00;3;60;60541;1;1;2;3;Autoroute A1;49,3044470;2,6857280
1087;202000001198;23;2;2020;08:00;2;78;78564;1;1;1;2;A10;48,5211080;1,9081140
1088;202000001199;7;3;2020;09:30;1;988;98822;1;1;1;1;Tribu d'INA/POINDIMIE; -20,9372600;165,3538700
1089;202000001200;7;3;2020;06:45;1;988;98831;1;1;1;7;ROUTE DE BOYEN; -20,8393110;164,6128540
1090;202000001201;6;3;2020;23:15;5;77;77382;2;1;1;7;232 Avenue du Marechal Foch - D436;48,9042050;2,8799150
1091;202000001202;6;3;2020;18:45;2;34;34162;1;1;1;1;D613;43,4786310;3,4621740
1092;202000001204;7;3;2020;12:50;1;83;83076;1;1;1;1;RD 95 PR 5+950;43,3538770;5,9134340
1093;202000001205;6;3;2020;17:55;2;25;25047;2;1;8;6;9 Avenue du General Leclerc;47,3518460;6,3564760
1094;202000001206;7;3;2020;05:55;5;71;71176;2;2;1;6;Avenue du General de Gaulle;46,4831519;3,9855122
1095;202000001208;7;3;2020;05:30;3;03;03076;1;1;8;6;;46,5809843;3,4437249
1096;202000001209;7;3;2020;12:55;1;74;74262;1;1;1;5;D903;46,1313150;6,3127610
1097;202000001210;5;3;2020;21:20;3;38;38545;2;1;2;1;Rue Gustave Guerre;45,0457600;5,6624200
1098;202000001212;7;3;2020;15:30;1;69;69094;2;6;1;2;5 Avenue Benoit Launay;45,7411380;4,6909890
1099;202000001213;6;3;2020;18:20;1;69;69288;2;1;2;3;10 Avenue Jean Moulin;45,6905710;5,0376340
1100;202000001214;6;3;2020;09:45;1;61;61433;1;1;1;7;D26;48,5342550;0,0571200
1101;202000001215;7;3;2020;02:00;3;50;50564;1;1;8;6;39 Rue du Mesnil;49,2616960; -1,2766300
1102;202000001216;6;3;2020;16:00;1;14;14762;2;3;1;3;La Papillonniere;48,8696480; -0,8687350
1103;202000001217;6;3;2020;17:40;1;27;27016;2;9;1;2;19 Côte d'Etrepagny;49,2506080;1,4363290
1104;202000001218;6;3;2020;21:15;3;80;80039;1;2;1;2;CD940;50,0878740;1,4519330
1105;202000001219;6;3;2020;08:10;1;13;13055;1;1;1;6;A507 sens Marseille - Aubagne;43,3097000;5,4218600
1106;202000001220;5;3;2020;20:50;3;13;13071;1;1;8;2;A7-Sens Marseille vers Lyon;43,4035800;5,3082400
1107;202000001222;6;3;2020;16:10;1;33;33096;1;1;3;2;AUTOROUTE A 10;44,8949600; -0,4978600
1108;202000001223;6;3;2020;10:20;1;33;33096;1;1;4;2;AUTOROUTE A10;44,8989500; -0,4950200
1109;202000001224;3;3;2020;08:50;1;59;59350;1;1;1;4;AUTOROUTE A25;50,6169600;3,0420250
1110;202000001225;6;3;2020;20:00;3;91;91161;1;1;1;2;AUTOROUTE A6;48,6967128;2,3160094
1111;202000001226;6;3;2020;07:13;2;91;91064;1;1;1;7;RN 118;48,7502000;2,2051500
1112;202000001227;6;3;2020;00:40;3;91;91645;1;1;2;6;RN 385 Extèrieure;48,7599300;2,2676900
1113;202000001228;26;2;2020;09:15;1;91;91339;1;1;1;4;RN 104;48,6254500;2,2625300
1114;202000001229;6;3;2020;09:35;1;92;92063;1;1;1;-1;A86;48,8900024;2,1701674
1115;202000001230;6;3;2020;08:50;1;92;92050;2;1;1;2;A14;48,9001056;2,2093889
1116;202000001231;6;3;2020;00:55;3;92;92064;1;1;2;2;A13;48,8466526;2,2236981
1117;202000001232;5;3;2020;19:10;5;78;78640;1;1;2;3;N118;48,7844000;2,2230040
1118;202000001233;5;3;2020;08:30;1;78;78402;1;1;2;2;A13;48,9651060;1,8031390
1119;202000001234;6;3;2020;16:00;1;95;95277;1;1;1;2;AUTOROUTE A1;48,9795100;2,4968200
1120;202000001235;6;3;2020;08:00;1;93;93007;1;1;1;5;AUTOROUTE A3;48,9180700;2,4783900
1121;202000001236;5;3;2020;16:00;1;95;95306;1;1;3;2;AUTOROUTE A15;48,9972300;2,1791500
1122;202000001238;5;3;2020;17:00;1;92;92036;1;1;2;6;AUTOROUTE A15;48,9436300;2,2877300
1123;202000001239;5;3;2020;14:15;1;95;95678;1;1;2;6;RN 104;49,0724700;2,2426700
1124;202000001240;4;3;2020;21:00;3;95;95277;1;1;2;6;AUTOROUTE A104;48,9731500;2,4853200
1125;202000001241;5;3;2020;07:40;1;93;93066;1;1;2;3;AUTOROUTE A1;48,9334600;2,3778000
1126;202000001242;4;3;2020;18:25;2;92;92036;1;1;2;3;AUTOROUTE A15;48,9466100;2,2826300
1127;202000001243;25;2;2020;12:30;1;93;93006;1;1;1;7;AUTOROUTE A3;48,8669000;2,4253000
1128;202000001244;24;2;2020;10:45;1;93;93010;1;1;1;2;AUTOROUTE A3;48,8889300;2,4737700
1129;202000001246;4;1;2020;18:25;5;76;76351;2;2;1;6;FELIX FAURE;49,4993500;0,0985700
1130;202000001248;6;3;2020;07:03;2;988;98818;2;3;7;6;RUE AUGUSTE BENEBIG/RUE FELIX BROCHE; -22,2690000;166,4607000
1131;202000001249;5;3;2020;13:50;1;988;98818;2;6;1;2;VE1/RUE BERTHELOT; -22,2604000;166,4446500
1132;202000001252;19;2;2020;14:50;1;69;69387;2;1;1;6;JEAN JAURES                         (AV);45,7504717;4,8450170
1133;202000001253;5;3;2020;05:10;5;69;69383;2;2;2;-1;RICHARD VITTON                      (CO);45,7538800;4,8875300
1134;202000001254;26;2;2020;13:00;1;69;69259;2;2;1;3;PROFESSEUR ROUX (DU)                (R );45,7182100;4,8593800
1135;202000001255;5;3;2020;13:55;1;91;91286;2;1;3;1;PLESSIS (CHEMIN DU);48,6508900;2,3870000
1136;202000001256;5;3;2020;20:20;5;91;91114;2;9;3;2;ROUTE NATIONALE 6;48,6821600;2,4916600
1137;202000001257;15;2;2020;18:45;2;89;89127;1;1;1;5;RD58;48,2360800;3,2517400
1138;202000001258;5;3;2020;21:00;5;83;83137;2;3;8;3;JUIN (AVE ALPHONSE);43,1209100;5,9442200
1139;202000001259;4;3;2020;21:00;5;80;80021;2;2;2;3;CAGNARD (RUE);49,9034500;2,2870300
1140;202000001260;4;3;2020;10:30;1;80;80021;2;1;1;3;ABBEVILLE (RUE D');49,9068200;2,2678600
1141;202000001261;4;3;2020;21:00;5;76;76212;2;1;3;6;LONGPAON. RUE DE;49,4423900;1,1467300
1142;202000001262;21;5;2020;19:50;1;80;80338;2;1;1;2;D1;49,8990750;2,4964340
1143;202000001263;21;5;2020;20:25;2;33;33011;2;1;1;6;RD3E19 _ 31 Boulevard de l'Aérium;44,7618260; -1,1325900
1144;202000001264;21;5;2020;14:46;1;11;11055;1;3;1;6;D14;42,8961080;2,3123270
1145;202000001265;21;5;2020;14:40;1;11;11021;1;1;1;7;départementale 117;42,8104630;2,2595510
1146;202000001266;21;5;2020;17:19;1;71;71065;2;4;1;3;Route des 3 Monts;46,4291666;4,5413922
1147;202000001267;21;5;2020;22:20;3;49;49368;1;3;1;6;Route des 3 Boudins;47,3852860;0,0154440
1148;202000001268;13;5;2020;21:45;3;46;46096;1;1;1;6;D48;44,7669220;1,9319200
1149;202000001269;21;5;2020;19:50;1;34;34150;1;1;1;3;Marseillan;43,3281120;3,5574460
1150;202000001270;19;5;2020;07:10;1;68;68042;2;1;1;3;Rue Jean Moulin;47,6051410;7,4941270
1151;202000001271;20;5;2020;12:00;1;68;68168;1;1;1;7;D21;47,5687370;7,4142270
1152;202000001274;22;5;2020;17:30;1;65;65398;2;1;1;6;Chemin de Sages;42,9589600;0,6328550
1153;202000001276;20;5;2020;20:15;2;31;31090;1;1;7;1;Lieu Dit la Trompette;43,7645687;1,0021064
1154;202000001277;19;5;2020;15:15;1;70;70343;2;1;1;7;Rue du Pont;47,7807650;6,1342820
1155;202000001278;22;5;2020;11:45;1;06;06079;1;1;1;3;D6207;43,5571830;6,9529890
1156;202000001279;21;5;2020;16:09;1;14;14456;1;9;1;3;D613;49,1221820; -0,1300460
1157;202000001280;22;5;2020;11:30;1;05;05004;1;1;1;7;Route de Saint-Leger (Pont);44,6317760;6,2054780
1158;202000001281;22;5;2020;01:50;3;50;50450;1;1;1;1;Le Pas;48,6884170; -0,9598900
1159;202000001282;21;5;2020;12:30;1;50;50582;1;1;1;6;Mont Huan;48,6967390; -0,8581080
1160;202000001283;21;5;2020;18:30;1;04;04208;1;1;1;7;RD 30;43,9953460;5,5281400
1161;202000001284;22;5;2020;10:00;1;85;85127;1;1;1;7;Longeville-sur-Mer;46,4342400; -1,5044900
1162;202000001285;21;5;2020;19:15;1;87;87154;1;2;7;3;Perissat les Essarts;45,9129480;0,8998810
1163;202000001289;21;5;2020;17:20;1;08;08463;2;1;1;3;25 Grande Rue;49,4830880;4,9931470
1164;202000001290;19;5;2020;17:00;1;974;97415;1;1;1;2;N1; -21,0209900;55,2338670
1165;202000001291;22;5;2020;12:00;1;91;91338;1;9;7;3;D988;48,6377250;2,0618450
1166;202000001292;21;5;2020;19:30;1;78;78564;1;1;1;7;D116;48,5192760;1,9449020
1167;202000001293;22;5;2020;13:35;1;13;13007;2;1;1;3;D560;43,3675440;5,6455990
1168;202000001294;22;5;2020;04:35;5;42;42094;2;2;1;6;Rue René Cassin;45,7443551;4,2309685
1169;202000001295;17;5;2020;17:00;1;26;26163;1;1;1;6;Route Léoncel ;44,8888520;5,1350570
1170;202000001296;21;5;2020;17:19;1;69;69270;1;1;1;3;Rue Louise Labbe;45,6464970;4,9275930
1171;202000001297;22;5;2020;16:45;1;81;81105;2;1;1;2;13 Avenue Rhin et Danube;43,7606840;1,9729900
1172;202000001298;21;5;2020;18:55;1;64;64510;2;3;1;1;22 Chemin de Bibé;43,5407250; -0,6832340
1173;202000001299;21;5;2020;17:15;1;85;85300;1;1;1;6; Route de Beaulieu;46,6898800; -1,5715600
1174;202000001300;20;5;2020;10:10;1;56;56176;1;1;1;7;24 Rue de Santenoz;47,6805660; -2,9353780
1175;202000001301;22;5;2020;11:15;1;60;60628;2;4;1;6;3 Rue Aime Besnard;49,4242810;2,1324050
1176;202000001302;20;5;2020;21:10;5;13;13202;1;1;1;2;A55-Sens Martigues vers Marseille;43,3071287;5,3659258
1177;202000001303;19;5;2020;17:44;1;69;69283;1;1;1;5;A46S   43.680 A 47.880;45,6721000;4,9412000
1178;202000001304;20;5;2020;22:30;4;91;91161;1;1;1;2;AUTOROUTE A6;48,7063800;2,3061800
1179;202000001305;21;5;2020;10:00;1;78;78545;1;1;1;7;A12 Y;48,8090040;2,0543550
1180;202000001306;21;5;2020;15:48;1;94;94073;1;1;1;6;A86 EXT;48,7571095;2,3838957
1181;202000001307;24;2;2020;09:33;1;72;72181;2;3;8;3;COEFFORT (RUE) N° IMP;47,9946700;0,2005600
1182;202000001308;11;3;2020;07:45;1;61;61001;2;2;1;3;STRASBOURG (BOULEVARD DE);48,4353050;0,0915830
1183;202000001309;20;5;2020;22:40;5;974;97409;2;1;2;6;Rue de Cambuston; -20,9324100;55,6462100
1184;202000001310;17;5;2020;12:05;1;974;97409;2;1;1;1;Ravine creuse (chemin); -20,9679400;55,6664600
1185;202000001311;20;5;2020;19:20;5;974;97407;2;1;1;7;VERGES(AVENUE); -20,9397900;55,3041900
1186;202000001312;20;5;2020;18:15;3;974;97407;1;6;1;3;SACRE COEUR (RD POINT) -RIV. DES GALETS ; -20,9560000;55,3112000
1187;202000001314;20;5;2020;11:20;1;69;69386;2;1;1;7;VENDOME                             (R );45,7690510;4,8449723
1188;202000001315;20;5;2020;08:15;1;69;69388;2;2;1;-1;MARIUS BERLIET                      (R );45,7390400;4,8665700
1189;202000001316;20;5;2020;14:56;1;972;97213;1;1;1;4;ROUTE NATIONALE 1;14,6253990; -60,9793220
1190;202000001317;20;5;2020;14:55;1;972;97209;2;1;2;1;TIVOLI (ROUTE DE );14,6413000; -61,0716800
1191;202000001318;20;5;2020;18:45;1;69;69386;2;2;1;1;DUQUESNE                            (R );45,7725100;4,8430400