;Num_Acc;jour;mois;an;hrmn;lum;dep;com;agg;int;atm;col;adr;lat;long
1192;202000001319;20;5;2020;15:00;1;69;69389;2;1;1;4;MARIETTON                           (R );45,7749300;4,8079800
1193;202000001320;20;5;2020;13:05;1;69;69389;2;2;1;6;PIERRE BAIZET                       (R );45,7880000;4,8089000
1194;202000001321;20;5;2020;12:30;1;69;69142;2;3;1;3;PIERRE SEMARD                       (QU);45,7246434;4,8170441
1195;202000001322;19;5;2020;10:20;1;91;91471;2;6;1;6;GUY MOQUET (RUE);48,7006100;2,1939300
1196;202000001323;20;5;2020;07:15;1;91;91691;2;3;1;3;GENERAL LECLER(RUE);48,7126900;2,4672600
1197;202000001324;19;5;2020;09:00;1;91;91457;2;3;1;3;ALLENDE SALVADOR (AVENUE);48,5911700;2,2579600
1198;202000001325;18;5;2020;08:30;1;91;91425;2;1;1;3;ORLEANS (ROUTE D');48,6445400;2,2700500
1199;202000001326;20;5;2020;14:15;1;90;90010;2;1;1;6;CLEMENCEAU (BOULEVARD);47,6409800;6,8591300
1200;202000001327;18;5;2020;15:15;1;89;89387;2;2;1;3;ARISTIDE BRIAND (BOULEVARD);48,2049711;3,2849317
1201;202000001328;14;5;2020;07:10;1;89;89387;2;1;1;1;BD DES NOYERS POMPONS ;48,2047400;3,3202000
1202;202000001329;19;5;2020;18:55;1;88;88209;2;2;1;4;DOMEVRE (RUE DE);48,1944000;6,4194000
1203;202000001330;20;5;2020;11:20;1;87;87085;2;1;1;3;CARNOT (BOULEVARD);45,8321400;1,2613800
1204;202000001331;12;5;2020;11:40;1;83;83129;2;3;1;6;ECOLES (BD DES);43,1143900;5,8113200
1205;202000001332;19;5;2020;12:30;1;82;82121;2;2;1;3;IRLANDE (RUE D');43,9866700;1,3337800
1206;202000001333;18;5;2020;16:45;1;82;82121;1;3;1;3;MOLIERES (ROUTE DE);44,0629169;1,3612328
1207;202000001334;19;5;2020;21:20;1;80;80021;2;1;1;6;PROVINCIALES (RUE LES);49,8758000;2,3192900
1208;202000001335;19;5;2020;14:25;1;80;80021;2;1;1;-1;ALEXANDRE DUMAS (RUE);49,8734200;2,2904500
1209;202000001336;19;5;2020;12:45;1;80;80021;2;1;1;6;FAUBOURG DE HEM (RUE DU);49,9033800;2,2748300
1210;202000001337;20;5;2020;20:30;1;77;77373;2;1;1;7;PARIS (RUE DE- RN 4 );48,7749430;2,6063780
1211;202000001338;19;5;2020;03:50;1;77;77258;2;2;1;3;GEORGES GERSHWIN (COURS);48,8363250;2,6453270
1212;202000001339;19;5;2020;15:35;1;76;76540;2;1;7;6;CAVELIER DE LA SALLE. QUAI (HAUT);49,4380700;1,0831600
1213;202000001340;16;5;2020;18:30;1;76;76681;2;2;1;6;SALVA. RUE LEON;49,4140200;1,0842100
1214;202000001341;19;5;2020;17:25;1;71;71306;2;2;1;3;Rue de Charolles;46,6594159;4,3591556
1215;202000001342;19;5;2020;18:10;1;71;71153;2;1;7;1;Route de Saint-Sernin;46,8144912;4,4295985
1216;202000001343;19;5;2020;15:55;1;71;71540;2;9;1;1;C152;46,7882147;4,4460672
1217;202000001344;20;5;2020;11:40;1;69;69266;2;1;1;6;JULES GRANDCLEMENT    (Place);45,7590900;4,8889900
1218;202000001345;19;5;2020;23:45;4;69;69271;1;1;1;1;LYON (DE)                               ;45,7417200;4,9452500
1219;202000001346;18;5;2020;20:44;1;69;69115;2;1;1;6;CHABERT (chemin du);45,9766477;4,7030255
1220;202000001347;20;5;2020;19:17;1;68;68224;2;1;1;3;CASTORS (RUE DES);47,7397200;7,2947900
1221;202000001348;19;5;2020;17:00;1;67;67482;2;1;1;2;BEULENWOERTH (CHEMIN DU);48,5975038;7,7907637
1222;202000001349;19;5;2020;13:55;1;67;67482;2;3;1;3;MITTELHAUSBERGEN (ROUTE DE);48,6023720;7,7084710
1223;202000001350;19;5;2020;20:20;1;66;66136;2;1;1;3;VARIETES;42,7028700;2,8933700
1224;202000001351;20;5;2020;13:08;1;64;64102;2;6;1;3;AMADE  (ROND POINT);43,5018900; -1,4787900
1225;202000001352;20;5;2020;12:58;1;64;64024;2;1;1;7;ADOUR (AVENUE DE L');43,5167600; -1,5012300
1226;202000001354;7;5;2020;10:40;1;62;62160;2;6;1;3;DAUNOU (Bld);50,7182042;1,6120237
1227;202000001355;20;5;2020;17:38;1;61;61397;2;6;1;3;LA BELLE CHARPENTE (RUE DE);48,4215800;0,0797800
1228;202000001357;17;5;2020;18:00;1;59;59378;2;9;1;3;MARNE AVENUE DE LA;50,6795560;3,1144026
1229;202000001358;19;5;2020;19:30;1;54;54395;2;3;1;3;FONTENOY (RUE DE);48,7058300;6,1734000
1230;202000001359;20;5;2020;13:55;1;50;50502;1;1;1;1;MONTS (lieu dit Les);49,1319960; -1,0671820
1231;202000001360;18;5;2020;14:20;1;50;50502;2;2;7;1;EXODE;49,1111000; -1,0901000
1232;202000001361;20;5;2020;09:40;1;50;50218;2;1;7;3;MATIGNON (AV DES);48,8379400; -1,5755000
1233;202000001362;19;5;2020;15:10;1;49;49328;2;1;1;3;ANGERS (ROUTE D') D 952;47,2700700; -0,0750900
1234;202000001363;20;5;2020;09:33;1;45;45147;2;3;1;3;Rue de Verdun - R J Guesde;47,9344500;1,9054700
1235;202000001364;20;5;2020;17:00;1;44;44109;2;1;1;3;Route de Sainte Luce;47,2409200; -1,5107800
1236;202000001365;20;5;2020;01:55;5;38;38185;2;1;1;1;Rue Albert Reynier;45,1646000;5,7104000
1237;202000001366;20;5;2020;19:10;1;37;37233;2;1;1;6;FARGES (AVENUE YVES);47,3861517;0,7529175
1238;202000001367;20;5;2020;17:45;1;37;37122;2;1;1;1;GITONNIERE (RUE DE LA);47,3378294;0,6588950
1239;202000001368;20;5;2020;13:45;1;37;37261;2;1;1;2;FOLLEREAU (RUE RAOUL);47,4251203;0,7015685
1240;202000001369;20;5;2020;07:30;1;37;37233;2;1;1;-1;DUCLOS (AVENUE JACQUES);47,3789438;0,7210638
1241;202000001370;19;5;2020;12:22;1;37;37214;2;1;1;2;DE GAULLE (BD CHARLES);47,4281781;0,6516978
1242;202000001371;19;5;2020;15:15;1;37;37122;2;9;1;-1;REPUBLIQUE (AVENUE DE LA);47,3541880;0,6639628
1243;202000001372;19;5;2020;16:25;1;37;37261;2;9;1;6;BERT (QUAI PAUL);47,4025831;0,7114184
1244;202000001373;20;5;2020;11:55;1;35;35238;2;3;1;3;MARBAUDAIS (DE LA);48,1265900; -1,6627700
1245;202000001374;16;5;2020;21:45;5;35;35238;2;1;1;6;FREVILLE (AVENUE HENRI);48,0910600; -1,6748800
1246;202000001375;20;5;2020;14:00;1;34;34172;2;1;1;1;GOSSEC (RUE FRANCOIS-JOSEPH);43,5750890;3,8587030
1247;202000001376;20;5;2020;18:45;1;33;33192;2;1;1;6;RUE DU BRANDIER;44,7827000; -0,5984000
1248;202000001377;20;5;2020;17:00;1;33;33013;2;1;1;3;121 AVE DE L'EGLISE ROMANE;44,8566600; -0,4910900
1249;202000001378;20;5;2020;10:20;1;33;33318;2;2;1;1;AVE DU DOCTEUR NANCEL PENARD / AVE ROGER COHE / AVE ROGER COHE;44,8091000; -0,6328400
1250;202000001379;20;5;2020;07:40;1;33;33162;1;1;1;3;AVE DU MEDOC;44,8929500; -0,6669000
1251;202000001380;7;5;2020;17:45;1;33;33063;2;3;1;1;RUE DES GENERAUX D/UCHE / RUE PIERRE TREBOD;44,8566100; -0,5827800
1252;202000001381;19;5;2020;20:05;1;31;31555;1;1;1;5;VA007495 A62;43,6491300;1,4343100
1253;202000001382;20;5;2020;13:10;1;30;30189;2;4;1;6;TEDENAT (RUE);43,8360300;4,3564300
1254;202000001383;20;5;2020;07:45;1;30;30007;2;1;1;6;QUINET (RUE EDGAR);44,1237350;4,0810350
1255;202000001384;20;5;2020;16:59;1;29;29039;1;1;7;6;D22 - Rue de Melgven;47,8764600; -3,8902100
1256;202000001385;20;5;2020;08:30;1;29;29019;2;1;1;3;104 Avenue de l'Ecole Navale;48,3801554; -4,5270558
1257;202000001386;20;5;2020;08:45;1;29;29019;2;1;1;2;Pont Robert Schumann ;48,3980009; -4,4917313
1258;202000001387;19;5;2020;14:30;1;22;22278;2;1;1;3;LUZEL;48,5059000; -2,7746000
1259;202000001388;20;5;2020;15:20;1;17;17200;2;1;1;7;ROSE AVENUE DU FIEF;46,1786700; -1,1675400
1260;202000001389;20;5;2020;11:40;1;17;17300;2;2;1;3;GRANDES VARENNES   AVENUE DES;46,1714200; -1,1769800
1261;202000001390;20;5;2020;13:55;1;15;15014;2;2;7;3;PAVATOU (BOULEVARD DU);44,9326300;2,4491800
1262;202000001391;20;5;2020;17:15;1;14;14699;1;2;7;5;CD 677;49,3511300;0,0929300
1263;202000001392;21;5;2020;00:30;5;13;13208;2;1;1;6;MENDES FRANCE (AVENUE);43,2577780;5,3761510
1264;202000001393;20;5;2020;19:20;2;12;12202;2;1;1;1;DOCTEUR LOUIS BONNEFOUS (AVENUE DU);44,3444100;2,5733900
1265;202000001394;19;5;2020;08:25;1;12;12202;2;4;1;6;TOULOUSE (AVENUE DE);44,3448600;2,5661200
1266;202000001395;18;5;2020;09:35;1;12;12202;2;1;1;6;CHARLES DE GAULLE (PLACE);44,3496300;2,5751100
1267;202000001396;15;5;2020;10:00;1;06;06029;2;1;1;6;BORDE (AVENUE DE LA)(BOCCA);43,5670200;6,9662000
1268;202000001397;20;5;2020;21:47;5;06;06004;2;1;1;3;VALLAURIS CH.DE;43,5764000;7,0974000
1269;202000001399;20;5;2020;18:40;1;75;75113;2;1;1;2;QUAI D IVRY;48,8230400;2,3812350
1270;202000001401;19;5;2020;23:37;5;75;75113;2;1;1;6;BOULEVARD PERIPHERIQUE INTERIEUR SUD;48,8174160;2,3546740
1271;202000001402;20;5;2020;20:00;1;75;75105;2;7;1;6;RUE CENSIER;48,8393990;2,3501730
1272;202000001403;20;5;2020;11:00;1;75;75105;2;2;1;6;RUE SAINT JACQUES;48,8495810;2,3449100
1273;202000001404;19;5;2020;22:45;5;75;75105;2;3;1;3;BOULEVARD DE PORT ROYAL;48,8392490;2,3383510
1274;202000001406;20;5;2020;18:35;1;75;75119;2;1;1;2;RUE DE CRIMEE;48,8774950;2,3918970
1275;202000001407;20;5;2020;16:45;1;75;75119;2;1;1;3;QUAI DE L OISE;48,8894960;2,3811310
1276;202000001408;20;5;2020;17:05;1;75;75119;2;1;1;6;BOULEVARD MACDONALD;48,8988720;2,3793240
1277;202000001409;20;5;2020;13:20;1;75;75118;2;1;1;6;RUE PHILIPPE DE GIRARD;48,8885160;2,3606270
1278;202000001410;20;5;2020;14:50;1;75;75117;2;2;1;3;PLACE DU BRESIL;48,8842550;2,3026880
1279;202000001411;19;5;2020;12:25;1;75;75116;2;7;1;5;PLACE DE LA PORTE MAILLOT;48,8771530;2,2832780
1280;202000001412;17;5;2020;13:45;1;75;75116;2;7;1;3;PLACE CHARLES DE GAULLE;48,8737330;2,2940710
1281;202000001414;20;9;2020;00:30;3;95;95582;1;1;1;2; A15;48,9669700;2,2547400
1282;202000001415;19;9;2020;19:20;2;95;95572;1;1;3;4;AUTOROUTE A15;49,0334200;2,1053300
1283;202000001416;20;9;2020;17:20;1;94;94028;1;1;1;3;A86 EXT;48,7916209;2,4409774
1284;202000001417;20;9;2020;14:55;1;77;77059;1;1;1;7;A104;48,8405776;2,6637615
1285;202000001418;20;9;2020;05:35;3;77;77468;1;1;1;7;A4.W;48,8324869;2,6630188
1286;202000001420;19;9;2020;06:30;3;77;77517;1;1;1;-1;A104.EXT;48,9031392;2,6475279
1287;202000001421;19;9;2020;16:00;1;974;97411;2;1;1;4;VINH-SAN (BLD 3 DU PRINCE); -20,8830000;55,4454000
1288;202000001422;19;9;2020;11:05;1;974;97416;1;9;1;3;ANCIENNE RN 1; -21,3250000;55,4463000
1289;202000001423;18;9;2020;20:20;5;69;69383;2;2;1;6;VENDOME                             (R );45,7602500;4,8466700
1290;202000001424;19;9;2020;14:40;1;971;97120;2;2;1;7;FAIDHERBE (BOULEVARD);16,2409800; -61,5352100
1291;202000001425;19;9;2020;17:45;1;91;91687;2;3;1;2;MARGOT (RUE);48,6716600;2,3719600
1292;202000001426;19;9;2020;22:10;5;91;91657;2;2;9;3;JULES VERNE (RUE);48,6971300;2,4408000
1293;202000001427;19;9;2020;14:00;1;83;83062;1;1;1;3;FABRI DE PEIRESC (AVENUE);43,1416400;6,0300000
1294;202000001428;18;9;2020;15:05;1;83;83129;2;1;1;6;DE GAULLE (PROMENADE CHARLES);43,1099000;5,8128100
1295;202000001429;11;9;2020;08:15;1;83;83129;2;9;1;3;STADE (RUE DU) N° IMPAIRS;43,0951750;5,8447600
1296;202000001430;18;9;2020;17:40;1;77;77215;1;1;1;-1;RN4 HORS AGGLOMERATION;48,7353300;2,7489900
1297;202000001432;18;9;2020;14:00;1;76;76540;2;1;1;2;LYONS. ROUTE DE (BRETELLE C);49,4368600;1,1271900
1298;202000001433;18;9;2020;11:35;1;74;74305;2;1;1;3;DEUX MONTAGNES AU QUEBEC (RUE);46,2056800;6,2804700
1299;202000001434;19;9;2020;22:00;5;69;69266;2;2;1;3;EDOUARD VAILLANT      (Rue);45,7752200;4,8802400
1300;202000001435;19;9;2020;21:10;5;69;69266;2;1;1;6;EMILE ZOLA     (Cours);45,7639087;4,9103341
1301;202000001436;18;9;2020;17:45;1;69;69290;2;2;1;3;JEAN JAURES                         (AV);45,6972300;4,9361100
1302;202000001437;19;9;2020;13:15;1;69;69256;2;1;1;6;JEAN JAURES                         (R );45,7869900;4,9315900
1303;202000001438;19;9;2020;13:55;1;64;64140;2;1;1;7;COTE DU MOULIN;43,5178100; -1,4648400
1304;202000001439;19;9;2020;17:05;1;59;59512;2;1;1;3;REPUBLIQUE (BOULEVARD DE LA);50,7022200;3,1608600
1305;202000001441;18;9;2020;17:05;1;51;51108;2;2;1;3;Rue Jean Jaurès;48,9542840;4,3508828
1306;202000001442;19;9;2020;12:50;1;44;44162;2;6;2;1;RUE DE SAINT NAZAIRE;47,2113200; -1,6173500
1307;202000001443;20;9;2020;00:20;5;38;38169;2;2;1;2;Avenue du Vercors;45,1924400;5,6984400
1308;202000001444;18;9;2020;18:38;1;33;33522;2;8;1;-1;CRS GAMBETTA / RUE ROGER SALENGRO;44,8156200; -0,5866400
1309;202000001445;17;9;2020;16:45;1;28;28085;2;3;1;2;MERMOZ (RUE JEAN);48,4503000;1,5092300
1310;202000001446;19;9;2020;16:30;1;17;17333;2;1;1;2;COTE DE BEAUTE (BOULEVARD);45,5975800; -0,9925600
1311;202000001447;18;9;2020;18:50;1;17;17306;2;1;1;3;TARTANE (DE LA);45,6190300; -1,0305700
1312;202000001448;18;9;2020;08:15;1;14;14715;2;1;1;3;FERNAND MOUREAUX (BOULEVARD);49,3648100;0,0824100
1313;202000001449;19;9;2020;20:20;5;13;13214;2;1;1;-1;ARNAVON (AVENUE);43,3300000;5,3820000
1314;202000001450;19;9;2020;12:10;1;13;13205;2;1;1;6;BRIFFAUT (RUE);43,2947150;5,3954620
1315;202000001451;18;9;2020;11:50;1;10;10387;2;1;1;2;PIERRE BROSSOLETTE AVENUE;48,2925640;4,0741280
1316;202000001452;19;9;2020;13:45;1;75;75119;2;1;1;4;BOULEVARD PERIPHERIQUE;48,9003340;2,3807850
1317;202000001453;19;9;2020;14:08;1;75;75117;2;1;1;3;BOULEVARD PERIPHERIQUE;48,9000500;2,3208840
1318;202000001455;18;9;2020;17:50;1;75;75105;2;2;1;3;RUE DES CARMES;48,8489040;2,3474710
1319;202000001456;19;9;2020;02:45;5;75;75120;2;7;1;3;PLACE DE LA PORTE DE MONTREUIL;48,8539120;2,4130030
1320;202000001457;19;9;2020;17:00;1;75;75119;2;4;1;7;AVENUE DE LA PORTE DE PANTIN;48,8897230;2,3966720
1321;202000001458;19;9;2020;19:55;5;75;75118;2;3;1;5;RUE ORDENER;48,8908700;2,3532600
1322;202000001459;19;9;2020;19:40;5;75;75117;2;2;3;7;RUE GUY MOQUET;48,8915110;2,3203290
1323;202000001460;19;9;2020;16:15;1;75;75116;2;1;1;3;AVENUE DE LA PORTE DE SAINT CLOUD;48,8385680;2,2526830
1324;202000001461;19;9;2020;02:35;5;75;75116;2;3;1;2;AVENUE DU PRESIDENT KENNEDY;48,8558260;2,2852470
1325;202000001462;19;9;2020;22:00;5;75;75113;2;1;1;2;AVENUE D ITALIE;48,8298910;2,3561210
1326;202000001463;19;9;2020;16:00;1;75;75111;2;1;1;6;AVENUE DU TRONE;48,8484400;2,3978140
1327;202000001464;19;9;2020;03:35;5;75;75107;2;7;1;6;PLACE JACQUES RUEFF;48,8557210;2,2976780
1328;202000001465;18;9;2020;12:20;1;75;75107;2;2;1;2;BOULEVARD SAINT GERMAIN;48,8556040;2,3268640
1329;202000001466;19;9;2020;18:15;1;94;94081;2;3;2;3;FUSILLES (R DES);48,7879200;2,4207500
1330;202000001467;18;9;2020;23:40;5;94;94080;2;1;1;2;MINIMES (AV DES);48,8416000;2,4298000
1331;202000001468;19;9;2020;15:30;1;94;94068;2;2;1;3;GUYNEMER (AV);48,7890801;2,4860622
1332;202000001470;19;9;2020;20:00;5;94;94016;2;1;3;6;CAMILLE DESMOULINS (R);48,7926900;2,3330400
1333;202000001471;19;9;2020;16:20;1;94;94076;2;2;1;5;KARL MARX (AV);48,7844200;2,3622100
1334;202000001472;19;9;2020;21:25;5;94;94041;2;2;2;7;PIERRE ET MARIE CURIE (R);48,8148240;2,3746400
1335;202000001473;18;9;2020;23:15;5;94;94041;2;3;1;1;GASTON PICARD (R);48,8105010;2,3759500
1336;202000001475;19;9;2020;17:10;1;94;94002;2;5;1;3;BLANQUI (QU);48,7982300;2,4204900
1337;202000001476;19;9;2020;04:15;5;93;93053;2;1;1;2;PARIS (RUE DE);48,9004000;2,4524000
1338;202000001477;19;9;2020;13:30;1;93;93051;2;9;1;7;MEDERIC (AVENUE);48,8292667;2,5663794
1339;202000001478;19;9;2020;19:45;1;93;93049;2;2;1;3;AV GEORGES CLEMENCEAU / R PAUL VAILLANT COUTURIER;48,8614900;2,5040000
1340;202000001479;18;9;2020;22:00;5;93;93049;2;5;1;3;GALLIENI (BOULEVARD);48,8524500;2,5118100
1341;202000001480;19;9;2020;18:00;1;93;93029;2;2;1;1;SADI CARNOT;48,9250951;2,4412935
1342;202000001481;19;9;2020;19:15;2;93;93027;2;1;3;3;VAILLANT-COUTURIER (AVENUE PAUL);48,9265300;2,4167500
1343;202000001482;19;9;2020;12:00;1;93;93008;2;2;1;3;R DE LA REPUBLIQUE / R DE LA DEVIATION;48,9066000;2,4333100
1344;202000001483;19;9;2020;18:10;1;93;93001;2;1;1;6;ANATOLE FRANCE  (BLD) IMPAIR;48,9186604;2,3824173
1345;202000001484;19;9;2020;20:25;5;92;92075;2;4;2;3;PASTEUR (AVENUE);48,8238580;2,2929930
1346;202000001485;19;9;2020;08:10;1;92;92050;2;3;1;3;VAILLANT COUTURIER PAUL RUE;48,8825300;2,2044400
1347;202000001486;19;9;2020;15:40;1;92;92036;2;1;1;7;LOUIS ROCHE (AVENUE) (47/151);48,9219610;2,3238930
1348;202000001487;19;9;2020;00:50;5;92;92036;2;2;1;7;LUCIEN LANTERNIER (AVENUE) (1/17);48,9331540;2,2941390
1349;202000001488;19;9;2020;11:48;1;92;92026;2;1;1;6;JEAN-PIERRE TIMBAUD;48,8982990;2,2529870
1350;202000001489;19;9;2020;23:00;5;92;92025;2;1;2;3;GABRIEL PERI (RUE);48,9198200;2,2423980
1351;202000001490;19;9;2020;03:00;5;92;92012;2;1;1;7;ANATOLE FRANCE (BOULEVARD) 5/FIN;48,8513676;2,2331429
1352;202000001491;20;9;2020;15:45;1;22;22274;1;1;1;2;rd 26 montmusson;48,3579933; -2,0067805
1353;202000001492;19;9;2020;16:30;1;51;51649;2;2;1;7;Rue du Pont;48,7265254;4,5834177
1354;202000001493;19;9;2020;18:30;1;95;95229;2;1;1;6;45 Grande Rue;49,0323690;2,3586090
1355;202000001495;17;9;2020;18:30;1;34;34243;1;1;1;2;D108;43,9175570;3,7806700
1356;202000001496;19;9;2020;13:20;1;18;18241;1;1;1;6;D923;47,3180540;2,8100110
1357;202000001497;20;9;2020;00:15;3;41;41046;1;1;5;6;A71;47,6052770;1,9714460
1358;202000001498;19;9;2020;17:50;1;86;86236;1;1;3;7;D5;46,6729960;0,8629390
1359;202000001499;18;9;2020;17:00;1;58;58086;2;1;1;3;Avenue du Marechal Leclerc;47,4194350;2,9289450
1360;202000001500;19;9;2020;17:15;1;974;97413;1;1;1;2;N1a; -21,2316890;55,2964870
1361;202000001501;19;9;2020;13:30;1;61;61264;1;1;1;7;A28;48,7249580;0,2616980
1362;202000001502;18;9;2020;16:30;1;57;57527;1;1;7;5;D955;49,0399780;6,2603620
1363;202000001503;19;9;2020;13:50;1;57;57617;2;3;1;3;Rue du Reverend Pere Vincent;48,9291360;6,2413390
1364;202000001504;20;9;2020;15:30;1;19;19019;1;1;1;3;D940;44,9870210;1,8236230
1365;202000001505;20;9;2020;02:00;3;2B;2B050;1;1;1;6;La Vigna;42,5533020;8,7897490
1366;202000001506;19;9;2020;23:40;5;80;80162;2;1;1;6;45 Rue Maurice Seigneurgens;49,8152360;2,6522430
1367;202000001507;19;9;2020;18:05;1;11;11371;1;1;1;7;D15;43,2920602;1,7968440
1368;202000001508;20;9;2020;06:00;3;71;71546;1;1;5;3;D987;46,3258495;4,5227290
1369;202000001509;19;9;2020;15:50;1;89;89431;1;1;1;6;D101;47,5584250;4,1700570
1370;202000001510;19;9;2020;19:40;2;63;63295;2;1;1;3;9 Allée du Mail;46,0192720;3,3566240
1371;202000001511;20;9;2020;16:45;1;76;76711;2;4;1;3;Avenue Charles Gounod;50,0583890;1,3763760
1372;202000001512;19;9;2020;16:00;1;76;76255;2;1;1;3;D1314;50,0389160;1,4234910
1373;202000001513;18;9;2020;22:50;3;55;55291;1;1;1;7;Chemin du Stade;48,6897850;5,3160100
1374;202000001514;20;9;2020;10:34;1;39;39561;1;1;1;6;;46,4120560;5,7271620
1375;202000001515;19;9;2020;00:40;5;25;25254;2;1;1;6;29 Grande Rue;46,8355210;6,4001320
1376;202000001516;19;9;2020;16:00;1;25;25197;2;1;1;6;Grande Rue;47,2960870;6,2041320
1377;202000001518;18;8;2020;23:50;3;29;29300;1;1;2;6;N165 - Lieu Dit Kergaor;47,8751738; -3,6156201
1378;202000001519;19;9;2020;21:45;3;29;29056;1;1;8;7;Lieu-dit Queff Du;48,4453870; -4,3004180
1379;202000001520;19;9;2020;12:20;1;02;02810;1;1;1;3;Chemin Rural de Coyolles;49,2532440;3,0679160
1380;202000001521;20;9;2020;08:30;1;03;03230;1;1;8;6;;46,1875319;3,5266824
1381;202000001522;19;9;2020;21:30;3;03;03245;1;1;1;7;18 Lieu Dit l'Ardiller;46,6654499;3,6378393
1382;202000001523;19;9;2020;20:05;2;70;70428;2;1;1;7;ZAC de l'Oasis;47,6455710;6,1406710
1383;202000001525;20;9;2020;10:15;1;72;72149;1;1;1;3;la frippière;48,0103390; -0,2259600
1384;202000001526;19;9;2020;17:00;1;14;14353;1;1;2;6;D8;49,0797118; -0,5562467
1385;202000001527;17;8;2020;19:12;1;64;64235;2;1;1;1;Route de Navarre;43,3419411; -1,0611406
1386;202000001528;20;9;2020;19:35;1;64;64155;1;1;1;6;RD 933;43,1744500; -1,1838630
1387;202000001529;20;9;2020;18:00;1;64;64495;1;1;1;1;D4;43,2973390; -1,5075300
1388;202000001530;19;9;2020;20:25;3;53;53036;1;2;1;3;Le Cotillon Rouge;47,9037320; -0,5345640
1389;202000001532;19;9;2020;18:30;1;04;04079;2;1;1;6;VC Route Napoléon;44,0829240;6,0215730
1390;202000001533;20;9;2020;06:00;4;85;85307;2;2;1;3;6 Rue Pasteur;46,3325900; -1,3194850
1391;202000001534;20;9;2020;07:05;2;52;52232;1;1;1;6;D2;48,2978250;4,9631700
1392;202000001535;19;9;2020;09:05;1;88;88442;1;1;1;7;voie communale ;48,0346540;6,7958380
1393;202000001536;20;9;2020;16:19;1;80;80131;1;1;1;6;A29;49,8590830;2,3967150
1394;202000001537;19;9;2020;13:53;1;49;49180;1;1;1;6;A85 pk 27.633;47,3989300; -0,1167300
1395;202000001538;18;9;2020;13:30;1;40;40261;1;1;1;2;A63;43,7215020; -1,2276420
1396;202000001539;19;9;2020;12:00;1;973;97309;2;1;1;1;Rue des Kikiwis;4,8838870; -52,2796710
1397;202000001541;20;9;2020;10:57;1;33;33284;1;1;1;3;A660;44,6310500; -0,9160500
1398;202000001542;20;9;2020;06:15;2;51;51211;1;1;1;7;A4;49,0772026;4,8295321
1399;202000001543;20;9;2020;17:15;1;83;83023;1;1;1;1;Chemin de Beouvese;43,4173460;6,0629300
1400;202000001544;20;9;2020;00:15;3;973;97305;1;1;1;5;N1;5,0696560; -52,5418140
1401;202000001545;20;9;2020;02:00;3;973;97305;1;1;1;5;N1;4,9234760; -52,3883380
1402;202000001546;11;9;2020;17:50;1;13;13088;1;1;1;6;d568;43,3668420;5,2346420
1403;202000001547;20;9;2020;10:45;1;77;77257;1;3;1;-1;D147;49,0438180;3,0209180
1404;202000001548;20;9;2020;13:45;1;66;66180;2;3;1;3;17 Avenue du Marechal Joffre;42,7728340;2,9848370
1405;202000001549;19;9;2020;20:30;3;34;34311;1;1;3;6;Route Nationale 9;43,4437900;3,3986590
1406;202000001550;19;9;2020;15:15;1;83;83138;1;1;8;3;D19;43,6173740;6,7009570
1407;202000001551;19;9;2020;18:30;1;06;06157;2;1;1;6;Route de Saint-jeannet;43,7363930;7,1257080
1408;202000001552;19;9;2020;16:25;1;13;13081;1;1;1;3;N Rd 113;43,5117250;5,2041510
1409;202000001553;20;9;2020;11:15;1;88;88078;1;3;1;6;Chemin des Sables;48,2224890;6,7183540
1410;202000001554;31;7;2020;17:00;1;73;73258;1;1;1;2;D1006;45,2236870;6,4507880
1411;202000001555;20;9;2020;01:40;3;26;26085;1;1;2;6;539 Chemin du Bros;44,5133240;4,7444310
1412;202000001556;20;9;2020;15:20;1;01;01255;2;2;1;3;Route de Flevieu;45,7944590;5,4618090
1413;202000001557;19;9;2020;23:20;3;69;69110;1;1;2;6;Lieu dit Choules;45,6242130;4,4971150
1414;202000001558;20;9;2020;17:00;1;60;60612;2;1;1;5;Cours Thore Montmorency;49,2087310;2,5861000
1415;202000001561;16;9;2020;11:15;1;57;57672;1;1;1;2;Autoroute A31;49,3482000;6,1645000
1416;202000001562;19;9;2020;19:35;1;91;91182;1;1;3;4;AUTOROUTE A6;48,6227000;2,4217000
1417;202000001563;18;9;2020;23:48;3;91;91136;1;1;1;2;AUTOROUTE A10;48,7171700;2,2638500
1418;202000001564;19;9;2020;20:45;4;92;92050;1;1;2;4;A86;48,9157716;2,2208185
1419;202000001565;19;9;2020;18:40;1;92;92036;1;1;2;7;A86;48,9385824;2,3027274
1420;202000001566;19;9;2020;02:22;4;92;92050;1;1;1;2;A86;48,8932900;2,1879900
1421;202000001567;19;9;2020;02:22;4;92;92050;1;1;1;6;A86;48,8932900;2,1879900
1422;202000001568;19;9;2020;02:05;5;78;78158;1;1;1;6;A13;48,8313100;2,1461000
1423;202000001569;18;9;2020;19:20;2;93;93010;1;1;1;-1;AUTOROUTE A3;48,9056700;2,4721400
1424;202000001570;19;9;2020;00:05;3;95;95061;1;1;1;6;RN 104;49,0682600;2,2533100
1425;202000001571;18;9;2020;19:20;1;95;95572;1;1;1;4; A15;49,0319900;2,1155600
1426;202000001572;18;9;2020;17:50;1;93;93053;1;1;1;4;AUTOROUTE A103;48,8838300;2,4693200
1427;202000001574;18;9;2020;21:00;5;75;75112;1;1;1;6;A4;48,8257000;2,4647400
1428;202000001575;19;7;2020;13:30;1;64;64102;2;3;1;3;BAB (Boulevard);43,4907100; -1,4831400
1429;202000001576;9;7;2020;14:45;1;13;13002;1;1;1;7;DES TERMES (ROUTE) RD 908;43,3682300;5,5026600
1430;202000001577;18;9;2020;09:30;1;974;97411;2;3;1;-1;BERTIN; -20,8879300;55,4534600