;Num_Acc;jour;mois;an;hrmn;lum;dep;com;agg;int;atm;col;adr;lat;long
1431;202000001578;16;9;2020;07:40;2;974;97411;2;1;1;6;BOUVET; -20,8870000;55,4830000
1432;202000001579;8;8;2020;20:14;5;973;97302;2;9;1;3;TIGRE (ROUTE DU);4,9182700; -52,3152208
1433;202000001580;18;9;2020;15:30;1;69;69388;2;2;1;3;AMBROISE PARE                       (BD);45,7373262;4,8842138
1434;202000001581;18;9;2020;14:25;1;69;69199;2;1;1;3;JEAN JAURES                         (AV);45,7129000;4,8551000
1435;202000001582;18;9;2020;13:45;1;69;69387;2;1;1;6;TONY GARNIER                        (AV);45,7265090;4,8292087
1436;202000001583;18;9;2020;13:58;1;69;69387;2;2;1;7;YVES FARGES                         (BD);45,7389415;4,8303968
1437;202000001584;18;9;2020;12:00;1;69;69388;2;1;1;3;EPARGNE (DE L')                     (R );45,7448500;4,8515500
1438;202000001586;18;9;2020;08:10;1;69;69384;2;1;1;2;PHILIPPE DE LASSALLE                (R );45,7836025;4,8208180
1439;202000001587;18;9;2020;05:10;5;69;69081;2;1;1;7;VALVERT                                 ;45,7716800;4,7878700
1440;202000001588;17;9;2020;11:15;1;69;69034;2;1;1;6;FRANCOIS PEISSEL                    (R );45,7965233;4,8425862
1441;202000001590;18;9;2020;11:30;1;91;91286;2;1;1;3;GUSTAVE EIFFEL (RUE);48,6700400;2,3955600
1442;202000001591;17;9;2020;18:17;1;87;87085;2;2;1;3;BEL AIR (BOULEVARD DE);45,8215000;1,2457000
1443;202000001592;16;9;2020;11:45;1;87;87048;1;1;1;7;NEXON (ROUTE DE);45,7802300;1,2218500
1444;202000001593;17;9;2020;10:43;1;87;87085;2;1;1;3;CURIE  (RUE PIERRE ET MARIE);45,8202400;1,2450400
1445;202000001594;12;9;2020;23:05;3;84;84087;2;1;1;6;JONQUIERES (ROUTE DE);44,1227000;4,8350000
1446;202000001595;17;9;2020;09:55;1;83;83050;1;1;1;3;RD 54;43,5226687;6,5252084
1447;202000001596;18;9;2020;13:39;1;81;81065;2;1;1;3;Chemin de Tournemire;43,6232268;2,2836610
1448;202000001597;17;9;2020;08:30;1;80;80021;2;1;1;2;POULAINVILLE (RUE DE);49,9333100;2,2788500
1449;202000001598;17;9;2020;22:05;5;80;80021;2;3;1;1;VULFRAN WARME (RUE);49,8888200;2,3069700
1450;202000001599;18;9;2020;19:30;1;78;78498;2;1;1;3;MALADRERIE AV DE LA;48,9196670;2,0293530
1451;202000001600;18;9;2020;18:55;1;77;77294;2;1;1;6;EVREUX (RUE D');48,9620910;2,5914100
1452;202000001601;18;9;2020;13:45;1;77;77468;2;1;1;6;LEON BLUM (RUE);48,8403400;2,6552700
1453;202000001602;18;9;2020;12:10;1;77;77269;1;2;1;3;D.408;48,5424800;2,7041100
1454;202000001603;18;9;2020;15:26;1;77;77237;1;3;1;1;GONDOIRE (COURS DE LA);48,8497500;2,7683830
1455;202000001604;18;9;2020;14:55;1;77;77186;1;1;1;6;RD 409 panneau ONF à LIBERATION;48,4157896;2,6249502
1456;202000001605;17;9;2020;15:55;1;77;77186;2;2;7;3;ANDRE MAGINOT (BOULEVARD);48,4067293;2,6884689
1457;202000001606;17;9;2020;14:10;1;76;76108;2;1;1;3;JUIN. AVENUE DU MARECHAL;49,4635400;1,1172000
1458;202000001609;16;9;2020;19:50;2;76;76366;2;3;1;7;SAINT JEAN. ROUTE DE;49,5101100;1,0315800
1459;202000001610;23;6;2020;20:20;1;45;45298;2;3;1;3;ROUTE DE SAINT MESMIN - Rue Hatton;47,8847380;1,8783320
1460;202000001611;23;6;2020;10:40;1;45;45234;2;2;1;1;Boulevard de Chateaudun - rue des murlins;47,9141193;1,8957877
1461;202000001612;13;3;2020;14:44;1;42;42218;2;1;1;1;Chemin Crx de l'Orme Béraudière;45,4090900;4,3782300
1462;202000001613;23;6;2020;10:45;1;35;35238;2;1;1;4;133 Rue de Lorient;48,1071000; -1,7196000
1463;202000001614;19;6;2020;17:00;1;34;34032;2;2;1;3;MISTRAL FREDERIC (BD);43,3449000;3,2199600
1464;202000001615;23;6;2020;13:30;1;33;33069;2;3;1;1;RUE COUDOL / AVE DE TIVOLI;44,8665946; -0,5958238
1465;202000001617;23;6;2020;13:33;1;32;32013;2;1;1;7;BATAILLE (CHEMIN DE);43,6626000;0,5888000
1466;202000001618;23;6;2020;12:00;1;31;31555;1;4;1;3;VA007495 A62;43,6529500;1,4292900
1467;202000001619;23;6;2020;08:08;1;31;31555;1;9;1;4;30 PONTS JUMEAUX  (PERIPH OUEST A620);43,6063000;1,4061000
1468;202000001620;20;6;2020;00:30;5;31;31555;2;3;1;3;AV JEAN CHAUBET;43,6043000;1,4743300
1469;202000001622;23;6;2020;08:00;1;28;28085;1;3;1;3;FRESNAY (RUE DE);48,4630900;1,4727500
1470;202000001623;18;6;2020;19:00;1;27;27229;2;1;1;6;FER A CHEVAL (RUE DU);49,0291300;1,1690300
1471;202000001624;22;6;2020;05:20;5;24;24322;2;2;1;3;SAUMANDE (BOULEVARD GEORGES);45,1837000;0,7244400
1472;202000001625;22;6;2020;10:38;1;23;23096;2;2;1;3;BERRY (AVENUE DU);46,1756000;1,8745000
1473;202000001626;20;6;2020;11:41;1;21;21166;2;3;1;3;92 Rue Maxime Guillot;47,2995300;5,0156500
1474;202000001627;23;6;2020;11:25;1;17;17028;2;1;1;3;SALENGRO   AVENUE ROGER;46,1394900; -1,1315400
1475;202000001628;23;6;2020;19:05;1;13;13211;2;1;1;3;MIREILLE LAUZE (Bd);43,2870000;5,4333000
1476;202000001629;23;6;2020;16:20;1;13;13206;2;2;1;3;EDOUARD PONS (RUE);43,2886400;5,3884100
1477;202000001630;23;6;2020;09:30;1;13;13213;2;1;1;6;CHATEAU GOMBERT CHEMIN;43,3451040;5,4237160
1478;202000001631;19;6;2020;11:00;1;13;13212;2;1;1;3;SAINT PIERRE (RUE);43,2915380;5,4160890
1479;202000001632;23;6;2020;09:20;1;13;13209;2;3;1;6;LALI (RUE);43,2460920;5,4040440
1480;202000001633;22;6;2020;06:30;1;13;13210;2;1;1;7;RABATAU (BOULEVARD);43,2763260;5,3973100
1481;202000001634;23;6;2020;22:40;3;13;13047;1;1;1;3;FOS (ROUTE DE) - RN 569;43,4897000;4,9665000
1482;202000001635;22;6;2020;18:35;1;06;06069;2;1;1;6;POUOST (RUE DE LA);43,6590600;6,9251700
1483;202000001637;23;6;2020;09:30;1;75;75119;2;1;1;3;BOULEVARD PERIPHERIQUE;48,8972130;2,3943540
1484;202000001638;23;6;2020;14:30;1;75;75113;2;3;1;6;AVENUE DE LA PORTE D IVRY;48,8210140;2,3703360
1485;202000001639;23;6;2020;11:54;1;75;75120;2;2;1;2;AVENUE IBSEN;48,8655190;2,4117080
1486;202000001640;23;6;2020;11:45;1;75;75120;2;1;1;3;RUE REYNALDO HAHN;48,8502660;2,4120930
1487;202000001641;23;6;2020;06:40;1;75;75120;2;7;1;7;PLACE GAMBETTA;48,8647580;2,3983360
1488;202000001642;23;6;2020;16:00;1;75;75118;2;4;1;3;BOULEVARD NEY;48,8976770;2,3345890
1489;202000001643;23;6;2020;11:30;1;75;75118;2;5;1;3;BOULEVARD NEY;48,8975450;2,3289600
1490;202000001644;23;6;2020;11:10;1;75;75116;2;4;1;3;BOULEVARD SUCHET;48,8620170;2,2677670
1491;202000001645;22;6;2020;08:00;1;75;75116;2;2;1;6;ROUTE DE SURESNES;48,8650460;2,2344530
1492;202000001646;23;6;2020;15:05;1;75;75115;2;2;1;3;RUE BRANCION;48,8321270;2,3029810
1493;202000001647;23;6;2020;08:20;1;75;75115;2;7;1;2;PLACE DES INSURGES DE VARSOVIE;48,8277770;2,2924260
1494;202000001648;22;6;2020;18:48;1;75;75115;2;2;1;3;RUE DE L ARRIVEE;48,8441840;2,3229010
1495;202000001649;22;6;2020;19:45;2;75;75115;2;2;1;3;QUAI DE GRENELLE;48,8544180;2,2886720
1496;202000001650;23;6;2020;14:25;1;75;75113;2;2;1;6;AVENUE D ITALIE;48,8261860;2,3572600
1497;202000001652;23;6;2020;20:20;1;75;75111;2;2;1;3;AVENUE DE LA REPUBLIQUE;48,8663430;2,3688530
1498;202000001653;23;6;2020;11:15;1;75;75111;2;1;1;6;BOULEVARD DE CHARONNE;48,8571750;2,3929510
1499;202000001654;23;6;2020;15:25;1;75;75110;2;5;7;3;BOULEVARD DE MAGENTA;48,8747930;2,3574310
1500;202000001655;22;6;2020;10:15;1;75;75104;2;2;1;3;QUAI DU MARCHE NEUF;48,8543440;2,3449120
1501;202000001656;23;6;2020;21:30;1;75;75108;2;2;1;3;RUE LA BOETIE;48,8736920;2,3144690
1502;202000001657;22;6;2020;23:00;5;75;75108;2;1;1;6;COURS ALBERT 1ER;48,8648780;2,3087600
1503;202000001658;23;6;2020;16:40;1;75;75115;2;3;1;3;AVENUE DE SUFFREN;48,8527990;2,2983580
1504;202000001659;23;6;2020;12:40;1;75;75107;2;1;1;6;AVENUE BOSQUET;48,8584680;2,3036680
1505;202000001660;23;6;2020;16:30;1;75;75101;2;2;1;6;RUE DE RIVOLI;48,8637290;2,3322400
1506;202000001661;21;6;2020;14:50;1;75;75102;2;2;8;3;BOULEVARD DE SEBASTOPOL;48,8693290;2,3542570
1507;202000001662;23;6;2020;10:15;1;94;94068;2;6;1;3;8 MAI 1945 (CARR DU);48,8022000;2,4922900
1508;202000001663;23;6;2020;08:20;1;94;94046;2;1;1;6;REPUBLIQUE (AV DE LA);48,8051000;2,4393080
1509;202000001664;23;6;2020;11:30;1;94;94037;2;1;1;7;GALLIENI (AV);48,8175000;2,3534000
1510;202000001665;22;6;2020;20:05;1;94;94043;2;1;1;6;FONTAINEBLEAU (AV DE);48,8095600;2,3624100
1511;202000001666;22;6;2020;09:50;1;94;94041;2;1;1;3;MAURICE GUNSBOURG (R);48,8111000;2,4010000
1512;202000001668;22;6;2020;18:50;1;94;94019;2;6;1;3;ARISTIDE BRIAND (R);48,7990310;2,5340390
1513;202000001669;23;6;2020;07:10;1;93;93059;2;9;1;3;EMILE ZOLA (AVENUE);48,9482000;2,3629000
1514;202000001670;22;6;2020;14:20;1;93;93070;2;1;1;-1;RASPAIL(RUE);48,9045075;2,3296673
1515;202000001671;23;6;2020;15:30;1;93;93066;2;1;1;2;ROGER SALENGRO AVENUE;48,9430100;2,3873800
1516;202000001672;23;6;2020;18:30;1;93;93062;2;1;1;3;RESISTANCE (AVENUE DE LA);48,8963672;2,5148799
1517;202000001673;22;6;2020;23:45;5;93;93048;2;1;1;1;PARIS (RUE DE);48,8556356;2,4225549
1518;202000001674;23;6;2020;01:25;5;93;93031;2;1;1;6;AV DE LATTRE DE TASSIGNY (1 A 51);48,9595818;2,3037882
1519;202000001675;22;6;2020;17:30;1;93;93031;2;6;1;1;JOFFRE (AVENUE);48,9616381;2,2949499
1520;202000001676;23;6;2020;11:15;1;93;93007;2;3;1;3;"""HENRI BARBUSSE (AVENUE """"DU 81 AU 141""""";48,9407781;2,4631118
1521;202000001677;22;6;2020;13:40;1;93;93007;2;3;1;5;"""PAUL VAILLANT COUTURIER (AVENUE """"DU 01";48,9269200;2,4721400
1522;202000001678;23;6;2020;15:20;1;93;93001;2;1;1;6;AV DU PRESIDENT ROOSEVELT;48,9167821;2,3798855
1523;202000001679;23;6;2020;14:48;1;92;92049;2;2;7;3;BROSSOLETTE AVENUE PIERRE;48,8181434;2,3084995
1524;202000001681;22;6;2020;16:50;1;92;92036;2;1;1;2;LAURENT CELY (AVENUE) (1/143);48,9183640;2,3071440
1525;202000001682;23;6;2020;12:50;1;92;92026;2;2;1;6;BEZONS (DE 23 A FIN);48,8959436;2,2489788
1526;202000001683;23;6;2020;14:20;1;2A;2A212;1;1;1;7;D824;42,2395110;8,6116930
1527;202000001684;23;6;2020;18:15;1;66;66190;1;1;1;6;Autoroute A9 PK 231;42,8453880;2,9216770
1528;202000001685;23;6;2020;19:26;1;83;83023;1;1;1;5;A8;43,4185770;6,0868550
1529;202000001686;24;6;2020;07:45;1;974;97404;1;1;1;1;Avenue Octave Bénard; -21,2766430;55,3375610
1530;202000001687;24;6;2020;13:05;1;38;38383;1;1;1;6;Route de Voiron;45,3675800;5,6333500
1531;202000001688;23;6;2020;13:10;1;83;83031;1;1;1;7;D17;43,4309510;6,3288650
1532;202000001689;23;6;2020;07:00;1;19;19031;1;1;1;6;La Rebeyrotte;45,1593240;1,5330560
1533;202000001690;24;6;2020;09:05;1;56;56017;1;2;1;6;Rue Pierre Guillemot;47,8737960; -2,7678730
1534;202000001691;24;6;2020;16:15;1;79;79329;1;3;1;1;;47,0090120; -0,2575000
1535;202000001692;24;6;2020;10:26;1;80;80212;2;1;1;6;19 Rue du Rempart des Poissonnier;49,9074880;2,5148450
1536;202000001693;24;6;2020;13:00;1;61;61269;1;1;1;1;D224;48,8429720; -0,4371140
1537;202000001694;23;6;2020;17:00;1;49;49345;1;1;1;7;Le Petit Pineau;47,2708711; -0,5819631
1538;202000001695;10;6;2020;13:50;1;49;49050;1;1;8;1;D176;47,2764480; -0,3807660
1539;202000001697;23;6;2020;18:10;1;22;22152;1;2;1;3;Le Quillio;48,7663770; -3,2787700
1540;202000001698;23;6;2020;18:50;1;25;25329;1;3;1;3;D20;47,1871790;6,6276580
1541;202000001699;24;6;2020;09:23;1;31;31451;2;1;1;6;19 Boulevard de la République;43,4599450;2,0032330
1542;202000001700;24;6;2020;19:20;1;58;58095;2;1;1;3;14 Route des Feuillats;46,8176600;3,4549970
1543;202000001701;23;6;2020;13:00;1;14;14230;1;1;1;2;D16;49,2513390;0,1040560
1544;202000001702;23;6;2020;15:05;1;18;18197;2;1;1;2;128 Avenue du Tour de France;46,7214100;2,5255140
1545;202000001704;23;6;2020;16:50;1;85;85026;1;1;1;1;La Landette;46,5628800; -1,4507800
1546;202000001705;22;6;2020;17:20;1;85;85005;1;2;1;3;La Chenelière;46,6187200; -0,7819390
1547;202000001706;24;6;2020;12:05;1;28;28290;1;4;1;1;D131;48,4028830;1,2827100
1548;202000001707;5;6;2020;12:19;1;17;17186;1;1;1;7;RD 113;46,1802120; -0,8811139
1549;202000001708;24;6;2020;15:40;1;30;30336;1;1;1;6;D2;43,8641450;4,6187640
1550;202000001709;23;6;2020;16:40;1;30;30237;1;1;1;3;D904;44,2743050;4,1990680
1551;202000001710;24;6;2020;16:30;1;49;49194;1;1;1;7;D61;47,4911528; -0,2751116
1552;202000001711;23;6;2020;18:00;1;01;01067;1;1;1;3;A40;46,1125670;5,4791400
1553;202000001712;22;6;2020;07:30;1;27;27036;1;2;1;3;Route Nationale 12, PK 022.300;48,7432570;0,9716680
1554;202000001713;16;6;2020;17:30;1;976;97605;1;1;2;1;CCD7, route de sohoa; -12,8192500;45,1091340
1555;202000001714;23;6;2020;13:50;1;77;77191;1;1;1;3;17 Route de Nangis - D408;48,5561600;2,9577980
1556;202000001715;24;6;2020;13:15;1;95;95535;1;1;1;5;D28;49,0501750;1,9564890
1557;202000001716;16;6;2020;16:10;1;06;06028;1;1;3;1;Route de la Plaine de Caille;43,7811240;6,7608240
1558;202000001718;24;6;2020;06:15;1;67;67295;1;1;7;2;RD62;48,3926240;7,4541700
1559;202000001719;23;6;2020;21:30;1;73;73006;1;1;1;1;N90;45,5501280;6,6256060
1560;202000001720;23;6;2020;17:30;1;42;42147;2;6;1;3;Rue de Beauregard;45,6091250;4,0548670
1561;202000001721;22;6;2020;14:00;1;38;38085;2;6;1;3;Route de Lyon;45,7497340;5,1661760
1562;202000001722;23;6;2020;16:10;1;69;69206;1;1;1;7;D20;46,0732346;4,7449964
1563;202000001723;24;6;2020;08:10;1;69;69203;1;1;1;7;Route de Duerne;45,6920920;4,5031070
1564;202000001724;23;6;2020;14:10;1;09;09268;1;6;7;3;route de toulouse;43,0051920;1,1269570
1565;202000001726;23;6;2020;16:45;1;13;13033;1;1;1;4;A55-Sens Marseille vers Martigues;43,3734000;5,1922000
1566;202000001727;23;6;2020;17:40;1;13;13211;1;1;1;4;A50-Sens Marseille vers Aubagne;43,2922400;5,4533900
1567;202000001728;23;6;2020;16:10;1;13;13202;1;1;1;6;A55-Sens Marseille vers Martigues;43,3238780;5,3629140
1568;202000001729;18;6;2020;06:25;1;13;13005;1;1;1;7;A52-Sens Toulon vers Pont de l'Etoile;43,3196800;5,5926420
1569;202000001730;23;6;2020;12:20;1;13;13215;1;1;1;3;A7-Sens Marseille vers Lyon;43,3703680;5,3611570
1570;202000001731;22;6;2020;14:30;1;13;13005;1;1;1;2;A50-Sens Marseille vers Aubagne;43,2875000;5,5436000
1571;202000001732;22;6;2020;07:25;1;83;83137;1;1;2;2;A57;43,1322559;5,9815594
1572;202000001733;22;6;2020;19:30;1;69;69259;1;1;1;3;RD 383;45,7219800;4,8865200
1573;202000001735;22;6;2020;07:25;1;59;59569;1;1;1;3;AUTOROUTE A21;50,3811030;3,1392420
1574;202000001736;23;6;2020;18:21;1;94;94037;1;1;1;3;AUTOROUTE A6B;48,8159951;2,3568556
1575;202000001737;23;6;2020;17:45;1;91;91103;1;1;1;2;RN 104;48,6242000;2,2992000
1576;202000001738;23;6;2020;15:40;1;91;91589;1;1;1;3;AUTOROUTE A6;48,6793000;2,3342001
1577;202000001739;22;6;2020;23:05;5;94;94038;1;1;1;7;AUTOROUTE A6B;48,7868900;2,3450300
1578;202000001740;23;6;2020;13:30;1;78;78133;1;1;1;2;A13;48,8938530;2,0080260
1579;202000001742;22;6;2020;18:00;1;95;95018;1;1;1;2; A15;48,9567500;2,2769700
1580;202000001743;23;6;2020;18:45;1;94;94081;1;1;1;2;A86 INT;48,7745800;2,4107800
1581;202000001745;23;6;2020;16:50;1;94;94028;1;1;1;3;A86 EXT;48,7763100;2,4363500
1582;202000001746;23;6;2020;03:40;3;77;77122;1;1;8;7;RN104;48,6463534;2,5931423
1583;202000001747;22;6;2020;18:40;1;94;94017;1;1;1;7;A4;48,8301974;2,4942611
1584;202000001748;22;6;2020;17:40;1;77;77373;1;1;1;2;RN104;48,7896238;2,6178744
1585;202000001749;21;6;2020;23:15;5;974;97411;2;3;1;7; Boulevard Notre Dame de la Trinité; -20,8930400;55,4662000
1586;202000001750;22;6;2020;00:05;3;974;97407;2;6;1;7;ROND POINT DE LA GLACIERE; -20,9337900;55,2919700
1587;202000001751;22;6;2020;17:50;1;69;69383;2;1;1;3;ROCKEFELLER                         (AV);45,7411300;4,8859500
1588;202000001752;22;6;2020;11:45;1;69;69276;2;1;1;2;VENISSIEUX (DE)                         ;45,6795200;4,8643600
1589;202000001753;22;6;2020;12:10;1;69;69149;2;2;7;3;EMILE ZOLA                          (BD);45,7196700;4,8019400
1590;202000001754;21;6;2020;21:45;3;971;97101;1;1;1;3;PERRIN;16,2901100; -61,5113900
1591;202000001755;21;6;2020;07:40;1;971;97101;1;1;1;6;RN1 ROCADE DE CHAUVEL;16,2430789; -61,5227067
1592;202000001756;22;6;2020;09:55;1;91;91201;2;1;1;-1;HENRI BARBUSSE(BOULEVARD);48,6764500;2,4110500
1593;202000001757;20;6;2020;17:32;1;87;87085;2;1;1;6;GAY-LUSSAC (COURS);45,8357600;1,2627500
1594;202000001759;19;6;2020;13:24;1;87;87085;2;1;1;2;MENDES FRANCE (RUE PIERRE);45,8894800;1,2809600
1595;202000001760;19;6;2020;15:55;1;85;85194;2;1;1;6;Route Bleue;46,4911500; -1,8052200
1596;202000001761;21;6;2020;21:15;1;81;81163;2;1;1;7;SANCTA MARIA;43,4895158;2,4003679
1597;202000001762;19;6;2020;14:20;1;80;80021;1;1;2;7;ROCADE NORD RN 1;49,9273700;2,3042100
1598;202000001764;19;6;2020;17:10;1;76;76351;2;2;1;-1;VALLEE (RUE DE LA);49,4950800;0,1552200
1599;202000001766;20;6;2020;11:20;1;69;69290;2;3;1;3;EGALITE (DE L')                     (R );45,6928600;4,9464200
1600;202000001767;22;6;2020;18:20;1;69;69096;2;1;1;3;SABATIER (ANDRE) ( R );45,6095200;4,7760400
1601;202000001768;18;6;2020;15:15;1;68;68066;2;9;1;6;Rue de la Semm;48,0691170;7,3702490
1602;202000001769;19;6;2020;16:40;1;67;67482;2;6;8;3;ELFTERRAIN (RUE DE L );48,5839280;7,7143870
1603;202000001770;20;6;2020;15:30;1;67;67482;2;1;1;1;PECHEURS (QUAI DES);48,5834270;7,7581260
1604;202000001771;19;6;2020;16:05;1;67;67218;2;1;8;3;STRASBOURG (AVENUE DE);48,5428100;7,7358700
1605;202000001772;22;6;2020;13:30;1;64;64545;1;1;1;1;ORIO (RUE D');43,3559000; -1,7459000
1606;202000001773;21;6;2020;12:10;1;64;64102;2;1;1;7;RESPLANDY (AVENUE DU CAPITAINE);43,4898000; -1,4672000
1607;202000001774;16;5;2020;11:40;1;62;62413;2;1;1;6;LENS (RTE DE);50,4403700;2,8846900
1608;202000001775;11;2;2020;12:10;1;62;62427;2;1;1;6;PIETTE (BD JACQUES) );50,4099940;2,9639640
1609;202000001776;22;6;2020;13:40;1;59;59599;2;2;7;5;TESTELIN (RUE ACHILLE);50,7346310;3,1853920
1610;202000001777;19;6;2020;23:25;5;57;57368;2;1;1;7;RIMMEL (RUE VICTOR);49,3418200;6,0196600
1611;202000001778;19;6;2020;15:00;1;56;56121;2;3;1;6;INDES ( QUAI DES );47,7463700; -3,3615100
1612;202000001779;21;6;2020;13:20;1;54;54547;2;1;1;-1;RD 674;48,6705000;6,1929000
1613;202000001780;19;6;2020;19:50;1;52;52448;2;2;9;3;PISANI (boulevard Edgard);48,6391400;4,9719100
1614;202000001781;20;6;2020;02:41;5;49;49007;2;1;1;3;VOLTAIRE;47,4693000; -0,5529300
1615;202000001782;22;6;2020;18:50;1;45;45075;2;1;1;3;D2152 - PR 65+180;47,8886754;1,8346436
1616;202000001783;22;6;2020;08:30;1;45;45234;2;3;1;3;Quai du Chatelet;47,8979140;1,9071380
1617;202000001784;22;6;2020;12:40;1;37;37261;2;2;1;3;TOURCOING (RUE DE);47,4214474;0,6860549
1618;202000001786;22;6;2020;15:45;1;33;33318;2;3;1;6;AVE DU GENERAL LECLERC / RUE LEON MORIN;44,7960100; -0,6672800
1619;202000001787;11;6;2020;04:44;4;33;33162;1;6;2;2;RTE DE LACANAU / AVE JEAN MERMOZ;44,8754085; -0,6604393
1620;202000001788;16;6;2020;18:01;1;33;33063;2;2;1;6;CRS VICTOR HUGO / RUE SAINT-JAMES;44,8350649; -0,5713267
1621;202000001789;21;6;2020;02:20;5;33;33529;2;1;1;3;OCEAN (BD DE L');44,6137900; -1,2021100
1622;202000001790;20;6;2020;17:40;1;32;32013;2;1;1;2;CHARLES CROS;43,6643400;0,5923200
1623;202000001792;22;6;2020;00:50;5;31;31555;2;3;1;3;BD PIERRE PAUL RIQUET;43,6050400;1,4565900
1624;202000001793;21;6;2020;13:45;1;31;31149;2;1;1;3;RP GALILEE;43,6094300;1,3079000
1625;202000001794;20;6;2020;02:40;5;31;31555;2;1;1;6;BD DE LA GARE;43,6039300;1,4572300
1626;202000001795;19;6;2020;16:10;1;31;31149;2;1;1;6;BD DE L'EUROPE;43,6018400;1,3523000
1627;202000001796;19;6;2020;08:05;2;30;30189;1;1;1;1;ALES (ROUTE);43,8765000;4,3138000
1628;202000001797;20;6;2020;20:00;1;30;30189;1;1;1;3;BEAUCAIRE (ROUTE);43,8344984;4,4139048
1629;202000001798;20;5;2020;15:40;1;30;30189;2;4;1;6;TEDENAT (RUE);43,8366800;4,3566870
1630;202000001799;21;6;2020;10:30;1;22;22215;1;1;2;3;PORET ROUAULT (RUE DE LA);48,4829800; -2,7768600
1631;202000001800;17;10;2020;19:45;5;33;33318;2;2;1;1;AVE DU GENERAL LECLERC;44,7991800; -0,6631400
1632;202000001801;17;10;2020;19:15;5;33;33063;2;2;1;2;CRS DU MEDOC  (à 49,63 m du CRS BALGUERIE STUTTENBERG);44,8587200; -0,5673400
1633;202000001802;19;10;2020;00:30;5;33;33009;2;1;1;6;GAMBETTA (AVE) DU 30 ET +;44,6572800; -1,1680400
1634;202000001803;18;10;2020;17:44;1;29;29232;1;9;1;3;N165 - Park Poullig;48,0330900; -4,0836800
1635;202000001804;16;10;2020;16:16;1;25;25056;2;1;1;4;DOLE RUE DE (entre 82 et 185);47,2283040;5,9856070
1636;202000001805;17;10;2020;21:05;5;18;18033;2;2;1;3;JURANVILLE (BOULEVARD DE);47,0849000;2,3886500
1637;202000001806;18;10;2020;17:10;1;13;13206;2;2;1;3;LIEUTAUD (COURS);43,2911100;5,3830800
1638;202000001807;17;10;2020;01:17;5;13;13203;2;3;1;1;PLOMBIERES (BOULEVARD DES);43,3148768;5,3878495
1639;202000001808;17;10;2020;12:35;1;13;13028;2;1;1;5;ROUMANILLE (AVENUE JOSEPH);43,1923700;5,6179900
1640;202000001809;17;10;2020;09:10;1;13;13028;2;1;1;3;DULAC (AVENUE GUILLAUME);43,1866900;5,6080700
1641;202000001810;18;10;2020;17:30;1;07;07281;2;1;1;3;BOUVAT (QUAI JULES);44,9443000;4,8444000
1642;202000001811;18;10;2020;17:50;1;06;06069;2;1;1;3;KENNEDY (BOULEVARD DU PRESIDENT);43,6668640;6,9290860
1643;202000001812;18;10;2020;18:35;2;75;75113;2;1;1;2;PORTE D IVRY;48,8204060;2,3754440
1644;202000001814;18;10;2020;14:10;1;75;75120;2;4;1;4;ECHANGEUR BAGNOLET;48,8663780;2,4140470
1645;202000001815;18;10;2020;16:20;1;75;75118;2;3;1;3;RUE STEPHENSON;48,8880130;2,3561760
1646;202000001816;18;10;2020;17:15;1;75;75114;2;2;1;3;RUE VERCINGETORIX;48,8343560;2,3136420
1647;202000001817;17;10;2020;19:42;5;75;75113;2;2;1;3;BOULEVARD DU GENERAL JEAN SIMON;48,8256700;2,3820820
1648;202000001818;17;10;2020;12:52;1;75;75113;2;1;1;5;RUE DE TOLBIAC;48,8261240;2,3561660
1649;202000001819;17;10;2020;19:00;2;75;75109;2;1;1;2;RUE PIERRE FONTAINE;48,8833530;2,3327780
1650;202000001820;18;10;2020;14:55;1;75;75108;2;3;1;4;AVENUE DES CHAMPS ELYSEES;48,8718850;2,3008730
1651;202000001821;18;10;2020;12:05;1;75;75107;2;1;1;3;AVENUE DE LA MOTTE PICQUET;48,8548850;2,3064320
1652;202000001822;18;10;2020;18:15;1;75;75104;2;3;1;6;RUE DES TOURNELLES;48,8534520;2,3672410
1653;202000001823;18;10;2020;20:20;5;93;93001;2;3;1;3;VICTOR HUGO (AVE)  N° 122 =>;48,9116541;2,3794630
1654;202000001824;16;10;2020;15:00;1;92;92036;2;1;1;6;JEAN JAURES (RUE) (35/+);48,9298870;2,2950500
1655;202000001825;10;10;2020;04:45;3;57;57479;1;1;2;7;4 Chemin de Sulzen;49,4233130;6,3716410
1656;202000001827;18;10;2020;20:05;3;35;35124;1;1;1;2;RN 137;47,7410680; -1,7140500
1657;202000001828;18;10;2020;10:20;1;74;74283;1;1;1;7;route du chatelard;45,9308640;5,9381000
1658;202000001829;19;10;2020;13:35;1;68;68315;1;1;1;6;Route de Bollwiller;47,8827630;7,2330060
1659;202000001830;18;10;2020;03:30;3;34;34088;1;1;1;6;D114;43,5757270;3,6814500
1660;202000001832;18;10;2020;16:55;1;76;76549;1;1;1;7;D149;49,7569970;0,9149980
1661;202000001833;17;10;2020;09:58;1;33;33523;1;2;1;3;RD140 / RD140E1;44,7526760; -0,2936380
1662;202000001834;18;10;2020;22:18;3;81;81048;1;1;1;6;104 Route de Saint Quintin;43,9869750;2,1164770
1663;202000001835;18;10;2020;21:45;3;32;32268;1;1;1;7;N124;43,6064990;0,9906580
1664;202000001836;17;10;2020;22:30;5;34;34300;2;1;1;6;Grand Rue;43,4266980;3,3002200