;Num_Acc;jour;mois;an;hrmn;lum;dep;com;agg;int;atm;col;adr;lat;long
1665;202000001837;17;10;2020;09:05;1;68;68263;1;3;2;2;D419;47,5839240;7,4619470
1666;202000001838;16;10;2020;08:30;2;44;44123;1;2;7;3;lieu-dit la noé;47,6932880; -1,7851660
1667;202000001840;19;10;2020;15:30;1;54;54533;2;4;1;-1;3 Rue Emile Binda;49,3245560;5,9281750
1668;202000001841;2;10;2020;15:53;1;60;60430;1;1;2;7;D935;49,3109760;2,9264103
1669;202000001842;17;10;2020;09:17;2;53;53110;2;1;4;6;Rue de Taude;47,8747640; -0,5199520
1670;202000001843;18;10;2020;02:00;3;53;53007;1;1;1;6;Haut Mont Roux;48,0818640; -0,6547650
1671;202000001844;18;10;2020;04:40;3;21;21268;1;1;1;6;D31;47,1181378;5,4030788
1672;202000001846;18;10;2020;16:00;1;27;27679;1;1;1;3;RD 841;48,7236910;0,9261560
1673;202000001848;13;8;2020;10:00;1;13;13044;1;1;1;1;D569;43,6284960;5,0179200
1674;202000001850;19;10;2020;15:00;1;13;13118;1;1;1;6;A8 PK 0+200 DIRECTION LYON;43,5605220;5,2285910
1675;202000001851;18;10;2020;17:15;1;988;98821;1;1;1;6;PORT-LAGUERRE; -22,1194560;166,3281740
1676;202000001852;18;10;2020;17:40;2;971;97114;1;1;3;1;Rue Richard Devaux;16,1142660; -61,5753220
1677;202000001853;18;10;2020;03:00;3;67;67160;1;1;1;6;D27;48,9778230;7,7689650
1678;202000001854;18;10;2020;19:50;5;88;88367;2;1;1;1;35 Rue Carnot;48,3437230;6,6351230
1679;202000001855;17;10;2020;09:40;1;63;63335;1;1;8;7;D 978;45,5457072;2,9981646
1680;202000001856;19;10;2020;10:00;1;81;81011;2;1;1;6;415 Route de Gaillac;43,7282900;1,8233340
1681;202000001857;19;10;2020;14:15;1;33;33218;2;3;1;3;19 Lieu Dit Montigaud;45,0840580; -0,1645350
1682;202000001858;18;10;2020;14:20;1;60;60197;1;1;1;1;D1001;49,2379983;2,2165567
1683;202000001859;19;10;2020;10:15;1;60;60668;1;1;5;1;D149;49,4889932;2,0880042
1684;202000001860;17;10;2020;18:06;1;13;13071;1;1;1;3;A51-Sens Aix en Provence vers Marseille;43,4156400;5,3649100
1685;202000001861;17;10;2020;07:30;3;13;13015;1;1;1;5;A51-Sens Marseille vers Aix en Provence;43,4303000;5,3921000
1686;202000001862;18;10;2020;19:50;3;33;33023;1;1;1;5;AUTOROUTE A 62;44,6946000; -0,4966200
1687;202000001863;18;10;2020;19:33;1;92;92064;1;1;1;4;A13;48,8375530;2,1892550
1688;202000001864;18;10;2020;20:35;3;93;93007;1;1;1;7;AUTOROUTE A3;48,9185788;2,4785405
1689;202000001865;18;10;2020;18:25;3;93;93048;1;1;1;4;AUTOROUTE A86;48,8631800;2,4827100
1690;202000001866;18;10;2020;11:45;1;95;95241;1;1;1;2;RN 104;49,0463410;2,4402220
1691;202000001867;17;10;2020;20:15;3;93;93066;1;1;1;2;AUTOROUTE A86;48,9221200;2,3603800
1692;202000001868;17;10;2020;01:20;3;95;95572;1;1;1;6;RN 184;49,0483730;2,1337560
1693;202000001869;18;10;2020;23:10;3;93;93051;1;1;1;6;A4;48,8360000;2,5553000
1694;202000001870;18;10;2020;15:00;1;77;77258;1;1;1;2;A4.W;48,8305927;2,6321618
1695;202000001871;16;10;2020;20:40;3;77;77169;1;1;1;3;RN104.INT;48,8145331;2,6261489
1696;202000001872;16;10;2020;19:00;2;94;94052;1;1;1;7;A86 INT;48,8272200;2,5209400
1697;202000001873;16;10;2020;14:30;1;94;94017;1;1;1;2;A4;48,8297400;2,4845600
1698;202000001874;18;10;2020;05:40;2;988;98818;2;3;1;3;AVENUE JAMES COOK/RUE COMMANDANT ALEXANDRE BABO; -22,2678900;166,4270400
1699;202000001875;18;10;2020;06:40;1;988;98818;2;1;1;4;AVENUE JAMES COOK; -22,2681000;166,4291100
1700;202000001876;17;10;2020;16:20;1;988;98818;2;3;1;3;PROMENADE ROGER LAROQUE; -22,3075500;166,4501600
1701;202000001877;17;10;2020;10:05;1;988;98818;2;1;1;2;ROUTE EXPRESS DU MONT DORE; -22,2281300;166,4896900
1702;202000001878;17;10;2020;14:35;2;974;97407;2;1;1;3;Rue Amilcar Cabral; -20,9463600;55,2995100
1703;202000001880;16;10;2020;20:40;5;972;97213;1;1;2;4;AUTOROUTE A1;14,6182051; -61,0339236
1704;202000001881;17;10;2020;19:17;5;95;95585;2;1;1;3;ZOLA (RUE EMILE);48,9859379;2,3925680
1705;202000001882;17;10;2020;17:20;1;95;95585;2;1;1;3;FRANCK (AVENUE CESAR);48,9730600;2,3751200
1706;202000001883;16;10;2020;18:45;1;95;95280;2;1;1;3;MARECHAL DELATTRE DE TASSIGNY (DU);49,0320760;2,4717430
1707;202000001884;17;10;2020;12:20;1;91;91570;2;9;8;6;TIPHOINES (RUE)VILLAGE HOTEL;48,6284100;2,2995700
1708;202000001885;17;10;2020;10:30;1;91;91064;2;1;8;3;PARIS (RUE DE);48,7574200;2,2187600
1709;202000001886;17;10;2020;14:44;1;91;91377;2;1;1;6;GARE (AVENUE DE LA);48,7342000;2,2730700
1710;202000001888;9;10;2020;08:00;1;91;91027;2;2;2;5;RUE ANDRE LAUNAY;48,7128520;2,3909890
1711;202000001889;17;10;2020;16:15;1;82;82121;2;3;1;6;SARRAIL (RUE DU GENERAL);44,0151000;1,3477000
1712;202000001890;17;10;2020;20:45;5;77;77296;1;2;1;6;RD 306;48,6175410;2,5688320
1713;202000001891;17;10;2020;16:25;1;77;77320;2;1;1;1;GENERAL DE GAULLE (AVENUE DU);48,8280545;3,0315580
1714;202000001893;16;10;2020;16:09;1;67;67462;2;2;1;3;GENERAL DE GAULLE (PLACE DU);48,2595620;7,4464710
1715;202000001894;17;10;2020;06:43;5;65;65440;2;3;1;3;BRIAND (AVENUE ARISTIDE);43,2172528;0,0560942
1716;202000001895;17;10;2020;10:30;1;64;64445;2;1;1;-1;JEAN JACQUES DE MONAIX;43,3029000; -0,3589000
1717;202000001897;17;10;2020;10:35;1;59;59279;2;2;1;1;NEUVILLE (ROUTE DE);50,7768510;3,1331320
1718;202000001898;22;9;2020;22:30;5;59;59009;2;2;1;3;VAN GOGH BOULEVARD;50,6201300;3,1354200
1719;202000001899;17;10;2020;19:45;5;59;59328;2;1;2;3;DE GAULLE AVENUE DU GAL;50,6539416;3,0312744
1720;202000001901;17;10;2020;09:07;1;45;45075;2;6;1;6;Route d’Orléans;47,8935370;1,8491550
1721;202000001903;17;10;2020;16:00;1;38;38185;2;1;1;2;A480;45,1621900;5,7017000
1722;202000001904;17;10;2020;08:55;1;35;35055;2;1;8;3;06 JUIN 1944 (RUE DU);48,0938720; -1,6149504
1723;202000001905;17;10;2020;17:10;1;33;33009;2;1;1;2;D650;44,6588400; -1,1517600
1724;202000001906;17;10;2020;23:45;5;29;29019;2;1;1;4;Rue Dupleix;48,3927700; -4,4827800
1725;202000001907;17;10;2020;16:35;1;29;29019;2;2;1;3;Rue Albert Thibaudet;48,3754000; -4,5413000
1726;202000001908;6;4;2020;20:30;5;19;19272;2;1;1;6;Alsace Lorraine (Avenue);45,2614600;1,7569200
1727;202000001909;17;10;2020;07:20;5;13;13214;2;1;1;1;AYGALADES (AVENUE DES);43,3399170;5,3657280
1728;202000001910;17;10;2020;01:40;5;13;13215;2;1;1;3;Petite Ourse (rue de la);43,3417500;5,3729600
1729;202000001911;25;8;2020;06:10;3;62;62680;1;1;2;4;A1;50,3669560;2,9669310
1730;202000001912;16;10;2020;20:30;5;13;13205;2;1;1;3;SAINT PIERRE (RUE);43,2922600;5,3960000
1731;202000001913;23;8;2020;07:20;1;988;98827;1;1;2;3;Tribu de Gohapin; -21,2683300;165,2748800
1732;202000001914;17;10;2020;13:55;1;13;13001;1;1;1;2;RD 7;43,5816400;5,3770000
1733;202000001915;24;8;2020;02:40;5;971;97124;2;1;1;6;2 Route de Bologne;16,0131870; -61,7101410
1734;202000001916;17;10;2020;20:10;5;10;10333;2;9;1;3;AUXERRE (ROUTE);48,2685100;4,0479300
1735;202000001918;17;10;2020;20:41;3;10;10357;1;1;1;6;GENERAL DE GAULLE (RUE DU);48,2940600;4,1446900
1736;202000001919;16;8;2020;16:30;1;77;77329;1;2;1;3;D225 - D58;48,2404770;2,8091260
1737;202000001920;17;10;2020;15:55;1;75;75120;2;1;1;2;PORTE DE BAGNOLET;48,8696430;2,4132670
1738;202000001921;24;8;2020;06:55;1;91;91098;1;1;1;6;D191;48,4561040;2,0598080
1739;202000001922;17;10;2020;15:13;1;75;75108;2;2;1;3;PLACE DE LA CONCORDE;48,8666630;2,3220110
1740;202000001923;24;8;2020;20:40;3;2A;2A163;1;3;1;3;croisement T40 / D50;41,5000018;9,0049085
1741;202000001925;15;8;2020;18:00;1;84;84092;2;1;1;-1;d 225;43,9701850;4,8635810
1742;202000001926;2;2;2020;01:35;5;62;62160;2;1;1;7;NATIONALE (Rue);50,7224700;1,6060300
1743;202000001928;23;8;2020;17:30;1;83;83099;2;1;1;3;Route Nationale 7;43,4528720;6,6914410
1744;202000001929;17;10;2020;16:00;1;75;75116;2;2;1;6;RUE D AUTEUIL;48,8479880;2,2640940
1745;202000001930;3;2;2020;18:49;5;59;59588;2;1;3;6;CHAPEAU ROUGE - ROUTE;51,0275679;2,4282441
1746;202000001932;16;10;2020;10:15;1;75;75116;2;1;1;3;AVENUE DE VERSAILLES;48,8385570;2,2594790
1747;202000001933;3;2;2020;18:17;5;59;59183;2;3;3;1;QUATRE ECLUSES - QUAI;51,0297900;2,3803300
1748;202000001934;25;8;2020;08:00;1;13;13109;2;2;1;3;Avenue Paul Julien;43,5110320;5,4869570
1749;202000001935;24;8;2020;09:20;1;70;70310;2;1;1;3;Route de Belfort;47,6750220;6,5188840
1750;202000001936;16;10;2020;23:00;5;75;75113;2;3;1;3;RUE DE TOLBIAC;48,8263410;2,3614950
1751;202000001937;1;2;2020;06:10;5;59;59183;2;3;8;6;MARDYCK - QUAI;51,0289200;2,3663300
1752;202000001939;24;8;2020;09:35;1;88;88222;1;1;1;1;PK 16+450 RD 420;48,2476830;6,6182430
1753;202000001940;24;8;2020;17:20;1;74;74136;1;1;1;7;D4;45,9786980;6,4677500
1754;202000001941;16;10;2020;21:30;5;75;75108;2;2;1;7;BOULEVARD MALESHERBES;48,8794360;2,3142650
1755;202000001942;2;2;2020;14:30;1;56;56083;1;1;2;6;RN 165;47,7881772; -3,2804417
1756;202000001943;2;2;2020;02:05;5;56;56083;2;1;3;6;JAURES ( AV. JEAN );47,8013856; -3,2812725
1757;202000001944;16;10;2020;22:45;5;75;75107;2;3;1;3;RUE DE SEVRES;48,8460040;2,3138170
1758;202000001945;24;6;2020;15:30;1;73;73179;2;3;1;3;Residence Sainte Anne;45,5975712;5,8753155
1759;202000001946;1;2;2020;18:35;5;56;56083;2;2;2;3;8 MAI 1945 ( AV. DU );47,8024300; -3,2901300
1760;202000001947;24;8;2020;19:00;1;07;07341;2;6;1;7;;44,5718520;4,5107460
1761;202000001948;17;10;2020;14:45;1;75;75104;2;2;1;3;RUE CRILLON;48,8495180;2,3656210
1762;202000001950;31;1;2020;20:33;5;54;54431;1;3;1;1;D952;48,9129500;6,0374940
1763;202000001951;20;8;2020;14:10;1;17;17161;2;1;1;3;17 Rue Jean Henry Laine;46,1864900; -1,3217550
1764;202000001953;17;10;2020;12:10;1;94;94081;2;1;1;3;JEAN JAURES (AV);48,7941706;2,4008874
1765;202000001954;3;2;2020;18:15;5;54;54184;2;1;2;6;avenue Foch;48,7051000;6,2254000
1766;202000001956;25;8;2020;08:10;2;33;33260;1;1;1;2;Rue de la Gare;44,4527760; -0,9410480
1767;202000001957;3;2;2020;13:05;1;54;54395;2;3;2;2;MAZAGRAN (RUE);48,6905992;6,1755026
1768;202000001958;17;10;2020;09:30;1;94;94043;2;1;8;2;FONTAINEBLEAU (AV DE);48,8149000;2,3609000
1769;202000001959;31;1;2020;22:30;3;54;54382;2;2;1;3;PINS (AVENUE DES);49,5365900;5,7645300
1770;202000001962;25;8;2020;12:20;1;80;80383;1;1;1;7;autoroute A1 PK103+800;49,7264700;2,7802810
1771;202000001963;24;8;2020;17:10;1;13;13210;1;1;1;2;A50-Sens Marseille vers Aubagne;43,2845200;5,4067000
1772;202000001964;3;2;2020;18:20;5;51;51172;2;1;2;1;Rue de Picardie;49,2238849;4,0411897
1773;202000001965;17;10;2020;19:41;2;94;94022;2;2;1;3;REPUBLIQUE (AV DE LA);48,7576100;2,4100600
1774;202000001966;24;8;2020;18:30;1;13;13106;1;1;1;5;A51-Sens Aix en Provence vers Marseille;43,4065986;5,3617090
1775;202000001967;17;10;2020;17:50;1;94;94022;2;1;8;6;VICTOR HUGO (AV);48,7681500;2,4181550
1776;202000001968;2;2;2020;03:52;3;49;49007;2;1;2;7;ESTIENNE D'ORVES BOULEVARD;47,4598800; -0,5203400
1777;202000001969;17;10;2020;21:45;4;94;94081;2;1;1;1;167 R GABRIEL PERI;48,7920952;2,4016047
1778;202000001970;20;8;2020;18:35;1;13;13005;1;1;1;4;A50-Sens Aubagne vers Marseille;43,2889659;5,5600183
1779;202000001971;3;2;2020;21:40;3;44;44109;2;1;2;3;Quai Malakoff;47,2142600; -1,5407100
1780;202000001972;17;10;2020;20:10;5;93;93064;2;1;1;6;DE GAULLE (AV DU GENERAL) 58/49 - FIN;48,8844900;2,4738600
1781;202000001973;23;8;2020;23:10;3;69;69199;1;1;1;2;A7 ;45,6914800;4,8452900
1782;202000001974;24;8;2020;12:40;1;92;92078;1;1;1;7;AUTOROUTE A86;48,9281100;2,3327900
1783;202000001975;24;8;2020;04:25;3;95;95252;1;1;1;7;A15;48,9803000;2,2263000
1784;202000001976;17;10;2020;10:40;1;93;93074;2;3;1;3;R ALEXANDRE BOUCHER / D933;48,9339000;2,5666600
1785;202000001977;24;8;2020;02:30;3;95;95060;1;1;1;7; A115;49,0351529;2,1963139
1786;202000001978;17;10;2020;10:50;1;93;93031;2;9;1;3;REPUBLIQUE (AVENUE);48,9466600;2,3442400
1787;202000001979;2;2;2020;11:15;1;37;37261;2;3;1;2;WAGNER (BOULEVARD RICHARD);47,3768594;0,7134019
1788;202000001980;17;10;2020;18:15;2;93;93029;2;1;1;6;HENRI BARBUSSE (AVE) N°2-124;48,9189400;2,4495300
1789;202000001982;3;2;2020;08:50;1;37;37261;2;1;2;7;MAGINOT (AV. ANDRE);47,4134312;0,6864742
1790;202000001983;17;10;2020;11:10;1;93;93007;2;4;1;3;HENRI BARBUSSE (AVENUE);48,9431558;2,4658807
1791;202000001984;2;2;2020;18:10;3;37;37233;2;1;2;6;Quai de la Loire;47,3967257;0,7249180
1792;202000001985;23;8;2020;02:25;3;95;95500;1;1;1;2;AUTOROUTE A15;49,0376200;2,0902400
1793;202000001986;17;10;2020;08:40;1;93;93005;2;6;1;3;GEORGES BRAQUE (BOULEVARD);48,9555909;2,4800835
1794;202000001987;17;10;2020;16:05;1;93;93001;2;9;1;-1;GAMBETTA (QUAI);48,9046107;2,3787524
1795;202000001988;3;2;2020;19:50;5;35;35238;2;2;3;3;TILLON (AVENUE CHARLES);48,1244900; -1,7097600
1796;202000001990;17;10;2020;11:30;1;92;92020;2;1;1;6;PARIS AVENUE DE N° IMPAIRS;48,8063654;2,2924371
1797;202000001991;23;8;2020;04:30;3;69;69386;2;1;1;6;BOSSUET                             (R );45,7679900;4,8524581
1798;202000001992;3;2;2020;09:30;1;35;35051;2;3;1;3;PARIS (RUE DE);48,1142490; -1,6073720
1799;202000001993;17;10;2020;12:10;1;92;92019;2;9;1;3;SALENGRO ROGER (AV);48,7691120;2,2737240
1800;202000001994;3;2;2020;13:10;1;34;34172;2;2;1;3;GIRAUD (AVENUE DU DOYEN GASTON);43,6343270;3,8494060
1801;202000001995;17;10;2020;20:15;5;92;92012;2;6;8;3;MARCEL SEMBAT (PLACE);48,8337900;2,2435700
1802;202000001996;23;8;2020;14:19;1;95;95680;2;3;1;3;PIERRE SEMARD (AVENUE);48,9996666;2,4123359
1803;202000001997;4;2;2020;02:06;5;33;33063;2;1;1;-1;Quai de Bacalan;44,8579200; -0,5585600
1804;202000001998;18;10;2020;11:27;1;54;54109;1;1;1;3;D913;48,5173932;6,1556321
1805;202000001999;17;10;2020;10:15;1;51;51649;2;6;1;2;Grande Rue de Vaux;48,7286085;4,5870305
1806;202000002000;3;2;2020;15:50;1;33;33192;2;3;1;3;23 Cours du Général de Gaulle;44,7863300; -0,6051000
1807;202000002001;18;10;2020;12:00;1;17;17010;2;6;1;3;8 Avenue de Chatelaillon;46,1010900; -1,0986396
1808;202000002002;23;8;2020;04:00;5;91;91589;2;1;1;6;ECOLES (AVENUE DES);48,6891000;2,3478700
1809;202000002003;3;2;2020;06:30;5;33;33039;2;1;1;3;354 RTE DE TOULOUSE;44,7979400; -0,5688600
1810;202000002004;18;10;2020;11:45;1;31;31364;2;1;1;1;1 Chemin du Tucol;43,7217690;1,4814000
1811;202000002005;18;10;2020;12:49;1;12;12027;1;1;5;6;D920;44,5214750;2,7340290
1812;202000002006;23;8;2020;16:05;1;91;91286;2;9;1;6;ROUTE NATIONALE 7;48,6649820;2,3983020
1813;202000002007;1;2;2020;06:09;3;31;31555;1;1;2;6;VA007331 A620;43,5723187;1,4365611
1814;202000002008;23;8;2020;03:25;5;71;71153;2;1;1;6;VERDUN (AVENUE DE);46,8001370;4,4391835
1815;202000002009;18;10;2020;12:45;1;974;97414;2;1;1;7;Rue de la Palissade; -21,2825010;55,4197440
1816;202000002010;31;1;2020;23:55;5;31;31555;2;1;1;3;FITTE (ALL CHARLES DE) DU 39AU 109;43,6005100;1,4287600
1817;202000002013;2;2;2020;18:55;3;27;27681;1;1;2;1;IVRY (ROUTE D');49,0745000;1,4747000
1818;202000002014;21;8;2020;20:15;1;69;69256;2;1;1;1;MAURICE THOREZ                      (AV);45,7803194;4,9141395
1819;202000002015;17;10;2020;01:20;3;29;29226;1;1;1;1;D43 - Trefest Izella;48,0491120; -4,3919560
1820;202000002016;23;8;2020;20:45;1;64;64102;2;1;1;2;CAMAYOU (AVENUE);43,5055059; -1,4644155
1821;202000002017;17;10;2020;19:00;3;57;57738;1;1;1;7;RD86;49,1375160;7,4658750
1822;202000002018;23;8;2020;23:30;3;43;43089;1;1;1;2;RD 590;45,0564175;3,8407624
1823;202000002019;29;1;2020;14:25;1;26;26198;2;1;1;2;28 Avenue John Fitzgerald Kennedy;44,5550400;4,7365600
1824;202000002020;1;9;2020;10:00;1;51;51662;2;3;1;2;A34;49,2811420;4,1076356
1825;202000002021;3;2;2020;07:24;3;25;25056;1;1;2;6;RN57 - Rocade MONTBOUCONS;47,2635200;6,0060500
1826;202000002022;20;8;2020;21:30;5;42;42103;2;3;1;3;Rue Jean Jaurés;45,5062200;4,5708400
1827;202000002024;2;2;2020;03:45;5;22;22278;2;1;2;7;BREST (DE);48,5130500; -2,7684800
1828;202000002025;23;8;2020;22:55;3;37;37122;2;1;1;7;;47,3681934;0,6538319
1829;202000002026;17;10;2020;08:50;1;76;76504;1;2;1;3;300 Route de Fontaine;49,8081753;0,7530765
1830;202000002027;23;8;2020;16:40;1;37;37261;2;1;1;6;PAGES (ALLEE GASTON);47,4053318;0,7041708
1831;202000002028;18;10;2020;11:17;1;80;80722;1;1;1;2;D12;49,9584260;2,2259760
1832;202000002029;3;2;2020;15:30;1;14;14118;2;2;2;3;JUIN (BOULEVARD MARECHAL);49,2112340; -0,3628708
1833;202000002031;18;10;2020;16:35;1;82;82075;2;2;1;3;Rue des Nauzes;43,8335470;1,2877150
1834;202000002032;3;2;2020;09:30;1;13;13209;2;1;1;2;MICHELET (BOULEVARD);43,2615560;5,3975790
1835;202000002033;18;10;2020;18:20;2;63;63372;1;2;1;3;D224;45,9076428;3,3145351
1836;202000002034;23;8;2020;21:10;5;33;33009;2;1;1;-1;159 Boulevard de la Plage;44,6627300; -1,1632600
1837;202000002035;4;2;2020;01:00;5;13;13001;2;1;1;6;BELGES (AV DES);43,5252500;5,4446600
1838;202000002036;18;10;2020;17:25;1;61;61464;2;1;1;6;Rue d'Argentré;48,6045910;0,1740480
1839;202000002037;2;2;2020;17:32;1;11;11069;2;2;1;3;VERNE JULES -AVENUE-;43,2080000;2,3300000
1840;202000002038;23;8;2020;17:45;1;29;29051;1;1;1;6;D15 - Avenue de Coray;48,0098800; -4,0261000
1841;202000002039;18;10;2020;16:15;1;12;12131;1;1;1;6;D581;44,4170460;2,6437570
1842;202000002040;18;10;2020;17:00;1;41;41036;2;1;1;7;Rue des Genets;47,6100580;2,1675340
1843;202000002041;31;1;2020;17:30;1;11;11069;2;1;1;7;RODIN AUGUSTE;43,2143100;2,3368200
1844;202000002042;23;8;2020;18:00;1;15;15012;2;1;1;6;MILHAUD (AVENUE);44,9039700;2,4555500
1845;202000002043;17;10;2020;05:00;3;41;41135;2;1;1;6;52 Rue Marcel Bailly;47,2686770;1,8741140
1846;202000002044;30;1;2020;13:33;1;10;10297;2;3;2;6;DANTON (RUE);48,3218000;4,0992000
1847;202000002045;16;10;2020;11:00;1;86;86225;1;1;1;7;Bonnaide;46,8631250;0,0838350
1848;202000002046;23;8;2020;11:20;1;14;14437;1;9;1;-1;PERIPHERIQUE NORD (BOULEVARD);49,1710300; -0,3047600
1849;202000002048;17;10;2020;23:00;3;25;25502;2;1;1;6;Route de Salans;47,1638890;5,8173680
1850;202000002049;3;2;2020;07:30;2;06;06029;2;1;1;6;REPUBLIQUE (BOULEVARD DE LA);43,5594400;7,0208000
1851;202000002050;17;10;2020;05:30;5;29;29215;2;1;1;6;Rue de Pont-l'Abbé;47,9853830; -4,4095580
1852;202000002051;23;8;2020;23:15;5;13;13213;2;1;1;2;OLIVES (AVENUE DES);43,3264811;5,4384524
1853;202000002053;18;10;2020;02:00;3;38;38555;1;1;1;3;Route de la Côte Saint André;45,4620440;5,1333950
1854;202000002054;23;8;2020;12:50;1;13;13214;2;1;1;6;CLAUDE MONET (avenue);43,3240600;5,3933700
1855;202000002055;3;2;2020;09:45;1;06;06027;2;1;1;6;VERNE RUE JULES;43,6603000;7,1441000
1856;202000002056;18;10;2020;16:30;1;38;38560;2;1;8;1;Place de la Guinguette;45,4885400;5,4738900
1857;202000002057;31;1;2020;18:15;5;03;03001;2;2;1;3;Avenue de Vichy;46,0998120;3,4440826
1858;202000002059;2;2;2020;12:00;1;75;75118;2;4;2;6;ECHANGEUR CHAPELLE;48,9010700;2,3587500
1859;202000002060;17;10;2020;20:00;3;70;70045;1;1;8;1;D29;47,3163520;5,7720280
1860;202000002061;3;2;2020;11:15;1;75;75118;2;7;1;6;PLACE ALBERT KAHN;48,8960390;2,3462860
1861;202000002062;17;10;2020;11:15;1;58;58256;1;1;1;1;D153;47,3512680;2,9920470
1862;202000002063;23;8;2020;00:40;5;13;13208;2;4;1;1;pointe rouge (ave);43,2479280;5,3749500
1863;202000002064;17;10;2020;14:05;1;14;14743;1;1;1;7;D49;49,1597130; -0,0106220
1864;202000002065;2;2;2020;19:20;5;75;75117;2;1;2;2;RUE DE COURCELLES;48,8889940;2,2933610
1865;202000002066;22;8;2020;03:05;5;13;13201;2;1;1;6;RIVE NEUVE (QUAI DE);43,2935920;5,3721450
1866;202000002067;18;10;2020;17:00;1;10;10080;1;1;1;7;Route de Metz Robert;48,0635540;4,1292290
1867;202000002068;2;2;2020;01:07;5;75;75116;2;7;2;6;PLACE DU MARECHAL DE LATTRE DE TASSIGNY;48,8712920;2,2742940
1868;202000002069;18;10;2020;11:35;1;07;07288;1;1;1;3;D104;44,7209720;4,5351000
1869;202000002070;23;8;2020;15:20;1;75;75112;2;4;1;3;ECHANGEUR BERCY;48,8270420;2,3919420
1870;202000002071;17;10;2020;14:55;1;21;21663;2;1;1;6;8 Avenue de la Gare;47,5427440;4,4626970
1871;202000002072;23;8;2020;18:15;1;75;75106;2;1;1;6;RUE DAUPHINE;48,8545730;2,3392010
1872;202000002073;3;2;2020;14:35;1;75;75115;2;1;1;6;RUE OLIVIER DE SERRES;48,8364750;2,2976680
1873;202000002074;18;10;2020;00:45;1;68;68154;2;1;2;2;Ile Napoleon;47,7698350;7,3879520
1874;202000002075;23;8;2020;11:55;1;75;75120;2;2;1;3;RUE DES VIGNOLES;48,8540530;2,3999330
1875;202000002076;18;10;2020;05:50;2;973;97307;1;1;1;2;N2;4,8271977; -52,3385686
1876;202000002077;2;2;2020;22:35;5;75;75115;2;2;3;2;BOULEVARD LEFEBVRE;48,8297350;2,2956900
1877;202000002079;18;10;2020;04:10;3;988;98805;1;1;1;1;VE2 - Voie express; -22,1746490;166,4236450
1878;202000002080;23;8;2020;12:30;1;75;75119;2;3;1;3;QUAI DE L OISE;48,8894200;2,3809410
1879;202000002081;3;2;2020;10:05;1;75;75113;2;1;1;3;BOULEVARD DU GENERAL JEAN SIMON;48,8270300;2,3854700
1880;202000002082;18;10;2020;08:25;1;34;34336;1;1;1;2;autoroute A9, Pk 162+160;43,3227500;3,2686700
1881;202000002083;3;2;2020;00:25;5;75;75112;2;1;3;2;ECHANGEUR BERCY;48,8276290;2,3894710
1882;202000002084;22;8;2020;11:44;1;75;75113;2;2;1;-1;AVENUE DE LA PORTE D ITALIE;48,8180710;2,3598610
1883;202000002086;3;2;2020;22:30;5;75;75111;2;1;3;3;BOULEVARD DE MENILMONTANT;48,8635920;2,3864560
1884;202000002087;23;8;2020;15:40;1;75;75112;2;3;1;3;AVENUE DAUMESNIL;48,8442300;2,3816910
1885;202000002088;18;10;2020;15:45;1;66;66093;1;2;1;1;D618;42,5455716;2,9332257
1886;202000002089;3;2;2020;18:59;5;75;75111;2;2;1;6;BOULEVARD VOLTAIRE;48,8597590;2,3768600
1887;202000002090;16;10;2020;19:00;5;84;84092;1;1;1;6;Route de Sorgues (rd 907);43,9751440;4,8580280
1888;202000002091;23;8;2020;21:33;5;75;75107;2;2;1;3;BOULEVARD SAINT GERMAIN;48,8560690;2,3258990
1889;202000002092;15;10;2020;16:30;1;83;83071;2;1;1;6;Avenue Rouget de Lisle;43,1360910;6,2289420
1890;202000002093;3;2;2020;09:30;1;75;75111;2;1;8;3;RUE FROMENT;48,8569690;2,3730050
1891;202000002094;23;8;2020;21:00;2;75;75102;2;2;1;7;BOULEVARD DE BONNE NOUVELLE;48,8706770;2,3479180
1892;202000002095;18;10;2020;12:30;1;83;83063;1;1;1;6;Boulevard de l'Esplanade;43,3161150;6,4706800
1893;202000002096;3;2;2020;22:30;5;75;75118;2;2;3;6;AVENUE DE LA PORTE DE CLIGNANCOURT;48,8980620;2,3441300
1894;202000002097;17;10;2020;22:30;3;21;21564;1;1;1;6;D996;47,1266220;5,0977210
1895;202000002098;23;8;2020;16:20;1;94;94081;2;3;1;3;JULIAN GRIMAU (R);48,7790000;2,3730000
1896;202000002099;3;2;2020;15:10;1;75;75110;2;7;1;6;PLACE DU COLONEL FABIEN;48,8778190;2,3700130
1897;202000002100;18;10;2020;17:45;1;42;42147;2;1;1;6;Rue Paul-deschanel;45,6018520;4,0787010
1898;202000002101;23;8;2020;06:40;2;94;94073;1;1;1;6;VERSAILLES (AV DE);48,7552700;2,3851500
1899;202000002102;16;10;2020;16:50;1;01;01049;2;2;1;6;1029 Route Nationale;45,8446050;5,0346920
1900;202000002103;3;2;2020;18:20;5;75;75104;2;2;1;3;RUE DES FRANCS BOURGEOIS;48,8572490;2,3617570
1901;202000002104;23;8;2020;17:45;1;94;94081;2;1;1;3;CARRIERES (R DES);48,7994910;2,3894680
1902;202000002105;2;2;2020;14:40;1;94;94041;2;2;2;6;LENINE (R);48,8180400;2,3978600
1903;202000002106;23;8;2020;05:10;5;93;93077;2;9;1;7;NOISY (ROUTE DE);48,8831253;2,4967197
1904;202000002107;17;10;2020;18:05;1;01;01313;2;6;1;3;D35b;46,2545410;6,0806540