;Num_Acc;jour;mois;an;hrmn;lum;dep;com;agg;int;atm;col;adr;lat;long
1905;202000002108;23;8;2020;19:50;1;93;93010;2;1;1;3;BONDY (PONT);48,9051843;2,4701270
1906;202000002109;17;10;2020;16:30;1;17;17452;1;1;1;7;D25;45,7626130; -1,2155130
1907;202000002110;3;2;2020;10:20;1;94;94033;2;2;1;-1;DAME BLANCHE (AV DE LA);48,8445100;2,4508100
1908;202000002111;17;10;2020;07:45;3;86;86102;1;1;1;1;N149;46,6529530;0,1223030
1909;202000002112;2;2;2020;08:00;2;94;94002;2;1;2;2;JEAN BAPTISTE CLEMENT (QU);48,7981300;2,4206900
1910;202000002113;23;8;2020;07:57;1;93;93057;2;1;1;2;AV ARISTIDE BRIAND;48,9097125;2,5068168
1911;202000002115;17;10;2020;20:45;5;22;22384;2;3;1;7;5 Rue Paul Féval;48,2851850; -2,8340760
1912;202000002116;18;10;2020;07:13;2;59;59611;2;1;2;7;Rue de Wambrechies;50,6858280;3,0049860
1913;202000002117;1;2;2020;23:20;5;93;93046;2;2;2;3;BD ROBERT SCHUMANN / AV LUCIE AUBRAC;48,9282500;2,5493000
1914;202000002119;3;2;2020;02:41;5;93;93066;2;6;3;7;FRANCE ANATOLE ENTREE A86;48,9225417;2,3462689
1915;202000002120;23;8;2020;21:44;5;47;47069;1;1;1;6;1076 Route d'Agen;44,2192730;0,5836270
1916;202000002121;23;8;2020;18:15;1;01;01085;1;2;1;3;RD7;46,0854920;5,0257730
1917;202000002122;2;2;2020;17:00;1;93;93032;2;3;2;3;ROGER SALENGRO  (AVENUE);48,8717651;2,5665951
1918;202000002123;23;8;2020;12:00;1;11;11195;1;1;1;2;A61 PK 292.500 SENS NARBONNE / TOULOUSE;43,2683756;2,0085239
1919;202000002124;2;8;2020;19:00;1;76;76054;1;1;1;-1;CD149;49,9016330;1,3967950
1920;202000002125;24;8;2020;15:45;1;28;28409;1;1;1;6;A11;48,2767380;1,1844640
1921;202000002126;2;2;2020;12:10;1;92;92063;2;3;1;2;MARTIGNON (RUE);48,8861000;2,1807730
1922;202000002127;23;8;2020;20:20;2;83;83073;1;1;1;6;D97;43,3824630;6,3052790
1923;202000002128;23;8;2020;19:00;1;51;51063;1;1;1;7;D1;49,0880856;3,7812351
1924;202000002129;2;2;2020;22:00;5;92;92002;2;3;2;6;NATIONS  UNIES (RUE DES);48,7327040;2,3031960
1925;202000002132;31;1;2020;08:00;1;01;01290;1;1;8;3;D124;45,8585750;5,1993660
1926;202000002133;24;8;2020;05:30;2;71;71073;1;1;1;2;Autoroute A6 - PK 320.900;46,8769198;4,8186529
1927;202000002135;22;8;2020;15:05;1;68;68315;1;1;1;3;D431;47,8914560;7,1127890
1928;202000002136;2;2;2020;14:30;1;42;42294;1;1;1;7;Le Pont Maréchal;46,0183490;4,1027974
1929;202000002137;24;8;2020;17:30;1;44;44089;1;1;1;6;Malville;47,3395500; -1,8207480
1930;202000002138;31;1;2020;11:30;1;42;42239;2;1;1;6;Route du Ménard;45,9640310;3,9938660
1931;202000002139;23;8;2020;22:05;5;50;50393;2;6;1;1;D999 - PERCY;48,9111290; -1,1954820
1932;202000002140;2;2;2020;16:00;1;81;81273;1;3;1;3;N126;43,5791780;2,1479990
1933;202000002141;22;8;2020;08:45;1;51;51643;1;2;1;4;34 Le Pont de Bois;49,0088594;3,9162530
1934;202000002142;4;2;2020;17:25;1;974;97422;1;1;1;6;Rue du Paille En Queue; -21,3047100;55,5341470
1935;202000002143;23;8;2020;23:00;3;56;56020;2;1;1;6;18 Rue Saint Gildas;47,7776400; -2,4415870
1936;202000002144;3;2;2020;19:12;3;57;57690;1;1;2;1;D910a;49,0884190;6,6897890
1937;202000002145;3;2;2020;03:20;5;51;51389;2;1;2;7;Rue du 11 Novembre 1918;49,1318882;4,3170353
1938;202000002146;24;8;2020;10:20;1;56;56205;1;1;1;1;D780;47,5572990; -2,7136230
1939;202000002147;4;2;2020;18:00;3;60;60069;1;1;8;3;route communale 4;49,1416570;2,9675960
1940;202000002148;12;8;2020;12:00;1;74;74258;1;1;1;7;Route du Col de Joux Plane;46,1262510;6,7110160
1941;202000002149;23;8;2020;18:45;1;79;79188;1;1;1;3;;46,6887580; -0,6087650
1942;202000002151;25;1;2020;09:20;1;51;51374;1;4;1;3;D45/D439;48,7890008;3,7833558
1943;202000002152;23;8;2020;16:45;1;82;82112;1;1;1;5;Route de Laujol;44,1485560;1,1066580
1944;202000002153;24;8;2020;19:15;1;69;69066;1;1;1;2;CD 308;46,0610230;4,3123480
1945;202000002154;4;2;2020;10:05;1;51;51339;1;1;4;1;D2;48,8755830;4,4186440
1946;202000002156;4;2;2020;13:10;1;56;56078;1;6;8;3;Z.A. Pen Mané (Arrêt de bus);47,8070260; -3,4640350
1947;202000002158;24;8;2020;17:00;1;71;71351;2;1;1;2;25 Route de Lons-le-saunier;46,8798260;5,2694680
1948;202000002159;4;2;2020;09:15;1;77;77032;1;1;2;1;N4;48,7011330;3,2550110
1949;202000002161;2;2;2020;11:55;1;31;31351;1;1;1;3;Route de Mondonville;43,6771990;1,3064070
1950;202000002162;23;8;2020;16:53;1;22;22194;2;1;1;3;rue des Écoles;48,6517540; -3,6319620
1951;202000002163;4;2;2020;07:15;2;82;82044;1;1;1;6;1309 Route de Reynies;43,9323240;1,3815790
1952;202000002164;22;8;2020;15:15;1;29;29160;1;1;1;7;Lieu-dit Kerhuel;48,4838380; -4,4109620
1953;202000002165;4;2;2020;09:00;1;71;71187;1;1;2;4;N80;46,7493370;4,5053650
1954;202000002166;24;8;2020;11:30;1;15;15051;1;1;1;6;rd04;44,9828720;3,2899654
1955;202000002167;3;2;2020;23:30;3;61;61486;1;1;2;6;La Cocquetiere;48,7458370; -0,7199620
1956;202000002168;23;8;2020;19:30;1;72;72189;1;1;1;6;24 Rue de Bellevue;48,2507630;0,3115810
1957;202000002169;4;2;2020;16:35;1;29;29293;2;1;1;6;route de Nevez;47,8534782; -3,8432279
1958;202000002170;24;6;2020;23:30;3;50;50072;1;3;1;3;Route du Village Quintaine;49,0838380; -1,4811100
1959;202000002171;3;2;2020;20:00;3;29;29160;1;1;2;7;Lieu-dit Kergoat;48,4734421; -4,4825168
1960;202000002172;24;7;2020;19:00;1;45;45182;1;1;1;6;1795 Route de la Crimée;47,7082740;1,7721620
1961;202000002173;22;1;2020;07:40;1;38;38229;2;1;1;7;Allée de la Piat;45,2109400;5,7776600
1962;202000002174;24;8;2020;17:15;1;73;73128;1;1;1;-1;D1201 Route de l'Albanais;45,7152410;5,9173820
1963;202000002175;3;2;2020;18:15;5;02;02173;2;6;3;3;94 Rue Anciens Combattants Afn Tom;49,6278920;3,2363100
1964;202000002176;23;8;2020;07:45;1;18;18052;2;1;1;6;Rue Nationale;46,7311880;2,6380850
1965;202000002178;3;2;2020;12:55;1;70;70117;1;3;3;3;D619;47,6458929;6,7798490
1966;202000002179;23;8;2020;17:05;1;53;53051;1;1;1;7;N12;48,3516360; -0,5007310
1967;202000002180;3;2;2020;05:15;5;70;70011;2;1;3;1;38 Route des 3 Fontaines;47,8368430;6,4897870
1968;202000002181;23;8;2020;15:00;1;53;53029;1;1;1;6;La Potterie;47,7784580; -0,5795610
1969;202000002182;2;2;2020;22:30;5;70;70297;2;3;2;1;D5;47,6267310;5,6300640
1970;202000002183;6;8;2020;12:55;1;40;40231;2;3;1;2;2325 route de BAYONNE;43,5644600; -1,1805210
1971;202000002184;4;2;2020;07:15;2;72;72291;1;1;2;3;Le Point du Jour;47,7637050;0,0171980
1972;202000002185;18;8;2020;18:25;1;24;24015;1;1;7;7;Route de Proumeyssac;44,8851200;0,9436010
1973;202000002186;19;8;2020;14:30;1;37;37047;2;1;1;1;9 Rue de la Choisille;47,4957932;0,6972541
1974;202000002187;22;8;2020;12:20;1;30;30083;2;1;1;3;N113;43,7270260;4,2193400
1975;202000002188;4;2;2020;11:30;1;60;60037;1;1;1;-1;rd 1032;49,5832541;3,0751156
1976;202000002189;21;8;2020;21:50;3;30;30181;1;1;1;6;cd6110;43,8973360;4,1019990
1977;202000002190;3;2;2020;21:53;5;60;60477;2;1;3;2;Route du Pont Qui Penche;49,4186791;1,9468117
1978;202000002191;23;8;2020;01:10;5;08;08385;2;3;1;1;Rue des Genets;49,7638460;4,7698660
1979;202000002192;3;2;2020;21:25;3;16;16328;1;1;1;1;Chez Mestraud (Saint-Laurent-de-Belzagot);45,3806958;0,1157945
1980;202000002193;18;8;2020;16:40;1;31;31184;1;2;1;-1;24 Chemin Lalie Cisarol;43,5852560;1,5692210
1981;202000002194;3;2;2020;16:50;1;40;40157;1;1;1;1;Route des Lacs;43,9817910; -1,2780830
1982;202000002195;22;8;2020;03:36;3;67;67049;2;9;1;6;Rue du Lavoir;48,5036754;7,6079813
1983;202000002196;4;2;2020;17:30;1;85;85160;1;1;1;6;La Domangère;46,6168400; -1,4117900
1984;202000002197;24;8;2020;18:35;1;03;03277;1;1;1;2;A71;46,2801157;3,0503509
1985;202000002198;24;8;2020;17:10;1;42;42256;1;4;1;6;Route de l'Hospitalet;45,4801480;4,1903990
1986;202000002199;2;2;2020;18:45;3;13;13082;1;1;8;7;quartier Coustières;43,6442740;5,3192280
1987;202000002200;24;8;2020;11:14;1;57;57333;1;1;1;2;Hommarting;48,7496460;7,1411990
1988;202000002201;4;2;2020;11:40;1;38;38454;2;2;1;3;Route d'Izeron;45,1536310;5,3346800
1989;202000002202;4;2;2020;09:00;1;33;33122;1;3;1;1;Chemin de la Croix d'Hins;44,7324780; -0,7251350
1990;202000002203;23;8;2020;09:17;1;987;98725;1;1;1;5;Ahonu; -17,5625910; -149,4760510
1991;202000002204;3;2;2020;18:45;3;13;13065;1;1;1;2;D17;43,6837750;4,8909380
1992;202000002206;4;2;2020;09:00;1;13;13058;1;3;1;3;D17;43,7124100;4,8165180
1993;202000002207;23;8;2020;09:00;1;988;98830;1;1;2;7;RPN2; -20,9073300;165,1147000
1994;202000002208;4;2;2020;10:25;1;17;17264;2;1;1;6;6 avenue de la rochelle;46,2034840; -1,1605060
1995;202000002209;4;2;2020;01:50;3;95;95604;2;1;1;6;D1017;49,1173497;2,5329548
1996;202000002210;22;8;2020;17:00;1;973;97311;1;1;1;5;Route Apatou;5,4032170; -54,0623470
1997;202000002211;4;2;2020;10:00;1;38;38053;1;1;7;2;A43;45,5973400;5,2774400
1998;202000002212;23;8;2020;19:20;5;973;97304;2;1;1;1;Avenue de Pariacabo;5,1558720; -52,6596590
1999;202000002213;4;2;2020;06:15;5;84;84054;2;6;1;3;Rond point de villevieille;43,9218400;5,0478780
2000;202000002214;4;2;2020;06:23;2;38;38455;1;1;8;1;Route de Saint Romain de Joliénas;45,6460700;5,3019700
2001;202000002215;24;8;2020;06:30;1;971;97116;2;3;1;1;N5;16,3221470; -61,4183060
2002;202000002216;4;2;2020;07:45;2;81;81140;2;1;2;6;Avenue du Pont Saint Roch;43,7015210;1,8223090
2003;202000002217;22;8;2020;04:00;5;971;97117;1;1;3;6;Route de Saint Protais;16,2873270; -61,4191480
2004;202000002218;3;2;2020;18:45;5;33;33165;2;3;1;2;8 Avenue de Lignan;44,8229010; -0,4445820
2005;202000002221;30;1;2020;08:15;1;01;01248;1;1;1;6;A46N   14.305 A 17.210;45,8825200;4,8951200
2006;202000002222;15;8;2020;22:15;5;91;91386;2;8;1;6;Rue de Tournenfils;48,5739290;2,4483240
2007;202000002223;31;1;2020;13:40;1;69;69029;1;9;1;2;RD 383  ;45,7304000;4,8987000
2008;202000002225;30;1;2020;23:00;3;59;59515;1;1;2;-1;AUTOROUTE A2;50,3337200;3,4460830
2009;202000002226;23;8;2020;16:00;1;05;05063;1;1;1;-1;D1091;45,0362050;6,2219150
2010;202000002227;30;1;2020;19:30;3;59;59378;1;1;1;3;ROUTE NATIONALE 356;50,6444990;3,0949890
2011;202000002228;26;1;2020;18:10;3;59;59509;1;1;1;2;AUTOROUTE A21;50,3993406;3,1069207
2012;202000002229;24;8;2020;10:40;1;04;04039;2;3;1;3;RD 4085;43,8547110;6,5016160
2013;202000002230;3;2;2020;17:40;3;91;91340;1;1;2;4;AUTOROUTE A6;48,6057000;2,4361000
2014;202000002232;23;8;2020;17:15;1;57;57134;2;1;1;6;Rue de Verdun;49,1185420;6,0837270
2015;202000002233;1;2;2020;23:30;5;94;94034;1;1;2;2;AUTOROUTE A86;48,7603700;2,3201700
2016;202000002235;23;8;2020;19:15;1;74;74032;1;4;1;2;Route de Thonon;46,2662320;6,5371330
2017;202000002236;2;2;2020;11:00;1;92;92078;1;1;2;6;AUTOROUTE A86;48,9311347;2,3235192
2018;202000002238;24;8;2020;18:00;1;69;69220;1;1;1;6;D4;45,7496550;4,4591670
2019;202000002239;2;2;2020;05:40;3;93;93006;1;1;3;3;AUTOROUTE A3;48,8638800;2,4143300
2020;202000002240;24;8;2020;18:05;1;69;69003;2;1;1;2;Avenue Henri Barbusse;45,8615940;4,8352610
2021;202000002241;2;2;2020;00:10;3;95;95018;1;1;2;2;AUTOROUTE A15;48,9497000;2,2805200
2022;202000002242;14;8;2020;15:00;1;69;69163;2;1;1;3;Route du Grand Veissieux;45,9210800;4,7557280
2023;202000002243;2;2;2020;01:15;3;93;93027;1;1;2;1;BDL;48,9271000;2,4035000
2024;202000002244;3;2;2020;04:00;3;77;77122;1;1;2;6;RN104;48,6624223;2,6136211
2025;202000002245;2;2;2020;23:20;3;77;77146;1;1;3;-1;A4.Y;48,8315670;2,6463320
2026;202000002246;2;2;2020;18:29;5;69;69259;2;1;2;1;CORSIERE (DE LA)                    (R );45,6955000;4,8611000
2027;202000002247;2;2;2020;07:52;2;69;69276;2;6;2;6;FEYZIN (DE)                             ;45,6870700;4,8613900
2028;202000002248;20;8;2020;01:30;5;33;33109;2;2;1;5;D1113;44,6977390; -0,4472420
2029;202000002249;2;2;2020;00:30;5;95;95585;2;2;2;3;8 MAI 1945 (AVENUE DU);48,9782400;2,3677400
2030;202000002250;14;3;2020;07:00;3;72;72154;1;1;1;7;Route du Barreau;47,7223900; -0,0813620
2031;202000002251;2;2;2020;04:50;3;83;83069;1;1;1;6;GARDE (CHEMIN DE LA);43,1256500;6,0905700
2032;202000002252;23;8;2020;20:30;1;29;29238;1;1;1;6;D355;48,3105160; -4,5706990
2033;202000002253;23;8;2020;20:30;1;29;29238;1;1;1;6;D355;48,3104730; -4,5707090
2034;202000002254;2;2;2020;10:55;1;82;82121;1;1;1;1;1430 Route de Saint-nauphary;43,9937100;1,3869500
2035;202000002255;23;8;2020;13:00;1;29;29042;1;1;1;7;D8 - Lieu-dit Kerloch;48,2584560; -4,5545250
2036;202000002257;1;2;2020;11:00;1;77;77305;2;3;3;3;BATEAU (RUE DU) - D39;48,3898200;2,9460200
2037;202000002258;23;8;2020;18:31;1;60;60542;2;9;1;7;;49,4010530;2,1776530
2038;202000002259;2;2;2020;20:35;5;69;69266;2;3;1;3;MURIERS    (Rue des);45,7625695;4,8819208
2039;202000002260;2;2;2020;16:34;1;69;69256;2;1;2;2;8 MAI 1945 (DU)                     (AV);45,7887000;4,9083000
2040;202000002261;23;8;2020;15:50;1;59;59054;1;1;1;-1;Route Departementale 933;50,7611530;2,4220370
2041;202000002262;2;2;2020;18:25;2;64;64024;2;3;1;3;PLAGES (BOULEVARD DES);43,5181600; -1,5237400
2042;202000002263;23;8;2020;19:12;1;13;13005;1;1;1;4;A50-Sens Aubagne vers Marseille;43,2888800;5,5494800
2043;202000002264;2;2;2020;16:20;1;64;64024;2;1;1;2;SOURCES (PROMENADE DES);43,4971400; -1,5431200
2044;202000002265;22;8;2020;12:00;1;69;69290;1;1;1;6;A43   3.865 A 9.894;45,7011300;4,9707800
2045;202000002266;23;8;2020;00:20;3;69;69287;1;1;1;5;A43   9.894 A 13.029;45,6827524;5,0111167
2046;202000002267;1;2;2020;12:35;1;54;54079;1;1;3;7;RD 657;48,8734400;6,0628100
2047;202000002268;17;8;2020;20:50;1;42;42097;1;1;1;2;A72;45,5122100;4,3014500
2048;202000002269;22;8;2020;08:45;1;57;57764;1;9;1;6;Autoroute A.31;49,4544700;6,1208700
2049;202000002270;2;2;2020;04:02;3;45;45068;1;1;3;6;D 2007 -  PR 17 + 200;48,0150000;2,7397500
2050;202000002271;23;8;2020;19:45;1;91;91339;1;1;1;2;RN 104;48,6233900;2,2677200
2051;202000002272;2;2;2020;17:40;5;38;38544;2;1;2;1;Rue Lafayette;45,5283271;4,8725098
2052;202000002273;2;2;2020;12:15;1;35;35238;1;1;8;6;RN 136 PORTE DE BEAUREGARD;48,1234300; -1,7186100
2053;202000002274;23;8;2020;03:00;3;91;91689;1;1;1;2;AUTOROUTE A6A;48,7453000;2,3245400
2054;202000002275;2;2;2020;08:50;1;34;34172;2;2;1;3;ASSAS (AVENUE D');43,6170300;3,8611500
2055;202000002277;2;2;2020;22:30;5;33;33318;1;2;1;1;AVE DU GENERAL LECLERC;44,7823700; -0,6888700
2056;202000002278;22;8;2020;21:00;4;93;93029;1;1;1;6;AUTOROUTE A86;48,9195400;2,4281000
2057;202000002279;1;2;2020;22:20;5;14;14437;2;1;2;6;TOURVILLE (AVENUE DE);49,1853358; -0,3338853
2058;202000002280;22;8;2020;21:35;3;94;94074;1;1;1;7;RN406.Y;48,7679129;2,4522546
2059;202000002281;2;2;2020;20:30;5;13;13202;2;1;1;6;BASSINS DE RADOUB (BOULEVARD DES);43,3214000;5,3628000
2060;202000002282;2;2;2020;18:20;5;13;13210;2;1;1;-1;PONT DE VIVAUX (BOULEVARD);43,2816344;5,4238523
2061;202000002283;29;5;2020;17:20;1;67;67180;2;3;1;5;MOINES (RUE DES);48,8208816;7,7830378
2062;202000002284;2;2;2020;16:10;1;13;13201;2;1;1;6;CANEBIERE     70 A FIN;43,2976400;5,3815600
2063;202000002285;8;2;2020;03:50;5;05;05061;2;1;1;2;Rue Faure du Serre;44,5610900;6,0802300
2064;202000002286;2;2;2020;04:40;5;13;13210;2;1;1;2;ACIERIES (BOULEVARD DES);43,2767570;5,4036170
2065;202000002287;2;2;2020;03:50;5;07;07186;2;1;1;6;COUX (AVENUE DE);44,7349860;4,6046290
2066;202000002288;2;7;2020;16:18;1;987;98735;2;2;9;6;CLEMENCEAU (RUE); -17,5375900; -149,5621900
2067;202000002289;22;8;2020;20:20;1;69;69387;2;1;1;7;JEAN FRANCOIS RACLET                (AV);45,7341200;4,8383500
2068;202000002290;2;2;2020;15:00;1;06;06069;2;1;1;6;LAC (CHEMIN DU);43,6483000;6,9555000
2069;202000002291;22;8;2020;07:40;1;69;69259;2;1;2;-1;IRENE JOLIOT CURIE                  (BD);45,7158400;4,8782700
2070;202000002292;2;2;2020;03:05;5;75;75113;2;4;3;-1;PORTE D ITALIE;48,8173690;2,3661210
2071;202000002293;22;8;2020;18:10;1;972;97209;2;3;1;1;BISHOP (Avenue Maurice);14,6143300; -61,0513800
2072;202000002294;2;2;2020;22:28;5;75;75106;2;3;2;3;RUE DE SEINE;48,8562880;2,3366070
2073;202000002295;22;8;2020;11:04;1;972;97209;2;1;1;2;GENERAL DE GAULLE (BLD DU);14,6052700; -61,0645900
2074;202000002296;21;8;2020;17:15;1;2B;2B033;1;1;1;1;CARDO - RT INFERIEURE DE;42,6938600;9,4393900
2075;202000002297;2;2;2020;19:20;5;75;75106;2;1;2;6;BOULEVARD DU MONTPARNASSE;48,8463250;2,3175780
2076;202000002299;2;2;2020;12:05;1;75;75106;2;2;8;3;BOULEVARD SAINT GERMAIN;48,8513900;2,3431740
2077;202000002300;22;8;2020;14:30;1;95;95060;2;1;1;2;Rue de Pierrelaye;49,0364100;2,2096500
2078;202000002301;22;8;2020;14:55;1;91;91161;2;1;1;2;PIERRE BROSSOLETTE (AVENUE);48,6995990;2,3118320
2079;202000002302;2;2;2020;01:35;5;75;75105;2;2;2;4;RUE DES ECOLES;48,8489020;2,3474610
2080;202000002303;21;8;2020;04:45;5;91;91201;2;2;2;7;REPUBLIQUE (PLACE DE LA);48,6862000;2,4088400
2081;202000002304;2;2;2020;12:00;1;75;75119;2;2;2;3;AVENUE RENE FONCK;48,8804340;2,4083090
2082;202000002305;22;8;2020;16:30;1;83;83069;1;1;1;4;SALINS ( ROUTE DES VIEUX);43,1206600;6,1859000
2083;202000002307;22;8;2020;17:00;1;78;78551;2;1;1;5;VIDAL (RAYMOND);48,8968600;2,0800100
2084;202000002308;22;8;2020;20:55;2;78;78440;2;1;8;6;PIERRE PANLOUP (ALLEE);48,9843300;1,9131000
2085;202000002309;22;8;2020;23:00;3;77;77459;1;1;1;6;R.D. 78;48,5269769;3,3457017
2086;202000002310;22;8;2020;09:39;1;74;74010;2;2;1;3;JEAN JAURES;45,9036350;6,1273700
2087;202000002311;22;8;2020;06:20;1;71;71153;2;1;1;6;PRESIDENT WILSON (RUE DU);46,7952867;4,4258525
2088;202000002312;21;8;2020;17:00;1;71;71540;1;3;1;3;D984;46,7878501;4,4443368
2089;202000002313;22;8;2020;14:44;1;69;69256;2;3;1;1;8 MAI 1945 (DU)                     (AV);45,7882300;4,9125970
2090;202000002314;22;8;2020;12:30;1;60;60159;1;1;1;6;Rue Pierre Sauvage;49,4190700;2,8260700
2091;202000002315;21;8;2020;19:00;1;59;59512;2;1;1;3;VAILLANT (RUE EDOUARD);50,6719600;3,1717800
2092;202000002316;22;8;2020;08:50;1;59;59410;2;2;1;3;COLBERT RUE;50,6353900;3,1017600
2093;202000002317;21;8;2020;13:15;1;35;35238;2;6;1;1;COLLIN (RENE);48,1326114; -1,6902306
2094;202000002318;22;8;2020;09:40;1;34;34172;2;1;1;6;CHATEAU D'O (ROND-POINT DU);43,6311700;3,8425000
2095;202000002319;22;8;2020;04:35;5;33;33063;2;7;1;3;PCE RAVESIES;44,8662100; -0,5748900
2096;202000002320;22;8;2020;11:30;1;33;33009;2;1;1;6;MESTREZAT (BD);44,6519700; -1,1476400
2097;202000002321;22;8;2020;17:05;1;30;30189;2;1;1;6;FONTAINE (QUAI);43,8384000;4,3498000
2098;202000002322;21;8;2020;23:25;3;30;30189;1;2;1;3;MENDES FRANCE PIERRE (AVENUE);43,8143000;4,3965800
2099;202000002323;20;8;2020;09:15;1;29;29039;2;3;1;6;D322 - Rue de Trégunc;47,8719510; -3,9067380
2100;202000002324;21;8;2020;12:00;1;29;29019;2;2;1;1;56 Rue de Kermaria;48,4168997; -4,4870260
2101;202000002325;21;8;2020;22:45;2;25;25056;2;1;1;3;Avenue de Bourgogne;47,2215100;5,9729100
2102;202000002326;22;8;2020;20:54;1;17;17300;2;1;1;7;ROMPSAY   AVENUE DE;46,1610000; -1,1370500
2103;202000002327;22;8;2020;10:05;1;15;15014;2;1;1;6;MARCHANDE (RUE);44,9305360;2,4458920
2104;202000002328;21;8;2020;08:00;1;14;14578;1;1;1;6;R.D. 74;49,3686477;0,1327671
2105;202000002329;3;8;2020;16:48;1;14;14117;2;2;1;6;GUILLAUME LE CONQUERANT (AVENUE);49,2859364; -0,1225606
2106;202000002330;22;8;2020;21:35;5;13;13206;2;2;1;3;NOTRE DAME (BOULEVARD);43,2886910;5,3731030
2107;202000002331;22;8;2020;22:50;5;06;06088;2;1;1;6;SAINT-SIAGRE (R.);43,7057300;7,2657700
2108;202000002332;22;8;2020;21:10;5;06;06083;2;1;1;6;FRANCE (AVENUE PORTE DE,N°53 ET +);43,7841850;7,5174950
2109;202000002333;22;8;2020;11:40;1;06;06029;2;1;1;2;CROISETTE (BOULEVARD DE);43,5514100;7,0174900
2110;202000002334;21;8;2020;16:30;1;75;75116;2;1;1;2;PORTE DAUPHINE;48,8697840;2,2716840
2111;202000002335;21;8;2020;18:15;1;75;75113;2;1;1;-1;PORTE D ITALIE;48,8178840;2,3535100
2112;202000002336;22;8;2020;18:35;1;75;75105;2;2;1;6;RUE DES FOSSES SAINT MARCEL;48,8380900;2,3559530
2113;202000002337;22;8;2020;17:45;1;75;75120;2;1;1;3;AVENUE GAMBETTA;48,8633070;2,3890160
2114;202000002338;23;7;2020;10:55;1;2A;2A004;2;1;1;6;TERRASSES D'ASSUNTA RUE DES MAGNOLIAS;41,9455300;8,7522500
2115;202000002339;19;7;2020;15:48;1;91;91477;2;1;7;4;EMILE BAUDOT (RUE);48,7211000;2,2612000
2116;202000002341;22;7;2020;15:45;1;91;91223;2;1;2;7;GUETTARD (RUE J.E.);48,4448190;2,1670332
2117;202000002342;22;7;2020;20:45;1;91;91223;2;1;1;2;SAINT MICHEL (BOULEVARD);48,4502100;2,1720400
2118;202000002343;23;7;2020;10:49;1;87;87085;2;2;1;6;BARBES (RUE ARMAND);45,8390700;1,2608200
2119;202000002344;21;7;2020;18:55;1;85;85194;2;1;1;2;Avenue de Talmont;46,4817000; -1,7162000
2120;202000002345;22;7;2020;18:27;1;80;80021;2;1;1;6;RIOLAN (RUE);49,8884000;2,3185100
2121;202000002346;22;7;2020;18:55;1;76;76540;2;2;1;3;FRANCE. QUAI DE;49,4399000;1,0652000
2122;202000002347;22;7;2020;20:45;1;76;76351;2;1;1;1;SALVADOR ALLENDE (RUE);49,5045477;0,1400154
2123;202000002348;22;7;2020;16:55;1;74;74118;1;1;1;3;SAINT-JULIEN (ROUTE DE);46,1715200;6,2141400
2124;202000002349;22;7;2020;12:30;1;74;74012;2;1;1;6;BASTIN (RUE ALFRED);46,1917600;6,2374100
2125;202000002350;23;7;2020;13:30;1;74;74010;2;1;1;6;ALBIGNY (AVE);45,9017600;6,1302200
2126;202000002351;22;7;2020;21:20;5;73;73065;2;3;1;2;TURIN (AVENUE);45,5695318;5,9330445
2127;202000002352;22;7;2020;21:00;5;67;67043;2;1;1;1;DIGUE (CHEMIN DE LA);48,6137475;7,7625997
2128;202000002353;22;7;2020;07:40;2;67;67482;2;2;7;3;LYON (BOULEVARD DE);48,5749724;7,7339287
2129;202000002354;23;7;2020;15:50;1;64;64445;2;1;1;3;124 Boulevard Tourasse;43,3113100; -0,3652700
2130;202000002356;22;7;2020;15:50;1;64;64102;2;1;1;3;BAB (Boulevard);43,4925000; -1,4653000
2131;202000002357;22;7;2020;16:15;1;62;62277;1;1;1;1;departementale ;50,3920900;2,9420900
2132;202000002358;23;7;2020;17:05;1;61;61117;1;3;1;2;D1;48,4249380;0,0201490
2133;202000002360;19;7;2020;17:20;1;59;59360;2;9;1;1;CHEVALIER DE L'ESPINARD RUE;50,6142400;3,0275300
2134;202000002361;23;7;2020;11:00;1;52;52448;2;1;1;-1;27 Avenue de la République;48,6373810;4,9446780
2135;202000002362;23;7;2020;19:25;1;51;51454;2;2;7;3;Rue Jean Jaurès;49,2610094;4,0489804
2136;202000002364;22;7;2020;17:32;1;49;49007;2;1;1;3;TARDAT;47,4505700; -0,5527800
2137;202000002365;7;7;2020;11:39;1;44;44184;2;1;1;3;BROODCOORENS (RUE) DU 124 AU 176 - DU 11;47,2655500; -2,2515400
2138;202000002366;22;7;2020;20:30;1;42;42071;2;2;1;3;Rue Ayel Salasse;46,0275200;4,0840600
2139;202000002367;23;7;2020;14:35;1;42;42095;2;1;1;1;Rue de la Tour de Varan;45,3913100;4,2831300
2140;202000002368;23;7;2020;13:15;1;38;38151;2;1;1;2;Cours Jean Jaurès;45,1493700;5,7059700
2141;202000002370;23;7;2020;18:40;1;37;37261;2;3;1;2;VERDUN (RUE DE);47,4169302;0,6933571
2142;202000002371;23;7;2020;16:50;1;37;37122;2;1;1;4;RD 37;47,3727657;0,6533272
2143;202000002372;23;7;2020;23:00;5;35;35238;2;1;1;7;CLEMENCEAU (BD GEORGES);48,0940100; -1,6774000
2144;202000002373;23;7;2020;09:20;1;35;35238;2;1;1;3;HERVE (BD GAETAN);48,0905670; -1,6663940
2145;202000002374;14;7;2020;15:00;1;33;33039;2;2;1;6;BD JEAN-JACQUES BOSC / RUE LEON JOUHAUX;44,8155600; -0,5514300