;Num_Acc;jour;mois;an;hrmn;lum;dep;com;agg;int;atm;col;adr;lat;long
2146;202000002375;3;7;2020;17:15;1;33;33063;2;4;1;6;RUE DES IMPASSES / RUE CAMBON;44,8262700; -0,5533700
2147;202000002376;3;7;2020;13:20;1;33;33063;2;2;1;6;CRS DE LA MARNE / RUE KLEBER;44,8301800; -0,5697900
2148;202000002377;3;7;2020;07:29;1;33;33063;2;8;1;6;RUE CHARLES DOMERCQ;44,8253400; -0,5570400
2149;202000002378;23;7;2020;21:05;2;33;33009;2;1;1;7;OCEAN (BD DE L'.);44,6602300; -1,1907700
2150;202000002379;23;7;2020;00:20;5;31;31555;2;1;1;6;23 Boulevard d'Arcole;43,6113519;1,4397293
2151;202000002380;22;7;2020;21:05;2;30;30189;2;6;1;2;HAROUN TAZIEFF (ROND POINT);43,8313700;4,3815800
2152;202000002381;22;7;2020;09:35;1;27;27299;2;1;1;6;BRIAND (AVENUE ARISTIDE);49,0465700;1,1621700
2153;202000002382;23;7;2020;19:35;1;26;26362;2;3;1;3;7 Rue André Lhote;44,9102700;4,9191700
2154;202000002383;21;7;2020;17:35;1;22;22187;2;1;1;6;AVENUE DU TREGOR;48,5640060; -2,7583170
2155;202000002385;23;7;2020;17:25;1;17;17299;2;1;1;3;73 Rue du Breuil;45,9463500; -0,9680200
2156;202000002386;23;7;2020;16:05;1;15;15014;2;3;1;3;PUPILLES DE LA NATION (AVENUE DES);44,9197500;2,4391000
2157;202000002387;23;7;2020;01:45;5;13;13216;2;1;1;7;LITTORAL (CHEMIN DU);43,3526200;5,3378400
2158;202000002388;23;7;2020;04:45;5;13;13002;2;6;1;3;7 RMENT DE TIRAILLEURS ALGERIENS (AVENUE;43,3379687;5,4725470
2159;202000002389;23;7;2020;03:50;5;13;13206;2;1;1;3;PRADO (AVENUE DU);43,2840000;5,3848000
2160;202000002391;22;7;2020;11:20;1;13;13004;1;1;1;4;RTE N113 MARSEILLE A BORBEAUX;43,6781820;4,6111990
2161;202000002392;23;7;2020;15:16;1;10;10387;2;2;7;3;BLANQUI (RUE);48,2990000;4,0500000
2162;202000002393;22;7;2020;16:40;1;10;10387;2;3;1;3;JEAN LEGUISE (RUE);48,2903800;4,0717900
2163;202000002395;23;7;2020;11:00;1;06;06069;2;1;1;6;MADELEINE;43,6566770;6,9340980
2164;202000002396;22;7;2020;02:15;5;06;06004;1;6;1;6;NICE(RN.7) AV.ET RTE DE;43,6125580;7,1263620
2165;202000002398;23;7;2020;08:15;1;75;75113;2;4;1;4;BOULEVARD PERIPHERIQUE;48,8187110;2,3702520
2166;202000002399;21;7;2020;12:40;1;75;75118;2;1;1;7;BOULEVARD PERIPHERIQUE;48,9008470;2,3344370
2167;202000002400;22;7;2020;18:45;1;75;75112;2;1;1;2;RUE TRAVERSIERE;48,8495980;2,3750900
2168;202000002401;22;7;2020;15:32;1;75;75108;2;2;1;-1;RUE DE ROME;48,8819720;2,3204890
2169;202000002402;23;7;2020;18:30;1;75;75118;2;3;1;6;RUE MARX DORMOY;48,8868420;2,3596270
2170;202000002403;22;7;2020;12:00;1;75;75116;2;1;1;2;BOULEVARD PERIPHERIQUE INTERIEUR OUEST;48,8545390;2,2549230
2171;202000002405;23;7;2020;17:10;1;75;75114;2;3;1;6;RUE D ALESIA;48,8322290;2,3128690
2172;202000002406;22;7;2020;23:57;5;75;75113;2;2;1;3;PONT CHARLES DE GAULLE;48,8419180;2,3678890
2173;202000002408;23;7;2020;16:30;1;75;75109;2;1;1;3;BOULEVARD DE ROCHECHOUART;48,8834810;2,3483250
2174;202000002409;23;7;2020;10:40;1;75;75109;2;3;1;6;RUE SAINT LAZARE;48,8756870;2,3277740
2175;202000002411;23;7;2020;00:07;5;75;75108;2;7;1;6;PLACE DE L ALMA;48,8642830;2,3022390
2176;202000002412;23;7;2020;15:10;1;75;75107;2;2;1;3;AVENUE DE LOWENDAL;48,8494160;2,3037870
2177;202000002414;23;7;2020;17:00;1;75;75103;2;2;1;3;BOULEVARD DE SEBASTOPOL;48,8662330;2,3525340
2178;202000002415;23;7;2020;06:43;1;75;75104;2;2;1;3;QUAI DE GESVRES;48,8572300;2,3471120
2179;202000002416;22;7;2020;21:40;2;94;94081;2;3;1;3;ROUGET DE L ISLE (AV);48,7781000;2,3965000
2180;202000002417;23;7;2020;17:40;1;94;94067;2;7;1;6;JOFFRE (AV);48,8474200;2,4177500
2181;202000002418;22;7;2020;16:45;1;94;94041;2;1;1;1;JEAN COMPAGNON (QU);48,8194900;2,3983800
2182;202000002419;21;7;2020;16:10;1;94;94033;2;2;1;3;PARMENTIER (AV);48,8535530;2,4524220
2183;202000002420;23;7;2020;18:20;1;94;94054;2;2;1;3;VICTOIRE (AV DE LA);48,7451000;2,3887000
2184;202000002421;22;7;2020;13:50;1;94;94017;2;3;7;3;ROGER SALENGRO (AV);48,8201000;2,4817400
2185;202000002422;23;7;2020;21:50;5;93;93072;2;9;1;3;MAXIME GORKI (BOULEVARD) DES N°89 A ...;48,9454700;2,3866600
2186;202000002423;23;7;2020;16:10;1;93;93070;2;1;1;4;JEAN-JAURES (BD);48,9149000;2,3376700
2187;202000002425;23;7;2020;22:45;5;93;93048;2;1;1;6;PARIS (RUE DE);48,8578600;2,4349700
2188;202000002426;23;7;2020;17:55;1;93;93010;2;2;1;3;COCHIN (RUE DENYS);48,8990757;2,4922026
2189;202000002427;22;7;2020;18:20;5;92;92072;2;9;1;2;PAVE DES GARDES (ROUTE DU);48,8092392;2,2058699
2190;202000002429;23;7;2020;14:45;1;54;54238;1;1;1;4;RN57 sens EPINAL-NANCY;48,4116562;6,2328529
2191;202000002431;23;7;2020;14:00;1;83;83072;1;1;1;7;Chemin de la Table Ronde;43,5038730;6,3572480
2192;202000002432;23;7;2020;12:00;1;41;41137;1;1;1;7;D1;47,5215770;1,1338660
2193;202000002433;23;7;2020;18:35;1;81;81311;1;3;1;3;RD 612;43,7118820;2,2070930
2194;202000002435;23;7;2020;17:30;1;60;60196;2;1;1;6;Rue Désiré Bailly;49,3010242;2,0892921
2195;202000002436;23;7;2020;17:45;1;28;28309;1;1;1;7;Prunay-le-Gillon;48,3497470;1,6232300
2196;202000002437;24;7;2020;07:05;1;974;97414;2;1;1;1;Pln du Gol; -21,2838460;55,3953730
2197;202000002438;23;7;2020;01:45;5;59;59553;2;1;1;6;Avenue de l'Amitie;50,5944650;2,9648390
2198;202000002439;22;7;2020;01:25;5;57;57269;2;6;1;6;Route de Thionville;49,2988450;6,1914830
2199;202000002441;23;7;2020;18:10;1;56;56178;2;3;1;3;Quai Niemen;48,0659310; -2,9683850
2200;202000002442;21;7;2020;15:55;1;56;56175;2;6;1;6;D133;47,7363290; -2,9140700
2201;202000002443;24;7;2020;16:50;1;81;81242;1;3;1;3;D14;43,5153190;2,1380850
2202;202000002444;24;7;2020;07:30;2;61;61486;1;1;1;6;D22;48,7339030; -0,7055070
2203;202000002445;23;7;2020;18:10;1;61;61198;1;1;1;6;Le Vau Benard;48,8975650;0,2074690
2204;202000002447;23;7;2020;11:37;1;22;22232;1;6;1;3;D21;48,6414520; -2,8911420
2205;202000002449;24;7;2020;16:10;1;02;02373;2;1;1;3;24 La Chaussee de Hary;49,8085580;3,9186220
2206;202000002450;23;7;2020;14:05;1;02;02810;2;1;1;2;61 Avenue de la Ferté - Milon;49,2384610;3,0984290
2207;202000002451;23;7;2020;09:15;1;02;02543;2;1;1;3;43 rue Jean de la fontaine;49,1697550;3,2619520
2208;202000002452;23;7;2020;12:10;1;03;03284;1;1;1;7;Le Moutier;46,4004451;3,5812378
2209;202000002453;24;7;2020;17:25;1;03;03213;1;1;1;1;Route de Hérisson;46,4632717;2,6227127
2210;202000002454;24;7;2020;16:55;1;15;15019;1;1;1;6;PK 61+400 - Sens décroissant - D922;45,2990110;2,4026580
2211;202000002455;21;7;2020;10:00;1;70;70554;1;9;1;1;D48;47,8870250;5,9428100
2212;202000002456;24;7;2020;11:30;1;26;26113;2;1;1;4;1347 Boulevard du Marechal Leclerc;44,7510080;5,3728350
2213;202000002458;23;7;2020;18:05;1;04;04157;1;1;1;7;RD 953;43,8535673;6,1166423
2214;202000002459;23;7;2020;11:45;1;85;85116;1;4;1;3;Rue des Artisans;46,4212480; -1,3908920
2215;202000002460;14;7;2020;09:00;1;27;27643;1;1;2;7;N12;48,7501590;1,0302335
2216;202000002461;23;7;2020;05:40;2;30;30116;1;1;1;3;N100;43,9400830;4,6013030
2217;202000002462;24;7;2020;11:45;1;48;48089;1;3;1;3;D4;44,8444820;3,3632330
2218;202000002464;23;7;2020;17:30;1;34;34247;1;1;3;1;D145;43,7028780;3,8524890
2219;202000002465;14;7;2020;01:01;3;06;06088;1;1;2;6;Autoroute A8 - PK 186+000 CHAUSSÉE SUD;43,6715420;7,2015860
2220;202000002466;24;7;2020;09:15;1;38;38485;2;1;1;-1;Avenue de Grenoble;45,1714550;5,6959870
2221;202000002467;24;7;2020;18:30;1;69;69143;2;1;1;3;53 Avenue Carnot;45,8863968;4,8315037
2222;202000002468;24;7;2020;14:45;1;13;13051;1;1;1;2;autoroute A7, pk 240+600, sens nord/sud;43,5927630;5,1767920
2223;202000002469;23;7;2020;17:27;1;51;51205;1;1;1;2;A4;49,0339863;4,3901906
2224;202000002470;18;7;2020;13:15;1;973;97312;1;1;8;7;Barrage de Petit Saut;5,0606320; -53,0507030
2225;202000002471;23;7;2020;19:05;1;78;78068;1;1;1;7;A13;49,0350550;1,4616540
2226;202000002472;24;7;2020;14:32;1;2B;2B314;1;1;1;7;D81;42,6614210;9,2759800
2227;202000002473;24;7;2020;18:20;1;2A;2A041;1;1;1;3;T40;41,4031082;9,1588773
2228;202000002474;24;7;2020;16:50;1;84;84019;1;1;1;7;D243;44,3087410;4,7353860
2229;202000002475;22;7;2020;15:15;1;05;05014;1;1;1;6;D942;44,2681590;5,7628870
2230;202000002476;23;7;2020;09:00;1;13;13062;1;1;1;5;D8;43,4182350;5,4991720
2231;202000002477;20;7;2020;21:00;1;67;67519;1;1;1;1;Rue du Chemin de Fer;48,6705100;7,8252380
2232;202000002478;23;7;2020;19:30;1;67;67188;1;6;1;2;D1420;48,5303215;7,3810299
2233;202000002479;22;7;2020;20:55;1;54;54145;1;1;1;7;D2;48,6344401;6,3940001
2234;202000002480;23;7;2020;12:05;1;57;57620;2;1;7;6;5 Avenue Gambetta;49,1916220;6,0022150
2235;202000002482;24;7;2020;09:00;1;69;69127;2;1;1;1;Avenue des Alpes (Piste cyclable);45,7778434;4,7160985
2236;202000002483;19;7;2020;16:00;1;86;86123;1;1;1;7;D6;46,5600360;0,0434490
2237;202000002484;23;7;2020;08:25;2;72;72154;2;9;7;3;Avenue d'Obernkirchen;47,7013860; -0,0549320
2238;202000002485;24;7;2020;09:40;1;22;22173;1;3;8;1;D34;48,5591070; -2,5761440
2239;202000002487;23;7;2020;17:17;1;13;13202;2;1;1;2;A55-Sens Martigues vers Marseille;43,3087905;5,3664652
2240;202000002488;6;7;2020;16:15;1;13;13215;1;1;1;3;A7-Sens Marseille vers Lyon;43,3495940;5,3692850
2241;202000002489;23;7;2020;09:00;1;69;69297;1;1;1;5;A7  ;45,5963270;4,7963415
2242;202000002491;23;7;2020;18:40;1;33;33281;1;1;1;5;ROCADE A 630;44,8539300; -0,6648200
2243;202000002492;23;7;2020;10:35;1;33;33249;1;1;1;2;ROUTE NATIONALE 230;44,8793900; -0,5098000
2244;202000002493;23;7;2020;07:58;1;94;94003;1;1;1;5;AUTOROUTE A6A;48,8097100;2,3387900
2245;202000002494;12;2;2020;04:45;5;17;17300;2;1;8;6;RICHELIEU   RUE;46,1670300; -1,1578700
2246;202000002495;8;2;2020;19:33;3;17;17028;1;1;1;2;RN137;46,1450100; -1,1086600
2247;202000002496;7;2;2020;17:15;1;17;17300;2;1;8;4;REMPARTS   CHEMIN DES;46,1689900; -1,1520500
2248;202000002497;12;2;2020;14:30;1;17;17200;2;1;1;6;HUIT MAI 1945   AVENUE DU;46,1832500; -1,1524700
2249;202000002498;3;2;2020;11:15;1;17;17028;1;1;1;7;RN137;46,1438000; -1,1076000
2250;202000002499;2;2;2020;13:40;1;17;17200;2;2;8;7;CLAVIER   AVENUE DU;46,1808800; -1,1671200
2251;202000002500;2;2;2020;16:00;1;17;17291;2;2;8;3;BELGIQUE  RUE;46,1779400; -1,1190500
2252;202000002501;2;2;2020;03:24;5;17;17300;2;9;3;6;SCIERIE   RUE DE LA;46,1473800; -1,1529500
2253;202000002502;4;2;2020;09:10;1;17;17291;2;1;1;6;MARE  RUE DU FIEF DE LA;46,1794500; -1,1286500
2254;202000002503;29;1;2020;07:55;5;17;17291;2;1;2;3;EUROPE  AVENUE;46,1776900; -1,1168200
2255;202000002504;28;1;2020;13:55;1;17;17274;2;1;2;3;JOLIOT-CURIE   AVENUE;46,1546800; -1,1114900
2256;202000002505;23;1;2020;20:05;5;17;17300;2;2;2;3;AMELOT   RUE;46,1601900; -1,1464600
2257;202000002506;19;1;2020;07:20;5;17;17300;2;1;1;1;VERDIER   BOULEVARD ARTHUR;46,1622200; -1,1393200
2258;202000002507;21;1;2020;08:30;1;26;26057;1;1;8;2;Route d’Alixan;45,0068000;5,0370600
2259;202000002508;14;12;2020;05:30;4;22;22106;2;1;2;7;LANDELLE (RUE DE LA);48,4941800; -2,7234000
2260;202000002510;10;1;2020;06:25;3;76;76484;1;1;1;2;Autoroute A13, PK 111.680 en direction de paris;49,3379750;1,0720490
2261;202000002511;4;2;2020;14:25;1;92;92051;2;1;1;3;BINEAU (BOULEVARD, N°53 A 131 ET 52 A 13;48,8888755;2,2739229
2262;202000002512;18;2;2020;16:20;1;73;73232;1;1;1;5;D902;45,5573940;6,8988700
2263;202000002513;23;12;2020;15:00;1;62;62193;2;2;2;6;LILLE (RUE DE);50,9379200;1,8578200
2264;202000002514;18;12;2020;17:05;5;62;62765;2;9;1;6;AMIENS (RUE D'......);50,7439560;2,2599850
2265;202000002515;14;12;2020;16:15;2;62;62065;2;1;3;3;DUCLOS ( PLACE JACQUES);50,4133410;2,8332820
2266;202000002518;19;12;2020;19:50;5;94;94022;2;1;1;6;VICTOR HUGO (AV);48,7691321;2,4221045
2267;202000002519;21;7;2020;18:52;1;59;59512;2;2;1;3;NOTTE (RUE JEAN BAPTISTE);50,6780600;3,1854500
2268;202000002520;1;7;2020;23:15;5;59;59650;2;1;1;7;STALINGRAD (RUE DE);50,6953500;3,2071300
2269;202000002521;28;6;2020;15:55;1;59;59512;2;1;1;6;HOMMELET (RUE DE L');50,6964067;3,1821674
2270;202000002522;28;5;2020;20:50;1;59;59367;2;1;1;6;FRESNOY (RUE DU);50,6748000;3,2282000
2271;202000002523;20;5;2020;00:55;5;59;59512;2;2;1;3;MOTTE (AVENUE ALFRED);50,6738400;3,1930200
2272;202000002524;18;5;2020;20:00;1;59;59299;2;3;1;3;SCHWEITZER (AVENUE DU DOCTEUR);50,6687000;3,2016100
2273;202000002525;10;5;2020;07:40;2;59;59163;2;3;2;3;GARE (RUE DE LA);50,6753460;3,1443910
2274;202000002526;12;12;2020;12:09;1;74;74128;1;1;2;3;Route des vallées RD9;46,1519960;6,3344550
2275;202000002527;5;2;2020;16:50;3;35;35150;1;4;1;1;Chemin de la République;48,3330500; -1,2142180
2276;202000002528;29;10;2020;11:10;1;45;45232;2;3;2;6; Rue de la Source- Rue Jules Marie Simon ;47,8641700;1,9015400
2277;202000002529;27;10;2020;18:15;5;75;75116;2;4;2;4;BOULEVARD PERIPHERIQUE;48,8408080;2,2539150
2278;202000002530;24;10;2020;14:15;1;75;75107;2;2;2;6;BOULEVARD DE LA TOUR MAUBOURG;48,8599400;2,3101780
2279;202000002531;14;11;2020;23:40;5;74;74085;2;1;1;6;1438 Route de Notre Dame de la Gorge;45,8107720;6,7282780
2280;202000002532;26;10;2020;00:35;5;74;74154;1;1;1;6;route départementale 1005;46,4061420;6,6750130
2281;202000002533;10;11;2020;16:30;2;74;74116;1;3;5;3;372 Route de la Chapelle;46,0653150;6,2836610
2282;202000002534;18;11;2020;17:35;2;58;58194;2;3;2;6;MARCEAU;46,9923000;3,1597000
2283;202000002535;12;11;2020;12:57;1;75;75119;2;1;1;6;AVENUE DE FLANDRE;48,8861660;2,3714300
2284;202000002536;27;8;2020;09:15;1;974;97409;1;9;1;6;Avenue des Mascareignes; -20,9350100;55,6464400
2285;202000002537;22;6;2020;18:30;1;91;91105;2;1;1;6;11 Route d'Arpajon;48,5677880;2,1754780
2286;202000002538;25;10;2020;17:55;5;75;75112;2;2;3;2;PONT DE BERCY;48,8386260;2,3761890
2287;202000002539;8;10;2020;05:45;3;34;34300;1;1;1;3;A75 - PK 326+500;43,3830780;3,3087620
2288;202000002540;12;12;2020;09:35;1;38;38458;1;3;3;-1;Route de Vezeronce;45,6393700;5,4760300
2289;202000002541;12;7;2020;12:15;5;64;64422;1;1;1;1;1748 Route de Bayonne;43,2097660; -0,6407300
2290;202000002542;22;10;2020;17:15;1;52;52121;1;1;1;7;RD 65 A;48,1156800;5,1193100
2291;202000002543;16;10;2020;19:15;2;52;52121;2;1;1;2;THIERS (BLD);48,1089100;5,1406700
2292;202000002544;22;8;2020;19:06;1;52;52125;2;1;1;1;R.D. 162;48,1085400;5,1722500
2293;202000002545;15;9;2020;12:23;1;73;73290;1;1;1;7;D1006;45,2833400;6,8296060
2294;202000002546;19;6;2020;20:45;1;59;59616;2;9;1;3;EDOUARD VAILLANT (RUE);50,4721370;3,5657541
2295;202000002547;23;8;2020;09:11;1;76;76498;2;2;1;6;JAURES. AVENUE JEAN;49,4251700;1,0569700
2296;202000002548;10;9;2020;08:25;1;74;74133;1;1;1;1;ZONE (ROUTE DE);46,1776000;6,2140000
2297;202000002549;28;12;2020;18:25;5;43;43041;2;1;2;6;60 Avenue Charles Dupuy;45,0497200;3,9180100
2298;202000002550;23;12;2020;14:50;1;54;54280;2;1;3;6;FRANCHEPRE (RUE DE);49,2278200;6,0174800
2299;202000002551;6;2;2020;10:30;1;17;17028;2;1;1;2;FERRY   RUE JULES;46,1334400; -1,1191750
2300;202000002552;6;2;2020;14:45;1;17;17300;2;2;1;3;ALBERT IER   RUE;46,1630800; -1,1522200
2301;202000002553;3;2;2020;04:50;5;17;17274;2;6;1;3;LANGEVIN   AVENUE PAUL;46,1619400; -1,0935200
2302;202000002554;24;12;2020;01:25;5;09;09225;2;1;9;2;FOIX AVENUE DE;43,1079800;1,6177000
2303;202000002555;20;12;2020;21:20;5;09;09122;2;1;2;6;FAURE (COURS GABRIEL);42,9638300;1,6077000
2304;202000002556;18;12;2020;07:55;2;09;09122;2;1;1;2;BARCELONE (AVENUE DE);42,9601037;1,6157770
2305;202000002557;30;9;2020;14:22;1;34;34108;2;9;1;-1;MATTEMALE (CHEMIN DE);43,4365738;3,7243907
2306;202000002558;10;9;2020;21:55;3;34;34301;1;1;1;6;RD 612;43,3897000;3,6500000
2307;202000002560;22;7;2020;13:25;1;34;34301;1;1;1;1;AGDE (ROUTE DE);43,3659600;3,6131000
2308;202000002561;19;7;2020;18:10;1;34;34301;2;1;1;6;BARBUSSE HENRI (RUE);43,4051100;3,6937000
2309;202000002562;14;7;2020;13:40;1;34;34108;2;9;1;7;MONTPELLIER (ROUTE DE);43,4623200;3,7660000
2310;202000002563;29;6;2020;08:20;1;34;34108;2;9;1;3;INGRIL (AVENUE D');43,4471200;3,8004200
2311;202000002564;10;6;2020;20:45;2;34;34301;2;7;1;1;LECLERC PHILIPPE MARECHAL (PROMENADE);43,3928000;3,6913000
2312;202000002565;8;2;2020;16:53;1;72;72050;1;1;2;7;D35;47,9770100; -0,2412540
2313;202000002566;28;9;2020;10:50;1;78;78481;2;2;2;6;GENERAL LECLERC (AVENUE DU);48,8890000;2,0990000
2314;202000002567;7;10;2020;17:00;1;64;64445;2;1;1;6;MARGUERITE LABORDE;43,3000500; -0,3680600
2315;202000002568;26;7;2020;19:45;1;38;38544;1;1;1;7;CD 41;45,5244096;4,8852274
2316;202000002569;6;6;2020;10:00;1;30;30028;2;1;1;6;MAYRE (AVENUE DE LA);44,1567500;4,6226200
2317;202000002570;6;7;2020;19:45;1;35;35012;2;2;1;3;rue JM La Mennais;47,8409280; -1,6800810
2318;202000002571;30;11;2020;08:10;2;38;38544;2;4;1;3;Avenue Marcellin Berthelot;45,5399300;4,8702100
2319;202000002572;28;11;2020;17:00;5;38;38104;2;2;1;3;D1516;45,5819700;5,5815000
2320;202000002573;28;11;2020;16:40;1;38;38544;2;3;1;6;Quartier Lafayette;45,5278200;4,8988500
2321;202000002574;26;11;2020;16:15;2;38;38054;1;2;1;1;D52;45,7808300;5,4488800
2322;202000002575;25;11;2020;17:00;2;38;38053;2;3;1;3;Avenue de Champ - Fleuri;45,6038500;5,2702000
2323;202000002576;25;11;2020;09:35;1;38;38170;2;1;1;7;Route de Lyon;45,2505590;5,6649110
2324;202000002578;12;11;2020;17:10;2;38;38244;1;1;1;1;Route de Chalon - Route Départemntale 46;45,4342450;4,9322610
2325;202000002579;12;11;2020;10:40;1;38;38053;2;1;1;6;Avenue Henri Barbusse;45,5956200;5,2685400
2326;202000002580;20;10;2020;16:15;1;73;73300;1;1;1;1;Voie lacustre Bd Charcot;45,6797423;5,8938684
2327;202000002581;26;10;2020;04:50;4;42;42095;2;9;2;6;Rue Trémollet;45,3839700;4,2826100
2328;202000002582;22;12;2020;18:58;5;37;37261;2;1;2;6;ALOUETTE (AVENUE);47,3639600;0,6993500
2329;202000002583;10;1;2020;14:00;1;92;92044;2;1;1;3;RIVAY (RUE);48,8941461;2,2896529
2330;202000002584;15;6;2020;12:30;1;972;97213;1;1;1;2;RD 29 MORNE PITAULT;14,6202400; -60,9934300
2331;202000002585;2;12;2020;21:30;5;93;93048;2;1;8;3;BD DE CHANZY;48,8594000;2,4241700
2332;202000002586;18;11;2020;06:00;3;972;97213;2;1;1;3;ROUTE DEPARTEMENTALE 15;14,6215700; -61,0064800
2333;202000002587;11;9;2020;23:10;3;974;97407;2;1;1;7;MARINE(BOULEVARD); -20,9502000;55,2884000
2334;202000002588;8;6;2020;21:36;2;35;35115;2;1;1;6;10 rue Porte Saint-Léonard;48,3508170; -1,2041900
2335;202000002589;14;5;2020;17:10;1;24;24557;2;9;1;3;AUTOMOBILE (AVENUE DE L');45,2019100;0,7990800
2336;202000002590;12;5;2020;07:40;1;58;58194;2;1;1;6;GENERAL DE GAULLE;46,9881300;3,1539900
2337;202000002591;8;12;2020;17:25;5;60;60057;2;9;1;6;Rue de Buzanval;49,4331580;2,0862980
2338;202000002592;26;12;2020;19:30;5;94;94058;2;2;1;3;GABRIEL PERI (AV);48,8371560;2,5136410
2339;202000002593;23;10;2020;08:45;1;79;79329;2;2;8;3;Rue Ernest Pérochon;46,9863300; -0,2166200
2340;202000002594;3;12;2020;18:11;5;91;91345;2;3;2;6;RUE PDT FRANCOIS MITTERRAND;48,6954800;2,2944700
2341;202000002595;9;2;2020;05:00;5;13;13203;2;1;1;6;LOUBON (RUE);43,3124480;5,3807760
2342;202000002596;14;10;2020;22:15;5;75;75111;2;2;1;3;BOULEVARD VOLTAIRE;48,8561830;2,3828320
2343;202000002598;22;12;2020;10:40;1;19;19276;2;9;1;6;Super U (Supermarché);45,4398650;1,5618340
2344;202000002599;11;12;2020;16:05;1;01;01034;2;1;2;6;Boulevard du Mail;45,7594540;5,6903170
2345;202000002600;23;10;2020;06:45;4;14;14664;1;1;1;6;la halbrennière;49,1205680; -0,8163360
2346;202000002601;9;12;2020;13:50;1;973;97302;2;9;1;-1;RABAN (ROUTE DE);4,9346138; -52,3140085
2347;202000002602;4;12;2020;10:14;1;973;97302;2;3;1;3;ZEPHIR (ROCADE);4,9379938; -52,3064141
2348;202000002603;5;12;2020;16:14;1;63;63032;2;3;2;6;Rue de Montpoly;45,7511740;3,0798277
2349;202000002604;18;12;2020;18:55;3;91;91174;1;1;1;4;RN 104;48,6217200;2,4630500
2350;202000002605;23;9;2020;12:45;1;976;97611;2;1;1;6;kaweni-Grande Traverse (rue de la); -12,7651900;45,2252100
2351;202000002606;12;12;2020;08:40;1;976;97611;2;1;1;6;passamanty-Vahibé ( route ); -12,8010000;45,2071300
2352;202000002607;17;12;2020;07:15;1;976;97611;2;1;1;6;cavani-Baobab (ront point ); -12,7853700;45,2262200
2353;202000002608;20;12;2020;17:35;1;976;97611;1;1;1;6;vahibe-Departementale 3 ( route ); -12,7860300;45,1741000
2354;202000002609;22;12;2020;17:15;2;34;34172;2;1;5;6;GALOIS (ROND-POINT EVARISTE);43,6081040;3,9116200
2355;202000002610;31;7;2020;06:50;2;07;07204;2;4;1;3;Rue de Rascle;45,0121403;4,4016143
2356;202000002611;1;6;2020;15:00;1;19;19275;1;4;8;3;R.D. 1089 SUD;45,5280600;2,2949500
2357;202000002612;14;8;2020;05:00;5;18;18279;2;2;1;-1;REPUBLIQUE (AVENUE DE LA);47,2222700;2,0677000
2358;202000002613;21;12;2020;19:17;5;976;97611;1;1;1;6;kaweni-Centrale EDM (rue de la ); -12,7741800;45,2233600
2359;202000002614;16;9;2020;18:00;1;07;07204;1;4;1;3;D9;45,0169290;4,4028350
2360;202000002615;11;12;2020;17:05;5;68;68224;2;3;2;6;Rue des Vallons;47,7300197;7,3291065
2361;202000002616;18;2;2020;16:25;1;36;36044;2;1;1;6;Boulevard de Cluis;46,8063300;1,7003600
2362;202000002617;14;8;2020;12:49;1;976;97611;1;1;1;6;tsoundzou-Mangadzia  Tsoundzou 2 (rue ); -12,8196025;45,1962039
2363;202000002618;23;9;2020;15:45;1;75;75108;2;1;1;3;RUE DE LABORDE;48,8754890;2,3173680
2364;202000002619;24;12;2020;17:55;3;51;51078;1;1;2;1;D21;49,0923497;4,3531763
2365;202000002620;15;11;2020;16:03;1;971;97129;1;1;1;3;Le Comté de Lohéac;16,3436090; -61,7179460
2366;202000002621;29;9;2020;22:28;5;37;37214;2;1;1;7;LEBRUN (RUE HENRI);47,4008100;0,6788900
2367;202000002622;29;9;2020;07:44;1;37;37261;2;7;2;6;JAURES (PLACE JEAN);47,3897932;0,6891889
2368;202000002623;1;10;2020;15:50;1;75;75119;2;6;8;3;PLACE DU COLONEL FABIEN;48,8777590;2,3706020
2369;202000002626;7;8;2020;06:49;1;45;45234;2;1;1;6;Avenue Roger Secretain;47,8854700;1,8972000
2370;202000002627;10;7;2020;19:50;1;26;26362;2;1;1;2;CHABEUIL AVENUE DE (102);44,9309700;4,9030400
2371;202000002628;16;12;2020;19:20;3;69;69256;2;3;1;7;GEORGES DIMITROV                    (AV);45,7771300;4,9247200
2372;202000002629;22;11;2020;13:00;1;988;98802;1;1;1;7;PK 91 +250, RT1 OUAMENIE; -21,8497880;165,9366200
2373;202000002630;2;12;2020;16:32;1;29;29019;2;2;2;3;Boulevard de l’Europe;48,4162800; -4,4682600
2374;202000002631;26;8;2020;14:15;1;02;02408;2;1;1;6;TIMBAUD (RUE PIERRE);49,5631200;3,6364700
2375;202000002632;10;8;2020;15:50;1;976;97611;2;1;1;6;doujani-Mouhindi Hassani (rue ); -12,7932485;45,2162089
2376;202000002633;8;6;2020;11:55;1;976;97611;2;1;1;6;tsoundzou-Maternelle ( rue de la ); -12,8062100;45,2075100
2377;202000002634;14;5;2020;11:20;1;976;97611;2;1;1;6;passamanty-Manguiers (quartier les); -12,7997800;45,2033300
2378;202000002635;24;12;2020;16:57;1;976;97611;2;1;1;6;doujani-Mosquée doujani ( rue ); -12,7931100;45,2094600
2379;202000002637;24;10;2020;15:10;1;59;59122;2;1;2;6;DUNKERQUE (AVENUE DE);50,1823091;3,2357313
2380;202000002638;18;12;2020;16:55;2;22;22106;2;1;1;2;SEGUIN (RUE MARC);48,4924100; -2,7272800