;Num_Acc;jour;mois;an;hrmn;lum;dep;com;agg;int;atm;col;adr;lat;long
2613;202000002885;19;5;2020;15:45;1;94;94079;2;1;1;1;GENERAL DE GAULLE (R DU);48,8272160;2,5462370
2614;202000002886;19;5;2020;21:45;5;94;94002;2;1;1;3;BLANQUI (QU);48,8000200;2,4179600
2615;202000002887;19;5;2020;07:06;1;93;93073;2;2;1;5;rue de new york/ rue des acacias;49,0119791;2,5754488
2616;202000002889;19;5;2020;19:50;1;93;93064;2;1;1;2;PERI (BOULEVARD GABRIEL) 39 / 44 - FIN;48,8785164;2,4728885
2617;202000002891;19;5;2020;18:15;1;93;93063;2;1;1;2;R MARCEL ETHIS ;48,8775407;2,4436670
2618;202000002892;20;5;2020;14:25;1;93;93029;2;1;1;6;AV HENRI BARBUSSE;48,9169100;2,4452700
2619;202000002893;20;5;2020;18:05;1;93;93047;2;3;1;5;SCIENCES   (AVENUE DES);48,9056580;2,5810490
2620;202000002894;20;5;2020;18:40;1;93;93010;2;1;1;6;R JULES GUESDE;48,9036100;2,4772900
2621;202000002895;20;5;2020;17:00;1;93;93007;2;1;1;3;ABBE NIORT (RUE DE L');48,9407439;2,4339042
2622;202000002896;20;5;2020;11:50;1;93;93007;2;1;1;2;8 MAI 45 (AVENUE DU 184 AU 240)  Z1;48,9509827;2,4404476
2623;202000002897;20;5;2020;13:10;1;93;93001;2;3;1;3;AV JEAN JAURES / R EMILIE DUBOIS;48,9135151;2,4026937
2624;202000002898;19;5;2020;13:00;1;92;92022;2;1;1;6;SALENGRO (AVENUE ROGER);48,8141000;2,1926720
2625;202000002899;19;5;2020;12:20;1;92;92063;2;1;1;3;HUGO (AVENUE VICTOR);48,8844800;2,1780200
2626;202000002900;20;5;2020;16:00;1;92;92051;2;6;1;6;ROULE (AVENUE DU, N° 29 A 91 ET 30 A 86);48,8825561;2,2772149
2627;202000002901;31;3;2020;06:35;5;92;92035;2;3;1;6;Château (rue du)/ République (bd de la);48,9057900;2,2527700
2628;202000002902;20;5;2020;10:50;1;54;54104;1;2;1;3;Buissoncourt;48,6993460;6,3408790
2629;202000002903;21;5;2020;18:30;1;43;43189;1;2;1;3;RD 9;45,2976370;3,8811350
2630;202000002904;21;5;2020;17:30;1;95;95313;1;1;1;3;Avenue de Paris;49,1038751;2,2494528
2631;202000002905;20;5;2020;22:45;5;06;06161;1;1;1;2;Route du Bord de Mer;43,6255550;7,1327940
2632;202000002906;16;5;2020;04:45;3;972;97207;1;1;3;6;rn5;14,5588860; -60,9731020
2633;202000002907;20;5;2020;13:00;1;972;97217;1;1;1;1;N5;14,4503270; -60,8975870
2634;202000002908;21;5;2020;09:00;1;28;28024;2;1;1;7;Rue Jean de la Fontaine;48,4009660;1,4850960
2635;202000002910;21;5;2020;01:00;3;51;51276;2;1;1;7;4 Rue Saint Maurice;48,6913283;4,0160919
2636;202000002911;21;5;2020;19:45;1;51;51179;2;1;1;7;Rue d'Avat;48,9097408;4,6278301
2637;202000002912;21;5;2020;18:10;1;59;59546;1;1;1;2;D37;50,7805650;2,5641384
2638;202000002913;20;5;2020;17:00;1;11;11071;1;1;1;6;D106;42,9918058;2,7456218
2639;202000002914;20;5;2020;22:00;5;63;63420;2;1;1;7;14 Rue des Sables;45,8054470;3,3440550
2640;202000002916;20;5;2020;16:20;1;68;68218;1;1;1;7;Chemin de Didenheim;47,7272609;7,2762157
2641;202000002917;21;5;2020;11:15;1;25;25018;1;4;1;6;D31;47,3607680;6,5700120
2642;202000002918;20;5;2020;09:00;1;44;44069;2;1;1;6;9 Boulevard du Midi;47,3261410; -2,4308080
2643;202000002919;20;5;2020;16:35;1;29;29259;2;3;7;1;Rue de Morlaix;48,6783590; -3,9812670
2644;202000002920;19;5;2020;18:30;1;31;31280;1;1;1;7;Route de Bax;43,2446650;1,2879690
2645;202000002921;21;5;2020;18:00;1;02;02656;1;1;1;7;D22;49,3802210;3,8236710
2646;202000002922;21;5;2020;17:00;1;03;03152;1;1;1;6;;46,2327774;2,9629626
2647;202000002924;21;5;2020;20:00;1;72;72090;1;1;1;6;Lieu Dit les Galandais;48,0674980;0,4661680
2648;202000002925;21;5;2020;15:50;1;72;72087;1;1;1;-1;Le Grand Pre;47,9560050;0,7231180
2649;202000002926;16;5;2020;16:20;1;14;14254;1;1;1;2;Departementale 8;49,1444080; -0,4179310
2650;202000002927;21;5;2020;13:00;1;50;50410;1;1;1;3;RN 175 - lieu dit ''Cassouet'' Curey;48,5672930; -1,4709230
2651;202000002928;20;5;2020;05:08;3;64;64228;1;1;1;7;D29;43,3873350; -1,0203550
2652;202000002929;21;5;2020;16:35;1;73;73297;2;1;7;7;D201C;45,6471527;6,3179832
2653;202000002930;21;5;2020;12:35;1;18;18011;1;1;1;7;D176;47,5705180;2,3541000
2654;202000002931;20;5;2020;18:50;1;36;36231;1;1;1;3;Les Loges Brulées;46,6599810;1,6661420
2655;202000002932;20;5;2020;19:50;1;16;16134;2;1;1;7;12 Route de Chirac;45,8911930;0,6687140
2656;202000002933;20;5;2020;13:40;1;16;16181;1;1;1;2;Ld l'Allonge;46,0457020;0,6230300
2657;202000002934;21;5;2020;12:00;1;04;04163;1;1;1;2;RD 950;44,0958760;5,5127550
2658;202000002935;20;5;2020;15:56;1;04;04189;1;1;1;7;RD 952;43,7655150;5,9343660
2659;202000002936;21;5;2020;11:50;1;85;85101;1;1;1;3;Les Quatre Routes;46,4953120; -1,3903610
2660;202000002937;21;5;2020;12:30;1;48;48166;1;1;1;7;D983;44,2610290;3,6216530
2661;202000002938;21;5;2020;14:15;1;24;24084;1;1;1;7;34 La Coste;44,7949280;1,0295390
2662;202000002939;19;5;2020;11:00;1;34;34337;1;1;1;3;D 185;43,5395270;3,8890850
2663;202000002940;20;5;2020;21:00;1;38;38553;2;1;1;3;Rue Emile Zola;45,6089600;5,1569220
2664;202000002941;21;5;2020;17:00;1;68;68253;1;1;7;6;A36;47,7761580;7,5171340
2665;202000002942;5;5;2020;10:15;1;987;98729;2;1;1;6;RT 91; -17,4821220; -149,8087120
2666;202000002943;20;5;2020;15:10;1;971;97115;1;2;1;2;Cafeiere;16,2676050; -61,6496090
2667;202000002944;21;5;2020;11:20;1;13;13100;1;2;1;3;Chemin du Sablas;43,7967480;4,8019050
2668;202000002945;18;5;2020;19:35;1;67;67205;2;1;1;3;rue de la Gare;48,7024930;7,7773760
2669;202000002946;21;5;2020;11:45;1;54;54039;1;1;1;3;D935;48,4413890;6,7313700
2670;202000002947;20;5;2020;22:05;5;69;69159;1;1;1;7;3296 Route de Tarare;45,9766200;4,6769840
2671;202000002948;21;5;2020;13:15;1;85;85226;1;1;1;1;Route du Pissot;46,7308200; -1,9542700
2672;202000002949;19;5;2020;15:15;1;85;85161;1;1;1;6;La Gauterie;46,5616300; -1,5036830
2673;202000002950;20;5;2020;17:30;1;85;85176;1;1;1;1;D206;46,5073300; -0,8176500
2674;202000002951;20;5;2020;12:45;1;33;33080;1;1;1;2;AUTOROUTE A 62;44,7403600; -0,5357500
2675;202000002952;19;5;2020;19:15;1;59;59588;1;1;1;2;AUTOROUTE A16;51,0365244;2,4454394
2676;202000002953;20;5;2020;16:20;1;91;91553;1;1;1;7;RN 104;48,6316900;2,5014400
2677;202000002954;20;5;2020;10:15;1;93;93039;1;1;1;3;AUTOROUTE A86;48,9271500;2,3348500
2678;202000002955;20;5;2020;04:00;5;93;93008;1;1;1;6;AUTOROUTE A86;48,9132700;2,4347500
2679;202000002956;20;5;2020;21:45;3;94;94046;1;1;1;-1;A86 EXT;48,8126000;2,4491000
2680;202000002957;20;5;2020;18:05;5;94;94017;1;1;1;2;A86.EXT;48,8304153;2,4904233
2681;202000002959;24;2;2020;12:00;1;13;13070;2;3;1;3;SAVER (BOULEVARD HENRI);43,2826440;5,5299860
2682;202000002960;19;5;2020;19:48;5;973;97302;1;6;1;3;MADELEINE (ROUTE DE LA);4,9249828; -52,3237610
2683;202000002961;19;5;2020;09:38;1;973;97302;2;3;1;3;FELIX EBOUE(ROCADE);4,9296166; -52,3151082
2684;202000002962;19;5;2020;18:30;1;69;69383;2;3;1;3;FELIX FAURE                         (AV);45,7545600;4,8668200
2685;202000002963;19;5;2020;13:20;1;69;69286;2;1;1;6;MERCIERES (DES)                     (R );45,8151000;4,8765000
2686;202000002964;19;5;2020;09:10;1;69;69081;2;1;1;3;LOUIS CHIRPAZ                           ;45,7782900;4,7838100
2687;202000002965;17;5;2020;21:33;5;971;97113;2;1;1;1;ROUTE DE LA JACOTIERE;16,2387900; -61,4367300
2688;202000002966;18;5;2020;15:20;1;91;91692;2;3;7;6;VENDEE (RUE DE);48,6836700;2,1613100
2689;202000002967;18;5;2020;17:11;1;87;87065;2;1;1;2;VALIN (AVENUE MARTIAL);45,8146600;1,3175900
2690;202000002968;17;5;2020;23:40;5;83;83123;2;1;1;6;BANDOL (ROUTE)N° PAIRS;43,1312440;5,7813920
2691;202000002969;18;5;2020;16:15;1;81;81163;2;1;1;3;GAMBETTA (PLACE);43,4910300;2,3756500
2692;202000002970;18;5;2020;19:55;1;80;80021;2;3;1;3;ROBERT LE COQ (RUE);49,9038200;2,2737800
2693;202000002971;18;5;2020;13:15;1;78;78402;2;1;1;6;RUE DES LIGNEUX;48,9549740;1,7997640
2694;202000002972;19;5;2020;17:18;1;77;77530;1;1;1;3;DEPARTEMENTALE 403;48,5906800;3,3532400
2695;202000002973;18;5;2020;00:29;5;76;76575;2;1;1;3;VELAY. RUE DU;49,3744700;1,0975100
2696;202000002974;17;5;2020;16:35;1;76;76212;2;3;1;3;CARNOT. RUE SADI;49,4408600;1,1471200
2697;202000002975;19;5;2020;18:35;1;69;69282;2;1;2;1;HECTOR BERLIOZ                      (R );45,7627825;5,0077163
2698;202000002976;18;5;2020;14:20;1;67;67482;2;3;1;3;LAUSANNE (RUE DE);48,5754300;7,7558500
2699;202000002978;18;5;2020;12:20;1;64;64102;2;6;1;3;LEGION TCHEQUE (AVENUE DE LA);43,4936000; -1,4916000
2700;202000002980;19;5;2020;20:30;1;57;57751;2;1;1;6;ECOLES (RUE );49,1475800;6,1667900
2701;202000002981;19;5;2020;19:05;1;57;57412;2;1;7;6;GENERAL DE GAULLE (RUE DU );49,1162900;6,1412000
2702;202000002982;19;5;2020;09:25;1;56;56098;2;6;1;3;KESLER-DEVILLERS ( AV. );47,7672800; -3,3395700
2703;202000002983;19;5;2020;15:05;1;56;56107;2;1;1;3;LE GUEN (RUE  JULES );47,7153600; -3,3733000
2704;202000002984;18;5;2020;18:20;1;54;54395;2;2;1;3;GRANDVILLE (RUE);48,6992257;6,1805210
2705;202000002985;19;5;2020;18:35;1;51;51474;2;1;1;2;Rue de Bernex;49,2799551;4,0047543
2706;202000002986;19;5;2020;20:53;1;51;51108;2;2;1;-1;Rue Maurice Colin;48,9468352;4,3400204
2707;202000002987;18;5;2020;16:40;1;41;41018;2;1;1;7;MARE (RUE DE LA);47,5958200;1,3234900
2708;202000002988;17;5;2020;21:20;2;41;41018;2;1;1;2;GAMBETTA (AVENUE);47,5839000;1,3207000
2709;202000002989;18;5;2020;08:45;1;37;37261;2;1;1;7;FEBVOTTE (RUE);47,3754147;0,6813215
2710;202000002990;19;5;2020;10:50;1;34;34172;2;2;1;2;GANGES (ROUTE DE;43,6363500;3,8478600
2711;202000002991;19;5;2020;20:06;1;33;33522;2;3;1;2;BD DU PDT FRANKLIN ROOSEVELT / RUE REGIS;44,8182200; -0,5780900
2712;202000002993;19;5;2020;17:30;1;33;33075;1;9;1;5;RTE DU MEDOC / ROCADE A630 -E7-;44,8796760; -0,6269014
2713;202000002994;19;5;2020;16:02;1;33;33063;2;1;1;1;97 Rue Detrois;44,8421000; -0,6135300
2714;202000002995;19;5;2020;11:40;1;33;33529;2;3;1;5;D217 Bd dy Pyla;44,6333400; -1,1639700
2715;202000002996;4;3;2020;21:16;3;71;71040;1;1;2;6;Route de Montchanin;46,7074491;4,4272535
2716;202000002997;19;5;2020;01:35;5;30;30189;2;3;1;7;ETOILE (RUE);43,8364800;4,3581200
2717;202000002998;26;2;2020;09:20;1;70;70388;2;6;1;2;RD457;47,6172600;6,1341300
2718;202000003000;4;3;2020;16:00;3;66;66136;1;1;2;-1;D900;42,7282400;2,8798500
2719;202000003002;4;3;2020;09:40;1;64;64445;2;3;3;3;HAUTERIVE;43,3248630; -0,3574190
2720;202000003003;14;5;2020;15:00;1;14;14242;2;1;6;2;RD N° 7 (DE CAEN A DOUVRES );49,2189300; -0,3666200
2721;202000003004;5;3;2020;17:10;1;64;64102;2;1;2;5;SOULT (AVENUE MARECHAL);43,4864300; -1,4883700
2722;202000003005;19;5;2020;14:20;1;13;13213;2;1;1;4;CHATEAU GOMBERT CHEMIN;43,3446500;5,4230340
2723;202000003006;19;5;2020;15:00;1;13;13213;2;1;1;1;CHATEAU GOMBERT CHEMIN;43,3427800;5,4485100
2724;202000003007;5;3;2020;05:41;5;63;63113;2;6;1;3;BREZET (AVENUE);45,7798708;3,1315039
2725;202000003010;19;5;2020;13:00;1;13;13209;2;1;1;3;GASTON RAMON (BOULEVARD);43,2671200;5,3966800
2726;202000003011;18;2;2020;13:40;1;62;62525;2;1;1;6;DELACROIX (RUE EUGENE......);50,7440400;2,2621900
2727;202000003012;19;5;2020;14:30;1;13;13208;2;1;1;3;PRADO (AVENUE DU);43,2820000;5,3859800
2728;202000003013;2;3;2020;12:15;1;62;62841;2;9;3;6;MITTERAND ( RUE FRANCOIS );50,5419743;2,6084107
2729;202000003014;27;2;2020;19:15;5;59;59043;2;1;2;6;LILLE (RUE DE);50,7359900;2,7402600
2730;202000003015;19;5;2020;01:50;5;13;13212;2;3;1;6;PIERRE BERANGER (RUE);43,3116290;5,4433430
2731;202000003016;3;3;2020;20:35;3;57;57306;2;1;1;6;MARNE (RUE DE LA);49,3350400;6,0546900
2732;202000003017;17;5;2020;23:20;5;13;13206;2;3;2;3;DOCTEUR ESCAT (RUE);43,2840230;5,3848060
2733;202000003018;5;3;2020;07:00;5;57;57463;2;1;2;3;LYON (AVENUE DE );49,1263200;6,1899600
2734;202000003019;4;3;2020;19:45;3;56;56121;2;1;2;-1;Pénétrante de Lorient RD 465;47,7619900; -3,3817800
2735;202000003020;18;5;2020;18:15;1;13;13213;2;1;2;3;CHATEAU GOMBERT CHEMIN;43,3592500;5,1500300
2736;202000003021;18;5;2020;18:35;1;13;13207;2;1;3;1;Corniche John Fitzgérald Kennedy;43,2862240;5,3512290
2737;202000003022;4;3;2020;18:07;1;54;54079;2;2;1;3;SAULE (RUE DU);48,8762400;6,0488600
2738;202000003023;15;5;2020;19:30;1;13;13213;2;9;1;6;PEYPIN (RUE DE);43,3263718;5,4215866
2739;202000003024;4;3;2020;15:50;1;52;52121;1;1;1;7;RD 101;48,0958900;5,1127400
2740;202000003025;18;5;2020;07:17;1;10;10333;2;1;1;6;CHARLES DERNUET (RUE);48,2889980;4,0660610
2741;202000003026;5;3;2020;11:34;1;51;51454;2;1;2;3;Boulevard du Val de Vesle;49,2294205;4,0756172
2742;202000003028;5;3;2020;11:50;1;51;51454;2;1;2;7;Rue Andre Chenier;49,2138653;4,0257290
2743;202000003029;19;5;2020;00:05;3;09;09225;2;1;1;6;IRIS RUE DES;43,1053442;1,6228856
2744;202000003030;18;5;2020;17:43;1;09;09225;1;1;1;3;BELPECH ROUTE DE;43,1292100;1,6562300
2745;202000003031;4;3;2020;15:10;1;51;51454;2;1;1;4;Rue Gutenberg;49,2750922;4,0026175
2746;202000003032;17;5;2020;16:55;1;05;05061;2;6;1;7;FAUVINS ( ROUTE  DES );44,5638300;6,0956100
2747;202000003033;4;3;2020;17:47;1;49;49007;2;1;1;7;CAMUS BOULEVARD;47,4863400; -0,5757300
2748;202000003035;4;3;2020;15:42;1;49;49007;2;1;1;-1;LEROY PLACE;47,4649800; -0,5486800
2749;202000003036;19;5;2020;16:10;1;75;75105;2;2;1;6;BOULEVARD SAINT GERMAIN;48,8494410;2,3544180
2750;202000003037;4;3;2020;08:07;1;49;49007;2;1;1;1;BREMONT;47,4657800; -0,5594400
2751;202000003038;19;5;2020;01:10;5;75;75120;2;1;1;6;RUE DU PRESSOIR;48,8688210;2,3832850
2752;202000003039;5;3;2020;16:30;1;45;45232;2;3;3;1;Avenue du Parc Floral;47,8500930;1,9295970
2753;202000003040;19;5;2020;15:25;1;75;75114;2;2;1;6;BOULEVARD DE PORT ROYAL;48,8393680;2,3375030
2754;202000003041;5;3;2020;15:00;1;45;45234;2;3;3;1;Avenue de la Mouillere - Rue des roses;47,8861340;1,9074210
2755;202000003042;19;5;2020;11:25;1;75;75113;2;2;1;3;BOULEVARD DU GENERAL JEAN SIMON;48,8241750;2,3767950
2756;202000003043;21;1;2020;05:19;5;44;44109;2;1;1;6;BOULEVARD DE LA VENDEE;47,1933460; -1,5283200
2757;202000003044;19;5;2020;17:10;1;75;75112;2;2;1;6;RUE CHALIGNY;48,8470060;2,3837820
2758;202000003047;5;3;2020;15:29;1;37;37261;2;3;2;-1;PLESSIS (ALLEE DU);47,3846387;0,6961669
2759;202000003048;19;5;2020;13:30;1;75;75110;2;3;1;6;RUE DU TERRAGE;48,8771560;2,3635060
2760;202000003049;26;2;2020;16:05;1;35;35288;2;3;1;6;MOKA ( 2 AVENUE DE);48,6556080; -2,0043290
2761;202000003050;18;5;2020;17:10;1;75;75109;2;3;1;3;BOULEVARD DE ROCHECHOUART;48,8823180;2,3420070
2762;202000003051;19;5;2020;19:10;1;75;75108;2;6;1;6;AVENUE MATIGNON;48,8694110;2,3109220
2763;202000003052;6;3;2020;01:00;5;35;35238;2;1;1;3;MITTERAND (MAIL FRANCOIS);48,1099300; -1,6868700
2764;202000003053;19;5;2020;19:40;1;75;75101;2;3;1;6;RUE DE RIVOLI;48,8660290;2,3250450
2765;202000003054;5;3;2020;13:15;1;35;35238;1;1;2;4;CHARLES TILLON (RUE);48,1244800; -1,7133000
2766;202000003055;19;5;2020;11:25;1;75;75102;2;5;1;6;BOULEVARD DES CAPUCINES;48,8699130;2,3280060
2767;202000003056;5;3;2020;07:15;2;35;35051;1;6;2;2;Boulevard des Alliés;48,1023600; -1,6101900
2768;202000003057;19;5;2020;00:10;5;75;75104;2;3;1;-1;BOULEVARD BEAUMARCHAIS;48,8548160;2,3687270
2769;202000003058;4;3;2020;08:20;1;35;35238;2;1;2;3;FOUGERES (RUE DE);48,1249900; -1,6571700
2770;202000003059;19;5;2020;21:25;2;94;94081;2;1;1;3;LUCIEN FRANCAIS (AV);48,7859600;2,3874000
2771;202000003060;2;3;2020;16:30;1;34;34301;2;1;9;6;MOULINS (QUAI DES);43,4089600;3,7030700
2772;202000003061;19;5;2020;13:55;1;94;94081;2;3;1;1;JULES GUESDE (QU);48,7880400;2,4208100
2773;202000003062;19;5;2020;09:50;1;94;94068;2;2;1;3;CHATEAU (AV DU);48,7898800;2,5149600
2774;202000003064;4;3;2020;20:15;3;33;33162;1;1;3;2;Avenue du Médoc;44,8935600; -0,6683900
2775;202000003065;19;5;2020;12:40;1;94;94046;2;3;1;3;GENERAL LECLERC (AV DU);48,8116400;2,4300300
2776;202000003066;5;3;2020;08:55;1;32;32013;1;3;2;1;PESSAN (ROUTE DE);43,6299000;0,6170000
2777;202000003067;18;5;2020;16:10;1;94;94019;2;2;1;3;PLESSIS (RTE DU);48,8000000;2,5500000
2778;202000003069;19;5;2020;17:00;1;93;93066;2;1;1;3;LENINE (AVENUE) NR 28 A 62 ET 13 A 41;48,9427980;2,3644560
2779;202000003070;4;3;2020;21:45;5;31;31555;2;1;2;3;RTE DE LABEGE;43,5673900;1,4997100
2780;202000003071;18;5;2020;23:45;5;93;93049;2;1;1;6;R ESTIENNE D'ORVES;48,8574100;2,5110000
2781;202000003072;19;5;2020;19:10;1;93;93048;2;1;1;3;CUVIER (RUE);48,8510033;2,4237262
2782;202000003073;4;3;2020;19:45;5;31;31555;2;2;2;3;RUE MARIE CLAIRE DE CATELLAN;43,6268000;1,4443100
2783;202000003074;19;5;2020;21:30;5;93;93047;2;2;1;3;AV JEAN JAURES / ALL DE GAGNY;48,8989000;2,5464000
2784;202000003075;5;3;2020;20:50;3;29;29039;2;1;1;6;Rue des Martins Pêcheurs;47,8730240; -3,8880527
2785;202000003076;19;5;2020;13:30;1;93;93008;2;1;1;5;VAILLANT COUTURIER (AVENUE PAUL);48,9084495;2,4516314
2786;202000003079;5;3;2020;19:15;3;14;14079;2;9;2;3;CD 27;49,3071400;0,0409900
2787;202000003080;19;5;2020;15:10;1;93;93001;2;1;1;3;ALL GABRIEL RABOT ;48,9141540;2,4019960
2788;202000003081;5;3;2020;15:45;1;14;14118;2;1;1;1;GAILLON (RUE DU);49,1883800; -0,3652400
2789;202000003082;19;5;2020;20:36;2;92;92047;2;1;1;6;JARDY;48,8280297;2,1516138
2790;202000003083;4;3;2020;08:10;1;13;13056;1;4;1;2;ROUTE DE SAINT PIERRE;43,3765000;5,0647500
2791;202000003084;19;5;2020;01:45;5;92;92064;2;1;1;2;MARCEL DASSAULT;48,8563840;2,2232550
2792;202000003085;5;3;2020;21:30;5;13;13213;2;1;1;1;BARRY (BOULEVARD);43,3177190;5,4094010
2793;202000003086;19;5;2020;17:35;1;92;92036;2;1;1;2;LOUIS ROCHE (AVENUE) (153/203);48,9309070;2,3069110
2794;202000003087;19;5;2020;20:45;1;92;92012;2;2;1;3;JEAN JAURES (BOULEVARD) 1/61 - COTE IMPA;48,8458590;2,2370160
2795;202000003088;5;3;2020;19:40;5;13;13208;2;1;1;3;RAYMOND TEISSERE (RUE);43,2732440;5,3990760
2796;202000003089;19;5;2020;10:35;1;92;92002;2;1;1;6;MEDITERRANEE (RUE DE LA);48,7377500;2,2881500
2797;202000003090;5;3;2020;18:08;2;13;13214;2;9;2;3;ROLAND DORGELES (BOULEVARD);43,3463000;5,3803000
2798;202000003091;19;5;2020;13:55;1;08;08053;2;1;1;6;77 Rue Flamanville;49,6794940;4,9769460
2799;202000003092;5;3;2020;14:50;1;13;13214;2;1;2;3;Louis VILLECROZE (Bld);43,3200800;5,3920090
2800;202000003093;5;3;2020;12:10;1;13;13208;2;9;1;6;MAZARGUES (AVENUE DE);43,2598300;5,3953000
2801;202000003094;16;3;2020;14:00;1;24;24462;1;2;8;3;Bassy;45,0258280;0,3464130
2802;202000003095;4;3;2020;07:55;1;13;13213;2;3;1;3;OLIVES (AVENUE DES);43,3265800;5,4381700
2803;202000003096;18;5;2020;12:30;1;28;28088;2;1;1;6;Route de Tours;48,0605390;1,3300160
2804;202000003098;5;3;2020;18:15;2;11;11069;2;1;2;6;LECLERC AV. DU GENERAL IMPAIRS A PARTIR;43,2106481;2,3626729
2805;202000003099;20;5;2020;15:20;1;01;01427;1;1;1;1;D933;45,9532830;4,7561470
2806;202000003100;5;3;2020;10:40;1;11;11069;2;9;2;1;PAPIN DENIS -BD-;43,2079000;2,3127000
2807;202000003101;20;5;2020;17:45;1;50;50487;1;1;7;7;A84;48,5406480; -1,3408900
2808;202000003102;4;3;2020;13:53;1;10;10333;1;1;1;6;ROCADE OUEST (RD 610);48,2717400;4,0482400
2809;202000003103;19;5;2020;19:45;1;19;19161;1;3;1;3;RD5;45,2373280;1,3485180
2810;202000003105;19;5;2020;20:15;1;56;56032;1;3;1;1;Beaurepaire;47,9382580; -2,2847750
2811;202000003106;5;3;2020;05:45;5;75;75114;2;1;2;6;PORTE DE GENTILLY;48,8170950;2,3349820
2812;202000003107;19;5;2020;10:30;1;56;56165;2;7;7;6;Place de la Mairie;47,9307420; -2,3971340
2813;202000003108;15;5;2020;12:40;1;59;59307;1;6;1;7;D300;50,8499100;2,2081070
2814;202000003109;5;3;2020;08:15;1;75;75105;2;1;2;6;BOULEVARD SAINT MICHEL;48,8452480;2,3396930
2815;202000003112;15;5;2020;13:15;1;67;67234;1;3;1;3;D338;48,9845313;7,0456807
2816;202000003113;7;5;2020;15:00;1;67;67191;1;1;1;2;D919;49,0275989;7,0802123
2817;202000003114;5;3;2020;17:50;2;75;75117;2;3;3;3;BOULEVARD DES BATIGNOLLES;48,8820600;2,3196340
2818;202000003115;20;5;2020;09:00;1;82;82161;1;6;1;3;Route de l'Ormeau;44,0425820;1,4572390
2819;202000003116;4;3;2020;00:19;5;75;75116;2;5;1;3;AVENUE D IENA;48,8722860;2,2952960
2820;202000003117;19;5;2020;20:35;1;69;69070;2;1;1;6;Chez Chavanis 45 rue du Lac;46,0144542;4,3765685
2821;202000003118;5;3;2020;08:50;1;75;75114;2;2;2;3;RUE HALLE;48,8289320;2,3311580
2822;202000003119;5;3;2020;07:50;1;75;75114;2;1;2;3;RUE RAYMOND LOSSERAND;48,8290260;2,3081980
2823;202000003120;20;5;2020;19:40;1;61;61005;2;4;1;1;Route de Saint Germain;48,3441530;0,5568860
2824;202000003121;5;3;2020;10:33;1;75;75105;2;7;2;3;PLACE VALHUBERT;48,8448180;2,3639480
2825;202000003122;20;5;2020;19:55;2;61;61072;1;1;1;3;Route de Pontchardon;48,9409090;0,2692670
2826;202000003123;5;3;2020;19:35;5;75;75111;2;2;2;3;AVENUE PARMENTIER;48,8668710;2,3733610
2827;202000003124;20;5;2020;10:30;1;49;49211;1;2;7;3;D156;47,1529380; -0,5178810
2828;202000003125;20;5;2020;19:55;1;49;49241;1;1;1;7;Le Petit Loiron;47,4847290; -0,4437020
2829;202000003126;5;3;2020;18:45;5;75;75111;2;1;3;3;RUE OBERKAMPF;48,8658090;2,3780300
2830;202000003127;18;5;2020;15:50;1;46;46030;1;1;1;1;D39;44,7872150;1,7925900
2831;202000003128;2;3;2020;00:50;5;75;75107;2;2;2;6;QUAI BRANLY;48,8606462;2,2954796
2832;202000003129;3;3;2020;22:50;5;75;75104;2;2;1;3;BOULEVARD BOURDON;48,8493280;2,3665760
2833;202000003131;4;3;2020;14:40;1;75;75101;2;2;2;1;AVENUE GENERAL LEMONNIER;48,8609500;2,3300090
2834;202000003132;5;3;2020;19:35;5;94;94080;2;1;2;3;FONTENAY (R DE);48,8482530;2,4374830
2835;202000003133;4;3;2020;15:50;1;94;94042;2;1;2;6;Avenue Jean Jaurès;48,8210000;2,4640000
2836;202000003134;3;3;2020;13:45;1;94;94042;2;9;1;2;Avenue du Général Galliéni;48,8201042;2,4737973
2837;202000003135;5;3;2020;15:35;1;94;94044;2;1;3;6;HENRI BARBUSSE (R);48,7558000;2,4841000
2838;202000003136;5;3;2020;18:00;2;94;94076;2;1;3;7;GENTILLY (R DE);48,7994200;2,3535500
2839;202000003137;5;3;2020;09:15;1;94;94069;2;2;2;3;MARECHAL DE LATTRE DE TASSIGNY (AV);48,8240599;2,4199623
2840;202000003139;5;3;2020;17:15;1;93;93064;1;1;3;2;DE GAULLE (AV DU GENERAL) 0 / 56 - 47;48,8800900;2,4757300
2841;202000003140;5;3;2020;16:45;1;93;93015;1;9;2;5;RTE STRATEGIQUE;48,9244200;2,5742100
2842;202000003142;5;3;2020;05:35;5;93;93001;2;9;2;3;AV DE LA REPUBLIQUE;48,9070650;2,3886950
2843;202000003143;19;2;2020;21:05;5;92;92078;2;9;1;3;MARECHAL LECLERC (AVENUE) (N° IMPAIRS);48,9382780;2,3241590
2844;202000003144;5;3;2020;09:25;1;92;92072;2;1;2;1;VILLE D'AVRAY (RUE DE );48,8259015;2,2009993
2845;202000003145;5;3;2020;17:55;2;92;92049;2;1;3;6;PERI RUE GABRIEL N°37 A 99;48,8194270;2,3142839
2846;202000003146;5;3;2020;08:20;1;92;92049;1;1;2;7;BRIAND AVENUE ARISTIDE N°1 A 129;48,8185041;2,3256732
2847;202000003147;5;3;2020;08:30;1;92;92036;2;1;2;-1;LOUISE MICHEL (BD) (IMPAIRS);48,9221420;2,3200190
2848;202000003148;5;3;2020;20:15;5;92;92062;2;1;2;2;DE DION BOUTON (QUAI) DU 1 AU 28;48,8755374;2,2386722
2849;202000003149;5;3;2020;17:40;2;92;92024;2;2;3;6;PIERRE DREYFUS (RUE);48,9036913;2,3205047
2850;202000003150;2;3;2020;23:40;5;92;92024;2;2;1;3;CLICHY (QUAI DE) DE (8 A 60)/ CLICHY (PONT DE);48,9084400;2,3000800