;Num_Acc;jour;mois;an;hrmn;lum;dep;com;agg;int;atm;col;adr;lat;long
2851;202000003151;5;3;2020;19:05;5;92;92012;2;3;2;3;PIERRE GRENIER (AVENUE);48,8328460;2,2535970
2852;202000003152;5;3;2020;12:45;1;92;92012;2;3;2;3;SEVRES (RUE DE) 1/55 - 2/40;48,8326496;2,2292255
2853;202000003153;6;3;2020;13:40;1;02;02124;1;1;1;2;A26;49,7405220;3,4002360
2854;202000003154;5;3;2020;16:00;1;27;27230;2;9;2;6;Rue Clovis Vigny;48,8670610;1,4173870
2855;202000003155;1;3;2020;21:00;3;54;54137;1;1;4;1;D172;49,4785260;5,7016680
2856;202000003156;5;3;2020;21:50;3;36;36006;1;1;2;6;A20;46,5837010;1,4934540
2857;202000003157;6;3;2020;13:50;1;2B;2B096;2;9;1;6;68 Colombo;42,2993570;9,1543420
2858;202000003159;6;3;2020;09:45;1;76;76711;2;1;1;2;D925 D;50,0399450;1,3971350
2859;202000003160;5;3;2020;19:30;3;68;68365;1;1;2;5;D83;48,0498860;7,3161920
2860;202000003161;6;3;2020;00:35;3;31;31100;1;1;2;6;D11;43,2979640;1,6243670
2861;202000003163;6;3;2020;12:20;1;50;50394;2;6;1;3;43 Rue de Saint-lô;49,1856520; -1,4050480
2862;202000003164;6;3;2020;08:00;1;83;83025;1;1;1;2;D560;43,5261490;5,9558770
2863;202000003165;6;3;2020;12:20;1;60;60220;2;1;1;-1;Route Nationale 31 les Landrons;49,4410044;1,8707137
2864;202000003166;4;3;2020;17:50;2;64;64499;1;1;2;1;D17;43,4747660; -0,9585950
2865;202000003167;5;3;2020;21:10;5;10;10360;2;1;6;6;14 Rue Richebourg;48,2293760;4,0387460
2866;202000003169;5;3;2020;11:30;1;23;23190;1;1;3;6;2 La Croix de l'Arbre;46,0588820;2,2759620
2867;202000003172;6;3;2020;07:45;1;28;28367;1;1;1;2;A10;48,1395000;1,8550000
2868;202000003173;6;3;2020;11:00;1;976;97616;2;1;1;6;Rue du commerce; -12,8529280;45,1076890
2869;202000003174;6;3;2020;05:45;2;987;98729;1;1;1;6;RT 91; -17,5701580; -149,7953330
2870;202000003175;5;3;2020;17:15;1;987;98729;1;1;1;-1;PK 4.5 RT 91 VAIARE; -17,5331020; -149,8386240
2871;202000003176;5;3;2020;15:34;1;77;77343;1;1;3;6;D401;49,0234050;3,0666660
2872;202000003177;6;3;2020;08:00;1;78;78246;1;3;1;3;rue de la Paix;49,0310910;1,7579540
2873;202000003178;5;3;2020;18:50;3;84;84145;1;1;2;1;D111;43,9137960;5,3975200
2874;202000003179;6;3;2020;17:30;1;13;13110;2;1;1;1;7 Avenue Marx Dormoy;43,4474390;5,6902690
2875;202000003180;6;3;2020;16:15;1;88;88308;1;1;1;1;D674;48,3454680;5,6577660
2876;202000003181;4;3;2020;18:00;1;26;26271;1;1;8;-1;Avenue du Vercors;45,0150860;4,8551420
2877;202000003182;3;3;2020;19:05;5;01;01262;2;6;1;1;450 Faubourg de Lyon;45,8481830;5,0470879
2878;202000003183;27;2;2020;17:00;1;27;27439;1;1;1;-1;N154;49,0687280;1,1803060
2879;202000003185;28;2;2020;04:35;3;57;57039;1;1;1;2;Autoroute A31;49,0630700;6,1115800
2880;202000003186;5;3;2020;10:30;1;33;33080;1;1;2;2;AUTOROUTE A 62;44,7301900; -0,5295300
2881;202000003187;3;3;2020;12:00;1;59;59013;1;1;1;4;AUTOROUTE A27;50,5998050;3,1935520
2882;202000003188;5;3;2020;13:40;1;91;91235;1;1;2;7;RN 104;48,6264900;2,3522800
2883;202000003189;5;3;2020;13:00;1;91;91521;1;1;2;3;RN 104;48,6362400;2,4091600
2884;202000003190;5;3;2020;09:30;1;94;94021;1;1;2;5;AUTOROUTE A6A;48,7667000;2,3436000
2885;202000003191;5;3;2020;07:00;2;94;94076;1;1;2;3;AUTOROUTE A6B;48,7918400;2,3447400
2886;202000003192;5;3;2020;15:46;1;78;78073;1;1;2;4;A12 Y;48,8015220;2,0467060
2887;202000003194;5;3;2020;03:40;3;95;95527;1;1;2;6; A1;48,9991500;2,5205500
2888;202000003195;4;3;2020;19:50;3;95;95607;1;1;2;3; A115;49,0125500;2,2213000
2889;202000003196;4;3;2020;18:30;1;95;95572;1;1;2;3;RN 184;49,0378200;2,1230800
2890;202000003197;25;2;2020;08:15;1;93;93010;1;1;2;2;AUTOROUTE A3;48,9065400;2,4724700
2891;202000003198;5;3;2020;20:45;3;77;77373;1;1;2;7;N104;48,7650704;2,6149062
2892;202000003199;5;3;2020;16:37;1;94;94017;1;1;2;4;A4;48,8267061;2,5150986
2893;202000003200;5;3;2020;12:15;1;94;94065;1;1;2;6;A86 INT;48,7539700;2,3512800
2894;202000003201;2;1;2020;02:10;5;63;63075;2;1;1;6;THERMES (AVENUE DES);45,7685100;3,0584000
2895;202000003202;4;1;2020;18:15;5;59;59178;2;1;1;6;GUYNEMER (RUE GEORGES);50,3719500;3,0567000
2896;202000003203;27;2;2020;01:50;5;988;98818;2;1;1;6;PROMENADE ROGER LAROQUE; -22,3032500;166,4373500
2897;202000003204;4;3;2020;19:50;5;69;69388;2;1;1;3;JEAN MERMOZ                         (AV);45,7339199;4,8771187
2898;202000003205;4;3;2020;17:50;1;69;69276;2;1;1;6;LOUIS GRENIER                           ;45,6746000;4,8599000
2899;202000003206;8;1;2020;06:10;1;971;97113;2;9;1;6;SECTION GRANDE RAVINE;16,2161237; -61,4789826
2900;202000003208;4;3;2020;17:15;1;91;91687;2;3;2;3;VICTOR SCHOELCHER (AVENUE);48,6592550;2,3732300
2901;202000003209;4;3;2020;18:30;2;91;91201;2;2;2;3;HENRI BARBUSSE(BOULEVARD);48,6741400;2,4120000
2902;202000003210;4;3;2020;07:50;1;91;91027;2;1;1;6;J B DE LA SALLE (RUE);48,7000000;2,3825000
2903;202000003211;4;3;2020;07:28;2;91;91021;2;3;1;3;JAURES JEAN (BOULEVARD);48,5886000;2,2457200
2904;202000003212;4;3;2020;08:45;1;83;83069;1;1;1;3;PIERREFEU (ROUTE DE) RD 12;43,1616418;6,1240436
2905;202000003213;3;3;2020;10:45;1;80;80021;2;1;1;6;GENERAL LECLERC (RUE DU );49,8942900;2,2930500
2906;202000003214;4;3;2020;18:00;1;78;78440;2;2;2;6;avenue de la République;48,9860170;1,9146540
2907;202000003215;3;3;2020;14:45;1;76;76108;2;3;3;6;POUCHET. RUE MAX;49,4704100;1,1149700
2908;202000003216;3;3;2020;20:03;5;74;74012;2;3;1;1;CHABLAIS (RUE DU);46,1975000;6,2384800
2909;202000003217;14;2;2020;14:40;1;73;73011;2;6;1;3;OLIVET (CHEMIN DE);45,6656657;6,3679782
2910;202000003218;4;3;2020;19:00;5;72;72181;2;1;2;2;MENDES FRANCE PIERRE (AV);48,0072100;0,1995300
2911;202000003219;4;3;2020;13:14;1;72;72181;2;1;2;6;EINSTEIN ALBERT (RUE);48,0323690;0,1744290
2912;202000003220;28;2;2020;08:10;1;69;69290;2;2;1;3;CITE BERLIET (DE LA)            (BD);45,7047500;4,9155700
2913;202000003221;3;3;2020;09:45;1;69;69029;2;2;1;6;GENAS (DE)                          (RO);45,7484000;4,9175000
2914;202000003222;4;3;2020;17:00;5;64;64335;2;3;2;4;EUROPE DE L';43,3349600; -0,4569800
2915;202000003223;4;3;2020;23:35;5;64;64348;2;9;1;7;ERCKMAN CHATRIAN;43,3276700; -0,3931000
2916;202000003225;2;3;2020;15:38;1;63;63113;2;1;1;2;SAINT JEAN (BD);45,7820300;3,1181700
2917;202000003227;25;2;2020;16:00;1;62;62041;2;2;1;6;TEMPLE ( DU );50,2801480;2,7852750
2918;202000003228;1;3;2020;05:45;2;60;60159;1;1;1;6;Départementale 1131;49,3927600;2,8015400
2919;202000003229;4;3;2020;11:30;1;59;59131;1;6;1;3;HOOGHE-PORTE;50,9919000;2,3533200
2920;202000003230;25;2;2020;10:45;1;56;56260;2;1;2;6;Rue Ernest Cognacq Jay;47,6642900; -2,7916500
2921;202000003231;4;3;2020;13:50;1;54;54304;2;4;8;2;SAULNOIS (RUE DU);48,6927327;6,1304690
2922;202000003232;14;2;2020;08:25;1;54;54395;2;3;1;1;STRASBOURG (AVENUE DE);48,6801197;6,1954227
2923;202000003233;4;3;2020;13:50;1;51;51454;2;3;1;3;Rue Pierre Méhault;49,2259217;4,0292161
2924;202000003235;4;3;2020;00:45;5;45;45234;2;1;1;6;D906094-PR2+10;47,9238588;1,9407731
2925;202000003236;3;3;2020;14:15;5;44;44184;2;6;2;3;Rue de la Ville Halluard;47,2843290; -2,2015560
2926;202000003239;3;3;2020;18:40;5;41;41018;2;1;1;6;GAMBETTA (AVENUE)- RD766;47,5836800;1,3227000
2927;202000003240;3;3;2020;19:40;5;38;38544;2;1;1;6;Montée Saint Marcel;45,5215200;4,8824600
2928;202000003241;4;3;2020;16:40;1;38;38185;2;1;1;6;Boulevard Maréchal Foch;45,1804300;5,7180500
2929;202000003242;4;3;2020;19:50;5;34;34172;2;1;1;3;JUSTICE DE CASTELNAU (AVENUE DE LA);43,6262206;3,8768434
2930;202000003243;4;3;2020;14:15;1;34;34172;2;1;1;6;MOULIN (GRAND-(RUE JEAN);43,6074429;3,8771275
2931;202000003244;4;3;2020;05:05;5;34;34172;2;1;1;7;SOULAS (AVENUE DU PERE;43,6244160;3,8525385
2932;202000003245;4;3;2020;12:10;1;33;33167;2;9;3;6;RN230 / D936 (sortie bretelle ech24);44,8434200; -0,5040600
2933;202000003246;4;3;2020;01:25;5;33;33063;2;1;1;2;CRS DE L'YSER;44,8225600; -0,5709400
2934;202000003247;4;3;2020;15:00;1;29;29232;2;3;1;1;Rue du Poher;47,9827262; -4,1059660
2935;202000003248;2;3;2020;09:15;1;29;29039;2;6;8;3;Rue de Trégunc;47,8698000; -3,9061000
2936;202000003249;4;3;2020;10:00;1;27;27681;2;1;8;4;JAURES (BOULEVARD JAURES);49,0949280;1,4669400
2937;202000003250;28;2;2020;21:15;5;27;27229;2;9;2;6;QUATORZE JUILLET (BOULEVARD);49,0095100;1,1666200
2938;202000003251;3;3;2020;18:05;1;27;27229;2;3;1;2;CONCHES (ROUTE DE);49,0193400;1,1190000
2939;202000003252;2;3;2020;17:10;1;22;22278;2;1;1;6;SAINT-PIERRE (ET PL.);48,5129100; -2,7659500
2940;202000003253;4;3;2020;11:43;1;17;17300;2;1;2;2;SAUTEL  BOULEVARD ANDRE;46,1681400; -1,1324900
2941;202000003254;4;3;2020;19:00;5;13;13213;2;1;1;2;JEAN PAUL SARTRE (AVENUE);43,3210856;5,4161281
2942;202000003255;4;3;2020;02:40;5;13;13214;2;1;6;6;MERLAN (AVENUE);43,3314300;5,4063500
2943;202000003258;4;3;2020;07:20;2;13;13002;2;1;1;3;ETIENNE CUCCA-CD908 (AVENUE);43,3602000;5,4941300
2944;202000003260;18;9;2020;22:40;5;69;69256;2;2;1;3;HENRI BARBUSSE                      (AV);45,7852400;4,9171400
2945;202000003261;18;9;2020;20:05;5;69;69256;2;7;1;-1;FRANKLIN                            (R );45,7869900;4,9205800
2946;202000003262;18;9;2020;14:45;1;69;69029;2;1;1;6;JEAN LURCAT                      (R );45,7466500;4,9208100
2947;202000003263;13;9;2020;18:05;2;69;69275;2;2;1;2;JONAGE (DE)                         (RO);45,7726609;4,9775658
2948;202000003264;17;9;2020;17:22;1;68;68297;2;1;1;6;Rue de Huningue;47,5800000;7,5600000
2949;202000003265;17;9;2020;15:30;1;66;66136;2;3;1;3;VALETTE (FREDERIC);42,6977800;2,8802800
2950;202000003266;18;9;2020;09:20;1;64;64483;2;1;1;3;RD810;43,3972300; -1,6445400
2951;202000003267;18;9;2020;20:20;5;64;64445;2;1;3;3;JEAN MERMOZ;43,3061200; -0,3762500
2952;202000003268;18;9;2020;10:55;1;64;64445;2;6;1;3;RECTEUR JEAN SARRAILH;43,3113600; -0,3657100
2953;202000003269;15;9;2020;07:50;2;64;64122;2;1;8;-1;MARCEL DASSAULT (BD);43,4721200; -1,5355300
2954;202000003270;16;9;2020;19:45;1;64;64024;2;1;1;4;BAB (BOULEVARD DU);43,4870900; -1,5365700
2955;202000003271;18;9;2020;06:55;5;62;62119;2;2;1;3;BOUTLEUX ( RUE );50,5297000;2,6346600
2956;202000003272;16;9;2020;12:43;1;61;61001;2;1;1;6;PIERRE ET MARIE CURIE (RUE);48,4353300;0,1057100
2957;202000003273;18;9;2020;07:11;1;60;60057;2;1;1;1;WAGE (RUE DU);49,4278822;2,0998070
2958;202000003274;18;9;2020;01:15;5;59;59350;2;3;1;3;ISLY RUE;50,6247300;3,0387100
2959;202000003276;16;9;2020;18:15;1;56;56260;2;1;1;3;MARTIN(RUE JEAN);47,6534400; -2,7416300
2960;202000003277;18;9;2020;18:00;1;54;54547;2;1;1;4;MALINES (RUE DE);48,6639447;6,1734916
2961;202000003278;18;9;2020;08:20;1;54;54395;2;1;1;3;TOMBLAINE (RUE DE);48,6875470;6,2049860
2962;202000003279;17;9;2020;18:00;1;54;54184;2;1;1;3;DE GAULLE (RUE DU GAL);48,7004020;6,2216581
2963;202000003280;17;9;2020;17:10;1;54;54395;2;1;1;6;VINGT SIXIEME R.I. (BOULEVARD DU 2 A 44);48,6968108;6,1891604
2964;202000003281;17;9;2020;08:20;1;54;54184;2;1;1;2;DE GAULLE (RUE DU GAL);48,6996000;6,2163000
2965;202000003282;18;9;2020;16:40;1;51;51454;2;1;1;3;Rue Clovis;49,2499736;4,0290212
2966;202000003283;18;9;2020;16:18;1;51;51454;2;1;1;7;Avenue de Champagne;49,2382870;4,0445552
2967;202000003284;13;9;2020;12:00;1;50;50129;2;2;1;3;CONQUERANT (BOULEVARD GUILLAUME LE);49,6421600; -1,6369100
2968;202000003285;17;9;2020;13:45;1;49;49328;2;1;1;4;GAUTHIER (QUAI LUCIEN);47,2604000; -0,0749400
2969;202000003286;17;9;2020;07:46;1;47;47001;2;3;1;3;LIBERTE (BOULEVARD DE LA);44,2007900;0,6226200
2970;202000003287;18;9;2020;07:45;1;45;45286;2;1;1;2;AVENUE GASTON GALLOUX ;47,8894213;1,9234742
2971;202000003288;17;9;2020;17:45;1;45;45068;2;2;1;3;BOUTET (RUE FERNAND);48,0131000;2,7300000
2972;202000003289;18;9;2020;08:00;1;44;44162;2;1;1;2;Rue Bobby Sands;47,2353000; -1,6572200
2973;202000003290;18;9;2020;14:45;1;38;38169;2;2;1;3;Quai du Drac;45,1890300;5,7005700
2974;202000003292;18;9;2020;14:20;1;37;37233;2;9;1;3;DUCLOS (AVENUE JACQUES);47,3782575;0,7176091
2975;202000003293;18;9;2020;15:45;1;35;35238;2;6;1;3;SAINT-MALO (RUE DE);48,1326300; -1,6908600
2976;202000003294;18;9;2020;09:10;1;35;35278;2;1;1;7;BLAVET (RUE DU);48,1508900; -1,6840000
2977;202000003295;8;9;2020;23:00;4;33;33063;2;1;1;6;RUE PIERRE TREBOD;44,8588500; -0,5848900
2978;202000003296;18;9;2020;12:50;1;33;33529;1;1;1;6;BISCAROSSE (AVE) DUNE VERS BISCA;44,5697800; -1,2266100
2979;202000003297;18;9;2020;22:30;3;30;30189;2;1;1;6;ANDUZE (ROUTE OU ANCIENNE ROUTE);43,8714200;4,2774600
2980;202000003298;18;9;2020;16:30;1;29;29232;2;6;2;3;Route du Petit Guelen;47,9833700; -4,0494700
2981;202000003299;17;9;2020;08:10;1;28;28134;2;1;1;6;RN 12 (CARREFOUR DELISLE);48,7459500;1,3656700
2982;202000003300;5;9;2020;21:40;5;27;27229;2;1;1;6;20 rue Yitzhak Rabin;49,0262900;1,1786600
2983;202000003301;18;9;2020;04:00;5;17;17274;2;1;1;7;GRANDE RUE   RUE;46,1526000; -1,1094900
2984;202000003302;18;9;2020;18:20;1;13;13210;2;2;1;3;PAUL CLAUDEL (BOULEVARD);43,2690520;5,4204172
2985;202000003303;18;9;2020;17:20;1;13;13205;2;1;1;2;SAINT PIERRE (RUE);43,2917430;5,4138740
2986;202000003304;18;9;2020;11:00;1;13;13206;2;2;1;3;PRADO (AVENUE DU);43,2820552;5,3859634
2987;202000003305;18;9;2020;12:30;1;13;13214;2;1;1;3;BASSIN (CHEMIN DU);43,3422200;5,4020500
2988;202000003306;18;9;2020;09:05;1;13;13212;2;1;1;3;CAILLOLS (AVENUE DES);43,3039030;5,4354440
2989;202000003307;18;9;2020;03:45;5;13;13201;2;2;1;3;FORT NOTRE DAME (RUE);43,2916985;5,3718488
2990;202000003308;17;9;2020;19:10;2;13;13211;2;1;1;1;CHAPELLE (TRAVERSE DE LA);43,3019450;5,5118690
2991;202000003309;18;9;2020;19:30;2;13;13047;1;9;8;2;FOS (ROUTE DE) - RN 569;43,4890000;4,9650000
2992;202000003310;18;9;2020;15:55;1;13;13001;2;1;1;-1;BROSSOLETTE PIERRE (AV);43,5140000;5,4425000
2993;202000003311;17;9;2020;22:00;3;13;13001;2;1;1;3;RD9;43,5059900;5,4027100
2994;202000003312;18;9;2020;19:55;5;11;11069;2;1;1;3;MUSSET ALFRED -ET IMPASSE-;43,2195400;2,3439800
2995;202000003313;17;9;2020;17:30;1;11;11069;2;1;1;2;GARIGLIANO -PONT DU-;43,2046300;2,3324200
2996;202000003314;17;9;2020;14:00;1;11;11069;2;1;1;7;MINERVOISE -ROUTE-;43,2232000;2,3601000
2997;202000003316;18;9;2020;13:55;1;10;10325;2;4;7;3;PASTEUR (RUE);48,2618000;4,0739000
2998;202000003317;17;9;2020;21:22;5;10;10387;2;3;1;6;CLAUDE HUEZ (RUE);48,2982200;4,0739200
2999;202000003318;17;9;2020;10:50;1;10;10387;2;1;1;3;PIERRE BROSSOLETTE (RUE);48,2884700;4,0769400
3000;202000003319;18;9;2020;14:57;1;08;08105;2;3;1;3;MONTHERME;49,7900000;4,7100000
3001;202000003320;14;9;2020;17:20;1;06;06088;2;1;1;6;SEMERIA (AV. DENIS);43,7153000;7,2928000
3002;202000003321;18;9;2020;21:40;5;06;06069;2;9;1;3;DE LATTRE DE TASSIGNY (AVENUE DU MARECHA;43,6491400;6,9317600
3003;202000003322;18;9;2020;16:10;1;06;06069;2;1;1;1;POMPIDOU (AVENUE GEORGES) -RD 6085;43,6485340;6,9356940
3004;202000003323;18;9;2020;14:28;1;06;06069;1;1;1;3;PAOUTE (ROUTE ET TRAVERSE DE LA);43,6371560;6,9565740
3005;202000003324;18;9;2020;15:10;1;06;06004;2;2;1;4;SAINT JEAN RTE ET CH.DE;43,5837800;7,1064800
3006;202000003325;17;9;2020;17:50;1;01;01053;2;1;1;7;DE VIGNY (RUE ALFRED );46,1982900;5,2246380
3007;202000003327;14;9;2020;22:35;5;75;75119;2;1;1;2;PORTE D AUBERVILLIERS;48,9003090;2,3779940
3008;202000003328;18;9;2020;08:40;1;75;75120;2;3;1;3;BOULEVARD MORTIER;48,8764210;2,4072880
3009;202000003329;18;9;2020;02:05;5;75;75118;2;2;1;3;BOULEVARD DE LA CHAPELLE;48,8840600;2,3556980
3010;202000003330;18;9;2020;10:45;1;75;75119;2;1;1;6;RUE DE L OURCQ;48,8918780;2,3799680
3011;202000003331;18;9;2020;13:25;1;75;75118;2;4;1;6;RUE FIRMIN GEMIER;48,8957400;2,3310970
3012;202000003332;18;9;2020;19:00;2;75;75108;2;1;1;3;PONT DE L ALMA;48,8637680;2,3016220
3013;202000003333;18;9;2020;16:00;1;75;75117;2;4;1;6;BOULEVARD DE COURCELLES;48,8788550;2,3017640
3014;202000003334;18;9;2020;15:30;1;75;75117;2;7;1;2;BOULEVARD MALESHERBES;48,8875720;2,3046450
3015;202000003335;18;9;2020;09:40;1;75;75117;2;5;1;-1;BOULEVARD DE COURCELLES;48,8791520;2,3031510
3016;202000003337;17;9;2020;16:50;1;75;75117;2;1;1;7;BOULEVARD DES BATIGNOLLES;48,8824400;2,3214640
3017;202000003338;18;9;2020;15:50;1;75;75108;2;4;1;3;AVENUE MARCEAU;48,8661140;2,2996580
3018;202000003339;18;9;2020;09:00;1;75;75116;2;7;1;2;PLACE DU TROCADERO ET DU 11 NOVEMBRE;48,8632860;2,2866670
3019;202000003340;18;9;2020;00:41;5;75;75117;2;1;1;6;AVENUE DE LA GRANDE ARMEE;48,8744590;2,2922810
3020;202000003342;18;9;2020;20:15;5;75;75113;2;2;1;3;AVENUE DE FRANCE;48,8314000;2,3758800
3021;202000003344;17;9;2020;23:20;5;75;75113;2;1;1;3;QUAI D AUSTERLITZ;48,8410350;2,3691160
3022;202000003345;18;9;2020;17:50;1;75;75111;2;3;1;3;RUE RICHARD LENOIR;48,8554680;2,3818140
3023;202000003346;17;9;2020;22:58;5;75;75111;2;2;1;3;RUE DE CHARONNE;48,8546970;2,3853240
3024;202000003347;18;9;2020;17:45;1;75;75110;2;4;1;6;RUE DU FAUBOURG SAINT DENIS;48,8784660;2,3566800
3025;202000003348;18;9;2020;09:00;1;75;75116;2;1;1;3;ROUTE DES LACS A PASSY;48,8584740;2,2577370
3026;202000003349;18;9;2020;00:48;5;75;75108;2;7;1;3;PLACE DE L ALMA;48,8647410;2,3019430
3027;202000003350;18;9;2020;12:50;1;75;75104;2;3;1;7;QUAI DES CELESTINS;48,8529110;2,3589710
3028;202000003351;18;9;2020;12:00;1;75;75104;2;3;1;7;RUE DE LUTECE;48,8549600;2,3468620
3029;202000003352;17;9;2020;15:30;1;75;75103;2;2;1;3;RUE SAINT MARTIN;48,8659430;2,3537770
3030;202000003353;18;9;2020;10:10;1;94;94033;2;1;1;2;MARECHAL DE LATTRE DE TASSIGNY (AV DU);48,8528609;2,4940038
3031;202000003354;18;9;2020;19:20;2;94;94042;2;3;1;3;Avenue du Général Galliéni & Boulevard de Polangis;48,8200514;2,4817218
3032;202000003355;16;9;2020;09:20;1;94;94068;2;1;1;2;CARNOT (AV);48,7973600;2,4871100
3033;202000003356;18;9;2020;09:05;1;94;94046;2;1;1;-1;REPUBLIQUE (AV DE LA);48,8025500;2,4335360
3034;202000003357;18;9;2020;12:00;1;94;94074;2;6;1;3;LOUIS ARMAND (R);48,7607290;2,4438440
3035;202000003358;18;9;2020;02:10;5;94;94046;2;1;1;3;GENERAL DE GAULLE (AV DU);48,8140000;2,4211000
3036;202000003359;18;9;2020;17:40;1;94;94016;2;1;1;2;MARCEL BONNET (R);48,7953895;2,3287482
3037;202000003360;18;9;2020;17:10;1;94;94073;2;1;1;3;LUXEMBOURG (AV DU);48,7613200;2,3709400
3038;202000003362;18;9;2020;16:45;1;94;94028;2;1;1;6;LECLERC.(RUE DU GENERAL);48,7905000;2,4651600
3039;202000003363;18;9;2020;14:40;1;94;94028;2;3;1;3;GOUNOD.(RUE CHARLES);48,7848389;2,4510086
3040;202000003364;18;9;2020;18:20;1;94;94022;2;1;1;6;AUGUSTE BLANQUI (R);48,7667000;2,4050000
3041;202000003365;18;9;2020;19:45;2;94;94033;2;3;1;3;MARECHAL JOFFRE (AV DU);48,8535600;2,4750300
3042;202000003366;18;9;2020;18:00;1;94;94071;2;4;1;2;VICTOR HUGO (R);48,7808900;2,5136800
3043;202000003367;18;9;2020;21:00;5;93;93078;2;9;1;2;BALLANGER (BD ROBERT);48,9552000;2,5380000
3044;202000003368;18;9;2020;13:05;1;93;93078;2;1;1;3;BD ROBERT BALLANGER;48,9548117;2,5368279
3045;202000003369;18;9;2020;12:30;1;93;93053;2;1;1;6;REPUBLIQUE (BLD DE LA) N°;48,8957789;2,4611954
3046;202000003370;17;9;2020;11:30;1;93;93049;2;2;1;3;FAUVETTES (AVENUE) J-BACHELET->BEL AIR;48,8699883;2,5055672
3047;202000003372;18;9;2020;10:15;1;93;93032;1;9;1;3;R DE PARIS;48,8656890;2,5654130
3048;202000003373;18;9;2020;08:50;1;93;93007;2;2;1;6;CHARLES FLOQUET (AVENUE);48,9400200;2,4407200
3049;202000003374;18;9;2020;09:55;1;93;93071;2;2;1;6;ALLEE DE VILLENAUT;48,9300477;2,5169819
3050;202000003375;18;9;2020;15:50;1;92;92073;2;1;1;6;JAURES (AVENUE JEAN);48,8638700;2,2087300
3051;202000003376;18;9;2020;17:30;1;92;92064;2;1;1;6;REPUBLIQUE;48,8512640;2,2131280
3052;202000003377;18;9;2020;16:40;1;92;92033;2;3;1;2;SURESNES;48,8468655;2,1954095
3053;202000003378;18;9;2020;13:45;1;92;92064;2;1;1;4;MARCEL DASSAULT;48,8554700;2,2229500
3054;202000003379;18;9;2020;17:40;1;92;92050;2;1;1;2;SARTROUVILLE RUE DE;48,9119590;2,2175539
3055;202000003380;17;9;2020;09:15;1;92;92050;2;3;1;3;GARENNE RUE DE LA;48,8987239;2,2255857
3056;202000003382;18;9;2020;17:10;1;92;92019;2;1;1;6;DIVISION LECLERC (AVENUE DE LA);48,7639459;2,2713202
3057;202000003383;18;9;2020;20:55;5;92;92012;2;1;1;-1;JEAN BAPTISTE CLEMENT (AVENUE) 49/FIN -;48,8436266;2,2323173
3058;202000003384;17;9;2020;14:30;1;92;92009;2;3;1;3;ARGENTEUIL ( AVENUE D' );48,9199141;2,2769871
3059;202000003385;18;9;2020;19:15;5;974;97415;2;1;1;7;Ruelle des Bambous; -21,0481670;55,3024720
3060;202000003386;19;9;2020;10:20;1;26;26301;1;1;1;6;1169 route de chateauneuf de galaure;45,1278950;4,9825140
3061;202000003387;18;9;2020;18:10;1;86;86128;1;1;1;3;349 Lieu Dit le Colombier;46,8021620;0,2741230
3062;202000003389;19;9;2020;09:55;1;974;97412;2;2;1;1;176 Rue Marcel Pagnol; -21,3711340;55,6729820
3063;202000003390;19;9;2020;12:00;1;972;97212;2;1;1;7;Chemin Duverger;14,7079280; -61,0120200
3064;202000003391;18;9;2020;16:00;1;52;52469;1;1;1;4;Autoroute A.5 - gare de péage Semoutiers;48,0428360;5,0592900
3065;202000003392;17;9;2020;11:50;1;51;51388;2;2;1;1;Rue Canrobert;49,1388154;4,3599106
3066;202000003393;19;9;2020;11:25;1;38;38118;1;1;1;2;RD 119;45,3714430;5,4502490
3067;202000003394;18;9;2020;15:15;1;22;22391;1;2;1;3;D39;48,3417390; -2,1547260
3068;202000003395;19;9;2020;13:57;1;37;37159;1;1;1;2;;47,2771525;0,6778626
3069;202000003396;19;9;2020;00:00;4;89;89326;2;1;1;6;RD606;48,1508374;3,3093504
3070;202000003397;18;9;2020;18:35;1;74;74173;1;1;1;6;Route du Leutaz;45,8397770;6,5982770
3071;202000003398;19;9;2020;03:10;4;2B;2B050;1;9;1;6;La Vigna;42,5546930;8,7907360
3072;202000003399;19;9;2020;17:30;1;12;12286;1;1;1;7;Rayssac;43,9153770;2,8294520
3073;202000003400;18;9;2020;14:37;1;42;42224;1;1;1;5;Route de Jonzieux;45,3380929;4,3963491
3074;202000003401;19;9;2020;16:00;1;34;34114;2;3;1;2;Boulevard Pasteur;43,6537570;3,5521620
3075;202000003402;15;8;2020;09:35;1;68;68105;1;1;1;1;D26.2;47,6901070;7,1510630
3076;202000003403;19;9;2020;11:45;1;29;29241;1;6;2;7;D36 - Rond point de Rozanduc;47,9693280; -3,8310470
3077;202000003404;19;9;2020;11:50;1;31;31232;2;1;1;6;19 Allee Alsace Lorraine;43,7707100;1,2953250
3078;202000003405;12;7;2020;01:45;3;02;02804;1;1;1;1;D1;49,3005580;3,3391570
3079;202000003406;19;9;2020;10:30;1;15;15265;2;1;1;6;42 Avenue de la République;45,3456230;2,4375810
3080;202000003407;23;8;2020;13:20;1;06;06125;1;1;1;7;D78;44,1627200;6,7115740
3081;202000003408;19;9;2020;16:11;1;83;83082;1;1;1;5;Route Departementale 955;43,6054459;6,4797500
3082;202000003409;18;9;2020;18:20;1;60;60223;1;9;1;4;D36;49,4329570;2,6726390
3083;202000003412;18;9;2020;07:30;2;18;18271;2;1;1;6;3 Route de Saint Eloy de Gy;47,1505420;2,3756650
3084;202000003413;19;9;2020;05:30;3;16;16210;1;1;2;6;;45,7362310;0,0616370
3085;202000003414;19;9;2020;05:00;3;16;16132;1;1;2;6;Lieu dit Le Pilas;45,8679970;0,7846390
3086;202000003416;19;9;2020;11:10;1;24;24388;1;3;1;3;Falgueyrat;44,8619570;0,9009110
3087;202000003417;18;9;2020;18:30;1;24;24115;2;1;2;6;Rue du Château;45,2453360;0,6841350