;Num_Acc;jour;mois;an;hrmn;lum;dep;com;agg;int;atm;col;adr;lat;long
3088;202000003418;19;9;2020;17:30;1;27;27480;2;1;1;6;18 Rue Camelet;49,3452100;1,5365200
3089;202000003419;18;9;2020;11:40;1;30;30249;1;2;1;3;4 Chemin de Clarensac;43,8087460;4,2265260
3090;202000003420;18;9;2020;20:45;5;38;38352;2;1;1;2;Montée de la Ladrière;45,5922790;5,2382040
3091;202000003421;16;9;2020;10:30;1;13;13051;1;6;1;3;Chemin de la Garenne;43,5976220;5,0918930
3092;202000003422;19;9;2020;01:20;3;44;44028;1;1;2;2;autoroute A11, PK 332+000;47,3381830; -1,3857360
3093;202000003423;16;9;2020;03:50;3;33;33199;1;6;1;6;A660;44,6148500; -1,0724760
3094;202000003424;18;9;2020;14:45;1;06;06161;1;1;1;6;A8  - pk 176.700;43,6255140;7,1161370
3095;202000003426;18;9;2020;08:15;1;69;69027;2;3;7;6;Chemin du Bois des Côtes;45,6704440;4,7622510
3096;202000003427;19;9;2020;18:22;3;988;98829;1;1;1;6;RM2 - Saint Gabriel; -21,6349910;166,2827110
3097;202000003428;17;9;2020;09:30;1;37;37073;2;1;7;3;46 Rue Nationale;47,3311828;1,0937587
3098;202000003429;18;9;2020;20:35;3;45;45049;1;1;1;6;D948;47,8665010;2,3818870
3099;202000003430;18;9;2020;20:00;2;89;89111;1;1;1;6;A5;48,2384150;3,4568530
3100;202000003431;19;9;2020;11:40;1;88;88321;2;9;1;6;37 Rue de la Vaux;48,3483670;5,6863530
3101;202000003432;15;9;2020;16:00;1;88;88460;1;1;1;2;31 Route de Fruze;48,3969480;5,7413970
3102;202000003433;18;9;2020;12:30;1;69;69236;1;9;1;-1;D488;45,5660060;4,7030820
3103;202000003434;19;9;2020;18:30;1;33;33146;2;1;2;1;D2;45,1074730; -0,7291850
3104;202000003435;19;9;2020;00:20;3;72;72110;2;1;2;6;rue nationale;47,7471760; -0,1513540
3105;202000003436;19;9;2020;12:35;1;29;29247;1;1;1;6;163 Route de la Véronique;47,9566074; -3,9883448
3106;202000003437;19;9;2020;07:00;2;76;76057;1;1;1;1;Route de Fresquiennes;49,5457730;0,9731220
3107;202000003438;18;9;2020;17:45;1;60;60360;1;2;1;1;;49,3371100;2,4549620
3108;202000003439;19;9;2020;10:50;1;62;62014;2;1;1;2;rd 943 ;50,6296583;2,3903391
3109;202000003440;18;9;2020;14:20;1;13;13215;1;1;1;4;A7-Sens Marseille vers Lyon;43,3599700;5,3620800
3110;202000003441;13;9;2020;12:28;1;13;13005;1;1;1;2;A52-Sens Toulon vers Pont de l'Etoile;43,2806000;5,5847500
3111;202000003442;15;9;2020;08:20;1;13;13071;1;1;1;2;A51-Sens Aix en Provence vers Marseille;43,4066000;5,3618000
3112;202000003443;18;9;2020;09:00;1;13;13055;2;1;1;2;A507 sens Marseille - Aubagne;43,3157465;5,4224686
3113;202000003444;16;9;2020;17:22;1;13;13015;1;1;1;2;A51-Sens Marseille vers Aix en Provence;43,4543000;5,3980000
3114;202000003445;15;9;2020;17:30;1;13;13056;1;1;1;7;A55-Sens Marseille vers Martigues;43,3945000;5,0520000
3115;202000003446;18;9;2020;20:40;5;33;33249;1;1;1;4;ROUTE NATIONALE 230;44,8853000; -0,5097000
3116;202000003447;11;8;2020;11:33;1;59;59449;1;1;1;7;AUTOROUTE A23;50,4642930;3,2481170
3117;202000003448;18;9;2020;16:00;1;91;91064;1;1;1;2;RN 118;48,7542000;2,2235000
3118;202000003449;18;9;2020;14:30;1;92;92072;1;1;1;3;N118;48,8260941;2,2225280
3119;202000003450;18;9;2020;11:30;1;94;94042;1;1;1;2;A4;48,8283680;2,4755836
3120;202000003451;18;9;2020;09:30;1;94;94018;1;1;1;2;A4;48,8205076;2,4018322
3121;202000003452;16;9;2020;18:55;5;988;98818;2;3;1;6;RUE GABRIEL LAROQUE/PROMENADE PIERRE VERNIER; -22,2955000;166,4581000
3122;202000003454;21;6;2020;20:20;1;19;19031;2;3;1;6;QUEUILLE (AVENUE HENRI);45,1709494;1,5303612
3123;202000003455;20;6;2020;15:50;1;14;14366;2;3;1;3;MARECHAL DE LATTRE DE TASSIGNY (BOULEVAR;49,1417900;0,2439670
3124;202000003456;22;6;2020;17:30;1;14;14118;2;2;1;1;JUIN (BOULEVARD MARECHAL);49,2103368; -0,3675232
3125;202000003457;20;6;2020;06:20;1;13;13056;2;1;1;3;L'HERMINIER AVENUE COMMANDANT JEAN;43,4057800;5,0472400
3126;202000003458;22;6;2020;22:55;5;13;13208;2;6;1;7;ANDRE ZENATTI (AVENUE);43,2473010;5,3825510
3127;202000003459;22;6;2020;16:15;1;13;13213;1;1;1;2;JEAN PAUL SARTRE (AVENUE);43,3283100;5,4286700
3128;202000003460;22;6;2020;14:05;1;13;13203;2;2;1;3;BATTALA (BOULEVARD);43,3179400;5,3788500
3129;202000003461;21;6;2020;18:40;1;13;13098;1;1;1;7;D.51;43,4614700;4,9967200
3130;202000003462;21;6;2020;15:25;1;13;13047;2;1;1;6;COMBE AUX FEES CHEMIN DE LA;43,5027626;4,9943205
3131;202000003464;17;6;2020;16:15;1;10;10362;2;1;1;-1;LOUIS BLANC (RUE);48,2975400;4,0585700
3132;202000003465;22;6;2020;11:46;1;06;06088;2;2;1;6;GAMBETTA (A PARTIR DU N° 63-74);43,7094400;7,2559400
3133;202000003466;21;6;2020;01:00;5;06;06088;2;1;1;5;VOIE RAPIDE;43,7029900;7,2590300
3134;202000003467;4;7;2020;12:20;1;06;06069;2;6;1;3;MARIGARDE (ROUTE DE LA);43,6538400;6,9279600
3135;202000003468;21;6;2020;11:15;1;06;06027;2;1;1;4;PLAGE BOULEVARD DE LA;43,6577600;7,1692300
3136;202000003469;21;6;2020;08:45;1;05;05061;2;6;1;-1;FAUVINS ( ROUTE  DES );44,5639600;6,0937200
3137;202000003470;22;6;2020;16:09;1;05;05023;1;1;1;2;GAP (ROUTE DE   RN94);44,8800381;6,6197437
3138;202000003471;22;6;2020;13:10;1;75;75117;2;1;1;3;PORTE DE CHAMPERRET;48,8890100;2,2946760
3139;202000003472;22;6;2020;08:45;1;75;75115;2;1;1;4;PORTE BRANCION;48,8273430;2,2931980
3140;202000003473;22;6;2020;07:30;1;75;75119;2;4;1;5;PORTE DE LA VILLETTE;48,8996100;2,3920840
3141;202000003474;20;6;2020;04:20;5;75;75117;2;1;1;2;BOULEVARD PERIPHERIQUE EXTERIEUR OUEST;48,8902450;2,2984650
3142;202000003476;22;6;2020;23:10;5;75;75118;2;7;1;6;BOULEVARD ORNANO;48,8956410;2,3462970
3143;202000003478;22;6;2020;20:10;1;75;75117;2;3;1;6;AVENUE DE CLICHY;48,8923240;2,3171940
3144;202000003479;21;6;2020;22:00;5;75;75117;2;1;1;6;BOULEVARD PERSHING;48,8801790;2,2831540
3145;202000003480;22;6;2020;09:00;1;75;75116;2;1;1;3;AVENUE DE L HIPPODROME;48,8592460;2,2432090
3146;202000003481;22;6;2020;09:30;1;75;75115;2;1;1;7;RUE SAINT AMAND;48,8353850;2,3075750
3147;202000003482;22;6;2020;02:55;5;75;75107;2;2;1;6;RUE SAINT DOMINIQUE;48,8599580;2,3148450
3148;202000003483;22;6;2020;07:40;1;75;75112;2;5;1;3;CARREFOUR DE PYRAMIDE;48,8337800;2,4451650
3149;202000003484;22;6;2020;18:30;1;75;75111;2;1;1;3;RUE MORET;48,8672970;2,3792680
3150;202000003485;21;6;2020;03:05;5;75;75110;2;1;1;4;BOULEVARD DE MAGENTA;48,8779960;2,3545280
3151;202000003486;22;6;2020;10:45;1;75;75109;2;7;1;6;RUE HALEVY;48,8711190;2,3323190
3152;202000003487;22;6;2020;19:55;1;75;75101;2;3;1;1;RUE SAINT DENIS;48,8595320;2,3479280
3153;202000003488;22;6;2020;12:20;1;75;75103;2;2;1;7;RUE DES FRANCS BOURGEOIS;48,8572430;2,3617600
3154;202000003489;22;6;2020;19:20;1;94;94044;2;1;1;2;MOULIN (CHE DU);48,7456030;2,4892060
3155;202000003490;22;6;2020;12:45;1;94;94044;2;1;1;2;ALBERT GARRY (R);48,7530000;2,4760000
3156;202000003491;22;6;2020;06:00;2;94;94041;2;2;1;3;VERDUN (AV DE);48,8130100;2,3701800
3157;202000003492;21;6;2020;16:25;1;94;94033;2;3;1;3;REPUBLIQUE (AV DE LA);48,8528100;2,4680900
3158;202000003493;22;6;2020;17:10;1;94;94017;2;6;1;-1;François Mittérrand (avenue);48,8161610;2,5123280
3159;202000003494;21;6;2020;17:05;1;93;93066;2;1;1;6;BLOCK JEAN RICHARD;48,9385375;2,3745509
3160;202000003495;22;6;2020;04:40;5;93;93046;2;2;1;3;AV DU MARECHAL LECLERC / R RABELAIS;48,9200800;2,5392600
3161;202000003496;21;6;2020;16:30;1;93;93045;2;1;1;3;R DE PARIS;48,8788100;2,4122000
3162;202000003497;20;6;2020;22:38;5;93;93006;2;1;1;6;R JEANNE HORNET;48,8759400;2,4289000
3163;202000003498;22;6;2020;06:35;2;93;93057;2;1;1;2;AV ARISTIDE BRIAND;48,9111900;2,5168200
3164;202000003499;22;6;2020;18:05;1;93;93008;2;1;1;2;BARBUSSE (AVENUE HENRI) A30;48,9080766;2,4266387
3165;202000003500;22;6;2020;17:55;1;93;93007;2;1;1;3;"""PAUL VAILLANT COUTURIER (AVENUE """"DU 13";48,9290651;2,4785922
3166;202000003501;22;6;2020;00:05;5;93;93005;2;1;1;4;AV SUZANNE LENGLEN;48,9519640;2,5127046
3167;202000003502;22;6;2020;15:30;1;93;93001;2;1;1;4;R DE LA COMMUNE DE PARIS ;48,9109273;2,3803195
3168;202000003503;22;6;2020;17:45;1;92;92046;2;9;1;6;GABRIEL PERI;48,8192080;2,3000881
3169;202000003504;21;6;2020;16:15;1;92;92063;2;6;1;3;MONTBRISON (RUE DU LIEUTENANT COLONEL DE;48,8581200;2,1940500
3170;202000003505;19;6;2020;19:00;1;92;92063;2;1;1;6;PEREIRE (RUE);48,8888058;2,1766641
3171;202000003506;21;6;2020;19:45;1;92;92050;2;4;1;3;CHANZY RUE DE;48,8876312;2,1972495
3172;202000003507;22;6;2020;16:10;1;92;92060;2;3;1;1;EDOUARD HERRIOT (AVENUE) RD60;48,7823547;2,2589539
3173;202000003508;22;6;2020;17:50;1;92;92012;2;1;1;2;REPUBLIQUE (BOULEVARD DE LA) 5/77BIS - 6;48,8327700;2,2482200
3174;202000003509;20;6;2020;13:45;1;01;01054;2;1;1;3;Montee des Crozes;45,8887500;5,1507530
3175;202000003510;23;6;2020;09:40;1;07;07191;1;1;1;1;Chemin du Milieu de la Plaine;44,5767412;4,7000822
3176;202000003511;23;6;2020;06:50;1;64;64254;1;3;1;3;3320 Chemin Departemental 945;43,5105650; -0,6142260
3177;202000003512;22;6;2020;23:25;2;22;22206;1;1;1;3;Châtelaudren-Plouagat;48,5323790; -3,0059620
3178;202000003513;23;6;2020;13:00;1;38;38188;1;1;1;1;Route du Murier;45,1491840;5,7831590
3179;202000003514;23;6;2020;17:25;1;54;54112;1;1;1;6;D952;49,0298210;5,9047220
3180;202000003515;23;6;2020;08:20;1;83;83019;1;1;1;1;Route de Cabasson;43,1169770;6,3216980
3181;202000003516;23;6;2020;13:00;1;04;04033;1;1;1;1;RD 900B;44,4464120;6,3700960
3182;202000003517;23;6;2020;11:35;1;56;56097;2;3;1;5;14 Route de Mane Kerverh;47,7629910; -3,1103110
3183;202000003518;22;6;2020;17:12;1;74;74269;1;1;1;5;D57;45,9550190;5,8458910
3184;202000003519;22;6;2020;19:15;1;80;80190;1;2;1;3;D925;50,0855370;1,6609950
3185;202000003520;23;6;2020;07:45;1;80;80799;1;2;1;3;D1029;49,8700440;2,4904100
3186;202000003521;23;6;2020;13:31;1;82;82151;1;1;1;6;D7;44,3055010;0,9349970
3187;202000003522;22;6;2020;12:20;1;82;82131;1;1;1;7;D69;44,2219530;1,4492080
3188;202000003524;23;6;2020;16:30;1;71;71230;1;6;1;2;Avenue Leon Blum;46,5851629;4,0631408
3189;202000003525;22;6;2020;20:00;1;61;61373;1;1;1;7;D769;48,5749890;0,5225370
3190;202000003526;23;6;2020;10:24;1;42;42153;1;1;1;7;N7;45,9628063;4,1708222
3191;202000003527;21;6;2020;17:30;1;25;25240;1;3;1;3;D461;47,0962210;6,6278080
3192;202000003528;22;6;2020;07:30;2;84;84057;2;4;1;1;voie communale de clausure;43,9242650;5,2496840
3193;202000003529;23;6;2020;08:20;1;01;01370;2;1;1;6;Rue de la Levee;46,3048520;4,8395110
3194;202000003530;22;6;2020;15:13;1;70;70447;1;1;1;7;Rue Clement Ader;47,4326130;6,0559180
3195;202000003531;22;6;2020;17:30;1;50;50109;1;1;7;6;Le Mont au Nid;48,9088420; -1,4636120
3196;202000003532;23;6;2020;09:15;1;64;64493;2;1;1;3;28 Avenue du Bois de la Ville;43,3263360; -1,0376600
3197;202000003533;21;6;2020;16:15;1;18;18237;1;6;1;3;RD23;47,0777790;2,1807650
3198;202000003534;22;6;2020;17:50;1;36;36046;2;3;1;3;252 bis Rue Nationale;46,5725580;1,9815780
3199;202000003535;22;6;2020;13:15;1;40;40134;1;1;1;2;Rue de Bel-air;44,2296180; -0,9125750
3200;202000003536;22;6;2020;12:00;1;18;18096;1;1;1;6;A71;47,1826020;2,1725050
3201;202000003537;20;6;2020;21:40;2;28;28187;1;1;1;7;D16;48,9105700;1,4647440
3202;202000003538;23;6;2020;14:15;1;78;78683;2;1;7;7;1 Route de Septeuil;48,8139290;1,8734430
3203;202000003539;23;6;2020;08:40;1;83;83099;2;1;1;3;Chemin du Picoton;43,4587090;6,6682180
3204;202000003540;22;6;2020;21:00;1;83;83064;1;1;1;3;Garéoult;43,3224430;6,0497410
3205;202000003541;23;6;2020;14:15;1;83;83023;2;1;1;6;Avenue de la Burliere;43,4088090;6,0645390
3206;202000003543;23;6;2020;12:50;1;89;89085;2;1;1;6;44 Rue du Pont;47,9459770;3,4943010
3207;202000003544;23;6;2020;16:00;1;89;89257;2;2;1;6;5 Avenue Jean Jacques Rousseau;47,9639622;3,5232608
3208;202000003545;21;6;2020;14:20;1;67;67303;1;1;1;1;D250;48,9103720;7,7435160
3209;202000003546;20;6;2020;13:30;1;67;67130;2;1;2;1;Rue des Marguerites;48,4168970;7,6960460
3210;202000003547;23;6;2020;10:00;1;88;88196;2;1;1;6;22 Boulevard Kelsch;48,0727490;6,8771290
3211;202000003548;19;6;2020;11:15;1;57;57582;1;3;1;3;Route Nationale;49,2921470;6,1675040
3212;202000003549;22;6;2020;13:30;1;38;38067;1;1;1;6;D18;45,7219860;5,1878860
3213;202000003550;22;6;2020;21:50;3;17;17100;1;1;1;7;D135;45,6821990; -0,4594520
3214;202000003551;24;5;2020;22:45;3;17;17044;1;1;1;3;RD137 - 22 Rue du Maine au Chat;45,6697550; -0,5998280
3215;202000003553;2;6;2020;20:20;1;33;33211;2;1;1;7;5 Chemin de Blanquefort;45,0061380; -0,6433020
3216;202000003554;23;6;2020;14:40;1;85;85243;2;6;1;3;Rue du Calvaire;46,5986640; -1,8312570
3217;202000003555;22;6;2020;04:40;3;14;14719;1;1;1;6;N158;49,0244180; -0,2695940
3218;202000003557;20;6;2020;11:20;1;83;83144;1;1;1;2;A57;43,1360050;5,9928489
3219;202000003558;19;6;2020;18:00;1;83;83129;1;1;1;4;A50;43,1208900;5,8449200
3220;202000003559;19;6;2020;15:20;1;83;83137;1;1;1;4;A50 TUNNEL TUBE SUD;43,1209300;5,9435000
3221;202000003560;22;6;2020;17:50;1;33;33063;1;1;1;5;ROCADE A 630;44,8829600; -0,5532000
3222;202000003561;20;6;2020;12:00;1;91;91521;1;1;1;2;AUTOROUTE A6;48,6354000;2,4011000
3223;202000003562;21;6;2020;07:00;2;95;95028;1;1;1;2;RN 104;49,0650100;2,3710100
3224;202000003563;21;6;2020;00:50;3;93;93066;1;1;1;4;AUTOROUTE A1;48,9193700;2,3575400
3225;202000003564;15;1;2020;07:45;2;67;67482;1;1;1;4;Autoroute A.35;48,5889250;7,7305309
3226;202000003565;21;6;2020;09:29;1;974;97416;1;1;1;3;BASSIN PLAT(CHEMIN); -21,3250200;55,4911400
3227;202000003566;22;6;2020;00:10;5;69;69383;2;3;1;3;Rue de Bonnel;45,7626000;4,8577400
3228;202000003567;21;6;2020;23:45;5;69;69383;2;2;1;3;Rue Garibaldi;45,7570300;4,8528000
3229;202000003568;21;6;2020;12:00;1;69;69276;2;9;1;2;LYON (DE)                               ;45,6731200;4,8602500
3230;202000003569;21;6;2020;05:45;2;69;69387;2;1;1;6;GAMBETTA                            (CO);45,7519171;4,8527849
3231;202000003571;21;6;2020;20:20;5;972;97209;2;9;1;3;RD 41 (ROCADE);14,6091300; -61,0667200
3232;202000003572;21;6;2020;17:10;5;69;69389;2;2;1;3;Rue Gorge de Loup;45,7694200;4,8009300
3233;202000003574;21;6;2020;15:40;1;91;91201;2;3;1;3;VILLIERS ( AVENUE DE );48,6817700;2,4050400
3234;202000003575;21;6;2020;18:45;1;82;82121;1;1;1;1;ROUTE DE CASTELSARRASIN;44,0153400;1,3123500
3235;202000003576;20;6;2020;19:20;1;80;80001;2;6;1;3;HOCQUET (d');50,1105800;1,8189100
3236;202000003577;15;6;2020;17:45;1;80;80001;2;1;1;6;REPUBLIQUE (de la);50,1092160;1,8394050
3237;202000003578;16;6;2020;19:25;1;69;69266;2;1;1;6;ANTOINE DE SAINT EXUPERY   (Avenue);45,7590600;4,8775900
3238;202000003579;21;6;2020;18:00;1;42;42071;2;1;1;4;Avenue Parmentier;46,0271660;4,0898595
3239;202000003580;21;6;2020;22:25;5;42;42044;2;1;1;6;Rue Benoit Frachon;45,3980599;4,3466205
3240;202000003582;20;6;2020;09:20;1;34;34172;2;1;1;7;HUGO (BOULEVARD VICTOR);43,6064631;3,8778140
3241;202000003583;21;6;2020;16:40;1;33;33281;2;4;1;2;AVE MARCEL DASSAULT / Rocade A630  -E10-;44,8433106; -0,6724950
3242;202000003584;20;6;2020;11:39;1;29;29232;2;6;1;2;Boulevard Gutenberg;47,9827500; -4,0750200
3243;202000003585;21;6;2020;23:30;5;26;26198;1;1;1;6;2 Allée Georges Bizet;44,5678100;4,7366000
3244;202000003586;21;6;2020;02:40;5;17;17300;2;9;1;6;REMPARTS   CHEMIN DES;46,1647300; -1,1555700
3245;202000003587;20;6;2020;11:50;1;17;17300;1;1;1;2;RN 237;46,1756100; -1,2127100
3246;202000003588;21;6;2020;22:20;5;13;13208;2;2;1;3;SAINTE FAMILLE (RUE);43,2784400;5,3939150
3247;202000003589;21;6;2020;20:40;1;13;13215;2;4;1;2;SAINT ANTOINE (AVENUE DE);43,3751700;5,3557900
3248;202000003590;21;6;2020;06:45;1;13;13208;2;1;1;4;JOSEPH VIDAL (AVENUE);43,2515400;5,3778400
3249;202000003591;21;6;2020;05:50;2;13;13215;2;1;1;6;LITTORAL (CHEMIN DU);43,3397000;5,3481000
3250;202000003592;21;6;2020;04:47;5;13;13208;2;1;1;6;GOUDES (CHEMIN DES);43,2258300;5,3484390
3251;202000003593;20;6;2020;15:30;1;13;13205;2;2;1;3;ABBE DE L'EPEE (rue);43,2972674;5,3940788
3252;202000003594;18;6;2020;11:07;1;12;12145;2;1;1;6;JAURES JEAN (AVENUE);44,1029400;3,0796300
3253;202000003595;21;6;2020;23:30;5;06;06027;2;1;1;6;7 PLAGE BOULEVARD DE LA;43,6523779;7,1545270
3254;202000003596;21;6;2020;17:10;1;06;06027;2;1;1;6;DELATTRE DE TASSIGNY AV DU MAL;43,6581600;7,1629000
3255;202000003597;20;6;2020;04:04;5;75;75117;2;1;1;4;PORTE D ASNIERES;48,8893710;2,2960980
3256;202000003598;20;6;2020;23:05;5;75;75119;2;7;1;2;RUE MANIN;48,8863910;2,3940190
3257;202000003599;20;6;2020;20:45;1;75;75118;2;3;1;3;RUE ORDENER;48,8921590;2,3463410
3258;202000003600;20;6;2020;23:40;5;75;75117;2;2;1;3;BOULEVARD DES BATIGNOLLES;48,8822120;2,3203450
3259;202000003601;21;6;2020;21:00;1;75;75111;2;1;2;3;BOULEVARD VOLTAIRE;48,8619760;2,3731270
3260;202000003604;21;6;2020;00:55;5;75;75108;2;3;1;6;BOULEVARD MALESHERBES;48,8801120;2,3134530
3261;202000003605;21;6;2020;00:05;5;75;75108;2;2;1;2;AVENUE DES CHAMPS ELYSEES;48,8718690;2,3008550
3262;202000003606;21;6;2020;19:10;1;94;94043;2;3;2;3;JEAN JAURES (PL);48,8121300;2,3564000
3263;202000003607;21;6;2020;00:50;5;94;94070;2;1;1;3;MARC ANTOINE CHARPENTIER (R);48,7348800;2,5805300
3264;202000003608;20;6;2020;23:45;5;92;92050;2;2;1;-1;JOLIOT CURIE F. ET IRENE AVENUE  N°PAIRS;48,8888000;2,2032000
3265;202000003609;21;6;2020;19:48;1;92;92048;2;1;1;7;HENRI SAVIGNAC (RUE);48,8221637;2,2321612
3266;202000003610;20;6;2020;20:40;1;92;92036;2;3;1;3;LUCIEN LANTERNIER (AVENUE) (1/17);48,9327960;2,2927290
3267;202000003611;21;6;2020;17:50;1;92;92026;2;2;1;3;VERDUN (DE 01 A 61);48,9004163;2,2607726
3268;202000003612;21;6;2020;17:45;1;54;54552;1;1;1;1;D53;48,4187020;6,0526460
3269;202000003613;21;6;2020;19:00;1;51;51262;2;1;1;2;134 Rue du Grand Der;48,6926939;4,5975317
3270;202000003614;21;6;2020;12:36;1;68;68188;1;1;1;7;D430;47,9375530;7,0619750
3271;202000003615;21;6;2020;21:35;5;68;68173;2;1;1;-1;314 Derriere la Roche;48,1090520;7,1919140
3272;202000003616;22;6;2020;19:45;1;28;28127;1;1;1;7;La Perruche;48,1700500;1,2674240
3273;202000003617;22;6;2020;15:45;1;67;67003;1;1;1;7;Albé;48,3512940;7,3118360
3274;202000003619;21;6;2020;20:40;2;48;48140;1;1;8;6;A75;44,8248300;3,2658360
3275;202000003620;21;6;2020;08:45;1;19;19121;1;1;1;7;D901;45,4667021;1,3895729
3276;202000003621;20;6;2020;09:00;1;19;19063;2;1;1;6;155 Rue du 19 Mars 1962;45,1347222;1,5843372
3277;202000003622;21;6;2020;18:05;1;56;56169;2;1;1;4;Rue du Pont Lorois;47,6781170; -3,2053690
3278;202000003623;22;6;2020;02:30;3;2A;2A269;1;1;1;6;RT 10;41,8180148;9,4022451
3279;202000003624;19;6;2020;15:35;1;2A;2A269;1;1;1;7;RT 10, Canella;41,8182773;9,4022962
3280;202000003625;22;6;2020;11:45;1;2B;2B286;1;1;1;6;Départementale 406;42,4863240;9,5228510
3281;202000003626;21;6;2020;11:30;1;80;80686;1;1;1;1;D 11;50,0077993;2,3820725
3282;202000003627;21;6;2020;10:05;1;32;32147;2;1;1;6;Route de Samatan;43,6196250;0,8821970
3283;202000003628;21;6;2020;22:45;5;49;49218;2;2;1;3;Avenue de la Belliere;47,2666015; -1,0253784
3284;202000003629;21;6;2020;13:10;1;12;12215;1;1;1;1;RD 840;44,4823150;2,4023200
3285;202000003630;22;6;2020;09:20;1;22;22203;1;4;1;3;D700;48,3449120; -2,8388710
3286;202000003631;21;6;2020;18:00;1;35;35078;1;4;1;3;RD 797;48,6043850; -1,7192280
3287;202000003632;21;6;2020;23:00;5;29;29061;2;1;1;7;Rue Jules Verne;48,4509904; -4,4520707
3288;202000003633;22;6;2020;10:20;1;38;38006;1;1;1;7;D9;45,4111120;6,0814800
3289;202000003634;22;6;2020;10:15;1;14;14239;1;3;1;-1;D125;49,3878130; -0,9489230
3290;202000003635;22;6;2020;07:35;1;60;60405;1;1;1;1;D68;49,6897980;1,8064360
3291;202000003636;21;6;2020;19:50;1;60;60557;1;1;1;3;d7;49,5965293;1,9337466
3292;202000003637;20;6;2020;19:25;1;18;18226;1;1;1;7;D33;47,1390010;2,4832320
3293;202000003638;19;6;2020;13:10;2;36;36018;2;1;1;3;Rue de Poitiers;46,6307630;1,0580890
3294;202000003640;22;6;2020;02:40;3;04;04007;1;1;1;7;RN 202;43,9359013;6,5316715
3295;202000003641;22;6;2020;18:15;1;85;85039;2;2;1;1;Rue de Nantes;47,0197400; -1,2005500
3296;202000003642;20;6;2020;19:00;1;48;48097;1;1;1;7;D983;44,1624270;3,7956910
3297;202000003643;21;6;2020;17:30;1;48;48130;1;1;1;6;D907;44,2057580;3,5819400
3298;202000003644;21;6;2020;19:55;1;08;08490;1;1;1;7;D983;49,4327820;4,6726920
3299;202000003645;22;6;2020;14:25;1;69;69244;2;2;1;1;Avenue Général Brosset;45,7566640;4,7821350
3300;202000003647;1;2;2020;15:15;1;75;75118;2;2;1;6;RUE DU RUISSEAU;48,8972190;2,3422920
3301;202000003648;1;2;2020;13:20;1;75;75115;2;1;2;3;RUE DE LA CONVENTION;48,8450910;2,2791530
3302;202000003649;2;2;2020;03:00;5;75;75114;2;2;2;6;AVENUE DU MAINE;48,8375140;2,3229090
3303;202000003652;1;2;2020;16:30;1;75;75109;2;5;1;6;RUE DES MARTYRS;48,8767770;2,3392270
3304;202000003654;2;2;2020;05:55;5;94;94065;2;1;3;6;PONT DES HALLES (R DU);48,7576200;2,3478800
3305;202000003655;1;2;2020;20:00;5;94;94033;2;7;2;3;MARECHAL JOFFRE (AV DU);48,8537700;2,4702100
3306;202000003656;2;2;2020;19:20;5;94;94017;2;1;2;1;Avenue Roger Salengro;48,8180500;2,4934400
3307;202000003657;2;2;2020;11:10;1;93;93071;2;1;2;3;HELENE BOUCHER (ALLEE);48,9348520;2,5168699
3308;202000003658;2;2;2020;18:45;5;93;93055;2;1;2;6;JEAN NICOT;48,8915642;2,4153519
3309;202000003659;2;2;2020;15:15;1;93;93008;2;9;2;3;VAILLANT COUTURIER (AVENUE PAUL);48,9072400;2,4567400
3310;202000003660;2;2;2020;00:45;5;93;93007;2;2;2;3;ROND POINT PABLO NERUDA;48,9501100;2,4667300
3311;202000003661;2;2;2020;03:40;5;93;93001;2;2;2;3;BD ANATOLE FRANCE / R DU CREVECOEUR;48,9194800;2,3826700
3312;202000003662;2;2;2020;17:30;2;92;92040;2;2;2;3;PROFESSEUR CALMETTE (AVENUE DU);48,8148244;2,2720768
3313;202000003663;2;2;2020;20:09;5;92;92004;2;1;2;3;DOCTEUR DERVAUX  ( QUAI DU );48,9098800;2,2949600
3314;202000003664;2;2;2020;14:40;1;92;92004;2;1;2;2;DOCTEUR DERVAUX  ( QUAI DU );48,9044158;2,2865979
3315;202000003665;1;2;2020;11:45;1;65;65296;1;9;1;1;D48  Route du Vignoble;43,5310869; -0,0403213
3316;202000003666;31;1;2020;15:30;1;12;12259;1;1;8;5;D922;44,3060770;2,0392250
3317;202000003667;1;2;2020;19:52;5;74;74011;2;6;2;3;1 Rue Commandant Ratel;45,9232030;6,1365620
3318;202000003668;3;2;2020;07:45;1;80;80092;1;2;2;3;CD 933;49,9605280;2,2739500
3319;202000003669;2;2;2020;16:30;1;11;11024;1;9;1;-1;D 6009;43,1325990;2,9645810
3320;202000003670;3;2;2020;11:20;1;89;89167;1;2;2;3;D176;47,8709350;3,4361460
3321;202000003671;3;2;2020;13:20;1;63;63109;1;2;1;2;D996;45,5648300;3,1605430
3322;202000003672;3;2;2020;10:05;1;61;61195;1;1;2;1;35 Le Poirier;48,6468890; -0,3192900
3323;202000003674;2;2;2020;20:00;5;22;22325;2;3;8;6;Venelle des Pêcheurs;48,6465071; -2,8275975
3324;202000003675;2;2;2020;17:00;1;25;25036;1;1;2;7;Route National N83;47,1909560;5,9664340
3325;202000003677;1;2;2020;17:00;1;29;29196;1;1;8;1;Lieu-dit Landré;48,5085306; -4,5855657
3326;202000003678;2;2;2020;16:20;1;31;31174;2;1;7;6;276 Ceriros;43,0288470;0,8450250
3327;202000003679;2;2;2020;00:05;3;02;02012;1;1;2;3;D6;49,3390009;3,3868630