;Num_Acc;jour;mois;an;hrmn;lum;dep;com;agg;int;atm;col;adr;lat;long
3328;202000003680;31;1;2020;16:30;1;66;66053;1;1;1;1;Mas Ravaner;42,5317410;3,0673050
3329;202000003681;3;2;2020;07:40;3;14;14514;2;1;1;6;43 Rue Georges Clémenceau;49,2888450;0,1949910
3330;202000003682;3;2;2020;08:30;3;50;50127;1;1;2;7;D70;49,3823170; -1,3316850
3331;202000003683;30;1;2020;11:59;1;60;60584;2;1;3;7;D92;49,2097480;2,4050620
3332;202000003684;3;2;2020;00:00;3;10;10438;1;1;2;6;D30;48,1319050;4,6006610
3333;202000003685;2;2;2020;03:30;5;24;24255;2;1;1;7;Le Pech;44,9384870;1,1324590
3334;202000003686;2;2;2020;22:00;3;04;04004;1;1;1;7;RD 952;43,8059080;6,0545610
3335;202000003687;17;1;2020;09:00;1;04;04145;2;1;3;6;Parking Lidl;44,1388850;5,9677930
3336;202000003688;3;2;2020;15:47;1;28;28284;1;1;8;1;D2020;48,2423240;1,9568380
3337;202000003689;31;1;2020;12:30;1;37;37021;1;1;2;1;Lieu Dit la Petite Carrerie;47,5444346;0,6907439
3338;202000003690;3;2;2020;09:00;1;01;01296;1;1;3;7;A39;46,3844530;5,2702670
3339;202000003691;2;2;2020;18:05;1;973;97309;2;1;1;7;Rue Georges Guéril;4,8844030; -52,2815750
3340;202000003692;2;2;2020;11:10;1;83;83061;1;1;1;3;A8;43,5201507;6,7729824
3341;202000003693;1;2;2020;01:15;3;64;64502;1;1;1;2;A64- Pk 27.700 sens Toulouse/Bayonne;43,5307543; -1,1818225
3342;202000003694;3;2;2020;15:50;1;38;38133;2;1;1;1;D1075;45,3572500;5,6000700
3343;202000003695;2;2;2020;19:15;3;987;98723;1;1;1;6;route de PUMAUA rocher de la vierge; -9,7813552; -139,0114689
3344;202000003696;25;1;2020;14:15;1;971;97129;1;1;1;3;Duzer;16,3421144; -61,7381753
3345;202000003697;2;2;2020;18:30;3;977;97701;2;1;1;-1;Route de colombier;17,9120460; -62,8537860
3346;202000003698;2;2;2020;12:00;1;33;33234;2;3;1;6;6 Chemin de la Croix d'Ardit;44,8040600; -0,5005400
3347;202000003700;3;2;2020;07:54;1;13;13100;1;1;1;7;D99;43,7844640;4,8820070
3348;202000003701;2;2;2020;10:33;1;68;68063;2;2;2;3;6 Rue Georges Risler;47,8090510;7,1723790
3349;202000003702;3;2;2020;14:15;1;31;31458;1;1;1;1;Route de Frouzins;43,5081920;1,3575010
3350;202000003703;2;2;2020;22:00;3;80;80288;1;1;2;5;A1;49,8702170;2,8354170
3351;202000003704;2;2;2020;19:15;2;13;13106;1;1;1;4;A51-Sens Aix en Provence vers Marseille;43,4054500;5,3602000
3352;202000003705;2;2;2020;16:10;1;13;13071;1;1;1;3;A7-Sens Lyon vers Marseille;43,4061003;5,3226376
3353;202000003706;31;1;2020;07:40;2;13;13215;1;1;1;2;A7-Sens Lyon vers Marseille;43,3771600;5,3580100
3354;202000003707;31;1;2020;08:55;1;13;13210;1;1;1;3;A50-Sens Aubagne vers Marseille;43,2848050;5,4074782
3355;202000003708;31;1;2020;18:25;5;13;13210;1;1;1;2;A50-Sens Marseille vers Aubagne;43,2846333;5,4074005
3356;202000003709;31;1;2020;18:05;2;13;13215;1;1;1;2;A7-Sens Lyon vers Marseille;43,3476670;5,3713060
3357;202000003711;2;2;2020;19:15;5;91;91377;1;2;2;1;RD 188;48,7300900;2,3005100
3358;202000003712;2;2;2020;18:37;3;91;91216;1;1;2;2;AUTOROUTE A6;48,6844400;2,3279500
3359;202000003713;2;2;2020;16:40;1;94;94034;1;1;2;2;AUTOROUTE A86;48,7590958;2,3239201
3360;202000003714;2;2;2020;17:45;2;91;91064;1;1;2;6;RN 118;48,7499100;2,2213800
3361;202000003715;2;2;2020;05:25;3;91;91589;1;1;3;7;AUTOROUTE A6;48,6785000;2,3353000
3362;202000003716;2;2;2020;18:00;3;77;77514;1;1;3;-1;A104;48,9479140;2,6286830
3363;202000003717;2;2;2020;10:15;1;77;77249;1;1;2;7;RN104;48,7403031;2,6124683
3364;202000003718;2;2;2020;09:35;1;77;77373;1;1;2;7;RN104;48,7669680;2,6135680
3365;202000003719;31;1;2020;09:05;1;77;77146;1;1;1;2;A4.Y;48,8321615;2,6537775
3366;202000003720;1;2;2020;04:20;4;69;69199;2;2;1;-1;NICOLAI                             (R );45,7084500;4,8552100
3367;202000003721;31;1;2020;11:45;1;69;69388;2;1;1;6;BATAILLE                            (R );45,7387100;4,8673000
3368;202000003723;31;1;2020;05:20;5;2B;2B120;2;1;1;2;11 - RT;42,6483300;9,4400300
3369;202000003724;31;1;2020;23:10;5;971;97101;1;1;1;6;GRAND CAMP(SECTION);16,2489637; -61,5375996
3370;202000003726;1;2;2020;04:00;3;78;78311;2;5;2;2;HENRI BARBUSSE (BOULEVARD) 83-109;48,9319400;2,1826600
3371;202000003727;30;1;2020;18:35;5;78;78517;2;3;9;6;CLAIREFONTAINE (RUE DE);48,6504200;1,8310500
3372;202000003730;1;2;2020;04:30;3;71;71445;1;1;2;3;D673;46,7744202;4,8752609
3373;202000003731;1;2;2020;18:10;5;64;64348;2;1;1;3;ANDRE MARIE AMPERE;43,3138400; -0,4282800
3374;202000003732;1;2;2020;13:45;1;64;64445;2;1;1;6;GUILHEM;43,3169100; -0,3369100
3375;202000003733;1;2;2020;02:45;5;64;64445;2;5;1;3;JEAN GENEZE;43,3191700; -0,3675100
3376;202000003734;31;1;2020;15:56;1;63;63113;2;1;1;6;LIONDARDS (RUE DES);45,7665399;3,0957063
3377;202000003736;30;1;2020;10:13;1;63;63032;2;3;1;5;MONTPOLY/Mont-Dore;45,7511500;3,0798600
3378;202000003738;29;1;2020;17:00;1;59;59350;2;9;1;3;CATICHES RUE DES;50,6090900;3,0413700
3379;202000003739;1;2;2020;16:30;1;54;54025;1;1;2;2;CHARTREUSE (AVENUE DE LA);48,6617843;6,2511684
3380;202000003740;1;2;2020;17:51;2;54;54159;2;3;2;6;MATHIEU DE DOMBASLE (RUE);48,6255090;6,3463660
3381;202000003741;1;2;2020;15:40;1;51;51454;2;1;1;4;Boulevard Louis Roederer;49,2572626;4,0236155
3382;202000003742;1;2;2020;11:40;1;45;45302;1;1;1;6;Rocade-D520;47,9453220;1,8926200
3383;202000003744;1;2;2020;20:45;5;35;35238;2;1;1;6;5 BRIZEUX (DE);48,1200000; -1,6720300
3384;202000003745;1;2;2020;15:20;1;35;35238;2;3;1;3;RABELAIS;48,0971600; -1,6770100
3385;202000003747;1;2;2020;11:40;1;35;35238;1;1;1;2;RN136;48,0828400; -1,6975600
3386;202000003748;1;2;2020;09:40;1;35;35278;1;9;7;6;RN136 Porte de Beauregard;48,1393100; -1,6986800
3387;202000003749;1;2;2020;08:30;1;34;34198;2;1;5;1;PAGNOL (AVENUE MARCEL);43,5606650;3,9545820
3388;202000003750;1;2;2020;16:05;1;34;34003;1;1;1;3;RD612;43,3091400;3,5125600
3389;202000003751;2;2;2020;02:10;5;29;29019;2;2;3;1;Rue de Paris;48,4096400; -4,4564300
3390;202000003752;27;1;2020;16:05;1;28;28085;2;7;8;1;SAINT BRICE (RUE);48,4379000;1,4936000
3391;202000003753;31;1;2020;13:25;1;19;19272;2;1;2;6;Champeau (Lieu dit);45,2744248;1,7870687
3392;202000003754;1;2;2020;08:40;1;13;13208;2;6;7;3;ALAIN SAVARY (ROND-POINT);43,2460860;5,3945760
3393;202000003755;1;2;2020;02:25;4;13;13209;2;1;1;7;COL DE LA GINESTE D559;43,2461100;5,4457600
3394;202000003756;27;1;2020;17:30;1;13;13004;2;1;1;6;RUE HORACE RICHEBE;43,6948400;4,6344500
3395;202000003758;1;2;2020;20:10;5;75;75112;2;1;2;2;PORTE DE CHARENTON;48,8302760;2,4020370
3396;202000003759;1;2;2020;14:20;1;75;75119;2;4;2;2;PORTE D AUBERVILLIERS;48,9003340;2,3771970
3397;202000003760;31;1;2020;06:20;5;75;75112;2;4;1;7;ECHANGEUR BERCY;48,8271950;2,3927950
3398;202000003761;29;1;2020;15:25;1;75;75118;2;4;1;3;BD PERIPHERIQUE INTERIEUR;48,9009059;2,3557410
3399;202000003762;1;2;2020;19:30;5;75;75119;2;3;2;6;BOULEVARD MACDONALD;48,8988530;2,3781280
3400;202000003763;1;2;2020;20:30;5;75;75119;2;2;1;6;AVENUE DE FLANDRE;48,8905640;2,3768440
3401;202000003764;1;2;2020;14:05;1;75;75119;2;3;1;6;QUAI DE LA SEINE;48,8866820;2,3745420
3402;202000003765;1;2;2020;01:30;5;75;75116;2;1;1;7;VOIE GEORGES POMPIDOU;48,8516640;2,2800920
3403;202000003766;31;1;2020;20:50;5;75;75116;2;1;1;6;AVENUE DU MAHATMA GANDHI;48,8769140;2,2678620
3404;202000003767;31;1;2020;10:28;1;75;75116;2;3;1;3;AVENUE FOCH;48,8719470;2,2825490
3405;202000003768;1;2;2020;01:55;5;75;75114;2;7;1;3;PLACE VICTOR BASCH;48,8278110;2,3266620
3406;202000003769;1;2;2020;18:50;5;75;75112;2;6;2;-1;ROUTE DE LA PYRAMIDE;48,8340630;2,4448200
3407;202000003770;1;2;2020;12:00;1;75;75112;2;7;1;2;AVENUE DE SAINT MANDE;48,8448850;2,4019770
3408;202000003772;1;2;2020;01:40;5;75;75109;2;1;1;6;BOULEVARD DE CLICHY;48,8827080;2,3357530
3409;202000003773;1;2;2020;02:24;5;75;75108;2;4;1;3;VOIE GEORGES POMPIDOU;48,8646630;2,3074020
3410;202000003774;30;1;2020;12:45;1;75;75108;2;7;2;3;RUE DE LA PEPINIERE;48,8748506;2,3198769
3411;202000003776;1;2;2020;06:55;5;94;94081;2;2;2;2;ROUGET DE L ISLE (AV);48,7781600;2,3967900
3412;202000003777;31;1;2020;16:30;1;94;94068;2;1;1;7;LA FONTAINE (AV);48,8082900;2,5062900
3413;202000003779;3;2;2020;19:15;5;94;94076;2;1;7;6;STALINGRAD (AV DE);48,7829000;2,3670400
3414;202000003780;1;2;2020;19:30;5;94;94034;2;9;2;6;JEAN JAURES (BD);48,7549000;2,3195500
3415;202000003781;1;2;2020;15:25;1;94;94017;2;1;2;2;François Mittérrand (avenue);48,8151400;2,5163200
3416;202000003784;1;2;2020;01:40;5;94;94004;2;1;2;6;CHARLES DE GAULLE (AV);48,7592511;2,5006571
3417;202000003785;1;2;2020;22:10;5;93;93055;2;1;2;2;EDOUARD VAILLANT DU 1 A FIN.;48,8972400;2,3997400
3418;202000003786;1;2;2020;19:07;5;92;92072;2;1;2;7;VILLE D'AVRAY (RUE DE );48,8248100;2,2073800
3419;202000003787;1;2;2020;19:15;5;92;92020;2;1;2;3;PARIS AVENUE DE N° IMPAIRS;48,8091000;2,2971900
3420;202000003788;30;1;2020;19:30;2;92;92025;2;3;1;4;VERDUN (RUE DE);48,9240050;2,2525940
3421;202000003789;31;1;2020;16:05;1;14;14656;2;1;1;1;Route de Caen;48,9373108; -0,5064867
3422;202000003790;2;2;2020;17:30;2;01;01378;1;1;2;6;D65;45,8317780;5,1899730
3423;202000003791;1;2;2020;19:40;3;972;97214;1;1;1;1;RN1;14,8432160; -61,0890480
3424;202000003792;1;2;2020;19:00;3;34;34114;1;1;1;6;A750;43,6459050;3,5498500
3425;202000003793;2;2;2020;16:10;1;2B;2B229;1;1;1;6;D343;42,1376440;9,2780180
3426;202000003794;26;1;2020;03:30;5;57;57611;1;1;1;7;86 Rue de France;48,6572810;6,9249110
3427;202000003795;1;2;2020;19:45;3;51;51527;1;1;3;3;D28;49,2605735;3,7914097
3428;202000003796;2;2;2020;11:10;1;19;19150;1;1;1;6;D38;45,0760602;1,6065751
3429;202000003797;2;2;2020;19:30;3;76;76594;1;3;2;3;Route du Havre;49,4909970;1,0151730
3430;202000003799;1;2;2020;14:25;1;11;11255;1;2;1;3;D224;43,1692860;2,9148750
3431;202000003800;2;2;2020;16:55;1;34;34028;1;1;1;3;D908;43,6152110;3,1868770
3432;202000003801;1;2;2020;23:15;3;68;68065;1;1;2;7;D32;47,6438150;7,0361420
3433;202000003802;1;2;2020;15:40;1;22;22222;2;1;1;6;Le Chêne Vert;48,6894000; -2,9318770
3434;202000003803;31;1;2020;16:30;1;38;38389;2;2;1;3;Avenue du Stade;45,5551800;5,0817700
3435;202000003804;31;1;2020;20:05;3;38;38503;1;1;1;1;Route du Lac;45,3160040;5,9450140
3436;202000003805;1;2;2020;04:00;3;38;38042;1;1;1;6;Route de Grenoble;45,3705100;5,4053200
3437;202000003806;1;2;2020;15:45;1;01;01320;1;1;8;6;D68a;46,3127310;4,8590900
3438;202000003808;31;1;2020;10:30;1;54;54054;2;1;2;6;RD112;48,4757320;6,3139140
3439;202000003809;2;2;2020;08:10;2;72;72186;1;1;2;6;112 Route du Mans;48,2091740;0,1302050
3440;202000003810;2;2;2020;11:05;1;06;06138;2;1;1;7;Avenue de Lérins;43,5134720;6,9371470
3441;202000003811;1;2;2020;03:00;3;90;90069;1;1;1;6;1 Rue des Redais;47,5252940;6,9173100
3442;202000003812;2;2;2020;15:30;1;60;60531;2;9;2;7;718 Rue de Francières;49,4416695;2,7025871
3443;202000003813;2;2;2020;12:15;1;24;24038;1;1;2;7;D708;45,2977960;0,3576780
3444;202000003814;1;2;2020;22:00;3;88;88486;1;1;2;6;D43;48,0139880;6,7091660
3445;202000003815;2;2;2020;01:45;3;03;03256;1;1;1;6;A71;46,3363894;2,8864546
3446;202000003816;2;2;2020;12:00;1;01;01254;1;1;3;1;A40;46,1686200;5,3015439
3447;202000003817;1;2;2020;18:30;5;971;97121;2;1;1;6;D17;16,2245106; -61,7746739
3448;202000003819;6;1;2020;17:50;5;83;83023;2;1;2;3;Avenue de la Liberation;43,4058710;6,0730080
3449;202000003820;1;2;2020;11:57;1;67;67400;1;1;3;1;D263;48,9859219;7,9584208
3450;202000003821;2;2;2020;01:45;3;38;38412;1;1;1;6;Route de Fourvoirie;45,3794000;5,7434600
3451;202000003822;2;2;2020;14:45;1;26;26206;1;1;1;7;Quartier le Rozet;44,8226940;5,0099830
3452;202000003824;2;2;2020;18:00;1;64;64230;1;1;1;5;Haut de Gan;43,1697550; -0,4413360
3453;202000003825;31;1;2020;13:45;1;44;44103;2;3;2;3;Rue de la Chalandière;47,3285909; -2,1773642
3454;202000003826;23;1;2020;13:15;1;59;59310;2;3;1;1;84 chaussée du bois;50,3250430;3,8266750
3455;202000003827;31;1;2020;20:40;3;13;13015;1;1;1;4;A51-Sens Marseille vers Aix en Provence;43,4586550;5,4027540
3456;202000003828;28;1;2020;17:25;1;13;13055;1;1;1;2;A507 sens Marseille - Aubagne;43,2962660;5,4245940
3457;202000003829;31;1;2020;08:25;3;67;67309;1;1;8;7;Autoroute A.4;48,6414859;7,7309619
3458;202000003830;1;2;2020;15:43;1;78;78640;1;1;8;4;A86 EXT;48,7786890;2,2065840
3459;202000003831;31;1;2020;20:59;5;78;78640;1;1;2;2;N118;48,7783380;2,2224160
3460;202000003832;1;2;2020;12:20;1;93;93066;1;1;2;3;AUTOROUTE A1;48,9281300;2,3579900
3461;202000003833;1;2;2020;10:20;1;92;92078;1;1;2;6;AUTOROUTE A86;48,9311319;2,3235238
3462;202000003834;1;2;2020;05:55;3;95;95277;1;1;3;6; A3;48,9799900;2,4966200
3463;202000003836;22;7;2020;18:00;1;78;78402;1;1;1;2;A13;48,9638900;1,7920380
3464;202000003837;23;7;2020;19:00;1;95;95424;1;1;1;7;AUTOROUTE A15;48,9893000;2,1978000
3465;202000003838;22;7;2020;18:30;1;93;93066;1;1;1;2;AUTOROUTE A1;48,9085200;2,3584600
3466;202000003839;23;7;2020;19:45;1;93;93051;1;1;1;5;A4;48,8359199;2,5613794
3467;202000003840;23;7;2020;08:40;1;94;94017;1;1;1;2;A4;48,8278800;2,5043200
3468;202000003841;22;7;2020;16:15;1;94;94017;1;1;1;2;A4;48,8287167;2,4781208
3469;202000003842;22;7;2020;09:52;1;974;97416;2;1;1;6;LORION(RUE LUC); -21,3406700;55,4690600
3470;202000003843;30;6;2020;18:50;5;974;97416;2;2;1;3;Rue Hippolyte Piot; -21,2986600;55,4538500
3471;202000003844;22;7;2020;19:15;5;974;97411;2;4;1;3;CHAUDRON  (BLD 1 DU); -20,8986700;55,4964900
3472;202000003845;23;7;2020;02:00;5;69;69259;2;1;1;2;MARCEL PAUL                         (AV);45,6993300;4,8820300
3473;202000003846;22;7;2020;19:15;1;69;69383;2;3;1;3;AUBIGNY (D')                        (R );45,7613000;4,8638000
3474;202000003847;22;7;2020;18:45;1;69;69387;2;1;1;6;CLAUDE BERNARD                      (QU);45,7525800;4,8367500
3475;202000003848;22;7;2020;16:05;1;69;69387;2;1;2;3;GARIBALDI                           (R );45,7481000;4,8521400
3476;202000003849;22;7;2020;16:50;1;69;69387;2;3;3;7;GAMBETTA                            (CO);45,7541400;4,8462700
3477;202000003850;21;7;2020;07:00;1;972;97209;1;1;1;3;AUTOROUTE (A1);14,6182300; -61,0347800
3478;202000003851;21;7;2020;08:10;1;972;97209;2;1;1;1;NELSON MANDELA (BOULEVARD);14,6018500; -61,0513500
3479;202000003852;21;7;2020;23:20;5;69;69034;2;3;1;7;SOLDATS (DES)                       (MO);45,7972000;4,8529000
3480;202000003853;22;7;2020;15:30;1;971;97113;1;9;2;2;SECTION GRANDE RAVINE;16,2136400; -61,4777600
3481;202000003854;21;7;2020;15:40;1;971;97113;1;1;1;3;RN4 - SECTION RIVIERA;16,2187400; -61,5021300
3482;202000003855;20;7;2020;18:43;3;971;97113;1;2;1;3;AMEDE CLARA;16,2060893; -61,4867234
3483;202000003856;20;7;2020;10:16;1;971;97101;1;2;1;3;PETIT PEROU;16,2515600; -61,5132500
3484;202000003857;22;7;2020;14:30;1;971;97105;1;3;1;1;BOLOGNE (ROUTE DE);16,0059700; -61,7325100
3485;202000003858;17;7;2020;23:30;5;95;95555;2;1;1;-1;PASTEUR (BOULEVARD);48,9669387;2,2750463
3486;202000003859;21;7;2020;17:45;1;91;91223;2;1;1;6;SAINT MARTIN (RUE);48,4278600;2,1433900
3487;202000003860;22;7;2020;07:30;1;91;91027;2;1;7;3;MORANGIS (AVENUE DE);48,7058000;2,3689000
3488;202000003861;21;7;2020;17:10;1;91;91347;2;1;1;3;MONTLHERY (ROUTE DE);48,6353300;2,2854400
3489;202000003862;20;7;2020;18:35;1;91;91103;2;2;1;3;RUE JEAN JAURES;48,6074500;2,3094100
3490;202000003864;21;7;2020;18:50;1;83;83129;1;1;1;4;KENNEDY (AVENUE J.)N° IMPAIRS > ST VICTO;43,1079500;5,8156000
3491;202000003865;21;7;2020;10:55;1;80;80021;2;1;1;6;LA BRUYERE (RUE);49,9091500;2,3160700
3492;202000003866;20;7;2020;19:36;1;78;78646;2;1;1;1;PETITS BOIS (RUE DES);48,8068100;2,1574500
3493;202000003867;22;7;2020;13:50;1;78;78440;2;1;1;3;SALVADOR ALLENDE (RUE);48,9703650;1,9196030
3494;202000003869;21;7;2020;17:00;1;76;76351;2;1;1;2;REPUBLIQUE (COURS DE LA);49,5017200;0,1312400
3495;202000003870;22;7;2020;02:25;5;76;76351;2;1;1;6;SALVADOR ALLENDE (RUE);49,5046700;0,1392200
3496;202000003871;19;7;2020;16:55;1;73;73222;2;3;1;3;D912A PLAIMPALAIS (ROUTE DE);45,5748600;5,9565600
3497;202000003872;1;7;2020;18:30;1;69;69266;2;1;1;-1;WILSON       (Place);45,7737100;4,8673200
3498;202000003873;20;7;2020;18:06;1;67;67365;2;1;1;4;BOHRIE (ALLEE DU);48,5515300;7,7061700
3499;202000003874;21;7;2020;23:49;5;66;66136;2;1;1;2;ZOLA (EMILE);42,6980400;2,8973700
3500;202000003876;22;7;2020;08:55;1;64;64445;2;2;1;2;GASTON PHOEBUS;43,3024450; -0,3793570
3501;202000003877;5;7;2020;17:10;1;62;62065;2;1;1;3;SEMARD PIERRE;50,4138540;2,8412100
3502;202000003878;22;7;2020;16:25;1;59;59360;2;3;1;-1;KUHLMANN AVENUE;50,6206432;3,0163579
3503;202000003879;21;7;2020;10:55;1;54;54578;2;1;1;6;TROIS EPIS (RUE DES);48,6750014;6,1619085
3504;202000003880;22;7;2020;07:50;1;45;45338;2;6;1;6;Rue Léonard de Vinci;47,9971500;2,7149960
3505;202000003882;21;7;2020;10:20;1;37;37208;2;1;1;1;LAC (AVENUE DU);47,3671438;0,7208960
3506;202000003883;22;7;2020;12:50;1;34;34172;2;1;1;6;NOBEL (RUE ALFRED);43,6105500;3,9124500
3507;202000003884;17;7;2020;19:30;1;34;34032;2;6;1;3;ROUTE DE BEDARIEUX (RD.909);43,3600500;3,2247700
3508;202000003885;22;7;2020;15:50;1;33;33009;2;1;1;2;DEGANNE (BD) DU 01 AU 35;44,6540900; -1,1478700
3509;202000003886;22;7;2020;09:40;1;31;31555;1;1;1;6;VA001490 A621;43,6250100;1,4129700
3510;202000003888;21;7;2020;20:05;1;31;31555;2;1;1;3;LARDENNE (AV DE);43,5924300;1,4013200
3511;202000003890;21;7;2020;13:10;1;31;31555;2;1;1;3;CHE DU CHATEAU DE L HERS;43,6018900;1,4821200
3512;202000003891;21;7;2020;10:05;1;31;31555;1;6;1;3;RD PT GRIFFON;43,5587900;1,4959700
3513;202000003892;21;7;2020;16:30;1;30;30189;2;1;1;6;MENDES FRANCE PIERRE (AVENUE);43,8203000;4,3865000
3514;202000003893;21;7;2020;19:50;1;29;29232;2;1;1;6;Boulevard Amiral de Kerguelen;47,9954814; -4,0970598
3515;202000003894;22;7;2020;07:40;1;29;29232;2;6;1;2;Rue Philippe Lebon ;47,9950700; -4,0740800
3516;202000003895;22;7;2020;15:45;1;17;17300;2;6;1;6;CHAMP DE MARS   AVENUE DU;46,1689700; -1,1497200
3517;202000003896;25;6;2020;20:15;1;14;14338;2;1;1;3;BAINS (RUE DES);49,2990025; -0,0847008
3518;202000003898;22;7;2020;20:30;2;13;13208;2;1;1;2;MENDES FRANCE (AVENUE);43,2597400;5,3757200
3519;202000003899;22;7;2020;19:20;1;13;13213;2;2;1;1;LEPRINCE RINGUIET (rue);43,3442600;5,4433400
3520;202000003900;22;7;2020;18:10;1;13;13208;2;1;1;2;MENDES FRANCE (AVENUE);43,2624400;5,3741600
3521;202000003901;22;7;2020;18:05;1;13;13203;2;1;1;6;ROGER SALENGRO (AVENUE);43,3095500;5,3737300
3522;202000003902;22;7;2020;08:35;1;13;13212;2;3;1;3;GUEY (BOULEVARD);43,3040000;5,4225280
3523;202000003903;21;7;2020;07:05;1;13;13206;2;2;1;3;ITALIE (RUE D');43,2905200;5,3833800
3524;202000003904;22;7;2020;01:40;3;13;13001;2;1;1;6;LEDOUX CLAUDE NICOLAS (RUE);43,4752923;5,3980568
3525;202000003905;21;7;2020;13:30;1;10;10387;2;6;1;3;FRANCOIS MITERRAND;48,2926000;4,0742000
3526;202000003906;21;7;2020;18:10;1;09;09122;2;9;1;6;ESPAGNE (ROUTE D');42,9399301;1,6241897
3527;202000003907;22;7;2020;08:43;1;06;06088;2;2;1;3;LEVESI (R. DOCTEUR);43,6813900;7,2312800
3528;202000003908;20;7;2020;08:35;1;06;06083;2;3;1;6;GREVILLE (RUE HENRI);43,7758810;7,4954920
3529;202000003909;22;7;2020;14:00;1;06;06069;1;1;1;3;SAINT MATHIEU (ROUTE ET PLACE);43,6606200;6,9493500
3530;202000003910;21;7;2020;19:30;1;06;06123;2;1;1;2;VESPINS ROUTE DES;43,6600400;7,1881600
3531;202000003911;22;7;2020;13:41;1;06;06004;2;1;1;3;POINCARE BD RAYMOND.;43,5730800;7,1009700
3532;202000003912;21;7;2020;15:20;1;05;05061;2;1;1;2;JEAN JAURES ( AVENUE );44,5497800;6,0683500
3533;202000003913;22;7;2020;17:35;1;75;75115;2;1;1;7;PORTE DE SEVRES;48,8310530;2,2841260
3534;202000003914;22;7;2020;17:10;1;75;75120;2;1;1;4;BOULEVARD PERIPHERIQUE;48,8714280;2,4130020
3535;202000003915;21;7;2020;19:50;1;75;75112;2;1;1;3;BOULEVARD PERIPHERIQUE;48,8287680;2,3987160
3536;202000003916;22;7;2020;03:49;5;75;75105;2;7;1;3;PLACE DU PETIT PONT;48,8530640;2,3468200
3537;202000003917;22;7;2020;12:20;1;75;75120;2;1;1;6;AVENUE GAMBETTA;48,8765100;2,4063100
3538;202000003918;22;7;2020;14:30;1;75;75118;2;1;1;6;RUE MARX DORMOY;48,8899550;2,3599250
3539;202000003919;22;7;2020;14:30;1;75;75118;2;7;1;6;RUE DU POTEAU;48,8933120;2,3428630
3540;202000003920;21;7;2020;23:00;5;75;75117;2;2;1;3;RUE DE PONT A MOUSSON;48,8975340;2,3241930
3541;202000003921;22;7;2020;16:50;1;75;75116;2;1;1;6;ROUTE DE LA MUETTE A NEUILLY;48,8670150;2,2650900
3542;202000003922;21;7;2020;23:00;5;75;75101;2;2;1;2;RUE DU LOUVRE;48,8609200;2,3408660
3543;202000003923;21;7;2020;02:40;5;75;75113;2;5;1;3;AVENUE DES GOBELINS;48,8367930;2,3518740
3544;202000003924;22;7;2020;03:10;5;75;75112;2;1;1;6;QUAI DE LA RAPEE;48,8441090;2,3694730
3545;202000003925;21;7;2020;20:20;1;75;75112;2;4;1;3;RUE DU FAUBOURG SAINT ANTOINE;48,8506400;2,3788050
3546;202000003926;22;7;2020;14:00;1;75;75111;2;2;1;6;BOULEVARD DE MENILMONTANT;48,8669930;2,3828200
3547;202000003927;22;7;2020;09:20;1;75;75109;2;7;1;3;RUE AUBER;48,8710460;2,3319070
3548;202000003928;22;7;2020;20:15;1;75;75108;2;1;1;7;AVENUE DES CHAMPS ELYSEES;48,8668250;2,3169190
3549;202000003929;22;7;2020;02:05;5;75;75108;2;3;1;6;AVENUE DES CHAMPS ELYSEES;48,8710880;2,3034910
3550;202000003930;21;7;2020;12:28;1;75;75107;2;3;1;3;BOULEVARD RASPAIL;48,8515710;2,3268170
3551;202000003931;22;7;2020;16:54;1;94;94046;2;2;1;3;GAMBETTA (AV);48,8100200;2,4400900
3552;202000003932;22;7;2020;08:26;1;94;94016;2;1;1;-1;ARISTIDE BRIAND (AV);48,7977000;2,3226900
3553;202000003933;22;7;2020;20:00;1;94;94041;2;1;1;2;VERDUN (AV DE);48,8092200;2,3734900
3554;202000003934;21;7;2020;08:00;1;94;94041;2;1;1;2;LEON GAMBETTA (PL);48,8144400;2,4020600
3555;202000003936;22;7;2020;13:20;1;93;93048;2;3;1;6;THEOPHILE SUEUR (BOULEVARD);48,8663000;2,4695000
3556;202000003937;22;7;2020;20:30;1;93;93045;2;2;1;3;R DE PARIS / R JEAN MOULIN;48,8793600;2,4148800
3557;202000003938;29;7;2020;16:25;1;93;93032;2;3;1;3;MAISON BLANCHE  (RUE DE);48,8800220;2,5339730
3558;202000003939;22;7;2020;13:22;1;93;93031;2;1;1;2;FOCH (BOULEVARD);48,9494000;2,3295900
3559;202000003940;22;7;2020;15:15;1;93;93027;2;9;1;3;VAILLANT-COUTURIER (AVENUE PAUL);48,9181000;2,4077000
3560;202000003941;22;7;2020;18:45;1;93;93001;2;1;1;6;DANIELLE CASANOVA (RUE)  => 54/57;48,9185080;2,3929520
3561;202000003942;21;7;2020;14:30;1;92;92063;1;1;1;6;VERSAILLES (ROUTE DE);48,8511108;2,1582945
3562;202000003943;22;7;2020;08:35;1;92;92024;2;1;1;3;VICTOR HUGO (BD);48,8979498;2,3113269
3563;202000003944;22;7;2020;22:00;1;92;92040;2;1;1;7;RODIN (BOULEVARD);48,8186150;2,2577150
3564;202000003945;22;7;2020;19:25;1;92;92040;2;3;1;3;GALLIENI (BOULEVARD);48,8315440;2,2671990
3565;202000003946;21;7;2020;14:30;1;92;92035;2;9;1;3;Léon Maurice Nordmann ( rue );48,9036724;2,2415891
3566;202000003947;22;7;2020;22:55;5;92;92012;2;9;1;3;ECOLES (PLACE DES);48,8324364;2,2433460
3567;202000003948;22;7;2020;18:50;1;92;92012;2;1;1;2;GENERAL LECLERC (AVENUE DU) 35/FIN - 60/;48,8301776;2,2327493