;Num_Acc;jour;mois;an;hrmn;lum;dep;com;agg;int;atm;col;adr;lat;long
3568;202000003949;3;10;2020;07:50;5;92;92012;2;2;1;-1;MEUDON (RUE DE) - COTE IMPAIR;48,8255679;2,2418980
3569;202000003950;23;7;2020;17:13;1;60;60269;1;2;1;3;D901;49,6181270;1,9489470
3570;202000003951;22;7;2020;12:30;1;62;62596;2;9;1;7;55 Rue Principale;50,3402835;1,9448016
3571;202000003952;22;7;2020;19:15;2;83;83072;2;1;1;1;Boulevard de la Libération;43,4947680;6,3545070
3572;202000003953;23;7;2020;12:45;1;91;91390;1;3;1;1;Route de l'Aumone;48,3187420;2,0768340
3573;202000003954;23;7;2020;11:30;1;22;22368;1;1;1;3;D118;48,5682020; -2,0597330
3574;202000003955;22;7;2020;23:15;5;41;41194;2;2;1;6;78 Rue Marceau;47,3593980;1,7523250
3575;202000003956;23;7;2020;09:30;1;972;97229;2;9;1;3;Boulevard du General de Gaulle;14,6089070; -61,0923420
3576;202000003957;6;7;2020;00:05;3;57;57622;1;1;8;6;A4;49,1801960;6,0365580
3577;202000003958;22;7;2020;11:30;1;12;12098;2;3;1;6;2 Rue Francois d'Estaing;44,5535550;2,6721940
3578;202000003959;23;7;2020;08:45;1;74;74112;1;1;1;-1;D3508;45,9233940;6,0851600
3579;202000003960;22;7;2020;17:45;1;58;58270;1;1;1;6;D114;47,4759900;3,0343570
3580;202000003961;22;7;2020;14:30;1;38;38194;1;3;1;3;Le Grand Chemin;45,3418900;5,4329100
3581;202000003962;22;7;2020;18:30;1;84;84091;1;1;1;1;chemin des lacs;44,1651980;4,7353010
3582;202000003963;21;7;2020;23:45;3;41;41200;1;1;1;7;D16;47,7595040;1,0753510
3583;202000003964;22;7;2020;13:15;1;76;76734;1;5;1;4;D925;49,6041150;0,2790460
3584;202000003966;23;7;2020;10:30;1;34;34051;1;1;1;7;D130;43,5920090;3,4846150
3585;202000003967;22;7;2020;23:08;3;22;22025;2;3;1;7;rue anatole le braz;48,4055210; -3,4287000
3586;202000003968;23;7;2020;09:33;1;44;44194;2;3;1;3;rue de Nantes;47,2600500; -1,6579500
3587;202000003969;22;7;2020;23:45;3;26;26105;1;1;1;6;1 Route de Nyons;44,4583240;5,3698720
3588;202000003970;23;7;2020;08:55;1;26;26324;2;6;1;3;Route de Pierrelatte;44,3458490;4,7550150
3589;202000003971;23;7;2020;14:20;1;72;72007;1;1;1;6;Route départementale 357 PK30;47,9971140;0,4406410
3590;202000003972;23;7;2020;03:30;3;72;72217;1;1;1;6;Route de la Guierche;48,0905560;0,2077860
3591;202000003973;23;7;2020;15:40;1;06;06071;1;1;1;3;D2202;44,0445760;6,8412810
3592;202000003974;20;7;2020;13:30;1;14;14527;1;1;1;3;D613;49,1297981; -0,0442856
3593;202000003975;22;7;2020;20:35;2;05;05032;1;1;3;6;D944;44,7146900;6,2609300
3594;202000003976;23;7;2020;15:03;1;60;60405;2;1;1;3;10 Rue de Picardie;49,6674470;1,8092470
3595;202000003977;23;7;2020;10:00;1;60;60098;2;2;1;3;Rue Bel air D124;49,6518760;1,7539720
3596;202000003978;22;7;2020;19:45;1;73;73011;1;3;1;1;D925;45,6866103;6,4027537
3597;202000003979;23;7;2020;08:00;1;04;04111;1;1;1;1;RD 4100;43,9201840;5,7569650
3598;202000003980;22;7;2020;10:40;1;04;04116;2;2;1;2;RD 4 / Rue des Prés d'Astruc;44,0291350;5,9734510
3599;202000003981;23;7;2020;08:40;1;04;04036;1;3;1;3;RD 900 / Le Lauron;44,1558000;6,2986210
3600;202000003983;24;6;2020;07:10;2;27;27679;1;1;1;6;Rue de la Grand Mare;48,8074570;0,8546000
3601;202000003984;20;7;2020;21:30;1;17;17337;2;1;1;7;Port de Boyardville, chenal de la perrotine;45,9662640; -1,2415300
3602;202000003985;23;7;2020;09:00;1;37;37109;2;2;7;3;Rue Alfred de Musset;47,4078531;0,6068896
3603;202000003986;23;7;2020;14:30;1;48;48017;2;4;1;7;5 Rue du Coulas;44,4351660;3,2010500
3604;202000003987;22;7;2020;23:50;5;69;69244;2;1;8;6;58 Chemin Finat Duclos;45,7576420;4,7489800
3605;202000003989;22;7;2020;18:10;1;34;34172;1;1;1;4;A709 pk 011+900;43,6040130;3,9278700
3606;202000003990;23;7;2020;07:15;1;17;17421;1;1;1;1;RD 14;45,6757970; -0,9531460
3607;202000003991;23;7;2020;12:30;1;69;69007;1;3;1;-1;D45;45,5012790;4,8023210
3608;202000003992;21;7;2020;11:25;1;987;98729;1;1;1;2;VAEANAE PK 20 HAAPITI; -17,5330970; -149,8386130
3609;202000003993;23;7;2020;07:10;1;45;45229;1;1;1;2;D135-PR 9 + 50;47,8534610;2,7569840
3610;202000003994;22;7;2020;10:00;1;2B;2B042;1;1;7;2;T11;42,5916370;9,4391660
3611;202000003995;22;7;2020;14:05;1;05;05065;2;1;1;1;Rue de Fontloube;44,6569430;6,6513740
3612;202000003996;8;7;2020;15:56;1;67;67351;1;1;1;6;D645;48,9521793;7,9952661
3613;202000003997;12;7;2020;19:30;1;67;67130;1;1;1;7;D468;48,4308660;7,7027030
3614;202000003998;22;7;2020;19:00;1;63;63470;1;1;1;3;D986;45,8645279;3,0404744
3615;202000004000;23;7;2020;16:45;1;01;01390;1;3;1;1;D20;45,8009520;5,2639160
3616;202000004001;22;7;2020;15:40;1;22;22376;1;1;1;7;Cité du Versant;48,2078050; -2,7873300
3617;202000004004;22;7;2020;17:50;1;59;59034;2;1;1;6;Rue du Château d'Has;50,5364850;3,0838620
3618;202000004005;22;7;2020;17:45;1;13;13106;1;1;1;-1;A7-Sens Lyon vers Marseille;43,3913000;5,3510000
3619;202000004007;19;7;2020;18:45;1;13;13106;1;1;1;2;A51-Sens Aix en Provence vers Marseille;43,4043300;5,3586100
3620;202000004008;22;7;2020;17:15;1;33;33122;1;1;1;5;AUTOROUTE A 63;44,7540600; -0,6891300
3621;202000004009;20;7;2020;19:20;1;33;33550;1;1;1;6;AUTOROUTE A 62;44,7754500; -0,5570200
3622;202000004011;22;7;2020;18:50;1;92;92048;1;1;1;4;N118;48,8277902;2,2248367
3623;202000004013;20;7;2020;16:57;1;95;95678;1;1;1;4;RN 184;49,0643500;2,2140800
3624;202000004014;22;7;2020;12:00;1;94;94018;1;1;1;4;A4;48,8254583;2,3926834
3625;202000004015;22;7;2020;07:45;1;93;93051;1;1;1;3;A4;48,8370379;2,5481129
3626;202000004016;22;7;2020;07:00;1;94;94015;1;1;1;3;A4;48,8316637;2,5314351
3627;202000004017;23;2;2020;11:30;1;69;69382;1;1;1;4;M7   0.000 A 2.278;45,7339000;4,8180000
3628;202000004018;21;7;2020;12:15;1;974;97416;2;1;1;3;PRESIDENT MITTERAND(AVENUE); -21,3444500;55,4834100
3629;202000004019;20;7;2020;09:10;1;974;97416;1;9;1;5;Route Nationale 3; -21,3297900;55,4706500
3630;202000004020;21;7;2020;06:30;2;974;97407;2;6;1;7;ROND POINT DE CAMBAIE; -20,9530200;55,2941800
3631;202000004021;21;7;2020;07:00;2;974;97407;1;1;1;2;ANGLAIS (CHE DES) - RIVIERE DES GALETS ; -20,9558500;55,3142100
3632;202000004022;21;7;2020;19:55;5;973;97302;2;9;1;3;JADFARD (RENE);4,9351375; -52,3287606
3633;202000004023;21;7;2020;20:40;2;69;69387;2;1;1;6;GUILLOTIERE (DE LA)                 (GR);45,7498000;4,8522000
3634;202000004024;21;7;2020;17:45;1;69;69388;2;1;1;1;CHALLEMEL LACOUR                    (R );45,7292500;4,8492200
3635;202000004025;21;7;2020;12:55;1;972;97209;2;1;1;1;PAUL NARDAL (AVENUE);14,6144478; -61,0724841
3636;202000004026;21;7;2020;06:10;1;972;97209;2;1;1;7;DEVARD AMBROISINE (RUE);14,6153000; -61,0526700
3637;202000004027;21;7;2020;21:53;2;69;69384;2;1;1;6;WINSTON CHURCHILL                   (PT);45,7788400;4,8420900
3638;202000004028;20;7;2020;19:20;5;971;97113;2;1;1;6;MANNE (CITE);16,2137300; -61,4996700
3639;202000004029;19;7;2020;10:40;1;971;97107;2;9;1;6;FONDS DEDETTE ( RUE );16,0417600; -61,5662400
3640;202000004030;20;7;2020;18:30;1;2A;2A004;1;1;1;3;MEZZAVIA ROUTE DE;41,9520000;8,7759000
3641;202000004031;16;10;2020;21:15;3;13;13215;1;1;1;2;A7-Sens Lyon vers Marseille;43,3731900;5,3551000
3642;202000004033;16;10;2020;07:25;1;13;13055;1;1;1;2;A507 sens Aubagne- Marseille;43,2977400;5,4249900
3643;202000004034;9;10;2020;16:50;1;69;69276;1;1;1;3;BUS (RD301)   0.000 A 2.800;45,6835400;4,8534200
3644;202000004035;17;10;2020;06:45;4;69;69286;1;1;1;7;A 46;45,8221493;4,9183205
3645;202000004036;8;10;2020;08:35;1;01;01275;1;1;1;4;A42   4.353 A 5.760   GEN/LYON;45,8121700;4,9420300
3646;202000004037;17;10;2020;01:25;3;33;33162;1;1;1;6;ROCADE A 630;44,8578300; -0,6620700
3647;202000004039;16;10;2020;19:10;1;78;78297;1;1;1;2;RN12;48,7925230;2,0542910
3648;202000004040;17;10;2020;19:10;3;95;95277;1;1;1;6;A104;48,9732400;2,4854200
3649;202000004041;17;10;2020;00:15;3;95;95306;1;1;1;2; A15;49,0078580;2,1606003
3650;202000004042;16;10;2020;07:20;2;93;93006;1;1;1;2;AUTOROUTE A3;48,8658600;2,4203200
3651;202000004044;16;10;2020;16:00;1;93;93051;1;1;1;4;A4;48,8363400;2,5544600
3652;202000004045;28;5;2020;23:00;5;69;69256;2;2;1;3;REPUBLIQUE (DE LA)                  (R );45,7864700;4,9240000
3653;202000004046;16;10;2020;03:40;5;988;98818;2;3;1;6;RUE JULES GARNIER/RUE TINDALE; -22,2898400;166,4427600
3654;202000004047;15;10;2020;12:55;1;974;97411;2;1;1;3;Boulevard Gabriel Macé; -20,8729600;55,4520050
3655;202000004049;16;10;2020;14:05;1;973;97302;2;1;1;6;MANGUES (RUE DES - CITE MANGUIERS);4,9343252; -52,3230743
3656;202000004050;16;10;2020;07:20;1;972;97209;2;1;1;2;AUTOROUTE (A1);14,6164700; -61,0424800
3657;202000004051;15;10;2020;00:15;3;972;97209;2;9;2;3;CHATEAUBOEUF (ROUTE DE);14,6181051; -61,0459575
3658;202000004052;30;9;2020;07:40;1;83;83050;2;1;1;7;THOMAS(BOULEVARD  EMILE);43,5293000;6,4814000
3659;202000004053;16;10;2020;11:45;1;81;81065;1;1;8;3;Route de Toulouse;43,5896400;2,1974300
3660;202000004054;15;10;2020;14:21;1;78;78646;2;2;1;5;ORANGERIE (RUE DE L');48,8008400;2,1199700
3661;202000004055;16;10;2020;18:35;1;78;78190;2;1;1;6;ECLUSE (RUE DE);48,8786420;2,1314730
3662;202000004056;13;10;2020;16:40;1;77;77146;2;1;1;2;BEAUBOURG (BOULEVARD DE);48,8180200;2,6304200
3663;202000004057;15;10;2020;10:30;1;76;76351;2;3;1;3;PHILIPPE LEBON;49,4957630;0,1313300
3664;202000004058;16;10;2020;13:30;1;74;74218;1;1;8;7;CHAMPANGES (ROUTE DE);46,3833421;6,5697943
3665;202000004059;15;10;2020;12:45;1;71;71040;2;1;1;3;MACON (ROUTE DE);46,6957051;4,3913942
3666;202000004060;16;10;2020;10:20;1;69;69290;2;1;1;1;VICTOR SCHOELCHER                   (R );45,7021400;4,9818100
3667;202000004061;15;10;2020;19:30;5;67;67043;2;1;2;2;BRUMATH (ROUTE DE);48,6146260;7,7327140
3668;202000004063;15;10;2020;08:30;1;67;67447;2;3;2;-1;PAIX (RUE DE LA);48,6062400;7,7291300
3669;202000004064;16;10;2020;20:00;5;64;64102;2;1;1;1;ALSACE LORRAINE (BOULEVARD);43,4935300; -1,4668000
3670;202000004066;16;10;2020;08:15;1;64;64102;2;1;5;7;SOULT (AVENUE MARECHAL);43,4867500; -1,4860900
3671;202000004067;15;10;2020;18:05;1;64;64102;2;3;1;3;BOUFFLERS (ALLEES);43,4919800; -1,4698600
3672;202000004068;15;10;2020;14:33;1;63;63075;2;1;2;2;FONTMAURE (AVENUE DE);45,7779100;3,0618200
3673;202000004069;13;10;2020;16:15;1;59;59648;2;1;2;1;MERMOZ JEAN RUE;50,5929700;3,0484000
3674;202000004070;3;10;2020;03:00;5;59;59350;2;1;2;2;ESPLANADE FACADE;50,6427500;3,0533100
3675;202000004071;13;10;2020;19:35;5;59;59017;2;2;1;3;LIAISON NIEPPE;50,6903100;2,8623800
3676;202000004072;15;10;2020;17:06;1;57;57672;2;1;1;6;EUROPE (CHAUSSEE D');49,3556000;6,1434000
3677;202000004073;15;10;2020;14:10;1;56;56260;2;3;1;3;HERRIOT(AVENUE EDOUARD);47,6572100; -2,7456500
3678;202000004074;15;10;2020;18:00;1;56;56098;2;1;1;6;NORMANDIE NIEMEN ( BD );47,7628200; -3,3589300
3679;202000004075;15;10;2020;17:12;1;54;54547;2;3;2;6;CREVIC (RUE DE);48,6539346;6,1761510
3680;202000004076;15;10;2020;08:10;1;54;54184;1;1;1;5;AGINCOURT  (ANCIENNE ROUTE D');48,7189400;6,2403800
3681;202000004077;10;10;2020;00:04;5;54;54395;2;3;2;3;SAINT DIZIER (RUE 82 ET 113 A FIN);48,6877341;6,1847303
3682;202000004078;15;10;2020;02:40;5;50;50602;2;1;1;6;ENTREPRISES (RUE DES);49,6376100; -1,5939700
3683;202000004079;5;10;2020;14:18;1;47;47001;2;4;2;6;STALINGRAD (AVENUE DE );44,2099800;0,6290700
3684;202000004080;15;10;2020;17:20;1;46;46042;2;1;1;3;BARTASSEC (CHEMIN DU);44,4365540;1,4419220
3685;202000004081;22;8;2020;20:25;1;75;75119;2;3;1;6;RUE PETIT;48,8853300;2,3851640
3686;202000004082;16;10;2020;08:00;5;45;45285;2;1;1;2;D520;47,9148444;1,8688678
3687;202000004083;16;10;2020;23:10;1;44;44109;2;1;2;2;BOULEVARD GENERAL PIERRE KOENIG;47,1962850; -1,6148820
3688;202000004084;22;8;2020;06:50;1;75;75114;2;5;1;6;RUE RAYMOND LOSSERAND;48,8359910;2,3218650
3689;202000004085;22;8;2020;13:30;1;75;75112;2;5;1;2;RUE DU FAUBOURG SAINT ANTOINE;48,8501000;2,3846170
3690;202000004086;16;10;2020;22:20;5;44;44109;1;1;1;6;BOULEVARD BENOIT FRACHON;47,2073600; -1,5801800
3691;202000004089;16;10;2020;10:00;1;44;44162;1;1;1;4;PERIPHERIQUE;47,2044880; -1,6235764
3692;202000004090;29;9;2020;10:30;1;42;42275;2;3;1;3;Impasse de l'Eparre;45,4749300;4,3822400
3693;202000004091;22;8;2020;22:30;5;75;75107;2;2;1;2;RUE DE SEVRES;48,8469070;2,3168140
3694;202000004093;22;8;2020;12:00;1;75;75107;2;3;8;7;QUAI D ORSAY;48,8624300;2,3116360
3695;202000004094;4;9;2020;20:35;5;42;42218;2;1;1;1;Boulevard Antonio Vivaldi;45,4676722;4,3975672
3696;202000004095;21;8;2020;19:35;1;75;75107;2;2;1;7;QUAI BRANLY;48,8605850;2,2955400
3697;202000004096;5;9;2020;22:35;3;42;42218;2;1;1;6;Cours Gustave Nadaud;45,4344360;4,3950590
3698;202000004097;22;8;2020;14:30;1;75;75102;2;5;1;3;RUE DE CLERY;48,8673380;2,3439890
3699;202000004099;16;10;2020;22:30;5;35;35238;2;1;1;6;ROBINOT DE ST-CYR (QUAI);48,1033730; -1,7225350
3700;202000004100;22;8;2020;15:15;1;75;75101;2;3;1;7;BOULEVARD DE LA MADELEINE;48,8696190;2,3258890
3701;202000004101;16;10;2020;17:20;1;35;35055;2;1;1;6;BONNIN ANDRE (AVENUE);48,0851700; -1,6107700
3702;202000004102;21;8;2020;19:55;2;94;94052;2;1;1;2;JOINVILLE (AV DE);48,8289680;2,4667160
3703;202000004103;22;8;2020;15:00;1;94;94017;2;1;1;6;JULIEN HEULOT (R);48,8101090;2,5391710
3704;202000004104;16;10;2020;09:00;1;35;35278;1;6;1;3;ALPHASIS (AVENUE D');48,1519400; -1,6972300
3705;202000004105;22;8;2020;02:00;5;93;93073;2;9;1;6;BERGER (RUE GILBERT);48,9499615;2,5771392
3706;202000004106;16;10;2020;23:52;5;34;34172;2;2;1;5;VANIERES (AVENUE DE);43,5967100;3,8448800
3707;202000004107;22;8;2020;14:00;1;93;93071;2;1;1;3;WESTINGHOUSE (BOULEVARD);48,9270892;2,5198107
3708;202000004108;22;8;2020;20:50;5;93;93064;2;1;1;6;GAGNY (AVENUE DE);48,8837802;2,4890903
3709;202000004109;15;10;2020;09:20;1;34;34172;2;3;1;3;POMPIGNANE (AVENUE DE LA);43,6112900;3,8984600
3710;202000004110;22;8;2020;23:05;5;93;93055;2;3;1;6;HOCHE;48,8956900;2,4010400
3711;202000004111;16;10;2020;17:50;1;33;33063;2;2;1;3;CRS DE L'YSER;44,8257400; -0,5697000
3712;202000004112;21;8;2020;11:47;1;93;93055;2;1;1;3;GENERAL LECLERC(AVE DU)89/FIN ET 122/FIN;48,8975649;2,4047658
3713;202000004113;16;10;2020;07:50;5;33;33522;2;1;1;-1;CRS DE LA LIBERATION;44,7989900; -0,5986900
3714;202000004114;22;8;2020;15:00;1;93;93045;2;2;1;3;R DE PARIS / R JEAN MOULIN;48,8794000;2,4149100
3715;202000004115;15;10;2020;21:00;5;33;33063;2;1;8;3;RUE LUCIEN FAURE;44,8652700; -0,5599000
3716;202000004116;22;8;2020;17:30;1;93;93031;2;1;1;5;REPUBLIQUE (AVENUE);48,9504113;2,3262092
3717;202000004117;15;10;2020;16:50;1;31;31555;2;1;1;3;RUE DU LOT;43,5818400;1,4078200
3718;202000004118;16;10;2020;07:50;3;29;29039;1;1;1;6;Chemin de la Haie;47,8865624; -3,8847119
3719;202000004119;14;10;2020;08:05;4;29;29019;2;3;3;1;Boulevard Léon Blum;48,4041700; -4,4845300
3720;202000004120;16;10;2020;09:25;1;27;27375;2;4;1;3;DUNANT (AVENUE HENRI);49,2048600;1,1678600
3721;202000004121;15;10;2020;17:10;1;26;26058;2;1;1;2;LONG MONTEE DU;44,9645000;4,8872300
3722;202000004122;22;8;2020;12:35;1;93;93047;2;2;1;3;AV DENIS PAPIN / AV PASCAL;48,9064800;2,5878700
3723;202000004123;15;10;2020;12:00;1;25;25056;2;1;1;3;MEGEVAND RUE;47,2351200;6,0246200
3724;202000004124;22;8;2020;15:00;1;93;93001;2;2;1;3;LECUYER (RUE);48,9080700;2,3946800
3725;202000004125;15;10;2020;18:50;5;25;25056;2;6;2;2;CHURCHILL BD WINSTON;47,2450790;5,9959870
3726;202000004126;16;10;2020;11:43;1;14;14118;2;1;1;2;CREULLY (AVENUE DE);49,1858500; -0,3591200
3727;202000004127;22;8;2020;13:45;1;92;92026;2;3;1;3;COLOMBES;48,8968897;2,2564794
3728;202000004128;16;10;2020;08:50;2;14;14137;1;1;1;-1;ROUTE NATIONALE 13;49,1916300; -0,4322100
3729;202000004129;22;8;2020;11:30;1;92;92078;2;1;1;1;GALLIENI (BD) (109 A 141);48,9292808;2,3318213
3730;202000004130;16;10;2020;23:20;5;13;13208;2;1;1;1;TURBINE (RUE DE LA);43,2766970;5,3799050
3731;202000004131;22;8;2020;16:00;1;92;92012;2;1;1;2;QUATRE SEPTEMBRE (QUAI DU);48,8443212;2,2262764
3732;202000004132;16;10;2020;17:20;1;13;13209;2;1;1;3;LUMINY (AVENUE DE);43,2429200;5,4381700
3733;202000004133;21;8;2020;18:00;1;12;12256;1;1;1;6;D24;44,4726540;1,8572470
3734;202000004134;16;10;2020;16:15;1;13;13209;2;1;1;3;SEIGNEURIE (TRAVERSE DE LA);43,2414669;5,4092485
3735;202000004135;16;10;2020;09:05;1;13;13215;2;1;1;6;HENRI BARNIER (BOULEVARD);43,3684620;5,3446810
3736;202000004137;23;8;2020;12:40;1;16;16045;1;1;1;6;Liei dit Le Maine Charles;45,5633990; -0,0561600
3737;202000004138;16;10;2020;18:40;1;13;13028;2;1;1;2;ROUMANILLE (AVENUE JOSEPH);43,2006820;5,6230590
3738;202000004139;23;8;2020;14:15;1;2A;2A362;1;1;1;7;D368;41,7006980;9,2120580
3739;202000004140;16;10;2020;12:00;1;13;13028;2;2;1;3;CAMUGLI (AVENUE ANTOINE );43,1830200;5,6126600
3740;202000004141;15;10;2020;13:05;1;11;11262;2;2;1;3;FRANCE (AVENUE ANATOLE);43,1871178;2,9906639
3741;202000004142;23;8;2020;16:41;1;63;63175;1;1;1;7;Départementale 987;45,7421460;2,5773670
3742;202000004143;15;10;2020;18:05;2;11;11069;2;2;2;3;MARTY ANTOINE;43,2163000;2,3561000
3743;202000004144;22;8;2020;17:20;1;17;17472;1;1;1;1;D10;46,2419900; -1,0855540
3744;202000004145;15;10;2020;07:50;1;11;11069;2;9;2;3;POMPIDOU GEORGES -ROND POINT-;43,2262000;2,3312000
3745;202000004146;16;8;2020;11:32;1;38;38242;1;1;1;1;D1075;44,9199320;5,6346450
3746;202000004147;22;8;2020;17:35;1;66;66050;2;1;1;6;avenue georges freche;42,7733690;2,9156040
3747;202000004148;15;10;2020;08:05;1;11;11069;2;2;2;3;VERDUN;43,2126100;2,3505200
3748;202000004149;14;10;2020;19:45;3;11;11069;2;1;2;3;POMPIDOU GEORGES -ROND POINT-;43,2262000;2,3311000
3749;202000004151;16;10;2020;13:11;1;10;10387;2;1;1;6;PAIX (RUE DE LA);48,3059100;4,0655100
3750;202000004152;23;8;2020;01:00;5;57;57529;2;1;1;1;36 Route de Rumelange;49,4481590;6,0246520
3751;202000004153;15;10;2020;19:00;5;03;03310;2;1;1;6;AILES (ALLEE DES);46,1369389;3,4158371
3752;202000004154;22;8;2020;17:50;1;57;57106;2;1;1;1;Rue de Metz;49,2885190;6,5325520
3753;202000004155;17;10;2020;00:55;5;01;01344;2;1;1;6;TREVOUX (AVENUE DE);46,2003800;5,1952900
3754;202000004156;22;8;2020;17:15;1;59;59194;1;1;1;1;D934;50,1807350;3,6423060
3755;202000004157;16;10;2020;17:00;1;75;75117;2;4;1;2;PORTE DE CHAMPERRET;48,8846580;2,2861280
3756;202000004158;23;8;2020;05:30;3;59;59663;2;2;2;7;place général de gaulle;50,8832900;2,4682400
3757;202000004159;16;10;2020;13:15;1;75;75119;2;1;1;3;PORTE DE PANTIN;48,8891280;2,3962970
3758;202000004160;22;8;2020;22:40;5;2B;2B207;2;1;1;5;T10;42,4504020;9,5063710
3759;202000004161;15;10;2020;13:30;1;75;75116;2;1;1;4;PORTE DE SAINT CLOUD;48,8351150;2,2599900
3760;202000004162;21;8;2020;19:30;1;80;80288;2;2;7;1;D1029;49,8751790;2,8222080
3761;202000004163;16;10;2020;09:30;1;75;75118;2;2;1;2;AVENUE DE SAINT OUEN;48,8949300;2,3280850
3762;202000004164;23;8;2020;15:25;1;71;71144;1;2;1;3;D681;47,0503400;4,3467407
3763;202000004165;16;10;2020;17:00;1;75;75117;2;7;1;3;BOULEVARD GOUVION SAINT CYR;48,8840960;2,2890290
3764;202000004166;21;8;2020;16:15;1;63;63423;1;1;1;7;D996;45,5961730;3,4193550
3765;202000004167;16;10;2020;17:40;1;75;75115;2;1;1;6;BOULEVARD VICTOR;48,8357680;2,2792320
3766;202000004168;23;8;2020;15:45;1;47;47281;1;1;1;7;Route des Abeilles;44,1736630;0,8112720
3767;202000004169;15;10;2020;23:00;3;75;75112;2;1;1;3;ROUTE SAINT HUBERT;48,8272320;2,4506660
3768;202000004170;18;8;2020;10:00;1;39;39039;1;1;1;1;;47,1438350;5,6831470
3769;202000004171;16;10;2020;15:25;1;75;75107;2;3;1;3;AVENUE DE LOWENDAL;48,8509530;2,3060760
3770;202000004173;21;8;2020;13:00;1;31;31553;1;2;1;3;D1;43,7153800;1,1682840
3771;202000004174;16;10;2020;08:15;1;75;75107;2;2;1;1;AVENUE DUQUESNE;48,8527040;2,3085580
3772;202000004175;23;8;2020;12:55;1;85;85302;1;1;1;6;Chanverrie;46,9446100; -0,9544900
3773;202000004176;16;10;2020;17:50;1;75;75104;2;1;1;7;VOIE GEORGES POMPIDOU;48,8508840;2,3611110
3774;202000004177;16;10;2020;07:25;5;75;75102;2;2;1;3;RUE SAINT AUGUSTIN;48,8688860;2,3366990
3775;202000004178;22;8;2020;09:15;1;70;70245;2;1;1;6;Rue de la Gare;47,8872060;6,4068450
3776;202000004179;15;10;2020;09:20;1;75;75104;2;1;1;6;PONT LOUIS PHILIPPE;48,8539120;2,3553410
3777;202000004180;16;10;2020;20:30;5;94;94068;2;2;1;3;LOUIS BLANC (AV);48,7957060;2,4994810
3778;202000004181;19;8;2020;08:00;1;06;06163;1;1;1;1;RD6204 pk 22+150;44,0344290;7,5801910
3779;202000004182;15;10;2020;15:45;1;94;94068;2;1;1;3;PONT DE CRETEIL (R DU);48,8035630;2,4717420
3780;202000004183;23;8;2020;02:20;4;50;50341;2;1;1;6;7 Rue de la Foulerie;49,4850490; -1,3770320
3781;202000004184;14;10;2020;17:00;1;94;94068;2;2;1;3;DOCTEUR ROUX (R DU);48,7872000;2,4885000
3782;202000004186;16;10;2020;08:30;2;94;94076;2;1;1;2;LOUIS ARAGON (AV);48,7886000;2,3710000
3783;202000004187;22;8;2020;04:30;3;64;64317;2;1;1;6;route de basseboure;43,3556368; -1,4312748
3784;202000004188;23;8;2020;17:45;1;53;53013;1;1;1;7;route departemental 121;48,3589300; -0,2323870
3785;202000004189;22;8;2020;23:14;5;21;21124;2;1;1;6;Rue de la Chelmine;47,2034870;4,3544810
3786;202000004190;15;10;2020;11:50;1;94;94076;2;1;8;5;REPUBLIQUE (AV DE LA);48,7877000;2,3551900
3787;202000004192;15;10;2020;09:15;1;94;94076;2;1;8;3;PARIS (AV DE);48,8031800;2,3644000
3788;202000004193;13;10;2020;09:25;1;94;94034;2;1;1;6;EMILE ZOLA (R);48,7605300;2,3260100
3789;202000004194;22;8;2020;14:30;1;17;17309;1;1;1;7;Pillet Ouest;45,1799040; -0,0339000
3790;202000004196;23;8;2020;15:45;1;03;03193;1;1;1;3;;46,5083184;2,6145727
3791;202000004197;16;10;2020;12:50;1;94;94028;2;1;1;6;GAULLE(AVENUE DU GENERAL DE);48,7835900;2,4527300
3792;202000004198;23;8;2020;18:00;1;95;95678;1;1;1;1;D9;49,0759180;2,2482920
3793;202000004199;15;10;2020;17:00;1;94;94028;2;1;1;6;MESLY(AVENUE DU CHEMIN DE);48,7852600;2,4601600
3794;202000004200;14;10;2020;22:47;5;94;94028;2;1;1;7;EUROPARC(ZONE);48,7651000;2,4733900
3795;202000004201;23;8;2020;11:50;1;42;42256;1;3;1;2;Route de Boisset;45,5000190;4,1475230
3796;202000004202;14;10;2020;15:15;1;94;94028;2;9;1;3;KENNEDY.(BOULEVARD JOHN);48,7756630;2,4641080
3797;202000004203;23;8;2020;01:45;3;33;33199;1;6;1;6;A660, PK 019.750;44,6147050; -1,0728190
3798;202000004204;16;10;2020;11:30;1;94;94059;2;1;1;3;MARECHALE (AV DE LA);48,8159700;2,5687300
3799;202000004205;16;10;2020;17:15;1;93;93066;2;1;1;3;VAILLANT COUTURIER PAUL (AV) NR 2 A 110;48,9300100;2,3620000
3800;202000004206;22;8;2020;08:00;1;31;31037;1;1;1;2;A 61 pk 275+000 sens Narbonne Toulouse;43,3496522;1,8136816
3801;202000004207;21;8;2020;18:50;1;34;34032;1;1;1;6;A75;43,3464030;3,2805350
3802;202000004208;16;10;2020;08:24;1;93;93066;2;1;1;5;MOULIN JEAN (AVENUE) NR 2 A 8 ET 1 A 11;48,9392475;2,3620284
3803;202000004209;16;10;2020;22:30;5;93;93064;2;2;1;3;BD GABRIEL PERI / AV DU GENERAL DE GAULLE;48,8774800;2,4796500
3804;202000004210;16;10;2020;10:50;1;93;93077;2;1;1;4;GRANDE RUE;48,8819820;2,5204070