;Num_Acc;jour;mois;an;hrmn;lum;dep;com;agg;int;atm;col;adr;lat;long
3805;202000004211;16;10;2020;21:30;5;93;93051;2;1;1;6;MONT D'EST (BD);48,8432702;2,5466001
3806;202000004212;15;10;2020;08:15;1;93;93051;2;1;1;2;REMPART (BD);48,8373460;2,5468713
3807;202000004213;16;10;2020;09:55;1;93;93048;2;1;8;3;ARISTIDE BRIAND (BOULEVARD);48,8783574;2,4576065
3808;202000004214;15;10;2020;22:30;5;93;93048;2;1;1;6;BOISSIERE (BOULEVARD DE LA);48,8778000;2,4580000
3809;202000004215;15;10;2020;18:00;1;93;93045;2;2;8;6;PARIS RUE DE;48,8793783;2,4148843
3810;202000004216;23;8;2020;01:13;3;45;45202;1;1;1;6;A10 pk 118+400 sens province direction PARIS;47,8159500;1,6339800
3811;202000004218;23;8;2020;01:00;5;976;97615;2;1;1;2;6 Rue Manga Foutet; -12,7957940;45,2738640
3812;202000004219;16;10;2020;19:25;5;93;93047;2;1;1;3;HARDY  (BOULEVARD);48,9060093;2,5685450
3813;202000004220;22;8;2020;14:25;1;973;97305;1;1;1;1;RN 1 - PK 20;4,9519190; -52,4259420
3814;202000004221;16;10;2020;15:10;1;92;92073;2;3;1;3;GALLIENI (QUAI);48,8716458;2,2329885
3815;202000004222;22;8;2020;11:00;1;34;34146;2;1;7;6;Avenue de la République;43,6771140;4,0863720
3816;202000004224;15;10;2020;08:05;2;92;92063;2;3;1;3;REGNAULT (RUE HENRI);48,8589705;2,1856711
3817;202000004225;16;10;2020;14:30;1;92;92062;2;1;1;6;WALLACE (BD RICHARD) DU 17 AU 91 ET DU 3;48,8806997;2,2380862
3818;202000004226;15;10;2020;08:25;1;92;92051;2;1;1;2;CHARLES DE GAULLE (AVENUE, N° 18 A 116);48,8813230;2,2714830
3819;202000004227;15;10;2020;15:15;1;92;92036;2;1;1;3;GABRIEL PERI (AVENUE) (101/129);48,9207540;2,2951720
3820;202000004228;15;10;2020;21:30;5;92;92025;2;1;1;4;CHARLES DE GAULLE (BD);48,9178700;2,2245600
3821;202000004229;14;10;2020;19:10;5;92;92025;2;1;1;2;LOUIS SEGUIN (BD);48,9338000;2,2483500
3822;202000004230;16;10;2020;20:50;5;92;92024;2;2;1;3;RUE DU 08 MAI 1945;48,8988570;2,3099175
3823;202000004231;16;10;2020;08:00;2;92;92071;2;1;1;3;CLEMENCEAU GEORGES (AVENUE);48,7835209;2,3057234
3824;202000004232;14;10;2020;08:20;1;92;92012;2;1;1;7;GENERAL LECLERC (AVENUE DU) 35/FIN - 60/;48,8305715;2,2340122
3825;202000004234;22;8;2020;16:45;1;13;13082;1;1;1;7;Route Departementale 543;43,7051120;5,3524020
3826;202000004235;16;8;2020;18:03;1;13;13096;1;1;1;1;D38c;43,5505150;4,3811850
3827;202000004236;17;8;2020;18:45;1;54;54115;2;2;1;3;Rue Philippe Martin;48,7314410;6,1641990
3828;202000004237;22;8;2020;19:10;1;33;33324;1;4;1;7;D 708 Aux Grandes Joualles;44,8012900;0,2258800
3829;202000004238;23;8;2020;10:36;1;22;22389;1;1;1;7;D765;48,4631470; -2,6509560
3830;202000004239;16;10;2020;07:55;2;92;92012;2;1;8;6;REINE (ROUTE DE LA) 82/FIN - 107TER/FIN;48,8404176;2,2313847
3831;202000004240;16;10;2020;13:30;1;92;92002;2;9;1;3;PRESIDENT KENNEDY (50 A LA FIN);48,7389360;2,2989980
3832;202000004241;17;10;2020;05:40;3;01;01362;1;1;1;6;Au treney;45,9574050;4,8753980
3833;202000004242;17;10;2020;00:05;3;62;62265;1;1;1;6;D193;50,6098790;2,2170070
3834;202000004243;21;8;2020;19:42;2;13;13001;1;1;1;2;A51-Sens Marseille vers Aix en Provence;43,4877000;5,4079000
3835;202000004244;16;10;2020;12:00;1;01;01004;1;1;8;2;L'Aviation;45,9725620;5,3381540
3836;202000004245;16;10;2020;19:20;2;41;41150;2;2;1;3;Rue de l'Aumône;47,5618000;1,4527630
3837;202000004246;17;10;2020;03:39;3;71;71150;1;1;8;2;A6;46,2382031;4,7967109
3838;202000004247;17;10;2020;00:05;3;10;10248;1;1;1;1;D141;48,3093170;3,9661500
3839;202000004248;21;8;2020;16:40;1;69;69256;1;1;1;3;RN346  S/N   25.686 A 29.300;45,7959200;4,9341400
3840;202000004249;16;10;2020;16:45;1;972;97210;1;1;1;1;rd 6 Clément;14,6065320; -60,9095980
3841;202000004250;4;10;2020;18:15;2;01;01143;1;2;2;2;D984c;46,3599460;6,1212300
3842;202000004251;16;8;2020;22:30;3;54;54304;1;1;1;2; A 33;48,6956500;6,1169300
3843;202000004252;22;8;2020;22:53;3;33;33013;1;3;1;2;N230 / N89;44,8684700; -0,5026400
3844;202000004253;22;8;2020;17:30;1;91;91037;1;1;1;3;AUTOROUTE A6;48,5417000;2,4980000
3845;202000004254;22;8;2020;16:35;1;91;91363;1;1;1;6;AUTOROUTE A10;48,6587000;2,1832000
3846;202000004255;22;8;2020;07:40;1;91;91174;1;1;1;6;RN 104;48,6233400;2,4676800
3847;202000004256;16;10;2020;16:00;1;63;63404;1;1;2;7;A75, pk 27+600, N/S;45,5716670;3,2491470
3848;202000004257;21;8;2020;06:45;2;91;91521;1;1;2;7;RN 104;48,6336000;2,4007000
3849;202000004259;21;8;2020;23:45;3;95;95582;1;1;1;4;A15;48,9684800;2,2513600
3850;202000004260;21;8;2020;12:55;1;93;93064;1;1;1;3;AUTOROUTE A86;48,8814800;2,4739300
3851;202000004261;22;8;2020;22:00;3;77;77449;1;1;1;6;A4;48,8329500;2,7906200
3852;202000004262;22;8;2020;03:15;3;77;77294;1;1;1;2;A104;48,9699040;2,5983580
3853;202000004263;26;4;2020;14:20;1;974;97409;2;1;1;2;LAGOURGUE(CHEMIN); -20,9480701;55,6624522
3854;202000004264;16;10;2020;16:15;1;59;59418;2;1;1;6;Rue Pierre Boeynaems;50,5041370;3,4545830
3855;202000004266;16;10;2020;20:10;3;57;57186;1;1;1;1;D55;49,2684630;6,3849450
3856;202000004267;21;8;2020;10:30;1;988;98818;2;3;1;1;AVENUE JAMES COOK; -22,2682100;166,4262100
3857;202000004268;16;10;2020;23:45;3;76;76222;1;1;1;1;RD43;49,4895069;0,8876660
3858;202000004269;17;10;2020;10:00;1;82;82046;1;1;1;6;Coutures;43,9424830;0,9831050
3859;202000004270;21;8;2020;18:00;2;974;97416;2;3;1;3;BEGUE (RUE MOISE); -21,3449700;55,4808600
3860;202000004271;17;10;2020;10:30;1;71;71028;1;1;1;6;D323;46,8295520;5,4378870
3861;202000004272;21;8;2020;17:50;2;974;97411;2;9;1;2;JAURES (BOULEVARD JEAN); -20,9007100;55,4968200
3862;202000004273;16;10;2020;21:30;3;86;86137;1;3;1;3;D347;47,0187990;0,0688360
3863;202000004274;20;8;2020;16:15;1;974;97411;2;1;1;3;RAMBAUD (LEOPOLD); -20,8863000;55,4813000
3864;202000004275;16;10;2020;21:35;3;86;86281;1;1;1;2;D757;46,6834960;0,3022960
3865;202000004276;20;8;2020;07:30;1;974;97411;2;1;2;4;MONNERVILLE (BOULEVARD GASTON); -20,8960000;55,4480000
3866;202000004277;20;8;2020;05:35;2;974;97411;1;1;2;6;RN2/043; -20,8863400;55,4934800
3867;202000004278;17;10;2020;14:40;1;34;34338;1;1;1;6;D908;43,6084550;3,3805350
3868;202000004279;21;8;2020;18:20;1;69;69386;2;2;1;1;FRANKLIN ROOSEVELT                  (CO);45,7689400;4,8473100
3869;202000004280;16;10;2020;23:40;3;22;22004;2;1;1;6;17 Rue Saint Bernard;48,6328520; -3,2974330
3870;202000004281;21;8;2020;14:45;1;69;69387;2;1;1;7;MARCEL MERIEUX                      (R );45,7288200;4,8302613
3871;202000004282;17;10;2020;19:40;3;25;25172;1;2;1;3;RD 459;47,2587650;5,7427170
3872;202000004284;16;10;2020;13:00;1;44;44002;2;1;1;6;30 Avenue de la Vendée;47,0754120; -1,3978820
3873;202000004285;21;8;2020;16:25;1;972;97213;1;1;2;1;ROUTE DEPARTEMENTALE 3;14,6750000; -60,9910000
3874;202000004286;16;10;2020;18:41;1;35;35109;1;1;1;1;Le Bas Monperron;48,0895680; -1,2276950
3875;202000004287;21;8;2020;00:21;3;972;97213;1;1;2;6;ROUTE NATIONALE 1;14,6000000; -60,9776020
3876;202000004288;20;8;2020;20:47;5;972;97213;1;1;1;3;ROUTE NATIONALE 5;14,5964859; -60,9942627
3877;202000004289;16;10;2020;17:55;1;29;29079;1;6;1;4;D58 - Rue Jacques Gueguen;48,6451320; -3,9476940
3878;202000004290;17;10;2020;00:35;5;38;38006;2;1;1;6;Route de la Ratz;45,4031540;6,0826550
3879;202000004291;21;8;2020;17:05;1;69;69034;2;3;1;1;GEORGES CLEMENCEAU                  (QU);45,7900900;4,8209700
3880;202000004293;20;8;2020;08:20;1;69;69389;2;1;1;3;PROFESSEUR PATEL (DU)               (R );45,7658200;4,7872900
3881;202000004294;16;10;2020;19:45;3;70;70111;1;1;1;7;N19;47,6447760;6,2912930
3882;202000004295;21;8;2020;12:20;1;2A;2A004;2;2;1;3;PIETRI FRANCOIS RUE;41,9351000;8,7509600
3883;202000004296;12;10;2020;07:15;2;54;54077;2;1;1;1;D21;48,5927711;6,8415481
3884;202000004297;21;8;2020;09:15;1;91;91589;2;4;1;3;BRIAND (BOULEVARD ARISTIDE);48,6823010;2,3434730
3885;202000004298;15;8;2020;17:00;1;06;06016;1;1;1;7;D28;44,0927330;6,9915320
3886;202000004299;21;8;2020;11:05;1;91;91377;2;3;1;6;CHAMPARTS (RUE DES);48,7168540;2,2936680
3887;202000004300;17;10;2020;16:00;1;05;05061;1;1;1;1;Les Farreaux (Arrêt de bus);44,6253660;6,0833470
3888;202000004301;20;8;2020;22:41;3;87;87085;2;1;1;6;BEAUBREUIL (AVENUE DE);45,8754400;1,2998500
3889;202000004302;16;10;2020;21:55;3;45;45081;1;1;1;7;Rue de Villemain;47,9356926;1,5807434
3890;202000004304;17;10;2020;00:25;3;64;64152;2;3;1;6;200 Chemin de Guitte;43,3435583; -0,3005736
3891;202000004305;17;10;2020;03:50;5;10;10261;2;1;1;7;3 Ruelle des 3 Poissons;47,9767930;4,4983450
3892;202000004306;14;8;2020;10:14;1;84;84007;2;1;1;3;SIXTE ISNARD (Boulevard);43,9376000;4,8114800
3893;202000004307;16;10;2020;18:45;2;53;53112;1;2;1;3;D119;48,3604620; -0,3151170
3894;202000004308;16;10;2020;17:30;1;53;53134;1;3;1;3;La Baillée;48,1212990; -0,4615550
3895;202000004309;7;8;2020;01:00;5;83;83137;2;3;1;3;DE LATTRE DE TASSIGNY (AVE MARECHAL);43,1169000;5,9370000
3896;202000004310;16;10;2020;10:00;1;24;24133;1;1;1;2;Les Communaux;45,5315870;0,9668130
3897;202000004312;16;10;2020;18:40;1;27;27317;1;1;1;1;Rue de la Chapelle;49,3833890;0,6846770
3898;202000004313;21;8;2020;16:50;1;77;77468;2;1;1;6;PARIS (RUE DE);48,8507900;2,6533700
3899;202000004314;16;10;2020;15:25;1;28;28191;1;1;1;6;D28;48,5812990;1,6776900
3900;202000004315;16;10;2020;10:00;1;37;37050;2;4;1;3;5 Rue Thomas Edison;47,3383577;0,7021158
3901;202000004316;21;8;2020;07:00;1;76;76540;2;2;1;3;EUROPE. BOULEVARD DE L';49,4345400;1,0760800
3902;202000004319;19;8;2020;21:30;5;74;74012;2;6;1;3;ETOILE (PLACE DE L');46,1942598;6,2403578
3903;202000004320;16;10;2020;16:45;1;49;49321;1;1;1;7;A11;47,4242260; -0,9396740
3904;202000004321;21;8;2020;16:15;1;69;69266;2;1;1;6;EMILE ZOLA     (Cours);45,7648000;4,9052000
3905;202000004323;20;8;2020;18:20;1;67;67447;2;8;1;3;PIERRE MENDES FRANCE (AVENUE);48,6030970;7,7568870
3906;202000004325;20;8;2020;17:33;1;67;67482;2;8;1;6;COLMAR (AVENUE DE);48,5629700;7,7525800
3907;202000004326;20;8;2020;13:50;1;67;67218;1;1;1;-1;NEUHOF (ROUTE DE);48,5372500;7,7456600
3908;202000004327;21;8;2020;00:48;3;66;66141;1;1;1;7;R D 900;42,7491600;2,8944300
3909;202000004328;15;10;2020;21:50;4;971;97118;2;6;9;3;Route de la Traversee;16,2141120; -61,6219510
3910;202000004330;20;8;2020;09:10;1;64;64122;2;9;1;3;MARCEL DASSAULT (BD);43,4647710; -1,5429354
3911;202000004331;17;10;2020;11:00;1;971;97114;1;2;8;3;638 Chemin de Barthelemy;16,1284840; -61,5793190
3912;202000004333;17;8;2020;10:30;1;62;62427;2;1;1;6;MONTPENCHER (R);50,4211530;2,9486680
3913;202000004334;20;8;2020;15:45;1;60;60463;1;1;1;3;Rue Jean Monnet;49,2867400;2,4579300
3914;202000004335;19;8;2020;16:30;1;57;57672;2;1;1;3;PAUL ALBERT (RUE) - PAIR;49,3566200;6,1560320
3915;202000004336;15;10;2020;18:45;1;45;45311;1;1;1;7;chemin de la Canche;47,8386830;2,2344730
3916;202000004337;19;8;2020;13:22;1;56;56162;1;1;1;1;Boulevard de l'Atlantique;47,7092800; -3,4424600
3917;202000004338;21;8;2020;17:20;1;54;54184;1;1;1;1;RD83;48,7162300;6,2413600
3918;202000004339;16;10;2020;21:50;3;30;30257;2;9;1;3;Rue de la Safranière;43,8795770;4,4830760
3919;202000004340;16;10;2020;10:00;1;34;34299;1;1;1;7;D64;43,2509080;3,2721020
3920;202000004342;20;8;2020;10:25;5;49;49353;2;1;1;3;;47,4400385; -0,4849101
3921;202000004343;11;10;2020;23:25;3;54;54043;1;1;1;2;rd 974  ;48,5854368;6,0805035
3922;202000004344;21;8;2020;17:35;1;44;44109;2;1;1;6;Rue Auguste Lepère;47,2262700; -1,5971300
3923;202000004345;17;10;2020;17:50;1;57;57230;1;1;1;1;D603;49,0982340;6,5155790
3924;202000004346;21;8;2020;10:35;1;44;44109;2;1;1;6;Quai de la Fosse;47,2090000; -1,5669700
3925;202000004347;21;8;2020;16:15;1;42;42207;2;6;1;1;Route de Cellieu;45,4900783;4,5217527
3926;202000004348;16;10;2020;17:50;1;74;74143;2;1;1;6;Place de la Mairie;45,8897610;6,7977780
3927;202000004349;20;8;2020;04:50;5;42;42184;2;1;1;6;Boulevard Ouest;46,0381900;4,0457100
3928;202000004350;16;10;2020;07:55;1;69;69228;2;2;8;3;La Roussillière;45,5580296;4,6409973
3929;202000004351;21;8;2020;15:55;1;37;37261;2;6;1;3;BELGIQUE (RUE DE);47,4257575;0,6970049
3930;202000004352;17;10;2020;12:20;1;69;69204;2;1;8;6;D342;45,7120870;4,7723820
3931;202000004353;21;8;2020;15:45;1;35;35238;2;1;1;7;VILLEBOIS MAREUIL (BD);48,1018310; -1,6495200
3932;202000004354;16;10;2020;08:45;1;09;09047;1;1;1;6;D16;42,8935260;1,9356810
3933;202000004355;17;10;2020;16:07;1;09;09293;1;1;1;6;23 La Plano Del Calmil;42,9720380;1,5208130
3934;202000004356;21;8;2020;01:50;5;34;34172;2;3;1;3;GARRATS (AVENUE DES);43,6105280;3,8389300
3935;202000004357;17;10;2020;01:30;3;85;85208;1;1;1;6;La Nicolière;46,8524430; -1,3991210
3936;202000004359;20;8;2020;12:30;1;31;31149;2;1;1;3;SERRES (AVENUE EDOUARD);43,6115900;1,3520600
3937;202000004361;21;8;2020;14:28;1;27;27681;2;1;1;3;FOCH (AVENUE DU MARECHAL);49,0976100;1,4760600
3938;202000004362;21;8;2020;07:45;1;14;14118;2;2;1;-1;MORICE (AVENUE PROFESSEUR);49,2059900; -0,3593500
3939;202000004363;21;8;2020;23:40;5;13;13106;2;1;1;1;8 MAI 1945 (AVENUE DU);43,3877000;5,3598000
3940;202000004364;21;8;2020;18:00;1;13;13205;2;3;7;1;JEANNE D'ARC (BOULEVARD);43,2932550;5,4041309
3941;202000004365;21;8;2020;15:30;1;13;13203;2;1;1;3;STRASBOURG (BOULEVARD);43,3075800;5,3758800
3942;202000004366;21;8;2020;14:15;1;13;13208;2;1;1;6;MAZARGUES (AVENUE DE);43,2582300;5,3942700
3943;202000004368;21;8;2020;04:55;5;13;13216;2;1;1;6;ESTAQUE PLAGE;43,3603380;5,2946450
3944;202000004369;20;8;2020;19:05;1;13;13212;2;1;1;2;BOUYALA D'ARNAUD (BOULEVARD);43,2968400;5,4417910
3945;202000004370;20;8;2020;21:50;5;12;12174;1;1;1;6;Olemps;44,3334061;2,5554119
3946;202000004372;21;8;2020;16:45;1;10;10081;1;1;2;6;ROCADE OUEST (RD 610);48,3092000;4,0222000
3947;202000004373;20;8;2020;22:18;5;10;10387;2;1;1;2;TERRASSES (RUE);48,2917600;4,0781100
3948;202000004374;20;8;2020;06:35;1;06;06123;2;1;1;3;COUBERTIN PIERRE DE AVENUE;43,6719200;7,1928670
3949;202000004376;14;8;2020;21:16;2;75;75118;2;2;1;-1;RUE ORDENER;48,8902460;2,3599170
3950;202000004377;21;8;2020;02:30;5;75;75105;2;1;1;3;RUE DU CARDINAL LEMOINE;48,8489990;2,3540370
3951;202000004378;21;8;2020;18:53;1;75;75119;2;1;1;6;AVENUE DE FLANDRE;48,8935630;2,3803970
3952;202000004379;20;8;2020;23:45;5;75;75119;2;4;1;3;AVENUE CORENTIN CARIOU;48,8958480;2,3835520
3953;202000004381;21;8;2020;18:10;1;75;75117;2;4;1;2;AVENUE DE WAGRAM;48,8822120;2,3011690
3954;202000004383;21;8;2020;21:30;5;75;75115;2;2;1;-1;RUE BALARD;48,8424200;2,2776140
3955;202000004384;21;8;2020;20:00;1;75;75115;2;1;1;6;RUE CAMBRONNE;48,8424020;2,3028650
3956;202000004385;21;8;2020;16:25;1;75;75114;2;2;1;3;AVENUE DE LA PORTE DE CHATILLON;48,8226420;2,3148370
3957;202000004386;21;8;2020;09:50;1;75;75114;2;2;1;3;AVENUE DU MAINE;48,8368320;2,3232220
3958;202000004387;21;8;2020;07:40;1;75;75114;2;1;1;6;RUE VERCINGETORIX;48,8316230;2,3096110
3959;202000004388;20;8;2020;23:50;5;75;75107;2;1;1;6;BOULEVARD DES INVALIDES;48,8501150;2,3147680
3960;202000004389;21;8;2020;17:40;1;75;75112;2;1;1;-1;QUAI DE BERCY;48,8292800;2,3875410
3961;202000004390;21;8;2020;13:00;1;75;75112;2;3;1;3;ROUTE DE CEINTURE DU LAC DAUMESNIL;48,8281320;2,4193520
3962;202000004391;21;8;2020;19:08;1;75;75111;2;1;1;6;BOULEVARD VOLTAIRE;48,8608090;2,3750690
3963;202000004392;21;8;2020;18:30;1;75;75109;2;1;1;3;RUE DU FAUBOURG MONTMARTRE;48,8737530;2,3426750
3964;202000004393;21;8;2020;15:00;1;75;75104;2;1;1;6;BOULEVARD BOURDON;48,8483600;2,3661560
3965;202000004394;20;8;2020;20:09;1;75;75102;2;2;1;7;RUE DAUNOU;48,8695440;2,3315130
3966;202000004395;20;8;2020;15:50;1;75;75103;2;1;1;3;BOULEVARD SAINT MARTIN;48,8688110;2,3566060
3967;202000004396;21;8;2020;17:50;1;94;94068;2;9;1;3;SAINT MAUR (PONT DE);48,7845410;2,4953330
3968;202000004397;21;8;2020;12:20;1;94;94068;2;1;1;3;PONT DE CRETEIL (R DU);48,8015750;2,4721440
3969;202000004399;21;8;2020;21:20;5;94;94041;2;3;1;1;DIX NEUF MARS 1962 (R DU);48,8090910;2,3736410
3970;202000004400;21;8;2020;19:24;1;94;94073;2;1;1;6;RENE PANHARD (AV);48,7643100;2,3932800
3971;202000004401;20;8;2020;22:55;5;94;94033;2;2;1;3;REPUBLIQUE (AV DE LA);48,8522700;2,4565100
3972;202000004402;21;8;2020;14:15;1;93;93070;2;1;1;3;MICHELET(AV):N°1AU 103;48,9025000;2,3440900
3973;202000004404;21;8;2020;09:55;1;93;93064;2;2;1;2;PERI (BOULEVARD GABRIEL)  0 - 37 / 42;48,8773500;2,4799600
3974;202000004405;21;8;2020;21:06;2;93;93031;2;3;1;3;SAINT LEU (ROUTE DE) 1 à 157;48,9515000;2,3389100
3975;202000004406;21;8;2020;19:50;1;93;93010;2;1;1;2;GALLIENI (AV.) DE 177 A 211;48,9067269;2,4858947
3976;202000004407;21;8;2020;17:40;1;93;93005;1;1;1;2;R PAUL CEZANNE;48,9526855;2,4918706
3977;202000004408;2;8;2020;13:45;1;92;92077;2;1;1;3;ST CLOUD (RUE DE);48,8275000;2,1888500
3978;202000004409;20;8;2020;17:30;1;92;92050;2;6;1;2;DROITS DE L'HOMME PLACE DES;48,8960049;2,2157782
3979;202000004410;21;8;2020;15:40;1;92;92040;2;1;1;7;STALINGRAD (QUAI DE);48,8249014;2,2575057
3980;202000004411;16;8;2020;20:28;2;92;92012;2;2;1;3;SAUSSIERE (RUE DE LA);48,8377443;2,2403861
3981;202000004412;22;8;2020;11:10;1;22;22050;2;7;1;6;Place du 11 Novembre 1918;48,4567470; -2,0527910
3982;202000004414;18;8;2020;16:45;1;71;71583;1;1;1;2;A6;46,2619593;4,7924377
3983;202000004415;22;8;2020;19:15;1;41;41232;1;9;1;7;AUTROUTE A71 PK 156+200;47,4229680;2,0191240
3984;202000004416;21;8;2020;22:00;3;22;22369;1;1;1;7;RN 12 PR 014+900;48,3432720; -2,2875170
3985;202000004417;21;8;2020;18:30;1;51;51476;1;2;1;3;D977;49,0268395;4,4142578
3986;202000004418;21;8;2020;23:30;3;59;59094;1;1;1;7;Route de Craywick;50,9564940;2,2187450
3987;202000004419;22;8;2020;13:00;1;36;36033;1;1;1;-1; ÉCHANGEUR 19;46,5065290;1,5048594
3988;202000004420;4;2;2020;12:40;1;02;02408;2;6;8;2;FOCH (AVENUE DU MARECHAL);49,5627200;3,6006700
3989;202000004422;2;12;2020;08:45;1;93;93029;2;1;-1;2;FERNAND PENA;48,9165720;2,4330650
3990;202000004423;2;12;2020;08:45;5;93;93029;2;1;1;2;R FERNAND PENA;48,9173300;2,4336600
3991;202000004424;29;11;2020;11:35;1;38;38298;2;6;1;1;Rue de Bregnieux;45,3784940;4,8043460
3992;202000004425;16;11;2020;23:47;5;38;38451;2;1;1;6;2 Rue de la Girine;45,7572770;5,2186060
3993;202000004426;1;12;2020;13:00;1;76;76351;2;1;1;6;ETRETAT (D');49,4978990;0,0962580
3994;202000004427;15;9;2020;13:57;1;26;26198;2;1;1;5;136 route du Teil;44,5563100;4,7248720
3995;202000004428;4;12;2020;11:30;1;07;07102;2;1;3;7;;44,9369600;4,8671200
3996;202000004429;16;12;2020;17:15;5;05;05061;2;1;1;6;SILOS ( RUE DES );44,5679100;6,0952000
3997;202000004430;24;11;2020;08:14;1;78;78551;2;9;1;6;SCHNAPPER;48,8876330;2,0955580
3998;202000004431;28;11;2020;21:25;5;27;27229;2;1;1;6;QUATORZE JUILLET (BOULEVARD);49,0145300;1,1700500
3999;202000004432;13;12;2020;17:00;2;70;70388;1;1;1;7;FRAPERTUIS (RUE DU);47,6032700;6,1092200
4000;202000004433;16;12;2020;18:00;3;17;17010;1;1;2;1;Route du Pont de la Pierre;46,1131030; -1,1168070
4001;202000004434;18;12;2020;18:46;3;69;69006;1;1;1;6;D13e3;45,9736730;4,2928860
4002;202000004435;13;12;2020;13:05;1;27;27547;1;1;1;6;d49;49,0536770;0,3994560
4003;202000004436;18;12;2020;08:15;1;77;77222;2;4;1;2;59 Rue de Troyes;48,6350430;2,8008440
4004;202000004437;5;10;2020;12:10;1;92;92025;2;2;8;3;PIERRE CURIE (RUE);48,9156330;2,2349320
4005;202000004438;10;9;2020;12:20;1;92;92025;2;2;1;6;MENELOTTE  2A 50 (AV);48,9284375;2,2595988
4006;202000004439;8;10;2020;08:35;1;73;73065;2;3;1;3;AV LECLERC / PARENT NICOLAS (RUE);45,5702750;5,9167170
4007;202000004440;1;10;2020;09:50;1;60;60159;1;1;3;6;D 14;49,3962000;2,8924200
4008;202000004441;15;9;2020;16:30;1;94;94028;2;1;1;3;MESLY(AVENUE DU CHEMIN DE);48,7854900;2,4602400
4009;202000004443;29;9;2020;14:32;1;70;70550;2;1;2;6;R.N. 19;47,6341500;6,1582100
4010;202000004444;13;3;2020;14:40;1;976;97611;2;9;1;6;mamoudzou centre-Jardin du collège(rue d; -12,7800900;45,2238100
4011;202000004445;13;11;2020;09:30;1;78;78551;2;6;2;6;DESOYER (LEON);48,8995100;2,0855570
4012;202000004446;1;12;2020;14:15;1;13;13202;2;3;1;3;PORT (QUAI DU);43,2960650;5,3740230
4013;202000004447;30;11;2020;10:50;1;11;11262;2;6;1;7;ESPAGNE (AVENUE D');43,1696800;2,9893600
4014;202000004448;8;12;2020;18:20;5;76;76351;2;1;3;6;RENE COTY;49,4980960;0,1163600
4015;202000004449;15;12;2020;20:48;5;60;60667;2;1;2;1;Avenue René Firmin;49,3141630;2,7366260
4016;202000004450;23;10;2020;16:38;1;81;81105;2;1;1;1;Square Maréchal Foch;43,7629350;1,9913260
4017;202000004451;19;10;2020;11:00;1;95;95210;2;1;1;2;MALLEVILLE (RUE DE);48,9676400;2,3054900
4018;202000004453;12;10;2020;13:20;1;45;45068;2;1;1;3;Rue Condorcet;48,0228900;2,7353900
4019;202000004454;24;9;2020;16:10;1;49;49007;2;1;1;1;Avenue du Général Patton;47,4736700; -0,5828500
4020;202000004455;13;6;2020;15:50;1;92;92025;2;2;1;1;VALMY 1 A 53   2 A 66 (BD DE);48,9261200;2,2530200
4021;202000004456;28;6;2020;12:05;1;83;83069;1;1;1;5;AEROPORT (AVENUE DE L');43,0997300;6,1324900
4022;202000004457;13;9;2020;05:45;5;06;06004;2;1;1;7;R.N.98 BORD DE MER SIESTA;43,5905710;7,1243340
4023;202000004459;27;8;2020;22:39;5;35;35281;2;9;1;7;DODIN (AVENUE ROGER);48,0783600; -1,7125700
4024;202000004460;18;9;2020;18:30;1;35;35238;2;1;1;6;CHATILLON (DE);48,0888100; -1,6717800
4025;202000004461;30;11;2020;16:35;1;02;02750;2;1;1;6;28 Route de Coucy-le-château;49,5178920;3,2272160
4026;202000004462;22;8;2020;12:55;1;976;97611;2;9;1;3;kaweni-Mangrove (route de la); -12,7750000;45,2250000
4027;202000004463;31;8;2020;11:15;1;06;06069;2;1;1;2;CASTORS (CHEMIN DES);43,6392100;6,9337200
4028;202000004465;26;9;2020;22:00;5;24;24145;2;9;1;1;ROQUE (AVENUE  DE LA);44,8525800;0,5504100
4029;202000004466;13;9;2020;09:57;1;24;24037;2;9;1;3;N1021 (rocade RN21-D660);44,8199000;0,4761000
4030;202000004467;30;6;2020;07:20;1;59;59350;2;3;1;2;RENARD RUE VICTOIRE;50,6118159;3,0656523
4031;202000004468;25;6;2020;13:15;1;59;59648;2;2;1;3;JAURES JEAN RUE;50,6000300;3,0518200
4032;202000004469;26;5;2020;11:25;1;59;59663;1;2;1;3;BELLE CROIX (RUE DE LA);50,8821328;2,4711535
4033;202000004470;20;5;2020;19:25;1;59;59043;1;1;1;6;STEENWERCK (ROUTE DE);50,7145200;2,7668900
4034;202000004471;16;5;2020;11:10;1;59;59043;2;9;1;3;LILLE (RUE DE);50,7302300;2,7468000
4035;202000004472;29;7;2020;09:20;1;14;14220;2;2;7;6;REPUBLIQUE (AVENUE DE LA);49,3574002;0,0741746
4036;202000004473;8;7;2020;11:25;1;14;14715;2;1;8;6;CARNOT;49,3669100;0,0797200
4037;202000004474;28;12;2020;18:15;5;42;42187;2;1;1;6;Rue Pierre Semard;46,0386200;4,0579900
4038;202000004475;18;12;2020;17:00;1;33;33448;2;1;1;1;D214;44,7144160; -0,5021100
4039;202000004476;4;12;2020;16:30;1;65;65100;2;1;1;6;MOULIN (RUE JEAN);43,2609010;0,0427010
4040;202000004477;3;12;2020;17:57;5;08;08105;2;7;2;6;DUCALE PLACE;49,7735600;4,7206900
4041;202000004478;25;11;2020;17:45;3;91;91553;1;1;1;3;RN 104;48,6310000;2,4912600
4042;202000004479;30;12;2020;06:30;3;60;60196;1;1;2;1;D927;49,2900060;2,0902350