;Num_Acc;jour;mois;an;hrmn;lum;dep;com;agg;int;atm;col;adr;lat;long
4043;202000004480;30;9;2020;16:00;1;69;69091;2;1;1;6;ALARCON (RUE MICHEL);45,5824900;4,7753100
4044;202000004481;6;7;2020;21:10;1;65;65440;2;2;1;3;HUGO (RUE VICTOR);43,2357090;0,0698690
4045;202000004483;14;8;2020;17:00;1;36;36044;2;1;1;6;ARGENTON (AV D');46,8025834;1,6721696
4046;202000004484;21;8;2020;18:35;1;36;36044;2;1;1;7;48 Chemin de Soulasse;46,8181138;1,7223269
4047;202000004485;25;1;2020;15:13;1;36;36202;2;1;1;4;34 Avenue d’Occitanie;46,7906355;1,6616888
4048;202000004486;15;2;2020;16:04;1;36;36044;2;1;1;7;Avenue de la Châtre;46,8068435;1,7088227
4049;202000004487;29;9;2020;14:00;1;35;35238;2;9;1;3;ROOSEVELT (BD FRANKLIN);48,0974600; -1,6572700
4050;202000004488;22;8;2020;15:05;1;17;17306;2;1;1;3;sous l'avenue Louis Bouchet;45,6260410; -0,9992650
4051;202000004489;19;7;2020;07:00;1;17;17306;2;1;1;3;BAILLET (BD COLONEL ROBERT);45,6318300; -1,0321100
4052;202000004490;15;7;2020;18:25;1;17;17306;2;1;1;2;REUTIN (BD FELIX);45,6238500; -1,0323300
4053;202000004491;15;7;2020;17:50;1;17;17461;2;3;1;3;GARNIER (AVENUE  FREDERIC);45,6421620; -1,0658110
4054;202000004492;29;5;2020;06:45;1;02;02168;2;2;1;3;D1;49,0474700;3,3834160
4055;202000004493;27;11;2020;18:30;5;973;97302;2;1;1;6;MADELEINE (ROUTE DE LA);4,9151600; -52,3209700
4056;202000004495;29;11;2020;23:25;5;973;97302;2;1;1;7;MADELEINE (ROUTE DE LA);4,9393063; -52,3264861
4057;202000004496;29;11;2020;09:40;1;973;97302;2;1;1;6;MERE THERESA (rue);4,9194300; -52,3126700
4058;202000004498;29;11;2020;17:27;1;91;91021;2;1;1;2;AV DIVISION LECLERC;48,5967700;2,2459200
4059;202000004499;30;11;2020;23:45;5;91;91161;2;6;2;6;AV MAZARIN;48,7080000;2,3106600
4060;202000004500;30;11;2020;17:30;5;91;91687;2;1;1;6;GUYNEMER (BOULEVARD);48,6777130;2,3763300
4061;202000004501;28;11;2020;10:50;1;76;76351;1;1;1;6;BOIS AU COQ (AVENUE);49,5165000;0,1194000
4062;202000004502;29;11;2020;13:22;1;74;74298;1;1;1;1;BONNEVILLE (ROUTE DE );46,1685000;6,2720000
4063;202000004503;29;11;2020;11:40;1;69;69290;2;1;1;6;COLOMBIER (DU)                      (R );45,7064384;4,9327771
4064;202000004504;30;11;2020;12:25;1;65;65100;2;2;1;3;FRANCE (RUE ANATOLE);43,2545510;0,0469630
4065;202000004506;28;11;2020;17:10;5;59;59350;2;2;1;3;BELFORT BOULEVARD DE;50,6218700;3,0793600
4066;202000004508;27;11;2020;09:39;1;54;54329;2;3;1;6;BLD. GEORGES POMPIDOU;48,5859400;6,4809000
4067;202000004509;27;11;2020;07:53;5;49;49007;2;6;5;3;DE LATTRE DE TASSIGNY;47,4577900; -0,5443500
4068;202000004510;29;11;2020;16:15;1;49;49007;2;1;1;6;GATELLERIE IMPASSE;47,4962500; -0,5569600
4069;202000004511;30;11;2020;09:35;1;45;45285;2;2;1;6;Rue des Chaises - rue des cerises;47,9213728;1,8831890
4070;202000004512;30;11;2020;09:35;2;29;29232;2;1;7;1;Avenue Jacques le Viol;47,9935299; -4,1389070
4071;202000004513;30;11;2020;10:30;1;29;29232;2;1;1;3;Rue Charles le Goffic;47,9852900; -4,0611300
4072;202000004514;28;11;2020;09:25;1;25;25056;2;1;1;7;RAGOTS   CHEMIN DES;47,2335800;6,0499300
4073;202000004515;30;11;2020;08:00;1;21;21166;2;2;1;5;Avenue Roland Carraz;47,2987991;5,0197866
4074;202000004516;30;11;2020;15:00;1;17;17461;2;1;1;3;FALAISE (BOULEVARD DE LA);45,6292610; -1,0632600
4075;202000004517;27;11;2020;07:30;5;14;14118;2;4;1;6;BRIAND (BOULEVARD ARISTIDE);49,1781200; -0,3638500
4076;202000004519;30;11;2020;20:15;5;13;13203;2;2;1;2;GUIBAL (RUE);43,3057200;5,3839700
4077;202000004520;28;11;2020;09:34;1;11;11262;2;6;1;7;HUBERT MOULY (AVENUE);43,1801609;3,0188828
4078;202000004521;30;11;2020;12:15;1;06;06069;1;9;1;3;PLAN (ROUTE DU) -D304-;43,6507180;6,9487470
4079;202000004522;29;8;2020;18:50;3;976;97611;2;1;1;6;doujani-Carrière ( rue de la ); -12,7931800;45,2081800
4080;202000004523;7;7;2020;18:55;3;976;97611;2;1;1;6;mgombani-Baobab ( Bd ); -12,7825155;45,2336901
4081;202000004524;2;7;2020;09:20;1;93;93072;2;1;2;6;MOLIERE (SQUARE);48,9497300;2,3734000
4082;202000004525;27;7;2020;15:15;1;59;59122;2;1;1;2;COMTE D'ARTOIS (RUE DU);50,1806900;3,2203500
4083;202000004526;30;1;2020;21:00;5;59;59122;2;2;2;6;CREVECOEUR (RUE DE);50,1582248;3,2417710
4084;202000004527;26;1;2020;11:10;1;59;59122;2;1;1;6;VICTOIRE (AVENUE DE LA);50,1734000;3,2330720
4085;202000004528;26;11;2020;12:55;1;59;59350;1;6;1;3;PASTEUR CARREFOUR;50,6430019;3,0726154
4086;202000004530;18;11;2020;18:24;5;38;38151;2;9;1;6;Avenue du 8 Mai 1945;45,1491900;5,7180400
4087;202000004531;14;9;2020;05:00;5;92;92050;1;1;1;2;A14;48,8960999;2,2250306
4088;202000004532;22;8;2020;09:30;1;976;97611;1;1;1;7;passamanty-Vahibé ( route ); -12,7930000;45,1930000
4089;202000004533;5;12;2020;15:45;1;58;58194;2;1;1;6;HENRI BOUQUILLARD;46,9945900;3,1342200
4090;202000004534;20;9;2020;18:30;1;91;91247;1;1;1;7;D836;48,4772170;2,0511930
4091;202000004535;17;6;2020;18:45;1;73;73213;1;9;1;3;D201 - 320 Rte d'Apremont;45,5552470;5,9513820
4092;202000004536;28;1;2020;14:50;1;78;78158;1;2;1;3;;48,8337680;2,1428820
4093;202000004537;6;2;2020;18:30;2;41;41018;1;1;1;2;RD 956.;47,5937300;1,3543200
4094;202000004538;3;9;2020;08:00;1;69;69034;2;9;1;2;JEAN PETIT                          (CH);45,8078600;4,8560600
4095;202000004539;9;8;2020;20:56;5;2A;2A004;1;1;1;1;RICANTO ROUTE ET PLAGE;41,9284900;8,7707000
4096;202000004540;15;5;2020;18:25;1;95;95585;2;1;1;5;REFUZNICKS (ROUTE DES);48,9844600;2,3867000
4097;202000004541;17;10;2020;11:30;1;84;84035;2;1;1;6;LIBERATION (AVENUE DE LA);43,8495100;5,0373700
4098;202000004542;17;11;2020;08:10;2;64;64445;2;2;1;6;LILAS DES;43,3092400; -0,3442000
4099;202000004543;24;11;2020;10:15;1;11;11262;2;1;1;7;HUGO (QUAI ET PASSERELLE VICTOR);43,1816000;3,0075900
4100;202000004544;24;11;2020;02:30;5;11;11262;2;1;1;3;LECLERC (AVENUE DU GENERAL);43,1769833;2,9942811
4101;202000004545;28;12;2020;16:33;1;86;86214;2;2;1;6;Rue de la Chaume;46,5545870;0,3336430
4102;202000004546;8;7;2020;09:52;1;976;97611;2;1;1;1;cavani-Rond point du Baobab; -12,7851700;45,2278600
4103;202000004547;21;2;2020;13:25;1;976;97611;2;1;1;-1;kaweni-Poste ( rue de la ); -12,7747400;45,2228500
4104;202000004548;5;12;2020;16:45;1;33;33234;2;1;2;1;Rue du Bourg;44,7850730; -0,4956350
4105;202000004550;14;12;2020;19:20;5;58;58194;2;1;1;6;LOURDES;46,9915000;3,1553000
4106;202000004551;4;12;2020;13:20;1;92;92051;2;9;1;6;ROULE (AVENUE DU, N° 29 A 91 ET 30 A 86);48,8826440;2,2768260
4107;202000004552;22;12;2020;00:35;3;38;38544;1;1;2;6;A7;45,5432900;4,8519700
4108;202000004553;29;10;2020;16:49;1;38;38152;2;2;1;3;D1085;45,4986430;5,3009410
4109;202000004554;23;8;2020;07:00;2;13;13215;2;9;1;6;LYON (RUE DE);43,3330770;5,3642570
4110;202000004555;23;11;2020;08:35;1;11;11262;2;1;1;7;FRANCE (AVENUE ANATOLE);43,1839740;2,9957560
4111;202000004556;1;8;2020;10:38;1;976;97611;2;1;1;3;m'tsapere-M'tsapéré- M'tsangani ( rue ); -12,7936400;45,2192000
4112;202000004557;6;7;2020;18:00;1;93;93078;1;1;1;6;SAUSSET (AVENUE DU);48,9632500;2,5178600
4113;202000004558;26;2;2020;18:30;2;93;93048;2;1;1;3;DOCTEUR FERNAND LAMAZE (AVENUE DU);48,8770469;2,4510071
4114;202000004559;5;2;2020;10:10;1;93;93048;2;2;8;6;FAIDHERBE (AVENUE);48,8659981;2,4408710
4115;202000004560;21;11;2020;14:45;1;33;33063;2;3;1;3;CRS D'ALBRET;44,8372300; -0,5812000
4116;202000004561;9;6;2020;08:25;1;976;97611;2;1;1;6;kaweni-Caserne ( rue de la ); -12,7756740;45,2241520
4117;202000004562;12;11;2020;08:40;1;95;95252;2;1;1;6;VERT DES GRATTES BOEUFS (CHEMIN);48,9912100;2,2156600
4118;202000004563;19;8;2020;12:20;1;84;84007;2;1;1;2;TRILLADE (avenue de la );43,9288000;4,8208000
4119;202000004564;23;8;2020;10:45;1;68;68224;2;2;1;3;ROMAINS (RUE DES);47,7734000;7,3212000
4120;202000004565;25;4;2020;23:18;5;63;63113;2;1;1;6;DORMOY (AVENUE MARX);45,7671571;3,0820165
4121;202000004566;1;6;2020;06:20;1;29;29151;2;1;1;6;Rampe Saint Nicolas;48,5815600; -3,8265200
4122;202000004567;22;10;2020;17:14;1;05;05061;2;1;8;6;EMBRUN ( AVENUE D');44,5687460;6,1001890
4123;202000004568;29;8;2020;05:04;5;75;75106;2;7;1;2;QUAI DE CONTI;48,8577670;2,3368360
4124;202000004570;29;11;2020;10:15;1;44;44184;2;2;7;6;RAMPE (PLACE DE LA);47,2724000; -2,2002000
4125;202000004571;27;10;2020;18:40;2;49;49007;2;1;1;6;LYCEE PLACE;47,4671800; -0,5449800
4126;202000004572;2;3;2020;06:20;3;93;93010;2;2;2;3;AV GALLIENI / R JULES GUESDE;48,9043000;2,4729000
4127;202000004573;26;2;2020;12:40;1;93;93010;2;9;3;6;AV HENRI BARBUSSE;48,9018800;2,4850300
4128;202000004574;27;10;2020;18:30;2;69;69266;2;1;1;3;FREDERIC FAYS      (Rue);45,7637100;4,9044400
4129;202000004575;17;2;2020;07:20;2;26;26057;1;1;1;1;Route d'Alixan;45,0029880;5,0358470
4130;202000004576;27;8;2020;21:25;5;27;27375;2;1;2;6;HAYE MALHERBE (ROUTE DE LA);49,2139100;1,1411300
4131;202000004577;19;8;2020;05:50;3;27;27701;1;1;1;1;ORMET (VOIE DE L');49,2402000;1,2309000
4132;202000004578;15;8;2020;01:10;3;27;27375;1;1;1;7;RD313;49,2275600;1,1561600
4133;202000004579;31;7;2020;21:20;1;27;27375;2;1;1;7;MONTFORT (ROUTE DE);49,2127800;1,1555900
4134;202000004580;26;7;2020;07:38;1;67;67482;1;1;8;6;Autoroute A.351;48,5848808;7,7257705
4135;202000004581;18;7;2020;19:00;1;27;27375;2;6;7;2;FOLLEVILLE (ROND POINT DE);49,2090000;1,1803000
4136;202000004582;18;7;2020;01:55;5;27;27375;2;1;1;6;BLERIOT (RUE LOUIS);49,2033500;1,1874100
4137;202000004583;19;6;2020;16:56;1;63;63113;2;3;1;6;BIEN ASSIS (RUE DE);45,7880806;3,0956065
4138;202000004584;19;12;2020;09:10;1;08;08105;2;3;1;6;BRONNERT BOULEVARD;49,7640200;4,6938800
4139;202000004585;18;12;2020;15:15;1;41;41046;1;1;1;7;C1;47,6187410;1,9204400
4140;202000004586;18;12;2020;15:45;1;86;86066;1;9;1;2;A10, PK 276+000;46,8050860;0,5133680
4141;202000004588;9;6;2020;09:05;1;27;27229;2;2;1;2;MONNET (RUE JEAN);49,0339300;1,1834900
4142;202000004589;11;11;2020;14:35;1;976;97611;2;1;1;3;kaweni-Centrale EDM (rue de la ); -12,7753800;45,2232800
4143;202000004590;18;1;2020;08:50;2;29;29254;2;1;1;6;Rue du Tunes;48,5703385; -3,8473730
4144;202000004591;17;11;2020;17:40;5;27;27229;2;9;1;6;QUATORZE JUILLET (BOULEVARD);49,0065200;1,1628900
4145;202000004592;24;12;2020;12:20;1;43;43157;2;1;1;3;2 Avenue de la Dentelle;45,0412727;3,8884091
4146;202000004593;15;12;2020;17:57;4;05;05061;2;1;2;6;SAGNIERES ( RUE DES );44,5512300;6,0674600
4147;202000004594;4;12;2020;18:00;4;92;92078;2;5;2;-1;MARC SANGNIER (AVENUE);48,9257470;2,3267400
4148;202000004595;21;12;2020;17:30;4;74;74010;2;1;3;6;Rte de la Roche sur Foron;45,9336960;6,1297010
4149;202000004596;17;11;2020;06:30;2;69;69081;1;1;1;3;M6   449.510 A 451.640;45,7826300;4,7828500
4150;202000004597;3;6;2020;11:40;1;62;62291;2;1;1;6;SCHAFFNER (R DU DOCTEUR );50,4196600;2,8143800
4151;202000004598;29;9;2020;20:40;5;84;84007;2;2;1;3;PIERRE SEMARD (avenue);43,9346800;4,8316400
4152;202000004599;18;12;2020;17:30;2;83;83061;2;2;1;6;AVENUE DE LATTRE DE TASSIGNY;43,4324496;6,7491567
4153;202000004600;30;12;2020;14:30;1;72;72181;1;1;1;2;TOURS (RTE) LIGNE DROITE DES HUNAUDIERES;47,9509300;0,2304500
4154;202000004601;2;12;2020;21:26;5;29;29019;2;1;1;6;Rue Albert Louppe;48,4043126; -4,4759423
4155;202000004602;27;11;2020;15:45;1;95;95428;2;1;1;2;RUE DU TEMPLE;48,9850500;2,3186500
4156;202000004603;26;11;2020;06:40;2;91;91161;2;1;1;1;RTE DE LONGJUMEAU;48,7135800;2,2980600
4157;202000004604;27;11;2020;15:45;1;91;91432;1;1;1;7;RD 118;48,7122000;2,3517000
4158;202000004605;26;11;2020;07:37;2;87;87085;2;2;1;3;BENEDICTINS (AVENUE DES);45,8326500;1,2665600
4159;202000004606;27;11;2020;15:20;1;82;82121;2;3;1;6;DOUMERC (BOULEVARD BLAISE);44,0122822;1,3630520
4160;202000004607;27;11;2020;07:45;2;79;79191;2;2;1;3;Rue Villechanoux;46,3241900; -0,4352100
4161;202000004609;22;11;2020;19:05;3;77;77337;1;1;1;6;D199-D499;48,8456600;2,6303300
4162;202000004610;25;11;2020;18:45;2;77;77288;2;2;1;1;COTY (RUE RENE);48,5511330;2,6496340
4163;202000004611;27;11;2020;06:20;5;76;76305;2;1;2;1;MARCEL LE MIGNOT (AVENUE);49,5011303;0,2189707
4164;202000004612;26;11;2020;15:30;1;76;76351;2;3;1;3;FELIX FAURE;49,5002070;0,1041340
4165;202000004613;27;11;2020;07:10;5;69;69256;2;3;1;3;PAUL MARCELLIN                      (AV);45,7738400;4,9323800
4166;202000004614;27;11;2020;15:10;2;69;69264;2;2;1;6;FERRY JULES  R;45,9822000;4,7350100
4167;202000004615;26;11;2020;21:57;5;66;66136;2;1;2;6;R D 900;42,6784400;2,8805600
4168;202000004616;27;11;2020;17:10;1;64;64445;2;5;1;3;EDOUARD HERRIOT;43,3042900; -0,3799000
4169;202000004617;27;11;2020;07:20;5;64;64445;2;3;1;1;TRESPOEY DE;43,2990700; -0,3551400
4170;202000004618;26;11;2020;14:22;1;64;64122;2;1;1;7;ESTAGNAS (RUE DE L');43,4840300; -1,5429800
4171;202000004619;27;11;2020;13:00;1;64;64102;2;1;1;6;Rue Louis Seguin;43,4842600; -1,4998800
4172;202000004620;27;11;2020;08:30;1;64;64102;2;1;1;4;HENRI DE NAVARRE (AVENUE);43,4978700; -1,4487600
4173;202000004621;25;11;2020;07:25;5;63;63113;2;5;1;2;JAURES (BD JEAN);45,7678000;3,0818400
4174;202000004622;24;11;2020;18:45;3;56;56260;1;1;1;6;Kerdogan;47,6873000; -2,7664600
4175;202000004623;26;11;2020;17:00;1;56;56121;2;2;1;3;JOFFRE ( BD MARECHAL );47,7522600; -3,3630000
4176;202000004625;26;11;2020;17:03;2;51;51108;2;1;1;7;Rue Jean Jaurès;48,9546522;4,3526555
4177;202000004626;26;11;2020;18:40;5;50;50147;2;2;1;3;DE LA MARE;49,0622900; -1,4283500
4178;202000004627;27;11;2020;05:35;3;50;50416;1;1;1;6;CD 901;49,6492300; -1,7178300
4179;202000004628;26;11;2020;08:45;1;49;49015;2;1;1;3;SCHWALBACH PLACE;47,5041600; -0,6019000
4180;202000004629;27;11;2020;08:00;2;47;47323;1;9;1;1;PRADAL;44,4460900;0,7392900
4181;202000004630;27;11;2020;15:00;1;45;45234;2;3;1;6;Avenue de la Liberation;47,9209100;1,9023200
4182;202000004631;27;11;2020;18:03;5;41;41018;2;3;1;1;BESNARD (QUAI ULYSSE);47,5781000;1,3211100
4183;202000004632;27;11;2020;16:15;1;37;37122;2;1;1;2;JAURES (BOULEVARD JEAN);47,3479954;0,6577455
4184;202000004633;27;11;2020;15:15;1;37;37261;2;2;1;-1;GRAMMONT (AVENUE DE);47,3871506;0,6900138
4185;202000004634;24;11;2020;18:01;2;37;37261;2;2;1;-1;CHAPELLE (RUE DE LA);47,4200957;0,6997246
4186;202000004635;27;11;2020;11:00;1;35;35238;1;1;1;4;PORTE ALMA;48,0803100; -1,6778100
4187;202000004636;27;11;2020;08:10;4;35;35238;2;2;1;3;VANEAU;48,1085900; -1,6929700
4188;202000004637;27;11;2020;14:00;1;33;33550;2;6;1;3;RUE RAYMOND BIERGE;44,7726700; -0,5768200
4189;202000004639;27;11;2020;14:30;1;32;32013;1;1;1;3;ROGER SALENGRO;43,6694800;0,5998900
4190;202000004640;26;11;2020;17:45;4;31;31555;1;1;1;4;VA001490 A621;43,6217700;1,4013500
4191;202000004641;26;11;2020;14:00;1;31;31555;1;1;1;2;VA007331 A620;43,6386500;1,4215500
4192;202000004642;27;11;2020;13:20;1;31;31483;1;1;1;6;3978 Route de la Serre de Cazaux;43,1466200;0,7423500
4193;202000004643;26;11;2020;07:45;2;30;30189;2;2;1;3;CAPOUCHINE (CHEMIN);43,8168600;4,3530400
4194;202000004644;27;11;2020;04:50;5;26;26198;2;2;1;3;4 Allée Paul Lattard;44,5552200;4,7225700
4195;202000004645;25;11;2020;07:35;3;22;22187;1;3;1;3;VERDUN (rue de );48,5441369; -2,7844387
4196;202000004646;27;11;2020;11:40;1;17;17300;2;6;1;2;VERDIER   BOULEVARD ARTHUR;46,1616000; -1,1398500
4197;202000004647;27;11;2020;16:45;1;13;13213;2;1;1;5;OLIVES (AVENUE DES);43,3262980;5,4390760
4198;202000004648;26;11;2020;12:00;1;13;13002;2;1;1;2;7 RMENT DE TIRAILLEURS ALGERIENS (AVENUE;43,3383900;5,4673700
4199;202000004649;27;11;2020;20:45;5;13;13047;2;3;1;3;RAYMOND FILIPPI AVENUE;43,4966500;4,9810100
4200;202000004650;27;11;2020;08:00;2;13;13005;2;5;1;5;SOLLANS (CHEMIN DES);43,3054600;5,5725700
4201;202000004651;27;11;2020;08:55;1;06;06088;2;1;1;7;LYAUTEY (AV. DU MAL);43,7144167;7,2821939
4202;202000004652;25;11;2020;12:00;1;06;06069;2;1;1;3;ROUQUIER (BOULEVARD EMMANUEL);43,6436540;6,9419490
4203;202000004653;27;11;2020;09:30;1;06;06155;2;2;1;3;COURCETTES AV.ET CH.DES;43,5726800;7,0790800
4204;202000004654;27;11;2020;21:15;5;75;75114;2;4;1;6;BOULEVARD PERIPHERIQUE;48,8193130;2,3287300
4205;202000004655;26;11;2020;08:25;1;75;75119;2;1;1;3;BOULEVARD PERIPHERIQUE;48,8835000;2,3999450
4206;202000004656;26;11;2020;11:54;1;75;75113;2;2;1;3;BOULEVARD ARAGO;48,8349410;2,3449850
4207;202000004657;27;11;2020;10:20;1;75;75114;2;2;1;3;RUE JULIA BARTET;48,8250100;2,3021510
4208;202000004658;27;11;2020;17:20;5;75;75120;2;3;1;6;BOULEVARD DE MENILMONTANT;48,8660400;2,3840070
4209;202000004659;27;11;2020;12:00;1;75;75119;2;2;1;2;AVENUE DE LA PORTE D AUBERVILLIERS;48,8987440;2,3711140
4210;202000004660;27;11;2020;10:53;1;75;75119;2;1;1;3;BOULEVARD D INDOCHINE;48,8856190;2,3964950
4211;202000004661;26;11;2020;07:15;2;75;75118;2;2;1;6;AVENUE DE LA PORTE DE SAINT OUEN;48,8990280;2,3294710
4212;202000004662;27;11;2020;11:10;1;75;75115;2;1;1;4;RUE DE LA CONVENTION;48,8371030;2,2968460
4213;202000004663;27;11;2020;10:20;1;75;75113;2;1;1;6;QUAI D AUSTERLITZ;48,8431590;2,3662320
4214;202000004665;27;11;2020;20:08;5;75;75102;2;2;1;3;RUE DE RICHELIEU;48,8688870;2,3385600
4215;202000004666;27;11;2020;16:00;1;94;94080;2;2;1;6;FONTENAY (R DE);48,8400000;2,4200000
4216;202000004667;27;11;2020;16:15;2;94;94068;2;2;1;6;VOLTAIRE (BD);48,7919300;2,5128300
4217;202000004668;27;11;2020;10:20;1;94;94041;2;5;1;2;VERDUN (AV DE);48,8129400;2,3708200
4218;202000004669;26;11;2020;19:15;5;94;94033;2;2;1;3;Avenue de la République & Rue du Ruisseau;48,8525400;2,4652600
4219;202000004670;25;11;2020;13:00;1;94;94011;2;1;1;6;DIX NEUF MARS 1962(R DU);48,7665000;2,4899000
4220;202000004671;25;11;2020;22:30;5;93;93066;2;1;1;3;LIBERATION RD14 (BOULEVARD);48,9253000;2,3421100
4221;202000004672;27;11;2020;10:41;1;93;93077;2;2;1;3;ALL DE LA TOUR / AV FRANKLIN;48,8974200;2,5028500
4222;202000004673;26;11;2020;17:30;5;93;93032;2;2;1;3;AV DES CHARMILLES / AV DES BLEUETS;48,8894200;2,5483800
4223;202000004674;27;11;2020;17:10;2;93;93079;2;3;1;3;SAINT LEU (ROUTE);48,9502259;2,3406438
4224;202000004676;27;11;2020;06:50;5;93;93047;2;9;1;2;BD BARGUE;48,9028900;2,5619300
4225;202000004677;27;11;2020;12:20;1;92;92033;2;1;1;6;RAYMOND POINCARE;48,8383055;2,1836573
4226;202000004678;27;11;2020;17:10;3;92;92040;2;1;1;7;GARIBALDI (BOULEVARD);48,8251350;2,2619410
4227;202000004680;25;11;2020;18:35;3;92;92012;2;9;1;3;REINE (ROUTE DE LA) 82/FIN - 107TER/FIN;48,8398900;2,2378400
4228;202000004681;25;11;2020;15:05;1;92;92012;2;9;1;6;EDOUARD VAILLANT (AVENUE) 57/FIN - 58/FI;48,8350125;2,2476033
4229;202000004682;27;11;2020;16:00;1;08;08145;1;1;1;1;D964;49,6429010;5,0506210
4230;202000004683;27;11;2020;19:15;3;34;34089;1;1;2;1;D37e3;43,3666660;3,0064720
4231;202000004684;22;11;2020;18:25;3;17;17310;1;1;1;1;Route de Mortagne;45,5801810; -0,7418670
4232;202000004685;28;11;2020;23:40;3;974;97404;2;1;1;6;Avenue Octave Bénard; -21,2580460;55,3305660
4233;202000004686;28;11;2020;13:00;1;67;67489;1;1;8;6;D702;48,7004050;7,3507660
4234;202000004688;27;11;2020;16:40;1;36;36200;1;1;1;2;;46,6151340;1,5367980
4235;202000004689;27;11;2020;20:39;3;51;51323;1;1;1;2;N4;48,7229300;3,8062058
4236;202000004690;27;11;2020;17:50;3;67;67040;1;1;1;6;D211 de Bindernheim à Diebolsheim;48,2829290;7,6362920
4237;202000004691;28;11;2020;14:55;1;76;76255;1;1;1;7;D925;50,0600800;1,4185450
4238;202000004692;10;11;2020;18:15;3;61;61100;1;1;1;6;D930;48,7142350;0,6193650
4239;202000004693;28;11;2020;13:15;1;61;61211;2;2;1;5;Rue de Melleray la Vallee;48,4868640; -0,5803120
4240;202000004694;28;11;2020;15:27;1;46;46307;1;3;7;3;D811;44,4986940;1,0481160
4241;202000004695;27;11;2020;12:30;1;46;46136;1;1;1;1;Départementale 811;44,5116240;1,2568510
4242;202000004696;1;11;2020;21:15;3;39;39013;1;1;1;1;;46,8981790;5,7843450
4243;202000004697;28;11;2020;09:30;1;29;29105;2;2;1;6;D32 - Boulevard de la République;48,5048180; -4,0901230
4244;202000004698;27;11;2020;19:25;3;29;29056;1;1;2;7;D712 - Proche Fessiou;48,4445750; -4,2965980
4245;202000004699;28;11;2020;13:10;1;03;03040;1;1;1;7;;46,5250656;3,2886446
4246;202000004700;27;11;2020;09:45;1;15;15142;1;3;1;3;D921;44,9285920;2,9980440
4247;202000004702;28;11;2020;07:30;1;26;26166;2;6;1;3;140 Avenue de la République;44,7493930;4,8188350
4248;202000004703;9;10;2020;16:00;1;06;06079;2;9;1;1;567 Avenue Janvier Passero;43,5513050;6,9377370
4249;202000004704;27;11;2020;21:30;3;50;50425;1;1;5;6;La Cailleterie;49,5244530; -1,6407880
4250;202000004705;28;11;2020;15:50;1;83;83084;1;1;1;7;D13;43,6664130;6,0564280
4251;202000004706;28;11;2020;09:00;1;60;60292;2;4;1;3;Rue du 4eme Ric;49,5697790;2,7989510
4252;202000004707;27;11;2020;19:00;3;64;64495;1;1;1;1;RD 855;43,3835930; -1,5654660
4253;202000004708;28;11;2020;15:00;1;64;64086;1;1;1;6;rd 10;43,4061673; -1,2660563
4254;202000004709;27;11;2020;12:22;1;21;21003;2;1;1;6;6 Grande Rue;47,3689470;5,0229940
4255;202000004710;28;11;2020;16:40;1;24;24067;1;1;1;2;avenue de la Gare RD703;44,9070080;0,9435150
4256;202000004711;28;11;2020;03:30;3;28;28259;1;1;5;7;D359.5;48,2403490;1,4275040
4257;202000004713;28;11;2020;10:45;1;67;67152;2;6;8;3;Rue de la Porte-basse;48,5167390;7,6543330
4258;202000004714;28;11;2020;15:06;1;74;74010;2;1;1;3;Avenue d'Aix-les-bains (Seynod);45,8843170;6,0994510
4259;202000004715;28;11;2020;17:10;3;51;51015;1;1;1;7;A4;49,0751065;4,8460074
4260;202000004716;28;11;2020;10:50;1;974;97415;1;1;1;2;Route du Théâtre; -21,0447530;55,2298700
4261;202000004717;28;11;2020;19:30;3;974;97408;1;1;1;-1;Route du Littoral (Pont); -20,9389010;55,3299330
4262;202000004719;27;11;2020;16:20;1;08;08328;2;1;1;6;2 Rue Jean Jaurès;49,8132340;4,7439440
4263;202000004721;28;11;2020;11:50;1;01;01043;2;6;1;3;rond point de la cotière - RD 1084 A;45,8332730;4,9932860
4264;202000004722;27;11;2020;22:00;3;33;33417;1;1;1;7;Route des Landes;44,9487800; -0,9056370
4265;202000004723;28;11;2020;12:20;1;85;85189;1;3;7;3;D32 intersection chemin des brenettes;46,7683500; -1,8740300
4266;202000004724;27;11;2020;07:30;3;14;14228;1;6;1;6;D7;49,2755150; -0,3783950
4267;202000004725;28;11;2020;15:10;1;60;60395;1;1;1;6;D129;49,2515320;2,1170140
4268;202000004726;27;11;2020;17:00;3;13;13215;1;1;1;4;A7-Sens Lyon vers Marseille;43,3687056;5,3608211
4269;202000004727;27;11;2020;02:50;3;13;13071;1;9;1;6;A7-Sens Marseille vers Lyon;43,4065100;5,3306700
4270;202000004728;25;11;2020;10:27;1;13;13071;1;1;8;2;A5501G-Sens Mlle Vieux Port vers A7-Lyon;43,4035900;5,2986900
4271;202000004729;25;11;2020;20:20;3;83;83027;1;1;1;6;A50;43,1645020;5,7669980
4272;202000004730;26;11;2020;18:45;5;69;69081;1;1;1;2;M6   449.510 A 451.640;45,7826000;4,7825000
4273;202000004731;16;11;2020;15:55;1;69;69009;1;1;1;3;A6   428.880 A 431.800;45,9427600;4,7197600
4274;202000004732;27;11;2020;20:55;5;33;33397;1;1;1;2;AUTOROUTE A 10;44,9226400; -0,4741900
4275;202000004733;27;11;2020;16:15;1;33;33013;1;1;1;4;ROUTE NATIONALE 230;44,8479700; -0,5030300