;Num_Acc;jour;mois;an;hrmn;lum;dep;com;agg;int;atm;col;adr;lat;long
4516;202000004997;4;3;2020;14:15;1;06;06069;1;9;1;2;Route de Valbonne;43,6401660;6,9791200
4517;202000004999;3;3;2020;13:55;1;06;06027;2;3;1;6;11 NOVEMBRE COURS DU;43,6615300;7,1501400
4518;202000005000;4;3;2020;16:50;1;03;03140;1;2;1;3;Route de Villebret;46,3068442;2,6173322
4519;202000005001;4;3;2020;13:45;1;01;01053;2;1;1;6;JOLIOT CURIE ( BOULEVARD IRENE COTE PAIR;46,2097300;5,2320100
4520;202000005002;4;3;2020;15:10;1;75;75116;2;1;1;7;PORTE DE PASSY;48,8572460;2,2584890
4521;202000005003;26;2;2020;18:25;2;75;75116;2;4;8;4;BOULEVARD PERIPHERIQUE;48,8439530;2,2548950
4522;202000005004;4;3;2020;19:35;5;75;75117;2;3;2;6;AVENUE DE CLICHY;48,8880350;2,3246180
4523;202000005005;27;2;2020;14:00;1;75;75116;2;1;6;6;BOULEVARD D AUTEUIL;48,8454620;2,2536630
4524;202000005006;4;3;2020;10:00;1;75;75116;2;2;1;3;RUE DE L AMIRAL CLOUE;48,8471306;2,2744113
4525;202000005007;4;3;2020;09:00;1;75;75116;2;2;1;3;BOULEVARD SUCHET;48,8573510;2,2646690
4526;202000005008;28;2;2020;21:00;5;75;75116;2;2;1;3;ALLEE DE LONGCHAMP;48,8749260;2,2711070
4527;202000005009;4;3;2020;15:55;1;75;75115;2;3;8;6;RUE DES ENTREPRENEURS;48,8446665;2,2905019
4528;202000005010;4;3;2020;09:50;1;75;75115;2;2;1;3;PORTE DE SEVRES;48,8336510;2,2764530
4529;202000005011;4;3;2020;16:20;1;75;75113;2;7;2;4;AVENUE DE LA PORTE D ITALIE;48,8164020;2,3600840
4530;202000005012;4;3;2020;09:45;1;75;75113;2;4;1;6;RUE DE LA GLACIERE;48,8317430;2,3443870
4531;202000005013;4;3;2020;19:00;5;75;75111;2;3;2;3;BOULEVARD VOLTAIRE;48,8606830;2,3753000
4532;202000005014;4;3;2020;09:30;1;75;75110;2;3;1;2;AVENUE PARMENTIER;48,8717020;2,3697640
4533;202000005015;4;3;2020;19:50;5;75;75108;2;2;2;6;BOULEVARD DE COURCELLES;48,8808500;2,3125490
4534;202000005016;1;3;2020;20:50;5;94;94076;2;1;1;6;STALINGRAD (AV DE);48,7815720;2,3673410
4535;202000005017;4;3;2020;02:30;5;94;94041;2;2;1;6;VERDUN (AV DE);48,8158290;2,3682860
4536;202000005018;4;3;2020;03:40;5;94;94002;2;3;1;3;GENERAL CHARLES DE GAULLE (R DU);48,8145000;2,4119000
4537;202000005019;4;3;2020;08:15;1;93;93064;2;1;1;3;MONTGOLFIER (RUE J ET E);48,8860637;2,4839383
4538;202000005020;4;3;2020;13:30;1;93;93051;2;3;1;1;Route de Neuilly;48,8469900;2,5403432
4539;202000005021;4;3;2020;12:10;1;93;93049;2;1;1;6;CAHOUETTES (RUE);48,8632000;2,5091000
4540;202000005022;4;3;2020;12:50;1;93;93050;2;9;8;6;AV LEON BLUM;48,8674500;2,5324000
4541;202000005023;4;3;2020;14:45;1;93;93048;2;1;8;6;ROUGET DE L'ISLE (BOULEVARD);48,8603600;2,4391900
4542;202000005024;4;3;2020;13:40;1;93;93048;2;2;1;3;ERNEST RENAN (AVENUE);48,8561355;2,4607153
4543;202000005025;4;3;2020;19:35;2;93;93029;2;3;2;6;AV JEAN JAURES / R JACQUELINE QUATREMAIRE;48,9165215;2,4580022
4544;202000005026;4;3;2020;09:10;1;92;92073;2;1;1;1;SELLIER (BOULEVARD HENRI);48,8668763;2,2211429
4545;202000005027;4;3;2020;17:45;1;92;92025;2;9;2;3;CHARLES DE GAULLE (BD);48,9102450;2,2349680
4546;202000005028;4;3;2020;04:08;5;92;92012;2;1;1;7;ANATOLE FRANCE (BOULEVARD) 5/FIN;48,8504715;2,2371393
4547;202000005029;26;2;2020;22:40;3;95;95529;1;1;2;2;A16, PK 38+500;49,1686710;2,2290870
4548;202000005030;3;3;2020;21:00;5;95;95205;2;1;1;6;53 Rue de la Libération;49,0242790;2,3715860
4549;202000005032;4;3;2020;10:00;1;06;06161;2;9;1;6;3 Avenue Marechal Koenig;43,6424280;7,1383930
4550;202000005033;28;2;2020;06:00;5;91;91665;2;2;1;6;Avenue de la Division Leclerc;48,6647280;2,2776570
4551;202000005034;3;3;2020;17:10;1;83;83019;2;6;1;2;Avenue Lou Mistraou;43,1430230;6,3451190
4552;202000005035;5;3;2020;07:48;2;34;34095;1;1;2;5;D613;43,5267710;3,7412790
4553;202000005036;5;3;2020;07:30;2;74;74105;2;1;2;2;104 Avenue de Genève;46,3029330;6,2929020
4554;202000005037;4;3;2020;23:20;3;95;95682;1;1;2;6;D9;49,0717050;2,3964090
4555;202000005038;26;2;2020;17:40;1;19;19262;1;1;1;1;D16;45,5694870;1,7507530
4556;202000005039;3;3;2020;18:30;2;74;74236;2;3;1;6;977 Avenue de Miage;45,8824500;6,7162780
4557;202000005040;4;3;2020;18:10;2;76;76367;1;1;3;5;D121;49,4865280;1,0946740
4558;202000005041;4;3;2020;17:21;3;2B;2B150;1;1;1;6;T30;42,5717690;8,8308510
4559;202000005042;5;3;2020;08:30;1;42;42267;1;3;1;1;Route de Pouilly;46,1508440;4,1529290
4560;202000005043;28;2;2020;00:15;3;46;46335;1;1;1;7;RD 656;44,4033730;1,2829540
4561;202000005044;4;3;2020;11:20;1;22;22183;2;1;1;6;15 Rue de la Croix Hyava;48,1752150; -2,6024090
4562;202000005045;5;3;2020;10:25;1;31;31499;2;6;2;6;92 Avenue du Languedoc;43,5115140;1,1894950
4563;202000005046;4;3;2020;07:00;3;31;31341;1;1;2;2;Route des Platanes;43,7182310;1,3058760
4564;202000005047;4;3;2020;19:30;3;02;02775;1;1;2;1;D1044;49,7263170;3,3476870
4565;202000005048;5;3;2020;11:44;1;03;03275;2;1;3;3;Route d'Autry Issards;46,5394035;3,1856458
4566;202000005049;5;3;2020;07:15;1;70;70104;2;3;2;3;D185;47,4264470;5,8389600
4567;202000005050;3;3;2020;14:45;1;26;26289;2;9;1;3;315 Avenue Georges Coupois;44,6964400;5,1910620
4568;202000005051;4;3;2020;18:20;2;14;14278;2;3;2;3;32 Rue Saint-martin;49,1690920; -0,5766960
4569;202000005052;5;3;2020;04:38;3;64;64199;1;1;8;7;28 route du vic bilh;43,5758360; -0,1659750
4570;202000005053;5;3;2020;10:40;1;85;85047;1;1;2;6;Route de la Roche-sur-yon;46,8321600; -1,8166490
4571;202000005054;5;3;2020;18:45;1;30;30083;1;2;1;3;D979;43,7211800;4,2251440
4572;202000005055;5;3;2020;06:20;5;08;08067;2;1;2;2;74 Route Nationale;49,6256470;5,1783520
4573;202000005056;5;3;2020;07:11;2;33;33108;2;1;2;1;Rue Michel de Montaigne;44,8570500; -0,0329300
4574;202000005058;5;3;2020;09:00;1;69;69225;1;1;2;6;A 89;45,8814655;4,4341573
4575;202000005059;5;3;2020;00:30;3;971;97103;2;1;1;2;Boulevard des Armees la Jaille;16,2541790; -61,5661920
4576;202000005060;4;3;2020;19:10;5;987;98712;2;1;1;6;PK 4.5; -17,5429770; -149,5036460
4577;202000005061;4;3;2020;20:30;3;95;95008;1;1;2;2;RD 983;49,0625910;1,7728760
4578;202000005062;4;3;2020;07:30;1;06;06147;2;1;1;-1;828 Route de Levens;43,8058790;7,2686970
4579;202000005063;4;3;2020;15:10;1;08;08367;1;1;4;2;Chemin du Bochet;49,9515100;4,5248650
4580;202000005065;2;3;2020;14:55;1;69;69194;1;1;3;1;2 Avenue Ampère;45,8339460;4,7934720
4581;202000005066;5;3;2020;13:40;1;81;81138;1;1;3;7;Cante Gal;43,8221580;2,0450020
4582;202000005067;4;3;2020;09:30;1;76;76069;1;1;8;3;D7;49,3863910;1,1277710
4583;202000005068;4;3;2020;23:10;3;76;76464;1;1;2;7;D138;49,3528750;1,2634760
4584;202000005069;5;3;2020;00:50;3;60;60504;1;1;2;-1;D125;49,3428585;2,2018635
4585;202000005070;4;3;2020;11:00;1;13;13005;1;1;1;3;Sens Aubagne vers Marseille;43,2882100;5,5474700
4586;202000005071;4;3;2020;09:38;1;13;13005;1;1;1;5;A50-Sens Marseille vers Aubagne;43,2897512;5,5563328
4587;202000005073;2;3;2020;18:15;1;83;83137;1;1;1;2;A50 TUNNEL TUBE SUD;43,1213200;5,9533100
4588;202000005074;3;3;2020;20:10;3;59;59360;1;1;1;6;AUTOROUTE A25;50,6203790;3,0117990
4589;202000005075;4;3;2020;13:46;1;91;91645;1;1;1;7;RN 385 Extèrieure;48,7592400;2,2669000
4590;202000005076;4;3;2020;11:25;1;94;94038;1;1;1;2;AUTOROUTE A6A;48,7711200;2,3455300
4591;202000005077;4;3;2020;09:00;1;94;94003;1;1;1;2;AUTOROUTE A6A;48,8116800;2,3370000
4592;202000005078;4;3;2020;07:50;1;91;91363;1;1;1;2;AUTOROUTE A10;48,6589700;2,1832400
4593;202000005079;4;3;2020;09:20;1;92;92036;1;1;1;-1;A86;48,9352235;2,2662619
4594;202000005080;4;3;2020;08:40;1;78;78043;1;1;3;5;A13;48,8412970;2,1002820
4595;202000005081;4;3;2020;07:45;1;78;78524;1;1;1;3;A13;48,8399500;2,1142800
4596;202000005082;3;3;2020;20:40;3;95;95203;1;1;1;2;RD 170;48,9774000;2,2861300
4597;202000005083;3;3;2020;18:20;2;95;95582;1;1;1;4;A15;48,9699400;2,2500100
4598;202000005084;3;3;2020;13:35;1;93;93064;1;1;1;7;AUTOROUTE A86;48,8742600;2,4792100
4599;202000005085;3;3;2020;13:00;1;95;95604;1;1;1;3; A1;49,1054800;2,5513100
4600;202000005086;2;3;2020;11:30;1;92;92078;1;1;2;3;AUTOROUTE A86;48,9293205;2,3292719
4601;202000005087;1;3;2020;19:15;3;95;95277;1;1;2;6; A104;48,9722800;2,4847600
4602;202000005088;1;3;2020;12:10;1;95;95394;1;1;1;7;A115;49,0521400;2,1834000
4603;202000005089;4;3;2020;06:35;3;94;94033;1;1;1;6;A86.EXT;48,8295000;2,4842000
4604;202000005090;4;3;2020;02:50;3;77;77146;1;1;2;6;A4.Y;48,8323230;2,6603650
4605;202000005091;1;3;2020;22:10;3;77;77337;1;1;1;6;RN104;48,8290275;2,6184630
4606;202000005092;2;1;2020;12:30;1;971;97113;2;1;1;7;MONTAUBAN (SECTEUR);16,2081900; -61,4998300
4607;202000005093;2;1;2020;15:20;1;13;13210;2;3;1;1;MIREILLE LAUZE (BOULEVARD);43,2832000;5,4119300
4608;202000005094;3;3;2020;20:10;5;976;97611;2;1;1;3;m'tsapere-Nationale 2 (route); -12,8048500;45,2106000
4609;202000005095;3;3;2020;12:50;1;974;97416;2;6;1;2;PRESIDENT MITTERAND(AVENUE); -21,3471700;55,4908500
4610;202000005096;2;3;2020;06:40;1;974;97416;1;1;1;3;RN2 (2); -21,3532000;55,5104700
4611;202000005097;2;3;2020;19:30;5;974;97411;1;1;8;6;HUBERT DELISLE (AVENUE); -20,8928000;55,4829000
4612;202000005098;2;3;2020;08:50;1;974;97407;2;1;1;5;OWENS JAMES; -20,9369420;55,3234900
4613;202000005099;3;3;2020;18:00;1;973;97302;2;1;1;3;BADUEL (ROUTE DE);4,9291089; -52,2964883
4614;202000005100;3;3;2020;08:02;1;973;97302;2;1;1;3;BADUEL (ROUTE DE);4,9301564; -52,3045778
4615;202000005101;3;3;2020;21:00;5;69;69383;2;2;1;3;BONNEL (DE)                         (R );45,7621100;4,8518600
4616;202000005102;3;3;2020;11:00;1;69;69387;2;1;1;2;REPOS (DU)                          (R );45,7480584;4,8473271
4617;202000005103;3;3;2020;12:00;1;69;69199;1;2;1;3;MARCEL SEMBAT                       (R );45,7115600;4,8443300
4618;202000005105;3;3;2020;15:00;1;972;97213;2;1;1;3;NELSON MANDELA;14,6125000; -60,9979000
4619;202000005107;3;3;2020;16:45;1;972;97209;2;1;1;7;VICTOIRE EDMOND MARIETTE (RUE);14,6219000; -61,0580000
4620;202000005108;3;3;2020;18:31;2;69;69385;2;1;1;3;CHOULANS (DE)                       (CH);45,7534000;4,8190000
4621;202000005109;1;3;2020;09:30;1;69;69381;2;1;1;2;FEUILLEE DE LA                      (PT);45,7665100;4,8294200
4622;202000005110;29;2;2020;12:30;1;69;69385;2;1;1;2;JOLIOT CURIE                        (R );45,7540000;4,7767000
4623;202000005111;2;3;2020;16:50;1;971;97113;1;1;1;4;RN4 - SECTION RIVIERA;16,2177300; -61,4901000
4624;202000005112;2;3;2020;13:00;1;95;95539;2;1;1;5;LUAT  (CHEMIN  DU );49,0003191;2,3679626
4625;202000005113;3;3;2020;15:05;1;95;95051;2;1;1;6;JULES CESAR (CHAUSSEE);49,0097900;2,1960500
4626;202000005114;2;3;2020;20:50;5;95;95424;2;9;2;6;VICTOR BORDIER(BOULEVARD);48,9951916;2,1926104
4627;202000005115;16;2;2020;19:50;4;95;95210;2;1;2;6;CEINTURE (AVENUE DE);48,9698300;2,3036900
4628;202000005116;2;3;2020;14:20;1;91;91692;2;9;2;6;GUYENNE (AVENUE);48,6782000;2,1628100
4629;202000005117;21;1;2020;11:45;1;91;91645;2;6;1;6;ANTONY (RUE D');48,7474850;2,2678030
4630;202000005118;2;3;2020;07:15;2;91;91377;2;2;2;6;PARIS (RUE DE);48,7224000;2,2627000
4631;202000005119;2;3;2020;10:51;1;91;91339;2;1;2;6;ROCHES (CHEMIN DES);48,6153700;2,2455200
4632;202000005120;28;2;2020;21:10;5;87;87085;2;1;2;6;FEYTIAT (RUE DE);45,8196800;1,2855000
4633;202000005121;28;2;2020;16:14;1;87;87065;1;1;2;6;BOISSEUIL (RUE DE);45,7944900;1,2973800
4634;202000005122;1;3;2020;18:45;2;85;85194;2;1;1;6;Avenue d'Anjou;46,5015300; -1,7777100
4635;202000005124;1;3;2020;18:15;1;85;85191;1;1;1;2;D160;46,6896400; -1,3742000
4636;202000005125;28;2;2020;18:15;1;84;84007;2;1;1;6;LYON (route de );43,9528000;4,8309500
4637;202000005126;26;2;2020;12:18;1;83;83126;2;1;6;6;ESTIENNES D'ORVES (AV);43,1098552;5,8774334
4638;202000005127;22;2;2020;09:30;1;83;83126;2;1;1;6;SELON (CHEMIN DE);43,0942500;5,8594600
4639;202000005128;28;2;2020;08:56;1;80;80021;2;1;1;3;PINCEAU (RUE DU);49,8870600;2,3161600
4640;202000005129;2;3;2020;04:30;5;79;79300;2;3;3;3;Avenue Emile Zola;46,9991460; -0,2062500
4641;202000005130;29;2;2020;23:00;4;78;78335;2;1;1;3;AVENUE J.B COROT;48,9927960;1,7270440
4642;202000005132;28;2;2020;23:00;3;76;76498;2;1;2;3;VOIE RAPIDE SUD 3 (RN 338);49,4318760;1,0590277
4643;202000005133;1;3;2020;07:15;3;76;76351;2;2;2;7;D138;49,4921100;0,1236700
4644;202000005134;29;2;2020;14:20;1;76;76351;2;2;1;2;IRENE JOLIOT CURIE (RUE);49,5224000;0,1046700
4645;202000005135;21;1;2020;09:25;1;76;76351;2;2;1;6;LESUEUR (RUE);49,4928800;0,1231900
4646;202000005136;28;2;2020;12:25;1;74;74012;2;1;1;6;TOURNELLES (RUE DES);46,1955724;6,2413942
4647;202000005137;3;3;2020;17:06;1;72;72181;2;1;1;3;BOLLEE (AV) N° PAIRS 224 ET >;47,9974900;0,2289700
4648;202000005138;1;3;2020;11:39;1;69;69029;2;1;1;6;GENAS (DE)                          (RO);45,7497000;4,9128000
4649;202000005139;26;2;2020;18:00;1;69;69290;2;2;8;3;HENRI GERMAIN                       (AV);45,7084100;4,9087700
4650;202000005140;3;3;2020;14:20;1;69;69013;1;3;1;1;RN6 (CHARTONNIERE);46,0106000;4,7198000
4651;202000005141;28;2;2020;11:15;1;69;69013;1;9;8;2;RD 43 ;46,0248000;4,7061000
4652;202000005142;15;2;2020;09:35;1;69;69264;2;6;1;3;MARTINI JEAN-BAPTISTE  R;45,9826000;4,7093000
4653;202000005143;2;3;2020;09:00;1;69;69264;2;3;2;6;BERT PAUL (impasse et rue);45,9897800;4,7155100
4654;202000005144;27;1;2020;12:15;1;68;68376;2;1;1;3;REPUBLIQUE (ESPACE DE LA );47,8055300;7,3359000
4655;202000005145;28;2;2020;10:15;1;67;67482;2;1;1;6;ROME (RUE DE);48,5773269;7,7660777
4656;202000005146;26;2;2020;04:45;5;67;67043;2;1;2;6;BRUMATH (ROUTE DE);48,6173853;7,7318858
4657;202000005147;1;3;2020;19:57;5;66;66136;2;1;1;2;FRANCE LIBRE (BOULEVARD DE LA);42,7042000;2,8973200
4658;202000005148;2;3;2020;17:15;1;64;64348;2;1;2;5;ERCKMAN CHATRIAN;43,3277450; -0,3935960
4659;202000005150;28;2;2020;19:10;5;64;64335;2;1;1;6;ANDRE MARIE AMPERE;43,3175700; -0,4319000
4660;202000005151;3;3;2020;00:15;5;64;64024;2;9;2;7;BAYONNE (AVENUE DE);43,4853100; -1,5015500
4661;202000005152;29;2;2020;21:05;5;63;63113;2;2;1;3;COTTAGES (AVENUE DES);45,7649400;3,0792000
4662;202000005153;29;2;2020;20:46;5;63;63113;2;5;1;3;FLAUBERT (BD GUSTAVE);45,7641500;3,1259300
4663;202000005155;2;3;2020;20:30;5;59;59599;2;3;8;6;JUIN (RUE DU MARECHAL);50,7374142;3,1829050
4664;202000005156;3;3;2020;21:00;5;59;59512;2;2;1;3;GAND (QUAI DE);50,7057100;3,1702600
4665;202000005157;28;2;2020;20:40;5;59;59350;2;9;2;6;DE COUBERTIN PIERRE BOULEVARD;50,6477700;3,0687800
4666;202000005158;7;2;2020;10:30;1;59;59457;2;7;1;3;DE GAULLE PLACE DU GENERAL;50,6683400;2,9732200
4667;202000005159;28;2;2020;15:15;1;59;59486;2;1;2;2;BAILLON (RUE DE);50,4164000;3,1430900
4668;202000005161;29;1;2020;16:00;1;54;54184;2;1;2;6;BRIGACHTAL (AVENUE DE);48,7012150;6,2251090
4669;202000005162;4;3;2020;01:06;5;51;51454;2;2;1;3;Rue Gustave Laurent;49,2545747;4,0482399
4670;202000005163;15;2;2020;12:50;1;50;50647;2;1;1;6;EUROPE (AVENUE DE L');48,8385500; -1,5604400
4671;202000005164;2;3;2020;07:35;2;50;50129;1;1;2;3;FERRY (RUE JULES);49,6129600; -1,6505100
4672;202000005165;28;2;2020;12:25;2;50;50129;2;3;2;5;ABBAYE (RUE DE L');49,6451800; -1,6367800
4673;202000005166;29;2;2020;20:30;5;49;49328;2;6;2;3;MUSEE DU MOTEUR (ROND-POINT DU);47,2455900; -0,0812300
4674;202000005167;1;3;2020;15:55;1;49;49007;2;1;6;-1;MILLOT BOULEVARD JACQUES;47,4528100; -0,5406100
4675;202000005168;29;2;2020;18:40;2;49;49007;2;1;6;3;CHAPTAL;47,4743000; -0,5305700
4676;202000005169;28;2;2020;19:10;5;49;49007;2;1;2;3;PYRAMIDE ROUTE;47,4526500; -0,5241600
4677;202000005170;25;2;2020;13:03;1;49;49007;2;1;1;6;HUGO;47,4791268; -0,5373109
4678;202000005171;22;2;2020;02:05;3;49;49007;2;1;1;6;MONTESQUIEU PASSAGE;47,4728175; -0,5834404
4679;202000005172;3;3;2020;17:30;1;45;45147;1;9;1;2;D2060-PR97+650;47,9413900;1,9092400
4680;202000005173;3;3;2020;11:10;1;45;45169;2;1;1;6;Rue de la Justice;47,9274848;1,8404197
4681;202000005174;3;3;2020;08:30;1;45;45234;2;2;1;3;Boulevard Marie Stuart-Rue d'Ambert;47,9084990;1,9382710
4682;202000005175;28;2;2020;19:30;5;45;45232;2;3;1;3;Av de Verdun-Av R Secrétain;47,8683370;1,9122080
4683;202000005177;2;3;2020;15:40;1;45;45208;2;1;2;6;RTE FORESTIERE  DES SEPT FRERES;48,0117000;2,7485800
4684;202000005178;2;3;2020;02:45;3;45;45004;1;1;1;6;D2060 - PR 25+390;47,9928255;2,7787401
4685;202000005180;9;1;2020;13:15;1;44;44109;2;6;2;6;RUE HENRI PICHERIT;47,2525200; -1,5533300
4686;202000005182;29;2;2020;13:30;1;39;39198;2;2;6;3;Carrefour Bd Wilson / Av. de la Paix;47,0970490;5,4946950
4687;202000005183;17;9;2020;12:40;1;973;97302;2;1;1;6;RABAN (ROUTE DE);4,9345176; -52,3139763
4688;202000005185;16;9;2020;12:31;1;973;97302;2;2;1;5;CABASSOU (ROUTE DE);4,9192600; -52,3175800
4689;202000005186;17;9;2020;14:45;1;69;69386;2;2;1;3;GARIBALDI                           (R );45,7666228;4,8508897
4690;202000005187;17;9;2020;06:05;5;69;69383;2;1;1;7;VICTOR AUGAGNEUR                    (QU);45,7598104;4,8410164
4691;202000005188;16;9;2020;07:30;1;972;97209;1;3;1;3;REDOUTE (ROUTE DE LA);14,6153000; -61,0620000
4692;202000005189;17;9;2020;18:30;1;69;69384;2;3;1;3;HENON                               (R );45,7795900;4,8235600
4693;202000005190;17;9;2020;17:20;1;69;69389;2;1;1;3;PROFESSEUR GUERIN (DU)              (R );45,7654333;4,8006162
4694;202000005191;17;9;2020;10:00;1;69;69034;2;1;1;3;Rue Coste;45,7887500;4,8349900
4695;202000005192;16;9;2020;19:30;1;69;69389;2;1;1;3;DOCTEUR HORAND (DU)                 (R );45,7729200;4,8012400
4696;202000005193;17;9;2020;13:55;1;2A;2A004;2;1;1;2;CALVI  ROUTE;41,9534768;8,7839507
4697;202000005195;16;9;2020;10:40;1;95;95197;2;1;1;3;SAINT-DENIS (ROUTE);48,9653210;2,3197980
4698;202000005196;17;9;2020;19:45;1;95;95257;2;2;1;3;VILLE DE PARIS(RUE DE LA);48,9826140;2,1751730
4699;202000005199;17;9;2020;10:45;1;91;91027;2;2;7;3;CONCORDE (RUE DE LA);48,6994300;2,3618100
4700;202000005200;16;9;2020;20:06;5;87;87085;2;1;1;6;254 Avenue Maréchal de Lattre de Tassigny;45,8269701;1,2855318
4701;202000005201;15;9;2020;20:05;5;84;84007;2;3;1;3;128 (Route Nationale)-MONTFAVET;43,9407800;4,8273000
4702;202000005202;16;9;2020;08:15;1;82;82121;1;6;1;3;giratoire marc DAUTRY;44,0273000;1,3257300
4703;202000005203;14;9;2020;13:40;1;80;80021;2;1;1;3;JULES VALLES (AVENUE);49,9156800;2,2472700
4704;202000005204;16;9;2020;08:50;1;78;78396;2;3;1;3;AVENUE DE POISSY;48,9424300;2,1233300
4705;202000005205;16;9;2020;17:40;1;77;77053;2;1;1;6;JEAN JAURES (BOULEVARD) - D50;48,6926300;2,6080000
4706;202000005206;17;9;2020;21:00;5;77;77445;2;6;1;6;MENDES-FRANCE (AVENUE PIERRE) / D50;48,5949500;2,5655100
4707;202000005207;17;9;2020;08:10;1;77;77468;2;1;1;4;NOISIEL (ROUTE DE);48,8566006;2,6385748
4708;202000005208;17;9;2020;17:15;1;77;77186;1;2;1;3;RD606. de la rochette à l'obélisque;48,4811958;2,6692174
4709;202000005209;11;8;2020;17:20;1;77;77186;2;1;1;4;D606;48,4114800;2,6950900
4710;202000005210;17;9;2020;17:35;1;74;74012;2;9;1;6;COMMERCE (RUE DU);46,1941100;6,2352200
4711;202000005211;17;9;2020;18:00;1;72;72181;2;3;1;6;RUAUDIN (RUE) N° IMP 1 A 67;47,9803000;0,2165900
4712;202000005212;11;9;2020;16:00;1;69;69091;2;1;1;4;JEAN LIGONNET ( R );45,5917900;4,7703600
4713;202000005213;15;9;2020;20:35;5;67;67482;2;1;1;3;SALLUSTE (RUE);48,5840708;7,6934642
4714;202000005214;17;9;2020;07:50;1;66;66136;2;1;1;3;PYRENEES (BOULEVARD DES);42,6953500;2,8888200
4715;202000005215;10;9;2020;09:35;1;65;65286;2;1;1;6;MARANSIN (CHAUSSEE);43,0984900; -0,0455430
4716;202000005216;16;9;2020;15:18;1;64;64445;2;1;1;3;ALSACE LORRAINE D';43,3029300; -0,3623100
4717;202000005217;16;9;2020;11:40;1;64;64445;2;1;1;1;MARCA;43,2943300; -0,3772400
4718;202000005219;17;9;2020;19:20;2;59;59599;2;6;1;6;FRANCS (RUE DES);50,7181000;3,1408000
4719;202000005220;17;9;2020;14:55;1;59;59295;2;1;1;6;AVENUE DES FLANDRES;50,7314400;2,5290600
4720;202000005221;17;9;2020;01:30;3;54;54451;1;1;1;-1;route nationale 52;49,5148000;5,7490000
4721;202000005222;17;9;2020;17:30;1;45;45234;1;1;1;1;avenue Gaston Galloux;47,8625183;1,9366908
4722;202000005223;17;9;2020;15:40;1;45;45234;2;2;1;3; Rue Eugene Vignat-Boulevard Guy - Marie Riobe;47,9128590;1,9125130
4723;202000005224;13;9;2020;09:50;1;44;44109;2;1;7;3;Route de Carquefou;47,2661500; -1,5138900
4724;202000005225;17;9;2020;13:40;1;35;35281;2;1;1;6;MERMOZ (BOULEVARD JEAN);48,0936100; -1,7009400
4725;202000005226;17;9;2020;18:05;1;34;34172;2;3;1;3;CLEMENT ST;43,6163000;3,8468000
4726;202000005227;17;9;2020;08:45;1;34;34172;2;1;1;3;CROIX DE LAVIT (RUE DE LA);43,6409500;3,8375200
4727;202000005228;16;9;2020;16:48;1;31;31555;2;1;1;3;RTE DE SAINT SIMON;43,5907300;1,4176700
4728;202000005229;16;9;2020;20:56;5;30;30189;2;2;1;3;CASERNETTE (RUE);43,8305000;4,3539000
4729;202000005230;16;9;2020;17:10;1;28;28134;2;1;1;2;ARC (BD JEANNE D');48,7423800;1,3466500
4730;202000005231;16;9;2020;20:45;3;27;27375;2;1;1;-1;CHAMP DE VILLE (PLACE DU);49,2097000;1,1631000
4731;202000005232;14;9;2020;15:50;1;22;22278;2;1;1;3;HOCHE (BD);48,5052300; -2,7695600
4732;202000005233;16;9;2020;21:00;3;18;18255;1;1;1;2;N151;47,0327800;2,3130600
4733;202000005234;17;9;2020;20:20;5;17;17300;2;1;1;2;ONZE NOVEMBRE 1918   AVENUE DU;46,1734000; -1,1504900
4734;202000005235;15;9;2020;10:13;1;17;17274;1;1;1;4;D108;46,1605700; -1,0819500
4735;202000005236;17;9;2020;19:30;2;13;13209;2;1;1;7;COL DE LA GINESTE D559;43,2398000;5,4517000
4736;202000005237;17;9;2020;15:30;1;13;13205;2;2;1;3;SAKAKINI (BOULEVARD);43,2924200;5,4011800
4737;202000005238;17;9;2020;15:20;1;13;13210;2;2;1;3;RABATAU (BOULEVARD);43,2793550;5,3992380
4738;202000005240;17;9;2020;08:00;1;13;13203;2;4;1;7;GÉNÉRAL LECLERC (RUE);43,3044599;5,3759287
4739;202000005241;16;9;2020;00:00;5;13;13208;2;1;1;-1;RABATAU (BOULEVARD);43,2756410;5,3962690
4740;202000005242;17;9;2020;11:50;1;13;13005;2;9;1;3;CAMP DE SARLIER ROUTE DE GEMENOS;43,2929300;5,5896600
4741;202000005243;16;9;2020;16:25;1;13;13005;2;1;1;3;NATIONALE 8 DE PARIS A TOULON (ROUTE);43,2847500;5,5506000
4742;202000005244;17;9;2020;13:45;1;12;12145;2;6;1;3;DE GAULLE CHARLES (AVENUE);44,1163200;3,0670200
4743;202000005245;17;9;2020;06:15;5;06;06027;2;1;1;7;BIR HAKEIM RUE;43,6570000;7,1526500
4744;202000005247;15;9;2020;12:00;1;04;04070;2;3;1;3;Inter Av Cuzin / Rue Jules et Alexandre Arnoux;44,0883963;6,2316238
4745;202000005248;16;9;2020;17:00;1;03;03211;1;6;1;6;Route de l’Hermitage;46,3249625;2,5592563
4746;202000005249;16;9;2020;12:40;1;01;01289;2;2;1;6;LYON ( AVE DE) A PARTIR;46,1918500;5,2123800
4747;202000005250;17;9;2020;08:35;1;75;75116;2;1;1;4;BOULEVARD PERIPHERIQUE;48,8674120;2,2691630
4748;202000005251;16;9;2020;08:40;1;75;75113;2;1;1;2;PORTE D IVRY;48,8266350;2,3889950
4749;202000005252;17;9;2020;11:33;1;75;75116;2;2;1;6;BOULEVARD MURAT;48,8453470;2,2575470
4750;202000005253;17;9;2020;13:35;1;75;75105;2;2;1;3;RUE GAY LUSSAC;48,8460910;2,3411520