;Num_Acc;jour;mois;an;hrmn;lum;dep;com;agg;int;atm;col;adr;lat;long
4751;202000005254;17;9;2020;18:15;1;75;75119;2;1;1;2;AVENUE DE FLANDRE;48,8899340;2,3756950
4752;202000005257;17;9;2020;08:45;1;75;75117;2;1;1;7;BOULEVARD MALESHERBES;48,8849730;2,3075090
4753;202000005258;16;9;2020;12:00;1;75;75117;2;7;1;3;PLACE DU MARECHAL JUIN;48,8845800;2,2976510
4754;202000005259;17;9;2020;10:30;1;75;75116;2;2;1;2;AVENUE D IENA;48,8695480;2,2957400
4755;202000005260;15;9;2020;22:40;3;75;75116;2;3;1;2;AVENUE DE NEW YORK;48,8588160;2,2890030
4756;202000005261;17;9;2020;18:50;1;75;75115;2;1;1;7;BOULEVARD DE GRENELLE;48,8538860;2,2895620
4757;202000005262;17;9;2020;16:40;1;75;75115;2;1;1;2;RUE DESNOUETTES;48,8357900;2,2868160
4758;202000005263;16;9;2020;19:15;2;75;75115;2;1;1;6;RUE LOUIS ARMAND;48,8329840;2,2781130
4759;202000005264;16;9;2020;15:45;1;75;75114;2;2;1;6;RUE ALAIN;48,8355300;2,3154280
4760;202000005265;16;9;2020;09:40;1;75;75114;2;4;1;6;AVENUE DU MAINE;48,8340830;2,3243210
4761;202000005266;17;9;2020;17:10;1;75;75113;2;2;1;3;AVENUE D ITALIE;48,8221980;2,3585340
4762;202000005267;17;9;2020;16:15;1;75;75111;2;2;1;3;AVENUE DE LA REPUBLIQUE;48,8663480;2,3688550
4763;202000005270;17;9;2020;13:59;1;75;75108;2;7;1;3;RUE ROYALE;48,8666670;2,3220230
4764;202000005271;17;9;2020;09:50;1;75;75108;2;1;1;2;RUE JEAN MERMOZ;48,8716090;2,3120970
4765;202000005272;16;9;2020;13:15;1;75;75108;2;3;1;6;AVENUE DES CHAMPS ELYSEES;48,8714820;2,3025020
4766;202000005273;17;9;2020;11:45;1;75;75107;2;2;1;3;QUAI D ORSAY;48,8628280;2,3134610
4767;202000005274;17;9;2020;18:20;1;75;75104;2;3;1;3;BOULEVARD DE SEBASTOPOL;48,8587330;2,3483470
4768;202000005275;17;9;2020;10:00;1;75;75104;2;3;1;6;RUE SAINT ANTOINE;48,8550620;2,3616800
4769;202000005276;17;9;2020;12:20;1;94;94081;2;1;1;6;ANATOLE FRANCE (AV);48,8018400;2,4029200
4770;202000005277;17;9;2020;18:30;1;94;94068;2;3;1;6;VICTORIA (AV);48,7979260;2,4960220
4771;202000005279;16;9;2020;10:50;1;94;94041;2;2;1;3;JEAN LE GALLEU (R);48,8106100;2,3800000
4772;202000005280;17;9;2020;17:45;1;94;94028;2;1;1;5;CHOISY(ROUTE DE);48,7837400;2,4474400
4773;202000005281;17;9;2020;10:20;1;94;94001;2;2;1;3;SIMON (R);48,7254800;2,4232700
4774;202000005282;17;9;2020;08:30;1;94;94077;2;2;1;3;REPUBLIQUE (AV DE LA);48,7320900;2,4098500
4775;202000005284;17;9;2020;08:25;1;94;94053;2;2;1;1;D'ESTIENNE D'ORVES (R);48,7772680;2,5451040
4776;202000005285;16;9;2020;10:25;1;94;94019;2;1;1;3;RABELAIS (R);48,8028000;2,5524000
4777;202000005286;17;9;2020;12:40;1;94;94004;2;1;1;1;GENERAL LECLERC (AV DU);48,7562100;2,5045300
4778;202000005287;17;9;2020;16:10;1;93;93073;2;1;1;4;PETITS PONTS (ROUTE DES);48,9644300;2,5659700
4779;202000005288;17;9;2020;18:50;1;93;93059;2;1;1;6;LENINE (AVENUE) N°36 AU 120 ET N°45 AU 1;48,9606317;2,3587883
4780;202000005289;15;9;2020;21:50;5;93;93070;2;1;1;3;ALBERT-DHALENNE (RUE);48,9152205;2,3314315
4781;202000005290;17;9;2020;17:30;1;93;93066;2;2;1;3;BD ANATOLE FRANCE / BD JEAN JAURES;48,9152600;2,3377300
4782;202000005291;17;9;2020;04:20;5;93;93077;2;9;1;6;AV DU RAINCY;48,8894700;2,5112200
4783;202000005292;17;9;2020;21:25;5;93;93051;2;1;1;6;ROUGET DE LISLE;48,8417500;2,5572900
4784;202000005293;17;9;2020;15:55;1;93;93031;2;1;1;6;R DE PARIS;48,9538300;2,3110900
4785;202000005294;16;9;2020;18:10;1;93;93029;2;1;1;-1;AV HENRI BARBUSSE N°2-124;48,9183200;2,4482000
4786;202000005295;17;9;2020;05:10;5;93;93014;2;2;1;3;COTEAU (AVENUE DU);48,9145700;2,5458100
4787;202000005296;16;9;2020;23:08;5;93;93057;2;1;1;6;AV ARISTIDE BRIAND;48,9096700;2,5061100
4788;202000005297;17;9;2020;10:00;1;93;93001;2;1;1;6;DANIELLE CASANOVA (RUE)  56 =>;48,9186143;2,3921135
4789;202000005298;28;8;2020;17:00;1;92;92062;2;9;1;5;PUTEAUX (PONT DE);48,8774000;2,2440000
4790;202000005299;17;9;2020;16:15;1;92;92035;2;1;1;6;Aigle ( rue de l' );48,9096769;2,2526184
4791;202000005300;17;9;2020;15:45;1;92;92062;2;1;1;7;DELARIVIERE LEFOULLON (RUE);48,8881124;2,2426921
4792;202000005301;16;9;2020;18:55;1;92;92025;2;2;1;3;PAUL BERT (RUE);48,9273800;2,2470200
4793;202000005302;17;9;2020;11:10;1;92;92024;2;2;1;3;GENERAL LECLERC (BD DU) (9 A 59)   (4 A;48,9013219;2,3152349
4794;202000005303;10;6;2020;12:50;1;92;92004;2;1;1;3;LAURENT-CELY  ( AVENUE );48,9154700;2,3089200
4795;202000005304;17;9;2020;07:15;1;01;01381;1;1;1;6;Chemin de Camet;46,0396080;5,1320100
4796;202000005305;18;9;2020;14:35;1;62;62229;1;1;1;3;D928;50,6628530;2,1873630
4797;202000005306;15;9;2020;11:55;1;67;67061;2;1;1;6;1 Rue du 22 Novembre;48,8244357;7,4802247
4798;202000005307;17;9;2020;16:45;1;973;97353;2;1;1;3;lucien vochel;3,6442931; -54,0330577
4799;202000005308;15;8;2020;03:25;5;40;40065;2;1;1;6;Quai du Bourret;43,6539860; -1,4348420
4800;202000005309;18;9;2020;09:15;1;974;97401;2;3;1;6;Chemin Kerbel; -21,2402490;55,3334610
4801;202000005311;18;9;2020;13:42;1;63;63020;1;1;1;6;D2089;45,6908007;2,9251226
4802;202000005312;17;9;2020;08:24;2;01;01166;2;2;1;3;Route des Sorbiers;45,9915200;4,7733770
4803;202000005313;18;9;2020;08:05;1;83;83019;2;1;1;3;Route de Bénat;43,1376049;6,3505425
4804;202000005314;17;9;2020;11:35;1;50;50523;1;1;1;-1;Sainte-Mère-Église;49,3914100; -1,3044760
4805;202000005315;18;9;2020;17:20;1;62;62465;2;1;1;3;18 Rue de la Basèque;50,1856990;2,5705000
4806;202000005316;18;9;2020;17:15;1;67;67434;1;1;1;6;D8;48,9444873;7,1174096
4807;202000005317;18;9;2020;13:50;1;81;81063;2;6;1;3;Départementale 1;43,9389141;2,0779455
4808;202000005318;18;9;2020;09:20;1;42;42278;2;1;1;6;Route du Sauzet;45,7953010;3,8159760
4809;202000005319;12;9;2020;09:50;1;44;44154;2;6;1;3;39 Rue de Pornic;47,2447930; -2,1621820
4810;202000005320;18;8;2020;02:35;3;29;29215;2;4;1;6;Prat Meur;47,9780427; -4,4478377
4811;202000005321;16;9;2020;19:30;2;31;31390;2;1;1;2;Avenue du Nord;43,0879000;0,5659680
4812;202000005322;18;9;2020;18:35;1;38;38384;1;6;1;3;D154D;45,3553720;5,3359060
4813;202000005323;17;9;2020;11:40;1;38;38457;2;1;1;6;Rue des Rogations;45,3300070;5,2447840
4814;202000005325;18;9;2020;17:20;1;15;15175;1;1;1;5;D922;45,0274590;2,4495970
4815;202000005326;17;9;2020;22:00;3;01;01428;1;2;1;1;D75;46,1108350;4,8608710
4816;202000005327;17;9;2020;14:00;1;72;72006;2;1;1;6;D338;48,3981890;0,0877410
4817;202000005328;18;9;2020;09:15;1;60;60062;1;3;1;3;RD 130;49,6608080;3,0715160
4818;202000005329;17;9;2020;06:55;2;60;60641;1;1;1;3;D130;49,4723070;2,9754500
4819;202000005330;18;9;2020;00:03;3;64;64451;1;1;1;7;D202;43,3369390; -0,0574420
4820;202000005331;17;9;2020;15:57;1;43;43039;2;1;1;3;RN88;44,9457340;3,8476180
4821;202000005332;18;9;2020;09:00;1;10;10033;2;1;1;6;14 Boulevard Gambetta;48,2341310;4,7101760
4822;202000005333;17;9;2020;18:15;2;16;16393;1;1;1;7;Route de Fonciron à Coursac;45,7423110;0,1113440
4823;202000005334;10;9;2020;15:45;1;37;37281;2;2;1;3;Avenue Maginot;47,4119763;0,7990997
4824;202000005335;30;8;2020;22:55;5;08;08327;2;3;2;3;Rue Paul Vaillant Couturier;49,7044300;4,7944490
4825;202000005336;11;9;2020;11:55;1;24;24274;1;1;1;1;D107;44,7730630;0,4715650
4826;202000005337;18;9;2020;08:15;1;95;95392;2;1;1;6;4 Ruelle de la Gare;49,0776306;2,2047329
4827;202000005338;18;9;2020;10:15;1;31;31341;1;1;1;1;RD 2, PK 005.955;43,7455260;1,3074430
4828;202000005340;14;8;2020;21:45;5;976;97601;2;1;1;1;Rue Boira Soilihi; -12,7221340;45,0557560
4829;202000005341;17;9;2020;19:30;3;13;13068;2;1;1;6;57 Avenue de la Vallée des Baux;43,7204950;4,7855020
4830;202000005342;18;8;2020;07:19;1;28;28392;1;1;1;6;A10 PK 061+800 sens PROVINCE PARIS;48,2288470;1,8482780
4831;202000005343;17;9;2020;22:45;3;988;98829;1;3;1;6;RP4/VU56; -21,6353400;166,2018500
4832;202000005344;17;9;2020;22:30;5;971;97119;1;1;1;1;12 Rue de Balin;16,3696290; -61,4536890
4833;202000005345;17;9;2020;09:55;1;978;97801;2;1;1;6;rue de Hollande - Marigot;18,0721250; -63,0811090
4834;202000005346;17;9;2020;09:25;1;91;91249;1;3;1;3;D97;48,6293880;2,0668780
4835;202000005347;18;9;2020;08:00;1;78;78120;2;1;1;5;474 Rue du Chat Noir;48,6234880;1,9884500
4836;202000005348;16;9;2020;17:30;1;84;84147;1;1;1;5;chemin des plaines;43,6980070;5,4477170
4837;202000005349;17;9;2020;17:00;1;83;83143;1;1;1;1;D22;43,4539550;6,0944940
4838;202000005350;18;9;2020;15:00;1;04;04148;1;1;1;7;RD 4085;43,8151429;6,5929695
4839;202000005351;18;9;2020;17:00;1;39;39210;1;1;1;7;Route Forestière de la Vieille Fresse;46,7596820;5,9531570
4840;202000005352;18;9;2020;15:55;1;54;54364;1;1;1;5;D331;48,6006933;6,1262512
4841;202000005353;18;9;2020;12:19;1;38;38344;1;3;1;2;Roue d'Auberives;45,3924218;4,8294143
4842;202000005354;18;9;2020;19:45;2;69;69019;2;9;1;3;Rue Saint-exupéry (Belleville)/entrée parking INTERMARCHÉ;46,1042780;4,7477350
4843;202000005355;18;9;2020;08:00;2;69;69089;2;1;1;4;75 Grande Rue;45,7360920;4,7654590
4844;202000005356;17;9;2020;21:30;3;09;09150;1;1;1;7;D7;43,0557890;1,9236480
4845;202000005357;30;8;2020;07:13;2;19;19203;1;9;1;6;D940;45,1848730;1,7620180
4846;202000005358;15;9;2020;17:10;1;53;53001;1;1;1;3;D545;48,0199770; -0,8768680
4847;202000005359;17;9;2020;11:00;1;49;49332;2;3;1;3;3 Allée des Pinsons;47,0622000; -0,9351040
4848;202000005360;18;9;2020;10:55;1;22;22173;1;2;1;6;le val;48,5453500; -2,5957670
4849;202000005361;16;8;2020;05:50;3;35;35037;1;9;9;6;Le Grand Pont;48,0659760; -1,8569060
4850;202000005362;16;9;2020;13:00;1;60;60325;2;1;1;6;Rue Charles Ladame;49,3785380;2,7705420
4851;202000005364;18;9;2020;10:40;1;80;80561;2;1;1;6;12 Rue de Roye;49,6482780;2,5808000
4852;202000005365;17;9;2020;16:10;1;59;59053;1;1;1;2;D649;50,2969984;3,8203340
4853;202000005366;15;9;2020;22:10;3;59;59618;1;9;1;7;Rue de Marpent;50,3201760;4,0521100
4854;202000005367;16;9;2020;19:12;5;13;13202;2;1;1;4;Tunnel Joliette Marseille vers Aubagne;43,3066200;5,3658300
4855;202000005368;17;9;2020;09:40;1;13;13207;1;1;1;2;Tunnel Prado Carénage;43,2964870;5,3628490
4856;202000005369;17;9;2020;06:00;3;13;13071;1;1;1;7;A5502D-Sens Marseille vers A55-Martigues;43,4046300;5,3036000
4857;202000005370;12;9;2020;04:30;3;69;69297;1;9;1;4;A7   15.770 A 20.110;45,6209703;4,8132045
4858;202000005371;17;9;2020;08:10;1;67;67218;1;1;1;3;BRETELLE SORTIE;48,5471547;7,7268015
4859;202000005372;17;9;2020;19:40;1;91;91340;1;1;1;2;RN 104;48,6088900;2,4387800
4860;202000005373;17;9;2020;16:00;1;91;91340;1;1;1;2;RN 104;48,6082600;2,4455000
4861;202000005374;17;9;2020;15:55;1;94;94034;1;1;1;4;AUTOROUTE A6A;48,7442800;2,3242900
4862;202000005375;17;9;2020;15:55;1;92;92050;1;1;1;6;A86;48,9011300;2,2021270
4863;202000005376;17;9;2020;08:50;1;78;78423;1;1;1;2;RN12;48,7947600;2,0484710
4864;202000005377;17;6;2020;19:30;1;27;27065;1;1;1;6;A13;49,3196460;0,3164150
4865;202000005378;22;6;2020;07:40;1;51;51212;1;1;1;2;A26;48,7776744;4,2592645
4866;202000005380;20;6;2020;17:20;1;987;98729;1;1;1;2;PK 13+200 Pihaena; -17,5331890; -149,8386110
4867;202000005381;22;6;2020;13:50;5;974;97408;2;1;1;1;Rue Saint Louis; -20,9592755;55,3277117
4868;202000005382;21;6;2020;19:50;1;77;77168;2;2;1;3;38 Rue des Fossés - D69A;48,1768820;2,8731070
4869;202000005383;22;6;2020;16:30;1;77;77388;2;1;1;6;Rue du 8 Mai 1945 - D402;48,9635180;3,1549630
4870;202000005384;21;6;2020;14:00;1;2B;2B265;1;1;1;2;Rd82;42,5946380;9,3689350
4871;202000005385;22;6;2020;17:29;1;34;34157;2;9;1;3;51 Chemin du Ceinturon;43,4368650;3,5899170
4872;202000005386;21;6;2020;18:00;1;34;34023;2;2;1;3;Rd 2 - route de Sete;43,4434010;3,6967060
4873;202000005387;21;6;2020;14:20;1;06;06057;1;1;1;1;140 Route du Col de Nice;43,8295930;7,3506370
4874;202000005388;21;6;2020;18:20;1;13;13041;1;3;1;3;D58a;43,4453600;5,4576520
4875;202000005389;21;6;2020;17:45;1;71;71074;2;1;1;6;277 Rue Savy le Haut;46,2543035;4,7654536
4876;202000005390;19;6;2020;18:25;1;21;21370;2;1;1;3;3 Rue du Moulin;47,2764792;5,1723965
4877;202000005391;22;6;2020;11:15;1;68;68116;1;1;1;2;D83;47,9296830;7,2727720
4878;202000005392;22;6;2020;18:50;1;03;03286;2;6;1;3;;46,5252275;3,3529685
4879;202000005393;21;6;2020;02:30;3;38;38197;1;1;1;7;D517;45,7648544;5,1218416
4880;202000005394;22;6;2020;10:00;1;38;38135;1;1;1;7;Grande Rue de Lancin;45,7181700;5,4192690
4881;202000005396;21;6;2020;18:20;1;26;26004;1;2;1;3;2160 Chemin de Bramefaim;44,9838410;5,0028350
4882;202000005397;20;6;2020;17:45;1;26;26081;1;1;1;7;D68;44,8893840;5,1419450
4883;202000005399;22;6;2020;17:00;1;81;81120;1;1;1;5;N112;43,5279227;2,2923761
4884;202000005400;20;6;2020;17:30;1;31;31458;1;1;1;-1;D42;43,5078650;1,3505780
4885;202000005401;21;6;2020;13:40;1;17;17444;1;1;1;6;D6;45,6525980; -0,6527420
4886;202000005402;20;6;2020;05:15;3;44;44210;1;1;1;7;D213;47,3077100; -2,1941110
4887;202000005403;19;6;2020;12:50;1;44;44052;2;2;1;3;Avenue Vice Amiral Halgan;47,3182980; -2,0753480
4888;202000005404;17;6;2020;22:10;3;35;35004;1;1;1;6;La Gaucherais;48,4449600; -1,4110030
4889;202000005405;23;5;2020;16:53;1;35;35004;2;1;1;2;5 avenue Kleber;48,4604370; -1,4868930
4890;202000005406;22;6;2020;17:00;1;60;60462;2;1;1;2;Rue Marcel Annoepel;49,3279570;2,1952650
4891;202000005407;21;6;2020;18:05;1;13;13071;1;1;1;4;A7-Sens Lyon vers Marseille;43,4049720;5,3394210
4892;202000005408;19;6;2020;11:55;1;13;13210;1;1;1;4;A50-Sens Marseille vers Aubagne;43,2849000;5,4186000
4893;202000005409;20;6;2020;19:05;1;13;13055;1;1;1;4;A507 sens Marseille - Aubagne;43,2934540;5,4732191
4894;202000005411;19;6;2020;05:15;2;01;01249;1;1;1;2;A42     5.760 A 6.180;45,8149800;4,9582260
4895;202000005413;21;6;2020;08:00;1;91;91216;1;1;1;2;AUTOROUTE A6;48,6831730;2,3290770
4896;202000005414;20;6;2020;14:46;1;94;94038;1;1;1;4;AUTOROUTE A6A;48,7778300;2,3464400
4897;202000005415;21;6;2020;20:15;1;92;92036;1;1;2;6;AUTOROUTE A15;48,9458400;2,2837000
4898;202000005416;21;6;2020;10:10;1;77;77373;1;1;1;2;RN104;48,7915860;2,6186104
4899;202000005417;21;6;2020;10:25;1;77;77018;1;1;1;3;A4;48,8349683;2,8054598
4900;202000005418;21;6;2020;06:30;1;94;94028;1;1;1;7;A86 EXT;48,7864900;2,4403200
4901;202000005419;20;6;2020;16:45;1;93;93051;1;1;1;4;A4;48,8347944;2,5827458
4902;202000005421;20;6;2020;03:35;3;973;97302;1;1;2;6;ZONE COLLERY I OU II;4,9024923; -52,3151994
4903;202000005422;20;6;2020;06:20;1;972;97213;2;1;1;7;ROUTE DEPARTEMENTALE 3;14,6087200; -60,9972200
4904;202000005423;13;6;2020;03:20;3;972;97213;1;9;1;7;ROUTE DEPARTEMENTALE 3;14,6005000; -60,9974000
4905;202000005424;19;6;2020;15:20;1;69;69385;2;2;1;6;FAVORITE (DE LA )                   (R );45,7574400;4,8110500
4906;202000005425;20;6;2020;17:40;1;2B;2B120;2;1;1;-1;LAGUNE (Route de la) D107;42,6433400;9,4568100
4907;202000005426;20;6;2020;11:25;1;971;97120;2;9;8;3;MORNE NININE;16,2221600; -61,5266400
4908;202000005427;20;6;2020;17:00;1;91;91174;2;6;1;2;MAINTENANT(RUE PAUL);48,6110900;2,4532800
4909;202000005428;27;6;2020;00:15;5;91;91103;2;9;1;3;COMMUNE DE PARIS (RUE DE LA);48,5955000;2,3035000
4910;202000005429;18;6;2020;18:33;1;83;83129;2;1;1;2;DE GAULLE (PROMENADE CHARLES);43,1097900;5,8129300
4911;202000005430;20;6;2020;18:25;1;81;81163;2;3;1;3;REILLE (COURS RENE);43,4902000;2,3752900
4912;202000005431;20;6;2020;02:52;4;73;73008;2;3;1;3;MARLIOZ AVENUE DE;45,6794564;5,9104639
4913;202000005432;20;6;2020;18:50;1;59;59346;2;2;1;3;TOURNAI BOULEVARD DE;50,6134700;3,1246800
4914;202000005433;20;6;2020;20:15;1;51;51454;2;1;1;3;32 Rue Paul Vaillant Couturier;49,2665820;4,0245419
4915;202000005434;20;6;2020;09:40;1;51;51454;2;1;1;-1;Rue de Neufchatel;49,2717152;4,0263394
4916;202000005435;20;6;2020;06:40;1;50;50532;1;9;1;3;D973;48,8201700; -1,5518600
4917;202000005436;24;6;2020;18:15;1;44;44125;1;1;1;3;Avenue Louis Clément;47,3676190; -2,5377850
4918;202000005437;20;6;2020;17:47;1;35;35238;2;1;1;3;4 Rue Victor Rault;48,0922270; -1,6909760
4919;202000005438;20;6;2020;03:20;4;35;35281;2;1;1;3;3 Rue du Haut-bois;48,0784000; -1,7140000
4920;202000005439;20;6;2020;17:00;1;33;33200;2;1;1;2;RUE TOUSSAINT CATROS;44,8599500; -0,6958300
4921;202000005440;17;6;2020;19:50;1;33;33039;2;2;1;3;AVE LENINE / RUE DILLY;44,7968967; -0,5559626
4922;202000005441;19;6;2020;16:05;1;26;26198;2;6;1;3;rond point de la Légion d'Honneur ;44,5559900;4,7487500
4923;202000005442;19;6;2020;17:45;1;26;26198;1;1;1;4;32 Allée Hispano Suiza;44,5373800;4,7295200
4924;202000005443;19;6;2020;12:15;1;26;26198;2;1;1;2;208 Route de Marseille;44,5332800;4,7459500
4925;202000005444;20;6;2020;11:45;1;17;17415;1;1;1;4;RN 141;45,7323300; -0,6140900
4926;202000005446;21;6;2020;01:25;5;13;13213;2;1;1;6;CHEMIN DU MERLAN A LA ROSE ;43,3304340;5,4122294
4927;202000005447;20;6;2020;18:30;1;13;13208;2;9;1;7;PRADO (AVENUE DU);43,2700210;5,3870820
4928;202000005448;20;6;2020;07:25;1;13;13210;2;1;1;2;PIERRE DOIZE  (RUE);43,2741850;5,4268513
4929;202000005449;20;6;2020;05:30;2;13;13213;2;1;1;6;JEAN PAUL SARTRE (AVENUE);43,3265000;5,4253000
4930;202000005450;20;6;2020;12:55;1;11;11069;2;2;1;1;MOULIN JEAN -AVENUE-;43,2088000;2,3774500
4931;202000005451;20;6;2020;19:41;1;10;10387;2;2;1;3;FRANCOIS SERQUEIL (RUE);48,3073900;4,0819600
4932;202000005452;20;6;2020;09:36;1;06;06088;2;1;1;6;AVENUE MARTIN LUTHER KING / BOULEVARD PAUL MONTEL;43,6754930;7,2067590
4933;202000005453;20;6;2020;06:50;1;06;06088;2;1;1;2;ANGLAIS (DU N° 45 AU N° 112);43,6925300;7,2512900
4934;202000005454;20;5;2020;11:25;1;06;06104;2;3;1;6;MOULIN (RUE DU);43,7650000;7,4812000
4935;202000005455;20;6;2020;00:09;4;03;03101;1;1;1;7;;46,3583378;2,5531322
4936;202000005456;20;6;2020;20:25;1;75;75118;2;1;1;2;PORTE DE LA CHAPELLE;48,9007440;2,3616040
4937;202000005457;20;6;2020;07:15;1;75;75120;2;1;1;6;AVENUE CARTELLIER;48,8637310;2,4138980
4938;202000005458;20;6;2020;16:14;1;75;75119;2;2;1;3;AVENUE SIMON BOLIVAR;48,8812600;2,3732460
4939;202000005459;19;6;2020;13:25;1;75;75117;2;2;1;6;RUE DE TOCQUEVILLE;48,8878670;2,3070230
4940;202000005460;20;6;2020;23:00;5;75;75116;2;7;1;3;PLACE DU DOCTEUR HAYEM;48,8527680;2,2758670
4941;202000005461;20;6;2020;15:20;1;75;75112;2;1;1;3;RUE DU FAUBOURG SAINT ANTOINE;48,8487040;2,3937270
4942;202000005463;19;6;2020;13:35;1;75;75111;2;2;1;3;BOULEVARD DES FILLES DU CALVAIRE;48,8624740;2,3668910
4943;202000005464;20;6;2020;10:20;1;75;75110;2;3;1;6;COUR DE LA FERME SAINT LAZARE;48,8761820;2,3560470
4944;202000005465;20;6;2020;15:13;1;75;75104;2;7;1;5;PLACE DE LA BASTILLE;48,8535680;2,3690410
4945;202000005466;20;6;2020;15:50;1;94;94028;2;9;1;3;CHOISY(ROUTE DE);48,7766900;2,4413100
4946;202000005467;19;6;2020;23:09;5;94;94022;2;1;1;2;ANATOLE FRANCE (AV);48,7624100;2,4108800
4947;202000005468;20;6;2020;14:00;1;94;94002;2;3;1;3;VILLENEUVE ST GEORGES (CHE DE);48,7790000;2,4285000
4948;202000005469;19;6;2020;17:00;1;93;93078;2;6;2;3;NATIONS (AVENUE DES);48,9743130;2,5090317
4949;202000005470;20;6;2020;18:40;1;93;93070;2;1;1;1;BD VICTOR-HUGO;48,9051500;2,3226700
4950;202000005471;31;1;2020;23:20;4;95;95572;1;1;1;6;AUTOROUTE A15;49,0314700;2,1187700
4951;202000005472;20;6;2020;08:45;1;93;93050;2;2;1;3;R PAUL VAILLANT COUTURIER / AV MASSENET;48,8724293;2,5536759
4952;202000005474;1;2;2020;18:31;3;77;77294;1;1;2;2;A104;48,9559122;2,6264859
4953;202000005475;30;1;2020;16:45;1;92;92049;2;2;2;3;BROSSOLETTE AVENUE PIERRE/ VERDIER AVENUE N°26 A 68;48,8162840;2,3059870
4954;202000005476;20;6;2020;03:00;5;93;93050;2;1;1;6;R PAUL ET CAMILLE THOMOUX;48,8700052;2,5287640
4955;202000005477;31;1;2020;01:30;3;974;97416;1;1;1;6;RN2 (2); -21,3538000;55,5109300
4956;202000005478;20;6;2020;18:20;1;92;92072;2;3;1;3;GRANDE RUE;48,8263800;2,2192400
4957;202000005479;29;1;2020;16:00;1;974;97407;2;4;8;5;CARPAYE(AVENUE); -20,9437100;55,2974300
4958;202000005480;20;6;2020;09:50;1;2A;2A189;1;3;1;3;Bains de Baracci (Source);41,6881639;8,9314285
4959;202000005481;30;1;2020;21:10;5;973;97302;2;1;2;3;ESTREES (AVENUE D');4,9402041; -52,3258316
4960;202000005482;20;6;2020;14:10;1;83;83058;1;1;1;6;Chemin des Imberts;43,5255610;6,3388700
4961;202000005483;31;1;2020;14:30;1;69;69383;1;1;8;3;PROFESSEUR FLORENCE (DU)            (R );45,7455407;4,8795790
4962;202000005484;21;6;2020;01:10;4;86;86279;1;1;1;6;D1;46,9176940;0,5787380
4963;202000005485;31;1;2020;12:30;1;69;69386;2;1;1;6;FRANKLIN ROOSEVELT                  (CO);45,7686800;4,8437100
4964;202000005486;21;6;2020;01:45;3;01;01379;1;1;1;6;Rue de la Scierie;45,9648400;5,2746550
4965;202000005488;21;6;2020;02:15;5;49;49355;2;3;1;6;Rue des Mauges;47,1210160; -0,7895350
4966;202000005489;27;1;2020;18:42;4;972;97213;1;1;1;3;AUTOROUTE A1;14,6563600; -60,9723100
4967;202000005491;31;1;2020;17:00;1;69;69152;2;2;1;1;MURIERS (DES)                       (CH);45,6948749;4,8213098
4968;202000005493;20;6;2020;16:50;1;81;81174;1;1;1;6;D631;43,7750680;2,0774780
4969;202000005494;21;6;2020;11:40;1;68;68044;1;1;1;7;D148 PK 004+700;48,1387570;7,0631200
4970;202000005496;20;6;2020;23:45;3;974;97405;1;1;1;6;60 Route de Grande Anse; -21,3674880;55,5477120
4971;202000005497;29;1;2020;08:05;2;95;95598;2;2;1;3;AVENUE AMELIE;48,9786900;2,2990900
4972;202000005498;20;6;2020;17:30;1;972;97212;1;1;1;1;Courbaril;14,7129400; -61,0253300
4973;202000005499;31;1;2020;15:25;1;95;95500;2;1;1;3;VERDUN (AVENUE DE);49,0389229;2,0882177
4974;202000005500;21;6;2020;11:55;1;972;97220;1;1;1;6;D18;14,5240590; -60,8792780
4975;202000005501;30;1;2020;19:45;5;91;91223;2;1;2;6;REPUBLIQUE (RUE DE LA);48,4378600;2,1639000
4976;202000005502;21;6;2020;16:30;1;63;63248;1;1;1;6;D942;45,7331450;2,9159050
4977;202000005503;30;1;2020;22:41;5;87;87085;2;3;2;6;CHURCHILL WINSTON (PLACE);45,8319700;1,2510000
4978;202000005504;20;6;2020;16:30;1;54;54069;2;1;1;5;D906;49,3839230;5,9147860
4979;202000005505;30;1;2020;22:00;5;87;87085;2;1;2;3;LECLERC (AVENUE DU GENERAL);45,8460100;1,2606600
4980;202000005506;20;6;2020;20:10;1;62;62506;2;1;1;3;Rue de la Bergere;50,8183810;1,9269850
4981;202000005507;30;1;2020;18:30;1;87;87114;1;1;2;6;PUY MOULINIER - LIEU DIT;45,8552800;1,3220700
4982;202000005508;30;1;2020;17:01;1;87;87085;1;1;2;-1;AUTOROUTE A20;45,8488500;1,2763600
4983;202000005509;16;6;2020;14:30;1;83;83092;2;1;1;4;D97;43,3028120;6,2375900
4984;202000005510;29;1;2020;12:35;1;87;87085;2;3;2;3;AUZETTE (RUE D');45,8233000;1,2695200
4985;202000005511;20;6;2020;22:50;3;83;83116;1;9;1;7;2539 Chemin du Moulin;43,4706820;5,8911070
4986;202000005512;29;1;2020;16:10;1;84;84087;2;1;1;6;EUROPE (AVENUE DE L');44,1249100;4,8403900
4987;202000005513;31;1;2020;16:30;1;83;83137;2;1;7;6;JONQUET (CHEMIN / PONT DU);43,1409000;5,9109000
4988;202000005514;20;6;2020;18:50;1;74;74256;2;2;1;-1;134 Avenue de Geneve;45,9378570;6,6306670
4989;202000005515;30;1;2020;18:50;5;83;83050;2;3;1;3;MURAIRE(BOULEVARD COMTE);43,5334230;6,4682280