;Num_Acc;jour;mois;an;hrmn;lum;dep;com;agg;int;atm;col;adr;lat;long
5229;202000005784;21;7;2020;17:35;1;69;69266;2;1;2;3;ROGER SALENGRO     (Avenue);45,7794300;4,8815800
5230;202000005785;20;7;2020;07:20;1;69;69115;2;1;1;-1;GRANGE ROLLIN (rue de la);45,9728200;4,7223600
5231;202000005786;18;7;2020;14:00;1;67;67482;2;2;1;3;ROMAINS (ROUTE DES);48,5795440;7,7156357
5232;202000005788;21;7;2020;11:47;1;64;64348;1;1;1;2;CHARLES DE GAULLE;43,3116500; -0,4137400
5233;202000005789;21;7;2020;10:30;1;64;64445;2;1;1;7;PAIX;43,3184900; -0,3450000
5234;202000005790;20;7;2020;18:00;1;64;64269;1;1;1;7;TARBES DE;43,3011200; -0,3138100
5235;202000005791;21;7;2020;14:55;1;64;64102;2;1;1;2;DUVERGIER DE HAURANNE (AVENUE);43,4859700; -1,4661300
5236;202000005792;21;7;2020;09:15;1;64;64024;2;7;1;6;GENERAL LECLERC (PLACE DU);43,4949700; -1,5295300
5237;202000005793;20;7;2020;15:32;1;63;63164;2;3;1;2;MITTERRAND ( Avenue François);45,8367400;3,1582400
5238;202000005794;20;7;2020;16:30;1;62;62178;2;1;1;7;EVRARD ( FLORENT );50,4856270;2,5465540
5239;202000005795;20;7;2020;14:20;1;62;62400;2;2;1;3;PREMIER MAI ( DU );50,4721477;2,5775383
5240;202000005796;21;7;2020;19:20;1;59;59599;2;3;1;1;LILLE (RUE DE);50,7224700;3,1533540
5241;202000005797;21;7;2020;16:30;1;59;59128;2;9;1;5;POINCARE RUE;50,6457630;2,9624301
5242;202000005798;21;7;2020;21:25;1;54;54300;2;7;1;1;PATTON (RUE DU GENERAL);48,6563200;6,2312800
5243;202000005799;21;7;2020;14:40;1;51;51573;2;6;1;1;Avenue du 29 Août 1944;49,2473844;3,9991922
5244;202000005800;21;7;2020;17:15;1;50;50002;1;9;1;6;RN 174 (2X2) Rocreuil-sortie Agneaux;49,1108900; -1,1389000
5245;202000005801;21;7;2020;21:30;1;50;50218;2;1;1;6;PLAT GOUSSET (PROMENADE);48,8430650; -1,5939520
5246;202000005803;18;7;2020;18:09;1;49;49007;2;1;1;2;ROI RENE BOULEVARD;47,4668200; -0,5546400
5247;202000005804;17;7;2020;14:21;1;49;49267;2;1;1;2;Route d'ANGERS;47,4668900; -0,4963400
5248;202000005805;20;7;2020;19:43;1;48;48095;1;1;1;7;route du Puy;44,5309600;3,5257000
5249;202000005806;21;7;2020;19:10;1;45;45234;2;6;1;3;rond point de la tangentielle;47,9243000;1,9412000
5250;202000005807;11;7;2020;19:50;1;44;44184;2;3;1;3;Avenue de Penhoet;47,2898500; -2,1934900
5251;202000005808;20;7;2020;17:15;1;44;44109;2;1;1;6;Boulevard Emile Romanet;47,2102400; -1,6037300
5252;202000005809;21;7;2020;19:15;1;37;37261;2;2;1;7;ROND POINT JEAN LE RESTE;47,4036257;0,7240247
5253;202000005810;21;7;2020;17:20;1;37;37261;2;6;1;-1;EIFFEL (AVENUE GUSTAVE);47,4317587;0,6975205
5254;202000005811;20;7;2020;19:12;1;37;37122;2;1;1;4;RD 37;47,3622009;0,6475578
5255;202000005812;21;7;2020;08:00;1;37;37261;2;6;1;7;SAINT-SAUVEUR (ROND POINT);47,3737970;0,6784434
5256;202000005813;21;7;2020;21:45;2;35;35278;1;1;1;6;Les Buinado;48,1431000; -1,6713000
5257;202000005814;21;7;2020;20:35;2;35;35051;2;6;1;3;RENNES (RUE DE);48,1143000; -1,6152000
5258;202000005815;21;7;2020;19:25;1;35;35238;2;6;1;3;CHATEAU (AVENUE FRANCOIS);48,1115300; -1,6461100
5259;202000005816;20;7;2020;19:00;1;33;33063;2;2;1;3;RUE MONTGOLFIER / RUE FRERE;44,8531600; -0,5766900
5260;202000005817;11;7;2020;02:00;3;33;33162;2;1;1;6;AVE JEAN MERMOZ;44,8619400; -0,6660200
5261;202000005818;21;7;2020;06:03;2;31;31555;2;1;1;3;217 Route d'Albi;43,6430790;1,4677160
5262;202000005819;21;7;2020;23:40;5;29;29232;2;9;1;6;Rue de la Deesse;47,9935112; -4,1048760
5263;202000005820;21;7;2020;14:07;1;27;27681;2;1;1;2;AZEMIA (BOULEVARD GEORGES);49,0791900;1,4880900
5264;202000005821;20;7;2020;11:10;1;27;27229;2;2;1;3;NEUBOURG (RUE DU);49,0339930;1,1293090
5265;202000005822;21;7;2020;13:40;1;26;26281;2;4;1;1;78 bis Avenue Château Fleury;45,0411300;5,0755000
5266;202000005823;7;7;2020;09:40;1;22;22113;2;6;1;2;MENDES FRANCE (BOULEVARD);48,7220622; -3,4817255
5267;202000005824;21;7;2020;18:15;1;17;17300;2;1;1;6;DEMEOCQ   RUE JEAN;46,1523201; -1,1423636
5268;202000005825;20;7;2020;16:50;1;17;17028;2;1;1;3;RENAN   RUE ERNEST;46,1290359; -1,1189449
5269;202000005826;21;7;2020;18:55;1;14;14333;2;6;1;7;CARNOT (ROND POINT);49,4178043;0,2401757
5270;202000005827;21;7;2020;19:20;1;06;06088;2;9;1;4;TURIN (RTE DE);43,7089722;7,2842967
5271;202000005828;21;7;2020;12:45;1;06;06069;2;1;1;3;ROUQUIER (BOULEVARD EMMANUEL);43,6300000;6,9400000
5272;202000005830;18;7;2020;01:36;5;03;03094;2;1;1;6;Rue de l'Industrie;46,1556210;3,4107318
5273;202000005831;21;7;2020;12:42;1;75;75113;2;1;1;2;BOULEVARD PERIPHERIQUE;48,8215800;2,3791310
5274;202000005833;21;7;2020;20:15;1;75;75119;2;7;1;3;PLACE DE LA BATAILLE DE STALINGRAD;48,8832870;2,3693530
5275;202000005834;20;7;2020;19:00;1;75;75116;2;1;1;3;AVENUE D IENA;48,8666110;2,2950270
5276;202000005835;21;7;2020;19:35;1;75;75113;2;1;1;6;RUE RAYMOND ARON;48,8352830;2,3747090
5277;202000005837;20;7;2020;22:25;5;75;75111;2;5;1;3;BOULEVARD VOLTAIRE;48,8504010;2,3925060
5278;202000005838;7;10;2020;19:15;2;75;75110;2;1;1;3;QUAI DE JEMMAPES;48,8709430;2,3660480
5279;202000005839;21;7;2020;22:30;5;75;75108;2;7;1;3;PLACE DE LA CONCORDE;48,8666530;2,3220160
5280;202000005840;21;7;2020;14:32;1;75;75108;2;2;1;3;BOULEVARD MALESHERBES;48,8737800;2,3206370
5281;202000005842;15;7;2020;18:25;2;75;75104;2;1;1;3;RUE SAINT ANTOINE;48,8550060;2,3613510
5282;202000005843;21;7;2020;11:26;1;75;75104;2;3;1;7;RUE SAINT ANTOINE;48,8534200;2,3671910
5283;202000005844;21;7;2020;10:10;1;94;94068;2;2;1;1;BAC (AV DU);48,7970620;2,5048780
5284;202000005845;21;7;2020;09:50;1;94;94068;2;5;1;3;BAC (AV DU);48,7963400;2,5067300
5285;202000005847;21;7;2020;21:40;2;94;94022;2;9;1;2;JEAN JAURES (R);48,7654000;2,4085000
5286;202000005848;21;7;2020;18:30;1;94;94054;2;3;1;6;PAUL VAILLANT COUTURIER (R);48,7444000;2,4009000
5287;202000005849;21;7;2020;06:50;1;94;94022;2;1;7;6;JEAN JAURES (R);48,7643000;2,4059000
5288;202000005850;21;7;2020;18:30;1;94;94019;2;9;1;1;CROIX SAINT VINCENT (CHE DE LA);48,8009300;2,5278700
5289;202000005851;21;7;2020;07:05;2;94;94017;2;6;1;3;SONIA DE LAUNAY (VOI);48,8117200;2,5364900
5290;202000005852;20;7;2020;08:15;1;94;94017;2;1;1;6;PLESSIS TREVISE (R DU);48,8043500;2,5531200
5291;202000005854;21;7;2020;14:57;1;93;93078;2;2;1;-1;DE GAULLE (AVENUE CHARLES);48,9582100;2,5585500
5292;202000005855;21;7;2020;17:49;1;93;93070;2;1;1;3;JEAN-JAURES (BD);48,9134547;2,3356653
5293;202000005856;21;7;2020;21:10;1;93;93066;2;1;1;6;LIBERATION RD14 (BOULEVARD);48,9280747;2,3413216
5294;202000005857;21;7;2020;09:10;1;93;93077;2;3;1;3;GALLIENI (AVENUE DU GENERAL);48,8918915;2,5058543
5295;202000005858;21;7;2020;17:40;1;93;93048;2;1;1;3;PASTEUR S3 (AVENUE);48,8662720;2,4361747
5296;202000005859;21;7;2020;17:19;1;93;93046;2;1;1;6;AV DU PDT FITZGERALD KENNEDY;48,9152130;2,5341090
5297;202000005860;21;7;2020;07:00;2;93;93010;2;2;1;5;GUESDES (RUE JULES);48,9036627;2,4770432
5298;202000005861;21;7;2020;19:30;2;93;93071;2;5;1;6;STALINGRAD (BOULEVARD DE);48,9353000;2,5341000
5299;202000005862;21;7;2020;22:53;5;92;92075;2;1;1;3;JEAN BLEUZEN;48,8230069;2,2957698
5300;202000005863;15;7;2020;21:00;2;92;92050;2;3;1;7;STALINGRAD RUE DE;48,8937599;2,1966369
5301;202000005864;21;7;2020;12:17;1;92;92049;2;1;1;3;BRIAND AVENUE ARISTIDE AUTRES N°;48,8111742;2,3263979
5302;202000005865;20;7;2020;22:35;5;92;92049;2;1;1;7;DARDAN RUE GERMAIN;48,8122072;2,3028454
5303;202000005866;21;7;2020;14:30;1;92;92040;2;9;1;2;GALLIENI (BOULEVARD);48,8279579;2,2675277
5304;202000005867;21;7;2020;19:40;1;92;92024;2;2;1;6;HENRI BARBUSSE (RUE) DE (1 A 73)   (2 A;48,9000100;2,3062100
5305;202000005868;21;7;2020;09:10;1;17;17245;2;1;7;-1;30 Grande Rue;46,1556120; -1,0120140
5306;202000005869;22;7;2020;09:15;1;84;84142;1;1;1;5;D31;43,9597970;5,0265510
5307;202000005870;22;7;2020;08:50;1;71;71047;2;2;1;3;Rue du Musée;46,6216670;3,7675298
5308;202000005871;22;7;2020;17:00;1;31;31273;2;1;1;3;54 Route de Saint-pierre;43,6999161;1,5065455
5309;202000005872;20;7;2020;10:20;1;84;84094;1;1;1;1;D71;44,2787990;5,1401050
5310;202000005873;21;7;2020;22:25;2;63;63264;1;1;1;7;D983;45,6230650;2,8228180
5311;202000005874;21;7;2020;18:04;1;57;57224;1;1;7;2;38 Rue de Metz;49,0619760;6,6754120
5312;202000005875;19;7;2020;11:16;1;01;01194;2;3;1;3;Rue du Beaujolais;45,9855900;4,7543980
5313;202000005876;22;7;2020;12:55;1;06;06130;1;1;1;6;D6085;43,7179600;6,8354090
5314;202000005877;21;7;2020;17:00;1;58;58086;2;2;1;3;Rue du Ponceau;47,4117390;2,9271540
5315;202000005878;21;7;2020;07:00;1;59;59016;2;2;1;3;rue du nord;50,9653530;2,3464230
5316;202000005879;15;7;2020;16:00;1;974;97413;2;1;1;3;Rue du General de Gaulle; -21,1580990;55,2852680
5317;202000005880;22;7;2020;17:00;1;30;30202;1;1;1;6;D343;44,2572410;4,6253730
5318;202000005881;22;7;2020;20:00;1;62;62430;1;1;1;7;D6;50,1530670;2,5255040
5319;202000005882;21;7;2020;20:30;2;56;56248;1;2;7;3;Grand Coëdigo;47,5708220; -2,6010130
5320;202000005883;21;7;2020;10:35;1;56;56184;2;6;1;6;rue des acacias;47,6681510; -2,4503210
5321;202000005884;21;7;2020;09:25;1;56;56123;1;1;1;7;La Chaussée;47,6677570; -2,2995110
5322;202000005885;21;7;2020;06:40;1;76;76463;1;1;1;6;D1;49,4263560;1,6885470
5323;202000005887;22;7;2020;09:50;1;2B;2B343;2;1;1;4;7 Arena Soprana;42,4980940;9,4683160
5324;202000005888;18;7;2020;18:35;1;80;80649;1;1;1;7;D940;50,3440230;1,6450520
5325;202000005889;21;7;2020;18:30;1;82;82154;1;3;1;3;Lieu Dit Haut Castels;44,2307290;1,1374820
5326;202000005890;22;7;2020;12:26;1;33;33437;1;1;1;5;D936;44,8550400; -0,0899290
5327;202000005891;1;7;2020;16:00;1;61;61153;1;2;1;3;Zone d’Activite Actival d’Orne;48,7277140; -0,0524780
5328;202000005892;21;7;2020;18:00;1;49;49135;1;2;7;3;Rue d'Epinard;47,5624970; -0,5854080
5329;202000005893;21;7;2020;11:45;1;49;49378;1;6;1;6;D767;47,3081638; -0,0310587
5330;202000005896;21;7;2020;09:44;1;84;84020;1;1;1;6;D36;43,8145720;5,3285620
5331;202000005897;22;7;2020;16:41;1;01;01113;1;2;3;3;D26;46,1777580;5,0731460
5332;202000005898;21;7;2020;14:25;1;50;50417;1;1;1;6;D902;49,5894110; -1,3163320
5333;202000005899;22;7;2020;09:40;1;83;83095;1;1;1;7;RD560;43,5558650;6,1167560
5334;202000005900;22;7;2020;07:30;1;60;60485;1;2;1;1;intersection d11 et d930;49,6126560;2,1708300
5335;202000005901;22;7;2020;11:30;1;18;18110;1;1;1;6;D199;47,2616630;2,9382370
5336;202000005902;21;7;2020;17:10;1;07;07010;2;1;1;2;27 Rue du Quebec;45,2498840;4,6804520
5337;202000005903;22;7;2020;18:30;1;53;53126;1;2;1;3;La paisière;48,3648030; -0,9723440
5338;202000005904;21;7;2020;20:20;1;53;53039;1;1;1;7;D30;48,1561090; -0,9593300
5339;202000005906;19;7;2020;04:15;3;17;17253;1;1;1;6;D911;46,0262600; -0,8359270
5340;202000005907;19;7;2020;06:10;3;24;24126;1;1;1;7;Planque;44,8012810;0,5182350
5341;202000005908;21;7;2020;20:55;3;973;97307;2;1;1;6;Rue du Champ de Canne;4,8884620; -52,3181930
5342;202000005909;21;7;2020;14:15;1;65;65062;1;1;1;2;A64;43,2085710;0,1362870
5343;202000005910;21;7;2020;13:10;1;74;74264;2;1;1;2;114 Avenue du Mont Blanc;46,0563030;6,5670110
5344;202000005911;18;7;2020;23:00;5;976;97612;2;1;1;4;Impasse Stade; -12,6894530;45,0749300
5345;202000005912;22;7;2020;10:25;1;69;69044;2;1;1;2;2 Route de Sain-bel;45,7757320;4,7342870
5346;202000005913;26;2;2020;14:45;1;21;21173;1;1;1;2;A31;47,0433777;4,8893795
5347;202000005914;12;7;2020;16:30;1;971;97125;2;2;1;3;N4;16,2561410; -61,2897150
5348;202000005915;21;7;2020;18:25;1;34;34135;1;1;1;7;cd 609;43,3007730;3,1536180
5349;202000005917;21;7;2020;17:00;1;69;69190;2;1;1;3;Rue Marcel Mérieux;45,7682110;4,6992300
5350;202000005918;21;7;2020;12:00;1;81;81099;2;1;1;6;Rue Saint-jean;43,9023840;1,8914590
5351;202000005920;21;7;2020;13:20;1;16;16018;2;1;1;2;5 Chaussée de Gimeux;45,6428730; -0,3833760
5352;202000005921;21;7;2020;15:00;1;13;13028;1;1;1;2;A50-Sens Aubagne vers Toulon;43,2050448;5,5902389
5353;202000005922;21;7;2020;13:15;1;13;13005;1;1;1;7;A50-Sens Marseille vers Aubagne;43,2885670;5,5606820
5354;202000005923;20;7;2020;19:45;1;13;13055;1;1;1;5;A507 sens Marseille - Aubagne;43,3299700;5,3966580
5355;202000005924;20;7;2020;17:01;1;83;83137;1;1;1;5;A50;43,1265500;5,8913100
5356;202000005925;20;7;2020;23:12;3;69;69272;1;1;1;-1;A46S   57.400 A 61.010;45,5941400;4,8471800
5357;202000005926;21;7;2020;18:45;1;92;92050;1;1;1;2;A86;48,9088703;2,2144267
5358;202000005928;21;7;2020;21:20;2;93;93053;1;1;1;3;AUTOROUTE A3;48,8834300;2,4585600
5359;202000005929;21;7;2020;17:30;1;93;93063;1;1;1;7;AUTOROUTE A3;48,8794400;2,4494700
5360;202000005930;21;7;2020;07:55;1;93;93066;1;1;1;3;AUTOROUTE A1;48,9338000;2,3806900
5361;202000005931;21;7;2020;07:25;1;94;94017;1;1;1;3;A4;48,8296743;2,4982711
5362;202000005932;21;7;2020;07:15;1;77;77169;1;1;1;2;RN104.INT;48,8124700;2,6287800
5363;202000005933;20;7;2020;18:30;1;77;77337;1;1;1;3;A4;48,8303864;2,6112166
5364;202000005935;20;7;2020;22:55;5;69;69387;2;2;1;3;JEAN JAURES                         (AV);45,7481800;4,8436800
5365;202000005936;20;7;2020;16:50;1;69;69388;2;1;1;6;ETATS UNIS (DES)                    (BD);45,7261000;4,8700000
5366;202000005937;20;7;2020;13:50;1;69;69259;2;3;1;-1;FRANCIS DE PRESSENSE                (AV);45,7158800;4,8714400
5367;202000005938;20;7;2020;11:50;1;69;69383;2;1;1;2;LAFAYETTE                           (CO);45,7635900;4,8502100
5368;202000005939;20;7;2020;19:09;1;2A;2A004;2;3;1;3;MARECHAL JUIN AVENUE;41,9341287;8,7506722
5369;202000005940;19;7;2020;15:43;1;95;95539;2;1;1;1;Avenue Jean Moulin;48,9947000;2,3653000
5370;202000005941;18;7;2020;12:17;1;91;91477;2;2;1;3;VALLEE (CHEMIN DE LA);48,7238800;2,2383200
5371;202000005942;20;7;2020;17:50;1;91;91377;2;1;1;6;PREMIER MAI (BOULEVARD DU);48,7335000;2,2623000
5372;202000005943;16;7;2020;09:52;1;91;91552;2;3;1;3;ALLENDE SALVADOR (AVENUE);48,5911700;2,2579400
5373;202000005944;13;7;2020;10:00;1;91;91425;2;2;1;5;ORLEANS (ROUTE D');48,6340800;2,2661100
5374;202000005945;20;7;2020;01:10;5;83;83137;2;5;1;3;BLACHE (PLACE NOEL);43,1241000;5,9363000
5375;202000005946;20;7;2020;08:15;1;83;83069;2;1;1;1;DECUGIS (AVENUE ALFRED);43,1149774;6,1554819
5376;202000005947;19;7;2020;22:20;2;76;76231;2;1;1;4;RN 840 (ROUTE DU NEUBOURG);49,2786690;1,0059340
5377;202000005948;17;7;2020;16:30;1;76;76705;1;6;1;7;PICARD. AVENUE GUSTAVE;49,3289200;1,1020700
5378;202000005949;20;7;2020;12:30;1;74;74119;2;1;1;2;JAURES (BOULEVARD JEAN);46,3998100;6,5978600
5379;202000005950;19;7;2020;20:30;1;71;71306;2;1;1;1;NANCY (RUE DE);46,6740158;4,3435180
5380;202000005951;20;7;2020;18:40;1;69;69266;2;3;1;3;ALSACE   (Rue d');45,7637802;4,8699254
5381;202000005952;19;7;2020;14:00;1;67;67482;2;1;1;3;LYON (BOULEVARD DE);48,5760200;7,7321200
5382;202000005953;18;7;2020;19:00;1;67;67482;2;1;1;3;RAOUL CLAINCHARD (RUE);48,5418500;7,7763600
5383;202000005954;19;7;2020;12:40;1;64;64445;2;1;1;-1;ALLEES DE MORLAAS DES;43,3045000; -0,3490300
5384;202000005955;20;7;2020;14:45;1;64;64024;2;6;1;7;BARRE (PROMENADE DE LA);43,4961000; -1,5288000
5385;202000005956;13;7;2020;07:25;1;63;63124;2;2;1;6;D216;45,7300664;3,1908015
5386;202000005957;7;7;2020;09:45;1;59;59350;2;3;1;6;MAUBEUGE RUE N°1 - 32;50,6243142;3,0711561
5387;202000005958;17;7;2020;23:00;3;56;56121;1;1;1;2;RN165 sens Brest-Nantes;47,7693600; -3,3784300
5388;202000005960;16;10;2020;20:18;5;60;60313;2;3;1;3;37 Rue de Mouy;49,3555313;2,2531677
5389;202000005961;17;10;2020;11:50;1;80;80383;1;1;1;2;A1;49,7246180;2,7790260
5390;202000005962;16;10;2020;18:30;1;13;13055;1;1;1;2;A507 sens Marseille - Aubagne;43,3298600;5,4030070
5391;202000005963;16;10;2020;16:00;1;13;13211;1;1;1;2;A50-Sens Aubagne vers Marseille;43,2912300;5,4850400
5392;202000005964;16;10;2020;09:10;1;13;13071;1;1;1;4;A7-Sens Marseille vers Lyon;43,4029440;5,3454330
5393;202000005965;14;10;2020;08:45;1;69;69283;1;1;1;2;A46S  ;45,6741000;4,9503000
5394;202000005966;16;10;2020;08:30;1;33;33080;1;1;1;3;AUTOROUTE A 62;44,7597400; -0,5463300
5395;202000005967;14;10;2020;08:15;1;33;33249;1;1;1;3;ROCADE A 630;44,8847300; -0,5161300
5396;202000005968;16;10;2020;07:30;1;78;78362;1;1;1;2;A13;48,9770090;1,7168730
5397;202000005969;15;10;2020;15:10;1;95;95277;2;1;1;6; A3;48,9727710;2,4866840
5398;202000005970;16;10;2020;07:15;3;93;93051;1;1;1;5;A4;48,8365570;2,5482720
5399;202000005971;15;10;2020;07:20;1;976;97611;2;1;1;6;tsoundzou-Maternelle ( rue de la ); -12,8159800;45,1992500
5400;202000005972;14;10;2020;20:15;3;974;97416;1;1;1;3;ANCIENNE RN 1; -21,2222300;55,4449200
5401;202000005973;14;10;2020;19:50;1;974;97416;1;1;1;6;Chemin Bassin Plat; -21,3312300;55,4903800
5402;202000005974;14;10;2020;15:40;1;974;97409;2;3;1;3;Rue de Cambuston; -20,9330910;55,6521140
5403;202000005975;14;10;2020;18:00;1;974;97407;2;9;1;3;VOIE DE LIAISON PORTUAIRE EST/ OUEST; -20,9302700;55,3014900
5404;202000005976;15;10;2020;17:15;1;973;97302;2;1;1;3;MANDELA  (BOULEVARD);4,9374700; -52,3258000
5405;202000005978;15;10;2020;17:30;2;69;69387;2;2;1;1;GUILLOTIERE (DE LA)                 (GR);45,7479400;4,8562000
5406;202000005979;15;10;2020;13:55;1;69;69383;2;1;1;-1;VICTOR AUGAGNEUR                    (QU);45,7592600;4,8409400
5407;202000005980;15;10;2020;13:30;1;69;69202;2;1;8;6;CHAVRIL (DE)                        (R );45,7466772;4,8011967
5408;202000005982;13;10;2020;08:25;1;95;95585;2;1;1;6;Rue Victor Hugo;48,9981100;2,3826300
5409;202000005983;13;10;2020;08:30;1;91;91552;2;1;3;5;RTE DE LEUVILLE;48,6028000;2,2569800
5410;202000005984;11;10;2020;17:49;1;91;91549;2;1;1;2;RD 117;48,6401700;2,3331700
5411;202000005985;11;10;2020;00:25;5;91;91552;1;1;1;2;CD 19;48,5772300;2,2866700
5412;202000005986;10;10;2020;11:20;1;91;91549;2;1;1;6;GABRIEL PERI (AVENUE);48,6526600;2,3153800
5413;202000005987;6;10;2020;13:30;1;91;91570;2;9;1;3;ROSIERES (RUE);48,6258000;2,3138200
5414;202000005988;14;10;2020;17:28;1;87;87085;2;1;2;4;REVOLUTION (PONT DE LA);45,8199000;1,2647900
5415;202000005989;14;10;2020;20:15;5;87;87065;2;3;2;7;MERMOZ (RUE JEAN-);45,8159600;1,3086000
5416;202000005990;14;10;2020;16:07;1;87;87065;1;1;2;6;AUTOROUTE A20;45,7987800;1,2962800
5417;202000005991;15;10;2020;13:45;1;83;83090;2;1;1;3;NATIONALE 8 (ROUTE);43,1327345;5,8648999
5418;202000005992;14;10;2020;08:00;1;76;76540;2;1;1;2;MARNE. BOULEVARD DE LA;49,4462000;1,0883900
5419;202000005993;14;10;2020;18:30;1;76;76575;2;1;1;6;UNIVERSITE. AVENUE DE L';49,3868400;1,0660300
5420;202000005994;14;10;2020;15:15;1;76;76165;2;3;1;3;FAURE. RUE FELIX;49,2871400;1,0229400
5421;202000005995;15;10;2020;18:30;1;76;76349;2;3;1;3;CABARET (RUE DU);49,8930900;1,0313800
5422;202000005996;31;8;2020;09:40;1;69;69264;2;1;1;3;BARBUSSE HENRI  (boulvard);45,9799000;4,7162000
5423;202000005997;15;10;2020;08:30;1;69;69264;2;1;1;3;GAMBETTA  BD;45,9908798;4,7150969
5424;202000005998;14;10;2020;18:00;2;67;67482;2;1;2;1;NANTES (RUE DE);48,5718000;7,7800000
5425;202000005999;15;10;2020;10:32;1;66;66136;2;1;1;3;LANGUEDOC (AVENUE DU CD 88);42,7224500;2,8865300
5426;202000006000;15;10;2020;09:55;1;64;64445;2;6;1;3;DROITS DE L' HOMME DES;43,3130600; -0,3689600
5427;202000006001;15;10;2020;15:20;1;64;64102;2;6;8;3;9 chemin des barthes;43,4979200; -1,4937000
5428;202000006002;15;10;2020;08:00;2;64;64024;2;3;3;6;BARTHES (RUE DES);43,4835000; -1,5108800
5429;202000006003;15;10;2020;16:25;1;59;59599;2;1;1;6;PAPIN (CHAUSSEE DENIS);50,7326500;3,1431200
5430;202000006005;14;10;2020;11:50;1;59;59346;2;9;1;2;LEZENNES BOULEVARD DE;50,6180700;3,1097000
5431;202000006006;15;10;2020;06:55;2;58;58194;2;3;1;3;PETIT MOUESSE;46,9888100;3,1720500
5432;202000006007;12;10;2020;03:25;4;57;57672;2;1;2;6;BREUIL (BOUCLE DU);49,3679885;6,1084413
5433;202000006009;14;10;2020;17:15;1;56;56121;2;3;1;3;BELGIQUE (RUE  DE );47,7597600; -3,3815200
5434;202000006010;14;10;2020;19:40;5;54;54395;2;3;2;3;MOUILLERON (RUE GABRIEL);48,6849367;6,1753904
5435;202000006011;14;10;2020;19:40;5;54;54395;2;1;2;6;CARMES (RUE DES);48,6904960;6,1812960
5436;202000006012;14;10;2020;18:35;5;54;54395;2;2;2;3;BRABOIS (AVENUE DE);48,6718000;6,1613000
5437;202000006013;13;10;2020;07:30;2;54;54395;2;1;1;5;FOLLER (RUE);48,6863000;6,1936500
5438;202000006014;15;10;2020;17:30;1;51;51454;2;2;1;7;Rue Ambroise Petit;49,2401435;4,0414660
5439;202000006015;13;10;2020;15:30;1;50;50129;2;1;1;6;NAPOLEON (PLACE);49,6428100; -1,6240700
5440;202000006016;14;10;2020;11:45;1;50;50129;2;1;8;3;DOM PEDRO (RUE );49,6405500; -1,6121200
5441;202000006017;14;10;2020;16:25;1;49;49099;2;3;1;3;ANJOU (RUE DE L');47,0744720; -0,8438935
5442;202000006018;13;10;2020;20:00;2;49;49007;1;1;2;4;ATLANTIQUE  AVENUE DE L';47,4695100; -0,5921100
5443;202000006019;13;10;2020;17:27;2;49;49007;2;1;1;3;Rue de Buffon;47,4764200; -0,5475470
5444;202000006020;14;10;2020;15:04;5;49;49007;2;1;5;6;POIREL BOULEVARD;47,4597000; -0,5605000
5445;202000006021;9;10;2020;11:55;1;44;44109;2;1;2;1;Bd Meusnier de Querlon;47,2276400; -1,5744500
5446;202000006022;10;10;2020;16:20;1;41;41269;2;1;1;3;CHASSEURS (RUE DU 20EME);47,8033700;1,0663600
5447;202000006024;15;10;2020;07:30;1;37;37261;2;1;1;3;EIFFEL (AVENUE GUSTAVE);47,4261004;0,6969158
5448;202000006025;15;10;2020;07:10;4;35;35238;2;1;8;6;REPUBLIQUE (PLACE DE LA);48,1102000; -1,6787100
5449;202000006026;14;10;2020;17:40;1;35;35238;2;9;1;3;FOULON (AVENUE PROFESSEUR CHARLES);48,1191600; -1,6492600
5450;202000006027;15;10;2020;07:20;5;33;33039;2;4;1;3;ALL BOYER;44,8094100; -0,5373400
5451;202000006028;15;10;2020;10:55;1;31;31555;2;1;1;3;AV ALBERT BEDOUCE;43,5783200;1,4578300
5452;202000006029;14;10;2020;18:30;2;31;31555;2;1;1;1;AV DE LATTRE DE TASSIGNY;43,5766100;1,4362600
5453;202000006030;14;10;2020;17:00;1;31;31555;1;1;2;4;RD901;43,6171300;1,3938400
5454;202000006031;14;10;2020;12:10;1;31;31555;2;1;3;3;PORT SAINT SAUVEUR;43,5980200;1,4558900
5455;202000006032;13;10;2020;20:09;5;31;31555;2;1;2;3;BD LASCROSSES;43,6097900;1,4327600
5456;202000006033;14;10;2020;15:00;1;29;29019;2;3;1;3;Rue Dupetit Thouars;48,3788746; -4,5203934
5457;202000006035;15;10;2020;08:05;1;27;27229;2;6;1;3;ORLEANS (RUE D');48,9985600;1,1548900
5458;202000006038;14;10;2020;06:58;5;21;21054;2;1;2;5;Boulevard Maréchal Joffre;47,0261670;4,8425610
5459;202000006039;15;10;2020;22:55;5;17;17306;2;1;1;6;PONTAILLAC (DE) (AVENUE);45,6250310; -1,0477420
5460;202000006041;15;10;2020;19:45;5;13;13211;2;2;1;3;VALBARELLE (BOULEVARD DE LA );43,2886080;5,4548040
5461;202000006042;15;10;2020;14:40;1;13;13207;2;1;1;3;CORDERIE (BOULEVARD DE LA);43,2902100;5,3685820
5462;202000006043;15;10;2020;08:10;1;13;13206;2;1;1;3;BRETEUIL (RUE);43,2865320;5,3773940
5463;202000006044;14;10;2020;10:51;1;10;10387;2;6;1;3;ST DOMINIQUE (MAIL);48,2948800;4,0818900
5464;202000006045;9;10;2020;09:10;1;08;08174;2;1;2;7;SAINT-MENGES (ROUTE DE);49,7306200;4,9258100