;Num_Acc;jour;mois;an;hrmn;lum;dep;com;agg;int;atm;col;adr;lat;long
5465;202000006046;15;10;2020;15:55;1;06;06088;2;1;1;5;ANGLAIS (A PARTIR DU N° 351);43,6696100;7,2220500
5466;202000006047;15;10;2020;15:30;1;06;06027;2;3;1;3;CHENES AVENUE DES;43,6616000;7,1658000
5467;202000006048;15;10;2020;08:25;1;06;06027;2;1;1;6;BESSET AVENUE CYRILLE;43,6597070;7,1582260
5468;202000006049;15;10;2020;21:02;5;03;03185;2;2;2;3;;46,3281896;2,6086831
5469;202000006050;13;10;2020;08:40;1;75;75116;2;4;2;2;PORTE D AUTEUIL;48,8439220;2,2548740
5470;202000006051;15;10;2020;15:40;1;75;75120;2;3;1;6;RUE DE MENILMONTANT;48,8675330;2,3850940
5471;202000006052;14;10;2020;09:10;1;75;75120;2;2;8;3;RUE DE MENILMONTANT;48,8686470;2,3895750
5472;202000006053;15;10;2020;17:30;1;75;75118;2;1;1;7;BOULEVARD NEY;48,8983290;2,3616580
5473;202000006054;15;10;2020;09:30;1;75;75118;2;3;1;6;RUE MARX DORMOY;48,8868470;2,3596650
5474;202000006055;15;10;2020;08:25;1;75;75116;2;1;1;6;AVENUE DE VERSAILLES;48,8436060;2,2698990
5475;202000006056;14;10;2020;22:36;5;75;75116;2;2;1;7;RUE RAYNOUARD;48,8537260;2,2774340
5476;202000006057;15;10;2020;19:30;5;75;75114;2;1;1;6;AVENUE DU MAINE;48,8337960;2,3244710
5477;202000006058;15;10;2020;09:50;1;75;75114;2;1;1;2;AVENUE RENE COTY;48,8312750;2,3333990
5478;202000006060;15;10;2020;11:05;1;75;75112;2;1;1;3;AVENUE DAUMESNIL;48,8405200;2,3916810
5479;202000006061;15;10;2020;08:45;1;75;75112;2;1;8;3;PONT D AUSTERLITZ;48,8451210;2,3663700
5480;202000006062;15;10;2020;19:30;5;75;75111;2;7;1;2;PLACE LEON BLUM;48,8582540;2,3793600
5481;202000006063;15;10;2020;14:25;1;75;75111;2;2;1;3;BOULEVARD RICHARD LENOIR;48,8662540;2,3695930
5482;202000006064;15;10;2020;07:45;5;75;75111;2;1;1;6;RUE DE CHARONNE;48,8552200;2,3878010
5483;202000006065;15;10;2020;14:30;1;75;75110;2;1;1;6;RUE DU FAUBOURG SAINT DENIS;48,8789280;2,3569020
5484;202000006066;15;10;2020;11:35;1;75;75110;2;1;1;7;RUE D HAUTEVILLE;48,8745870;2,3507220
5485;202000006067;15;10;2020;17:30;1;75;75108;2;3;1;6;RUE DE ROME;48,8772070;2,3230730
5486;202000006068;15;10;2020;12:59;1;75;75108;2;3;1;6;RUE LA BOETIE;48,8743870;2,3186420
5487;202000006069;15;10;2020;10:30;1;75;75108;2;1;1;3;AVENUE DES CHAMPS ELYSEES;48,8715110;2,3020540
5488;202000006070;15;10;2020;09:10;1;75;75108;2;1;1;3;RUE SAINT LAZARE;48,8754490;2,3254150
5489;202000006071;14;10;2020;18:00;1;75;75108;2;3;1;1;AVENUE CESAR CAIRE;48,8766930;2,3193100
5490;202000006072;15;10;2020;15:05;1;75;75115;2;5;1;6;RUE DE LA CROIX NIVERT;48,8386270;2,2894810
5491;202000006073;14;10;2020;08:50;1;75;75101;2;2;2;7;BOULEVARD DE SEBASTOPOL;48,8595270;2,3487970
5492;202000006074;14;10;2020;09:00;1;75;75101;2;1;2;2;RUE DE RIVOLI;48,8606310;2,3417740
5493;202000006075;15;10;2020;13:30;1;94;94081;2;1;1;3;LUDWIG VAN BEETHOVEN (R);48,7979200;2,3803200
5494;202000006076;15;10;2020;08:20;1;94;94081;2;1;1;3;LUCIEN FRANCAIS (AV);48,7877600;2,3875100
5495;202000006077;14;10;2020;07:50;2;94;94068;2;2;2;3;BAC (AV DU);48,7945415;2,5115111
5496;202000006078;13;10;2020;07:00;5;94;94068;2;1;2;6;BAGAUDES (BD DES);48,8092690;2,4662690
5497;202000006079;15;10;2020;03:10;5;94;94052;2;1;1;1;PONT DE NOGENT;48,8321000;2,4930000
5498;202000006080;15;10;2020;19:45;5;94;94046;2;3;1;7;VICTOR HUGO (R);48,7997890;2,4429800
5499;202000006081;14;10;2020;08:30;1;94;94003;2;3;2;3;PAUL VAILLANT COUTURIER (AV);48,8037100;2,3381900
5500;202000006082;15;10;2020;13:15;1;94;94041;2;1;1;2;MARCEL HARTMANN (R);48,8074100;2,3845900
5501;202000006083;15;10;2020;13:30;1;94;94034;2;1;1;7;TUILERIE (R DE LA);48,7580900;2,3204500
5502;202000006084;14;10;2020;12:20;1;94;94019;2;2;1;3;D'AMBOILE (R);48,7905000;2,5319700
5503;202000006085;14;10;2020;08:05;2;93;93070;2;3;2;3;GABRIEL-PERI (AV);48,9078300;2,3323800
5504;202000006086;15;10;2020;15:00;1;93;93014;2;1;1;3;AV JEAN MOULIN;48,9087212;2,5543801
5505;202000006087;15;10;2020;19:35;5;93;93010;2;1;1;4;GALLIENI (AV.) DE 132 A 186;48,9065878;2,4858460
5506;202000006088;15;10;2020;13:55;1;93;93010;2;1;1;-1;BLUM (AV. LEON);48,9152642;2,4789839
5507;202000006089;15;10;2020;08:05;1;93;93010;2;9;1;3;SAINT-LOUIS PROLONGE (RUE);48,8905044;2,4954990
5508;202000006090;13;10;2020;08:40;1;92;92063;2;6;2;3;PERRET (RUE AUGUSTE);48,8901000;2,1673500
5509;202000006091;11;10;2020;15:55;1;92;92063;2;2;1;3;COLMAR (AVENUE DE);48,8867500;2,1743600
5510;202000006092;15;10;2020;09:10;1;92;92062;2;9;1;6;CONTRE ALLEE GENERAL DE GAULLE;48,8867457;2,2306259
5511;202000006093;15;10;2020;13:45;1;92;92024;2;3;1;6;CLAUDE DEBUSSY (AVENUE);48,9093153;2,3078335
5512;202000006094;15;10;2020;08:26;1;92;92024;2;1;8;6;MADAME DE SANZILLON (RUE);48,9035000;2,3166000
5513;202000006095;14;10;2020;13:40;1;92;92060;2;6;8;3;PAUL LANGEVIN (AVENUE) (RD 2);48,7762885;2,2497095
5514;202000006096;14;10;2020;22:30;3;62;62704;1;1;1;6;D928;50,5679069;2,0960453
5515;202000006097;15;10;2020;18:45;1;22;22209;1;1;1;1;D768;48,5758800; -2,1747240
5516;202000006098;15;10;2020;16:45;1;06;06033;1;1;1;1;1ère Avenue;43,7754980;7,2121170
5517;202000006099;16;10;2020;11:00;1;60;60176;2;1;1;6;70 Rue Nationale;49,2368556;2,8878884
5518;202000006100;16;10;2020;03:35;3;36;36200;1;1;1;6;;46,6137571;1,5329877
5519;202000006101;16;10;2020;18:30;3;57;57244;1;1;8;3;D98c;48,7138590;7,2191980
5520;202000006102;16;10;2020;08:15;1;51;51492;2;1;1;6;D440;48,5533050;3,7814470
5521;202000006103;13;10;2020;17:40;1;19;19093;1;6;2;7;Montplaisir;45,1011461;1,5722658
5522;202000006104;16;9;2020;16:30;1;19;19093;1;3;1;1;Route du Dougnoux;45,0858137;1,5423970
5523;202000006105;16;10;2020;01:15;5;80;80732;2;1;1;6;726 Rue Saint-claude;49,8824360;1,7249550
5524;202000006106;16;10;2020;06:00;2;42;42274;1;1;2;6;D8;45,9164120;3,9797860
5525;202000006107;15;10;2020;21:30;3;42;42235;1;1;2;6;Route de Valprivas;45,3639290;4,0366170
5526;202000006108;16;10;2020;16:50;1;46;46145;1;1;1;1;D803;44,9101460;1,4996980
5527;202000006109;15;10;2020;12:15;1;34;34142;2;1;1;6;17 Avenue Denfert Rochereau;43,7307900;3,3240350
5528;202000006110;16;10;2020;07:15;4;68;68055;2;2;1;6;85 Rue Principale;47,6936794;7,3613447
5529;202000006111;15;10;2020;15:10;1;44;44069;1;1;1;2;12 Avenue Paul Gauguin CD 192;47,2873810; -2,4107270
5530;202000006112;15;10;2020;11:40;1;38;38001;1;3;1;1;Route de Maroc;45,5534310;5,5625940
5531;202000006114;15;10;2020;17:45;1;02;02257;1;9;7;1;L'Épine de Dallon;49,8263770;3,2406770
5532;202000006115;15;10;2020;16:00;1;58;58273;1;1;1;1;RD978 carrefour de faye;46,9991780;3,2802610
5533;202000006116;16;10;2020;05:50;3;72;72007;1;1;1;6;Lieu Dit Combray;47,9956190;0,4477520
5534;202000006117;15;10;2020;21:45;3;90;90085;1;1;2;6;D24;47,7646610;6,8694860
5535;202000006118;16;10;2020;07:35;2;45;45264;1;1;1;1;D2157 - PR 15 + 77;47,9283480;1,7031320
5536;202000006119;16;10;2020;05:45;3;07;07110;1;1;1;7;D104;44,4722450;4,2366030
5537;202000006120;16;10;2020;06:55;3;04;04166;2;1;1;6;RD 11;43,8087580;6,1087100
5538;202000006121;15;10;2020;08:00;2;30;30075;1;1;1;3;Route de Nimes D40;43,8194800;4,2946240
5539;202000006122;15;10;2020;15:50;1;65;65010;1;1;4;4;A64;43,1993052;0,1647121
5540;202000006123;16;10;2020;13:35;1;95;95678;1;1;1;3;N184;49,0762586;2,2466490
5541;202000006124;15;10;2020;04:30;3;988;98821;1;1;1;2;V.E.2; -22,1496500;166,3699100
5542;202000006125;15;10;2020;15:30;1;973;97305;1;4;1;3;PK 16+300 - RN 1;4,9417860; -52,4134110
5543;202000006126;15;10;2020;18:45;5;21;21171;2;1;1;6;32 Avenue de la République;47,2997510;5,1349280
5544;202000006127;15;10;2020;18:35;3;77;77145;1;2;1;3;N36;48,5918810;2,7260470
5545;202000006130;16;10;2020;01:50;3;30;30130;1;1;1;7;D906;44,3386940;3,9524710
5546;202000006131;16;10;2020;14:55;1;83;83047;1;1;1;3;D554;43,1396690;6,0801600
5547;202000006132;13;10;2020;16:06;1;06;06048;2;3;1;3;433 Route Departementale 2204;43,7842450;7,3412070
5548;202000006133;14;10;2020;19:30;3;13;13014;1;3;1;3;voie jean pierre lyon / chemin de l'érodrome;43,5281870;5,1830900
5549;202000006134;16;10;2020;14:00;1;54;54418;1;1;8;1;D2;48,6788127;6,5781605
5550;202000006135;12;10;2020;18:45;3;42;42073;1;1;1;6;Chemin de Balais;45,7806372;4,2804116
5551;202000006136;16;10;2020;17:30;1;09;09261;2;6;1;1;34 Avenue d'Aulot;42,9812580;1,1505070
5552;202000006137;16;10;2020;14:45;1;14;14106;1;1;1;3;Bréville-les-Monts;49,2257410; -0,2320320
5553;202000006138;16;10;2020;02:00;3;60;60141;2;1;1;7;D924a;49,1748553;2,5001607
5554;202000006139;14;10;2020;10:30;2;60;60579;1;1;8;3;D85;49,3471930;2,9141440
5555;202000006140;16;10;2020;18:00;1;59;59409;2;1;1;7;Rue d'Emerchicourt;50,3064480;3,2186000
5556;202000006141;16;10;2020;14:40;1;59;59254;1;1;1;6;D140a;50,2774800;3,1844580
5557;202000006142;21;9;2020;19:40;1;59;59581;1;4;1;3;Rue du Kirlem;50,6792610;2,7644720
5558;202000006143;14;10;2020;17:50;1;13;13081;1;1;1;4;A7-Sens Marseille vers Lyon;43,4867000;5,2409200
5559;202000006144;10;10;2020;10:15;1;13;13215;1;1;1;6;A7-Sens Lyon vers Marseille;43,3595500;5,3620200
5560;202000006145;15;10;2020;07:50;1;13;13056;1;1;1;6;A55-Sens Martigues vers Marseille;43,3979100;5,0790700
5561;202000006147;14;10;2020;14:03;1;13;13005;1;1;1;2;A52-Sens Pont de l'Etoile vers Toulon;43,2866500;5,5853800
5562;202000006148;10;10;2020;18:14;1;83;83137;1;1;1;2;A57;43,1213200;5,9533100
5563;202000006149;15;10;2020;18:05;1;33;33249;1;1;1;2;ROCADE A 630;44,8817800; -0,5226900
5564;202000006150;15;10;2020;00:10;3;33;33080;1;1;2;6;AUTOROUTE A 62;44,7293600; -0,5289700
5565;202000006152;15;10;2020;15:40;1;92;92036;1;1;1;2;A86;48,9345036;2,2581631
5566;202000006155;18;8;2020;10:39;1;51;51514;1;9;1;3;N4;48,7205096;3,7730930
5567;202000006156;21;8;2020;17:15;1;19;19114;1;9;1;6;Les combeaux;45,6117134;2,2955060
5568;202000006157;21;8;2020;10:45;1;19;19062;2;1;1;6;42 AVENUE DE LA GARE;45,3708169;1,8735584
5569;202000006158;21;8;2020;18:45;1;79;79293;1;1;1;-1;Rue de Benet;46,3725910; -0,5353260
5570;202000006159;21;8;2020;13:15;1;31;31056;1;6;1;3;Place de la Mairie;43,6697340;1,3580130
5571;202000006160;15;8;2020;21:15;2;65;65291;1;1;2;2;D821;43,0638240; -0,0419070
5572;202000006162;21;8;2020;18:20;1;63;63178;2;3;1;6;102 Boulevard de Barrière;45,5432377;3,2416741
5573;202000006163;22;8;2020;10:05;1;55;55344;1;1;1;3;Montbras;48,5261713;5,6902541
5574;202000006164;22;8;2020;13:00;1;12;12246;1;1;1;6;D963;44,6277189;2,2472243
5575;202000006165;18;8;2020;11:00;1;12;12241;1;2;1;3;Route départementale 12 puech;44,3213300;2,6463750
5576;202000006166;21;8;2020;18:28;1;34;34031;1;1;1;6;Chemin d'Agde;43,3476990;3,4372400
5577;202000006167;22;8;2020;06:37;2;34;34268;1;1;1;7;D144;43,7138670;3,4329700
5578;202000006170;9;8;2020;10:30;1;22;22325;1;2;1;3;Rue du Clos de Pierre;48,6514923; -2,8533427
5579;202000006171;21;8;2020;11:30;1;44;44069;1;1;1;6;D92;47,3047460; -2,4554980
5580;202000006173;21;8;2020;19:40;1;29;29075;2;6;1;2;Rue Anne de Bretagne;48,4367750; -4,4073410
5581;202000006175;22;8;2020;12:05;1;26;26069;1;1;1;6;D 518;44,8364630;5,3920390
5582;202000006176;22;8;2020;15:00;1;58;58198;1;3;1;3;D977;47,4571270;3,4619270
5583;202000006177;21;8;2020;18:50;2;45;45111;1;1;1;6;D109-PR8+700;48,0612149;2,2352173
5584;202000006178;4;8;2020;19:00;1;64;64558;2;1;1;1;35 Chemin Barberaenea;43,4444780; -1,4462470
5585;202000006179;21;8;2020;17:50;1;73;73114;2;1;1;3;D1212 Avenue de Savoie;45,8164548;6,5122200
5586;202000006180;22;8;2020;11:30;1;16;16247;1;1;1;5;Lieu dit l'Ormeau;45,5219100; -0,0924880
5587;202000006181;22;8;2020;10:00;1;16;16382;1;1;1;6;Lieu dit les Chénevaux;45,5616000;0,2316030
5588;202000006182;21;8;2020;17:30;1;21;21378;1;1;1;7;D965;47,8546535;4,4199398
5589;202000006183;17;8;2020;19:45;1;40;40031;1;1;1;6;chemin  de la barthe;43,8180710; -0,8559250
5590;202000006184;22;8;2020;17:10;1;40;40077;1;1;1;1;906 Route de Labatut;43,5474670; -1,0513620
5591;202000006185;22;8;2020;13:15;1;04;04108;2;1;1;1;RN 85;44,0503670;6,0248050
5592;202000006186;21;8;2020;21:10;3;27;27011;1;1;1;7;D85;49,2341500;0,9166500
5593;202000006187;21;8;2020;17:50;1;17;17127;2;2;1;3;Rue de Ferrieres;46,2407930; -0,8178990
5594;202000006188;22;8;2020;05:00;3;23;23055;2;1;1;6;Châtelard;45,9661670;2,4691990
5595;202000006189;11;8;2020;23:55;3;08;08362;1;1;1;7;Route départementale 946;49,5214930;4,3492720
5596;202000006191;18;8;2020;23:00;3;17;17116;1;1;1;2;A10;45,4053770; -0,6017270
5597;202000006192;22;8;2020;12:10;1;33;33042;1;1;1;5;A63;44,5161300; -0,8401300
5598;202000006193;21;8;2020;16:30;1;13;13032;1;3;1;1;Route de Pelissanne Cd17;43,5762750;5,3439740
5599;202000006194;21;8;2020;06:12;2;69;69242;1;1;1;2;A6 PK 409.900;46,1264970;4,7644190
5600;202000006195;21;8;2020;20:00;2;45;45036;1;1;1;6;Les Marches;47,7700800;2,6842260
5601;202000006196;20;8;2020;14:40;1;77;77486;1;1;1;1;D231;48,7013280;3,0638980
5602;202000006197;22;8;2020;08:30;1;77;77238;1;1;1;3;D402;48,8950120;3,0990560
5603;202000006198;22;8;2020;16:38;1;2B;2B314;1;1;1;7;D81;42,6609470;9,2296740
5604;202000006199;21;8;2020;18:00;1;83;83127;1;1;7;1;D202;43,2746900;5,9151940
5605;202000006200;22;8;2020;16:35;1;13;13084;1;1;1;6;D561;43,7155500;5,3399990
5606;202000006201;21;8;2020;19:21;1;13;13041;1;1;1;7;Gardanne;43,4520340;5,4952440
5607;202000006202;21;8;2020;18:25;1;67;67364;2;1;1;6;37 Rue des Pierres;48,4012360;7,6378320
5608;202000006203;22;8;2020;01:10;3;88;88177;2;1;1;1;16 Route des Founelles;48,0746870;6,7334640
5609;202000006204;15;8;2020;18:40;1;57;57663;2;2;1;3;grand rue;49,2371490;6,1725780
5610;202000006205;22;8;2020;17:45;1;07;07086;2;2;1;7;Chemin de Beaudier;45,1006730;4,7235790
5611;202000006206;21;8;2020;19:45;1;17;17164;1;1;1;7;D129;45,7737490; -0,5680060
5612;202000006207;21;8;2020;18:00;1;22;22300;1;4;8;1;D7, D 41;48,2685140; -2,8315860
5613;202000006208;21;8;2020;15:10;1;13;13215;1;1;1;6;A7-Sens Lyon vers Marseille;43,3482000;5,3710000
5614;202000006209;19;8;2020;23:50;3;57;57303;1;1;8;6;Autoroute A31;49,2024300;6,1754000
5615;202000006211;21;8;2020;13:55;1;33;33063;1;1;2;3;ROCADE A 630;44,8840800; -0,5592700
5616;202000006213;21;8;2020;13:00;1;78;78043;1;1;1;2;A13W;48,8422400;2,0930010
5617;202000006214;20;8;2020;23:00;3;78;78524;1;1;1;2;A13;48,8412000;2,1050000
5618;202000006215;28;5;2020;19:20;1;93;93078;2;1;7;6;RUE HENRI BARBUSSE;48,9646998;2,5315790
5619;202000006216;19;8;2020;14:35;1;974;97411;2;9;1;3;NONGE (AVENUE EUDOXIE); -20,8991600;55,4961300
5620;202000006217;20;8;2020;20:30;4;973;97302;2;1;1;1;RABAN (ROUTE DE);4,9340045; -52,3136330
5621;202000006218;20;8;2020;17:20;1;69;69383;2;6;1;3;PENSIONNAT (DU)                     (R );45,7550000;4,8572000
5622;202000006219;10;8;2020;12:45;1;84;84007;2;1;1;2;CHARLES DE GAULLE;43,9273800;4,7887400
5623;202000006220;20;8;2020;21:00;1;77;77243;2;9;1;3;RAYMOND POINCARE  (AVENUE);48,8752300;2,7224100
5624;202000006221;19;8;2020;13:50;1;76;76575;2;1;1;3;MADRILLET. RUE DU;49,3924700;1,0730100
5625;202000006222;19;8;2020;15:30;1;76;76540;2;1;1;6;HAVRE. QUAI (HAUT) DU;49,4395600;1,0860900
5626;202000006223;19;8;2020;17:20;1;76;76351;2;2;1;3;PAUL VERLAINE (AVENUE);49,5093000;0,1631000
5627;202000006224;20;8;2020;09:05;1;71;71153;2;1;1;2;JAURES (RUE JEAN);46,8061177;4,4216558
5628;202000006225;20;8;2020;22:05;5;69;69266;2;1;1;6;ALBERT EINSTEIN    (Avenue);45,7823503;4,8777518
5629;202000006226;20;8;2020;19:35;1;69;69290;2;2;1;3;EDOUARD HERRIOT                     (BD);45,6944200;4,9411600
5630;202000006227;9;6;2020;11:27;1;69;69290;2;3;1;2;CHARBONNIER (DU)                    (CH);45,6915760;4,9073902
5631;202000006229;19;8;2020;09:00;1;67;67447;2;1;1;2;HERRENSCHMIDT (AVENUE);48,6001641;7,7542571
5632;202000006230;20;8;2020;17:38;1;65;65440;2;2;1;3;CLEMENCEAU (RUE GEORGES);43,2336000;0,0756700
5633;202000006231;1;8;2020;22:00;2;62;62510;2;3;1;1;GUESDE (R JULES);50,4313560;2,7794770
5634;202000006232;2;8;2020;12:10;1;62;62516;1;1;1;7;CD 188;50,5396000;2,4928000
5635;202000006233;19;8;2020;19:15;1;56;56121;2;1;1;3;MULLER ( DU COLONEL JEAN );47,7653800; -3,3995700
5636;202000006234;20;8;2020;20:39;2;51;51454;2;7;1;6;Place Aristide Briand;49,2573767;4,0394897
5637;202000006235;20;8;2020;17:00;1;51;51454;2;3;1;2;Rue Clovis;49,2504313;4,0286457
5638;202000006236;19;8;2020;07:45;1;51;51454;2;7;1;3;Place Saint Nicaise;49,2439734;4,0454732
5639;202000006237;19;8;2020;17:00;1;50;50129;2;2;1;3;PARIS (AVENUE DE);49,6334300; -1,6173500
5640;202000006238;18;8;2020;09:55;1;50;50129;2;1;1;2;CALIGNY (QUAI DE);49,6401500; -1,6214500
5641;202000006239;19;8;2020;17:19;1;49;49007;2;1;1;6;CONTADES AVENUE;47,4636200; -0,5539400
5642;202000006240;19;8;2020;13:10;1;49;49267;2;1;1;7;A87N;47,4691600; -0,5162900
5643;202000006241;20;8;2020;12:57;1;37;37261;2;3;1;3;MAINE (RUE DU);47,4254176;0,6778036
5644;202000006242;24;7;2020;16:55;1;36;36044;1;1;1;3;120 Route de Velles;46,7789180;1,6885260
5645;202000006243;16;3;2020;17:59;1;36;36044;2;1;2;5;47 AVENUE DE LA CHATRE;46,8081450;1,7061022
5646;202000006244;20;8;2020;19:00;1;34;34129;1;2;1;3;BOIRARGUES (AVENUE DE);43,5911516;3,9087027
5647;202000006245;20;8;2020;22:00;3;33;33281;2;2;1;3;avenue de Beaudésert;44,8366900; -0,6939700
5648;202000006246;13;8;2020;12:20;1;33;33318;2;5;2;6;AVE DE BEUTRE;44,7994700; -0,6633700
5649;202000006247;13;8;2020;07:30;2;33;33063;2;8;3;6;AVE THIERS / AVE ABADIE;44,8427326; -0,5558449
5650;202000006249;19;8;2020;09:30;1;22;22360;1;1;2;7;RD 222;48,4758802; -2,7209580
5651;202000006250;19;8;2020;20:00;2;19;19031;2;1;7;6;TURGOT (AVENUE);45,1657201;1,5284032
5652;202000006251;18;8;2020;09:20;1;14;14327;2;2;1;-1;TSUKUBA (AVENUE DE);49,2140200; -0,3525700
5653;202000006252;20;8;2020;18:45;1;13;13213;2;1;1;7;ROSE (AVENUE DE LA);43,3265000;5,4219000
5654;202000006253;20;8;2020;00:15;5;13;13211;2;2;1;3;SAINT MENET (MONTEE);43,2930900;5,4949700
5655;202000006254;19;8;2020;17:20;1;13;13203;2;3;1;6;MELCHIOR GUINOT (RUE);43,3110730;5,3727670
5656;202000006255;20;8;2020;21:15;3;13;13028;2;1;1;3;Rond-point de la locomotive;43,1925970;5,6050950
5657;202000006256;20;8;2020;18:40;1;13;13001;1;1;1;3;RD 7;43,5613104;5,4105823
5658;202000006257;19;8;2020;18:20;1;12;12145;1;1;1;2;CAVALERIE (COTE DE LA );44,0928800;3,1115500
5659;202000006258;20;8;2020;10:50;1;01;01289;1;2;1;3;LENT ( ROUTE DE );46,1648780;5,2207300
5660;202000006259;19;8;2020;17:30;1;75;75115;2;1;2;5;PORTE DE VERSAILLES;48,8275960;2,2918880
5661;202000006260;18;8;2020;22:40;5;75;75111;2;7;1;6;RUE DU FAUBOURG SAINT ANTOINE;48,8486240;2,3943440
5662;202000006261;20;8;2020;18:10;1;75;75120;2;3;1;6;RUE DE MENILMONTANT;48,8693690;2,3926960
5663;202000006262;20;8;2020;11:15;1;75;75117;2;7;1;3;PLACE CHARLES DE GAULLE;48,8743160;2,2954350
5664;202000006263;20;8;2020;07:30;1;75;75117;2;7;1;3;PLACE GENERAL CATROUX;48,8825890;2,3105920
5665;202000006264;19;8;2020;21:35;5;75;75117;2;1;1;6;RUE NAVIER;48,8956820;2,3259890
5666;202000006265;19;8;2020;19:45;1;75;75116;2;1;1;3;ROUTE DE SEVRES A NEUILLY;48,8564710;2,2375390
5667;202000006266;20;8;2020;11:38;5;75;75115;2;1;1;4;SOUTERRAIN CITROEN CEVENNES;48,8410000;2,2725280
5668;202000006267;20;8;2020;20:30;1;75;75114;2;4;1;5;AVENUE DU GENERAL LECLERC;48,8248130;2,3259160
5669;202000006268;20;8;2020;17:30;1;75;75113;2;1;1;6;RUE EMILE DURKHEIM;48,8325880;2,3780680
5670;202000006269;19;8;2020;10:45;1;75;75111;2;2;1;6;RUE DE CHARONNE;48,8546990;2,3853240
5671;202000006270;20;8;2020;19:25;1;75;75108;2;2;1;7;RUE DU GENERAL FOY;48,8778880;2,3181530
5672;202000006271;20;8;2020;18:25;1;75;75104;2;3;1;7;RUE SAINT ANTOINE;48,8539320;2,3648560
5673;202000006272;20;8;2020;18:55;1;94;94046;2;9;1;3;PIERRE CURIE (R);48,8107350;2,4254020
5674;202000006273;20;8;2020;10:55;1;94;94046;2;1;1;-1;FERNET (CITE);48,8071200;2,4404400
5675;202000006274;20;8;2020;15:00;1;94;94076;2;3;1;3;AMBROISE CROIZAT (R);48,8021880;2,3625700
5676;202000006275;20;8;2020;14:40;1;94;94041;2;1;1;3;GEORGES GOSNAT (AV);48,8129400;2,3869200
5677;202000006276;20;8;2020;10:20;1;94;94073;2;3;1;2;GUY MOCQUET (R);48,7726000;2,3966000
5678;202000006278;20;8;2020;02:45;5;93;93066;2;2;1;3;ORNANO (BOULEVARD);48,9140600;2,3443436
5679;202000006280;19;8;2020;19:00;1;93;93051;2;1;2;2;AUGUSTE RODIN (ALLEE);48,8349915;2,5479565
5680;202000006281;20;8;2020;16:20;1;93;93048;2;3;1;3;BOISSIERE (BOULEVARD DE LA);48,8775650;2,4607250
5681;202000006282;20;8;2020;16:10;1;93;93057;2;1;1;-1;AV ARISTIDE BRIAND;48,9110700;2,5166900
5682;202000006283;20;8;2020;20:10;1;93;93029;2;2;1;2;HENRI BARBUSSE (AVE) N°2-124;48,9160200;2,4435500
5683;202000006284;20;8;2020;02:20;5;93;93005;1;1;1;7;MARC CHAGALL (BOULEVARD);48,9507900;2,4797100
5684;202000006285;20;8;2020;06:50;1;92;92078;2;3;1;3;MARECHAL LECLERC (AVENUE) (PAIRS);48,9378130;2,3243420
5685;202000006286;19;8;2020;14:02;1;92;92078;2;3;1;3;VERDUN (AVENUE) (PAIRS 2 A 38);48,9356383;2,3338866
5686;202000006287;20;8;2020;15:50;1;92;92026;2;4;1;3;BOULEVARD CIRCULAIRE;48,8888934;2,2507777
5687;202000006288;20;8;2020;17:30;1;01;01074;1;1;7;3;Route de Priay;45,9996670;5,2091230
5688;202000006289;20;8;2020;20:15;1;91;91086;1;9;1;6;Bois de Saint Eutrope;48,6261010;2,3884960
5689;202000006290;20;8;2020;16:25;5;06;06161;2;1;1;-1;Avenue de la Libération;43,6580480;7,1239000
5690;202000006291;20;8;2020;17:30;1;84;84044;1;1;1;1;D205;44,2270120;5,1287270
5691;202000006293;21;8;2020;15:30;1;84;84083;1;1;7;1;chemin de la tapie;44,2095030;4,7266420
5692;202000006294;21;8;2020;02:15;3;36;36006;1;1;1;2;;46,5533230;1,5061780
5693;202000006295;21;8;2020;10:45;1;62;62448;2;1;1;6;1153 Route Nationale;50,6651140;1,6790310
5694;202000006296;19;8;2020;18:15;1;51;51605;1;1;1;7;D1;49,0783060;3,8494610
5695;202000006297;20;8;2020;08:10;1;51;51434;1;1;1;2;D3;49,0137683;4,0713728
5696;202000006298;20;8;2020;17:45;1;51;51196;1;1;1;1;Lieu Dit Les Buissons;48,9930960;4,0132426
5697;202000006299;18;8;2020;16:00;1;19;19002;1;3;1;-1;D1089;45,6000470;2,4030020
5698;202000006300;21;8;2020;17:00;1;67;67191;2;1;1;1;39 Rue de Kalhausen;49,0189980;7,0869380
5699;202000006301;20;8;2020;17:20;1;80;80527;1;3;1;4;D925;50,0649910;1,4972310
5700;202000006302;20;8;2020;18:55;1;80;80649;1;1;1;7;D940;50,3076790;1,6358520
5701;202000006303;17;8;2020;12:55;1;32;32152;1;1;1;6;D124;43,4080580;0,1512630
5702;202000006304;21;8;2020;18:20;1;71;71263;2;7;1;3;Promenade de la Charité;46,6270667;5,2215743
5703;202000006305;20;8;2020;13:50;1;83;83068;1;1;1;1;Camping des Mûres;43,2844150;6,5903220
5704;202000006306;20;8;2020;08:30;1;63;63180;1;1;7;1;D1093;45,8878280;3,3215620
5705;202000006307;16;8;2020;07:00;2;46;46330;1;1;2;6;Granges de Mezels;44,9361990;1,6878660
5706;202000006308;20;8;2020;23:36;3;68;68234;1;1;1;4;RD 18 bis;47,9555020;7,3523000