;Num_Acc;jour;mois;an;hrmn;lum;dep;com;agg;int;atm;col;adr;lat;long
5707;202000006309;20;8;2020;16:45;5;68;68297;2;2;1;3;HESINGUE ( RUE );47,6090200;7,5334000
5708;202000006310;21;8;2020;05:05;3;39;39219;1;1;1;5;6 Route Nationale;47,1703280;5,7772880
5709;202000006311;20;8;2020;19:30;2;39;39331;1;1;1;1;D55;46,7559970;6,1845020
5710;202000006312;11;8;2020;08:30;1;44;44192;1;4;1;2;La Cannelais;47,2741094; -2,0086849
5711;202000006313;20;8;2020;13:00;1;29;29183;2;1;1;7;Rue du Couvent;48,5725820; -3,6100250
5712;202000006314;5;8;2020;18:30;1;38;38041;1;1;1;6;Route de la Trappe;45,2025700;5,2497600
5713;202000006315;14;8;2020;17:30;1;38;38001;1;1;1;2;114 Rue de la République;45,5361590;5,5691480
5714;202000006316;20;8;2020;17:20;1;15;15187;2;2;1;3;Avenue de Verdun;45,0316460;3,0860900
5715;202000006317;19;8;2020;14:10;1;70;70477;2;1;1;6;Grande Rue;47,5618730;6,6285570
5716;202000006318;20;8;2020;12:20;1;70;70152;1;2;1;3;RD 12;47,3827910;5,7766310
5717;202000006319;21;8;2020;18:40;1;50;50551;2;1;1;1;Place Auguste Cousin;49,3867730; -1,5292670
5718;202000006320;21;8;2020;18:10;1;90;90090;1;3;1;3;Saint-Dizier-l'Évêque;47,4598320;6,9436020
5719;202000006321;21;8;2020;18:10;1;45;45333;1;1;1;1;21 Rue de Trainou;47,9417551;2,0542429
5720;202000006322;20;8;2020;16:20;3;36;36193;1;2;1;-1;la Gimonerie;46,8704460;1,3211380
5721;202000006323;20;8;2020;09:27;1;07;07262;1;1;1;6;;44,5987520;3,9815870
5722;202000006324;18;7;2020;08:30;1;07;07237;1;1;1;6;D21;44,8575116;4,7121048
5723;202000006325;13;8;2020;12:00;1;27;27206;2;1;1;6;2 rue des granges;48,7967250;1,1134500
5724;202000006326;20;8;2020;16:25;1;87;87187;1;1;1;7;Les Jalladeas du Midi;45,4978800;1,1803220
5725;202000006327;21;8;2020;10:20;1;88;88408;2;1;1;6;3 Quai de la Parelle;47,9227610;6,6601330
5726;202000006328;20;8;2020;23:15;3;24;24045;1;1;1;6;D23;44,7246000;0,6491000
5727;202000006329;21;8;2020;10:00;1;01;01427;2;6;1;2;Quai de Saone;45,9385640;4,7799220
5728;202000006330;21;8;2020;09:55;1;13;13004;1;1;1;2;Autoroute A54 pk 23.311 sens 2;43,6872390;4,5483400
5729;202000006331;18;8;2020;09:20;1;11;11202;2;1;1;6;Avenue de Septimanie;42,8581490;3,0406590
5730;202000006332;19;8;2020;15:30;1;37;37171;1;1;2;1;;47,4044910;0,8926820
5731;202000006333;21;8;2020;15:35;1;77;77315;2;1;1;1;Avenue du 27 Aout 1944 - D934;48,8815100;2,8232290
5732;202000006334;21;8;2020;07:50;1;77;77531;1;1;8;5;D92;48,2824930;2,9826590
5733;202000006335;20;8;2020;19:00;1;77;77267;1;1;1;1;D40;48,2175130;2,7049730
5734;202000006336;19;8;2020;17:00;1;2B;2B007;1;1;1;7;D84;42,2878500;8,8895700
5735;202000006337;20;8;2020;19:25;1;66;66208;1;1;1;6;D80;42,6303360;2,9536380
5736;202000006339;5;8;2020;16:55;1;70;70262;1;3;1;5;Route de la Gare;47,6731290;6,3856740
5737;202000006340;20;8;2020;19:45;2;89;89198;1;9;1;2;Autoroute A6 PK 155;47,8562373;3,5662413
5738;202000006341;19;8;2020;10:00;1;67;67067;2;3;1;3;16 Rue du Château;48,7315400;7,7112220
5739;202000006342;16;8;2020;17:15;1;67;67397;1;1;1;7;D20;48,2987550;7,6800660
5740;202000006343;21;8;2020;08:30;1;69;69197;2;1;1;-1;530 Rue du Beaujolais;46,0694330;4,6485510
5741;202000006344;21;8;2020;14:40;1;69;69086;1;6;1;3;D70;45,8471570;4,6705410
5742;202000006346;21;9;2020;17:00;1;77;77023;2;2;1;1;8 Rue de Meaux;49,0164260;2,8826240
5743;202000006347;20;10;2020;19:15;2;11;11262;2;1;1;2;RD 6009 NARBONNE - PERPIGNAN;43,1868400;2,9728500
5744;202000006348;10;10;2020;23:45;5;976;97611;2;1;1;7;kaweni-Centrale (rue); -12,7757400;45,2241500
5745;202000006349;13;1;2020;17:50;5;06;06088;2;3;1;1;CANAVESE (RUE JEAN);43,7217800;7,2495900
5746;202000006350;11;12;2020;23:45;5;44;44028;2;1;1;6;Rue du Prieuré Saint-philbert;47,3217970; -1,3444820
5747;202000006352;24;12;2020;11:10;1;72;72176;2;7;2;6;Place Francois de Nicolay;47,6469650;0,1567210
5748;202000006353;23;12;2020;19:00;2;27;27116;1;1;1;7;Rue des 7 Ponts;49,2140510;0,7077060
5749;202000006354;22;7;2020;16:15;1;64;64122;2;1;1;3;VERDUN (AVENUE DE);43,4845700; -1,5587400
5750;202000006355;10;7;2020;18:45;1;64;64102;2;3;2;3;AMOU (BOULEVARD JEAN D');43,4956200; -1,4660700
5751;202000006356;10;7;2020;09:25;1;64;64102;2;1;1;2;LACHEPAILLET (RUE DES REMPARTS);43,4888000; -1,4785500
5752;202000006357;9;7;2020;17:00;1;64;64024;2;6;1;3;COMPAGNET (GIRATOIRE DE);43,4605472; -1,4962046
5753;202000006358;7;7;2020;18:53;1;67;67218;1;1;1;2;Autoroute A.35;48,5480934;7,7295148
5754;202000006359;14;3;2020;03:40;3;67;67482;1;1;1;2;Autoroute A.35;48,5644654;7,7332259
5755;202000006360;6;8;2020;01:10;3;14;14100;1;1;1;6;D23;49,0541970; -0,3291990
5756;202000006361;8;10;2020;07:00;5;30;30351;2;1;1;5;GAMBETTA BOULEVARD LEON;43,9716200;4,7918400
5757;202000006362;14;11;2020;21:30;3;62;62274;2;3;2;3;HUIT MAI 1945;50,4329600;2,9991800
5758;202000006363;29;12;2020;13:48;1;68;68066;2;1;7;6;POINCARE (AVENUE RAYMOND);48,0713200;7,3497600
5759;202000006364;10;12;2020;18:20;5;62;62351;2;1;1;3;LECLERC (R DU MARECHAL);50,4231570;2,9008300
5760;202000006365;30;11;2020;13:38;1;01;01053;2;2;1;3;Avenue Amédée Mercier;46,1963975;5,2656421
5761;202000006367;11;11;2020;12:10;1;19;19272;2;1;1;7;Champeau (Lieu dit);45,2730900;1,7838800
5762;202000006369;30;12;2020;13:50;1;971;97113;1;1;7;1;SECTION TOMBEAU;16,2183500; -61,4775300
5763;202000006370;3;9;2020;02:30;5;84;84007;2;9;1;1;C.De GAULLE (Rocade);43,9305500;4,8320500
5764;202000006371;21;12;2020;18:08;3;33;33039;1;1;1;2;A631;44,8122900; -0,5337900
5765;202000006372;10;12;2020;17:55;1;29;29019;2;3;2;6;Avenue Victor le Gorgeu;48,4031700; -4,5041700
5766;202000006373;2;12;2020;00:10;5;17;17300;2;1;2;6;ARVEDE-BARINE   RUE;46,1721900; -1,1557800
5767;202000006374;24;12;2020;14:20;1;13;13047;1;2;1;3;CRAU AVENUE DE LA;43,5852750;4,9451318
5768;202000006375;21;4;2020;22:45;3;59;59447;1;6;1;6;RD 50;50,4091500;3,5844200
5769;202000006376;26;8;2020;17:55;1;15;15014;2;9;1;2;PUPILLES DE LA NATION (AVENUE DES);44,9213300;2,4396800
5770;202000006377;23;6;2020;14:00;1;976;97611;2;1;1;2;kaweni-SPPM ( rue de la ); -12,7715400;45,2234600
5771;202000006378;3;10;2020;14:00;1;976;97611;2;1;1;3;m'tsapere-M'tsapéré- M'tsangani ( rue ); -12,7880300;45,2253000
5772;202000006379;16;5;2020;10:05;1;976;97611;2;1;1;7;cavani-Rond point du Baobab; -12,7861100;45,2256000
5773;202000006380;18;5;2020;16:15;1;976;97611;1;1;1;1;tsoundzou-Mangadzia  Tsoundzou 2 (rue ); -12,8193400;45,1960600
5774;202000006384;4;5;2020;12:05;1;976;97611;1;1;1;2;passamanty-Vahibé ( route ); -12,7934900;45,1961400
5775;202000006385;1;5;2020;16:30;1;976;97611;2;1;1;3;doujani-Mosquée de doujani ( rue de la ); -12,7952400;45,2133800
5776;202000006386;27;7;2020;12:48;1;976;97611;2;1;1;6;mamoudzou centre-Haladi Selemani ( rue ); -12,7798100;45,2279800
5777;202000006387;3;6;2020;09:44;1;976;97611;1;9;1;3;mgombani-Mahabou (rue de ); -12,7831800;45,2346800
5778;202000006389;29;7;2020;17:35;1;976;97611;2;1;1;3;passamanty-Mnadzi moja (rue ); -12,7810045;45,2303743
5779;202000006390;25;9;2020;15:46;1;976;97611;2;1;1;6;m'tsapere-Nationale 2 (route); -12,7886000;45,2248300
5780;202000006391;5;4;2020;06:50;1;976;97611;1;1;1;6;vahibe-Departementale 3 ( route ); -12,7951300;45,1961500
5781;202000006392;10;12;2020;07:30;1;976;97611;2;1;1;5;passamanty-Vahibé ( route ); -12,8018500;45,2118600
5782;202000006393;26;5;2020;08:15;1;976;97611;2;1;1;7;kaweni-Mangrove (route de la); -12,7717850;45,2256080
5783;202000006394;2;5;2020;13:00;1;976;97611;2;1;1;7;kaweni-Mahabourini ( rue ); -12,7718800;45,2206640
5784;202000006396;18;12;2020;18:20;3;62;62587;1;2;1;3;CD 46;50,4318420;2,9221660
5785;202000006397;10;12;2020;11:26;1;07;07102;2;1;1;6;REPUBLIQUE (AV. DE LA) [DU N° AU N°];44,9383100;4,8688100
5786;202000006398;27;12;2020;13:35;1;31;31080;2;3;1;3;rue neuve;43,2913690;0,6473670
5787;202000006399;11;3;2020;18:50;2;91;91461;2;1;1;1;Route de Limours;48,6005350;2,2334950
5788;202000006400;2;6;2020;06:20;1;976;97611;2;1;1;3;m'tsapere-Nationale 2 (route); -12,7850110;45,1996840
5789;202000006401;10;12;2020;11:42;1;976;97611;2;1;1;3;kaweni-Pendu (Place); -12,7593900;45,2299200
5790;202000006402;23;5;2020;17:35;1;976;97611;2;1;1;1;kaweni-Grande Traverse (rue de la); -12,7712600;45,2235900
5791;202000006403;25;8;2020;08:20;1;976;97611;2;1;1;3;kaweni-Mbambouni (rue); -12,7758400;45,2259700
5792;202000006404;21;7;2020;17:45;1;976;97611;2;1;1;6;vahibe-Departementale 3 ( route ); -12,7873300;45,1756300
5793;202000006405;26;9;2020;17:06;1;976;97611;2;1;1;3;tsoundzou-Mariage (place -tsoundzou 2); -12,8082600;45,2042300
5794;202000006406;5;11;2020;16:20;1;971;97101;1;1;1;6;LES ALIZES (RESIDENCE);16,2740510; -61,4981330
5795;202000006407;9;11;2020;15:50;1;76;76351;1;1;1;2;DAUBREE;49,5129900;0,1128960
5796;202000006408;29;10;2020;18:00;2;52;52448;2;9;8;6;LOUBERT (AVENUE DE);48,6491100;4,9598900
5797;202000006409;12;2;2020;22:00;5;976;97611;2;1;1;2;passamanty-Vahibé ( route ); -12,7892200;45,1782900
5798;202000006410;26;12;2020;11:45;1;69;69386;2;1;1;3;GENERAL SARRAIL (DU)                (QU);45,7674800;4,8413000
5799;202000006411;28;11;2020;18:57;3;84;84080;2;9;1;7;LORIOL ROUTE DE;44,0457900;4,9988800
5800;202000006412;20;12;2020;15:55;1;64;64445;2;1;1;6;LATAPIE;43,2954000; -0,3681000
5801;202000006413;30;12;2020;18:00;2;29;29019;2;1;1;2;D112 - Pen Ar Ch’Leuz;48,4154593; -4,4793231
5802;202000006414;8;1;2020;20:15;5;13;13054;2;9;1;2;8 MAI 1945 (AV DU );43,4117100;5,2190700
5803;202000006416;22;12;2020;10:00;1;44;44131;2;6;1;3;Rue du Traité de Maastricht;47,1248520; -2,1271690
5804;202000006418;11;12;2020;19:52;5;67;67118;2;3;2;6;41 Rue d'Oberhausbergen;48,5837410;7,6870390
5805;202000006419;22;12;2020;20:50;3;33;33004;1;1;1;1;Ambès;44,9941910; -0,5203680
5806;202000006420;28;12;2020;19:15;3;13;13202;1;1;8;2;A55-Sens Marseille vers Martigues;43,3126300;5,3681800
5807;202000006421;24;7;2020;21:25;2;26;26281;2;1;1;1;8 Rue des Recollets ;45,0453000;5,0340200
5808;202000006422;8;8;2020;13:00;1;976;97611;2;1;1;3;mamoudzou centre-Adrian SOULI (avenue); -12,7924400;45,2207900
5809;202000006423;1;4;2020;18:00;1;976;97611;2;1;1;3;kaweni-Kaweni nord ( Z I ); -12,7576400;45,2300700
5810;202000006424;17;2;2020;08:55;1;976;97611;2;1;1;3;kaweni-Kaweni sud  (Z I); -12,7721000;45,2251200
5811;202000006425;12;4;2020;19:20;5;976;97611;2;3;1;3;cavani-Salamani  (rue ); -12,7845900;45,2198400
5812;202000006426;16;6;2020;07:00;1;976;97611;2;1;1;7;m'tsapere-Nationale 2 (route); -12,7907300;45,1996410
5813;202000006427;1;10;2020;09:40;1;976;97611;2;9;1;3;kaweni-Poste ( rue de la ); -12,7725800;45,2231900
5814;202000006428;21;12;2020;15:45;1;2A;2A004;2;9;1;-1;Cours du Prince Imperial;41,9270334;8,7393716
5815;202000006429;12;12;2020;10:10;1;84;84007;1;1;1;1;TARTAY (CHEMIN DE) MTF;43,8924400;4,9165000
5816;202000006430;12;11;2020;10:50;1;84;84007;1;1;1;6;ALLENDE (Avenue);43,9293300;4,8009800
5817;202000006431;22;12;2020;21:35;5;33;33063;2;4;1;7;AVE THIERS;44,8526100; -0,5399500
5818;202000006432;26;12;2020;15:15;1;14;14220;2;1;1;6;AGUSTE-DECAENS (RUE);49,3592144;0,0857063
5819;202000006433;9;12;2020;16:18;1;05;05061;2;1;7;6;EMBRUN ( AVENUE D');44,5692000;6,1026900
5820;202000006435;28;12;2020;16:32;1;69;69244;2;1;1;3;49 Avenue Victor Hugo;45,7662690;4,7841540
5821;202000006436;22;12;2020;09:40;1;24;24028;1;1;1;6;Avenue de Monpazier;44,7538380;0,7730130
5822;202000006438;28;10;2020;08:20;1;38;38445;1;1;8;1;Route Napoléon;45,0513320;5,7534890
5823;202000006439;15;10;2020;13:00;1;38;38455;1;3;1;3;Route du Bugey;45,6335100;5,2951500
5824;202000006440;4;10;2020;15:10;1;38;38455;1;9;8;2;Chemin de Fayatel;45,6517320;5,3069380
5825;202000006441;4;2;2020;12:15;1;94;94081;2;1;1;6;DIX JUILLET 1940 (R DU);48,7868360;2,3965130
5826;202000006442;6;11;2020;08:35;1;976;97611;2;9;1;3;kaweni-Kaweni nord ( Z I ); -12,7602600;45,2265000
5827;202000006443;7;3;2020;19:05;3;976;97611;2;1;1;7;kaweni-Kaweni nord ( Z I ); -12,7651200;45,2253100
5828;202000006444;25;9;2020;06:17;1;976;97611;2;1;1;6;m'tsapere-Nationale 2 (route); -12,8034800;45,2125900
5829;202000006445;5;3;2020;08:50;1;976;97611;2;1;1;7;kaweni-Kaweni nord ( Z I ); -12,7637000;45,2256600
5830;202000006446;25;2;2020;15:15;1;976;97611;2;1;1;1;kaweni-Mangrove (route de la); -12,7694300;45,2240300
5831;202000006447;7;2;2020;19:05;3;976;97611;2;1;1;7;kaweni-Massakini (rue); -12,7624600;45,2261800
5832;202000006449;23;12;2020;17:30;5;59;59648;2;4;3;6;REPUBLIQUE PLACE DE LA;50,5819000;3,0451000
5833;202000006450;25;12;2020;21:55;5;34;34301;2;3;1;3;VERDUN (BOULEVARD DE);43,4110257;3,6790037
5834;202000006451;31;5;2020;08:00;1;93;93001;2;6;1;6;BERGERIES (RUE DES);48,9211367;2,3754446
5835;202000006452;28;12;2020;14:40;1;11;11261;1;1;1;6;A61 PK 351.800 sens TOULOUSE-NARBONNE;43,1741680;2,6608370
5836;202000006453;25;11;2020;14:00;1;07;07348;1;1;1;1;D579;44,5462960;4,4116770
5837;202000006454;23;12;2020;17:30;3;67;67152;1;1;3;4;FRANCE - ALLEMAGNE;48,5216100;7,6663000
5838;202000006455;29;5;2020;16:36;1;76;76681;2;2;1;1;RASPAIL. RUE FRANCOIS;49,4162600;1,0962000
5839;202000006456;22;10;2020;11:20;1;38;38544;2;1;2;6;ROMESTANG(COURS);45,5225800;4,8742600
5840;202000006457;12;11;2020;07:52;1;976;97611;2;1;1;7;kaweni-Kaweni nord ( Z I ); -12,7793900;45,2274900
5841;202000006458;7;12;2020;12:20;1;976;97611;2;1;1;6;mamoudzou centre-Jardin du collège(rue d; -12,7793900;45,2274900
5842;202000006459;13;2;2020;19:30;5;976;97611;2;1;1;7;vahibe-Vietnam (rue); -12,7892200;45,1754500
5843;202000006460;6;3;2020;06:00;2;976;97611;2;1;1;7;m'tsapere-Nationale 2 (route); -12,7930700;45,2173500
5844;202000006461;16;7;2020;11:45;1;976;97611;2;1;1;3;mgombani-Mahabou (rond point); -12,7808500;45,2337600
5845;202000006462;21;9;2020;14:40;1;976;97611;2;1;1;7;cavani-Rond point du Stade; -12,7829700;45,2234800
5846;202000006465;25;12;2020;20:30;5;80;80021;2;3;1;2;PARIS (RUE DE);49,8874000;2,2889100
5847;202000006466;24;12;2020;15:00;1;80;80021;2;2;1;3;QUATORZE JUILLET 1789 (AVENUE DU);49,8752900;2,2819800
5848;202000006467;23;12;2020;17:50;5;80;80261;1;6;1;2;RD 1001;49,8620500;2,2690800
5849;202000006468;30;11;2020;11:16;1;79;79191;2;1;1;1;Rue des 3 Ponts;46,3120300; -0,5174700
5850;202000006469;29;12;2020;20:30;5;78;78586;2;3;1;6;PERI (GABRIEL);48,9437700;2,1729000
5851;202000006470;24;11;2020;20:30;5;59;59350;2;1;2;6;DOREZ BARTHELEMY PLACE;50,6180680;3,0495603
5852;202000006471;21;12;2020;09:15;1;59;59560;2;9;2;6;LILLE ROUTE DE;50,5676057;3,0435093
5853;202000006472;23;12;2020;08:30;1;49;49007;2;1;1;7;MADELEINE;47,4620300; -0,5412900
5854;202000006473;11;12;2020;08:15;2;39;39198;2;1;1;6;58 Rue Claude Lombard;47,0979000;5,4885100
5855;202000006474;20;12;2020;16:45;1;34;34301;2;1;1;1;EAUX BLANCHES (ZONE INDUSTRIELLE DES);43,4174317;3,7089523
5856;202000006475;23;12;2020;18:20;5;33;33063;2;1;2;6;RUE DOCTEUR JEAN VINCENT;44,8760900; -0,5594700
5857;202000006476;27;11;2020;15:40;1;33;33281;2;1;1;2;AVE DE MAGUDAS;44,8563500; -0,6517300
5858;202000006477;18;12;2020;08:45;2;33;33281;2;4;5;3;SOMME (AVE DE LA);44,8317900; -0,6551900
5859;202000006478;19;12;2020;18:20;5;29;29019;2;1;2;6;Boulevard de l’Europe;48,4138200; -4,4823300
5860;202000006479;14;8;2020;00:45;3;27;27701;2;1;1;6;TESTELET (VOIE DU);49,2500950;1,1802920
5861;202000006480;18;12;2020;18:00;5;25;25031;2;3;1;6;JAURES (AVENUE JEAN);47,4889500;6,8256000
5862;202000006481;31;12;2020;14:10;1;13;13204;2;3;2;6;SAINT JUST (AVENUE DE);43,3125280;5,4015400
5863;202000006482;5;1;2020;08:40;1;92;92036;2;1;2;3;GALLIENI (BOULEVARD) (2/20);48,9243098;2,3239410
5864;202000006484;18;12;2020;20:00;3;72;72364;1;1;1;6;D11;47,6545340;0,3279910
5865;202000006485;17;12;2020;16:05;1;69;69091;1;1;2;2;A47;45,5896600;4,7765200
5866;202000006486;29;10;2020;14:55;1;35;35238;2;2;8;3;FOUGERES (RUE DE);48,1235760; -1,6595160
5867;202000006487;31;12;2020;17:44;1;87;87085;2;1;1;1;FREDON (RUE JEAN);45,8365700;1,2735400
5868;202000006488;31;12;2020;09:07;1;87;87085;2;1;1;6;DUNANT (AVENUE HENRI);45,8247919;1,2447663
5869;202000006489;30;12;2020;14:26;1;87;87085;2;1;1;6;BELLAC (RUE DE);45,8505900;1,2448000
5870;202000006490;3;12;2020;15:45;1;83;83050;2;9;1;1;JUIN( AVENUE DU MARECHAL);43,5307100;6,4701700
5871;202000006492;31;12;2020;09:50;1;76;76575;2;6;1;3;GUYNEMER. RUE GEORGES;49,3974900;1,0807700
5872;202000006493;31;12;2020;19:52;5;69;69290;2;2;3;3;JEAN ZAY                            (R );45,7083900;4,9087800
5873;202000006495;29;12;2020;20:00;5;59;59650;2;1;2;1;MARTINOIRE (RUE DE LA);50,7170460;3,1966360
5874;202000006496;31;12;2020;21:20;3;59;59574;2;1;1;6;WARUSFEL(RUE) RESIDENCE GERMINAL;50,3681900;3,2694300
5875;202000006497;31;12;2020;16:45;1;31;31555;1;1;1;2;VA007331 A620;43,5733100;1,4102600
5876;202000006498;28;12;2020;15:19;1;02;02168;2;1;1;3;ESSOMES (AVENUE D');49,0411990;3,3889040
5877;202000006499;30;12;2020;10:20;1;94;94068;2;1;1;3;SAINT LOUIS (AV);48,7894200;2,5027500
5878;202000006500;19;11;2020;18:40;2;92;92062;2;1;1;3;WALLACE (BD RICHARD) DU 2 AU 28 ET DU 1;48,8786850;2,2422450
5879;202000006502;31;12;2020;12:20;1;56;56243;1;1;1;2;Route de Nantes;47,6496590; -2,7166320
5880;202000006503;5;1;2020;16:40;1;29;29024;2;3;1;6;Avenue Victor Hugo;48,2770351; -3,5604328
5881;202000006504;29;8;2020;17:24;1;18;18042;1;1;1;6;D2144;46,7472350;2,4648320
5882;202000006505;26;12;2020;10:00;1;971;97116;2;1;1;1;Bosredon;16,3067840; -61,4908380
5883;202000006506;10;12;2020;20:55;5;06;06147;2;1;1;1;241 Route de Levens;43,8014450;7,2711850
5884;202000006507;24;12;2020;16:55;2;69;69298;1;3;2;1;Route d'Heyrieux;45,6751331;4,9705406
5885;202000006508;31;12;2020;18:34;3;13;13215;1;1;8;3;A55-Sens Martigues vers Marseille;43,3336900;5,3543400
5886;202000006509;30;10;2020;14:30;1;02;02134;2;1;1;1;Rue de Paris;49,9105730;4,0693350
5887;202000006510;7;6;2020;09:10;1;49;49092;1;1;1;7;La Planche de Cossé (cossé-d'Anjou);47,1735170; -0,6688460
5888;202000006511;21;12;2020;18:15;3;41;41223;1;1;2;1;D32;47,6141630;1,2253830
5889;202000006512;22;12;2020;09:00;1;24;24030;1;1;8;2;autoroute a.89 - PK.162.500;45,1636310;1,2276500
5890;202000006513;6;12;2020;02:30;3;80;80746;2;1;1;7;Route Nationale;50,0255783;2,3187160
5891;202000006515;31;12;2020;15:55;1;987;98729;1;1;1;1;Pk 24 Haapiti; -17,5331890; -149,8386110
5892;202000006516;7;9;2020;18:00;1;25;25056;2;1;1;6;CHENIER RUE ANDRE;47,2171155;5,9495000
5893;202000006517;1;10;2020;10:40;1;976;97611;2;1;1;2;doujani-Mosquée doujani ( rue ); -12,7935300;45,2163410
5894;202000006518;31;12;2020;11:55;1;972;97209;1;1;1;3;RD 41;14,6161200; -61,0606400
5895;202000006519;29;12;2020;14:45;1;69;69381;2;2;1;3;ALGERIE (D')                        (R );45,7672444;4,8309508
5896;202000006520;31;12;2020;19:25;5;77;77449;2;1;1;6;BD LA MERIDIENNE;48,8513197;2,7844687
5897;202000006521;31;12;2020;17:30;3;71;71445;1;1;2;3;RN 80;46,7599393;4,8650658
5898;202000006522;28;12;2020;17:25;5;69;69256;2;4;2;6;ERNEST RENAN                        (R );45,7851300;4,9104300
5899;202000006523;29;12;2020;06:02;5;63;63113;2;1;1;6;CHATEAU DES VERGNES (RUE DU);45,8078300;3,1257800
5900;202000006524;21;12;2020;17:45;5;59;59350;2;1;1;6;TURIN BOULEVARD;50,6390200;3,0763900
5901;202000006525;29;12;2020;12:15;1;42;42186;2;1;1;6;Rue Dorian;45,5310750;4,6223080
5902;202000006526;29;12;2020;09:15;1;35;35238;2;6;1;3;ROUTE DE ST MALO;48,1323500; -1,6911000
5903;202000006527;31;12;2020;17:45;5;75;75120;2;2;1;3;BOULEVARD DAVOUT;48,8606100;2,4094930
5904;202000006528;31;12;2020;16:15;1;75;75120;2;1;1;3;BOULEVARD DAVOUT;48,8518820;2,4110260
5905;202000006529;31;12;2020;16:40;2;75;75115;2;2;1;2;RUE DE LA CONVENTION;48,8459050;2,2773920
5906;202000006530;31;12;2020;20:30;4;94;94076;2;1;8;6;PRESIDENT ALLENDE (AV DU);48,7958800;2,3522000
5907;202000006531;31;12;2020;13:52;1;94;94033;2;1;2;6;MARECHAL JOFFRE (AV DU);48,8528900;2,4832700
5908;202000006532;31;12;2020;17:25;5;93;93005;2;2;1;6;R EUGENE DELACROIX / BD MARC CHAGALL;48,9530300;2,4991000
5909;202000006533;31;12;2020;14:12;1;92;92048;2;3;1;3;GARDES (ROUTE DES) N° 55 A 87;48,8157715;2,2248935
5910;202000006534;30;12;2020;19:50;3;11;11005;1;1;1;5;A61- pk 314.650 sens NARBONNE-TOULOUSE;43,2044410;2,2477560
5911;202000006535;25;11;2020;05:25;2;972;97217;1;1;1;1;Pointe Borgnèse (Informations);14,4503090; -60,8979380
5912;202000006537;31;12;2020;14:45;1;59;59278;2;1;1;6;Avenue Industrielle;50,6049900;2,9515400
5913;202000006538;31;12;2020;16:15;1;44;44097;1;3;1;1;Route de Kerlagadec;47,3955570; -2,4672780
5914;202000006539;31;12;2020;15:00;1;66;66003;2;1;1;6;Ville Nouvelle;42,4810270;2,6785450
5915;202000006540;31;12;2020;22:50;3;17;17335;2;1;1;6;Rue de la Rosiere;45,3743720; -0,6442830
5916;202000006542;31;12;2020;22:43;5;987;98715;2;1;1;6;PK 4+700 - RT 1 - CHAUSSEE; -17,5845220; -149,5685780
5917;202000006543;26;11;2020;18:00;5;75;75114;2;1;1;3;BOULEVARD PERIPHERIQUE;48,8240040;2,3076690
5918;202000006544;26;11;2020;17:00;1;75;75114;2;4;1;4;ECHANGEUR ORLEANS;48,8195750;2,3281010
5919;202000006545;25;11;2020;15:10;1;75;75120;2;4;1;6;PORTE DE BAGNOLET;48,8685370;2,4132370
5920;202000006546;26;11;2020;17:50;5;75;75120;2;1;1;6;RUE DE MENILMONTANT;48,8697780;2,3938140
5921;202000006547;26;11;2020;15:50;1;75;75119;2;3;1;3;AVENUE JEAN JAURES;48,8851750;2,3793690
5922;202000006548;26;11;2020;07:50;2;75;75118;2;1;1;3;BOULEVARD DE LA CHAPELLE;48,8842080;2,3545110
5923;202000006549;26;11;2020;21:40;5;75;75117;2;2;1;7;AVENUE DE LA PORTE DES TERNES;48,8814960;2,2818000
5924;202000006550;26;11;2020;08:12;1;75;75117;2;2;1;2;AVENUE DE CLICHY;48,8915480;2,3184430
5925;202000006551;26;11;2020;06:47;5;75;75117;2;2;1;2;BOULEVARD BESSIERES;48,8943150;2,3137680
5926;202000006552;26;11;2020;18:05;5;75;75115;2;5;1;6;BOULEVARD DU MONTPARNASSE;48,8450790;2,3201290
5927;202000006553;26;11;2020;20:05;5;75;75113;2;1;1;6;RUE DE DOMREMY;48,8287830;2,3701420
5928;202000006554;26;11;2020;07:55;1;75;75113;2;4;1;3;AVENUE DE LA PORTE D IVRY;48,8202700;2,3718150
5929;202000006555;26;11;2020;15:20;1;75;75108;2;7;7;2;RUE ROYALE;48,8666610;2,3220200
5930;202000006556;26;11;2020;22:05;5;75;75107;2;1;1;2;QUAI ANATOLE FRANCE;48,8602830;2,3269280
5931;202000006557;26;11;2020;14:40;1;75;75104;2;1;1;6;RUE AUBRIOT;48,8583140;2,3568120
5932;202000006558;26;11;2020;22:10;5;94;94081;2;6;1;3;PRESIDENT SALVADOR ALLENDE (AV DU);48,7960700;2,4169900
5933;202000006559;26;11;2020;19:15;5;94;94078;2;1;1;6;PIERRE SEMARD (PL);48,7290000;2,4460000
5934;202000006560;26;11;2020;09:10;1;94;94042;2;1;1;2;EUROPE (BD DE L);48,8144100;2,4637900
5935;202000006561;26;11;2020;17:45;3;94;94046;2;1;1;6;VALENTON (R DE);48,7900600;2,4385530
5936;202000006562;26;11;2020;12:10;1;94;94076;2;1;1;6;KARL MARX (AV);48,7845250;2,3606070