;Num_Acc;jour;mois;an;hrmn;lum;dep;com;agg;int;atm;col;adr;lat;long
5937;202000006563;26;11;2020;13:55;1;94;94079;2;3;1;2;GENERAL LECLERC (R DU);48,8216900;2,5404800
5938;202000006564;26;11;2020;16:15;1;93;93078;2;1;1;3;SAUSSET (AVENUE DU);48,9615220;2,5110267
5939;202000006565;26;11;2020;13:45;1;93;93064;2;1;1;6;PERI (BOULEVARD GABRIEL) 39 / 44 - FIN;48,8774501;2,4783000
5940;202000006566;25;11;2020;17:30;2;93;93032;2;1;1;1;ABBESSES  (CHEMIN D'ACCES AUX);48,8765163;2,5614912
5941;202000006567;26;11;2020;06:05;5;93;93013;2;3;1;3;R DDU COMMANDANT ROLLAND / AV ELISE DEROCHE;48,9330500;2,4281800
5942;202000006568;26;11;2020;16:40;1;93;93057;2;1;1;3;WILSON (AV. DU PRESIDENT) 62 A 129;48,9067850;2,5122626
5943;202000006569;26;11;2020;16:57;2;93;93008;2;1;1;6;MARAT (RUE);48,9169322;2,4171121
5944;202000006570;26;11;2020;08:50;1;93;93005;2;1;1;6;R SADI CARNOT;48,9374600;2,4947600
5945;202000006571;26;11;2020;16:00;1;92;92073;2;3;1;3;PASTEUR (RUE);48,8614430;2,2229330
5946;202000006572;26;11;2020;19:15;5;92;92022;2;1;1;2;SALENGRO (AVENUE ROGER);48,8053401;2,1835032
5947;202000006573;26;11;2020;08:25;2;92;92049;2;2;1;6;JAURES AVENUE JEAN N°52 A FIN;48,8160945;2,3111884
5948;202000006574;25;11;2020;08:45;1;92;92026;2;2;1;6;VERDUN (DE 01 A 61);48,8995020;2,2617030
5949;202000006575;25;11;2020;17:40;2;92;92002;2;1;1;2;MIRABEAU (RUE);48,7391867;2,2992459
5950;202000006576;27;11;2020;14:30;1;12;12210;1;1;1;1;puech de beteil;44,1713740;2,0058630
5951;202000006577;26;11;2020;18:35;3;14;14411;1;2;1;5;la bijude;48,9668360; -0,4022460
5952;202000006578;27;11;2020;19:20;3;47;47108;1;1;1;1;Au Luc;44,4893990;0,1325230
5953;202000006579;26;11;2020;09:45;1;30;30117;2;1;1;6;19 rue des malautières;43,7090010;4,5720130
5954;202000006580;27;11;2020;00:15;3;76;76355;1;1;1;6;Rd 149;49,7081910;0,7196040
5955;202000006581;27;11;2020;07:45;2;79;79322;1;4;1;3;;46,6348960; -0,2696370
5956;202000006582;26;11;2020;12:00;1;33;33506;2;3;7;3;Lieu Dit Balette;44,6882170; -0,0909910
5957;202000006583;26;11;2020;16:30;1;33;33036;1;2;1;3;Lieu Dit le Pontet;44,4498660; -0,2058650
5958;202000006584;29;10;2020;21:30;3;72;72290;1;1;1;2;D338;48,1633300;0,1240360
5959;202000006585;27;11;2020;13:20;1;14;14011;1;1;1;6;D9;49,1395970; -0,6925840
5960;202000006586;27;11;2020;07:45;3;14;14098;1;1;8;6;RD83;49,1500010; -0,5447780
5961;202000006587;27;11;2020;07:30;2;60;60233;2;3;2;6;2 Rue des Glycines;49,6509699;1,8365972
5962;202000006588;27;11;2020;16:15;1;18;18096;2;1;1;6;16 Rue Gaston Cornavin;47,1790450;2,1595340
5963;202000006589;26;11;2020;19:00;3;18;18062;1;1;8;6;Route de Torteron;46,9828400;2,9670060
5964;202000006590;26;11;2020;09:20;1;40;40312;2;1;1;3;rue Joliot Curie;43,5433810; -1,4824170
5965;202000006591;27;11;2020;14:00;1;87;87165;2;1;1;1;Le Bourg;46,3629240;1,2179110
5966;202000006592;26;11;2020;09:20;1;88;88468;2;1;1;6;6 Avenue de Verdun;47,8812450;6,7623440
5967;202000006593;26;11;2020;17:15;2;88;88530;1;1;1;3;Route de Moyenpal;48,0581480;6,3703860
5968;202000006594;27;11;2020;07:30;2;30;30169;1;1;1;1;RN 113 - PR 33+500;43,7861140;4,3152450
5969;202000006595;26;11;2020;19:15;5;13;13069;2;2;1;3;Chemin de la Petite Brulière;43,6327590;5,1533870
5970;202000006596;21;11;2020;18:20;2;13;13073;1;1;1;6;A52, PK 11.700, sens Aix-Aubagne;43,3968200;5,5787800
5971;202000006597;26;11;2020;13:30;1;973;97311;2;1;1;2;avenue symphorien;5,4956830; -54,0302790
5972;202000006598;24;11;2020;19:00;4;971;97122;2;2;1;1;Rue Robert Loyson;16,4166350; -61,5286360
5973;202000006599;27;11;2020;11:20;1;28;28074;1;1;1;2;d24;48,4233270;1,8276790
5974;202000006600;25;11;2020;13:30;1;13;13097;2;1;1;2;Route de Craponne;43,6493680;4,8023400
5975;202000006601;26;11;2020;07:50;1;13;13103;2;9;1;2;avenue de l' europe;43,6421714;5,1027976
5976;202000006602;27;11;2020;08:50;2;10;10257;1;1;8;1;D48;48,5025020;4,3245790
5977;202000006603;26;11;2020;09:10;1;54;54115;2;1;7;6;RD657;48,7289300;6,1703800
5978;202000006604;26;11;2020;21:50;3;24;24195;1;1;1;6;lieu dit la rivière;44,6696910;0,8822000
5979;202000006605;16;11;2020;10:30;1;13;13211;1;1;1;4;A50-Sens Aubagne vers Marseille;43,2926700;5,4541900
5980;202000006606;25;11;2020;17:00;2;13;13214;1;1;1;7;A7-Sens Marseille vers Lyon;43,3199704;5,3777838
5981;202000006607;26;11;2020;08:15;2;77;77251;1;1;1;2;AUTOROUTE A5A;48,6294900;2,5370000
5982;202000006608;26;11;2020;20:50;3;78;78490;1;1;1;6;RN12 INT;48,8002120;1,9814440
5983;202000006609;26;11;2020;18:50;3;78;78133;1;1;1;2;A13;48,8940990;2,0079030
5984;202000006610;26;11;2020;14:50;1;92;92036;1;1;1;2;A86;48,9371304;2,2931028
5985;202000006612;26;11;2020;16:00;1;94;94073;1;1;1;-1;A86 EXT;48,7688460;2,3791999
5986;202000006613;26;11;2020;07:30;2;94;94017;1;1;1;3;A4;48,8294536;2,5282723
5987;202000006614;19;8;2020;02:18;5;24;24322;2;1;1;7;AVENUE GEORGES POMPIDOU;45,1938000;0,7291300
5988;202000006615;15;6;2020;16:40;1;14;14225;2;5;8;3;SECRETAN (AVENUE);49,2876000; -0,1000000
5989;202000006616;15;9;2020;07:45;1;93;93050;2;1;1;7;PAUL ET CAMILLE THOMOUX (RUE) COTE IMPAI;48,8658497;2,5290123
5990;202000006617;24;11;2020;12:30;1;974;97416;1;9;1;2;Route Ancinne RN1; -21,3080320;55,4312830
5991;202000006618;25;11;2020;06:55;1;974;97411;1;3;1;7;Boulevard Jean Jaures; -20,8887900;55,4488040
5992;202000006619;25;11;2020;09:20;1;974;97411;2;3;1;6;Rue Jean Chatel; -20,8807800;55,4506900
5993;202000006620;25;11;2020;10:13;1;973;97302;2;1;1;6;MALOUET;4,9354100; -52,3334000
5994;202000006621;25;11;2020;17:45;5;69;69388;2;1;1;6;ETATS UNIS (DES)                    (BD);45,7305000;4,8668800
5995;202000006622;24;11;2020;22:50;5;69;69199;2;2;1;3;CARNOT                              (R );45,7081379;4,8571955
5996;202000006623;25;11;2020;14:10;1;69;69286;2;4;1;3;HIPPODROME (DE L')                  (AV);45,8149556;4,8848424
5997;202000006624;22;11;2020;15:10;1;69;69202;2;1;1;7;GEORGES CLEMENCEAU                  (R );45,7450600;4,8067000
5998;202000006625;15;11;2020;17:30;1;69;69381;2;1;2;6;MAGNEVAL                            (R );45,7729079;4,8355520
5999;202000006626;25;11;2020;16:45;5;2B;2B037;2;1;1;6;TOUTES RUES;42,6227700;9,4369300
6000;202000006628;25;11;2020;17:00;1;91;91552;1;1;1;6;CD 19;48,5756300;2,2725900
6001;202000006629;25;11;2020;12:55;1;91;91326;2;1;1;6;PETIT (RUE);48,6934600;2,3685000
6002;202000006630;24;11;2020;15:35;1;87;87085;1;1;1;2;AEROPORT LIMOGES BELLEGARDE (AVENUE DE);45,8665900;1,1683800
6003;202000006631;24;11;2020;12:25;1;87;87113;1;1;1;6;LIMOGES (AVENUE DE);45,8544600;1,3064900
6004;202000006632;24;11;2020;14:35;1;77;77407;2;3;1;3;FONTAINEBLEAU(AVENUE DE);48,5316968;2,5398130
6005;202000006633;24;11;2020;09:55;1;71;71306;2;1;1;6;SENTIER (RUE);46,6598000;4,3521000
6006;202000006634;24;11;2020;13:00;1;69;69013;2;3;1;-1;GARET (rue du Champ);46,0002800;4,7309800
6007;202000006635;25;11;2020;07:45;2;60;60159;2;1;8;6;;49,4221900;2,8242600
6008;202000006636;25;11;2020;17:35;5;59;59350;2;1;1;2;LAMBRET OSCAR AVENUE;50,6102100;3,0387000
6009;202000006637;24;11;2020;15:45;1;59;59350;2;1;1;6;ARBRISSEAU RUE DE L;50,6062763;3,0486430
6010;202000006638;24;11;2020;07:50;2;58;58194;2;1;1;3;EMILE COMBES;47,0024300;3,1594000
6011;202000006639;25;11;2020;11:15;1;54;54395;2;1;1;6;QUATRE EGLISES (RUE DES 2 A 18-1 A 23);48,6887100;6,1826900
6012;202000006640;22;11;2020;12:02;1;54;54395;2;2;1;3;PINCHARD (AVENUE - OMBELLES);48,7022600;6,1516800
6013;202000006641;24;11;2020;17:45;5;51;51454;2;1;1;7;Rue Gaston Boyer;49,2618615;4,0197207
6014;202000006642;24;11;2020;09:56;1;49;49267;2;1;1;3;HAUT BOIS;47,4666500; -0,4686000
6015;202000006643;25;11;2020;15:00;1;33;33032;2;4;1;3;RUE JEAN-JACQUES ROUSSEAU;44,9096100; -0,5089000
6016;202000006644;25;11;2020;09:20;1;33;33281;2;1;1;2;RUE JACQUES PREVERT;44,8433200; -0,6705600
6017;202000006645;26;11;2020;00:50;5;33;33529;2;1;1;7;PYLA (BD DU);44,6333800; -1,1630800
6018;202000006646;25;11;2020;08:15;1;33;33529;2;1;1;3;DE GAULLE (AVE CHARLES) 02 ET +;44,6371300; -1,1276000
6019;202000006647;25;11;2020;23:20;3;32;32013;2;1;1;7;TOULOUSE (ROUTE DE);43,6540800;0,6102200
6020;202000006648;25;11;2020;07:50;2;31;31555;2;1;1;3;RUE MARIA MONBIOLA;43,5789300;1,4369800
6021;202000006649;25;11;2020;07:48;1;31;31555;2;1;1;2;MINIMES (AV DES) DU 1AU 178;43,6233800;1,4343600
6022;202000006650;24;11;2020;19:16;5;31;31555;2;1;1;7;RUE DE PERIOLE;43,6148300;1,4559800
6023;202000006651;23;11;2020;19:50;5;31;31149;2;1;1;3;ravel (rue);43,5983200;1,3501600
6024;202000006652;25;11;2020;10:52;1;25;25056;2;1;1;6;CHOPIN RUE FREDERIC;47,2611000;6,0414000
6025;202000006653;25;11;2020;08:00;5;22;22278;2;1;8;3;CORNEILLE COTE IMPAIR;48,5121200; -2,7451000
6026;202000006654;25;11;2020;18:23;5;17;17300;2;1;1;-1;PRUNIER   QUAI LOUIS;46,1529500; -1,1500500
6027;202000006655;25;11;2020;20:20;5;13;13215;2;1;1;3;LE CHATELIER;43,3472000;5,3685300
6028;202000006656;25;11;2020;12:45;1;13;13209;2;1;1;3;MARÉCHAL DE LATTRE (AVENUE);43,2459080;5,4173130
6029;202000006657;25;11;2020;08:30;1;13;13209;2;1;1;2;CASSIS (ANCIEN CHEMIN DE);43,2614582;5,4168793
6030;202000006658;24;11;2020;08:45;1;13;13209;2;1;1;3;SORMIOU (CHEMIN DE);43,2278960;5,4026940
6031;202000006659;25;11;2020;09:33;1;13;13001;1;1;1;5;RD9;43,4889580;5,3644280
6032;202000006660;25;11;2020;08:45;1;09;09122;1;1;1;-1;20 (R.N.) COTE NORD DU TUNNEL;42,9758520;1,6223760
6033;202000006661;23;11;2020;15:40;1;06;06027;2;1;1;3;PROMENADE DE L HIPPODROME;43,6497000;7,1508000
6034;202000006662;25;11;2020;08:50;1;75;75113;2;1;1;2;QUAI D IVRY;48,8256750;2,3866930
6035;202000006663;24;11;2020;18:10;5;75;75117;2;1;1;2;BOULEVARD PERIPHERIQUE;48,9004880;2,3220650
6036;202000006664;24;11;2020;09:00;1;75;75116;2;4;1;3;BOULEVARD PERIPHERIQUE;48,8741040;2,2755750
6037;202000006665;23;11;2020;08:20;1;75;75113;2;1;2;3;BOULEVARD PERIPHERIQUE;48,8248380;2,3842860
6038;202000006666;25;11;2020;15:15;1;75;75105;2;1;1;3;RUE DES BERNARDINS;48,8501020;2,3506650
6039;202000006667;24;11;2020;20:47;5;75;75105;2;5;1;3;RUE DES ECOLES;48,8503440;2,3426360
6040;202000006669;25;11;2020;19:00;3;75;75119;2;3;1;3;AVENUE CORENTIN CARIOU;48,8964020;2,3841440
6041;202000006670;25;11;2020;21:00;5;75;75117;2;2;1;1;RUE D ARMAILLE;48,8790670;2,2909620
6042;202000006671;25;11;2020;15:30;1;75;75116;2;5;1;2;AVENUE VICTOR HUGO;48,8643320;2,2729670
6043;202000006672;25;11;2020;08:20;1;75;75116;2;2;1;3;AVENUE DE VERSAILLES;48,8487200;2,2750620
6044;202000006673;25;11;2020;13:00;1;75;75112;2;3;8;3;RUE DU SERGENT BAUCHAT;48,8457310;2,3934250
6045;202000006674;25;11;2020;08:00;1;75;75111;2;2;1;6;BOULEVARD RICHARD LENOIR;48,8642160;2,3711980
6046;202000006675;25;11;2020;17:20;5;94;94042;2;2;1;3;MARNE (QU DE);48,8201790;2,4672760
6047;202000006676;23;11;2020;14:45;3;94;94046;2;1;1;6;VALENTON (R DE);48,7979400;2,4365800
6048;202000006677;23;11;2020;09:15;1;94;94041;2;5;2;1;JEAN LE GALLEU (R);48,8105900;2,3800200
6049;202000006678;25;11;2020;20:40;5;93;93078;2;9;1;1;RASPAIL (AVENUE);48,9538064;2,5478840
6050;202000006679;25;11;2020;10:20;1;93;93008;2;6;1;6;PLACE SAINT JUSTE;48,9058336;2,4699636
6051;202000006680;25;11;2020;17:40;5;93;93005;2;1;1;6;MOULIN DE LA VILLE (CHEMIN DU);48,9505754;2,4975386
6052;202000006681;25;11;2020;19:45;4;92;92044;2;9;1;3;CAMILLE PELLETAN(RUE)1A15 ET 2A12;48,8956220;2,2891290
6053;202000006683;25;11;2020;12:52;1;92;92036;2;1;1;-1;MOULIN DE CAGE (RUE DU);48,9288412;2,3120266
6054;202000006684;25;11;2020;11:00;1;92;92025;2;1;1;2;JULES MICHELET (RUE);48,9319805;2,2687224
6055;202000006685;25;11;2020;14:00;1;92;92007;2;1;1;3;RAVERA (AVENUE HENRI) N° 111 A 217 ET 10;48,8047504;2,3128964
6056;202000006686;26;11;2020;13:40;1;26;26031;2;1;1;2;4 Avenue Lieutenant Cheynis;44,5544660;4,8601040
6057;202000006687;26;11;2020;08:45;2;68;68177;1;1;1;-1;430;47,9370540;7,1723880
6058;202000006688;26;11;2020;16:00;1;95;95529;2;1;1;6;ROUTE NEUVE;49,1708285;2,2112292
6059;202000006689;25;11;2020;19:15;5;22;22389;1;1;2;2;RN 12 - PR 48+200;48,4808870; -2,6475330
6060;202000006690;25;11;2020;11:50;1;26;26133;1;1;1;7;20 Chemin des Achards;45,2131110;4,9055740
6061;202000006691;26;11;2020;15:30;1;83;83070;2;1;1;1;"RD298 Route de Bénat / voie d'accès au supermarché ""Casino""";43,1353799;6,3513166
6062;202000006692;25;11;2020;20:50;3;62;62199;1;1;1;6;d 341;50,3653460;2,6500440
6063;202000006693;24;11;2020;10:25;1;62;62180;2;1;1;3;Rue de Valhuon - Lieu dit Grossart;50,4135220;2,3664810
6064;202000006694;26;11;2020;11:58;1;74;74029;1;3;1;3;RD 14;45,9896610;5,8214290
6065;202000006695;26;11;2020;17:45;2;77;77446;1;1;1;3;D49a2;48,5123540;3,2135810
6066;202000006696;26;11;2020;15:45;1;76;76653;1;1;1;1;D50;49,7734490;0,7184030
6067;202000006697;25;11;2020;08:16;2;82;82005;1;1;5;7;D26;43,7985020;1,2651180
6068;202000006698;25;11;2020;18:20;2;65;65258;2;2;1;3;rue des déportés;43,1287000;0,3865330
6069;202000006699;26;11;2020;12:40;1;61;61398;1;1;1;6;Rue Cavier;48,6035880;0,3073810
6070;202000006700;18;11;2020;15:00;1;34;34221;1;1;1;3;D32;43,7280380;3,6330680
6071;202000006701;26;11;2020;08:30;3;39;39043;1;1;1;6;Beaufort;46,6103170;5,4114530
6072;202000006702;24;11;2020;16:15;1;35;35179;1;1;1;1;Le Porche;48,5195540; -1,8843590
6073;202000006703;25;11;2020;18:35;3;38;38069;1;1;1;7;RD 1085 - face magasin DANTON;45,4436930;5,2918050
6074;202000006704;26;11;2020;07:00;3;50;50030;2;1;5;6;Rue Saint Thomas Becket;49,6652880; -1,2707960
6075;202000006705;25;11;2020;17:50;5;45;45146;2;1;1;6;Rue Masséna - sous le pont SNCF;47,7212320;1,9320920
6076;202000006706;14;11;2020;14:00;1;53;53062;2;9;1;6;Chemin de terre rouge;47,8281840; -0,6895560
6077;202000006707;25;11;2020;21:55;3;85;85190;1;1;1;6;Départementale 753;46,9570140; -1,4652260
6078;202000006708;26;11;2020;07:20;5;67;67343;2;2;5;3;29 Route de Saverne;48,6036940;7,6909180
6079;202000006709;25;11;2020;18:15;5;84;84081;1;1;1;6;Aire de Service de Morieres;43,9229620;4,9132540
6080;202000006710;23;11;2020;19:10;3;988;98826;1;1;1;6;lieu-dit Iny; -20,2633240;164,0911100
6081;202000006711;26;11;2020;08:00;1;971;97115;1;1;1;3;Routa;16,2606680; -61,6318950
6082;202000006713;26;11;2020;12:30;1;83;83099;2;1;1;1;Boulevard Cavalier;43,4565330;6,6835770
6083;202000006714;24;11;2020;09:05;1;67;67130;1;4;5;1;D426;48,4102250;7,7071560
6084;202000006715;4;11;2020;16:35;1;88;88090;2;1;1;6;Rue Claude Barrès;48,3607260;6,3040070
6085;202000006716;19;11;2020;18:00;3;26;26271;1;1;1;2;23 Allée des Berges du Rhone;45,0182450;4,8520890
6086;202000006717;25;11;2020;15:55;1;26;26084;1;1;1;7;515 Route de Vialon;44,9921120;4,9173400
6087;202000006718;25;11;2020;19:20;3;14;14289;1;4;1;1;Départementale 63;48,8908780; -0,1327800
6088;202000006719;25;11;2020;21:00;3;60;60138;1;1;1;6;chaussee brunehaut - Hameau de Balagny sur Aunette;49,2191670;2,6333710
6089;202000006720;6;1;2020;17:00;1;84;84007;2;1;1;4;LIMBERT (Boulevard);43,9475100;4,8180700
6090;202000006721;29;1;2020;07:50;4;36;36044;2;3;2;3;RUE DU 3EME RAC/RUE DIEUDONNE COSTES;46,8209538;1,7181480
6091;202000006722;23;11;2020;18:30;2;974;97407;2;1;7;6;COMPAGNIE DES INDES (BD DE LA) ; -20,9451000;55,3228200
6092;202000006724;24;11;2020;10:10;1;973;97302;2;2;1;3;FLAMBOYANTS (RUE DES);4,9257300; -52,3157700
6093;202000006725;24;11;2020;06:50;2;973;97302;2;1;3;3;CABASSOU (ROUTE DE);4,9196800; -52,3188100
6094;202000006726;24;11;2020;17:25;5;69;69388;2;1;1;6;MARC SANGNIER                       (PL);45,7324791;4,8826277
6095;202000006727;24;11;2020;15:05;1;69;69386;2;2;1;6;MICHEL RAMBAUD                      (R );45,7701400;4,8597100
6096;202000006728;20;9;2020;01:08;3;972;97213;1;1;1;6;ROUTE NATIONALE 5;14,5966600; -60,9952100
6097;202000006729;23;11;2020;09:35;1;91;91223;2;1;1;3;COQUERIVE (AVENUE DE);48,4336700;2,1721100
6098;202000006730;23;11;2020;08:45;3;83;83098;2;2;1;-1;raimu;43,1103826;6,0165489
6099;202000006732;24;11;2020;17:45;5;79;79329;2;2;1;3;Boulevard Alfred de Vigny;46,9774940; -0,2079100
6100;202000006733;20;11;2020;18:40;5;78;78158;2;2;1;3;DOCTEUR VILLEMIN (RUE DU);48,8200730;2,1284950
6101;202000006735;2;11;2020;18:10;5;77;77288;2;1;1;6;POMPIDOU  (AVENUE GEORGES);48,5518800;2,6493500
6102;202000006736;15;5;2020;14:45;1;77;77048;1;1;1;6;Route de Grez;48,3262000;2,6998000
6103;202000006737;16;5;2020;16:50;1;69;69290;2;2;1;5;CHARLIE CHAPLIN                 (AV);45,7084452;4,9088538
6104;202000006738;18;5;2020;01:35;5;64;64024;2;1;1;6;MER (BOULEVARD DE LA);43,4943939; -1,5439975
6105;202000006739;16;5;2020;20:00;1;64;64140;2;1;1;1;GAULLE (AV CHARLES DE);43,5277500; -1,4716000
6106;202000006740;16;5;2020;10:40;1;62;62193;2;1;1;6;NORMANDIE NIEMEN;50,9518000;1,9036000
6107;202000006741;17;5;2020;14:45;1;56;56260;2;1;1;3;STALINGRAD(PLACE DE);47,6586900; -2,7482900
6108;202000006742;17;5;2020;13:55;1;53;53201;2;4;1;3;LOGES ( BOULEVARD DES );48,0601260; -0,8111040
6109;202000006743;16;5;2020;20:30;2;50;50129;2;1;1;7;ZOLA (RUE EMILE);49,6374800; -1,6307100
6110;202000006744;16;5;2020;14:30;1;50;50129;2;1;1;7;MACONS (RUE DES);49,6441890; -1,6444490
6111;202000006745;15;5;2020;15:10;1;50;50129;2;3;1;3;BECQUEREL (RUE);49,6284600; -1,6396200
6112;202000006746;17;5;2020;17:00;1;38;38185;2;2;1;1;Rue de Stalingrad;45,1717500;5,7242200
6113;202000006747;18;5;2020;00:25;5;35;35051;1;6;1;6;CHANTEPIE (ROUTE DE);48,1035700; -1,6041020
6114;202000006748;17;5;2020;19:50;1;26;26252;2;1;1;3;37 rue Jean Jaurès ;44,8768980;4,8774040
6115;202000006749;17;5;2020;03:35;5;13;13204;2;9;2;6;MARÉCHAL JUIN (BOULEVARD);43,3110000;5,4033300
6116;202000006750;17;5;2020;19:00;1;11;11069;2;1;1;7;Victor Hugo;43,2134000;2,3487000
6117;202000006751;17;5;2020;16:00;1;07;07102;2;1;1;7;REPUBLIQUE (AV. DE LA) [DU N° AU N°];44,9349880;4,8759880
6118;202000006752;17;5;2020;21:15;5;06;06088;2;1;8;3;STE-MARGUERITE (AV.) (153);43,6799869;7,2095257
6119;202000006754;17;5;2020;13:58;1;06;06088;2;8;2;3;PEGUY (R. CHARLES);43,7130500;7,2616900
6120;202000006755;17;5;2020;07:00;1;06;06069;1;1;2;7;PEGOMAS (ROUTE DE);43,6312610;6,9312290
6121;202000006756;17;5;2020;18:50;1;75;75119;2;3;1;3;AVENUE JEAN JAURES;48,8845840;2,3771180
6122;202000006757;17;5;2020;18:10;1;75;75118;2;3;1;6;BOULEVARD DE ROCHECHOUART;48,8834900;2,3466770
6123;202000006758;17;5;2020;02:20;5;75;75118;2;5;1;3;AVENUE DE LA PORTE DE CLIGNANCOURT;48,9006900;2,3442200
6124;202000006760;17;5;2020;12:10;1;75;75115;2;2;1;3;RUE BRANCION;48,8347140;2,3051840
6125;202000006761;17;5;2020;15:00;1;75;75112;2;7;1;3;AVENUE DU TREMBLAY;48,8271500;2,4646300
6126;202000006762;17;5;2020;01:55;5;94;94080;2;1;1;3;Avenue de Paris;48,8452110;2,4319115
6127;202000006763;16;5;2020;22:10;4;93;93048;2;1;1;6;R PIERRE DE MONTREUIL;48,8626000;2,4571000
6128;202000006764;17;5;2020;17:35;1;93;93079;2;1;1;2;SAINT LEU (ROUTE);48,9519281;2,3383769
6129;202000006765;17;5;2020;15:00;1;93;93010;2;1;1;2;AV JEAN MOULIN;48,9125200;2,4787500
6130;202000006768;16;5;2020;17:26;1;47;47069;1;1;1;1;442 Route de Saint-hilaire;44,2189310;0,5361250
6131;202000006769;15;5;2020;19:45;1;86;86258;1;9;7;3;Grand’Rue;46,8129840;0,4006580
6132;202000006770;18;5;2020;17:25;1;95;95487;1;1;1;4;D301;49,1514820;2,2470900
6133;202000006771;18;5;2020;17:20;1;18;18039;2;2;1;3;Chemin de Bué;47,3022830;2,7957520
6134;202000006772;17;5;2020;17:55;1;974;97421;1;9;1;4;D48; -21,0341290;55,5365510
6135;202000006773;17;5;2020;17:10;1;974;97410;1;3;1;3;rue des vergers; -21,0689330;55,7046640
6136;202000006774;18;5;2020;11:15;1;59;59478;2;1;1;6;zone commerciale les remparts CD916;50,9547230;2,4344480
6137;202000006776;15;5;2020;19:20;1;19;19287;1;1;1;6;puy chau;45,3833058;1,9429647
6138;202000006777;18;5;2020;16:20;1;56;56105;1;1;1;7;ST GEORGES;48,0194500; -3,5166600
6139;202000006778;17;5;2020;07:00;1;56;56030;1;1;1;7;D139;47,4907900; -2,3884110
6140;202000006779;14;5;2020;17:15;1;74;74006;2;3;1;3;Route du Nant;45,9934400;6,1215950
6141;202000006780;16;5;2020;19:30;1;76;76196;1;1;1;7;Rue du Canot;49,6269440;0,2617680
6142;202000006781;17;5;2020;17:40;1;76;76123;1;1;1;1;Route de dieppe;49,5439940;1,1513970
6143;202000006783;17;5;2020;17:15;1;2B;2B096;2;1;1;6;1 Avenue du Pont de l'Orta;42,3137010;9,1520077
6144;202000006785;17;5;2020;20:55;1;32;32283;2;1;1;6;D38;43,3752570;0,2129030
6145;202000006786;18;5;2020;00:55;3;89;89072;1;1;1;6;D64;47,7432413;2,9568967
6146;202000006787;17;5;2020;17:00;1;63;63319;1;1;1;7;D996;45,5163990;3,8851800
6147;202000006788;17;5;2020;19:15;1;61;61079;1;1;1;6;La Greve;48,2032420;0,7802050
6148;202000006789;17;5;2020;18:25;1;61;61092;2;2;7;3;21 Route de Paris;48,7530620;0,7402950
6149;202000006790;17;5;2020;16:30;1;61;61140;2;1;1;6;23 Rue du Pays d'Ouche;48,7080650;0,6673470
6150;202000006791;18;5;2020;00:30;3;61;61407;1;1;1;6;RD 25;48,8268420; -0,4625040
6151;202000006792;16;5;2020;02:00;3;61;61232;1;1;1;7;Lieu Dit la Grange;48,6797690; -0,7049200
6152;202000006793;17;5;2020;23:15;3;55;55522;1;1;1;6;D36;48,6310383;5,6988892
6153;202000006794;16;5;2020;18:20;1;49;49329;1;1;1;3;D111;47,3818430; -0,6539490
6154;202000006795;15;5;2020;10:00;1;42;42323;2;1;1;7;Place de l'Europe;45,5614270;4,2769430
6155;202000006796;15;5;2020;15:45;1;42;42043;2;1;1;7;Route de Saint Bonnet les Oules;45,5764940;4,3166830
6156;202000006797;17;5;2020;17:35;1;42;42059;2;2;1;3;Rue de la Gimond;45,6346170;4,4033240
6157;202000006798;15;5;2020;18:45;1;22;22164;1;1;7;7;Chapelle duméné bré;48,5763800; -3,3053400
6158;202000006799;16;5;2020;16:05;1;25;25147;1;1;1;5;D673;47,2060710;5,8942720
6159;202000006800;17;5;2020;16:55;1;25;25223;1;1;1;6;Route départementale 492;46,9918460;6,0048870
6160;202000006801;17;5;2020;13:30;1;29;29205;1;3;1;6;Lieu Dit Kerampudou;48,2915047; -3,6074976
6161;202000006802;18;5;2020;10:10;1;31;31212;2;9;7;3;D888;43,7124100;1,5609330
6162;202000006803;17;5;2020;11:02;1;02;02014;1;1;1;2;D7;49,6025060;3,2795690
6163;202000006804;17;5;2020;11:40;1;26;26060;1;1;1;7;3890 route de Bourdeaux ;44,5391970;5,1960360
6164;202000006805;16;5;2020;05:40;2;26;26305;1;3;1;3;275 avenue de fourèges;44,5964200;4,8888580
6165;202000006806;18;5;2020;11:30;1;14;14104;1;2;1;3;D51;49,2380040;0,2858050
6166;202000006807;17;5;2020;20:55;1;50;50120;1;1;1;6;Le Bouillon Boucher;48,8892010; -1,4514610
6167;202000006808;18;5;2020;17:04;1;90;90044;1;3;1;1;rd83;47,7019500;6,9948170
6168;202000006809;17;5;2020;13:50;1;16;16405;1;1;7;7;Ld l'Ormeau;45,5209050; -0,0986890
6169;202000006810;18;5;2020;16:05;1;16;16236;1;1;1;3;Ld Le Fort des Anglais;45,5859820;0,1320290
6170;202000006812;17;5;2020;11:10;1;40;40195;2;1;1;6;5 Rue du Bon Vieux Temps;43,7423170; -0,4835040
6171;202000006813;18;5;2020;08:25;1;24;24354;2;1;1;2;48 Avenue d'Aquitaine;45,1467820;0,0053910