;Num_Acc;jour;mois;an;hrmn;lum;dep;com;agg;int;atm;col;adr;lat;long
6172;202000006814;17;5;2020;17:00;1;24;24354;1;1;1;1;D730;45,0941560;0,1035550
6173;202000006815;18;5;2020;12:05;1;27;27116;1;3;1;1;Brionne;49,1789120;0,7033500
6174;202000006816;18;5;2020;10:35;1;28;28089;2;1;1;6;Route de Brezolles;48,5890140;1,2353610
6175;202000006817;17;5;2020;17:25;1;87;87140;1;3;1;3;Allée du Pacage du Milieu;45,9031240;0,9734000
6176;202000006818;17;5;2020;10:45;1;37;37263;2;1;1;2;rue de vaugaudet;47,2748863;0,8365154
6177;202000006819;18;5;2020;07:45;1;30;30138;1;1;1;1;départementale 40;43,8084870;4,2397360
6178;202000006820;15;5;2020;15:45;1;95;95042;1;1;1;7;RD 9;49,0683130;2,2826240
6179;202000006821;17;5;2020;19:40;1;95;95535;1;1;1;4;RD14;49,0639130;1,9822810
6180;202000006822;18;5;2020;19:10;2;2B;2B355;1;1;3;3;T20;42,5187700;9,3950700
6181;202000006823;17;5;2020;16:35;1;68;68171;1;1;1;5;D430;47,9708010;6,9887090
6182;202000006824;17;5;2020;10:30;1;68;68252;1;3;1;3;Route de Ribeauvillé;48,1642250;7,3666870
6183;202000006825;16;5;2020;20:25;2;67;67464;1;1;1;7;lieu dit AUE;48,3419530;7,5658040
6184;202000006826;16;5;2020;17:25;1;67;67464;1;2;7;3;Rue de Strasbourg;48,3241537;7,5716773
6185;202000006827;17;5;2020;16:00;1;88;88531;1;1;1;3;D430;48,0487460;7,0093200
6186;202000006828;16;5;2020;16:30;1;57;57550;1;1;1;3;D26;49,1522260;6,6319230
6187;202000006829;18;5;2020;17:55;1;74;74073;1;1;7;3;Sur le Feu Courbe;46,3345060;6,6527690
6188;202000006830;17;5;2020;17:30;1;42;42201;1;1;1;-1;Route du Tracol;45,3483830;4,6609010
6189;202000006831;18;5;2020;10:08;1;64;64376;1;1;1;1;D 938;43,2787560; -0,3144730
6190;202000006832;16;5;2020;12:15;1;33;33042;2;1;1;2;D1010;44,5140310; -0,7930000
6191;202000006833;17;5;2020;01:44;5;60;60612;1;1;1;2;5 Avenue du Poteau;49,2213821;2,5883512
6192;202000006834;18;5;2020;17:50;1;62;62106;1;1;1;7;rue de sailly;50,3017520;3,0387870
6193;202000006835;17;5;2020;16:50;1;13;13005;1;1;3;6;A50 - Sens Aubagne vers Marseille;43,2803000;5,5832000
6194;202000006836;16;5;2020;19:30;1;13;13026;1;1;2;7;A55-Sens Martigues vers Marseille;43,3773380;5,1718210
6195;202000006837;17;5;2020;09:40;1;94;94037;1;1;1;7;AUTOROUTE A6B;48,8157905;2,3367697
6196;202000006838;15;5;2020;18:20;1;91;91228;1;9;1;4;AUTOROUTE A6;48,6196200;2,4261100
6197;202000006839;16;5;2020;13:15;1;974;97416;2;1;1;7;GENERAL DE GAULLE(AVENUE); -21,2907400;55,4664400
6198;202000006840;16;5;2020;09:45;1;974;97416;1;2;1;3;BOISSY (CHEMIN DE); -21,3399100;55,5094800
6199;202000006841;16;5;2020;16:25;1;973;97302;2;9;1;3;GALMOT (AVENUE);4,9319308; -52,3283744
6200;202000006842;16;5;2020;14:30;1;973;97302;2;1;1;3;BONHOMME (CITE);4,9220326; -52,3194158
6201;202000006844;16;5;2020;17:50;1;69;69388;2;1;1;6;MARIUS BERLIET                      (R );45,7394000;4,8660100
6202;202000006845;16;5;2020;18:55;3;972;97209;2;1;2;7;PARADISIERS (AVENUE DES);14,6219400; -61,0368600
6203;202000006846;16;5;2020;14:38;1;69;69382;2;1;1;2;JEAN MOULIN                         (QU);45,7656729;4,8380948
6204;202000006847;16;5;2020;03:00;5;69;69034;2;5;1;3;PASTEUR                             (R );45,7908821;4,8424221
6205;202000006848;16;5;2020;19:42;1;91;91570;2;9;1;3;BRANLY (RUE EDOUARD);48,6338800;2,3052280
6206;202000006849;15;5;2020;19:50;1;91;91174;2;1;1;6;Emile ZOLA (rue);48,6138300;2,4720200
6207;202000006852;16;5;2020;17:00;1;77;77118;1;1;1;4;ROUTE NATIONALE 3;48,9430500;2,6593800
6208;202000006853;17;5;2020;00:45;5;77;77407;2;3;1;-1;OLIVIERI(RUE A.) - D50;48,5304600;2,5517900
6209;202000006854;15;5;2020;18:30;1;77;77186;2;3;1;3;ANDRE MAGINOT (BOULEVARD) - D417;48,4053100;2,6898300
6210;202000006855;15;5;2020;17:20;1;77;77186;2;3;1;1;d301 de chantoiseau /grand veneur;48,4055848;2,7789559
6211;202000006856;16;5;2020;00:50;5;76;76540;2;2;1;3;MONT RIBOUDET. AVENUE DU;49,4482100;1,0667500
6212;202000006857;16;5;2020;15:00;1;72;72181;2;1;1;6;GARENNE (RUE DE LA);48,0185800;0,1911100
6213;202000006858;16;5;2020;09:20;1;71;71270;2;1;1;6;Avenue Edouard Herriot;46,2993486;4,8275028
6214;202000006859;15;5;2020;13:50;1;71;71270;2;1;1;3;Avenue Edouard Herriot;46,2927336;4,8157504
6215;202000006860;16;5;2020;19:11;1;69;69275;2;3;1;3;JEAN JAURES                         (AV);45,7697000;4,9493000
6216;202000006861;24;4;2020;21:20;5;59;59350;2;1;1;-1;THUMESNIL RUE;50,6205000;3,0672000
6217;202000006862;16;5;2020;09:50;1;42;42044;2;1;1;6;Rue de la République;45,3943100;4,3053800
6218;202000006863;16;5;2020;17:56;1;37;37261;2;6;1;7;CHURCHILL (BOULEVARD WINSTON);47,3738729;0,6788172
6219;202000006864;16;5;2020;15:30;1;37;37261;2;1;1;7;FLORENCE (AVENUE DE);47,3744416;0,7248585
6220;202000006865;15;5;2020;20:04;1;37;37261;2;3;1;-1;PONT CHER (AVENUE DE);47,3717137;0,6776768
6221;202000006866;16;5;2020;18:40;1;35;35238;2;1;1;4;BREST (DE);48,1139948; -1,6986960
6222;202000006868;16;5;2020;16:15;1;33;33529;1;1;1;7;RD804 piste cyclable;44,5722800; -1,2201200
6223;202000006869;12;5;2020;19:25;1;26;26362;2;1;1;1;191 Rue Antoine Barnave;44,9419400;4,9153500
6224;202000006870;16;5;2020;04:10;5;13;13075;2;1;1;4;LIBERATION (AVE DE LA);43,3427740;5,4574970
6225;202000006871;16;5;2020;23:50;5;13;13028;2;3;2;3;GASSION (AVENUE FERNAND );43,1841390;5,6064930
6226;202000006872;13;5;2020;02:28;5;07;07231;2;1;1;6;Route d’Alès;44,5929500;4,3775000
6227;202000006873;15;5;2020;16:57;1;06;06027;2;1;1;6;RENOIR AVENUE AUGUSTE;43,6647534;7,1517354
6228;202000006874;16;5;2020;09:45;1;01;01289;1;2;1;3;LENT ( ROUTE DE );46,1648695;5,2207030
6229;202000006875;16;5;2020;17:00;1;75;75115;2;1;1;4;PORTE DE SEVRES;48,8323730;2,2805420
6230;202000006876;16;5;2020;17:51;1;75;75106;2;2;1;3;RUE SAINT SULPICE;48,8514680;2,3370600
6231;202000006877;16;5;2020;13:00;1;75;75105;2;2;1;6;RUE MONGE;48,8471220;2,3512390
6232;202000006878;16;5;2020;04:38;5;75;75105;2;1;1;3;BOULEVARD SAINT MARCEL;48,8369810;2,3522960
6233;202000006879;16;5;2020;00:30;5;75;75105;2;5;1;6;BOULEVARD SAINT GERMAIN;48,8508370;2,3455960
6234;202000006881;16;5;2020;16:30;1;75;75118;2;1;1;3;BOULEVARD DE LA CHAPELLE;48,8841970;2,3543150
6235;202000006882;16;5;2020;14:00;1;75;75117;2;2;1;3;BOULEVARD BESSIERES;48,8975800;2,3241530
6236;202000006883;16;5;2020;18:00;1;75;75116;2;1;1;3;ROUTE DE SEVRES A NEUILLY;48,8577420;2,2372610
6237;202000006884;16;5;2020;11:30;1;75;75115;2;1;1;6;PORT DE GRENELLE;48,8539200;2,2873610
6238;202000006885;16;5;2020;15:40;1;75;75114;2;1;1;6;BOULEVARD ARAGO;48,8344700;2,3338510
6239;202000006886;15;5;2020;10:40;1;75;75114;2;2;1;6;RUE DES PLANTES;48,8261720;2,3195830
6240;202000006887;16;5;2020;17:50;1;75;75112;2;1;1;2;RUE PROUDHON;48,8371460;2,3904787
6241;202000006888;16;5;2020;21:50;4;75;75111;2;1;1;6;BOULEVARD DE CHARONNE;48,8535960;2,3964500
6242;202000006890;16;5;2020;11:15;1;75;75101;2;2;1;3;RUE DE RIVOLI;48,8590870;2,3464500
6243;202000006891;16;5;2020;13:25;1;94;94068;2;3;1;7;FOCH (AV);48,7991110;2,4997470
6244;202000006892;16;5;2020;14:15;1;94;94068;2;1;1;2;FOCH (AV);48,7999846;2,4975703
6245;202000006895;15;5;2020;18:07;1;94;94076;2;4;1;3;PARIS (AV DE);48,8010000;2,3651000
6246;202000006896;15;5;2020;21:00;2;94;94041;2;1;1;1;GENERAL LECLERC (AV DU);48,8125000;2,3796000
6247;202000006897;16;5;2020;14:30;1;94;94028;2;1;1;2;ECHAT(RUE DE L');48,7993987;2,4505436
6248;202000006898;16;5;2020;13:50;1;94;94054;2;9;1;3;QUINZE ARPENTS (R DES);48,7476440;2,3801400
6249;202000006899;16;5;2020;03:19;5;94;94060;2;1;1;7;GENERAL DE GAULLE (R DU);48,7815749;2,5714617
6250;202000006900;16;5;2020;16:00;1;94;94004;1;1;1;1;BREVANNES (R DE);48,7490980;2,5073410
6251;202000006901;16;5;2020;15:50;1;93;93070;2;9;1;2;GABRIEL-PERI (AV);48,9059200;2,3317800
6252;202000006902;15;5;2020;21:10;5;93;93066;2;2;1;3;METALLURGIE (AVENUE);48,9091666;2,3635729
6253;202000006903;16;5;2020;21:25;1;93;93048;2;1;1;5;BD DE LA BOISSIERE;48,8771000;2,4638000
6254;202000006904;16;5;2020;13:30;1;92;92049;2;1;1;3;GINOUX AV. HENRI N°1 A 95 ET 2 A 104;48,8183910;2,3226370
6255;202000006905;15;5;2020;20:10;2;95;95487;2;1;1;1;5 Allée Julian Grimau;49,1508870;2,2743050
6256;202000006906;17;5;2020;16:45;1;62;62672;2;1;1;6;1 Rue Maitre Jacques;50,1162730;2,6986540
6257;202000006907;16;5;2020;20:15;1;91;91553;2;1;1;6;Route de Saint Germain;48,6181900;2,4837260
6258;202000006908;16;5;2020;20:55;1;59;59157;1;1;1;7;D936;50,2505394;4,1261021
6259;202000006909;16;5;2020;21:15;2;59;59231;2;1;1;1;Rue de Quiévelon;50,2387280;4,0234420
6260;202000006911;17;5;2020;00:50;3;82;82135;1;1;1;6;Chemin du Pigeonnier;43,8779430;1,4423100
6261;202000006913;15;5;2020;18:45;1;33;33394;1;1;1;6;RD245 lieu dit Figeac;44,9133600; -0,1888280
6262;202000006914;17;5;2020;11:30;1;11;11332;1;1;1;7;D613;43,1270480;2,8365760
6263;202000006915;17;5;2020;14:40;1;11;11262;1;1;1;1;Grange Neuve RD168;43,1734483;3,0767512
6264;202000006916;16;5;2020;20:00;1;71;71528;2;1;1;7;Rue des Amortets;46,6238394;5,1783210
6265;202000006917;17;5;2020;19:00;1;63;63414;1;1;1;7;D906;45,7078525;3,5850267
6266;202000006918;16;5;2020;21:05;2;55;55215;1;1;1;7;RD 966;48,5100398;5,5688338
6267;202000006919;17;5;2020;18:50;1;42;42293;1;1;1;7;Route de la Blancherie;45,9975060;4,2497890
6268;202000006920;16;5;2020;20:15;1;41;41095;1;1;1;6;69 Rue de la Gare;47,8961720;1,2223440
6269;202000006921;16;5;2020;18:00;1;35;35360;1;9;1;3;D178;48,1249660; -1,2325290
6270;202000006922;16;5;2020;16:20;1;29;29130;2;1;1;7;Route de Trégana;48,3559210; -4,6593830
6271;202000006923;17;5;2020;17:10;1;29;29037;1;2;7;3;Lanio Huella;47,8812953; -4,1272247
6272;202000006924;17;5;2020;11:45;1;02;02106;1;1;1;6;D967;49,4085300;3,6656460
6273;202000006926;17;5;2020;15:00;1;15;15138;2;4;1;3;Avenue du Docteur Louis Mallet;45,1094282;2,8717496
6274;202000006927;16;5;2020;16:20;1;01;01068;1;1;1;6;D1084;46,0710385;5,4837252
6275;202000006928;16;5;2020;15:30;1;01;01068;1;1;1;2;D1084;46,0840290;5,4764810
6276;202000006929;16;5;2020;19:10;1;66;66057;1;1;2;6;38 La Carole;42,5791400;2,3748770
6277;202000006930;3;3;2020;13:55;1;37;37261;2;1;2;3;VAILLANT (RUE EDOUARD);47,3898412;0,6946306
6278;202000006931;2;3;2020;14:15;1;37;37233;2;1;1;4;DUCLOS (AVENUE JACQUES);47,3792841;0,7223206
6279;202000006932;2;3;2020;08:33;2;37;37195;2;1;2;6;BOURGEOIS (RUE LEON);47,3859791;0,6536175
6280;202000006933;26;2;2020;16:40;1;37;37214;2;1;1;3;DE GAULLE (BD CHARLES);47,4131808;0,6719974
6281;202000006934;25;2;2020;16:20;1;37;37261;2;1;1;3;ROYER (BD JEAN);47,3816138;0,6821822
6282;202000006935;3;3;2020;18:40;2;35;35238;1;1;1;4;RN136;48,0861000; -1,6379500
6283;202000006936;3;2;2020;17:40;1;35;35238;2;1;1;2;BREST (DE);48,1138400; -1,6982400
6284;202000006937;3;3;2020;10:35;1;35;35281;1;1;1;7;PORTE DE ST NAZAIRE;48,0927201; -1,7082748
6285;202000006938;29;2;2020;15:10;1;35;35238;1;1;2;7;PORTE ALMA;48,0816100; -1,6765200
6286;202000006939;2;3;2020;19:15;5;35;35238;2;1;1;6;SAINT-JEAN BAPTISTE DE LA SALLE;48,1153554; -1,7028913
6287;202000006940;3;3;2020;09:50;1;34;34172;2;1;1;4;MENDES FRANCE (AVENUE PRESIDENT PIERRE;43,6076700;3,9240900
6288;202000006941;3;3;2020;08:30;1;34;34172;2;1;1;3;FLAHAULT (AVENUE CHARLES;43,6231000;3,8632600
6289;202000006942;2;3;2020;21:45;5;34;34172;2;9;1;3;MAILLOL (RUE ARISTIDE);43,6183287;3,8594023
6290;202000006943;2;3;2020;08:00;1;34;34172;2;1;8;6;BITERROIS (AVENUE DU);43,6325204;3,8215063
6291;202000006944;1;3;2020;00:30;4;34;34336;1;9;1;6;MERIDIENNE (ROND POINT DE LA);43,3363000;3,2811100
6292;202000006945;4;3;2020;00:35;5;33;33063;2;2;8;6;Cours d'Albret / Rue Henri IV;44,8330500; -0,5798800
6293;202000006946;2;3;2020;17:05;1;33;33075;2;3;2;3;RUE DES ECOLES / AVE RAYMOND MANAUD;44,8808148; -0,5847299
6294;202000006947;2;3;2020;15:50;1;33;33318;2;1;3;3;Avenue Jean Bart;44,7867500; -0,6680900
6295;202000006948;2;3;2020;07:40;2;33;33529;2;1;3;4;ARCACHON (BD D');44,6342300; -1,1691600
6296;202000006949;3;3;2020;11:20;1;31;31149;2;1;2;6;VOIE LATERALE SUD (VOIE);43,6058500;1,3358820
6297;202000006950;2;3;2020;16:10;1;31;31555;2;1;1;3;AV JEAN RIEUX;43,5962600;1,4622400
6298;202000006951;2;3;2020;11:45;1;31;31555;2;1;2;3;ALL DES DEMOISELLES;43,5892400;1,4564600
6299;202000006952;1;3;2020;21:00;5;31;31555;2;6;1;3;AV DE FONDEYRE;43,6424900;1,4282200
6300;202000006953;29;2;2020;10:00;1;31;31555;2;1;1;3;109 Rue du Faubourg Bonnefoy;43,6202000;1,4573300
6301;202000006955;28;2;2020;17:10;1;31;31555;2;1;1;6;88 Chemin du Séminaire;43,6418300;1,4334100
6302;202000006956;28;2;2020;12:00;1;31;31149;2;1;2;1;SAINT GRANIER (AVENUE DE);43,5970500;1,3641000
6303;202000006957;28;2;2020;09:15;1;31;31555;2;1;1;1;56 Rue Antonio Vivaldi;43,6041453;1,4123936
6304;202000006958;1;3;2020;13:30;1;30;30189;2;1;1;1;DAYAN GEORGES (AVENUE);43,8148200;4,3298600
6305;202000006959;3;3;2020;15:28;1;29;29039;1;1;1;2;N165 - Pr34+100;47,9277745; -3,8994628
6306;202000006960;3;3;2020;21:46;5;29;29019;2;3;1;6;Rue de Portzmoguer;48,3937202; -4,4959081
6307;202000006961;3;3;2020;17:00;1;29;29019;2;6;1;3;Rond Point du Tromeur;48,4335359; -4,4994485
6308;202000006962;2;3;2020;12:47;1;29;29019;2;1;2;2;Avenue de la Libération;48,3963248; -4,5158785
6309;202000006963;29;2;2020;00:45;5;29;29019;2;1;6;2;Boulevard Gambetta;48,3899500; -4,4710100
6310;202000006964;25;2;2020;07:53;1;29;29019;2;1;1;2;Rue Lamotte - Picquet;48,3972211; -4,4896522
6311;202000006965;23;2;2020;06:20;5;29;29019;2;6;1;6;D788 - Rue De Gouesnou;48,4026620; -4,4668710
6312;202000006966;3;3;2020;15:45;1;27;27681;2;2;1;6;SAINT JACQUES (RUE);49,0924600;1,4863900
6313;202000006967;1;3;2020;17:11;1;26;26252;2;1;1;2; AVENUE CHARLES;44,8634700;4,8732800
6314;202000006968;3;3;2020;13:55;1;25;25056;2;9;1;6;BLUM BOULEVARD LEON (sup 90);47,2629000;6,0493000
6315;202000006969;27;2;2020;13:25;1;22;22187;2;1;1;7;LE BRAZ (ANATOLE);48,5311120; -2,7319260
6316;202000006970;19;2;2020;12:00;1;22;22215;2;1;1;6;rue de la fontaine morin;48,4909820; -2,7940100
6317;202000006971;26;2;2020;13:30;1;22;22278;2;1;2;6;COMBAT-DES-TRENTE (DU);48,5107300; -2,7588100
6318;202000006973;1;3;2020;04:50;5;14;14536;2;1;1;6;SAINT CLAIR (RUE);49,4092200;0,2529400
6319;202000006974;21;2;2020;09:40;1;14;14117;1;1;1;3;RD 400 A;49,2741059; -0,1200314
6320;202000006975;3;3;2020;20:35;5;13;13205;2;2;1;3;BRUYS (RUE DE);43,2969378;5,3887439
6321;202000006976;3;3;2020;19:30;2;13;13206;2;2;1;3;JULES CANTINI (AVENUE);43,2849700;5,3853200
6322;202000006977;2;3;2020;08:45;1;13;13210;2;9;2;3;PIERRE DOIZE  (RUE);43,2749100;5,4264200
6323;202000006978;2;3;2020;08:30;1;13;13205;2;1;2;2;CHAVE (BOULEVARD);43,2960649;5,4057059
6324;202000006979;2;3;2020;06:45;2;13;13212;2;1;3;6;SAINT JULIEN (AVENUE DE );43,3059464;5,4191390
6325;202000006980;3;3;2020;00:35;3;13;13063;1;1;1;6;RN 1569;43,5881100;4,9981400
6326;202000006981;2;3;2020;17:00;1;13;13001;2;1;1;3;PUY SAINTE REPARADE (CH);43,5891750;5,4322120
6327;202000006982;2;3;2020;18:05;5;10;10343;2;1;3;7;PHILIPPATS (RUE);48,2707520;4,0884640
6328;202000006983;1;3;2020;06:15;5;09;09225;1;1;1;2;RIJOLE AVENUE DE LA;43,1159230;1,6216580
6329;202000006984;3;3;2020;17:00;1;06;06069;2;3;1;3;LIBERATION (AVENUE DE LA);43,6439610;6,9136990
6330;202000006985;1;3;2020;15:45;1;06;06027;2;9;1;3;39 MIMOSAS AVENUE DES;43,6604150;7,1765590
6331;202000006986;3;3;2020;15:30;1;06;06004;1;1;1;3;BORD DE MER RN.98 LA SIESTA;43,6130160;7,1274140
6332;202000006987;1;3;2020;10:40;1;05;05061;1;1;1;7;LUYE ( ROUTE DE LA );44,5100300;6,0688800
6333;202000006988;1;1;2020;15:45;1;93;93073;2;3;2;3;BERRY (RUE DE);48,9399900;2,5893300
6334;202000006989;3;1;2020;19:35;5;94;94018;1;1;1;4;A4;48,8173919;2,4147525
6335;202000006990;1;1;2020;16:50;1;94;94017;1;1;1;2;A4;48,8267841;2,5141683
6336;202000006991;29;2;2020;17:46;1;988;98818;2;1;2;6;PROMENADE PIERRE VERNIER; -22,3102400;166,4532600
6337;202000006992;28;2;2020;18:40;2;988;98818;2;1;1;7;LAROQUE (PROMENADE ROGER); -22,3031900;166,4366400
6338;202000006994;28;2;2020;16:15;1;988;98818;2;2;1;3;BOULEVARD EXTERIEUR/RUE LEON COURSIN; -22,2760000;166,4491500
6339;202000006995;28;2;2020;07:50;1;988;98818;2;1;1;2;LAROQUE (PROMENADE ROGER); -22,3027600;166,4432100
6340;202000006996;28;2;2020;06:00;1;988;98818;2;1;1;3;COOK (AVENUE JAMES); -22,2671800;166,4126200
6341;202000006997;26;2;2020;07:10;1;988;98818;2;3;1;3;RUE JEAN OHLEN/RUE AUGUSTE BENEBIG; -22,2677100;166,4559100
6342;202000006998;25;2;2020;14:00;1;988;98818;2;1;1;2;BAIE DES DAMES (ROUTE DE LA); -22,2499000;166,4507000
6343;202000006999;24;2;2020;16:30;1;988;98818;2;3;1;6;ROUTE DE L'ANSE VATA; -22,2965800;166,4451600
6344;202000007000;1;3;2020;14:25;1;974;97416;1;1;3;7;RN3 (3); -21,3054500;55,4989000
6345;202000007001;29;2;2020;01:05;5;974;97416;2;1;1;6;HUBERT DE LISLE(BOULEVARD); -21,3435792;55,4685629
6346;202000007002;28;2;2020;22:49;5;974;97416;2;1;1;7;BOEUF(CHEMIN); -21,2888000;55,4665000
6347;202000007003;29;2;2020;07:30;1;974;97411;1;1;1;2;VINH-SAN (BLD 1 DU PRINCE); -20,8873856;55,4413301
6348;202000007004;29;2;2020;02:45;5;974;97411;2;2;1;3;VICTOIRE (AVENUE DE LA); -20,8766200;55,4478200
6349;202000007005;26;2;2020;15:46;1;974;97411;2;1;1;-1;LANCASTEL (BOULEVARD); -20,8821770;55,4636920
6350;202000007006;26;2;2020;07:45;1;974;97411;1;1;2;3;Route Nationale 2; -20,8903200;55,5010900
6351;202000007008;27;2;2020;06:43;1;974;97408;2;1;1;3;Rue Jacques Prévert; -20,9573200;55,3228300
6352;202000007009;28;2;2020;20:45;3;973;97302;2;1;1;6;MADELEINE (ROUTE DE LA);4,9143042; -52,3208964
6353;202000007010;25;2;2020;11:46;1;973;97302;2;1;1;3;ROUTE NATIONALE 1;4,9310556; -52,3263157
6354;202000007011;1;3;2020;13:10;1;69;69387;2;4;1;3;DOMER                               (R );45,7483817;4,8549558
6355;202000007012;29;2;2020;16:05;1;69;69383;2;2;2;3;ANDRE PHILIP                        (R );45,7545531;4,8517443
6356;202000007014;27;2;2020;15:45;1;69;69383;2;2;2;6;ROCKEFELLER                         (AV);45,7424000;4,8805000
6357;202000007015;25;2;2020;19:15;5;69;69388;2;2;1;3;JEAN XXIII                          (BD);45,7422000;4,8776000
6358;202000007016;25;2;2020;10:20;1;69;69387;2;2;2;6;DEBOURG                             (AV);45,7312400;4,8337300
6359;202000007017;29;2;2020;23:10;5;972;97209;2;1;2;7;BEAUSEJOUR JAMBETTE (ROUTE DE );14,6388250; -61,0409150
6360;202000007018;25;2;2020;21:45;5;972;97209;2;2;1;3;ISAMBERT (RUE);14,6050150; -61,0710290
6361;202000007019;24;2;2020;21:40;5;972;97209;2;1;1;1;BISHOP (Avenue Maurice);14,6030000; -61,0614900
6362;202000007020;24;2;2020;23:00;4;972;97209;2;1;1;7;FOLIE (ROUTE DE LA);14,6106200; -61,0634600
6363;202000007021;23;2;2020;22:50;5;972;97209;2;1;1;7;RELIGIEUSES (ROUTE DES);14,6102400; -61,0602300
6364;202000007022;25;2;2020;20:45;5;69;69382;2;2;1;6;BAYARD                              (CO);45,7445900;4,8195200
6365;202000007023;28;2;2020;18:50;3;69;69382;2;1;1;7;DOCTEUR GAILLETON (DU)              (QU);45,7558000;4,8358000
6366;202000007024;27;2;2020;19:45;5;69;69149;2;4;2;3;EMILE ZOLA                          (BD);45,7179400;4,8085600
6367;202000007028;24;2;2020;09:20;1;69;69385;2;1;1;6;JOLIOT CURIE                        (R );45,7562000;4,7959000
6368;202000007029;28;2;2020;12:10;1;2B;2B033;1;1;1;3;SAMPIERO CORSO - AV;42,6641000;9,4424900
6369;202000007030;28;2;2020;14:20;1;971;97113;1;1;1;1;BAS DU FORT;16,2171200; -61,5167000
6370;202000007031;24;2;2020;14:20;1;971;97113;1;1;7;6;BAS DU FORT;16,2181800; -61,5161900
6371;202000007032;28;2;2020;06:30;2;971;97107;2;9;1;6;BOUGAINVILLIERS ( ALLEE DES );16,0462780; -61,5665200
6372;202000007033;14;2;2020;15:20;1;95;95427;2;1;1;3;EPINAY (RUE D');48,9647200;2,3365600
6373;202000007034;25;2;2020;18:46;5;95;95210;2;1;2;3;LECLERC (AVENUE DE LA DIVISION);48,9780500;2,3060000
6374;202000007035;26;2;2020;17:20;1;95;95427;2;9;2;-1;SAINT LEU (ROUTE DE);48,9558000;2,3329400
6375;202000007036;25;2;2020;19:07;5;91;91216;2;1;1;6;SILLERY (RUE);48,6762210;2,3248920
6376;202000007037;26;2;2020;16:48;1;91;91570;2;1;2;6;SAINT SAENS (RUE);48,6343790;2,3221920
6377;202000007038;29;2;2020;12:45;1;91;91064;1;9;8;6;PARIS (RUE DE);48,7730600;2,2289700
6378;202000007039;28;2;2020;08:30;1;91;91345;2;1;1;6;ROUX DR (RUE DU);48,6899720;2,2972330
6379;202000007040;27;2;2020;23:35;5;91;91433;1;1;1;7;R.N. 20;48,4519300;2,1740000
6380;202000007041;28;2;2020;09:20;1;91;91174;2;1;8;6;JEAN JAURES (BOULEVARD);48,6073900;2,4650300
6381;202000007042;27;2;2020;12:55;1;91;91174;2;2;2;3;BOURGOIN(QUAI);48,6130700;2,4834700
6382;202000007043;27;2;2020;15:30;1;91;91457;2;1;6;2;LEUDEVILLE OU DE BEAULIEU (CHEMIN DE);48,5830570;2,2660520
6383;202000007044;27;2;2020;14:00;1;91;91339;2;1;6;6;RN 20;48,6217150;2,2596790
6384;202000007045;27;2;2020;08:10;1;91;91103;2;9;3;3;VIEUX PAVE (CHEMIN DU);48,6225730;2,3140290
6385;202000007046;24;2;2020;12:10;1;91;91103;2;3;1;2;DUCROS ERNEST (RUE);48,6150360;2,3043770
6386;202000007047;24;2;2020;11:40;1;91;91021;2;3;1;3;VERDUN (AVENUE DE);48,5841500;2,2443500
6387;202000007048;24;2;2020;22:40;3;89;89024;1;1;1;6;R.N.6;47,8180021;3,5638013
6388;202000007049;25;2;2020;11:11;1;87;87085;2;2;1;6;CHURCHILL WINSTON (PLACE);45,8316100;1,2535000
6389;202000007050;22;2;2020;16:35;1;87;87065;1;2;1;2;BOISSEUIL (RUE DE);45,7844200;1,3115200
6390;202000007051;24;1;2020;19:30;3;86;86194;2;1;1;6;Avenue Jacques Coeur;46,5685126;0,3739268
6391;202000007052;12;2;2020;12:45;1;84;84007;2;1;1;1;CROIX ROUGE( Avenue de la );43,9268066;4,8362288
6392;202000007053;1;3;2020;21:35;5;83;83137;2;1;1;7;Lieutenant d'ESTIENNE D'ORVES (AVE);43,1266300;5,9125100
6393;202000007054;29;2;2020;19:15;5;83;83137;2;1;8;6;JOFFRE (BD MARECHAL);43,1238350;5,9525320
6394;202000007055;1;3;2020;16:00;1;83;83069;2;1;1;3;Route de l’Almanarre;43,0907780;6,1293460
6395;202000007056;29;2;2020;09:35;1;83;83069;2;2;1;3;GODILLOT  ( AVENUE ALEXIS );43,1113201;6,1240100
6396;202000007057;27;2;2020;14:15;1;83;83069;1;9;2;6;FRONT DE MER (BOULEVARD);43,1074000;6,1780000
6397;202000007058;27;2;2020;16:53;1;82;82121;2;1;2;3;TOULOUSE (AVENUE DE);44,0032970;1,3409150
6398;202000007059;25;2;2020;20:00;5;80;80021;2;3;1;3;ITALIE (AVENUE D');49,8715300;2,2844700
6399;202000007060;26;2;2020;08:52;1;80;80021;2;1;1;3;JULES BARNI (RUE);49,8892500;2,3103000
6400;202000007061;29;2;2020;19:10;5;78;78158;2;1;8;6;DUTARTRE (AVENUE);48,8218040;2,1165990
6401;202000007063;25;2;2020;18:55;5;78;78299;2;2;3;2;MICHELET (BOULEVARD);49,0049700;1,9010500
6402;202000007064;28;2;2020;14:20;1;78;78123;1;1;1;3;EUROPE (RN 190) AVENUE DE L';48,9513490;2,0230630
6403;202000007065;11;2;2020;11:10;1;77;77368;2;2;1;6;POIGNY (AVENUE DE) D1f;48,5459630;3,2870932
6404;202000007066;26;2;2020;14:20;1;77;77312;2;1;1;6;D 148;48,3439400;2,7726500