;Num_Acc;jour;mois;an;hrmn;lum;dep;com;agg;int;atm;col;adr;lat;long
6646;202000007341;30;1;2020;16:20;1;45;45234;2;1;2;6;Boulevard Guy - Marie Riobe;47,9127657;1,9135566
6647;202000007342;29;1;2020;17:49;3;44;44184;1;2;2;3;Rue du Vélodrome;47,2826950; -2,2230370
6648;202000007343;29;1;2020;19:10;5;39;39300;2;1;2;6;6 Avenue Thurel;46,6727600;5,5531240
6649;202000007344;30;1;2020;08:22;1;37;37122;2;1;2;6;BRETONNIERES (BOULEVARD DES);47,3452402;0,6386346
6650;202000007345;29;1;2020;15:50;1;37;37214;2;1;1;7;RD 37;47,4275248;0,6381794
6651;202000007346;30;1;2020;20:15;5;35;35051;2;2;8;3;CHARMILLES (RUE DES);48,1023700; -1,6226300
6652;202000007347;30;1;2020;16:45;1;35;35055;1;6;1;2;HALLERAIS (ROND-POINT);48,0782800; -1,6327900
6653;202000007348;30;1;2020;07:33;5;35;35238;2;4;2;6;3 CHATEAUGIRON (RUE DE);48,1019000; -1,6598000
6654;202000007349;30;1;2020;19:40;5;34;34172;2;1;8;4;VERDANSON (QUAI DU);43,6150300;3,8824500
6655;202000007350;30;1;2020;18:25;3;34;34198;1;1;1;2;D66  VOIE RAPIDE;43,5755300;3,9503900
6656;202000007351;30;1;2020;14:40;1;34;34129;2;3;1;3;EUROPE (AVENUE DE L');43,5716500;3,9056300
6657;202000007352;30;1;2020;18:45;2;33;33063;2;2;2;6;CRS DE LA MARNE / RUE PEYRONNET / RUE MALBEC;44,8281800; -0,5607600
6658;202000007353;30;1;2020;13:35;1;33;33032;2;6;9;3;QUAI ALFRED DE VIAL / RUE RICHELIEU;44,9096100; -0,5353900
6659;202000007354;30;1;2020;08:00;1;33;33063;2;3;2;2;QUAI DE LA SOUYS / RUE FRANC SANSON;44,8279500; -0,5396200
6660;202000007355;27;1;2020;16:40;1;31;31069;2;1;2;-1;GRENADE (ROUTE DE);43,6288148;1,3920198
6661;202000007356;27;1;2020;08:30;5;30;30189;1;1;1;1;ALES (ROUTE);43,8845500;4,3022800
6662;202000007357;30;1;2020;08:10;2;29;29019;2;6;2;3;Rue du Valy-hir;48,3852500; -4,5282200
6663;202000007358;30;1;2020;07:05;5;29;29019;2;1;2;-1;Rue Neuve;48,3832421; -4,4986044
6664;202000007359;29;1;2020;07:56;1;26;26198;2;6;1;3;VILLEPRE (Rond point de);44,5663650;4,7351430
6665;202000007360;30;1;2020;08:45;2;18;18205;2;1;2;3;ORLEANS (ROUTE D');47,1235700;2,3709100
6666;202000007361;30;1;2020;20:00;5;17;17415;2;2;1;3;MARTEL RUE GEOFFROY;45,7427893; -0,6212023
6667;202000007363;30;1;2020;13:10;1;13;13211;2;1;1;3;SAINT LOUP (BOULEVARD DE);43,2840607;5,4355976
6668;202000007364;30;1;2020;14:45;1;13;13206;2;2;1;3;BONS ENFANT (RUE DES);43,2892700;5,3884100
6669;202000007365;30;1;2020;13:45;1;13;13209;2;9;1;3;HUVEAUNE (BOULEVARD DE);43,2744757;5,4086697
6670;202000007366;30;1;2020;13:00;1;13;13215;2;9;1;3;SAINT ANTOINE A SAINT JOSEPH (CHEMIN DE);43,3603700;5,3638600
6671;202000007367;30;1;2020;13:45;1;13;13063;2;2;1;2;ARISTIDE BRIAND BOULEVARD;43,5791937;5,0028979
6672;202000007368;30;1;2020;10:22;1;10;10387;2;1;8;2;CHOMEDEY DE MAISONNEUVE (AVE);48,3033500;4,0733400
6673;202000007369;30;1;2020;18:32;5;06;06088;2;9;1;3;TURIN (RTE DE);43,7305300;7,2865400
6674;202000007370;28;1;2020;10:30;1;05;05023;2;9;1;3;FANTON (CHEMIN);44,9048000;6,6295500
6675;202000007371;24;1;2020;18:30;5;05;05023;2;6;1;3;ROND POINT FAURE-GEORS;44,8871045;6,6336458
6676;202000007372;30;1;2020;20:00;5;75;75115;2;1;2;2;BD PERIPHERIQUE EXTERIEUR;48,8347620;2,2654180
6677;202000007373;30;1;2020;17:45;4;75;75117;2;1;2;7;BD PERIPHERIQUE INTERIEUR;48,8969120;2,3112430
6678;202000007375;28;1;2020;18:52;5;75;75116;2;2;3;6;AVENUE EDOUARD VAILLANT;48,8381260;2,2542100
6679;202000007376;30;1;2020;13:50;1;75;75118;2;2;2;6;RUE DE LA CHAPELLE;48,8902550;2,3599133
6680;202000007377;30;1;2020;20:00;5;75;75117;2;2;2;3;RUE JOUFFROY D ABBANS;48,8859670;2,3095750
6681;202000007379;30;1;2020;09:50;1;75;75117;2;2;2;2;BOULEVARD DE LA SOMME;48,8865820;2,2900660
6682;202000007380;30;1;2020;14:45;1;75;75116;2;1;8;2;AVENUE DU PRESIDENT KENNEDY;48,8563770;2,2859971
6683;202000007382;30;1;2020;07:30;5;75;75116;2;7;1;-1;PORTE DE MADRID;48,8741501;2,2553821
6684;202000007384;30;1;2020;17:30;5;75;75114;2;3;2;6;RUE D ALESIA;48,8298377;2,3211765
6685;202000007385;30;1;2020;18:00;5;75;75113;2;2;2;3;QUAI PANHARD ET LEVASSOR;48,8322321;2,3797659
6686;202000007386;30;1;2020;16:15;1;75;75113;2;1;8;3;QUAI FRANCOIS MAURIAC;48,8326359;2,3792179
6687;202000007388;30;1;2020;16:15;1;75;75112;2;1;2;2;BOULEVARD PONIATOWSKI;48,8337985;2,4030949
6688;202000007389;30;1;2020;09:30;1;75;75112;2;1;2;-1;QUAI DE BERCY;48,8296250;2,3872290
6689;202000007392;30;1;2020;14:30;1;75;75110;2;7;2;3;PLACE FRANZ LISTZ;48,8779022;2,3516094
6690;202000007393;30;1;2020;14:30;1;75;75110;2;2;1;3;RUE DES VINAIGRIERS;48,8731690;2,3614680
6691;202000007394;30;1;2020;08:25;1;75;75109;2;1;2;2;BOULEVARD HAUSSMANN;48,8731075;2,3320250
6692;202000007395;30;1;2020;20:10;5;75;75102;2;1;2;6;BOULEVARD DE SEBASTOPOL;48,8654629;2,3520412
6693;202000007396;30;1;2020;09:55;1;75;75103;2;1;2;3;RUE BEAUBOURG;48,8617513;2,3537828
6694;202000007397;29;1;2020;13:20;1;94;94067;2;2;1;3;DAUMESNIL (AV);48,8350322;2,4197588
6695;202000007398;29;1;2020;14:30;1;94;94046;2;1;1;6;JEAN JAURES (R);48,7938900;2,4343600
6696;202000007400;30;1;2020;07:45;1;94;94011;2;1;1;3;OUEST(ROUTE DE L');48,7799000;2,4800000
6697;202000007401;30;1;2020;16:30;1;94;94069;2;1;8;2;MARECHAL LECLERC (R DU);48,8181229;2,4334743
6698;202000007402;30;1;2020;08:15;1;94;94044;2;1;1;6;PRESIDENT WILSON (AV DU);48,7508600;2,4994500
6699;202000007403;29;1;2020;08:15;1;94;94002;2;1;1;1;MARCEL BOURDARIAS (R);48,8048000;2,4245400
6700;202000007405;30;1;2020;22:00;5;93;93027;2;1;9;2;CACHIN (AVENUE MARCEL);48,9262000;2,3968000
6701;202000007406;30;1;2020;09:10;1;92;92077;2;1;2;3;RONCE (RUE DE LA);48,8231600;2,1928500
6702;202000007407;29;1;2020;10:10;1;92;92063;2;3;1;3;COLMAR (AV DE);48,8873081;2,1681375
6703;202000007408;29;1;2020;07:45;1;92;92050;2;9;1;1;CHAMPS PIERREUX (AVENUE DES);48,8893300;2,2135000
6704;202000007409;29;1;2020;17:20;1;92;92036;2;3;1;5;LOUISE MICHEL (PAIRS);48,9226600;2,3206100
6705;202000007411;30;1;2020;12:36;1;92;92026;2;1;2;6;BEZONS  (DE 01 A 22);48,8935400;2,2521700
6706;202000007412;30;1;2020;20:38;5;92;92024;2;1;8;3;VICTOR HUGO (BD);48,8983900;2,3120100
6707;202000007413;30;1;2020;16:35;1;92;92012;2;3;1;7;VICTOR HUGO (AVENUE) 49/FIN - 60/FIN;48,8360324;2,2450076
6708;202000007414;30;1;2020;18:45;3;47;47170;1;1;2;7;Lieu dit BIARDS;44,5414640;0,5445530
6709;202000007415;28;1;2020;06:45;3;35;35245;1;1;2;2;La Lande Guinard;48,2387120; -1,8675470
6710;202000007416;31;1;2020;05:30;3;25;25532;1;1;2;1;Saône;47,2121060;6,0951380
6711;202000007417;31;1;2020;14:05;1;66;66141;1;1;1;2;A9;42,7524010;2,8927730
6712;202000007418;29;1;2020;20:50;5;95;95487;2;6;1;6;Rue Etienne Dolet;49,1509291;2,2671994
6713;202000007419;30;1;2020;21:55;3;71;71576;1;1;2;5;A6;46,5283100;4,9194930
6714;202000007420;30;1;2020;15:10;1;67;67073;2;1;3;1;route de sainte marie aux mines;48,2800447;7,3896409
6715;202000007421;31;1;2020;18:08;2;11;11111;1;2;1;2;D6113;43,2104460;2,8270050
6716;202000007422;30;1;2020;17:15;2;60;60010;1;6;1;3;D205;49,2144684;2,1264412
6717;202000007423;30;1;2020;10:00;1;06;06130;2;1;7;6;31 Avenue de Provence;43,6940700;6,8488570
6718;202000007424;30;1;2020;19:40;5;38;38239;1;1;3;6;Rue des Pautes;45,3294200;5,5691560
6719;202000007425;31;1;2020;11:50;1;44;44187;1;1;2;1;Route de Nantes;47,1948740; -2,0280930
6720;202000007426;30;1;2020;17:00;1;62;62086;1;2;2;3;D8;50,2181200;2,5783650
6721;202000007427;30;1;2020;17:35;2;77;77402;2;1;2;6;30 Rue des Prés de la Foire - D215;48,8134240;3,3585920
6722;202000007428;31;1;2020;08:25;1;69;69260;2;1;1;1;Rue de la Salle des Fêtes;45,6474650;4,8126720
6723;202000007429;30;1;2020;23:55;5;74;74263;2;4;3;6;Avenue de Coudrée;46,3360470;6,3807980
6724;202000007430;30;1;2020;06:50;2;57;57488;1;1;8;1;Rue d'Avricourt;48,6726000;6,7888640
6725;202000007432;30;1;2020;08:00;2;51;51563;1;2;8;3;D43/D951;48,8287298;3,7551948
6726;202000007433;27;1;2020;07:00;2;59;59037;2;9;1;1;D942;50,1894460;3,3846740
6727;202000007434;31;1;2020;17:10;1;80;80546;1;1;1;5;D925;50,1006560;1,7252880
6728;202000007435;30;1;2020;15:47;1;80;80587;2;1;2;6;Rue Grande;49,9236370;1,6682210
6729;202000007436;31;1;2020;17:00;1;71;71263;2;1;1;6;Avenue Fernand Point;46,6242801;5,2301382
6730;202000007437;30;1;2020;18:30;3;63;63366;1;1;2;1;salamot;45,5198780;3,3899990
6731;202000007438;30;1;2020;03:15;3;12;12154;1;3;1;6;Allee des Marronniers;43,8735810;2,8217270
6732;202000007439;9;1;2020;15:30;1;29;29069;1;3;1;4;D67 - Keralan;48,4367530; -4,5757900
6733;202000007440;30;1;2020;11:40;1;29;29160;2;3;1;6;Rue des Trois Freres le Jeune;48,5027314; -4,4282464
6734;202000007441;29;1;2020;17:45;1;31;31553;1;1;1;1;D1;43,7196760;1,1351540
6735;202000007442;30;1;2020;16:05;1;15;15087;1;1;2;6;D920;44,7705481;2,4602509
6736;202000007443;22;1;2020;06:45;3;01;01024;1;1;2;7;Route de Montrevel;46,2995980;5,1519870
6737;202000007446;30;1;2020;13:30;1;40;40273;1;1;1;1;Route des Barthes;43,5020050; -1,3454870
6738;202000007447;30;1;2020;21:45;3;24;24291;1;1;2;7;Pont des Combes;45,0538180;1,2061570
6739;202000007448;30;1;2020;23:45;3;85;85101;1;1;2;6;La Botterie;46,4450700; -1,4090700
6740;202000007449;31;1;2020;05:15;3;28;28227;1;1;1;7;D26.1;48,5755780;1,5595760
6741;202000007451;28;1;2020;13:25;1;08;08190;2;1;7;6;Place Méhul;50,1379720;4,8215340
6742;202000007452;27;1;2020;15:30;1;69;69086;1;1;2;-1;L'Arbresle (Embranchement d'autoroute);45,8452263;4,6737713
6743;202000007453;30;1;2020;08:50;1;38;38486;2;2;1;1;Rue du Dauphiné;45,1669700;5,6943100
6744;202000007454;29;1;2020;07:35;2;91;91085;1;1;1;5;N20;48,5429780;2,2128870
6745;202000007455;30;1;2020;23:45;3;974;97420;1;1;1;3;Route Nationale 2; -20,9044720;55,5985990
6746;202000007456;31;1;2020;07:10;5;45;45244;2;1;2;6;Route d'Orleans;47,7673630;2,4786190
6747;202000007457;31;1;2020;20:30;5;2B;2B042;2;6;1;3;Avenue de Borgo;42,5621370;9,4410750
6748;202000007458;31;1;2020;03:30;3;2B;2B350;1;1;1;6;T20;42,5205888;9,4273639
6749;202000007460;30;1;2020;07:55;1;54;54145;1;9;8;2;D81;48,6475930;6,3876920
6750;202000007461;30;1;2020;18:15;5;42;42147;2;1;1;1;Rue de Beauregard;45,6097970;4,0590670
6751;202000007462;12;1;2020;02:40;5;42;42299;2;6;1;6;La Croix Meyssant;45,6127800;4,0752410
6752;202000007463;31;1;2020;14:05;1;86;86078;1;1;2;6;D35;46,1335677;0,3117133
6753;202000007464;30;1;2020;15:10;1;49;49020;2;1;2;6;Rue du Bourg de Paille;47,4737070; -0,6244610
6754;202000007466;29;1;2020;05:51;5;69;69290;1;1;2;2;RN 346 ;45,7070000;4,9673200
6755;202000007467;30;1;2020;10:10;1;94;94034;1;1;2;2;AUTOROUTE A86;48,7578133;2,3277063
6756;202000007468;29;1;2020;19:10;5;78;78640;1;1;1;2;N118;48,7789570;2,2224350
6757;202000007469;29;1;2020;18:30;5;92;92064;1;1;1;5;A13;48,8377401;2,1898582
6758;202000007471;29;1;2020;19:00;3;93;93064;1;1;1;5;AUTOROUTE A86;48,8636900;2,4824900
6759;202000007472;29;1;2020;09:30;1;93;93066;1;1;1;3;AUTOROUTE A86;48,9249500;2,3407400
6760;202000007473;29;1;2020;05:50;3;95;95572;1;1;2;6;AUTOROUTE A15;49,0322400;2,1086600
6761;202000007474;29;1;2020;05:30;3;95;95582;1;1;1;2;AUTOROUTE A15;48,9742300;2,2451700
6762;202000007475;28;1;2020;10:00;1;92;92036;1;1;1;2;AUTOROUTE A15;48,9435500;2,2873800
6763;202000007476;30;1;2020;17:15;3;77;77450;1;1;1;5;RN104;48,7219148;2,5981593
6764;202000007477;30;1;2020;14:00;1;77;77373;1;1;2;2;RN104;48,7773637;2,6140391
6765;202000007478;30;1;2020;10:15;1;77;77258;1;1;2;-1;A4.W;48,8301308;2,6260938
6766;202000007479;28;1;2020;11:00;1;974;97409;2;1;1;2;Chemin Valentin; -20,9595687;55,6751708
6767;202000007480;29;1;2020;20:00;5;69;69388;2;1;1;3;JEAN MERMOZ                         (AV);45,7352500;4,8730300
6768;202000007481;24;1;2020;07:35;1;972;97209;2;6;1;1;BEAUSEJOUR JAMBETTE (ROUTE DE );14,6300100; -61,0413700
6769;202000007482;27;1;2020;21:30;5;972;97209;2;2;1;3;REDOUTE (ROUTE DE LA);14,6274460; -61,0591030
6770;202000007483;29;1;2020;07:30;1;69;69034;2;3;2;6;SOEUR VIALLY (DE LA)                (MO);45,7852600;4,8471700
6771;202000007484;29;1;2020;07:00;5;69;69286;2;6;2;6;CENTRE NAUTIQUE (DU)                (R );45,8164888;4,8878354
6772;202000007485;29;1;2020;17:20;1;2B;2B033;2;3;1;1;TOUTES RUES;42,6811000;9,4405000
6773;202000007486;29;1;2020;09:30;1;971;97120;2;1;1;7;BD LEGITIMUS;16,2447749; -61,5341663
6774;202000007488;29;1;2020;10:44;1;2A;2A004;2;1;1;7;SEBASTIANU COSTA BD;41,9418600;8,7483300
6775;202000007489;27;1;2020;01:20;3;95;95280;1;1;3;7;GOUSAINVILLE A ROISSY(ROUTE);49,0184500;2,4948000
6776;202000007490;29;1;2020;13:35;1;95;95063;2;1;1;6;RUE EMILE ZOLA;48,9230000;2,2141600
6777;202000007491;29;1;2020;21:15;5;91;91589;2;1;1;7;BRIAND (BOULEVARD ARISTIDE);48,6825200;2,3437900
6778;202000007492;28;1;2020;18:00;5;91;91377;2;9;2;3;CHAMPARTS (RUE DES);48,7181000;2,2963600
6779;202000007493;29;1;2020;12:11;1;87;87085;2;1;2;2;BORIE (BOULEVARD DE LA);45,8349200;1,2264700
6780;202000007494;29;1;2020;07:10;5;83;83137;2;9;1;-1;RIVIERE (QUAI COMMANDANT);43,1354200;5,9068440
6781;202000007495;29;1;2020;19:30;-1;83;83069;2;1;-1;6;PERE ETERNEL (CHEMIN DU);43,1246900;6,1503900
6782;202000007496;28;1;2020;18:15;2;83;83069;2;1;1;3;SOURCE (CHEMIN DE LA);43,1099800;6,1104900
6783;202000007497;29;1;2020;17:15;1;82;82121;1;1;1;1;4500 Route d'Albefeuille Lagarde;44,0478570;1,2921260
6784;202000007498;28;1;2020;09:00;1;78;78423;2;9;1;3;PRES (AVENUE DES);48,7802800;2,0282100
6785;202000007499;26;1;2020;11:40;1;78;78005;2;1;2;3;BASSES PLAINES (CHEMIN DES);48,9730000;2,0702000
6786;202000007500;29;1;2020;10:00;1;77;77118;1;1;1;4;D34E;48,9433300;2,6666600
6787;202000007501;28;1;2020;19:05;5;73;73011;2;1;2;3;D990  TOURS (ROUTE DE);45,6680370;6,3955510
6788;202000007502;28;1;2020;20:25;5;72;72181;2;1;1;3;GAULLE GENERAL DE (AV DU);48,0040500;0,2011400
6789;202000007503;29;1;2020;07:55;1;71;71306;2;2;1;6;Rue de Bel Air;46,6749655;4,3686177
6790;202000007504;29;1;2020;16:00;1;69;69256;2;5;2;2;PABLO PICASSO                       (AV);45,7739915;4,9229991
6791;202000007505;28;1;2020;13:40;1;67;67482;2;4;8;4;SCHIRMECK (ROUTE DE);48,5611520;7,6942250
6792;202000007506;28;1;2020;11:15;1;67;67482;2;1;2;6;OVIDE (RUE);48,5804491;7,7058175
6793;202000007507;27;1;2020;17:00;2;67;67482;2;1;8;6;RENAISSANCE (RUE DE LA);48,6136346;7,7910660
6794;202000007508;27;1;2020;18:15;5;63;63245;2;3;2;3;Blaise Pascal/Jean Jaurès;45,8899210;3,0765530
6795;202000007509;28;1;2020;23:10;5;63;63113;2;1;1;6;FLAUBERT (BD GUSTAVE);45,7634300;3,1259100
6796;202000007510;29;1;2020;13:40;1;59;59599;2;2;1;6;PASTEUR (RUE);50,7257350;3,1665120
6797;202000007513;18;6;2020;18:00;1;68;68066;2;9;1;6;CLEFS (RUE DES);48,0788510;7,3590020
6798;202000007514;18;6;2020;18:30;1;67;67482;2;1;8;6;TEMPLE NEUF (RUE DU);48,5839200;7,7496200
6799;202000007515;16;6;2020;15:30;1;67;67180;2;3;1;6;MARECHAL JOFFRE (RUE DU);48,8167800;7,7871800
6800;202000007517;18;6;2020;13:49;1;66;66136;2;1;1;6;POINCARE (BOULEVARD HENRI);42,6915900;2,8932700
6801;202000007518;16;6;2020;22:20;3;66;66136;2;1;1;6;VIELLEDENT (JEAN);42,6959500;2,8997200
6802;202000007519;19;6;2020;15:10;1;64;64483;1;1;1;3;RD 810;43,4067030; -1,6277910
6803;202000007520;18;6;2020;16:35;1;64;64445;2;1;1;6;BUROS DE;43,3206800; -0,3464300
6804;202000007521;17;6;2020;16:25;1;64;64445;2;6;1;6;CAZAUBON NORBERT;43,3040700; -0,3669600
6805;202000007522;19;6;2020;14:05;1;64;64102;2;1;1;7;QUATORZE AVRIL (AVENUE DU);43,5025000; -1,4565000
6806;202000007523;18;6;2020;21:00;1;64;64024;2;1;1;7;BAB (BOULEVARD DU);43,4938800; -1,5202400
6807;202000007525;18;6;2020;19:10;1;59;59009;2;2;1;-1;DECUGIS YVES RUE         RESTE;50,6190770;3,1422490
6808;202000007526;19;6;2020;10:15;1;56;56260;2;6;1;2;FRANCE LIBRE (GIRATOIRE DE);47,6595300; -2,7811800
6809;202000007527;18;6;2020;18:00;1;56;56083;1;1;1;4;RN 165;47,7892034; -3,2902718
6810;202000007528;18;6;2020;17:05;1;56;56083;2;1;1;5;Avenue de la République;47,8006700; -3,2850500
6811;202000007529;18;6;2020;13:00;1;54;54526;2;3;1;3;CAMELINAT (RUE);48,6880247;6,2074283
6812;202000007530;18;6;2020;14:45;1;51;51454;2;1;1;3;Rue Ponsardin;49,2527287;4,0398722
6813;202000007531;16;6;2020;18:05;1;50;50129;2;2;1;3;PONT CARREAU;49,6335400; -1,6173900
6814;202000007532;19;6;2020;09:10;1;45;45208;2;1;1;6;Rue de l'Europe;47,9949492;2,7405918
6815;202000007533;19;6;2020;21:10;5;38;38185;2;2;1;3;Boulevard Gambetta;45,1878400;5,7234500
6816;202000007534;19;6;2020;09:30;1;38;38185;2;1;1;6;Rue Pascal;45,1681200;5,7353400
6817;202000007535;18;6;2020;18:55;1;34;34172;2;9;1;3;ASSAS (AVENUE D');43,6199500;3,8589200
6818;202000007536;18;6;2020;13:09;1;32;32013;1;1;1;7;HAGET (CHEMIN DU);43,6584900;0,6127500
6819;202000007537;20;6;2020;00:53;5;29;29019;2;1;1;6;Place Albert Premier;48,3980542; -4,4893067
6820;202000007538;18;6;2020;12:05;1;25;25056;2;1;1;6;CAUSSES RUE DES;47,2176000;5,9665100
6821;202000007540;19;6;2020;11:00;1;16;16015;2;1;1;6;267 Avenue de Navarre;45,6349270;0,1541820
6822;202000007541;20;6;2020;00:00;3;14;14574;1;1;1;6;D. 159;49,1573000;0,1850900
6823;202000007542;19;6;2020;17:45;1;14;14327;2;6;1;3;BOSTON (PLACE DE);49,2119000; -0,3560200
6824;202000007544;19;6;2020;18:50;1;13;13075;2;1;1;7;LOUIS PASTEUR (AVE);43,3560112;5,4665694
6825;202000007545;18;6;2020;19:50;1;13;13202;2;9;1;6;CHEMIN DU LITTORAL (CHEMIN DU);43,3470850;5,3443510
6826;202000007546;19;6;2020;08:10;1;13;13201;2;3;1;3;BELSUNCE (COURS);43,2963800;5,3776900
6827;202000007547;18;6;2020;16:16;1;13;13202;2;1;1;3;LITTORAL (CHEMIN DU);43,3323177;5,3547472
6828;202000007548;19;6;2020;02:55;5;11;11262;2;1;1;7;BORDEAUX (AVENUE DE);43,1819700;2,9890600
6829;202000007549;13;6;2020;03:20;5;11;11262;2;3;1;6;1848 (BOULEVARD);43,1916318;3,0151800
6830;202000007550;11;7;2020;02:25;5;54;54395;2;1;1;3;FOUCAULD (RUE CHARLES DE);48,7016606;6,1831623
6831;202000007551;17;6;2020;15:15;1;11;11262;2;3;1;3;MISTRAL (BOULEVARD FREDERIC);43,1850600;3,0005300
6832;202000007552;20;7;2020;19:15;1;51;51454;2;2;1;3;Rue Chanzy;49,2522465;4,0320437
6833;202000007553;20;7;2020;04:00;5;51;51454;2;1;1;3;Rue Ledru Rollin;49,2371336;4,0349388
6834;202000007554;18;6;2020;16:10;1;06;06088;2;1;1;3;ANGLAIS (A PARTIR DU N° 351);43,6717000;7,2246000
6835;202000007555;19;6;2020;17:15;1;06;06155;2;3;1;3;JAUBERT AV.;43,5791470;7,0498860
6836;202000007556;19;7;2020;04:50;5;45;45208;2;2;1;3;D973 PR 0 + 1;47,9983000;2,7464000
6837;202000007557;20;7;2020;13:45;1;42;42186;2;1;1;6;Route de Montjoint;45,5320448;4,6199941
6838;202000007558;19;6;2020;21:00;2;75;75115;2;1;1;2;BOULEVARD PERIPHERIQUE;48,8263760;2,2970130
6839;202000007559;19;7;2020;22:20;5;39;39300;2;1;1;1;280 Rue des Violettes;46,6766000;5,5725000
6840;202000007560;20;7;2020;15:17;1;37;37261;2;1;1;2;GRAMMONT (AVENUE DE);47,3731276;0,6956984
6841;202000007561;19;6;2020;11:55;1;75;75116;2;4;1;4;BOULEVARD PERIPHERIQUE;48,8410680;2,2541870
6842;202000007562;20;7;2020;09:15;1;37;37261;2;2;1;6;FEBVOTTE (RUE);47,3771454;0,6882322
6843;202000007563;20;7;2020;10:00;1;35;35055;1;6;1;7;RD 173;48,0782000; -1,6327810
6844;202000007564;20;7;2020;15:27;1;34;34003;2;1;1;3;ROCHELONGUE (G14 A O16;43,2791314;3,4811445
6845;202000007565;19;6;2020;08:45;1;75;75114;2;1;1;3;BOULEVARD PERIPHERIQUE;48,8206780;2,3231450
6846;202000007566;20;7;2020;04:38;5;33;33069;2;1;1;3;AVE DE TIVOLI;44,8628700; -0,5933900
6847;202000007567;18;6;2020;18:00;1;75;75117;2;1;1;3;PORTE DE CHAMPERRET;48,8839810;2,2852790
6848;202000007568;17;6;2020;19:45;1;75;75117;2;1;1;3;PORTE DE SAINT OUEN;48,9003480;2,3221740
6849;202000007569;18;7;2020;16:30;1;31;31555;2;4;1;3;AV DES ETATS UNIS;43,6282373;1,4331847
6850;202000007570;20;7;2020;08:15;1;29;29232;2;6;1;2;D783 - Boulevard President Allende;47,9953200; -4,0730900
6851;202000007571;14;7;2020;15:55;1;29;29019;2;3;1;6;Rue du Carpon;48,3897361; -4,5011061
6852;202000007572;19;6;2020;10:06;1;75;75111;2;1;1;3;BOULEVARD BEAUMARCHAIS;48,8552710;2,3686200
6853;202000007573;20;7;2020;14:00;1;17;17306;2;1;1;3;ROCHEFORT (DE)  (AVENUE);45,6488800; -1,0244100
6854;202000007575;20;7;2020;17:05;1;16;16374;2;1;1;6;Av du Général de Gaulle;45,6363000;0,2075910
6855;202000007576;20;7;2020;10:30;1;13;13117;2;1;1;6;SALYENS ( AVENUE DES );43,4419500;5,2531000
6856;202000007577;19;6;2020;14:10;1;75;75119;2;1;1;3;RUE MANIN;48,8836910;2,3896200
6857;202000007578;20;7;2020;18:30;1;13;13215;2;1;1;2;BERNABO (Bd);43,3365800;5,3549728
6858;202000007579;19;6;2020;14:50;1;75;75120;2;4;1;6;RUE DE BELLEVILLE;48,8768070;2,4052460
6859;202000007580;20;7;2020;02:42;5;13;13208;2;1;1;2;MENDES FRANCE (AVENUE);43,2537600;5,3760400
6860;202000007581;19;6;2020;12:30;1;75;75119;2;1;1;3;AVENUE SIMON BOLIVAR;48,8769180;2,3743490
6861;202000007582;18;7;2020;22:30;5;13;13207;2;1;1;-1;Corniche John Fitzgérald Kennedy;43,2883400;5,3530700
6862;202000007583;19;7;2020;05:30;2;13;13005;1;1;1;7;LASCOURS (CHEMIN DE );43,3302273;5,5732387
6863;202000007584;20;7;2020;01:35;5;06;06088;2;9;1;6;JAURES (BD JEAN);43,6966000;7,2706000
6864;202000007585;19;6;2020;07:40;1;75;75118;2;2;1;3;RUE DAMREMONT;48,8936380;2,3363750
6865;202000007586;17;7;2020;11:47;1;05;05061;2;3;1;3;GENERAL DE GAULLE ( BD );44,5590300;6,0751500
6866;202000007588;19;7;2020;06:25;1;75;75120;2;1;1;6;PORTE DES LILAS;48,8755560;2,4099530
6867;202000007589;19;6;2020;15:00;1;75;75117;2;2;1;6;BOULEVARD DE COURCELLES;48,8812060;2,3155720
6868;202000007590;20;7;2020;22:50;5;75;75119;2;2;1;4;RUE PETIT;48,8847790;2,3812610
6869;202000007591;19;6;2020;00:25;5;75;75116;2;1;1;2;ALLEE DE LONGCHAMP;48,8644370;2,2418700
6870;202000007592;19;7;2020;23:00;4;75;75117;2;1;1;7;RUE DES APENNINS;48,8902310;2,3215120
6871;202000007593;19;6;2020;01:35;5;75;75116;2;2;1;3;ALLEE DE LONGCHAMP;48,8676550;2,2508820
6872;202000007594;20;7;2020;05:40;1;75;75115;2;2;1;7;QUAI ANDRE CITROEN;48,8493290;2,2816260
6873;202000007595;20;7;2020;22:05;2;75;75114;2;5;1;3;RUE D ALESIA;48,8305350;2,3192670
6874;202000007596;19;6;2020;20:30;1;75;75115;2;1;1;3;PONT MIRABEAU;48,8464460;2,2760690
6875;202000007597;18;6;2020;11:55;1;75;75115;2;4;1;-1;AVENUE DE SUFFREN;48,8527970;2,2983470
6876;202000007598;20;7;2020;06:00;1;75;75113;2;2;1;3;BOULEVARD MASSENA;48,8201240;2,3646490
6877;202000007599;20;7;2020;10:10;1;75;75110;2;1;1;3;QUAI DE VALMY;48,8819570;2,3687580
6878;202000007600;19;6;2020;16:55;1;75;75114;2;1;1;3;AVENUE RENE COTY;48,8325400;2,3329370
6879;202000007601;20;7;2020;14:55;1;75;75109;2;2;1;3;BOULEVARD DES ITALIENS;48,8712760;2,3359300
6880;202000007602;19;6;2020;09:24;1;75;75113;2;3;1;3;RUE CHARLES MOUREU;48,8275700;2,3624540
6881;202000007603;20;7;2020;22:15;5;75;75103;2;4;1;3;RUE DU TEMPLE;48,8671620;2,3629090
6882;202000007604;18;6;2020;21:40;2;75;75111;2;3;1;3;BOULEVARD DE MENILMONTANT;48,8652550;2,3845720
6883;202000007605;20;7;2020;20:30;1;75;75101;2;7;1;6;PLACE VENDOME;48,8670860;2,3290430