;Num_Acc;jour;mois;an;hrmn;lum;dep;com;agg;int;atm;col;adr;lat;long
6884;202000007606;19;6;2020;08:19;1;75;75111;2;4;1;6;RUE DE LA FONTAINE AU ROI;48,8686880;2,3681280
6885;202000007607;20;7;2020;17:40;1;75;75104;2;3;1;6;RUE DE RIVOLI;48,8554560;2,3600900
6886;202000007608;19;6;2020;14:25;1;75;75108;2;7;1;7;PLACE DE LA MADELEINE;48,8699890;2,3252480
6887;202000007610;19;6;2020;00:15;5;75;75104;2;1;1;7;BOULEVARD HENRI IV;48,8514130;2,3632610
6888;202000007611;20;7;2020;13:35;1;75;75102;2;2;1;3;RUE DU LOUVRE;48,8667490;2,3438370
6889;202000007612;19;6;2020;07:20;1;75;75103;2;2;1;3;RUE SAINT MARTIN;48,8679050;2,3550070
6890;202000007613;19;7;2020;01:55;5;94;94081;2;2;1;3;FERME (R DE LA);48,7874400;2,4015400
6891;202000007614;19;6;2020;19:30;1;94;94042;2;1;1;2;GENERAL GALLIENI - PONT DE JOINVILLE (AV;48,8200000;2,4680000
6892;202000007615;19;7;2020;21:42;2;94;94068;2;4;1;3;MAURICE BERTEAUX (BD);48,8097900;2,4711300
6893;202000007616;18;6;2020;21:10;2;94;94042;2;1;1;3;GENERAL GALLIENI (AV DU);48,8200800;2,4771300
6894;202000007617;20;7;2020;18:45;1;94;94042;2;2;1;3;EUROPE (BD DE L);48,8149200;2,4632100
6895;202000007618;20;7;2020;18:20;1;94;94046;2;1;1;6;REPUBLIQUE (AV DE LA);48,8080000;2,4497000
6896;202000007619;19;6;2020;08:40;1;94;94076;2;1;1;7;DAUPHIN (R);48,8058100;2,3642000
6897;202000007621;19;7;2020;23:30;5;94;94028;2;1;1;4;AV DE LA POMPADOUR;48,7734000;2,4357000
6898;202000007622;20;7;2020;20:10;1;94;94076;2;1;1;7;MAXIME GORKI (BD);48,7941010;2,3690030
6899;202000007623;17;6;2020;22:00;5;94;94016;2;1;1;2;EUROPE (AV DE L);48,7858700;2,3278400
6900;202000007624;19;7;2020;17:54;1;94;94016;2;2;1;3;MARX DORMOY (R);48,7937610;2,3337290
6901;202000007626;17;7;2020;23:00;3;94;94028;2;1;1;3;Duvauchelle (rue Dominique);48,7680203;2,4554749
6902;202000007627;19;6;2020;10:05;1;93;93066;2;1;1;3;CHEMIN VERT;48,9451264;2,3808570
6903;202000007628;19;7;2020;12:30;1;93;93073;2;1;1;2;AV LOUIS DEQUET;48,9547883;2,5810900
6904;202000007629;19;6;2020;15:10;1;93;93077;2;6;1;6;OUTREBON (AVENUE);48,8888600;2,5111000
6905;202000007630;19;7;2020;20:50;1;93;93066;2;3;1;6;BRISE ECHALAS;48,9386547;2,3458908
6906;202000007631;19;6;2020;14:40;1;93;93014;2;1;1;3;ALL DE COUBRON;48,9117300;2,5500800
6907;202000007632;20;7;2020;18:15;1;93;93049;2;1;1;3;GALLIENI (BOULEVARD);48,8534054;2,5160171
6908;202000007633;18;6;2020;23:00;5;92;92020;2;2;1;3;VANVES BOULEVARD DE N° PAIRS;48,8099597;2,2825454
6909;202000007634;19;6;2020;17:40;1;92;92024;2;2;2;3;GENERAL LECLERC (BD DU) (9 A 59)   (4 A;48,9024000;2,3139000
6910;202000007636;19;6;2020;11:05;1;92;92002;2;3;1;6;FONTAINE MOUTON (AVENUE DE LA);48,7386368;2,2903632
6911;202000007639;20;7;2020;21:00;1;93;93047;2;3;1;3;CLICHY (AVENUE DE);48,9030648;2,5621743
6912;202000007640;20;6;2020;12:24;1;74;74238;1;1;1;1;D902 ROUTE DES GRANDES ALPES;46,2471330;6,6365310
6913;202000007643;20;6;2020;09:20;1;83;83004;1;2;1;3;D555;43,4702220;6,4848520
6914;202000007644;19;6;2020;14:25;1;27;27478;2;1;1;6;Rue Charles de Gaulle;48,9679490;1,2075410
6915;202000007645;20;7;2020;08:15;1;93;93005;2;1;1;2;R DE LA DIVISION LECLERC;48,9241772;2,4901748
6916;202000007646;19;6;2020;20:00;1;42;42194;1;1;1;1;D46 Chez garon;46,2510580;3,8420340
6917;202000007647;20;7;2020;18:40;1;93;93001;2;2;1;6;JEAN JAURES  (AVE)  157 A 213;48,9113628;2,4003266
6918;202000007648;19;6;2020;17:10;1;79;79307;2;1;1;-1;16 Rue de la Chevalonnerie;46,1337500;0,1084520
6919;202000007649;19;6;2020;17:22;1;68;68043;1;6;1;3;D83 - rons point du nouveau monde;47,8731836;7,2479008
6920;202000007650;20;6;2020;04:13;5;44;44036;2;6;1;1;D771;47,7005630; -1,4042540
6921;202000007651;20;7;2020;14:50;1;93;93001;2;1;1;3;JEAN JAURES  (AVE)  157 A 213;48,9095889;2,3983984
6922;202000007652;19;6;2020;18:00;1;87;87143;1;9;1;1;Rue de la Gagnerie;45,9130860;1,1415800
6923;202000007653;9;6;2020;18:55;1;51;51508;2;1;1;6;8 Rue du Stade;48,6071505;4,4052480
6924;202000007654;19;6;2020;15:15;1;51;51535;1;1;1;2;N4;48,7197348;3,7625386
6925;202000007655;20;7;2020;20:50;1;92;92048;2;1;1;2;PARIS (RUE DE) N° 12 A 164;48,8125990;2,2447140
6926;202000007657;20;6;2020;10:45;1;74;74071;2;3;1;3;75 Route d'Annecy;46,0274740;5,8903560
6927;202000007658;20;6;2020;04:50;2;76;76258;2;1;1;7;Le Vogosse (Sainte-Marguerite-sur-Fauville);49,6733600;0,6131860
6928;202000007659;19;7;2020;14:00;1;92;92004;2;1;1;3;VOLTAIRE ( BD 16 A FIN );48,9162900;2,2900100
6929;202000007660;21;7;2020;06:45;1;26;26177;2;2;1;1;15 Grande Rue;45,1179330;4,9414870
6930;202000007661;18;7;2020;12:55;1;95;95229;2;6;1;7;Avenue Jean Rostand;49,0341805;2,3419283
6931;202000007662;19;7;2020;16:00;1;52;52331;2;1;1;-1;63 Avenue de Champagne;48,4875540;4,7592790
6932;202000007663;18;6;2020;15:45;1;2A;2A228;1;1;1;2;Allee des Rouges Gorges;41,8397930;8,7701530
6933;202000007664;19;6;2020;19:15;1;2A;2A271;2;1;1;3;RT 22;41,9628230;8,8117282
6934;202000007665;19;6;2020;23:15;3;2B;2B096;2;1;1;7;D39;42,3068560;9,1633380
6935;202000007666;21;6;2020;14:58;1;73;73180;1;3;1;3;D991;45,9319460;5,8357470
6936;202000007667;20;6;2020;03:00;3;82;82155;1;1;1;6;D115;44,1406960;1,7947790
6937;202000007668;20;7;2020;21:30;1;31;31044;2;1;1;6;14 Avenue des Mourlingues;43,6036070;1,5094650
6938;202000007669;19;6;2020;18:05;1;32;32180;1;1;1;2;D254;43,9059320;0,2035050
6939;202000007670;21;7;2020;18:23;1;21;21138;1;1;1;5;A39;47,1891000;5,3244540
6940;202000007671;20;6;2020;09:13;1;11;11251;2;1;1;6;Route du pont neuf - Montlaur;43,1268130;2,5543430
6941;202000007672;21;7;2020;12:35;1;67;67490;1;6;1;3;3 Rue Principale;48,3193380;7,3486630
6942;202000007673;20;6;2020;10:00;1;89;89405;1;1;1;7;D950;47,6288239;3,4853533
6943;202000007674;21;7;2020;14:00;1;11;11203;1;1;1;3;D6113;43,2072090;2,7999690
6944;202000007675;20;6;2020;04:30;3;63;63179;1;1;1;7;D906;45,5969020;3,7233730
6945;202000007676;21;7;2020;13:15;1;85;85215;1;1;1;6;D11;46,8549200; -1,1531800
6946;202000007679;21;7;2020;13:20;1;50;50512;1;1;1;7;Les Trois Cailloux;49,0399220; -1,1581620
6947;202000007680;19;7;2020;09:20;1;83;83131;1;9;1;2;3 Rue des Vergers;43,2130570;6,0259460
6948;202000007681;19;6;2020;15:05;1;26;26299;1;1;1;1;D93;44,7620890;5,2896930
6949;202000007682;12;7;2020;11:45;1;57;57089;2;1;1;6;7 Rue de Wissembourg;49,0547420;7,4467620
6950;202000007683;19;6;2020;16:35;1;54;54131;1;1;1;6;D120;48,8825080;6,1913430
6951;202000007684;28;6;2020;10:26;1;76;76191;1;2;1;3;Terres de la Corbiere;49,7226286;1,1453594
6952;202000007685;10;7;2020;14:30;1;76;76395;1;3;1;3;Route de Dieppe;49,8798970;0,9670760
6953;202000007686;20;6;2020;16:20;1;61;61203;1;3;1;4;RD 30;48,3963250;0,0594270
6954;202000007687;20;7;2020;14:00;1;79;79202;2;6;1;3;Rue de Chanzy;46,6444500; -0,2428260
6955;202000007689;21;7;2020;13:45;1;80;80791;2;1;1;6;9 Cote de Vers;49,8531100;2,2379120
6956;202000007690;20;6;2020;18:00;1;05;05152;1;1;1;7;L'ubac 05800;44,8049810;6,1181400
6957;202000007692;20;6;2020;13:15;1;50;50267;1;1;1;6;Route du Calvaire;49,2502290; -1,5433320
6958;202000007693;18;7;2020;19:40;1;47;47038;1;1;1;7;D146;44,3453350;0,3916450
6959;202000007694;20;6;2020;16:50;1;60;60193;1;1;1;7;chemin d'amiens;49,6962249;1,9235730
6960;202000007695;11;7;2020;18:29;1;38;38130;1;2;1;3;Route de Champier;45,4156580;5,2613490
6961;202000007696;21;7;2020;17:30;1;38;38416;2;1;1;6;Boulevard du Champ de Mars;45,1527400;5,3192700
6962;202000007697;13;6;2020;16:44;1;45;45182;2;1;2;-1;D19 - PR 18 + 700;47,6742167;1,7983917
6963;202000007698;20;6;2020;10:45;1;73;73183;1;2;1;3;D22 Route des Vignes;45,5098637;5,9858643
6964;202000007699;21;7;2020;10:25;1;03;03210;1;3;1;2;;46,7035810;3,0089199
6965;202000007700;20;6;2020;04:00;3;10;10209;1;1;1;2;RD 619 PK 80+500;48,2439390;4,2819640
6966;202000007702;21;7;2020;21:05;1;54;54200;1;1;1;7;D 904;48,8825260;5,8459280
6967;202000007703;19;6;2020;18:20;1;16;16192;1;3;1;3;Ld Pont Sigoulant;45,8841155;0,5962469
6968;202000007704;21;7;2020;04:10;3;16;16400;1;1;1;6;Lieu dit Le Bois des Chaumes;45,9543840;0,2012700
6969;202000007705;19;6;2020;20:08;1;16;16064;1;1;1;6;Ld Anglars;45,9666370;0,8695360
6970;202000007706;20;7;2020;17:45;1;16;16249;1;1;1;6;Lieu-dit Chevillac;46,1247250;0,7561290
6971;202000007707;19;6;2020;19:45;1;07;07339;1;1;1;3;D104;44,6723150;4,4580460
6972;202000007708;20;7;2020;19:45;1;85;85103;1;1;1;5;910 Route des Sables;46,5362590; -1,6265670
6973;202000007709;20;6;2020;17:50;1;53;53040;1;1;1;3;RD 106 PK 9+200;48,1368670; -1,0545910
6974;202000007711;19;7;2020;15:41;1;27;27680;1;1;1;6;D438;48,9141530;0,4228540
6975;202000007712;19;6;2020;17:50;1;87;87012;1;1;1;7;N147;46,0605020;1,1172370
6976;202000007713;19;7;2020;20:30;1;17;17459;1;1;1;1;rue du bois de garde;45,9123490; -0,4234630
6977;202000007714;20;6;2020;07:35;1;87;87012;1;1;1;1;pont de la varogne;46,0570170;1,1213030
6978;202000007716;21;7;2020;07:40;1;973;97309;2;1;1;2;Rue Passiflore;4,8923640; -52,2853460
6979;202000007717;21;7;2020;13:20;1;51;51572;1;1;1;6;A4;49,0359472;4,6148220
6980;202000007719;20;7;2020;19:10;1;76;76391;1;1;1;4;A13;49,3387700;0,9544160
6981;202000007720;11;6;2020;06:45;1;30;30077;1;1;1;6;Route de la Baume;44,1544760;4,0336450
6982;202000007721;19;6;2020;13:23;1;30;30284;2;1;1;6;Route de Villefort;44,1725860;4,0826120
6983;202000007722;20;6;2020;10:25;1;08;08460;2;3;8;3;D8043;49,8468940;4,5011650
6984;202000007723;20;7;2020;11:23;1;13;13051;1;1;1;5;A7;43,5939360;5,1749900
6985;202000007724;19;7;2020;20:30;5;988;98817;2;3;2;6;RP2/RUE DES JAMELONNIERS; -22,2428880;166,5761230
6986;202000007725;20;6;2020;11:50;1;88;88468;2;3;1;3;9 Avenue de Verdun;47,8813680;6,7621390
6987;202000007726;21;7;2020;23:00;3;988;98804;1;1;1;7;TRIBU DE HAOULI/CANALA/RPN3; -21,5274420;165,8708740
6988;202000007727;17;7;2020;11:30;1;973;97313;1;1;1;7;N2;4,7822880; -52,4184540
6989;202000007728;20;6;2020;00:30;3;49;49092;1;1;1;7;bretelle de sortie A87 sens 2;47,2383800; -0,7304190
6990;202000007729;20;7;2020;16:00;1;971;97116;2;1;1;1;Marieulle;16,3271310; -61,4661780
6991;202000007730;19;6;2020;18:55;1;11;11225;1;1;1;4;A61;43,3102060;1,9013320
6992;202000007731;20;7;2020;15:10;1;78;78193;1;1;1;1;Rue de Versailles;48,7100150;1,9897540
6993;202000007733;20;7;2020;18:40;1;83;83068;1;1;1;3;D61;43,2663810;6,5569450
6994;202000007734;27;5;2020;17:25;1;986;98613;1;2;1;3;route; -13,2750225; -176,1901910
6995;202000007736;18;7;2020;18:45;1;13;13097;1;4;1;1;RD.24;43,6302380;4,8063550
6996;202000007737;20;6;2020;16:40;1;77;77029;1;2;1;3;D211;48,6376020;2,8624960
6997;202000007738;20;7;2020;18:58;1;26;26002;1;1;1;7;Autoroute du Soleil;45,2551930;4,8357440
6998;202000007739;19;6;2020;21:50;5;2B;2B307;2;1;1;1;16 Scalo;42,3818520;9,5284990
6999;202000007740;9;6;2020;22:30;3;83;83035;1;1;1;7;Route du Grand Vallat;43,2026340;5,7695980
7000;202000007741;20;6;2020;14:00;1;05;05136;1;3;1;3;N94;44,7005500;6,6092900
7001;202000007742;20;6;2020;12:30;1;13;13041;1;3;1;2;Route de Greasque;43,4520430;5,4951650
7002;202000007743;20;6;2020;14:35;1;89;89257;2;2;1;6;Avenue du Port;47,9607810;3,5047330
7003;202000007744;20;7;2020;10:15;1;26;26002;1;1;1;4;Autoroute du Soleil;45,2374870;4,8462580
7004;202000007745;20;6;2020;16:30;1;71;71238;1;1;1;1;Voie Communale des Pierres;46,2194594;4,0572411
7005;202000007746;16;7;2020;11:55;1;52;52312;2;4;1;3;13 Rue de Langres;47,8875460;5,2066080
7006;202000007747;19;7;2020;15:25;1;38;38341;2;1;1;6;Montee des Grimaudieres;45,5867890;5,4092750
7007;202000007748;21;7;2020;03:50;3;38;38153;1;1;1;6;Route de Villard de Lans;45,1820100;5,6202500
7008;202000007749;20;7;2020;06:50;2;26;26168;1;1;1;6;Route de Sisteron;44,6638060;5,6958200
7009;202000007750;21;7;2020;09:15;1;26;26064;1;2;1;1;2105 Route de Malissard;44,8984130;4,9832220
7010;202000007751;20;7;2020;04:00;5;65;65059;2;1;1;6;Avenue Maquis de Payolle;43,0599720;0,1543610
7011;202000007752;20;7;2020;23:30;5;17;17119;1;1;1;6;167 Rue de la Traverserie;45,6130760; -0,8824250
7012;202000007753;12;7;2020;19:30;1;86;86210;1;1;1;3;D147;47,1334370;0,0555990
7013;202000007754;20;6;2020;12:40;1;74;74042;2;3;1;3;Avenue Charles de Gaulle;46,0728210;6,4062200
7014;202000007755;21;7;2020;15:30;1;33;33227;2;6;1;6;Rond-point d'Aquitaine;44,5569430; -0,2528250
7015;202000007757;20;7;2020;08:24;1;85;85106;1;1;1;6;Route de l'Epine;46,9679980; -2,2456630
7016;202000007758;20;7;2020;18:15;1;76;76321;2;3;1;1;240 Rue d'Orival;49,7898840;1,2223440
7017;202000007759;20;6;2020;01:00;5;81;81099;2;1;1;6;avenue charles de gaulle;43,9037520;1,9065790
7018;202000007760;7;7;2020;03:10;5;80;80033;1;9;1;7;Aire d'Assevillers Ouest (Embranchement d'autoroute);49,8888080;2,8388230
7019;202000007761;20;6;2020;20:15;2;81;81173;1;1;1;3;N126;43,6111950;1,7404690
7020;202000007763;20;7;2020;16:00;1;94;94037;1;1;1;3;AUTOROUTE A6B;48,8159951;2,3568556
7021;202000007764;19;6;2020;08:45;1;31;31433;2;1;1;3;78 Route d'Espagne;43,5404630;1,4140620
7022;202000007765;20;7;2020;12:15;1;91;91340;1;1;1;7;RN 104;48,6078000;2,4338000
7023;202000007766;11;6;2020;07:30;1;50;50612;2;9;1;3;9 Route de la Côte;48,6817420; -1,4127950
7024;202000007767;20;7;2020;11:10;1;91;91434;1;1;1;2;AUTOROUTE A6;48,6687000;2,3577000
7025;202000007768;20;7;2020;07:30;1;95;95582;1;1;1;2;AUTOROUTE A15;48,9719817;2,2482850
7026;202000007769;20;7;2020;06:15;1;95;95365;1;1;1;2;RN 104;49,0633600;2,4123300
7027;202000007770;20;7;2020;08:40;1;77;77337;1;1;1;-1;A4;48,8303864;2,6112166
7028;202000007771;20;6;2020;11:15;1;27;27448;2;9;1;3;155 Route de Paris;49,0093990;1,4009450
7029;202000007772;18;7;2020;23:57;5;988;98818;2;1;2;6;FERRY (RUE JULES); -22,2665600;166,4374600
7030;202000007773;10;7;2020;09:15;1;988;98818;2;1;1;6;FOREST (RUE FERNAND); -22,2446400;166,4513200
7031;202000007774;20;6;2020;18:45;1;60;60575;2;1;1;2;Route Nationale 1;49,2885930;2,2010210
7032;202000007775;19;7;2020;22:20;5;974;97416;2;1;1;3;MITTERAND (AVENUE DU PDT); -21,3451100;55,4851800
7033;202000007776;19;7;2020;21:30;1;69;69259;2;1;1;6;LEON TOLSTOI                        (R );45,6995543;4,8616287
7034;202000007777;20;6;2020;00:30;5;59;59051;1;6;1;6;M441;50,5421810;2,8137450
7035;202000007778;19;7;2020;21:00;2;69;69199;2;1;1;6;ALBERT THOMAS                       (AV);45,7073203;4,8590098
7036;202000007779;16;6;2020;14:40;1;13;13001;1;1;1;2;A51-Sens Marseille vers Aix en Provence;43,5168200;5,4284910
7037;202000007780;19;7;2020;09:35;1;69;69388;2;1;1;6;CROIX BARRET (DE LA)                (R );45,7367500;4,8449600
7038;202000007781;18;6;2020;11:45;1;13;13026;1;1;1;2;A55-Sens Martigues vers Marseille;43,3749000;5,1775000
7039;202000007782;19;7;2020;08:20;1;69;69387;2;2;1;3;BERTHELOT                           (AV);45,7467101;4,8371364
7040;202000007783;19;6;2020;17:00;1;93;93007;1;1;1;4;AUTOROUTE A1;48,9468300;2,4425800
7041;202000007784;18;7;2020;15:55;1;972;97213;1;2;1;3;ROUTE DEPARTEMENTALE 15;14,6436000; -61,0103300
7042;202000007785;19;6;2020;16:10;1;93;93008;1;1;1;3;AUTOROUTE A86;48,9132600;2,4347600
7043;202000007786;18;7;2020;13:10;1;91;91549;2;1;1;3;CORBEIL (ROUTE DE);48,6483950;2,3359740
7044;202000007787;19;6;2020;07:15;2;95;95018;1;1;1;3; A15;48,9496700;2,2802100
7045;202000007788;18;7;2020;18:30;1;91;91345;2;1;1;6;PRESIDENT FRANCOIS MITTERAND;48,6943800;2,2937300
7046;202000007789;18;6;2020;14:20;1;92;92036;1;1;1;2;AUTOROUTE A86;48,9388300;2,3068600
7047;202000007790;19;7;2020;13:55;1;83;83129;2;1;1;3;RAYOLET (CORNICHE DU);43,0871600;5,8122200
7048;202000007791;18;6;2020;14:30;1;93;93066;1;1;1;2;AUTOROUTE A1;48,9198900;2,3572500
7049;202000007792;18;7;2020;22:40;3;83;83129;2;1;1;6;FORT (MONTEE DU);43,1019700;5,8412900
7050;202000007793;20;7;2020;00:27;5;83;83061;2;1;1;6;AVENUE DE PORT-FRÉJUS;43,4239400;6,7481400
7051;202000007794;19;6;2020;07:00;1;94;94017;1;1;1;7;A4;48,8301200;2,4923900
7052;202000007795;19;7;2020;17:10;1;83;83118;2;1;1;7;BOULEVARD EUGÈNE BRIEUX;43,4356540;6,8925120
7053;202000007796;12;4;2020;18:05;1;33;33318;2;2;1;3;Avenue Pasteur / Avenue de la Forge / Avenue Sainte Marie;44,8024300; -0,6455000
7054;202000007797;18;7;2020;10:10;1;69;69290;2;1;1;6;GEORGE SAND                         (R );45,6937951;4,9363524
7055;202000007799;18;6;2020;00:00;3;988;98818;2;1;1;7;AVENUE JAMES COOK; -22,2666300;166,4113400
7056;202000007800;19;7;2020;18:05;1;60;60463;2;1;1;6;Avenue du 8 Mai 1945;49,2775548;2,4627049
7057;202000007801;18;6;2020;11:00;1;988;98818;2;1;1;6;HT N°176 RUE GEORGES LEQUES; -22,2334300;166,4955450
7058;202000007802;19;7;2020;21:30;2;57;57606;1;1;1;6;CD 72 (ROUTE DE PORCELETTE);49,1388900;6,6785000
7059;202000007803;18;6;2020;08:40;1;974;97416;2;1;1;3;CD 29; -21,3509500;55,5090800
7060;202000007804;17;7;2020;19:18;1;51;51108;2;3;1;3;Rue Jean Jaurès;48,9532800;4,3460300
7061;202000007805;19;7;2020;11:00;1;45;45234;2;1;1;7;Rue du 11 Novembre;47,9163213;1,9282208
7062;202000007806;19;7;2020;19:30;1;37;37261;2;1;1;-1;SAINT SAUVEUR (PONT);47,3732283;0,6785342
7063;202000007807;18;6;2020;14:00;1;69;69388;2;2;1;2;ETATS UNIS (DES)                    (BD);45,7349034;4,8634163
7064;202000007808;19;7;2020;23:10;5;35;35238;2;1;1;6;92 rue d'Antrain;48,1193300; -1,6747900
7065;202000007809;18;6;2020;09:25;1;69;69383;2;1;1;6;ARSONVAL (D')                       (PL);45,7432695;4,8796906
7066;202000007810;19;7;2020;20:05;1;34;34172;2;1;1;6;ORIENT (BOULEVARD D');43,6037000;3,8899600
7067;202000007811;17;6;2020;10:00;1;972;97209;1;1;1;7;AUTOROUTE (A1);14,6140000; -61,0460000
7068;202000007812;18;7;2020;17:00;1;30;30189;2;2;1;3;CITE FOULC (RUE);43,8322100;4,3607700
7069;202000007813;18;6;2020;18:10;1;69;69385;2;1;1;-1;ROMAIN ROLLAND                      (QU);45,7624900;4,8288900
7070;202000007814;19;7;2020;18:12;1;26;26058;2;1;1;4;BART RUE JEAN;44,9536400;4,8878600
7071;202000007815;18;6;2020;18:00;1;69;69202;2;1;1;6;GRANDE RUE                          (GR);45,7341657;4,8038733
7072;202000007816;19;7;2020;23:48;5;17;17300;2;2;1;3;MONNAIE   AVENUE DE LA;46,1563100; -1,1573100
7073;202000007817;17;6;2020;21:30;2;69;69152;2;6;1;3;BARRAGE                             (CH ;45,6934000;4,8280300
7074;202000007818;18;7;2020;11:55;1;13;13208;2;1;1;4;BARRAL (BOULEVARD);43,2647890;5,3938425
7075;202000007819;19;7;2020;14:15;1;13;13002;2;4;1;6;GENERAL LECLERC (AVENUE DU);43,3452500;5,4871700
7076;202000007822;18;6;2020;17:30;1;91;91201;2;9;2;7;GENERAL DE GAULLE(BOULEVARD);48,6872000;2,3991400
7077;202000007824;13;6;2020;07:20;2;86;86194;2;9;1;6;Rue Dom Fonteneau;46,5870050;0,3400150
7078;202000007825;6;5;2020;18:30;1;30;30351;2;1;1;6;OLIVIERS CHEMIN DES;43,9764200;4,7956900
7079;202000007826;19;7;2020;18:00;1;06;06088;2;1;1;5;ANGLAIS (A PARTIR DU N° 351);43,6713200;7,2243100
7080;202000007828;19;7;2020;07:12;1;75;75110;2;2;1;3;RUE LOUIS BLANC;48,8811020;2,3651610
7081;202000007829;18;7;2020;10:08;1;75;75110;2;5;1;3;BOULEVARD DE LA CHAPELLE;48,8843180;2,3591340
7082;202000007830;19;7;2020;14:10;1;75;75106;2;1;1;3;QUAI MALAQUAIS;48,8583010;2,3335440
7083;202000007831;19;7;2020;07:18;1;75;75105;2;4;1;3;BOULEVARD DE L HOPITAL;48,8432140;2,3641050
7084;202000007833;19;7;2020;01:00;5;75;75120;2;1;1;3;RUE DES PYRENEES;48,8727540;2,3908330
7085;202000007834;8;7;2020;02:25;5;75;75111;2;1;1;6;RUE DE CHARONNE;48,8520490;2,3739490
7086;202000007835;19;7;2020;16:45;1;75;75118;2;5;1;5;BOULEVARD NEY;48,8977390;2,3290640
7087;202000007837;19;7;2020;21:00;1;75;75112;2;2;1;3;AVENUE DAUMESNIL;48,8366910;2,4035180
7088;202000007838;19;7;2020;10:30;1;75;75112;2;1;1;7;AVENUE DE LA PORTE DE VINCENNES;48,8468660;2,4119930
7089;202000007839;19;7;2020;14:45;1;75;75110;2;1;1;6;BOULEVARD DE MAGENTA;48,8823730;2,3504890
7090;202000007840;19;7;2020;01:35;5;75;75110;2;1;1;6;BOULEVARD DE LA VILLETTE;48,8767040;2,3715120
7091;202000007841;19;7;2020;23:10;5;94;94078;2;4;1;4;L'APPEL DU DIX-HUIT JUIN 1940 (AV DE);48,7553000;2,4444000
7092;202000007842;15;6;2020;11:15;1;83;83126;1;1;1;6;rd pt du sous-marin Prothée;43,0796600;5,8990200
7093;202000007843;12;6;2020;15:10;1;83;83126;2;3;2;6;ANCIENS COMBATANTS D'INDOCHINE (AV DES);43,1050600;5,8560400
7094;202000007844;18;6;2020;08:40;1;78;78172;1;1;1;2;BRETELLE ACCES RD203/RN184;48,9906800;2,0815400
7095;202000007845;17;6;2020;20:30;1;77;77372;2;3;1;6;GENERAL LECLERC  (RUE   ) - D334;48,8818860;2,6975260
7096;202000007846;19;7;2020;11:10;1;94;94077;2;2;7;6;HENRI GILBERT (AV);48,7352600;2,4242600
7097;202000007847;3;6;2020;13:15;1;77;77132;1;1;1;1;D934;48,8812300;2,7863800
7098;202000007848;17;6;2020;22:15;5;72;72181;2;1;1;6;PIED SEC (RUE DE);47,9825700;0,2065200
7099;202000007849;18;7;2020;19:20;1;94;94022;2;1;1;3;HUIT MAI 1945 (AV DU);48,7652852;2,4106783
7100;202000007850;18;6;2020;11:40;1;69;69290;2;1;1;6;DOCTEUR GALLAVARDIN (DU)            (R );45,6914200;4,9375800
7101;202000007851;17;6;2020;11:56;1;67;67482;2;1;2;6;ROMAINS (ROUTE DES);48,5797300;7,7168300
7102;202000007852;18;6;2020;09:15;1;64;64445;2;1;1;6;POUGUET;43,3212200; -0,3521000
7103;202000007853;18;6;2020;12:35;1;59;59350;2;9;8;6;ESPLANADE FACADE;50,6410200;3,0535300
7104;202000007854;17;6;2020;15:10;1;54;54395;2;2;3;3;METZ (RUE DE);48,7001698;6,1725891
7105;202000007855;16;6;2020;16:30;1;54;54197;2;1;1;2;SAINT-EXUPERY (RUE ANTOINE DE);48,6384000;6,1877000
7106;202000007856;18;6;2020;12:12;1;51;51172;2;2;1;4;Rue des Remouleurs;49,2156078;4,0639379
7107;202000007857;19;7;2020;19:00;1;93;93048;2;1;1;6;BOISSIERE (BOULEVARD DE LA);48,8760248;2,4679920
7108;202000007859;18;6;2020;19:05;1;45;45147;1;7;1;1;Rue Colonel Fabien;47,9365767;1,9122121
7109;202000007860;17;6;2020;12:10;1;45;45234;2;1;1;-1;Rue du Nécotin;47,9250579;1,9376109
7110;202000007861;17;6;2020;18:10;1;45;45338;1;1;1;7;D2060 - 29+600;47,9727065;2,7151732
7111;202000007862;18;6;2020;08:55;1;37;37261;2;2;1;-1;MARCEAU (RUE);47,3942422;0,6847261
7112;202000007863;19;6;2020;00:10;5;34;34172;2;1;1;3;STRASBOURG (BOULEVARD DE);43,6032200;3,8834400
7113;202000007864;18;6;2020;19:40;1;34;34172;2;1;1;5;FLAHAULT (AVENUE CHARLES;43,6190500;3,8659200
7114;202000007865;18;6;2020;14:13;1;33;33318;2;1;2;6;AVE DU GENERAL LECLERC;44,7939100; -0,6699700
7115;202000007866;19;7;2020;07:30;1;93;93010;2;9;1;2;GALLIENI (AV.) DE 2 A 96;48,9049081;2,4754540
7116;202000007868;18;6;2020;11:15;1;31;31555;2;1;1;6;RUE DE BELFORT;43,6086400;1,4512100
7117;202000007869;18;6;2020;08:00;1;31;31555;2;4;1;3;CHE DU CANAL;43,5734700;1,4637500
7118;202000007871;18;6;2020;20:50;1;29;29254;2;1;2;7;Route de Saint-Germain;48,5863756; -3,8402659
7119;202000007872;19;7;2020;21:00;1;93;93005;2;2;1;3;FRANCOIS 1ER (ALLEE);48,9181500;2,4922940
7120;202000007874;19;7;2020;18:20;1;47;47241;1;1;1;6;Chemin rural de constant;44,5846750;0,7139400