;Num_Acc;jour;mois;an;hrmn;lum;dep;com;agg;int;atm;col;adr;lat;long
7121;202000007875;16;7;2020;16:50;1;51;51649;1;6;1;2;N4;48,7404700;4,5926500
7122;202000007876;18;7;2020;09:35;1;01;01052;1;1;1;2;RD 70 VILLARS LES DOMBES;46,0037140;5,0019760
7123;202000007877;20;7;2020;15:35;1;66;66136;1;1;1;5;Autoroute A9 PK 246+250 sens Espagne-France;42,7454360;2,8911210
7124;202000007878;20;7;2020;20:05;1;60;60157;2;1;1;6;5 Avenue Gambetta;49,3832480;2,4120770
7125;202000007879;19;7;2020;02:00;3;41;41246;1;1;1;6;D77;47,5119540;1,3486150
7126;202000007880;20;7;2020;07:30;1;69;69062;1;1;1;3;D2;45,6242314;4,4808765
7127;202000007881;19;7;2020;00:30;3;33;33002;1;3;1;3;D9;44,5160170; -0,0499530
7128;202000007882;19;7;2020;12:45;1;972;97210;2;1;1;1;Chemin Pointe Courchet;14,6199730; -60,8999790
7129;202000007883;19;7;2020;11:50;1;11;11203;1;1;1;1;RD6113 lezignan corbieres;43,1985910;2,7479290
7130;202000007884;20;7;2020;00:25;3;35;35239;1;1;1;6;D173;47,8972830; -1,3720360
7131;202000007885;18;7;2020;17:45;1;59;59570;2;3;1;3;Faubourg de Cassel;50,9627990;2,4328170
7132;202000007886;14;7;2020;19:50;1;62;62361;2;1;1;-1;7 Cite des Marronniers;50,2676800;2,3005680
7133;202000007887;12;7;2020;20:00;1;62;62633;1;1;1;3;D101;50,3535770;2,2192420
7134;202000007888;19;7;2020;16:20;1;62;62452;2;1;1;7;Rue de Saint-omer;50,6965860;2,2833170
7135;202000007889;12;7;2020;10:25;1;56;56040;1;1;1;7;Lieu-dit Kerlivio;47,8463440; -3,3849910
7136;202000007890;18;7;2020;19:35;1;59;59282;1;1;1;7;d 338;50,8243460;2,5003340
7137;202000007891;20;7;2020;13:15;1;76;76146;2;1;1;6;Route de Rouen (Buchy);49,5842640;1,3511570
7138;202000007892;20;7;2020;10:00;1;2B;2B319;1;1;1;3;Figareto;42,4176710;9,5291320
7139;202000007893;20;7;2020;17:00;1;82;82141;1;1;1;7;Lieu Dit Capelanios;44,0956990;0,9268050
7140;202000007894;20;7;2020;13:50;1;65;65281;1;1;1;7;D937  Route des Pyrénées;43,1184810;0,0796080
7141;202000007895;20;7;2020;11:55;1;81;81171;1;1;1;5;Route de Barrabie;43,8399360;1,8412990
7142;202000007896;15;10;2020;20:45;3;95;95018;1;1;1;4; A15;48,9584170;2,2747390
7143;202000007897;15;10;2020;18:00;1;95;95212;1;1;1;4; A1;49,0261570;2,5367220
7144;202000007898;15;10;2020;08:15;1;95;95394;1;1;1;4;RN 184;49,0530540;2,1976730
7145;202000007899;15;10;2020;06:30;3;95;95582;1;1;1;4; A115;48,9806300;2,2409340
7146;202000007900;14;10;2020;16:30;1;93;93007;1;1;1;2;AUTOROUTE A1;48,9538000;2,4554000
7147;202000007901;14;10;2020;14:30;1;93;93066;1;1;1;2;AUTOROUTE A1;48,9058000;2,3586000
7148;202000007904;14;10;2020;17:50;1;974;97411;2;3;1;3;CAMP CALIXTE (RUELLE); -20,8907800;55,4562000
7149;202000007905;13;10;2020;12:25;1;973;97302;2;1;1;2;CABASSOU (ROUTE DE);4,9203651; -52,3207247
7150;202000007906;14;10;2020;07:25;2;69;69386;2;1;2;6;DUQUESNE                            (R );45,7724200;4,8426500
7151;202000007907;14;10;2020;07:30;2;69;69259;2;1;8;6;JEAN MACE                           (R );45,6984524;4,8837395
7152;202000007908;14;10;2020;03:30;5;69;69387;2;2;1;3;TONY GARNIER                        (AV);45,7315900;4,8241500
7153;202000007910;14;10;2020;16:25;1;69;69382;2;2;8;3;VAUBECOUR                           (R );45,7538000;4,8260000
7154;202000007911;14;10;2020;18:45;2;95;95268;2;1;1;6;PL VOLTAIRE;48,9740300;2,3977000
7155;202000007912;5;10;2020;07:50;1;91;91552;2;1;2;7;RUE SALVADOR ALLENDE;48,5913220;2,2581620
7156;202000007913;3;10;2020;22:50;5;91;91425;2;1;1;1;GR GRANDE RUE;48,6372320;2,2711530
7157;202000007914;2;10;2020;19:15;1;91;91425;2;1;1;3;RTE D ORLEANS RN 20;48,6378190;2,2672660
7158;202000007915;1;10;2020;20:28;5;91;91103;2;2;1;6;RUE VICTOR HUGO;48,6077300;2,3058300
7159;202000007916;2;10;2020;07:50;1;91;91691;2;1;3;6;MARCEAU BAILLIOTI(RUE);48,7090000;2,4941500
7160;202000007917;14;10;2020;18:00;2;91;91286;2;4;2;6;CONDORCET (RUE);48,6443810;2,3792930
7161;202000007918;14;10;2020;16:00;1;91;91286;2;9;1;5;FERDINAND DE LESSEPS (RUE);48,6659954;2,3981931
7162;202000007919;14;10;2020;12:45;1;91;91434;2;1;1;6;SAVIGNY (RUE DE);48,6668410;2,3539390
7163;202000007920;14;10;2020;08:40;1;87;87085;2;2;2;3;Rue Emile Montégut;45,8252900;1,2419500
7164;202000007921;13;10;2020;15:25;1;83;83123;1;1;1;2;HUIDE (CHEMIN DE) N° PAIRS;43,1287300;5,7985100
7165;202000007922;9;10;2020;17:35;-1;83;83069;2;1;-1;6;TOULON (VIEUX CHEMIN DE);43,1237950;6,0962410
7166;202000007923;14;10;2020;15:25;1;81;81065;2;1;1;6;JEAN (RUE ST.);43,6190680;2,2409530
7167;202000007925;14;10;2020;18:45;1;77;77337;2;6;2;7;DES QUATRE PAVES (ROND-POINT);48,8511800;2,6210390
7168;202000007926;13;10;2020;21:15;5;76;76575;2;1;1;2;CROIZAT. AVENUE AMBROISE;49,3720300;1,1036600
7169;202000007927;13;10;2020;17:05;1;76;76351;2;1;1;6;VLADIMIR KOMAROV (AVE);49,5052700;0,1818100
7170;202000007929;13;10;2020;12:20;1;67;67365;2;8;1;3;BOHRIE (ALLEE DU);48,5499400;7,7027400
7171;202000007931;1;6;2020;14:00;1;62;62895;2;1;1;3;MEURCHIN (R DE );50,4969736;2,8752127
7172;202000007933;9;10;2020;22:45;5;59;59378;2;1;1;2;REPUBLIQUE AV DE LA (N°829-931);50,6612000;3,0948000
7173;202000007935;4;8;2020;16:05;1;58;58194;2;3;1;6;MARECHAL JUIN;47,0041300;3,1539500
7174;202000007936;14;10;2020;07:30;1;57;57344;2;9;1;1;CD42;48,7078400;7,0200000
7175;202000007937;11;10;2020;09:42;1;57;57597;2;1;1;6;GRAND'RUE;49,2543100;6,0693700
7176;202000007938;10;10;2020;17:02;1;57;57597;2;6;1;6;CD9;49,2567500;6,0717600
7177;202000007939;13;10;2020;14:50;1;56;56107;2;1;1;3;KERNEVEL (PORT DU);47,7181600; -3,3695100
7178;202000007940;14;10;2020;17:30;1;51;51454;2;3;1;4;Rue Emile Zola;49,2682507;4,0263960
7179;202000007941;13;10;2020;18:00;2;51;51454;2;3;2;3;Rue Mazarin;49,2159832;4,0283106
7180;202000007942;13;10;2020;08:05;1;51;51454;2;1;2;7;Quai du Pré aux Moines;49,2337457;4,0458733
7181;202000007943;13;10;2020;08:07;2;51;51454;2;3;2;4;Rue Ruinart de Brimont;49,2565747;4,0456536
7182;202000007944;13;10;2020;07:30;5;51;51454;1;6;1;3;Rond-Point Porte Farman;49,2365355;4,0713448
7183;202000007945;14;10;2020;08:10;1;50;50218;2;1;1;6;VENDEENS (AV DES);48,8346100; -1,5777700
7184;202000007946;2;10;2020;07:50;2;49;49099;2;1;1;6;CURIE (RUE PIERRE ET MARIE);47,0676100; -0,8596800
7185;202000007947;13;10;2020;13:22;1;47;47001;2;3;2;3;JAURES (AV. JEAN);44,2035700;0,6282400
7186;202000007948;12;10;2020;12:20;1;42;42127;2;4;1;3;Rue Alfred de Musset;46,0594600;4,0602900
7187;202000007949;13;10;2020;09:40;1;37;37214;2;1;2;7;PORTILLON (QUAI);47,4004919;0,6801231
7188;202000007950;14;10;2020;19:55;5;35;35238;2;1;1;6;228 Rue de Fougères;48,1300500; -1,6405900
7189;202000007951;14;10;2020;10:20;1;35;35238;2;3;1;3;PATTON (AVENUE DU GENERAL SIR GEORGES);48,1284000; -1,6642000
7190;202000007952;14;10;2020;08:00;2;35;35238;2;1;5;3;PARIS (RUE DE);48,1132800; -1,6616400
7191;202000007954;14;10;2020;19:50;1;33;33318;2;3;1;2;AVE CAMILLE JULLIAN;44,7926800; -0,6148400
7192;202000007955;13;10;2020;08:15;1;31;31557;2;1;2;3;PEYRETTE (CH DE LA);43,5795400;1,2905100
7193;202000007956;10;10;2020;11:10;1;27;27229;2;1;1;6;ALLENDE (BOULEVARD DU PRESIDENT);49,0037400;1,1484000
7194;202000007957;12;10;2020;16:25;1;26;26198;1;1;1;3;Route du Teil;44,5533100;4,7098800
7195;202000007958;14;10;2020;12:15;1;17;17306;2;1;1;3;QUEBEC (AVENUE);45,6344200; -1,0223200
7196;202000007959;14;10;2020;08:35;1;16;16015;2;3;1;3;route de Bordeaux;45,6371900;0,1285240
7197;202000007960;13;10;2020;12:25;1;14;14059;2;2;1;3;LAIS DE MER (RUE DES);49,3504300;0,0507500
7198;202000007961;14;10;2020;16:50;1;14;14437;1;1;1;6;MONTALIVET (COURS);49,1799700; -0,3299100
7199;202000007962;14;10;2020;20:00;5;13;13075;2;1;1;2;GEORGES POMPIDOU (AVE);43,3432000;5,4620000
7200;202000007963;14;10;2020;12:15;1;13;13212;2;3;1;3;CAILLOLS (AVENUE DES);43,3041830;5,4348750
7201;202000007964;13;10;2020;14:45;1;13;13202;2;1;1;6;MAZEAU (PLACE DU);43,2978360;5,3705830
7202;202000007965;12;10;2020;13:15;1;13;13205;2;2;1;1;SAKAKINI (BOULEVARD);43,2936900;5,4014600
7203;202000007966;13;10;2020;09:10;1;13;13001;2;9;1;6;AMPERE  ANDRE (RUE);43,4890200;5,3762780
7204;202000007969;14;10;2020;18:05;2;06;06088;2;1;3;6;FABRON (AV. DE) (JUSQU'AU N° 77);43,6874790;7,2337440
7205;202000007970;13;10;2020;10:09;1;06;06083;2;3;1;1;GARAVAN (BOULEVARD, N° 1 A 36);43,7864000;7,5131000
7206;202000007971;10;10;2020;12:30;1;02;02691;2;9;1;7;GUISE (RUE DE);49,8406630;3,3124250
7207;202000007972;14;10;2020;19:25;3;75;75115;2;1;1;3;BOULEVARD PERIPHERIQUE;48,8257930;2,2995930
7208;202000007973;14;10;2020;17:40;1;75;75116;2;1;1;3;BOULEVARD PERIPHERIQUE;48,8619340;2,2646000
7209;202000007976;14;10;2020;08:20;1;75;75119;2;1;2;3;AVENUE DE LA PORTE DE LA VILLETTE;48,8995560;2,3876550
7210;202000007977;14;10;2020;07:05;5;75;75119;2;1;1;6;RUE BOTZARIS;48,8766230;2,3812340
7211;202000007978;14;10;2020;20:08;5;75;75118;2;1;1;3;RUE MARX DORMOY;48,8898720;2,3599330
7212;202000007979;14;10;2020;19:35;5;75;75118;2;2;1;3;BOULEVARD BARBES;48,8855600;2,3495340
7213;202000007980;14;10;2020;17:21;1;75;75118;2;1;1;6;RUE DE LA CHAPELLE;48,8961730;2,3592870
7214;202000007981;14;10;2020;19:15;5;75;75117;2;2;1;6;AVENUE DE WAGRAM;48,8815580;2,3007070
7215;202000007982;14;10;2020;14:40;1;75;75117;2;3;1;3;AVENUE DE LA GRANDE ARMEE;48,8762710;2,2872430
7216;202000007983;13;10;2020;13:15;1;75;75116;2;2;1;3;ROUTE DES MOULINS;48,8650320;2,2344480
7217;202000007984;14;10;2020;19:45;3;75;75115;2;5;1;3;BOULEVARD DU MONTPARNASSE;48,8450970;2,3201170
7218;202000007985;14;10;2020;13:25;1;75;75114;2;4;2;3;BOULEVARD ROMAIN ROLLAND;48,8196900;2,3263050
7219;202000007987;13;10;2020;08:15;1;75;75113;2;1;2;6;BOULEVARD MASSENA;48,8231440;2,3743030
7220;202000007988;14;10;2020;13:00;1;75;75111;2;2;1;3;AVENUE DE LA REPUBLIQUE;48,8652450;2,3747730
7221;202000007989;14;10;2020;08:55;1;75;75111;2;1;2;3;BOULEVARD VOLTAIRE;48,8536430;2,3871100
7222;202000007990;14;10;2020;20:10;5;75;75110;2;2;1;3;RUE DU FAUBOURG SAINT MARTIN;48,8717610;2,3572020
7223;202000007991;14;10;2020;09:45;1;75;75110;2;2;2;3;RUE BEAUREPAIRE;48,8693340;2,3633780
7224;202000007992;14;10;2020;14:05;1;75;75107;2;3;1;3;BOULEVARD SAINT GERMAIN;48,8569710;2,3246050
7225;202000007993;14;10;2020;13:55;1;75;75107;2;1;1;6;RUE SAINT DOMINIQUE;48,8599470;2,3109230
7226;202000007994;14;10;2020;09:40;1;75;75101;2;4;2;3;VOIE GEORGES POMPIDOU;48,8578860;2,3439190
7227;202000007995;14;10;2020;08:47;1;75;75104;2;2;2;7;PONT NOTRE DAME;48,8556630;2,3483270
7228;202000007996;14;10;2020;00:30;5;75;75101;2;2;1;6;BOULEVARD DE SEBASTOPOL;48,8577260;2,3477870
7229;202000007999;13;10;2020;13:00;1;94;94043;2;1;2;1;DANTON (R);48,8100900;2,3609700
7230;202000008000;14;10;2020;08:15;1;94;94018;2;9;2;6;ARCHEVECHE (R DE L);48,8211180;2,4076670
7231;202000008002;14;10;2020;10:20;1;93;93078;2;1;8;6;DELATTRE DE TASSIGNY (AVENUE);48,9637100;2,5377100
7232;202000008003;14;10;2020;17:20;1;93;93071;2;3;1;3;JEAN BAPTISTE (AVENUE);48,9332100;2,5326300
7233;202000008004;14;10;2020;08:50;1;93;93045;2;1;2;6;MOULIN JEAN RUE;48,8807951;2,4151249
7234;202000008005;14;10;2020;07:45;5;93;93079;2;3;2;3;RTE DE SAINT LEU / RUE ALEXANDRE RIBOT;48,9516200;2,3388700
7235;202000008006;14;10;2020;11:45;1;93;93007;2;2;1;3;MARCEL ALIZARD (AVENUE);48,9459814;2,4458492
7236;202000008007;14;10;2020;22:00;5;93;93005;1;1;1;7;CLEMENT ADER (RUE);48,9437315;2,4814268
7237;202000008008;14;10;2020;08:40;1;93;93001;2;9;2;5;REPUBLIQUE (AVE DE LA ) DE 52 A 104;48,9103312;2,3854567
7238;202000008009;14;10;2020;10:00;1;92;92062;2;1;8;3;PARMENTIER (RUE);48,8780500;2,2395600
7239;202000008010;12;10;2020;19:35;5;92;92050;2;3;1;3;ROSIERS RUE DES;48,8864490;2,2259730
7240;202000008012;13;10;2020;10:40;1;92;92049;2;1;2;6;MAURICE ARNOUX (RUE);48,8168390;2,3117030
7241;202000008013;13;10;2020;18:30;2;92;92036;2;3;1;3;LOUISE MICHEL (IMPAIRS);48,9226588;2,3205949
7242;202000008014;13;10;2020;01:30;5;92;92036;2;6;2;7;PRINCIPALE DU PORT (ROUTE) (1/17);48,9396589;2,2867616
7243;202000008015;12;10;2020;20:20;5;92;92025;2;3;2;2;KLEBER (AV);48,9311500;2,2443200
7244;202000008016;13;10;2020;20:40;5;92;92025;2;1;1;2;CHARLES DE GAULLE (BD);48,9156250;2,2277990
7245;202000008018;15;10;2020;15:50;1;974;97415;2;1;2;3;Chaussee Royale; -21,0122490;55,2720300
7246;202000008019;14;10;2020;21:45;3;974;97415;1;1;1;6;Chemin Summer 3; -21,0308090;55,2966680
7247;202000008020;14;10;2020;18:00;1;54;54513;1;2;7;3; RD904;48,4568430;6,1277960
7248;202000008021;14;10;2020;11:25;1;51;51066;1;1;1;-1;D396;48,6606020;4,5795200
7249;202000008023;14;10;2020;20:30;3;86;86174;1;1;1;2;D910;46,7678920;0,5018540
7250;202000008024;15;10;2020;01:10;5;74;74188;2;4;1;6;Route de l'Elé;46,1933530;6,6976800
7251;202000008026;15;10;2020;14:35;1;48;48005;1;1;1;6;A75, pk 152+600;44,5867190;3,2508860
7252;202000008027;15;10;2020;05:45;3;19;19002;1;3;2;3;D1089;45,6001220;2,4030020
7253;202000008028;15;10;2020;08:30;1;2B;2B150;1;3;8;2;T30;42,5990610;8,8394450
7254;202000008029;15;10;2020;18:00;1;33;33541;1;1;1;1;D1e4;45,3854080; -1,0324470
7255;202000008030;15;10;2020;03:30;5;69;69063;2;1;1;6;2 Quai de la Jonchère;45,8139910;4,8451580
7256;202000008031;14;10;2020;14:30;1;29;29045;1;1;1;5;203 Lieu-dit Keranfalc'her;48,3872980; -4,2516370
7257;202000008032;14;10;2020;14:25;1;68;68201;2;1;1;2;2 Route de Mulhouse;47,7687960;7,0053610
7258;202000008033;14;10;2020;16:15;1;35;35270;1;1;1;1;RD 797;48,5745490; -1,5551660
7259;202000008034;14;10;2020;12:45;1;35;35070;2;2;1;1;1 rue de la Carrée;48,5598810; -1,9307450
7260;202000008035;14;10;2020;19:45;3;29;29191;1;1;2;7;Pen Ar Roz;48,5336580; -3,7556930
7261;202000008036;15;10;2020;07:40;5;29;29061;1;1;1;7;D788 - Pen Ar Valy;48,4390020; -4,4658440
7262;202000008037;15;10;2020;16:45;1;31;31270;1;1;1;3;La Serre;43,1365710;0,7551030
7263;202000008039;7;10;2020;18:00;1;72;72064;1;1;1;1;La Borde Janvier;47,8494330;0,7267930
7264;202000008040;15;10;2020;12:30;1;14;14726;2;2;1;3;Le Bourg Estry (Estry);48,8986370; -0,7378860
7265;202000008041;14;10;2020;15:30;1;14;14299;1;2;1;3;RD 140 et RD 119;49,3396790;0,2638860
7266;202000008042;13;10;2020;08:29;1;18;18180;1;1;3;1;D216;47,0355940;2,4018990
7267;202000008043;14;10;2020;15:55;1;21;21425;2;6;1;2;Carrefour Les médaillés, Avenue du Maréchal LECLERC;47,6227980;4,3237960
7268;202000008044;14;10;2020;20:30;3;04;04116;1;1;1;6;RD 4;44,0462730;6,0193330
7269;202000008045;14;10;2020;17:50;1;28;28214;2;1;2;7;Avenue du Thymerais;48,4774020;1,0232760
7270;202000008046;13;10;2020;21:10;3;28;28259;1;1;1;2;RN 10 - PR 48+514;48,2369650;1,4075370
7271;202000008047;15;10;2020;16:00;1;37;37097;2;2;1;6;2 rue agnès sorel;47,1646507;0,8938281
7272;202000008048;15;10;2020;18:30;1;37;37273;2;3;1;3;72 Avenue Jeanne d'Arc;47,3961660;0,7638178
7273;202000008049;14;10;2020;16:35;1;37;37050;2;1;1;3;108 Avenue du Grand Sud;47,3402523;0,7035620
7274;202000008050;15;10;2020;16:00;1;48;48178;1;1;1;6;N106;44,2846140;3,8166650
7275;202000008051;14;10;2020;16:45;1;88;88465;2;1;1;6;Rue de Lorraine (Thaon-les-Vosges);48,2516050;6,4196250
7276;202000008052;14;10;2020;02:15;3;35;35352;1;6;5;7;Rond point de la Croix Rouge;48,0494380; -1,6090460
7277;202000008053;13;10;2020;20:50;5;35;35189;2;1;1;6;5 Rue des Chênes;48,1533200; -1,7067480
7278;202000008054;14;10;2020;18:05;1;33;33122;1;1;1;4;A63;44,7049200; -0,7541700
7279;202000008056;14;10;2020;14:00;1;971;97118;1;1;1;3;D33 - Route de VIARD;16,1573870; -61,5870380
7280;202000008057;15;10;2020;07:25;1;2B;2B307;2;1;1;6;1101 Scalo;42,3808020;9,5301250
7281;202000008058;15;10;2020;06:50;5;11;11076;1;6;2;3;rond-point du 4e régiment étranger;43,3026370;1,9747550
7282;202000008059;27;8;2020;07:00;2;11;11076;1;6;1;3;Rond-point du 4e Régiment Étranger (Zone militaire);43,3026720;1,9745400
7283;202000008060;15;10;2020;00:05;3;34;34135;1;1;1;7;D609;43,3039250;3,1583440
7284;202000008061;15;10;2020;13:10;1;84;84019;1;3;8;3;Chemin du coucaou;44,2883869;4,7523042
7285;202000008062;14;10;2020;18:10;1;83;83023;1;8;1;3;Route Departementale 12;43,3650910;6,0955400
7286;202000008063;15;10;2020;07:05;2;71;71491;1;3;1;3;D352 bis;46,4182669;4,0565317
7287;202000008064;6;10;2020;13:00;1;67;67348;2;3;1;2;Rue du General Leclerc;48,4734160;7,4961840
7288;202000008065;13;10;2020;12:15;1;73;73097;2;1;1;1;D21;45,5518680;6,0143600
7289;202000008066;13;10;2020;16:50;1;38;38158;2;1;1;6;Avenue du Général de Gaulle;45,1605530;5,7414830
7290;202000008067;14;10;2020;16:00;1;50;50025;2;3;1;6;51 Rue Division Leclerc;48,6792780; -1,3436280
7291;202000008068;15;10;2020;17:10;1;60;60141;2;1;1;6;route des Bourgognes;49,2025210;2,4677720
7292;202000008069;10;10;2020;21:25;5;60;60587;2;2;1;1;RUE DE PARIS;49,3423210;2,6063780
7293;202000008070;14;10;2020;19:00;3;60;60644;1;1;1;1;D981;49,2804320;1,8067470
7294;202000008071;15;10;2020;13:15;1;60;60628;1;1;1;7;Therdonne;49,4228073;2,1504839
7295;202000008072;13;10;2020;18:05;1;83;83062;1;1;1;4;A57;43,1436071;6,0199150
7296;202000008073;12;10;2020;07:35;2;83;83144;1;1;1;7;A57;43,1334900;5,9847600
7297;202000008074;14;10;2020;09:10;1;33;33550;1;1;1;6;ROCADE A 630;44,7791800; -0,5517700
7298;202000008075;11;10;2020;20:00;3;62;62498;1;1;1;-1;AUTOROUTE A211;50,4236950;2,8300090
7299;202000008076;11;10;2020;11:10;1;59;59343;1;1;1;6;AUTOROUTE A22;50,6008990;3,1207980
7300;202000008077;14;10;2020;18:16;1;91;91689;1;1;1;2;AUTOROUTE A6B;48,7439500;2,3221900
7301;202000008078;14;10;2020;13:23;1;94;94021;1;1;1;2;AUTOROUTE A106;48,7614000;2,3449000
7302;202000008079;11;10;2020;09:20;1;91;91377;2;1;1;7;RN20;48,7207180;2,2991940
7303;202000008080;14;10;2020;17:50;1;92;92050;1;1;1;2;A14;48,9011605;2,2056742
7304;202000008082;14;10;2020;08:35;1;92;92048;1;1;2;7;N118;48,8076789;2,2120924
7305;202000008083;14;10;2020;19:10;1;77;77337;1;1;2;3;RN104;48,8264058;2,6166977
7306;202000008084;14;10;2020;17:30;1;94;94042;2;1;1;3;A4;48,8285000;2,4755000
7307;202000008085;14;10;2020;14:00;1;77;77373;1;1;1;-1;RN104;48,7812715;2,6160281
7308;202000008086;14;10;2020;13:20;1;77;77053;1;1;1;3;RN104;48,7011003;2,5945369
7309;202000008088;12;6;2020;23:40;5;87;87085;2;1;1;6;CHARSEIX (RUE DES);45,8287200;1,2633900
7310;202000008089;26;4;2020;02:15;5;55;55545;2;1;1;6;EDMOND MICHELET;49,1516200;5,4058000
7311;202000008090;7;7;2020;15:30;1;42;42330;1;1;1;4;D201;45,4745700;4,3455600
7312;202000008091;21;8;2020;08:30;1;24;24382;1;1;1;7;D660;44,8408570;0,6691790
7313;202000008092;21;8;2020;10:20;1;27;27132;1;1;1;3;D60;49,0334510;1,0296680
7314;202000008093;19;8;2020;20:30;2;27;27165;2;1;1;1;Rue Docteur Paul Guilbaud;48,9693300;0,9429570
7315;202000008094;21;8;2020;16:15;1;59;59581;1;2;1;3;1 Chemin de la Blanche;50,6980610;2,7609160
7316;202000008095;15;8;2020;12:46;1;13;13071;1;1;1;7;A7-Sens Marseille vers Lyon;43,4069400;5,3307700
7317;202000008096;19;8;2020;14:00;1;13;13117;1;1;1;2;A7-Sens Marseille vers Lyon;43,4738800;5,2356700
7318;202000008097;18;8;2020;22:15;5;69;69142;1;1;1;3;M7   ;45,7262100;4,8169500
7319;202000008098;19;8;2020;20:35;2;38;38544;2;1;1;6;Boulevard du Rhône;45,5347700;4,8719700
7320;202000008099;20;8;2020;14:20;1;33;33281;1;1;1;7;ROCADE A 630;44,8552200; -0,6638600
7321;202000008100;20;8;2020;00:45;3;92;92036;1;1;1;6;A86;48,9354233;2,2644945
7322;202000008101;20;8;2020;15:30;1;93;93008;1;1;1;4;AUTOROUTE A86;48,9106300;2,4428700
7323;202000008102;19;8;2020;15:00;1;95;95572;1;1;2;6;RN 184;49,0345600;2,1136290
7324;202000008103;20;8;2020;09:15;1;92;92036;1;1;1;4;AUTOROUTE A15;48,9378800;2,2976600
7325;202000008104;20;8;2020;06:15;3;93;93064;1;1;1;6;AUTOROUTE A86;48,8880100;2,4743900
7326;202000008105;19;8;2020;18:45;1;93;93005;1;1;1;2;AUTOROUTE A3;48,9464600;2,4761900
7327;202000008106;19;8;2020;06:30;3;92;92078;1;1;1;3;AUTOROUTE A86;48,9284900;2,3313400
7328;202000008107;20;8;2020;20:30;1;94;94017;1;1;1;2;A4;48,8294403;2,4821309
7329;202000008108;20;2;2020;22:12;4;13;13213;2;9;1;6;FRÉDÉRIC MISTRAL (AVENUE);43,3513970;5,4723430
7330;202000008109;9;7;2020;14:45;1;13;13002;1;1;1;7;DES TERMES (ROUTE) RD 908;43,3703300;5,5323300
7331;202000008110;14;6;2020;01:00;5;76;76545;2;1;1;3;CHAMP DE COURSES (RUE DU);49,9085400;1,0874900
7332;202000008111;19;8;2020;18:00;5;988;98818;2;3;1;3;PROMENADE PIERRE VERNIER/ ROUTE D'ACCES AU MERIDIEN; -22,3096600;166,4526100
7333;202000008112;15;8;2020;04:20;5;988;98818;2;1;1;6;LAROQUE (PROMENADE ROGER); -22,2990700;166,4384700
7334;202000008113;18;8;2020;10:45;1;974;97416;2;3;1;3;LAURENT VERGES(AVENUE); -21,2967100;55,4602100
7335;202000008114;19;8;2020;15:56;1;973;97302;2;3;1;3;NOVAPARC (RESIDENCE) RTE DE RABAN;4,9224652; -52,3125713
7336;202000008116;19;8;2020;00:58;5;972;97213;1;1;1;2;AUTOROUTE A1;14,6000000; -60,9990000
7337;202000008117;19;8;2020;12:40;1;69;69152;2;1;1;7;EUROPE (DE L')                      (BD);45,7026900;4,8211700
7338;202000008118;18;8;2020;16:42;1;87;87038;1;1;1;1;RN520 (CHAPTELAT);45,9000800;1,2360200
7339;202000008119;18;8;2020;17:35;1;87;87085;2;1;1;2;MONNET (RUE JEAN);45,8612100;1,2816400
7340;202000008120;18;8;2020;10:36;1;87;87085;2;1;1;2;MAUVENDIERE (RUE DE LA);45,8331300;1,2484700
7341;202000008121;20;8;2020;01:00;5;83;83137;1;1;1;4;ESTIENNE D'ORVES (AVENUE LIEUTENANT);43,1268383;5,9103194
7342;202000008122;19;8;2020;20:20;2;83;83034;1;1;1;-1;RUE DES 3 PINS;43,0990000;6,0620000
7343;202000008123;19;8;2020;13:55;1;78;78238;2;6;2;3;CD 14;48,9685100;1,8721600
7344;202000008124;19;8;2020;06:12;3;78;78440;2;6;1;6;EUROPE (AVENUE DE L');48,9752300;1,9162500
7345;202000008125;18;8;2020;16:20;1;76;76540;2;3;1;3;CORNEILLE. QUAI (HAUT) PIERRE;49,4380700;1,0927800
7346;202000008126;19;8;2020;13:50;1;74;74012;2;5;1;3;GLIERES (RUE DES);46,1928000;6,2445000
7347;202000008127;18;8;2020;08:28;1;71;71497;2;2;1;3;SENNECE (ROUTE DE);46,3408599;4,8281254
7348;202000008129;19;8;2020;12:38;1;67;67482;2;1;1;2;SCHIRMECK (ROUTE DE);48,5719506;7,7136614
7349;202000008130;18;8;2020;10:01;1;64;64483;2;6;1;1;PASSICOT JEAN MARTIN (BD DU COMMANDANT);43,3863000; -1,6618000
7350;202000008131;18;8;2020;08:20;1;64;64483;2;6;1;3;ITHURRALDE ANDRE (AVENUE);43,3971800; -1,6446600
7351;202000008132;18;8;2020;18:50;1;64;64125;2;1;1;6;BASSILOUR (RUE);43,4301192; -1,5723587
7352;202000008133;16;8;2020;16:45;1;64;64122;2;3;1;-1;IMPERATRICE (AVENUE DE L');43,4868891; -1,5548950
7353;202000008134;14;8;2020;23:45;3;61;61169;1;1;1;7;MONTAGNOU;48,7244000; -0,5730500
7354;202000008135;18;8;2020;23:05;5;60;60159;2;1;1;1;rue de Beauvais;49,4188462;2,8176392
7355;202000008136;14;8;2020;03:50;5;59;59350;2;1;1;2;SCHUMAN ROBERT BOULEVARD;50,6484500;3,0682200
7356;202000008137;19;8;2020;13:35;1;59;59328;2;3;1;2;DUNKERQUE AVENUE DE;50,6427006;3,0164377
7357;202000008139;19;8;2020;19:50;2;59;59317;1;2;2;3;ROUTE DEPARTEMENTALE 945;50,6918700;2,9223200