;Num_Acc;jour;mois;an;hrmn;lum;dep;com;agg;int;atm;col;adr;lat;long
7358;202000008140;18;8;2020;19:20;1;56;56098;2;1;2;7;KESLER DEVILLERS (AVENUE);47,7688900; -3,3456900
7359;202000008141;18;8;2020;13:15;1;56;56083;1;1;1;7;Rue Damien Hochet;47,7972100; -3,3015200
7360;202000008142;8;8;2020;19:30;1;54;54571;1;6;1;3;VILLE EN VERMOIS (ROUTE DE);48,6177100;6,2732900
7361;202000008143;19;8;2020;15:20;1;38;38185;2;4;1;3;Boulevard Gambetta;45,1889000;5,7227000
7362;202000008144;18;8;2020;20:40;2;38;38053;2;6;1;6;Rond point de l'Etissey;45,5942500;5,2698200
7363;202000008145;19;8;2020;14:05;1;37;37195;2;1;1;7;;47,3795160;0,6492687
7364;202000008146;19;8;2020;12:37;1;37;37261;2;2;2;3;HUGO (RUE VICTOR);47,3866129;0,6745534
7365;202000008147;19;8;2020;11:20;1;37;37122;2;1;8;2;JAURES (BOULEVARD JEAN);47,3476456;0,6552909
7366;202000008148;19;8;2020;16:00;1;35;35238;2;1;8;6;ALMA (DE L');48,1045519; -1,6773029
7367;202000008149;10;8;2020;14:45;1;33;33063;2;3;1;6;12 CRS DE LA MARNE;44,8305500; -0,5711800
7368;202000008150;19;8;2020;16:55;1;30;30189;2;1;1;6;FAITA VINCENT (RUE);43,8419000;4,3676000
7369;202000008151;19;8;2020;17:20;1;26;26362;2;2;1;3;267 Rue Faventines;44,9208000;4,9082000
7370;202000008153;19;8;2020;21:49;5;13;13204;2;2;1;3;ROUGIER (BOULEVARD);43,3053970;5,4016000
7371;202000008154;19;8;2020;13:25;1;13;13214;2;1;1;1;MORETTI (BOULEVARD);43,3264100;5,3748300
7372;202000008155;18;8;2020;19:50;1;13;13047;1;9;1;2;RD 569;43,5522145;4,9743739
7373;202000008156;18;8;2020;18:55;1;13;13047;2;6;7;2;FELIX GOUIN AVENUE;43,4982900;4,9864900
7374;202000008157;19;8;2020;03:55;5;11;11069;2;3;1;3;JUIN MARECHAL;43,2099700;2,3791900
7375;202000008158;19;8;2020;16:15;1;10;10387;2;2;1;3;JULES GUESDE (RUE);48,2905000;4,0821000
7376;202000008159;19;8;2020;17:40;1;06;06069;1;1;1;2;DRAGUIGNAN (ROUTE DE) - D2562-;43,6438630;6,9028840
7377;202000008160;13;8;2020;11:30;1;06;06069;2;4;1;6;ZOLA (TRAVERSE EMILE);43,6546440;6,9187110
7378;202000008162;19;8;2020;08:05;1;75;75120;2;2;1;2;BOULEVARD DE MENILMONTANT;48,8598910;2,3889920
7379;202000008163;19;8;2020;14:00;1;75;75119;2;2;1;3;AVENUE DE LA PORTE DU PRE SAINT GERVAIS;48,8819960;2,4025000
7380;202000008164;19;8;2020;08:45;1;75;75119;2;3;1;3;RUE DE LA MARSEILLAISE;48,8885170;2,3979480
7381;202000008165;18;8;2020;23:05;4;75;75119;2;1;1;2;AVENUE JEAN JAURES;48,8838770;2,3744020
7382;202000008166;19;8;2020;09:40;1;75;75116;2;1;1;3;BOULEVARD DE L AMIRAL BRUIX;48,8761620;2,2820180
7383;202000008167;19;8;2020;17:15;1;75;75111;2;2;2;3;RUE MORAND;48,8688400;2,3763070
7384;202000008168;19;8;2020;22:30;5;75;75110;2;2;8;3;BOULEVARD DE MAGENTA;48,8715060;2,3603440
7385;202000008169;19;8;2020;16:45;1;75;75110;2;2;8;6;RUE LOUIS BLANC;48,8810990;2,3651540
7386;202000008170;19;8;2020;14:36;1;75;75109;2;2;2;3;BOULEVARD DES CAPUCINES;48,8709750;2,3341700
7387;202000008171;19;8;2020;13:20;1;75;75103;2;1;1;7;BOULEVARD DE SEBASTOPOL;48,8623640;2,3503820
7388;202000008172;18;8;2020;17:00;1;75;75103;2;3;1;7;RUE AUX OURS;48,8632320;2,3516650
7389;202000008174;19;8;2020;13:40;1;94;94044;2;9;1;3;GABRIEL PERI (AV);48,7559060;2,4838010
7390;202000008175;19;8;2020;19:05;1;94;94052;2;2;1;2;ALBERT 1ER (BD);48,8354100;2,4941000
7391;202000008176;19;8;2020;19:20;1;94;94043;2;2;1;3;GAMBETTA (R);48,8136300;2,3572610
7392;202000008177;19;8;2020;16:40;1;94;94038;2;1;1;6;PAUL VAILLANT COUTURIER (BD);48,7762600;2,3399800
7393;202000008178;17;8;2020;15:20;1;94;94033;2;2;8;3;VICTOR HUGO (AV);48,8589300;2,4757800
7394;202000008179;18;8;2020;18:30;1;94;94054;2;1;1;3;JEAN MERMOZ (R);48,7488840;2,4148300
7395;202000008180;18;8;2020;09:05;1;94;94079;2;1;1;3;FRIEDBERG (BD DE);48,8364000;2,5473000
7396;202000008181;19;8;2020;11:36;1;94;94017;2;3;1;3;MAURICE THOREZ (AV);48,8143700;2,5377700
7397;202000008182;19;8;2020;10:35;1;93;93057;2;1;1;2;BRIAND ( AV. ARISTIDE) 1 A29;48,9103595;2,5106189
7398;202000008183;19;8;2020;10:05;1;92;92046;2;2;1;3;PIERRE LAROUSSE (AVENUE);48,8248000;2,3021000
7399;202000008184;19;8;2020;17:21;1;92;92062;2;1;2;3;CIRCULAIRE BLD;48,8922470;2,2458090
7400;202000008185;18;8;2020;14:43;1;92;92025;2;1;1;3;EUROPE (AV DE L');48,9263850;2,2436820
7401;202000008187;20;8;2020;10:44;1;38;38344;1;2;1;5;Route du Gue d'Agnin;45,3604000;4,8313400
7402;202000008189;20;8;2020;09:45;1;95;95052;2;6;1;2;RD 922;49,1379972;2,2721469
7403;202000008190;19;8;2020;16:30;1;45;45187;1;1;1;1;D88-PR13+800;47,8785668;2,4910261
7404;202000008191;20;8;2020;07:25;1;49;49192;1;1;1;7;19 Rue des Mésanges;47,0143857; -0,7392107
7405;202000008192;10;8;2020;18:14;1;31;31044;2;9;1;2;122 Route de Castres;43,5877793;1,5185417
7406;202000008193;18;8;2020;04:00;3;31;31439;1;1;1;6;D31;43,5152730;1,6199250
7407;202000008195;20;8;2020;11:49;1;83;83023;1;1;1;6;A8;43,4158650;6,1286160
7408;202000008196;16;8;2020;10:30;1;83;83049;1;1;1;6;Autoroute A57, PK 018.700;43,2438650;6,0716110
7409;202000008197;17;8;2020;19:45;2;10;10030;1;3;1;3;D60;48,3125690;3,9910380
7410;202000008199;18;8;2020;18:10;1;27;27429;1;2;1;3;D163;48,9180720;1,4041790
7411;202000008200;18;8;2020;21:00;2;26;26005;1;1;1;3;Autourte du Soleil;44,5246460;4,7951030
7412;202000008201;18;8;2020;19:54;2;01;01399;2;6;1;6;D1005;46,2941940;6,0773490
7413;202000008203;18;8;2020;08:35;1;06;06130;1;1;1;3;Route Napoléon (Pont);43,7057040;6,8295060
7414;202000008204;19;8;2020;07:35;2;06;06033;2;1;1;3;2011 Route de la ZA de la Grave;43,7823810;7,2113820
7415;202000008206;20;8;2020;08:38;1;15;15108;1;1;1;6;A75;44,9323770;3,2033830
7416;202000008207;20;8;2020;08:05;1;12;12270;1;1;1;2;A75 ;44,3515340;3,1069850
7417;202000008208;19;8;2020;14:00;1;87;87107;1;1;1;7;Maisons Neuves;45,9160940;1,1691430
7418;202000008209;20;8;2020;06:45;2;62;62650;1;1;1;7;D33e1;50,2785620;2,9043390
7419;202000008210;18;8;2020;17:20;1;83;83026;1;1;7;1;D79;43,4222630;6,2042180
7420;202000008211;11;8;2020;15:30;1;51;51507;1;1;7;3;D85;49,1033334;4,9021969
7421;202000008212;11;8;2020;15:15;1;51;51569;1;1;1;7;Rue de la Gravelle;49,2725953;3,9306064
7422;202000008213;20;8;2020;14:40;1;51;51617;1;1;1;7;N44;49,0209397;4,3281479
7423;202000008214;18;8;2020;23:30;3;79;79252;2;1;1;6;;46,8841700; -0,1604500
7424;202000008215;17;8;2020;12:40;1;2A;2A362;1;3;1;2;Route de Cirindinu - STE LUCIE DE PORTO-VECCHIO;41,6609395;9,3600036
7425;202000008216;20;8;2020;18:30;1;2B;2B242;1;1;1;2;Poggio;42,4116710;9,5304890
7426;202000008217;19;8;2020;17:40;1;80;80396;1;9;3;7;Rue Bucquet;50,2438430;2,0399590
7427;202000008218;15;8;2020;23:30;3;65;65444;1;1;2;7;D 26;43,0583290;0,5468810
7428;202000008219;19;8;2020;11:50;1;65;65138;1;1;7;1;Route départementale 920;42,9271110; -0,0885770
7429;202000008220;13;8;2020;20:10;3;69;69012;1;1;3;-1;pk 20+200 sur la RD 43;46,1908581;4,5439555
7430;202000008221;20;8;2020;00:00;5;69;69088;2;1;1;2;Place des Marronniers;45,8156200;4,8628610
7431;202000008222;19;8;2020;10:10;1;11;11262;1;4;1;5;Route de Gruissan;43,1692640;3,0369790
7432;202000008223;19;8;2020;19:00;1;11;11035;1;1;1;3;départementale 117;42,8431850;2,2033380
7433;202000008224;18;8;2020;11:45;1;71;71079;1;1;1;1;departementale 1083;46,4851835;5,3711206
7434;202000008225;19;8;2020;18:45;1;83;83068;1;1;1;3;4044 Route du Littoral;43,2896710;6,6055940
7435;202000008226;19;8;2020;11:45;1;63;63419;2;4;1;6;Route de Moureuille;46,1388650;2,9285000
7436;202000008227;18;8;2020;14:55;1;61;61257;2;1;2;2;RD 976;48,5043150; -0,3865390
7437;202000008228;15;8;2020;06:00;3;61;61324;1;1;1;6;52 L'Etre Havard;48,5284000; -0,7464370
7438;202000008229;19;8;2020;23:15;3;12;12258;1;2;1;3;D905;44,2590620;2,1854640
7439;202000008230;19;8;2020;21:33;3;47;47276;1;3;1;7;Pech de Peyre;44,3288090;0,4975003
7440;202000008231;19;8;2020;23:50;3;41;41186;1;1;8;6;RD36;47,8607680;1,0406700
7441;202000008232;18;8;2020;17:55;1;29;29140;1;2;1;3;12 Rue de la Gare;48,3793794; -4,3106913
7442;202000008233;18;8;2020;10:42;1;29;29137;2;1;1;3;Rue Ar Mor;48,3207230; -4,2986980
7443;202000008234;18;8;2020;17:28;1;86;86271;1;1;1;3;D15;46,7716810;0,2292270
7444;202000008235;19;8;2020;07:46;1;68;68338;1;4;1;3;D417;48,0761900;7,2576820
7445;202000008236;15;8;2020;20:17;1;22;22135;2;1;1;7;23 Rue du Manaty;48,5793150; -3,3284870
7446;202000008237;19;8;2020;00:50;3;25;25258;1;1;1;6;D673;47,2131550;5,9280680
7447;202000008238;17;8;2020;18:20;1;35;35204;1;1;1;2;La Maison Neuve;48,0445710; -1,5635030
7448;202000008239;17;8;2020;18:15;1;35;35068;2;1;1;6;Rue de Rennes;48,1050170; -1,4114270
7449;202000008240;20;8;2020;11:45;1;29;29148;1;6;1;3;Lieu Dit Sainte Catherine;48,6181440; -4,0545510
7450;202000008241;16;8;2020;09:45;1;38;38310;2;3;1;-1;D48;45,2587270;5,4764810
7451;202000008242;13;8;2020;11:20;1;38;38409;2;1;1;2;Grand Rue;45,0747100;5,2834100
7452;202000008243;7;7;2020;21:50;5;02;02423;2;1;1;1;Place du Chateau;49,4781880;3,3583670
7453;202000008244;20;8;2020;01:20;3;03;03071;1;1;1;7;Domaine des Brirots;46,3621560;3,6156927
7454;202000008245;15;8;2020;12:00;1;03;03269;1;1;1;7;;46,4285136;2,7891749
7455;202000008246;10;8;2020;18:00;1;06;06020;1;1;1;1;Le Graou;43,9950070;7,3390600
7456;202000008247;19;8;2020;17:00;1;06;06073;1;1;1;7;M97;44,1970550;7,0657000
7457;202000008248;18;8;2020;12:38;1;06;06023;1;1;1;6;Route du Col de Brouis;43,9544600;7,5142300
7458;202000008249;20;8;2020;16:05;1;14;14431;1;1;1;6;D154;49,0950380;0,0159970
7459;202000008250;20;8;2020;12:00;1;05;05145;2;1;1;-1;D944;44,6678480;6,2305190
7460;202000008251;19;8;2020;11:05;1;50;50349;1;1;8;3;D73;48,9884270; -1,5111990
7461;202000008252;18;8;2020;01:00;3;45;45314;1;1;1;6;Sully-la-Chapelle;47,9669336;2,1687811
7462;202000008253;20;8;2020;18:45;1;45;45182;2;1;1;2;Rue du Docteur Pierre Segelle;47,6830430;1,7830410
7463;202000008254;20;8;2020;16:30;1;64;64066;1;1;1;6;Route de Lasse;43,2043930; -1,2737596
7464;202000008255;19;8;2020;13:25;1;64;64438;1;1;1;1;3 Chemin des Chênes;43,3299070; -0,2321750
7465;202000008256;19;8;2020;00:50;1;36;36065;1;1;7;6;Chemin de la Ferte Gilbert;47,0475350;2,0252530
7466;202000008257;13;8;2020;17:10;1;21;21489;2;1;1;6;Rue Basse;47,5761380;4,8043780
7467;202000008258;18;8;2020;12:15;1;40;40083;1;1;1;6;D111;43,6234640; -0,3792430
7468;202000008259;19;8;2020;11:54;1;40;40282;1;3;1;3;D924;43,7846350; -0,5009080
7469;202000008260;19;8;2020;18:20;1;85;85305;2;9;1;3;Rue de la Filée;46,5716730; -0,7615330
7470;202000008261;18;8;2020;17:45;1;85;85289;1;1;1;2;L'Etruyere;46,6495800; -0,7088000
7471;202000008262;20;8;2020;18:00;1;27;27198;1;2;1;1;Rue des Aubepines;48,8498800;1,1367630
7472;202000008263;20;8;2020;19:45;1;37;37273;2;1;1;6;Avenue George Sand;47,3876107;0,7859624
7473;202000008264;19;8;2020;10:35;1;30;30161;1;4;1;3;D6110;44,0224970;4,1089730
7474;202000008265;20;8;2020;00:00;3;48;48104;1;1;1;7;D52;44,6281070;3,0622240
7475;202000008266;21;7;2020;06:45;1;08;08139;2;4;1;7;Grande Rue;49,8733700;4,6999060
7476;202000008268;20;8;2020;06:40;2;01;01232;1;1;1;6;A39;46,3179240;5,2663560
7477;202000008269;19;8;2020;18:48;1;69;69244;2;2;7;3;26 Avenue du 11 Novembre 1918;45,7641550;4,7691070
7478;202000008270;20;8;2020;08:00;1;74;74010;2;1;1;6;1 Rue Aimé Mugnier;45,8593520;6,0891190
7479;202000008271;17;8;2020;19:35;3;987;98738;1;1;1;1;PK 07+900 coté montagne; -17,6184160; -149,5708030
7480;202000008272;19;8;2020;05:20;3;34;34143;1;1;1;3;A9;43,4563970;3,6090430
7481;202000008273;18;8;2020;13:50;1;13;13011;2;4;1;2;D27;43,7418170;4,7908120
7482;202000008274;18;8;2020;21:15;2;22;22298;1;1;1;6;N164;48,2084810; -2,9310430
7483;202000008275;18;8;2020;17:55;1;45;45154;1;1;1;2;A10 pk 85+500;47,9973310;1,8528270
7484;202000008276;18;8;2020;15:30;1;45;45203;1;1;1;4;Autoroute A10 pk 110+370 sens 2;47,8487350;1,6855860
7485;202000008277;19;8;2020;12:15;1;971;97103;2;1;7;6;chemin de belcourt;16,2405930; -61,6127660
7486;202000008278;31;12;2020;11:45;1;971;97129;2;3;2;3;Route nationale 2 la boucan;16,2833880; -61,6702350
7487;202000008280;16;9;2020;12:20;1;33;33366;2;1;1;3;85 Rue du Commandant Cousteau;44,9936300; -0,4529600
7488;202000008281;31;12;2020;17:40;2;29;29046;2;6;2;6;D765 - Route de Quimper;48,0806280; -4,3255960
7489;202000008282;29;12;2020;17:10;2;13;13211;1;1;1;2;A50-Sens Marseille vers Aubagne;43,2862600;5,4330000
7490;202000008283;30;11;2020;06:40;3;59;59560;2;1;1;6;EPINETTE ROND POINT DE L;50,5450900;3,0584000
7491;202000008284;4;7;2020;21:10;1;64;64102;2;1;1;6;RESPLANDY (AVENUE DU CAPITAINE);43,4840400; -1,4489500
7492;202000008285;25;12;2020;15:50;1;987;98735;1;1;1;3;PIERRE LOTI (ALLEE QTIER POROI); -17,5553600; -149,5472600
7493;202000008286;13;11;2020;11:50;1;976;97611;2;1;1;6;kaweni-Mangrove (route de la); -12,7673699;45,2245814
7494;202000008287;4;8;2020;06:35;1;976;97611;2;1;1;6;passamanty-Vahibé ( route ); -12,7987084;45,2019989
7495;202000008288;30;12;2020;15:55;1;974;97411;2;3;1;3;Rue Sainte Marie; -20,8836000;55,4602600
7496;202000008289;31;12;2020;19:50;5;973;97302;2;2;1;3;AMUSANT (PAUL);4,9343104; -52,3319364
7497;202000008290;30;12;2020;14:30;1;69;69386;2;2;1;3;SEZE (DE)                           (R );45,7682289;4,8474323
7498;202000008291;31;12;2020;15:00;1;972;97209;1;1;1;2;RD 41 (ROCADE);14,6140300; -61,0634000
7499;202000008292;29;12;2020;06:20;2;972;97209;2;1;1;3;BISHOP (Avenue Maurice);14,6105900; -61,0547400
7500;202000008293;31;12;2020;14:05;1;69;69389;2;9;1;6;BARTHELEMY BUYER                    (AV);45,7615156;4,8036631
7501;202000008294;30;12;2020;15:50;1;971;97113;1;1;1;-1;RN4 - SECTION RIVIERA;16,2179800; -61,4980200
7502;202000008295;20;11;2020;08:18;1;95;95219;2;1;1;6;Allee l'Eau des Collines;48,9832700;2,2463500
7503;202000008296;22;12;2020;06:35;2;91;91457;1;6;1;3;N 449;48,5742300;2,2588700
7504;202000008297;28;12;2020;16:13;2;91;91339;1;1;3;2;AV ROBERT BENOIST;48,6320000;2,2640000
7505;202000008298;31;12;2020;15:50;1;91;91687;2;2;1;3;DOCTEUR CALMETTE (RUE DU);48,6780100;2,3709900
7506;202000008299;31;12;2020;11:00;1;91;91687;2;2;2;3;GUISE (AVENUE DE);48,6546000;2,3641000
7507;202000008300;30;12;2020;08:25;1;85;85194;2;1;9;6;RD 760;46,5239300; -1,7549100
7508;202000008301;31;12;2020;11:35;1;83;83137;2;1;1;6;15EME CORPS (AVE DU);43,1286000;5,9106300
7509;202000008302;30;12;2020;16:50;1;83;83129;2;1;1;3;JUIN MARECHAL (AV DU);43,0977600;5,8512900
7510;202000008303;30;12;2020;11:30;1;82;82121;2;1;1;3;MOULIN N 20 (AVENUE JEAN);44,0256320;1,3656266
7511;202000008304;31;12;2020;13:00;1;78;78440;2;9;1;4;EUROPE (AVENUE DE L');48,9780070;1,9140170
7512;202000008305;30;11;2020;18:45;5;77;77284;2;4;1;3;LHOSTE (RUE JOSEPH);48,9552900;2,8906900
7513;202000008306;27;12;2020;15:40;1;73;73008;2;1;1;2;GENEVE RUE DE;45,6925100;5,9119700
7514;202000008307;31;12;2020;19:45;5;71;71270;2;1;3;6;JAURES (QUAI);46,3054300;4,8359500
7515;202000008308;30;12;2020;10:30;1;69;69290;2;1;3;3;HENRI GERMAIN                       (AV);45,7067879;4,9067477
7516;202000008309;28;12;2020;17:40;5;69;69290;2;1;2;6;ARISTIDE BRIAND (D 318)             (R );45,6935800;4,9308500
7517;202000008310;28;12;2020;13:30;1;67;67482;2;1;8;6;Rue de Soultz;48,5656531;7,7784757
7518;202000008311;31;12;2020;18:00;2;64;64445;2;6;1;3;ERIC TABARLY;43,3190400; -0,3601800
7519;202000008312;31;12;2020;13:45;1;64;64335;2;6;1;3;NOVELLA;43,3232100; -0,4204300
7520;202000008313;31;12;2020;13:15;1;64;64024;2;1;1;6;MONTBRUN (AVENUE DE);43,5039100; -1,5028000
7521;202000008314;31;12;2020;18:00;5;60;60159;2;1;1;6;;49,4227900;2,8208400
7522;202000008315;31;12;2020;14:05;1;59;59220;2;2;2;3;PARIS AVENUE DE;50,5946700;3,0758000
7523;202000008316;30;12;2020;17:10;5;57;57672;2;2;2;3;RAYMOND POINCARE (ALLEE) -;49,3611100;6,1577100
7524;202000008317;31;12;2020;13:16;1;56;56107;2;6;2;3;CHAPELLE ST YVES (RUE DE LA);47,7271000; -3,3821300
7525;202000008318;31;12;2020;10:37;1;56;56121;2;3;1;3;MONISTROL (RUE);47,7380000; -3,3819000
7526;202000008320;30;12;2020;17:53;3;44;44184;1;1;3;4;RD 213;47,2901200; -2,2376700
7527;202000008321;30;12;2020;21:40;5;37;37261;2;1;2;6;WEDELLS (RUE JEANNE);47,4104677;0,7065327
7528;202000008322;22;12;2020;18:13;5;36;36202;2;1;1;6;97 Avenue d’Occitanie;46,7808100;1,6532100
7529;202000008324;13;12;2020;19:00;5;36;36044;2;4;1;1;rue anna de noailles;46,7917649;1,7191419
7530;202000008325;31;12;2020;14:05;1;35;35238;2;1;2;3;FOUGERES (RUE DE);48,1213600; -1,6636700
7531;202000008326;16;12;2020;08:15;1;33;33039;1;1;2;2;A631;44,8072800; -0,5318900
7532;202000008329;20;12;2020;03:30;3;33;33318;1;6;8;3;AVE DE NOES;44,8129400; -0,6352300
7533;202000008330;31;12;2020;10:15;1;32;32013;2;1;1;3;SADI-CARNOT (BOULEVARD);43,6451000;0,5876800
7534;202000008331;30;12;2020;17:15;2;31;31555;2;1;1;2;MINIMES (BD DES) DU 1AU 76;43,6156300;1,4415400
7535;202000008332;30;12;2020;15:25;1;31;31555;2;1;2;3;DIEBOLD (Place);43,5978200;1,4304500
7536;202000008333;31;12;2020;08:10;2;22;22360;2;1;1;6;RAULT (VICTOR);48,4890580; -2,7376127
7537;202000008334;31;12;2020;14:10;1;14;14566;2;1;1;7;JUIN (BOULEVARD MARECHAL);49,2008900; -0,3957900
7538;202000008335;31;12;2020;14:55;1;13;13213;2;3;2;3;SAINT PAUL (AVENUE);43,3286274;5,4044741
7539;202000008336;31;12;2020;00:55;5;13;13204;2;1;1;6;ALEX. FLEMING (BOULEVARD);43,3165400;5,3979700
7540;202000008337;30;12;2020;17:50;5;13;13212;2;1;1;6;DOCTEUR CAUVIN (RUE);43,2980000;5,4160000
7541;202000008338;30;12;2020;08:45;1;13;13206;2;1;1;6;JULES CANTINI (AVENUE);43,2828890;5,3892300
7542;202000008339;31;12;2020;11:20;1;13;13028;2;1;8;2;GASSION (AVENUE FERNAND );43,1814200;5,6052700
7543;202000008340;30;12;2020;20:45;5;11;11262;1;3;1;3;PECLET (RUE);43,1899000;3,0160500
7544;202000008341;31;12;2020;13:35;1;06;06123;2;1;1;3;CURIE PIERRE ET MARIE AVENUE;43,6942000;7,1848200
7545;202000008342;30;12;2020;12:15;1;01;01451;2;3;2;3;HERRIOT ( BOULEVARD EDOUARD COTE PAIR);46,2129000;5,2182000
7546;202000008343;31;12;2020;06:25;4;75;75118;2;1;2;6;ECHANGEUR CHAPELLE;48,9001390;2,3601820
7547;202000008344;31;12;2020;18:50;5;75;75120;2;1;1;3;RUE DES PYRENEES;48,8707240;2,3935410
7548;202000008345;31;12;2020;12:50;1;75;75113;2;3;1;3;RUE JENNER;48,8339760;2,3647410
7549;202000008346;31;12;2020;08:20;2;75;75111;2;1;2;3;RUE AMELOT;48,8579200;2,3686530
7550;202000008347;31;12;2020;13:30;1;75;75108;2;1;8;7;COURS ALBERT 1ER;48,8644570;2,3044480
7551;202000008348;31;12;2020;16:15;1;94;94081;2;1;2;6;PAUL VAILLANT COUTURIER (AV);48,7958300;2,3979900
7552;202000008349;31;12;2020;10:35;1;94;94081;2;1;2;5;CHOISY (R DE);48,7820600;2,4023600
7553;202000008350;30;12;2020;20:50;5;94;94081;2;1;2;1;ANATOLE FRANCE (AV);48,8037769;2,4045483
7554;202000008351;31;12;2020;19:00;5;93;93074;2;9;1;5;MEAUX RUE DE;48,9361128;2,5782623
7555;202000008352;31;12;2020;04:09;5;93;93006;2;3;2;3;GAL LECLERC AV. DU;48,8672068;2,4188679
7556;202000008353;30;12;2020;20:30;4;92;92036;2;1;2;3;GABRIEL PERI (AVENUE) (147/177);48,9211256;2,2950053
7557;202000008354;31;12;2020;17:15;2;67;67437;2;4;2;6;rue du 19 novembre;48,7416940;7,3585170
7558;202000008355;31;12;2020;19:00;3;56;56140;1;2;1;3;La Croix Blanche;47,9383870; -2,8274880
7559;202000008356;31;12;2020;14:34;1;22;22221;1;1;2;6;Lieu Dit Kermenou;48,7911960; -3,2705780
7560;202000008357;30;12;2020;17:15;4;27;27679;2;3;1;6;Place de Verdun;48,7387600;0,9267730
7561;202000008358;31;12;2020;20:15;5;973;97309;2;1;1;3;Rue des Zignias;4,9120490; -52,2848420
7562;202000008359;31;12;2020;17:15;2;45;45051;1;1;1;1;RD 952-35+1;47,8331080;2,3641630
7563;202000008360;31;12;2020;18:44;3;80;80646;1;1;1;4;A1;49,7943280;2,8048610
7564;202000008361;31;12;2020;12:15;1;13;13055;1;1;2;6;A507 sens Marseille - Aubagne;43,3385800;5,3764800
7565;202000008362;22;12;2020;11:45;1;42;42207;1;1;8;2;RN 88;45,4573800;4,4838600
7566;202000008363;31;12;2020;08:37;1;33;33487;1;1;3;4;AUTOROUTE A 10;44,9519720; -0,4605150
7567;202000008364;31;12;2020;18:00;5;94;94034;1;1;1;4;AUTOROUTE A86;48,7558158;2,3386478
7568;202000008365;31;12;2020;10:20;1;94;94043;1;1;2;6;AUTOROUTE A6B;48,8144000;2,3557000
7569;202000008366;31;12;2020;04:30;5;94;94037;1;1;2;6;AUTOROUTE A6B;48,8152800;2,3560300
7570;202000008367;31;12;2020;18:45;5;78;78090;1;1;1;4;A13;48,9701390;1,9093640
7571;202000008369;31;12;2020;03:10;5;92;92025;1;1;2;6;A86;48,9344000;2,2569000
7572;202000008370;31;12;2020;17:40;2;95;95678;1;1;1;4;RN 184;49,0626100;2,2127300
7573;202000008371;31;12;2020;16:15;1;95;95394;1;1;1;2; A115;49,0546200;2,2006100
7574;202000008372;31;12;2020;13:10;1;93;93005;1;1;1;6;AUTOROUTE A1;48,9641600;2,4736400
7575;202000008373;31;12;2020;10:40;1;93;93027;1;1;2;6;AUTOROUTE A86;48,9287100;2,4146900
7576;202000008374;31;12;2020;08:40;2;92;92078;1;1;8;6;AUTOROUTE A86;48,9298303;2,3273213
7577;202000008375;30;12;2020;20:15;3;95;95582;1;1;2;2; A15;48,9671800;2,2547300
7578;202000008376;30;12;2020;07:00;3;95;95212;1;1;1;2;A1;49,0295460;2,5383478
7579;202000008377;30;12;2020;05:30;3;95;95582;1;1;1;6; A115;48,9747055;2,2446227
7580;202000008378;30;12;2020;19:30;3;94;94052;1;1;2;2;A4;48,8265629;2,4667862
7581;202000008379;31;12;2020;05:00;3;988;98818;2;1;2;6;VE1; -22,2240200;166,4746300
7582;202000008380;30;12;2020;07:05;1;987;98735;2;2;1;3;PRINCE HINOI (AVENUE); -17,5348700; -149,5634700
7583;202000008381;18;6;2020;09:45;1;976;97611;2;1;1;-1;doujani-Mosquée doujani ( rue ); -12,7794000;45,2272000
7584;202000008382;27;6;2020;11:20;1;976;97611;2;1;1;3;tsoundzou-KOUALE ( rue de ); -12,7794000;45,2272000
7585;202000008384;14;11;2020;15:25;1;976;97611;2;1;3;1;convalescence/vetivers-Seize Villas ( ru; -12,7794000;45,2272000
7586;202000008385;2;9;2020;13:40;1;976;97611;2;1;1;3;mamoudzou centre-Adrian SOULI (avenue); -12,7794000;45,2272000
7587;202000008386;30;12;2020;10:43;1;974;97413;2;1;2;6;210 b Route Hubert Delisle; -21,1627620;55,3082660
7588;202000008387;30;12;2020;08:45;1;974;97411;2;1;1;6;SAINT-FRANCOIS (ROUTE DE); -20,9004800;55,4624500
7589;202000008388;30;12;2020;12:10;1;973;97302;2;1;1;2;PREVOT (ERNEST);4,9340900; -52,3330700
7590;202000008389;29;12;2020;20:10;5;69;69387;2;1;1;7;DOMER                               (R );45,7482941;4,8543608
7591;202000008390;30;12;2020;09:05;1;69;69388;2;1;3;2;ETATS UNIS (DES)                    (BD);45,7278752;4,8688961
7592;202000008391;30;12;2020;17:58;3;972;97213;1;1;1;2;MAHAULT;14,6189388; -61,0042906
7593;202000008393;30;12;2020;11:35;1;91;91027;2;1;1;6;AV FRANCOIS MITTERRAND;48,7018300;2,3718700
7594;202000008394;26;12;2020;20:40;5;89;89354;2;2;1;3;NAILLY(ROUTE);48,2168827;3,2616562
7595;202000008395;29;12;2020;16:55;1;86;86194;2;6;1;3;Rue de la Blaiserie;46,5942960;0,3227990
7596;202000008396;30;12;2020;07:10;5;78;78440;2;6;1;3;AMPERE (RUE);48,9966240;1,9132560