;Num_Acc;jour;mois;an;hrmn;lum;dep;com;agg;int;atm;col;adr;lat;long
7830;202000008667;23;11;2020;16:15;1;24;24309;1;1;1;1;Regulie;45,0650270;0,4700250
7831;202000008668;17;5;2020;10:15;1;54;54045;1;3;1;-1;RD1;48,5685920;6,3573930
7832;202000008670;17;5;2020;14:30;1;14;14654;1;2;1;5;D4;49,0044710;0,1052460
7833;202000008671;17;5;2020;14:30;1;50;50407;1;1;1;6;N175;48,6320930; -1,3401170
7834;202000008672;17;5;2020;16:30;1;90;90065;1;1;1;1;D465;47,8096200;6,8398640
7835;202000008673;16;5;2020;09:35;1;83;83149;1;1;1;2;RD560 PK65;43,5581903;6,2757192
7836;202000008674;17;5;2020;17:20;1;09;09247;1;1;1;7;D18b;42,9357840;1,3274470
7837;202000008675;17;5;2020;17:15;1;07;07330;1;1;1;-1;RD290;44,3788400;4,4359870
7838;202000008676;16;5;2020;18:20;1;21;21674;1;1;1;6;Rue Henri Jurien de la Gravieres;47,9404940;4,8061370
7839;202000008677;17;5;2020;00:50;3;85;85197;1;1;1;6;D7;46,9125500; -1,4739600
7840;202000008678;15;5;2020;22:50;5;27;27056;2;1;1;1;Route de Broglie;49,0846320;0,5854730
7841;202000008679;15;5;2020;17:35;1;28;28352;2;1;1;6;1 Chemin des Sables;48,6164860;1,6289460
7842;202000008680;16;5;2020;18:55;1;87;87103;2;9;1;6;77 Avenue de la Gare;46,0073170;1,1626250
7843;202000008681;16;5;2020;15:20;1;48;48140;2;3;1;7;57 Boulevard Guerin d'Apcher;44,8083290;3,2740170
7844;202000008682;16;5;2020;17:50;1;88;88283;1;1;1;6;Grand Rue;48,2201270;5,7515470
7845;202000008683;17;5;2020;17:00;1;42;42279;2;2;7;1;167 Route de Saint Marcellin;45,4983310;4,2274640
7846;202000008684;17;5;2020;14:40;1;73;73296;1;4;1;2;D902  PR38;45,5140746;6,9172987
7847;202000008685;16;5;2020;18:00;1;95;95604;2;6;1;1;D317;49,0985730;2,5312570
7848;202000008686;17;5;2020;12:30;1;976;97615;2;1;1;3;station total - RN 4; -12,7924730;45,2704420
7849;202000008687;16;5;2020;00:10;3;977;97701;2;1;1;1;route de saline;17,9004030; -62,8259500
7850;202000008688;17;5;2020;06:00;1;45;45335;1;1;1;7;D13 - PR13+50;47,7526732;2,1270849
7851;202000008689;17;5;2020;17:00;1;95;95157;1;1;1;5;Route des Cretes;49,0870681;1,6734500
7852;202000008690;17;5;2020;09:35;1;91;91599;1;1;1;6;D948;48,4814280;2,4719240
7853;202000008691;17;5;2020;11:30;1;05;05014;1;1;1;6;Roche coupée;44,2646071;5,7685646
7854;202000008692;17;5;2020;02:15;5;13;13076;2;2;2;2;Route d'Avignon;43,8074840;4,9954100
7855;202000008693;17;5;2020;12:00;1;13;13027;1;2;1;3;CD 34;43,8808510;4,8320960
7856;202000008694;16;5;2020;12:20;1;13;13041;2;3;1;3;D58;43,4330960;5,4665780
7857;202000008695;17;5;2020;10:10;1;67;67348;1;1;1;7;D709;48,4367000;7,4708860
7858;202000008696;17;5;2020;04:30;2;73;73187;1;1;5;7;Celliers Dessus (Informations);45,4697350;6,4036298
7859;202000008698;17;5;2020;13:35;1;07;07152;1;1;1;1;D219;45,0425310;4,8221340
7860;202000008699;15;5;2020;21:10;1;22;22389;1;1;1;7;le plebo;48,4525460; -2,6717380
7861;202000008700;17;5;2020;18:30;1;35;35019;1;3;1;3;lieu dit la barre;48,4316710; -1,5783140
7862;202000008701;16;5;2020;14:40;1;62;62125;1;1;1;1;Rue Principale;50,8047580;1,6827000
7863;202000008702;15;5;2020;02:10;3;13;13088;1;1;8;2;A55-Sens Marseille vers Martigues;43,3803020;5,2172290
7864;202000008703;15;5;2020;11:03;1;69;69275;1;1;1;2;RN 346 ;45,7583300;4,9854400
7865;202000008704;11;5;2020;14:20;1;57;57672;1;1;1;5;Autoroute A31;49,3485700;6,1584400
7866;202000008705;15;5;2020;22:59;3;91;91161;1;1;1;3;AUTOROUTE A6;48,7090900;2,3070600
7867;202000008706;16;5;2020;08:00;1;95;95277;1;1;1;6;RD 170 ;48,9777400;2,4588700
7868;202000008707;16;5;2020;09:10;1;93;93073;1;1;1;2;AUTOROUTE A104;48,9677100;2,5630800
7869;202000008708;16;5;2020;00:30;3;93;93066;1;1;1;5;AUTOROUTE A1;48,9216000;2,3573600
7870;202000008710;15;5;2020;14:10;1;988;98818;2;3;1;3;RUE AMPERE/RUE LOUIS PELATAN; -22,2310000;166,4496300
7871;202000008711;14;5;2020;16:45;1;974;97411;2;2;1;3;MARIE (RUE SAINTE); -20,8839100;55,4504200
7872;202000008713;15;5;2020;18:50;5;972;97209;1;1;1;3;PROFESSEUR RAYMOND GARCIN (RUE DU);14,6141000; -61,0781100
7873;202000008714;15;5;2020;20:30;1;69;69142;2;3;1;3;STEPHANE DECHANT                    (R );45,7259300;4,8142100
7874;202000008715;15;5;2020;16:13;1;69;69081;2;9;1;7;CHALIN (DE)                             ;45,7779962;4,7872836
7875;202000008716;12;5;2020;16:55;1;69;69382;2;2;1;6;PRESIDENT EDOUARD HERRIOT (DU)      (R );45,7601732;4,8340005
7876;202000008717;14;5;2020;13:25;1;69;69385;2;1;1;3;QUARANTAINE (DE LA)                 (R );45,7534000;4,8226000
7877;202000008719;15;5;2020;19:00;1;91;91589;2;2;1;3;LONGJUMEAU (AVENUE DE);48,6941000;2,3453900
7878;202000008721;15;5;2020;09:15;1;87;87085;2;1;1;4;Boulevard de la Borie;45,8441100;1,2404600
7879;202000008722;13;5;2020;18:25;1;80;80021;2;1;1;6;CESAR FRANCK (RUE);49,9111900;2,3098900
7880;202000008723;15;5;2020;21:10;1;78;78440;2;1;1;6;RÉPUBLIQUE (RUE DE LA);48,9865470;1,9215690
7881;202000008724;14;5;2020;17:20;1;78;78403;2;1;1;2;CHATEAUBRIAND (AVENUE);48,9943490;1,8690230
7882;202000008725;15;5;2020;12:35;1;77;77400;2;1;1;6;MELUN (RUE DE) - D15;48,7808890;3,0310680
7883;202000008726;14;5;2020;18:20;1;76;76322;2;3;1;3;PROVINCES. AVENUE DES;49,4114500;1,0529900
7884;202000008727;14;5;2020;15:00;1;76;76351;2;1;1;6;CHEMIN RURAL 47;49,5293000;0,0848300
7885;202000008728;13;5;2020;03:15;3;71;71040;1;1;1;-1;N70;46,7004054;4,4075349
7886;202000008729;15;5;2020;13:25;1;69;69266;2;1;1;3;EMILE ZOLA     (Cours);45,7678100;4,8887000
7887;202000008730;15;5;2020;10:50;1;69;69275;2;3;8;6;JEAN JAURES                         (AV);45,7692000;4,9460500
7888;202000008731;14;5;2020;19:31;2;69;69029;2;1;1;6;PAUL GAUGUIN                            ;45,7355836;4,9175771
7889;202000008732;15;5;2020;16:40;1;64;64024;2;9;1;7;BAYONNE (AVENUE DE);43,4821600; -1,5075000
7890;202000008733;15;5;2020;12:15;1;64;64024;2;6;1;7;MOULIN DE BRINDOS (ROND POINT DU);43,4743236; -1,5002705
7891;202000008734;5;5;2020;15:30;1;62;62498;2;9;1;7;COLOMB (R CHRISTOPHE);50,4418400;2,8039900
7892;202000008735;15;5;2020;18:00;1;62;62193;2;1;1;1;CHEVAL GRIS (RUE DU);50,9393250;1,8513040
7893;202000008736;14;5;2020;15:50;1;59;59271;1;2;1;3;CHAMP D'AVIATION CD 131;51,0217600;2,2736500
7894;202000008738;14;5;2020;17:40;1;56;56098;2;1;1;3;DJIBAOU (RUE  JEAN-MARIE );47,7782200; -3,3512500
7895;202000008739;15;5;2020;12:20;1;54;54578;2;1;1;2;FABERT (RUE);48,6781700;6,1620500
7896;202000008740;15;5;2020;12:00;1;54;54395;2;1;1;6;ARC ( RUE JEANNE D'N;48,6851120;6,1723120
7897;202000008741;15;5;2020;10:30;1;54;54257;1;1;1;3;RD570;48,6475000;6,1824000
7898;202000008742;14;5;2020;19:13;1;49;49007;2;1;1;7;GAULLE BOULEVARD CHARLES DE;47,4687400; -0,5590700
7899;202000008743;14;5;2020;10:02;1;49;49007;2;1;1;3;GUINEL;47,4427800; -0,5349700
7900;202000008744;15;5;2020;15:30;1;45;45298;1;6;1;2;Rue Gaston Deffié;47,8929700;1,8757600
7901;202000008745;15;5;2020;10:25;1;45;45068;2;3;1;2;Rue Roger Salengro - rue du solin;48,0142587;2,7172025
7902;202000008746;14;5;2020;15:40;1;45;45208;2;1;1;6;RUE VILLA RENEE DE FRANCE;48,0002000;2,7313000
7903;202000008748;15;5;2020;16:20;1;44;44109;2;2;1;3;Place de Pirmil;47,1977900; -1,5425300
7904;202000008749;14;5;2020;12:20;1;37;37122;2;1;1;7;AUVERGNE (RUE D');47,3593445;0,6732967
7905;202000008750;15;5;2020;13:10;1;35;35281;2;2;1;3;HAIE-DES-COGNETS (BOUL DE LA);48,0835000; -1,7307000
7906;202000008751;14;5;2020;12:30;1;35;35238;2;1;1;2;VILLEBOIS MAREUIL (BD);48,1061863; -1,6507516
7907;202000008753;14;5;2020;14:15;1;33;33529;2;1;1;6;Avenue de l'Aérodrome sur canal des Landes;44,6017000; -1,1176700
7908;202000008754;14;5;2020;16:27;1;31;31069;2;3;2;3;RUE HENRI MARTIN ;43,6436500;1,3808400
7909;202000008755;10;5;2020;22:00;5;31;31044;1;1;2;5;VA007553 A61;43,5956600;1,4934300
7910;202000008756;12;5;2020;16:20;1;28;28134;2;6;1;7;Jean Hieaux;48,7312000;1,3641000
7911;202000008757;26;2;2020;14:05;1;27;27554;2;1;2;4;ROUEN (AVENUE DE);49,1142799;1,4483299
7912;202000008758;15;5;2020;16:39;1;11;11069;2;1;1;4;RD 6113;43,2284500;2,3373200
7913;202000008759;26;2;2020;16:25;1;07;07281;2;1;1;6;MARCALE (RUE DE);44,9412930;4,8432220
7914;202000008760;15;5;2020;12:59;1;06;06069;2;1;1;1;ROUQUIER (BOULEVARD EMMANUEL);43,6337610;6,9393710
7915;202000008762;15;5;2020;19:30;1;75;75119;2;2;1;3;RUE DE LA MARSEILLAISE;48,8860290;2,3981270
7916;202000008763;15;5;2020;14:00;1;75;75119;2;1;1;6;AVENUE SECRETAN;48,8818380;2,3718520
7917;202000008764;15;5;2020;15:30;1;75;75118;2;4;1;3;BOULEVARD BARBES;48,8871800;2,3495690
7918;202000008765;15;5;2020;08:15;1;75;75116;2;4;1;3;AVENUE DE LA PORTE DE SAINT CLOUD;48,8385930;2,2522660
7919;202000008766;15;5;2020;19:10;1;75;75113;2;2;1;6;RUE REGNAULT;48,8244110;2,3764110
7920;202000008768;10;5;2020;21:35;4;75;75112;2;1;2;6;BOULEVARD PONIATOWSKI;48,8297230;2,3913250
7921;202000008770;14;5;2020;12:20;1;94;94068;2;2;1;6;VICTOR HUGO (AV);48,8033103;2,4846643
7922;202000008771;15;5;2020;12:20;1;94;94046;2;1;1;3;PROFESSEUR CADIOT (AV DU);48,8040000;2,4329000
7923;202000008772;15;5;2020;09:20;1;94;94046;2;1;1;3;PROFESSEUR CADIOT (AV DU);48,8049100;2,4322800
7924;202000008773;15;5;2020;07:32;1;94;94046;2;3;1;3;BUSTEAU (AV);48,8057445;2,4315319
7925;202000008774;15;5;2020;11:45;1;94;94037;2;9;1;3;CHARLES FREROT (R);48,8156430;2,3513920
7926;202000008775;15;5;2020;01:05;5;94;94043;2;6;1;3;GABRIEL PERI (R);48,8104070;2,3498710
7927;202000008776;14;5;2020;15:05;1;94;94033;2;3;1;2;DALAYRAC (R);48,8486900;2,4654300
7928;202000008777;15;5;2020;21:05;2;94;94053;2;1;1;2;GRANDE RUE PIERRE MENDES-FRANCE (R);48,7677200;2,5416400
7929;202000008778;15;5;2020;15:05;1;94;94018;2;1;1;2;LIBERTE (AV DE LA);48,8222000;2,4027000
7930;202000008779;15;5;2020;19:15;2;94;94017;2;1;1;2;ROGER SALENGRO (AV);48,8167100;2,5008900
7931;202000008780;15;5;2020;15:15;1;94;94075;2;2;1;3;JEAN CAVAILLES (R);48,7254800;2,5272600
7932;202000008782;14;5;2020;21:30;5;93;93048;2;2;1;3;R RAPATEL / R GASTON LAURIAU;48,8579000;2,4476000
7933;202000008783;15;5;2020;16:15;1;93;93046;2;6;1;5;BD DE L'EUROPE / AV LUCIE AUBRAC;48,9272210;2,5506469
7934;202000008784;14;5;2020;16:26;1;92;92078;2;9;1;6;DUPONT DU CHAMBON (RUE);48,9362462;2,3317704
7935;202000008785;14;5;2020;16:20;1;92;92075;2;1;1;2;JULLIEN (RUE);48,8267382;2,2843529
7936;202000008789;14;5;2020;20:00;5;92;92004;2;1;1;-1;ARGENTEUIL AV D';48,9107573;2,2856780
7937;202000008790;16;5;2020;14:20;1;24;24436;1;1;1;6;La Croix de Chaulant;45,0389490;0,2330200
7938;202000008791;16;5;2020;14:50;1;38;38107;1;2;1;1;Chemin des Littes;45,4621210;4,8027310
7939;202000008792;16;5;2020;15:55;1;41;41194;2;6;1;3;142 Avenue de Villefranche;47,3421450;1,7492080
7940;202000008793;13;5;2020;14:33;1;33;33170;1;1;1;1;RD9;44,5628800; -0,0361200
7941;202000008794;16;5;2020;14:50;1;18;18256;1;1;1;7;D152;47,4126400;2,7655510
7942;202000008795;13;5;2020;17:40;1;68;68227;1;1;2;1;D4;48,1056190;7,4565950
7943;202000008796;16;5;2020;15:30;1;60;60395;2;1;1;3;Boulevard de Picardie;49,2453913;2,1299684
7944;202000008798;16;5;2020;14:25;1;85;85082;1;1;1;3;Le Puy du Fou;46,8886300; -0,9349800
7945;202000008799;16;5;2020;11:40;1;30;30209;1;5;1;1;départementale 377;43,9769300;4,7413520
7946;202000008800;15;5;2020;18:10;1;56;56131;2;3;1;3;Kerhoat;48,0096415; -3,4359950
7947;202000008801;15;5;2020;16:45;1;31;31150;2;1;1;3;7 Chemin de Terrefort;43,6524840;1,3375750
7948;202000008802;16;5;2020;11:40;1;2B;2B152;1;1;1;7;D532;42,9018705;9,3995373
7949;202000008804;16;5;2020;15:35;1;47;47179;2;7;1;1;D 276, PLACE DE LA MAIRIE;44,4912780;0,9391350
7950;202000008805;15;5;2020;21:10;3;34;34018;1;1;2;7;D909;43,4970170;3,1877520
7951;202000008806;15;5;2020;15:35;1;68;68135;2;1;1;3;Rue de Saint-louis;47,5780380;7,5355430
7952;202000008807;16;5;2020;15:45;1;35;35291;1;2;1;3;Lieu Dit Colombel;48,5911618; -1,6337816
7953;202000008808;16;5;2020;12:05;1;35;35112;1;3;1;3;La Guiberdiere;48,3516860; -1,1257550
7954;202000008809;16;5;2020;17:55;1;02;02520;1;1;1;7;D14;49,2913500;3,5843110
7955;202000008810;16;5;2020;17:00;1;02;02306;2;1;1;6;7 Rue du Petit Marais;49,7386780;3,5588350
7956;202000008811;16;5;2020;12:00;1;15;15088;1;3;1;7;Le Puech des Ouilhes;44,9239898;2,2740488
7957;202000008813;16;5;2020;14:00;1;58;58058;1;1;1;6;Croisy;47,4008910;3,3462440
7958;202000008814;16;5;2020;14:10;1;14;14031;1;2;1;3;Route du Mont Piste;49,0654280;0,0710680
7959;202000008815;15;5;2020;17:35;1;14;14342;2;2;7;3;PLACE DE GAULLE;49,3180600; -1,1014500
7960;202000008816;16;5;2020;04:30;2;50;50400;2;1;1;6;20 Rue d'Utah-beach;49,3789540; -1,4144470
7961;202000008817;15;5;2020;16:45;1;50;50042;1;1;1;7;Polder le Pas aux Boeufs;48,5826550; -1,5372920
7962;202000008818;16;5;2020;11:25;1;43;43039;1;1;1;6;Départementale 49;44,8907189;3,8626045
7963;202000008819;16;5;2020;18:15;1;16;16295;2;1;1;6;11 Route de Mansle;45,8027770;0,1386170
7964;202000008820;16;5;2020;03:30;1;85;85008;1;1;1;6;Le Finiou;46,6329800; -1,5194500
7965;202000008821;15;5;2020;17:05;1;85;85193;2;1;1;1;Rue du Perrot;46,5397650; -1,3024380
7966;202000008822;15;5;2020;16:25;1;27;27105;1;1;1;2;Rue d'Elbeuf;49,2978931;0,8937338
7967;202000008823;15;5;2020;08:00;1;87;87168;1;1;1;7;Chambouraud;45,6937410;0,7453270
7968;202000008824;6;5;2020;08:10;1;37;37021;1;1;1;-1;469 Les Poupinieres;47,5679352;0,6411890
7969;202000008825;16;5;2020;15:30;1;48;48166;1;1;1;6;D983;44,2845790;3,5972820
7970;202000008826;15;5;2020;16:10;1;67;67084;1;1;1;2;A35;48,3113720;7,4777840
7971;202000008827;17;5;2020;00:20;3;988;98802;1;1;1;1;Route de Thio; -21,8402000;166,0538000
7972;202000008829;16;5;2020;05:45;2;28;28247;1;1;5;6;RD 302.5;48,8799570;1,5277860
7973;202000008830;14;5;2020;22:40;5;11;11076;2;1;2;6;Avenue Arnaut Vidal;43,3123424;1,9458675
7974;202000008831;16;5;2020;03:00;3;34;34057;1;1;1;7;D65e1;43,6316800;3,9352940
7975;202000008832;15;5;2020;23:00;5;83;83023;2;1;1;7;Avenue frédéric mistral;43,4004630;6,0579790
7976;202000008833;16;5;2020;19:45;1;39;39364;1;1;1;6;;46,7924210;5,8270400
7977;202000008835;2;5;2020;14:30;1;67;67046;2;7;1;7;21 Rue de Hanhoffen;48,7602455;7,8589686
7978;202000008836;15;5;2020;19:10;1;01;01202;1;3;1;3;D40;45,8884400;5,3287980
7979;202000008837;16;5;2020;11:00;1;69;69163;2;1;1;1;Impasse du Grand Veissieux;45,9216990;4,7564040
7980;202000008838;15;5;2020;23:25;3;79;79049;1;6;1;3;;46,8332020; -0,4362770
7981;202000008839;16;5;2020;14:30;1;33;33177;2;6;1;3;Route de Lesparre;45,3217700; -0,9572500
7982;202000008841;16;5;2020;16:00;1;02;02378;1;1;1;3;D963;49,8951010;4,0458710
7983;202000008843;15;5;2020;20:05;1;57;57474;1;1;1;6;Autoroute A31;49,2647023;6,1768549
7984;202000008844;14;5;2020;17:00;1;93;93010;1;1;1;2;AUTOROUTE A3;48,8906900;2,4732200
7985;202000008845;14;5;2020;10:20;1;95;95572;1;1;1;2;RN 184;49,0363400;2,1196900
7986;202000008846;14;5;2020;08:50;1;93;93053;1;1;1;2;AUTOROUTE A3;48,8841800;2,4617900
7987;202000008847;3;1;2020;08:45;1;75;75109;2;5;2;2;BOULEVARD MONTMARTRE;48,8719710;2,3400450
7988;202000008848;15;5;2020;09:16;1;988;98818;2;3;2;6;RUE DE L'YSER/RUE AUGUSTE BENEBIG; -22,2709400;166,4525800
7989;202000008849;13;5;2020;09:20;1;988;98818;2;2;1;3;RUE JACQUES IEKAWE/RUE ARMAND OHLEN; -22,2487300;166,4637300
7990;202000008850;14;5;2020;14:30;1;976;97611;2;1;1;3;kaweni-Massakini (rue); -12,7639000;45,2256100
7991;202000008852;13;5;2020;17:25;1;974;97407;2;1;1;6;MONDON (AVENUE); -20,9335400;55,3085900
7992;202000008853;4;5;2020;13:10;1;69;69388;2;1;1;6;ETATS UNIS (DES)                    (BD);45,7322300;4,8654700
7993;202000008854;14;5;2020;09:11;1;69;69386;2;2;1;6;FRANKLIN ROOSEVELT                  (CO);45,7685372;4,8439361
7994;202000008855;13;5;2020;17:18;1;972;97209;2;1;1;3;RD 41 (ROCADE);14,6142100; -61,0527000
7995;202000008857;13;5;2020;19:05;1;2B;2B037;1;1;1;1;TOUTES RUES;42,6274000;9,4236000
7996;202000008858;12;5;2020;22:58;5;971;97101;1;1;1;6;BAIMBRIDGE;16,2428000; -61,5226000
7997;202000008859;14;5;2020;04:50;5;91;91521;2;9;1;3;REMY (RUE ALBERT);48,6574700;2,4064900
7998;202000008860;29;2;2020;13:15;1;54;54304;2;2;6;3;SAPINIERE (RUE DE LA);48,6932833;6,1281073
7999;202000008861;26;2;2020;20:20;5;54;54395;2;2;3;1;BOUFFLERS (AVENUE) DE 2 AU 72);48,6902885;6,1566299
8000;202000008862;26;2;2020;16:50;1;54;54395;2;2;1;7;VICTOR HUGO (RUE ET RUELLE);48,6922080;6,1683530
8001;202000008863;26;2;2020;13:20;1;54;54395;2;2;1;1;LIBERATION (AVENUE DE LA);48,6923330;6,1680030
8002;202000008864;3;1;2020;17:45;5;54;54099;2;6;2;6;ALBERT 1ER (AVENUE);49,2540430;5,9466880
8003;202000008865;29;2;2020;15:50;1;51;51055;2;1;1;3;Boulevard des Tondeurs;49,2846968;4,0347502
8004;202000008866;28;2;2020;16:40;1;51;51454;2;1;2;5;Avenue Georges Pompidou;49,2199488;4,0333198
8005;202000008867;27;2;2020;19:01;5;51;51454;2;3;1;3;Rue Gosset;49,2660107;4,0405452
8006;202000008868;27;2;2020;16:10;1;50;50218;2;1;1;6;MATIGNON (AV DES);48,8381400; -1,5714700
8007;202000008869;27;2;2020;18:35;1;50;50129;2;1;1;2;PARIS (AVENUE DE);49,6276690; -1,6179300
8008;202000008870;22;2;2020;16:10;1;50;50173;1;3;1;2;SALINE (BOULEVARD DE LA);49,6489200; -1,6442300
8009;202000008871;26;2;2020;15:47;1;49;49007;2;1;1;6;ARNAULD ( HENRI) BOULEVARD;47,4730200; -0,5623200
8010;202000008872;25;2;2020;09:21;1;49;49007;2;1;1;2;JEANNE D'ARC SQUARE;47,4673500; -0,5359200
8011;202000008873;24;2;2020;16:05;1;48;48095;2;1;7;6;CAPUCINS (BOULEVARD DES);44,5196770;3,4970840
8012;202000008874;24;2;2020;16:15;1;47;47323;2;7;1;3;LEYGUES (BLVD GEORGES);44,4082200;0,7072100
8013;202000008875;28;2;2020;20:35;5;45;45234;2;1;2;4;Quai du Chatelet;47,8980700;1,9125500
8014;202000008877;25;2;2020;17:50;1;45;45147;1;1;8;3;D2060-PR97+650;47,9412200;1,9095900
8015;202000008878;1;3;2020;21:00;5;44;44215;1;1;2;2;PERIPHERIQUE;47,1865500; -1,4956600
8016;202000008879;1;3;2020;02:30;5;44;44109;2;1;2;6;Quai Président Wilson;47,1997000; -1,5648000
8017;202000008880;28;2;2020;23:30;3;44;44114;1;1;1;6;PERIPHERIQUE ROUTIER;47,2610500; -1,6144800
8018;202000008881;28;2;2020;01:15;3;44;44109;1;1;1;6;Chemin du Pont de l'Arche de Mauves;47,2158237; -1,5313210
8019;202000008882;25;2;2020;21:38;5;44;44109;2;1;2;6;Rue du Calvaire;47,2151500; -1,5629000
8020;202000008883;23;2;2020;17:09;1;42;42207;2;3;1;3;Rue du Repos;45,4634600;4,5008700
8021;202000008884;22;2;2020;20:14;5;42;42218;2;1;1;3;Boulevard Fredo Krumnow;45,4405150;4,3788010
8022;202000008885;29;2;2020;20:15;5;38;38185;2;1;2;3;Boulevard Joseph Vallier;45,1800700;5,7118200
8023;202000008886;1;3;2020;17:36;1;37;37261;2;2;1;6;DE GAULLE (AVENUE DU GENERAL);47,3814206;0,7029366
8024;202000008888;28;2;2020;19:00;5;37;37261;2;7;2;-1;RABELAIS (PLACE);47,3844262;0,6763303
8025;202000008889;28;2;2020;14:00;1;37;37261;2;1;8;6;GIRAUDEAU (RUE);47,3877972;0,6764634
8026;202000008890;25;2;2020;17:40;1;35;35238;2;3;3;6;GRIMAULT (BD LEON);48,0913100; -1,6548700
8027;202000008891;25;2;2020;08:35;1;35;35238;2;6;1;3;STATION DE METRO POTERIE (AUX ABORDS);48,0876600; -1,6450200
8028;202000008892;1;3;2020;02:05;5;34;34172;2;1;2;6;LOGE (RUE DE LA);43,6099900;3,8774000
8029;202000008894;28;2;2020;19:00;5;34;34172;2;1;8;2;BONNES NOUVELLES (BOULEVARD DE);43,6124400;3,8809500
8030;202000008895;28;2;2020;13:20;1;34;34172;2;3;1;7;FLAHAULT (AVENUE CHARLES;43,6213500;3,8644500
8031;202000008896;22;2;2020;18:20;2;34;34172;2;1;1;3;KRAFFT (RUE MAURICE ET KATIA);43,6385443;3,8500321
8032;202000008897;27;2;2020;20:05;5;34;34172;2;1;1;6;BUGAREL (RUE DE;43,5918100;3,8502300
8033;202000008898;27;2;2020;08:05;1;34;34172;2;2;2;2;MORSE (RUE SAMUEL);43,6065700;3,9133700
8034;202000008899;26;2;2020;11:20;1;34;34172;2;1;1;3;CLEMENCEAU (AVENUE GEORGES);43,6024000;3,8702300
8035;202000008900;25;2;2020;10:45;1;34;34172;2;1;1;6;COMMINGES (RUE JEAN-RAIMOND DE);43,5941346;3,8677198
8036;202000008901;25;2;2020;09:00;1;34;34172;2;1;1;2;SOULAS (AVENUE DU PERE;43,6256639;3,8498197
8037;202000008902;25;2;2020;04:06;3;34;34129;2;1;1;6;PALAVAS D986 (ROUTE DE);43,5747900;3,8968400
8038;202000008903;8;2;2020;18:35;5;33;33063;2;3;1;6;QUAI DES CHARTRONS / CRS DE LA MARTINIQUE;44,8521600; -0,5681900
8039;202000008904;26;2;2020;15:30;1;33;33063;2;8;1;6;PCE DE LA VICTOIRE / CRS DE L'ARGONNE;44,8303300; -0,5728500
8040;202000008905;25;2;2020;19:30;5;33;33281;2;2;2;3;AVE DE SAINT-MEDARD / RUE PIERRE DE COUBERTIN;44,8622000; -0,6451200
8041;202000008906;14;2;2020;13:15;1;33;33063;2;3;1;1;RUE GEORGES BARRES / RUE RENE MAGNE;44,8885200; -0,5468000
8042;202000008907;25;2;2020;13:40;1;33;33063;2;4;1;6;PCE DE LA VICTOIRE / CRS DE LA SOMME;44,8305500; -0,5723700
8043;202000008908;24;2;2020;16:35;1;33;33069;2;1;1;4;BD GODARD;44,8640300; -0,5807500
8044;202000008909;14;2;2020;16:30;1;33;33063;2;2;1;1;RUE CLARE / RUE DU HAMEL;44,8316000; -0,5673100
8045;202000008910;24;2;2020;18:00;2;33;33063;2;3;1;2;CRS CHARLES BRICAUD / AVE DE LA JALLERE;44,8949100; -0,5657000
8046;202000008911;1;3;2020;16:50;1;33;33529;1;1;1;3;RD1250 - perte de controle de A1 suite casse de la fixation de son siège auto;44,6170800; -1,1594100
8047;202000008912;29;2;2020;08:40;1;33;33529;2;1;2;6;DE GAULLE ( AVE CHARLES) 01 AU 85;44,6360300; -1,1323400
8048;202000008913;28;2;2020;13:30;1;33;33009;2;1;1;3;59 Bd de la Plage - VTA sort de sa résidence;44,6601400; -1,1539500
8049;202000008914;24;2;2020;18:15;1;33;33529;2;6;1;3;GRAILLY (RUE JEAN DE) DU 02 ET +;44,6267400; -1,1416400
8050;202000008915;27;2;2020;09:00;1;32;32013;2;2;2;3;SADI-CARNOT (BOULEVARD);43,6437000;0,5869000
8051;202000008916;28;2;2020;12:25;1;31;31555;2;4;1;3;PONT DES DEMOISELLES;43,5877200;1,4601900
8052;202000008917;28;2;2020;02:15;5;31;31555;2;1;1;1;117 Chemin des Etroits;43,5573000;1,4413100
8053;202000008918;26;2;2020;18:35;5;31;31555;2;3;2;3;CHE DE LESTANG;43,5617400;1,3949300
8054;202000008919;29;2;2020;01:15;5;30;30007;2;1;1;6;SEMARD (PLACE PIERRE);44,1277000;4,0849000
8055;202000008920;24;2;2020;09:30;1;29;29232;2;1;2;6;Venelle de la Glaciere;47,9971650; -4,1074213
8056;202000008921;27;2;2020;21:30;5;29;29019;2;3;1;1;64 Rue Saint-Marc;48,3970043; -4,4705272
8057;202000008922;6;2;2020;08:25;1;27;27681;2;2;5;3;Av Montgomery / Av des Capucins;49,0887000;1,4670000
8058;202000008923;29;2;2020;00:55;5;27;27229;2;1;1;6;FOCH (AVENUE DU MARECHAL);49,0234400;1,1357500
8059;202000008924;27;2;2020;13:45;1;22;22278;2;1;1;1;WALDECK-ROUSSEAU (BD ET PT);48,5079900; -2,7586700
8060;202000008926;21;2;2020;22:15;5;21;21617;2;2;1;3;TROYES (DE) (BOULEVARD);47,3402040;5,0054080
8061;202000008927;1;3;2020;01:40;5;17;17300;2;6;2;7;NORMANDIN   RUE EMILE;46,1520700; -1,1480700
8062;202000008928;25;2;2020;09:30;1;17;17300;2;6;2;7;GASTON PERRIER  ROND POINT;46,1388170; -1,1541010
8063;202000008929;17;2;2020;22:40;3;15;15012;1;1;8;6;RD 920;44,8694900;2,4449300