;Num_Acc;jour;mois;an;hrmn;lum;dep;com;agg;int;atm;col;adr;lat;long
8064;202000008930;21;2;2020;10:20;1;14;14366;2;6;1;6;PARIS (ROUTE DE);49,1490800;0,2527390
8065;202000008931;27;2;2020;16:55;1;14;14536;2;1;1;6;BOURG (RUE DU);49,4076427;0,2683454
8066;202000008932;28;2;2020;16:30;1;14;14118;2;1;8;6;CAFFARELLI (COURS);49,1802500; -0,3377000
8067;202000008933;26;2;2020;00:30;5;14;14242;2;1;1;6;Route de Caen;49,2226600; -0,3683300
8068;202000008934;25;2;2020;13:15;1;13;13054;2;3;1;3;MARECHAL JUIN (AV DU );43,4213320;5,2290400
8069;202000008935;24;1;2020;23:50;3;13;13117;1;1;8;7;D55F;43,4685700;5,2340200
8070;202000008936;26;2;2020;19:45;3;30;30032;1;9;1;3;FOURQUES ROUTE DE;43,7996700;4,6315800
8071;202000008937;27;2;2020;11:05;1;13;13056;2;7;2;6;CACHIN BOULEVARD MARCEL;43,3995200;5,0561400
8072;202000008938;28;2;2020;23:05;5;13;13202;2;1;1;3;ARENC (QUAI D');43,3132100;5,3662800
8073;202000008939;28;2;2020;23:15;5;13;13208;2;2;1;7;RABATAU (BOULEVARD);43,2754430;5,3959560
8074;202000008940;28;2;2020;20:15;5;13;13208;2;1;1;7;MAZARGUES (AVENUE DE);43,2602780;5,3938610
8075;202000008941;28;2;2020;19:20;5;13;13207;2;1;1;6;SAINTE (RUE);43,2913800;5,3698000
8076;202000008942;28;2;2020;15:30;1;13;13210;1;1;1;1;PIERRE DOIZE  (RUE);43,2709328;5,4249287
8077;202000008943;28;2;2020;11:19;1;13;13208;2;1;1;6;PRADO (AVENUE DU);43,2789000;5,3875600
8078;202000008946;27;2;2020;20:05;5;13;13211;2;1;1;3;SAINT MENET (AVENUE DE);43,2898700;5,4945200
8079;202000008947;27;2;2020;19:50;5;13;13208;2;1;1;3;RABATAU (BOULEVARD);43,2763950;5,3974530
8080;202000008948;27;2;2020;15:15;1;13;13210;2;1;2;1;MIREILLE LAUZE (BOULEVARD);43,2844870;5,4203730
8081;202000008949;26;2;2020;18:15;5;13;13212;2;1;1;3;CHARLES KADDOUZ (RUE);43,3135900;5,4317500
8082;202000008950;25;2;2020;15:45;1;13;13206;2;1;1;6;ITALIE (RUE D');43,2904100;5,3818300
8083;202000008951;27;2;2020;16:30;1;13;13047;1;9;1;3;TRANSHUMANCE ROND POINT DE LA;43,5277900;4,9612100
8084;202000008953;27;2;2020;11:35;1;11;11262;2;1;1;2;POMPIDOR (AVENUE);43,1822300;2,9790500
8085;202000008954;24;2;2020;12:20;1;11;11262;1;1;1;2;RD 6009 NARBONNE - PERPIGNAN;43,1801420;2,9674780
8086;202000008956;29;2;2020;04:00;5;11;11069;2;1;1;1;JOLIOT CURIE -BD IRENE FREDERIC- PAIRS;43,2161600;2,3633400
8087;202000008957;21;2;2020;19:35;5;11;11069;2;1;1;1;REILLE -CHEMIN DE LA- PAIRS;43,2276603;2,3447442
8088;202000008958;26;2;2020;14:30;1;10;10387;2;1;1;1;JACQUIN (RUE);48,3043300;4,0825200
8089;202000008959;25;2;2020;15:14;1;10;10387;2;1;1;2;MARECHAL DE LATTRE DE TASSIGNY (RUE DU);48,3025000;4,1016000
8090;202000008960;1;3;2020;19:40;5;06;06088;2;1;1;6;GAMBETTA (A PARTIR DU N° 63-74);43,7031200;7,2561500
8091;202000008961;28;2;2020;18:00;5;06;06088;2;1;1;3;LEPANTE (R. DE);43,7054000;7,2691000
8092;202000008964;1;3;2020;19:17;5;06;06027;2;1;1;6;PASQUALINI RUE J.P.;43,6607000;7,1488000
8093;202000008966;24;2;2020;17:50;1;05;05061;2;1;1;2;LUYE ( ROUTE DE LA );44,5338800;6,0617100
8094;202000008967;25;2;2020;14:20;1;05;05023;2;3;1;3;DAUPHINE (AVENUE DU);44,9034400;6,6301400
8095;202000008968;14;2;2020;16:10;1;04;04070;1;1;1;3;RN 85;44,0486800;6,2037400
8096;202000008969;29;2;2020;19:06;5;03;03185;2;1;2;2;Rue Pierre Semard;46,3318849;2,6019763
8097;202000008970;3;3;2020;10:00;1;75;75120;2;1;1;2;BOULEVARD PERIPHERIQUE EXTERIEUR NORD  ;48,8765340;2,4096450
8098;202000008971;29;2;2020;13:00;1;75;75112;2;1;2;2;PORTE DOREE;48,8271410;2,3910300
8099;202000008972;28;2;2020;16:40;1;75;75112;2;4;2;4;ECHANGEUR BERCY;48,8266880;2,3918250
8100;202000008973;28;2;2020;12:50;1;75;75116;2;4;1;2;BOULEVARD PERIPHERIQUE;48,8776210;2,2802940
8101;202000008974;28;2;2020;09:20;1;75;75116;2;1;1;4;BOULEVARD PERIPHERIQUE;48,8619340;2,2646000
8102;202000008975;28;2;2020;08:00;1;75;75113;2;1;1;3;PORTE D ITALIE;48,8183970;2,3693470
8103;202000008976;28;2;2020;08:10;1;75;75119;2;1;1;4;BOULEVARD PERIPHERIQUE;48,8790320;2,4081160
8104;202000008977;27;2;2020;21:10;5;75;75116;2;1;1;4;ECHANGEUR MUETTE;48,8620140;2,2643930
8105;202000008978;27;2;2020;20:40;5;75;75116;2;1;1;6;PORTE DE PASSY,;48,8572460;2,2584890
8106;202000008979;26;2;2020;08:00;1;75;75119;2;1;2;4;PORTE DE PANTIN;48,8953850;2,3948020
8107;202000008981;25;2;2020;18:20;2;75;75116;2;1;2;4;PORTE MAILLOT;48,8763230;2,2785250
8108;202000008982;25;2;2020;09:20;1;75;75117;2;1;1;4;PORTE D ASNIERES;48,8945610;2,3054090
8109;202000008983;24;2;2020;23:25;5;75;75117;2;1;1;2;PORTE D ASNIERES;48,8931720;2,3035210
8110;202000008984;23;2;2020;20:15;5;75;75118;2;1;2;2;PORTE DE CLIGNANCOURT;48,9011040;2,3466460
8111;202000008985;29;2;2020;19:13;5;75;75104;2;2;2;6;QUAI DE L HOTEL DE VILLE;48,8533190;2,3578130
8112;202000008986;27;2;2020;13:35;1;75;75107;2;1;6;6;QUAI BRANLY;48,8614590;2,2973130
8113;202000008988;28;2;2020;17:15;1;75;75106;2;3;1;6;RUE DE RENNES;48,8456570;2,3256100
8114;202000008989;28;2;2020;07:30;1;75;75106;2;1;1;3;QUAI MALAQUAIS;48,8580190;2,3343240
8115;202000008990;26;2;2020;18:00;2;75;75106;2;2;1;-1;RUE DE VAUGIRARD;48,8473470;2,3279360
8116;202000008991;3;3;2020;09:30;1;75;75120;2;3;1;1;RUE D AVRON;48,8529450;2,4074730
8117;202000008992;2;3;2020;19:00;5;75;75120;2;1;8;6;RUE DE MENILMONTANT;48,8677330;2,3858280
8118;202000008993;2;3;2020;09:00;1;75;75120;2;4;2;6;AVENUE DU PROFESSEUR ANDRE LEMIERE;48,8587210;2,4147120
8119;202000008994;28;2;2020;10:25;1;75;75120;2;2;8;3;AVENUE DE LA PORTE DE BAGNOLET;48,8647810;2,4101100
8120;202000008995;27;2;2020;18:15;1;75;75120;2;1;1;6;RUE DES PYRENEES;48,8532740;2,4059720
8121;202000008997;25;2;2020;07:20;5;75;75120;2;1;2;-1;RUE DE BELLEVILLE;48,8767110;2,4049630
8122;202000008998;3;3;2020;17:30;1;75;75119;2;3;1;3;QUAI DE LA SEINE;48,8888239;2,3788924
8123;202000008999;28;2;2020;08:00;1;75;75119;2;1;1;3;BOULEVARD SERURIER;48,8786370;2,4022230
8124;202000009000;27;2;2020;19:14;5;75;75119;2;3;8;3;RUE DE TANGER;48,8848630;2,3674060
8125;202000009001;26;2;2020;16:55;1;75;75119;2;2;7;3;BOULEVARD SERURIER;48,8772500;2,4067980
8126;202000009002;25;2;2020;19:50;5;75;75119;2;2;2;6;RUE ARCHEREAU;48,8921520;2,3750970
8127;202000009003;25;2;2020;13:00;1;75;75119;2;1;2;6;AVENUE DE FLANDRE;48,8866180;2,3719940
8128;202000009004;3;3;2020;19:20;5;75;75118;2;1;8;6;RUE MARX DORMOY;48,8854390;2,3593640
8129;202000009006;29;2;2020;12:30;1;75;75118;2;1;8;3;RUE CHAMPIONNET;48,8933760;2,3290310
8130;202000009007;27;2;2020;17:45;2;75;75118;2;2;1;-1;BOULEVARD BARBES;48,8838510;2,3494600
8131;202000009009;29;2;2020;22:00;5;75;75117;2;1;1;3;RUE TOULOUSE LAUTREC;48,9009370;2,3277040
8132;202000009011;27;2;2020;18:30;4;75;75117;2;1;2;6;BOULEVARD BERTHIER;48,8939390;2,3128400
8133;202000009012;27;2;2020;16:00;1;75;75116;2;1;6;6;RUE DE PASSY;48,8581580;2,2750690
8134;202000009013;27;2;2020;12:45;1;75;75108;2;3;2;2;AVENUE DES CHAMPS ELYSEES;48,8682400;2,3123640
8135;202000009014;27;2;2020;00:50;5;75;75108;2;3;1;2;AVENUE GEORGE V;48,8719410;2,3008570
8136;202000009015;26;2;2020;18:45;5;75;75117;2;1;1;6;RUE DES BATIGNOLLES;48,8862420;2,3187730
8137;202000009016;25;2;2020;01:02;5;75;75117;2;2;2;6;BOULEVARD BERTHIER;48,8901340;2,3038130
8138;202000009017;2;3;2020;22:45;5;75;75116;2;2;1;3;AVENUE DE L HIPPODROME;48,8622790;2,2383210
8139;202000009018;2;3;2020;14:39;1;75;75116;2;2;1;3;RUE DE LA POMPE;48,8595470;2,2752010
8140;202000009019;28;2;2020;15:00;1;75;75116;2;1;2;6;RUE BOISSIERE;48,8690620;2,2862880
8141;202000009020;26;2;2020;20:30;5;75;75116;2;4;1;3;RUE POUSSIN;48,8485650;2,2620810
8142;202000009021;28;2;2020;09:45;1;75;75116;2;7;1;6;BOULEVARD FLANDRIN;48,8641920;2,2724050
8143;202000009022;27;2;2020;11:00;1;75;75116;2;2;2;6;RUE DE LUBECK;48,8639279;2,2905126
8144;202000009023;25;2;2020;10:05;1;75;75108;2;5;1;3;RUE DE COURCELLES;48,8763830;2,3078660
8145;202000009024;3;3;2020;19:30;3;75;75115;2;2;1;2;RUE BRANCION;48,8347210;2,3051890
8146;202000009025;29;2;2020;21:25;5;75;75115;2;2;1;3;BOULEVARD DU MONTPARNASSE;48,8450790;2,3201240
8147;202000009026;29;2;2020;21:30;4;75;75115;2;1;1;6;RUE DE VAUGIRARD;48,8367890;2,2956080
8148;202000009027;27;2;2020;09:45;1;75;75115;2;1;2;3;RUE DESNOUETTES;48,8358800;2,2873630
8149;202000009028;27;2;2020;07:10;2;75;75115;2;2;3;6;RUE DE LOURMEL;48,8421590;2,2855800
8150;202000009029;25;2;2020;20:45;5;75;75115;2;2;1;5;RUE DE LA CONVENTION;48,8421600;2,2855810
8151;202000009030;25;2;2020;19:55;5;75;75115;2;2;2;6;RUE CAMBRONNE;48,8426190;2,3027080
8152;202000009031;24;2;2020;08:45;1;75;75115;2;5;1;6;RUE GASTON BOISSIER;48,8297230;2,2956970
8153;202000009032;2;3;2020;17:40;1;75;75114;2;3;1;4;AVENUE DAVID WEILL;48,8213288;2,3338018
8154;202000009033;2;3;2020;09:45;1;75;75114;2;2;2;6;Avenue Reille;48,8244759;2,3383337
8155;202000009034;29;2;2020;12:32;1;75;75114;2;7;8;5;PLACE SAINT JACQUES;48,8335700;2,3363240
8156;202000009035;28;2;2020;11:05;1;75;75114;2;3;1;6;RUE D ALESIA;48,8287130;2,3243020
8157;202000009036;27;2;2020;23:20;5;75;75114;2;3;1;3;BOULEVARD RASPAIL;48,8405840;2,3301140
8158;202000009037;3;3;2020;23:20;5;75;75113;2;2;1;7;BOULEVARD VINCENT AURIOL;48,8345722;2,3673847
8159;202000009038;2;3;2020;13:27;1;75;75113;2;3;1;3;AVENUE D IVRY;48,8256673;2,3610063
8160;202000009040;27;2;2020;18:30;2;75;75113;2;3;1;3;BOULEVARD MASSENA;48,8233650;2,3750370
8161;202000009041;3;3;2020;15:15;1;75;75112;2;1;1;3;PORT HENRI IV;48,8459260;2,3661720
8162;202000009042;2;3;2020;11:40;1;75;75112;2;7;2;6;RUE LAMBLARDIE;48,8397100;2,3961530
8163;202000009043;1;3;2020;03:25;5;75;75112;2;1;1;6;RUE SAINT MARTIN;48,8475500;2,3754970
8164;202000009044;25;2;2020;13:15;1;75;75112;2;1;2;2;AVENUE DU GENERAL MICHEL BIZOT;48,8388580;2,4041490
8165;202000009046;1;3;2020;03:10;3;75;75111;2;3;2;6;RUE DE CHARONNE;48,8559390;2,3923670
8166;202000009047;29;2;2020;17:45;1;75;75111;2;1;2;3;AVENUE PARMENTIER;48,8610170;2,3779550
8167;202000009048;28;2;2020;00:50;5;75;75111;2;3;1;5;RUE DE LA ROQUETTE;48,8555250;2,3744380
8168;202000009049;27;2;2020;11:05;1;75;75111;2;1;2;3;AVENUE DE LA REPUBLIQUE;48,8648420;2,3767990
8169;202000009050;25;2;2020;13:55;1;75;75111;2;3;8;-1;RUE DE LA ROQUETTE;48,8591220;2,3859280
8170;202000009051;1;3;2020;03:16;5;75;75110;2;2;2;-1;BOULEVARD SAINT DENIS;48,8690500;2,3554330
8171;202000009053;2;3;2020;15:00;1;75;75109;2;3;2;3;RUE DU FAUBOURG POISSONNIERE;48,8730564;2,3479253
8172;202000009054;2;3;2020;10:15;1;75;75109;2;2;2;6;RUE RICHER;48,8740150;2,3478930
8173;202000009055;16;9;2020;07:45;1;78;78126;1;1;1;2;A13;48,8385540;2,1220310
8174;202000009056;16;9;2020;09:15;1;93;93078;1;1;1;2;AUTOROUTE A104;48,9672892;2,5119989
8175;202000009057;16;9;2020;07:30;1;93;93064;1;1;1;3;AUTOROUTE A86;48,8791700;2,4763100
8176;202000009058;15;9;2020;22:40;3;95;95582;1;1;1;2;A15;48,9649400;2,2607900
8177;202000009059;16;9;2020;19:30;1;94;94028;1;1;1;4;A86 EXT;48,7838384;2,4405909
8178;202000009060;16;9;2020;08:00;1;77;77337;1;1;1;-1;A4;48,8299600;2,6172100
8179;202000009061;16;9;2020;08:00;1;94;94042;1;1;1;4;A4;48,8282300;2,4738500
8180;202000009062;10;7;2020;22:15;5;64;64024;2;1;1;2;BAYONNE (AVENUE DE);43,4809300; -1,5123300
8181;202000009063;26;2;2020;19:15;5;75;75111;2;3;1;3;AVENUE PARMENTIER;48,8683480;2,3722550
8182;202000009064;26;2;2020;13:20;1;75;75108;2;7;2;7;PLACE DE LA MADELEINE;48,8692450;2,3239030
8183;202000009066;15;9;2020;13:20;1;974;97416;2;1;1;6;ARCHAMBAUD (RUE); -21,3273900;55,4823300
8184;202000009067;15;9;2020;18:15;2;973;97302;2;1;2;6;TIGRE (ROUTE DU);4,9122412; -52,3082256
8185;202000009068;16;9;2020;00:10;5;69;69386;2;2;1;3;GARIBALDI                           (R );45,7712000;4,8501000
8186;202000009069;15;9;2020;23:00;5;69;69388;2;2;1;3;ETATS UNIS (DES)                    (BD);45,7294146;4,8677242
8187;202000009070;15;9;2020;17:20;1;69;69386;2;3;1;3;DUQUESNE                            (R );45,7731500;4,8498100
8188;202000009071;15;9;2020;15:10;1;69;69387;2;1;1;2;JULES CARTERET                      (BD);45,7258141;4,8440357
8189;202000009072;15;9;2020;15:40;1;69;69276;2;6;1;6;VENISSIEUX (DE)                         ;45,6833900;4,8704500
8190;202000009073;15;9;2020;01:50;5;69;69387;2;1;1;7;GUILLOTIERE (DE LA)                 (PT);45,7565402;4,8392334
8191;202000009074;15;9;2020;23:00;5;69;69389;2;1;1;3;ABBE PIERRE                        (PL);45,7863069;4,7961605
8192;202000009075;15;9;2020;20:30;5;69;69389;2;1;1;6;ROSA PARKS                        (AV);45,7867300;4,7914100
8193;202000009076;15;9;2020;08:00;2;69;69381;2;2;1;3;ALGERIE (D')                        (R );45,7672354;4,8309503
8194;202000009077;28;8;2020;17:48;1;971;97107;2;1;1;6;MARQUISAT ( ROUTE DE );16,0409300; -61,5666400
8195;202000009078;15;9;2020;17:30;1;95;95280;2;1;1;6;Avenue de Montmorency;49,0301500;2,4552640
8196;202000009079;15;9;2020;18:05;1;91;91549;2;1;1;6;FREDERIC HENRI MANHES (RUE);48,6373713;2,3436310
8197;202000009080;15;9;2020;13:05;1;91;91549;2;1;1;2;JACQUES DUCLOS (AVENUE);48,6350730;2,3466660
8198;202000009081;14;9;2020;20:08;2;91;91223;2;1;1;6;MAI 1945 (AVENUE DU 8);48,4410900;2,1466000
8199;202000009082;15;9;2020;17:10;1;91;91201;2;1;1;6;GENERAL DE GAULLE(BOULEVARD);48,6870350;2,4000780
8200;202000009083;16;9;2020;00:20;5;91;91174;2;1;1;7;GEORGES LEDU;48,5955580;2,4712640
8201;202000009084;15;9;2020;06:40;5;91;91552;2;1;1;4;RN 20;48,6117000;2,2536200
8202;202000009085;10;9;2020;16:10;1;91;91021;2;1;1;4;VERDUN (AVENUE DE);48,5770700;2,2383200
8203;202000009086;11;9;2020;23:40;5;86;86194;2;2;1;1;Route de Parthenay;46,5996190;0,3213550
8204;202000009087;13;9;2020;16:50;1;85;85194;2;2;1;3;CASTELNEAU (BOULEVARD DE);46,4953400; -1,7768100
8205;202000009088;15;9;2020;09:15;1;83;83137;2;1;1;2;CHAMP DE MARS (PLACE / JARDIN DU);43,1220000;5,9400000
8206;202000009089;15;9;2020;08:00;1;83;83137;2;3;1;3;PICOT (AVE DU COLONEL);43,1280600;5,9644600
8207;202000009090;14;9;2020;17:10;1;83;83137;2;9;1;5;MARSEILLE (ROUTE DE);43,1287054;5,8884282
8208;202000009091;14;9;2020;08:35;1;83;83137;2;3;1;3;PICOT (AVE DU COLONEL);43,1259600;5,9590370
8209;202000009092;14;9;2020;09:00;1;83;83137;2;1;1;3;INFANTERIE DE MARINE (AVE D');43,1147500;5,9352300
8210;202000009093;15;9;2020;16:30;1;78;78481;2;1;1;1;CHARLES DE GAULLE (AVENUE);48,8931800;2,1046900
8211;202000009094;15;9;2020;01:15;5;76;76351;2;1;1;7;ALBERT 1ER;49,4960900;0,0934750
8212;202000009095;14;9;2020;16:15;1;76;76341;2;1;1;3;BAT DE L'ORGE;49,5057900;0,2003500
8213;202000009096;14;9;2020;19:16;2;67;67267;2;8;1;6;GARE (RUE DE LA);48,5595920;7,6787130
8214;202000009097;14;9;2020;20:49;5;67;67482;2;3;1;3;NEUHOF (ROUTE);48,5518286;7,7660838
8215;202000009098;14;9;2020;14:10;1;67;67482;2;3;1;2;PAPETERIE (RUE DE LA);48,6108253;7,7822296
8216;202000009099;14;9;2020;22:05;5;66;66136;2;3;1;3;GAULLE (AVENUE GENERAL DE);42,6978400;2,8858100
8217;202000009100;14;9;2020;04:50;5;66;66136;2;1;1;6;ESCARGUEL (COURS LAZARE);42,6987200;2,8871500
8218;202000009102;18;8;2020;12:00;1;63;63164;2;1;1;4;MITTERRAND ( Avenue François);45,8176901;3,1539807
8219;202000009103;14;9;2020;08:50;1;63;63124;2;3;1;5;GARE (AVENUE DE LA);45,7386400;3,1838800
8220;202000009104;6;9;2020;22:25;5;63;63113;2;2;1;3;PLANCHETTES (RUE DES);45,7984769;3,1074210
8221;202000009105;14;9;2020;17:50;1;61;61006;2;1;1;2;7 rue Pierre Beregovoy;48,7500870; -0,0136490
8222;202000009106;14;9;2020;17:10;1;59;59599;2;1;1;3;FOREST (CHAUSSEE FERNAND);50,7356400;3,1475810
8223;202000009108;11;9;2020;10:10;1;57;57672;2;1;1;6;ALBERT 1ER (AVENUE) - IMPAIR;49,3647500;6,1690600
8224;202000009109;14;9;2020;10:05;1;56;56121;2;2;1;3;COSMAO-DUMANOIR ( BD );47,7525900; -3,3772400
8225;202000009110;14;9;2020;09:53;1;53;53034;2;1;1;3;MAINE ( RUE DU );48,0712800; -0,7008200
8226;202000009111;9;9;2020;16:45;1;53;53130;2;1;1;6;AIGLON ( RUE DE );48,0638100; -0,7514100
8227;202000009113;15;9;2020;07:35;1;51;51454;2;2;1;3;Avenue de Paris;49,2489988;4,0152154
8228;202000009114;15;9;2020;08:01;1;51;51454;2;2;1;3;Allée du Vignoble;49,2225493;4,0141563
8229;202000009115;1;9;2020;15:20;1;49;49328;2;1;1;2;DAVID D'ANGERS (AVENUE);47,2682800; -0,0699700
8230;202000009116;12;9;2020;19:30;1;49;49007;2;1;1;1;GATS;47,4731200; -0,5158300
8231;202000009117;15;9;2020;09:10;1;46;46042;2;1;1;6;JACOBINS (RUE DES);44,4400000;1,4400000
8232;202000009118;15;9;2020;17:15;1;45;45286;2;2;1;3;Rue de la Porte Rouge-RUE DE LA CERISAILLE;47,8860831;1,9388496
8233;202000009119;15;9;2020;13:15;1;45;45302;1;1;1;2;D952002 - Tangentielle;47,9296700;1,8768429
8234;202000009120;14;9;2020;17:37;1;45;45004;2;3;1;2;DOCTEUR SCHWEITZER (RUE DU);47,9996700;2,7562200
8235;202000009121;26;8;2020;18:15;1;42;42218;2;3;1;3;Boulevard Louis Neltner;45,4618530;4,4144150
8236;202000009122;15;9;2020;14:25;1;41;41018;2;3;1;3;BESNARD (QUAI ULYSSE);47,5780850;1,3211150
8237;202000009123;14;9;2020;12:10;1;37;37261;2;1;1;3;HEURTELOUP (BOULEVARD);47,3914235;0,6965664
8238;202000009124;14;9;2020;17:05;1;37;37233;2;1;7;2;BONNIN (AVENUE JEAN);47,3951444;0,7148855
8239;202000009125;14;9;2020;09:45;1;37;37208;2;1;1;2;DE GAULLE (AV. DU GAL);47,3596603;0,7445306
8240;202000009126;15;9;2020;08:30;1;35;35238;2;1;1;4;LORIENT (DE);48,1070800; -1,7185400
8241;202000009127;15;9;2020;09:05;1;33;33063;2;3;1;3;AVE DU GENERAL LECLERC CAUD;44,8529700; -0,6092700
8242;202000009128;15;9;2020;08:05;1;33;33065;2;3;1;5;RTE DE LATRESNE;44,8119200; -0,5066200
8243;202000009129;14;9;2020;17:10;1;31;31555;1;1;1;4;D980;43,5983000;1,3642800
8244;202000009130;14;9;2020;16:30;1;30;30243;2;6;1;2;GAULLE (AVENUE DU GAL DE);44,0931000;4,0791000
8245;202000009131;10;9;2020;13:10;1;29;29151;2;3;1;1;Quai de Tréguier;48,5878400; -3,8370000
8246;202000009132;15;9;2020;18:35;1;29;29019;2;4;1;1;Boulevard Léon Blum;48,4026200; -4,4842500
8247;202000009133;13;9;2020;07:10;2;28;28332;1;1;5;6;D 308;48,7318000;1,4022000
8248;202000009134;15;9;2020;11:00;1;26;26362;2;3;1;2;69 Avenue Leon Gambetta;44,9304300;4,8899620
8249;202000009135;14;9;2020;15:15;1;26;26198;2;6;1;3;rond point Appel du 18 juin 1940;44,5583000;4,7454700
8250;202000009136;16;9;2020;01:00;5;25;25230;2;1;1;4;SOCHAUX (RUE DE);47,5008600;6,8422200
8251;202000009137;11;9;2020;12:40;1;17;17306;2;1;1;2;D25;45,6378400; -1,0197800
8252;202000009138;15;9;2020;13:15;1;17;17300;2;7;1;6;MOTTE ROUGE    PLACE DE LE COMM;46,1555700; -1,1489000
8253;202000009139;14;9;2020;20:15;2;14;14118;2;2;1;3;JUIN (BOULEVARD MARECHAL);49,2085700; -0,3766500
8254;202000009140;14;9;2020;17:26;1;14;14101;2;1;1;3;ECHANGEUR N° 9 ( PORTE DE BRETAGNE );49,1648833; -0,4283500
8255;202000009141;14;9;2020;09:30;1;14;14118;2;2;1;3;AUTHIE (N°106 PAIRS - 115 IMPAIRS);49,1858500; -0,3903900
8256;202000009142;15;9;2020;16:45;1;13;13211;2;1;1;1;LÉON BANCAL (RUE);43,2876460;5,4805130
8257;202000009143;15;9;2020;12:10;1;13;13212;2;1;1;2;CHARLES KADDOUZ (RUE);43,3118779;5,4294777
8258;202000009144;14;9;2020;14:00;1;13;13206;2;2;1;2;DRAGON (RUE);43,2882480;5,3803440
8259;202000009145;14;9;2020;11:00;1;13;13205;2;2;1;3;ALGER (RUE D');43,2893100;5,3891100
8260;202000009146;15;9;2020;21:30;5;13;13047;2;3;1;7;GRIGNAN BOULEVARD DE;43,5155682;4,9829596
8261;202000009147;15;9;2020;08:30;1;13;13028;2;1;1;6;CAPORAL CHEF ALAIN DERUY (AVENUE DU);43,1902200;5,6041300
8262;202000009148;15;9;2020;08:40;1;11;11069;1;1;1;5;ROCADE EST;43,2177020;2,3824740
8263;202000009149;13;9;2020;19:20;1;11;11069;1;1;1;3;RD 104;43,1981600;2,3488500
8264;202000009150;13;9;2020;18:30;1;07;07102;1;6;1;3;Chemin des MULETS;44,9278200;4,8596900
8265;202000009151;15;9;2020;18:30;1;07;07019;2;4;1;3;AMPERE RUE;44,6087760;4,3923240
8266;202000009152;14;9;2020;21:42;5;06;06088;2;1;1;3;CESSOLE (BD DE) (JUSQU'AU N° 93-110);43,7165130;7,2533630
8267;202000009154;15;9;2020;07:10;2;06;06069;2;1;1;3;CHENES (CHEMIN DES);43,6408090;6,9125350
8268;202000009156;15;9;2020;17:40;1;06;06027;2;1;1;6;PAGNOL AVENUE MARCEL;43,6701000;7,1506000
8269;202000009157;15;9;2020;18:15;1;75;75116;2;1;1;3;BOULEVARD PERIPHERIQUE;48,8735780;2,2752950
8270;202000009158;15;9;2020;02:48;5;75;75119;2;1;1;6;BOULEVARD PERIPHERIQUE;48,9004250;2,3902070
8271;202000009159;14;9;2020;08:35;1;75;75120;2;1;1;4;PORTE DE MONTREUIL;48,8572400;2,4140250
8272;202000009162;15;9;2020;18:25;1;75;75120;2;1;1;6;RUE PELLEPORT;48,8715790;2,3985600
8273;202000009163;15;9;2020;11:15;1;75;75120;2;1;1;3;RUE DES PYRENEES;48,8722710;2,3914800
8274;202000009164;15;9;2020;11:10;1;75;75120;2;2;1;3;RUE DES PYRENEES;48,8699440;2,3945350
8275;202000009165;15;9;2020;16:00;1;75;75119;2;2;1;3;AVENUE DE FLANDRE;48,8884630;2,3738650
8276;202000009166;15;9;2020;12:30;1;75;75119;2;1;1;2;AVENUE DE FLANDRE;48,8848220;2,3694090
8277;202000009167;15;9;2020;07:45;2;75;75119;2;4;1;3;PASSAGE DES MAUXINS;48,8778120;2,4055240
8278;202000009168;15;9;2020;10:40;1;75;75118;2;3;1;3;RUE DE L EVANGILE;48,8958080;2,3713080
8279;202000009169;15;9;2020;01:15;5;75;75118;2;2;1;3;BOULEVARD BARBES;48,8910660;2,3495960
8280;202000009170;14;9;2020;23:25;5;75;75118;2;3;1;3;BOULEVARD DE CLICHY;48,8828640;2,3361960
8281;202000009171;14;9;2020;13:30;1;75;75117;2;1;1;2;AVENUE DE WAGRAM,;48,8828850;2,3016640
8282;202000009172;15;9;2020;09:20;1;75;75116;2;1;1;-1;BOULEVARD MURAT;48,8473740;2,2586180
8283;202000009175;15;9;2020;01:15;3;75;75111;2;1;1;2;AVENUE DE LA REPUBLIQUE;48,8650650;2,3756640
8284;202000009176;15;9;2020;19:35;2;75;75110;2;3;1;3;RUE DE LA GRANGE AUX BELLES;48,8751710;2,3671850
8285;202000009177;15;9;2020;11:30;1;75;75110;2;4;1;3;AVENUE CLAUDE VELLEFAUX;48,8740570;2,3703290
8286;202000009178;15;9;2020;19:52;5;75;75116;2;3;1;3;PLACE DE L ALMA;48,8641830;2,3015610
8287;202000009179;15;9;2020;18:50;1;75;75108;2;7;1;1;AVENUE FRANKLIN D ROOSEVELT;48,8682830;2,3099960
8288;202000009180;15;9;2020;16:30;1;75;75108;2;7;1;3;PLACE DE LA CONCORDE;48,8666630;2,3220430
8289;202000009181;14;9;2020;09:45;1;75;75108;2;7;1;2;PLACE CHARLES DE GAULLE;48,8738159;2,2959058
8290;202000009182;14;9;2020;21:30;5;75;75101;2;1;1;7;RUE DE RIVOLI;48,8645170;2,3299620
8291;202000009183;15;9;2020;12:01;1;94;94080;2;1;1;6;CHATEAU (AV DU);48,8464800;2,4365900
8292;202000009184;15;9;2020;09:29;1;94;94046;2;1;1;3;REPUBLIQUE (AV DE LA);48,8041000;2,4371000
8293;202000009185;15;9;2020;07:40;1;94;94028;2;1;1;6;GAULLE(AVENUE DU GENERAL DE);48,7977000;2,4484800
8294;202000009186;14;9;2020;18:37;1;94;94019;2;4;1;3;SUCY (R DE);48,7875600;2,5205200
8295;202000009187;14;9;2020;14:05;1;94;94017;2;1;1;4;SALVADOR ALLENDE (AV);48,8094100;2,5451800
8296;202000009188;14;9;2020;19:25;1;93;93066;2;1;1;2;SAINT OUEN (QUAI DE );48,9267483;2,3378244
8297;202000009189;13;9;2020;14:30;1;93;93066;2;1;1;2;R MAURICE THOREZ ;48,9405500;2,3458700
8298;202000009190;15;9;2020;13:00;1;93;93064;2;2;1;6;QUATRIEME ZOUAVES (RUE DU);48,8742441;2,4824741