;Num_Acc;jour;mois;an;hrmn;lum;dep;com;agg;int;atm;col;adr;lat;long
8299;202000009191;15;9;2020;17:10;1;93;93055;2;1;1;3;JEAN LOLIVE (AVENUE)(137/FIN ET 134/FIN);48,8933200;2,4136900
8300;202000009192;15;9;2020;13:15;1;93;93055;2;3;1;3;JULES AUFFRET (51/FIN ET 56/FIN);48,8875000;2,4103000
8301;202000009193;15;9;2020;16:50;1;93;93008;2;9;1;3;BARBUSSE (AVENUE HENRI) A30;48,9081647;2,4268276
8302;202000009194;15;9;2020;18:14;1;93;93048;2;1;1;1;ANATOLE FRANCE (RUE);48,8619300;2,4619500
8303;202000009195;14;9;2020;16:00;1;93;93006;2;1;1;2;AV GAMBETTA;48,8695000;2,4161000
8304;202000009196;14;9;2020;10:40;1;93;93006;2;2;1;3;R SADI CARNOT / R LAHAYE ADELAIDE;48,8672600;2,4181900
8305;202000009197;15;9;2020;15:50;1;93;93031;2;9;1;-1;AV DE LA REPUBLIQUE;48,9479900;2,3387100
8306;202000009198;15;9;2020;09:25;1;93;93072;2;3;1;3;R D'AMIENS / R DU COLONEL ROL TANGUY;48,9580540;2,3658400
8307;202000009199;15;9;2020;08:57;1;93;93029;2;1;1;3;SEDOV;48,9222716;2,4211883
8308;202000009200;14;9;2020;19:10;2;93;93029;2;7;7;6;REPUBLIQUE (DE LA) N° 1-161;48,9216000;2,4441100
8309;202000009201;15;9;2020;15:30;1;93;93010;1;1;1;6;VARAGNAT (AVENUE HENRI);48,9126201;2,4817678
8310;202000009202;15;9;2020;18:30;1;93;93008;2;3;1;2;VARSOVIE (RUE DE);48,9093331;2,4731653
8311;202000009203;14;9;2020;21:32;5;92;92022;2;1;1;3;PAVE DES GARDES (RUE DU);48,8054700;2,1845500
8312;202000009204;15;9;2020;08:15;1;92;92024;2;2;1;2;CLICHY (QUAI DE) DE (8 A 60);48,9034623;2,2895532
8313;202000009205;15;9;2020;15:00;1;92;92002;2;6;1;3;CHATENAY (RUE DE);48,7612890;2,2909440
8314;202000009206;15;9;2020;18:55;1;22;22339;1;1;2;1;D2;48,5094120; -2,0804500
8315;202000009207;15;9;2020;17:30;1;37;37175;2;3;1;3;Rue du Clos;47,5466930;0,7502022
8316;202000009208;6;8;2020;18:20;1;87;87125;1;2;7;4;Quatre Routes;45,9153550;1,3359440
8317;202000009209;16;9;2020;14:00;1;41;41194;2;9;1;2;Avenue de Villefranche;47,3400540;1,7494090
8318;202000009210;15;9;2020;16:30;1;43;43183;1;1;1;1;RN102;45,1389729;3,6264620
8319;202000009211;16;9;2020;09:17;1;63;63143;1;2;1;3;D223;46,0284430;3,2484020
8320;202000009212;15;9;2020;08:45;1;28;28006;1;2;1;3;Intersection RD 923 - RD 343;48,4356750;1,4144680
8321;202000009213;15;9;2020;14:45;1;91;91665;2;1;1;2;n20;48,6525810;2,2730060
8322;202000009214;16;9;2020;04:00;3;65;65153;1;1;1;7;D21;43,2373710;0,2011010
8323;202000009215;16;9;2020;13:15;1;72;72008;1;1;1;3;315 Avenue Nationale;47,9135320;0,1760350
8324;202000009216;16;9;2020;07:45;1;50;50458;1;1;1;7;La Carrière;49,3438170; -1,2737060
8325;202000009217;16;9;2020;16:25;1;30;30232;1;1;1;6;D23;44,1752290;4,4832430
8326;202000009218;13;9;2020;17:25;1;74;74190;1;1;1;1;Chemin Rural de la Biolle;46,0882110;6,6632880
8327;202000009219;16;9;2020;13:00;1;2A;2A130;2;1;1;6;Grosseto-Prugna;41,8909770;8,8041040
8328;202000009220;16;9;2020;13:00;1;82;82127;1;1;1;1;D957;44,1831930;1,0844060
8329;202000009221;15;9;2020;17:45;1;69;69162;1;3;1;1;D43;46,1121590;4,6419700
8330;202000009222;14;9;2020;18:05;1;61;61095;1;2;1;3;D25;48,7067180; -0,6372820
8331;202000009223;15;9;2020;10:00;1;12;12142;1;1;1;1;D994;44,3970110;2,3702250
8332;202000009224;15;9;2020;16:15;1;25;25535;1;1;1;5;D492;47,1329290;6,2163090
8333;202000009225;13;9;2020;10:20;1;29;29206;1;1;1;7;Lieu Dit Brengoel;48,6211720; -4,1934840
8334;202000009226;16;9;2020;15:59;1;02;02012;1;1;1;1;D6;49,3236540;3,4219190
8335;202000009227;14;9;2020;17:40;1;01;01034;2;3;1;2;493 Route de Saint Germain;45,7568610;5,6737890
8336;202000009228;15;9;2020;17:15;1;70;70442;1;1;1;6;D27;47,6469990;5,7540590
8337;202000009229;14;9;2020;20:20;3;58;58223;1;1;1;7;D978;47,0214830;3,5269220
8338;202000009230;16;9;2020;20:00;1;72;72223;2;1;1;3;Rue du 11 Novembre;47,8658770; -0,1007460
8339;202000009231;12;9;2020;10:15;1;72;72046;1;1;1;6;Départementale 357;47,9842340;0,5016370
8340;202000009232;16;9;2020;16:25;1;50;50085;1;2;1;5;Route du Village Adam;48,9158230; -1,5330000
8341;202000009233;15;9;2020;17:15;1;60;60173;1;1;1;3;D12;49,2589410;2,3889470
8342;202000009234;15;9;2020;20:45;3;27;27698;1;1;1;7;Route de la Neuville;49,1711410;0,8683060
8343;202000009236;15;9;2020;11:45;1;37;37281;2;3;1;6;68 Rue de la Vallée Coquette;47,4213610;0,7824536
8344;202000009237;9;9;2020;22:15;3;37;37167;1;1;1;6;215 La Riandiere;47,5528686;0,5490840
8345;202000009239;16;9;2020;09:40;1;78;78575;1;6;1;6;16 Rue Jean Jaures;48,7197590;2,0889150
8346;202000009240;15;9;2020;12:30;1;13;13044;2;1;1;3;33 Cours Camille Pelletan;43,6067710;5,0640590
8347;202000009241;16;9;2020;14:59;1;82;82037;1;9;1;2;A20;44,1437172;1,5026285
8348;202000009242;12;9;2020;14:40;1;57;57413;1;1;1;7;A4 PK357+600 sens PARIS/STRASBOURG;49,1354240;6,6467290
8349;202000009243;16;9;2020;01:20;3;973;97306;2;1;1;3;37 rue des frères;5,6684946; -53,7779743
8350;202000009244;15;9;2020;14:30;1;972;97228;2;1;1;1;466 Route du Calvaire;14,7445130; -61,0214250
8351;202000009245;15;9;2020;11:40;1;972;97230;2;1;1;1;Avenue Raisiniers;14,7343420; -60,9538870
8352;202000009246;15;9;2020;16:55;1;21;21452;2;1;1;6;2 Passage Jean de la Fontaine;47,2793670;5,1077250
8353;202000009247;13;9;2020;12:20;1;84;84003;2;1;1;2;Avenue de Viton;43,8766440;5,4006330
8354;202000009248;15;9;2020;08:00;1;84;84092;2;9;1;2;Route de Sorgues (rd 907);43,9751250;4,8579850
8355;202000009249;29;1;2020;08:25;1;59;59350;2;1;1;6;MOSELLE BOULEVARD N°IMPAIRS;50,6212304;3,0332372
8356;202000009250;29;1;2020;17:25;1;56;56260;2;3;1;3;LE PONTOIS(RUE ALEXANDRE);47,6546667; -2,7566619
8357;202000009251;29;1;2020;14:45;1;51;51454;2;1;1;7;Avenue de Laon;49,2664269;4,0254319
8358;202000009252;29;1;2020;07:45;2;51;51454;2;1;1;3;Boulevard du Docteur Roux;49,2321871;4,0233387
8359;202000009254;28;1;2020;07:45;2;49;49353;2;1;2;6;BARA;47,4435800; -0,4884000
8360;202000009255;28;1;2020;16:52;1;47;47001;1;1;1;1;BERGE (voie sur );44,1952200;0,6119000
8361;202000009256;29;1;2020;13:50;1;45;45302;2;3;1;6;Rue Louis Aragon - Allée des mélinières;47,9349560;1,8895680
8362;202000009257;29;1;2020;08:05;1;45;45234;2;3;1;3;Rue de Blois - Rue de Vendôme;47,8452100;1,9309300
8363;202000009258;28;1;2020;17:25;2;44;44184;2;1;1;6;Boulevard de Sunderland;47,2708000; -2,2422000
8364;202000009259;29;1;2020;16:50;1;44;44162;1;1;1;2; PERIPHERIQUE;47,2458460; -1,6215670
8365;202000009260;28;1;2020;12:21;1;42;42031;1;1;1;6;Route du Pertuiset;45,4141400;4,2363000
8366;202000009261;29;1;2020;10:20;1;35;35278;2;3;1;3;Avenue Général de Gaulle;48,1529800; -1,6862300
8367;202000009262;28;1;2020;13:15;1;34;34172;2;9;1;3;ANDY WARHOL ( RUE );43,6023000;3,9064500
8368;202000009263;29;1;2020;15:10;1;33;33162;2;2;1;3;AVE DU TAILLAN-MEDOC / RUE PAUL DUMONT / RUE DU BRETEIL;44,8798000; -0,6475500
8369;202000009264;29;1;2020;16:50;2;33;33075;2;1;2;6;Boulevard Jacques Chaban-delmas;44,8771400; -0,5781200
8370;202000009266;16;1;2020;12:30;1;22;22113;2;1;1;2;MARECHAL JOFFRE (QUAI DU);48,7319800; -3,4651100
8371;202000009267;28;1;2020;19:05;5;19;19031;2;1;3;6;MALRAUX (AVENUE ANDRE);45,1645501;1,4933252
8372;202000009268;29;1;2020;15:30;1;13;13205;2;1;1;3;JEAN MOULIN (BOULEVARD);43,2888000;5,4002700
8373;202000009269;29;1;2020;12:12;1;13;13202;2;1;1;6;REPUBLIQUE (RUE DE LA);43,3005920;5,3705630
8374;202000009270;29;1;2020;11:05;1;13;13212;2;1;1;4;CAILLOLS (AVENUE DES);43,3039870;5,4407440
8375;202000009272;29;1;2020;09:00;1;13;13001;2;1;1;2;MOURET HENRI (AV);43,5211350;5,4358080
8376;202000009273;28;1;2020;18:30;5;12;12145;2;1;1;6;GABRIAC JEAN (BOULEVARD);44,0936500;3,0726300
8377;202000009274;29;1;2020;08:03;1;10;10297;2;2;1;6;ARISTIDE BRIAND (RUE);48,3218000;4,0949900
8378;202000009275;28;1;2020;12:00;1;10;10362;2;1;3;6;GENERAL LECLERC (RUE DU);48,2922000;4,0400000
8379;202000009276;29;1;2020;11:30;1;07;07281;2;9;1;6;BOUVAT (QUAI JULES);44,9450940;4,8455930
8380;202000009278;18;1;2020;18:30;5;02;02691;2;1;1;6;Rue Georges Pompidou;49,8589990;3,2896250
8381;202000009279;29;1;2020;08:50;1;75;75114;2;1;1;2;BD PERIPHERIQUE EXTERIEUR;48,8252250;2,3021900
8382;202000009280;29;1;2020;13:15;1;75;75119;2;1;1;6;RUE ARCHEREAU;48,8903846;2,3728310
8383;202000009281;29;1;2020;09:00;1;75;75119;2;1;1;3;BOULEVARD MACDONALD;48,8987570;2,3733080
8384;202000009282;28;1;2020;20:00;5;75;75117;2;2;2;3;RUE DE ROME;48,8832910;2,3192320
8385;202000009283;28;1;2020;19:43;5;75;75116;2;2;2;1;ALLEE DE LONGCHAMP;48,8706850;2,2593220
8386;202000009284;28;1;2020;10:25;1;75;75116;2;2;1;3;BOULEVARD SUCHET;48,8573650;2,2646830
8387;202000009285;29;1;2020;18:00;2;75;75115;2;1;1;6;BOULEVARD DE GRENELLE;48,8484781;2,2992479
8388;202000009286;29;1;2020;17:35;2;75;75112;2;1;1;3;RUE CHALIGNY;48,8464058;2,3836644
8389;202000009287;29;1;2020;13:10;1;75;75111;2;2;1;2;AVENUE LEDRU ROLLIN;48,8557010;2,3787040
8390;202000009289;29;1;2020;18:40;5;75;75108;2;2;1;6;AVENUE MARCEAU;48,8661167;2,2996589
8391;202000009290;29;1;2020;17:26;5;75;75101;2;7;1;7;RUE DE RIVOLI;48,8627187;2,3352569
8392;202000009291;29;1;2020;16:15;1;75;75104;2;4;1;3;BOULEVARD MORLAND;48,8482919;2,3649721
8393;202000009292;29;1;2020;15:45;1;94;94046;2;1;1;3;PIERRE CURIE (R);48,8103000;2,4236700
8394;202000009293;29;1;2020;14:30;1;94;94003;2;1;1;1;JEANNE D ARC (AV);48,8107900;2,3343000
8395;202000009294;29;1;2020;12:10;1;94;94073;2;9;1;2;ROUTE NATIONALE 186;48,7533600;2,3584000
8396;202000009295;28;1;2020;15:00;1;94;94017;2;1;1;3;MUSSELBURGH (R DE);48,8098900;2,5191800
8397;202000009296;29;1;2020;19:00;5;93;93073;2;6;1;3;R DE LA BELLE BORNE;48,9893000;2,5197000
8398;202000009297;28;1;2020;23:00;5;93;93070;2;1;2;3;MICHELET (AVE) : DU 1 AU 103;48,9063900;2,3425900
8399;202000009298;28;1;2020;12:55;1;93;93066;2;1;4;6;R DANIELLE CASANOVA;48,9273000;2,3642300
8400;202000009299;29;1;2020;09:15;1;93;93077;2;2;1;3;AV FRANKLIN / ALL DE LA TOUR;48,8974298;2,5028928
8401;202000009301;29;1;2020;08:00;2;93;93051;2;1;2;2;GOURNAY (ROUTE);48,8495500;2,5659500
8402;202000009303;8;1;2020;10:10;1;93;93027;2;1;1;2;CONVENTION (RUE DE LA);48,9284100;2,3892000
8403;202000009304;29;1;2020;09:35;1;93;93010;2;2;1;1;SAINT-LOUIS (RUE);48,8903500;2,4964200
8404;202000009305;29;1;2020;04:15;5;93;93057;2;1;1;3;WILSON (AV. DU PRESIDENT) 1 A 69;48,9062463;2,5117068
8405;202000009306;29;1;2020;16:26;1;93;93007;2;1;1;6;ABBE NIORT (RUE DE L');48,9407000;2,4332000
8406;202000009307;28;1;2020;11:45;1;92;92046;2;2;8;3;CAMELINAT;48,8129460;2,2987190
8407;202000009308;29;1;2020;08:35;1;92;92064;2;1;1;3;VAUGUYON;48,8436382;2,2223461
8408;202000009309;28;1;2020;14:00;1;92;92051;2;1;2;7;CHARTRES (RUE DE );48,8798673;2,2799131
8409;202000009310;29;1;2020;16:00;1;92;92048;2;1;1;7;MORANE SAULNIER (AVENUE);48,7863870;2,2232410
8410;202000009312;29;1;2020;11:30;1;92;92048;2;3;1;1;VICTOR HUGO (AVENUE);48,8062380;2,2383930
8411;202000009313;29;1;2020;17:45;2;92;92007;2;1;8;6;PASTEUR (AVENUE LOUIS) N° 1 A 39 ET 2 A;48,7984200;2,3175900
8412;202000009314;25;1;2020;05:10;5;92;92014;2;9;1;3;MONTROUGE (AVENUE DE);48,7874900;2,3126700
8413;202000009315;30;1;2020;16:00;1;80;80615;2;2;3;3;d929;50,0191150;2,6881420
8414;202000009316;30;1;2020;13:00;1;86;86111;1;1;1;1;Pré villard;46,8918137;0,5691190
8415;202000009317;29;1;2020;19:20;3;09;09123;1;1;1;6;Pis;43,1695667;1,2386817
8416;202000009319;28;1;2020;21:15;3;62;62849;1;1;1;6;D303;50,4064624;1,6254826
8417;202000009320;29;1;2020;21:22;3;44;44196;1;1;2;7;D773;47,5414910; -2,0573940
8418;202000009321;29;1;2020;18:30;3;2B;2B009;1;1;1;5;Route de Bonifacio;42,0913760;9,5106840
8419;202000009322;29;1;2020;07:25;5;59;59666;1;1;8;7;14 voie romaine;50,8832944;2,3855379
8420;202000009323;30;1;2020;09:00;1;55;55462;1;1;9;7;21 Route de Woel;49,0219840;5,6892340
8421;202000009325;30;1;2020;11:30;1;46;46278;1;1;3;3;D4;44,4001690;1,1208840
8422;202000009326;28;1;2020;17:20;1;35;35360;2;1;2;6;51 Boulevard des Rochers;48,1178250; -1,2050500
8423;202000009328;29;1;2020;22:15;3;70;70323;1;1;1;6;route de magny;47,9492430;6,1465710
8424;202000009329;30;1;2020;05:30;3;05;05036;1;1;1;3;N94;44,6144940;6,5320840
8425;202000009330;30;1;2020;17:00;2;83;83012;2;1;1;3;Route de Brignoles;43,5548010;6,0094810
8426;202000009331;30;1;2020;12:10;1;36;36171;1;1;2;1;;47,0740380;2,0390800
8427;202000009332;29;1;2020;16:00;1;07;07302;1;1;1;6;D2;44,6467270;4,6943220
8428;202000009334;28;1;2020;16:45;1;40;40122;1;1;1;6;Route de Saint Sever;43,8329940; -0,5323860
8429;202000009335;30;1;2020;18:25;5;48;48039;2;9;2;7;Avenue du Triadou;44,4658752;3,3449372
8430;202000009336;30;1;2020;08:15;2;44;44048;1;1;2;6;autoroute A11 - PK 326.400 - En direction de Paris;47,3626331; -1,3155055
8431;202000009337;30;1;2020;08:50;1;68;68297;1;1;1;6;A35;47,6060430;7,5284640
8432;202000009339;29;1;2020;09:30;1;987;98729;2;1;1;6;pk 0.4 temae direction PAOPAO; -17,5331890; -149,8386110
8433;202000009340;28;1;2020;21:10;3;973;97305;1;1;1;6;Route Nationale 1;5,0026680; -52,4599530
8434;202000009342;30;1;2020;00:15;3;13;13110;1;1;1;7;D12;43,4779850;5,6871310
8435;202000009343;30;1;2020;06:20;3;57;57296;1;1;9;1;D23;49,2240190;6,5929470
8436;202000009345;29;1;2020;18:00;2;17;17086;2;2;1;3;3 Chemin des Champs des Vignes;45,7455380; -0,5733490
8437;202000009346;30;1;2020;11:45;1;86;86095;1;2;1;3;D15;46,6995590;0,4455980
8438;202000009347;12;1;2020;18:30;5;33;33341;2;1;1;3;D137;45,0809300; -0,5040840
8439;202000009348;29;1;2020;16:15;1;14;14289;1;2;1;3;Route d'Angloischeville;48,8954420; -0,1118860
8440;202000009349;28;1;2020;07:55;2;29;29181;1;9;8;6;Route des Moulins du Lech;48,4693290; -4,2608070
8441;202000009350;28;1;2020;12:00;1;22;22002;1;1;8;6;Le Chesnay;48,5028440; -2,5857350
8442;202000009351;30;1;2020;16:15;1;80;80359;1;1;2;2;Autoroute A1 PK 105+900;49,7412900;2,7867310
8443;202000009352;29;1;2020;09:10;1;13;13210;1;1;1;7;A50-Sens Aubagne vers Marseille;43,2859000;5,4278000
8444;202000009353;29;1;2020;21:25;3;94;94038;1;1;1;3;AUTOROUTE A6B;48,7778900;2,3459900
8445;202000009354;29;1;2020;07:00;1;78;78498;1;1;1;3;N118;48,9044040;2,0050770
8446;202000009356;28;1;2020;12:00;1;95;95060;1;1;1;5; A115;49,0400100;2,1908300
8447;202000009357;28;1;2020;14:30;1;93;93007;1;1;1;2;AUTOROUTE A1;48,9454600;2,4400400
8448;202000009359;28;1;2020;09:20;1;93;93064;1;1;1;5;AUTOROUTE A86;48,8792500;2,4760400
8449;202000009360;27;1;2020;06:25;3;93;93005;1;1;2;3;AUTOROUTE A3;48,9508800;2,4745400
8450;202000009361;21;1;2020;19:50;3;94;94015;1;1;1;2;A4;48,8292886;2,5284163
8451;202000009362;26;1;2020;02:45;5;93;93053;2;1;2;2;ROSNY (AVENUE DE) N° 53 A 243;48,8907400;2,4710500
8452;202000009363;28;1;2020;21:10;5;988;98818;2;4;1;6;VE1 sens Nord/Sud ; -22,2491100;166,4511800
8453;202000009364;28;1;2020;22:45;5;988;98818;2;4;1;3;ROUTE DU VELODROME/RUE MARCEL KOLLEN; -22,2911900;166,4452300
8454;202000009365;28;1;2020;16:40;1;976;97611;2;1;1;3;kaweni-Europe (avenue); -12,7703100;45,2237700
8455;202000009366;28;1;2020;01:19;5;974;97411;2;1;1;6;JAURES (BLD 1 JEAN); -20,8849565;55,4396296
8456;202000009367;28;1;2020;19:00;5;69;69386;2;2;2;3;EMERAUDES (DES)                     (R );45,7691000;4,8605000
8457;202000009368;28;1;2020;17:30;1;69;69383;2;2;2;3;TRARIEUX                            (R );45,7452700;4,8929900
8458;202000009369;28;1;2020;14:30;1;69;69383;2;1;2;6;SERVIENT                            (R );45,7606000;4,8505000
8459;202000009370;28;1;2020;16:50;1;972;97213;2;3;1;3;MORNE PITAULT (ROUTE DE);14,6093000; -60,9529000
8460;202000009371;25;1;2020;21:10;3;972;97213;1;6;1;2;ROUTE NATIONALE 1;14,6260000; -60,9788000
8461;202000009372;28;1;2020;07:55;1;69;69389;2;1;1;6;DUCHERE (DE LA)                     (BD);45,7809400;4,7937500
8462;202000009373;26;1;2020;23:41;3;95;95127;1;1;3;1;RN 14 ;49,0514622;2,0515898
8463;202000009374;28;1;2020;15:20;1;91;91691;2;1;1;6;CONCY(RUE);48,7111000;2,4862000
8464;202000009376;20;1;2020;08:20;1;84;84007;2;1;1;6;PONT DES DEUX EAUX (Chemin du );43,9401400;4,8421700
8465;202000009377;8;1;2020;19:10;4;30;30351;1;1;1;1;MISTRAL BOULEVARD FREDERIC;43,9904400;4,8088700
8466;202000009378;28;1;2020;17:00;1;83;83137;2;1;1;1;15EME CORPS (AVE DU);43,1285490;5,9128090
8467;202000009381;26;1;2020;09:50;1;78;78005;2;1;2;3;RD 30;48,9740000;2,0803000
8468;202000009382;27;1;2020;08:10;5;76;76540;2;1;1;6;SAINT JULIEN. RUE;49,4256700;1,0737700
8469;202000009383;24;1;2020;14:05;1;76;76351;2;1;1;6;DOCTEUR POSTEL;49,5102500;0,1304600
8470;202000009384;25;1;2020;18:10;5;73;73222;1;4;1;7;D912 FECLAZ (ROUTE DE LA);45,5854221;5,9769448
8471;202000009385;27;1;2020;12:00;1;73;73065;2;1;8;6;CASSINE (CHEMIN DE LA);45,5708900;5,9207400
8472;202000009386;27;1;2020;08:50;1;67;67267;2;3;1;1;TRAVAIL (RUE DU);48,5623661;7,6862656
8473;202000009387;25;1;2020;17:30;2;67;67267;2;1;1;6;JEAN JAURES (RUE);48,5576386;7,6835385
8474;202000009388;25;1;2020;19:10;5;64;64122;2;1;1;7;BAB(BOULEVARD);43,4756600; -1,5453200
8475;202000009389;28;1;2020;14:00;1;59;59378;2;1;1;3;MARNE AVENUE DE LA;50,6786700;3,1145300
8476;202000009392;27;1;2020;17:25;1;56;56121;2;3;1;3;SANGNIER (RUE  MARC );47,7476300; -3,3741700
8477;202000009393;27;1;2020;07:50;2;54;54395;2;2;2;3;BATAILLE (QUAI DE LA);48,6793570;6,1894250
8478;202000009394;27;1;2020;20:10;5;51;51454;2;2;2;3;Boulevard Pommery;49,2504468;4,0527172
8479;202000009396;28;1;2020;08:09;2;37;37233;2;1;2;2;CUGNOT (RUE JOSEPH);47,3808014;0,7446490
8480;202000009397;28;1;2020;08:20;1;37;37261;2;2;1;6;BERANGER (BOULEVARD);47,3885650;0,6760956
8481;202000009398;28;1;2020;20:00;3;35;35238;1;1;1;2;Bretelle PORTE ALMA;48,0818300; -1,6760400
8482;202000009399;28;1;2020;15:25;1;35;35238;2;1;1;5;CLEMENCEAU (BD GEORGES);48,0940000; -1,6773000
8483;202000009400;28;1;2020;14:50;1;35;35278;2;6;1;6;GROS MALHON (AVENUE);48,1373470; -1,6863880
8484;202000009401;28;1;2020;11:45;1;35;35238;2;1;1;6;ROUTE DE ST MALO;48,1239553; -1,6847974
8485;202000009402;28;1;2020;12:25;1;33;33162;2;1;1;3;IMP DU TAILLAN-MEDOC;44,8740800; -0,6354400
8486;202000009403;27;1;2020;09:05;1;32;32013;1;1;1;3;ARÇON D515 (CHEMIN D');43,6816919;0,6189519
8487;202000009404;22;1;2020;09:55;1;31;31555;2;1;3;6;HUC (AV ARTHUR ) DU 1AU 5;43,5813000;1,3861100
8488;202000009405;26;1;2020;06:10;3;31;31555;2;1;1;6;LATECOERE (AV PIERRE G) DU 1AU 61;43,5570700;1,4870900
8489;202000009407;28;1;2020;11:15;1;31;31565;1;3;9;3;ARNESP (RUE);43,0943000;0,6875000
8490;202000009408;27;1;2020;17:50;3;27;27701;2;1;2;4;Route de Seine;49,2714300;1,2440000
8491;202000009409;26;1;2020;16:30;1;26;26362;2;3;1;6;FAURE AVENUE MAURICE (304);44,9226000;4,8842200
8492;202000009410;24;1;2020;16:15;1;22;22278;2;6;1;3;WALDECK-ROUSSEAU (BD ET PT);48,5102600; -2,7570200
8493;202000009411;27;1;2020;18:50;3;17;17306;2;3;3;6;ROCHEFORT (DE)  (AVENUE);45,6429800; -1,0248400
8494;202000009412;28;1;2020;10:00;1;17;17200;1;1;8;6;RN237;46,1813800; -1,1450000
8495;202000009413;28;1;2020;23:15;5;13;13213;2;1;1;3;CHEMIN DU MERLAN A LA ROSE ;43,3307100;5,4080400
8496;202000009414;28;1;2020;21:07;5;13;13209;2;2;1;-1;ROMAIN ROLLAND (BOULEVARD);43,2706090;5,4074520
8497;202000009415;28;1;2020;18:30;3;13;13209;1;1;1;5;COL DE LA GINESTE D559;43,2424200;5,4531300
8498;202000009416;28;1;2020;13:40;1;13;13201;2;2;1;3;NATIONALE (RUE);43,2995550;5,3787080
8499;202000009417;27;1;2020;07:30;1;13;13205;2;1;1;5;SAKAKINI (BOULEVARD);43,2941632;5,4016010
8500;202000009419;27;1;2020;10:15;1;10;10387;2;2;2;3;CHARBONNET (RUE);48,2968000;4,0714000
8501;202000009420;28;1;2020;22:15;5;09;09122;2;1;1;6;BARCELONE (AVENUE DE);42,9592200;1,6168300
8502;202000009422;28;1;2020;17:05;1;06;06027;2;1;1;6;TUILIERES AVENUE DES;43,6681000;7,1602000
8503;202000009423;28;1;2020;18:35;5;06;06004;2;1;1;3;GREC AV.JULES;43,6003700;7,1128900
8504;202000009424;26;1;2020;18:25;2;75;75120;2;1;1;2;PORTE DE MONTREUIL;48,8543770;2,4140790
8505;202000009425;10;1;2020;20:55;5;75;75116;2;1;1;4;BD PERIPHERIQUE INTERIEUR;48,8694718;2,2713430
8506;202000009426;27;1;2020;08:15;2;75;75105;2;1;2;3;QUAI SAINT BERNARD;48,8483160;2,3588164
8507;202000009429;28;1;2020;07:09;5;75;75119;2;2;1;3;AVENUE DE FLANDRE;48,8944100;2,3815030
8508;202000009430;28;1;2020;10:15;1;75;75118;2;3;1;6;RUE ORDENER;48,8902850;2,3583210
8509;202000009431;28;1;2020;18:15;5;75;75117;2;4;2;6;RUE DES BATIGNOLLES;48,8837810;2,3228090
8510;202000009432;28;1;2020;17:45;5;75;75117;2;3;1;3;AVENUE DE CLICHY;48,8866150;2,3260060
8511;202000009433;28;1;2020;09:48;1;75;75116;2;2;1;3;ALLEE DE LA REINE MARGUERITE;48,8634580;2,2481250
8512;202000009434;27;1;2020;21:45;5;75;75116;2;1;1;6;BOULEVARD MURAT;48,8374480;2,2581220
8513;202000009436;28;1;2020;12:15;1;75;75115;2;5;1;1;RUE DE LA CROIX NIVERT;48,8436180;2,2957680
8514;202000009437;28;1;2020;08:50;1;75;75115;2;2;1;6;RUE VASCO DE GAMA;48,8378730;2,2817920
8515;202000009438;28;1;2020;16:55;1;75;75114;2;4;1;6;RUE SOPHIE GERMAIN;48,8306580;2,3313090
8516;202000009439;27;1;2020;23:23;5;75;75114;2;5;2;3;BOULEVARD ROMAIN ROLLAND;48,8201990;2,3239990
8517;202000009441;28;1;2020;17:50;5;75;75112;2;4;2;3;QUAI DE BERCY;48,8328830;2,3835860
8518;202000009442;19;7;2020;13:30;1;32;32304;1;1;1;7;Voie communale n°2 PANASSAC;43,3809100;0,5767820
8519;202000009443;20;7;2020;08:10;1;32;32253;1;1;1;1;D40;43,9732840;0,7902080
8520;202000009444;19;7;2020;16:25;1;11;11367;1;1;1;7;D629;43,3930740;2,1189880
8521;202000009445;20;7;2020;15:30;1;39;39126;1;3;1;3;;46,5931140;5,9563050
8522;202000009446;18;7;2020;10:40;1;44;44049;2;3;1;3;Avenue de la Pierre Longue;47,2862600; -2,5186960
8523;202000009447;19;7;2020;09:00;1;29;29056;1;1;1;5;Lieu-dit Fessiou;48,4434370; -4,3020920
8524;202000009448;7;7;2020;12:26;1;38;38229;2;1;1;4;Avenue de Verdun;45,2026670;5,7612290
8525;202000009449;20;7;2020;18:00;1;02;02223;1;1;7;7;chemin communal;48,9841880;3,4959380
8526;202000009451;20;7;2020;05:30;3;58;58273;1;1;1;6;D18;46,9787150;3,2351730
8527;202000009452;30;6;2020;18:20;1;58;58131;2;1;1;6;54 Grande Rue;47,0855860;3,1928690
8528;202000009453;19;7;2020;08:15;1;06;06079;2;4;1;3;Avenue du Général de Gaulle;43,5316620;6,9481690
8529;202000009454;20;7;2020;19:40;1;50;50003;2;1;1;7;17 Route de Saint Malo de la Lande;49,0504630; -1,5811730
8530;202000009455;19;7;2020;21:55;3;50;50111;1;1;1;6;Rue des Ecoles;49,0275810; -1,2678210
8531;202000009456;19;7;2020;11:30;1;64;64037;2;1;1;7;14 Route d'Artiguelouve;43,3276750; -0,4975710
8532;202000009457;20;7;2020;03:05;3;18;18166;1;1;1;1;RN 151;47,1061350;2,5575830
8533;202000009458;19;7;2020;22:30;3;43;43154;1;1;1;7;Col du Rayol;44,7839060;3,8855020
8534;202000009459;19;7;2020;20:35;2;16;16100;1;1;1;6;Lieu Dit la Pécoulie;45,9302290;0,6476350
8535;202000009461;19;7;2020;17:00;1;24;24081;1;1;1;6;Liméjouls;44,8875140;1,3861870