;Num_Acc;jour;mois;an;hrmn;lum;dep;com;agg;int;atm;col;adr;lat;long
8536;202000009462;20;7;2020;16:15;1;04;04004;1;1;1;7;Chemin de la Palud;43,7816910;6,0010140
8537;202000009463;19;7;2020;14:20;1;04;04135;1;1;1;7;RD 952 - Gorge de Felines;43,8127290;6,2535810
8538;202000009464;20;6;2020;12:10;1;04;04135;1;1;1;7;RD 952;43,8425130;6,2142060
8539;202000009465;19;7;2020;16:40;1;17;17323;1;1;7;2;Chemin de la côte sauvage;46,0409560; -1,4095540
8540;202000009466;16;7;2020;07:30;1;17;17168;2;3;1;1;avenue du stade;45,9893590; -1,0795780
8541;202000009467;20;7;2020;11:30;1;48;48064;2;1;1;1;Chez Prosper (Camping);44,8169840;3,1156540
8542;202000009469;19;7;2020;10:30;1;67;67259;1;1;1;7;CD 121;48,9693121;7,7027009
8543;202000009470;19;7;2020;07:00;1;988;98831;2;3;1;6;R.T.1/VU14; -20,9443000;164,6842500
8544;202000009472;19;7;2020;21:55;5;974;97415;1;6;1;6;Route Nationale 1; -21,0458390;55,2221290
8545;202000009473;19;7;2020;03:50;3;974;97420;2;1;1;7;Rue Marchande; -20,9476080;55,6313060
8546;202000009474;19;7;2020;09:25;1;77;77110;1;1;1;-1;D7;48,1684167;2,6507413
8547;202000009475;20;7;2020;08:55;1;77;77138;2;1;1;3;41 Rue des Michelettes;48,6572550;2,9103090
8548;202000009476;19;7;2020;10:00;1;78;78601;1;2;7;1;Le Coin du Bois;48,6120800;1,8728470
8549;202000009478;19;7;2020;11:15;1;78;78108;1;1;1;7;Route du Grand Maître (Chemin);48,7252020;1,8439220
8550;202000009479;19;7;2020;05:50;2;66;66212;2;6;1;6;Avenue du Marechal Joffre;42,7593020;2,9904270
8551;202000009480;19;7;2020;11:30;1;30;30080;1;1;7;1;D52;44,2848130;3,9765360
8552;202000009481;19;7;2020;13:00;1;05;05101;1;1;1;3;Peyre Queyra (Pelvoux);44,8957990;6,4447260
8553;202000009483;19;7;2020;19:20;1;67;67337;1;1;1;6;D35;48,3590637;7,4262535
8554;202000009484;20;7;2020;15:00;1;03;03290;1;1;1;7;N7;46,6356864;3,2779768
8555;202000009485;19;7;2020;16:00;1;63;63200;1;6;1;6;Rue de Riom;45,8411510;3,2120068
8556;202000009486;19;7;2020;13:30;1;74;74058;2;1;1;-1;D22;46,2956390;6,7815710
8557;202000009487;19;7;2020;09:30;1;38;38494;1;1;1;3;Route de Morestel;45,6884230;5,3568540
8558;202000009488;20;7;2020;11:45;1;38;38442;1;1;1;7;Le Col;45,3041120;5,8316800
8559;202000009489;20;7;2020;09:30;1;69;69203;2;1;7;6;D25;45,7108820;4,4949500
8560;202000009490;19;7;2020;14:53;1;19;19085;1;9;7;3;D1089;45,3184770;1,8414130
8561;202000009491;19;7;2020;23:15;3;35;35343;1;1;1;3;D47;47,8782120; -1,5648580
8562;202000009493;18;7;2020;12:00;1;13;13215;1;1;1;3;A55-Sens Martigues vers Marseille;43,3473170;5,3448520
8563;202000009494;19;7;2020;03:26;3;13;13211;1;1;1;3;A50-Sens Aubagne vers Marseille;43,2876930;5,4400650
8564;202000009495;17;7;2020;10:09;1;13;13028;1;1;1;5;A50;43,1929749;5,6519355
8565;202000009496;18;7;2020;11:25;1;69;69266;1;1;1;3;RD383   3.750 A 7.640;45,7607400;4,9095100
8566;202000009497;18;7;2020;23:40;4;33;33550;1;1;1;2;AUTOROUTE A 62;44,7643400; -0,5487500
8567;202000009498;19;7;2020;12:45;1;92;92072;1;1;1;6;N118;48,8260196;2,2226045
8568;202000009499;19;7;2020;12:50;1;92;92064;1;1;1;6;A13;48,8382291;2,1910380
8569;202000009500;18;7;2020;15:00;1;93;93053;1;1;1;7;AUTOROUTE A3;48,8803200;2,4510700
8570;202000009501;19;7;2020;11:30;1;77;77450;1;1;1;6;RN104;48,7262334;2,5990477
8571;202000009502;19;7;2020;05:00;3;75;75112;1;1;1;2;A4;48,8200610;2,4597670
8572;202000009503;18;7;2020;19:30;1;77;77083;1;1;1;4;A4.W;48,8334577;2,5932024
8573;202000009504;17;7;2020;18:40;1;94;94079;1;1;1;6;A4;48,8352511;2,5387158
8574;202000009505;4;3;2020;19:55;5;24;24037;2;9;2;7;RUE DES PETITES BOUCHERIES;44,8518000;0,4852000
8575;202000009506;14;1;2020;18:00;5;24;24322;2;1;1;6;ALLEE DU PORT;45,1845000;0,7088000
8576;202000009507;19;7;2020;09:50;1;988;98818;2;1;1;2;RUE AUGUSTE BENEBIG; -22,2701100;166,4540400
8577;202000009508;19;7;2020;03:28;5;988;98818;2;1;2;6;ROUTE DU VELODROME - RUE NIELLY; -22,2918200;166,4455000
8578;202000009509;17;7;2020;09:50;1;974;97409;2;1;1;3;Lefaguyes (chemin); -20,9514329;55,6743676
8579;202000009510;18;7;2020;12:20;1;974;97407;1;1;1;7;Route Nationale 1; -20,9396000;55,3298000
8580;202000009511;17;7;2020;16:45;1;974;97407;2;6;1;3;Avenue de la Commune de Paris; -20,9423280;55,2918400
8581;202000009513;18;7;2020;03:30;5;69;69387;2;1;1;2;CHAMBAUD DE LA BRUYERE              (BD);45,7225700;4,8423700
8582;202000009514;18;7;2020;13:00;1;972;97209;2;1;1;3;MUSIQUE (RUE DE LA);14,6183800; -61,0513300
8583;202000009515;17;7;2020;17:10;1;972;97209;1;1;1;3;JAMBETTE (ROUTE DE);14,6428700; -61,0434000
8584;202000009516;18;7;2020;19:00;1;69;69384;2;1;1;6;HERBOUVILLE (D')                    (CO);45,7727900;4,8382700
8585;202000009517;18;7;2020;03:10;5;971;97113;1;4;1;1;RN4 - SECTION RIVIERA;16,2175540; -61,4944590
8586;202000009518;14;7;2020;11:10;1;971;97101;2;1;1;6;Frédéric JALTON;16,2744803; -61,5038157
8587;202000009520;18;7;2020;18:00;1;91;91657;2;3;1;6;EUGENE VARLIN (RUE);48,7041250;2,4177210
8588;202000009521;18;7;2020;20:01;1;91;91174;2;1;1;7;PRESIDENT ALLENDE (RUE DU );48,5984500;2,4762800
8589;202000009522;18;7;2020;22:45;5;83;83069;2;7;1;5;ROBIN ( QUAI DU DOCTEUR );43,0830900;6,1571800
8590;202000009523;19;7;2020;01:50;5;83;83118;1;1;1;7;BOULEVARD CHRISTIAN LAFON;43,4202730;6,7874810
8591;202000009524;17;7;2020;17:30;1;78;78646;2;1;1;3;ETATS GENERAUX (RUE DES);48,7998800;2,1329200
8592;202000009525;18;7;2020;02:20;5;76;76108;2;2;1;3;JUIN. AVENUE DU MARECHAL;49,4621000;1,1224600
8593;202000009526;18;7;2020;22:15;5;74;74298;2;1;1;2;TANINGES (ROUTE DE );46,1873006;6,2717718
8594;202000009527;18;7;2020;06:45;1;69;69266;2;2;1;1;4 AOUT 1789    (Rue du);45,7666000;4,9026000
8595;202000009528;18;7;2020;19:10;1;64;64445;2;3;1;3;ALSACE LORRAINE D';43,3054400; -0,3745000
8596;202000009529;18;7;2020;09:10;1;64;64024;2;1;1;3;HARDOY (RUE DE);43,4928700; -1,5041400
8597;202000009530;18;7;2020;12:39;1;54;54274;2;1;1;6;REPUBLIQUE (RUE DE LA);48,6684844;6,2080662
8598;202000009531;18;7;2020;14:20;1;42;42095;2;1;1;-1;Rue du Professeur Calmette;45,3937062;4,2926393
8599;202000009532;17;7;2020;16:30;1;38;38169;2;1;1;3;Boulevard Joliot Curie;45,2005300;5,6906400
8600;202000009533;19;7;2020;00:05;5;37;37261;2;1;1;-1;WAGNER (BOULEVARD RICHARD);47,3755506;0,7089397
8601;202000009534;19;7;2020;01:40;5;34;34003;2;1;1;6;RD612;43,2973400;3,4736600
8602;202000009535;18;7;2020;10:40;1;30;30189;2;1;1;2;DION BOUTON (COURS);43,8121800;4,3383500
8603;202000009536;18;7;2020;20:45;1;29;29232;2;2;1;1;Rue de Falkirk;47,9964524; -4,1085957
8604;202000009537;18;7;2020;01:00;5;26;26362;2;1;1;1;34 Avenue de Marseille;44,9009100;4,8820700
8605;202000009538;16;7;2020;18:07;1;14;14437;2;1;1;3;MENDES FRANCE  (AVENUE PIERRE );49,1700700; -0,3239800
8606;202000009539;18;7;2020;21:30;5;13;13075;2;1;1;6;GENERAL DE GAULLE (MAIL);43,3428900;5,4674100
8607;202000009540;18;7;2020;03:30;5;13;13201;2;3;1;2;BRETEUIL (RUE)    2 A 18;43,2924800;5,3749570
8608;202000009541;17;7;2020;21:40;5;13;13216;2;6;1;6;LITTORAL (CHEMIN DU);43,3532900;5,3370000
8609;202000009542;18;7;2020;12:00;1;13;13028;1;1;1;-1;BODIN (AVENUE EMILE);43,1971470;5,5930490
8610;202000009543;18;7;2020;08:20;1;13;13028;2;1;1;3;BODIN (AVENUE EMILE);43,1946020;5,5996260
8611;202000009544;18;7;2020;22:35;5;10;10081;2;1;1;1;JEAN MERMOZ (RUE);48,3132900;4,0387500
8612;202000009545;18;7;2020;14:33;1;10;10362;2;1;1;6;GABRIEL THIERRY (RUE);48,2985400;4,0444600
8613;202000009546;19;7;2020;01:15;3;09;09225;1;1;9;6;BELPECH ROUTE DE;43,1169400;1,6336100
8614;202000009547;18;7;2020;18:50;1;06;06088;2;1;1;2;DELVALLE (RUE PROF.);43,7213840;7,2837960
8615;202000009548;18;7;2020;17:30;1;06;06088;2;1;1;3;MADELEINE (BD DE LA);43,6962400;7,2417600
8616;202000009551;16;7;2020;14:30;1;75;75118;2;1;1;3;BOULEVARD PERIPHERIQUE;48,9007010;2,3344520
8617;202000009552;16;7;2020;13:10;1;75;75118;2;3;1;2;RUE ORDENER;48,8905020;2,3552990
8618;202000009553;18;7;2020;17:50;1;75;75118;2;3;1;6;BOULEVARD BARBES;48,8852640;2,3495260
8619;202000009554;18;7;2020;15:51;1;75;75118;2;2;1;2;AVENUE DE SAINT OUEN;48,8913340;2,3268860
8620;202000009555;18;7;2020;03:25;5;75;75117;2;2;1;3;AVENUE DE LA PORTE DE CLICHY;48,8969210;2,3103200
8621;202000009556;18;7;2020;00:07;5;75;75117;2;1;1;6;AVENUE DE CLICHY;48,8843360;2,3270470
8622;202000009557;18;7;2020;16:40;1;75;75116;2;1;1;6;AVENUE DU MAHATMA GANDHI;48,8764190;2,2646080
8623;202000009558;18;7;2020;03:00;5;75;75114;2;1;1;7;BOULEVARD BRUNE;48,8270830;2,3078110
8624;202000009559;18;7;2020;16:27;1;75;75113;2;2;1;3;QUAI PANHARD ET LEVASSOR;48,8322350;2,3797680
8625;202000009560;17;7;2020;21:30;2;75;75113;2;4;1;4;BOULEVARD PERIPHERIQUE;48,8210260;2,3773230
8626;202000009561;18;7;2020;18:05;1;75;75108;2;5;1;7;RUE DE COURCELLES;48,8780280;2,3052990
8627;202000009562;18;7;2020;06:00;2;75;75104;2;1;1;7;QUAI DE L HOTEL DE VILLE;48,8545940;2,3544680
8628;202000009563;18;7;2020;20:00;1;94;94074;2;9;1;6;SALVADOR ALLENDE (AV);48,7492970;2,4644280
8629;202000009564;18;7;2020;17:45;1;93;93078;2;1;1;6;SCHWEITZER (RUE DU DOCTEUR);48,9589805;2,5427452
8630;202000009565;17;7;2020;17:35;1;93;93066;2;1;1;6;WILSON (AVENUE DU PRESIDENT);48,9105700;2,3577800
8631;202000009566;18;7;2020;18:50;1;93;93077;2;3;1;1;R DU GROS BUISSON / R ALEXIS CARREL;48,8900500;2,4925000
8632;202000009567;18;7;2020;17:45;1;93;93077;2;1;1;6;AV DU GENERAL GALLIENI;48,8931800;2,5030300
8633;202000009568;18;7;2020;14:45;1;93;93053;2;3;1;3;PARC (RUE DU);48,8945626;2,4437148
8634;202000009569;18;7;2020;01:00;5;93;93051;2;1;1;1;RTE DE NEUILLY;48,8512000;2,5343200
8635;202000009570;18;7;2020;05:00;1;93;93008;2;9;1;2;SEMARD (RUE PIERRE);48,9124134;2,4463713
8636;202000009572;18;7;2020;09:10;1;92;92049;2;1;1;7;BRIAND AVENUE ARISTIDE N°2 A 114;48,8167400;2,3256900
8637;202000009574;6;7;2020;17:45;1;22;22050;2;1;1;6;Rue Thiers;48,4546560; -2,0487520
8638;202000009575;19;7;2020;01:30;3;02;02060;1;1;1;2;A29;49,8440300;3,0874590
8639;202000009576;18;7;2020;09:25;1;40;40304;2;3;7;3;Avenue Edmond Rostand;43,6631610; -1,4200580
8640;202000009578;17;7;2020;13:45;1;68;68162;2;3;1;3;D10;48,1353300;7,2659180
8641;202000009579;16;7;2020;13:00;1;974;97412;1;1;1;7;Route de Bel Air; -21,3386880;55,5916190
8642;202000009580;18;7;2020;19:30;1;01;01347;2;2;7;3;D936;45,9614650;4,7724870
8643;202000009581;19;7;2020;10:00;1;74;74152;1;1;1;5;Route de Poisy;45,9038590;6,0320410
8644;202000009582;19;7;2020;13:55;1;44;44210;1;1;1;7;N171 - PR 87+600;47,3143150; -2,1990040
8645;202000009583;17;7;2020;19:10;1;44;44089;1;9;1;7;Malville;47,3461580; -1,8634700
8646;202000009585;19;7;2020;16:35;1;57;57321;1;1;1;3;D44;48,7022160;7,0445220
8647;202000009586;18;7;2020;19:30;1;62;62566;2;1;1;6;Rue du Croq Ouest;50,6782920;1,8671930
8648;202000009587;18;7;2020;12:45;1;82;82102;1;1;1;7;D3;44,0122930;0,8618900
8649;202000009588;19;7;2020;16:45;1;89;89235;1;1;1;6;Route de Magny;47,4782833;3,9526765
8650;202000009589;19;7;2020;12:03;1;61;61426;1;3;1;3;La Soufletiere;48,3575040;0,5446820
8651;202000009590;29;6;2020;12:20;1;61;61432;1;1;1;6;D926;48,7589330;0,6740500
8652;202000009591;19;7;2020;11:00;1;61;61474;1;1;1;6;D14;48,7632050;0,1757810
8653;202000009592;18;7;2020;16:15;1;55;55008;1;1;1;6;D618;49,2434920;5,6671430
8654;202000009593;19;7;2020;16:19;1;55;55215;2;1;1;6;44 Rue General Leclerc;48,5139580;5,5031770
8655;202000009594;18;7;2020;11:10;1;34;34150;2;1;1;6;Ancienne Route de Sète;43,3193160;3,5468030
8656;202000009595;18;7;2020;18:45;1;22;22181;2;4;7;1;1 Le Bout du Pont;48,2243029; -3,1782572
8657;202000009596;18;7;2020;22:43;5;25;25228;2;9;1;7;20 Rue Armand Japy;47,5154760;6,8694590
8658;202000009597;19;7;2020;11:15;1;35;35078;1;2;7;3;D797;48,6019210; -1,7108790
8659;202000009598;19;7;2020;07:00;1;02;02294;1;1;1;7;N2;49,5206670;3,5868000
8660;202000009599;18;7;2020;10:20;1;03;03273;1;6;1;3;;46,2055257;3,4452380
8661;202000009600;18;7;2020;10:45;1;15;15248;1;1;1;1;chemin chamartel - le Che;45,0612150;2,8731180
8662;202000009601;18;7;2020;12:30;1;26;26345;1;1;1;6;Route de Baume ;44,3012820;4,8368380
8663;202000009602;18;7;2020;15:30;1;26;26069;1;1;1;5;Route du Col de Rousset, ;44,8255300;5,3863480
8664;202000009603;19;7;2020;03:00;3;58;58291;1;1;1;6;D194;46,9107940;3,5048480
8665;202000009604;19;7;2020;11:35;1;83;83007;1;1;1;1;4128 Route de Verignon;43,6576580;6,2220380
8666;202000009605;17;7;2020;12:40;1;09;09140;1;1;1;7;D613;42,7511130;1,8474300
8667;202000009606;19;7;2020;12:15;1;45;45193;1;1;1;7;D7-PR 21 + 900;47,7658110;2,0847630
8668;202000009607;19;7;2020;05:00;3;45;45272;1;1;1;1;D 2020, PR 39+100;47,8155100;1,9274250
8669;202000009608;19;7;2020;18:50;1;73;73151;1;3;7;3;D1090;45,5095958;6,0048561
8670;202000009609;18;7;2020;16:15;1;43;43140;1;1;1;5;Route de la Chartreuse;45,0565240;3,9150600
8671;202000009610;18;7;2020;21:40;2;16;16135;1;1;1;1;La Procession;45,6515180;0,5288350
8672;202000009611;17;7;2020;16:50;1;07;07139;1;1;6;6;Le Chambon de l'Homme;44,7560330;4,3436280
8673;202000009612;19;7;2020;02:40;3;24;24237;1;6;1;6;Chemin de la Tour Cyrano;44,8886240;0,5511620
8674;202000009613;17;6;2020;17:45;1;37;37231;1;2;1;3;D69;47,5522225;0,4377567
8675;202000009614;17;7;2020;19:10;1;37;37231;1;1;7;3;;47,5971347;0,5268288
8676;202000009615;19;7;2020;11:15;1;30;30009;1;1;1;1;D999;43,9784870;3,4170060
8677;202000009616;18;7;2020;19:45;1;48;48075;1;1;1;7;D31;44,3825820;3,5208180
8678;202000009617;18;7;2020;18:00;1;18;18190;1;1;1;7;A71;47,1285820;2,1891040
8679;202000009618;18;7;2020;15:10;1;74;74064;1;1;1;2;Route de Cluses;46,0821910;6,5797810
8680;202000009619;19;7;2020;11:10;1;69;69264;1;1;1;-1;A6;45,9981780;4,7357140
8681;202000009620;18;7;2020;10:00;1;13;13118;1;1;1;4;A8;43,5522960;5,2481170
8682;202000009621;18;7;2020;23:50;3;988;98833;1;1;1;6;RPN3/KOUAOUA; -21,4382390;165,8244500
8683;202000009622;19;7;2020;08:30;1;78;78164;1;1;1;6;Route de Saint Arnoult;48,5972920;1,9280220
8684;202000009623;19;7;2020;12:00;1;2B;2B042;2;9;1;3;route des marines de BORGO - à hauteur du 4674 entrée du lotssement des sables de BIGUGLIA;42,5961860;9,4969080
8685;202000009624;19;7;2020;18:15;1;30;30130;1;1;1;1;RD 278;44,3180990;3,9666280
8686;202000009625;18;7;2020;16:50;1;69;69239;1;1;1;7;D313;45,9093550;4,5141070
8687;202000009626;19;7;2020;04:30;3;85;85298;1;1;1;7;Le Moulin de la Flaivière;46,5880500; -1,7301500
8688;202000009627;19;7;2020;01:15;3;85;85003;1;2;1;3;Route de Martinet;46,7015500; -1,6573600
8689;202000009628;19;7;2020;08:20;1;72;72154;2;1;7;3;Boulevard de Montréal;47,6977380; -0,0747020
8690;202000009630;18;7;2020;17:20;1;29;29057;1;1;1;5;D783 - 114 Lieu Dit Kerdiles;47,9331190; -3,9845020
8691;202000009631;18;7;2020;14:00;1;35;35098;1;1;1;7;l'hotel roux;47,7548028; -1,6819899
8692;202000009632;18;6;2020;18:00;1;19;19275;1;1;2;7;R.D. 982 SUD;45,5157700;2,3049300
8693;202000009633;18;6;2020;23:00;5;13;13206;2;3;1;3;PRADO (AVENUE DU);43,2697462;5,3868601
8694;202000009634;18;6;2020;11:50;1;13;13201;2;1;1;3;RIVE NEUVE (QUAI DE);43,2923000;5,3657000
8695;202000009635;18;6;2020;12:50;1;13;13203;2;1;1;6;NATIONAL (BOULEVARD);43,3089130;5,3805980
8696;202000009636;18;6;2020;10:30;1;13;13211;2;1;1;2;SAINT MARCEL (BOULEVARD DE );43,2876580;5,4648160
8697;202000009638;17;6;2020;19:10;1;13;13207;2;1;1;5;CORDERIE (BOULEVARD DE LA);43,2903430;5,3691250
8698;202000009639;17;6;2020;07:45;1;13;13208;2;6;1;6;ALAIN SAVARY (ROND-POINT);43,2459212;5,3946110
8699;202000009640;16;6;2020;08:40;1;13;13201;2;2;1;3;DUGOMMIER (BOULEVARD)     1 A 29;43,2976400;5,3810400
8700;202000009641;16;6;2020;21:00;2;11;11262;2;3;1;7;CAMELLE (RUE CALIXTE);43,1882430;3,0121010
8701;202000009642;18;6;2020;08:55;1;10;10387;2;6;1;3;MARIE DE CHAMPAGNE (RUE);48,3070180;4,0596280
8702;202000009643;18;6;2020;14:55;1;06;06088;2;1;1;6;VEROLA (AV. AUGUSTE);43,7105000;7,1896000
8703;202000009644;18;6;2020;14:15;1;06;06088;2;1;1;2;GIOFFREDO (R.);43,7013000;7,2759210
8704;202000009645;18;6;2020;02:38;5;06;06088;2;1;1;7;CROTTI (DESCENTE);43,6973000;7,2737000
8705;202000009646;19;6;2020;00:10;5;06;06083;2;1;1;1;SERRES DE LA MADONE (ROUTE DES, N° 115 E;43,7751990;7,4742910
8706;202000009647;18;6;2020;08:40;1;06;06069;2;1;1;1;VICTORIA (AVENUE ET TRAVERSE);43,6666180;6,9364500
8707;202000009648;17;6;2020;15:30;1;05;05061;2;6;1;3;Bernard GIVAUDAN (Avenue) D900B;44,5431000;6,0651300
8708;202000009649;14;6;2020;11:45;1;04;04112;2;1;1;6;379 av Georges Pompidou;43,8244200;5,7844610
8709;202000009650;18;6;2020;16:35;1;01;01053;2;1;1;5;SAINT NICOLAS ( BD ) IMPAIR;46,2029400;5,2333400
8710;202000009651;18;6;2020;09:00;1;75;75118;2;1;1;5;PORTE DE CLIGNANCOURT;48,9010470;2,3440000
8711;202000009652;18;6;2020;07:20;1;75;75119;2;1;1;3;PORTE DES LILAS;48,8828090;2,4008190
8712;202000009653;17;6;2020;18:20;1;75;75117;2;1;1;2;PORTE D ASNIERES;48,8895910;2,2974170
8713;202000009654;15;6;2020;13:55;1;75;75119;2;4;1;2;BOULEVARD PERIPHERIQUE;48,8929240;2,3954450
8714;202000009655;18;6;2020;09:10;1;75;75101;2;3;1;3;RUE DE RIVOLI;48,8652960;2,3272950
8715;202000009656;18;6;2020;05:01;2;75;75101;2;2;1;3;QUAI FRANCOIS MITTERRAND;48,8601110;2,3333480
8716;202000009657;18;6;2020;20:55;1;75;75120;2;2;1;3;RUE DES GRANDS CHAMPS;48,8516590;2,4070020
8717;202000009658;18;6;2020;16:50;1;75;75119;2;4;1;6;RUE DE BELLEVILLE;48,8724170;2,3780970
8718;202000009659;18;6;2020;18:45;1;75;75119;2;1;1;7;BOULEVARD SERURIER;48,8952640;2,3941580
8719;202000009660;18;6;2020;02:38;5;75;75118;2;3;1;6;BOULEVARD DE CLICHY;48,8844200;2,3305520
8720;202000009662;17;6;2020;18:50;1;75;75116;2;1;1;2;RUE DE LONGCHAMP;48,8673380;2,2778740
8721;202000009663;30;5;2020;13:50;1;75;75116;2;7;1;3;PLACE DU TROCADERO ET DU 11 NOVEMBRE;48,8634108;2,2869520
8722;202000009664;18;6;2020;07:50;1;75;75114;2;3;1;3;AVENUE DE LA PORTE DE CHATILLON;48,8238550;2,3177160
8723;202000009665;17;6;2020;22:38;5;75;75114;2;1;1;6;BOULEVARD ARAGO;48,8345590;2,3357320
8724;202000009666;17;6;2020;19:10;1;75;75114;2;1;1;3;RUE DU COMMANDANT RENE MOUCHOTTE;48,8388210;2,3204640
8725;202000009667;17;6;2020;16:45;1;75;75114;2;1;1;3;BOULEVARD BRUNE;48,8270830;2,3078310
8726;202000009668;18;6;2020;19:35;1;75;75113;2;2;1;3;RUE DES PEUPLIERS;48,8215970;2,3525500
8727;202000009669;18;6;2020;09:35;1;75;75112;2;7;1;3;RUE FABRE D EGLANTINE;48,8478530;2,3958270
8728;202000009671;18;6;2020;08:50;1;75;75109;2;2;1;6;RUE DE LA CHAUSSEE D ANTIN;48,8762520;2,3318660
8729;202000009672;17;6;2020;15:25;1;75;75109;2;7;1;2;RUE HALEVY;48,8711230;2,3322990
8730;202000009673;18;6;2020;20:20;1;75;75108;2;2;1;3;RUE DE BASSANO;48,8713960;2,2999850
8731;202000009675;18;6;2020;18:00;1;75;75103;2;3;1;7;RUE DU PARC ROYAL;48,8583470;2,3638450
8732;202000009676;17;6;2020;22:45;5;94;94081;2;1;1;2;FONTAINEBLEAU (RTE DE);48,7764020;2,3676650
8733;202000009677;18;6;2020;22:45;5;94;94081;2;1;1;2;FONTAINEBLEAU (RTE DE);48,7766370;2,3676500
8734;202000009678;18;6;2020;14:00;1;94;94028;2;1;2;6;TASSIGNY(AVE DU MARECHAL DE LATTRE DE);48,7990080;2,4538464
8735;202000009679;16;6;2020;14:00;1;93;93066;2;1;1;2;CYGNE;48,9354327;2,3573085
8736;202000009680;18;6;2020;19:15;1;93;93051;2;6;1;2;AV PAVE NEUF;48,8403715;2,5590863
8737;202000009681;18;6;2020;11:05;1;93;93049;2;1;1;7;GALLIENI (BOULEVARD);48,8533000;2,5152000
8738;202000009682;18;6;2020;14:20;1;93;93048;2;2;1;3;HENRI BARBUSSE (BOULEVARD);48,8684000;2,4415000
8739;202000009683;18;6;2020;11:50;1;93;93048;2;3;1;3;ROSNY (RUE DE);48,8606422;2,4439377
8740;202000009684;18;6;2020;14:15;1;93;93031;2;1;1;2;FOCH (BOULEVARD);48,9472000;2,3341617
8741;202000009685;18;6;2020;18:30;1;92;92026;2;1;1;3;GEORGES CLEMENCEAU;48,9028000;2,2735000
8742;202000009686;17;6;2020;01:51;5;92;92060;2;3;1;6;MOULIN FIDEL (RUE DU);48,7755992;2,2631202
8743;202000009688;19;6;2020;08:55;1;95;95134;1;1;1;4;D301;49,1353180;2,2553520
8744;202000009689;19;6;2020;08:20;1;83;83058;1;1;7;3;Route de Salernes;43,5447730;6,3153310
8745;202000009690;16;6;2020;18:50;1;86;86260;1;2;3;3;D72;46,9102359;0,3526746
8746;202000009691;17;6;2020;14:00;1;06;06019;2;3;1;3;D2204;43,7719550;7,3330360
8747;202000009692;18;6;2020;19:15;1;28;28173;2;1;1;3;44 grande rue;48,4699050;1,5378610
8748;202000009693;19;6;2020;14:45;1;60;60479;1;1;1;5;Route Departementale 136;49,2072310;2,8579580
8749;202000009694;19;6;2020;10:30;1;83;83070;2;1;1;3;Avenue André Gide;43,1385340;6,3738350
8750;202000009695;16;6;2020;15:15;1;62;62631;2;1;1;-1;5 Route Nationale;50,3067680;2,2948550
8751;202000009696;18;6;2020;22:05;5;83;83096;1;1;1;2;Dn7;43,4702556;5,7758657
8752;202000009697;20;5;2020;19:30;1;83;83087;1;6;1;3;d560;43,3952900;5,7999590
8753;202000009698;18;6;2020;23:45;3;56;56130;1;1;1;6;Lieu Dit Kerviherne;47,7392700; -3,2713770
8754;202000009700;19;6;2020;13:25;1;63;63003;2;1;1;3;97 Avenue de Lyon;45,5441440;3,7543150
8755;202000009701;18;6;2020;23:30;3;55;55263;2;1;8;6;15 Rue Molguson;48,8594990;5,4853210
8756;202000009702;18;6;2020;23:45;5;47;47144;2;4;1;6;D227;44,5914950;0,3972780
8757;202000009703;19;6;2020;01:00;3;41;41074;1;1;1;7;La Vallee des Ouches;47,5775100;1,6701470
8758;202000009704;18;6;2020;16:30;1;25;25434;2;1;1;2;RUE DE LA CORVÉE;47,1074330;6,1389540
8759;202000009705;17;6;2020;15:20;1;84;84133;1;3;1;3;RD9;43,7273170;5,5086940
8760;202000009706;19;6;2020;12:10;1;03;03236;1;1;1;3;96 Route de Bourzat;46,1852679;3,4242035
8761;202000009707;18;6;2020;15:15;1;15;15098;1;1;1;-1;lieu dit la jureuge;45,2700540;3,0922440
8762;202000009708;19;6;2020;05:15;2;72;72062;1;1;1;7;Le Petit Chene aux Loups;48,2271820;0,6035840
8763;202000009709;18;6;2020;12:28;1;06;06010;1;3;1;1;D3;43,6960460;6,9679480
8764;202000009710;19;6;2020;14:45;1;06;06007;1;1;7;7;1645 Route de Saint Jacques;43,6197160;6,9184250
8765;202000009711;19;6;2020;13:30;1;06;06085;1;1;1;7;Chemin du Coudouron;43,5842820;6,9708360
8766;202000009712;19;6;2020;15:45;1;14;14726;2;1;1;6;Lieu Dit la Criere;48,9104320; -0,8010730
8767;202000009714;19;6;2020;10:10;1;64;64256;2;1;1;3;Route de cambo -- Départementale 10;43,3827610; -1,3207850
8768;202000009715;18;6;2020;16:15;1;73;73010;2;3;1;3;D54 / Impasse du Longeret;45,7903617;5,9427541
8769;202000009716;19;6;2020;12:00;1;16;16300;2;1;1;6;8 Rue de Neufgrange;45,8478910;0,2886240
8770;202000009717;19;6;2020;16:30;1;53;53276;2;3;1;1;intersection D125 et rue des ruisseaux;48,1403790; -0,2911810
8771;202000009718;6;6;2020;01:15;3;21;21562;1;1;1;7;D27;47,5580230;5,3784510
8772;202000009719;19;6;2020;20:00;1;27;27065;2;1;1;6;Rue de la Bertinière;49,3446110;0,3433360
8773;202000009720;19;6;2020;16:20;1;48;48013;1;3;1;3;Zone économique jean-Antoine Chaptal - Lieu dit Redoundels;44,5633750;3,5267720
8774;202000009721;18;6;2020;19:30;1;52;52175;1;1;2;1;RD 67 A PK 2 + 160;48,3564340;5,1680590
8775;202000009722;19;6;2020;10:40;1;49;49373;1;1;2;3;D960;47,1566010; -0,4196260