;Num_Acc;jour;mois;an;hrmn;lum;dep;com;agg;int;atm;col;adr;lat;long
8776;202000009723;5;6;2020;22:30;3;06;06088;1;1;1;2;A8, PK 191+500 chaussée sud;43,7102460;7,1989630
8777;202000009724;19;6;2020;09:55;1;31;31254;2;1;1;6;2286 Route de Baziège;43,5428050;1,5205280
8778;202000009725;19;6;2020;16:35;1;34;34172;1;1;1;6;autoroute 709;43,5972230;3,9124200
8779;202000009726;18;6;2020;16:34;1;62;62121;1;1;1;4;A1;50,1271820;2,8718090
8780;202000009727;24;5;2020;07:30;1;974;97412;1;1;7;7;Cratère Commerson (Volcan); -21,2031780;55,6470390
8781;202000009728;19;6;2020;16:30;1;77;77437;1;1;1;1;Route Nationale 330;49,0433260;2,7946900
8782;202000009730;19;6;2020;09:20;1;83;83047;1;1;1;3;Route de Toulon;43,1405460;6,0450980
8783;202000009731;19;6;2020;09:40;1;83;83115;2;1;1;6;30 Avenue Georges Pompidou;43,3100740;6,6293140
8784;202000009732;18;6;2020;23:15;5;13;13086;2;1;1;6;Allee de l'Huveaune;43,3367570;5,6008840
8785;202000009733;18;6;2020;19:15;1;13;13042;1;6;7;3;D8n;43,2793490;5,6118890
8786;202000009734;19;6;2020;17:30;1;55;55435;2;1;1;3;27 Rue de Gironde;48,7449840;5,0319260
8787;202000009735;19;6;2020;10:00;1;01;01424;1;3;1;1;2096 Route des Echets;45,8726510;4,9374100
8788;202000009736;30;5;2020;19:10;1;44;44215;2;3;1;2;Avenue du Cheminet;47,1749020; -1,5140960
8789;202000009738;18;6;2020;17:45;1;14;14712;2;1;8;5;4 Rue des Anciens Afn;49,1818000; -0,1812770
8790;202000009739;18;6;2020;15:55;1;13;13210;1;1;1;2;A50-Sens Marseille vers Aubagne;43,2847000;5,4172200
8791;202000009740;16;6;2020;09:30;1;13;13001;2;1;1;2;A51-Sens Marseille vers Aix en Provence;43,4911550;5,4073600
8792;202000009741;18;6;2020;08:50;1;13;13215;1;1;1;7;A7-Sens Lyon vers Marseille;43,3685297;5,3608088
8793;202000009742;17;6;2020;12:20;1;13;13215;1;1;1;2;A7-Sens Lyon vers Marseille;43,3660000;5,3606000
8794;202000009743;17;6;2020;14:46;1;13;13211;1;1;1;2;A50-Sens Marseille vers Aubagne;43,2926600;5,4541800
8795;202000009744;18;6;2020;19:50;1;91;91553;1;1;1;6;RN 104;48,6299800;2,4852000
8796;202000009745;18;6;2020;11:20;1;94;94037;1;1;1;2;AUTOROUTE A6A;48,8158000;2,3363000
8797;202000009746;18;6;2020;07:00;1;91;91064;1;1;1;2;RN 118;48,7487000;2,2169000
8798;202000009748;18;6;2020;19:30;1;93;93010;1;1;1;2;AUTOROUTE A3;48,9065200;2,4724700
8799;202000009749;18;6;2020;17:00;1;93;93007;1;1;1;3;AUTOROUTE A1;48,9462700;2,4415300
8800;202000009750;18;6;2020;08:45;1;92;92036;1;1;1;2;AUTOROUTE A86;48,9380000;2,2974100
8801;202000009751;17;6;2020;15:20;1;93;93063;1;1;1;3;AUTOROUTE A3;48,8756900;2,4414600
8802;202000009752;16;6;2020;19:20;1;93;93066;1;1;1;3;AUTOROUTE A86;48,9225000;2,3585000
8803;202000009753;18;6;2020;16:20;1;77;77337;1;1;1;7;A4;48,8301789;2,6136965
8804;202000009754;18;6;2020;13:15;1;77;77373;1;1;1;2;RN104;48,7893900;2,6180500
8805;202000009755;17;6;2020;19:45;1;75;75112;1;1;1;4;A4;48,8186970;2,4571230
8806;202000009756;17;6;2020;11:40;1;75;75112;1;1;1;4;A4;48,8252670;2,4638280
8807;202000009757;5;1;2020;15:50;1;12;12254;1;3;1;2;RD840 PK010+000;44,4071870;2,4901800
8808;202000009758;11;1;2020;11:25;1;92;92025;2;3;1;6;STALINGRAD (AV DE);48,9300520;2,2677220
8809;202000009759;17;6;2020;20:45;5;988;98818;2;1;1;6;GARNIER (RUE JULES); -22,2896100;166,4416300
8810;202000009760;15;6;2020;00:40;5;974;97411;2;9;1;5;Route Nationale 2; -20,8863000;55,4936800
8811;202000009761;17;6;2020;08:00;1;974;97409;1;1;1;5;PENTE SASSY (chemin de la); -20,9634100;55,6588700
8812;202000009762;16;6;2020;17:20;1;974;97407;1;1;1;4;ROUTE NATIONALE N° 1; -20,9523100;55,3168000
8813;202000009763;17;6;2020;19:45;1;69;69387;2;1;1;3;LORTET                              (R );45,7424727;4,8396157
8814;202000009764;17;6;2020;17:45;1;69;69259;2;1;2;2;FRANCIS DE PRESSENSE                (AV);45,7111000;4,8751200
8815;202000009765;17;6;2020;12:52;1;972;97213;1;1;1;2;AUTOROUTE A1;14,6181000; -61,0344000
8816;202000009766;17;6;2020;09:00;1;972;97213;1;1;1;3;ROUTE NATIONALE 5;14,5981000; -60,9990000
8817;202000009767;17;6;2020;02:20;5;69;69389;2;1;1;3;ARLOING                             (QU);45,7706314;4,8120764
8818;202000009768;16;6;2020;16:20;1;95;95288;2;6;1;3;JULES VINCENT (RUE);48,9832900;2,3428600
8819;202000009769;17;6;2020;19:00;1;95;95018;2;1;1;6;PERI (AVENUE GABRIEL);48,9436676;2,2515543
8820;202000009770;16;6;2020;16:40;1;83;83118;2;9;1;3;Boulevard 36ème Division Texas D559;43,4170000;6,8376000
8821;202000009771;17;6;2020;09:25;1;81;81065;2;1;1;7;ALBERT 1° (AV);43,5988544;2,2315121
8822;202000009772;16;6;2020;03:50;3;79;79191;2;1;2;7;Route de Coulonges;46,3584700; -0,4831100
8823;202000009773;16;6;2020;18:48;1;77;77122;2;9;1;6;ACACIAS (RUE DES);48,6671194;2,5485987
8824;202000009774;14;6;2020;04:15;5;76;76497;1;1;1;2;RN 138;49,3696529;1,0419657
8825;202000009775;16;6;2020;13:14;1;72;72181;2;1;2;3;PANORAMA (RUE DU) N° IMP;47,9616900;0,2139800
8826;202000009776;17;6;2020;09:15;1;68;68224;2;1;1;1;NEPPERT (RUE);47,7545000;7,3383600
8827;202000009777;17;6;2020;03:55;2;67;67482;2;1;1;6;LEO SCHNUG (RUE);48,5392900;7,7651400
8828;202000009778;16;6;2020;17:55;1;63;63300;2;3;1;2;RD 78;45,8846300;3,1228400
8829;202000009779;16;6;2020;09:47;1;63;63113;2;1;1;-1;FRANCE (RUE ANATOLE);45,7778100;3,1054100
8830;202000009780;11;6;2020;09:48;1;63;63075;2;1;1;-1;DESCARTES (RUE);45,7814382;3,0691819
8831;202000009781;8;6;2020;14:13;1;63;63113;1;3;1;3;772 BEAULIEU /puy Long;45,7618800;3,1504800
8832;202000009782;13;6;2020;02:20;5;58;58194;2;1;1;6;EPERON;46,9915000;3,1791000
8833;202000009784;16;6;2020;15:35;1;56;56121;2;1;1;6;SVOB ( BOULEVARD EMMANUEL);47,7504600; -3,3674600
8834;202000009785;16;6;2020;14:30;1;54;54395;2;1;1;3;ARC (RUE JEANNE D' N°53 A 189-60 A 175);48,6830480;6,1737371
8835;202000009786;16;6;2020;17:25;1;49;49328;2;1;2;6;Rue du Thouet;47,2764000; -0,1130500
8836;202000009787;24;1;2020;18:30;1;49;49099;2;1;1;6;LORRAINE (RUE DE);47,0564300; -0,8613600
8837;202000009788;16;6;2020;19:15;1;49;49007;2;1;1;3;ARNAULD ( HENRI) BOULEVARD;47,4716200; -0,5643900
8838;202000009789;16;6;2020;19:04;1;49;49246;2;1;1;3;ECLATERIES HAUT;47,4503500; -0,5231900
8839;202000009790;14;6;2020;18:15;1;40;40192;1;9;1;3;ROCADE EST (RD 932 E);43,8746100; -0,4687100
8840;202000009791;17;6;2020;17:55;1;38;38185;1;1;1;5;A480;45,1758300;5,7022600
8841;202000009792;3;6;2020;11:25;1;38;38053;2;1;1;6;Route de Saint Jean de Bournay;45,5797700;5,2744900
8842;202000009793;17;6;2020;07:55;1;37;37195;2;2;1;2;PRIEURE (AVENUE DU);47,3843833;0,6524293
8843;202000009794;16;6;2020;09:45;1;37;37233;2;1;1;6;FRANCE (RUE ANATOLE);47,3918264;0,7225190
8844;202000009795;17;6;2020;20:50;1;35;35238;2;1;1;3;FREVILLE (AVENUE HENRI);48,0897700; -1,6748700
8845;202000009796;17;6;2020;08:45;1;33;33281;2;4;2;5;AVE PIERRE MENDES-FRANCE / RUE MICHEL DE MONTAIGNE;44,8170410; -0,6341356
8846;202000009798;17;6;2020;09:05;1;31;31555;2;1;1;3;CHE DES ETROITS;43,5727500;1,4393900
8847;202000009799;16;6;2020;08:35;1;31;31555;2;1;1;6;RUE MATABIAU;43,6136800;1,4503000
8848;202000009800;14;6;2020;14:30;1;31;31555;1;1;1;3;RTE D ALBI;43,6452400;1,4691000
8849;202000009801;6;6;2020;13:25;1;27;27229;2;1;1;6;GRAND CARREFOUR (PLACE DU);49,0276567;1,1504940
8850;202000009802;23;5;2020;18:40;1;27;27229;2;1;1;6;RUE VICTORIA MXENGE;49,0087900;1,1588900
8851;202000009803;15;6;2020;21:15;1;22;22360;1;6;1;6;RD700;48,4784397; -2,7681427
8852;202000009804;18;6;2020;00:55;5;13;13210;2;1;1;3;RABATAU (BOULEVARD);43,2808200;5,3994500
8853;202000009805;17;6;2020;17:00;1;13;13208;2;1;1;1;ANDRE ZENATTI (AVENUE);43,2462980;5,3880130
8854;202000009806;17;6;2020;15:35;1;13;13216;2;1;1;1;MARTIN (TRAVERSE);43,3535580;5,3409620
8855;202000009807;17;6;2020;15:30;1;13;13208;2;1;1;6;RAYMOND TEISSERE (RUE);43,2729380;5,3992510
8856;202000009808;17;6;2020;09:55;1;13;13205;2;1;1;6;JEANNE D'ARC (BOULEVARD);43,2935900;5,4021900
8857;202000009809;17;6;2020;06:00;2;13;13209;2;1;1;3;SCHLOESING (BOULEVARD);43,2734330;5,4005470
8858;202000009810;14;6;2020;19:10;1;13;13211;2;1;1;2;SAINT LOUP (BOULEVARD DE);43,2839960;5,4354940
8859;202000009811;17;6;2020;14:30;1;12;12145;1;3;1;1;D911;44,1449580;3,0142680
8860;202000009812;16;6;2020;09:03;1;05;05061;2;3;1;3;JEAN JAURES ( AVENUE );44,5500200;6,0685900
8861;202000009813;17;6;2020;09:35;1;75;75116;2;1;1;3;PORTE D AUTEUIL;48,8465460;2,2546820
8862;202000009814;16;6;2020;22:20;5;75;75120;2;4;1;3;ECHANGEUR BAGNOLET;48,8682820;2,4135150
8863;202000009815;17;6;2020;17:00;1;75;75119;2;3;1;6;QUAI DE LA MARNE;48,8896720;2,3826320
8864;202000009816;17;6;2020;11:10;1;75;75119;2;2;1;3;RUE CURIAL;48,8932680;2,3731370
8865;202000009817;17;6;2020;11:45;1;75;75119;2;4;1;3;BOULEVARD DE LA VILLETTE;48,8751730;2,3736100
8866;202000009818;17;6;2020;04:20;5;75;75119;2;2;1;6;QUAI DE LA LOIRE;48,8879140;2,3799500
8867;202000009819;16;6;2020;16:30;1;75;75118;2;4;8;3;BOULEVARD ORNANO;48,8927070;2,3487530
8868;202000009820;16;6;2020;13:00;1;75;75117;2;2;1;2;RUE JOUFFROY D ABBANS;48,8869360;2,3126420
8869;202000009821;17;6;2020;20:45;1;75;75116;2;3;1;3;AVENUE DE NEW YORK;48,8632190;2,2961810
8870;202000009822;17;6;2020;16:30;1;75;75116;2;3;1;3;AVENUE DE NEW YORK;48,8630000;2,2952170
8871;202000009824;17;6;2020;11:50;1;75;75116;2;1;1;3;AVENUE DU PRESIDENT WILSON;48,8648310;2,2966210
8872;202000009825;17;6;2020;11:20;1;75;75116;2;1;1;3;ALLEE DE LA REINE MARGUERITE;48,8714810;2,2534410
8873;202000009826;28;7;2020;20:02;1;42;42218;2;1;1;3;Boulevard Jules Janin;45,4444992;4,3976295
8874;202000009827;26;7;2020;14:00;1;02;02163;1;1;1;6;Route du Rez;48,9707430;3,2892490
8875;202000009828;14;10;2020;09:30;1;988;98818;2;1;1;2;AVENUE DE LA VICTOIRE H. LAFLEUR; -22,2743900;166,4459800
8876;202000009829;12;10;2020;15:40;1;69;69386;2;2;1;3;MONTGOLFIER                         (R );45,7721000;4,8509000
8877;202000009830;13;10;2020;06:40;3;69;69383;2;3;1;3;PAUL BERT                           (R );45,7561100;4,8727000
8878;202000009833;13;10;2020;14:00;1;91;91161;2;3;8;3;CHARLES DE GAULLE (AVENUE);48,7044870;2,3223120
8879;202000009834;13;10;2020;22:25;5;91;91201;2;1;1;6;ALPHONSE DAUDET(RUE);48,6630300;2,4236100
8880;202000009835;10;10;2020;10:48;1;87;87085;1;1;1;4;RN520;45,8903100;1,2710500
8881;202000009837;11;10;2020;19:15;2;86;86194;2;9;1;4;Avenue du 11 Novembre;46,5672300;0,3659900
8882;202000009838;12;10;2020;13:25;5;85;85194;2;1;1;3;Route de la Mer;46,5453800; -1,8100700
8883;202000009839;13;10;2020;10:20;1;85;85191;2;3;1;6;BELGES BOULEVARD DES;46,6750500; -1,4237300
8884;202000009840;12;10;2020;15:55;1;83;83141;2;9;1;7;TRANS AU PUITS DE BEL EOUVE;43,5061300;6,4964300
8885;202000009841;13;10;2020;18:26;1;79;79259;1;4;2;4;137 Route de Bressuire;46,9475700; -0,2302100
8886;202000009842;13;10;2020;09:20;1;78;78190;2;2;2;3;RONDE (CHEMIN DE);48,8789400;2,1266200
8887;202000009843;6;9;2020;00:40;3;78;78220;1;1;1;6;RN 10;48,7304750;1,8988840
8888;202000009844;12;10;2020;06:50;3;77;77384;1;1;1;7;OURDY (ROUTE D');48,6085680;2,6134590
8889;202000009845;12;10;2020;10:10;1;71;71486;2;1;1;3;JEAN DAMICHEL (RUE);46,6552260;4,3727742
8890;202000009846;12;10;2020;20:40;5;69;69029;2;7;8;7;GEORGES CLEMENCEAU                  (R );45,7519900;4,8996100
8891;202000009847;13;10;2020;12:45;1;69;69266;1;1;1;6;LAURENT BONNEVAY    (Boulevard);45,7871000;4,8789000
8892;202000009848;5;8;2020;19:40;1;69;69266;2;6;1;2;TOLSTOI    (Cours);45,7637900;4,8742000
8893;202000009850;12;10;2020;15:15;1;69;69290;2;1;8;3;HENRI MARECHAL                      (R );45,6960062;4,9416588
8894;202000009851;12;10;2020;18:45;1;65;65440;2;3;1;3;MERMOZ (AVENUE JEAN);43,2449136;0,0589389
8895;202000009852;13;10;2020;16:05;1;64;64545;2;6;2;3;RD810;43,3723600; -1,6815300
8896;202000009853;13;10;2020;08:25;1;64;64445;2;1;2;3;GRAMONT;43,2962500; -0,3750600
8897;202000009855;8;10;2020;13:15;1;60;60414;2;1;1;6;LENINE (RUE);49,2533700;2,4485300
8898;202000009856;14;10;2020;01:25;5;59;59009;2;2;2;3;BREUCQ BOULEVARD DU;50,6170600;3,1353600
8899;202000009857;9;10;2020;18:00;1;59;59165;1;2;1;5;FAUBOURG D'ESQUERCHIN (RUE DU);50,3726100;3,0281400
8900;202000009858;12;10;2020;07:30;2;54;54395;2;3;8;3;BEAUVAU (RUE DE);48,6897316;6,1664428
8901;202000009859;12;10;2020;08:50;1;49;49353;2;1;1;6;JEAN JAURES RUE;47,4434600; -0,4973600
8902;202000009860;8;10;2020;16:00;1;46;46042;1;3;1;3;Départementale 811 (entre Cahors et Merc;44,4918030;1,4061760
8903;202000009861;13;10;2020;14:30;1;45;45302;1;1;2;2;Ancienne Route de Chartres;47,9686800;1,8661000
8904;202000009862;13;10;2020;08:00;1;45;45169;2;3;1;3;Rue du Val d’Orléans - avenue de la coudraye ;47,9208370;1,8374470
8905;202000009863;13;10;2020;07:55;1;45;45234;2;6;2;2;rond-point tangentielle ;47,9244400;1,9397100
8906;202000009864;12;10;2020;08:55;1;41;41018;2;1;1;6;FENELON (RUE);47,5850800;1,3178600
8907;202000009865;13;10;2020;00:10;5;38;38185;2;2;1;2;Avenue Malherbe;45,1689000;5,7324700
8908;202000009866;12;10;2020;19:29;5;38;38151;2;1;1;6;Avenue Edmond Esmonin;45,1591400;5,7263600
8909;202000009867;13;10;2020;08:30;1;37;37195;2;1;2;7;PROUDHON (AVENUE);47,3896042;0,6474027
8910;202000009868;12;10;2020;11:35;1;37;37261;2;1;1;-1;BERT (QUAI PAUL);47,4032072;0,7020752
8911;202000009870;13;10;2020;08:25;1;35;35238;1;1;1;1;CHAMPS ROTIS  (LIEU DIT);48,1385594; -1,7160747
8912;202000009871;13;10;2020;21:04;5;34;34172;2;3;1;3;ESPEYRAN FREDERIC SA;43,6243900;3,8627000
8913;202000009872;11;10;2020;18:10;1;34;34032;2;1;1;6;VERDUN (BD DE);43,3363100;3,2252300
8914;202000009873;9;10;2020;08:40;1;33;33167;2;6;1;3;AVE JEAN ALFONSEA;44,8258300; -0,5277600
8915;202000009874;13;10;2020;08:25;2;33;33167;2;1;2;3;RUE YVES DU MANOIR;44,8397900; -0,5330700
8916;202000009875;13;10;2020;08:35;1;33;33069;2;6;1;6;AVE VICTOR HUGO;44,8700000; -0,5925100
8917;202000009876;4;10;2020;11:55;1;33;33281;2;6;3;6;AVE DE L'YSER;44,8417000; -0,6669400
8918;202000009877;13;10;2020;09:20;1;31;31555;1;1;2;4;24 EMPALOT  (PERIPH OUEST A620);43,5758400;1,4417600
8919;202000009878;12;10;2020;13:10;1;31;31555;2;1;1;3;A62;43,6453000;1,4689900
8920;202000009879;13;10;2020;06:00;5;30;30189;2;2;1;6;LENOIR ETIENNE (RUE);43,8109200;4,3395500
8921;202000009880;12;10;2020;12:25;1;29;29039;2;6;2;1;Rue René Madec;47,8903082; -3,9154267
8922;202000009881;12;10;2020;10:00;1;29;29039;1;1;8;2;Rue Jacques Noel Sané;47,9011700; -3,9111300
8923;202000009882;13;10;2020;17:00;1;27;27681;2;1;1;3;CHAUFFOUR (RUE DE);49,0844500;1,4747400
8924;202000009883;13;10;2020;09:48;1;17;17306;2;1;1;6;EUROPE (COURS DE L');45,6238400; -1,0323400
8925;202000009884;14;10;2020;00:10;5;13;13203;2;1;1;6;GUSTAVES DESPLACES (BOULEVARD);43,3055900;5,3804700
8926;202000009885;13;10;2020;22:00;5;13;13211;2;1;1;5;JEAN LOMBARD (AVENUE);43,2889500;5,4346800
8927;202000009886;13;10;2020;14:50;1;13;13209;2;1;1;2;LÉON LACHAMP (ROUTE);43,2495100;5,4446300
8928;202000009887;12;10;2020;16:20;1;13;13206;2;2;1;3;PRADO (AVENUE DU);43,2840001;5,3848000
8929;202000009888;12;10;2020;16:20;1;10;10333;2;1;1;6;ROCADE OUEST (RD 610);48,2790800;4,0415900
8930;202000009889;13;10;2020;12:36;1;06;06069;2;1;1;7;SIDI BRAHIM (AVENUE);43,6498800;6,9309600
8931;202000009890;13;10;2020;10:17;1;06;06027;2;1;1;6;JUIN BOULEVARD MARECHAL;43,6557000;7,1514000
8932;202000009891;9;10;2020;20:30;5;05;05061;1;1;1;6;D942 A;44,5399200;6,0906400
8933;202000009892;12;10;2020;12:30;1;03;03262;1;1;1;3;Route de la Loue;46,3800053;2,5799726
8934;202000009893;13;10;2020;19:25;2;75;75114;2;4;1;2;ECHANGEUR ORLEANS;48,8192250;2,3290530
8935;202000009894;12;10;2020;16:30;1;75;75120;2;4;1;5;PORTE DE BAGNOLET;48,8635020;2,4134080
8936;202000009896;13;10;2020;18:57;5;75;75105;2;1;1;3;AVENUE DES GOBELINS;48,8373270;2,3515000
8937;202000009897;13;10;2020;14:15;1;75;75119;2;1;8;3;RUE DE ROMAINVILLE;48,8775090;2,4023220
8938;202000009898;13;10;2020;07:40;2;75;75119;2;1;2;3;RUE MEYNADIER;48,8834170;2,3832480
8939;202000009899;12;10;2020;23:00;5;75;75108;2;7;1;3;AVENUE DE WAGRAM;48,8777747;2,2980450
8940;202000009900;13;10;2020;14:45;1;75;75115;2;5;1;2;BOULEVARD LEFEBVRE;48,8297770;2,2955350
8941;202000009901;13;10;2020;00:40;5;75;75114;2;2;2;3;RUE VERCINGETORIX;48,8327340;2,3115240
8942;202000009902;9;10;2020;17:10;1;75;75113;2;1;1;2;RUE DE PATAY;48,8247980;2,3758260
8943;202000009903;13;10;2020;07:35;2;75;75112;2;2;2;3;AVENUE DE LA PORTE DE CHARENTON;48,8316930;2,3978230
8944;202000009904;13;10;2020;16:40;1;75;75111;2;3;1;-1;AVENUE DE LA REPUBLIQUE;48,8641420;2,3802120
8945;202000009905;13;10;2020;21:00;5;75;75110;2;3;1;6;RUE DU FAUBOURG SAINT MARTIN;48,8825430;2,3669300
8946;202000009907;13;10;2020;08:30;1;75;75108;2;1;2;3;BOULEVARD DE COURCELLES;48,8810710;2,3146300
8947;202000009908;13;10;2020;21:20;5;75;75104;2;2;1;6;RUE DE RIVOLI;48,8569430;2,3538180
8948;202000009910;13;10;2020;07:45;1;75;75101;2;3;3;3;BOULEVARD DE SEBASTOPOL;48,8629510;2,3506420
8949;202000009911;12;10;2020;12:06;1;94;94068;2;1;1;7;PORT AU FOUARRE (AV DU);48,7892050;2,4785570
8950;202000009912;13;10;2020;20:10;5;94;94046;2;3;1;6;DIX HUIT JUIN 1940 (R DU);48,8043400;2,4434000
8951;202000009913;13;10;2020;07:35;2;94;94073;2;3;2;3;BAS MARIN (R DU);48,7543900;2,3862200
8952;202000009914;13;10;2020;17:10;1;94;94001;2;1;2;6;SAINT GEORGES (R);48,7228502;2,4206668
8953;202000009915;13;10;2020;18:15;1;94;94017;2;1;1;3;STALINGRAD (BD DE);48,8278200;2,4939300
8954;202000009916;13;10;2020;15:00;1;93;93066;2;1;2;2;VAILLANT COUTURIER PAUL (AV) NR 2 A 110;48,9352720;2,3673997
8955;202000009918;13;10;2020;13:17;1;93;93053;2;1;2;6;VOSGES (RUE DES);48,8905600;2,4477500
8956;202000009919;13;10;2020;07:45;2;93;93053;2;7;2;6;JEANNE D'ARC (PLACE);48,8899163;2,4529850
8957;202000009920;13;10;2020;05:30;5;93;93047;2;2;3;3;PAQUERETTES  (AVENUE DES);48,8985667;2,5504155
8958;202000009922;13;10;2020;11:40;1;93;93005;2;6;2;6;NICOLAS ROBERT (RUE);48,9444624;2,4878796
8959;202000009923;12;10;2020;14:05;1;92;92072;2;1;1;7;TROYON (RUE);48,8249000;2,2283000
8960;202000009924;13;10;2020;18:30;1;92;92048;2;1;1;6;HENRI BARBUSSE (RUE);48,8086169;2,2432843
8961;202000009925;13;10;2020;09:10;1;92;92044;2;2;2;6;J. GUESDE(RUE) 1A23 ET2A28;48,8921900;2,2934700
8962;202000009926;13;10;2020;13:28;1;92;92025;2;1;1;3;LOUIS SEGUIN (BD);48,9356446;2,2507247
8963;202000009927;13;10;2020;05:40;5;92;92024;2;3;2;3;CLICHY (QUAI DE) DE (104 A 202);48,9127494;2,3128033
8964;202000009928;7;10;2020;15:00;1;92;92024;2;1;1;6;MARTRE (RUE) DE (59 A 109)   (58 A 120);48,9035100;2,3057800
8965;202000009930;12;10;2020;18:50;5;974;97415;2;1;1;3;21 Rue Jean Albany; -21,0700820;55,2685250
8966;202000009931;8;10;2020;11:00;1;83;83058;2;1;1;1;D557;43,5370850;6,3975190
8967;202000009932;8;10;2020;14:30;1;41;41167;2;1;1;6;23 Grande Rue;47,5000220;1,1744450
8968;202000009933;21;9;2020;18:45;3;972;97207;1;1;1;1;RN6;14,5998840; -60,9667830
8969;202000009934;12;10;2020;08:30;2;83;83134;2;1;1;6;D10;43,4515640;6,4301350
8970;202000009935;14;10;2020;12:15;1;74;74010;2;3;1;-1;Route des Vernes;45,9432090;6,1280970
8971;202000009936;14;10;2020;08:40;1;62;62233;1;1;1;1;CD 940;50,3640660;1,6537860
8972;202000009937;14;10;2020;18:50;1;44;44038;1;1;1;1;D5;47,1886040; -2,0143600
8973;202000009938;13;10;2020;17:50;1;79;79202;2;1;1;3;10 Avenue du General de Gaulle;46,6482580; -0,2456800
8974;202000009939;14;10;2020;14:50;1;2A;2A085;1;1;3;5;ROUTE TERRITORIALE 40;41,9093600;8,8623940
8975;202000009940;14;10;2020;08:00;1;42;42268;1;1;1;6;Route de Roanne (Amions);45,8744384;4,0399922
8976;202000009941;12;10;2020;14:15;1;42;42130;1;1;2;1;Rue du Forez;45,6669360;4,1734960
8977;202000009942;14;10;2020;08:30;1;35;35306;1;1;1;3;La Lande du Genet;48,5834810; -1,9111610
8978;202000009944;14;10;2020;05:50;3;58;58237;1;1;2;6;Curiot;47,3592670;3,6195070
8979;202000009945;14;10;2020;14:30;1;72;72020;1;1;1;3;D59;48,2315050;0,6657350
8980;202000009946;13;10;2020;17:50;1;72;72344;1;1;2;2;D323;47,9405180;0,1738610
8981;202000009948;13;10;2020;13:15;1;60;60612;2;1;2;6;Rue Saint Hilaire;49,2059380;2,5867970
8982;202000009949;14;10;2020;17:55;1;85;85047;2;1;1;3;65 Rue Carnot;46,8481460; -1,8845260
8983;202000009950;13;10;2020;22:20;3;28;28386;2;1;1;6;5 Rue de Moulu le Mage;48,5541360;1,2963380
8984;202000009951;13;10;2020;17:40;1;87;87011;2;1;2;6;17 Avenue de la Libération;46,1220650;1,0579490
8985;202000009952;14;10;2020;14:20;1;48;48128;1;1;2;6;D806;44,7754490;3,3160040
8986;202000009953;12;10;2020;15:15;1;48;48061;1;1;1;7;D907;44,2833690;3,5878520
8987;202000009954;12;10;2020;21:30;5;973;97311;2;1;1;6;23 Route des Chutes de Voltaire;5,4682450; -54,0294400
8988;202000009955;13;10;2020;11:35;1;91;91044;2;1;2;2;62 Avenue de la Division Leclerc;48,6643540;2,2778270
8989;202000009956;13;10;2020;17:50;1;13;13067;1;1;1;4;Route Nationale 7;43,7706290;5,0578740
8990;202000009957;13;10;2020;09:45;1;13;13053;2;2;1;3;7 Avenue Joliot-curie;43,7281020;5,1780610
8991;202000009958;14;10;2020;11:55;1;13;13100;1;1;1;1;2872 Route de Maillane;43,8145410;4,8110140
8992;202000009959;14;10;2020;09:43;1;88;88321;2;1;1;6;9 Rue Jules Ferry;48,3570120;5,6935360
8993;202000009960;9;10;2020;11:40;1;63;63470;2;1;1;6;50 Rue des Moutys;45,8668420;3,0392540
8994;202000009961;13;10;2020;19:00;5;38;38170;2;1;8;6;Route de Lyon;45,2485530;5,6663000
8995;202000009963;9;10;2020;17:40;1;14;14762;2;1;1;3;Rue de Paris;48,8370620; -0,8790460
8996;202000009964;14;10;2020;09:55;1;60;60409;2;3;1;6;Rue de Froidvent;49,2938090;2,4598210
8997;202000009965;14;10;2020;11:12;1;60;60010;2;1;8;6;Rue Nationale;49,2059060;2,1215200
8998;202000009966;14;10;2020;16:20;1;02;02381;2;2;1;3;Rue Thiers;49,9209530;4,0804180
8999;202000009967;13;10;2020;11:10;1;62;62318;2;3;2;6;Rue du Général Obert;50,5136030;1,6428390
9000;202000009968;14;10;2020;02:24;3;62;62156;1;1;1;6;A16;50,9066460;1,7765240
9001;202000009969;13;10;2020;09:11;1;13;13215;1;1;1;2;A7-Sens Lyon vers Marseille;43,3785619;5,3563734
9002;202000009970;12;10;2020;18:20;1;13;13216;1;1;1;7;A55-Sens Martigues vers Marseille;43,3661600;5,3319100
9003;202000009971;13;10;2020;00:40;3;69;69116;1;1;1;2;M6   447.390 A 447.520;45,8029500;4,7715400
9004;202000009972;12;10;2020;17:50;1;69;69029;1;1;1;4;RD383   7.640 A 11.044;45,7491500;4,9073300
9005;202000009973;13;10;2020;11:25;1;33;33013;1;2;2;5;ROUTE NATIONALE 89;44,8687500; -0,5018900
9006;202000009974;13;10;2020;08:50;1;33;33281;1;1;2;3;ROCADE A 630;44,8173000; -0,6730700
9007;202000009976;11;10;2020;07:45;3;59;59599;1;1;2;2;AUTOROUTE A22;50,7278860;3,1247370
9008;202000009977;11;10;2020;07:30;3;62;62193;1;1;1;6;AUTOROUTE A16;50,9409680;1,8286660
9009;202000009978;8;10;2020;19:50;3;59;59665;1;1;2;6;AUTOROUTE A25;50,9088760;2,4862830