;Num_Acc;jour;mois;an;hrmn;lum;dep;com;agg;int;atm;col;adr;lat;long
9010;202000009979;13;10;2020;21:14;3;92;92002;1;1;1;3;AUTOROUTE A10;48,7340585;2,3142113
9011;202000009980;13;10;2020;14:15;1;91;91340;1;1;8;2;RN 104;48,6087300;2,4356000
9012;202000009982;13;10;2020;10:15;1;91;91235;1;1;2;4;RN 104;48,6241600;2,3715000
9013;202000009983;13;10;2020;08:50;1;91;91521;1;1;2;4;AUTOROUTE A6;48,6411270;2,3932050
9014;202000009984;13;10;2020;07:05;3;94;94038;1;1;1;4;A4;48,7721000;2,3452000
9015;202000009985;13;10;2020;16:10;1;92;92025;1;1;1;2;A86;48,9203092;2,2250283
9016;202000009987;13;10;2020;12:05;1;93;93010;1;1;2;2;AUTOROUTE A3;48,9053100;2,4720000
9017;202000009988;13;10;2020;10:20;1;95;95256;1;1;3;4;RN 184;49,0567100;2,2054700
9018;202000009989;13;10;2020;09:45;1;93;93007;1;9;2;-1;AUTOROUTE A3;48,9206912;2,4796000
9019;202000009990;13;10;2020;09:55;1;93;93053;1;1;2;4;AUTOROUTE A3;48,8805159;2,4519443
9020;202000009991;13;10;2020;07:50;2;92;92036;1;1;2;2;AUTOROUTE A86;48,9386400;2,3014600
9021;202000009992;13;10;2020;07:35;3;95;95018;1;1;2;2; A15;48,9547500;2,2785600
9022;202000009993;12;10;2020;10:45;1;95;95061;1;1;1;6;RN 104;49,0681094;2,2540534
9023;202000009994;12;10;2020;10:40;1;95;95277;1;1;1;2;RD 170 ;48,9774500;2,4629400
9024;202000009995;12;10;2020;08:30;1;93;93064;1;1;1;7;AUTOROUTE A86;48,8786200;2,4763800
9025;202000009996;12;10;2020;05:50;2;95;95527;1;1;1;3; A1;49,0017800;2,5232900
9026;202000009997;13;10;2020;15:45;1;94;94028;1;1;1;2;RN406.W;48,7762000;2,4435000
9027;202000009998;13;10;2020;15:20;1;77;77169;1;1;8;6;VPO.INT;48,8255293;2,6161130
9028;202000009999;12;10;2020;10:30;1;94;94028;1;1;1;2;A86 INT;48,7898800;2,4402916
9029;202000010000;7;2;2020;15:20;1;52;52448;2;1;1;6;ALLENDE (BOULEVARD SAVALDOR) IMPAIR;48,6469100;4,9695300
9030;202000010001;21;7;2020;09:15;1;75;75110;2;3;1;6;QUAI DE JEMMAPES;48,8796340;2,3678070
9031;202000010002;18;6;2020;04:19;3;19;19134;1;1;1;1;A89 - PK 288.000;45,6185550;2,4561150
9032;202000010003;12;10;2020;15:10;1;974;97416;2;1;1;3;ANCIENNE RN 1; -21,3235200;55,4451800
9033;202000010004;12;10;2020;19:55;5;974;97411;2;1;1;6;Boulevard Lancastel; -20,8781400;55,4574700
9034;202000010005;12;10;2020;16:20;1;974;97411;2;2;1;3;VICTOIRE (AVENUE DE LA); -20,8766000;55,4478000
9035;202000010006;12;10;2020;08:08;1;974;97411;1;1;1;2;JAURES (BLD 1 JEAN); -20,8904600;55,4656700
9036;202000010007;12;10;2020;11:00;1;973;97302;2;2;1;2;BRASSE (LIEUTENANT);4,9364200; -52,3324600
9037;202000010008;12;10;2020;10:00;1;973;97302;2;1;1;3;MONTABO (ROUTE DE) 1;4,9445800; -52,3108300
9038;202000010009;12;10;2020;08:05;1;973;97302;2;3;1;3;BADUEL (ROUTE DE);4,9375700; -52,3159100
9039;202000010010;12;10;2020;13:15;1;69;69383;2;3;8;3;;45,7604000;4,8488700
9040;202000010011;12;10;2020;15:50;1;972;97213;2;1;3;2;ROUTE NATIONALE 5;14,5962000; -60,9925000
9041;202000010012;10;10;2020;14:00;1;972;97209;1;1;1;3;BALATA (ROUTE DE);14,6532000; -61,0864000
9042;202000010014;11;10;2020;07:50;1;69;69382;2;9;1;3;JULES COURMONT                      (QU);45,7606894;4,8377967
9043;202000010015;10;10;2020;22:25;5;69;69385;2;2;1;3;JOLIOT CURIE                        (R );45,7546500;4,7885100
9044;202000010016;12;10;2020;06:20;1;971;97101;2;3;1;3;JULIENNE FIATA (RUE);16,2447900; -61,5296300
9045;202000010017;11;10;2020;19:00;5;971;97120;2;3;1;2;PATRICK SAINT ELOI ( AVENUE );16,2566000; -61,5207800
9046;202000010018;12;10;2020;19:10;5;91;91657;2;1;1;5;AV HENRI BARBUSSE;48,7004030;2,4207210
9047;202000010019;18;8;2020;13:10;1;27;27005;1;1;1;7;A13;49,1693800;1,2517680
9048;202000010020;20;8;2020;13:20;1;988;98802;1;1;1;7;RT1/BOULOUPARI; -21,8801180;166,0691860
9049;202000010022;19;8;2020;07:10;1;973;97304;2;1;1;3;Avenue de Pariacabo;5,1551960; -52,6552740
9050;202000010024;15;8;2020;17:20;1;971;97106;2;1;1;1;949 Rue Sylvere Lesueur;16,1463090; -61,7629590
9051;202000010025;17;8;2020;20:18;1;44;44020;2;1;1;6;Zone coté piste aéroport Nantes;47,1577830; -1,6030280
9052;202000010026;19;8;2020;17:30;1;33;33214;1;3;1;3;D6;44,9763160; -1,0535720
9053;202000010027;18;8;2020;21:10;3;45;45278;1;1;1;6;Route de Rogny;47,8098832;2,8362513
9054;202000010028;17;8;2020;18:15;1;77;77370;2;3;2;3;Rue des Acacias;48,2237430;2,7419850
9055;202000010029;19;8;2020;15:45;1;2A;2A247;2;2;1;3;Rue General de Boissoudy;41,6106035;9,2819587
9056;202000010030;19;8;2020;02:30;3;66;66168;2;1;1;6;79 Rue Nationale;42,5520630;2,9726490
9057;202000010031;19;8;2020;20:20;2;34;34157;2;1;1;6;25 Avenue de Pézenas;43,4281660;3,6036120
9058;202000010032;19;8;2020;11:20;1;34;34157;2;1;1;6;40 Route de Montpellier;43,4300790;3,6096310
9059;202000010033;19;8;2020;02:30;4;83;83077;2;1;1;6;D554;43,2714090;5,9750010
9060;202000010034;20;8;2020;13:00;1;06;06128;2;1;1;7;Chemin de Saint Roch;43,7005300;7,1076980
9061;202000010036;18;8;2020;16:00;1;04;04039;1;1;1;4;RD 955;43,8705780;6,5118030
9062;202000010037;19;8;2020;16:00;1;39;39097;2;1;1;6;236 Avenue du Maréchal de Lattre de Tassigny;46,7480430;5,9177470
9063;202000010038;16;8;2020;10:30;1;67;67237;2;3;1;1;D468;48,6786980;7,8585240
9064;202000010039;15;8;2020;12:00;1;67;67098;1;3;1;3;D392;48,5419972;7,4140884
9065;202000010040;17;8;2020;18:15;1;67;67473;1;6;1;3;D422;48,5763300;7,4784280
9066;202000010041;20;8;2020;06:30;1;54;54020;1;1;1;3;D400;48,6040850;6,4171100
9067;202000010042;20;8;2020;13:00;1;54;54397;2;1;1;6;28 Rue Pierre et Marie Curie;48,6145870;6,1139770
9068;202000010043;18;8;2020;16:25;1;74;74056;2;9;1;3;Route des Pélerins;45,9138360;6,8604200
9069;202000010044;19;8;2020;16:25;1;74;74080;2;1;1;3;449 Route des Grandes Alpes;45,9058130;6,4250750
9070;202000010045;19;8;2020;11:30;1;74;74079;1;1;1;3;D12;45,8574580;6,3293000
9071;202000010046;20;8;2020;18:30;1;73;73150;2;3;1;6;D221;45,5089856;6,6801016
9072;202000010047;20;8;2020;08:45;1;73;73197;1;1;1;6;D87;45,5368060;6,7686080
9073;202000010048;19;8;2020;11:30;1;26;26226;1;2;1;3;Route de Nyons;44,4247700;5,0383370
9074;202000010049;15;8;2020;04:00;3;07;07348;1;1;1;6;D579;44,5502030;4,4098730
9075;202000010050;19;8;2020;17:30;1;01;01403;1;1;1;3;16 Rue de l'Eglise;45,8083940;5,4554950
9076;202000010051;20;8;2020;06:20;2;50;50601;1;2;8;3;D551;49,0187370; -1,0347000
9077;202000010052;18;8;2020;14:20;1;56;56007;2;1;1;6;Rue de la Libération;47,6711900; -2,9941000
9078;202000010053;19;8;2020;21:00;2;35;35106;1;1;1;6;RD 82;47,8375830; -1,5784490
9079;202000010055;18;8;2020;19:45;1;60;60148;1;1;1;7;RD19;49,1160470;2,8510230
9080;202000010056;19;8;2020;14:45;1;60;60346;2;1;1;4;Avenue de la Libération;49,1463571;2,4412670
9081;202000010057;18;8;2020;00:42;3;59;59303;2;1;1;7;Rue Madoue;50,5754940;2,8518310
9082;202000010058;19;8;2020;17:15;1;13;13071;1;1;1;2;A7-Sens Lyon vers Marseille;43,4121600;5,2819200
9083;202000010059;19;8;2020;23:15;5;13;13202;2;1;1;6;Tunnel Joliette Marseille vers Aubagne;43,3078800;5,3662800
9084;202000010060;19;8;2020;07:01;2;83;83126;1;1;1;1;A50;43,1194989;5,8612275
9085;202000010061;19;8;2020;03:00;3;69;69029;1;1;1;2;RD383  ;45,7354500;4,9019400
9086;202000010062;19;8;2020;00:55;5;33;33550;1;1;1;2;ROCADE A 630;44,7833600; -0,5426100
9087;202000010063;19;8;2020;12:20;1;93;93048;1;1;1;3;AUTOROUTE A86;48,8637100;2,4827400
9088;202000010064;19;8;2020;10:00;1;75;75112;1;1;1;6;A86 EXT;48,8178140;2,4561420
9089;202000010065;18;8;2020;17:20;1;69;69387;2;1;1;-1;MARSEILLE (DE)                      (R );45,7542200;4,8417600
9090;202000010066;18;8;2020;16:40;1;69;69386;2;1;1;4;CHARLES DE GAULLE                   (QU);45,7824200;4,8474400
9091;202000010067;18;8;2020;09:20;1;69;69387;2;1;1;7;CLAUDE BERNARD                      (QU);45,7541100;4,8390200
9092;202000010068;18;8;2020;07:55;1;69;69259;2;1;1;3;DOCTEUR GEORGES LEVY (DU)           (AV);45,7195000;4,8638000
9093;202000010070;17;8;2020;13:30;1;972;97209;1;1;2;7;JAMBETTE (ROUTE DE);14,6389000; -61,0409700
9094;202000010073;17;8;2020;18:30;1;91;91477;2;9;1;3;VAUVE (AV DE LA);48,7154400;2,1779000
9095;202000010075;17;8;2020;14:46;1;87;87050;1;1;1;6;TEXONNIERAS (RUE DE);45,8729600;1,2125100
9096;202000010076;17;8;2020;19:15;1;85;85194;2;6;1;3;Place du Général Collineau;46,4970700; -1,7823400
9097;202000010077;18;8;2020;01:35;5;83;83069;2;1;1;3;VILETTE (CHEMIN DE LA);43,1055800;6,1268900
9098;202000010078;3;8;2020;07:00;2;78;78643;1;1;1;2;BRETEUIL RUE DE;48,9644500;1,9797900
9099;202000010079;17;8;2020;12:05;1;74;74012;2;6;1;3;SALEVE (RUE DU);46,1902000;6,2329000
9100;202000010080;15;8;2020;18:10;1;68;68297;2;1;1;-1;HUNINGUE ( RUE DE );47,5875600;7,5673900
9101;202000010081;17;8;2020;19:00;2;67;67365;2;1;1;2;LECLERC (RUE DU GENERAL);48,5588000;7,7119500
9102;202000010082;18;8;2020;23:20;5;64;64189;2;3;1;3;BENOIT PIERRE (BOULEVARD);43,3898700; -1,6847400
9103;202000010083;17;8;2020;09:35;1;64;64483;2;1;1;1;SEDERIA ( CHEMIN  DE );43,3943300; -1,6172700
9104;202000010084;17;8;2020;10:25;1;64;64445;2;6;1;3;BACHAGA BOUALAN;43,3163500; -0,3748300
9105;202000010085;17;8;2020;10:15;1;64;64122;2;1;1;7;FLOQUET CHARLES (AVENUE);43,4790461; -1,5551898
9106;202000010086;14;8;2020;20:15;1;64;64122;2;1;1;3;REINE VICTORIA (AVENUE DE LA);43,4852735; -1,5519864
9107;202000010087;17;8;2020;11:20;1;64;64102;2;6;1;6;RENE CUZACQ (RUE);43,4935689; -1,4605993
9108;202000010088;16;8;2020;22:40;5;62;62108;2;2;1;3;HUIT MAI;50,4112800;1,5774600
9109;202000010089;18;8;2020;16:00;1;59;59350;2;1;1;6;SALENGRO ROGER RUE;50,6265950;3,1102570
9110;202000010090;15;8;2020;01:25;3;59;59437;1;6;1;6;HOUPLIN RUE D;50,5703600;3,0154900
9111;202000010091;17;8;2020;12:02;1;54;54159;2;3;1;3;HERMITE (RUE CHARLES L');48,6026000;6,3616000
9112;202000010092;18;8;2020;18:00;1;51;51454;1;1;1;3;Avenue de Champagne;49,2321142;4,0364602
9113;202000010093;17;8;2020;10:54;1;49;49007;2;1;1;7;MOURIN;47,4779600; -0,5477100
9114;202000010094;18;8;2020;18:15;1;44;44109;2;1;1;6;Rue de la Basse Chénaie;47,2406900; -1,5085500
9115;202000010095;28;7;2020;15:25;1;36;36063;2;1;1;4;2 Avenue du Général de Gaulle;46,8255724;1,7001665
9116;202000010097;15;8;2020;22:20;3;28;28021;1;1;1;3;RD 921;48,3721600;1,3384600
9117;202000010098;17;8;2020;17:30;1;25;25056;2;2;1;3;NICOLE  RUE NICOLAS;47,2574600;6,0419100
9118;202000010099;18;8;2020;17:30;1;14;14699;1;1;1;2;BRIQUETTERIE (CHEMIN DE LA);49,3472326;0,0925040
9119;202000010100;17;8;2020;12:05;1;13;13071;1;3;1;-1;RD 543;43,4156800;5,3675400
9120;202000010101;18;8;2020;18:59;1;13;13208;2;1;1;-1;MAZARGUES (AVENUE DE);43,2562200;5,3938700
9121;202000010102;18;8;2020;02:00;5;13;13202;2;1;1;3;PORT (QUAI DU);43,2960349;5,3697771
9122;202000010103;17;8;2020;15:25;1;13;13201;2;2;1;1;CANEBIERE     1 A 79;43,2976000;5,3810000
9123;202000010104;18;8;2020;12:45;1;13;13001;2;2;1;3;MOURET HENRI (AV);43,5188400;5,4334800
9124;202000010105;18;8;2020;15:00;1;12;12145;2;3;1;2;VC POMPIDOU GEORGES;44,0998700;3,0733000
9125;202000010106;13;8;2020;15:45;1;12;12089;1;1;1;1;BOUQUIES LIEU-DIT;44,5838000;2,2321400
9126;202000010107;18;8;2020;08:55;1;06;06088;2;2;1;1;GIOFFREDO (R.);43,6845911;7,2478867
9127;202000010108;18;8;2020;13:30;1;06;06029;2;1;1;3;VERRERIE (RUE DE LA);43,5476100;6,9802400
9128;202000010109;16;8;2020;02:38;4;05;05061;2;1;1;7;FREDERIC MISTRAL ( COURS );44,5582800;6,0744400
9129;202000010110;15;8;2020;15:31;1;05;05061;2;1;1;7;LUYE ( ROUTE DE LA );44,5109928;6,0640240
9130;202000010111;15;8;2020;11:10;1;05;05061;1;1;1;7;Chemin de la Ruche (Gap);44,5501620;6,1058280
9131;202000010112;14;8;2020;16:25;1;05;05061;2;1;1;4;GEORGES POMPIDOU ( BD);44,5572900;6,0809500
9132;202000010113;13;8;2020;16:10;1;05;05061;2;1;1;7;VEYNES ( AVENUE DE  );44,5560300;6,0656300
9133;202000010115;10;8;2020;19:22;1;05;05061;2;1;2;7;FAURE DU  SERRE ( RUE );44,5614400;6,0814000
9134;202000010116;8;8;2020;11:45;1;05;05061;2;1;1;2;EMILE DIDIER ( AV );44,5666900;6,0951700
9135;202000010117;7;8;2020;14:15;1;05;05061;2;1;1;7;LUYE ( ROUTE DE LA );44,5232900;6,0596000
9136;202000010118;4;8;2020;07:30;1;05;05061;2;1;1;7;RN 85;44,5964700;6,0818200
9137;202000010119;30;7;2020;10:30;1;05;05061;2;1;1;3;FRANCOIS MITTERAND (AVENUE);44,5438600;6,0611600
9138;202000010121;25;7;2020;01:00;5;05;05061;2;1;1;6;GUILLAUME FAREL ( AVENUE );44,5579400;6,0707100
9139;202000010122;18;8;2020;01:50;3;01;01344;2;9;1;3;TREVOUX (AVENUE DE);46,2011000;5,2025000
9140;202000010123;18;8;2020;21:15;3;75;75105;2;2;1;5;BOULEVARD DE PORT ROYAL;48,8394700;2,3375760
9141;202000010124;18;8;2020;18:59;1;75;75120;2;2;1;4;RUE DES PYRENEES;48,8526990;2,4061230
9142;202000010125;18;8;2020;15:01;1;75;75119;2;2;1;3;RUE DE CAMBRAI;48,8959210;2,3795190
9143;202000010126;17;8;2020;13:00;1;75;75118;2;7;8;3;PLACE ALBERT KAHN;48,8956400;2,3462970
9144;202000010127;18;8;2020;18:45;1;75;75117;2;3;1;7;RUE FLOREAL;48,9004780;2,3206870
9145;202000010128;16;8;2020;14:00;1;75;75116;2;2;1;3;AVENUE DE LA GRANDE ARMEE;48,8744240;2,2930070
9146;202000010129;18;8;2020;14:30;1;75;75115;2;2;1;3;RUE BLOMET;48,8396520;2,2965310
9147;202000010130;16;8;2020;17:40;1;75;75115;2;1;2;7;BOULEVARD DU MONTPARNASSE;48,8449600;2,3205450
9148;202000010131;18;8;2020;14:45;1;75;75113;2;7;1;6;RUE BOBILLOT;48,8274940;2,3520750
9149;202000010132;17;8;2020;15:15;1;75;75112;2;2;1;3;BOULEVARD DIDEROT;48,8476050;2,3890700
9150;202000010133;18;8;2020;21:24;4;75;75111;2;2;1;3;RUE DU CHEMIN VERT;48,8611080;2,3811500
9151;202000010134;18;8;2020;18:00;1;75;75110;2;2;1;6;RUE GUY PATIN;48,8836950;2,3512490
9152;202000010135;18;8;2020;18:35;1;75;75107;2;7;1;3;PLACE DE LA RESISTANCE;48,8624510;2,3019520
9153;202000010136;18;8;2020;10:45;1;93;93066;2;9;1;4;TREMIES;48,9223100;2,3626800
9154;202000010137;18;8;2020;07:56;1;93;93077;2;1;1;3;GRANDE RUE;48,8827700;2,5147300
9155;202000010138;18;8;2020;09:45;1;93;93053;2;9;1;3;BOBIGNY (AVENUE DE);48,8933110;2,4538402
9156;202000010140;18;8;2020;10:20;1;93;93031;2;1;1;3;AV JOFFRE;48,9613577;2,2961281
9157;202000010141;17;8;2020;11:45;1;93;93027;2;1;1;3;AV MARCEL CACHIN;48,9269200;2,3966900
9158;202000010142;17;8;2020;23:00;5;92;92022;2;3;1;3;SALENGRO (AVENUE ROGER);48,8055760;2,1842000
9159;202000010143;18;8;2020;12:45;1;92;92025;2;1;1;3;STALINGRAD (AV DE);48,9307647;2,2672901
9160;202000010144;15;8;2020;15:00;1;92;92025;2;2;1;3;STALINGRAD (AV DE);48,9339160;2,2557890
9161;202000010146;18;8;2020;18:00;1;92;92007;2;1;1;6;FRERES LUMIERE (RUE DES);48,7900920;2,3110970
9162;202000010147;18;8;2020;19:35;1;13;13214;1;1;1;2;A7-Sens Marseille vers Lyon;43,3374790;5,3769710
9163;202000010148;18;8;2020;18:40;1;13;13215;1;1;1;3;A7-Sens Marseille vers Lyon;43,3588450;5,3624780
9164;202000010149;18;8;2020;14:35;1;13;13026;1;1;1;3;A55-Sens Marseille vers Martigues;43,3810520;5,1588830
9165;202000010150;17;8;2020;19:50;1;69;69266;1;1;1;5;RD383   3.750 A 7.640;45,7751900;4,8986700
9166;202000010151;14;8;2020;15:15;1;54;54232;1;1;1;4; A 31;48,6907100;6,0337800
9167;202000010152;18;8;2020;16:38;1;91;91471;1;1;1;6;RN 118;48,7140000;2,1763000
9168;202000010155;17;8;2020;18:20;1;78;78571;1;1;8;4;A13;48,8741960;2,0239530
9169;202000010156;17;8;2020;11:25;1;78;78043;1;1;2;3;A13W;48,8463740;2,0817200
9170;202000010157;18;8;2020;17:30;1;93;93066;1;1;1;4;AUTOROUTE A1;48,9210600;2,3574300
9171;202000010158;18;8;2020;09:45;1;93;93010;1;1;1;2;AUTOROUTE A3;48,9015000;2,4701100
9172;202000010159;18;8;2020;10:40;1;93;93010;1;1;1;5;AUTOROUTE A3;48,8986300;2,4694900
9173;202000010160;17;8;2020;13:40;1;93;93027;1;1;3;6;AUTOROUTE A86;48,9285100;2,4135900
9174;202000010161;17;8;2020;17:00;1;95;95500;1;1;1;4;AUTOROUTE A15;49,0413700;2,0809600
9175;202000010162;17;8;2020;13:10;1;93;93027;1;1;2;6;BDL;48,9273200;2,4034500
9176;202000010163;17;8;2020;21:00;1;94;94073;1;1;2;7;A86 EXT;48,7628607;2,3813598
9177;202000010164;17;8;2020;19:00;1;94;94017;1;1;1;2;A4;48,8267620;2,5125234
9178;202000010165;16;8;2020;09:25;1;974;97411;2;2;1;3;LECLERC (DU MARECHAL); -20,8803691;55,4573777
9179;202000010166;17;8;2020;08:50;1;69;69383;2;2;1;3;LACASSAGNE                          (AV);45,7464000;4,8857000
9180;202000010167;17;8;2020;11:10;1;69;69259;2;1;1;3;PICARD                              (AL);45,7066500;4,8650900
9181;202000010168;17;8;2020;10:15;1;69;69383;2;2;1;1;LAFAYETTE                           (CO);45,7635500;4,8449400
9182;202000010169;14;8;2020;18:35;1;69;69383;2;3;1;3;TURBIL                              (R );45,7566300;4,8683900
9183;202000010171;17;8;2020;17:50;1;69;69149;2;9;1;7;DUBOIS CRANCE                       (R );45,7116100;4,8194000
9184;202000010172;17;8;2020;14:20;1;69;69389;2;3;1;3;SERGENT MICHEL BERTHET (DU)         (R );45,7660300;4,8054000
9185;202000010173;17;8;2020;16:25;1;971;97101;1;1;1;1;ACHILLE RENE BOISNEUF (RUE);16,2658600; -61,5099500
9186;202000010174;17;8;2020;15:15;1;971;97101;1;9;1;2;COUR CHARNEAU;16,2515645; -61,5294510
9187;202000010175;17;8;2020;11:00;1;95;95018;2;2;2;6;BARBUSSE (RUE HENRI);48,9402280;2,2453060
9188;202000010176;17;8;2020;13:20;1;91;91174;2;6;2;-1;JOHN KENNEDY (BOULEVARD);48,5805900;2,4762410
9189;202000010177;15;8;2020;09:50;1;91;91552;1;1;1;6;NATIONALE 20 (ROUTE);48,5968700;2,2443900
9190;202000010178;14;8;2020;05:00;5;91;91103;2;1;1;6;BABIN (RUE DU DOCTEUR);48,5981200;2,2883800
9191;202000010179;14;8;2020;03:50;5;91;91425;1;6;2;6;TEMPLIERS (ROUTE DES);48,6473800;2,2760000
9192;202000010180;17;8;2020;08:40;1;87;87085;2;1;1;3;COTY (AVENUE DU PRESIDENT RENE);45,8427600;1,2308900
9193;202000010181;16;8;2020;12:14;1;87;87085;2;1;1;3;POIDS-PUBLIC (PLACE DU);45,8284600;1,2584700
9194;202000010183;14;8;2020;19:38;1;87;87085;2;3;1;3;BAUDIN ( AVENUE) (VC);45,8259000;1,2577400
9195;202000010184;16;8;2020;07:50;1;86;86194;2;2;1;3;Rue du Pont Saint Cyprien;46,5765460;0,3451129
9196;202000010185;15;8;2020;00:15;3;85;85194;2;1;1;3;Avenue François Mitterrand;46,5222700; -1,7753000
9197;202000010186;15;8;2020;01:55;5;83;83129;2;1;1;1;Corniche du Cros;43,0794210;5,8053740
9198;202000010187;16;8;2020;08:05;1;83;83069;1;1;1;6;NICE (ROUTE DE);43,1288100;6,1872700
9199;202000010188;19;7;2020;22:00;1;79;79191;2;7;1;6;Place Saint-Jean;46,3213900; -0,4644700
9200;202000010189;15;8;2020;08:10;2;76;76540;2;1;1;6;CORNEILLE. PONT PIERRE;49,4360200;1,0957000
9201;202000010190;14;8;2020;02:15;5;73;73065;2;2;2;3;D1 MOTTE SERVOLEX (AVENUE DE LA);45,5867800;5,8838800
9202;202000010191;16;8;2020;20:40;2;71;71153;2;1;2;7;MARECHAL FOCH (RUE);46,8042700;4,4546769
9203;202000010192;17;8;2020;18:30;1;69;69256;2;9;1;-1;FIORELLO MICOLINI                   (R );45,7762400;4,9142300
9204;202000010193;16;8;2020;20:40;5;67;67482;2;1;1;1;PERIGUEUX (RUE DE);48,5479876;7,7690763
9205;202000010194;14;8;2020;22:50;5;67;67447;2;3;1;3;BISCHWILLER (ROUTE DE);48,6039106;7,7469226
9206;202000010195;14;8;2020;19:42;1;66;66136;2;1;1;2;Départementale 914;42,6737300;2,8884400
9207;202000010196;16;8;2020;16:10;1;64;64237;2;3;1;2;MARECHAL LECLERC DU;43,2820100; -0,3621400
9208;202000010197;16;8;2020;16:40;1;64;64122;2;3;1;7;CRISTOBAL (RUE DE);43,4646654; -1,5683064
9209;202000010198;17;8;2020;08:50;1;64;64140;2;1;1;1;FOIX (AV LOUIS DE);43,5270916; -1,4959517
9210;202000010199;16;8;2020;04:13;5;64;64024;2;9;1;6;BIARRITZ (AVENUE DE);43,4810000; -1,5338000
9211;202000010200;16;8;2020;13:15;1;63;63113;2;2;1;3;JAURES (BD JEAN);45,7679000;3,0841000
9212;202000010201;15;8;2020;14:40;1;59;59178;2;3;1;3;GUYNEMER (RUE GEORGES);50,3720800;3,0547900
9213;202000010202;14;8;2020;23:05;3;59;59165;1;1;2;-1;RD 643;50,3877900;3,0493100
9214;202000010203;1;8;2020;22:41;5;57;57631;2;1;1;7;MONTAGNE (RUE DE LA);49,1001987;7,0511218
9215;202000010204;15;8;2020;17:25;1;56;56121;2;1;1;7;THOREZ (RUE  MAURICE );47,7434000; -3,3936300
9216;202000010205;17;8;2020;18:20;1;51;51454;2;1;7;1;Rue Lanson;49,2453387;4,0566632
9217;202000010206;15;8;2020;15:40;1;50;50502;2;2;1;3;D 972;49,1100700; -1,0551500
9218;202000010207;14;8;2020;14:50;1;50;50602;1;1;2;3;FLEMING (RUE);49,6285500; -1,5914400
9219;202000010208;7;8;2020;22:40;5;49;49328;2;1;1;7;PETON (AVENUE DU DOCTEUR);47,2563100; -0,0763900
9220;202000010209;15;8;2020;14:50;1;49;49267;2;1;1;6;A87N;47,4653600; -0,5164900
9221;202000010210;15;8;2020;19:55;1;49;49007;2;1;1;6;AUBRY FRERES;47,4414000; -0,5511500
9222;202000010211;16;8;2020;20:00;1;49;49007;2;1;1;6;Avenue Victor Châtenay;47,4844500; -0,5177200
9223;202000010213;17;8;2020;03:45;5;45;45285;2;1;1;6;Rue Abbe de l’Epee;47,9166510;1,8746280
9224;202000010214;16;8;2020;18:00;1;44;44109;2;1;1;-1;Rue du Pouliguen;47,2401000; -1,5432300
9225;202000010215;30;12;2020;20:15;5;69;69094;2;6;5;6;16 Route du Col de la Luère;45,7499220;4,6889395
9226;202000010216;30;12;2020;14:15;1;81;81038;1;1;1;3;A 68  sortie 9;43,8769220;1,9056990
9227;202000010218;31;12;2020;11:41;1;16;16415;1;1;1;1;Le Puy du Maine;45,7075470;0,0832240
9228;202000010219;15;12;2020;13:30;1;56;56007;2;6;7;3;Av du Pdt J Fitzgerald Kennedy;47,6704760; -2,9903860
9229;202000010220;31;12;2020;20:40;3;80;80176;1;6;1;6;Cd 934;49,7104110;2,8148600
9230;202000010221;31;12;2020;10:20;1;80;80090;1;1;8;2;a1 120+300;49,8685570;2,8352880
9231;202000010222;30;12;2020;18:45;3;13;13019;1;1;1;6;A51-Sens Marseille vers Aix en Provence;43,4104900;5,3641900
9232;202000010223;24;12;2020;23:30;3;69;69266;1;1;3;4;RD383   3.750 A 7.640;45,7628600;4,9095500
9233;202000010224;30;12;2020;12:20;1;33;33249;1;1;2;6;ROUTE NATIONALE 230;44,8811610; -0,5108580
9234;202000010225;30;12;2020;04:20;3;91;91645;2;9;2;6;AUTOROUTE A86;48,7598840;2,2680860
9235;202000010226;30;12;2020;15:25;1;78;78362;1;1;1;2;A13;48,9759340;1,7220710
9236;202000010227;30;12;2020;02:30;3;78;78043;1;1;1;6;A12 Y;48,8401800;2,0929000
9237;202000010228;29;12;2020;23:35;3;92;92036;1;1;1;6;A86;48,9337136;2,2741573
9238;202000010229;29;12;2020;21:10;3;93;93053;1;1;9;2;AUTOROUTE A3;48,8834500;2,4584900
9239;202000010230;29;12;2020;20:20;3;93;93078;1;1;1;6;AUTOROUTE A104;48,9628500;2,5221600
9240;202000010231;29;12;2020;19:30;3;95;95394;1;1;2;6;A115;49,0493730;2,1817033
9241;202000010232;29;12;2020;15:30;1;93;93027;1;1;3;6;AUTOROUTE A86;48,9352200;2,4037100
9242;202000010233;29;12;2020;10:15;1;95;95018;1;1;1;6; A15;48,9497100;2,2802000
9243;202000010234;2;6;2020;22:10;5;26;26362;2;1;1;6;Rue Denis Papin;44,9264430;4,8921350
9244;202000010235;29;12;2020;11:05;1;974;97411;2;1;1;2;VAUBAN (BOULEVARD); -20,8860300;55,4644600
9245;202000010236;29;12;2020;18:41;5;973;97302;2;3;1;3;MALOUET;4,9358820; -52,3356116
9246;202000010237;29;12;2020;19:30;5;972;97209;2;1;1;6;ADHEMAR MODOCK (BOULEVARD);14,6040700; -61,0738700
9247;202000010238;28;12;2020;12:10;1;971;97113;1;1;1;1;SECTION BESSON;16,2389900; -61,4982200