;Num_Acc;jour;mois;an;hrmn;lum;dep;com;agg;int;atm;col;adr;lat;long
9248;202000010239;20;12;2020;02:14;5;91;91333;2;1;1;6;RUE HEBERT;48,6133300;2,2609200
9249;202000010240;28;12;2020;17:55;5;86;86027;2;2;1;3;Rue Nungesser;46,5787680;0,3148670
9250;202000010241;27;12;2020;09:40;1;83;83034;1;1;1;6;ROUTE DE LA MOUTONNE;43,1120000;6,0530000
9251;202000010242;29;12;2020;09:17;1;74;74267;2;1;2;7;MARQUISATS (AVENUE DES);45,8831100;6,1418400
9252;202000010243;29;12;2020;19:45;5;69;69266;2;1;1;3;EMILE ZOLA     (Cours);45,7672100;4,8920400
9253;202000010244;29;12;2020;12:45;1;69;69266;2;2;7;6;PAUL VERLAINE       (Rue);45,7682928;4,8802216
9254;202000010245;28;12;2020;10:50;1;69;69290;2;4;1;3;PUITS VIEUX (DU)          G.S.MAREND(R );45,6979700;4,9568700
9255;202000010246;28;12;2020;16:30;1;69;69092;1;1;1;7;TARARE (rue de);45,9842200;4,7007800
9256;202000010247;28;12;2020;15:40;1;66;66136;2;1;6;6;LECLERC (AVENUE DU GENERAL);42,7014700;2,8907900
9257;202000010248;29;12;2020;10:00;1;64;64189;2;3;1;2;JAURES JEAN  (AVENUE);43,3813818; -1,6678890
9258;202000010249;23;12;2020;07:20;3;62;62528;1;1;2;3;BETHUNE (RTE DE);50,4517800;2,7866650
9259;202000010250;29;12;2020;15:40;1;59;59350;2;3;1;1;RACINE RUE;50,6256810;3,0506770
9260;202000010251;27;12;2020;21:10;5;59;59345;2;1;8;6;JAURES (RUE);50,3410200;3,1667200
9261;202000010252;29;12;2020;17:15;2;57;57751;2;1;-1;7;THIONVILLE (AVENUE );49,1361400;6,1689670
9262;202000010253;28;12;2020;17:10;1;56;56121;2;1;2;3;BLUM ( BD LEON );47,7477500; -3,3754700
9263;202000010254;20;12;2020;17:15;2;49;49007;2;1;1;3;Boulevard du Bon Pasteur;47,4726700; -0,5764900
9264;202000010255;28;12;2020;17:18;5;45;45234;2;1;3;6;Rue du Faubourg Bannier;47,9275790;1,8962040
9265;202000010256;28;12;2020;10:25;1;44;44132;2;2;2;3;Route de Guérande;47,2785000; -2,2959200
9266;202000010257;28;12;2020;15:45;1;42;42187;2;2;8;3;Rue Jean-Jacques Rousseau;46,0377800;4,0566900
9267;202000010258;28;12;2020;11:35;1;40;40192;2;2;3;3;THORE (CHEMIN DE);43,8921000; -0,5146000
9268;202000010259;29;12;2020;14:15;1;35;35238;2;1;2;2;PORTUGAL (BD DU);48,0835200; -1,6617900
9269;202000010260;29;12;2020;11:50;1;35;35278;1;1;1;7;PORTE DE MAUREPAS;48,1437300; -1,6608300
9270;202000010261;29;12;2020;13:10;1;33;33063;2;2;2;3;RUE DOCTEUR ALBERT BARRAUD;44,8459300; -0,5849800
9271;202000010263;30;11;2020;19:10;5;30;30007;2;1;1;7;JUIN (AVE DU MARECHAL);44,1250000;4,1078500
9272;202000010264;26;12;2020;17:42;2;29;29019;2;1;8;2;Avenue Maréchal Foch;48,3929914; -4,4878416
9273;202000010265;2;12;2020;12:25;1;26;26198;2;1;1;6;Chemin de la Nitriere;44,5705400;4,7505300
9274;202000010267;17;12;2020;18:20;4;22;22360;2;3;1;6;VERDUN (RUE DE );48,4892098; -2,7362102
9275;202000010268;28;12;2020;21:10;5;22;22360;2;6;2;3;MARCEL RAULT;48,4844400; -2,7453200
9276;202000010269;28;12;2020;12:55;1;07;07229;2;1;1;-1;MONTELIMAR ( ROUTE DE );44,6055850;4,4174650
9277;202000010271;29;12;2020;12:29;1;75;75117;2;4;1;3;AVENUE DE CLICHY;48,8912580;2,3190750
9278;202000010272;28;12;2020;16:50;3;75;75116;2;1;3;6;RUE DE PASSY;48,8581170;2,2754040
9279;202000010273;29;12;2020;19:20;5;75;75112;2;2;2;6;BOULEVARD DE BERCY;48,8389440;2,3881150
9280;202000010274;29;12;2020;20:08;5;75;75102;2;4;2;6;RUE REAUMUR;48,8684680;2,3422400
9281;202000010275;29;12;2020;21:30;5;94;94041;2;1;8;3;HOCHE (R);48,8110500;2,3781400
9282;202000010276;29;12;2020;10:00;1;94;94034;2;3;8;3;LIBERTE (AV DE LA);48,7610720;2,3184220
9283;202000010277;28;12;2020;18:30;5;94;94011;2;1;3;6;BICENTENAIRE.(AVENUE DU);48,7640000;2,4880000
9284;202000010278;28;12;2020;16:00;1;94;94028;2;1;3;3;VERDUN.(AVENUE DE);48,7978400;2,4647200
9285;202000010279;28;12;2020;11:30;1;94;94002;2;9;8;3;EMILE ZOLA (R);48,7994100;2,4251900
9286;202000010280;29;12;2020;20:45;5;93;93046;2;1;2;6;AV CAMILLE DESMOULINS;48,9123300;2,5223900
9287;202000010281;28;12;2020;19:20;5;93;93006;2;3;2;-1;CARNOT RUE SADI;48,8673678;2,4182453
9288;202000010282;29;12;2020;10:40;1;93;93029;2;1;1;6;SAINT-STENAY;48,9202086;2,4206096
9289;202000010283;29;12;2020;17:15;3;93;93027;2;1;2;2;SALENGRO (AVENUE ROGER);48,9382700;2,3884400
9290;202000010285;28;12;2020;16:00;2;92;92064;2;3;3;4;18 JUIN 1940;48,8502800;2,2217760
9291;202000010286;26;12;2020;18:35;5;92;92050;2;3;1;3;CLEMENCEAU GEORGES AVENUE N°IMPAIR;48,8853291;2,2243886
9292;202000010287;29;12;2020;09:40;1;92;92036;2;1;1;3;ARGENTEUIL (AVENUE D');48,9362481;2,2600991
9293;202000010288;29;12;2020;09:50;1;92;92023;2;1;2;6;GARENNE (ROUTE DE LA);48,7777752;2,2296489
9294;202000010289;28;12;2020;17:40;5;92;92023;2;1;3;1;PICARDIE (RUE DE);48,7864435;2,2454267
9295;202000010290;29;12;2020;12:15;1;14;14656;1;1;7;6;Le Pont de la Mousse;48,9519300; -0,5021950
9296;202000010291;22;12;2020;15:35;1;01;01248;1;1;1;6;D1083;45,9024310;4,9341090
9297;202000010292;29;12;2020;16:45;1;41;41271;1;1;1;6;l'auvergne - RD 13;47,5061280;1,6779040
9298;202000010293;29;12;2020;10:45;1;81;81311;2;1;2;2;RD 612;43,7282684;2,1908658
9299;202000010294;30;12;2020;06:30;2;972;97201;2;1;1;1;quartier sencé;14,8299260; -61,1076580
9300;202000010295;30;12;2020;14:25;1;12;12073;1;1;1;7;Comps-la-Grand-Ville;44,2218910;2,5651790
9301;202000010296;30;12;2020;10:30;1;83;83048;2;1;1;1;Boulevard Saint Raphael;43,2060200;6,5654900
9302;202000010297;30;12;2020;08:00;4;72;72200;2;1;8;6;85 Boulevard des Avocats;47,8945430;0,1946030
9303;202000010298;30;12;2020;09:30;1;51;51439;1;1;1;1;D20A;49,3484278;4,1442436
9304;202000010299;30;12;2020;10:30;1;79;79103;1;1;9;6;;46,7608040; -0,5706330
9305;202000010300;29;12;2020;15:20;1;80;80167;1;1;2;7;D928;50,1954265;1,8795766
9306;202000010301;29;12;2020;12:00;1;11;11434;2;2;2;3;route de villespy;43,2815950;2,0856210
9307;202000010302;29;12;2020;10:30;1;89;89311;1;2;8;3;Croisement D4 et D48;47,7838360;3,3923510
9308;202000010303;28;12;2020;13:59;1;86;86082;1;1;4;5;N10;46,2860650;0,1750090
9309;202000010304;29;12;2020;15:30;1;34;34074;1;1;1;7;D14;43,4615170;3,0248450
9310;202000010305;29;12;2020;15:30;1;44;44151;1;3;2;4;D247;47,3259670; -2,3377170
9311;202000010306;29;12;2020;10:30;1;44;44182;1;1;1;6;Lieu-dit Le Jardinet - RD78;47,1923010; -2,1067360
9312;202000010307;22;12;2020;14:15;1;15;15215;1;1;1;3;Route Départementale 17;44,9684110;2,5003120
9313;202000010309;30;12;2020;06:00;3;24;24098;1;1;8;6;Route d'Agonac;45,2114690;0,7014080
9314;202000010311;30;12;2020;08:45;1;17;17465;1;1;9;1;D739;45,9629790; -0,5549600
9315;202000010312;30;12;2020;18:15;3;03;03311;1;1;1;2;A71;46,1549141;3,1206536
9316;202000010313;30;12;2020;00:45;3;44;44094;1;1;1;6;AUTOROUTE A 11 PK.333+000;47,3289045; -1,4019392
9317;202000010314;29;12;2020;12:20;1;57;57630;1;1;1;6;N4, PR 017+700 SARREBOURG;48,7150840;7,0418930
9318;202000010315;30;12;2020;09:50;1;38;38191;2;1;1;6;Avenue des Jardins;45,0808600;6,0587600
9319;202000010316;29;12;2020;13:35;1;34;34240;1;1;1;3;A9 PK 090+900;43,6426659;3,9750150
9320;202000010317;29;12;2020;15:50;1;69;69013;1;1;1;-1;A6;46,0008670;4,7345500
9321;202000010318;30;12;2020;06:00;3;91;91587;1;1;2;4;N 20;48,6867180;2,2861220
9322;202000010319;27;12;2020;17:00;2;2A;2A247;2;1;9;7;rue denis de rocca serra;41,5875390;9,2825970
9323;202000010320;29;12;2020;15:30;1;73;73075;1;1;2;6;D925b;45,4429290;6,0578540
9324;202000010321;30;12;2020;18:10;3;27;27684;1;1;1;4;Rn 13;49,0153670;1,1887120
9325;202000010322;29;12;2020;07:30;2;62;62560;2;1;1;6;24 Rue du Cimetière;50,8094600;1,7122320
9326;202000010323;29;12;2020;09:10;1;62;62089;1;1;1;6;D191e1;50,8248880;1,6629720
9327;202000010324;28;12;2020;15:16;1;13;13055;2;1;1;6;A507 sens Aubagne- Marseille;43,2939186;5,4246202
9328;202000010325;12;12;2020;22:40;5;69;69256;1;1;1;-1;A42     0.560 A 4.020;45,7978600;4,9289000
9329;202000010326;29;12;2020;00:10;3;01;01275;1;1;1;6;A42 4.020 A 4.329   LYON/GEN;45,8086979;4,9312252
9330;202000010327;29;12;2020;07:35;2;91;91340;1;1;1;7;RN 104;48,6090000;2,4359000
9331;202000010329;29;12;2020;02:20;3;92;92036;1;1;1;6;A86;48,9357600;2,2624000
9332;202000010330;28;12;2020;23:25;3;78;78672;1;1;2;2;A13;48,9297000;1,9841000
9333;202000010332;29;12;2020;12:15;1;95;95256;1;1;2;3;AUTOROUTE A115;49,0453900;2,1859900
9334;202000010333;29;12;2020;09:30;1;95;95582;1;1;1;6;RD 170;48,9634333;2,2664750
9335;202000010334;29;12;2020;09:00;1;95;95582;1;1;1;2; A115;48,9736200;2,2451900
9336;202000010335;28;12;2020;10:30;1;92;92036;1;1;2;6;AUTOROUTE A15;48,9380181;2,2940383
9337;202000010336;28;12;2020;10:15;1;93;93078;1;1;1;2;AUTOROUTE A104;48,9656900;2,5168400
9338;202000010337;28;12;2020;06:50;3;93;93027;1;1;2;5;AUTOROUTE A86;48,9282900;2,4122000
9339;202000010338;28;12;2020;06:15;3;93;93078;1;1;1;6;AUTOROUTE A104;48,9656900;2,5168400
9340;202000010339;27;12;2020;22:40;4;93;93027;1;1;1;2;AUTOROUTE A86;48,9286200;2,4140700
9341;202000010340;29;12;2020;22:15;3;77;77121;1;1;1;7;A104;48,8340800;2,6655800
9342;202000010341;29;12;2020;16:20;1;77;77121;1;1;3;-1;A4;48,8319630;2,6729180
9343;202000010342;23;11;2020;13:00;1;47;47201;2;6;1;6;Giratoire de Beauregard;44,1698460;0,6088400
9344;202000010343;13;3;2020;11:50;1;47;47031;2;6;1;6;Avenue Lacapellette;44,1787530;0,6301260
9345;202000010344;29;12;2020;02:30;5;988;98818;2;1;1;6;RUE JACQUES NATUREL; -22,2482700;166,4672000
9346;202000010345;26;12;2020;21:00;3;988;98818;2;1;1;6;COOK (AVENUE JAMES); -22,2623000;166,3967000
9347;202000010346;28;12;2020;13:05;1;973;97302;2;1;1;3;RABAN (ROUTE DE);4,9180548; -52,3127731
9348;202000010347;28;12;2020;13:50;1;69;69199;2;2;1;3;PIERRE SEMARD                       (BD);45,6945400;4,8441600
9349;202000010348;28;12;2020;12:24;1;972;97213;2;1;1;1;BELEME (VOIE COMMUNAL N°7 DE);14,6471100; -61,0104100
9350;202000010349;28;12;2020;11:00;1;972;97213;2;1;1;2;AUTOROUTE A1;14,6185235; -61,0206091
9351;202000010350;26;12;2020;16:14;1;2A;2A004;2;6;1;5;MEZZAVIA ROUTE DE;41,9452600;8,7586400
9352;202000010351;21;12;2020;19:20;4;91;91103;2;5;2;3;RUE DES PRES D'AULNAY;48,6125330;2,2781680
9353;202000010352;19;12;2020;17:45;5;91;91103;2;1;1;3;RUE DU COLONEL HUSSENOT;48,6022400;2,3074100
9354;202000010353;18;12;2020;12:18;1;91;91570;2;1;1;6;BRETIGNY (AVENUE);48,6271000;2,2909900
9355;202000010354;28;12;2020;17:10;5;91;91471;2;1;2;3;DUBREUIL (BOULEVARD);48,6960000;2,1765300
9356;202000010355;28;12;2020;08:25;2;91;91377;2;9;2;6;AV DU M DE LATTRE DE TASSIGNY;48,7155500;2,2975100
9357;202000010356;28;12;2020;17:30;5;91;91514;2;1;2;6;RUE DE LA MARNIERE;48,6839400;2,5368300
9358;202000010357;26;12;2020;06:32;5;87;87085;2;1;1;7;RUCHOUX (AVENUE DES);45,8340400;1,2472200
9359;202000010358;24;12;2020;15:53;1;87;87085;2;1;2;3;GARIBALDI (AVENUE);45,8369900;1,2598800
9360;202000010359;26;12;2020;10:35;1;86;86158;2;1;1;6;Route de Chardonchamp;46,6180070;0,3156110
9361;202000010360;27;12;2020;23:20;3;82;82121;1;1;2;6;A20 sortie 64 Paris Toulouse;43,9953000;1,3522500
9362;202000010362;24;12;2020;23:15;4;67;67482;2;3;2;6;NEUHOF (ROUTE);48,5461500;7,7655600
9363;202000010363;24;12;2020;17:05;5;67;67267;2;1;2;6;MARECHAL FOCH (RUE DU);48,5598610;7,6914906
9364;202000010364;18;12;2020;16:35;1;64;64483;2;1;1;6;SALLAGOITY GARRA (RUE);43,3875700; -1,6588400
9365;202000010365;24;12;2020;14:15;1;63;63113;2;3;2;6;CLEMENTEL (BD ETIENNE);45,8130900;3,1093100
9366;202000010366;26;12;2020;10:40;1;60;60159;2;1;1;6;;49,4185400;2,8248400
9367;202000010367;27;12;2020;19:30;5;59;59350;2;3;1;6;FAUBOURG DE ROUBAIX RUE;50,6422900;3,0887400
9368;202000010369;26;12;2020;18:10;5;56;56107;2;6;2;6;Kermélo;47,7268600; -3,3837600
9369;202000010371;21;12;2020;17:00;1;54;54580;2;3;1;6;83 avenue de la libération;49,4557200;5,9241200
9370;202000010372;28;12;2020;17:36;2;49;49267;2;1;1;3;A87N;47,4666200; -0,5161000
9371;202000010373;24;12;2020;15:40;1;44;44184;1;1;1;2;RD 213;47,2891200; -2,2415800
9372;202000010374;26;12;2020;14:13;1;44;44184;2;1;2;2;CRAN NEUF;47,2868100; -2,2509600
9373;202000010375;30;11;2020;14:55;1;42;42123;2;1;1;2;Plaine de Grezieux;45,5184357;4,5939317
9374;202000010376;28;12;2020;19:30;5;37;37122;2;3;2;3;SAINT LEGER (RUE DE);47,3406421;0,6484173
9375;202000010377;28;12;2020;15:00;1;37;37122;1;1;3;5;;47,3422441;0,6475586
9376;202000010378;28;12;2020;13:10;1;34;34172;2;2;1;-1;SOULAS (AVENUE DU PERE;43,6208300;3,8576100
9377;202000010380;27;12;2020;20:00;5;31;31555;2;1;1;3;EISENHOWER (AVENUE DU GENERAL);43,5600200;1,3948900
9378;202000010382;28;12;2020;04:20;3;27;27681;1;1;1;7;GISORS (ROUTE DE);49,1182600;1,4953100
9379;202000010383;23;12;2020;19:00;3;22;22278;1;1;1;2;RN12;48,5086600; -2,7376500
9380;202000010384;28;12;2020;09:30;1;14;14118;2;1;2;6;COURSEULLES (AVENUE DE);49,2051300; -0,3758500
9381;202000010385;28;12;2020;10:45;1;13;13028;2;1;2;6;ALLENDE (AVENUE SALVATORE );43,1844000;5,6050000
9382;202000010386;6;12;2020;19:25;5;11;11262;2;1;1;2;MISTRAL (BOULEVARD FREDERIC);43,1898400;3,0057400
9383;202000010387;8;12;2020;18:15;2;11;11262;2;9;1;6;INDEPENDANCE (RUE DE L');43,1887000;3,0088700
9384;202000010388;23;12;2020;18:25;5;11;11262;2;3;1;7;FERROUL (BOULEVARD DU DOCTEUR);43,1803417;3,0041881
9385;202000010389;23;12;2020;12:10;1;11;11262;2;1;1;2;PYRENEES (PLACE ET AVENUE);43,1822400;2,9947930
9386;202000010390;24;12;2020;15:30;1;07;07102;1;1;1;6;TOULAUD (CHEMIN DE);44,9229010;4,8522880
9387;202000010391;28;12;2020;18:24;5;06;06088;2;3;1;3;CORNICHE FLEURIE (AV. DE LA);43,6896400;7,2060600
9388;202000010392;27;12;2020;17:00;5;06;06029;2;1;1;3;BACHAGA SAID BOUALAM (AVENUE);43,5539700;7,0229500
9389;202000010393;19;12;2020;11:00;1;06;06030;2;1;2;6;DOUMER (BOULEVARD PAUL);43,5693000;7,0108000
9390;202000010394;28;12;2020;18:20;5;75;75120;2;1;2;6;RUE D AVRON;48,8521400;2,4029680
9391;202000010395;28;12;2020;10:45;1;75;75120;2;1;1;3;BOULEVARD PERIPHERIQUE INTERIEUR NORD  ;48,8659620;2,4125920
9392;202000010396;28;12;2020;19:10;5;75;75117;2;1;2;7;BOULEVARD GOUVION SAINT CYR;48,8842390;2,2892460
9393;202000010398;28;12;2020;08:30;1;75;75116;2;2;2;2;AVENUE MARCEAU;48,8685320;2,2989040
9394;202000010399;28;12;2020;10:10;1;75;75115;2;3;8;7;RUE DE VAUGIRARD;48,8408880;2,3058880
9395;202000010400;28;12;2020;10:45;1;75;75113;2;7;1;6;RUE ESQUIROL;48,8358610;2,3598560
9396;202000010402;28;12;2020;20:10;5;75;75104;2;3;2;6;QUAI DES CELESTINS;48,8529050;2,3589840
9397;202000010403;28;12;2020;17:25;5;94;94067;2;1;3;6;GENERAL DE GAULLE (AV DU);48,8451548;2,4175769
9398;202000010404;27;12;2020;20:50;5;94;94019;2;3;2;2;LIBERATION (RTE DE LA);48,8006300;2,5422700
9399;202000010405;28;12;2020;12:50;1;94;94017;2;1;1;3;ROGER SALENGRO (AV);48,8199600;2,4830900
9400;202000010406;28;12;2020;12:00;1;93;93051;2;1;2;6;CHAMPY (GRANDE ALLEE);48,8442451;2,5784034
9401;202000010407;24;11;2020;08:10;2;16;16090;1;1;1;3;lieu-Dit Le Bois Perdu;45,5786420; -0,0592880
9402;202000010408;14;8;2020;19:00;1;72;72058;1;6;1;2;Intersection D323/D304;47,9735480;0,2454760
9403;202000010409;24;11;2020;05:30;3;15;15259;1;1;1;6;Autoroute   A75;45,1441220;3,1432060
9404;202000010410;24;11;2020;11:05;1;91;91573;2;1;1;6;Rue du Vieux Marché;48,6156590;2,4866570
9405;202000010411;23;11;2020;17:40;5;61;61464;2;1;1;6;Avenue du 8 mai 1945;48,5977700;0,1708350
9406;202000010412;21;11;2020;09:00;1;44;44223;1;3;1;3;Route de l'Hommeau;47,0653280; -1,5082380
9407;202000010413;19;11;2020;12:30;1;44;44003;2;1;1;2;Rue de l'Hermitage;47,3903220; -1,1802810
9408;202000010414;23;11;2020;18:30;3;29;29024;1;2;1;3;Lieu-dit Tronjoly;48,2594130; -3,5855070
9409;202000010415;24;11;2020;17:00;2;38;38144;1;1;1;1;D36;45,5868340;5,0672940
9410;202000010416;24;11;2020;06:20;3;38;38399;1;2;1;1;Chemin de Verjutiere;45,5071290;5,1508820
9411;202000010417;23;11;2020;06:40;2;38;38042;1;2;1;3;Chemin de Pollardière;45,3903510;5,3714240
9412;202000010418;24;11;2020;13:16;1;10;10164;2;1;1;7;9 Rue de l'Eglise;48,4827148;3,6721641
9413;202000010419;23;11;2020;17:05;2;16;16350;1;3;1;2;Lieu-dit La Petite Garenne;45,3124650;0,2637360
9414;202000010420;23;11;2020;20:30;3;77;77295;1;1;1;6;Autoroute A5 pk 008.400 sens Paris vers Province;48,5766500;2,7446210
9415;202000010421;24;11;2020;15:30;1;13;13044;1;9;1;1;départementale 68;43,6132660;5,0476880
9416;202000010422;23;11;2020;07:30;1;69;69244;2;1;1;6;92 Avenue Charles de Gaulle;45,7621795;4,7793590
9417;202000010423;23;11;2020;11:00;1;74;74081;2;2;1;6;4 Rue Joseph Nicollet;46,0592960;6,5787720
9418;202000010424;24;11;2020;02:20;3;974;97415;1;1;1;6;Rue du Boucan Canot; -21,0310640;55,2251060
9419;202000010425;19;11;2020;19:00;5;971;97128;1;1;1;6;Chemin de Louisiane;16,2614510; -61,3970090
9420;202000010428;24;11;2020;13:10;1;66;66210;2;2;1;3;Avenue Louis Noguères;42,6297530;2,7526220
9421;202000010429;24;11;2020;08:45;1;83;83119;1;1;1;3;Route des Plages;43,2532853;6,6405772
9422;202000010430;13;11;2020;17:30;5;67;67286;2;1;1;6;309 Rue Principale;48,4481537;7,5387533
9423;202000010431;24;11;2020;17:15;3;38;38562;1;1;1;6;D5;45,0911600;5,7787440
9424;202000010432;21;10;2020;15:30;1;26;26084;1;3;3;1;Route d'Alixan;45,0108230;4,9538420
9425;202000010433;22;11;2020;19:30;3;33;33425;1;1;1;3;D137;45,0562810; -0,4774280
9426;202000010434;23;11;2020;16:15;1;62;62865;2;2;8;6;Rue Chilperic 1er;50,3275700;2,9769030
9427;202000010435;23;11;2020;14:15;1;13;13216;1;1;1;3;A55-Sens Marseille vers Martigues;43,3663000;5,3317900
9428;202000010437;19;11;2020;16:30;1;62;62193;1;1;1;6;AUTOROUTE A16;50,9413780;1,8251900
9429;202000010438;23;11;2020;10:45;1;92;92063;1;1;8;6;A86;48,8902705;2,1712620
9430;202000010439;23;11;2020;06:50;3;78;78007;1;1;3;4;A13 Y;48,8950710;2,0074540
9431;202000010440;22;11;2020;19:50;5;95;95582;1;1;1;2; A15;48,9759700;2,2388700
9432;202000010441;20;11;2020;17:00;1;988;98818;2;1;1;3;VE1; -22,2239700;166,4736700
9433;202000010442;22;11;2020;06:30;1;973;97302;1;6;1;7;MARINGOUINS (ROND-POINT);4,9021233; -52,3129374
9434;202000010443;22;11;2020;02:56;5;69;69383;2;2;1;3;GAMBETTA                            (CO);45,7562200;4,8403100
9435;202000010444;22;11;2020;03:10;5;972;97213;1;1;9;2;AUTOROUTE A1;14,6185400; -61,0221000
9436;202000010445;21;11;2020;19:10;5;91;91432;2;2;1;3;AV BLAISE PASCAL;48,6967400;2,3327700
9437;202000010446;20;11;2020;12:35;1;78;78440;2;1;1;6;ALBERT THOMAS (RUE);48,9864310;1,9209260
9438;202000010447;22;11;2020;13:56;1;59;59360;2;1;2;1;FOCH RUE DU MARECHAL;50,6145100;3,0092600
9439;202000010448;22;11;2020;17:00;1;35;35238;2;3;1;6;NOEL (YVES);48,0890600; -1,6772700
9440;202000010449;22;11;2020;01:30;5;27;27229;2;2;1;3;NORMANDIE (BOULEVARD DE);49,0185570;1,1424987
9441;202000010450;21;11;2020;08:30;1;25;25056;2;2;1;1;Chemin des Verjoulots;47,2426390;6,0465280
9442;202000010451;21;11;2020;17:10;2;13;13117;2;3;1;3;SALYENS ( AVENUE DES );43,4440000;5,2516900
9443;202000010452;22;11;2020;19:15;3;13;13206;2;3;1;2;NOTRE DAME (BOULEVARD);43,2899619;5,3725658
9444;202000010453;21;11;2020;09:50;1;13;13208;2;6;1;3;LOUIS BONNEFON (PLACE);43,2537830;5,3844580
9445;202000010454;21;11;2020;11:20;1;06;06123;2;1;1;1;MOATTI PASSAGE;43,6617100;7,1936100
9446;202000010455;22;11;2020;13:30;1;75;75112;2;2;1;3;AVENUE LEDRU ROLLIN;48,8480000;2,3714240
9447;202000010456;21;11;2020;17:57;2;75;75120;2;1;1;6;RUE DES RASSELINS;48,8553070;2,4080640
9448;202000010457;22;11;2020;21:45;5;75;75118;2;1;1;2;AVENUE DE CLICHY;48,8840100;2,3272070
9449;202000010458;22;11;2020;00:26;5;75;75118;2;4;1;3;AVENUE DE LA PORTE DE CLIGNANCOURT;48,9006900;2,3442390
9450;202000010459;22;11;2020;21:40;5;75;75117;2;5;1;3;AVENUE DE SAINT OUEN;48,8930120;2,3274330
9451;202000010460;22;11;2020;13:00;1;75;75110;2;3;1;3;QUAI DE VALMY;48,8792400;2,3667350
9452;202000010461;21;11;2020;23:35;5;75;75109;2;2;1;7;BOULEVARD DE ROCHECHOUART;48,8819190;2,3396940
9453;202000010462;22;11;2020;17:05;2;75;75101;2;3;1;1;QUAI FRANCOIS MITTERRAND;48,8590110;2,3398730
9454;202000010463;21;11;2020;13:35;1;94;94042;2;7;1;6;GENERAL GALLIENI - PONT DE JOINVILLE (AV;48,8201820;2,4674240
9455;202000010464;22;11;2020;17:55;5;94;94059;2;9;1;3;LA MARECHALE (RES);48,8126200;2,5743400
9456;202000010465;22;11;2020;17:50;5;94;94053;2;2;1;6;GRANDE RUE PIERRE MENDES-FRANCE - PL JEA;48,7756100;2,5486000
9457;202000010466;21;11;2020;23:50;5;93;93057;2;3;1;3;THOMAS (AV. ALBERT);48,8995900;2,4986900
9458;202000010467;21;11;2020;13:45;1;92;92073;2;1;1;6;KELLOGG (RUE);48,8630536;2,2012554
9459;202000010468;23;11;2020;07:40;2;44;44180;2;1;1;1;44 Rue de la Ville Jolie;47,5197870; -1,1924350
9460;202000010469;18;11;2020;16:40;1;08;08239;1;1;1;1;D985;49,3895800;4,3801550
9461;202000010471;23;11;2020;13:50;1;44;44137;1;2;1;3;la croix meignen;47,3815850; -2,0259050
9462;202000010473;23;11;2020;07:05;2;31;31157;2;1;1;6;Avenue du Comminges;43,5317650;1,3564040
9463;202000010474;22;11;2020;00:30;5;63;63195;2;1;2;6;Route de Billom;45,8180220;3,3769710
9464;202000010475;23;11;2020;11:00;1;61;61508;1;1;1;6;Banque;48,9367090;0,2275590
9465;202000010476;22;11;2020;10:40;1;49;49125;1;1;1;7;d960;47,1655880; -0,3801440
9466;202000010477;16;11;2020;08:35;1;31;31193;1;4;1;3;D8;43,2742683;1,0568762
9467;202000010479;23;11;2020;06:48;2;01;01246;1;1;5;1;Route de Macon;46,2617510;5,0275650
9468;202000010480;22;11;2020;16:30;1;07;07216;1;1;1;1;D533;44,9613970;4,6492120
9469;202000010481;23;11;2020;17:50;3;27;27210;1;2;1;3;D133;49,1146600;0,8499100
9470;202000010482;22;11;2020;03:15;3;37;37143;1;1;1;6;La Croix;47,1301411;0,7807692
9471;202000010483;23;11;2020;11:30;1;48;48138;1;6;1;6;Le Romardies;44,4967960;3,2634330
9472;202000010484;21;11;2020;19:58;5;48;48051;2;1;1;7;Route Nationale 106;44,2455410;3,9209930
9473;202000010485;20;11;2020;08:15;1;13;13051;1;2;1;3;D10;43,5464800;5,1486770
9474;202000010486;22;11;2020;16:50;5;78;78571;2;1;1;1;21 Avenue des Platanes;48,8582720;2,0219110
9475;202000010487;23;11;2020;20:00;3;68;68309;1;1;1;2;A35;47,6616930;7,4825910
9476;202000010488;19;11;2020;16:20;1;976;97601;1;1;1;5;D1; -12,7298100;45,0599100
9477;202000010489;9;11;2020;14:00;1;34;34166;1;9;1;6;A9;43,3559990;3,3383200
9478;202000010490;11;8;2020;01:30;3;34;34101;1;1;1;-1;A9;43,3919010;3,4621200
9479;202000010491;20;11;2020;21:20;3;987;98712;2;6;1;7;rond point de l'OPT; -17,5429770; -149,5036460
9480;202000010492;22;11;2020;19:07;3;34;34123;2;3;1;6;D5e5;43,6314445;3,7651509
9481;202000010493;22;11;2020;00:30;3;974;97420;2;1;1;6;Rue du Pere Fayet; -20,9292910;55,5771570
9482;202000010494;23;11;2020;05:15;3;973;97304;1;1;1;7;PK 79 RN1;5,1521540; -52,8696440
9483;202000010495;6;11;2020;17:20;1;971;97118;1;1;1;3;Route de Viard;16,1667440; -61,5875800
9484;202000010496;18;11;2020;18:05;3;971;97118;1;9;1;6;RN1 - CD33;16,1978200; -61,6059420
9485;202000010497;20;10;2020;07:30;1;30;30156;1;6;1;2;Super U (Supermarché);43,8661370;4,4439000