;Num_Acc;jour;mois;an;hrmn;lum;dep;com;agg;int;atm;col;adr;lat;long
9486;202000010498;22;11;2020;19:05;3;54;54063;1;1;1;6;D904;48,8402890;5,8413150
9487;202000010499;23;11;2020;14:42;1;69;69273;2;4;1;3;8 Avenue Gabriel Péri;45,6796950;4,9213390
9488;202000010501;23;11;2020;11:10;1;81;81215;1;3;1;1;Route de Lavaur;43,7619710;1,8817570
9489;202000010502;23;11;2020;08:45;1;33;33238;2;1;1;3;Cours du Maréchal Leclerc;44,7311180; -0,6002090
9490;202000010503;20;11;2020;19:00;3;14;14554;1;1;1;2;RN 158;49,0744910; -0,2980470
9491;202000010504;22;11;2020;15:25;1;60;60251;1;1;1;7;D938;49,4600736;2,2214512
9492;202000010505;22;11;2020;09:15;1;91;91136;1;1;1;3;AUTOROUTE A10;48,7161000;2,2666300
9493;202000010506;22;11;2020;01:40;3;91;91347;1;1;1;6;RN 104;48,6246000;2,3011500
9494;202000010508;22;11;2020;16:20;1;92;92064;1;1;8;2;N118;48,8273768;2,2246216
9495;202000010509;21;11;2020;13:50;1;92;92050;1;1;1;6;A86;48,9028000;2,2045400
9496;202000010510;23;7;2020;12:20;1;67;67482;1;1;1;7;N.4 Contournement Sud;48,5725689;7,7297694
9497;202000010511;17;7;2020;08:02;1;67;67218;1;1;1;3;Autoroute A.35;48,5318900;7,6964000
9498;202000010512;24;6;2020;18:10;1;67;67482;1;1;1;5;A351;48,5872649;7,7126089
9499;202000010514;12;6;2020;08:00;1;33;33349;2;2;1;3;Lieu Dit le Joucla;44,7438200; -0,4857700
9500;202000010515;21;11;2020;23:32;5;974;97416;2;1;1;6;Rue Jules Hermann; -21,3235500;55,4813300
9501;202000010516;20;11;2020;21:30;5;974;97407;2;2;1;3;CARPAYE(AVENUE); -20,9455600;55,2982900
9502;202000010517;20;11;2020;22:10;5;973;97302;2;2;8;2;TROUBIRAN (CHEMIN DE);4,9269200; -52,3034800
9503;202000010518;21;11;2020;21:20;5;69;69388;2;2;1;5;JOSEPH CHAPELLE                     (R );45,7344227;4,8661146
9504;202000010519;21;11;2020;11:35;1;69;69259;2;1;1;6;Boulevard Irène Joliot Curie;45,7164800;4,8765200
9505;202000010520;21;11;2020;06:10;1;972;97209;1;1;1;7;RN9;14,6154000; -61,0409000
9506;202000010521;20;11;2020;11:20;1;69;69381;2;2;1;3;REPUBLIQUE (DE LA)                  (R );45,7661000;4,8359500
9507;202000010522;21;11;2020;19:00;5;971;97120;2;2;1;3;COMMANDANT MORTENOL (RUE DU);16,2399900; -61,5319700
9508;202000010523;21;11;2020;21:55;5;2A;2A004;2;1;1;6;1ER CONSUL AVENUE;41,9075993;8,6792978
9509;202000010524;21;11;2020;22:00;5;83;83069;2;2;1;3;LYAUTEY (AVENUE);43,1191677;6,1310831
9510;202000010525;21;11;2020;18:10;2;81;81004;2;3;1;3;TEYSSIER (AV DU COLONEL);43,9216000;2,1663900
9511;202000010526;20;11;2020;23:30;5;77;77518;1;6;1;1;DEPARTEMENTALE 372;48,5056160;2,6071500
9512;202000010527;20;11;2020;08:15;1;76;76212;2;3;1;6;RN 31 (BOULEVARD DE LA PAIX);49,4379800;1,1474000
9513;202000010528;21;11;2020;17:24;2;69;69275;2;1;1;6;JEAN JAURES                         (AV);45,7709800;4,9624900
9514;202000010529;21;11;2020;11:42;1;69;69266;2;2;1;3;NORD      (Rue du);45,7638100;4,8831800
9515;202000010530;20;11;2020;19:00;5;59;59512;2;1;1;7;VERDUN (AVENUE DE);50,6835800;3,2021500
9516;202000010532;21;11;2020;10:45;1;54;54395;2;3;1;3;PHALSBOURG (RUE DE);48,6835517;6,1812150
9517;202000010533;21;11;2020;22:30;3;44;44162;1;1;1;2;PERIPHERIQUE;47,2502900; -1,6206700
9518;202000010534;20;11;2020;08:30;1;37;37261;2;3;1;3;SUEDE (RUE DE);47,4348047;0,6906161
9519;202000010535;21;11;2020;16:50;2;35;35238;2;1;1;6;LE HO (JEAN);48,1055600; -1,7245600
9520;202000010536;20;11;2020;17:05;2;34;34172;2;3;1;1;TOULOUSE (AVENUE DE;43,6002400;3,8673750
9521;202000010537;20;11;2020;14:55;1;33;33249;2;1;1;1;QUAI ELISABETH DUPEYRON;44,8734000; -0,5370100
9522;202000010538;21;11;2020;09:30;1;25;25462;2;6;1;3;MORTEAU DE (DU 0 AU 30);46,9058900;6,3575000
9523;202000010539;20;11;2020;17:40;5;13;13056;2;1;1;3;ROUTE DE SAINT PIERRE;43,3982000;5,0518600
9524;202000010540;21;11;2020;00:15;5;13;13214;2;1;1;1;MORETTI (BOULEVARD);43,3257500;5,3790200
9525;202000010541;20;11;2020;18:29;5;13;13201;2;2;1;3;GRANDE ARMEE (RUE DE LA);43,3002900;5,3841500
9526;202000010542;22;11;2020;00:05;5;06;06088;2;2;1;3;HEROLD (R.);43,7020000;7,2590230
9527;202000010543;21;11;2020;20:30;5;06;06088;1;1;1;3;STE MARGUERITE (AV.) A PARTIR DU 62-63);43,6998200;7,1988300
9528;202000010544;21;11;2020;15:15;1;06;06088;2;1;1;3;JOLY (CORNICHE ANDRE DE);43,7051900;7,3005300
9529;202000010546;20;11;2020;18:50;5;06;06069;1;1;1;2;SAINT FRANCOIS (PLACE ET ROUTE);43,6473310;6,8947940
9530;202000010547;20;11;2020;08:45;1;75;75119;2;1;1;2;BOULEVARD PERIPHERIQUE;48,8900100;2,3960560
9531;202000010548;20;11;2020;23:07;5;75;75111;2;2;1;3;BOULEVARD VOLTAIRE;48,8637740;2,3701020
9532;202000010549;21;11;2020;14:00;1;75;75118;2;1;1;6;BOULEVARD ORNANO;48,8966390;2,3454430
9533;202000010550;21;11;2020;19:45;5;75;75117;2;3;1;2;BOULEVARD DE COURCELLES;48,8788570;2,3017570
9534;202000010551;21;11;2020;20:20;5;75;75115;2;1;1;2;RUE DE VOUILLE;48,8349090;2,3045710
9535;202000010552;21;11;2020;16:25;1;75;75115;2;1;1;6;RUE JULES SIMON;48,8409290;2,2921680
9536;202000010553;21;11;2020;19:40;5;75;75111;2;2;1;6;RUE SAINT MAUR;48,8694650;2,3739310
9537;202000010554;20;11;2020;20:18;5;75;75111;2;1;1;6;AVENUE LEDRU ROLLIN;48,8528450;2,3770180
9538;202000010555;20;11;2020;18:20;5;75;75108;2;3;1;6;BOULEVARD DE LA MADELEINE;48,8695580;2,3257820
9539;202000010556;21;11;2020;14:50;1;75;75117;2;4;1;3;AVENUE DE VILLIERS;48,8844360;2,3012580
9540;202000010558;21;11;2020;16:35;2;75;75101;2;2;1;7;RUE DE RIVOLI;48,8637280;2,3322400
9541;202000010559;21;11;2020;14:30;1;94;94081;2;1;1;2;PRESIDENT SALVADOR ALLENDE (AV DU);48,7957400;2,4098100
9542;202000010560;21;11;2020;13:00;1;94;94078;2;1;1;3;EMILE ZOLA (R);48,7354230;2,4501410
9543;202000010561;21;11;2020;18:25;5;94;94046;2;1;1;3;87 R CARNOT;48,8050220;2,4410190
9544;202000010562;21;11;2020;13:26;1;94;94041;2;1;1;2;JEAN LE GALLEU (R);48,8120400;2,3786800
9545;202000010563;20;11;2020;20:20;5;94;94022;2;1;1;3;Avenue Jean Jaurès;48,7652380;2,4081270
9546;202000010564;21;11;2020;14:40;1;94;94019;2;3;7;1;SUCY (R DE);48,7876300;2,5207200
9547;202000010567;21;11;2020;18:10;5;92;92040;2;7;1;3;MARECHAL JUIN (PLACE);48,8252300;2,2677800
9548;202000010568;21;11;2020;16:07;1;92;92007;2;1;1;6;VAILLANT-COUTURIER (AVENU PAUL);48,7907302;2,3146820
9549;202000010570;22;11;2020;14:50;1;31;31467;2;1;1;6;D14c;43,6889890;1,4049790
9550;202000010571;21;11;2020;18:25;5;37;37010;1;9;1;4;autoroute A10 sortie 18;47,5467964;0,9875707
9551;202000010572;21;11;2020;16:00;1;83;83120;2;1;1;1;Rue du Lion;43,3853950;5,7071930
9552;202000010573;21;11;2020;15:20;1;51;51610;2;4;7;3;D63;49,0653788;4,9055710
9553;202000010574;21;11;2020;18:10;3;79;79005;1;9;1;7;;46,8338180; -0,1695800
9554;202000010575;22;11;2020;07:00;2;49;49167;1;1;5;6;D 748;47,3943110; -0,5040410
9555;202000010576;19;11;2020;16:10;1;68;68349;2;1;8;3;20 rue des Alliés;47,6095160;7,5632850
9556;202000010577;21;11;2020;17:30;2;68;68195;1;1;1;2;RN66;47,7680790;7,2485410
9557;202000010578;22;11;2020;11:45;1;39;39489;1;2;1;3;;46,8441920;5,6515810
9558;202000010579;22;11;2020;06:00;3;03;03205;1;1;1;6;Moulin Vicaire;46,2266432;3,5766428
9559;202000010580;20;11;2020;10:05;1;58;58131;2;1;1;6;Grande Rue;47,0847200;3,1927940
9560;202000010581;20;11;2020;07:45;1;14;14682;1;1;1;1;D675;49,2986580;0,2210120
9561;202000010582;22;11;2020;12:30;1;14;14143;1;1;1;6;Les Anglais (livry) (Livry);49,1423730; -0,7549240
9562;202000010583;21;11;2020;17:00;1;50;50129;1;1;1;7;Chemin des Clos;49,6304930; -1,5365040
9563;202000010584;21;11;2020;20:00;1;36;36018;2;2;1;2;15 Rue Jules Ferry;46,6339980;1,0674410
9564;202000010585;21;11;2020;17:00;1;40;40255;2;1;1;7;Route de Jouambet;43,8945490; -0,3618890
9565;202000010586;20;11;2020;20:15;3;06;06155;1;1;1;6;A8 PK 170.400 voie nord;43,6033760;7,0620200
9566;202000010588;22;11;2020;14:20;1;73;73181;1;1;7;6;D85, route de Hautecourt;45,4888418;6,5409137
9567;202000010589;21;11;2020;16:20;1;17;17429;1;2;1;3;D238E1 ;45,9121010; -0,9840650
9568;202000010590;20;11;2020;16:15;1;49;49023;2;4;1;6;Rue d'Anjou (Villedieu-la-Blouère);47,1513063; -1,0598035
9569;202000010591;21;11;2020;20:07;3;56;56023;1;1;1;2;Pont Christ;47,7363400; -3,0166170
9570;202000010592;20;11;2020;18:00;3;29;29087;1;3;1;3;D765 - Menez Merdy;48,0473319; -4,2674088
9571;202000010593;20;11;2020;20:25;3;13;13015;1;1;1;2;A51-Sens Marseille vers Aix en Provence;43,4354700;5,3959500
9572;202000010594;20;11;2020;08:50;1;13;13215;1;1;1;2;A55-Sens Martigues vers Marseille;43,3313600;5,3541300
9573;202000010595;20;11;2020;22:10;3;91;91182;1;1;1;-1;AUTOROUTE A6;48,6290900;2,4117400
9574;202000010596;20;11;2020;20:00;3;91;91235;1;1;1;4;RN 104;48,6306900;2,3612200
9575;202000010597;21;11;2020;17:50;5;92;92025;1;1;1;6;A86;48,9333400;2,2523700
9576;202000010598;20;11;2020;21:30;3;78;78043;1;1;1;2;A12 Y;48,8278230;2,0781540
9577;202000010599;14;5;2020;15:50;1;91;91097;2;1;1;2;JEAN MOULIN (AVENUE);48,6785000;2,5276000
9578;202000010600;13;5;2020;13:31;1;87;87085;2;3;2;6;PORT DU NAVEIX (RUE DU);45,8332000;1,2753200
9579;202000010601;20;4;2020;17:10;1;78;78126;2;1;1;6;SAUT DU LOUP (AVENUE DU);48,8390660;2,1293880
9580;202000010602;14;5;2020;03:15;5;77;77139;2;9;1;6;VAN WYNGENE (RUE CHARLES);48,9111300;2,6036000
9581;202000010603;11;5;2020;23:54;5;67;67482;2;1;1;6;9 Place de Haguenau;48,5943250;7,7429860
9582;202000010604;11;5;2020;16:30;1;67;67447;2;1;2;2;PIERRE MENDES FRANCE (AVENUE);48,6042445;7,7581699
9583;202000010605;13;5;2020;21:00;2;64;64445;2;3;1;3;COUETTES DES;43,3242300; -0,3632900
9584;202000010606;11;5;2020;16:20;1;64;64335;2;1;2;6;SANTOS-DUMONT;43,3215900; -0,4235600
9585;202000010607;12;5;2020;15:30;1;63;63164;1;1;3;2;Route départementale 210;45,8211640;3,1554861
9586;202000010608;13;5;2020;13:05;1;63;63113;2;1;2;6;GUYNEMER (RUE);45,7802870;3,1082544
9587;202000010609;13;5;2020;11:38;1;63;63113;2;4;1;2;rue Anatole France /vertaizon;45,7769980;3,1014459
9588;202000010610;13;5;2020;07:00;1;60;60057;2;9;1;1;SALVATOR ALLENDE (AVENUE);49,4404500;2,1064600
9589;202000010611;14;5;2020;15:30;1;59;59350;2;2;1;3;EPINETTE RUE DE L;50,6169000;3,0240400
9590;202000010612;14;5;2020;09:50;1;56;56260;2;4;7;6;TANNERIE(RUE DE LA);47,6582800; -2,7501600
9591;202000010613;13;5;2020;18:30;1;56;56121;2;3;1;2;DREYFUS (RUE  ALFRED );47,7479100; -3,3897900
9592;202000010614;13;5;2020;15:45;1;56;56098;2;2;1;1;SEMBAT (RUE MARCEL);47,7651600; -3,3453500
9593;202000010615;12;5;2020;12:20;1;52;52121;2;1;1;6;VERDUN (RUE DE);48,1105700;5,1383800
9594;202000010616;14;5;2020;09:40;1;45;45234;1;1;1;3;D2060G - PR94+350;47,9238700;1,9414600
9595;202000010617;13;5;2020;17:00;1;44;44162;2;6;1;3;Boulevard du Massacre;47,2317865; -1,5925070
9596;202000010618;12;5;2020;19:00;1;44;44109;2;1;1;1;Boulevard Robert Schuman;47,2457417; -1,5765142
9597;202000010619;14;5;2020;10:50;1;35;35051;2;1;1;2;RIGOURDIERE (RUE DE LA);48,1159130; -1,5846270
9598;202000010620;14;5;2020;18:35;1;34;34172;2;1;2;7;JEU DE PAUME (BOULEVARD DU);43,6085700;3,8730400
9599;202000010621;12;5;2020;12:28;1;34;34172;2;1;1;-1;COURREAU FAUBOURG DU;43,6085070;3,8694670
9600;202000010622;14;5;2020;16:30;1;33;33069;2;7;1;3;277 Boulevard Godard / PCE RAVEZIES;44,8658200; -0,5761500
9601;202000010623;14;5;2020;15:02;1;29;29039;2;1;1;2;Rue Ernest Renan;47,8744342; -3,9265345
9602;202000010624;14;5;2020;02:20;5;13;13201;2;1;1;6;LIEUTAUD (COURS)      2 A 52;43,2960800;5,3815200
9603;202000010625;14;5;2020;09:45;1;13;13005;1;1;1;-1;RN 96 (ROUTE NATIONALE );43,3235900;5,5902000
9604;202000010626;2;5;2020;17:50;1;11;11262;2;1;1;3;ROUX (RUE DU DOCTEUR);43,1900700;2,9853000
9605;202000010627;13;5;2020;18:04;2;10;10297;2;1;1;1;TIRVERTS (RUE);48,3128600;4,0846100
9606;202000010628;14;5;2020;15:15;1;06;06069;1;1;1;7;NAPOLEON (ROUTE);43,6702300;6,9119500
9607;202000010629;12;5;2020;11:25;1;04;04070;2;1;1;7;Pont Beau de Rochas;44,0892800;6,2296800
9608;202000010631;14;5;2020;09:45;1;75;75120;2;4;1;3;BOULEVARD PERIPHERIQUE;48,8613410;2,4137390
9609;202000010632;14;5;2020;19:20;1;75;75119;2;4;1;6;QUAI DE LA SEINE;48,8880250;2,3772190
9610;202000010633;13;5;2020;18:10;1;75;75116;2;1;1;3;ALLEE DE LA REINE MARGUERITE;48,8562530;2,2433540
9611;202000010634;14;5;2020;21:25;1;75;75114;2;3;1;-1;RUE JACQUIER;48,8292540;2,3192100
9612;202000010635;14;5;2020;13:04;1;75;75111;2;2;1;-1;BOULEVARD DE CHARONNE;48,8564740;2,3942150
9613;202000010636;14;5;2020;15:45;1;75;75109;2;2;1;3;BOULEVARD DES ITALIENS;48,8709690;2,3341590
9614;202000010637;14;5;2020;17:25;1;75;75108;2;2;1;3;BOULEVARD HAUSSMANN;48,8750360;2,3091920
9615;202000010638;14;5;2020;07:05;1;75;75107;2;1;1;2;PONT DE LA CONCORDE;48,8632780;2,3195240
9616;202000010639;14;5;2020;17:40;1;75;75101;2;2;1;3;RUE DE RIVOLI;48,8637270;2,3322390
9617;202000010640;14;5;2020;20:00;1;94;94058;2;9;1;3;LEDRU ROLLIN (AV);48,8384755;2,4949704
9618;202000010641;14;5;2020;13:50;1;94;94052;2;9;1;6;CHARLES DE GAULLE (GRAND RUE);48,8360000;2,4790000
9619;202000010642;14;5;2020;15:18;1;94;94076;2;1;1;-1;LOUIS ARAGON (AV);48,7885500;2,3713000
9620;202000010643;14;5;2020;14:00;1;94;94028;2;1;1;2;Avenue du Maréchal Foch;48,7812800;2,4376111
9621;202000010644;14;5;2020;17:50;1;94;94079;2;2;1;3;PIERRE DOBOEUF ET MICHEL LAFONT (R);48,8321920;2,5449510
9622;202000010645;13;5;2020;21:30;5;93;93070;2;9;1;3;CHARLES SCHMIDT(RUE) : APRES 49;48,9025000;2,3343000
9623;202000010646;14;5;2020;22:00;5;93;93053;2;1;1;6;ROSNY (AVENUE DE) N° 56 A 242;48,9036123;2,4706561
9624;202000010647;14;5;2020;09:20;1;93;93079;2;1;1;2;SAINT LEU (ROUTE);48,9504933;2,3403915
9625;202000010648;13;5;2020;13:53;1;93;93007;2;1;1;6;MATHILDE EMILIE (AVENUE);48,9226470;2,4706450
9626;202000010649;14;5;2020;13:45;1;92;92046;2;1;1;2;CAMELINAT;48,8121116;2,2996339
9627;202000010650;14;5;2020;10:00;1;92;92051;2;1;1;2;CHARLES DE GAULLE (AVENUE, N° 18 A 116);48,8790219;2,2787404
9628;202000010651;14;5;2020;15:45;1;92;92025;2;1;1;3;ILE MARANTE(PARC LAGRAVERE) (PARC);48,9253530;2,2383960
9629;202000010652;13;5;2020;20:30;1;92;92004;2;3;1;3;GRANDE RUE CHARLES DE GAULLE;48,9060510;2,2865470
9630;202000010653;12;5;2020;18:00;1;35;35168;1;1;1;3;La Basse Bouessiere;47,9367989; -1,9969659
9631;202000010654;11;5;2020;09:45;1;86;86203;1;1;2;1;D8;46,2907610;0,6381350
9632;202000010655;14;5;2020;18:30;1;37;37169;1;1;1;7;Le Chatellier;47,6066569;0,9263086
9633;202000010656;13;5;2020;10:44;1;38;38349;1;2;2;3;D4;45,3394550;4,7806730
9634;202000010657;15;5;2020;16:20;1;83;83019;2;1;1;6;Route du Baguier;43,1517980;6,3434350
9635;202000010658;15;5;2020;15:45;1;27;27179;2;3;1;2;D834;49,1320370;0,5771580
9636;202000010659;13;5;2020;11:40;1;76;76046;1;2;1;1;;49,4399890;1,2944980
9637;202000010660;14;5;2020;11:30;1;63;63072;1;1;1;7;Lieu Dit le Pas du Pire;45,8779490;3,6823585
9638;202000010662;13;5;2020;15:50;1;46;46187;1;1;1;1;RD 4;44,4588340;1,0247970
9639;202000010663;15;5;2020;09:18;1;39;39449;1;3;8;3;;47,1531210;5,4871180
9640;202000010664;15;5;2020;18:00;1;29;29031;1;1;1;6;Lieu Dit Petit Kernenez;47,8115705; -3,5599334
9641;202000010665;15;5;2020;17:06;1;02;02750;2;1;1;7;Rue du Mai;49,5217780;3,2351620
9642;202000010666;14;5;2020;09:10;1;54;54567;1;1;1;1;Rue du Mont;48,4584230;6,3377700
9643;202000010667;15;5;2020;15:45;1;60;60471;2;1;1;6;Boulevard du Mont Saint-siméon;49,5836945;3,0191126
9644;202000010669;14;5;2020;15:00;1;16;16065;1;1;1;6;;46,0393990;0,7782700
9645;202000010670;14;5;2020;06:00;2;27;27192;1;2;1;3;D39;49,1328350;0,9388800
9646;202000010671;15;5;2020;15:00;1;28;28422;1;3;7;1;D137;48,2787730;1,5768810
9647;202000010672;12;5;2020;10:00;1;17;17022;1;2;1;3;D150;45,8998270; -0,5229230
9648;202000010673;14;5;2020;19:05;1;17;17309;1;1;1;1;Sicard;45,1695160; -0,0214900
9649;202000010674;10;2;2020;16:00;1;38;38253;2;1;1;6;Route de Champame;45,0156500;6,1274900
9650;202000010675;15;5;2020;07:45;1;988;98807;1;1;1;6;ROUTE DE WERAP; -20,7002830;164,9441390
9651;202000010676;14;5;2020;20:15;3;971;97117;1;1;1;1;Route de Boisvin;16,3067100; -61,3492230
9652;202000010677;14;5;2020;15:00;1;971;97118;1;1;1;6;Route Nationale 1;16,1944788; -61,6353921
9653;202000010678;15;5;2020;17:10;1;83;83030;2;1;1;3;44 Chemin de Saint Marc;43,3805360;6,0980130
9654;202000010679;15;5;2020;15:45;1;13;13049;1;1;1;5;D538;43,7152050;5,0900870
9655;202000010680;14;5;2020;08:15;1;21;21209;2;6;1;3;Rond point du 16 mars 1962;47,3377350;5,1544290
9656;202000010681;15;5;2020;16:29;1;68;68226;2;3;1;3;Rue de la République;48,0392090;7,1407810
9657;202000010682;14;5;2020;16:49;1;01;01160;2;3;1;3;Avenue Voltaire;46,2569670;6,1102810
9658;202000010683;15;5;2020;17:15;1;69;69206;1;9;1;3;Route de Champgravier;46,0494616;4,6952513
9659;202000010684;14;5;2020;19:05;1;69;69094;1;1;8;2;Route de Marcy;45,7597121;4,6969448
9660;202000010685;15;5;2020;17:00;1;60;60409;1;1;7;2;D62;49,3027750;2,4700680
9661;202000010686;14;5;2020;15:10;1;91;91589;1;1;1;5;AUTOROUTE A6;48,6739800;2,3427200
9662;202000010688;13;5;2020;11:15;1;93;93007;1;1;1;2;AUTOROUTE A3;48,9358900;2,4805200
9663;202000010689;5;3;2020;16:35;1;17;17300;2;1;1;6;BILLAUD-VARENNE   AVENUE;46,1515800; -1,1221600
9664;202000010690;26;2;2020;19:45;5;17;17300;2;3;1;3;NORMANDIN   RUE EMILE;46,1412000; -1,1379500
9665;202000010691;20;1;2020;05:15;5;11;11262;2;1;1;6;BERGERIE (CHEMIN DE LA);43,1670300;2,9778500
9666;202000010692;13;5;2020;14:50;1;69;69387;1;1;8;2;CHALLEMEL LACOUR                    (R );45,7298800;4,8400200
9667;202000010693;13;5;2020;13:30;1;69;69259;2;2;8;2;NOVY JICIN                          (BD);45,6923900;4,8986800
9668;202000010694;11;5;2020;03:35;5;69;69389;2;1;2;7;MARIETTON                           (R );45,7763966;4,7962960
9669;202000010695;13;5;2020;13:55;1;69;69034;2;1;1;-1;CURIE                               (R );45,7923000;4,8412600
9670;202000010696;12;5;2020;15:30;1;91;91223;2;1;1;6;COMTE (RUE AU);48,4326000;2,1642000
9671;202000010697;30;4;2020;22:12;5;87;87085;2;1;1;6;ARCADES (BOULEVARD DES);45,8519000;1,2633400
9672;202000010698;13;5;2020;09:29;1;87;87085;2;3;2;6;THOMAS (AVENUE ALBERT);45,8398000;1,2348100
9673;202000010699;13;5;2020;23:20;5;83;83129;2;1;1;7;DE LATTRE DE TASSIGNY (AV);43,0940160;5,8375240
9674;202000010700;14;4;2020;19:00;1;80;80021;2;6;1;3;POINTIN (RUE);49,8855200;2,3121400
9675;202000010703;12;5;2020;10:15;1;76;76351;2;1;1;6;BOIS AU COQ (AVENUE);49,5213000;0,1132000
9676;202000010704;13;5;2020;20:15;1;76;76565;1;3;1;3;RD 915;49,8889298;1,0839987
9677;202000010705;9;5;2020;15:35;1;67;67482;2;1;1;6;15 Rue du Petit-marais;48,5627000;7,6948600
9678;202000010707;13;5;2020;21:00;1;64;64102;2;2;1;3;FOIX (AVENUE LOUIS DE);43,5044100; -1,4673500
9679;202000010708;13;5;2020;18:45;1;64;64102;2;1;1;2;NAVARRE (AVENUE HENRI DE);43,4983000; -1,4482000
9680;202000010710;13;5;2020;11:13;1;59;59286;2;2;1;3;VANDERHAGEN ALBERT RUE;50,6109350;2,9800790
9681;202000010711;11;5;2020;08:20;1;58;58194;2;2;2;3;GRANDS JARDINS;46,9959000;3,1367000
9682;202000010712;13;5;2020;04:40;3;56;56162;1;1;1;6;Rue du Fort Bloqué;47,7345300; -3,4692300
9683;202000010713;13;5;2020;14:15;1;51;51454;2;1;7;6;Rue de Courlancy;49,2478196;4,0146921
9684;202000010715;12;5;2020;12:55;1;49;49007;2;1;1;7;BASSE CHAINE PONT;47,4706100; -0,5635500
9685;202000010716;11;5;2020;15:26;1;49;49246;2;1;1;3;DAVID D'ANGERS;47,4328300; -0,5292600
9686;202000010717;13;5;2020;13:10;1;45;45234;2;3;1;3;Boulevard Marie Stuart - R A Messager;47,9115900;1,9279200
9687;202000010719;12;5;2020;16:47;1;44;44184;2;3;1;3;VILLES-MOLLÉ (ROUTE DE);47,2590200; -2,2823900
9688;202000010720;12;5;2020;11:30;1;35;35238;2;2;1;3;TILLON (AVENUE CHARLES);48,1246000; -1,7029000
9689;202000010721;5;5;2020;20:45;1;33;33529;1;6;1;7;RD 1250 (Camicas - Sortie Dune);44,6300000; -1,1563200
9690;202000010722;13;5;2020;19:30;1;32;32013;2;1;2;3;VICTOR HUGO (RUE);43,6545000;0,5677000
9691;202000010723;13;5;2020;14:45;1;28;28209;2;9;1;6;CHACATIERE (RUE DE LA);48,4689300;1,4681700
9692;202000010724;11;5;2020;16:20;1;19;19031;2;1;1;6;ALVITRE (AVENUE ABBE);45,1529990;1,5070990
9693;202000010725;13;5;2020;15:10;1;13;13206;2;9;1;2;PRADO (AVENUE DU);43,2960000;5,4056900
9694;202000010726;13;5;2020;20:50;3;07;07186;2;1;3;6;BACCONNIER (RUE LUDOVIC);44,7276000;4,5994000
9695;202000010727;13;5;2020;08:50;1;75;75120;2;3;1;3;AVENUE GAMBETTA;48,8639410;2,3916460
9696;202000010728;12;5;2020;21:00;2;75;75119;2;2;1;6;RUE D ALSACE LORRAINE;48,8839070;2,3917390
9697;202000010729;13;5;2020;13:30;1;75;75119;2;2;1;6;AVENUE MATHURIN MOREAU;48,8782600;2,3729510
9698;202000010730;13;5;2020;13:20;1;75;75114;2;4;1;3;AVENUE DU GENERAL LECLERC;48,8287720;2,3277000
9699;202000010731;12;5;2020;14:40;1;75;75112;2;1;1;3;AVENUE DAUMESNIL;48,8399880;2,3941130
9700;202000010732;13;5;2020;10:00;1;75;75108;2;1;1;3;RUE FRANCOIS 1ER;48,8687840;2,3034880
9701;202000010733;13;5;2020;18:35;1;94;94067;2;1;1;2;PARIS (AV DE);48,8456880;2,4260810
9702;202000010734;13;5;2020;12:20;1;94;94073;2;3;1;3;RENE PANHARD (AV);48,7632380;2,4004400
9703;202000010735;13;5;2020;10:19;1;94;94018;2;1;1;6;REPUBLIQUE (R DE LA);48,8217143;2,4147616
9704;202000010736;13;5;2020;19:30;1;94;94070;2;1;1;3;LESIGNY (R DE);48,7252640;2,5764850
9705;202000010737;13;5;2020;14:10;1;93;93073;2;2;1;3;BARBUSSE (RUE HENRI);48,9632100;2,5702200
9706;202000010739;13;5;2020;14:00;1;93;93077;2;5;1;3;R DE NEUILLY / AV DE FREDY;48,8789400;2,5162100
9707;202000010740;3;5;2020;16:15;1;93;93053;2;9;2;3;PARIS (RUE DE);48,9038766;2,4707446
9708;202000010741;13;5;2020;13:40;1;92;92051;2;1;1;3;BOURDON (BOULEVARD);48,8938100;2,2680400
9709;202000010742;13;5;2020;17:29;1;49;49127;1;1;1;7;La Bersillere Godivier;47,6774880; -0,2693305
9710;202000010743;12;5;2020;14:45;1;62;62774;1;1;1;6;D940;50,9232250;1,7173970
9711;202000010744;11;5;2020;23:45;5;59;59202;2;6;1;7;Rue du Moulin;50,6752190;2,8334480
9712;202000010745;12;5;2020;16:50;1;59;59301;2;3;1;3;D102a;50,4707670;3,5240100
9713;202000010746;13;5;2020;16:10;1;57;57329;1;1;1;3;D19;49,2569520;6,4921690
9714;202000010748;14;5;2020;10:15;1;74;74083;1;1;8;2;2027 Route de Sallanches;45,8990860;6,6510880
9715;202000010749;13;5;2020;18:45;1;77;77109;1;1;1;7;D75, PR016+500;48,6009630;3,1783960
9716;202000010750;13;5;2020;13:30;1;67;67434;2;1;1;1;8 rue du maréchal FOCH;48,9400820;7,0861550
9717;202000010751;14;5;2020;18:50;1;71;71158;1;1;1;6;Route de Loisy;46,5711826;4,9871855
9718;202000010752;14;5;2020;12:30;1;89;89199;1;1;1;1;N151;47,6941580;3,5364550
9719;202000010753;13;5;2020;13:40;1;61;61486;2;1;1;1;15 Rue de Domfront;48,7631910; -0,7311400
9720;202000010754;13;5;2020;18:00;1;47;47086;1;1;1;7;boucaud;44,6854213;0,2045501
9721;202000010755;12;5;2020;11:10;1;29;29101;1;3;1;6;Lieu-dit Kleuz Fos;48,5830660; -4,5458190
9722;202000010757;13;5;2020;14:15;1;02;02232;1;1;1;6;N2;49,2259500;2,9736900