;Num_Acc;jour;mois;an;hrmn;lum;dep;com;agg;int;atm;col;adr;lat;long
9723;202000010758;13;5;2020;14:13;1;84;84102;1;1;1;1;D104;43,8969660;5,3213340
9724;202000010759;14;5;2020;09:00;1;15;15006;1;1;1;7;fignac;45,2065690;2,4417760
9725;202000010760;13;5;2020;20:20;1;14;14371;1;1;1;6;D135;49,0563450;0,2597130
9726;202000010761;14;5;2020;09:30;1;83;83032;1;1;1;1;D13;43,4818810;6,1752020
9727;202000010763;14;5;2020;12:30;1;40;40313;1;1;1;7;Route de Gouts;43,8197370; -0,8009740
9728;202000010764;12;5;2020;13:20;1;27;27105;2;1;1;1;route de Brionne;49,2955660;0,8705611
9729;202000010765;13;5;2020;10:50;1;67;67291;1;1;1;7;D148;48,8744838;7,6993541
9730;202000010766;12;4;2020;10:30;1;974;97422;2;1;1;1;76 Route du Piton Hyacinthe; -21,2251790;55,5393400
9731;202000010767;10;4;2020;01:57;5;91;91085;2;1;1;1;46 Rue de l'Ormeteau;48,5539780;2,2055430
9732;202000010768;14;5;2020;13:15;1;84;84118;1;1;1;-1;D2;43,9333210;5,3598480
9733;202000010769;14;5;2020;12:25;1;84;84112;1;1;1;1;Départementale D900;43,8506220;5,4804610
9734;202000010770;14;5;2020;15:30;1;13;13089;1;2;1;3;D74;43,8220650;4,9380330
9735;202000010772;13;5;2020;18:10;1;94;94069;1;1;1;4;A4;48,8172300;2,4329000
9736;202000010773;13;3;2020;15:00;1;63;63032;2;2;1;6;Route de Romagant / rue du Masage;45,7515800;3,0905700
9737;202000010774;13;3;2020;08:00;1;93;93078;2;3;1;6;R JACQUES DUCLOS / BD ROBERT BALLENGER;48,9588679;2,5493550
9738;202000010779;12;5;2020;20:30;5;973;97302;1;1;2;3;ZEPHIR (ROCADE);4,9261800; -52,3212719
9739;202000010780;12;5;2020;09:21;1;973;97302;1;1;3;2;MADELEINE (ROUTE DE LA);4,9255708; -52,3241794
9740;202000010782;12;5;2020;05:50;2;69;69389;2;2;1;3;BOURGOGNE (DE)                      (R );45,7786000;4,8024500
9741;202000010783;11;5;2020;09:25;1;2B;2B037;1;1;1;1;TOUTES RUES;42,5933700;9,4387500
9742;202000010784;12;5;2020;22:25;5;91;91201;2;1;1;1;HENRI BARBUSSE(BOULEVARD);48,6694060;2,4149170
9743;202000010785;11;5;2020;17:05;1;87;87085;2;2;2;3;MAS-BOUYOL  (CITE ET BOULEVARD DU);45,8274800;1,2263600
9744;202000010786;25;2;2020;13:20;1;75;75108;2;2;2;3;RUE DE ROME;48,8752470;2,3241910
9745;202000010787;1;3;2020;15:50;1;75;75108;2;3;3;6;RUE DE BERRI;48,8724080;2,3041070
9746;202000010788;28;2;2020;12:30;1;75;75108;2;2;2;3;AVENUE DE FRIEDLAND;48,8741520;2,2989140
9747;202000010789;28;2;2020;11:56;1;75;75108;2;7;1;3;PLACE DE LA CONCORDE;48,8658550;2,3198890
9748;202000010790;27;2;2020;12:05;1;75;75108;2;3;2;6;RUE BALZAC;48,8758890;2,3031530
9749;202000010791;25;2;2020;13:30;1;75;75108;2;7;2;5;PLACE DE LA CONCORDE;48,8656110;2,3206920
9750;202000010792;25;2;2020;17:13;1;75;75108;2;2;1;6;AVENUE HOCHE;48,8765580;2,3017010
9751;202000010793;27;2;2020;08:30;1;75;75107;2;2;3;3;QUAI VOLTAIRE;48,8595650;2,3293250
9752;202000010794;25;2;2020;16:32;1;75;75107;2;2;1;6;AVENUE DE SUFFREN;48,8478990;2,3061490
9753;202000010795;26;2;2020;10:10;1;75;75103;2;2;2;6;RUE VOLTA;48,8652330;2,3571330
9754;202000010796;25;2;2020;07:30;2;75;75104;2;1;1;2;QUAI DES CELESTINS;48,8522430;2,3607510
9755;202000010797;2;3;2020;03:15;5;75;75104;2;2;2;2;BOULEVARD DE SEBASTOPOL;48,8605500;2,3493600
9756;202000010798;28;2;2020;23:20;5;75;75101;2;2;2;7;AVENUE GENERAL LEMONNIER;48,8637310;2,3322360
9757;202000010799;24;2;2020;06:40;5;75;75104;2;1;1;-1;QUAI HENRI IV;48,8479580;2,3639140
9758;202000010800;1;3;2020;06:10;5;75;75104;2;5;1;6;BOULEVARD BESSIERES;48,8580440;2,3496370
9759;202000010801;1;3;2020;00:50;5;75;75104;2;3;1;7;RUE FRANCOIS MIRON;48,8555780;2,3573910
9760;202000010803;25;2;2020;15:40;1;75;75102;2;3;2;7;BOULEVARD DE SEBASTOPOL;48,8670330;2,3529730
9761;202000010804;3;3;2020;10:55;1;94;94080;2;1;1;1;FONTENAY (R DE);48,8477500;2,4394900
9762;202000010805;26;2;2020;21:30;5;94;94080;2;1;1;6;FOCH (AV);48,8458912;2,4432628
9763;202000010806;28;2;2020;12:40;1;94;94080;2;1;1;3;CHATEAU (AV DU);48,8452800;2,4364900
9764;202000010807;25;2;2020;09:50;1;94;94080;2;1;1;2;PARIS (AV DE);48,8447660;2,4359518
9765;202000010808;2;3;2020;20:17;3;94;94078;2;1;1;3;HUIT MAI 1945 (AV DU);48,7283000;2,4462000
9766;202000010809;2;3;2020;17:30;1;94;94078;2;1;8;7;FUSILLES (AV DES);48,7287510;2,4477700
9767;202000010810;29;2;2020;15:50;1;94;94074;2;6;1;7;JULIEN DURANTON (avenue);48,7614700;2,4487200
9768;202000010811;27;2;2020;18:20;2;94;94044;2;6;1;3;GABRIEL PERI (AV);48,7565700;2,4834400
9769;202000010812;3;3;2020;12:20;1;94;94068;2;3;1;3;GRADE (AV);48,8069718;2,4790380
9770;202000010813;3;3;2020;11:30;1;94;94068;2;1;1;3;FOCH (AV);48,7990000;2,4985000
9771;202000010814;2;3;2020;09:15;1;94;94068;2;1;2;7;CHAMPIGNY (BD DE);48,8083900;2,5089100
9772;202000010815;28;2;2020;10:30;1;94;94068;2;6;1;7;RABELAIS (BD);48,8052418;2,4840769
9773;202000010816;27;2;2020;13:50;1;94;94068;2;1;2;7;PONT DE CRETEIL (R DU);48,8026500;2,4717300
9774;202000010817;29;2;2020;11:40;1;94;94015;2;1;2;6;ETIENNE DE SILHOUETTE (AV);48,8437100;2,5263800
9775;202000010818;26;2;2020;13:45;1;94;94016;2;2;2;4;MARCEL BONNET (R);48,7958920;2,3252700
9776;202000010819;1;3;2020;18:15;1;94;94081;2;1;8;7;ROBERT DEGERT (R);48,8052120;2,3739340
9777;202000010820;27;2;2020;08:40;1;94;94041;2;1;2;3;PIERRE SEMARD (AV);48,8193700;2,3803400
9778;202000010821;26;2;2020;11:45;1;94;94041;2;1;8;5;PIERRE SEMARD (AV);48,8197600;2,3799900
9779;202000010822;24;2;2020;23:15;5;94;94041;2;3;2;1;REPUBLIQUE (AV DE LA);48,8024240;2,3973990
9780;202000010824;2;3;2020;17:40;1;94;94073;2;6;1;3;GENERAL DE GAULLE (AV DU);48,7668056;2,3851973
9781;202000010826;1;3;2020;15:40;1;94;94065;2;2;3;3;RUE DU VIADUC;48,7611600;2,3506000
9782;202000010827;27;2;2020;14:05;1;94;94065;2;3;2;6;PIROUETTE (R DE LA);48,7492913;2,3497084
9783;202000010828;26;2;2020;18:30;5;94;94065;2;1;1;5;CHARLES LINDBERGH (AV);48,7518200;2,3530700
9784;202000010830;26;2;2020;09:30;1;94;94033;2;2;1;1;STALINGRAD (AV DE);48,8526700;2,4493200
9785;202000010831;2;3;2020;11:10;1;94;94028;2;1;3;2;POMPADOUR(CARREFOUR);48,7746820;2,4390648
9786;202000010832;25;2;2020;22:15;4;94;94028;2;1;2;2;LYAUTEY.(AVENUE DU MARECHAL);48,7911000;2,4479000
9787;202000010833;24;2;2020;15:50;1;94;94011;2;9;8;6;BICENTENAIRE.(AVENUE DU);48,7647300;2,4881700
9788;202000010834;29;2;2020;14:50;1;94;94022;2;1;1;6;POSTE (R DE LA);48,7646100;2,4096100
9789;202000010835;28;2;2020;17:35;1;94;94022;2;1;2;6;VICTOR HUGO (AV);48,7707970;2,4274150
9790;202000010836;28;2;2020;15:40;1;94;94054;2;1;2;2;CHARLES TILLON (route);48,7441000;2,3863000
9791;202000010837;28;2;2020;14:50;1;94;94073;2;1;2;2;STALINGRAD (BD DE);48,7708639;2,4012755
9792;202000010838;27;2;2020;18:45;1;94;94053;2;1;1;6;GENERAL DE GAULLE (R DU);48,7777100;2,5439600
9793;202000010839;26;2;2020;06:50;5;94;94053;2;1;2;4;GENERAL DE GAULLE (R DU);48,7770000;2,5400000
9794;202000010841;3;3;2020;12:55;1;94;94017;2;1;1;6;ALBERT THOMAS (R);48,8143700;2,5116600
9795;202000010842;29;2;2020;19:15;5;94;94017;2;1;2;6;REPUBLIQUE (AV DE LA);48,8209500;2,5108200
9796;202000010843;29;2;2020;15:15;1;94;94017;2;1;1;3;PROFESSEUR PAUL MILLIEZ (R DU);48,8161000;2,5325000
9797;202000010844;28;2;2020;08:50;1;94;94017;2;1;1;1;PIERRE RENAUDEL (R);48,8134090;2,5093640
9798;202000010845;27;2;2020;07:00;2;94;94017;2;4;3;3;GENERAL DE GAULLE (AV DU);48,8268660;2,5099570
9799;202000010847;27;2;2020;13:10;1;94;94071;2;3;2;3;GEORGES POMPIDOU (AV);48,7714400;2,5250600
9800;202000010848;27;2;2020;22:25;5;94;94028;2;1;1;6;CHERET(R ET IMP);48,8050620;2,4575340
9801;202000010849;25;2;2020;10:15;1;94;94002;2;1;1;2;BLANQUI (QU);48,7991600;2,4192400
9802;202000010850;3;3;2020;19:00;5;93;93073;2;1;1;1;CHAPIT RE ( RUE DU);49,0021691;2,5369620
9803;202000010851;3;3;2020;14:20;1;93;93078;2;1;2;6;BD ROBERT BALLANGER;48,9556296;2,5393268
9804;202000010852;2;3;2020;23:10;5;93;93073;2;1;1;4;CHAPIT RE ( RUE DU);49,0032529;2,5368203
9805;202000010853;1;3;2020;18:37;5;93;93078;2;1;2;6;AV GEORGES CLEMENCEAU;48,9602400;2,5563500
9806;202000010854;28;2;2020;23:40;5;93;93078;2;1;1;3;EUROPE (AVENUE DE L');48,9571666;2,5577791
9807;202000010856;27;2;2020;07:40;2;93;93073;2;6;3;4;RTE DE LA CROIX DU PLATRE / AV CAROLE;48,9840700;2,5258400
9808;202000010857;27;2;2020;13:40;1;93;93059;2;9;1;4;PARMENTIER (RUE) COTE N° IMPAIRS;48,9653400;2,3734900
9809;202000010858;25;2;2020;14:00;1;93;93072;2;1;8;6;AV LOUIS BORDES;48,9552300;2,3853300
9810;202000010861;2;3;2020;21:00;5;93;93070;2;9;1;6;Rue Alfred Ottino;48,9046227;2,3321918
9811;202000010862;27;2;2020;11:15;1;93;93070;2;9;2;6;DOCTEUR BAUER(RUE DU) :N°  75 AU 129;48,9089922;2,3393103
9812;202000010864;25;2;2020;11:15;1;93;93066;2;4;2;6;R FRANCIS DE PRESSENSE / AV DU GENERAL DE GAULLE;48,9217300;2,3667700
9813;202000010865;25;2;2020;20:00;5;93;93066;2;1;3;6;"""PHARMA. UNIVERSITE 42, AV. STALINGRAD""";48,9460186;2,3666993
9814;202000010866;22;2;2020;22:50;5;93;93066;2;1;1;6;FRANCE ANATOLE ENTREE A86;48,9231718;2,3471100
9815;202000010867;25;2;2020;13:10;1;93;93064;2;2;2;1;R JULES GUESDE / R DES GRAVIERS;48,8742300;2,4928700
9816;202000010868;27;2;2020;08:25;1;93;93053;2;2;3;3;PARC (RUE DU);48,8918500;2,4449800
9817;202000010869;29;2;2020;15:40;1;93;93051;2;1;1;3;MONT D'EST (BD);48,8421700;2,5430100
9818;202000010870;2;3;2020;17:30;1;93;93050;2;1;1;3;PAUL ET CAMILLE THOMOUX (RUE) COTE PAIR;48,8661737;2,5291157
9819;202000010871;3;3;2020;16:15;1;93;93074;2;1;1;5;PLACE DES FETES;48,9297900;2,5696330
9820;202000010872;1;3;2020;22:10;5;93;93057;2;2;1;4;AV ARISTIDE BRIAND / ALL EMILE ZOLA;48,9092700;2,5038100
9821;202000010873;26;2;2020;08:45;1;93;93063;2;1;2;3;NOISY ROUTE DE;48,8936200;2,4359100
9822;202000010874;29;2;2020;15:00;1;93;93032;2;1;1;6;AV JEAN JAURES;48,8836100;2,5298300
9823;202000010875;28;2;2020;14:00;1;93;93031;2;3;2;3;AV DE JARROW / R MAURICE RAVEL;48,9527494;2,3292363
9824;202000010877;2;3;2020;12:15;1;93;93029;2;3;2;3;R SADI CARNOT / R RAYMOND LEFEVRE;48,9244486;2,4428821
9825;202000010878;28;2;2020;19:55;5;93;93029;2;2;2;6;GARIBALDI (AVENUE) N°;48,9225607;2,4526311
9826;202000010879;27;2;2020;18:45;5;93;93029;2;9;1;6;HENRI BARBUSSE (AVE) N°2-124;48,9208400;2,4534500
9827;202000010881;26;2;2020;21:10;5;93;93029;2;2;1;3;AMBROISE CROIZAT;48,9264000;2,4539000
9828;202000010882;26;2;2020;07:30;2;93;93013;2;3;3;6;ROLLAND (RUE DU CDT);48,9348166;2,4259949
9829;202000010884;1;3;2020;16:10;1;93;93010;2;1;2;2;MOULIN (AV. JEAN) COTE IMPAIRS;48,9125337;2,4787664
9830;202000010885;29;2;2020;16:25;1;93;93008;2;9;2;6;MARX (AVENUE KARL);48,9052511;2,4424135
9831;202000010886;3;3;2020;13:30;1;93;93071;2;1;1;1;COMMANDANT CHARCOT (AVENUE DU);48,9356601;2,5173279
9832;202000010887;1;3;2020;11:20;1;93;93005;2;9;1;6;EUGENE DELACROIX (RUE);48,9525800;2,4990510
9833;202000010888;28;2;2020;08:15;2;93;93005;2;1;1;2;CARR DE L'EUROPE;48,9514800;2,4819430
9834;202000010889;27;2;2020;09:45;1;93;93001;2;1;2;6;R DE LA HAIE COQ ;48,9040680;2,3722329
9835;202000010890;28;2;2020;11:34;1;92;92078;2;9;1;2;MOULIN CAGE (QUAI);48,9235300;2,3282000
9836;202000010891;29;2;2020;15:30;1;92;92075;2;6;2;6;RAYMOND MARCHERON (RUE)/ CARREFOUR DE L'INSURRECTION;48,8202600;2,2903900
9837;202000010892;28;2;2020;08:50;1;92;92049;2;1;1;3;PIERRE BROSSOLETTE (AVENUE);48,8162000;2,3058000
9838;202000010893;27;2;2020;09:55;2;92;92075;2;1;2;-1;PASTEUR (AVENUE);48,8258830;2,2923900
9839;202000010894;24;2;2020;17:10;1;92;92046;2;1;1;6;HENRI BARBUSSE (BOULEVARD);48,8140400;2,2872500
9840;202000010895;25;2;2020;08:00;1;92;92073;2;9;2;3;SELLIER (BOULEVARD HENRI);48,8627000;2,2178400
9841;202000010896;29;2;2020;10:05;1;92;92072;2;1;8;3;VILLE D'AVRAY (RUE DE );48,8242500;2,2080000
9842;202000010899;27;2;2020;07:40;2;92;92033;2;1;3;6;BUZENVAL;48,8525359;2,2030875
9843;202000010900;29;2;2020;22:10;5;92;92063;2;1;1;3;FOUILLEUSE (AVENUE DE);48,8630529;2,1919783
9844;202000010901;29;2;2020;05:15;5;92;92063;2;1;1;6;GALLIENI (RUE);48,8719066;2,2030360
9845;202000010902;3;3;2020;19:00;5;92;92051;2;1;1;3;ROULE (AVENUE DU, N° 29 A 91 ET 30 A 86);48,8822122;2,2787130
9846;202000010903;3;3;2020;15:30;1;92;92051;2;1;1;3;ROULE (AVENUE DU, N° 29 A 91 ET 30 A 86);48,8832034;2,2744422
9847;202000010904;27;2;2020;11:36;1;92;92050;2;6;1;6;LENINE VLADIMIR ILITCH AVENUE/ JOLIOT CURIE F. ET IRENE AVENUE N°PAIRS;48,8873422;2,2001466
9848;202000010905;26;2;2020;13:10;1;92;92050;2;2;2;6;ARRAS RUE D'/ ARAGO FRANCOIS AVENUE;48,9012800;2,2253600
9849;202000010906;25;2;2020;20:15;5;92;92048;2;3;2;3;COLONEL MORAINE (ROUTE DU);48,7875000;2,2229000
9850;202000010907;2;3;2020;12:05;1;92;92044;2;1;2;3;LOUISE MICHEL(RUE) 1A39 ET 2A30;48,8887400;2,2875800
9851;202000010908;27;2;2020;20:05;1;92;92040;2;9;1;-1;RODIN (BOULEVARD);48,8148010;2,2646310
9852;202000010909;1;3;2020;20:50;5;92;92035;2;2;1;3;Général de Gaulle  ( avenue du );48,9132600;2,2533500
9853;202000010910;2;3;2020;13:10;1;92;92062;2;1;8;6;ROQUE DE FILLOL (RUE);48,8855764;2,2456159
9854;202000010911;1;3;2020;17:05;1;92;92026;2;2;3;3;ALBERT GLEIZES (AVENUE);48,8927912;2,2452495
9855;202000010912;27;2;2020;14:00;1;92;92025;2;1;6;3;G.PERI > 418   437 (RUE);48,9156170;2,2320680
9856;202000010913;24;2;2020;16:30;1;92;92025;2;2;1;3;PAUL BERT (RUE);48,9310692;2,2441699
9857;202000010914;5;2;2020;01:20;5;92;92025;2;1;1;6;STALINGRAD (AV DE);48,9307580;2,2673050
9858;202000010915;3;3;2020;11:35;1;92;92024;2;2;1;3;CLICHY (QUAI DE) DE (8 A 60);48,9035482;2,2893968
9859;202000010916;3;3;2020;08:50;1;92;92024;2;3;1;3;VICTOR HUGO (BD)/ MOREL (RUE);48,9021700;2,3181200
9860;202000010917;1;3;2020;04:50;5;92;92024;2;2;1;4;MARTRE DE (4 A 54)/ HENRI BARBUSSE (RUE) DE (73 A 139);48,9008850;2,3080290
9861;202000010918;28;2;2020;12:16;1;92;92024;2;1;1;3;HENRI BARBUSSE (RUE) DE (1 A 73)   (2 A;48,8985526;2,3028119
9862;202000010919;23;2;2020;20:50;3;92;92024;2;1;1;6;ASNIERES (ROUTE D');48,9025900;2,2904800
9863;202000010920;1;3;2020;14:20;1;92;92023;2;3;2;3;PORTE DE TRIVAUX (RUE DE) N°57 A 197 ET;48,7868000;2,2453000
9864;202000010921;28;2;2020;02:50;5;92;92060;2;7;1;3;HUIT MAI 1945 (PLACE DU);48,7760900;2,2562800
9865;202000010922;27;2;2020;09:20;1;92;92060;2;1;3;6;ALLIES (PLACE DES);48,7748000;2,2583000
9866;202000010924;1;3;2020;20:55;1;92;92012;2;3;2;3;SEVRES (RUE DE) 1/55 - 2/40;48,8319067;2,2381732
9867;202000010925;29;2;2020;02:40;5;92;92012;2;4;1;3;POINT DU JOUR (RUE DU);48,8289100;2,2464910
9868;202000010926;28;2;2020;15:10;1;92;92012;2;1;8;6;REINE (ROUTE DE LA) 1/37- 6/80;48,8394092;2,2432832
9869;202000010927;28;2;2020;10:55;1;92;92012;2;1;1;4;SILLY (RUE DE) 1/87 - 2/88;48,8379823;2,2322155
9870;202000010928;27;2;2020;19:45;5;92;92012;2;2;1;7;ANDRE MORIZET (AVENUE) - 49/FIN - 54/FIN;48,8346100;2,2419600
9871;202000010929;3;3;2020;11:30;1;92;92004;2;1;1;6;EMILE ZOLA ( RUE );48,9228871;2,2857732
9872;202000010930;1;3;2020;14:30;1;92;92004;2;1;8;3;GRESILLONS ( AVENUE DES  );48,9196022;2,3135035
9873;202000010931;29;2;2020;12:17;1;92;92004;2;1;1;6;BAS ( RUE DES );48,9158907;2,2949242
9874;202000010932;2;3;2020;11:20;1;974;97415;2;1;1;3;4 Rue des Salins (st Paul); -21,0078650;55,2759720
9875;202000010933;27;2;2020;09:30;1;974;97415;1;1;1;1;N1; -21,0197380;55,2440910
9876;202000010934;24;2;2020;15:55;1;974;97415;1;1;1;3;67 Route du Vieux Flamboyant; -21,0422710;55,2827100
9877;202000010935;2;3;2020;17:40;1;35;35176;2;1;2;2;40 rue de Vannes;47,8258000; -1,8494250
9878;202000010936;3;3;2020;14:40;1;65;65130;2;1;6;6;Route des Pyrénées;43,6013870; -0,0190110
9879;202000010937;25;2;2020;21:05;5;65;65296;1;1;1;6;D48 Route du Vignoble;43,5447260; -0,0551010
9880;202000010938;1;3;2020;21:40;3;95;95504;1;1;2;7;RN 184;49,1043100;2,2656730
9881;202000010939;3;3;2020;06:00;3;49;49244;1;2;1;3;La Panne - Le Mesnil en Vallée;47,3733900; -0,9160070
9882;202000010941;26;2;2020;10:04;1;12;12281;1;1;1;2;RD1;44,3630950;1,9869150
9883;202000010942;1;3;2020;20:10;3;54;54117;1;1;6;6;D53;48,4498880;6,0657670
9884;202000010944;3;3;2020;10:30;1;2A;2A272;1;1;6;6;D48;41,5482706;8,8877648
9885;202000010945;28;2;2020;18:00;2;2A;2A048;1;1;1;1;D81;42,0308700;8,7610170
9886;202000010946;25;2;2020;15:55;1;51;51262;2;1;1;6;20 Avenue de Champagne;48,7049602;4,5900319
9887;202000010947;26;2;2020;12:30;1;51;51224;1;2;1;3;N4;48,6963070;4,6937690
9888;202000010948;4;3;2020;15:15;1;01;01052;1;1;1;3;D2;46,0378950;4,9940370
9889;202000010949;1;3;2020;16:30;1;62;62229;1;1;1;1;D928;50,6664211;2,1901476
9890;202000010950;25;2;2020;22:30;5;52;52386;1;1;4;6;N4;48,6577050;4,8146400
9891;202000010951;3;3;2020;23:40;5;01;01004;2;1;2;6;7 Avenue Roger Salengro;45,9578220;5,3499390
9892;202000010952;3;3;2020;18:20;1;91;91390;2;1;1;6;2 Chemin du Lavoir;48,3140550;2,0876170
9893;202000010954;4;2;2020;16:00;1;71;71047;2;2;1;3;Rue du Sénateur Turlier;46,6235610;3,7684500
9894;202000010955;29;2;2020;10:07;1;21;21370;1;1;1;4;A39;47,2685720;5,1710410
9895;202000010957;28;2;2020;17:25;1;81;81052;1;1;1;2;Chemin du Pigeonnier;43,9202580;2,2149680
9896;202000010958;1;3;2020;21:10;3;77;77078;1;1;1;4;A4;49,0031559;3,1326669
9897;202000010959;25;2;2020;11:00;1;28;28031;1;1;1;7;Autoroute Oceane - A11;48,2129620;0,9394090
9898;202000010960;2;3;2020;14:45;1;10;10282;1;1;3;1;D619;48,3821970;3,9576050
9899;202000010962;28;2;2020;20:50;3;28;28106;1;1;2;1;D 130;48,0941190;1,4368700
9900;202000010963;28;2;2020;18:30;1;974;97405;2;6;1;1;Rue Augustin Mézino; -21,3674630;55,5596100
9901;202000010966;3;3;2020;16:40;1;83;83086;2;1;1;6;rue barbes;43,4725040;6,5661980
9902;202000010967;1;3;2020;08:30;1;63;63025;1;1;8;6;route départementale 99 PK 22 500 décroissant;46,0537199;2,8612576
9903;202000010968;1;3;2020;05:20;3;63;63244;1;1;1;7;D17;45,9522955;3,1272256
9904;202000010969;2;3;2020;15:00;1;41;41256;1;1;3;7;A71;47,3007170;2,0456080
9905;202000010970;1;3;2020;04:00;3;01;01075;1;1;1;6;Chemin du Pirolon;46,0518500;4,8225640
9906;202000010971;24;2;2020;16:15;1;01;01071;2;1;1;1;187 Route de Mury;46,3180415;6,0618232
9907;202000010972;3;3;2020;08:10;1;22;22389;1;1;1;4;RN 12 PR 049.300 vers Saint-Brieuc;48,4792940; -2,6635410
9908;202000010974;29;2;2020;19:05;1;974;97415;2;1;1;1;Rue de la Cheminee; -21,0419840;55,2203830
9909;202000010975;2;3;2020;17:50;1;58;58044;1;1;2;1;D907;47,4924940;2,9186300
9910;202000010976;25;2;2020;15:30;1;38;38400;2;1;1;7;Côte du Marché aux Cerises;45,3435000;5,5815700
9911;202000010978;28;2;2020;15:00;1;59;59107;2;2;2;3;Rue des Sports;51,0774650;2,5140940
9912;202000010979;25;2;2020;20:20;3;59;59605;2;1;2;7;57 Rue Albert Poidevin;51,0118100;2,5182600
9913;202000010980;28;1;2020;12:10;1;75;75111;2;4;1;6;BOULEVARD VOLTAIRE;48,8605500;2,3755060
9914;202000010981;28;1;2020;10:12;1;75;75111;2;3;8;3;RUE DU CHEMIN VERT;48,8618500;2,3833870
9915;202000010982;27;1;2020;19:30;2;75;75109;2;5;2;6;RUE VICTOR MASSE;48,8809170;2,3377360
9916;202000010983;28;1;2020;19:02;5;75;75108;2;7;2;3;PLACE CHARLES DE GAULLE;48,8732580;2,2956170
9917;202000010984;28;1;2020;18:30;5;75;75108;2;3;2;3;RUE DU FAUBOURG SAINT HONORE;48,8766620;2,3014650
9918;202000010986;28;1;2020;13:00;1;75;75104;2;2;1;3;BOULEVARD DE SEBASTOPOL;48,8606120;2,3494040
9919;202000010987;28;1;2020;15:40;1;75;75101;2;2;1;3;RUE DE RIVOLI;48,8608920;2,3408210
9920;202000010988;28;1;2020;14:30;1;75;75101;2;4;1;6;RUE DU LOUVRE;48,8644510;2,3426470
9921;202000010990;28;1;2020;08:10;2;94;94041;2;1;1;6;HENRI BARBUSSE (AV);48,8105100;2,3798400
9922;202000010991;27;1;2020;17:10;5;94;94041;2;1;2;1;REPUBLIQUE (AV DE LA);48,8065100;2,3924000
9923;202000010993;28;1;2020;21:00;5;93;93072;2;4;2;3;JULES GUESDE (AVENUE) COTE N° IMPAIRS;48,9630251;2,3848257
9924;202000010994;28;1;2020;10:30;1;93;93059;2;9;6;3;LENINE (AVENUE) N°36 AU 120 ET N°45 AU 1;48,9559600;2,3582400
9925;202000010995;28;1;2020;10:27;1;93;93071;2;1;2;2;BRUNO BANCHER (AVENUE);48,9339200;2,5332000
9926;202000010996;28;1;2020;09:00;1;93;93048;2;2;1;6;MARCELIN BERTHELOT (RUE);48,8564900;2,4371900
9927;202000010997;28;1;2020;09:00;1;93;93046;2;1;2;6;KENNEDY AVENUE DU PRESIDENT;48,9160000;2,5327000
9928;202000010998;28;1;2020;18:50;5;93;93031;2;9;2;3;DIX HUIT JUIN 1940 (AVENUE DU);48,9529429;2,3074153
9929;202000010999;26;1;2020;18:35;5;93;93013;2;1;1;6;LECLERC (AVENU DE LA DIVISION);48,9308414;2,4214605
9930;202000011000;28;1;2020;08:40;1;93;93047;2;9;8;6;R DU LAVOIR;48,8997100;2,5763300
9931;202000011001;28;1;2020;09:05;1;93;93047;2;9;8;6;LAVOIR (RUE DU);48,8997100;2,5763300
9932;202000011002;28;1;2020;14:29;1;93;93007;2;2;2;7;CASANOVA (AVENUE);48,9240600;2,4732300
9933;202000011003;28;1;2020;10:50;1;93;93005;2;3;2;2;HAVRE (RUE DU);48,9223300;2,4891900
9934;202000011005;28;1;2020;07:50;5;92;92076;2;4;2;6;VILLEPREUX;48,8408820;2,1458475
9935;202000011006;28;1;2020;12:10;1;92;92051;2;1;1;3;CHARLES DE GAULLE (AVENUE, N°27 A 129);48,8815148;2,2715360
9936;202000011007;28;1;2020;16:20;1;92;92049;2;1;1;6;ARCUEIL RUE D';48,8112855;2,3235337
9937;202000011008;28;1;2020;10:50;1;92;92020;2;1;1;6;PERI RUE GABRIEL;48,8010395;2,2867779
9938;202000011009;28;1;2020;06:35;5;92;92020;2;2;1;3;FAURE BLD FELIX N°1 A 35 ET 28 A 36;48,8018100;2,2837400
9939;202000011010;28;1;2020;18:20;5;92;92044;2;1;2;6;ED.VAILLANT(RUE) 75A117 ET80A96;48,8973618;2,2879387
9940;202000011011;27;1;2020;19:00;5;92;92036;2;3;1;6;GRESILLONS (AVENUE DES) (1/45);48,9136347;2,2986659
9941;202000011012;28;1;2020;20:20;3;92;92012;2;1;2;6;PONT DE SEVRES (ROND POINT DU);48,8292609;2,2289433
9942;202000011013;27;1;2020;17:55;5;92;92012;2;2;2;3;REINE (ROUTE DE LA) 1/37- 6/80;48,8391900;2,2455400
9943;202000011014;28;1;2020;18:40;5;92;92002;2;1;2;3;DIVISION LECLERC (53 A 217 - 58 A 186);48,7475500;2,3038400
9944;202000011015;28;1;2020;21:15;5;09;09268;2;1;1;1;Rue du Pont;42,9998090;1,1372330
9945;202000011016;27;1;2020;18:50;5;74;74191;2;2;2;6;792 Avenue de Joux Plane;46,1804620;6,7021750
9946;202000011017;28;1;2020;15:45;1;42;42166;1;1;2;6;Route Bleue;45,9857100;4,1099860
9947;202000011018;29;1;2020;07:15;5;68;68145;2;4;2;6;5 Grand'Rue;48,0811830;7,3881980
9948;202000011019;28;1;2020;19:10;3;37;37005;1;1;1;2;AUTOROUTE A10;46,9649180;0,5482925
9949;202000011020;28;1;2020;18:45;3;56;56237;1;1;1;1;3 Rue de Botspern;48,0096470; -2,9497670
9950;202000011021;28;1;2020;16:50;2;74;74083;1;1;4;7;2663 Route de Saint Gervais;45,8911770;6,6690850
9951;202000011022;28;1;2020;16:20;1;74;74276;1;1;4;1;D907;46,0961800;6,6604190
9952;202000011023;25;1;2020;19:15;3;42;42013;1;1;1;1;Route de Lyon;45,6500260;4,3119730
9953;202000011024;28;1;2020;17:20;1;44;44014;1;1;2;1;La Jarie;47,1063413; -1,5097994
9954;202000011025;28;1;2020;19:30;3;29;29049;1;1;3;1;D765 - Lieu Dit Nenez;47,9676180; -3,8914190
9955;202000011026;29;1;2020;05:47;3;02;02085;1;1;2;5;D1;49,0859910;3,3972910