;Num_Acc;jour;mois;an;hrmn;lum;dep;com;agg;int;atm;col;adr;lat;long
9956;202000011027;29;1;2020;02:00;3;72;72248;1;1;1;6;D96;47,8192500;0,3876220
9957;202000011029;29;1;2020;17:40;2;60;60035;1;1;1;-1;RD 154;49,6554296;2,8521939
9958;202000011030;29;1;2020;10:30;1;60;60286;2;3;1;1;Rue d'Amiens;49,6655520;1,9418600
9959;202000011031;27;1;2020;11:25;1;18;18155;1;1;1;1;D2076;46,8201210;3,0217120
9960;202000011033;28;1;2020;15:00;1;04;04049;2;1;1;7;Route du Pierraret;44,0904250;6,0084650
9961;202000011034;29;1;2020;10:20;1;85;85117;1;6;1;3;RD 60;46,4703540; -1,2538900
9962;202000011035;28;1;2020;17:45;2;85;85146;2;1;1;6;;46,9758100; -1,2990200
9963;202000011036;19;1;2020;19:00;2;987;98734;1;1;1;1;PK 38+900; -17,7233790; -149,5057300
9964;202000011037;28;1;2020;18:10;3;10;10438;1;1;2;2;A5;48,1661140;4,5286420
9965;202000011038;28;1;2020;21:30;3;973;97307;2;1;1;6;Rue de l'Alambic;4,8825270; -52,3226100
9966;202000011039;17;1;2020;18:40;4;973;97307;2;1;1;1;33 Rue Citron Vert;4,8756216; -52,3248031
9967;202000011040;26;1;2020;19:00;3;06;06004;1;1;1;2;a8 pk 173.100 chaussée nord;43,6112580;7,1067690
9968;202000011041;28;1;2020;08:15;1;06;06079;1;1;1;3;A8;43,5575330;6,9551500
9969;202000011044;28;1;2020;17:25;1;972;97228;1;1;1;2;Chemin Rural du Quartier Francois;14,7579820; -61,0230340
9970;202000011045;29;1;2020;07:48;2;13;13088;2;3;1;3;Route Departementale 568;43,3662870;5,2633889
9971;202000011046;28;1;2020;12:02;1;77;77318;1;1;1;-1;Route nationale 36;48,7778260;2,8654862
9972;202000011047;29;1;2020;08:05;1;78;78522;1;2;1;1;D988;48,5857850;1,9815090
9973;202000011049;27;1;2020;00:15;3;38;38451;1;1;2;6;Route de Cremieu;45,7400700;5,2313300
9974;202000011050;28;1;2020;13:15;1;01;01012;1;1;4;7;La Grange Goyet;46,0046230;5,5468080
9975;202000011051;28;1;2020;16:50;1;17;17184;1;1;1;1;D733;45,7948480; -0,9360690
9976;202000011052;28;1;2020;23:15;3;85;85155;1;1;2;2;Le Vigneau;46,6901780; -1,4656500
9977;202000011053;29;1;2020;19:25;5;27;27448;2;1;1;6;40 Rue Edouard Isambard;49,0137600;1,3796100
9978;202000011054;28;1;2020;18:30;5;60;60341;2;3;3;6;D84;49,0892980;2,7402200
9979;202000011055;22;1;2020;11:30;1;02;02242;2;1;1;7;D969;48,9777520;3,2482840
9980;202000011056;29;1;2020;15:00;1;62;62380;1;1;1;4;D65;50,3945520;2,6477410
9981;202000011057;23;1;2020;09:05;1;13;13001;1;1;1;-1;A51-Sens Marseille vers Aix en Provence;43,5116070;5,4222440
9982;202000011058;28;1;2020;09:15;1;13;13005;1;1;1;5;A50-Sens Marseille vers Aubagne;43,2885999;5,5497001
9983;202000011059;27;1;2020;08:10;1;13;13216;1;1;1;2;A55-Sens Martigues vers Marseille;43,3666700;5,3297570
9984;202000011060;23;1;2020;15:30;1;69;69296;1;1;1;2;A7  ;45,6542100;4,8387500
9985;202000011061;24;1;2020;16:30;1;69;69266;1;1;1;4;RD 383  ;45,7850193;4,8905892
9986;202000011062;28;1;2020;15:15;1;33;33366;1;1;1;2;AUTOROUTE A 10;45,0098100; -0,4283800
9987;202000011063;28;1;2020;07:00;3;91;91570;1;1;1;3;RN 104;48,6253000;2,3255000
9988;202000011064;28;1;2020;08:40;1;91;91689;1;1;1;3;AUTOROUTE A6;48,7298840;2,3146490
9989;202000011065;28;1;2020;07:45;1;91;91687;1;1;1;3;AUTOROUTE A6;48,6636605;2,3661172
9990;202000011066;28;1;2020;13:22;3;78;78238;1;1;1;2;A13W;48,9692200;1,8645010
9991;202000011067;27;1;2020;18:10;3;78;78043;1;1;2;7;A12 Y;48,8422810;2,0993140
9992;202000011068;27;1;2020;11:15;1;95;95582;1;1;2;2;RD 170;48,9666700;2,2736600
9993;202000011069;27;1;2020;17:30;2;95;95277;1;1;3;2;AUTOROUTE A104;48,9722100;2,4861000
9994;202000011070;27;1;2020;18:46;4;93;93066;1;1;2;2;AUTOROUTE A1;48,9298900;2,3641900
9995;202000011071;27;1;2020;09:00;2;95;95582;1;1;2;4;RD 170;48,9671000;2,2735100
9996;202000011072;27;1;2020;08:30;2;95;95582;1;1;2;7;RD 170;48,9664200;2,2734700
9997;202000011073;26;1;2020;00:00;3;95;95572;1;1;1;3;AUTOROUTE A15;49,0320700;2,1066600
9998;202000011074;25;1;2020;20:45;3;93;93005;1;1;1;7;AUTOROUTE A3;48,9473100;2,4758100
9999;202000011075;24;1;2020;18:10;3;95;95241;1;1;1;6;RN 104;49,0475300;2,4616600
10000;202000011076;27;1;2020;17:00;2;94;94073;1;1;2;5;A86 INT;48,7603946;2,3827328
10001;202000011077;27;1;2020;06:35;3;94;94018;1;1;2;3;A4;48,8193600;2,4061700
10002;202000011078;27;1;2020;17:10;1;976;97611;2;9;1;1;kaweni-Zamantalé (ruelle); -12,7737744;45,2202637
10003;202000011079;26;1;2020;23:20;3;974;97416;1;9;1;6;RN2 (2); -21,3532000;55,5098300
10004;202000011080;26;1;2020;19:20;3;972;97213;1;1;1;4;ROUTE DEPARTEMENTALE 15;14,6435930; -61,0104290
10005;202000011081;26;1;2020;20:40;5;69;69385;2;1;8;3;ROMAIN ROLLAND                      (QU);45,7623000;4,8288000
10006;202000011082;10;1;2020;17:20;1;69;69384;2;1;1;6;GEORGES CLEMENCEAU                  (QU);45,7748844;4,8096675
10007;202000011083;27;1;2020;08:55;1;971;97120;2;1;1;7;CHANZY (BOULEVARD);16,2415200; -61,5378000
10008;202000011084;26;1;2020;18:50;5;971;97113;1;1;1;1;RN4 - SECTION RIVIERA;16,2097879; -61,4720839
10009;202000011085;26;1;2020;16:25;1;971;97101;1;1;1;3;BESSON;16,2370400; -61,5016200
10010;202000011086;25;1;2020;21:25;5;95;95288;2;9;1;3;PASTEUR (RUE);48,9862700;2,3517500
10011;202000011087;27;1;2020;17:30;4;91;91471;2;1;2;6;DUBREUIL (BOULEVARD);48,6979100;2,1839300
10012;202000011088;27;1;2020;18:25;5;91;91687;2;9;2;3;BELLAY (AVENUE DU);48,6758220;2,3633510
10013;202000011089;27;1;2020;16:20;1;91;91174;2;1;2;3;JOHN KENNEDY (BOULEVARD);48,5835100;2,4766200
10014;202000011090;27;1;2020;08:10;2;91;91174;2;9;3;6;DUNANT ( BD HENRI);48,6043900;2,4820900
10015;202000011091;27;1;2020;05:40;3;91;91339;2;1;2;2;RN 20;48,6350600;2,2661600
10016;202000011092;14;1;2020;17:50;5;88;88383;2;3;1;6;RUE DES 5 EME ET 15 EME B.C.P.;48,0173100;6,5963400
10017;202000011093;25;1;2020;16:19;1;87;87048;1;1;1;7;NEXON (ROUTE DE);45,7766800;1,2209700
10018;202000011094;27;1;2020;18:45;5;85;85191;2;6;3;6;ROND-POINT DUCHESNE-DE-DENANT ;46,6508500; -1,4376300
10019;202000011095;26;1;2020;09:45;1;83;83062;2;1;8;1;THOUAR MONTEE;43,1331500;6,0096800
10020;202000011096;26;1;2020;22:00;5;83;83129;2;1;8;2;MER (AVENUE DE LA) N° PAIRS;43,1050720;5,8170117
10021;202000011097;25;1;2020;23:00;5;83;83129;2;1;1;3;KENNEDY(AVENUE J.)N° PAIRS après 2742;43,1085046;5,8463493
10022;202000011098;27;1;2020;07:40;3;78;78440;2;3;3;6;PAUL RAOULT (AVENUE);48,9949710;1,9137360
10023;202000011100;25;1;2020;14:30;1;67;67218;2;1;1;2;CEINTURE (RUE DE LA);48,5267400;7,7211100
10024;202000011101;24;1;2020;19:06;4;66;66136;2;2;1;3;REART (AVENUE DE LA);42,6836700;2,9083600
10025;202000011102;25;1;2020;03:10;5;63;63113;2;1;1;6;MITTERRAND (BD FRANCOIS);45,7708200;3,0874300
10026;202000011103;25;1;2020;13:03;1;63;63113;2;6;1;2;RECLUS (AVENUE ELISEE);45,7882700;3,1396000
10027;202000011104;24;1;2020;14:45;1;63;63113;2;4;1;3;DUMAS (BD J.BAPTISTE);45,7865200;3,0915300
10028;202000011105;27;1;2020;08:15;2;59;59009;2;1;8;6;CANTELEU AVENUE DE;50,6384600;3,1482400
10029;202000011106;26;1;2020;20:50;5;59;59017;2;2;2;3;RESISTANTS (RUE DES );50,6913700;2,8731100
10030;202000011107;24;1;2020;22:00;5;58;58194;2;3;1;1;MADEMOISELLE BOURGEOIS;46,9999500;3,1756600
10031;202000011108;28;1;2020;02:00;5;54;54547;2;1;2;6;M 674;48,6710440;6,1931990
10032;202000011109;27;1;2020;17:30;5;54;54395;2;2;3;6;TOMBLAINE (RUE DE);48,6867850;6,2010200
10033;202000011110;26;1;2020;00:10;5;54;54526;2;2;5;3;PROUVE (RUE VICTOR);48,6792520;6,2173040
10034;202000011111;25;1;2020;23:24;3;49;49267;2;1;1;7;A87N;47,4668800; -0,5162200
10035;202000011112;26;1;2020;10:40;1;47;47001;2;3;1;-1;DURRENS (RUE DE);44,2004000;0,6340300
10036;202000011113;27;1;2020;08:00;2;45;45274;2;1;2;1;D951 - PR86+350;47,8658920;1,9641602
10037;202000011114;25;1;2020;16:50;1;45;45068;2;1;1;6;R ANDRE GIDE;48,0325620;2,7442530
10038;202000011115;21;1;2020;13:25;1;37;37122;2;1;7;6;VERDUN (RUE DE);47,3467269;0,6655133
10039;202000011117;27;1;2020;19:45;4;35;35238;2;1;2;3;VERN (DE);48,0995916; -1,6575926
10040;202000011118;27;1;2020;15:39;1;35;35278;1;1;2;6;RN 136 PORTE DE ST MALO;48,1440000; -1,6966500
10041;202000011119;24;1;2020;01:45;4;34;34172;2;1;1;6;AIGUERELLES (RUE DES);43,6038700;3,8814900
10042;202000011120;28;1;2020;02:00;5;33;33063;2;4;2;6;RUE GASPARD PHILIPPE / PL CANTELOUP;44,8331829; -0,5666536
10043;202000011121;27;1;2020;20:10;5;33;33522;2;6;2;3;RUE PACARIS / RUE CLEMENT THOMAS / CHEM DE BENEDIGUES;44,7988200; -0,5827000
10044;202000011122;27;1;2020;15:27;1;33;33249;2;6;2;3;AVE DE LA LIBERATION / RUE DES GAROSSES;44,8764000; -0,5192100
10045;202000011123;17;1;2020;08:30;2;33;33281;2;2;2;6;AVE DES EYQUEMS / RUE MARBOTIN / CHEM DE LA TOUR DE VEYRINES;44,8279300; -0,6461400
10046;202000011124;26;1;2020;11:00;1;31;31555;2;3;1;3;RUE DU LOT;43,5805100;1,4101700
10047;202000011125;26;1;2020;21:15;5;31;31555;2;1;1;-1;AV DE MURET;43,5922900;1,4342000
10048;202000011126;25;1;2020;07:00;4;31;31069;1;1;1;3;FIL D'ARIANE (RD902);43,6410100;1,3748100
10049;202000011127;24;1;2020;17:40;2;31;31555;1;1;1;2;VA007331 A620;43,6070430;1,4071620
10050;202000011129;20;1;2020;20:17;5;29;29039;2;3;1;6;Rue Charles le Goffic;47,8745661; -3,9287849
10051;202000011130;27;1;2020;07:55;5;29;29019;2;3;2;3;Rue de Glasgow;48,3970539; -4,4833372
10052;202000011131;24;1;2020;17:50;5;25;25462;2;1;1;6;MORTEAU DE (DU 0 AU 30);46,9084700;6,3573900
10053;202000011132;24;1;2020;08:00;5;21;21054;2;2;5;6;10 Boulevard Perpreuil;47,0215563;4,8405882
10054;202000011134;16;1;2020;16:30;2;18;18255;1;1;1;3;RD 2151;47,0167000;2,3000000
10055;202000011135;23;1;2020;16:45;2;16;16089;2;1;1;6;parking Hypermerché Auchan;45,6840400; -0,3048100
10056;202000011136;27;1;2020;17:00;2;16;16341;1;9;1;3;Bretelle entrée sur RN;45,6400410;0,1186690
10057;202000011138;23;1;2020;13:55;1;14;14118;2;1;1;6;JUIN (BOULEVARD MARECHAL);49,2104200; -0,3673400
10058;202000011140;27;1;2020;08:20;1;13;13208;2;1;1;3;PERIER (BOULEVARD);43,2795176;5,3851542
10059;202000011141;25;1;2020;20:21;5;10;10387;2;1;1;3;LOUIS ULBACH (RUE);48,2944800;4,0774600
10060;202000011142;25;1;2020;07:49;5;10;10387;2;2;1;3;GENERAL CHARLES DELESTRAIN (RUE);48,2913700;4,0709500
10061;202000011143;22;1;2020;08:20;1;08;08409;2;1;1;6;FAUSSES BRAIES (RUE DES);49,6980200;4,9499800
10062;202000011144;27;1;2020;11:30;1;07;07281;2;1;1;2;HUIT MAI (AVENUE DU);44,9464800;4,8505400
10063;202000011145;27;1;2020;10:55;1;75;75116;2;4;1;5;PORTE D AUTEUIL;48,8472920;2,2540370
10064;202000011146;26;1;2020;08:30;2;75;75113;2;3;1;6;QUAI D IVRY;48,8251190;2,3887750
10065;202000011147;27;1;2020;14:20;1;75;75105;2;2;2;-1;RUE GAY LUSSAC;48,8459560;2,3412130
10066;202000011148;27;1;2020;08:30;5;75;75105;2;2;2;6;RUE GAY LUSSAC;48,8425870;2,3429100
10067;202000011149;27;1;2020;12:05;1;75;75117;2;2;2;7;RUE GUY MOQUET;48,8917060;2,3212040
10068;202000011150;27;1;2020;16:53;1;75;75116;2;3;2;6;AVENUE THEOPHILE GAUTIER;48,8503760;2,2733140
10069;202000011151;27;1;2020;12:10;1;75;75116;2;1;2;6;AVENUE DE LA GRANDE ARMEE;48,8766900;2,2858480
10070;202000011152;26;1;2020;03:50;5;75;75115;2;3;1;3;RUE LECOURBE;48,8442440;2,3082140
10071;202000011153;27;1;2020;19:36;5;75;75113;2;5;2;3;RUE DE TOLBIAC;48,8261600;2,3599760
10072;202000011154;26;1;2020;22:32;5;75;75113;2;3;2;3;AVENUE DE CHOISY;48,8226040;2,3627220
10073;202000011155;27;1;2020;21:00;5;75;75112;2;5;2;3;AVENUE DAUMESNIL;48,8341990;2,4107610
10074;202000011156;27;1;2020;19:30;5;75;75112;2;1;2;6;PLACE LOUIS ARMAND;48,8451960;2,3725250
10075;202000011157;27;1;2020;15:08;1;75;75109;2;2;2;6;RUE SAINT LAZARE;48,8755460;2,3266370
10076;202000011158;27;1;2020;19:50;5;75;75108;2;1;2;2;AVENUE DES CHAMPS ELYSEES;48,8680520;2,3130630
10077;202000011159;26;1;2020;22:48;5;75;75108;2;1;2;6;RUE DU FAUBOURG SAINT HONORE;48,8775640;2,2989080
10078;202000011160;27;1;2020;18:45;4;75;75107;2;3;2;7;QUAI BRANLY;48,8616070;2,2976790
10079;202000011161;27;1;2020;17:05;5;75;75101;2;1;2;6;BOULEVARD DU PALAIS;48,8552620;2,3458490
10080;202000011162;24;1;2020;19:00;4;94;94046;2;1;1;1;CARNOT (R);48,8033447;2,4390512
10081;202000011164;27;1;2020;08:30;1;94;94073;2;1;2;6;VERSAILLES (AV DE);48,7603400;2,3997100
10082;202000011165;26;1;2020;20:40;3;94;94065;1;1;1;2;Route nationale 186;48,7537600;2,3578800
10083;202000011166;27;1;2020;09:20;1;94;94028;2;3;2;2;LECLERC.(RUE DU GENERAL);48,7907800;2,4649700
10084;202000011167;27;1;2020;10:40;1;94;94018;2;1;8;3;CARRIERES (QU DES);48,8195900;2,4062200
10085;202000011168;27;1;2020;14:30;1;93;93078;2;9;3;2;AV VAUBAN;48,9687417;2,5509235
10086;202000011169;27;1;2020;08:15;2;93;93046;2;2;2;6;ALL JOSEPH NOIZE / AV DU MARECHAL LECLERC;48,9202000;2,5392000
10087;202000011170;27;1;2020;01:22;5;93;93046;2;1;2;2;CONSUL GENERAL NORDLING AVENUE;48,9169212;2,5327726
10088;202000011171;27;1;2020;21:15;5;93;93029;2;2;2;3;FAIDHERBE N°;48,9224000;2,4337000
10089;202000011172;15;9;2020;07:55;1;13;13041;2;9;1;5;Avenue Emile Zola Biver;43,4399127;5,4649942
10090;202000011173;14;9;2020;17:26;1;57;57276;1;2;1;5;D19;49,0741960;6,5314690
10091;202000011174;11;9;2020;10:00;1;38;38449;2;1;1;2;Rue du Limousin;45,6381700;5,1095100
10092;202000011175;15;9;2020;21:40;3;01;01032;1;1;1;1;Route du Cruisseau;45,8664050;5,1280370
10093;202000011176;15;9;2020;18:40;2;31;31417;2;1;1;1;81 Route de Léguevin;43,6065410;1,2610630
10094;202000011177;28;8;2020;08:00;1;64;64496;2;6;1;3;D635;43,4753340; -1,4420360
10095;202000011178;16;9;2020;16:30;1;56;56069;1;1;1;7;Route des Plages;47,6384370; -3,4450830
10096;202000011179;15;9;2020;18:00;1;13;13055;1;1;1;2;A507 sens Marseille - Aubagne;43,3299257;5,4025133
10097;202000011180;15;9;2020;08:14;1;13;13207;1;1;1;5;Tunnel Prado Carénage;43,2832443;5,3856064
10098;202000011181;14;9;2020;05:30;4;13;13211;1;1;1;2;A50-Sens Aubagne vers Marseille;43,2872940;5,4380500
10099;202000011182;14;9;2020;16:08;1;13;13211;1;1;1;2;A50-Sens Aubagne vers Marseille;43,2930000;5,4551000
10100;202000011183;14;9;2020;15:45;1;13;13202;1;1;1;7;A55-Sens Marseille vers Martigues;43,3198000;5,3637230
10101;202000011186;14;9;2020;06:15;2;69;69297;1;1;1;5;A7   15.770 A 20.110;45,5884839;4,7982593
10102;202000011187;15;9;2020;14:20;1;67;67482;1;1;1;3;Autoroute A.35;48,5898690;7,7316500
10103;202000011188;13;9;2020;11:58;1;59;59143;1;1;1;2;AUTOROUTE A25;50,6665180;2,8823630
10104;202000011189;14;9;2020;18:00;1;59;59507;1;1;1;3;AUTOROUTE A1;50,6041152;3,1009072
10105;202000011190;15;9;2020;10:02;1;91;91521;1;1;1;2;AUTOROUTE A6;48,6298000;2,4109000
10106;202000011192;15;9;2020;20:25;4;92;92036;1;1;1;3;A86;48,9356989;2,2617700
10107;202000011193;15;9;2020;07:45;1;78;78498;1;1;1;3;A13;48,9096060;2,0054300
10108;202000011194;14;9;2020;09:30;1;78;78423;1;1;1;4;RN12;48,7956380;2,0449350
10109;202000011195;15;9;2020;13:00;1;93;93048;1;1;1;4;AUTOROUTE A3;48,8735200;2,4363900
10110;202000011196;15;9;2020;08:55;1;93;93010;1;1;1;2;AUTOROUTE A3;48,9062500;2,4721300
10111;202000011197;15;9;2020;06:30;3;95;95018;1;1;1;5;A15;48,9602600;2,2708300
10112;202000011198;15;9;2020;18:30;1;77;77514;1;1;1;-1;A104;48,9407145;2,6282125
10113;202000011199;15;9;2020;18:50;1;75;75112;1;1;1;2;A4;48,8213220;2,4620680
10114;202000011200;15;9;2020;17:15;1;94;94042;1;1;1;4;A4;48,8269503;2,4680133
10115;202000011201;15;9;2020;11:00;1;94;94046;1;1;1;4;A86 INT;48,7870390;2,4399960
10116;202000011202;15;9;2020;08:45;1;77;77055;1;1;1;-1;A104;48,9007400;2,6528300
10117;202000011205;31;5;2020;20:55;2;17;17299;2;6;1;2;BARIL RUE DU DOCTEUR;45,9419350; -0,9751070
10118;202000011206;13;9;2020;11:56;1;974;97411;2;9;1;3;Ancienne RN1; -21,3250000;55,4463000
10119;202000011207;12;9;2020;14:50;1;974;97407;1;3;1;3;ROUTE DU SACRE COEUR; -20,9569399;55,3139813
10120;202000011208;14;9;2020;15:00;1;973;97302;2;1;1;3;MONTABO (ROUTE DE) 1;4,9338762; -52,2908878
10121;202000011209;14;9;2020;19:00;2;69;69259;2;6;7;3;JACQUES DUCLOS                      (AV);45,6973800;4,8908900
10122;202000011210;14;9;2020;10:43;1;69;69199;2;1;1;6;CARNOT                              (R );45,7080337;4,8586087
10123;202000011211;13;9;2020;19:00;3;972;97213;1;1;1;4;ROUTE NATIONALE 5;14,5966000; -60,9947000
10124;202000011212;14;9;2020;19:15;3;972;97209;1;1;1;5;CLUNY (ROUTE DE);14,6159900; -61,0833500
10125;202000011213;14;9;2020;12:10;1;69;69382;2;2;1;3;DOCTEUR GAILLETON (DU)              (QU);45,7506100;4,8319800
10126;202000011214;9;9;2020;10:30;1;91;91521;2;1;1;6;REMY (RUE ALBERT);48,6568300;2,4080000
10127;202000011215;14;9;2020;08:10;1;91;91657;2;3;1;7;HENRI CHARON (AVENUE);48,7063200;2,4224100
10128;202000011216;12;9;2020;16:45;1;91;91339;2;1;1;2;BENOIST ROBERT (AVENUE);48,6347800;2,2661200
10129;202000011217;11;9;2020;17:37;1;87;87113;2;1;1;4;LIMOGES (AVENUE DE);45,8554900;1,3083400
10130;202000011220;12;9;2020;23:50;5;86;86194;2;1;1;3;Avenue du 11 Novembre;46,5710550;0,3699290
10131;202000011221;14;9;2020;07:00;2;86;86194;2;6;1;3;Rue de la Jambe à l’Ane;46,5706700;0,3498200
10132;202000011222;13;8;2020;21:25;5;83;83123;2;1;1;6;GARE (ROUTE);43,1216740;5,8188930
10133;202000011223;11;9;2020;14:15;1;80;80021;2;1;1;3;GENERAL LECLERC (RUE DU );49,8962000;2,2939700
10134;202000011224;12;9;2020;18:20;1;80;80021;2;1;1;7;GRAND MARAIS (RUE DU);49,9215800;2,2610000
10135;202000011226;13;9;2020;02:20;5;80;80164;2;1;1;6;AMBROISE CROIZAT (RUE);49,8988000;2,3402800
10136;202000011227;9;9;2020;15:40;1;80;80131;1;1;1;7;CD116;49,8510910;2,3699570
10137;202000011228;13;9;2020;12:10;1;78;78490;2;1;1;1;BRETECHELLE (RUE DE LA);48,8159700;1,9590600
10138;202000011229;9;9;2020;16:30;1;78;78297;2;9;1;3;PERRET (PLACE DES FRERES);48,7711400;2,0822100
10139;202000011230;12;9;2020;21:30;5;77;77495;1;2;1;3;D306 - D82;48,5681900;2,6260100
10140;202000011233;13;9;2020;00:55;5;76;76351;2;1;1;3;GEORGES LAFAURIE (RUE);49,5014000;0,1144000
10141;202000011234;14;9;2020;10:50;1;74;74218;2;3;1;3;PAYS DE GAVOT (ROUTE DU)  RD11;46,3871424;6,5460128
10142;202000011235;13;9;2020;15:00;1;74;74281;2;7;1;3;TULLY (ROUTE DE);46,3732477;6,4974804
10143;202000011236;11;9;2020;17:55;1;68;68066;2;9;7;6;HENNER (RUE);48,0679700;7,3483300
10144;202000011237;19;7;2020;17:20;1;60;60282;2;1;7;3;D1016;49,2046450;2,4617740
10145;202000011238;12;9;2020;11:10;1;67;67447;2;1;1;3;Route de Bischwiller;48,6091475;7,7504039
10146;202000011239;19;7;2020;01:50;3;80;80101;1;1;1;2;A1;49,6416780;2,7589420
10147;202000011240;12;9;2020;09:42;1;66;66136;2;3;1;3;VAUBAN (TRAVERSE SEBASTIEN);42,6985800;2,8897800
10148;202000011241;18;7;2020;02:15;3;59;59133;1;1;1;7;la barolue;50,5250710;2,9763190
10149;202000011243;17;7;2020;23:20;3;13;13106;1;1;1;2;A7-Sens Marseille vers Lyon;43,3893000;5,3509500
10150;202000011244;16;7;2020;22:45;5;13;13015;1;9;1;7;A515CM-sortie Gardanne/Bouc Bel Air;43,4533000;5,3972000
10151;202000011246;18;7;2020;14:15;1;92;92019;1;1;1;2;RN 385;48,7598766;2,2778916
10152;202000011247;13;9;2020;18:50;1;64;64102;2;1;1;7;MAUBEC (RUE);43,4993620; -1,4669970
10153;202000011248;13;9;2020;12:00;1;64;64024;2;1;1;7;PLAGES (BOULEVARD DES);43,4999300; -1,5399100
10154;202000011249;17;7;2020;22:30;3;92;92036;1;1;1;1;A86;48,9346513;2,2807401
10155;202000011251;12;9;2020;18:30;1;64;64024;2;3;1;2;FALAISES (PROMENADE DES);43,4964000; -1,5390300
10156;202000011252;18;7;2020;18:00;1;93;93048;1;1;1;2;AUTOROUTE A3;48,8731300;2,4359400
10157;202000011253;18;7;2020;13:30;1;95;95203;1;1;1;6;RD 170;48,9775000;2,2860400
10158;202000011254;13;9;2020;17:45;1;63;63300;2;2;1;6;COMMANDANT MADELINE (AVENUE DU);45,8933100;3,1088200
10159;202000011255;18;7;2020;00:35;3;93;93066;1;1;1;2;AUTOROUTE A1;48,9282000;2,3540000
10160;202000011257;14;9;2020;07:00;2;62;62737;2;1;1;6;NATIONALE (ROUTE) CD937;50,4506880;2,6876320
10161;202000011258;18;7;2020;13:30;1;93;93051;1;1;1;2;A4;48,8355815;2,5679363
10162;202000011259;9;9;2020;17:00;1;59;59456;2;1;1;1;ANCHIN (HAMEAU D');50,3837293;3,2204649
10163;202000011260;18;7;2020;12:55;1;93;93051;1;1;1;2;A4;48,8361000;2,5551000
10164;202000011261;14;9;2020;21:19;5;56;56260;2;1;1;6;VERDUN(AVENUE DE);47,6610400; -2,7427100
10165;202000011263;10;9;2020;17:27;1;49;49015;2;1;1;2;LURCAT AVENUE JEAN;47,4852400; -0,5840000
10166;202000011264;10;9;2020;17:34;1;49;49007;2;6;1;3;LIZE;47,4901900; -0,5662900
10167;202000011266;17;7;2020;13:15;1;75;75112;1;1;1;5;A86 INT;48,8182030;2,4557800
10168;202000011267;11;5;2020;10:22;1;84;84007;1;1;1;6;MARSEILLE (Route)-MONTFAVET;43,9222300;4,8580100
10169;202000011268;11;9;2020;16:15;1;40;40192;2;1;1;6;LACROUTS (AV DE);43,8827000; -0,4711300
10170;202000011269;16;7;2020;10:43;1;974;97411;1;6;1;2;RIVIERE DES PLUIES (ROUTE DE LA); -20,9024700;55,5029000
10171;202000011271;14;9;2020;20:05;2;35;35238;2;2;1;6;REPUBLIQUE (PLACE DE LA);48,1098300; -1,6802000
10172;202000011272;14;9;2020;07:45;1;35;35278;2;6;1;3;CHESNAIS BEAUREGARD (RUE DU);48,1371494; -1,6893592
10173;202000011273;18;7;2020;00:15;5;69;69387;2;1;1;6;GUILLOTIERE (DE LA)                 (GR);45,7542000;4,8438000
10174;202000011274;17;7;2020;21:00;2;69;69259;2;1;1;6;LEO LAGRANGE                        (R );45,6993113;4,8706633
10175;202000011275;17;7;2020;20:40;1;69;69387;2;1;1;6;DEBOURG                             (AV);45,7314600;4,8315800
10176;202000011276;17;7;2020;20:00;1;69;69386;2;3;1;3;GERMAIN                             (R );45,7652000;4,8680000
10177;202000011277;17;7;2020;17:25;1;69;69387;2;2;1;3;GUILLOTIERE (DE LA)                 (GR);45,7491000;4,8534500
10178;202000011278;17;7;2020;12:15;1;69;69383;2;2;1;3;LOUIS                               (R );45,7511000;4,8890000
10179;202000011279;12;9;2020;00:30;5;34;34032;2;2;1;3;MUSSET ALFRED DE (RUE);43,3410700;3,2194500
10180;202000011280;14;9;2020;08:35;1;33;33063;2;1;1;6;AVE D'ARES CAUD;44,8384300; -0,6132800
10181;202000011281;12;9;2020;10:10;1;31;31555;2;1;1;3;AV PAUL SEJOURNE;43,6076600;1,4283400
10182;202000011282;11;9;2020;19:00;1;31;31555;2;1;1;6;AV RAYMOND BADIOU;43,5994500;1,4058600
10183;202000011283;11;9;2020;15:25;1;31;31555;1;1;1;3;VA007331 A620;43,6079300;1,4091700
10184;202000011284;13;9;2020;10:50;1;29;29039;1;6;1;3;D783 - RPoint Kerviniou;47,8630600; -3,8904500
10185;202000011285;14;9;2020;18:30;1;27;27681;1;1;1;2;IVRY (ROUTE D');49,0668200;1,4692200
10186;202000011286;14;9;2020;15:45;1;27;27229;2;9;1;3;GAMBETTA (BOULEVARD);49,0193000;1,1520000
10187;202000011287;16;7;2020;19:35;1;69;69259;2;3;1;3;GEORGES LYVET                       (R );45,6959800;4,8747200
10188;202000011288;10;9;2020;12:50;1;24;24256;1;1;1;6;SUDER (AVENUE LOUIS);45,1932963;0,6610551
10189;202000011289;13;9;2020;00:40;3;21;21540;1;1;1;6;N274;47,3350700;5,0727430
10190;202000011290;17;7;2020;11:40;1;69;69199;2;3;1;3;CARNOT                              (R );45,7080200;4,8598300
10191;202000011291;15;7;2020;10:25;1;69;69386;2;3;1;3;GARIBALDI                           (R );45,7704550;4,8503389