;Num_Acc;jour;mois;an;hrmn;lum;dep;com;agg;int;atm;col;adr;lat;long
10192;202000011292;17;7;2020;12:40;1;972;97213;2;9;1;2;ROUTE DEPARTEMENTALE 3;14,6123200; -60,9952900
10193;202000011293;17;7;2020;22:42;5;69;69389;2;1;1;3;MARIETTON                           (R );45,7757100;4,8025900
10194;202000011294;17;7;2020;18:40;1;2B;2B033;2;1;1;-1;ALLEE DU 173° R.I.A.;42,7009400;9,4517700
10195;202000011295;13;9;2020;17:20;1;17;17415;1;1;1;1;ROCADE OUEST;45,7368070; -0,6598970
10196;202000011296;17;7;2020;23:25;5;2A;2A004;2;1;1;6;ROSSINI PASCAL BD;41,9171777;8,7352720
10197;202000011297;16;7;2020;19:30;1;91;91471;2;6;1;3;MOCQUET (RUE GUY);48,7005400;2,1917400
10198;202000011298;17;7;2020;18:55;1;91;91286;2;1;1;6;PASTEUR (RUE);48,6544400;2,3946200
10199;202000011300;17;7;2020;15:35;1;91;91174;2;2;1;5;FERAY ( rue );48,6078700;2,4742500
10200;202000011301;17;7;2020;10:30;1;91;91174;2;6;1;3;PLACE SAINT LEONARD;48,6142180;2,4857540
10201;202000011302;12;7;2020;23:45;3;91;91425;1;1;1;2;ORLEANS (ROUTE D');48,6193300;2,2584700
10202;202000011303;9;7;2020;15:19;1;91;91339;2;1;1;4;RN 20;48,6317100;2,2642300
10203;202000011304;16;7;2020;12:40;1;87;87085;2;1;1;6;BORIE (BOULEVARD DE LA);45,8356000;1,2276000
10204;202000011305;17;7;2020;13:00;1;83;83137;2;3;1;3;SAINTE MUSSE (VIEUX CHEMIN DE);43,1225047;5,9837077
10205;202000011306;16;7;2020;18:05;1;83;83129;2;1;1;6;SAINT PIERRE (QUAI);43,0880000;5,8182500
10206;202000011307;14;9;2020;16:45;1;17;17300;2;2;1;3;SAINT-LOUIS   RUE;46,1609060; -1,1456570
10207;202000011308;12;9;2020;18:00;1;16;16089;2;1;1;6;rue de la Trâche;45,6856130; -0,2889150
10208;202000011309;16;7;2020;09:35;1;83;83123;1;4;1;3;Route de Bandol;43,1318800;5,7810000
10209;202000011310;10;9;2020;08:20;1;14;14215;2;6;1;5;HAUTS FOURNEAUX (RUE DES );49,1933440; -0,2713540
10210;202000011311;14;9;2020;11:30;1;13;13204;2;2;1;3;EMILE DUCLAUX (RUE);43,2967040;5,4021340
10211;202000011313;16;7;2020;18:25;1;83;83061;2;1;1;6;AVENUE EUGÈNE JOLY;43,4237470;6,7345140
10212;202000011316;12;9;2020;19:50;1;11;11262;2;1;1;7;CORNICHE (LA);43,1649600;2,9683200
10213;202000011317;13;9;2020;08:00;1;11;11262;2;1;1;7;PYRENEES (PLACE ET AVENUE);43,1825400;2,9979500
10214;202000011318;16;7;2020;06:50;1;77;77316;1;1;8;1;CHAUGNATS (CHEMIN DES);48,3765400;2,8355300
10215;202000011319;13;9;2020;18:27;1;10;10343;2;2;1;3;DIJON (RUE DE);48,2687200;4,0879700
10216;202000011320;17;7;2020;17:00;1;77;77384;1;1;1;3;D306;48,5980900;2,5913800
10217;202000011321;14;9;2020;21:10;5;06;06083;2;1;1;3;CARNOT (AVENUE);43,7720000;7,4966910
10218;202000011322;12;9;2020;15:10;1;06;06004;2;9;1;3;COLLE CH.DE LA;43,5740200;7,1077800
10219;202000011323;16;7;2020;18:50;1;77;77237;2;1;1;2;TOURNAN (ROUTE DE );48,8355218;2,7531226
10220;202000011324;16;7;2020;14:55;1;71;71270;2;1;1;3;LYON (RUE DE);46,2953520;4,8183424
10221;202000011325;14;9;2020;14:50;1;01;01053;2;1;1;-1;BROU ( BD N°68 A 182 PAIR);46,2003580;5,2332530
10222;202000011326;11;9;2020;13:10;1;75;75119;2;1;1;7;ECHANGEUR PANTIN;48,8891940;2,3965260
10223;202000011327;17;7;2020;10:55;1;69;69266;2;1;1;6;MAISONS NEUVES   (Place des);45,7557168;4,8763768
10224;202000011328;13;9;2020;07:25;1;75;75119;2;1;1;1;RUE DE TANGER;48,8859710;2,3686310
10225;202000011329;12;9;2020;17:37;1;75;75107;2;1;1;1;QUAI ANATOLE FRANCE;48,8617830;2,3218620
10226;202000011330;14;9;2020;20:50;5;75;75118;2;3;1;3;BOULEVARD NEY;48,8979920;2,3424000
10227;202000011332;11;9;2020;08:00;1;75;75116;2;1;1;2;AVENUE DE NEW YORK;48,8599390;2,2905000
10228;202000011333;17;7;2020;02:38;5;64;64445;2;1;1;7;JEAN BIRAY;43,2928600; -0,3741500
10229;202000011334;14;9;2020;07:35;1;75;75114;2;1;1;3;AVENUE DU GENERAL LECLERC;48,8256150;2,3262070
10230;202000011336;14;9;2020;00:24;5;75;75114;2;2;1;4;BOULEVARD PERIPHERIQUE;48,8225940;2,3150840
10231;202000011337;14;9;2020;22:00;5;75;75112;2;3;1;6;RUE DU FAUBOURG SAINT ANTOINE;48,8497100;2,3873320
10232;202000011338;17;7;2020;14:50;1;64;64102;2;1;8;2;GRAND HARGOUS (rue du);43,5045400; -1,4670600
10233;202000011339;14;9;2020;16:05;1;75;75112;2;1;1;3;BOULEVARD SOULT;48,8401430;2,4088280
10234;202000011340;6;5;2020;18:30;1;62;62570;2;1;1;3;PREMIER MAI;50,4023610;2,8687500
10235;202000011341;14;9;2020;11:15;1;75;75111;2;1;1;5;BOULEVARD RICHARD LENOIR;48,8563390;2,3702660
10236;202000011342;17;7;2020;20:00;1;62;62178;2;4;1;1;PLOUVIER ( AVENUE PAUL );50,4783090;2,5310800
10237;202000011343;13;9;2020;02:20;5;75;75111;2;5;1;3;AVENUE DE LA REPUBLIQUE;48,8640070;2,3812000
10238;202000011344;17;7;2020;17:55;1;62;62841;2;1;1;3;SAINT VENANT ( RUE DE );50,5465400;2,6192340
10239;202000011345;14;9;2020;00:32;5;75;75107;2;5;1;3;QUAI D ORSAY;48,8626760;2,3190850
10240;202000011347;17;7;2020;14:50;1;60;60159;1;1;1;6;Avenue du Vermandois;49,4319998;2,8419733
10241;202000011348;17;7;2020;20:35;1;59;59599;2;9;1;1;MARNE (AVENUE DE LA);50,7102320;3,1533270
10242;202000011349;17;7;2020;15:45;1;57;57751;2;1;1;6;EMILE ROUX (RUE );49,1448000;6,1646000
10243;202000011350;14;9;2020;12:15;1;75;75101;2;7;1;6;PLACE VENDOME;48,8673670;2,3285940
10244;202000011352;13;9;2020;20:33;2;94;94078;2;1;1;1;PARIS (R DE);48,7355600;2,4467200
10245;202000011353;17;7;2020;13:28;1;51;51055;2;1;1;7;Rue Neuve;49,2862748;4,0557457
10246;202000011354;13;9;2020;22:00;5;94;94078;2;1;1;4;118 R DE PARIS;48,7328280;2,4469510
10247;202000011355;17;7;2020;10:00;1;50;50537;2;1;1;6;LA CARRIERE SAINT MICHEL;49,0332000; -1,4455600
10248;202000011356;14;9;2020;20:45;5;94;94038;2;2;1;3;PAUL VAILLANT COUTURIER (BD);48,7808300;2,3410500
10249;202000011357;17;7;2020;08:55;1;45;45285;2;6;1;-1;Avenue Pierre Mendes France;47,9024700;1,8595600
10250;202000011358;27;5;2020;17:15;1;44;44109;2;1;1;6;Rue Paul Bellamy;47,2239000; -1,5578000
10251;202000011359;17;7;2020;16:00;1;35;35238;2;1;1;6;MITTERAND (MAIL FRANCOIS);48,1084000; -1,6962600
10252;202000011360;14;9;2020;08:56;1;94;94011;2;9;1;2;GROSS(RUE AUGUSTE);48,7740000;2,4839000
10253;202000011361;17;7;2020;11:55;1;35;35238;2;3;1;3;8 Avenue Gros Malhon;48,1223100; -1,6818300
10254;202000011362;17;7;2020;20:10;1;34;34198;2;6;1;6;D21E;43,5706600;3,9400900
10255;202000011363;14;9;2020;09:15;1;94;94018;2;3;1;3;CARRIERES (QU DES);48,8188400;2,4093000
10256;202000011364;16;7;2020;22:23;3;34;34172;2;9;1;3;ASSAS (AVENUE D');43,6172500;3,8609700
10257;202000011365;16;7;2020;21:50;2;34;34172;2;1;1;3;TOULOUSE (AVENUE DE;43,5894900;3,8559400
10258;202000011366;14;9;2020;14:20;1;93;93066;2;2;1;6;PRESSENCE FRANCIS (AVENUE);48,9231000;2,3699600
10259;202000011367;18;7;2020;01:20;5;33;33063;2;1;1;6;RUE MALBEC;44,8241100; -0,5649600
10260;202000011368;14;9;2020;12:00;1;93;93062;2;3;1;3;NICOLAS CARNOT (ALLEE);48,8927400;2,5117800
10261;202000011369;17;7;2020;23:40;5;33;33063;2;1;1;5;RUE YVES GLOTIN;44,8927300; -0,5456900
10262;202000011370;17;7;2020;21:25;1;33;33063;2;6;1;6;CRS JULES LADOUMEGUE FACE ALL F DU PARKING;44,8980600; -0,5683000
10263;202000011371;17;7;2020;14:30;1;33;33192;2;1;1;6;RUE DE LAHOUNEAU;44,7803500; -0,6146000
10264;202000011372;14;9;2020;12:30;1;93;93010;1;3;1;2;BLANQUI (R. LOUIS-AUGUSTE) DE 136 A FIN;48,8973938;2,4942531
10265;202000011373;17;7;2020;03:45;5;33;33529;2;5;1;6;FOCH (AVE MAL);44,6410600; -1,1922500
10266;202000011374;14;9;2020;11:55;1;92;92072;2;2;1;6;VILLE D'AVRAY (RUE DE );48,8260096;2,1982369
10267;202000011375;17;7;2020;14:55;1;32;32013;2;1;1;3;SAMBRE ET MEUSE (AVENUE);43,6471200;0,5975000
10268;202000011376;12;9;2020;03:20;5;92;92063;2;1;1;6;ALBERT 1ER (AVENUE);48,8844450;2,1736744
10269;202000011377;14;9;2020;17:30;1;92;92025;2;3;1;3;GABRIEL PERI (RUE);48,9175330;2,2371580
10270;202000011378;14;9;2020;18:15;1;92;92012;2;3;1;3;QUATRE SEPTEMBRE (QUAI DU);48,8450400;2,2266800
10271;202000011379;14;9;2020;12:20;1;92;92012;2;9;1;3;JEAN BAPTISTE CLEMENT (AVENUE) 49/FIN -;48,8456950;2,2366090
10272;202000011380;14;9;2020;04:07;5;92;92012;2;9;1;7;REINE (ROUTE DE LA) 39/107 BIS;48,8394538;2,2423241
10273;202000011381;16;7;2020;18:20;1;31;31069;1;1;1;5;Voie lactée (RD902);43,6633900;1,3598960
10274;202000011382;16;7;2020;17:17;1;31;31149;2;1;1;6;NAUROUZE (ALLEE DE);43,6091430;1,3442620
10275;202000011383;14;9;2020;13:45;1;92;92002;2;1;7;3;CHATENAY (RUE DE);48,7564444;2,2950764
10276;202000011384;16;7;2020;13:00;1;31;31555;2;6;1;3;RPT DU DR MAURICE CAHUZAC;43,5661206;1,3940076
10277;202000011385;13;9;2020;14:40;1;35;35328;1;1;1;2;Les Brulais;47,7707430; -2,0972620
10278;202000011386;14;7;2020;19:10;1;31;31555;2;3;1;3;AV DES ETATS UNIS;43,6568700;1,4206600
10279;202000011387;6;9;2020;06:40;2;60;60088;1;1;1;6;A16;49,1920414;2,1971412
10280;202000011388;16;7;2020;18:30;1;31;31483;1;1;1;3;CAGIRE (AVENUE DU);43,1341450;0,7203680
10281;202000011389;15;9;2020;09:40;1;2B;2B049;1;1;1;-1;D81;42,4621570;8,7512110
10282;202000011391;15;9;2020;08:00;1;62;62644;2;3;2;-1;12 Chaussée Brunehaut;50,6474540;2,1348350
10283;202000011392;15;7;2020;20:00;1;22;22187;2;6;1;2;RUE DU GENERAL DE GAULLE;48,5345300; -2,7522800
10284;202000011393;14;9;2020;19:30;1;52;52130;1;3;1;7;D6;48,1042900;4,8823290
10285;202000011394;17;7;2020;15:45;1;21;21231;2;9;1;3;9 Rue Adolphe Diétrich;47,3333900;5,0307100
10286;202000011395;15;9;2020;07:30;1;74;74213;2;3;1;3;Route de Lovagny;45,9210760;6,0602260
10287;202000011396;17;7;2020;03:00;5;13;13213;2;1;1;3;JEAN PAUL SARTRE (AVENUE);43,3268300;5,4255800
10288;202000011397;14;9;2020;18:00;1;62;62261;2;6;1;3;Boulevard de France;50,4783480;1,5946430
10289;202000011398;17;7;2020;19:13;1;13;13201;2;2;1;3;ROME (RUE DE)      ;43,2886650;5,3821530
10290;202000011399;17;7;2020;18:35;1;13;13209;2;1;1;1;COL DE LA GINESTE D559;43,2405300;5,4572000
10291;202000011400;15;9;2020;08:00;1;83;83019;1;1;1;5;Route du Dom;43,1774930;6,3363920
10292;202000011401;13;9;2020;17:00;1;974;97423;1;1;1;7;Cd 9 de la Montee Panon; -21,1169260;55,2682580
10293;202000011402;17;7;2020;09:15;1;13;13208;2;1;1;6;VINCENT DELPUECH (BOULEVARD);43,2828000;5,3890200
10294;202000011403;16;7;2020;10:00;1;13;13075;2;1;1;6;FRÉDÉRIC CHEVILLON (AVENUE);43,3482900;5,4651900
10295;202000011404;16;7;2020;07:40;1;11;11069;1;1;1;-1;CHEMIN DE SAINTE CROIX;43,1938600;2,3772400
10296;202000011406;15;9;2020;06:40;2;57;57193;1;1;1;2;D1;49,2127540;6,2099470
10297;202000011407;16;7;2020;17:33;1;10;10387;2;2;1;3;HAUTE CHARME (RUE);48,3090000;4,0572000
10298;202000011408;15;9;2020;15:00;1;51;51082;1;1;1;7;D284;49,0972874;4,8255774
10299;202000011409;15;7;2020;17:00;1;07;07281;1;1;1;3;C.D.533;44,9354000;4,8196000
10300;202000011410;16;7;2020;20:00;1;06;06069;2;1;1;2;MOTTET (PLACE PIERRE);43,6300690;6,9098040
10301;202000011412;17;7;2020;16:20;1;06;06027;2;1;1;5;COLLE AVENUE DE LA;43,6612000;7,1283000
10302;202000011413;17;7;2020;18:25;1;75;75118;2;1;1;3;BOULEVARD PERIPHERIQUE;48,9007870;2,3385590
10303;202000011414;17;7;2020;03:45;5;75;75104;2;1;1;6;BOULEVARD BEAUMARCHAIS;48,8543880;2,3688460
10304;202000011415;15;9;2020;17:55;1;56;56171;1;3;1;4;Quénelet;47,7073210; -2,3472330
10305;202000011417;15;9;2020;13:25;1;56;56067;2;1;1;6;47 Rue Saint Yves;47,7590750; -2,8408400
10306;202000011418;17;7;2020;10:00;1;75;75119;2;1;1;2;RUE DE CRIMEE;48,8898450;2,3777350
10307;202000011419;14;9;2020;17:30;1;56;56120;1;1;1;1;Keravel;47,7415700; -2,7658000
10308;202000011421;17;7;2020;17:50;1;75;75118;2;3;1;6;RUE ORDENER;48,8904060;2,3558280
10309;202000011422;15;8;2020;21:59;3;74;74236;2;1;1;5;551 Route des Contamines;45,8708230;6,7227130
10310;202000011423;17;7;2020;20:05;1;75;75117;2;4;1;3;AVENUE DE LA PORTE DE CHAMPERRET;48,8859950;2,2891000
10311;202000011424;14;9;2020;09:15;1;79;79047;2;4;1;6;Rue des Tilleuls;46,8295080; -0,2484600
10312;202000011425;17;7;2020;18:00;1;75;75117;2;3;1;3;RUE SISLEY;48,8896800;2,3028870
10313;202000011426;12;9;2020;19:50;2;71;71263;1;3;1;3;78 Impasse des Abeilles;46,6446224;5,2413571
10314;202000011428;17;7;2020;00:10;5;75;75116;2;2;1;5;AVENUE DE L HIPPODROME;48,8585450;2,2448960
10315;202000011429;7;9;2020;17:15;1;68;68127;1;6;1;3;D466;47,6566290;7,2223310
10316;202000011430;16;7;2020;14:15;1;75;75116;2;7;1;2;PLACE DU TROCADERO ET DU 11 NOVEMBRE;48,8629830;2,2879290
10317;202000011431;14;9;2020;20:30;3;25;25356;1;1;1;1;D464;47,2175860;6,8072320
10318;202000011432;17;7;2020;00:30;5;75;75114;2;7;1;3;AVENUE DU GENERAL LECLERC;48,8280290;2,3269440
10319;202000011433;17;8;2020;18:45;1;35;35360;1;2;1;3;Chemin Champlet;48,1298460; -1,2315360
10320;202000011434;14;9;2020;21:00;3;29;29016;1;1;1;6;D30;48,3238240; -3,9722000
10321;202000011435;17;7;2020;21:00;1;75;75113;2;7;1;3;BOULEVARD VINCENT AURIOL;48,8330150;2,3618310
10322;202000011436;14;9;2020;18:55;2;38;38163;1;1;1;7;Le Haut-Bréda;45,2759740;6,0594750
10323;202000011438;14;9;2020;07:40;1;26;26005;1;2;1;3;Route d'Aiguebelle;44,4912780;4,7903070
10324;202000011439;17;7;2020;19:55;1;75;75112;2;1;1;3;RUE DE PRAGUE;48,8499600;2,3758340
10325;202000011441;17;7;2020;16:10;1;75;75112;2;2;1;3;AVENUE COURTELINE;48,8441590;2,4116900
10326;202000011442;15;9;2020;13:30;1;72;72073;1;1;1;1;rd 357, pk 51;48,0238160;0,0591160
10327;202000011444;17;7;2020;09:50;1;75;75112;2;4;1;-1;RUE DE CHARENTON;48,8479780;2,3766280
10328;202000011445;15;9;2020;00:03;3;64;64495;1;1;1;6;D918;43,3582150; -1,5787700
10329;202000011446;17;7;2020;21:35;2;75;75110;2;2;1;6;BOULEVARD DE MAGENTA;48,8773440;2,3551240
10330;202000011447;17;7;2020;11:15;1;75;75109;2;4;1;1;RUE TRONCHET;48,8727600;2,3264760
10331;202000011449;17;7;2020;01:56;5;75;75109;2;4;1;7;BOULEVARD DE LA MADELEINE;48,8696510;2,3264660
10332;202000011450;15;9;2020;07:30;1;64;64519;2;6;8;7;Route d'Uzein;43,3661080; -0,3911300
10333;202000011451;16;7;2020;23:15;5;75;75109;2;5;1;2;RUE HALEVY;48,8729460;2,3332950
10334;202000011452;13;9;2020;12:50;1;10;10034;2;3;1;1;Faubourg de Champagne;48,1182300;4,3738940
10335;202000011453;17;7;2020;16:10;1;75;75108;2;2;1;3;BOULEVARD DE COURCELLES;48,8812030;2,3155820
10336;202000011455;16;7;2020;23:15;5;75;75117;2;4;1;6;BOULEVARD PEREIRE;48,8779600;2,2847980
10337;202000011456;15;9;2020;16:40;1;07;07009;1;1;1;-1;D86;45,2223900;4,8031930
10338;202000011457;16;7;2020;09:30;1;75;75115;2;2;1;6;PORT DE SUFFREN;48,8548260;2,2885480
10339;202000011458;17;7;2020;04:00;5;75;75101;2;1;1;7;VOIE GEORGES POMPIDOU;48,8574920;2,3453040
10340;202000011459;14;9;2020;17:50;1;40;40312;2;1;1;6;15 Boulevard de la Yayi;43,5494040; -1,4605810
10341;202000011462;17;7;2020;12:30;1;94;94081;2;3;1;3;EUGENE HENAFF (R);48,7947106;2,4179061
10342;202000011464;15;9;2020;09:30;1;27;27398;2;1;1;2;route de rouen;49,1037130;0,6125310
10343;202000011465;14;9;2020;15:30;1;27;27679;1;1;1;3;N12;48,7184320;0,8710960
10344;202000011466;15;9;2020;04:10;5;28;28089;2;1;1;6;8 Rue Hubert Latham;48,5810660;1,2418310
10345;202000011467;14;9;2020;18:00;1;87;87127;1;1;1;1;D704;45,5897170;1,2203840
10346;202000011468;17;7;2020;14:45;1;94;94046;2;1;1;4;JEAN JAURES (R);48,7952300;2,4338700
10347;202000011469;14;9;2020;08:45;1;87;87185;1;1;7;1;Route de l'Abattoir;45,8840460;1,0736310
10348;202000011470;17;7;2020;14:30;1;94;94065;2;3;1;3;CHARLES LINDBERGH (AV);48,7449700;2,3602800
10349;202000011471;15;8;2020;09:50;1;30;30021;1;2;1;3;D.136 / D.982;43,9922180;4,3340750
10350;202000011472;17;7;2020;14:40;1;94;94011;2;1;1;3;PARIS(AVENUE DE);48,7802800;2,4753300
10351;202000011473;14;9;2020;19:15;1;48;48016;1;1;1;6;N88;44,4841370;3,4460590
10352;202000011474;17;7;2020;19:45;1;94;94048;2;1;1;7;MAROLLES A GRANDE PATTE D'OIE (CHE);48,7513700;2,5572400
10353;202000011475;14;9;2020;17:40;1;88;88075;1;1;1;6;D430;48,0395860;7,0076890
10354;202000011476;17;7;2020;18:00;1;93;93070;2;1;1;6;JEAN-JAURES (BD);48,9149200;2,3372800
10355;202000011477;16;7;2020;12:50;1;93;93066;2;1;1;6;CITE STALINGRAD;48,9442022;2,3583578
10356;202000011478;12;9;2020;10:20;1;35;35210;1;3;7;3;Le Petit Moulin de Tixue;48,1804950; -1,7785190
10357;202000011479;16;7;2020;16:15;1;93;93064;2;9;1;3;DE GAULLE (AV DU GENERAL) 58/49 - FIN;48,8764841;2,4806716
10358;202000011480;14;9;2020;16:45;1;973;97309;2;1;1;3;D'2 (rd2);4,9068320; -52,2729170
10359;202000011482;17;7;2020;17:10;1;93;93077;2;1;1;2;GRANDE RUE;48,8843400;2,5084300
10360;202000011483;14;8;2020;17:15;1;972;97224;1;9;1;3;Quartier Derriere Bois;14,6551300; -61,0115480
10361;202000011484;17;7;2020;15:20;1;93;93027;2;1;1;3;R DE SAINT-DENIS;48,9309278;2,3820192
10362;202000011485;14;9;2020;07:59;1;77;77309;1;1;1;-1;N330;49,0126820;2,8333570
10363;202000011486;17;7;2020;17:25;1;93;93001;2;2;1;1;SAINT-DENIS (RUE DE);48,9199624;2,3777885
10364;202000011487;13;9;2020;00:30;5;91;91540;2;1;1;6;Route d'Etampes;48,5499630;2,1240160
10365;202000011488;12;9;2020;09:50;1;78;78120;1;1;1;-1;D149;48,6469170;1,9874950
10366;202000011489;14;9;2020;18:25;1;78;78368;1;1;1;1;RD 191;48,8994410;1,8671840
10367;202000011490;13;9;2020;16:30;1;34;34081;1;1;1;7;D162;43,3102530;3,1612940
10368;202000011491;14;9;2020;18:10;1;34;34092;1;2;1;3;La Croisade;43,3123210;2,9561600
10369;202000011492;9;9;2020;07:40;1;13;13041;2;9;1;3;Chemin de Payannet;43,4697830;5,4716830
10370;202000011493;14;9;2020;18:30;1;25;25047;1;1;1;6;D112;47,3308250;6,3511710
10371;202000011494;17;7;2020;15:30;1;93;93001;2;3;1;6;ADRIEN AGNES (QUAI);48,9216448;2,3672707
10372;202000011495;15;9;2020;08:21;1;67;67065;2;3;1;3;Rue Principale;48,5795810;7,6042660
10373;202000011496;17;7;2020;14:10;1;93;93001;2;9;1;1;JEAN JAURES  (AVE)  157 A 213;48,9084049;2,3971130
10374;202000011497;16;7;2020;15:30;1;92;92076;2;1;1;4;JARDY HARAS;48,8292630;2,1504490
10375;202000011498;17;7;2020;16:42;1;92;92020;2;1;1;3;JAURES AVENUE JEAN;48,8093727;2,3066913
10376;202000011500;17;7;2020;08:45;1;92;92012;2;1;1;3;SEVRES (RUE DE) 1/55 - 2/40;48,8388998;2,2283055
10377;202000011501;17;7;2020;07:50;1;92;92002;2;1;1;6;RAYMON ARON (AVENUE);48,7701460;2,3115200
10378;202000011502;17;7;2020;15:13;1;60;60084;1;1;1;2;D133;49,5154966;1,9493741
10379;202000011503;18;7;2020;11:45;1;01;01085;1;1;1;1;D80;46,0574790;5,0242710
10380;202000011504;17;7;2020;20:55;2;60;60559;1;1;1;2;n31;49,4132391;2,3127126
10381;202000011506;17;7;2020;14:00;1;46;46103;1;1;1;6;D4;44,2606910;1,4073230
10382;202000011507;18;7;2020;00:35;3;72;72231;1;1;1;6;La Sapiniere du Mottay;47,9481970;0,3350240
10383;202000011509;11;7;2020;18:45;1;57;57132;2;1;1;6;Avenue Napoléon 1er;48,8180970;6,5111800
10384;202000011510;17;7;2020;13:30;1;56;56045;1;1;1;7;Le Pont de Molac;47,7322840; -2,5058110
10385;202000011511;18;7;2020;16:15;1;74;74242;2;3;1;3;Route de la Magne;45,8238030;6,1727080
10386;202000011512;13;7;2020;12:00;1;76;76520;2;1;1;3;18 Route du Grand Marche;49,8506460;1,6275620
10387;202000011513;17;7;2020;15:15;1;89;89447;1;3;1;2;D187;47,8934470;3,9472840
10388;202000011514;18;7;2020;11:00;1;89;89225;1;1;1;7;Route départementale  214;47,4954874;3,6120880
10389;202000011515;14;7;2020;14:40;1;63;63380;1;1;1;6;D996;45,5883562;2,9874073
10390;202000011516;18;7;2020;15:30;1;61;61003;1;1;1;6;D12;48,8495660;0,4976680
10391;202000011518;11;7;2020;19:30;1;39;39182;1;3;1;7;Carrefour Rue du Moulin de l'Acorre / Chemin non revêtu;47,0429920;5,4719560
10392;202000011519;18;7;2020;16:40;1;39;39443;1;1;1;6;;46,5418850;5,5826880
10393;202000011520;18;7;2020;14:25;1;25;25443;1;1;1;7;D101;47,0959910;5,9297530
10394;202000011521;17;7;2020;14:00;1;44;44220;1;1;1;1;La Hamoyere;47,1727140; -1,9069000
10395;202000011522;15;7;2020;09:45;1;44;44131;1;1;1;3;D751;47,1117140; -2,0109490
10396;202000011523;17;7;2020;18:30;1;03;03297;1;2;1;7;;46,5374161;2,5752895
10397;202000011525;18;7;2020;16:50;1;50;50021;1;1;1;6;D421;49,4320500; -1,1972090
10398;202000011527;17;7;2020;23:00;5;85;85146;2;9;1;3;113 Rue Joseph Gaillard;46,9835460; -1,3201940
10399;202000011528;18;7;2020;12:20;1;52;52519;1;2;1;3;D21;47,7080790;5,1770230
10400;202000011529;17;7;2020;15:20;1;68;68375;2;1;1;3;54 Rue du Château d'Eau;47,7966600;7,2318150
10401;202000011530;17;7;2020;07:25;1;978;97801;2;1;1;3;RN7;18,0983200; -63,0650210
10402;202000011531;18;7;2020;04:57;3;82;82131;1;1;1;2;A20;44,2666540;1,5059210
10403;202000011532;17;7;2020;14:45;1;72;72198;1;1;1;6;A11;48,0380370;0,1445390
10404;202000011533;17;7;2020;09:25;1;76;76484;1;1;1;5;A13, pk 112.250;49,3415380;1,0659100
10405;202000011534;18;7;2020;09:05;1;988;98829;1;1;1;7;Route de Petchekara; -21,5776350;166,1273200
10406;202000011535;17;7;2020;19:28;3;974;97408;2;9;1;6;N1; -20,9326480;55,3310460
10407;202000011536;17;7;2020;20:00;3;973;97311;1;1;1;1;route d apatou;5,3056210; -54,1594650
10408;202000011537;14;7;2020;16:15;1;77;77308;1;1;1;7;D41;49,0384363;2,7247722
10409;202000011538;17;7;2020;21:00;1;91;91494;1;6;1;3;D312;48,6152790;2,3514600
10410;202000011539;14;7;2020;17:30;1;91;91130;1;1;1;1;Cherel;48,4277090;2,0750320
10411;202000011540;17;7;2020;20:30;1;83;83068;1;1;1;1;Route de Bardasse;43,2809100;6,5782790
10412;202000011541;18;7;2020;03:45;5;83;83107;1;1;1;1;Route Nd7;43,4257270;6,6741890
10413;202000011542;17;7;2020;19:10;1;73;73051;1;1;1;6;D42 Route du Relais;45,6539950;5,8472332
10414;202000011543;18;7;2020;13:15;1;42;42296;1;1;1;1;Chassignol;45,7386497;4,2944802
10415;202000011544;17;7;2020;19:35;1;38;38565;1;6;1;3;D1075;45,3080400;5,6223340
10416;202000011545;17;7;2020;23:00;3;26;26117;1;1;1;7;Routes des Petits Goulets;45,0399310;5,3746320
10417;202000011547;18;7;2020;11:00;1;46;46102;2;1;1;6;10 Place du 12 Mai;44,6106500;2,0294040
10418;202000011548;18;7;2020;12:30;1;09;09268;1;1;1;7;Marsan;42,9983230;1,1464570
10419;202000011549;18;7;2020;18:30;1;64;64315;1;1;1;7;D802;43,2976510; -0,4186180
10420;202000011550;16;7;2020;10:15;1;33;33238;2;3;1;5;D651;44,7082090; -0,6070590
10421;202000011551;17;7;2020;10:50;1;49;49332;1;1;1;6;RN 249;47,0771660; -0,9517770
10422;202000011553;17;7;2020;10:45;1;29;29179;2;2;1;6;Rue Pierre Croc;48,5367290; -4,3104600
10423;202000011555;16;7;2020;20:35;1;13;13214;1;1;1;5;A7-Sens Lyon vers Marseille;43,3317000;5,3776000
10424;202000011556;16;7;2020;14:50;1;13;13001;1;1;1;4;A51-Sens Aix en Provence vers Marseille;43,5224100;5,4268700
10425;202000011557;16;7;2020;19:37;1;13;13215;1;1;1;2;A7-Sens Lyon vers Marseille;43,3570430;5,3628980
10426;202000011558;16;7;2020;17:15;1;13;13055;1;1;1;7;A507 sens Marseille - Aubagne;43,2933700;5,4242700
10427;202000011559;16;7;2020;12:50;1;13;13210;2;1;1;2;Tunnel Prado Carénage;43,2876800;5,3721560
10428;202000011560;17;7;2020;15:35;1;69;69290;1;1;1;2;A43   3.865 A 9.894;45,7056900;4,9597200
10429;202000011561;17;7;2020;01:05;3;69;69149;1;1;1;2;M7   3.690 A 4.270;45,7183600;4,8190600