;Num_Acc;jour;mois;an;hrmn;lum;dep;com;agg;int;atm;col;adr;lat;long
10430;202000011562;11;7;2020;09:50;1;69;69266;1;9;1;5;RD383   1.165 A 1.893;45,7685300;4,9039600
10431;202000011563;17;7;2020;03:00;3;93;93064;1;1;1;2;AUTOROUTE A3;48,8844000;2,4702500
10432;202000011564;15;6;2020;09:40;1;75;75114;2;1;1;3;AVENUE RENE COTY;48,8267130;2,3353650
10433;202000011565;17;6;2020;21:40;2;75;75112;2;2;1;6;COURS DE VINCENNES;48,8468700;2,4112160
10434;202000011566;17;6;2020;08:40;1;75;75110;2;1;1;2;PASSAGE DELESSERT;48,8790420;2,3653890
10435;202000011567;16;6;2020;18:40;1;75;75108;2;7;1;2;PLACE DE LA CONCORDE;48,8670490;2,3206720
10436;202000011568;17;6;2020;14:53;1;75;75104;2;2;1;7;RUE DE RIVOLI;48,8578740;2,3502130
10437;202000011569;17;6;2020;17:35;1;94;94067;2;3;1;2;EUGENE RINGUET (R);48,8380800;2,4171900
10438;202000011571;17;6;2020;11:15;1;94;94065;2;1;1;7;CHARLES LINDBERGH (AV);48,7534710;2,3489940
10439;202000011572;17;6;2020;15:10;1;94;94028;2;2;1;3;TASSIGNY(AVE DU MARECHAL DE LATTRE DE);48,7950000;2,4590000
10440;202000011573;17;6;2020;15:30;1;94;94028;2;1;1;3;CHERET(RUE ET IMPASSE);48,8010000;2,4630000
10441;202000011574;16;6;2020;08:05;1;94;94004;2;1;1;2;SUCY (R DE);48,7500000;2,5167000
10442;202000011576;15;6;2020;18:00;1;93;93053;2;1;1;2;PARIS (RUE DE);48,9005042;2,4524414
10443;202000011577;17;6;2020;14:25;1;93;93029;2;1;1;3;R ANATOLE FRANCE;48,9289800;2,4528900
10444;202000011578;17;6;2020;12:50;1;93;93047;2;1;1;2;DANIEL PERDRIGE  (AVENUE);48,8912069;2,5585773
10445;202000011579;17;6;2020;19:30;1;93;93001;2;1;1;3;R DES CITES ;48,9076060;2,3878899
10446;202000011580;17;6;2020;09:00;1;92;92062;2;1;1;6;GENERAL DE GAULLE (AV) DU 44 AU 106;48,8865880;2,2307066
10447;202000011581;1;6;2020;21:40;1;92;92050;2;1;1;3;VAILLANT COUTURIER PAUL RUE;48,8816748;2,2051905
10448;202000011582;16;6;2020;15:00;1;92;92050;2;1;1;2;DEFENSE (BD DE LA);48,9036010;2,2190180
10449;202000011583;17;6;2020;00:12;5;92;92026;2;3;1;3;BOULEVARD CIRCULAIRE;48,8904381;2,2488338
10450;202000011584;17;6;2020;19:55;2;92;92026;2;1;1;6;VERDUN (DE 01 A 61);48,8976697;2,2634939
10451;202000011585;17;6;2020;12:45;1;92;92023;2;1;1;5;GENERAL DE GAULLE (AV DU) N°130 A 340 ET;48,7853590;2,2514610
10452;202000011586;17;6;2020;14:25;1;92;92012;2;1;1;3;COURS DE L'ILE SEGUIN;48,8272870;2,2339470
10453;202000011587;16;6;2020;16:20;1;35;35123;2;6;3;7;Rue de la Vigne Soriette;48,0079640; -1,8440660
10454;202000011588;18;6;2020;17:15;1;51;51373;1;2;1;3;D58;48,6530455;4,6636295
10455;202000011589;13;6;2020;18:15;1;2A;2A211;1;1;1;3;PK 41;41,7832909;8,9660082
10456;202000011590;18;6;2020;17:20;1;38;38536;1;1;1;-1;D37;45,4244460;4,9181920
10457;202000011591;17;6;2020;13:20;1;33;33205;1;2;3;3;D11;44,6261750; -0,3693940
10458;202000011592;18;6;2020;08:47;1;44;44083;1;1;1;7;D61;46,9989000; -1,6064070
10459;202000011593;17;6;2020;07:50;1;68;68007;1;3;8;1;D415;48,0572760;7,4355620
10460;202000011594;17;6;2020;23:45;5;62;62770;2;1;2;6;1368 Rue d'Aire;50,6264990;2,5310180
10461;202000011595;16;6;2020;12:05;1;66;66021;1;1;1;2;Route de Claira;42,7405016;2,9410918
10462;202000011596;17;6;2020;13:50;1;2B;2B050;2;1;1;6;388 Residence Padulella;42,5517530;8,7650300
10463;202000011597;17;6;2020;10:40;1;65;65099;1;1;1;2;D618;42,8633160;0,4012840
10464;202000011599;18;6;2020;17:49;1;89;89460;1;1;2;7;D606;48,3421600;3,0528260
10465;202000011600;16;6;2020;16:28;1;47;47004;1;3;1;1;D813;44,2749040;0,3357480
10466;202000011601;18;6;2020;11:15;1;31;31374;1;1;1;6;D16;43,4155380;1,6419410
10467;202000011602;18;6;2020;17:50;1;38;38099;1;1;1;6;La Valette et les Plantées;45,2028390;5,2895500
10468;202000011603;18;6;2020;14:10;1;02;02528;1;2;1;3;D81;49,3401960;3,0997320
10469;202000011605;17;6;2020;19:45;1;72;72180;2;2;1;3;48 Rue Ledru Rollin;48,3488020;0,3709120
10470;202000011606;17;6;2020;18:15;1;05;05074;1;1;1;2;cd942;44,4729150;6,0750100
10471;202000011607;16;6;2020;22:00;3;50;50480;1;1;1;7;D650;49,4879770; -1,7956370
10472;202000011608;12;6;2020;10:20;1;40;40328;2;6;1;2;27 Route des Lacs;43,7885460; -1,3964870
10473;202000011609;17;6;2020;10:02;1;85;85297;1;1;8;6;La Dune;46,3679900; -1,2288500
10474;202000011610;24;5;2020;22:00;2;27;27226;1;1;1;5;D3;49,3194680;1,6354550
10475;202000011611;12;6;2020;08:00;1;01;01374;1;1;1;2;A40;46,0862390;5,2891870
10476;202000011612;17;6;2020;15:29;1;74;74014;1;9;2;1;Route de Flaine;46,0465480;6,6162370
10477;202000011614;18;6;2020;02:00;4;77;77171;2;1;1;6;16 Avenue Foch - D5;48,9047830;2,8127160
10478;202000011615;18;6;2020;13:45;1;77;77141;2;4;1;2;1 Route de Melun - D436;48,8652425;2,8550100
10479;202000011616;18;6;2020;17:09;1;83;83081;1;1;1;1;Route de Grasse;43,6238050;6,8221020
10480;202000011617;18;6;2020;17:55;1;13;13022;1;1;1;1;route départementale 559;43,2145200;5,5787320
10481;202000011618;17;6;2020;15:40;1;26;26332;1;1;1;6;A7;45,2052710;4,8754730
10482;202000011620;17;6;2020;16:30;1;88;88031;1;1;1;1;RD16;48,3474470;5,8509550
10483;202000011622;17;6;2020;16:25;1;79;79189;1;4;1;6;Route de Poitiers;46,4225500; -0,1667260
10484;202000011623;18;6;2020;19:00;1;60;60041;2;9;1;7;Bailleul-sur-Thérain;49,3814091;2,2287394
10485;202000011624;18;6;2020;12:15;1;59;59087;1;2;1;3;Rue d'Aire;50,6676508;2,4576551
10486;202000011626;17;6;2020;01:20;5;92;92050;1;1;1;2;A14;48,9010000;2,2065000
10487;202000011627;16;6;2020;02:30;5;92;92048;1;1;1;2;N118;48,7889000;2,2214000
10488;202000011628;15;6;2020;19:15;1;92;92036;1;1;1;3;AUTOROUTE A86;48,9386500;2,3106200
10489;202000011629;15;6;2020;15:30;1;92;92036;1;1;1;5;AUTOROUTE A15;48,9453700;2,2846000
10490;202000011630;17;6;2020;17:10;1;75;75112;1;1;1;5;A4;48,8252710;2,4638460
10491;202000011631;15;2;2020;14:30;1;62;62041;2;2;1;3;DE GAULLE ( BOULEVARD DU GENERAL );50,2867960;2,7608890
10492;202000011632;26;2;2020;19:10;5;2A;2A004;2;8;6;3;NAPOLEON COURS APRES BEVERINI;41,9315487;8,7401005
10493;202000011633;15;6;2020;11:20;1;974;97411;2;1;1;2;LATTRE DE TASSIGNY (AVENUE MARECHAL DE); -20,8908000;55,4797400
10494;202000011635;15;6;2020;17:13;1;974;97407;1;6;1;3;MARINE(BOULEVARD); -20,9498900;55,2871900
10495;202000011636;16;6;2020;08:50;1;973;97302;2;1;1;6;CATAYEE (JUSTIN);4,9382160; -52,3303163
10496;202000011637;16;6;2020;12:50;1;69;69259;2;1;1;3;JODINO (DE)                         (BD);45,6921000;4,8872000
10497;202000011638;15;6;2020;10:10;1;972;97213;2;1;1;7;PIERRE ZOBDA QUITMAN (RUE);14,6111900; -61,0014900
10498;202000011639;11;6;2020;18:00;1;972;97213;2;9;1;2;ROUTE NATIONALE 1;14,6232700; -60,9889800
10499;202000011640;15;6;2020;19:35;4;972;97213;2;1;1;7;LA TREIZE (CHEMIN);14,6463000; -61,0224000
10500;202000011641;15;6;2020;08:20;1;972;97213;2;1;1;3;VIEUX CHEMIN CALIFORNIE (RUE DU);14,6210000; -61,0298000
10501;202000011642;16;6;2020;08:30;1;972;97209;1;1;1;4;AUTOROUTE (A1);14,6148900; -61,0457400
10502;202000011643;15;6;2020;01:45;5;972;97209;2;4;1;6;MORNE MORISSOT (RUE DU);14,6215200; -61,0430700
10503;202000011644;16;6;2020;08:50;1;69;69034;2;3;1;3;GEORGES CLEMENCEAU                  (QU);45,7892000;4,8198800
10504;202000011645;15;6;2020;03:50;5;69;69385;2;1;1;6;CHOULANS (DE)                       (CH);45,7534000;4,8170000
10505;202000011646;16;6;2020;09:36;1;2A;2A004;1;1;1;3;VITTULO ROUTE DU;41,9313136;8,7221917
10506;202000011647;16;6;2020;15:00;1;91;91589;2;2;1;3;DE GAULLE  (AVENUE CHARLES);48,7053200;2,3411000
10507;202000011648;12;6;2020;11:40;1;83;83034;1;1;1;6;RUE DES 3 PINS;43,1071400;6,0519230
10508;202000011649;16;6;2020;10:00;1;83;83069;2;1;1;6;GODILLOT  ( AVENUE ALEXIS );43,1113200;6,1240100
10509;202000011650;16;6;2020;21:10;1;78;78440;2;1;1;6;JEAN DE LA FONTAINE (RUE);48,9794040;1,9148720
10510;202000011651;16;6;2020;13:10;1;78;78440;2;9;1;3;AMPERE (RUE);48,9989170;1,9163080
10511;202000011652;15;6;2020;08:15;1;78;78362;2;2;8;6;RUE JEAN JAOUEN;48,9870900;1,7061900
10512;202000011653;15;6;2020;17:30;1;77;77438;1;1;1;7;D934;48,8667000;2,6833000
10513;202000011654;5;5;2020;19:10;1;76;76231;2;1;1;3;SAUSSAYE. RUE DE LA;49,2716600;0,9970900
10514;202000011655;23;5;2020;11:15;1;76;76575;2;3;1;6;PARIS. RUE DE;49,3972900;1,1031700
10515;202000011656;15;6;2020;18:45;1;71;71306;2;1;1;3;DE LATTRE DE TASSIGNY (BLD DU MARECHAL);46,6772420;4,3687394
10516;202000011657;15;6;2020;18:20;1;71;71153;2;1;1;7;MARTYRS DE LA LIBERATION (RUE DES);46,8060699;4,4394475
10517;202000011658;15;6;2020;21:50;2;71;71059;2;1;1;2;CREUSOT (RUE DU);46,8036743;4,4684478
10518;202000011659;13;6;2020;22:52;5;67;67482;2;1;1;3;GENERAL DE GAULLE (AVENUE DU);48,5787600;7,7696200
10519;202000011660;12;6;2020;18:45;1;66;66136;2;1;1;2;CLEMENCEAU (BOULEVARD);42,6991800;2,8885600
10520;202000011662;13;6;2020;19:25;1;64;64122;2;9;1;3;23 avenue du Golf;43,4881698; -1,5488128
10521;202000011663;12;6;2020;17:00;1;64;64122;2;1;1;3;GENERAL MAC CROSKEY (AV DU);43,4925800; -1,5474300
10522;202000011664;16;6;2020;11:10;1;64;64102;2;1;1;3;LASSEGUETTE (CHEMIN DE);43,4809200; -1,4805600
10523;202000011665;16;6;2020;06:55;2;64;64140;2;3;2;3;DUVERT (RUE RENE);43,5234000; -1,4901000
10524;202000011666;9;6;2020;20:37;1;63;63113;2;3;1;1;VIVIANI /Busséol;45,8103700;3,1199500
10525;202000011668;25;5;2020;17:00;1;62;62413;2;1;1;6;2° VOIE (CHE. DE LA);50,4457000;2,8836500
10526;202000011669;16;6;2020;13:59;1;51;51454;2;3;1;3;Avenue de Champagne;49,2341095;4,0396185
10527;202000011670;12;6;2020;20:40;1;50;50129;2;1;1;-1;PLYMOUTH (AVENUE DE);49,6298600; -1,6229000
10528;202000011672;13;6;2020;13:47;1;49;49007;2;1;1;3;PASTEUR AVENUE;47,4723300; -0,5410400
10529;202000011673;14;6;2020;19:45;1;49;49007;2;1;1;7;ALLAIS(MADELEINE);47,4557500; -0,5173600
10530;202000011674;16;6;2020;06:45;1;35;35238;1;1;2;6;RN136;48,1234600; -1,7184100
10531;202000011675;15;6;2020;19:15;1;33;33529;2;3;1;3;PARC DES EXPOSITIONS (Ave du);44,6105200; -1,1197500
10532;202000011676;16;6;2020;08:25;1;32;32013;2;1;1;4;SADI-CARNOT (BOULEVARD);43,6405900;0,5857300
10533;202000011677;16;6;2020;12:10;1;30;30007;2;1;1;1;metallurgistes;44,1496900;4,0795700
10534;202000011678;15;6;2020;14:55;1;28;28404;1;6;1;3;RD 828A;48,7193000;1,3490000
10535;202000011679;14;6;2020;19:15;1;27;27229;2;1;1;6;VAL ITON (RUE DU);49,0344000;1,1489800
10536;202000011681;16;6;2020;22:26;4;13;13201;2;2;1;2;NATIONAL   1 A 51 (BOULEVARD);43,3034870;5,3859620
10537;202000011682;16;6;2020;18:00;1;13;13211;2;1;1;6;SAINT MARCEL (BOULEVARD DE );43,2876210;5,4649700
10538;202000011683;16;6;2020;16:55;1;13;13215;2;1;1;7;BOSPHORE (BOULEVARD DU);43,3738781;5,3659890
10539;202000011684;15;6;2020;15:00;1;13;13207;2;3;1;6;CAPITAINE DESSEMOND (RUE);43,2891920;5,3545730
10540;202000011685;16;6;2020;17:30;1;13;13063;2;1;1;6;JACQUES MINET BOULEVARD;43,5762638;4,9988276
10541;202000011686;16;6;2020;21:20;1;10;10387;2;3;1;3;JEAN MACE (RUE);48,2833000;4,0819100
10542;202000011687;15;6;2020;18:00;1;07;07008;1;1;1;3;D2 ( ROUTE DEPARTEMENTALE );44,7126980;4,6350070
10543;202000011688;16;6;2020;19:45;1;06;06029;2;1;1;3;PANTIERO (PROMENADE DE LA);43,5515300;7,0164800
10544;202000011689;14;6;2020;17:10;1;06;06123;1;1;1;1;FAHNESTOCK G. CORNICHE;43,6795100;7,1834900
10545;202000011690;15;6;2020;18:10;1;05;05061;1;6;1;2;D994;44,5576800;6,0553800
10546;202000011691;9;6;2020;06:30;1;05;05061;2;1;1;6;RAVELIN ( ROUTE DU );44,5788600;6,1010500
10547;202000011692;15;6;2020;14:25;1;05;05061;1;1;1;7;RD944;44,6046700;6,1164300
10548;202000011693;15;6;2020;17:05;1;75;75120;2;1;1;3;BOULEVARD PERIPHERIQUE;48,8500380;2,4153270
10549;202000011695;16;6;2020;01:10;5;75;75120;2;3;1;6;RUE D AVRON;48,8533350;2,4096910
10550;202000011696;16;6;2020;09:10;1;75;75119;2;2;1;3;BOULEVARD MACDONALD;48,8976380;2,3856930
10551;202000011697;16;6;2020;07:10;1;75;75119;2;2;1;3;AVENUE JEAN JAURES;48,8859220;2,3821970
10552;202000011698;16;6;2020;12:00;1;75;75118;2;1;1;6;RUE DU NORD;48,8930910;2,3500030
10553;202000011699;16;6;2020;16:30;1;75;75117;2;7;1;3;RUE CARDINET;48,8886230;2,3156640
10554;202000011701;16;6;2020;08:15;1;75;75117;2;3;8;6;RUE GUILLAUME TELL;48,8840470;2,2936290
10555;202000011702;15;6;2020;08:55;1;75;75114;2;7;1;3;AVENUE DENFERT ROCHEREAU;48,8345450;2,3326150
10556;202000011703;16;6;2020;08:35;1;75;75113;2;2;8;6;RUE DE TOLBIAC;48,8259940;2,3536380
10557;202000011704;16;6;2020;14:00;1;75;75110;2;2;1;6;BOULEVARD DE MAGENTA;48,8836130;2,3494900
10558;202000011705;16;6;2020;14:10;1;75;75109;2;3;1;3;BOULEVARD HAUSSMANN;48,8734190;2,3296980
10559;202000011706;16;6;2020;13:50;1;75;75107;2;2;1;5;RUE DE SOLFERINO;48,8611270;2,3241850
10560;202000011707;13;6;2020;12:00;1;75;75107;2;1;1;6;PORT DE SOLFERINO;48,8629140;2,3188070
10561;202000011708;16;6;2020;19:20;1;75;75104;2;3;1;3;RUE SAINT PAUL;48,8541280;2,3622940
10562;202000011709;16;6;2020;15:45;1;75;75104;2;3;1;6;QUAI DES CELESTINS;48,8523540;2,3604900
10563;202000011711;16;6;2020;08:35;1;94;94046;2;4;1;3;PASTEUR (R);48,8007000;2,4308700
10564;202000011712;16;6;2020;18:10;1;94;94041;2;1;1;3;PAUL VAILLANT COUTURIER (BD);48,8195900;2,3961700
10565;202000011713;15;6;2020;12:00;1;94;94041;2;1;1;1;GEORGES GOSNAT (AV);48,8143300;2,3900700
10566;202000011714;16;6;2020;17:10;1;94;94021;2;1;2;4;FRANKLIN ROOSEVELT (AV);48,7708100;2,3625050
10567;202000011715;16;6;2020;17:00;1;93;93070;2;1;1;1;DOCTEUR BAUER(RUE DU) :N° 1 AU 73;48,9095000;2,3387000
10568;202000011716;16;6;2020;22:35;5;93;93048;2;2;1;3;AV GABRIEL PERI / R CARNOT;48,8571700;2,4411800
10569;202000011717;16;6;2020;14:15;1;93;93048;2;7;1;6;PASTEUR S3 (AVENUE);48,8672400;2,4347400
10570;202000011718;16;6;2020;14:55;1;93;93030;2;2;1;6;LARIVIERE (RUE LOUIS);48,9536300;2,4163800
10571;202000011719;16;6;2020;10:15;1;93;93001;2;1;1;6;BD FELIX FAURE ;48,9059600;2,3807200
10572;202000011720;16;6;2020;09:42;1;92;92051;2;1;1;2;GENERAL KOENIG (BOULEVARD DU);48,8840613;2,2545941
10573;202000011721;16;6;2020;18:20;1;92;92049;2;1;1;7;ARNOUX AVENUE MAURICE AUTRES N°;48,8169930;2,3117720
10574;202000011722;16;6;2020;10:50;1;92;92048;2;3;1;3;MARECHAL JUIN (AVENUE DU);48,7861277;2,2215043
10575;202000011723;15;6;2020;17:35;1;92;92036;2;1;1;6;HECTOR BERLIOZ (RUE);48,9292590;2,2864680
10576;202000011724;13;6;2020;15:50;1;92;92025;2;3;1;1;VALMY (BD DE);48,9261160;2,2530240
10577;202000011725;15;6;2020;23:00;5;92;92023;2;2;1;3;GENERAL DE GAULLE (AV DU) N°130 A 340 ET;48,7834400;2,2466900
10578;202000011726;15;6;2020;13:30;1;92;92014;2;3;1;6;MARECHAL JOFFRE (BD DU) (43 A 97 - 58 A;48,7824491;2,3148188
10579;202000011727;16;6;2020;13:14;1;37;37191;1;2;2;3;Le Moulin Neuf;46,9668636;0,3976916
10580;202000011728;17;6;2020;06:00;2;08;08239;1;1;1;7;Route Rimbaud Verlaine;49,3981550;4,3630740
10581;202000011729;17;6;2020;18:00;1;62;62788;1;1;2;6;D204;50,6938550;2,0402810
10582;202000011730;14;6;2020;22:50;5;40;40065;2;2;1;3;2 Boulevard du Docteur Junqua;43,6440530; -1,4325300
10583;202000011731;17;6;2020;00:05;3;51;51048;1;1;1;7;La Poterne Hameau;49,1206256;3,8628422
10584;202000011732;17;6;2020;15:32;1;11;11041;2;1;1;1;Route de Carcassonne;43,3007180;2,8748690
10585;202000011733;14;6;2020;17:15;1;46;46063;1;1;1;6;Lieu Dit Montaudie;44,2896900;1,3603090
10586;202000011734;16;5;2020;15:00;1;51;51515;1;4;1;7;MONTVELLOIS;49,0927143;4,5576387
10587;202000011735;17;6;2020;08:45;1;74;74208;2;6;1;3;PLACE DE LA MAIRIE;45,9235280;6,6860180
10588;202000011736;17;6;2020;11:00;1;76;76013;1;1;1;6;D17;49,7725690;0,5229290
10589;202000011737;17;6;2020;15:50;1;2B;2B207;1;1;1;1;D206;42,4633280;9,4607310
10590;202000011738;17;6;2020;14:20;1;11;11209;1;1;1;-1;D 118;42,9671200;2,2602710
10591;202000011739;17;6;2020;09:00;1;89;89246;1;1;1;7;D86;47,6433890;3,9689720
10592;202000011740;16;6;2020;05:26;1;61;61457;1;1;1;6;Lieu Dit la Piltiere;48,7784470;0,5615260
10593;202000011741;16;6;2020;18:50;1;49;49050;1;1;3;1;Rue des Bouches d'Or;47,3560730; -0,3614010
10594;202000011742;16;6;2020;23:45;3;42;42197;1;1;1;6;Les Echaux;45,7384880;4,0486440
10595;202000011743;17;6;2020;13:15;1;68;68235;1;1;3;1;D1b;47,9902270;7,4027670
10596;202000011744;15;6;2020;11:00;1;39;39189;2;1;1;6;Place du 1er Mai;47,0704190;5,4137050
10597;202000011745;24;5;2020;17:27;1;25;25537;1;1;1;6;D67;47,1278050;6,1239980
10598;202000011747;16;6;2020;10:25;1;02;02506;1;1;1;6;N2;49,2959190;3,1874300
10599;202000011748;16;6;2020;12:00;1;26;26339;1;3;1;3;D74;44,6181040;4,7964120
10600;202000011749;16;6;2020;12:55;1;06;06032;2;4;1;3;Route Moyenne Corniche;43,7246670;7,3920100
10601;202000011750;17;6;2020;19:45;1;60;60003;1;1;1;7;D9;49,5241370;2,1690640
10602;202000011751;16;6;2020;15:20;1;27;27056;2;6;1;6;Place de Verdun;49,0877450;0,5925750
10603;202000011752;16;6;2020;15:50;1;37;37203;2;2;1;3;Chemin de la Cholterie;47,4101130;0,7423201
10604;202000011753;16;6;2020;07:20;1;52;52113;1;1;1;1;D160;47,7273160;5,3753190
10605;202000011754;12;6;2020;20:55;2;24;24212;2;1;1;6;Chemin du Bout des Pres;44,7322190;0,6040230
10606;202000011755;17;6;2020;05:45;2;68;68234;1;9;8;7;A 35;47,9510580;7,3659040
10607;202000011756;12;10;2020;09:20;1;91;91377;2;1;1;6;GALVANI (RUE);48,7237000;2,2697000
10608;202000011757;11;10;2020;15:45;1;87;87085;2;1;2;2;BELLAC (RUE DE);45,8553700;1,2483100
10609;202000011758;11;10;2020;20:35;3;86;86041;1;1;9;1;N147;46,6143900;0,3661900
10610;202000011759;11;9;2020;14:00;1;85;85194;2;1;1;1;RUE DE LA PLAINE;46,4979800; -1,7607400
10611;202000011760;5;10;2020;07:30;5;85;85194;2;6;1;3;TABARLY (BOULEVARD ERIC);46,5142500; -1,7684800
10612;202000011761;5;10;2020;11:10;1;85;85194;2;1;1;1;Boulevard du Vendée Globe;46,5030400; -1,7592200
10613;202000011762;11;10;2020;22:03;3;85;85194;1;3;1;3;RUE D OLONNE;46,5263400; -1,7446300
10614;202000011763;12;10;2020;15:50;1;83;83069;2;1;1;6;BELGIQUE ( AVENUE DE );43,1203500;6,1317300
10615;202000011764;10;10;2020;18:50;3;80;80021;2;1;2;1;DEPARTEMENTALE 412 (ROUTE);49,9249500;2,2556900
10616;202000011765;10;10;2020;18:00;1;80;80489;2;1;1;2;VILLE IDEALE (AVENUE DE LA );49,8680400;2,3761300
10617;202000011766;10;10;2020;17:45;1;80;80021;2;1;1;6;VERDUN (RUE DE );49,8943900;2,3094800
10618;202000011767;10;10;2020;19:40;5;78;78646;2;1;1;3;GENERAL LECLERC (RUE DU);48,7989800;2,1268900
10619;202000011768;12;10;2020;10:10;1;78;78551;2;1;1;4;ROOSEVELT (DU PRESIDENT);48,9010800;2,0629200
10620;202000011769;7;10;2020;18:50;1;76;76498;2;6;1;3;BRUYERES. ROND POINT DES;49,4125700;1,0725900
10621;202000011770;9;10;2020;16:45;1;76;76351;2;2;1;3;VERDUN (RUE DE);49,5045300;0,1516300
10622;202000011773;11;10;2020;00:00;5;71;71059;2;1;1;6;COUCHES (ROUTE DE);46,8113805;4,4828775
10623;202000011774;9;10;2020;11:05;1;67;67482;2;3;1;3;CHATEAUROUX (RUE DE);48,5537000;7,7676400
10624;202000011776;10;10;2020;20:17;5;66;66136;2;1;1;6;ABBE PIERRE;42,6923900;2,8795000
10625;202000011777;12;10;2020;21:55;5;64;64445;2;6;1;7;PIERRE MASSE;43,3147300; -0,3573000
10626;202000011778;12;10;2020;16:45;1;64;64445;2;2;1;3;LARRIBAU;43,3179800; -0,3183700
10627;202000011779;12;10;2020;11:10;1;64;64122;2;3;1;-1;BERGERIE (RUE DE LA );43,4860700; -1,5510200
10628;202000011780;11;10;2020;14:10;1;64;64102;2;3;8;2;SOULT (AVENUE MARECHAL);43,4851100; -1,4942800
10629;202000011781;12;10;2020;09:45;1;61;61397;2;1;1;3;KOUTIALA (BOULEVARD);48,4225300;0,0843300
10630;202000011782;11;10;2020;08:00;2;59;59166;1;1;1;6;RD 659;50,3248800;3,5977000
10631;202000011783;8;10;2020;17:10;1;59;59339;2;1;2;6;LYS (RUE DE);50,6788000;3,2377000
10632;202000011784;12;10;2020;22:55;5;59;59507;2;1;1;7;LECLERCQ AVENUE DU GENERAL.;50,5942400;3,0832700
10633;202000011785;9;10;2020;17:30;1;59;59486;1;3;1;3;NATIONALE (RUE);50,4286100;3,1396700
10634;202000011786;11;10;2020;15:50;1;56;56107;2;6;1;3;LE PORT (ROGER BOULEVARD);47,7169900; -3,3732500
10635;202000011787;11;10;2020;09:40;1;56;56098;2;6;7;3;LANN-SEVELIN (ROND POINT DE);47,7782400; -3,3452000
10636;202000011788;10;10;2020;23:45;4;56;56185;1;1;2;6;RN 165;47,7711000; -3,3809500
10637;202000011789;10;10;2020;20:40;5;56;56121;2;6;1;3;IRLANDE (ROND-POINT);47,7516800; -3,3693500
10638;202000011790;10;10;2020;13:25;1;56;56121;1;1;1;6;Route Départementale 465 Desserte Portuaire;47,7372400; -3,3781000
10639;202000011791;9;10;2020;12:00;1;54;54323;2;4;3;6;PARC (RUE DU);49,5173000;5,7673000
10640;202000011792;9;10;2020;07:45;4;54;54323;2;1;2;6;rd918;49,5237090;5,7643910
10641;202000011795;10;10;2020;10:45;1;49;49007;2;1;1;3;THIERS;47,4757200; -0,5528500
10642;202000011796;11;10;2020;15:53;1;49;49007;2;1;2;2;PAUL BERT;47,4654500; -0,5504700
10643;202000011797;9;10;2020;08:21;2;49;49353;2;6;2;1;Buisson;47,4423270; -0,4833440
10644;202000011798;9;10;2020;07:20;2;49;49246;2;3;2;1;BEAUREPAIRE;47,4277300; -0,5272500
10645;202000011799;9;10;2020;14:10;2;49;49353;2;1;2;6;BUISSONS LIEU DIT;47,4420100; -0,4833300
10646;202000011800;11;10;2020;15:47;1;47;47031;2;1;1;3;JEAN JAURES (Rue)  ;44,1770900;0,6443500
10647;202000011801;12;10;2020;06:45;5;45;45285;2;1;1;6;Rue Charles Beauhaire;47,9182900;1,8593900
10648;202000011802;7;10;2020;16:30;1;43;43157;2;1;1;6;110 Avenue Marechal Foch;45,0320623;3,8857698
10649;202000011803;9;10;2020;19:15;5;42;42186;2;1;1;6;Rue Edouard Vaillant;45,5248800;4,6085300
10650;202000011804;12;10;2020;06:45;5;35;35238;2;1;8;3;GUILLAUDOT ( DU GENERAL MAURICE);48,1160100; -1,6740000
10651;202000011805;12;10;2020;07:45;1;35;35238;2;1;1;6;GERARD (MICHEL);48,0895800; -1,6429800
10652;202000011806;12;10;2020;20:20;5;33;33249;2;2;2;3;COTE DE LA GARONNE;44,8852400; -0,5183500
10653;202000011807;15;8;2020;10:30;1;42;42187;2;3;1;6;Rue Jean Jaurès;46,0356500;4,0716300
10654;202000011808;16;8;2020;07:15;2;41;41018;2;2;1;3;BUTTE (AVENUE DE LA);47,5832300;1,3208700
10655;202000011809;15;8;2020;18:00;1;39;39411;2;3;1;3;;46,6654640;5,5818700
10656;202000011810;17;8;2020;09:50;1;33;33281;2;1;1;2;AVE MARCEL DASSAULT;44,8422000; -0,7442800
10657;202000011811;12;10;2020;18:15;1;33;33522;2;8;1;3;CRS GAMBETTA / RUE LAMARTINE;44,8151900; -0,5872300
10658;202000011812;3;10;2020;12:15;1;33;33281;2;2;3;6;AVE DE LA MARNE / AVE DE BELFORT;44,8327000; -0,6476900
10659;202000011813;12;10;2020;08:45;1;33;33529;1;1;1;5;RD 1250 (OUSTALET - BONNEVAL);44,6136300; -1,1537000
10660;202000011814;16;8;2020;22:10;5;31;31555;1;1;1;6;AV M BOURGES MAUNOURY;43,6394980;1,4527170
10661;202000011815;12;10;2020;15:45;1;29;29232;2;6;2;6;Rond point de l'Eau Blanche;47,9913100; -4,0731200
10662;202000011817;6;10;2020;21:05;3;22;22278;2;1;1;6;RN12;48,5234549; -2,7502298
10663;202000011818;14;8;2020;12:30;1;31;31555;2;2;1;3;CHE DES SAUGES;43,5531100;1,4669800
10664;202000011819;12;10;2020;12:00;1;14;14118;2;1;1;6;CALVADOS (AVENUE DU);49,1894600; -0,3372000
10665;202000011820;7;10;2020;07:40;2;14;14118;1;1;8;6;FALAISE (RUE DE  - 90 PAIR 95 IMPAIR);49,1569300; -0,3453500