;Num_Acc;jour;mois;an;hrmn;lum;dep;com;agg;int;atm;col;adr;lat;long
10666;202000011821;13;8;2020;23:40;4;31;31555;2;1;1;2;AV DES ETATS UNIS;43,6564100;1,4212350
10667;202000011822;15;8;2020;07:40;1;31;31555;2;1;1;3;AV DE LARDENNE;43,5933100;1,3930600
10668;202000011823;8;10;2020;12:30;1;13;13056;2;1;1;3;OLIVES CHEMIN DES;43,3789783;5,0292690
10669;202000011824;17;8;2020;15:20;1;29;29232;2;9;1;6;Boulevard de France;47,9831100; -4,1295600
10670;202000011825;12;10;2020;15:36;1;13;13210;2;1;1;7;PAUL CLAUDEL (BOULEVARD);43,2683000;5,4131000
10671;202000011826;17;8;2020;09:15;1;29;29039;1;3;1;2;D122 - Rue Yves Trichard;47,8779695; -3,8791141
10672;202000011827;12;10;2020;16:10;1;13;13209;2;1;1;6;MARÉCHAL DE LATTRE (AVENUE);43,2458790;5,4171830
10673;202000011828;12;10;2020;11:00;1;13;13209;2;1;1;6;ROMAIN ROLLAND (BOULEVARD);43,2727050;5,4116090
10674;202000011829;17;8;2020;07:10;1;24;24102;1;1;1;1;ROUTE D'ANGOULEME;45,2200500;0,6727800
10675;202000011830;12;10;2020;09:30;1;13;13204;2;1;1;1;CHUTES LAVI (AVENUE);43,3119500;5,3960900
10676;202000011831;9;10;2020;20:00;2;11;11262;2;6;1;3;JUIN (AVENUE MAREHAL);43,1803900;3,0139400
10677;202000011832;17;8;2020;17:42;1;17;17291;1;1;1;4;RN 237;46,1740110; -1,1229180
10678;202000011833;10;9;2020;01:28;3;08;08105;1;1;1;6;RN 43;49,7500000;4,7031800
10679;202000011834;16;8;2020;03:43;5;17;17300;2;1;1;6;REMPARTS   CHEMIN DES;46,1622100; -1,1552700
10680;202000011836;17;8;2020;08:30;1;14;14118;2;2;2;3;DUNOIS (BOULEVARD);49,1839100; -0,3863400
10681;202000011837;12;10;2020;08:10;1;06;06027;2;1;1;1;NICE AVENUE DE (RN7);43,6605000;7,1767000
10682;202000011838;17;8;2020;14:10;1;13;13214;2;9;1;7;LAVOISIER (BOULEVARD);43,3391590;5,3717300
10683;202000011839;12;10;2020;17:10;1;75;75120;2;1;1;4;PORTE DES LILAS;48,8763820;2,4094210
10684;202000011840;17;8;2020;03:25;5;13;13208;2;2;1;3;PRADO (AVENUE DU);43,2642661;5,3787717
10685;202000011841;12;10;2020;13:00;1;75;75107;2;1;1;2;QUAI D ORSAY;48,8623620;2,3087500
10686;202000011842;18;8;2020;00:40;3;13;13063;2;1;1;6;THEODORE AUBANEL BOULEVARD;43,5884308;4,9898197
10687;202000011843;12;10;2020;09:20;1;75;75120;2;1;1;3;BOULEVARD DE BELLEVILLE;48,8678510;2,3823310
10688;202000011844;12;10;2020;19:25;5;75;75119;2;1;1;6;AVENUE JEAN JAURES;48,8887040;2,3927920
10689;202000011845;17;8;2020;20:50;5;06;06088;2;1;1;6;ANGLAIS (DU N° 1 AU N° 43);43,6951800;7,2656700
10690;202000011847;12;10;2020;14:30;1;75;75116;2;3;1;6;RUE JEAN DE LA FONTAINE;48,8504040;2,2705270
10691;202000011848;16;8;2020;16:55;1;06;06027;2;1;1;6;PLAGE BOULEVARD DE LA;43,6557130;7,1614820
10692;202000011849;12;10;2020;09:10;1;75;75115;2;1;1;6;RUE ANDRE GIDE;48,8378300;2,3139530
10693;202000011850;13;8;2020;20:25;3;05;05023;1;1;3;2;R N  94;44,9097300;6,6638300
10694;202000011851;12;10;2020;14:49;1;75;75113;2;3;1;3;QUAI PANHARD ET LEVASSOR;48,8311130;2,3811860
10695;202000011853;12;10;2020;13:20;1;75;75113;2;3;8;3;QUAI DE LA GARE;48,8367570;2,3743670
10696;202000011854;12;10;2020;21:15;5;75;75112;2;2;1;1;AVENUE DU TREMBLAY;48,8358410;2,4531620
10697;202000011855;17;8;2020;09:30;1;75;75113;2;2;1;3;BOULEVARD MASSENA;48,8192230;2,3620740
10698;202000011856;12;10;2020;15:00;1;75;75112;2;1;1;6;RUE ABEL;48,8476740;2,3756500
10699;202000011857;17;8;2020;12:55;1;75;75112;2;1;2;1;QUAI DE BERCY;48,8300260;2,3866980
10700;202000011858;12;10;2020;16:30;1;75;75112;2;1;1;3;COURS DE VINCENNES;48,8473470;2,4042240
10701;202000011859;16;8;2020;17:30;1;75;75112;2;1;1;6;ROUTE DE CEINTURE DU LAC DAUMESNIL;48,8294770;2,4156080
10702;202000011860;12;10;2020;16:00;1;75;75112;2;3;1;3;RUE DE REUILLY;48,8410220;2,3941110
10703;202000011862;12;10;2020;11:45;1;75;75112;2;2;1;3;BOULEVARD DIDEROT;48,8480440;2,3929210
10704;202000011863;16;8;2020;23:10;5;75;75110;2;3;1;3;RUE DU FAUBOURG POISSONNIERE;48,8724610;2,3479040
10705;202000011864;12;10;2020;08:52;1;75;75112;2;1;1;7;BOULEVARD SOULT;48,8456520;2,4108640
10706;202000011865;16;8;2020;16:20;1;75;75110;2;1;1;-1;RUE DU FAUBOURG SAINT DENIS;48,8817180;2,3583910
10707;202000011866;12;10;2020;08:08;2;75;75112;2;2;1;3;AVENUE COURTELINE;48,8440580;2,4129700
10708;202000011867;17;8;2020;01:30;3;75;75104;2;1;1;6;QUAI HENRI IV;48,8494760;2,3616830
10709;202000011868;12;10;2020;20:15;5;75;75111;2;1;1;1;RUE JEAN PIERRE TIMBAUD;48,8670660;2,3750290
10710;202000011869;11;10;2020;21:50;5;75;75111;2;1;1;-1;RUE DE LA ROQUETTE;48,8561760;2,3761780
10711;202000011870;30;7;2020;17:55;1;75;75103;2;3;1;3;RUE DU VERTBOIS;48,8677040;2,3548690
10712;202000011871;12;10;2020;02:30;5;75;75108;2;3;1;3;AVENUE DES CHAMPS ELYSEES;48,8670910;2,3160830
10713;202000011872;16;8;2020;16:05;1;94;94081;2;1;1;6;CAMILLE BLANC (R);48,7842000;2,3961000
10714;202000011873;10;10;2020;23:45;5;94;94043;2;1;8;2;VOLTAIRE (R);48,8057500;2,3452800
10715;202000011874;12;10;2020;19:15;5;94;94065;2;1;1;3;CHARLES LINDBERGH (AV);48,7490900;2,3563900
10716;202000011875;10;8;2020;09:30;1;94;94033;2;1;1;3;MOREAU DAVID (PL);48,8433300;2,4655500
10717;202000011876;10;10;2020;20:15;3;94;94058;2;1;1;6;ALSACE LORRAINE (BD D);48,8495100;2,4971400
10718;202000011877;16;8;2020;03:40;5;94;94022;2;1;1;7;VICTOR HUGO (AV);48,7669000;2,4144000
10719;202000011878;12;10;2020;14:00;1;94;94077;2;6;1;3;PAUL VAILLANT COUTURIER (AV);48,7378700;2,4236200
10720;202000011880;12;10;2020;11:40;1;94;94071;2;2;1;3;SOMME (AV DE LA);48,7654540;2,5124790
10721;202000011881;17;8;2020;19:10;1;93;93064;2;9;1;3;ALSACE-LORRAINE (BOULEVARD);48,8862042;2,4756977
10722;202000011882;12;10;2020;05:40;5;94;94070;2;1;1;2;Route de Paris;48,7180800;2,5695100
10723;202000011883;17;8;2020;20:30;3;93;93051;2;1;1;2;PAVE NEUF (AVENUE);48,8384795;2,5610877
10724;202000011884;11;10;2020;21:20;5;93;93070;2;1;1;6;GODILLOT(RUE);48,9098000;2,3417400
10725;202000011885;17;8;2020;11:25;1;93;93077;2;1;1;6;R DU PARC;48,8808780;2,5265330
10726;202000011886;12;10;2020;13:50;1;93;93051;2;1;1;3;MEDERIC (AVENUE);48,8303400;2,5847700
10727;202000011887;17;8;2020;16:50;1;93;93010;2;1;2;3;VAILLANT (RUE EDOUARD) 24 A 96;48,8952670;2,4869121
10728;202000011890;12;10;2020;06:45;5;93;93031;2;2;1;3;REPUBLIQUE (AVENUE);48,9501244;2,3284842
10729;202000011891;11;10;2020;23:00;5;93;93029;2;2;1;3;AV HENRI BARBUSSE / R CHARLES GIDE;48,9165900;2,4446300
10730;202000011892;11;10;2020;19:10;2;92;92077;2;1;8;3;THIERRY (AVENUE);48,8276863;2,1821178
10731;202000011893;16;8;2020;23:30;5;93;93005;2;1;1;6;HENRI BARBUSSE (RUE);48,9292700;2,4892000
10732;202000011894;11;10;2020;09:30;1;92;92072;2;2;1;3;VILLE D'AVRAY (RUE DE);48,8260273;2,1982305
10733;202000011895;17;8;2020;19:35;1;93;93066;2;1;1;3;CROIZAT AMBROISE RD 29 BIS;48,9312912;2,3495776
10734;202000011896;11;10;2020;11:30;1;92;92064;1;1;1;7;PARC SAINT CLOUD;48,8477259;2,2080543
10735;202000011897;7;10;2020;09:00;1;92;92040;2;1;8;2;PDT ROOSEVELT (QUAI DU);48,8340980;2,2648480
10736;202000011898;17;8;2020;06:30;1;93;93001;2;1;1;5;ANATOLE FRANCE (BLD) PAIR;48,9171777;2,3817897
10737;202000011899;12;10;2020;06:50;2;92;92040;2;2;1;3;PAIX (AVENUE DE LA);48,8166150;2,2750220
10738;202000011900;17;8;2020;13:00;1;92;92044;2;1;2;3;ALSACE (RUE) N°19 + ET 20+;48,8914005;2,2956423
10739;202000011901;12;10;2020;19:00;5;92;92026;2;1;1;2;NEUILLY DEFENSE (RESIDENCE);48,8886745;2,2490349
10740;202000011904;12;10;2020;16:15;2;974;97415;2;1;1;2;Chemin Lebel; -21,0110070;55,3209860
10741;202000011905;14;8;2020;16:25;1;92;92004;2;1;1;4;PIERRE DE COUBERTIN  ( BD );48,9279200;2,2847000
10742;202000011906;12;10;2020;12:30;1;67;67437;2;1;1;3;Rue Jean de Manderscheid;48,7311970;7,3530780
10743;202000011907;17;8;2020;15:30;1;13;13215;1;9;1;7;A7-Sens Lyon vers Marseille;43,3494760;5,3692420
10744;202000011909;17;8;2020;08:36;1;13;13214;1;1;1;2;A7-Sens Lyon vers Marseille;43,3516650;5,3666380
10745;202000011910;11;10;2020;16:00;1;62;62094;1;2;1;3;D138;50,4488022;1,7787840
10746;202000011913;10;8;2020;09:25;1;57;57463;1;9;1;3;Autoroute A31;49,1395090;6,1802820
10747;202000011914;12;10;2020;18:50;1;51;51090;1;2;1;3;D39;48,7857780;3,8617160
10748;202000011915;17;8;2020;09:55;1;33;33096;1;1;1;2;AUTOROUTE A 10;44,8912600; -0,5019600
10749;202000011916;7;10;2020;16:20;1;76;76120;1;1;1;6;D7;49,6096250;1,4082560
10750;202000011917;13;10;2020;04:25;5;79;79195;2;1;3;7;45 Rue Saint-charles;46,9346300; -0,5886200
10751;202000011918;17;8;2020;18:00;1;94;94076;1;1;1;3;AUTOROUTE A6A;48,7863000;2,3460000
10752;202000011919;13;10;2020;07:43;5;65;65460;2;1;8;6;21 Boulevard d'Alsace;43,3852140;0,0551690
10753;202000011920;17;8;2020;11:05;1;91;91136;1;1;1;7;RD188 PROVINCE / A10 PARIS;48,7163600;2,2655000
10754;202000011921;13;10;2020;10:55;1;65;65460;1;1;1;2;Départementale 6;43,3877560;0,0080680
10755;202000011923;17;8;2020;07:50;1;91;91347;1;1;1;3;RN 104;48,6227000;2,2882900
10756;202000011924;12;10;2020;14:40;1;63;63011;1;1;1;6;D2144;46,1954060;2,7558090
10757;202000011925;17;8;2020;17:25;1;93;93064;1;1;3;3;AUTOROUTE A103;48,8853600;2,4885200
10758;202000011926;13;10;2020;02:00;3;61;61414;1;1;2;6;RD938 - lieu-dit Perthuisiere;48,4933960;0,5465050
10759;202000011927;13;10;2020;07:58;2;41;41242;1;1;3;1;33 Route de Valencay;47,2586260;1,5472910
10760;202000011928;9;10;2020;19:40;5;34;34310;2;2;1;1;Rue de la Carriérasse;43,4227170;3,1674440
10761;202000011929;4;9;2020;10:20;1;44;44126;2;3;1;1;1 Boulevard de la Tara;47,1524640; -2,2168830
10762;202000011930;17;8;2020;13:30;1;93;93053;1;1;2;2;AUTOROUTE A86;48,9009800;2,4693300
10763;202000011931;5;8;2020;19:10;1;02;02830;2;1;1;3;11 Rue de la Gloriette;50,0171640;3,6019970
10764;202000011932;8;10;2020;15:50;1;58;58225;1;1;1;7;Champ des pierges;46,9215490;3,0838380
10765;202000011933;17;8;2020;18:00;1;77;77249;1;1;1;-1;A104;48,7299990;2,6082100
10766;202000011934;3;10;2020;01:40;3;72;72380;1;1;1;2;mirebeau;48,2323860;0,1481840
10767;202000011936;18;8;2020;10:55;1;72;72223;2;1;1;-1;ROUTE DEPARTEMENTALE 35;47,8750080; -0,1065160
10768;202000011937;13;10;2020;06:00;3;72;72026;1;1;2;6;Saint Cher;48,1232540;0,3189150
10769;202000011938;10;10;2020;20:15;3;14;14654;1;1;1;7;D271;49,0457450; -0,0264790
10770;202000011939;16;8;2020;09:45;1;974;97409;1;9;1;1;Route de Salazie; -20,9752660;55,6457010
10771;202000011940;13;10;2020;17:25;1;64;64519;2;2;1;3;Route d'Uzein;43,3602700; -0,3836200
10772;202000011941;15;8;2020;19:40;5;973;97302;2;2;2;3;CESAIRE (CITE);4,9309153; -52,3225272
10773;202000011942;11;10;2020;16:00;1;16;16135;1;1;2;6;Lieu dit Les Justices;45,6330470;0,5616440
10774;202000011943;15;8;2020;23:30;5;69;69383;2;1;1;3;BARABAN                             (R );45,7616900;4,8682800
10775;202000011944;12;10;2020;18:40;2;27;27577;1;1;1;7;route de trouville RD95;49,4154669;0,5592695
10776;202000011945;11;10;2020;18:15;1;01;01274;1;1;8;6;A40 PK 115+200;46,1605130;5,6521010
10777;202000011946;11;10;2020;01:25;3;35;35353;1;1;1;6;RN 1012;48,1233450; -1,7328020
10778;202000011947;16;8;2020;17:45;1;69;69259;2;1;1;2;VIVIANI                             (AV);45,7204900;4,8852200
10779;202000011948;16;8;2020;15:50;1;69;69199;2;1;8;7;YVES FARGE                          (BD);45,7011900;4,8560200
10780;202000011949;12;10;2020;17:40;1;06;06152;2;3;1;3;Route de Nice;43,6431350;7,0118760
10781;202000011950;16;8;2020;04:30;5;69;69387;2;1;1;6;CHAMBAUD DE LA BRUYERE              (BD);45,7243200;4,8420900
10782;202000011952;16;8;2020;15:15;1;972;97213;1;9;1;6;ROUTE DEPARTEMENTALE 13;14,6345000; -61,0141000
10783;202000011953;16;8;2020;14:05;1;972;97213;1;1;2;1;ROUTE DEPARTEMENTALE 3;14,6566000; -60,9755000
10784;202000011954;13;10;2020;06:42;3;51;51562;1;1;1;1;A4;49,2078713;4,0744882
10785;202000011956;12;10;2020;22:20;3;988;98825;1;1;2;2;Lieu-dit BELLE-BOSSE; -21,2418820;164,9119310
10786;202000011957;16;8;2020;22:05;5;91;91326;2;1;2;3;COUR DE FRANCE (AVENUE DE LA);48,6849940;2,3748130
10787;202000011958;12;10;2020;11:20;1;974;97420;1;1;1;3;D46; -20,9473710;55,6322890
10788;202000011959;16;8;2020;14:20;1;83;83137;2;3;1;3;WEYGAND (AVE GENERAL);43,1203200;5,9488700
10789;202000011961;15;8;2020;12:20;1;83;83069;2;2;1;3;GODILLOT  ( AVENUE ALEXIS );43,1113700;6,1240300
10790;202000011963;12;10;2020;08:30;1;37;37072;2;3;1;6;Boulevard des Hucherolles;47,1708765;0,2564191
10791;202000011964;11;8;2020;19:03;1;69;69256;2;1;1;6;GEORGES DIMITROV                    (AV);45,7774000;4,9255500
10792;202000011965;12;10;2020;11:50;1;77;77147;1;1;1;7;Rue du Brandon;48,5966920;3,0923080
10793;202000011966;12;10;2020;17:50;1;77;77315;2;4;8;6;2 Rue de Touraine;48,8827870;2,8317180
10794;202000011967;15;8;2020;23:20;3;69;69266;2;3;1;1;MARIE ANTOINETTE    (Rue);45,7843100;4,8866900
10795;202000011968;13;10;2020;08:30;1;2B;2B042;2;9;1;6;Avenue de Borgo;42,5613630;9,4411770
10796;202000011969;11;8;2020;17:35;1;69;69092;2;1;1;6;TARARE (route de);45,9841800;4,7003100
10797;202000011970;12;10;2020;16:14;1;06;06011;2;1;7;2;7 Boulevard du Maréchal Leclerc;43,7059420;7,3347960
10798;202000011971;16;8;2020;23:40;5;68;68224;2;1;1;3;STRASBOURG (RUE DE);47,7508120;7,3235950
10799;202000011972;12;10;2020;17:10;1;67;67046;2;1;2;3;5 Rue du Général Leclerc;48,7644640;7,8586000
10800;202000011973;11;10;2020;22:30;5;73;73213;1;1;1;2;D1006 Route de Challes;45,5674590;5,9644390
10801;202000011974;15;8;2020;11:40;1;59;59043;1;1;1;3;LILLE (ROUTE DE);50,7207600;2,8025300
10802;202000011975;15;8;2020;20:12;1;45;45274;1;1;1;6;Rue de la Levee;47,8960320;1,9524120
10803;202000011976;13;10;2020;16:45;1;42;42285;1;1;1;1;Route de Montbrison;45,5522172;4,1610610
10804;202000011977;4;10;2020;06:45;2;44;44209;2;9;3;7;31 Rue des Landes;47,3042495; -1,6164481
10805;202000011978;16;8;2020;02:00;5;34;34172;2;1;1;1;LIBERTE (AVENUE DE LA;43,6099500;3,8362100
10806;202000011979;3;10;2020;00:40;3;69;69071;2;1;2;1;route de villefranche;45,8794780;4,8232230
10807;202000011981;17;8;2020;00:00;5;33;33554;2;1;1;6;AVE DU TECHENEY;44,8755400; -0,4917500
10808;202000011982;10;10;2020;18:40;1;60;60060;2;1;1;7;38 Rue des Groux;49,1836240;2,1942380
10809;202000011983;13;10;2020;18:00;1;60;60355;2;1;1;6;90 Rue Saint-germain;49,4159384;2,1974479
10810;202000011984;16;8;2020;17:47;1;29;29039;2;3;1;6;Boulevard Bougainville;47,8703700; -3,9229900
10811;202000011985;13;10;2020;11:31;1;02;02381;2;9;2;1;AVENUE DE VERDUN;49,9152370;4,0909160
10812;202000011986;17;8;2020;00:00;5;13;13209;2;3;1;3;AVIATEUR LE BRIX (RUE);43,2618215;5,4040246
10813;202000011987;3;10;2020;03:21;3;13;13056;1;1;2;6;A55-Sens Martigues vers Marseille;43,4028700;5,0395400
10814;202000011988;16;8;2020;23:05;5;13;13216;2;1;1;5;CONDORCET (RUE);43,3569100;5,3423100
10815;202000011989;12;10;2020;06:50;3;13;13215;1;1;1;4;A7-Sens Marseille vers Lyon;43,3665090;5,3608170
10816;202000011990;16;8;2020;15:00;1;13;13215;2;2;1;3;Min (avenue du);43,3417800;5,3729300
10817;202000011991;16;8;2020;04:40;5;13;13208;2;1;1;6;MENDES FRANCE (AVENUE);43,2499100;5,3752900
10818;202000011992;10;10;2020;11:10;1;83;83137;1;1;1;4;BRETELLE D'ACCES N°17 TOULON/NICE;43,1213200;5,9533100
10819;202000011994;11;10;2020;17:30;1;69;69297;1;1;1;4;A7   15.770 A 20.110;45,5926000;4,7971000
10820;202000011995;15;8;2020;16:20;1;13;13210;2;1;1;3;ROMAIN ROLLAND (BOULEVARD);43,2744810;5,4150450
10821;202000011996;12;10;2020;11:20;1;78;78640;1;1;1;4;A86 EXT;48,7775740;2,2195900
10822;202000011997;15;8;2020;13:05;1;13;13206;2;1;1;6;JULIEN (COURS);43,2960600;5,3816400
10823;202000011998;11;10;2020;22:30;5;93;93048;1;1;1;2;AUTOROUTE A3;48,8684400;2,4282700
10824;202000011999;17;6;2020;12:30;1;57;57256;1;1;3;3;D603;49,1172750;6,0377810
10825;202000012000;15;8;2020;09:05;1;13;13005;1;1;1;5;EOURES (ROUTE D');43,3062800;5,5542700
10826;202000012001;11;10;2020;10:00;1;974;97411;2;1;1;7;FOUGERES (CHEMIN DES); -20,9306800;55,4874200
10827;202000012002;16;8;2020;22:15;3;13;13004;1;1;1;1;RTE D EYGUIERES;43,6623300;4,6746800
10828;202000012003;11;10;2020;13:16;1;69;69387;2;1;8;6;BERTHELOT                           (AV);45,7429800;4,8488300
10829;202000012004;14;8;2020;15:30;1;09;09122;2;1;1;4;LECLERC (AVENUE DU GENERAL);42,9871680;1,6157420
10830;202000012005;10;10;2020;18:20;1;69;69259;2;3;1;5;ALBERT EINSTEIN                     (R );45,7001400;4,8763400
10831;202000012006;9;10;2020;08:25;1;69;69034;2;1;1;6;FORTS (DES)                         (MO);45,7944800;4,8301200
10832;202000012007;16;8;2020;16:40;1;06;06088;2;9;1;3;GAIRAUT (AV. DE);43,7365440;7,2632240
10833;202000012008;10;10;2020;20:45;5;69;69385;2;1;1;3;ETROITS (DES)                       (QU);45,7508833;4,8200101
10834;202000012009;16;8;2020;15:00;1;06;06088;2;4;1;3;QUINZIEME CORPS (AV. DU);43,7068100;7,2801800
10835;202000012010;10;10;2020;18:24;2;79;79191;2;1;1;6;Route d'Aiffres;46,3160100; -0,4547100
10836;202000012011;16;8;2020;03:26;5;06;06088;2;1;1;6;PROMENADE DES ANGLAIS (DU N° 1 AU N° 43);43,6948390;7,2629150
10837;202000012012;15;8;2020;22:30;5;75;75116;2;1;1;3;BOULEVARD PERIPHERIQUE;48,8546400;2,2547110
10838;202000012013;11;10;2020;14:00;1;77;77237;2;1;1;2;RD 345;48,8422000;2,7761000
10839;202000012015;16;8;2020;00:07;5;75;75115;2;1;1;7;RUE LECOURBE;48,8447080;2,3097650
10840;202000012016;10;10;2020;02:35;5;74;74118;2;1;1;1;DEPORTES (ROUTE DES );46,1827700;6,2307100
10841;202000012017;10;10;2020;16:40;1;69;69264;2;1;1;-1;BRAUN THEODORE  AV;45,9809700;4,7404000
10842;202000012019;11;10;2020;07:10;5;59;59350;2;2;1;1;TURENNE RUE;50,6271400;3,0391000
10843;202000012020;16;8;2020;17:16;1;75;75119;2;7;1;4;PLACE DU COLONEL FABIEN;48,8784320;2,3704480
10844;202000012021;5;10;2020;11:45;1;59;59273;2;1;1;3;ISLANDAIS (RUE DES);50,9860000;2,1219000
10845;202000012022;16;8;2020;22:40;5;75;75118;2;1;1;6;RUE MARX DORMOY;48,8869480;2,3596770
10846;202000012023;9;10;2020;18:14;1;54;54375;1;1;2;3;RD 958  ;48,8995200;5,9939900
10847;202000012024;15;8;2020;23:50;5;75;75110;2;2;1;6;RUE D HAUTEVILLE;48,8716180;2,3499060
10848;202000012025;16;8;2020;14:30;1;75;75108;2;7;1;6;PLACE DE LA CONCORDE;48,8663560;2,3233900
10849;202000012026;11;10;2020;02:30;5;54;54395;2;2;8;2;SAINT DIZIER (RUE 2 A 80-1 A 109 BIS);48,6924406;6,1812204
10850;202000012027;16;8;2020;01:10;5;75;75101;2;1;1;7;RUE DE RIVOLI;48,8663850;2,3237630
10851;202000012028;11;10;2020;17:55;1;51;51454;2;1;1;3;Rue de Louvois;49,2386629;4,0315103
10852;202000012029;16;8;2020;14:00;1;75;75103;2;3;1;1;RUE DU TEMPLE;48,8651880;2,3602090
10853;202000012030;11;10;2020;21:50;5;44;44162;2;3;1;3;Boulevard du Massacre;47,2324700; -1,5913200
10854;202000012032;11;10;2020;06:15;5;44;44109;2;1;1;6;POILUS ( BD DES );47,2301100; -1,5285700
10855;202000012033;16;8;2020;15:30;1;94;94017;2;1;1;3;GENERAL LECLERC (AV DU);48,8280700;2,5126100
10856;202000012035;16;8;2020;07:08;1;93;93032;2;1;8;6;R DE LA MARE;48,8761380;2,5500055
10857;202000012036;11;10;2020;05:45;5;33;33249;2;1;1;1;QUAI CARRIET;44,8832000; -0,5307200
10858;202000012037;11;10;2020;22:40;3;29;29232;1;1;1;6;Chemin de Kerequellou;47,9640664; -4,0624782
10859;202000012039;11;10;2020;20:25;5;27;27229;2;1;9;3;VERNON (RUE DE);49,0242375;1,1715349
10860;202000012040;16;8;2020;14:00;1;92;92012;2;1;1;2;JEAN JAURES (BOULEVARD) 217/FIN - 210/FI;48,8303900;2,2453600
10861;202000012041;11;10;2020;23:00;5;18;18033;2;1;1;2;CHARITE (ROUTE DE LA);47,0949400;2,4205900
10862;202000012042;11;10;2020;21:05;5;13;13208;2;1;1;1;GRAND LARGE (PROMENADE DU);43,2418090;5,3644690
10863;202000012043;16;8;2020;04:00;3;62;62254;1;1;5;6;D157;50,6105460;2,1887980
10864;202000012044;11;10;2020;15:45;1;13;13208;2;1;1;5;PRADO (AVENUE DU);43,2704223;5,3880376
10865;202000012045;16;8;2020;09:30;1;66;66164;1;1;1;6;A9 PK 243.000;42,7625790;2,8915500
10866;202000012046;11;10;2020;04:40;5;13;13209;2;1;1;2;SCHLOESING (BOULEVARD);43,2728240;5,4008900
10867;202000012047;16;8;2020;20:10;5;972;97207;2;1;2;1;départementale 5 face à la résidence cécilion;14,5719440; -60,9635370
10868;202000012048;11;10;2020;19:05;2;13;13047;1;2;1;3;D.5;43,5853000;4,9457600
10869;202000012049;5;8;2020;19:00;1;22;22341;1;2;1;3;D44;48,4017140; -2,3729610
10870;202000012051;16;8;2020;18:35;1;50;50159;1;1;2;6;D38;49,0214000; -1,2383060
10871;202000012052;11;10;2020;15:15;1;06;06004;2;2;9;3;ESTEREL AV.DE L';43,5699500;7,1086600
10872;202000012054;11;10;2020;00:30;5;75;75105;2;3;8;1;BOULEVARD SAINT MARCEL;48,8389780;2,3585920
10873;202000012055;10;10;2020;12:20;1;75;75115;2;3;1;6;QUAI ANDRE CITROEN;48,8473770;2,2788710
10874;202000012056;11;10;2020;13:15;1;75;75120;2;1;1;6;RUE DES PYRENEES;48,8585250;2,4028670
10875;202000012057;17;8;2020;12:10;1;37;37050;1;1;1;2;A10;47,3181043;0,6891376
10876;202000012059;10;8;2020;18:40;1;34;34095;1;1;1;3;D114;43,5364570;3,7559830
10877;202000012060;9;8;2020;09:30;1;34;34270;2;1;1;5;Bretelle de sortie de l'autoroute A 709 sortie N° 32 sens Montpellier Sete;43,5687940;3,8361600
10878;202000012061;15;8;2020;15:45;1;74;74263;1;1;1;2;Route de Pérrignier;46,3172810;6,3980770
10879;202000012062;16;8;2020;05:52;2;51;51231;1;1;1;7;D208;48,9851236;4,4577735
10880;202000012063;16;8;2020;11:30;1;19;19024;1;1;2;7;Meyade;45,3670251;1,3985102
10881;202000012064;17;8;2020;10:25;1;19;19093;2;1;1;6;RD8;45,0804491;1,5604240
10882;202000012065;15;8;2020;11:45;1;76;76542;1;1;1;1;D88;49,7278220;0,7604170
10883;202000012066;15;8;2020;11:35;1;76;76188;1;9;1;7;Route de la Dreule;49,6511890;1,2408440
10884;202000012067;17;8;2020;11:15;1;2A;2A139;1;3;1;3;Nivatoli;41,6355889;9,3405116
10885;202000012068;23;7;2020;18:00;1;2A;2A362;2;1;1;3;T10;41,7004340;9,3487970
10886;202000012069;17;8;2020;06:50;2;33;33173;1;3;1;6;Lieu Dit Bernarderie;44,9570200;0,0029670
10887;202000012070;17;8;2020;00:22;3;33;33236;1;1;1;2;CD106 CLAOUEY;44,7720700; -1,1724200
10888;202000012071;17;8;2020;10:45;1;71;71310;2;2;1;6;62 Avenue de la République;46,7492569;4,4689549
10889;202000012072;15;8;2020;19:30;2;71;71109;1;1;1;7;Valotte (Arrêt de bus);46,8965468;4,7107629
10890;202000012073;16;8;2020;18:00;1;63;63170;1;1;1;1;D941;45,8398600;2,7173513
10891;202000012074;15;8;2020;21:00;2;55;55448;1;1;1;7;D7;48,8824410;5,4158520
10892;202000012075;16;8;2020;17:30;1;12;12021;1;1;1;6;D69 Lieu dit Les Gazannes;44,3386140;2,1591940
10893;202000012076;16;8;2020;02:50;3;41;41112;1;1;2;7;D20;47,3653240;1,6366200
10894;202000012077;15;8;2020;03:35;3;86;86281;1;6;1;7;Rond point d'étables;46,7145430;0,2177260
10895;202000012078;16;8;2020;15:00;1;34;34252;1;1;1;3;D23e2;43,6558800;3,1103540
10896;202000012079;16;8;2020;16:05;1;22;22055;2;1;8;3;Boulevard du Général Leclerc;48,5998280; -2,8261900
10897;202000012080;14;8;2020;23:15;3;39;39514;1;1;1;6;;47,1957640;5,6049160
10898;202000012081;17;8;2020;03:30;3;39;39434;1;1;1;1;;46,8478510;5,7049720