;Num_Acc;jour;mois;an;hrmn;lum;dep;com;agg;int;atm;col;adr;lat;long
10899;202000012082;16;8;2020;00:10;3;29;29056;1;1;6;7;Le Fessiou;48,4420591; -4,3082552
10900;202000012084;15;8;2020;14:35;1;01;01134;2;1;1;-1;Chemin de la Rolliere;46,2766250;4,9045910
10901;202000012085;14;8;2020;22:15;5;01;01367;2;1;1;6;D1d;46,4013240;5,1096000
10902;202000012086;16;8;2020;00:00;3;70;70294;2;1;1;6;Rue des Vosges;47,7492250;6,4958680
10903;202000012087;16;8;2020;17:30;1;70;70539;1;1;1;6;D13;47,5650890;5,8186230
10904;202000012088;16;8;2020;12:15;3;26;26022;1;1;1;6;D542;44,2472400;5,6697550
10905;202000012089;16;8;2020;12:00;1;66;66150;1;1;1;6;D115;42,4099910;2,5127360
10906;202000012090;17;8;2020;06:04;2;54;54530;1;1;1;6;6 Grande Rue;48,3945200;5,9541200
10907;202000012091;15;8;2020;16:30;1;54;54040;2;3;1;7;1 Avenue Jean-baptiste Diedler;48,4974834;6,8970108
10908;202000012093;12;8;2020;11:50;1;64;64160;2;1;1;4;4 Chemin de Berhartia;43,3487233; -1,3993398
10909;202000012094;14;8;2020;14:00;1;36;36018;2;4;1;6;131 Avenue Gambetta;46,6415540;1,0632050
10910;202000012095;17;8;2020;06:55;1;16;16004;1;1;1;6;Lieu dit Le Moulin d'Aignes;45,4462530;0,1387550
10911;202000012096;11;7;2020;14:50;1;07;07337;1;1;1;6;Route de Talencieux;45,2327420;4,7266100
10912;202000012097;15;8;2020;11:21;1;04;04241;1;1;1;-1;RD 4100;43,8748783;5,7026435
10913;202000012098;9;8;2020;18:00;1;27;27521;1;1;1;1;N12;48,7012430;0,8328900
10914;202000012099;17;8;2020;18:10;1;23;23130;1;1;1;6;l'abbaye;46,3942740;1,7653660
10915;202000012100;16;8;2020;12:30;1;48;48082;1;1;1;7;Route Nationale 88;44,5879650;3,6590590
10916;202000012102;17;8;2020;04:10;3;03;03118;1;1;1;2;;46,0943170;3,1371033
10917;202000012103;16;8;2020;08:50;1;34;34159;1;1;1;1;D116;43,5216680;3,8292500
10918;202000012104;15;8;2020;11:00;1;38;38285;2;1;1;2;D526;45,0513400;5,9872000
10919;202000012105;16;8;2020;03:35;3;59;59597;1;1;5;2;A2;50,2004470;3,2155550
10920;202000012106;16;8;2020;16:50;1;60;60369;1;1;1;4;A1;49,3149603;2,6857098
10921;202000012107;16;8;2020;18:27;1;27;27456;1;1;1;2;A154;49,1965640;1,1735950
10922;202000012108;16;8;2020;22:20;3;76;76484;1;1;1;2;A13;49,3428520;1,0618760
10923;202000012109;15;8;2020;14:15;1;975;97502;2;1;1;7;Route de la Pointe Blanche;46,7685340; -56,1746910
10924;202000012110;14;8;2020;15:30;1;33;33085;1;2;1;3;Route des 2 Ponts;44,7633800; -0,4952970
10925;202000012111;15;8;2020;07:25;2;2B;2B034;1;3;7;-1;RT 30 - RT301 Losari;42,6364510;9,0125310
10926;202000012112;16;8;2020;16:50;1;30;30330;2;1;1;1;132 Route de Nimes;44,0379670;4,0004830
10927;202000012113;17;8;2020;15:20;1;34;34023;2;1;1;6;34 Avenue de la Gare;43,4470610;3,6913830
10928;202000012114;31;5;2020;15:15;1;84;84105;1;1;1;7;Route Departementale 900--Aire de repos;43,8681780;5,4378130
10929;202000012115;15;8;2020;02:10;3;13;13004;1;1;1;2;N113;43,6543180;4,6595820
10930;202000012116;15;8;2020;13:55;1;21;21038;2;3;1;3;Rue du Colonel Redoutey;47,1917360;5,3914060
10931;202000012117;16;8;2020;22:15;5;67;67230;2;3;1;7;Rue des Hirondelles;48,7930736;7,8317497
10932;202000012118;16;8;2020;18:00;1;88;88273;1;1;1;1;D46;48,2272170;6,5184120
10933;202000012119;17;8;2020;16:10;1;55;55509;1;1;1;6;D643;49,5781080;5,3406000
10934;202000012120;16;8;2020;13:15;1;55;55122;2;1;1;7;Avenue des Forges;48,7661330;5,5818970
10935;202000012121;15;8;2020;15:30;1;73;73179;1;1;1;1;D14A Av Rene Cassin;45,6007530;5,8787370
10936;202000012122;15;8;2020;19:20;1;65;65078;2;2;1;3;35 Rue Dominique Larrey;43,0266120;0,1691720
10937;202000012123;16;8;2020;17:30;1;14;14677;1;1;1;6;N158;48,9456310; -0,2150920
10938;202000012124;14;8;2020;22:30;3;56;56167;1;1;1;6;Les Deux Moulins;47,6620850; -2,8757140
10939;202000012125;16;8;2020;04:17;3;13;13001;1;4;1;6;A51-Sens Marseille vers Aix en Provence;43,5131100;5,4261000
10940;202000012126;16;8;2020;03:40;3;13;13022;1;1;1;7;A50-Sens Toulon vers Aubagne;43,2290459;5,5842935
10941;202000012127;15;8;2020;12:00;1;13;13211;1;1;1;4;A50-Sens Marseille vers Aubagne;43,2936800;5,4569800
10942;202000012128;16;8;2020;16:30;1;91;91471;1;1;2;7;RN 118;48,6983000;2,1922500
10943;202000012129;16;8;2020;11:10;1;91;91363;1;1;1;3;RN 104;48,6498500;2,1854000
10944;202000012130;15;8;2020;20:32;1;94;94034;1;1;2;4;AUTOROUTE A86;48,7552400;2,3426900
10945;202000012131;16;8;2020;21:50;3;93;93007;1;1;1;2;AUTOROUTE A3;48,9277400;2,4813600
10946;202000012132;16;8;2020;20:30;2;93;93053;1;9;2;6;AUTOROUTE A86;48,8987300;2,4692300
10947;202000012133;16;8;2020;19:30;2;95;95060;1;1;2;6;AUTOROUTE A115;49,0441000;2,1874000
10948;202000012134;16;8;2020;17:55;1;95;95277;1;1;2;2;RD 170 B4;48,9747399;2,4867603
10949;202000012135;16;8;2020;13:00;1;92;92036;1;1;1;6;AUTOROUTE A15;48,9448200;2,2856700
10950;202000012136;16;8;2020;12:20;1;95;95252;1;1;1;7;AUTOROUTE A15;48,9790700;2,2289500
10951;202000012137;16;8;2020;08:00;1;93;93053;1;1;1;6;AUTOROUTE A103;48,8847600;2,4722300
10952;202000012138;15;8;2020;07:30;2;93;93010;1;1;1;6;AUTOROUTE A86;48,9015700;2,4691900
10953;202000012139;16;8;2020;11:00;1;94;94073;1;1;1;7;A86 INT;48,7659411;2,3790876
10954;202000012140;16;8;2020;08:40;1;75;75112;1;1;1;6;A4;48,8212800;2,4620150
10955;202000012141;16;8;2020;04:00;3;77;77249;1;1;1;7;RN104;48,7528180;2,6145210
10956;202000012142;24;12;2020;12:30;1;93;93006;2;3;2;6;DELESCLUSE CHARLES;48,8654659;2,4252943
10957;202000012143;28;12;2020;10:00;1;93;93013;2;1;2;3;ROLLAND (RUE DU CDT);48,9327943;2,4360255
10958;202000012144;28;12;2020;17:20;5;93;93005;2;1;3;4;BD ANDRE CITROEN;48,9624900;2,4916700
10959;202000012145;28;12;2020;13:42;1;92;92050;2;3;3;6;LIBERTE AVENUE DE LA;48,8873144;2,2073967
10960;202000012146;28;12;2020;19:00;5;92;92049;2;2;2;3;BARBES RUE;48,8172732;2,3288005
10961;202000012147;27;12;2020;15:20;1;92;92020;2;1;3;6;PARIS AVENUE DE N°84 A FIN;48,8075493;2,2945810
10962;202000012148;28;12;2020;17:30;5;92;92023;2;1;2;6;FLEURY (RUE DE);48,8115840;2,2597240
10963;202000012149;28;12;2020;19:40;5;92;92012;2;1;2;3;ANATOLE FRANCE (BOULEVARD) 5/FIN;48,8502788;2,2379681
10964;202000012151;23;12;2020;07:30;5;95;95058;2;1;3;3;Route de Clermont;49,1548726;2,2909800
10965;202000012152;29;12;2020;18:20;3;68;68173;2;1;4;-1;376 B La Place;48,1056710;7,1923460
10966;202000012153;28;12;2020;17:00;5;67;67437;2;1;1;6;6 rue du Kochersberg;48,7379900;7,3786710
10967;202000012154;29;12;2020;12:35;1;59;59266;2;3;1;5;Rue Carnot;50,5436030;2,9846870
10968;202000012155;28;12;2020;17:15;2;22;22239;1;1;4;3;La Louviere;48,3497470; -2,1000190
10969;202000012157;28;12;2020;08:00;2;71;71010;1;3;4;2;Antully;46,9159962;4,3754446
10970;202000012158;29;12;2020;09:50;1;61;61043;1;1;2;7;Les Arpents;48,3529230;0,7213370
10971;202000012159;28;12;2020;16:00;1;61;61007;2;1;2;6;4 Rue Guillaume le Conquérant;48,8092260; -0,5000050
10972;202000012160;28;12;2020;07:00;5;55;55089;2;1;2;6;Chemin de la Prairie;48,5022330;5,7010650
10973;202000012161;29;12;2020;19:45;5;12;12270;2;1;8;6;Avenue Marie Curie;44,3261280;3,0611620
10974;202000012162;28;12;2020;21:00;3;25;25256;1;1;4;1;Route départementale 437;47,2148900;6,7656680
10975;202000012163;28;12;2020;08:20;2;72;72131;1;1;1;3;D79;47,8999230; -0,0289250
10976;202000012164;29;12;2020;08:45;2;50;50341;2;1;2;6;Rue Paul Lecacheux;49,4865730; -1,3780220
10977;202000012165;29;12;2020;09:05;1;16;16223;2;1;1;6;lieu dit Moulin Neuf;45,6715670;0,5004880
10978;202000012166;28;12;2020;03:00;4;21;21249;2;1;1;6;Rue des Buttes;47,0906810;5,2157540
10979;202000012167;29;12;2020;18:42;3;85;85217;1;1;1;6;La Faubretière;46,9548300; -1,2869800
10980;202000012168;28;12;2020;14:50;1;37;37281;1;1;3;1;pont Charles de Gaulle;47,4055546;0,8057200
10981;202000012169;28;12;2020;11:50;1;06;06085;2;1;1;6;72 Chemin Saint Barthelemy;43,5989470;6,9852390
10982;202000012170;28;12;2020;18:45;5;06;06085;2;7;9;7;2 Place des Arcades;43,5873540;7,0398970
10983;202000012171;28;12;2020;16:15;1;13;13081;2;6;1;6;Avenue Victor Hugo;43,4917480;5,2293580
10984;202000012172;28;12;2020;11:32;1;13;13107;2;1;1;6;les genets 606 avenue du général de GAULLE;43,4347220;5,4281150
10985;202000012173;28;12;2020;17:30;5;67;67151;2;3;2;6;Route du Rhin;48,6925660;7,8907340
10986;202000012174;29;12;2020;16:10;1;69;69136;2;1;1;6;Route de Lyon;45,6125810;4,7703730
10987;202000012175;29;12;2020;17:50;5;14;14712;2;1;2;6;route d'argences;49,1789510; -0,1861080
10988;202000012176;16;12;2020;18:35;3;27;27331;1;2;1;3;D1;49,1328200;1,5477470
10989;202000012177;28;12;2020;14:25;1;13;13215;1;1;1;5;A7-Sens Marseille vers Lyon;43,3790000;5,3550900
10990;202000012179;28;12;2020;03:05;3;91;91340;1;1;2;7;RN 104;48,6087400;2,4371600
10991;202000012180;28;12;2020;15:11;2;78;78362;1;1;3;5;A13;48,9737210;1,7289590
10992;202000012182;28;12;2020;08:05;1;988;98818;2;1;1;2;ROUTE DU VELODROME; -22,2893200;166,4452400
10993;202000012183;27;12;2020;20:15;5;69;69383;2;2;1;3;FERDINAND BUISSON                   (R );45,7512800;4,8939000
10994;202000012184;26;12;2020;10:40;1;972;97213;1;1;1;2;AUTOROUTE A1;14,6182605; -61,0194397
10995;202000012185;27;12;2020;15:10;1;69;69034;2;9;2;4;TUNNEL BELLEVUE (QUAI BELLEVUE COUVE(XX);45,7854700;4,8481900
10996;202000012186;26;12;2020;17:40;1;971;97101;2;1;1;1;Bd René Serge NABAJOTH;16,2790005; -61,5038681
10997;202000012187;25;12;2020;17:45;5;88;88413;2;1;9;6;Rue Marcel ROGE;48,2833100;6,9573600
10998;202000012188;27;12;2020;20:30;5;83;83137;2;3;1;1;OLLIVIER (RUE EMILE);43,1193700;5,9433200
10999;202000012189;26;12;2020;13:00;1;83;83069;2;3;1;1;LOUBES (ROUTE DES);43,1101930;6,1192790
11000;202000012190;26;12;2020;11:45;1;78;78440;2;9;8;4;CD 14;48,9791740;1,8865120
11001;202000012192;27;12;2020;00:50;5;69;69266;2;5;1;3;GENAS    (Route de);45,7511087;4,9079275
11002;202000012193;27;12;2020;16:40;2;68;68376;2;5;1;3;KELLERMANN (RUE);47,8248900;7,3358700
11003;202000012195;26;12;2020;00:15;3;61;61169;2;1;8;6;MINIERE (RUE DE LA);48,7256910; -0,5676710
11004;202000012196;22;12;2020;19:30;5;61;61391;2;1;3;6;RAINETTE (RUE DE);48,7553680; -0,5687550
11005;202000012197;27;12;2020;13:30;1;59;59599;2;1;2;2;PARIS (RUE DE);50,7194648;3,1422910
11006;202000012198;4;12;2020;09:00;1;59;59350;2;6;1;6;MITTERIE RUE DE LA;50,6491300;2,9975800
11007;202000012199;27;12;2020;19:03;5;30;30189;2;4;1;1;FAITA VINCENT (RUE);43,8415900;4,3671900
11008;202000012200;27;12;2020;14:47;1;29;29232;2;6;2;6;D785 - Rond point de Ludugris;47,9798000; -4,1210600
11009;202000012201;27;12;2020;17:50;3;13;13073;1;1;8;1;DES TERMES (ROUTE) RD 908;43,3842768;5,5563030
11010;202000012202;27;12;2020;04:30;5;10;10387;2;1;1;6;MAJOR GENERAL VANIER (AVENUE);48,3040000;4,0717000
11011;202000012203;27;12;2020;12:35;1;05;05023;2;1;8;6;CHABAS (ROUTE DU);44,9072800;6,6232600
11012;202000012204;27;12;2020;05:35;5;01;01283;2;1;8;3;FRANCE (RUE A. DU 151-162 ET 173-188);46,2592344;5,6573743
11013;202000012205;26;12;2020;20:00;3;75;75115;2;1;1;2;BOULEVARD DE GRENELLE;48,8491200;2,2973160
11014;202000012206;26;12;2020;23:30;5;75;75115;2;2;1;6;RUE DE LA CONVENTION;48,8441330;2,2812440
11015;202000012207;27;12;2020;14:00;1;93;93066;2;9;3;6;STADE DE FRANCE (AVENUE DU);48,9190154;2,3617575
11016;202000012208;27;12;2020;00:00;5;93;93008;2;3;1;6;BARBUSSE (AVENUE HENRI) A30;48,9061800;2,4230100
11017;202000012209;27;12;2020;15:17;1;92;92049;2;1;3;3;PERI RUE GABRIEL N°1 A 35;48,8178224;2,3235860
11018;202000012211;28;12;2020;12:45;1;2A;2A272;1;1;2;6;RT40 a madunina;41,6428397;8,9573143
11019;202000012212;27;12;2020;18:05;5;974;97416;2;9;1;3;BANK (BOULEVARD); -21,3313600;55,4770600
11020;202000012213;15;12;2020;15:45;1;34;34217;1;1;3;1;D17;43,7070970;3,8678310
11021;202000012214;28;12;2020;12:30;1;83;83067;2;1;1;1;Route de Pignans;43,3180630;6,2828330
11022;202000012215;25;12;2020;18:11;3;78;78505;1;1;8;6;Rue du Bois de Prunay;48,8586310;1,6722230
11023;202000012216;27;12;2020;10:18;1;71;71543;2;1;8;7;Lieu Dit la Croix Leonard;46,5708211;4,8801653
11024;202000012218;26;12;2020;17:35;5;49;49248;2;1;2;1;5, Rue d'Anjou - Bel'air de Combrée (Combrée);47,7098520; -0,9838930
11025;202000012220;24;12;2020;04:25;3;70;70566;1;1;1;7;D6;47,7124290;6,0718830
11026;202000012221;27;12;2020;11:10;1;58;58095;2;7;1;6;Église Saint-Aré (Lieu de culte);46,8277330;3,4609190
11027;202000012222;6;12;2020;12:50;1;72;72039;1;1;2;7;Départementale 7, PK4;48,1838880;0,4529920
11028;202000012223;28;12;2020;10:00;1;18;18012;1;1;8;6;D45;47,1316920;3,0055080
11029;202000012224;27;12;2020;19:35;3;07;07199;1;1;2;6;Chamandre;44,5012988;4,2382496
11030;202000012225;27;12;2020;18:45;3;21;21112;1;1;6;6;D996;47,0777829;5,1030711
11031;202000012226;26;12;2020;19:00;3;88;88445;1;1;2;5;D415;48,2580340;6,9618020
11032;202000012227;28;12;2020;08:50;2;95;95678;1;1;2;3;RN 184;49,0729940;2,2413400
11033;202000012228;28;12;2020;10:15;1;33;33095;1;1;4;4;A65 PK 28.100;44,3041430; -0,2296540
11034;202000012229;28;12;2020;09:45;1;17;17053;1;1;4;5;A837;45,8964000; -0,7539370
11035;202000012230;27;12;2020;18:30;5;95;95371;2;1;2;6;rue gabriel peri;49,0786040;2,4991700
11036;202000012231;28;12;2020;20:30;3;988;98808;1;1;3;6;Tribu de Nekoue; -21,2520060;165,6051060
11037;202000012232;28;12;2020;05:48;5;38;38449;1;2;1;3;Boulevard de Tharabie;45,6476370;5,1017120
11038;202000012233;17;12;2020;18:15;5;38;38557;2;1;2;6;Rue des Chênes;45,7951030;5,1143880
11039;202000012235;27;12;2020;19:15;3;56;56114;1;1;3;6;Kervic;47,3072300; -3,1195590
11040;202000012236;28;12;2020;11:15;1;60;60589;2;3;1;1;rue de valmy;49,2338320;2,4670210
11041;202000012237;27;12;2020;10:30;1;62;62887;1;1;6;7;A16;50,5822420;1,6409110
11042;202000012238;27;12;2020;02:00;3;13;13106;1;1;1;6;A7-Sens Lyon vers Marseille;43,3902400;5,3509600
11043;202000012239;27;12;2020;08:40;1;69;69388;1;1;1;6;RD383   11.460 A 11.750;45,7255000;4,8963000
11044;202000012240;27;12;2020;20:10;3;94;94003;1;1;2;4;AUTOROUTE A6A;48,7989900;2,3425800
11045;202000012242;27;12;2020;13:40;1;91;91340;1;1;3;6;RN 104;48,6089900;2,4342200
11046;202000012243;27;12;2020;20:10;5;92;92012;1;1;2;6;A13;48,8484534;2,2296326
11047;202000012244;27;12;2020;17:50;4;78;78672;1;1;2;2;A13;48,9289460;1,9876240
11048;202000012245;27;12;2020;21:10;3;95;95042;1;1;2;6;RN 104;49,0568600;2,2881100
11049;202000012246;27;12;2020;20:30;4;93;93039;1;1;1;3;AUTOROUTE A86;48,9274700;2,3335600
11050;202000012247;26;12;2020;20:45;3;95;95028;1;1;1;3;RN 104;49,0603200;2,3562900
11051;202000012249;26;12;2020;17:40;5;60;60138;1;1;1;6;;49,2151300;2,6265900
11052;202000012250;24;12;2020;06:15;1;988;98818;2;6;1;6;AVENUE JAMES COOK/ACCES PARKING LYCEE JULES GARNIER; -22,2675200;166,4212900
11053;202000012251;26;12;2020;07:00;1;976;97611;2;1;1;6;kaweni-Archipel (avenue de l'); -12,7737404;45,2247986
11054;202000012252;26;12;2020;14:00;1;974;97416;1;1;1;6;LIGNE DES BAMBOUS(ROUTE); -21,3041000;55,4960300
11055;202000012253;26;12;2020;17:55;1;973;97302;2;1;1;3;MERE THERESA (rue);4,9233500; -52,3125100
11056;202000012254;26;12;2020;15:40;1;973;97302;2;3;1;1;TROUBIRAN (CHEMIN DE);4,9152105; -52,3106884
11057;202000012255;26;12;2020;16:00;1;69;69259;2;3;1;6;PROFESSEUR ROUX (DU)                (R );45,7227100;4,8586800
11058;202000012256;26;12;2020;13:45;1;972;97209;2;3;1;5;GENERAL DE GAULLE (BLD DU);14,6078300; -61,0688500
11059;202000012258;26;12;2020;12:00;1;95;95277;2;2;1;5;RAMBERT RAYMOND (AVENUE);48,9843197;2,4403113
11060;202000012259;15;12;2020;17:10;2;95;95218;2;1;1;6;ROGER GUICHARD (AVENUE);49,0273034;2,0978456
11061;202000012260;26;12;2020;15:25;1;91;91549;2;9;1;2;ROND POINT CD 117;48,6254600;2,3378800
11062;202000012261;26;12;2020;18:15;5;91;91114;2;3;8;2;RTE DE BRIE;48,7072600;2,5239200
11063;202000012262;26;12;2020;16:45;1;64;64445;2;1;1;3;CONDOM DE;43,3221000; -0,3443700
11064;202000012263;26;12;2020;22:55;5;64;64102;2;2;1;1;AVRIL (AVENUE DU 14);43,5035450; -1,4671950
11065;202000012264;26;12;2020;10:17;1;59;59279;2;2;1;3;NOLLET (RUE MARTHE);50,7820960;3,1234710
11066;202000012265;26;12;2020;15:20;1;54;54395;2;1;1;6;ADAM  (RUE SIGISBERT);48,7001100;6,1839500
11067;202000012266;25;12;2020;21:08;5;47;47323;2;5;1;1;MYRE MORY (AVENUE);44,4129530;0,7207310
11068;202000012267;10;12;2020;19:30;5;42;42275;2;1;2;6;Route de l’Etrat;45,4717064;4,3834480
11069;202000012268;13;11;2020;06:15;5;42;42218;2;2;1;3;Rue Amouroux;45,4139100;4,3978300
11070;202000012269;26;12;2020;14:00;1;33;33063;2;3;1;4;BD ALFRED DANEY;44,8679400; -0,5708800
11071;202000012270;26;12;2020;11:10;1;29;29232;2;1;1;6;Parking Leclerc - Route de Brest;48,0153500; -4,0805100
11072;202000012271;26;12;2020;16:45;1;28;28134;2;1;1;6;CHEMIN VERT (RUE DU);48,7399000;1,3827000
11073;202000012272;26;12;2020;16:15;1;13;13211;2;1;1;3;PEINTRES ROUX (avenue);43,3054000;5,4705000
11074;202000012273;26;12;2020;09:45;1;06;06069;2;1;1;3;PASTEUR (BOULEVARD);43,6569880;6,9139430
11075;202000012275;26;12;2020;22:10;5;75;75119;2;1;1;6;BOULEVARD SERURIER;48,8926050;2,3948340
11076;202000012276;26;12;2020;21:45;5;75;75117;2;2;1;2;AVENUE DE LA GRANDE ARMEE;48,8744230;2,2929930
11077;202000012277;25;12;2020;12:15;1;75;75116;2;1;8;6;QUAI LOUIS BLERIOT;48,8449330;2,2722930
11078;202000012278;26;12;2020;11:46;1;75;75111;2;3;1;2;RUE DE CHARONNE;48,8559340;2,3923500
11079;202000012279;26;12;2020;18:10;5;75;75101;2;3;1;2;RUE MONTMARTRE;48,8641350;2,3454700
11080;202000012280;26;12;2020;21:25;5;94;94078;2;1;1;3;DIDEROT (R);48,7367730;2,4480720
11081;202000012282;2;12;2020;09:00;2;94;94052;2;1;1;6;PAUL BERT (R);48,8397000;2,4815900
11082;202000012283;26;12;2020;03:05;5;94;94046;2;1;1;7;CONCORDE (R DE LA);48,8119300;2,4476100
11083;202000012284;25;12;2020;22:35;5;94;94003;2;1;1;6;PAUL VAILLANT COUTURIER (AV);48,8001000;2,3426300
11084;202000012285;26;12;2020;23:05;5;94;94073;2;1;1;7;ALOUETTES (R DES);48,7522770;2,3703380
11085;202000012286;26;12;2020;15:15;1;94;94028;2;1;1;6;Rue de la Basse Quinte;48,7743400;2,4431110
11086;202000012287;26;12;2020;16:30;1;94;94002;2;1;8;-1;ETIENNE DOLET (R);48,7902070;2,4257500
11087;202000012288;26;12;2020;19:29;5;93;93029;2;1;1;2;AUGUSTE BLANQUI;48,9203217;2,4576938
11088;202000012289;26;12;2020;18:55;5;93;93057;2;1;1;6;BRIAND (AV. ARISTIDE) 2 A 132;48,9097820;2,5066038
11089;202000012290;26;12;2020;20:30;5;92;92020;2;1;1;1;PARIS AVENUE DE N° IMPAIRS;48,8057009;2,2913073
11090;202000012291;27;12;2020;20:10;3;33;33352;1;1;3;1;D9e1;44,5775990; -0,0755950
11091;202000012292;23;12;2020;17:45;3;34;34199;1;1;1;2;A75;43,4453410;3,4225220
11092;202000012293;26;12;2020;13:19;1;49;49180;1;1;1;6;;47,3715590; -0,1581860
11093;202000012294;26;12;2020;18:30;5;34;34119;2;1;1;7;Place Etienne Pascal;43,5938970;3,1141200
11094;202000012295;26;12;2020;13:20;1;44;44150;2;1;1;3;5 Route de la Garotterie;47,1270550; -1,6290730
11095;202000012297;26;12;2020;16:55;1;64;64161;1;2;1;3;Avenue des Pyrénées;43,5094170; -1,1117600
11096;202000012298;26;12;2020;18:10;5;10;10114;2;9;8;4;45 Rue de Faverolles;48,5166860;3,6473860
11097;202000012299;27;12;2020;17:50;3;36;36088;2;1;6;6;21 Avenue du Colombier;46,9474740;2,0070530
11098;202000012300;26;12;2020;11:45;1;27;27263;1;2;1;3;25 Route du Château;49,3999060;0,5368840
11099;202000012301;15;12;2020;18:30;3;17;17397;2;1;8;6;Route de Saintes;45,8731700; -0,6749030
11100;202000012302;26;12;2020;20:15;5;37;37156;2;1;1;1;Avenue Paul-louis Courier;47,3794311;0,8223888
11101;202000012303;26;12;2020;19:24;3;02;02211;1;1;2;4;a26 pk 243+200;49,4211640;3,9313890
11102;202000012304;26;12;2020;13:55;1;40;40075;1;1;1;2;A63;43,8525100; -1,1691860
11103;202000012305;25;12;2020;15:30;1;987;98745;1;1;1;7;PK 4.300 HIPU; -16,6308330; -151,5040280
11104;202000012306;27;12;2020;19:30;3;60;60494;1;1;2;7;D922;49,1043697;2,5691314
11105;202000012307;27;12;2020;16:30;2;28;28169;1;1;2;2;A10;48,4393370;1,9067290
11106;202000012308;26;12;2020;21:50;5;987;98747;1;1;2;6;PK 6 à PUEU; -17,7515450; -149,2403540
11107;202000012310;27;12;2020;06:50;1;978;97801;1;1;1;7;N7 route de bellevue;18,0517040; -63,0860280
11108;202000012311;27;12;2020;11:20;1;971;97131;2;1;1;6;Rue du Fort Napoleon;15,8736410; -61,5822480
11109;202000012312;26;12;2020;21:20;3;66;66190;1;1;1;6;RD 11;42,8164330;2,9291010
11110;202000012313;22;12;2020;14:35;1;52;52269;2;2;2;6;2 Rue Diderot;47,8618440;5,3338540
11111;202000012314;26;12;2020;18:15;3;03;03298;1;1;1;5;D46;46,3233309;3,3682227
11112;202000012316;21;12;2020;17:30;5;69;69191;2;9;2;6;Route du mont Cindre;45,8191636;4,8223924
11113;202000012317;4;12;2020;16:40;2;19;19085;1;1;2;1;LA CROIX D'ASSOU;45,3124979;1,8294668
11114;202000012318;4;12;2020;11:30;1;49;49278;2;1;1;6;Avenue du Commerce;47,4237580; -0,5576530
11115;202000012319;27;12;2020;10:20;1;22;22149;1;1;2;6;Lieu dit Kerveno;48,2911570; -2,9171840
11116;202000012320;26;12;2020;20:30;5;02;02381;2;3;2;3;50 avenue de Verdun;49,9152500;4,0909080
11117;202000012321;26;12;2020;16:30;1;13;13055;1;1;1;6;A507 sens Marseille - Aubagne;43,3301400;5,3907600
11118;202000012322;25;12;2020;05:00;3;13;13026;1;1;1;5;A55-Sens Marseille vers Martigues;43,4021500;5,1061600
11119;202000012323;26;12;2020;01:25;3;33;33448;1;1;1;6;AUTOROUTE A 62;44,7101160; -0,5133910
11120;202000012324;26;12;2020;10:50;1;91;91228;1;1;1;2;RN 104;48,6164000;2,4284000
11121;202000012325;25;12;2020;01:15;3;78;78646;1;1;1;6;RN12;48,7935060;2,0775180
11122;202000012327;25;12;2020;04:00;5;973;97302;1;1;2;7;ROUTE NATIONALE 1;4,9143657; -52,3292921
11123;202000012328;16;12;2020;19:25;5;69;69387;2;1;1;-1;GAMBETTA                            (CO);45,7508200;4,8590700
11124;202000012329;25;12;2020;05:10;3;972;97213;1;1;1;7;ROUTE DEPARTEMENTALE 3;14,6372000; -60,9917000
11125;202000012330;24;12;2020;12:00;1;972;97213;1;1;1;7;ACAJOU PROLONGEE;14,6195000; -61,0205000
11126;202000012331;25;12;2020;15:20;1;69;69385;2;1;2;6;CHOULANS (DE)                       (CH);45,7543700;4,8178100
11127;202000012332;25;12;2020;14:00;1;2A;2A004;2;1;1;-1;Rue Colonel Colonna d'Istria;41,9340600;8,7408700
11128;202000012333;20;11;2020;16:15;1;93;93027;1;1;1;3;AUTOROUTE A1;48,9375053;2,4117600
11129;202000012334;26;8;2020;07:10;1;13;13212;2;1;1;6;FERNAND NEGRO (BOULEVARD);43,3131400;5,4095700
11130;202000012335;15;5;2020;20:00;1;33;33085;1;1;1;1;RD 10;44,7624660; -0,4956510
11131;202000012336;20;11;2020;17:00;1;976;97611;2;6;1;3;cavani-Rond point du Stade; -12,7818873;45,2214196
11132;202000012337;20;11;2020;16:16;1;976;97611;1;1;1;3;m'tsapere-Nationale 2 (route); -12,7851260;45,2273709
11133;202000012338;20;11;2020;09:28;1;976;97611;2;1;1;1;vahibe-Departementale 3 ( route ); -12,7907900;45,1801000
11134;202000012339;21;10;2020;10:55;1;976;97611;2;1;1;6;convalescence/vetivers-Seize Villas ( ru; -12,7796700;45,2278600