;Num_Acc;jour;mois;an;hrmn;lum;dep;com;agg;int;atm;col;adr;lat;long
11135;202000012340;19;11;2020;10:50;1;974;97416;2;1;1;5;Route Nationale 2; -21,3519800;55,5077900
11136;202000012341;20;11;2020;19:40;2;974;97411;2;1;1;2;JAURES (BLD 1 JEAN); -20,8953200;55,4728700
11137;202000012342;20;11;2020;12:50;1;974;97411;2;2;1;3;MARIE (RUE SAINTE); -20,8825120;55,4553100
11138;202000012343;19;11;2020;12:10;1;974;97411;2;1;1;4;JAURES (BLD 1 JEAN); -20,8888800;55,4500300
11139;202000012344;19;11;2020;07:05;1;974;97411;2;1;1;3;JAURES (BLD 1 JEAN); -20,8888060;55,4492820
11140;202000012345;20;11;2020;19:20;5;973;97302;2;3;8;3;TIGRE (ROUTE DU);4,9151400; -52,3106900
11141;202000012346;17;11;2020;06:40;2;973;97302;2;3;8;3;MONTABO (ROUTE DE) 1;4,9297641; -52,2903791
11142;202000012347;20;11;2020;16:25;1;973;97302;2;3;1;3;MONTABO (ROUTE DE) 2;4,9366600; -52,2969500
11143;202000012348;20;11;2020;23:05;4;69;69387;2;2;1;7;UNIVERSITE (DE L')                  (R );45,7518200;4,8371300
11144;202000012349;20;11;2020;18:45;5;69;69387;2;1;1;2;JEAN JAURES                         (AV);45,7396709;4,8385738
11145;202000012350;20;11;2020;15:40;1;69;69383;2;1;1;5;WILSON                              (PT);45,7600600;4,8398900
11146;202000012351;20;11;2020;16:50;2;69;69386;2;1;1;4;DUQUESNE                            (R );45,7728795;4,8476375
11147;202000012352;19;11;2020;20:10;5;69;69386;2;2;2;3;VAUBAN                              (R );45,7651700;4,8467400
11148;202000012353;20;11;2020;19:06;5;972;97209;1;1;1;6;SOLEIL LEVANT (BOULEVARD DU);14,6200800; -61,0389300
11149;202000012354;19;11;2020;17:20;1;972;97209;2;1;2;3;MOUTTE (ROUTE DE);14,6181000; -61,0569000
11150;202000012355;19;11;2020;15:50;1;972;97209;1;3;1;3;RAVINE VILAINE (CHEMIN DEPARTEMENTAL DE);14,6307400; -61,0600700
11151;202000012356;19;11;2020;07:50;1;972;97209;1;1;1;2;SOLEIL LEVANT (BOULEVARD DU);14,6207900; -61,0388800
11152;202000012357;18;11;2020;05:46;4;972;97209;1;1;8;6;SOLEIL LEVANT (BOULEVARD DU);14,6251000; -61,0390300
11153;202000012358;20;11;2020;13:00;1;69;69389;2;3;1;3;OBSERVANCE (DE L')                  (MO);45,7692800;4,8100200
11154;202000012359;20;11;2020;08:00;1;69;69385;2;1;2;7;SOEUR BOUVIER                       (R );45,7504362;4,8112618
11155;202000012361;20;11;2020;09:30;1;95;95491;2;1;1;6;STAND (RUE DU);48,9981181;2,2473123
11156;202000012362;13;11;2020;18:50;3;91;91689;1;1;1;1;RD 118;48,7130200;2,3142100
11157;202000012363;20;11;2020;16:00;1;91;91326;2;9;1;3;ESTIENNE D'ORVES (AVENUE D');48,6907990;2,3801720
11158;202000012364;20;11;2020;15:25;1;91;91589;2;1;1;6;RUE CHARLES ROSSIGNOL;48,6756700;2,3554500
11159;202000012365;27;10;2020;13:40;1;89;89342;1;1;1;2;D606;48,2367100;3,2589700
11160;202000012366;20;11;2020;11:45;1;87;87085;2;1;1;6;GARIBALDI (AVENUE);45,8389400;1,2582800
11161;202000012367;19;11;2020;15:41;1;87;87114;2;1;1;6;QUINTAINE (DE LA);45,8414400;1,3125300
11162;202000012368;17;11;2020;07:53;5;87;87085;2;1;1;2;DUMONT (RUE HENRI);45,8267800;1,2711100
11163;202000012369;20;11;2020;08:15;1;86;86194;2;2;1;6;Boulevard Chasseigne;46,5904130;0,3435910
11164;202000012371;19;11;2020;14:20;1;80;80021;2;1;3;4;SAINT FUSCIEN (RUE);49,8666000;2,3082900
11165;202000012372;19;11;2020;20:50;5;78;78640;2;1;1;6;SADI LECOINTE (AVENUE);48,7832000;2,1820800
11166;202000012373;19;11;2020;11:10;1;78;78322;2;1;1;6;Rue du Pont Colbert;48,7875400;2,1505000
11167;202000012374;17;11;2020;14:00;1;77;77305;2;2;1;2;LAGRANGE (RUE LEO);48,3795970;2,9463680
11168;202000012376;20;11;2020;13:15;1;71;71486;2;1;1;3;VERDUN (BOULEVARD DE);46,6494902;4,3191075
11169;202000012377;19;11;2020;17:20;5;67;67447;2;1;1;1;HAUSBERGEN (ROUTE DE);48,6067300;7,7269600
11170;202000012378;18;11;2020;10:00;1;66;66136;2;4;1;3;SALANQUE (AVENUE DE);42,7244800;2,8910200
11171;202000012379;17;11;2020;18:49;2;66;66136;2;2;1;3;POUDRIERE (CHEMIN DE LA);42,7189400;2,8952800
11172;202000012380;20;11;2020;17:10;1;64;64129;2;2;1;3;BAYONNE DE;43,3021600; -0,3963000
11173;202000012381;20;11;2020;09:20;1;64;64445;2;6;1;3;ALSACE LORRAINE D';43,3043100; -0,3670100
11174;202000012382;19;11;2020;15:45;1;64;64335;2;1;2;2;EUROPE DE L';43,3177100; -0,4290700
11175;202000012383;19;11;2020;13:25;1;64;64102;2;9;2;7;INTERNE JACQUES LOEB (AVENUE DE L');43,5030800; -1,4765600
11176;202000012384;20;11;2020;19:45;5;59;59599;2;3;1;5;YSER (RUE DE L');50,7464140;3,1769860
11177;202000012385;19;11;2020;12:30;1;59;59569;2;1;1;7;MONTREAL (RUE DE);50,3552100;3,1094500
11178;202000012386;19;11;2020;15:40;1;56;56162;2;1;1;6;SAINT BIEUZY (RUE DE);47,7346400; -3,4298800
11179;202000012387;20;11;2020;18:32;5;54;54547;2;1;1;4; RD92A;48,6510995;6,1418737
11180;202000012388;19;11;2020;14:10;1;54;54395;2;1;1;3;CRISTALLERIES (RUE DES);48,6977831;6,1992651
11181;202000012389;20;11;2020;16:20;1;51;51454;2;9;1;7;Boulevard Louis Roederer;49,2553658;4,0209591
11182;202000012390;11;10;2020;14:08;1;44;44055;2;1;1;2;DARLU ( BOULEVARD );47,2818400; -2,3963200
11183;202000012391;20;11;2020;16:00;1;43;43089;2;1;1;1;11 Avenue de l’’Hermitage;45,0516821;3,8697136
11184;202000012392;20;11;2020;13:35;1;42;42316;2;1;2;6;Rue Elisée Reclus;45,3937960;4,2773451
11185;202000012393;20;11;2020;15:10;1;41;41295;2;1;1;1;Louis BRAILLE (Rue);47,5759900;1,3710900
11186;202000012394;20;11;2020;17:10;1;37;37233;2;3;1;3;DUCLOS (AVENUE JACQUES);47,3811001;0,7353377
11187;202000012395;20;11;2020;08:35;1;37;37261;2;1;1;3;GANCE (BOULEVARD ABEL);47,4204669;0,7165592
11188;202000012396;20;11;2020;08:00;1;35;35238;2;1;8;3;COLOMBIER (BD DU);48,1033000; -1,6773900
11189;202000012397;20;11;2020;13:25;1;29;29232;2;6;8;3;Rond Point du Seminaire;47,9919700; -4,1189900
11190;202000012398;20;11;2020;06:50;5;25;25462;2;1;2;2;ARMEE DE L'EST (AVENUE DE L');46,8928700;6,3649100
11191;202000012399;20;11;2020;11:04;1;24;24145;1;9;1;3;SAINT-ALVERE ( ROUTE DE);44,8652500;0,5530400
11192;202000012400;18;11;2020;08:44;1;22;22360;1;1;1;4;GUERNEAU (RUE DU);48,4782100; -2,7679000
11193;202000012401;18;11;2020;09:35;1;22;22113;2;1;1;7;GENERAL DE GAULLE (AVENUE DU);48,7292400; -3,4601300
11194;202000012402;19;11;2020;17:15;2;21;21231;2;1;1;2;17 Boulevard Pascal;47,3372300;5,0541800
11195;202000012403;20;11;2020;17:50;2;17;17291;1;6;1;-1;SATURNE   RUE;46,1733900; -1,1112000
11196;202000012404;19;11;2020;09:00;1;17;17300;2;6;7;1;DOCTEUR DANIEL PLANET;46,1479100; -1,1504600
11197;202000012405;17;11;2020;06:50;2;14;14366;1;1;1;2;D.613 ( LISIEUX);49,1421100;0,2606200
11198;202000012406;20;11;2020;08:45;1;13;13102;2;3;1;3;RAUMARTIN (AV DU );43,4096300;5,2547900
11199;202000012407;20;11;2020;15:46;1;13;13210;2;4;1;3;RABATAU (BOULEVARD);43,2793231;5,3992596
11200;202000012408;20;11;2020;13:00;1;13;13213;2;3;1;1;CHATEAU GOMBERT CHEMIN;43,3350700;5,4206500
11201;202000012409;20;11;2020;04:22;5;13;13210;2;9;6;1;MAURIAC (RUE);43,2714600;5,4220100
11202;202000012410;18;11;2020;19:40;3;11;11069;2;1;1;3;ROCADE SUD RD 6161;43,2042000;2,3870000
11203;202000012412;20;11;2020;16:45;2;06;06088;2;1;1;1;MERCANTOUR (BD);43,6700000;7,2000000
11204;202000012413;20;11;2020;17:57;3;06;06069;2;1;1;6;PEGOMAS (ROUTE DE);43,6245857;6,9274296
11205;202000012415;20;11;2020;11:10;1;06;06004;2;4;1;3;GRASSE RTE DE;43,5947400;7,0927700
11206;202000012416;20;11;2020;08:59;1;75;75105;2;1;1;6;PONT DE SULLY;48,8497218;2,3578093
11207;202000012417;20;11;2020;06:15;2;75;75120;2;2;1;3;RUE DE BAGNOLET;48,8591450;2,4021270
11208;202000012418;20;11;2020;08:35;1;75;75119;2;3;1;7;RUE PRADIER;48,8769190;2,3830310
11209;202000012419;20;11;2020;01:37;5;75;75119;2;1;2;6;RUE BURNOUF;48,8756210;2,3739170
11210;202000012420;19;11;2020;20:30;5;75;75119;2;7;2;6;RUE DU CHEMIN DE FER;48,8997660;2,3880160
11211;202000012421;20;11;2020;14:14;1;75;75110;2;3;1;1;RUE LOUIS BLANC;48,8801120;2,3670420
11212;202000012422;20;11;2020;20:00;5;75;75117;2;2;1;3;BOULEVARD DES BATIGNOLLES;48,8822130;2,3203400
11213;202000012423;20;11;2020;18:30;5;75;75117;2;4;1;3;RUE DE PONT A MOUSSON;48,8981350;2,3240260
11214;202000012425;20;11;2020;13:20;1;75;75117;2;2;1;7;AVENUE STEPHANE MALLARME;48,8875440;2,2947230
11215;202000012426;20;11;2020;08:50;1;75;75117;2;2;1;2;BOULEVARD MALESHERBES;48,8825930;2,3104280
11216;202000012427;20;11;2020;16:00;1;75;75114;2;4;1;3;AVENUE DE LA PORTE DE CHATILLON;48,8238540;2,3177140
11217;202000012428;20;11;2020;17:30;2;75;75111;2;2;1;3;RUE DU CHEMIN VERT;48,8597470;2,3768450
11218;202000012429;20;11;2020;12:30;1;75;75110;2;2;1;6;RUE DU FAUBOURG SAINT MARTIN;48,8811000;2,3651480
11219;202000012430;20;11;2020;06:45;5;75;75109;2;3;1;2;BOULEVARD DE ROCHECHOUART;48,8823200;2,3419950
11220;202000012431;19;11;2020;23:38;5;75;75109;2;7;2;6;PLACE D ESTIENNE D ORVES;48,8766940;2,3322920
11221;202000012432;20;11;2020;09:25;1;75;75108;2;1;1;2;SOUTERRAIN CONCORDE;48,8644820;2,3195860
11222;202000012434;19;11;2020;17:40;5;94;94078;2;1;1;3;Rue de Paris;48,7359000;2,4468000
11223;202000012436;19;11;2020;15:00;1;94;94011;2;9;1;3;BOISSY.(AVENUE DE);48,7640000;2,4930000
11224;202000012437;19;11;2020;11:05;1;94;94028;2;1;1;1;PARIS.(RUE DE);48,7943000;2,4604000
11225;202000012438;20;11;2020;12:55;1;93;93078;2;1;1;6;CHARLEMAGNE (AVENUE);48,9567000;2,5510000
11226;202000012439;20;11;2020;18:00;5;93;93070;1;1;1;6;DOCTEUR BAUER(RUE DU) :N°  75 AU 129;48,9077900;2,3408400
11227;202000012440;20;11;2020;16:00;1;93;93049;2;1;1;3;MARECHAL FOCH (AVENUE) F.BUISSON->PL J.M;48,8607048;2,5101684
11228;202000012442;19;11;2020;08:20;1;93;93029;2;1;1;6;R ANATOLE FRANCE;48,9263800;2,4500500
11229;202000012443;18;11;2020;17:45;2;93;93001;2;2;1;6;COMMANDANT L'HERMINIER (RUE DU);48,9173873;2,3867509
11230;202000012444;20;11;2020;16:05;1;92;92033;2;1;1;6;SUISSES;48,8533844;2,1964234
11231;202000012445;20;11;2020;14:45;1;92;92076;2;1;1;3;PUITS;48,8429660;2,1476390
11232;202000012446;20;11;2020;15:10;1;92;92050;2;2;1;3;VAILLANT COUTURIER PAUL RUE;48,8823589;2,2045515
11233;202000012447;18;11;2020;09:00;1;92;92050;2;1;7;4;QUENTIN JULES AVENUE;48,8970786;2,1870801
11234;202000012448;20;11;2020;14:07;1;92;92025;2;1;1;1;MARECHAL JOFFRE (RUE DU);48,9215920;2,2578170
11235;202000012449;19;11;2020;10:40;1;92;92025;2;1;1;2;PAUL BERT (RUE);48,9308501;2,2447883
11236;202000012450;19;11;2020;16:40;1;92;92025;2;1;1;6;PAUL BERT (RUE);48,9300860;2,2456850
11237;202000012451;13;11;2020;07:45;2;75;75117;2;1;1;3;BOULEVARD DE DOUAUMONT;48,8950530;2,3058760
11238;202000012452;20;11;2020;10:43;1;92;92012;2;1;1;2;JEAN JAURES (BOULEVARD) 1/61 - COTE IMPA;48,8409236;2,2393541
11239;202000012454;31;10;2020;07:30;2;74;74243;1;4;5;6;A40;46,1351810;6,1078620
11240;202000012455;21;11;2020;15:50;1;33;33154;1;3;7;1;D674;45,1150710; -0,0109170
11241;202000012456;9;11;2020;11:10;1;31;31044;2;1;1;6;30 Avenue de Flourens;43,5958640;1,5075530
11242;202000012458;21;11;2020;12:00;1;80;80677;2;3;7;3;Rue de Cambrai;49,9515370;3,1036160
11243;202000012459;21;11;2020;07:50;3;49;49089;2;1;1;6;Rue du Prieuré;47,6147740; -0,8906600
11244;202000012460;19;11;2020;17:55;3;41;41185;1;3;1;1;D724;47,3224360;1,6852370
11245;202000012461;17;11;2020;14:30;1;44;44036;2;1;1;1;rue du 08 mai 1945;47,7091050; -1,3816810
11246;202000012462;20;11;2020;16:45;1;35;35112;1;1;8;6;D806;48,3819510; -1,1076240
11247;202000012463;20;11;2020;18:30;5;29;29158;2;1;1;6;D53 - Rue Pierre Sémard;47,8162240; -4,3709710
11248;202000012464;20;11;2020;21:20;3;31;31425;1;1;1;6;Route de Cazeres;43,1713580;1,1156560
11249;202000012465;20;11;2020;16:15;2;02;02827;1;1;1;3;N2;49,7021130;3,7167260
11250;202000012466;20;11;2020;22:00;3;03;03080;1;1;1;6;D2209;46,1053098;3,2727794
11251;202000012467;21;11;2020;16:07;1;03;03275;1;1;7;1;D945;46,5402295;3,2184414
11252;202000012469;5;11;2020;15:30;1;58;58247;1;2;1;3;Intersection D26 - D958;47,0211690;3,3261110
11253;202000012470;20;11;2020;12:25;1;45;45098;2;1;1;6;173 Rue du Maréchal Foch;47,8227440;1,7581470
11254;202000012471;20;11;2020;16:15;1;85;85224;2;6;1;3;ROUTE DE LA VENDEE;46,9965290; -1,3278870
11255;202000012472;20;11;2020;16:05;1;85;85213;2;2;1;3;rue du stade;46,5909290; -1,3147040
11256;202000012473;20;11;2020;18:30;5;28;28391;1;2;1;1;RD 2020;48,1882260;1,9272880
11257;202000012474;20;11;2020;13:30;1;62;62384;1;1;1;2;Autoroute A2 - PK 022+000;50,1349390;3,1132940
11258;202000012475;21;11;2020;22:10;3;988;98808;1;1;1;7;RT3/DONEVA/HOUAILOU; -21,2910940;165,5955180
11259;202000012476;21;11;2020;07:30;1;988;98804;1;1;1;7;tribu de Nakety/RPN3; -21,5488730;166,0433080
11260;202000012477;20;11;2020;11:30;1;971;97134;2;2;1;6;Boulevard Maurice Hatchi;16,0599230; -61,7641170
11261;202000012478;20;11;2020;23:19;3;77;77415;1;2;1;3;D603;48,9512680;3,0370330
11262;202000012479;30;10;2020;14:00;1;65;65168;2;1;1;6;12 Route de Vizos;42,8764950; -0,0004390
11263;202000012480;20;11;2020;19:00;5;33;33056;2;2;1;3;avenue du 11 novembre;44,9304570; -0,6209690
11264;202000012481;16;11;2020;19:15;3;29;29169;1;1;1;1;C4 - Route de Landrévarzec;48,0929000; -4,1318890
11265;202000012482;20;11;2020;23:10;3;35;35240;1;2;1;3;La Brosse;48,1024160; -1,8317340
11266;202000012483;21;11;2020;17:55;3;60;60141;1;6;1;6;D 924 A;49,1667561;2,5085961
11267;202000012484;17;11;2020;12:40;1;13;13055;1;1;1;2;A507 sens Aubagne- Marseille;43,3225200;5,4229550
11268;202000012485;19;11;2020;19:35;3;83;83137;1;1;1;6;A57;43,1213200;5,9533100
11269;202000012487;19;11;2020;09:20;1;92;92063;1;1;1;6;A86;48,8727535;2,1567589
11270;202000012488;20;11;2020;18:00;5;94;94069;1;1;1;2;A4;48,8173000;2,4335000
11271;202000012489;20;11;2020;17:30;5;94;94018;1;1;1;3;A4;48,8248900;2,3929600
11272;202000012490;1;8;2020;12:05;1;69;69266;2;2;1;3;CHATEAU GAILLARD     (Rue de);45,7736800;4,8885600
11273;202000012491;7;7;2020;10:15;1;69;69091;2;1;1;6;VICTOR HUGO ( R );45,5873000;4,7711000
11274;202000012492;19;11;2020;17:30;1;988;98818;2;1;1;3;RUE JACQUES IEKAWE; -22,2474300;166,4669200
11275;202000012493;19;11;2020;21:05;5;973;97302;2;3;1;6;MONTABO (ROUTE DE) 3;4,9362000; -52,2961800
11276;202000012494;19;11;2020;11:20;1;973;97302;1;1;2;2;ROUTE NATIONALE 1;4,9097612; -52,3242760
11277;202000012496;19;11;2020;13:31;1;69;69259;2;1;1;-1;JULES GUESDE                        (AV);45,7174524;4,8878320
11278;202000012497;19;11;2020;11:28;1;69;69388;2;1;1;6;Rue de Narvik;45,7295900;4,8845600
11279;202000012499;19;11;2020;15:25;1;69;69389;2;1;1;6;ST PIERRE DE VAISE                  (R );45,7732838;4,8077673
11280;202000012500;18;11;2020;08:20;2;69;69034;2;1;1;6;JEAN PETIT (CH);45,8060170;4,8584939
11281;202000012501;18;11;2020;13:15;1;971;97105;2;1;1;3;PAUL LACAVE (AVENUE );15,9930100; -61,7198400
11282;202000012502;19;11;2020;19:20;5;95;95288;2;1;2;6;MAURICE BERTEAUX (RUE);48,9789716;2,3509593
11283;202000012503;11;11;2020;19:00;5;95;95197;2;2;1;3;HAUTE (HAUTE);48,9772310;2,3274430
11284;202000012504;18;11;2020;15:55;1;91;91103;2;1;1;5;RUE LUCIEN BOUGET;48,6105100;2,3053500
11285;202000012505;19;11;2020;12:55;1;91;91549;2;2;2;6;PAUL VAILLANT-COUTURIER (AVENUE);48,6527600;2,3168600
11286;202000012506;19;11;2020;09:00;1;91;91479;1;1;1;4;RTE DE FONTAINEBLEAU;48,7400000;2,3600000
11287;202000012507;15;11;2020;14:59;1;88;88413;1;1;1;6;ROUTE DE RAON;48,3084000;6,9200000
11288;202000012510;17;11;2020;09:00;1;87;87075;2;2;1;3;BAYLES (AVENUE DES);45,8133300;1,2278100
11289;202000012511;16;11;2020;18:41;2;87;87085;2;3;1;-1;GAMBETTA (BOULEVARD);45,8285700;1,2561900
11290;202000012512;19;11;2020;16:35;1;83;83069;2;1;1;6;OLBIA  (VOIE);43,1138202;6,1328659
11291;202000012513;19;11;2020;16:35;1;79;79191;2;1;1;6;44 Rue des Petites Bouteilles;46,3243300; -0,5319100
11292;202000012514;19;11;2020;22:35;3;78;78172;1;1;2;6;RN 184;49,0117800;2,0892200
11293;202000012515;18;11;2020;12:14;1;68;68066;2;1;1;2;REY (AVENUE JOSEPH);48,0945700;7,3642300
11294;202000012516;18;11;2020;17:18;1;65;65047;2;3;1;2;GUESDE (RUE JULES);43,2432290;0,0967200
11295;202000012517;19;11;2020;21:15;3;64;64335;1;9;1;6;D816;43,3529900; -0,3928300
11296;202000012518;19;11;2020;07:20;2;64;64445;2;3;2;1;MARCA;43,2940800; -0,3771800
11297;202000012519;18;11;2020;15:58;1;63;63113;2;1;1;2;UNION SOVIETIQUE (AVENUE DE L');45,7790200;3,0999700
11298;202000012520;25;2;2020;14:50;1;58;58194;2;3;1;-1;DOCKS;46,9947000;3,1484000
11299;202000012523;19;11;2020;08:00;1;45;45235;2;3;1;6;Rue Passee a Balance - rue des varennes;47,9396900;1,8372600
11300;202000012524;18;11;2020;18:05;4;37;37122;2;1;1;4;;47,3489896;0,6461306
11301;202000012525;19;11;2020;20:24;1;34;34172;1;6;1;-1;Rond-point des Près d'Arènes;43,5892300;3,8907400
11302;202000012526;19;11;2020;13:50;1;34;34172;2;1;1;6;CROIX CAPITAINE (AVENUE DE LA);43,6036910;3,8601870
11303;202000012528;3;4;2020;16:15;1;80;80021;2;6;1;3;ROBERT SCHUMAN (RUE);49,9074700;2,3019500
11304;202000012529;20;3;2020;19:47;5;80;80489;2;1;2;2;VILLE IDEALE (AVENUE DE LA );49,8679833;2,3705578
11305;202000012531;11;5;2020;19:15;2;76;76351;2;1;1;6;BIGNE A FOSSE;49,5301585;0,1155770
11306;202000012532;7;5;2020;15:45;1;74;74119;2;1;1;6;JAURES (BOULEVARD JEAN);46,3995908;6,5964891
11307;202000012533;11;5;2020;11:18;1;74;74010;2;2;1;3;ROCADE (BOULEVARD DE LA);45,9105502;6,1192874
11308;202000012534;12;5;2020;05:10;2;69;69266;2;1;1;1;FEYSSINE     (Rue de la);45,7838305;4,8898634
11309;202000012535;11;5;2020;18:55;1;65;65286;2;9;2;6;LAFITTE (RUE);43,0946000; -0,0460600
11310;202000012536;12;5;2020;19:30;1;64;64024;2;1;1;2;BIARRITZ (AVENUE DE);43,4802400; -1,5249300
11311;202000012537;11;5;2020;17:00;1;42;42071;2;1;1;6;Avenue de la Libération;46,0254290;4,0863960
11312;202000012538;12;5;2020;05:15;5;37;37261;2;1;1;7;TRANCHEE (AVENUE DE LA);47,4077446;0,6816152
11313;202000012540;11;5;2020;19:25;1;06;06088;2;1;8;6;CALIFORNIE (AV.) (DU 23-25 AU 199-210);43,6897000;7,2416000
11314;202000012541;12;5;2020;15:40;1;75;75120;2;1;1;3;AVENUE BENOIT FRACHON;48,8531320;2,4155120
11315;202000012542;12;5;2020;08:00;1;75;75115;2;2;1;3;QUAI ANDRE CITROEN;48,8493700;2,2816040
11316;202000012543;11;5;2020;03:00;5;75;75115;2;7;2;3;QUAI DE GRENELLE;48,8493120;2,2816740
11317;202000012544;12;5;2020;14:00;1;75;75113;2;2;1;6;AVENUE DE FRANCE;48,8305070;2,3766030
11318;202000012545;12;5;2020;21:10;2;75;75112;2;1;1;2;QUAI DE LA RAPEE;48,8448540;2,3688280
11319;202000012546;12;5;2020;16:55;1;75;75111;2;1;1;3;BOULEVARD RICHARD LENOIR;48,8627380;2,3723560
11320;202000012547;12;5;2020;11:00;1;75;75110;2;3;1;2;RUE DU BUISSON SAINT LOUIS;48,8732440;2,3747740
11321;202000012548;12;5;2020;02:23;5;75;75110;2;1;1;6;BOULEVARD DE BONNE NOUVELLE;48,8699990;2,3513160
11322;202000012549;12;5;2020;12:59;1;75;75101;2;2;1;3;QUAI FRANCOIS MITTERRAND;48,8601160;2,3333360
11323;202000012550;1;5;2020;23:20;5;94;94081;2;3;1;6;ABBE ROGER DERRY (AV DE L);48,7883700;2,3927500
11324;202000012551;11;5;2020;15:00;1;94;94068;2;1;1;7;ARISTIDE BRIAND (R);48,7957000;2,4839000
11325;202000012552;10;5;2020;18:50;1;94;94002;2;3;1;7;PASTEUR (R);48,8132515;2,4148860
11326;202000012555;12;5;2020;14:25;1;93;93048;2;1;1;3;PRESIDENT WILSON (AVENUE DU);48,8571515;2,4399801
11327;202000012556;12;5;2020;15:15;1;93;93046;2;1;1;1;AV DU CONSUL GENERAL NORDLING;48,9175610;2,5339720
11328;202000012557;12;5;2020;18:30;1;93;93006;2;1;1;6;AV RASPAIL;48,8741000;2,4322000
11329;202000012558;12;5;2020;20:56;2;93;93008;2;1;1;7;CARNOT (RUE);48,9066256;2,4507576
11330;202000012559;12;5;2020;19:50;1;93;93008;2;1;1;3;LILLE (RUE DE);48,9091124;2,4719734
11331;202000012560;12;5;2020;00:30;5;93;93001;2;9;1;6;AV JEAN JAURES;48,9108790;2,3997540
11332;202000012561;10;5;2020;19:00;1;92;92075;2;2;1;3;JEAN BLEUZEN (RUE);48,8219800;2,2938020
11333;202000012563;12;5;2020;11:50;1;92;92050;2;1;1;2;Avenue Henri Martin;48,8938448;2,1903375
11334;202000012564;11;5;2020;15:40;1;92;92044;2;1;1;3;EDOUARD VAILLANT (RUE) 75 A 117 ET 80 A 96;48,8973574;2,2879270
11335;202000012565;12;5;2020;15:40;1;92;92062;2;9;1;2;Voie VALMY;48,8834100;2,2389400
11336;202000012567;13;5;2020;13:25;1;54;54563;2;9;2;3;23 Rue des Sapins;48,4927800;6,0988280
11337;202000012568;12;5;2020;16:55;1;77;77141;1;1;1;3;D406;48,8508990;2,8391440
11338;202000012569;13;5;2020;07:30;1;83;83148;1;9;1;2;Route du Plan de la Tour;43,4021220;6,4451920
11339;202000012571;12;5;2020;10:30;1;23;23095;2;1;1;7;15 Rue Saint-roch;46,1602640;1,6444620
11340;202000012573;10;5;2020;11:40;1;65;65004;1;1;3;6;D821;43,0306900; -0,0657890
11341;202000012574;13;5;2020;11:25;1;22;22183;1;1;1;1;Departementale 1;48,1533110; -2,5783970
11342;202000012575;12;5;2020;15:00;1;35;35331;1;1;1;3;D62;48,0887080; -1,9161700
11343;202000012576;11;5;2020;08:00;1;31;31054;1;2;3;3;L'Houm;43,3520600;1,7413790
11344;202000012577;13;5;2020;16:10;1;70;70154;1;4;2;1;D15;47,4386180;6,1445390
11345;202000012578;12;5;2020;23:00;3;72;72067;2;1;1;6;Le Grand Bois;48,1090240;0,4616060
11346;202000012579;12;5;2020;19:25;1;06;06079;2;9;1;3;791 Avenue de Frejus Paul Ricard;43,5335470;6,9318380
11347;202000012580;13;5;2020;11:05;1;06;06079;2;1;1;6;802 boulevard des ecureuils;43,5455270;6,9403610
11348;202000012581;12;5;2020;07:05;1;14;14431;1;9;1;1;CD269A - CARROUGE - LE MESNIL MAUGER;49,0877097;0,0254142
11349;202000012582;11;5;2020;15:15;1;14;14711;1;3;6;3;D29;49,3081920; -0,9257320
11350;202000012583;12;5;2020;20:30;2;05;05123;1;1;1;6;D994;44,5460400;5,9943510
11351;202000012584;13;5;2020;10:00;1;50;50292;2;1;1;6;1 Place Westport;49,0986720; -1,2429470
11352;202000012585;13;5;2020;17:15;1;64;64498;1;1;2;7;Route de Lamarque;43,1620162; -0,1556495
11353;202000012586;13;5;2020;19:00;1;27;27530;1;1;1;1;Lieu Dit le Village;48,9227460;0,4678090
11354;202000012587;12;5;2020;15:40;1;30;30123;1;1;1;4;N113;43,6944770;4,1677180
11355;202000012588;12;5;2020;15:40;1;30;30006;1;2;1;3;N113;43,6945780;4,1681960
11356;202000012589;12;5;2020;15:00;1;67;67108;2;1;1;6;5 Avenue Jean Precheur;48,5436560;7,5789730
11357;202000012590;13;5;2020;19:30;3;988;98821;1;1;1;1;RT1; -22,0797345;166,3131326
11358;202000012591;13;5;2020;17:20;1;45;45273;1;1;1;2;D960 - PR78+600;47,8674921;2,1427536
11359;202000012592;12;5;2020;10:30;1;34;34154;1;3;1;3;Chemin des Garrigues;43,6195650;3,9787240
11360;202000012593;13;5;2020;07:45;1;05;05070;2;1;2;6;D942;44,3085340;5,8206510
11361;202000012594;13;5;2020;06:00;2;71;71588;2;1;8;3;Route de Digoin;46,4573813;4,0960666
11362;202000012595;12;5;2020;19:43;1;67;67301;2;1;1;3;Rue du General Leclerc;48,7589605;7,6388536
11363;202000012596;12;5;2020;21:00;3;73;73211;1;1;1;6;D 925;45,7173754;6,4877865
11364;202000012597;11;5;2020;18:50;1;26;26313;2;2;1;3;Rue du Rhone;44,9791360;4,9541260
11365;202000012599;11;5;2020;23:00;3;35;35047;1;1;1;6;RD 177 PK  29 Sens Rennes vers Redon;48,0522026; -1,7435830