;Num_Acc;jour;mois;an;hrmn;lum;dep;com;agg;int;atm;col;adr;lat;long
11366;202000012600;12;5;2020;07:20;1;62;62366;2;2;1;3;Chaussée Brunehaut;50,4120630;2,5857030
11367;202000012601;13;5;2020;15:10;1;59;59466;2;3;1;6;70 rue nationale;50,5188360;3,1160080
11368;202000012603;11;5;2020;18:45;1;95;95582;1;1;1;2;AUTOROUTE A15;48,9707300;2,2493700
11369;202000012604;27;2;2020;12:20;1;93;93077;2;1;2;6;R DU GENERAL MARBOT;48,8872600;2,4969600
11370;202000012605;11;5;2020;13:17;1;988;98818;2;1;1;3;VELODROME (ROUTE DU); -22,2904700;166,4452100
11371;202000012606;11;5;2020;08:20;1;974;97407;2;1;1;7;Avenue de Tamatave; -20,9303400;55,3027500
11372;202000012608;11;5;2020;11:30;1;69;69259;2;1;1;3;TACHE VELIN (DE)                    (CH);45,7144000;4,8662000
11373;202000012609;10;5;2020;11:40;1;972;97213;2;9;1;3;BARRIERES (RUE DES);14,6159000; -61,0002500
11374;202000012610;10;5;2020;07:50;1;2B;2B033;1;1;1;6;CAP - ROUTE DU CAP;42,7173400;9,4554200
11375;202000012611;11;5;2020;13:40;1;971;97113;1;1;1;5;SECTION MARE-GAILLARD;16,2141801; -61,4390230
11376;202000012613;11;5;2020;10:30;1;91;91174;2;6;2;4;JOHN KENNEDY (BOULEVARD);48,5903200;2,4773000
11377;202000012616;11;5;2020;17:40;1;78;78498;1;1;1;6;PONTOISE AV DE;48,9490400;2,0607400
11378;202000012617;11;5;2020;10:30;1;76;76217;2;1;6;6;CANADIENS (AVENUE DES)  RN27;49,9097000;1,0761000
11379;202000012618;4;5;2020;11:45;1;72;72181;2;1;1;6;BOURIAT GUY  (RUE);47,9622800;0,2000100
11380;202000012619;11;5;2020;19:15;1;69;69275;2;1;1;6;EUROPE (DE L')                      (AV);45,7477400;4,9401900
11381;202000012620;26;2;2020;08:35;1;66;66136;1;1;1;2;MICHELET (BOULEVARD EDMOND);42,6998690;2,8790250
11382;202000012621;6;5;2020;13:15;1;60;60463;2;1;1;6;PONT ROYAL (RUE DU);49,2670400;2,4734100
11383;202000012622;11;5;2020;13:55;1;59;59599;2;3;1;3;HALLUIN (BOULEVARD D');50,7334670;3,1344980
11384;202000012623;11;5;2020;18:20;1;51;51454;2;2;1;3;Rue Joliot Curie;49,2230676;4,0141760
11385;202000012624;9;5;2020;16:11;1;49;49007;1;1;1;7;Bretelle av atlantique;47,4694700; -0,5936700
11386;202000012625;11;5;2020;08:45;1;37;37208;2;2;3;3;CORMERY (RUE DE);47,3567802;0,7317546
11387;202000012626;11;5;2020;19:00;1;33;33063;2;1;2;3;Cours Edouard Vaillant;44,8621500; -0,5596700
11388;202000012627;11;5;2020;17:20;1;33;33529;1;8;2;3;RN250 / voie ferrée;44,6181200; -1,1311300
11389;202000012629;11;5;2020;10:30;1;16;16089;2;1;1;5;rue de la Trâche;45,6857100; -0,2889200
11390;202000012630;11;5;2020;08:05;1;14;14437;2;3;1;2;PASTEUR (RUE);49,1794100; -0,3234500
11391;202000012631;11;5;2020;15:40;1;13;13117;1;1;1;6;CUGNOT ( AVENUE JOSEPH );43,4726926;5,2342464
11392;202000012632;11;5;2020;06:35;2;13;13043;2;1;2;3;MEDITERRANEE (AV DE LA );43,3833000;5,2012000
11393;202000012633;26;2;2020;08:10;1;75;75120;2;2;2;6;RUE DES PYRENEES;48,8591580;2,4021260
11394;202000012634;11;5;2020;08:35;1;75;75119;2;7;2;3;PLACE DE LA PORTE DE PANTIN;48,8897260;2,3966710
11395;202000012635;11;5;2020;14:30;1;75;75117;2;3;1;-1;RUE LEGENDRE;48,8868570;2,3188600
11396;202000012636;11;5;2020;15:00;1;75;75116;2;1;1;2;AVENUE DE LA GRANDE ARMEE;48,8746760;2,2922080
11397;202000012637;11;5;2020;15:00;1;75;75111;2;3;1;6;AVENUE PARMENTIER;48,8630810;2,3761550
11398;202000012638;11;5;2020;11:15;1;75;75111;2;7;8;3;BOULEVARD VOLTAIRE;48,8667280;2,3651550
11399;202000012639;11;5;2020;08:50;1;75;75107;2;2;6;7;AVENUE DUQUESNE;48,8526830;2,3085840
11400;202000012640;11;5;2020;11:30;1;93;93078;2;4;6;3;REPUBLIQUE (AVENUE DE LA);48,9494000;2,5572000
11401;202000012642;11;5;2020;14:35;1;93;93047;2;3;1;3;R DU GENERAL DE GAULLE / R DU CHALET;48,8993448;2,5587174
11402;202000012643;11;5;2020;18:00;1;93;93005;2;1;1;-1;SAINT JUST (ALLEE);48,9449800;2,4966400
11403;202000012644;11;5;2020;10:35;1;92;92050;2;4;1;3;RASPAIL FRANCOIS-VINCENT BD;48,8985000;2,2068000
11404;202000012646;11;5;2020;18:50;1;92;92040;2;4;1;3;PDT ROOSEVELT (QUAI DU);48,8314128;2,2621174
11405;202000012648;7;5;2020;15:45;1;92;92025;2;2;1;3;PAUL BERT (RUE);48,9273672;2,2469857
11406;202000012650;12;5;2020;00:50;3;35;35120;1;1;1;6;La Cornillère;48,2143860; -1,7747640
11407;202000012651;11;5;2020;15:32;1;38;38290;1;2;1;3;Chemin de Jarcieu;45,3534910;4,9765920
11408;202000012652;11;5;2020;17:20;1;64;64396;1;1;3;5;A64;43,4362650; -0,6370140
11409;202000012655;9;5;2020;10:15;1;51;51265;2;1;1;6;Rue Saint Martin;48,6878641;3,8053966
11410;202000012657;12;5;2020;17:00;1;82;82094;1;1;1;7;Le Gres;44,2704030;1,1424280
11411;202000012658;10;5;2020;15:30;1;61;61443;1;1;1;6;La Pannetiere;48,7355590; -0,6389240
11412;202000012659;12;5;2020;16:35;1;49;49069;1;1;1;2;Les Rouèries;47,2825080; -1,1430390
11413;202000012661;12;5;2020;16:15;1;38;38261;2;3;1;3;Route d'Argent;45,6720710;5,4855840
11414;202000012662;12;5;2020;03:03;5;02;02504;2;9;1;6;14 Rue Paul Sebbe;49,7407687;3,2528704
11415;202000012663;11;5;2020;16:10;1;03;03111;1;2;2;3;17 Rue de la Croix Bronzeau;46,4310555;2,6406455
11416;202000012664;11;5;2020;08:20;1;66;66025;1;6;8;-1;D68;42,4507920;1,9553040
11417;202000012665;12;5;2020;09:30;1;90;90027;2;1;1;7;Rue de Montignez;47,4981110;7,0651850
11418;202000012666;11;5;2020;19:35;2;07;07309;1;1;3;6;La Boudras;45,1307320;4,5938730
11419;202000012667;12;5;2020;20:25;1;24;24571;1;1;1;7;N21;45,0555762;0,6742000
11420;202000012668;12;5;2020;12:30;1;88;88108;1;1;1;6;D164;47,9510750;6,3063210
11421;202000012669;12;5;2020;02:14;3;68;68118;1;1;2;2;A35;47,7278660;7,4286450
11422;202000012671;11;5;2020;21:20;3;74;74118;1;1;3;6;A40;46,1694340;6,2073700
11423;202000012672;11;5;2020;21:10;2;29;29233;2;1;1;2;Quai Brizeux;47,8709816; -3,5455300
11424;202000012673;11;5;2020;16:00;1;95;95177;2;1;1;7;Rue de Montgeroult;49,1158600;2,0173810
11425;202000012674;12;5;2020;17:15;1;06;06157;1;1;1;3;Route de Coursegoules;43,7576350;7,0863430
11426;202000012675;12;5;2020;16:00;1;68;68360;2;2;1;3;1 Rue du Moulin;48,0029810;7,5091450
11427;202000012677;12;5;2020;10:50;1;67;67127;1;1;1;1;D45;48,5714181;7,5325962
11428;202000012678;11;5;2020;18:45;2;73;73150;2;3;2;3;Rue St Bernard;45,5564990;6,6757500
11429;202000012679;12;5;2020;07:53;1;38;38133;1;1;1;7;Route de Saint - Julien;45,3451880;5,6323390
11430;202000012681;12;5;2020;10:10;1;64;64315;2;6;1;3;D2 ROND POINT KAZMAREK;43,3086680; -0,4477840
11431;202000012682;12;5;2020;04:30;5;62;62746;2;1;1;6;Rue du Stade;50,6782680;1,6322740
11432;202000012683;11;5;2020;09:05;1;91;91477;1;1;2;7;AUTOROUTE A10;48,7186600;2,2599600
11433;202000012684;11;5;2020;16:40;1;92;92025;1;1;8;5;A86;48,9189597;2,2237615
11434;202000012685;10;5;2020;02:05;3;93;93027;1;1;2;2;AUTOROUTE A86;48,9262600;2,4019400
11435;202000012687;9;5;2020;20:00;1;93;93027;1;1;1;6;AUTOROUTE A86;48,9282900;2,4122300
11436;202000012688;11;4;2020;19:40;1;95;95018;1;1;1;7;AUTOROUTE A15;48,9619400;2,2678900
11437;202000012689;8;5;2020;12:20;1;972;97213;2;4;1;1;DUCHESNES 1;14,6450420; -60,9560460
11438;202000012690;9;5;2020;20:30;5;972;97209;1;1;1;7;CLUNY (ROUTE DE);14,6145000; -61,0818000
11439;202000012691;9;5;2020;17:26;1;69;69256;2;2;1;6;PABLO PICASSO                       (AV);45,7767300;4,9155400
11440;202000012692;9;5;2020;19:00;1;45;45234;2;3;1;3;AV DU PRESIDENT KENNEDY - R DE CHATEAUDUN;47,8433800;1,9238400
11441;202000012693;8;5;2020;20:25;1;38;38544;2;3;1;6;Rue Albert Thomas;45,5277400;4,8801200
11442;202000012695;10;5;2020;15:23;1;37;37195;2;3;1;3;PORT CORDON (LIEU DIT);47,3751583;0,6376348
11443;202000012696;10;5;2020;07:55;1;35;35281;1;3;1;2;RD 177;48,0673500; -1,7142600
11444;202000012697;10;5;2020;22:35;5;33;33063;2;2;3;3;RUE MALBEC / RUE BILLAUDEL;44,8246579; -0,5638325
11445;202000012698;10;5;2020;10:00;1;27;27681;1;1;8;7;ROUTE DEPARTEMENTALE 313 Route de Magny;49,0974000;1,5111000
11446;202000012699;9;5;2020;11:10;1;27;27229;2;6;1;3;DUGUESCLIN (RUE);49,0168700;1,1711500
11447;202000012700;9;5;2020;23:05;4;13;13208;2;1;1;6;RABATAU (BOULEVARD);43,2733000;5,3927000
11448;202000012701;30;4;2020;16:45;1;12;12089;1;1;2;3;Lieu Dit le Thels;44,5847900;2,2484900
11449;202000012702;10;5;2020;04:50;4;75;75116;2;1;1;6;ALLEE DE LONGCHAMP;48,8702400;2,2580400
11450;202000012703;10;5;2020;14:40;1;75;75110;2;1;8;3;QUAI DE JEMMAPES;48,8690900;2,3674580
11451;202000012704;9;5;2020;22:40;5;93;93051;2;1;3;6;DOCTEUR MENARD;48,8404200;2,5659900
11452;202000012705;8;5;2020;12:30;1;2A;2A211;2;1;1;6;T40;41,7838810;8,9667700
11453;202000012707;10;5;2020;17:40;1;972;97232;2;1;1;1;Chemin communal D5 - Morne Raquette;14,5457960; -60,8581500
11454;202000012708;11;5;2020;01:25;3;972;97226;1;1;1;1;RD9;14,4602460; -60,8597680
11455;202000012709;10;5;2020;23:50;5;83;83033;2;6;3;6;Impasse de Saint Michel;43,3001380;6,2007680
11456;202000012711;7;5;2020;08:00;1;41;41237;1;9;1;3;Aigrain;47,3952410;1,4601520
11457;202000012712;11;5;2020;13:30;1;31;31492;1;1;2;6;Route de Carbonne;43,2612100;1,1639180
11458;202000012713;10;5;2020;11:30;1;45;45136;1;1;8;7;D36 - PR 22+955;48,0887250;2,9667760
11459;202000012714;9;5;2020;16:05;1;43;43244;2;1;1;1;7 Allee des Genets;45,1140861;4,3067232
11460;202000012715;10;5;2020;18:15;1;10;10048;1;1;1;6;D12;48,1904950;4,5821140
11461;202000012718;11;5;2020;03:45;3;08;08251;1;1;6;6;Route Departementale 985;49,7545850;4,4563080
11462;202000012719;1;3;2020;14:15;1;71;71456;1;2;2;3;Route du Petit Osnard;46,8253676;5,0934445
11463;202000012720;3;3;2020;19:45;3;30;30217;2;6;1;3;Route Nationale 100;43,9590750;4,7346410
11464;202000012721;1;3;2020;08:37;1;21;21310;1;1;1;6;D905;47,3268690;4,5889380
11465;202000012722;28;2;2020;15:30;1;21;21081;1;1;2;1;D16;47,3651060;4,7754800
11466;202000012723;3;3;2020;02:40;5;62;62138;2;1;4;6;ROUTE D HUMEROEUILLE;50,4199010;2,1743451
11467;202000012724;28;2;2020;15:55;1;34;34095;1;1;1;3;D114;43,5312510;3,7594700
11468;202000012725;28;2;2020;13:20;1;57;57468;2;4;1;6;1 Rue Saint-augustin Schoeffler;48,7692160;7,2299750
11469;202000012726;1;3;2020;05:30;3;57;57126;1;1;2;6;D674;48,7776580;6,4683940
11470;202000012727;25;2;2020;08:00;1;91;91617;1;1;2;4;Route Nationale 6;48,6605540;2,5180790
11471;202000012728;27;2;2020;11:38;1;62;62773;2;7;8;6;Grand Place Foch;50,6392010;1,7457370
11472;202000012729;29;2;2020;21:10;3;51;51434;1;2;8;3;D3;49,0137956;4,0722670
11473;202000012730;27;2;2020;13:35;1;59;59058;1;1;4;2;Route Nationale 2;50,2284020;3,9607430
11474;202000012731;28;2;2020;19:00;5;59;59445;2;1;2;6;Rue des Horbes;50,0391960;4,1170420
11475;202000012732;22;2;2020;06:00;3;19;19276;1;1;8;7;D142;45,4174830;1,5710400
11476;202000012733;1;3;2020;17:00;1;19;19237;1;1;1;3;D980;45,1267150;2,0652580
11477;202000012734;2;3;2020;20:40;3;56;56075;1;1;2;6;RN24;47,9283630; -2,1356390
11478;202000012735;27;1;2020;05:40;5;93;93027;2;1;2;6;BARBUSSE (AVENUE HENRI);48,9317757;2,3932235
11479;202000012736;29;2;2020;10:40;1;56;56193;2;1;1;6;35 Rue de Kerdurand;47,7137920; -3,3161080
11480;202000012738;18;1;2020;22:10;5;93;93047;2;6;9;3;BD DE L'EUROPE / Rue de la Fontaine Jean Valjean;48,8954400;2,5731900
11481;202000012739;27;1;2020;08:00;2;93;93005;2;5;2;6;AV ANATOLE FRANCE / R JEAN CHARCOT;48,9358309;2,4939213
11482;202000012740;25;2;2020;18:55;5;56;56003;2;2;2;3;Rue Upton By Chester;47,6329278; -2,8167272
11483;202000012741;27;1;2020;08:20;1;93;93005;2;1;2;3;BD MARC CHAGALL;48,9524400;2,4962700
11484;202000012742;27;1;2020;06:05;5;93;93001;2;1;2;6;AV JEAN JAURES;48,9115950;2,4007120
11485;202000012743;27;1;2020;09:15;1;92;92048;2;3;2;3;GARDES (ROUTE DES) N° 91 A 93;48,8132900;2,2168900
11486;202000012744;27;2;2020;20:55;3;59;59282;2;1;1;6;Route de Dunkerque;50,8142400;2,4825880
11487;202000012745;25;1;2020;18:00;2;92;92025;2;3;1;3;VALMY (BD DE);48,9343010;2,2558570
11488;202000012746;29;2;2020;04:00;3;59;59532;1;1;2;7;D17;50,9715890;2,1432670
11489;202000012747;27;1;2020;00:00;5;40;40065;2;1;1;6;Quai de la Pecherie;43,6523830; -1,4328150
11490;202000012748;27;2;2020;00:55;3;74;74085;1;1;4;1;Route de Saint-gervais;45,8453790;6,7285480
11491;202000012749;3;3;2020;16:31;1;67;67009;1;1;8;6;D23;48,9258414;6,9697765
11492;202000012750;28;1;2020;16:15;1;68;68249;1;1;4;7;Route de Tannach;48,1237590;7,1646630
11493;202000012751;20;2;2020;18:45;3;67;67434;2;1;1;3;6 Route de Sarrebourg;48,9325650;7,0890930
11494;202000012753;27;1;2020;17:30;1;11;11203;1;2;1;3;intersection RD67/RD11;43,2302700;2,7955270
11495;202000012754;3;3;2020;12:50;1;79;79123;1;1;2;6;Lieu Dit l'Ivronniere;46,7171470; -0,6271920
11496;202000012755;27;1;2020;10:15;1;76;76462;1;1;1;2;A28;49,7296530;1,4592290
11497;202000012756;26;2;2020;12:00;1;79;79254;1;1;1;1;;46,2868910; -0,6668800
11498;202000012757;28;1;2020;07:04;3;37;37075;1;1;2;6;A85;47,2935440;0,9494731
11499;202000012758;2;3;2020;07:40;1;2B;2B346;1;1;8;2;RT 11;42,5082200;9,4717810
11500;202000012759;28;1;2020;00:42;3;51;51629;1;1;3;7;D951;49,1561162;4,0115896
11501;202000012760;1;3;2020;14:45;1;2B;2B318;1;1;2;5;T10;42,4401810;9,5127870
11502;202000012761;26;1;2020;04:40;3;51;51579;1;1;1;7;Rue de Morsains;48,7955594;3,5212280
11503;202000012762;2;3;2020;09:05;1;2B;2B305;2;3;1;5;D80;42,7180170;9,4547360
11504;202000012763;27;1;2020;17:45;3;80;80159;1;3;3;3;D1029;49,8697880;2,4779110
11505;202000012764;29;2;2020;16:20;1;80;80231;1;3;1;3;10 Rue de Maurepas;49,9702830;2,8207130
11506;202000012765;28;1;2020;05:25;5;42;42177;2;2;1;3;Rue de Marcigny;46,1460570;4,1084040
11507;202000012766;28;1;2020;19:00;3;35;35224;1;1;3;1;D75;48,5095250; -1,8406520
11508;202000012767;3;3;2020;08:05;1;80;80205;2;8;2;3;Rue du 53 Ricms;50,0089150;2,0119520
11509;202000012769;25;1;2020;23:50;3;31;31377;1;1;1;6;D25;43,4317300;1,7255190
11510;202000012770;1;3;2020;14:20;1;82;82051;1;1;6;7;D16;44,1831730;1,1494980
11511;202000012771;27;1;2020;20:40;3;31;31136;1;1;2;1;D14;43,7542760;1,4346650
11512;202000012772;26;2;2020;06:35;3;81;81288;1;1;2;1;La Rigole;43,4533710;2,0226000
11513;202000012773;27;1;2020;08:30;1;14;14157;1;1;2;6;680 Rue de la Guinguette;49,1759520; -0,5222800
11514;202000012774;27;1;2020;20:00;5;14;14249;2;1;2;1;Lieu Dit Bon Repos;49,1161548; -0,4801332
11515;202000012775;2;3;2020;09:00;1;32;32451;1;1;6;6;D129;43,4264320;0,8007570
11516;202000012776;21;1;2020;20:12;3;50;50629;1;1;1;7;34 La Bourdonnerie;49,2614120; -1,5006910
11517;202000012777;1;3;2020;12:00;1;71;71205;1;2;1;3;Route de Saint Germain du Bois;46,7156185;5,3130645
11518;202000012779;29;2;2020;21:10;5;89;89119;2;1;9;6;N151;47,5226493;3,5401565
11519;202000012780;2;3;2020;11:00;1;63;63304;1;1;3;1;D521;46,0459481;2,6275704
11520;202000012781;26;1;2020;01:30;3;40;40014;1;1;1;6;Route de Labraise;44,0662750; -0,3127940
11521;202000012782;27;1;2020;06:15;3;64;64238;1;1;1;2;A64;43,2296640; -0,0549750
11522;202000012783;28;1;2020;09:30;1;01;01181;1;1;4;6;A404;46,2162190;5,6064180
11523;202000012784;28;1;2020;18:40;3;91;91045;1;3;3;3;D191;48,5166150;2,3819360
11524;202000012785;27;1;2020;07:40;1;68;68301;1;1;2;3;A35;47,6923600;7,4466280
11525;202000012786;26;2;2020;18:56;5;61;61456;2;2;1;6;Boulevard du Marechal Leclerc;48,7607450;0,6391480
11526;202000012787;28;1;2020;09:15;1;33;33527;1;1;2;4;A660 PR17+360;44,6135100; -1,0428900
11527;202000012789;28;1;2020;10:15;1;76;76700;1;1;4;4;N27;49,6701550;1,0403110
11528;202000012790;26;1;2020;01:50;3;34;34022;1;1;9;3;Avenue de la Biste;43,6570890;3,9970080
11529;202000012791;1;3;2020;10:50;1;42;42026;1;1;1;3;Route de Melay;46,1864080;4,0776600
11530;202000012792;27;2;2020;06:30;3;47;47038;1;1;2;6;D666;44,3365120;0,3872610
11531;202000012793;27;1;2020;08:40;2;77;77192;1;1;2;1;N36;48,7094220;2,8391010
11532;202000012794;26;2;2020;21:45;3;41;41231;1;1;1;7;Fossemagne;47,5598840;1,8918690
11533;202000012795;27;1;2020;19:10;5;54;54490;1;1;3;6;D90b;48,7748619;6,0536814
11534;202000012796;28;1;2020;19:30;5;69;69089;2;1;1;6;Grande Rue;45,7357660;4,7693540
11535;202000012797;26;2;2020;10:20;1;29;29137;1;1;1;3;36 Route des Trois Prats;48,3341640; -4,2882640
11536;202000012798;22;2;2020;08:50;1;86;86103;2;2;1;1;23 Place du Marché;46,3713908;0,4125929
11537;202000012799;27;1;2020;08:40;1;49;49021;1;6;2;3;Route de la Ménitré;47,4357150; -0,2233150
11538;202000012800;29;2;2020;05:00;3;34;34010;1;1;2;6;D27;43,6784120;3,5975640
11539;202000012802;28;1;2020;18:15;3;60;60668;1;1;3;7;D149;49,4979829;2,0880710
11540;202000012803;26;2;2020;11:45;1;34;34284;2;1;2;6;Grand'Rue;43,4882410;2,7616830
11541;202000012804;1;3;2020;11:00;1;34;34319;2;2;1;1;Route de Fournols;43,5542400;3,3002700
11542;202000012805;29;2;2020;04:00;5;68;68068;2;1;1;6;49 Rue de Bâle;47,6303900;7,1342790
11543;202000012807;8;1;2020;17:54;2;13;13071;1;1;1;2;A7-Sens Lyon vers Marseille;43,4034980;5,3089310
11544;202000012808;27;2;2020;18:30;3;68;68158;1;1;6;7;D419;47,5910430;7,4085830
11545;202000012809;23;1;2020;07:20;3;67;67043;1;1;1;2;Autoroute A.4;48,6150963;7,7264039
11546;202000012810;2;3;2020;11:25;1;68;68155;2;1;2;2;5 Route de Colmar;48,0937850;7,3068420
11547;202000012811;1;3;2020;15:38;1;39;39501;2;2;1;3;Carrefour Rue du Mont-Roland / Rue de la Source;47,1258040;5,4610190
11548;202000012812;25;2;2020;22:30;3;25;25575;1;1;8;7;route de Nancray;47,2794460;6,1652290
11549;202000012813;24;1;2020;23:35;3;59;59032;1;1;1;6;AUTOROUTE A2;50,3373329;3,5195313
11550;202000012814;1;3;2020;23:30;3;44;44171;1;1;1;1;D751;47,1410055; -1,7139637
11551;202000012815;27;1;2020;09:40;1;94;94021;1;1;2;2;AUTOROUTE A6B;48,7692500;2,3454000
11552;202000012816;2;3;2020;15:36;1;44;44043;2;1;1;1;11 Rue du Vivier;47,1091130; -1,2432560
11553;202000012817;27;1;2020;07:55;3;92;92002;1;1;2;3;AUTOROUTE A10;48,7295006;2,3068977
11554;202000012818;1;3;2020;17:45;1;44;44186;1;1;2;3;39 Avenue des Sports;47,0978920; -1,8173000
11555;202000012819;27;1;2020;14:20;1;78;78291;1;1;1;2;A13;48,9650730;1,7555560
11556;202000012820;1;3;2020;19:30;3;44;44131;1;1;1;1;D 213;47,1091282; -2,0682656
11557;202000012821;26;1;2020;23:35;4;92;92036;1;1;2;2;A86;48,9355850;2,2852542
11558;202000012823;28;2;2020;08:50;1;35;35299;1;1;8;1;Les Terres Pelees;48,6447090; -1,9174040
11559;202000012824;27;2;2020;15:00;1;35;35023;1;3;1;3;RD 72 ROUTE DE MONTFORT;48,1726420; -1,9436270
11560;202000012825;26;1;2020;07:00;3;95;95252;1;1;1;2;AUTOROUTE A15;48,9877200;2,2068000
11561;202000012826;4;3;2020;00:30;3;29;29004;2;3;1;6;Rue Saint-Lucas;47,9323121; -3,6981460
11562;202000012828;27;2;2020;15:20;1;29;29276;2;2;1;3;Route de Cléder;48,6660970; -4,0676018
11563;202000012829;25;1;2020;21:25;3;77;77363;1;1;1;-1;A104.INT;48,9280189;2,6282832
11564;202000012830;10;1;2020;16:25;1;974;97416;1;1;1;6;CD 26; -21,2979000;55,4387000
11565;202000012831;24;2;2020;17:30;2;29;29020;1;3;2;1;D785 - Moncouar;48,0574796; -4,0249875
11566;202000012832;25;1;2020;21:20;4;973;97302;2;1;2;6;TROUBIRAN (CHEMIN DE);4,9291730; -52,3041916
11567;202000012833;26;1;2020;17:40;1;69;69388;2;1;1;6;JOSEPH CHALIER                      (R );45,7294900;4,8840700
11568;202000012834;29;2;2020;12:45;1;29;29195;1;4;2;2;D28 - Lieu-dit le Diouriz;48,5705871; -4,4508945
11569;202000012835;1;3;2020;03:30;3;31;31237;1;1;1;7;D83;43,0776810;0,9591900
11570;202000012836;20;1;2020;05:40;5;69;69388;2;3;1;3;ROCKEFELLER                         (AV);45,7425000;4,8800000
11571;202000012837;26;1;2020;05:45;5;69;69387;2;1;2;6;TONY GARNIER                        (AV);45,7313800;4,8241000
11572;202000012838;1;3;2020;07:00;2;31;31208;2;1;1;6;Quartier Leoudary;43,0722440;0,8670160
11573;202000012840;26;1;2020;11:35;1;972;97213;1;1;1;7;ROUTE DEPARTEMENTALE 14;14,6177000; -61,0223000
11574;202000012841;3;3;2020;14:50;1;31;31375;1;1;6;6;Ribaus;43,2045500;1,2127020
11575;202000012842;1;3;2020;21:00;3;38;38389;1;1;1;6;D518;45,5663500;5,0978000
11576;202000012843;25;1;2020;11:00;1;69;69286;2;3;1;3;ROUTE DE GENEVE                     (RO);45,8053200;4,8849300
11577;202000012844;23;2;2020;22:35;3;38;38399;1;1;1;7;D502;45,5022000;5,1509400
11578;202000012845;26;1;2020;02:55;5;69;69382;2;1;1;6;CHARLEMAGNE                         (CO);45,7415000;4,8197000
11579;202000012846;26;1;2020;02:20;5;2B;2B033;2;2;1;3;PAOLI DU NR 21 AU 45 -BLD;42,7010000;9,4500000
11580;202000012847;25;1;2020;14:50;1;83;83090;2;9;1;6;GORGES (ROUTE DES);43,1416600;5,8484500
11581;202000012848;2;3;2020;13:35;1;38;38291;1;1;3;6;Route de Beaurepaire;45,3612100;5,1261000
11582;202000012849;26;1;2020;19:15;2;78;78586;2;2;1;1;BARBUSSE (HENRI);48,9389900;2,1918600
11583;202000012850;1;3;2020;18:05;2;38;38410;1;1;2;6;Route de Romans;45,0851800;5,2092700
11584;202000012851;25;1;2020;10:10;1;68;68166;2;3;1;1;Rue du Ventron;47,7789900;7,3123100
11585;202000012852;1;3;2020;13:40;1;38;38022;1;1;1;2;Route Departementale 33;45,6668700;5,5726900
11586;202000012853;26;1;2020;18:45;5;60;60057;2;2;2;3;BINET  (RUE);49,4239971;2,0845753
11587;202000012854;14;2;2020;16:40;1;38;38022;1;3;7;6;Chemin de la Bièvre;45,6195790;5,6073990
11588;202000012855;26;1;2020;09:20;1;60;60057;2;2;8;3;BERLIOZ HECTOR (RUE);49,4154090;2,0769508
11589;202000012856;26;1;2020;10:30;1;45;45147;2;1;1;2;Rue André Dessaux;47,9376800;1,8947300
11590;202000012857;26;1;2020;05:50;5;45;45234;2;1;1;6;Avenue Jean Zay;47,9079700;1,9224110
11591;202000012859;26;2;2020;13:30;1;02;02232;1;1;4;-1;N2;49,2304060;2,9826590
11592;202000012860;26;1;2020;19:00;5;35;35238;2;3;2;6;VERDUN (BD DE);48,1185630; -1,6889520
11593;202000012861;29;2;2020;09:45;1;02;02694;1;1;1;3;D34;49,7439540;3,1928910
11594;202000012862;26;1;2020;19:30;2;33;33063;2;6;1;-1;Avenue de Labarde;44,8872300; -0,5493900
11595;202000012863;15;1;2020;17:20;3;02;02355;1;1;2;7;Mon Idee - D1044;49,8939430;3,2640120
11596;202000012864;25;2;2020;17:40;1;03;03204;1;1;1;2;route de Batelière;46,3192793;3,3503889
11597;202000012865;26;1;2020;04:45;3;33;33529;1;1;1;1;LIGNON (BD LOUIS);44,6338900; -1,1886200
11598;202000012866;19;2;2020;16:30;1;03;03160;1;1;1;2;Caffière;46,2274646;3,4007654
11599;202000012867;26;1;2020;17:40;3;29;29232;2;1;2;6;D783 - Boulevard Ergué Armel;47,9897300; -4,0739700
11600;202000012868;26;1;2020;06:14;5;18;18033;2;1;1;6;CHARITE (ROUTE DE LA);47,0937540;2,4022590
11601;202000012869;28;2;2020;15:00;1;15;15244;1;2;1;5;Croisement D926 D14;45,0642308;2,9777348
11602;202000012871;26;1;2020;21:10;5;13;13208;2;1;2;3;MAZARGUES (AVENUE DE);43,2584000;5,3942000
11603;202000012872;4;3;2020;12:05;1;01;01453;1;1;9;7;Arvière-en-Valromey;45,9106080;5,7420140
11604;202000012873;26;1;2020;14:00;1;13;13204;2;9;8;6;MONTOLIVET (AVENUE DE);43,3079566;5,4024230
11605;202000012874;3;3;2020;21:00;5;01;01034;2;6;1;3;305 Avenue Livet;45,7577520;5,6784300
11606;202000012875;26;1;2020;12:15;1;13;13211;2;3;3;3;SAINT MARCEL (BOULEVARD DE );43,2888660;5,4614060