;Num_Acc;jour;mois;an;hrmn;lum;dep;com;agg;int;atm;col;adr;lat;long
11607;202000012876;29;2;2020;14:45;1;01;01457;1;1;2;7;1136 Route de Mezeriat;46,2321180;5,0062470
11608;202000012877;26;1;2020;10:20;1;13;13212;2;1;2;3;PIERRE BERANGER (RUE);43,3114688;5,4453960
11609;202000012878;3;3;2020;17:00;2;70;70082;1;1;2;1;Route de Thiénans;47,4800010;6,2777850
11610;202000012879;26;1;2020;06:15;3;13;13209;2;1;1;3;CABOT (BOULEVARD);43,2588380;5,4171550
11611;202000012880;3;3;2020;17:40;1;70;70428;1;3;1;2;D118/ Chemin en grand combe;47,6474069;6,1022990
11612;202000012881;26;1;2020;02:40;5;13;13209;2;2;1;3;SAINTE MARGUERITE (BOULEVARD);43,2686000;5,4039000
11613;202000012882;28;2;2020;16:45;1;26;26208;1;2;1;3;D555;44,8102860;4,9051700
11614;202000012884;3;3;2020;16:30;1;66;66124;2;1;4;-1;Avenue Emmanuel Brousse;42,5052583;2,0437453
11615;202000012885;26;1;2020;03:55;5;06;06088;2;1;1;2;VOIE RAPIDE;43,6755300;7,2228500
11616;202000012887;27;2;2020;05:45;3;72;72150;1;1;6;7;D300;48,1036130;0,2415810
11617;202000012888;1;3;2020;06:15;5;72;72386;2;6;1;6;Avenue du mans;47,9990150;0,2363780
11618;202000012889;26;2;2020;17:05;1;72;72054;1;1;8;7;RD 323;48,0144290;0,3322330
11619;202000012890;26;1;2020;11:20;1;06;06069;2;1;1;2;FRAGONARD (BOULEVARD ET IMPASSE);43,6573630;6,9232640
11620;202000012891;28;2;2020;09:40;1;06;06110;1;1;1;1;M30;44,0883630;7,0421400
11621;202000012892;26;1;2020;02:58;5;75;75108;2;1;1;6;COURS LA REINE;48,8646300;2,3195580
11622;202000012893;25;1;2020;00:11;5;75;75118;2;2;5;6;RUE DE LA CHAPELLE;48,8971123;2,3592247
11623;202000012894;25;2;2020;11:35;1;06;06059;1;1;1;2;2638 Avenue Raymond Poincaré;43,7239360;7,3821370
11624;202000012895;26;2;2020;19:15;5;14;14257;2;1;2;6;17 Rue Camille Blaisot;49,1000470; -0,5018010
11625;202000012896;25;1;2020;23:00;5;75;75115;2;2;1;3;RUE DU COMMERCE;48,8478000;2,2965600
11626;202000012897;29;2;2020;05:10;3;05;05123;1;1;1;1;les marcellons - D994;44,5481540;5,9818840
11627;202000012898;2;3;2020;20:10;5;05;05144;2;1;6;6;D16;44,7925790;6,0842850
11628;202000012899;26;1;2020;19:08;5;75;75114;2;1;1;3;RUE DU DEPART;48,8412380;2,3217710
11629;202000012900;26;2;2020;12:15;1;50;50403;1;1;1;2;D2;49,1544010; -1,5113930
11630;202000012901;26;1;2020;17:27;2;75;75113;2;2;1;6;BOULEVARD AUGUSTE BLANQUI;48,8308160;2,3441230
11631;202000012902;4;3;2020;00:30;3;50;50003;1;1;2;6;54 Rue d'Agon;49,0602750; -1,5871220
11632;202000012903;3;3;2020;14:15;1;50;50453;1;2;2;3;Avenue du President;48,8454750; -1,2012970
11633;202000012904;27;2;2020;17:45;1;50;50453;1;1;2;3;ZA les Monts Havard;48,8481580; -1,2087270
11634;202000012905;26;1;2020;17:35;2;75;75112;2;1;1;4;AVENUE DE GRAVELLE;48,8182240;2,4525960
11635;202000012906;1;3;2020;18:30;1;09;09326;1;1;1;3;N20;42,7720620;1,7106860
11636;202000012907;25;1;2020;23:15;5;75;75110;2;2;1;6;RUE LOUIS BLANC;48,8798737;2,3673671
11637;202000012908;1;3;2020;12:15;1;60;60536;1;1;2;3;Route de Pont;49,3086252;2,7053755
11638;202000012909;29;2;2020;11:45;1;60;60508;2;1;3;6;Rue des tournelles;49,3023590;2,6476160
11639;202000012910;26;1;2020;09:25;1;75;75108;2;2;1;7;PLACE DE LA CONCORDE;48,8641010;2,3201220
11640;202000012912;26;1;2020;14:45;1;75;75107;2;3;1;7;QUAI D ORSAY;48,8623160;2,3063180
11641;202000012913;1;3;2020;04:55;3;60;60636;1;1;8;1;D1032;49,4889537;2,8750781
11642;202000012914;21;1;2020;08:40;1;75;75107;2;1;4;6;PROMENADE DES BERGES DE LA SEINE ANDRE GORZ;48,8628473;2,3057476
11643;202000012915;26;2;2020;14:30;1;60;60636;2;9;8;6;1 Route du Plessis Brion;49,4748100;2,8832670
11644;202000012916;25;1;2020;01:00;5;75;75102;2;1;1;4;BOULEVARD DE BONNE NOUVELLE;48,8697621;2,3517695
11645;202000012917;21;2;2020;08:45;1;60;60247;1;1;1;6;D101;49,4306400;2,5424340
11646;202000012918;26;1;2020;02:30;5;75;75101;2;1;2;7;PLACE DU PONT NEUF;48,8569920;2,3411980
11647;202000012919;25;1;2020;20:45;5;75;75103;2;4;1;3;RUE DE TURENNE;48,8594450;2,3645310
11648;202000012920;2;3;2020;21:10;5;60;60477;1;1;1;2;Route Nationale 31;49,4354474;1,9118167
11649;202000012921;26;1;2020;06:00;5;93;93077;2;2;2;3;GRANDE RUE;48,8828200;2,5142600
11650;202000012922;26;2;2020;09:20;1;64;64368;1;3;2;2;D11;43,3821270; -1,0918520
11651;202000012923;26;1;2020;19:50;5;93;93051;2;9;1;6;REMPART (BD);48,8373480;2,5469078
11652;202000012924;28;2;2020;10:00;1;73;73240;2;1;1;6;D20A - Rue de l'Eglise;45,4817374;6,0647735
11653;202000012925;1;3;2020;07:00;2;43;43051;2;1;1;6;11 Route de Tence;45,0598840;4,3015210
11654;202000012926;26;1;2020;15:30;1;93;93005;2;1;8;6;R DE SEVRAN;48,9407670;2,5005560
11655;202000012927;26;1;2020;13:40;1;92;92073;2;9;1;6;WASHINGTON (BOULEVARD);48,8757000;2,2178000
11656;202000012928;1;3;2020;08:30;1;43;43223;1;1;1;2;D23;45,2583420;4,3373520
11657;202000012929;26;1;2020;20:20;5;92;92026;2;2;1;3;National ( boulevard )/ Fauvelles ( rue des );48,9022370;2,2395070
11658;202000012930;25;2;2020;12:20;1;10;10031;2;1;1;-1;15 Rue des Chaumes;48,5519560;3,5789900
11659;202000012931;26;1;2020;18:55;5;22;22050;2;3;2;6;Rue Chateaubriand;48,4529690; -2,0483550
11660;202000012932;25;2;2020;20:40;5;10;10268;2;3;1;1;Quai Carbonel;48,4947520;3,4989580
11661;202000012933;24;1;2020;23:00;3;49;49244;1;1;1;6;ZA de la Lande;47,3517480; -1,0204200
11662;202000012934;28;2;2020;06:45;1;36;36020;1;2;1;3;;46,3872900;1,2517120
11663;202000012935;4;1;2020;14:52;1;38;38425;2;3;1;6;2 Rue Georges Brassens;45,3976290;4,7769180
11664;202000012936;1;3;2020;06:30;2;36;36241;1;1;2;6;;46,8675340;1,5256190
11665;202000012937;26;1;2020;15:00;1;67;67242;1;1;5;7;D91;48,8239682;7,5351696
11666;202000012938;12;1;2020;12:30;1;41;41246;2;2;1;3;D77;47,5030910;1,3359550
11667;202000012939;28;2;2020;20:00;3;36;36212;1;1;2;6;;46,8536083;1,2324927
11668;202000012941;26;1;2020;10:15;1;34;34042;1;3;1;3;D4;43,9020670;3,6996460
11669;202000012942;1;3;2020;12:45;1;16;16281;1;1;6;6;Ld l'Abbaye;45,7299060;0,3906320
11670;202000012943;2;3;2020;22:00;3;07;07198;1;1;2;1;RD86;44,7771670;4,7617650
11671;202000012944;27;1;2020;17:00;1;81;81005;1;3;1;1;D612;43,4699495;2,5343624
11672;202000012945;25;2;2020;18:40;1;53;53086;2;1;1;6;17 Route de Vitré;48,2038300; -1,0598170
11673;202000012946;26;1;2020;15:18;1;67;67073;1;1;1;7;Chemin rural dit Narchtweidweg;48,2799340;7,4118720
11674;202000012947;28;2;2020;16:20;1;21;21584;1;3;2;3;Route de Paris;47,3036520;4,2092060
11675;202000012949;1;3;2020;07:30;3;21;21235;1;1;2;6;Duesme;47,6213800;4,6679230
11676;202000012950;1;3;2020;15:45;1;40;40081;2;3;2;3;D651;43,9919920; -0,5292860
11677;202000012951;23;1;2020;12:45;1;85;85215;1;1;1;1;D37;46,8677610; -1,1602380
11678;202000012952;29;2;2020;11:50;1;40;40274;1;1;2;7;D38 LA VACHERIE;43,9207720; -0,6257060
11679;202000012953;26;1;2020;15:50;1;62;62045;2;1;1;6;10 Place de la Gare;50,3526264;2,5930878
11680;202000012954;26;1;2020;03:30;4;62;62342;2;1;5;6;20 Rue Principale;50,4999218;2,2750471
11681;202000012955;29;2;2020;23:15;3;24;24460;1;1;3;7;Les Bigoussies Est;45,2534060;0,3977270
11682;202000012956;2;3;2020;22:00;3;04;04088;1;1;6;6;RD 16;43,9240762;5,7903631
11683;202000012957;17;1;2020;12:30;1;19;19100;2;3;2;1;route de la croix rouge;45,3474378;1,6383737
11684;202000012958;27;1;2020;17:00;1;77;77109;1;1;2;6;D75 - PK18+450;48,5879630;3,1685260
11685;202000012959;27;2;2020;12:05;1;27;27467;2;1;2;2;Rue des Papetiers;49,3582610;0,5094090
11686;202000012961;26;1;2020;05:30;3;32;32107;1;1;1;1;5 Avenue d'Aquitaine;43,9580920;0,3680100
11687;202000012962;28;1;2020;09:00;2;27;27428;2;1;7;6;Rue de la Paix;49,1521030;0,9050200
11688;202000012963;25;1;2020;18:45;3;11;11340;1;1;1;4;RD 33;43,2378250;2,1960640
11689;202000012964;1;3;2020;07:50;2;27;27042;1;1;1;7;D28;49,1636130;0,4698690
11690;202000012965;27;1;2020;09:05;1;71;71379;1;2;1;5;D972;46,5680793;5,2974856
11691;202000012966;26;1;2020;18:40;5;76;76255;2;1;2;1;Route d'Eu;50,0538670;1,3950170
11692;202000012967;2;3;2020;17:30;1;30;30198;2;1;8;6;L'Oriol;44,1166690;3,7239630
11693;202000012968;27;1;2020;19:10;3;61;61096;1;1;2;1;D916 COUTERNE;48,5265240; -0,4088010
11694;202000012969;27;2;2020;18:00;1;30;30325;1;1;2;-1;D999;43,9932310;3,6875550
11695;202000012970;26;2;2020;19:30;5;48;48080;2;1;1;6;68 Avenue du Marechal Foch;44,7315870;3,8582660
11696;202000012971;26;1;2020;19:15;5;44;44003;2;1;2;3; Parking;47,3734050; -1,1937870
11697;202000012972;26;1;2020;05:45;3;29;29061;1;1;2;7;D112 - Kergaradec;48,4324180; -4,4701270
11698;202000012973;24;2;2020;16:39;1;52;52060;2;4;1;2;Avenue du General de Gaulle;47,9548340;5,7339300
11699;202000012974;26;1;2020;20:00;5;31;31375;2;1;1;6;37 Boulevard Pierre Alard;43,2079470;1,2269940
11700;202000012975;1;3;2020;05:30;3;24;24373;1;2;3;3;D107;44,6745200;0,4711510
11701;202000012977;1;3;2020;06:00;3;68;68082;1;1;1;-1;A35;47,8705734;7,3886753
11702;202000012978;24;1;2020;17:00;2;03;03046;1;1;9;7;Le Bouis;46,4584337;2,9495266
11703;202000012979;27;1;2020;15:42;1;15;15122;1;1;2;1;N122;44,7003020;2,1922660
11704;202000012980;24;1;2020;15:00;1;58;58278;2;1;1;3;94 ter Route de Lyon;46,9618250;3,1572070
11705;202000012981;24;1;2020;20:18;3;54;54312;1;1;5;1;RD 910;48,9231970;6,0923080
11706;202000012982;25;2;2020;15:15;1;978;97801;1;1;1;7;la savane;18,0779630; -63,0290510
11707;202000012983;29;2;2020;11:50;1;13;13051;1;1;8;1;Route des Baisses;43,5404300;5,1481910
11708;202000012984;28;2;2020;14:00;1;34;34337;2;3;1;3;156 Chemin de la Mosson;43,5351310;3,8620160
11709;202000012985;27;1;2020;10:10;1;60;60029;1;1;8;1;D2;49,3852640;1,9617680
11710;202000012986;2;3;2020;10:40;1;35;35210;1;1;6;6;Pacé;48,1502480; -1,7271350
11711;202000012987;26;1;2020;17:45;2;45;45224;1;9;1;6;79 Rue de Rebréchien;48,0476362;2,0504235
11712;202000012989;26;1;2020;16:30;1;43;43216;2;1;8;7;Rue de chabron;45,1218320;3,8104640
11713;202000012990;2;3;2020;13:10;1;13;13037;2;3;2;7;Avenue du Général de Gaulle;43,5506400;5,2029870
11714;202000012991;26;1;2020;12:30;1;40;40282;2;1;1;2;5 Avenue de l'Armagnac;43,7713300; -0,5696900
11715;202000012992;28;2;2020;17:15;1;13;13037;2;3;7;1;Avenue Vincent de Forbin;43,5541820;5,2006480
11716;202000012993;3;3;2020;17:20;1;973;97309;2;2;1;1;Avenue Cyprien Gildon;4,9133740; -52,2801050
11717;202000012994;26;1;2020;21:00;3;85;85213;1;6;2;5;D746;46,6225990; -1,3685380
11718;202000012995;27;2;2020;20:20;5;973;97309;2;3;1;1;Route de Montjoly;4,9126630; -52,2726330
11719;202000012996;16;1;2020;16:00;1;28;28280;2;1;1;6;1 Rue de Sully;48,3212380;0,8218430
11720;202000012997;26;2;2020;06:40;1;973;97309;2;3;1;1;Route de Montjoly;4,9229200; -52,2822650
11721;202000012999;26;1;2020;19:40;5;17;17347;2;2;1;3;Avenue du General de Gaulle;45,9398320; -0,5114800
11722;202000013000;28;2;2020;17:35;1;01;01043;1;1;1;2;A42, PK 009+800, sens GENEVE/LYON;45,8210800;4,9942410
11723;202000013001;1;3;2020;12:30;1;06;06085;2;1;8;1;Avenue Saint-basile;43,6046930;7,0031110
11724;202000013002;20;1;2020;19:10;3;17;17175;1;1;1;3;RD 52 Route de Sainte l'Heurine;45,5545660; -0,3461570
11725;202000013004;29;2;2020;08:15;1;38;38253;2;1;1;6;Chemin de la Soldanelle;45,0147200;6,1255400
11726;202000013005;27;2;2020;15:35;1;67;67546;1;1;8;6;A4;48,7667246;7,6497871
11727;202000013006;27;1;2020;05:15;3;67;67049;1;1;1;6;D84;48,5121016;7,6218369
11728;202000013007;2;3;2020;08:50;1;90;90032;1;1;2;5;Autoroute A36 - PK 035.800;47,6194500;6,8585260
11729;202000013008;15;1;2020;21:15;3;976;97602;1;1;1;1;Bandraboua; -12,7093110;45,1191060
11730;202000013009;26;1;2020;21:15;2;03;03118;1;1;1;2;;46,0867328;3,1320085
11731;202000013011;17;1;2020;07:50;1;13;13069;1;6;1;2;7 Rue Cambo de Fedo;43,6261780;5,1504960
11732;202000013012;1;3;2020;07:30;2;38;38237;1;1;5;6;D1091;45,0383400;6,2084800
11733;202000013013;27;1;2020;08:45;1;973;97309;2;1;3;6;Route de Montjoly;4,9144910; -52,2742960
11734;202000013014;2;3;2020;14:55;1;26;26247;1;1;8;4;Route de LYON;45,1580120;4,8321820
11735;202000013015;27;1;2020;15:00;1;33;33122;1;1;2;6;151 Av Saint Jacques de Compostelle;44,7227700; -0,6845800
11736;202000013016;26;2;2020;12:10;1;11;11210;1;1;2;2;A61;43,1701307;2,7866650
11737;202000013018;29;2;2020;06:00;3;30;30189;1;1;2;6;autoroute A9 Point Kilométrique 046+500;43,8185970;4,3730630
11738;202000013019;2;3;2020;15:40;1;27;27517;1;1;8;6;A13;49,1295130;1,3206610
11739;202000013020;24;1;2020;20:17;3;44;44026;1;1;1;1;A11;47,2963460; -1,4437580
11740;202000013021;28;2;2020;16:20;1;987;98750;1;1;1;6;PK 6 DISTRICT DE AVERA; -16,8374680; -151,4031660
11741;202000013022;27;1;2020;08:10;1;976;97607;2;1;1;6;Rue Boboka; -12,8363280;45,1724500
11742;202000013023;2;3;2020;03:00;3;988;98830;2;1;2;7;RPN10; -20,7911000;165,2548200
11743;202000013024;26;1;2020;23:15;3;974;97419;2;1;1;6;328 - Route Nationale 2; -21,1529354;55,8210973
11744;202000013025;1;3;2020;13:00;1;988;98826;1;1;1;6;lieu dit Néhoué; -20,4180840;164,2252640
11745;202000013026;27;1;2020;08:05;1;973;97311;1;1;2;6;390 Avenue Jean Galmot;5,4923840; -53,9715260
11746;202000013028;26;1;2020;18:15;2;971;97119;1;1;1;1;Roujol;16,3631540; -61,4569670
11747;202000013029;1;3;2020;07:30;1;974;97415;2;1;1;1;Rue de la Cheminee; -21,0419840;55,2203830
11748;202000013030;25;1;2020;06:45;1;977;97701;2;9;1;3;la grande saline;17,8973400; -62,8286330
11749;202000013031;28;2;2020;19:20;2;974;97408;2;4;2;3;11 Rue de la Roche Glisse; -20,9656137;55,3325753
11750;202000013033;25;1;2020;17:00;1;971;97131;2;1;1;6;Rue du Marigot;15,8702350; -61,5792970
11751;202000013034;22;1;2020;14:45;1;45;45332;2;1;1;6;3 rue de langesse;47,8644333;2,6597911
11752;202000013035;22;1;2020;09:00;1;95;95554;1;1;7;4;RD 14 ;49,1752790;1,7525770
11753;202000013036;25;2;2020;21:00;5;973;97304;2;9;1;3;44 Rue Magne Marcel;5,1595003; -52,6420541
11754;202000013037;25;1;2020;13:00;1;84;84092;2;3;1;7;Chemin des Daulands;43,9854120;4,8734070
11755;202000013038;27;1;2020;17:10;1;83;83023;1;1;1;6;Route de Cabasse;43,4050160;6,1587600
11756;202000013039;27;1;2020;08:55;1;89;89388;1;1;3;-1;A6;47,9455280;3,2387350
11757;202000013040;1;3;2020;03:55;5;971;97117;1;1;1;1;RN 5 - route de la baie;16,3364380; -61,3728420
11758;202000013041;13;1;2020;07:15;1;971;97118;2;1;1;2;RN1;16,1731730; -61,5883260
11759;202000013042;29;2;2020;19:15;3;971;97115;1;3;1;1;Impasse de Vincent N 1;16,2728060; -61,6563250
11760;202000013043;4;3;2020;13:30;1;971;97131;1;1;1;7;Route de Bois Joli;15,8620260; -61,5950790
11761;202000013044;27;1;2020;09:05;1;26;26168;1;1;9;2;D1075;44,6676760;5,6973770
11762;202000013045;4;3;2020;08:30;1;971;97107;1;1;1;6;RN 1;16,0543150; -61,5677640
11763;202000013046;27;1;2020;18:30;5;01;01032;2;1;1;6;Route de Geneve;45,8561280;5,1338880
11764;202000013047;20;1;2020;15:40;1;33;33056;2;3;1;6;RUE DE FONGRAVEY / PARKING CENTRE DE LOISIRS FONGRAVEY;44,9173600; -0,6327500
11765;202000013048;28;2;2020;21:50;5;33;33199;2;1;1;1;204 Av du Mal de Lattre de Tassigny;44,6364500; -1,0903400
11766;202000013049;27;1;2020;15:13;1;22;22154;1;3;2;3;D786;48,5088526; -2,6091054
11767;202000013050;16;1;2020;19:30;3;13;13202;2;1;1;3;A55-Sens Marseille vers Martigues;43,3162430;5,3649180
11768;202000013051;26;1;2020;04:10;3;69;69152;1;1;8;6;A7   ;45,7077694;4,8303549
11769;202000013052;25;2;2020;20:50;3;37;37258;1;1;1;6;3 Rue de la Carrerie;47,1653916;0,1488373
11770;202000013054;26;1;2020;15:05;1;91;91182;1;1;8;6;RN 104;48,6124900;2,4305400
11771;202000013055;26;1;2020;11:15;1;91;91182;1;1;1;6;AUTOROUTE A6;48,6275900;2,4136300
11772;202000013056;29;2;2020;10:50;1;45;45155;1;6;3;6;D940 - PR 25+30;47,7446910;2,6870580
11773;202000013058;1;3;2020;13:50;1;77;77525;1;1;3;6;D27;49,0129350;2,7448010
11774;202000013060;28;2;2020;10:50;1;91;91195;1;3;8;3;13 Rue Bardeau;48,4488250;2,4670640
11775;202000013061;3;3;2020;18:45;3;78;78470;1;2;1;3;D176;48,5784070;1,7987700
11776;202000013062;29;2;2020;17:08;1;2B;2B057;1;1;1;6;cd817;42,2484550;9,5281930
11777;202000013064;26;1;2020;12:50;1;92;92025;1;1;1;2;A86;48,9285110;2,2396123
11778;202000013065;25;1;2020;22:10;5;92;92063;1;1;1;7;A86;48,8714572;2,1572570
11779;202000013066;28;2;2020;19:15;3;30;30307;1;1;8;6;N106;44,1731590;4,0485690
11780;202000013067;29;2;2020;06:00;3;11;11076;1;1;1;6;D6113;43,3305160;1,9145390
11781;202000013068;25;1;2020;16:45;1;78;78455;1;1;1;2;A13;48,8605840;2,0474650
11782;202000013069;26;1;2020;20:50;3;95;95018;1;1;1;6;AUTOROUTE A15;48,9621000;2,2684500
11783;202000013070;25;2;2020;11:20;1;11;11081;1;1;1;3;D11;43,3072710;2,5181870
11784;202000013071;26;1;2020;06:00;3;77;77294;1;1;2;2;A104;48,9690359;2,6003110
11785;202000013072;25;1;2020;13:30;1;976;97611;2;1;1;3;vahibe-Vietnam (rue); -12,7876600;45,1744400
11786;202000013073;24;1;2020;19:50;2;974;97409;1;9;1;3;RN2 SENS STE SUZANNE ST BENOIT; -20,9588100;55,6573300
11787;202000013074;25;1;2020;01:03;5;69;69387;2;1;1;2;CHAMBAUD DE LA BRUYERE              (BD);45,7222890;4,8421012
11788;202000013075;25;1;2020;18:35;5;972;97209;2;1;1;3;BALATA (ROUTE DE);14,6206900; -61,0694400
11789;202000013076;24;1;2020;21:15;4;972;97209;2;1;1;2;RD 41 (ROCADE);14,6109864; -61,0807800
11790;202000013077;25;1;2020;18:45;5;69;69034;2;1;1;3;PIERRE BRUNIER                      (R );45,7884000;4,8304000
11791;202000013078;25;1;2020;16:00;1;69;69389;2;1;1;2;SIDOINE APPOLINAIRE                 (AV);45,7692300;4,7976500
11792;202000013079;25;1;2020;07:45;1;69;69385;2;3;1;6;CHAMPVERT (DE)                      (R );45,7635995;4,7953514
11793;202000013080;25;1;2020;21:15;5;91;91286;2;1;1;2;ROUTE NATIONALE 7;48,6663700;2,3967100
11794;202000013081;25;1;2020;14:15;1;91;91223;2;6;1;2;MAI 1945 (AVENUE DU 8);48,4371400;2,1631300
11795;202000013082;24;1;2020;12:05;1;91;91479;2;2;1;3;ALEXANDRE DUMAS (AVENUE);48,7104100;2,3590200
11796;202000013083;25;1;2020;18:45;5;86;86194;2;1;1;6;Rue de la Chauvinerie;46,5868957;0,3286417
11797;202000013084;25;1;2020;01:45;4;83;83137;2;1;8;6;WEYGAND (AVE GENERAL);43,1203200;5,9490100
11798;202000013085;29;2;2020;19:05;5;34;34276;2;1;2;6;10 Avenue Coteaux de Montferrand;43,7659920;3,8658250
11799;202000013086;25;1;2020;03:50;5;77;77442;2;1;1;2;ROYALE (RUE) - D210;48,4286400;2,7501000
11800;202000013087;24;1;2020;15:00;1;76;76212;2;1;1;6;CARNOT. RUE SADI;49,4407800;1,1466200
11801;202000013088;22;1;2020;08:30;1;76;76114;2;1;1;6;DAMBOISE ALCIDE (RUE);49,5610000;0,4739000
11802;202000013089;25;1;2020;14:55;1;74;74281;2;1;1;6;GENEVE (AVE DE) JUSQUE CROISEE ANTHY;46,3575200;6,4503400
11803;202000013090;25;1;2020;14:50;1;64;64545;2;1;1;4;PAUL GELOS (RUE);43,3751400; -1,6781200
11804;202000013091;25;1;2020;19:30;5;64;64348;2;1;1;6;CHARLES DE GAULLE;43,3063623; -0,4040372
11805;202000013092;17;7;2020;12:50;1;94;94046;1;1;1;4;A86 INT;48,8086140;2,4487946
11806;202000013093;17;7;2020;05:00;3;94;94069;1;1;1;3;A4;48,8174408;2,4311863
11807;202000013094;1;1;2020;15:15;1;93;93005;2;9;1;3;MARC CHAGALL (BOULEVARD);48,9516788;2,4904990
11808;202000013095;16;7;2020;17:55;2;974;97407;2;1;1;3;ROUTE DU SACRE COEUR; -20,9569600;55,3140200
11809;202000013096;16;7;2020;07:35;1;974;97407;1;9;1;3;COMPAGNIE DES INDES (BD DE LA) ; -20,9453500;55,3244800
11810;202000013097;15;7;2020;13:20;1;974;97407;2;3;1;6;Armand GENSONNE - RIV. DES GALETS; -20,9574000;55,3127800
11811;202000013098;16;7;2020;15:50;1;69;69383;2;3;1;3;RANCY (DES)                         (R );45,7561400;4,8558000
11812;202000013099;16;7;2020;12:45;1;69;69388;2;2;1;6;EPARGNE (DE L')                     (R );45,7416000;4,8605000
11813;202000013100;16;7;2020;12:50;1;69;69383;2;1;1;2;VICTOR AUGAGNEUR                    (QU);45,7620100;4,8412500
11814;202000013101;16;7;2020;10:00;1;69;69259;1;1;1;3;LAURENT BONNEVAY                    (BD);45,7192686;4,8788253
11815;202000013102;16;7;2020;10:10;1;971;97101;1;3;1;1;PALAIS ROYAL;16,2886300; -61,4951400
11816;202000013103;16;7;2020;17:05;1;91;91201;2;3;1;3;RIS (RUE DE);48,6643100;2,4192400
11817;202000013104;16;7;2020;08:20;1;83;83069;2;1;1;3;Chemin Vx Chem de Toulon;43,1233900;6,1013800
11818;202000013105;16;7;2020;05:15;5;80;80021;2;1;1;1;ROGER DUMOULIN (AVENUE);49,9352100;2,2842600
11819;202000013106;13;7;2020;18:20;1;80;80021;2;1;1;2;QUATORZE JUILLET 1789 (AVENUE DU);49,8706750;2,2802530
11820;202000013107;13;7;2020;14:40;1;80;80725;2;1;1;2;ALBERT CAMUS (RUE);49,8709300;2,2604700
11821;202000013108;13;7;2020;12:15;1;80;80021;2;1;1;3;PAUL CLAUDEL (AVENUE);49,8755200;2,2785400
11822;202000013109;16;7;2020;23:20;1;77;77288;2;1;1;2;LINGENFELD (AVENUE DE);48,5432300;2,6600300
11823;202000013110;16;7;2020;09:30;1;76;76217;2;7;1;6;NATIONALE (PLACE);49,9200000;1,0796300
11824;202000013111;12;7;2020;03:40;3;74;74118;1;1;1;7;SAINT-JULIEN (ROUTE DE);46,1721100;6,2153700
11825;202000013112;16;7;2020;06:48;1;74;74010;2;4;1;4;BROGNY (AVENUE DE) (SECTEUR 410);45,9194600;6,1256600
11826;202000013113;11;7;2020;11:15;1;73;73065;2;1;1;4;D1006 GRAND VERGER (AVENUE DU);45,5797700;5,9091000
11827;202000013114;15;7;2020;16:25;1;71;71306;2;1;1;5;ALOUETTES (AVENUE DES);46,6801461;4,3644529
11828;202000013115;16;7;2020;13:55;1;62;62826;2;1;8;2;HERMITAGE (PLACE DE L');50,5187680;1,5948200
11829;202000013116;8;7;2020;11:20;1;61;61001;2;2;1;2;COLBERT (BOULEVARD);48,4364400;0,0775400
11830;202000013117;15;7;2020;15:30;1;60;60057;2;1;1;4;Boulevard Saint - André;49,4336100;2,0902700
11831;202000013118;14;7;2020;16:35;1;56;56260;1;1;2;7;RN 165 -SENS NANTES / LORIENT-;47,6685680; -2,7729730
11832;202000013119;16;7;2020;13:50;1;54;54079;1;1;1;5;D657;48,8773900;6,0579400
11833;202000013120;16;7;2020;17:16;1;45;45284;2;3;1;2;Rue Edouard Branly;47,9190700;1,9601500
11834;202000013121;19;6;2020;19:50;1;44;44109;2;1;1;6;RUE PAUL BELLAMY;47,2318700; -1,5646900
11835;202000013122;22;6;2020;19:15;1;44;44109;2;1;1;6;Allée Brancas;47,2139010; -1,5557070
11836;202000013123;10;6;2020;11:30;1;41;41269;2;1;1;6;DUNANT (RUE HENRI);47,7985400;1,0657300
11837;202000013124;16;7;2020;23:30;5;37;37122;2;1;1;7;DOUZILLIERE (RUE DE LA);47,3393284;0,6535388
11838;202000013125;15;7;2020;12:25;1;37;37122;2;1;1;4;RD 37;47,3468750;0,6462071
11839;202000013126;16;7;2020;18:50;1;35;35238;2;1;1;4;LORIENT (DE);48,1071500; -1,7190200
11840;202000013128;14;7;2020;06:25;1;34;34032;2;1;1;1;CLEMENCEAU GEORGES (AVENUE);43,3482500;3,2198700
11841;202000013130;16;7;2020;14:20;1;33;33249;1;1;1;6;RTE D'YVRAC;44,8802600; -0,5043000
11842;202000013131;16;7;2020;08:30;1;33;33550;2;3;1;4;AVE DES PYRENEES / ALL JACQUES BREL;44,7682500; -0,5636600
11843;202000013132;15;7;2020;15:10;1;32;32013;1;1;1;3;BARRAN (ROUTE DE);43,6444400;0,5271900
11844;202000013133;15;7;2020;23:35;5;31;31555;2;1;1;6;RUE VINCENT VAN GOGH;43,5629400;1,4015500