;Num_Acc;jour;mois;an;hrmn;lum;dep;com;agg;int;atm;col;adr;lat;long
11845;202000013134;15;7;2020;15:30;1;31;31555;1;1;1;2;Rocade Arc en ciel;43,5694800;1,3739000
11846;202000013135;16;7;2020;13:30;1;30;30189;2;2;1;3;MARECHAL JUIN (BOULEVARD);43,8210200;4,3472000
11847;202000013136;29;6;2020;20:22;2;30;30007;2;1;1;6;MOULIN (GRAND' RUE JEAN);44,1223200;4,0763300
11848;202000013137;15;7;2020;16:40;1;29;29254;1;1;1;-1; D19 - Route de Plouvorn;48,5754307; -3,8554294
11849;202000013138;17;7;2020;01:35;5;17;17300;2;9;1;6;LOUIS   AVENUE DU FORT;46,1557000; -1,1710000
11850;202000013139;16;7;2020;14:22;1;17;17300;2;1;1;6;CHAUDRIER   RUE;46,1607100; -1,1532400
11851;202000013140;16;7;2020;20:00;1;13;13216;2;1;1;7;RUISSEAU MI (RUE);43,3507200;5,3512300
11852;202000013141;16;7;2020;17:00;1;13;13205;2;2;1;3;LOUBIERE (RUE DE LA);43,2904910;5,3891113
11853;202000013142;16;7;2020;00:59;5;13;13214;2;1;1;6;ROLAND DORGELES (BOULEVARD);43,3461590;5,3806390
11854;202000013143;12;7;2020;00:10;5;13;13201;2;4;1;3;ADOLPHE THIERS (RUE);43,2985290;5,3853060
11855;202000013144;16;7;2020;18:30;1;13;13028;2;1;1;6;KENNEDY (AVENUE PRESIDENT JOHN FITZGERAL;43,1792760;5,6034330
11856;202000013145;16;7;2020;12:07;1;06;06127;2;1;8;-1;131 Avenue Charles de Caqueray;44,0707420;7,2547770
11857;202000013147;16;7;2020;11:00;1;06;06123;2;1;1;6;OSSOLA JEAN BOULEVARD;43,6621800;7,1935900
11858;202000013148;15;7;2020;15:00;1;05;05061;2;9;1;3;TOKORO ( RUE DE );44,5666400;6,0989200
11859;202000013149;16;7;2020;23:00;5;01;01053;2;3;1;1;TERRASSON ( RUE PIERRE);46,1911400;5,2310600
11860;202000013150;16;7;2020;09:00;1;75;75118;2;4;1;2;AVENUE DE LA PORTE DE LA CHAPELLE;48,8995230;2,3593830
11861;202000013152;16;7;2020;17:30;1;75;75113;2;5;8;3;AVENUE DES GOBELINS;48,8367750;2,3518410
11862;202000013153;15;7;2020;18:00;1;75;75113;2;3;1;3;BOULEVARD VINCENT AURIOL;48,8347220;2,3669800
11863;202000013154;16;7;2020;10:15;1;75;75112;2;1;1;7;QUAI DE BERCY;48,8378900;2,3766800
11864;202000013155;16;7;2020;15:25;1;75;75111;2;2;1;6;AVENUE PARMENTIER;48,8681140;2,3724610
11865;202000013156;16;7;2020;18:30;1;75;75109;2;7;1;6;RUE DE BRUXELLES;48,8830580;2,3294130
11866;202000013157;16;7;2020;09:40;1;75;75108;2;3;1;2;AVENUE DES CHAMPS ELYSEES;48,8713830;2,3025780
11867;202000013158;16;7;2020;00:50;5;75;75108;2;1;1;6;AVENUE DES CHAMPS ELYSEES;48,8700640;2,3067490
11868;202000013159;16;7;2020;13:20;1;75;75104;2;1;1;7;RUE DU RENARD;48,8580710;2,3517670
11869;202000013160;16;7;2020;14:35;1;94;94068;2;2;1;3;DOCTEUR ROUX (R DU);48,7872360;2,4885210
11870;202000013161;16;7;2020;18:05;1;94;94046;2;4;1;3;REPUBLIQUE (AV DE LA);48,8006640;2,4306930
11871;202000013162;16;7;2020;16:55;1;94;94038;2;1;1;2;HENRI THIRARD (R);48,7782400;2,3420200
11872;202000013164;16;7;2020;07:55;1;94;94033;2;1;2;4;MARECHAL DE LATTRE DE TASSIGNY (AV DU);48,8588800;2,4908900
11873;202000013165;15;7;2020;00:20;5;94;94033;2;1;1;-1;REPUBLIQUE (AV DE LA);48,8525000;2,4640000
11874;202000013166;16;7;2020;20:30;1;94;94011;2;6;1;3;BICENTENAIRE.(AVENUE DU);48,7656600;2,4887200
11875;202000013167;16;7;2020;13:35;1;93;93078;2;2;1;3;CLEMENCEAU (AVENUE GEORGES);48,9534800;2,5628800
11876;202000013168;16;7;2020;18:35;1;93;93071;2;1;2;3;R D'AULNAY;48,9396100;2,5129900
11877;202000013169;16;7;2020;15:35;1;93;93066;2;6;8;7;COKERIE;48,9209759;2,3642780
11878;202000013170;16;7;2020;11:00;1;93;93027;2;9;1;2;SALENGRO (AVENUE ROGER);48,9334501;2,3870749
11879;202000013171;14;7;2020;11:00;1;92;92050;2;2;1;2;JOLIOT CURIE F. ET IRENE AVENUE  N°PAIRS;48,8936855;2,2120457
11880;202000013173;16;7;2020;19:21;1;92;92026;2;2;1;3;ALBERT GLEIZES (AVENUE);48,8928010;2,2452340
11881;202000013174;16;7;2020;00:30;5;92;92024;2;1;1;5;JEAN JAURES (BD) DE (111 A 159);48,9069505;2,3006261
11882;202000013175;16;7;2020;11:43;1;92;92007;2;1;1;1;JAURES (AVENUE JEAN) N° 1 ET 2 A 24;48,8005737;2,3017202
11883;202000013177;17;7;2020;17:01;1;06;06161;1;1;1;3;Route du Bord de Mer;43,6266010;7,1332170
11884;202000013178;17;7;2020;17:55;1;81;81040;1;1;1;2;D83;43,7245910;2,0551620
11885;202000013179;16;7;2020;12:10;1;51;51217;2;6;1;7;Place du General de Gaulle;49,0745233;3,6383117
11886;202000013180;15;7;2020;13:59;1;83;83086;1;1;1;2;Route Nationale 7;43,4647950;6,5372730
11887;202000013182;15;7;2020;11:40;1;35;35363;1;1;8;4;RN 137;48,0033476; -1,6927879
11888;202000013183;7;7;2020;09:35;1;83;83019;2;6;1;2;Avenue Lou Mistraou;43,1390500;6,3515890
11889;202000013184;17;7;2020;07:00;1;72;72187;1;1;1;1;D338;47,8090030;0,3445680
11890;202000013185;17;7;2020;07:35;1;41;41173;1;2;1;3;Route de Mézières;47,8861040;1,5313270
11891;202000013186;16;7;2020;17:15;1;22;22114;1;1;1;6;Saint Régent;48,2285290; -2,2808650
11892;202000013187;16;7;2020;19:45;2;74;74157;2;2;8;3;42 Chemin des Vallières;46,3412170;6,5157030
11893;202000013188;10;7;2020;22:40;5;57;57191;2;3;1;3;1 Chemin des Vignes;49,3630880;6,2913140
11894;202000013189;10;7;2020;18:50;1;19;19264;1;1;1;7;La Pradeau;45,2509153;2,1956187
11895;202000013191;15;7;2020;12:30;1;2B;2B283;1;9;1;5;T10;41,8699000;9,3972270
11896;202000013192;16;7;2020;15:20;1;32;32065;1;1;1;6;D939;43,6568120;0,4029750
11897;202000013193;17;7;2020;00:30;3;55;55573;1;1;1;6;Route Nationale 4;48,6906130;5,6121470
11898;202000013194;16;7;2020;21:00;2;42;42318;2;1;1;6;Route de Sauvessange;45,3823350;3,9041000
11899;202000013195;16;7;2020;12:00;1;42;42092;2;2;1;3;Rue du 8 Mai;45,4857930;4,3795060
11900;202000013196;12;7;2020;10:55;1;46;46328;1;1;1;6;D911;44,3954510;1,7064540
11901;202000013197;15;7;2020;20:40;1;44;44056;2;3;1;3;Rue des Sports;47,4092200; -1,7946450
11902;202000013198;17;7;2020;11:50;1;15;15004;1;1;8;7;RD 679;45,0617906;3,0844438
11903;202000013199;17;7;2020;07:50;1;01;01034;2;3;1;3;381 Route du Bourg;45,7671300;5,6915350
11904;202000013200;12;7;2020;15:10;1;26;26243;2;4;1;6;445 Montee de la Commanderie;44,5338810;5,0115140
11905;202000013201;16;7;2020;15:15;1;06;06110;1;1;8;7;M30;44,0965740;7,0559320
11906;202000013202;11;7;2020;11:00;1;14;14293;1;1;1;6;D143a;49,1659360;0,3772260
11907;202000013203;16;7;2020;18:30;1;14;14406;2;3;7;3;1 Chemin de la Baronnie;49,2527610; -0,5609090
11908;202000013204;12;7;2020;15:30;1;14;14377;1;1;1;7;D514;49,3355000; -0,6938840
11909;202000013205;17;7;2020;16:11;1;14;14468;1;6;1;7;RD572;49,2330940; -0,7669580
11910;202000013206;12;7;2020;10:55;1;50;50003;2;1;1;6;93 Avenue du Passous;49,0410500; -1,5824440
11911;202000013207;14;7;2020;02:45;3;50;50072;1;1;1;7;Le Haut de Montsurvent;49,0862800; -1,4841230
11912;202000013208;17;7;2020;03:00;5;60;60156;2;1;1;6;Rue de la Poste;49,4410780;2,8448900
11913;202000013209;15;7;2020;15:50;1;18;18015;2;1;1;6;13 Avenue Charles Lefébvre;47,4915300;2,4396100
11914;202000013210;20;6;2020;10:05;1;24;24312;2;1;1;1;D8;45,1219180;0,7153370
11915;202000013212;17;7;2020;11:45;1;85;85023;1;1;1;2;D19;46,5379500; -1,1987700
11916;202000013214;13;7;2020;14:50;1;88;88369;2;1;1;3;1 Rue du Champ;47,8900690;6,7268800
11917;202000013215;17;7;2020;00:50;5;88;88288;2;2;1;6;3 Le Village;48,2491580;6,1564370
11918;202000013216;15;7;2020;17:00;1;973;97309;2;3;1;3;Route de Rémire;4,9063442; -52,2730103
11919;202000013217;17;7;2020;16:53;1;74;74221;1;1;1;3;D4;46,0065936;6,5177644
11920;202000013218;9;7;2020;11:15;1;51;51454;1;1;1;2;A344;49,2339734;4,0393609
11921;202000013219;16;7;2020;10:05;1;69;69007;1;9;1;4;Route Departementale 386;45,4998030;4,8270060
11922;202000013220;9;7;2020;10:00;1;971;97125;2;1;1;2;Avenue de l'Europe;16,2546580; -61,2700550
11923;202000013221;15;7;2020;13:30;1;30;30155;1;1;1;6;D999;43,8298210;4,4606210
11924;202000013222;17;7;2020;00:50;3;11;11383;1;1;1;7;D113;43,3606090;1,9152260
11925;202000013223;17;7;2020;17:22;1;34;34166;1;1;1;1;Chateau de Coussergues;43,3527380;3,3479980
11926;202000013224;14;9;2020;14:28;1;57;57047;2;1;1;3;2 Rue du 3 Juin;49,1046070;6,5938250
11927;202000013225;15;9;2020;11:30;1;74;74031;1;2;1;3;D1201;46,0939260;6,1039670
11928;202000013226;13;7;2020;15:25;1;83;83053;1;1;1;5;Dn8;43,1583610;5,8358970
11929;202000013230;17;7;2020;12:15;1;13;13022;1;1;1;5;D559;43,2181800;5,5808190
11930;202000013231;15;9;2020;15:55;1;38;38442;1;1;1;6;pic de l'oreillette;45,3488650;5,7805900
11931;202000013232;15;9;2020;16:05;1;38;38442;1;1;1;6;Les Marrons;45,3232040;5,7947090
11932;202000013233;16;7;2020;17:50;1;88;88458;2;1;1;2;D157;48,3928190;6,2567240
11933;202000013236;14;9;2020;15:10;1;40;40125;2;1;1;7;Route de Bardeuy;43,6485130; -1,0530250
11934;202000013237;15;9;2020;13:25;1;44;44047;1;1;1;7;Route de la Grande Vallée;47,2245810; -1,7760520
11935;202000013238;17;7;2020;04:23;3;03;03120;1;3;1;2;;46,6294977;3,7082411
11936;202000013239;11;9;2020;12:00;1;14;14365;2;2;1;3;Avenue Henri de Blagny;49,3014200; -0,3295940
11937;202000013240;15;9;2020;17:55;1;76;76647;2;1;1;6;15 Rue Saint Michel;49,5279050;0,3595160
11938;202000013243;10;9;2020;12:45;1;59;59183;1;1;1;2;AUTOROUTE A16;51,0114730;2,3400410
11939;202000013244;11;7;2020;23:45;3;33;33553;1;1;1;2;N10;45,0170500; -0,4267020
11940;202000013245;14;9;2020;17:25;1;91;91570;1;1;1;4;RN 104;48,6249000;2,3287000
11941;202000013247;16;7;2020;22:55;3;85;85211;1;2;1;3;Le Tablier;46,5954600; -1,5391300
11942;202000013248;14;9;2020;18:15;1;78;78455;1;1;1;3;A13;48,8602370;2,0481590
11943;202000013249;17;7;2020;08:50;1;85;85300;1;3;1;3;RD 4;46,6548000; -1,5102500
11944;202000013250;14;9;2020;17:00;1;93;93005;1;1;1;2;AUTOROUTE A3;48,9651900;2,4754700
11945;202000013251;14;9;2020;13:45;1;95;95682;1;1;7;7;RN 104;49,0664897;2,3758992
11946;202000013253;14;9;2020;00:45;5;93;93066;1;1;1;2;AUTOROUTE A1;48,9025700;2,3586000
11947;202000013254;17;7;2020;01:40;4;02;02282;1;1;1;2;D1044;49,5559810;3,7085290
11948;202000013255;17;7;2020;08:00;1;59;59423;1;1;1;7;Rue de Cassel;50,6602480;2,6721680
11949;202000013256;16;7;2020;14:38;1;13;13202;1;1;1;2;TVPCM-Sens Saint Victor vers Les Ports;43,2919270;5,3659820
11950;202000013257;15;7;2020;12:15;1;13;13215;1;1;1;3;A55-Sens Martigues vers Marseille;43,3586500;5,3441200
11951;202000013258;15;7;2020;17:20;1;13;13215;1;1;1;2;A7-Sens Lyon vers Marseille;43,3506600;5,3423600
11952;202000013259;2;2;2020;18:45;5;69;69266;1;1;2;4;RD383   3.750 A 7.640;45,7648000;4,9073000
11953;202000013260;15;7;2020;16:10;1;13;13215;1;1;1;2;A7-Sens Lyon vers Marseille;43,3905600;5,3513300
11954;202000013261;13;9;2020;15:30;1;988;98818;2;2;2;3;AVENUE DES FRERES CARCOPINO; -22,2802000;166,4432800
11955;202000013262;15;7;2020;10:30;1;13;13015;1;1;1;2;A51 vers Marseille;43,4447890;5,3957970
11956;202000013263;13;9;2020;10:55;1;973;97302;2;1;7;3;MONTABO (ROUTE DE) 1;4,9421923; -52,3049855
11957;202000013264;12;9;2020;16:56;1;973;97302;2;1;1;3;RABAN (ROUTE DE);4,9338726; -52,3135001
11958;202000013265;12;9;2020;12:20;1;973;97302;2;3;1;3;TIGRE (ROUTE DU);4,9151791; -52,3107514
11959;202000013266;12;9;2020;19:45;2;69;69387;2;1;1;3;LECLERC                             (AV);45,7448900;4,8308600
11960;202000013267;11;7;2020;14:20;1;59;59449;1;1;1;2;AUTOROUTE A23;50,4691772;3,2318103
11961;202000013268;11;7;2020;17:17;1;59;59574;1;1;1;6;AUTOROUTE A 21;50,3676171;3,2603817
11962;202000013269;13;9;2020;02:40;5;69;69386;2;1;1;3;CHARLES DE GAULLE                   (QU);45,7848500;4,8514400
11963;202000013270;12;7;2020;11:10;1;59;59143;1;1;1;2;AUTOROUTE A25;50,6568507;2,9043028
11964;202000013271;13;9;2020;00:40;5;69;69383;2;1;1;3;CREQUI (DE)                         (R );45,7592700;4,8479200
11965;202000013272;13;9;2020;05:10;5;972;97213;1;9;1;3;VIEUX CHEMIN CALIFORNIE (RUE DU);14,6183900; -61,0314400
11966;202000013273;12;9;2020;12:10;1;972;97209;1;1;1;3;BALATA (ROUTE DE);14,6341500; -61,0730800
11967;202000013274;15;7;2020;22:20;3;91;91689;1;1;1;5;AUTOROUTE A6B;48,7434400;2,3232100
11968;202000013275;13;9;2020;21:38;3;95;95252;2;1;1;7;CHEMIN NEUF (RUE DU);48,9774000;2,2284000
11969;202000013276;15;7;2020;11:15;1;92;92050;1;1;1;2;A86;48,9044147;2,2078903
11970;202000013277;16;7;2020;18:15;1;93;93064;1;1;1;3;AUTOROUTE A86;48,8685900;2,4821300
11971;202000013278;13;9;2020;19:40;2;91;91174;2;3;1;2;Emile ZOLA (rue);48,6215000;2,4662000
11972;202000013279;16;7;2020;11:00;1;95;95306;1;1;1;7; A15;49,0062500;2,1640900
11973;202000013281;15;7;2020;13:45;1;95;95277;1;1;1;6; A3;48,9738100;2,4883720
11974;202000013282;12;9;2020;22:24;5;85;85191;2;3;1;3;Place Napoléon;46,6711400; -1,4269700
11975;202000013283;15;7;2020;09:40;1;95;95678;1;1;1;2;RN 184;49,0731600;2,2326800
11976;202000013284;13;9;2020;17:39;1;83;83137;2;2;1;-1;LYAUTEY (AVE MARECHAL);43,1279070;5,9222960
11977;202000013285;16;7;2020;10:00;1;94;94028;1;1;1;2;RN406.Y;48,7747787;2,4444004
11978;202000013286;13;9;2020;16:00;1;83;83137;2;2;1;2;CLEMENCEAU (BD GEORGES);43,1226700;5,9391800
11979;202000013287;16;7;2020;08:20;1;94;94052;1;1;2;7;A86.EXT;48,8325671;2,4925325
11980;202000013289;13;9;2020;19:05;1;69;69256;2;1;1;6;MARIUS GROSSO                       (R );45,7630300;4,9305200
11981;202000013290;13;5;2020;15:45;1;59;59588;1;4;1;3;BRANCHE VC 5;51,0226300;2,4196900
11982;202000013291;13;9;2020;18:45;1;69;69266;2;1;1;3;GABRIEL PERI         (Rue);45,7711445;4,8641997
11983;202000013292;15;7;2020;17:05;1;974;97411;2;2;1;6;Avenue de la victoire; -20,8766310;55,4478480
11984;202000013293;13;9;2020;12:05;1;69;69266;2;1;1;6;LOUIS ADAM       (Rue);45,7690000;4,8718000
11985;202000013294;10;9;2020;10:30;1;62;62023;1;3;1;3;RD 943;50,5471000;2,5236000
11986;202000013295;15;7;2020;18:00;1;69;69388;2;2;1;3;JOSEPH CHAPELLE                     (R );45,7344200;4,8660900
11987;202000013297;14;7;2020;20:20;1;69;69383;2;1;1;3;GAMBETTA                            (CO);45,7512175;4,8547463
11988;202000013299;15;7;2020;16:10;1;69;69385;2;1;2;7;CHOULANS (DE)                       (CH);45,7539000;4,8173100
11989;202000013300;13;9;2020;21:50;5;59;59350;2;1;1;2;TOURNAI PONT DE;50,6223100;3,0899000
11990;202000013301;15;7;2020;12:45;1;69;69202;2;1;8;4;MONTRAY (DE)                        (CH);45,7364800;4,7973600
11991;202000013302;13;9;2020;20:40;5;37;37261;2;1;1;2;MALRAUX (QUAI ANDRE);47,3975885;0,6976161
11992;202000013303;15;7;2020;11:00;1;69;69202;2;1;2;3;PRES (DES)                          (CH);45,7450000;4,7940000
11993;202000013304;13;9;2020;14:55;1;35;35238;2;2;1;3;ALMA (DE L');48,0973800; -1,6750900
11994;202000013305;14;7;2020;10:30;1;69;69381;2;1;1;2;ST VINCENT                          (QU);45,7679018;4,8208655
11995;202000013306;13;9;2020;00:50;5;34;34172;2;1;1;6;LIBERTE (AVENUE DE LA;43,6129300;3,8228300
11996;202000013308;13;9;2020;04:30;3;34;34003;2;1;1;7;CHIMINIE (F20 A H21;43,3111800;3,4902100
11997;202000013312;15;7;2020;21:20;2;91;91201;2;2;1;3;MARCEL LINARD(AVENUE);48,6929000;2,4148700
11998;202000013313;13;9;2020;12:53;1;29;29039;2;6;1;6;Avenue Robert Jan;47,8778459; -3,9250284
11999;202000013315;14;7;2020;00:50;5;87;87085;2;2;1;3;RUBEN (AVENUE ERNEST);45,8253000;1,2509100
12000;202000013316;13;9;2020;09:28;1;17;17306;2;6;7;-1;HEDDE (AVENUE DANIEL);45,6364400; -1,0287200
12001;202000013317;13;7;2020;16:00;1;85;85194;1;1;1;3;Rue des Plesses;46,4940500; -1,7494600
12002;202000013318;13;9;2020;20:30;5;17;17300;2;1;1;7;REPUBLIQUE   BOULEVARD DE LA;46,1411600; -1,1577900
12003;202000013319;13;7;2020;17:35;1;85;85191;2;2;1;3;Boulevard Stéphane Moreau;46,6640300; -1,4111600
12004;202000013320;13;9;2020;04:50;5;17;17274;2;1;1;7;JOLIOT-CURIE   AVENUE;46,1555900; -1,1102600
12005;202000013321;15;7;2020;17:40;1;83;83123;2;9;1;6;GARE (ROUTE);43,1216740;5,8188930
12006;202000013322;13;9;2020;17:50;1;14;14118;2;3;1;1;CHERON (AVENUE HENRI);49,1713400; -0,3989700
12007;202000013323;12;7;2020;19:35;1;83;83129;1;1;1;6;Corniche du Cros;43,0794210;5,8053740
12008;202000013324;11;9;2020;18:00;1;13;13211;2;1;1;6;AUDIENCE (RUE DE L');43,2965600;5,4853350
12009;202000013325;10;7;2020;08:00;1;83;83123;2;1;1;2;GARE (ROUTE);43,1216740;5,8188930
12010;202000013326;13;9;2020;12:35;1;13;13205;2;2;1;2;JEAN MOULIN (BOULEVARD);43,2923000;5,4011600
12011;202000013327;13;7;2020;16:00;1;83;83069;2;1;1;3;MOULIN PREMIER ( CARREFOUR DU );43,1220000;6,1530000
12012;202000013329;13;9;2020;11:15;1;13;13205;2;2;1;3;FERRARI (RUE);43,2929000;5,3929290
12013;202000013330;14;7;2020;01:50;3;77;77053;1;6;1;7;D316 - D319;48,6838245;2,6358316
12014;202000013331;12;9;2020;20:20;5;13;13208;2;1;1;3;pointe rouge (ave);43,2475300;5,3744000
12015;202000013332;14;7;2020;18:35;1;77;77186;1;2;1;3;RD 142 Glandée au grand veneur;48,4808600;2,6669800
12016;202000013333;13;9;2020;12:00;1;13;13005;2;3;1;3;NATIONALE 8 DE PARIS A TOULON (ROUTE);43,2866300;5,5857900
12017;202000013334;12;9;2020;19:20;1;13;13001;2;9;1;6;EUROPE (AV );43,5240155;5,4340090
12018;202000013336;18;6;2020;16:39;1;74;74281;2;1;1;6;MOREL (RUE FRANCOIS);46,3698000;6,4775000
12019;202000013337;13;9;2020;19:05;1;09;09122;2;1;1;6;DE GAULLE (AVENUE DU GENERAL);42,9635600;1,6087520
12020;202000013338;13;9;2020;06:48;1;75;75106;2;1;1;6;BOULEVARD SAINT GERMAIN;48,8519070;2,3410780
12021;202000013339;15;7;2020;05:55;5;64;64102;2;9;1;1;FAIENCERIE(Rond Point de la);43,4931800; -1,4915100
12022;202000013340;13;9;2020;01:30;5;75;75106;2;2;1;1;RUE DE SEVRES;48,8502360;2,3241650
12023;202000013341;13;7;2020;08:40;1;59;59178;2;2;1;3;RHIN ET DANUBE (RUE);50,3907400;3,0810300
12024;202000013343;15;7;2020;13:00;1;57;57463;2;1;1;3;MERCY (RUE DE );49,0920000;6,2460000
12025;202000013344;13;7;2020;21:45;1;56;56121;2;3;1;1;FOCH (RUE  MARECHAL );47,7496500; -3,3596500
12026;202000013345;13;7;2020;20:55;1;55;55029;2;1;1;3;POINCARE ( BOULEVARD RAYMOND );48,7760615;5,1571155
12027;202000013347;15;7;2020;09:50;1;54;54547;2;1;2;6;BARTHOU (BD LOUIS);48,6697453;6,1880352
12028;202000013348;13;9;2020;16:10;1;75;75119;2;3;1;2;RUE DAVID D ANGERS;48,8825950;2,3904320
12029;202000013349;15;7;2020;18:39;1;51;51454;2;1;1;7;Place du Forum;49,2562440;4,0336432
12030;202000013350;12;9;2020;21:10;5;75;75118;2;3;1;3;BOULEVARD ORNANO;48,8926950;2,3488260
12031;202000013351;13;9;2020;19:25;2;75;75113;2;3;1;3;BOULEVARD VINCENT AURIOL;48,8354830;2,3692800
12032;202000013352;13;9;2020;10:45;1;75;75113;2;1;1;3;QUAI D AUSTERLITZ;48,8402580;2,3702100
12033;202000013353;13;9;2020;17:00;1;75;75112;2;1;1;3;AVENUE DE GRAVELLE;48,8240850;2,4267540
12034;202000013354;13;9;2020;09:57;1;75;75111;2;1;1;6;RUE DE L ORILLON;48,8697690;2,3749070
12035;202000013355;13;9;2020;03:20;5;75;75107;2;4;1;7;BOULEVARD SAINT GERMAIN;48,8563780;2,3254240
12036;202000013356;13;9;2020;15:20;1;75;75101;2;3;1;3;BOULEVARD DE SEBASTOPOL;48,8629180;2,3506940
12037;202000013357;13;9;2020;12:00;1;75;75101;2;1;1;7;SOUTERRAIN TUILERIES;48,8609670;2,3292590
12038;202000013358;13;9;2020;08:15;1;75;75101;2;2;1;3;RUE DE RIVOLI;48,8609300;2,3408600
12039;202000013360;13;9;2020;15:05;1;93;93072;2;2;1;3;MAXIME GORKI (BOULEVARD) DES N°1 AU 87;48,9521000;2,3847000
12040;202000013361;13;9;2020;18:25;1;93;93051;2;3;1;1;HETRES;48,8295100;2,5606000
12041;202000013363;12;9;2020;23:50;4;93;93031;2;2;1;1;MARSEILLE (RUE DE);48,9581042;2,2938539
12042;202000013364;13;9;2020;01:15;5;93;93027;2;9;1;6;HUIT-MAI-1945 (PLACE DU);48,9208000;2,4103000
12043;202000013365;13;9;2020;11:00;1;93;93014;2;1;1;2;JEAN MOULIN (AVENUE);48,9079146;2,5555216
12044;202000013366;5;9;2020;06:35;5;92;92033;2;1;1;7;ATHIME RUE;48,8448464;2,1869139
12045;202000013367;13;9;2020;16:45;1;92;92040;2;1;1;6;GALLIENI (BOULEVARD);48,8228811;2,2679642
12046;202000013368;13;9;2020;20:00;2;92;92012;2;1;1;2;ANDRE MORIZET (AVENUE) 1/47 - 2/52;48,8341813;2,2426471
12047;202000013369;13;9;2020;19:20;1;92;92002;2;1;1;6;DIVISION LECLERC (53 A 217 - 58 A 186);48,7466486;2,3036477
12048;202000013370;14;9;2020;07:10;1;37;37040;1;3;1;3;;47,0862736;0,4012294
12049;202000013371;13;9;2020;15:40;1;16;16366;1;1;1;6;Lieu dit les Chardonnerets;45,6115990; -0,2297220
12050;202000013372;12;9;2020;16:00;1;22;22361;1;2;1;-1;PONT HERY;48,5909440; -2,9431340
12051;202000013373;14;9;2020;15:15;1;31;31547;2;1;1;6;Route de Fonsorbes;43,5063570;1,2990570
12052;202000013374;14;9;2020;16:00;1;10;10349;1;1;1;1;D619;48,3432010;4,0080790
12053;202000013375;12;9;2020;18:00;2;972;97226;1;1;1;1;Cap Chevalier;14,4438140; -60,8346480
12054;202000013376;16;8;2020;14:55;1;972;97227;2;1;1;7;Quartier Trou au Diable;14,4876120; -60,9182400
12055;202000013377;13;9;2020;19:30;1;29;29266;1;1;1;6;N12 - Saint-Thégonnec Loc-Eguiner;48,5399380; -3,9104030
12056;202000013378;13;9;2020;16:15;1;59;59022;2;1;1;-1;Rue Henri Dhennin;50,5260400;3,0624200
12057;202000013379;14;9;2020;09:10;1;65;65272;1;1;1;2;RD 817;43,1999480;0,1951900
12058;202000013380;13;9;2020;19:00;1;22;22185;1;1;1;1;Les Champs Pledran;48,3813200; -2,3850310
12059;202000013381;13;9;2020;09:00;1;22;22239;1;1;1;3;.;48,3532830; -2,1199430
12060;202000013382;12;9;2020;22:50;3;51;51613;1;1;1;2;D944;49,1848660;4,1613290
12061;202000013383;14;9;2020;08:00;1;2A;2A271;1;1;1;3;RT 22 Caldaniccia;41,9532990;8,7891810
12062;202000013384;11;9;2020;16:00;1;31;31150;1;1;1;3;N224;43,6619110;1,3551860
12063;202000013385;13;9;2020;15:25;1;71;71009;2;1;1;7;D2;47,0843480;4,0915920
12064;202000013386;14;9;2020;11:30;1;80;80533;2;6;1;3;D925;50,0599730;1,4089750
12065;202000013387;13;9;2020;21:10;3;55;55326;1;1;1;6;Chemin de la Forestiere;48,6622330;5,2549090
12066;202000013388;14;9;2020;09:45;1;29;29086;1;3;1;6;D33 - 186 Lieu-dit le Bot;48,3593747; -4,2418375
12067;202000013389;13;9;2020;18:30;3;68;68296;1;1;1;2;Autoroute 35;48,2160540;7,4013050
12068;202000013390;14;9;2020;17:30;1;68;68155;1;1;1;7;D1b;48,1028750;7,3029790
12069;202000013391;13;9;2020;09:50;1;39;39573;1;1;1;7;Rue de Choisey;47,0456950;5,4902240
12070;202000013392;13;9;2020;15:15;1;25;25029;1;1;1;7;D67;47,0217100;6,3051870
12071;202000013393;13;9;2020;18:05;1;29;29221;2;6;1;1;D27 - 8 Rue de l'Europe;48,5108230; -4,7648640
12072;202000013395;13;9;2020;16:35;1;38;38271;2;1;1;6;Rue de la Libération;45,1932400;5,8201500
12073;202000013396;14;9;2020;15:40;1;26;26108;1;9;1;3;Chaufonde  - D93;44,7310990;5,0152920
12074;202000013397;13;9;2020;20:45;3;72;72161;1;9;1;7;vieille cour;47,7610790;0,5654440
12075;202000013398;14;9;2020;08:50;1;72;72329;1;2;1;-1;24 Rue de la Pelouse;48,0724370;0,3013190
12076;202000013400;13;9;2020;23:20;3;50;50483;1;1;1;6;D972;49,1031930; -1,1629630
12077;202000013401;10;9;2020;16:15;1;83;83145;1;1;9;1;D554;43,6084880;5,9506520
12078;202000013402;13;9;2020;20:45;3;60;60441;1;1;1;3;Rue du Bois de Lihus;49,4023720;2,6216980
12079;202000013403;13;9;2020;15:30;1;60;60206;1;1;1;7;D142;49,5279270;2,8166650
12080;202000013404;13;9;2020;17:30;1;43;43012;2;1;1;1;37 Route de Saint-paul;45,3848029;4,2247962