;Num_Acc;jour;mois;an;hrmn;lum;dep;com;agg;int;atm;col;adr;lat;long
12081;202000013406;12;9;2020;13:15;1;43;43092;1;1;1;6;Route de Tence;44,9808050;4,2273710
12082;202000013407;12;9;2020;10:05;1;10;10011;1;1;1;7;Le Moulin Rouge;48,2519480;4,7502780
12083;202000013408;15;8;2020;08:20;1;16;16106;1;1;1;6;Lieu dit Le Petit Couividat;46,0289580;0,6459720
12084;202000013409;13;9;2020;16:40;1;21;21256;1;1;1;2;Rue de Bourgogne;47,3236503;5,3081775
12085;202000013410;13;9;2020;20:45;3;40;40326;1;1;1;6;1382 Route de Pichelebe;43,9150070; -1,3210840
12086;202000013411;11;9;2020;17:15;1;28;28273;1;2;1;3;D30;48,2102180;1,0087250
12087;202000013412;14;9;2020;11:12;1;23;23016;1;1;1;6;D941;45,9581400;2,0145810
12088;202000013413;13;9;2020;16:30;1;87;87046;1;4;7;3;D10;45,8251810;1,0453370
12089;202000013414;14;9;2020;14:40;1;30;30004;1;1;1;7;D1;43,7134250;4,2145010
12090;202000013415;13;9;2020;19:00;1;52;52470;2;3;1;3;1 Grande Rue;47,9917450;5,7380660
12091;202000013416;14;9;2020;08:40;1;88;88468;2;3;7;3;35 Avenue de Verdun;47,8835820;6,7578420
12092;202000013417;13;9;2020;18:45;1;21;21131;1;1;1;7;A36;47,0324520;5,1661660
12093;202000013418;13;9;2020;14:30;1;62;62731;1;1;1;6;6 Rue de Saint-quentin;50,0848809;3,0364269
12094;202000013419;12;9;2020;23:00;3;987;98740;2;1;1;6;Quai de Ohotu - Avatoru; -14,9719260; -147,6344380
12095;202000013420;14;9;2020;13:00;1;973;97311;2;1;1;7;Route Saint Maurice;5,4912610; -54,0306650
12096;202000013421;14;9;2020;04:00;3;973;97311;1;1;1;6;PK11 - 1975 rte de st jean;5,4046309; -54,0624970
12097;202000013424;12;9;2020;20:10;5;972;97230;2;1;1;1;Tartane;14,7598970; -60,9181270
12098;202000013425;13;9;2020;09:30;1;29;29233;1;1;1;2;Gare de la Foret;47,8434970; -3,5789900
12099;202000013428;3;9;2020;12:20;1;45;45227;1;2;1;3;D953 PR 1 + 30;47,7189035;2,5767506
12100;202000013429;15;8;2020;14:30;1;84;84004;1;1;1;-1;Avenue-jean-henri-fabre;44,1004070;5,0039290
12101;202000013431;22;8;2020;18:00;1;83;83107;1;1;1;1;D559;43,3556170;6,7152270
12102;202000013433;10;9;2020;11:30;1;71;71453;1;9;1;7;les têtes;46,2476645;4,0527548
12103;202000013434;12;9;2020;07:50;2;38;38537;1;1;1;1;Rue des Alpes;45,6286360;5,1586070
12104;202000013435;13;9;2020;09:55;1;26;26059;1;1;1;6;Route de l'Echarasson;44,9721000;5,3271030
12105;202000013436;12;9;2020;10:35;1;07;07042;2;9;1;3;Intermarché (Carburant);44,3823790;4,6416650
12106;202000013437;13;9;2020;20:53;3;17;17100;1;1;1;3;D24;45,6869450; -0,4321570
12107;202000013438;12;9;2020;08:20;2;29;29179;1;1;1;6;6 Lieu-dit Kerfelgar;48,5198853; -4,3092629
12108;202000013439;14;9;2020;12:40;1;80;80002;1;1;1;2;A1;49,8350990;2,8291590
12109;202000013440;14;9;2020;08:45;1;80;80186;1;1;1;2;A1;49,8063630;2,8150750
12110;202000013441;13;9;2020;18:45;1;13;13215;1;1;1;3;A7-Sens Lyon vers Marseille;43,3629105;5,3608507
12111;202000013442;13;9;2020;18:20;1;13;13215;1;1;1;2;A7-Sens Lyon vers Marseille;43,3596550;5,3619860
12112;202000013443;12;2;2020;21:15;3;13;13215;1;1;1;3;A7-Sens Lyon vers Marseille;43,3641200;5,3610800
12113;202000013444;12;9;2020;19:50;2;13;13214;1;1;1;6;A7-Sens Lyon vers Marseille;43,3303000;5,3777000
12114;202000013446;13;9;2020;18:20;1;91;91659;1;1;1;5;AUTOROUTE A6;48,5917800;2,4451600
12115;202000013448;13;9;2020;15:40;1;92;92036;1;1;1;2;A86;48,9360068;2,2884313
12116;202000013449;13;9;2020;00:30;3;78;78297;1;1;1;6;RN12;48,7877500;2,0655800
12117;202000013451;13;9;2020;18:10;1;93;93008;1;1;1;-1;AUTOROUTE A86;48,9085900;2,4503300
12118;202000013453;13;9;2020;15:50;1;93;93066;1;1;1;4;AUTOROUTE A1;48,9193600;2,3575300
12119;202000013454;13;9;2020;13:35;1;93;93007;1;1;1;2;AUTOROUTE A1;48,9549300;2,4573100
12120;202000013455;13;9;2020;08:30;1;93;93053;1;1;1;6;AUTOROUTE A3;48,8838100;2,4667400
12121;202000013456;13;9;2020;09:10;1;95;95212;1;1;1;2;A1;49,0259300;2,5364700
12122;202000013457;12;9;2020;21:00;3;93;93039;1;1;1;5;AUTOROUTE A86;48,9274700;2,3335400
12123;202000013458;13;9;2020;17:35;1;94;94044;1;1;1;6;RN406.Y;48,7635558;2,4647593
12124;202000013459;13;9;2020;12:20;1;94;94069;1;1;1;2;A4;48,8173718;2,4349508
12125;202000013460;13;9;2020;09:25;1;94;94046;1;1;1;2;A86 EXT;48,8052060;2,4488296
12126;202000013461;12;9;2020;20:30;3;94;94046;1;1;1;2;A86 EXT;48,8118278;2,4491292
12127;202000013462;12;9;2020;20:15;3;94;94017;1;1;1;4;A86.INT;48,8297175;2,4830468
12128;202000013463;12;9;2020;21:10;3;974;97416;1;1;1;6;ANCIENNE RN 1; -21,3222500;55,4448400
12129;202000013464;12;9;2020;16:25;1;974;97409;2;1;1;2;Chemin Lagourgue; -20,9442310;55,6669200
12130;202000013465;12;9;2020;09:15;1;973;97302;2;1;1;7;ZEPHIR (ROCADE);4,9375613; -52,3067159
12131;202000013466;11;9;2020;21:46;4;973;97302;1;1;1;-1;ROUTE NATIONALE 3;4,9052289; -52,3198128
12132;202000013467;12;9;2020;22:52;5;69;69383;2;3;1;3;DOCTEUR LONG (DU)                   (CO);45,7510000;4,8891000
12133;202000013468;12;9;2020;09:10;1;69;69386;2;2;1;1;BROTTEAUX (DES)                     (BD);45,7691421;4,8570241
12134;202000013469;12;9;2020;05:10;4;69;69383;2;1;1;6;VICTOR AUGAGNEUR                    (QU);45,7615124;4,8411930
12135;202000013470;11;9;2020;07:50;1;69;69388;2;2;1;3;ST MAURICE                          (R );45,7418900;4,8669400
12136;202000013471;12;9;2020;04:00;5;972;97209;2;1;1;6;CASE (RUE DE LA);14,6081800; -61,0612700
12137;202000013472;12;9;2020;18:25;1;69;69034;2;1;1;3;MARGNOLLES (DE)                     (R );45,7887800;4,8447700
12138;202000013473;10;9;2020;11:30;1;95;95680;2;2;1;6;REPUBLIQUE (RUE DE LA);49,0015728;2,3847218
12139;202000013474;11;9;2020;20:10;2;91;91027;2;3;1;7;DIX HUIT AVRIL (AVENUE DU);48,7024390;2,3878690
12140;202000013476;16;6;2020;09:30;1;73;73089;1;1;1;6;A43;45,5325101;6,1254528
12141;202000013477;15;6;2020;07:04;1;01;01067;1;1;1;2;A40;46,1274010;5,5014150
12142;202000013478;15;6;2020;04:47;3;86;86116;1;1;3;6;Autoroute A10;46,4809600;0,0669050
12143;202000013479;16;6;2020;20:45;5;971;97103;1;1;2;4;N1;16,2540550; -61,5715300
12144;202000013480;16;6;2020;17:00;1;45;45316;1;1;1;2;rd2060 - pk 58+300;47,9470420;2,3684980
12145;202000013481;24;5;2020;19:00;1;95;95651;2;1;1;2;30 Avenue des Millonets;49,0639130;1,7096830
12146;202000013482;12;6;2020;13:20;1;57;57507;1;2;1;5;D73;49,1580460;6,5590630
12147;202000013483;14;6;2020;14:20;1;73;73178;1;1;1;3;D911;45,6944970;6,1272810
12148;202000013484;17;6;2020;09:30;1;73;73329;1;6;2;3;Rue de la Francon/ D1504;45,6163252;5,8846138
12149;202000013485;16;6;2020;16:50;1;09;09236;1;1;2;1;Sentier de Lassalle a Beziou;42,9323270;1,6182090
12150;202000013486;18;5;2020;11:00;1;60;60009;1;6;1;2;RN31;49,4004110;2,1309830
12151;202000013487;15;6;2020;19:45;1;13;13055;1;1;1;4;A507 sens Marseille - Aubagne;43,3298400;5,4067000
12152;202000013488;15;6;2020;16:25;1;13;13215;1;1;1;4;A7-Sens Marseille vers Lyon;43,3493000;5,3697000
12153;202000013489;15;6;2020;13:35;1;13;13028;1;1;1;2;A50-Sens Toulon vers Aubagne;43,2084060;5,5854750
12154;202000013491;16;6;2020;16:10;1;33;33013;1;1;1;3;ROUTE NATIONALE 230;44,8528300; -0,5050900
12155;202000013493;15;6;2020;21:55;2;91;91689;1;1;1;3;AUTOROUTE A6;48,7323200;2,3156500
12156;202000013495;16;6;2020;00:35;1;78;78029;1;1;1;-1;A12 Y;48,9677520;1,8569810
12157;202000013496;14;6;2020;04:15;3;95;95306;1;1;1;2;A15;49,0102700;2,1549100
12158;202000013497;16;6;2020;16:40;1;77;77373;1;1;1;-1;RN104;48,7783753;2,6148132
12159;202000013498;16;6;2020;06:45;1;94;94033;1;1;1;3;A86.EXT;48,8512900;2,4906400
12160;202000013499;1;4;2020;22:26;5;2B;2B033;2;9;1;2;MACCHIONE - CHEMIN DU;42,4050000;9,2612000
12161;202000013500;25;2;2020;20:00;5;34;34172;2;1;1;6;SORBES (RUE DE LAS;43,6151150;3,8545330
12162;202000013501;14;2;2020;20:55;3;02;02722;2;2;2;6;PASLY ( AVENUE DE );49,3892500;3,3131500
12163;202000013502;14;6;2020;11:05;1;974;97416;2;1;1;2;PATATES (CHEMIN MARCEL); -21,2823300;55,4809300
12164;202000013503;14;6;2020;16:50;1;974;97411;2;2;1;3;Route de la Rivière des Pluies; -20,9014001;55,5018000
12165;202000013504;15;6;2020;19:00;1;69;69387;2;2;1;4;YVES FARGES                         (BD);45,7433800;4,8342500
12166;202000013505;15;6;2020;18:10;1;69;69259;2;1;1;6;JEAN CAGNE                          (AV);45,6941441;4,8747222
12167;202000013507;14;6;2020;18:40;5;971;97101;1;1;1;3;Rue des Orangers;16,2917300; -61,4906500
12168;202000013508;14;6;2020;19:58;1;2A;2A004;1;1;1;-1;MARINES DU RICANTO RTE CAMPO DEL ORO;41,9284733;8,7733569
12169;202000013509;15;6;2020;07:52;1;2A;2A004;2;3;1;6;NAPOLEON COURS AVANT BEVERINI;41,9198771;8,7369769
12170;202000013510;12;6;2020;12:05;1;91;91589;2;2;1;3;SALENGRO (AVENUE ROGER);48,6820900;2,3402000
12171;202000013511;13;6;2020;18:00;1;91;91312;2;1;1;1;JEAN JAURES (AVENUE);48,7402800;2,2312200
12172;202000013512;15;6;2020;19:38;1;91;91161;2;1;1;6;MASSY (ROUTE DE);48,7127200;2,3054500
12173;202000013513;12;6;2020;17:10;1;85;85194;2;1;3;3;Rue de la Croix Blanche;46,4931200; -1,7547100
12174;202000013514;11;6;2020;13:25;1;83;83129;2;1;1;3;KENNEDY (AVENUE J.)N°PAIRS 2A2560;43,1080290;5,8315970
12175;202000013515;15;6;2020;23:40;5;83;83069;2;6;1;3;QUINZIEME CORPS (RUE DU);43,1212257;6,1378355
12176;202000013516;14;6;2020;20:10;3;82;82121;2;1;1;1;CORBARIEU D 21 (ROUTE DE);43,9787000;1,3565000
12177;202000013517;14;6;2020;21:05;1;79;79191;2;2;1;3;8 Rue de l'Huilerie;46,3218600; -0,4631900
12178;202000013518;15;6;2020;14:50;1;78;78440;1;1;1;2;EUROPE (AVENUE DE L');48,9698500;1,9204000
12179;202000013519;15;6;2020;18:15;1;77;77514;2;1;1;6;NORMANDIE-NIEMEN (AVENUE);48,9493500;2,6140500
12180;202000013520;12;6;2020;13:05;1;76;76540;2;2;1;3;RONDEAUX. AVENUE JEAN;49,4344600;1,0763100
12181;202000013521;13;6;2020;19:20;1;76;76451;2;3;1;3;PASTEUR. RUE LOUIS;49,4573500;1,0811100
12182;202000013523;14;6;2020;02:45;3;74;74094;2;2;1;6;THONON (ROUTE DE);46,2030152;6,2822539
12183;202000013524;15;6;2020;17:30;1;69;69256;2;1;1;5;GRANDCLEMENT                        (AV);45,7705090;4,9216336
12184;202000013525;14;6;2020;09:15;1;69;69256;2;1;1;6;GABRIEL PERI                        (AV);45,7714600;4,9083600
12185;202000013526;15;6;2020;18:00;1;68;68224;2;1;2;1;Rue de Thann;47,7495600;7,3065000
12186;202000013527;15;6;2020;17:40;1;68;68224;2;3;1;3;KINGERSHEIM (RUE DE);47,7653290;7,3251520
12187;202000013529;12;6;2020;15:20;1;67;67482;2;3;1;3;NEUHOF (ROUTE);48,5518000;7,7661500
12188;202000013530;14;6;2020;12:25;1;66;66136;2;1;1;1;ROTTERDAM (ROND POINT DE);42,6938100;2,8503600
12189;202000013531;15;6;2020;20:00;1;65;65440;2;1;1;1;BRIAND (AVENUE ARISTIDE);43,2258600;0,0669400
12190;202000013532;15;6;2020;11:52;1;64;64483;2;1;1;3;LARRAMENDY PIERRE (AVENUE);43,3848300; -1,6615600
12191;202000013533;14;6;2020;13:00;1;64;64445;2;3;1;7;LEON BLUM;43,3171100; -0,3304400
12192;202000013534;14;6;2020;15:45;1;60;60463;2;1;1;6;;49,2818200;2,4616000
12193;202000013535;14;6;2020;03:10;5;59;59350;2;1;1;6;FAISAN RUE;50,6325150;3,0540120
12194;202000013537;14;6;2020;09:08;1;56;56162;2;1;1;1;FORT BLOQUE (ROUTE DU);47,7386000; -3,4539700
12195;202000013538;15;6;2020;16:00;1;54;54395;2;1;1;3;LOBAU (BOULEVARD);48,6898779;6,1936176
12196;202000013539;9;6;2020;12:15;1;54;54184;2;1;1;2;FOCH (AVENUE);48,7032533;6,2172717
12197;202000013540;14;6;2020;12:10;1;54;54328;2;6;1;3;RD 570;48,6189122;6,1768306
12198;202000013541;14;6;2020;05:15;2;54;54395;2;1;2;4;BOUDONVILLE (RUE DU MOULIN DE);48,6980295;6,1651152
12199;202000013542;14;6;2020;18:40;1;54;54253;2;3;1;-1;VERDUN (RUE DE);49,1922800;5,9080600
12200;202000013543;15;6;2020;19:21;1;45;45284;2;1;1;6;Rue de la Burelle;47,9126936;1,9443728
12201;202000013544;15;6;2020;17:17;1;45;45062;1;1;2;7;D702- PR 4+620;47,9679935;1,8672688
12202;202000013545;15;6;2020;07:40;1;45;45232;2;3;1;1;Rue de la Belle Croix;47,8463385;1,9071197
12203;202000013546;12;6;2020;19:40;1;44;44162;2;1;3;3;PLACE DU NOUVEAU MONDE;47,2231200; -1,6263900
12204;202000013547;15;6;2020;11:40;1;38;38185;2;3;1;1;Rue de Stalingrad;45,1646200;5,7239800
12205;202000013548;15;6;2020;18:23;1;37;37261;2;1;8;4;MIRABEAU (PONT);47,3989895;0,7000709
12206;202000013549;14;6;2020;04:20;5;37;37261;2;6;1;7;DANIEL MAYER;47,4187903;0,7043334
12207;202000013550;15;6;2020;18:00;1;35;35238;2;1;1;3;;48,1076900; -1,6514700
12208;202000013552;15;6;2020;18:15;1;33;33281;2;3;1;4;AVE DE L'YSER / RUE GEORGES COURTELINE;44,8419730; -0,6626002
12209;202000013553;14;6;2020;01:15;5;33;33529;2;1;2;6;OCEAN (143 BD DE L');44,6257500; -1,2020900
12210;202000013554;8;6;2020;13:05;1;32;32013;1;1;1;6;TOUGEY (CHEMIN DE);43,6453200;0,5452200
12211;202000013555;15;6;2020;07:55;1;31;31557;2;1;1;1;MARQUISAT (AV DU);43,5693500;1,3333600
12212;202000013556;12;6;2020;20:20;1;31;31149;2;1;1;3;CHEMIN DE BELLEVUE;43,6044300;1,3431700
12213;202000013557;14;6;2020;21:30;2;30;30189;2;1;1;-1;MAS DE VIGNOLLES (ALLEE OU CHEMIN);43,8199640;4,3625920
12214;202000013558;15;6;2020;07:30;1;17;17380;1;1;1;1;RD 25;45,6589600; -1,1269300
12215;202000013559;15;6;2020;12:21;1;17;17142;1;3;1;3;Route de Belle Croix;46,1672100; -1,0922900
12216;202000013560;15;6;2020;18:00;1;13;13215;2;1;1;3;MIMET (CHEMIN DE);43,3767950;5,3568630
12217;202000013562;14;6;2020;23:38;5;13;13211;2;1;1;-1;POMME (BOULEVARD DE LA );43,2928000;5,4571000
12218;202000013565;15;6;2020;05:50;1;13;13001;1;1;1;3;RD9;43,4552368;5,3155191
12219;202000013566;15;6;2020;20:00;1;10;10343;2;1;1;2;VERRIERES (RUE);48,2673000;4,1075000
12220;202000013567;15;6;2020;13:50;1;06;06069;2;1;1;7;VIVIER (CHEMIN DU);43,6268730;6,9177070
12221;202000013569;14;6;2020;16:45;1;06;06027;2;2;1;3;JUIN BOULEVARD MARECHAL;43,6586000;7,1509090
12222;202000013571;15;6;2020;16:10;1;75;75119;2;1;1;3;AVENUE SIMON BOLIVAR;48,8761180;2,3807590
12223;202000013572;14;6;2020;19:40;1;75;75116;2;1;1;3;BOULEVARD EXELMANS;48,8426560;2,2610830
12224;202000013573;15;6;2020;16:15;1;75;75115;2;4;1;6;RUE DE VAUGIRARD;48,8398360;2,3020700
12225;202000013574;15;6;2020;16:45;1;75;75113;2;1;1;3;RUE ESQUIROL;48,8350710;2,3604140
12226;202000013575;15;6;2020;07:36;1;75;75112;2;1;1;2;QUAI DE BERCY;48,8340050;2,3821300
12227;202000013576;15;6;2020;08:42;1;75;75109;2;5;1;6;RUE AUBER;48,8730500;2,3283020
12228;202000013578;14;6;2020;15:20;1;75;75104;2;1;1;7;QUAI DE L HOTEL DE VILLE;48,8536240;2,3570300
12229;202000013579;15;6;2020;16:15;1;94;94046;2;2;1;3;REPUBLIQUE (AV DE LA);48,8065460;2,4433200
12230;202000013580;15;6;2020;05:45;2;94;94076;2;1;1;5;PAUL VAILLANT COUTURIER (AV);48,7944600;2,3583700
12231;202000013581;14;6;2020;19:15;1;94;94033;2;1;1;3;PARMENTIER (AV);48,8548930;2,4559760
12232;202000013582;8;6;2020;08:55;1;94;94033;2;1;1;6;GALLIENI (BD);48,8485600;2,4778600
12233;202000013583;15;6;2020;15:15;1;94;94069;2;1;8;3;MARECHAL LECLERC (R DU);48,8171300;2,4536000
12234;202000013584;15;6;2020;18:30;1;94;94017;2;3;1;1;MAURICE THOREZ (AV);48,8071200;2,5356200
12235;202000013585;15;6;2020;10:40;1;94;94017;2;1;1;3;GENERAL DE GAULLE (AV DU);48,8253500;2,5023200
12236;202000013586;15;6;2020;12:40;1;94;94071;2;2;1;3;GENERAL LECLERC (R DU);48,7808500;2,5122000
12237;202000013588;14;6;2020;20:35;1;93;93066;2;1;1;5;AV DU STADE DE FRANCE;48,9185700;2,3618200
12238;202000013589;15;6;2020;17:53;1;93;93064;2;1;1;3;FAIDHERBE (ALLEE);48,9105013;2,5214225
12239;202000013590;14;6;2020;14:00;1;93;93053;2;1;1;6;PARIS (RUE DE);48,9030000;2,4660900
12240;202000013591;15;6;2020;15:20;1;93;93048;2;1;1;6;ARISTIDE BRIAND (BOULEVARD);48,8751922;2,4552385
12241;202000013592;15;6;2020;15:30;1;93;93029;2;1;1;6;AV HENRI BARBUSSE;48,9224940;2,4567740
12242;202000013593;14;6;2020;21:20;1;93;93005;2;2;8;3;RTE DE MITRY / R DE SEVRAN;48,9402410;2,5021830
12243;202000013594;13;6;2020;16:40;1;92;92036;2;2;1;4;GABRIEL PERI (AVENUE) (147/177);48,9267430;2,2946540
12244;202000013595;15;6;2020;16:05;1;92;92035;2;9;1;3;National ( boulevard );48,9054010;2,2390250
12245;202000013596;15;6;2020;17:35;1;92;92062;2;1;1;3;WALLACE (BD RICHARD) DU 2 AU 28 ET DU 1;48,8785323;2,2422769
12246;202000013597;14;6;2020;21:27;1;92;92023;2;6;1;7;EUGENE BEAUJARD (CARREFOUR);48,7895409;2,2526050
12247;202000013598;15;6;2020;12:18;1;92;92012;2;1;1;5;EDOUARD VAILLANT (AVENUE) DEBUT/56 - COT;48,8356870;2,2498860
12248;202000013599;16;6;2020;15:20;1;28;28161;1;1;8;6;A11;48,2412990;1,0960900
12249;202000013600;15;6;2020;16:30;1;62;62228;1;1;3;6;D217;50,7876900;1,9731060
12250;202000013601;16;6;2020;09:50;1;12;12197;2;1;1;3;68 Avenue d'Albi;44,0351860;2,5289690
12251;202000013602;12;6;2020;17:45;1;35;35124;1;1;8;4;Grand-Fougeray;47,7524820; -1,7149620
12252;202000013603;16;6;2020;20:15;2;60;60658;1;1;1;1;;49,2359821;3,0333488
12253;202000013604;15;6;2020;16:10;1;30;30315;1;1;1;7;20 Avenue du Hameau;43,9473890;4,6870530
12254;202000013606;15;6;2020;16:40;1;34;34095;1;1;1;6;Voie Communale Ancienne Voie Romaine;43,5642950;3,7761180
12255;202000013607;15;6;2020;06:45;1;19;19140;2;1;9;6;Lieu-dit le Chambon;45,0771242;1,9301418
12256;202000013609;15;6;2020;23:40;5;2B;2B049;1;6;1;6;Chemin de Pietralba;42,5349470;8,8143400
12257;202000013610;14;6;2020;21:15;2;82;82148;2;1;1;6;D17;44,2478970;1,6128550
12258;202000013611;15;6;2020;13:50;1;11;11106;2;1;1;-1;Avenue de Toulouse;43,2300630;3,0523430
12259;202000013612;14;6;2020;14:35;1;42;42028;1;1;1;6;D29;45,2715040;4,5667080
12260;202000013613;15;6;2020;11:45;1;68;68258;2;3;1;2;Rue de Mulhouse;47,8307170;7,3010530
12261;202000013614;16;6;2020;09:00;1;22;22224;2;3;1;1;Route du Corvézou;48,7212640; -3,4816360
12262;202000013615;16;6;2020;16:45;1;38;38124;1;1;1;-1;Route de Bugnon;45,6034840;5,5488750
12263;202000013616;15;6;2020;10:00;1;70;70045;2;1;1;1;23 Grande Rue;47,3352240;5,7777300
12264;202000013617;16;6;2020;15:15;1;70;70137;1;1;1;2;D49;47,5162590;6,3577370
12265;202000013618;12;6;2020;20:40;2;72;72364;2;1;1;6;29 Rue Alexis Heurteloup;47,6690000;0,3200630
12266;202000013619;16;6;2020;12:02;1;06;06103;2;1;1;3;Avenue Philippe Corniglion;44,0129490;7,3089710
12267;202000013620;15;6;2020;14:00;1;18;18218;2;1;1;7;12 Route du Coulis;46,9908940;2,5009020
12268;202000013621;15;6;2020;08:10;1;07;07103;1;1;1;6;D120;44,9650410;4,3498130
12269;202000013622;10;6;2020;18:25;1;07;07022;1;3;1;3;Intersection départementale 86 / route de Chomérac;44,7210120;4,7490150
12270;202000013623;30;5;2020;11:00;1;28;28422;2;1;1;7;2 Rue de la Garenne;48,2561130;1,5700790
12271;202000013625;14;6;2020;15:00;1;38;38339;2;2;1;3;Route d'Aillat;45,5776240;5,1742170
12272;202000013626;16;6;2020;15:18;1;27;27679;2;3;2;1;Avenue Edmond Démolins;48,7386660;0,9119460
12273;202000013628;15;6;2020;11:20;1;971;97128;1;1;1;6;Gentilly;16,2742480; -61,3667860
12274;202000013629;16;6;2020;00:30;3;78;78310;1;1;1;6;Route de Champagne;48,7846250;1,5922500
12275;202000013630;16;6;2020;13:20;1;30;30258;1;1;1;3;PR 17 route de nimes;43,6924680;4,4268680
12276;202000013631;15;6;2020;03:00;3;30;30156;2;1;1;2;D6086;43,8700080;4,4552560
12277;202000013632;16;6;2020;09:00;1;34;34157;1;2;1;3;Le Farlet;43,4641960;3,5521250
12278;202000013633;16;6;2020;11:15;1;83;83077;1;1;1;2;D554;43,3031790;5,9870980
12279;202000013634;15;6;2020;16:40;1;05;05077;1;1;8;1;D205t;44,6895480;6,9776490
12280;202000013635;16;6;2020;01:50;3;63;63200;1;1;1;2;RD06;45,8282910;3,2194230
12281;202000013636;16;6;2020;16:45;1;42;42129;2;3;1;6;19 Route de Lupé;45,3635030;4,6872140
12282;202000013637;16;6;2020;16:40;1;38;38374;2;1;1;1;Route de Versin;45,6397170;5,3555900
12283;202000013639;6;6;2020;14:30;1;86;86061;1;1;1;6;D148;46,1447640;0,4163650
12284;202000013640;15;6;2020;22:30;3;86;86078;2;9;1;6;Avenue Maurice Bailly;46,1356480;0,2872340
12285;202000013641;15;6;2020;18:00;1;60;60674;2;1;1;1;Rue Henri Potet;49,3944030;2,9252520
12286;202000013642;14;6;2020;21:25;3;83;83062;1;1;1;6;A57;43,1436771;6,0210764
12287;202000013643;2;6;2020;13:00;1;59;59609;1;1;1;4;AUTOROUTE A1;50,5723318;3,0799081
12288;202000013644;15;6;2020;14:50;1;94;94021;1;1;1;7;AUTOROUTE A6B;48,7712200;2,3450000
12289;202000013645;14;6;2020;22:40;5;94;94037;1;1;1;7;AUTOROUTE A6B;48,8136000;2,3558200
12290;202000013646;13;6;2020;10:50;1;78;78423;1;1;1;2;A12 W;48,7976890;2,0435730
12291;202000013647;14;6;2020;11:10;1;93;93007;1;1;1;2;AUTOROUTE A1;48,9455600;2,4399100
12292;202000013648;13;6;2020;20:10;1;95;95018;1;1;1;2; A15;48,9623900;2,2665000
12293;202000013649;14;6;2020;05:00;3;92;92036;1;1;1;2;AUTOROUTE A15;48,9435400;2,2873700
12294;202000013650;14;6;2020;04:00;4;95;95604;1;1;1;2;AUTOROUTE A1;49,1074200;2,5514100
12295;202000013652;15;6;2020;08:15;1;94;94018;1;1;1;5;A4;48,8202700;2,4027000
12296;202000013653;14;6;2020;22:27;3;94;94017;1;1;1;2;A4;48,8300400;2,4970200
12297;202000013654;12;6;2020;23:15;5;94;94017;1;1;1;2;A4;48,8303229;2,4893496
12298;202000013655;1;1;2020;16:25;1;09;09005;2;1;1;6;lieu dit castet;42,9097600;1,2511990
12299;202000013656;14;6;2020;08:30;1;988;98818;2;3;1;6;RUE HONORE PANTALONI/RUE LOUIS MALAVAL; -22,2322900;166,4718700
12300;202000013657;14;6;2020;19:15;1;69;69383;2;1;1;6;LIBERTE (DE LA)                     (CO);45,7594300;4,8425100
12301;202000013658;14;6;2020;09:45;1;69;69383;2;1;1;1;144 Rue Ferdinand Buisson;45,7526900;4,8976800
12302;202000013659;14;6;2020;04:45;5;69;69387;2;2;1;4;TONY GARNIER                        (AV);45,7263200;4,8356500
12303;202000013660;14;6;2020;04:45;5;69;69383;2;2;1;3;VICTOR AUGAGNEUR                    (QU);45,7600234;4,8410161
12304;202000013661;14;6;2020;15:45;1;69;69149;2;4;1;3;EMILE ZOLA                          (BD);45,7179400;4,8085500
12305;202000013662;15;8;2020;12:10;1;94;94033;1;1;1;2;A86.INT;48,8500700;2,4904400
12306;202000013663;13;8;2020;21:30;3;94;94081;1;1;2;4;A86 INT;48,7740995;2,4049404
12307;202000013664;15;8;2020;07:15;2;973;97302;2;1;1;6;BADUEL (ROUTE DE);4,9338762; -52,3105431
12308;202000013665;16;8;2020;01:30;5;69;69276;2;1;1;7;VIENNE (DE)                             ;45,6684600;4,8593700
12309;202000013666;15;8;2020;20:10;1;69;69387;2;1;1;-1;MARSEILLE (DE)                      (R );45,7545000;4,8421000
12310;202000013668;16;8;2020;00:05;5;2B;2B037;2;1;1;-1;TOUTES RUES;42,6187700;9,4371200
12311;202000013669;14;8;2020;11:40;1;2B;2B120;2;1;1;2;11 - RT;42,6591200;9,4417600
12312;202000013670;15;8;2020;15:40;1;2A;2A004;2;1;1;1;ILES SANGUINAIRES ROUTE DES;41,9094153;8,6911642
12313;202000013671;15;8;2020;08:55;1;2A;2A004;1;1;1;6;SARTENE ANCIENNE ROUTE;41,9292002;8,7677757
12314;202000013672;15;8;2020;21:21;2;91;91692;2;9;1;6;ALSACE (AVENUE D');48,6868480;2,1710500
12315;202000013673;15;8;2020;21:50;5;91;91377;2;1;1;3;MARECHAL LECLERC (AVENUE DU);48,7359800;2,3014270
12316;202000013674;14;8;2020;20:40;1;83;83069;2;1;1;3;GAMBETTA (AVENUE);43,1170000;6,1286000