;Num_Acc;jour;mois;an;hrmn;lum;dep;com;agg;int;atm;col;adr;lat;long
12553;202000013943;10;10;2020;06:30;1;974;97411;1;1;1;6;Route du Littoral; -20,8909000;55,3850000
12554;202000013944;10;10;2020;02:23;5;973;97302;1;6;1;7;LEBLOND (ROND POINT);4,9215972; -52,3297302
12555;202000013945;11;10;2020;01:40;5;69;69386;2;2;1;3;MICHEL RAMBAUD                      (R );45,7690400;4,8605100
12556;202000013946;10;10;2020;18:35;1;69;69387;2;3;1;1;FILLON                              (QU);45,7177000;4,8260400
12557;202000013947;10;10;2020;07:15;5;69;69383;2;1;2;3;FELIX FAURE                         (AV);45,7537600;4,8598400
12558;202000013948;9;10;2020;05:45;5;69;69034;2;2;1;3;SOLDATS (DES)                       (MO);45,7910000;4,8607400
12559;202000013949;9;10;2020;12:15;1;69;69152;2;1;1;6;EUROPE (DE L')                      (BD);45,7072000;4,8214000
12560;202000013950;10;10;2020;09:20;1;95;95582;2;1;1;6;RUE MARECHAL DE LATTRE DE TASSIGNY;48,9799650;2,2375960
12561;202000013951;10;10;2020;11:15;1;91;91687;2;1;1;1;BELLAY (AVENUE DU);48,6760450;2,3631260
12562;202000013952;10;10;2020;18:07;1;83;83137;2;1;1;-1;MONEREIT (CHEMIN DE);43,1432110;5,8947780
12563;202000013953;9;10;2020;16:20;1;83;83098;1;1;1;6;ROUSSEL (RUE LOUIS VALERIE);43,0871400;6,0268700
12564;202000013954;7;10;2020;19:20;5;83;83069;2;1;1;6;TOULON RD 46 ( ROUTE DE );43,1260900;6,0948000
12565;202000013955;9;10;2020;19:15;2;78;78401;2;3;1;1;CARRIERES (RUE DES);49,0065510;1,9079050
12566;202000013956;10;10;2020;21:20;5;77;77307;2;3;9;3;RD 231;48,8544000;2,7587000
12567;202000013957;10;10;2020;20:20;5;73;73008;2;1;8;3;VICTORIA PASSAGE;45,6892140;5,9080680
12568;202000013958;10;10;2020;12:15;1;72;72181;2;1;1;2;ALENCON (RTE D');48,0310780;0,1790130
12569;202000013960;10;10;2020;15:20;1;64;64024;2;2;1;2;BAB (BOULEVARD DU);43,4870700; -1,5366000
12570;202000013961;9;10;2020;23:45;5;59;59230;2;6;2;7;GENERAL DE GAULLE (RUE DU);50,2600252;3,9948110
12571;202000013962;10;10;2020;06:55;5;59;59155;2;2;1;3;DELORY GUSTAVE;51,0232018;2,3845991
12572;202000013963;8;10;2020;03:10;5;57;57463;2;1;1;6;FAUBOURG (RUE DU );49,0820000;6,1843200
12573;202000013964;8;10;2020;09:10;1;50;50532;1;1;2;3;D973;48,8215100; -1,5538100
12574;202000013965;10;10;2020;13:40;1;37;37261;2;2;1;6;GRAMMONT (AVENUE DE);47,3840394;0,6912600
12575;202000013966;10;10;2020;10:45;1;37;37214;2;1;1;-1;VOISIN (BOULEVARD ANDRE-GEORGES);47,4280557;0,6594051
12576;202000013967;10;10;2020;17:15;1;35;35238;1;9;1;-1;PORTE DE LORIENT;48,1084200; -1,7164800
12577;202000013968;10;10;2020;04:35;5;35;35238;2;2;1;3;TILLON (AVENUE CHARLES);48,1270903; -1,6866213
12578;202000013969;10;10;2020;14:10;1;29;29232;2;1;1;4;Avenue de la Liberation;47,9924451; -4,0812417
12579;202000013970;9;10;2020;13:15;1;29;29232;2;3;1;2;Allées de Lokmaria;47,9907307; -4,1102278
12580;202000013971;9;10;2020;20:10;3;28;28134;2;1;1;4;RN 12 (CITE AMERICAINE);48,7460900;1,3635400
12581;202000013972;10;10;2020;20:55;5;13;13209;2;1;1;7;MORGIOU (chemin de );43,2447000;5,4054700
12582;202000013973;10;10;2020;16:30;1;13;13214;2;9;1;3;PLOMBIERES (BOULEVARD DES);43,3177440;5,3807380
12583;202000013974;10;10;2020;06:40;5;13;13209;2;1;1;2;REDON (BOULEVARD DU);43,2508880;5,4221020
12584;202000013975;10;10;2020;06:45;2;13;13210;2;1;1;3;JEAN MOULIN (BOULEVARD);43,2867860;5,3998520
12585;202000013976;21;7;2020;14:30;1;13;13211;2;1;1;6;ABBE LANFRANCHI (RUE);43,2879780;5,4548290
12586;202000013977;10;10;2020;13:15;1;11;11069;2;1;1;1;MAGINOT ANDRE -AVENUE-;43,2171100;2,3765700
12587;202000013978;10;10;2020;14:30;1;06;06069;2;1;1;4;LIBERATION (AVENUE DE LA);43,6470420;6,9135020
12588;202000013979;10;10;2020;14:00;1;06;06069;2;6;1;2;GARAGAI (CHEMIN DU);43,6446250;6,9778830
12589;202000013980;10;10;2020;14:30;1;75;75116;2;1;1;4;BOULEVARD PERIPHERIQUE;48,8350720;2,2626770
12590;202000013981;10;10;2020;09:00;1;75;75114;2;1;1;2;BOULEVARD PERIPHERIQUE;48,8225610;2,3141690
12591;202000013982;9;10;2020;15:20;1;75;75116;2;4;1;2;PORTE MAILLOT;48,8769420;2,2795200
12592;202000013983;9;10;2020;09:00;1;75;75112;2;1;1;2;PORTE DE VINCENNES;48,8422540;2,4136320
12593;202000013984;9;10;2020;22:45;5;75;75120;2;3;1;3;BOULEVARD DE BELLEVILLE;48,8708220;2,3785170
12594;202000013985;10;10;2020;20:40;5;75;75118;2;3;1;3;RUE DOUDEAUVILLE;48,8889120;2,3582230
12595;202000013986;10;10;2020;19:40;5;75;75117;2;3;1;1;AVENUE DE CLICHY;48,8850400;2,3267320
12596;202000013987;10;10;2020;14:00;1;75;75117;2;2;1;3;AVENUE DE LA PORTE D ASNIERES;48,8922750;2,3010300
12597;202000013988;10;10;2020;03:00;5;75;75117;2;4;1;7;BOULEVARD PERSHING;48,8796320;2,2819510
12598;202000013989;10;10;2020;20:00;5;75;75116;2;4;1;3;BOULEVARD DE L AMIRAL BRUIX;48,8747750;2,2784740
12599;202000013990;10;10;2020;14:40;1;75;75116;2;4;1;3;ROUTE DE LA MUETTE A NEUILLY;48,8640350;2,2670390
12600;202000013991;10;10;2020;15:20;1;75;75116;2;2;1;3;BOULEVARD FLANDRIN;48,8692810;2,2747050
12601;202000013992;10;10;2020;10:15;1;75;75116;2;3;1;6;RUE DU RANELAGH;48,8526870;2,2807310
12602;202000013993;10;10;2020;00:20;5;75;75114;2;7;1;3;AVENUE DU GENERAL LECLERC;48,8336960;2,3319110
12603;202000013994;10;10;2020;17:30;1;75;75113;2;3;1;3;QUAI DE LA GARE;48,8367400;2,3743560
12604;202000013995;10;10;2020;08:30;1;75;75113;2;4;1;5;RUE DES PEUPLIERS;48,8215940;2,3525520
12605;202000013996;10;10;2020;19:20;3;75;75112;2;1;1;3;RUE CHALIGNY;48,8475930;2,3838810
12606;202000013997;9;10;2020;11:05;1;75;75109;2;3;2;6;RUE DE MAUBEUGE;48,8790230;2,3473140
12607;202000013998;10;10;2020;17:40;1;75;75107;2;2;1;3;QUAI D ORSAY;48,8628230;2,3134590
12608;202000013999;10;10;2020;17:20;1;75;75104;2;3;1;6;RUE DE RIVOLI;48,8552320;2,3611160
12609;202000014000;10;10;2020;14:45;1;94;94068;2;1;1;4;FOCH (AV);48,8040400;2,4870900
12610;202000014001;10;10;2020;20:30;5;94;94076;2;1;1;3;PARIS (AV DE);48,8038800;2,3639200
12611;202000014002;10;10;2020;03:50;5;94;94021;2;3;1;3;COTE D'AZUR (AVENUE);48,7660100;2,3501000
12612;202000014003;10;10;2020;13:40;1;93;93072;2;1;1;6;ARISTIDE BRIAND (AVENUE) COTE DES N°2 AU;48,9618500;2,3804000
12613;202000014004;7;10;2020;19:50;5;93;93039;2;1;1;3;SEINE (QUAI DE );48,9378823;2,3422632
12614;202000014005;10;10;2020;08:04;1;93;93051;2;2;1;3;MEDERIC (AVENUE);48,8294700;2,5740800
12615;202000014006;10;10;2020;17:26;1;93;93048;2;9;1;3;R GASTON MONMOUSSEAU;48,8632985;2,4543809
12616;202000014007;10;10;2020;09:39;1;93;93031;2;1;1;2;REPUBLIQUE (AVENUE);48,9495355;2,3305962
12617;202000014008;10;10;2020;09:40;1;92;92033;2;9;1;3;BUZENVAL;48,8542280;2,1992558
12618;202000014009;10;10;2020;16:00;1;92;92051;2;1;1;4;RICHARD WALLACE (BOULEVARD);48,8752160;2,2507000
12619;202000014010;10;10;2020;05:00;5;92;92062;2;1;1;7;RUE PIERRE GAUDIN;48,8872584;2,2520080
12620;202000014011;10;10;2020;09:40;1;92;92025;2;2;1;3;PAUL BERT (RUE);48,9310000;2,2446000
12621;202000014012;10;10;2020;12:00;1;92;92012;2;1;1;3;REINE (ROUTE DE LA) 39/107 BIS;48,8391640;2,2459896
12622;202000014013;10;10;2020;23:30;5;22;22050;2;1;2;6;33 Place du Guesclin;48,4522040; -2,0446210
12623;202000014014;11;10;2020;10:25;1;37;37276;1;1;8;7;Le Dauphin;47,5819187;0,8514344
12624;202000014015;10;10;2020;12:00;1;51;51649;2;3;1;1;Faubourg de Saint-Dizier;48,7212840;4,6043578
12625;202000014016;7;10;2020;08:25;2;51;51649;2;4;1;7;Rue de la Glacière;48,7275397;4,5908249
12626;202000014017;11;10;2020;00:40;3;86;86221;1;1;1;6;Les Babauds;46,8038550;0,3498470
12627;202000014018;10;10;2020;08:40;1;06;06149;1;1;1;6;5763 Route de Laghet;43,7493830;7,3759940
12628;202000014019;10;10;2020;14:30;1;06;06054;2;1;1;6;Avenue-jean-moulin;43,7540580;7,3204480
12629;202000014020;10;10;2020;18:50;1;74;74233;1;1;3;-1;A41;45,8023280;5,9767990
12630;202000014021;10;10;2020;16:20;1;83;83004;1;1;1;6;autoroute A8;43,4408300;6,4756680
12631;202000014022;10;10;2020;13:40;1;974;97422;2;1;1;7;Rue du Docteur Charriéres; -21,2588410;55,5123820
12632;202000014023;11;10;2020;03:21;3;11;11360;1;9;1;1;Chemin de Halage;43,2628470;2,9042100
12633;202000014024;10;10;2020;19:40;3;22;22193;1;1;1;7;N12;48,4228030; -2,4522130
12634;202000014025;11;10;2020;06:40;3;34;34036;1;1;1;6;A75;43,6760660;3,4197950
12635;202000014026;9;10;2020;17:00;1;34;34036;1;1;1;-1;A75;43,6771840;3,4134010
12636;202000014027;10;10;2020;06:00;3;22;22084;1;3;1;7;les 4 routes;48,4070910; -2,3437890
12637;202000014028;10;10;2020;16:10;1;34;34087;1;1;1;3;D5;43,5396290;3,6993780
12638;202000014029;11;10;2020;07:05;2;95;95566;2;1;2;6;79 Rue du Lieutenant Baude;49,1094440;2,3445990
12639;202000014030;10;10;2020;16:05;1;67;67552;1;1;1;3;D8;48,8867776;7,0731232
12640;202000014031;10;10;2020;13:40;1;2B;2B292;1;1;1;1;RD14;42,2749910;9,2504020
12641;202000014032;11;10;2020;10:45;1;55;55419;1;1;1;1;RD 603;49,1437200;5,1525660
12642;202000014033;10;10;2020;16:20;1;47;47310;2;1;1;5;Tonneins;44,4029050;0,2981330
12643;202000014034;11;10;2020;01:30;3;39;39328;1;1;1;7;;46,4872540;5,7232980
12644;202000014035;10;10;2020;19:00;3;25;25157;1;1;2;1;D6;46,8599710;6,3808360
12645;202000014036;10;10;2020;10:30;1;25;25578;2;1;8;6;26 Grande Rue;47,1480590;6,3385670
12646;202000014037;10;10;2020;05:30;3;44;44131;1;1;3;7;La Severie;47,1631547; -2,0781870
12647;202000014038;10;10;2020;19:30;2;29;29197;2;1;1;6;6 Rue de Menglenot;48,0174170; -4,5182520
12648;202000014039;11;10;2020;08:50;2;02;02820;1;6;1;3;Rue de l'Ecluse;49,6336460;3,2655570
12649;202000014040;16;9;2020;17:50;1;72;72223;1;1;1;2;D 309;47,8521660; -0,0901510
12650;202000014041;10;10;2020;14:35;1;14;14086;2;1;1;6;Route de Touques;49,3378538;0,1187797
12651;202000014042;9;10;2020;08:15;2;14;14355;1;1;8;3;D35;49,2812860; -0,5134390
12652;202000014043;9;10;2020;18:25;2;73;73151;1;1;1;2;D201;45,5013460;6,0422520
12653;202000014044;7;10;2020;16:00;1;43;43020;1;1;1;2;Route de Monistrol;45,2969641;4,1209485
12654;202000014045;10;10;2020;17:20;1;36;36143;1;1;1;1;Le Champ Caillaud;46,6553657;1,9422330
12655;202000014046;11;10;2020;12:20;1;07;07134;1;4;1;1;Route de Berguier;44,5047036;4,2787512
12656;202000014047;11;10;2020;14:50;1;53;53111;1;3;1;2;D23;48,3427480; -0,6146090
12657;202000014050;9;10;2020;16:15;1;68;68375;2;1;1;3;19 Rue de Reiningue;47,8047360;7,2376000
12658;202000014051;11;10;2020;12:05;1;72;72008;1;9;1;7;D323;47,9425520;0,1901790
12659;202000014052;11;10;2020;04:00;3;35;35352;1;1;1;6;RD 86;48,0620890; -1,6035730
12660;202000014053;11;10;2020;10:10;1;35;35353;1;1;8;5;La Vallée;48,1227030; -1,7735620
12661;202000014054;11;10;2020;11:00;1;30;30189;1;1;1;6;bretelle d'accès autoroute A9 Nimes Ouest;43,8097870;4,3477540
12662;202000014056;24;12;2020;10:50;1;95;95277;2;1;2;3;BRIAND ARISTIDE (AVENUE);49,0006300;2,4250500
12663;202000014057;25;12;2020;03:00;3;91;91421;2;1;8;6;RUE DES GAULOIS;48,7146800;2,4404200
12664;202000014058;25;12;2020;18:25;5;91;91027;2;2;1;3;RUE MAURICE NOGUES;48,7121500;2,3845300
12665;202000014059;25;12;2020;17:40;3;77;77186;1;1;2;7;D301e2.gare thomery giratoire duchatel;48,3952830;2,7640190
12666;202000014061;25;12;2020;17:05;1;64;64445;2;1;1;6;RONSARD;43,3189000; -0,3580000
12667;202000014062;25;12;2020;22:15;5;59;59152;2;2;2;3;HURLUPIN (RUE D');50,7629700;3,0110900
12668;202000014063;26;12;2020;00:05;5;59;59350;2;1;8;6;JAURES RUE JEAN;50,6228148;3,0728388
12669;202000014064;25;12;2020;15:55;1;51;51454;2;3;1;7;Avenue de Laon;49,2653208;4,0264219
12670;202000014065;24;12;2020;12:10;1;42;42183;2;1;1;6;Rue Jean Moulin;45,4056424;4,3726246
12671;202000014066;22;12;2020;09:00;1;30;30028;2;1;1;6;PERRIERES (DESCENTE DES);44,1602390;4,6191640
12672;202000014068;25;12;2020;17:30;5;13;13211;2;1;6;6;GROGNARDE (AVENUE DE LA);43,2909710;5,4360510
12673;202000014069;24;12;2020;08:06;2;13;13212;2;9;1;3;TROIS LUCS A LA VALENTINE (ROUTE);43,3045420;5,4738410
12674;202000014070;25;12;2020;07:30;2;13;13210;2;1;1;6;ANDRE BARDON (rue);43,2776800;5,4265000
12675;202000014071;24;12;2020;19:50;3;13;13047;1;1;8;1;D.51;43,4743400;4,9778800
12676;202000014072;24;12;2020;21:05;5;75;75117;2;4;2;6;ECHANGEUR MAILLOT;48,8830560;2,2836880
12677;202000014073;18;12;2020;22:30;5;75;75117;2;1;1;7;AVENUE STEPHANE MALLARME;48,8868090;2,2936490
12678;202000014074;24;12;2020;13:10;1;75;75117;2;5;3;6;RUE DE ROME;48,8873480;2,3141310
12679;202000014076;25;12;2020;19:25;5;75;75106;2;2;1;3;BOULEVARD SAINT GERMAIN;48,8524740;2,3387650
12680;202000014077;24;12;2020;22:00;5;93;93078;2;6;9;3;CLEMENCEAU (AVENUE GEORGES);48,9608200;2,5561500
12681;202000014078;25;12;2020;12:50;1;93;93006;2;1;1;3;GAMBETTA AV.;48,8710554;2,4176831
12682;202000014079;25;12;2020;22:00;3;93;93066;2;3;1;6;"""PERI GABRIEL, NR 116 A 144 ET 135 A 149";48,9386028;2,3563731
12683;202000014080;25;12;2020;18:18;5;92;92064;2;1;1;3;PASTEUR;48,8418530;2,2020990
12684;202000014081;25;12;2020;18:40;5;92;92026;2;1;1;2;VERDUN (BD DE);48,9010982;2,2601125
12685;202000014082;24;12;2020;22:45;5;92;92004;2;2;1;3;AULAGNIER ( QUAI );48,9143200;2,3108000
12686;202000014084;24;12;2020;19:00;3;40;40213;1;1;8;7;Route de Labenne;43,5942550; -1,3853290
12687;202000014085;24;12;2020;18:45;3;33;33106;1;1;2;7;lieu dit sendets;44,5616400; -0,1164510
12688;202000014086;25;12;2020;14:50;1;974;97422;2;1;1;6;Avenue du Général de Gaulle; -21,2745390;55,5181220
12689;202000014087;26;12;2020;00:40;3;974;97404;1;9;1;6;RN1, voie d'insertion Les Sables Sens NORD/SURD; -21,2793470;55,3792740
12690;202000014088;24;12;2020;15:25;2;28;28281;1;1;7;5;921;48,3978670;1,3799640
12691;202000014089;25;12;2020;14:45;1;06;06130;1;1;4;1;D5;43,6875930;6,8294690
12692;202000014090;26;12;2020;15:15;1;77;77398;2;4;1;3;Route de la Vallée;48,8767410;3,2953060
12693;202000014091;1;12;2020;19:45;3;59;59331;1;1;1;3;Route de Landrecies;50,1243340;3,7299440
12694;202000014092;26;12;2020;17:30;1;79;79162;1;4;1;6;Route de la Garette;46,3115970; -0,5769110
12695;202000014093;26;12;2020;14:00;1;32;32462;1;1;1;7;Route nationale 124;43,7393520;0,3564120
12696;202000014094;23;12;2020;13:55;1;12;12086;1;1;1;2;D512;44,1776720;3,1258030
12697;202000014095;26;12;2020;12:00;1;42;42288;1;2;1;1;Chemin du Bas Montcel;45,7754630;4,0030470
12698;202000014096;25;12;2020;16:59;1;34;34045;1;1;6;1;D15;43,5504670;3,3487890
12699;202000014097;24;12;2020;10:50;1;35;35069;1;9;1;6;zone commerciale UNIVERS;48,0418610; -1,5163830
12700;202000014098;24;12;2020;17:15;3;35;35264;1;3;1;3;Le Bois;48,0890160; -1,3458630
12701;202000014099;25;12;2020;19:00;3;29;29017;1;1;1;5;D268 - Lieu Dit Lann Ar Poullou;48,4776440; -4,6982000
12702;202000014100;24;12;2020;18:20;5;29;29160;2;1;2;6;D788 - Rue Maréchal Leclerc;48,5017813; -4,4269274
12703;202000014101;26;12;2020;13:50;1;02;02262;1;1;1;7;D553;49,6363980;3,3573530
12704;202000014102;25;12;2020;22:46;3;01;01457;1;1;2;6;CHASSIN BOIS DE BEOST;46,1891666;4,9974000
12705;202000014103;24;12;2020;11:00;1;72;72147;1;1;8;1;La Bique Rouge;48,1260820;0,1956350
12706;202000014104;23;12;2020;13:15;1;72;72346;1;1;1;6;les touches;47,8796280;0,0296550
12707;202000014105;23;12;2020;14:00;1;37;37245;1;1;2;7;Route du Serrain;47,4906386;0,5594072
12708;202000014106;26;12;2020;14:00;1;37;37050;2;2;1;1;rue monod;47,3468560;0,7071738
12709;202000014107;24;12;2020;10:30;1;987;98752;1;1;1;6;PK 47+800; -17,7220550; -149,4046530
12710;202000014108;23;12;2020;23:25;3;01;01147;1;1;1;7;RD56;46,4373650;5,2936880
12711;202000014109;20;12;2020;18:00;3;21;21590;1;1;2;5;A6;47,0582915;4,8132198
12712;202000014110;23;12;2020;17:10;3;13;13051;1;1;2;4;A7;43,5903450;5,1870600
12713;202000014111;25;12;2020;14:30;1;987;98724;1;1;1;6;RT 111 District de PAREA; -16,7273840; -151,0112500
12714;202000014112;24;12;2020;21:15;3;987;98722;2;1;1;6;pk 32.200 coté montagne RT2 à TIAREI; -17,5914290; -149,3821260
12715;202000014114;20;11;2020;17:15;2;971;97117;1;9;1;2;Route de Neron;16,3279230; -61,3961510
12716;202000014115;26;12;2020;02:00;3;84;84067;1;1;6;6;D126, 1070 route d'Aubignan;44,0838010;5,0127480
12717;202000014116;24;12;2020;14:50;1;88;88308;1;1;2;1;D 674;48,3452830;5,6576160
12718;202000014117;24;12;2020;12:06;1;57;57645;1;6;1;6;voie romaine;49,1931050;6,1506060
12719;202000014118;26;12;2020;10:45;1;17;17164;2;2;1;3;route de saint jean;45,7630620; -0,5860410
12720;202000014119;26;12;2020;14:30;1;59;59105;1;1;8;7;Route de Coutiches;50,4413780;3,2287200
12721;202000014120;24;12;2020;20:20;3;42;42110;1;1;2;5;A47;45,4951786;4,5552588
12722;202000014121;25;12;2020;06:10;3;91;91228;1;1;1;6;AUTOROUTE A6;48,6133500;2,4310000
12723;202000014122;25;12;2020;17:15;5;93;93066;1;1;1;2;AUTOROUTE A1;48,9085100;2,3584100
12724;202000014123;22;9;2020;11:14;1;69;69273;1;1;1;2;BUS (RD301)   4.470 A 7.000;45,6788300;4,8974600
12725;202000014124;24;12;2020;20:18;5;973;97302;2;1;1;3;MADELEINE (ROUTE DE LA);4,9167000; -52,3214400
12726;202000014125;24;12;2020;19:18;5;973;97302;2;2;1;3;TECLE (EUGENE) CITE THEMIRE;4,9344500; -52,3208100
12727;202000014126;24;12;2020;13:50;1;69;69386;2;1;1;6;VITTON                              (CO);45,7694800;4,8516000
12728;202000014127;24;12;2020;12:30;1;69;69259;2;3;1;3;CHARLES DE GAULLE                   (AV);45,7175300;4,8916700
12729;202000014128;24;12;2020;11:15;1;69;69383;2;2;1;3;LAFAYETTE                           (CO);45,7635903;4,8429344
12730;202000014129;24;12;2020;08:55;1;69;69383;2;2;1;3;PIERRE CORNEILLE                    (R );45,7593800;4,8446300
12731;202000014130;23;12;2020;11:45;1;69;69387;2;2;8;6;DEBOURG                             (AV);45,7315000;4,8299200
12732;202000014131;24;12;2020;15:45;1;972;97213;2;1;1;6;SCHOELCHER (RUE);14,6131800; -61,0027400
12733;202000014132;24;12;2020;07:05;1;971;97101;1;1;8;1;PERRIN;16,2965600; -61,5114300
12734;202000014133;23;12;2020;19:30;3;95;95014;2;3;1;3;Route de la Croix Blanche;49,0116700;2,3048600
12735;202000014134;24;12;2020;13:45;1;91;91434;2;6;3;3;CORBEIL (ROUTE DE);48,6620600;2,3406300
12736;202000014135;24;12;2020;11:23;1;87;87085;2;1;3;6;MAS-BOUYOL  (CITE ET BOULEVARD DU);45,8243200;1,2265300
12737;202000014136;24;12;2020;10:11;1;87;87085;2;1;2;6;ARCADES (BOULEVARD DES);45,8518300;1,2633000
12738;202000014137;18;12;2020;16:45;1;85;85191;2;1;8;6;NAPOLEON PLACE;46,6700700; -1,4273700
12739;202000014138;21;12;2020;17:50;5;85;85191;2;1;2;6;MOREAU BOULEVARD STEPHANE;46,6687000; -1,4094100
12740;202000014139;23;12;2020;16:20;1;76;76351;2;1;1;6;HOTEL DE VILLE (PLACE DE);49,4941800;0,1096000
12741;202000014140;22;12;2020;11:48;1;76;76351;2;1;1;5;JULES DURAND (BD);49,4915175;0,1623700
12742;202000014141;24;12;2020;17:30;5;69;69256;2;2;2;1;PABLO PICASSO                       (AV);45,7755400;4,9173300
12743;202000014142;24;12;2020;19:45;5;65;65440;2;3;2;3;EMBARQUEMENT (QUAI D');43,2412840;0,0644290
12744;202000014143;22;12;2020;15:00;1;64;64445;2;2;1;3;DIDIER DAURAT;43,3293300; -0,3795500
12745;202000014144;24;12;2020;09:50;1;64;64102;2;1;3;3;SABALCE (CHEMIN DE);43,4914500; -1,4910800
12746;202000014145;23;12;2020;08:10;3;62;62753;1;1;3;-1;RD 919;50,3206760;2,8166410
12747;202000014146;22;12;2020;17:57;2;61;61001;2;1;2;6;TISONS (RUE DES);48,4223000;0,0936300
12748;202000014147;24;12;2020;15:10;1;59;59508;2;1;2;6;LILLE (RUE DE)MENIN A 8 MAI 1945;50,7376604;3,1158203
12749;202000014148;23;12;2020;18:00;5;56;56083;2;1;6;6;TROTTIER (RUE);47,8047800; -3,2788200
12750;202000014149;23;12;2020;15:15;1;56;56121;2;1;6;4;BELGIQUE (RUE  DE );47,7592200; -3,3796300
12751;202000014151;24;12;2020;19:40;5;54;54395;2;2;3;3;OBERLIN (RUE);48,7032500;6,1819800
12752;202000014152;23;12;2020;17:30;5;54;54395;2;1;2;3;SAINT DIZIER (RUE 82 ET 113 A FIN);48,6916438;6,1818400
12753;202000014153;23;12;2020;18:10;5;54;54257;2;3;2;2;GUYNEMER (RUE);48,6562194;6,1994024
12754;202000014154;23;12;2020;17:10;5;54;54547;2;1;3;6;BELGIQUE (RUE DE);48,6662140;6,1705010
12755;202000014155;24;12;2020;17:35;5;51;51454;2;3;2;4;Boulevard Louis Roederer;49,2569778;4,0230613
12756;202000014156;24;12;2020;14:15;1;49;49007;2;1;1;7;RECULEE HAUTE;47,4833365; -0,5532675
12757;202000014157;24;12;2020;11:28;1;49;49007;2;1;1;3;Rue de la Madeleine;47,4620300; -0,5412900
12758;202000014158;23;12;2020;19:50;5;47;47001;2;1;2;1;STRASBOURG (RUE DE);44,1994200;0,6187800
12759;202000014159;24;12;2020;15:00;1;45;45234;2;2;2;3;Rue de Bellebat-venelle de la voie;47,9086047;1,9185980
12760;202000014160;23;12;2020;22:08;3;44;44020;1;1;6;-1;ROUTE DE PORNIC;47,1905900; -1,5786100
12761;202000014162;29;11;2020;18:05;5;38;38185;2;1;1;6;Cours Jean Jaurès;45,1851000;5,7183000
12762;202000014163;24;12;2020;17:22;3;37;37122;2;1;1;7;RD 37;47,3409300;0,6517200
12763;202000014164;24;12;2020;15:00;1;37;37261;2;2;2;6;HALLES (PLACE DES);47,3928041;0,6786793
12764;202000014165;24;12;2020;09:05;1;35;35238;2;2;2;3;FREVILLE (AVENUE HENRI);48,0838000; -1,6750300
12765;202000014166;23;12;2020;17:50;5;34;34172;2;1;2;3;VALLOIS (RUE PROFESSEUR LEON);43,6144700;3,8837400
12766;202000014167;23;12;2020;20:00;5;31;31555;2;1;1;3;AV JEAN CHAUBET;43,6052600;1,4801400
12767;202000014168;23;12;2020;19:25;5;31;31149;2;1;1;3;ESPLANADE FRANCOIS MITTERRAND ;43,6057000;1,3356600
12768;202000014169;23;12;2020;19:13;5;30;30189;2;1;2;6;HUGO VICTOR (BOULEVARD);43,8370200;4,3564300
12769;202000014170;17;11;2020;16:15;1;30;30028;2;1;1;6;Place Pierre Boulot;44,1610300;4,6219500
12770;202000014171;22;12;2020;12:45;1;29;29019;2;2;3;3;Rue Emile Rousse;48,3865700; -4,5282500
12771;202000014172;24;12;2020;10:25;1;27;27681;2;1;2;2;JAURES (BOULEVARD JAURES);49,0946800;1,4672910
12772;202000014173;23;12;2020;13:55;1;26;26058;2;2;1;3;ALSACE LORRAINE RUE;44,9490200;4,8882100
12773;202000014174;23;12;2020;12:50;1;25;25056;2;2;2;6;CHURCHILL BD WINSTON;47,2474240;5,9990500
12774;202000014175;23;12;2020;13:30;1;21;21231;2;4;2;6;28 Rue de l’Arquebuse;47,3222841;5,0298001
12775;202000014176;23;12;2020;17:45;5;17;17415;2;2;1;3;TRAVERSIERE SAINT VIVIEN RUE;45,7518500; -0,6323100
12776;202000014177;19;12;2020;13:15;1;17;17415;1;1;1;7;N141;45,7419000; -0,6006400
12777;202000014178;25;12;2020;01:10;4;17;17028;2;1;1;2;SALENGRO   AVENUE ROGER;46,1401800; -1,1343700
12778;202000014179;24;12;2020;18:20;5;17;17299;2;1;1;3;BACHELARD AVENUE VICTOR-LOUIS;45,9345520; -0,9597340
12779;202000014180;23;12;2020;19:35;3;16;16113;2;1;1;1;143 route de Bordeaux;45,6069700;0,0869230
12780;202000014181;24;12;2020;11:35;1;13;13077;2;1;1;6;THOREZ MAURICE (avenue);43,4053800;4,9808200
12781;202000014182;24;12;2020;12:05;1;13;13210;2;1;1;6;L ARMEE D AFRIQUE (CHEMIN DE L');43,2877800;5,4118100
12782;202000014183;22;12;2020;16:30;1;13;13004;1;1;8;4;RTE N570 AVIGNON STES MARIES;43,7038900;4,6474700
12783;202000014184;24;12;2020;09:20;1;06;06088;2;2;8;7;MONTEL (BD PAUL);43,6778300;7,2051600