;Num_Acc;jour;mois;an;hrmn;lum;dep;com;agg;int;atm;col;adr;lat;long
13017;202000014442;17;11;2020;09:20;1;86;86281;1;2;1;4;Noiron;46,7411990;0,2055860
13018;202000014443;19;11;2020;09:45;1;72;72289;1;9;7;1;D38;48,1464600;0,1594410
13019;202000014445;10;5;2020;18:25;1;49;49049;1;1;1;6;Beaufort-en-Anjou;47,4430660; -0,1757810
13020;202000014446;11;5;2020;08:20;1;01;01031;1;1;3;6;A404;46,2514740;5,6257379
13021;202000014447;5;5;2020;14:15;1;33;33284;1;1;1;6;A660;44,6242700; -0,8591300
13022;202000014448;6;5;2020;06:00;5;95;95604;2;1;1;3;2 Rue Jean Jaurès;49,0970850;2,5435080
13023;202000014449;9;5;2020;19:00;1;41;41252;1;9;1;3;D2152;47,6684260;1,4668040
13024;202000014450;11;5;2020;18:20;1;34;34023;2;1;1;6;Avenue de Montpellier;43,4445070;3,6807420
13025;202000014451;11;5;2020;06:40;1;84;84132;1;1;2;2;Route des Vignères;43,9011050;5,0035640
13026;202000014452;5;5;2020;07:30;1;83;83016;1;1;1;6;Route de Toulon a Marseille;43,2053800;5,8093200
13027;202000014453;11;5;2020;08:50;1;26;26041;1;1;1;3;Autoroute du Soleil ;45,2167370;4,8608060
13028;202000014454;11;5;2020;16:55;1;70;70310;2;9;3;3;2 Rue Jean Girardot;47,6780660;6,5065400
13029;202000014455;11;5;2020;14:35;1;70;70310;1;1;2;6;Route départementale 18 La Saline;47,6595780;6,5004300
13030;202000014456;11;5;2020;10:24;1;67;67348;2;1;3;6;155 Route d'Ottrott;48,4618096;7,4746082
13031;202000014457;11;5;2020;12:20;1;69;69278;2;6;1;3;rond point de la dombe;45,8967000;4,8197000
13032;202000014458;11;5;2020;06:45;2;33;33019;1;1;3;1;Route départementale 3, PK 90+600;44,6995800; -1,0231300
13033;202000014459;9;5;2020;19:00;1;69;69295;1;1;1;7;A 46;45,6131000;4,8782000
13034;202000014460;9;5;2020;23:30;5;92;92064;1;1;3;2;A13;48,8453631;2,2232026
13035;202000014461;10;5;2020;02:00;3;93;93051;1;1;3;-1;A4;48,8359041;2,5586648
13036;202000014463;9;5;2020;12:50;1;69;69387;2;1;1;6;BERTHELOT (AV)                   (R );45,7464500;4,8378500
13037;202000014464;8;5;2020;10:50;1;69;69034;2;1;1;6;VASSIEUX (DE)                       (CH);45,7959517;4,8677810
13038;202000014465;8;5;2020;15:30;1;69;69256;2;3;1;3;GEORGES DIMITROV                    (AV);45,7768300;4,9232000
13039;202000014467;8;5;2020;20:30;1;51;51454;2;1;1;3;Boulevard Albert 1er;49,2748288;4,0171759
13040;202000014468;9;5;2020;20:45;1;33;33039;1;1;3;1;Avenue Jeanne d'Arc;44,7946500; -0,5424300
13041;202000014471;9;5;2020;07:15;1;75;75112;2;1;8;3;PORTE DOREE;48,8341020;2,4092900
13042;202000014472;8;5;2020;20:10;2;75;75112;2;1;1;2;BOULEVARD PERIPHERIQUE;48,8284710;2,3974180
13043;202000014473;8;5;2020;01:50;5;75;75107;2;3;1;7;RUE DE GRENELLE;48,8584110;2,3112110
13044;202000014474;9;5;2020;19:30;1;75;75120;2;1;1;3;BOULEVARD DE CHARONNE;48,8569920;2,3937260
13045;202000014475;8;5;2020;22:00;5;75;75115;2;2;2;3;RUE MARMONTEL;48,8371820;2,3001450
13046;202000014476;7;5;2020;21:00;5;75;75111;2;7;1;7;PLACE DE LA NATION;48,8489150;2,3955970
13047;202000014477;9;5;2020;16:30;1;94;94068;2;3;1;3;MURIERS (BD DES);48,7891000;2,4978100
13048;202000014478;9;5;2020;21:10;3;94;94018;2;3;8;6;GENERAL CHANZY (R DU);48,8267900;2,4035400
13049;202000014479;8;5;2020;21:50;4;93;93070;2;1;1;2;SEINE (QUAI DE);48,9147400;2,3195100
13050;202000014481;9;5;2020;11:40;1;92;92026;2;1;8;7;BOULEVARD CIRCULAIRE;48,8886998;2,2505048
13051;202000014483;10;5;2020;06:45;1;972;97218;1;1;1;6;N3;14,7499290; -61,1038390
13052;202000014484;10;5;2020;05:15;1;41;41250;2;1;8;6;25 Rue des Ponts de Braye;47,7684200;0,7206320
13053;202000014485;9;5;2020;13:50;1;35;35024;2;1;1;1;11 Rue de Rome;48,1794262; -1,6618252
13054;202000014486;9;5;2020;19:40;1;51;51113;1;1;1;7;D933;48,8793502;3,7894020
13055;202000014487;10;5;2020;08:40;1;71;71158;2;1;1;3;Chemin du Colombier;46,5596106;4,9970774
13056;202000014488;9;5;2020;10:45;1;71;71468;1;1;1;7;Route de la Rouelle;46,8505421;4,5465237
13057;202000014489;8;5;2020;18:57;1;12;12148;2;3;7;3;Chemin des Glandolières;44,4804630;2,2248440
13058;202000014491;10;5;2020;01:00;3;25;25493;1;1;2;6;D47;46,8688320;6,2458240
13059;202000014492;9;5;2020;21:45;2;44;44036;2;1;1;6;9 Rue du 8 Mai 1945;47,7094640; -1,3814240
13060;202000014493;10;5;2020;07:00;1;31;31349;1;1;1;6;Pater;43,2325600;1,0659770
13061;202000014495;9;5;2020;14:20;1;73;73262;1;3;1;3;D 1212;45,8136210;6,5080444
13062;202000014496;10;5;2020;16:00;1;37;37241;1;2;1;7;345 La Gitiere;47,4287361;0,3353274
13063;202000014498;8;5;2020;23:00;3;83;83068;1;1;1;7;RD 61 A;43,2705340;6,5529160
13064;202000014499;9;5;2020;18:10;1;54;54432;2;4;1;6;12 Rue Jean Jaurès;48,6057890;6,0992260
13065;202000014500;9;5;2020;19:50;2;60;60282;1;6;8;2;Pont des Planches;49,2064530;2,4617850
13066;202000014501;9;5;2020;16:15;1;92;92050;1;1;1;6;A86;48,9043170;2,2076070
13067;202000014502;8;5;2020;23:25;3;95;95572;1;1;1;6;AUTOROUTE A15;49,0337200;2,1040400
13068;202000014503;8;5;2020;03:45;3;988;98818;2;1;3;1;ROUTE STRATEGIQUE - RUE PAUL CACOT; -22,2652300;166,4476910
13069;202000014505;9;5;2020;00:00;5;69;69259;2;6;1;7;IRENE JOLIOT CURIE                  (BD);45,7210100;4,8742900
13070;202000014506;8;5;2020;19:45;1;69;69276;2;1;1;6;VIENNE (DE)                             ;45,6702900;4,8600100
13071;202000014507;8;5;2020;13:25;1;972;97213;1;9;1;6;AUTOROUTE A1;14,6130000; -61,0100000
13072;202000014508;7;5;2020;19:15;2;972;97213;1;1;1;2;AUTOROUTE A1;14,6182300; -61,0280000
13073;202000014509;23;6;2020;20:45;1;95;95268;2;1;1;4;AV DE STALINGRAD;48,9599100;2,3992500
13074;202000014510;8;5;2020;16:02;1;91;91687;2;1;1;7;GENERAL DE GAULLE (AVENUE DU);48,6791050;2,3818040
13075;202000014511;8;5;2020;19:00;1;91;91223;2;1;1;7;GUETTARD (RUE J.E.);48,4458300;2,1682300
13076;202000014512;4;5;2020;15:20;1;73;73222;2;2;1;2;CHAMBERY (AVENUE DE);45,5733679;5,9500234
13077;202000014513;7;5;2020;08:50;1;63;63032;2;1;1;2;EUROPE (AVENUE DE L');45,7548100;3,0962500
13078;202000014514;7;5;2020;18:00;1;62;62893;2;9;1;6;C.D. 940;50,7611700;1,6063900
13079;202000014515;8;5;2020;16:30;1;59;59599;2;1;1;7;BERTHELOT (CHAUSSEE MARCELIN);50,7263990;3,1824820
13080;202000014516;7;5;2020;11:40;1;37;37261;2;1;1;6;JEMMAPES (RUE);47,4219700;0,6833264
13081;202000014517;8;5;2020;20:40;2;35;35173;1;1;2;6;RD 137;48,1915063; -1,7221933
13082;202000014518;8;5;2020;12:40;1;33;33039;2;1;1;6;RUE CALIXTE CAMELLE;44,8087000; -0,5395300
13083;202000014519;8;5;2020;10:50;1;75;75114;2;1;1;6;BOULEVARD PERIPHERIQUE;48,8172120;2,3349820
13084;202000014520;8;5;2020;16:40;1;75;75119;2;1;1;7;RUE DE CRIMEE;48,8805130;2,3884150
13085;202000014521;8;5;2020;12:45;1;75;75117;2;1;1;6;AVENUE DE CLICHY;48,8894970;2,3221020
13086;202000014522;7;5;2020;17:55;1;75;75117;2;1;1;-1;BOULEVARD BERTHIER;48,8929930;2,3100280
13087;202000014523;7;5;2020;22:55;5;75;75116;2;1;1;6;BOULEVARD EXELMANS;48,8421770;2,2619060
13088;202000014524;8;5;2020;18:00;1;94;94068;2;1;1;7;CHAMPIGNY (BD DE);48,8062700;2,5089100
13089;202000014525;8;5;2020;19:40;1;94;94058;2;1;1;6;GABRIEL PERI (AV);48,8373680;2,5123920
13090;202000014526;8;5;2020;15:30;1;94;94076;2;1;1;6;SAINTE COLOMBE (R);48,7805910;2,3609390
13091;202000014527;8;5;2020;16:50;1;94;94022;2;1;1;6;ANATOLE FRANCE (AV);48,7588570;2,4126930
13092;202000014528;8;5;2020;00:00;5;93;93047;2;3;1;3;AV DE CLICHY / R BERTHE MORISOT;48,9043800;2,5602600
13093;202000014529;8;5;2020;12:35;1;92;92051;2;1;1;3;CHARLES DE GAULLE (AVENUE, N°27 A 129);48,8822000;2,2682000
13094;202000014530;7;5;2020;19:25;1;92;92036;2;3;1;3;GABRIEL PERI (AVENUE) (60/134);48,9199420;2,2952690
13095;202000014531;8;5;2020;08:02;1;92;92062;1;9;1;7;PASSAGE DE L'ARCHE;48,8918000;2,2363000
13096;202000014532;8;5;2020;15:00;1;31;31419;1;1;1;7;D83;43,3841000;1,0223830
13097;202000014533;8;5;2020;23:40;1;974;97402;2;1;1;3;Rue des Letchis; -21,0741388;55,7399833
13098;202000014534;8;5;2020;17:45;1;62;62676;1;2;1;3;Rue de Lambres;50,6041590;2,3786530
13099;202000014535;5;5;2020;12:15;1;56;56205;1;1;1;7;D20;47,5517780; -2,7102440
13100;202000014536;8;5;2020;12:00;1;74;74208;2;1;1;7;Avenue de la Plaine;45,9124180;6,7078670
13101;202000014537;8;5;2020;20:30;1;29;29080;2;1;1;1;lieu dit le pouligou;48,3203583; -4,2529583
13102;202000014538;8;5;2020;22:30;3;34;34126;1;1;1;6;D908;43,5883410;3,0968460
13103;202000014539;9;5;2020;19:30;1;50;50086;1;1;1;7;16 Route de Boutron;49,6342720; -1,4121080
13104;202000014540;6;5;2020;08:35;1;18;18224;1;1;1;3;RN 151;47,1624040;2,9503200
13105;202000014541;9;5;2020;06:20;2;85;85047;2;6;5;7;Rue de Nantes;46,8574230; -1,8680270
13106;202000014542;8;5;2020;20:15;1;37;37055;1;1;1;7;Rue de Rille;47,4558981;0,2491166
13107;202000014543;8;5;2020;19:35;1;82;82028;1;1;1;6;Canals;43,8598690;1,3184755
13108;202000014544;7;5;2020;17:40;1;68;68301;1;1;1;7;A35;47,6896280;7,4505500
13109;202000014545;9;5;2020;11:30;1;976;97614;2;1;1;6;D16 route de kahani; -12,8239370;45,1295830
13110;202000014546;9;5;2020;22:00;5;988;98817;2;3;1;5;RP1/RUE DE LA THI; -22,2306430;166,5496120
13111;202000014547;8;5;2020;17:40;1;971;97128;1;1;1;6;Surgy;16,2664775; -61,3361043
13112;202000014548;9;5;2020;07:20;1;89;89206;1;1;1;1;RD606;47,9688360;3,4001830
13113;202000014549;9;5;2020;12:00;1;67;67348;2;9;1;3;47 Rue du General Leclerc;48,4709790;7,4942640
13114;202000014550;8;5;2020;14:25;1;22;22225;2;2;1;7;Rue Guellou;48,5410780; -3,1083810
13115;202000014551;24;4;2020;11:10;1;35;35178;1;1;1;3;Le Chene Vert;48,2950940; -1,4522060
13116;202000014552;9;5;2020;18:30;1;62;62290;1;1;1;7;Chemin d'Ecurie;50,3352500;2,7638340
13117;202000014553;7;5;2020;23:14;3;91;91617;1;1;1;7;RN 104;48,6315200;2,5159400
13118;202000014554;5;5;2020;22:39;3;94;94021;1;1;1;2;AUTOROUTE A6B;48,7629500;2,3410300
13119;202000014557;7;5;2020;17:40;1;974;97411;2;2;1;3;LECONTE DE LISLE (RUE); -20,8927100;55,4833800
13120;202000014559;7;5;2020;20:40;5;69;69387;2;1;1;6;BERTHELOT                           (AV);45,7420000;4,8518600
13121;202000014560;3;5;2020;19:03;3;972;97209;2;1;1;6;BEL HORIZON (RUE DU);14,6395000; -61,0554000
13122;202000014561;7;5;2020;08:30;1;69;69034;2;3;1;1;GEORGES CLEMENCEAU                  (QU);45,7943770;4,8278475
13123;202000014562;3;5;2020;17:00;1;69;69034;2;1;1;3;SOEUR VIALLY (DE LA)                (MO);45,7866800;4,8451000
13124;202000014563;7;5;2020;12:35;1;91;91064;1;1;1;6;Léon MIGNOTTE (rue);48,7630300;2,2025900
13125;202000014565;7;5;2020;14:00;1;91;91687;2;1;1;7;GENERAL DE GAULLE (AVENUE DU);48,6842500;2,3754500
13126;202000014566;7;5;2020;12:00;1;76;76351;2;2;1;1;IRENE JOLIOT CURIE (RUE);49,5105000;0,1025000
13127;202000014567;7;5;2020;09:10;1;76;76351;2;2;1;3;ANDREI SAKHAROV (RUE);49,5049000;0,1740000
13128;202000014568;7;5;2020;07:40;1;76;76351;2;1;1;6;CHANTIERS (DES);49,4867000;0,1630000
13129;202000014569;6;5;2020;19:35;1;74;74012;2;3;1;3;BONNEVILLE (ROUTE DE);46,1917000;6,2365000
13130;202000014570;7;5;2020;10:07;1;72;72181;2;1;1;3;GENESLAY FELIX (AV) N° PAIRS 2 A 144;47,9811900;0,2095900
13131;202000014571;6;5;2020;08:40;1;64;64024;2;1;1;7;BAYONNE (AVENUE DE);43,4821900; -1,5061900
13132;202000014572;7;5;2020;10:20;1;59;59155;2;3;1;6;JAURES JEAN - BOULEVARD;51,0206200;2,3798260
13133;202000014573;6;5;2020;15:45;1;54;54580;2;1;1;2;RUE RAONI METUKTIRE;49,4610700;5,9194500
13134;202000014574;7;5;2020;07:25;1;35;35238;2;1;1;6;BEAULIEU (ALLEE DE);48,1171790; -1,6340370
13135;202000014575;5;5;2020;20:55;3;34;34032;2;9;1;7;NARBONNE (ROUTE DE);43,3232100;3,1892500
13136;202000014576;6;5;2020;17:15;1;32;32013;2;1;1;3;PIERRE DE MONTESQUIOU (AVENUE);43,6345000;0,5887200
13137;202000014577;6;5;2020;19:00;1;31;31555;2;3;1;1;AV DE REYNERIE;43,5710000;1,4089100
13138;202000014578;7;5;2020;10:30;1;25;25056;2;9;1;6;VIOLET RUE;47,2586430;6,0199140
13139;202000014579;7;5;2020;16:24;1;21;21231;2;1;1;6;CHAMPOLLION (AVENUE);47,3359590;5,0626270
13140;202000014580;7;5;2020;18:38;2;17;17415;2;3;1;1;LORMONT RUE DE;45,7555800; -0,6155500
13141;202000014581;7;5;2020;15:00;1;13;13213;2;9;1;1;JEAN PAUL SARTRE (AVENUE);43,3289450;5,4306630
13142;202000014582;6;5;2020;19:00;1;13;13209;2;1;1;3;MAZARGUES (AVENUE DE);43,2597270;5,3940980
13143;202000014583;7;5;2020;17:00;1;06;06069;2;1;1;1;CANNES (ROUTE DE)  -RD 6085-;43,6418000;6,9471570
13144;202000014585;6;5;2020;19:48;1;75;75114;2;1;1;6;BOULEVARD ADOLPHE PINARD;48,8228240;2,3120290
13145;202000014587;7;5;2020;16:00;1;75;75116;2;7;1;3;AVENUE FOCH;48,8737220;2,2940680
13146;202000014588;7;5;2020;19:10;1;75;75112;2;2;1;6;RUE HECTOR MALOT;48,8461370;2,3760540
13147;202000014589;7;5;2020;14:30;1;94;94078;2;9;1;2;PARIS (R DE);48,7513000;2,4451000
13148;202000014590;6;5;2020;08:50;1;94;94068;2;2;1;3;ALBERT 1ER (AV);48,8029400;2,4854200
13149;202000014591;7;5;2020;19:42;1;94;94043;2;1;1;3;FONTAINEBLEAU (AV DE);48,8095600;2,3622700
13150;202000014592;7;5;2020;18:25;1;94;94043;2;1;1;2;CHARLES GIDE (AV);48,8072300;2,3525400
13151;202000014593;6;5;2020;16:10;1;94;94021;2;1;1;3;PEPINIERE (SQ DE LA);48,7677000;2,3662400
13152;202000014594;7;5;2020;16:20;1;94;94033;2;6;1;1;LOUISON BOBET (AV);48,8524500;2,4907600
13153;202000014595;7;5;2020;04:00;5;93;93071;2;2;1;3;AV JOHN F. KENNEDY / R D'AULNAY;48,9395633;2,5127817
13154;202000014596;7;5;2020;01:10;5;93;93064;2;1;1;6;BD GABRIEL PERI;48,8795392;2,4661596
13155;202000014597;6;5;2020;23:30;5;93;93050;2;1;1;6;AV ROBERT SCHUMANN;48,8737900;2,5311400
13156;202000014598;7;5;2020;15:50;1;93;93013;2;1;1;4;AV DE LA DIVISION LECLERC;48,9368000;2,4278000
13157;202000014599;6;5;2020;07:25;1;92;92002;2;6;1;3;GENERAL DE GAULLE (PLACE DU);48,7638000;2,3090000
13158;202000014601;10;3;2020;16:00;1;2A;2A348;2;1;1;7;esigna - sagone;42,0987016;8,7097690
13159;202000014602;10;2;2020;17:57;5;91;91340;2;1;1;6;Rue de Paris;48,5963730;2,4258170
13160;202000014603;7;5;2020;15:50;1;972;97222;1;1;1;2;N1 l'estrade;14,6902130; -60,9401320
13161;202000014604;8;5;2020;06:40;1;44;44047;1;1;1;2;N165 - PK 13+900 - sens VANNES-NANTES;47,2730850; -1,7180510
13162;202000014605;8;5;2020;01:50;3;82;82140;1;1;1;6;D40;44,1128870;1,3121800
13163;202000014606;5;5;2020;16:14;1;11;11262;1;1;1;1;D13;43,2118230;3,0127430
13164;202000014607;4;5;2020;13:40;1;63;63258;1;1;1;7;Lieu Dit la Valette;45,6791646;3,6266157
13165;202000014608;7;5;2020;07:30;2;03;03082;2;1;7;2;248 Route de Malicorne;46,2986339;2,7730715
13166;202000014609;7;5;2020;14:20;1;03;03065;1;3;1;2;;46,4264164;3,3145653
13167;202000014610;7;5;2020;13:30;1;01;01422;1;1;7;2;2414 Route de la Grande Vavrette;46,1409800;5,2850250
13168;202000014611;7;5;2020;12:00;1;06;06103;2;1;1;7;quartier pontillard, m69;44,0101710;7,3082900
13169;202000014612;7;5;2020;15:00;1;18;18087;2;1;1;6;Place des Acacias;46,8848370;2,5736660
13170;202000014613;7;5;2020;15:35;1;53;53121;1;1;1;7;La Laire;48,4024010; -0,3070220
13171;202000014614;8;5;2020;15:00;1;27;27260;1;1;1;7;Route de l'Estuaire;49,4017650;0,4245880
13172;202000014615;8;5;2020;15:35;1;13;13113;1;1;1;6;31 Lot le Clos des Forsythias;43,5785720;5,4744960
13173;202000014616;5;5;2020;15:30;1;49;49259;1;1;1;7;Route de Saint-Aubin;47,3403480; -0,6459860
13174;202000014618;7;5;2020;20:00;1;37;37089;1;1;1;6;Les Coteaux de Sonnay;47,1600977;0,3353807
13175;202000014619;4;5;2020;17:30;1;95;95287;1;1;1;7;CD 64;49,1367600;2,0424211
13176;202000014620;8;5;2020;04:30;5;84;84034;2;6;1;6;12 Avenue du Marechal Leclerc;43,8929640;4,9494640
13177;202000014622;7;5;2020;19:50;1;13;13216;1;1;1;6;A55-Sens Martigues vers Marseille;43,3661000;5,3329000
13178;202000014623;6;5;2020;20:20;3;13;13055;1;1;1;7;A507 sens Aubagne- Marseille;43,3300165;5,4094630
13179;202000014624;7;5;2020;14:30;1;13;13211;1;1;1;3;A50-Sens Aubagne vers Marseille;43,2941621;5,4584866
13180;202000014625;6;5;2020;23:20;4;93;93005;1;1;1;2;AUTOROUTE A3;48,9482700;2,4756300
13181;202000014626;6;5;2020;13:15;1;976;97611;2;2;1;1;m'tsapere-Nationale 2 (route); -12,7809510;45,2319990
13182;202000014627;6;5;2020;20:42;1;69;69387;2;1;1;4;Avenue Berthelot;45,7420000;4,8518600
13183;202000014628;6;5;2020;19:00;1;69;69259;2;2;1;6;MARTYRS DE LA RESISTANCE (DES)      (AV);45,6921900;4,8727600
13184;202000014629;5;5;2020;19:00;1;95;95680;2;9;1;3;ERABLES (AVENUE DES);49,0013829;2,3898429
13185;202000014630;2;5;2020;19:01;1;87;87114;2;1;2;6;LIBERATION (AVENUE DE LA);45,8274400;1,2920600
13186;202000014631;5;5;2020;14:15;1;76;76681;1;2;1;2;INDUSTRIEL. BOULEVARD (CD 18E);49,4028547;1,1106211
13187;202000014632;5;5;2020;16:10;1;71;71076;2;9;1;3;Avenue John Fitzgerald Kennedy;46,8033913;4,8612228
13188;202000014633;6;5;2020;19:27;1;69;69029;2;1;1;3;GENAS (DE)                          (RO);45,7486600;4,9159400
13189;202000014635;6;5;2020;08:45;1;69;69266;2;2;1;3;ALLIES    (Rue des);45,7778100;4,8815200
13190;202000014636;5;5;2020;19:45;2;67;67218;2;1;1;3;1 a Quai de l'Abreuvoir;48,5336140;7,7172000
13191;202000014637;21;1;2020;09:55;1;59;59392;2;2;7;6;LIBERTE (RUE DE LA);50,2786300;3,9515600
13192;202000014638;23;1;2020;12:25;1;59;59566;2;1;1;6;COMMERCE BOULEVARD DU;50,6276447;2,9671243
13193;202000014639;25;1;2020;11:25;1;54;54395;2;1;1;6;48 Rue de Metz;48,7009667;6,1719909
13194;202000014640;25;1;2020;23:35;3;37;37261;1;1;2;6;A85;47,3742037;0,6744146
13195;202000014641;25;1;2020;08:40;2;35;35238;2;3;5;2;AVENUE DES PREALES;48,1128250; -1,6396500
13196;202000014642;25;1;2020;21:45;5;33;33167;2;3;2;3;BD JOLIOT-CURIE / RUE DE LA BENAUGE;44,8421300; -0,5424300
13197;202000014643;25;1;2020;18:55;5;33;33039;2;5;1;1;AVE JEANNE D'ARC / RUE DU CHEVALIER DE LA BARRE / AV DU PROFESSEUR BERGONIE / AV DU MARECHAL DE LATTRE DE TASSIGNY / RUE IRENE ET FREDERIC JOLIOT-CURIE;44,8027400; -0,5459700
13198;202000014644;24;1;2020;20:00;5;33;33063;2;3;1;6;QUAI LOUIS XVIII / ALL DE MUNICH;44,8449800; -0,5705800
13199;202000014645;24;1;2020;17:40;1;29;29232;2;2;1;6;Rue de Juniville;47,9960200; -4,0999100
13200;202000014646;25;1;2020;21:57;5;29;29019;2;2;2;2;Rue du 19 mars 1962;48,3883416; -4,5156273
13201;202000014647;25;1;2020;19:00;4;13;13205;2;4;1;3;CAMAS (RUE DU);43,2972510;5,3940525
13202;202000014648;25;1;2020;09:15;1;13;13210;2;1;1;2;SCHLOESING (BOULEVARD);43,2732750;5,4007000
13203;202000014649;25;1;2020;15:50;1;13;13005;1;3;1;3;EOURES (ROUTE D');43,3088100;5,5461600
13204;202000014650;24;1;2020;20:10;5;06;06088;2;1;2;3;ROQUEBILLIERE (R. DE);43,7120000;7,2884000
13205;202000014651;25;1;2020;19:00;5;75;75114;2;4;1;4;BD PERIPHERIQUE INTERIEUR;48,8220713;2,3165690
13206;202000014652;25;1;2020;05:40;5;75;75119;2;1;1;3;BD PERIPHERIQUE INTERIEUR;48,8908990;2,3958090
13207;202000014654;25;1;2020;07:29;5;75;75111;2;1;5;6;BOULEVARD DE MENILMONTANT;48,8605040;2,3884110
13208;202000014655;24;1;2020;00:30;5;75;75106;2;2;1;3;RUE DE L ANCIENNE COMEDIE;48,8524744;2,3387564
13209;202000014656;25;1;2020;18:00;2;75;75120;2;2;1;6;RUE PELLEPORT;48,8707808;2,3992266
13210;202000014657;25;1;2020;21:10;5;75;75119;2;1;1;-1;RUE DE BELLEVILLE;48,8757633;2,4008493
13211;202000014658;25;1;2020;20:55;5;75;75119;2;4;1;3;RUE DES DUNES;48,8752305;2,3786499
13212;202000014659;25;1;2020;11:15;1;75;75117;2;1;1;1;RUE DE COURCELLES;48,8808393;2,3014373
13213;202000014660;25;1;2020;10:50;1;75;75116;2;2;5;-1;RUE CHARDON LAGACHE;48,8414290;2,2637880
13214;202000014662;24;1;2020;10:27;1;75;75114;2;2;1;3;BOULEVARD JOURDAN;48,8230021;2,3266184
13215;202000014663;25;1;2020;00:20;5;75;75113;2;5;5;7;RUE CANTAGREL;48,8270779;2,3742437
13216;202000014664;25;1;2020;10:45;1;75;75112;2;3;1;3;AVENUE DU GENERAL MICHEL BIZOT;48,8397791;2,4043785
13217;202000014665;25;1;2020;10:10;1;75;75112;2;1;1;7;SOUTERRAIN TOLBIAC;48,8347540;2,3807310
13218;202000014666;24;1;2020;19:22;5;75;75109;2;1;1;3;BOULEVARD HAUSSMANN;48,8730638;2,3323554
13219;202000014667;25;1;2020;14:35;1;75;75107;2;4;1;6;AVENUE DUQUESNE;48,8541163;2,3062907
13220;202000014669;25;1;2020;17:20;1;94;94028;2;1;1;3;VERDUN.(AVENUE DE);48,7993000;2,4661000
13221;202000014670;24;1;2020;00:05;5;94;94011;2;9;5;6;SEMARD(RUE PIERRE);48,7626000;2,4788000
13222;202000014671;25;1;2020;11:50;1;93;93077;2;1;1;6;BD CARNOT;48,8891700;2,5116200
13223;202000014673;25;1;2020;22:05;5;93;93031;2;9;1;3;Parking AV JOFFRE;48,9578300;2,3019400
13224;202000014674;25;1;2020;21:55;5;93;93010;2;1;1;6;R ROGER SALENGRO;48,8960100;2,4771300
13225;202000014675;25;1;2020;19:50;5;93;93010;2;1;1;6;AV LEON BLUM;48,9141200;2,4786900
13226;202000014676;24;1;2020;13:35;1;62;62014;2;2;1;3;Boulevard Foch;50,6368460;2,3971010
13227;202000014677;25;1;2020;20:15;3;60;60234;1;1;5;1;D916;49,4038390;2,4203400
13228;202000014678;26;1;2020;00:55;3;91;91511;1;1;1;6;CD 838;48,3242000;1,9944690
13229;202000014679;24;1;2020;15:00;1;95;95052;2;1;1;6;42 Rue Edouard Bourchy;49,1422339;2,2894007
13230;202000014680;24;1;2020;07:40;1;45;45185;1;1;1;1;RD 961 - PR 8+500;47,9306640;2,6172350
13231;202000014681;26;1;2020;09:35;1;81;81133;1;1;8;6;D71;43,8707820;2,1552940
13232;202000014682;26;1;2020;05:30;3;77;77382;1;9;5;1;A140;48,9019970;2,8892874
13233;202000014683;25;1;2020;21:35;3;11;11369;1;1;1;7;Chemin de Cuxac;43,2546860;2,9531820
13234;202000014684;20;1;2020;20:45;2;29;29010;1;1;1;2;Bodilis;48,5060850; -4,1253660
13235;202000014685;26;1;2020;20:40;3;31;31203;2;1;5;6;3 Avenue du Chêne Vert;43,5145290;1,3197930
13236;202000014686;21;1;2020;08:15;1;79;79062;2;9;9;7;34 Rue du Gue de l’Epine;46,8155900; -0,6731720
13237;202000014687;7;1;2020;18:00;3;61;61491;1;5;5;6;Lieu Dit la Glette;48,6209380;0,6461330
13238;202000014688;25;1;2020;16:50;1;61;61486;1;1;1;1;Lieu Dit les Basses Bunelieres;48,6929500; -0,6673550
13239;202000014689;26;1;2020;12:15;1;68;68313;1;1;1;6;D32.5;47,7124330;7,1154180
13240;202000014690;25;1;2020;01:50;1;44;44069;2;1;1;6;24 Route de la Turballe;47,3367140; -2,4662270
13241;202000014691;20;1;2020;18:20;5;29;29171;2;1;1;6;Rue Louis Méhu;47,8421320; -4,2826400
13242;202000014692;25;1;2020;10:00;1;31;31517;1;1;1;-1;Le Major;43,3323211;1,3774222
13243;202000014693;25;1;2020;21:07;3;21;21131;1;1;5;7;D976;47,0209640;5,1654200
13244;202000014694;11;1;2020;23:30;3;30;30075;1;1;1;1;Route de Sauve;43,8508580;4,2792550
13245;202000014695;25;1;2020;18:00;3;52;52405;1;1;1;5;D974;47,6334050;5,2685020
13246;202000014696;26;1;2020;04:20;3;68;68297;1;1;1;6;A35;47,6083935;7,5254147
13247;202000014697;26;1;2020;06:00;2;988;98808;1;1;3;6;Camping de Kaora; -21,2081300;165,5733200
13248;202000014698;25;1;2020;15:00;1;977;97701;2;3;8;3;RT 209/ RT 38;17,9040880; -62,8429770
13249;202000014699;25;1;2020;23:50;5;84;84019;1;3;2;6;Avenue du 8 Mai 1945;44,2828890;4,7428750
13250;202000014700;25;1;2020;11:30;1;83;83112;2;1;1;6;D559;43,1822270;5,6952420
13251;202000014701;25;1;2020;02:26;5;01;01262;2;1;1;6;Faubourg de Lyon;45,8493690;5,0511950