;Num_Acc;jour;mois;an;hrmn;lum;dep;com;agg;int;atm;col;adr;lat;long
13252;202000014702;26;1;2020;00:30;3;69;69116;2;1;1;-1;Route de Saint Didier;45,8323430;4,7752760
13253;202000014703;25;1;2020;11:15;1;69;69117;2;1;1;3;route de Chasselay - au niveau du numéro 3;45,8711914;4,7459811
13254;202000014704;25;1;2020;12:55;1;44;44195;2;1;1;1;Rue Madame Jan;47,3593430; -1,9430110
13255;202000014705;26;1;2020;02:35;3;44;44026;1;1;5;7;Route du Prouzeau;47,2929510; -1,4395950
13256;202000014706;25;1;2020;17:25;1;14;14060;1;1;2;2;25 Allée du Prieuré;49,2483090; -0,2766440
13257;202000014708;23;1;2020;22:30;3;69;69116;1;1;1;2;A6   ;45,8259772;4,7630159
13258;202000014709;25;1;2020;15:40;1;67;67482;1;9;1;2;Bretelle sortie autoroute;48,5935409;7,7402418
13259;202000014712;24;1;2020;18:30;2;93;93078;1;1;1;2;AUTOROUTE A104;48,9604000;2,5411700
13260;202000014714;25;1;2020;17:50;3;94;94046;1;1;1;2;A86 EXT;48,8076800;2,4494900
13261;202000014715;24;1;2020;13:10;1;93;93051;1;1;1;4;A4;48,8356000;2,5582900
13262;202000014716;24;1;2020;07:45;2;75;75112;1;1;1;-1;A4;48,8246507;2,4635447
13263;202000014718;22;1;2020;20:10;5;92;92049;2;3;1;3;BRIAND AVENUE ARISTIDE AUTRES N°/ PERI RUE GABRIEL AUTRES N°;48,8175850;2,3254330
13264;202000014720;22;1;2020;15:17;1;988;98818;2;2;1;3;AV. DU MARECHAL FOCH/VICTOIRE HENRI LAFLEUR; -22,2743400;166,4428100
13265;202000014721;24;1;2020;21:50;5;69;69387;2;2;1;1;YVES FARGES                         (BD);45,7433927;4,8342504
13266;202000014722;24;1;2020;15:15;1;69;69383;2;3;1;3;GUILLOUD                            (R );45,7479000;4,8675000
13267;202000014723;24;1;2020;10:45;1;69;69259;2;2;1;2;MARCEL HOUEL                        (AV);45,6969224;4,8864855
13268;202000014724;24;1;2020;07:30;2;69;69276;1;1;5;3;;45,6798249;4,8492865
13269;202000014725;24;1;2020;15:00;1;972;97209;1;3;1;3;MOI LAMINAIRE (RUE);14,6001500; -61,0430100
13270;202000014726;24;1;2020;16:25;1;971;97120;2;9;3;6;ARTISANS (RUE DES);16,2462000; -61,5383500
13271;202000014727;24;1;2020;19:10;3;2A;2A004;2;1;2;7;CANDIA CHEMIN;41,9369400;8,7478300
13272;202000014728;21;1;2020;04:55;3;95;95680;1;1;9;6;BOUQUEVAL (ROUTE DE );49,0173000;2,4114100
13273;202000014730;24;1;2020;07:45;5;95;95219;2;1;1;3;GABRIEL PERI (RUE);48,9919040;2,2471820
13274;202000014731;24;1;2020;17:05;5;91;91691;2;1;1;6;RAYMOND POINCARE(RUE);48,7135000;2,5009900
13275;202000014732;24;1;2020;15:35;1;91;91691;2;9;7;6;RENE COTY(RUE);48,7185100;2,4885200
13276;202000014733;24;1;2020;18:00;1;91;91223;2;1;1;2;MAI 1945 (AVENUE DU 8);48,4410000;2,1472300
13277;202000014734;24;1;2020;02:40;5;91;91425;2;1;1;6;ORLEANS (ROUTE D');48,6378550;2,2672770
13278;202000014735;24;1;2020;09:17;1;87;87085;1;2;1;3;COUDERT (RUE DU);45,8340500;1,2155100
13279;202000014736;19;1;2020;12:30;1;84;84035;2;1;1;7;CLEMENCEAU (AVENUE GEORGES);43,8410500;5,0381500
13280;202000014737;22;1;2020;13:55;1;82;82033;2;2;3;3;EGALITE (RUE DE L');44,0380800;1,1096700
13281;202000014738;23;1;2020;12:20;1;79;79191;2;1;1;4;Boulevard de l'Atlantique;46,3333400; -0,4811500
13282;202000014739;22;1;2020;14:00;1;79;79191;2;3;1;3;18 Avenue Salvador Allende;46,3268670; -0,4880150
13283;202000014740;17;1;2020;08:20;3;78;78322;2;1;2;6;LIBERATION (RUE DE LA);48,7621260;2,1698100
13284;202000014741;24;1;2020;13:25;1;78;78642;2;1;1;4;MALRAUX BD ANDRE;48,9822000;1,9704100
13285;202000014742;24;1;2020;05:00;5;74;74010;2;1;1;6;HIRONDELLES;45,9030000;6,1182000
13286;202000014743;23;1;2020;18:23;5;72;72181;2;1;1;6;JAURES JEAN (AV) N° PAIRS 60 ET >;47,9853400;0,2094000
13287;202000014744;20;1;2020;15:20;1;70;70550;2;2;1;3;ALLIES (BOULEVARD DES);47,6217300;6,1697500
13288;202000014746;24;1;2020;07:40;2;67;67482;2;3;1;3;COLMAR (AVENUE DE);48,5489852;7,7412657
13289;202000014747;20;1;2020;14:30;1;67;67482;2;3;1;3;RHIN (AVENUE DU);48,5711580;7,7733900
13290;202000014748;24;1;2020;07:50;2;66;66136;2;1;1;7;ARGELES SUR MER AVENUE D';42,6806700;2,9108600
13291;202000014749;24;1;2020;16:10;1;64;64189;2;1;1;1;JAURES JEAN  (AVENUE);43,3831100; -1,6675800
13292;202000014751;24;1;2020;13:30;1;64;64445;2;3;1;3;BEZIOU;43,3033642; -0,3796452
13293;202000014752;24;1;2020;05:30;5;64;64132;2;1;1;1;GEORGES CLEMENCEAU;43,2895283; -0,3549571
13294;202000014753;24;1;2020;21:10;5;64;64102;2;2;1;3;HENRI DE NAVARRE (AVENUE);43,4940800; -1,4527300
13295;202000014754;24;1;2020;13:40;1;64;64024;2;3;1;3;BIARRITZ (AVENUE DE);43,4808800; -1,5313500
13296;202000014756;24;1;2020;09:52;1;63;63113;2;6;1;6;FLAMINA (RUE DE);45,8100800;3,1106500
13297;202000014757;24;1;2020;09:07;1;63;63014;2;1;1;-1;MONT MOUCHET (AVENUE DU);45,7492234;3,1048003
13298;202000014758;21;1;2020;15:25;1;61;61001;2;1;2;3;CANDIE (RUE);48,4300500;0,0769400
13299;202000014759;16;1;2020;18:30;5;57;57672;2;1;1;6;METZ (ROUTE DE);49,3453500;6,1613100
13300;202000014760;24;1;2020;18:05;5;54;54547;2;3;1;6;PARME (RUE DE);48,6618000;6,1703000
13301;202000014761;24;1;2020;07:52;2;54;54274;2;1;8;-1;6 Rue de la Republique;48,6755752;6,2002346
13302;202000014762;23;1;2020;07:55;1;51;51454;2;1;1;7;Rue Voltaire;49,2541606;4,0369859
13303;202000014763;23;1;2020;15:30;1;50;50129;2;1;1;2;CARNOT (AVENUE);49,6348400; -1,6170900
13304;202000014765;23;1;2020;09:14;1;49;49007;2;1;1;6;CALEIDES SQUARE;47,4489600; -0,5590000
13305;202000014766;24;1;2020;13:15;1;45;45234;2;2;1;3;Avenue Roger Secretain - Rue de la cigogne;47,8855400;1,8971400
13306;202000014767;24;1;2020;13:50;1;45;45068;2;1;1;3;RUE ROGER SALENGRO;48,0160636;2,7157420
13307;202000014768;23;1;2020;18:00;1;44;44184;2;1;1;1;Avenue de Penhoet;47,2901675; -2,1960470
13308;202000014769;23;1;2020;20:36;5;38;38185;2;1;1;3;Rue Alfred de Vigny;45,1662200;5,7227800
13309;202000014770;23;1;2020;13:20;1;38;38185;2;1;1;2;Rue de Stalingrad;45,1757900;5,7259100
13310;202000014771;21;1;2020;04:15;5;37;37261;2;1;1;7;GANCE (BOULEVARD ABEL);47,4135011;0,7199849
13311;202000014772;24;1;2020;14:20;1;37;37261;2;6;1;-1;LOUIS XI (ROND-POINT);47,3748341;0,6712491
13312;202000014773;24;1;2020;12:20;1;35;35238;2;3;8;1;BERNANOS (PLACE GEORGES);48,1233110; -1,6599880
13313;202000014774;24;1;2020;20:10;5;33;33065;2;1;1;1;46 AVE DE LA BELLE ETOILE;44,8245000; -0,4782700
13314;202000014775;24;1;2020;19:30;5;33;33119;2;2;1;6;CRS VICTOR HUGO / RUE DU MARECHAL FOCH;44,8551900; -0,5321900
13315;202000014776;24;1;2020;07:50;1;33;33063;2;3;1;2;QUAI DESCHAMPS / RUE RENE BUTHAUT;44,8370200; -0,5562600
13316;202000014777;23;1;2020;07:35;5;30;30189;2;1;1;6;BIR HAKEIM (AVENUE);43,8422400;4,3862700
13317;202000014778;23;1;2020;19:10;5;29;29232;2;1;1;6;Rue Napoleon III;47,9847000; -4,0737600
13318;202000014779;23;1;2020;13:09;1;29;29019;2;1;1;2;25 Avenue Maréchal Foch;48,3958757; -4,4885423
13319;202000014780;22;1;2020;08:20;2;22;22187;1;1;1;4;RD786;48,5497100; -2,7967500
13320;202000014781;23;1;2020;08:10;1;13;13117;1;1;1;3;RD 113 - CADESTEAUX;43,4727600;5,2295340
13321;202000014782;24;1;2020;12:10;1;13;13210;2;1;2;6;CAPELETTE (AVENUE DE LA);43,2807620;5,4073000
13322;202000014784;23;1;2020;09:45;1;13;13205;2;2;1;3;BERCEAU (RUE);43,2881830;5,3951900
13323;202000014785;22;1;2020;11:10;1;13;13215;2;1;8;1;SAINT ANTOINE (AVENUE DE);43,3800400;5,3573300
13324;202000014786;12;1;2020;14:05;1;07;07231;2;3;1;1;Vieux Stade (Chemin du);44,6028700;4,3822700
13325;202000014787;24;1;2020;12:20;1;06;06088;2;1;1;2;VOIE RAPIDE;43,6901000;7,2401000
13326;202000014788;24;1;2020;16:15;1;06;06069;1;1;1;6;SAINT MATHIEU (ROUTE ET PLACE);43,6597290;6,9529780
13327;202000014789;24;1;2020;18:20;5;06;06027;2;1;1;1;SOUS BAOUS MONTEE;43,6695100;7,1466500
13328;202000014790;21;1;2020;13:55;1;06;06123;2;1;1;2;VESPINS ROUTE DES;43,6599700;7,1875100
13329;202000014791;4;1;2020;04:46;5;02;02722;2;6;1;6;CHATEAU-THIERRY ( AVENUE DE );49,3742800;3,3286200
13330;202000014792;24;1;2020;20:10;5;75;75114;2;1;1;2;BD PERIPHERIQUE EXTERIEUR;48,8199840;2,3256960
13331;202000014793;24;1;2020;17:10;4;75;75119;2;1;1;3;BD PERIPHERIQUE EXTERIEUR;48,9003090;2,3779940
13332;202000014794;23;1;2020;16:40;2;75;75120;2;1;1;3;BD PERIPHERIQUE INTERIEUR;48,8724778;2,4123734
13333;202000014795;22;1;2020;21:00;5;75;75114;2;4;1;3;BD PERIPHERIQUE EXTERIEUR;48,8242920;2,3063700
13334;202000014796;1;1;2020;01:20;3;75;75105;2;2;1;2;RUE GAY LUSSAC;48,8425917;2,3429199
13335;202000014798;24;1;2020;10:30;1;75;75120;2;4;1;-1;BOULEVARD DAVOUT;48,8562451;2,4099956
13336;202000014799;24;1;2020;09:33;1;75;75118;2;2;1;3;AVENUE DE LA PORTE DE LA CHAPELLE;48,8986989;2,3593529
13337;202000014800;24;1;2020;18:20;5;75;75117;2;1;1;3;AVENUE DE CLICHY;48,8841450;2,3271490
13338;202000014801;24;1;2020;09:35;1;75;75116;2;1;1;3;QUAI SAINT EXUPERY;48,8351831;2,2625211
13339;202000014802;24;1;2020;15:30;1;75;75107;2;3;1;4;AVENUE DE SUFFREN;48,8544551;2,2957684
13340;202000014803;22;1;2020;23:15;5;75;75114;2;1;1;6;RUE D ALESIA;48,8295449;2,3219869
13341;202000014804;24;1;2020;20:45;5;75;75113;2;2;1;6;RUE DE L AMIRAL MOUCHEZ;48,8193331;2,3445734
13342;202000014805;24;1;2020;17:50;5;75;75112;2;1;1;3;AVENUE DU DOCTEUR ARNOLD NETTER;48,8460301;2,4060084
13343;202000014806;24;1;2020;07:55;1;75;75111;2;1;1;6;AVENUE PHILIPPE AUGUSTE;48,8522540;2,3935142
13344;202000014807;24;1;2020;11:15;1;75;75108;2;1;1;3;AVENUE HOCHE;48,8777590;2,3045810
13345;202000014808;24;1;2020;21:30;5;75;75107;2;2;1;3;RUE DE L UNIVERSITE;48,8611478;2,3054781
13346;202000014809;24;1;2020;00:45;5;75;75104;2;7;1;6;BOULEVARD HENRI IV;48,8529310;2,3684270
13347;202000014810;24;1;2020;15:35;1;75;75102;2;3;1;3;BOULEVARD POISSONNIERE;48,8709323;2,3459297
13348;202000014811;22;1;2020;21:50;4;75;75102;2;2;1;3;BOULEVARD POISSONNIERE;48,8706888;2,3479119
13349;202000014812;24;1;2020;08:45;2;94;94043;2;2;8;3;FONTAINEBLEAU (AV DE);48,8145500;2,3608700
13350;202000014813;23;1;2020;13:40;1;94;94016;2;2;1;3;LORRAINE (R DE);48,7914740;2,3266670
13351;202000014814;23;1;2020;10:10;1;94;94041;2;1;8;5;WESTERMEYER (R);48,8179800;2,3942900
13352;202000014815;22;1;2020;17:50;5;94;94041;2;2;1;6;LENINE (R);48,8166000;2,3953000
13353;202000014816;24;1;2020;13:35;1;94;94065;2;2;1;3;LYON (RUE DE);48,7599000;2,3570000
13354;202000014817;23;1;2020;17:50;1;94;94054;2;2;1;1;VICTOIRE (AV DE LA);48,7449900;2,4000500
13355;202000014818;24;1;2020;18:40;5;93;93070;2;9;1;6;BD VICTOR-HUGO;48,9098880;2,3304690
13356;202000014819;23;1;2020;15:10;1;93;93066;2;1;1;6;SANDS BOBBY;48,9303450;2,3539884
13357;202000014820;21;1;2020;10:30;1;93;93039;2;3;1;1;PONT DE SAINT OUEN / QU DU CHATELIER;48,9191800;2,3280200
13358;202000014821;24;1;2020;17:22;5;93;93062;2;6;1;6;RPT DE MONTFERMEIL / ALL DE CHELLES;48,8956900;2,5270200
13359;202000014822;24;1;2020;15:45;1;93;93048;2;2;1;6;VALMY (RUE DE);48,8507300;2,4181000
13360;202000014823;24;1;2020;12:45;1;93;93048;2;2;1;3;COLONEL FABIEN (AVENUE DU);48,8766303;2,4547834
13361;202000014824;24;1;2020;15:30;1;93;93006;2;1;1;3;FIORENTINO RUE DE SESTO;48,8634370;2,4177300
13362;202000014825;24;1;2020;20:02;5;93;93029;2;1;1;1;AV JEAN JAURES;48,9148900;2,4605800
13363;202000014827;24;1;2020;12:10;1;93;93005;2;1;1;6;PREFET CHALEIL (CD44) (RUE DU);48,9396900;2,5082400
13364;202000014828;24;1;2020;10:10;1;92;92062;2;1;1;2;DE DION BOUTON (QUAI) DU 1 AU 28;48,8853621;2,2512497
13365;202000014829;24;1;2020;13:00;1;92;92051;2;1;1;2;PARMENTIER (RUE);48,8834955;2,2812469
13366;202000014830;25;2;2020;17:00;1;34;34145;1;1;1;5;Route de la Mer;43,6640380;4,1392060
13367;202000014831;27;2;2020;23:30;3;83;83107;1;1;1;1;DN7;43,4616570;6,6540670
13368;202000014832;1;3;2020;06:50;2;83;83106;1;1;2;1;RD 43;43,3110180;6,0759970
13369;202000014833;27;2;2020;13:15;1;05;05134;1;1;4;5;N94;44,6504650;6,5832810
13370;202000014834;27;2;2020;19:55;5;05;05070;2;1;4;6;23 Avenue de Grenoble;44,3160860;5,8165340
13371;202000014835;2;3;2020;18:25;1;04;04152;1;3;1;4;RD 6;43,8191700;5,7478670
13372;202000014837;15;7;2020;22:15;2;51;51663;2;1;1;1;Rue Jean Moulin;49,0469333;3,9655474
13373;202000014838;15;7;2020;15:45;1;42;42183;2;1;1;6;Rue Gambetta;45,4044700;4,3682400
13374;202000014839;2;3;2020;15:30;1;13;13022;1;1;8;1;D 559;43,2149040;5,5806680
13375;202000014841;15;7;2020;15:20;1;37;37261;2;1;1;-1;MIRABEAU (RUE);47,3928521;0,7002385
13376;202000014842;3;3;2020;02:46;3;26;26165;1;1;2;2;Autoroute du Soleil;44,7794600;4,8139300
13377;202000014843;28;2;2020;15:15;1;89;89099;2;6;1;7;4 Rue du Pont;47,9554510;3,5320830
13378;202000014845;10;7;2020;13:45;1;34;34003;1;1;1;1;D 51 MARSEILLAN (ROUTE DE);43,3264000;3,4808000
13379;202000014846;1;3;2020;09:45;1;71;71176;1;9;1;2;N79;46,4683937;4,0024586
13380;202000014848;26;2;2020;00:15;3;08;08110;1;9;4;7;Le Châtelet-sur-Sormonne;49,8683080;4,5102310
13381;202000014849;15;7;2020;18:40;1;33;33199;2;1;1;4;RD 256;44,5776100; -1,1034900
13382;202000014850;1;3;2020;14:27;1;88;88350;1;2;1;1;route communale c2;48,3757080;5,9297200
13383;202000014851;14;7;2020;13:45;1;33;33009;2;1;1;3;GAMBETTA (AVE) DU 01 AU 35;44,6623500; -1,1685400
13384;202000014852;4;3;2020;07:45;1;55;55218;1;1;9;1;D65;49,2811320;5,4668140
13385;202000014853;4;3;2020;14:00;1;03;03187;1;1;1;6;;46,3495930;3,4535775
13386;202000014854;15;7;2020;05:55;4;31;31555;1;1;1;5;VA008482 A624;43,6054800;1,3961100
13387;202000014855;14;7;2020;20:40;1;31;31555;1;1;1;7;VA007331 A620;43,5734900;1,4100900
13388;202000014856;1;3;2020;11:15;1;03;03141;1;1;2;6;Matichard;45,9941549;3,6960812
13389;202000014857;15;7;2020;20:55;1;30;30189;2;1;1;1;THALES (RUE OU PLACE);43,8307700;4,3320200
13390;202000014858;2;3;2020;15:25;1;74;74220;2;4;2;5;15 Route de Findrol;46,1339060;6,2995540
13391;202000014860;1;3;2020;01:10;5;42;42129;1;3;2;1;Route de Saint-appolinard;45,3568870;4,6751010
13392;202000014861;26;2;2020;16:45;1;42;42090;1;2;7;3;Route de Feurs;45,7569090;4,3380330
13393;202000014862;13;7;2020;23:15;5;30;30007;2;3;1;3;ANDUZE (AVE);44,1105000;4,0805000
13394;202000014864;15;7;2020;12:46;1;28;28134;1;9;1;3;RN 12 (ARCHE DU GAZON);48,7427700;1,3231600
13395;202000014865;13;7;2020;20:40;1;22;22215;2;6;1;3;FONTAINE MORIN (RUE DE LA);48,4919100; -2,7950000
13396;202000014867;15;7;2020;11:10;1;17;17380;2;2;1;1;GRANDE COTE (AVENUE DE LA);45,6465000; -1,1017500
13397;202000014869;15;7;2020;05:30;2;13;13117;2;6;1;3;ROND POINT DE PIERRE PLANTEE;43,4462600;5,2480400
13398;202000014870;15;7;2020;15:10;1;13;13215;2;4;1;3;SAINT ANTOINE A SAINT JOSEPH (CHEMIN DE);43,3603800;5,3638300
13399;202000014871;19;2;2020;08:20;1;26;26179;2;9;1;1;D115;45,0770350;4,8899780
13400;202000014872;15;7;2020;14:30;1;13;13201;2;2;1;3;DELILLE (RUE);43,3540000;5,2400000
13401;202000014873;15;7;2020;12:10;1;13;13210;2;1;1;3;MAURIAC (RUE);43,2734000;5,4200900
13402;202000014874;1;3;2020;02:15;3;26;26116;1;1;1;6;810 Avenue du Rhône;44,4496900;4,7002550
13403;202000014875;15;7;2020;07:40;1;13;13210;2;1;1;3;PONT DE VIVAUX (BOULEVARD);43,2790150;5,4225250
13404;202000014876;29;2;2020;03:30;3;26;26206;1;1;8;7;D538;44,8417500;5,0093840
13405;202000014877;14;7;2020;22:10;5;13;13005;2;1;1;2;D 2 (CAMP MAJOR);43,2880800;5,5444000
13406;202000014878;2;3;2020;20:54;5;01;01376;2;1;2;3;52 Route de Genève;45,8306130;4,9825320
13407;202000014879;21;2;2020;17:35;2;69;69136;2;1;1;6;Montée de Sourzy;45,6215270;4,7518610
13408;202000014880;15;7;2020;13:20;1;13;13001;1;1;1;2;R.N 7;43,5513890;5,4261112
13409;202000014881;27;2;2020;06:45;2;69;69296;1;1;1;3;Chemin Departemental 12;45,6374020;4,8234490
13410;202000014883;25;2;2020;16:23;1;81;81099;2;1;2;3;9 Rue des Chalets;43,9005710;1,9032150
13411;202000014885;14;7;2020;17:00;1;06;06088;2;1;1;5;ANGLAIS (DU N° 114 AU N° 263);43,6733000;7,2263700
13412;202000014886;29;2;2020;07:25;2;86;86008;1;1;2;6;Route d'Arçay;46,9641900;0,0117370
13413;202000014887;14;7;2020;18:00;1;06;06069;2;1;1;6;CLEMENCEAU (BOULEVARD GEORGES);43,6583340;6,9143460
13414;202000014888;3;3;2020;11:37;1;64;64426;1;1;6;5;D936;43,2362220; -0,6699090
13415;202000014889;10;7;2020;19:26;1;05;05061;2;1;1;3;EMILE DIDIER ( AV );44,5666300;6,0952000
13416;202000014890;15;7;2020;00:50;5;75;75113;2;1;1;2;BOULEVARD PERIPHERIQUE;48,8198740;2,3743350
13417;202000014891;24;2;2020;18:10;1;33;33099;1;3;1;2;29 Avenue de Branne;44,8280560; -0,4617690
13418;202000014892;15;7;2020;09:07;1;75;75106;2;3;1;3;PLACE SAINT SULPICE;48,8512590;2,3337920
13419;202000014893;3;3;2020;08:00;1;85;85152;2;1;2;2;Place de l'Eglise (la Chapelle-achard);46,5900830; -1,6478850
13420;202000014894;15;7;2020;19:45;1;75;75120;2;1;1;3;BOULEVARD DAVOUT;48,8480980;2,4111250
13421;202000014895;1;3;2020;16:00;1;50;50025;2;3;1;1;Rue du Commandant Bindel;48,6807450; -1,3405680
13422;202000014896;15;7;2020;00:20;5;75;75119;2;3;1;6;AVENUE CORENTIN CARIOU;48,8951290;2,3827630
13423;202000014897;27;2;2020;20:00;3;14;14258;2;1;8;6;Route d'Argentan;48,8892200; -0,1909680
13424;202000014898;15;7;2020;18:20;1;75;75118;2;2;1;6;BOULEVARD BARBES;48,8865510;2,3495590
13425;202000014899;3;3;2020;08:50;1;14;14197;1;1;1;7;D35;49,2865210; -0,3388170
13426;202000014900;28;2;2020;18:00;1;29;29124;2;1;8;1;Rue Francis Guezennec;48,5774700; -4,3122410
13427;202000014902;14;7;2020;22:35;5;75;75118;2;3;1;6;RUE JEAN ROBERT;48,8902890;2,3583430
13428;202000014903;29;2;2020;14:25;1;22;22093;1;1;6;2;Le Pont Hougat Maroué;48,4512470; -2,5396010
13429;202000014904;15;7;2020;17:05;1;75;75117;2;7;8;6;PLACE GENERAL CATROUX;48,8818870;2,3112700
13430;202000014905;1;3;2020;18:30;2;35;35098;1;3;2;1;Les Hiaux;47,7638490; -1,6643210
13431;202000014906;15;7;2020;09:00;1;75;75117;2;2;1;6;AVENUE NIEL;48,8796500;2,2947300
13432;202000014907;14;7;2020;16:10;1;75;75116;2;1;1;2;VOIE GEORGES POMPIDOU;48,8614050;2,2923860
13433;202000014908;15;7;2020;14:10;1;75;75116;2;1;1;1;RUE MIRABEAU;48,8458440;2,2685450
13434;202000014909;2;3;2020;08:15;1;76;76464;1;1;3;1;D6014;49,3852500;1,2521410
13435;202000014910;15;7;2020;10:00;1;75;75116;2;4;1;3;RUE D AUTEUIL;48,8480370;2,2631080
13436;202000014911;3;3;2020;15:57;1;60;60060;1;1;1;2;D1001;49,1994590;2,2313050
13437;202000014912;14;7;2020;17:50;1;75;75116;2;2;1;3;AVENUE DE VERSAILLES;48,8408550;2,2653070
13438;202000014913;2;3;2020;05:50;3;60;60369;1;1;1;2;D200;49,3289351;2,7148458
13439;202000014914;15;7;2020;08:40;1;75;75112;2;7;1;3;AVENUE DU TREMBLAY;48,8272580;2,4643840
13440;202000014915;28;2;2020;17:40;1;60;60469;1;1;2;5;387 Rue de la Mare d'Ovillers;49,2658580;2,2040460
13441;202000014916;15;7;2020;16:30;1;75;75111;2;2;1;3;BOULEVARD VOLTAIRE;48,8651830;2,3677400
13442;202000014917;15;7;2020;02:15;5;75;75110;2;2;1;2;RUE DU FAUBOURG SAINT MARTIN;48,8816060;2,3657730
13443;202000014918;28;2;2020;22:15;3;80;80090;1;1;1;2;A1;49,8677340;2,8349610
13444;202000014919;26;2;2020;22:50;3;80;80521;1;1;1;6;A1;49,9885910;2,8717530
13445;202000014920;28;2;2020;04:15;4;62;62355;1;6;9;6;;50,3331800;2,9201960
13446;202000014921;15;7;2020;11:18;1;75;75109;2;5;1;2;BOULEVARD HAUSSMANN;48,8719610;2,3400390
13447;202000014922;15;7;2020;09:00;1;75;75104;2;1;1;7;RUE DES ARCHIVES;48,8576650;2,3543990
13448;202000014923;1;3;2020;19:20;3;62;62318;1;1;1;2;Étaples;50,5057747;1,6821209
13449;202000014924;15;7;2020;10:10;1;94;94068;2;1;8;3;MAURICE BERTEAUX (BD);48,8105000;2,4701000
13450;202000014925;15;7;2020;09:30;1;94;94021;2;1;1;5;STALINGRAD (AV DE);48,7610820;2,3683580
13451;202000014926;1;3;2020;18:10;1;59;59377;2;1;1;6;Rue de Premy;50,1251800;3,1708110
13452;202000014927;15;7;2020;21:45;5;94;94019;2;1;1;7;COEUILLY (AV DE);48,8018300;2,5373500
13453;202000014928;3;2;2020;16:20;1;59;59139;2;2;2;2;190 Rue de Saint-quentin;50,1164710;3,4107520
13454;202000014929;15;7;2020;18:00;1;93;93070;2;1;1;3;MICHELET (AVE) : DU 1 AU 103;48,9080840;2,3442570
13455;202000014931;15;7;2020;21:20;1;93;93064;2;9;1;3;HOFFMANN (RUE PHILIBERT);48,8811600;2,4859859
13456;202000014932;3;3;2020;11:00;1;59;59012;2;1;1;6;6 Place du Poilu;49,9914310;4,1013360
13457;202000014933;15;7;2020;14:18;1;93;93053;2;1;1;6;ROGER SALENGRO (BLD);48,8843248;2,4552207
13458;202000014934;3;3;2020;08:20;2;59;59581;1;1;1;6;rue de la ménégatte;50,6978340;2,8031440
13459;202000014936;15;7;2020;15:00;1;93;93048;2;2;1;3;VINCENNES (RUE DE);48,8500000;2,4350000
13460;202000014937;2;3;2020;12:00;1;13;13071;1;1;8;4;A7-Sens Marseille vers Lyon;43,4122431;5,2822107
13461;202000014938;15;7;2020;05:40;2;93;93048;2;2;2;3;AV GABRIEL PERI / AV DU PDT WILSON;48,8574435;2,4400746
13462;202000014940;2;3;2020;07:42;1;13;13216;1;1;2;7;A55-Sens Marseille vers Martigues;43,3400000;5,3485000
13463;202000014941;14;7;2020;23:35;5;93;93027;2;1;1;2;R EDGAR QUINET;48,9308300;2,3972500
13464;202000014942;2;3;2020;07:10;2;13;13085;1;1;3;7;Sens Toulon vers Aubagne;43,2580200;5,5924800
13465;202000014943;14;7;2020;00:30;5;93;93047;2;9;1;1;GENERAL DE GAULLE (RUE DU);48,8991673;2,5560333
13466;202000014944;2;3;2020;06:30;5;13;13055;1;1;2;7;A507 sens Marseille - Aubagne;43,3322840;5,3859010
13467;202000014945;15;7;2020;08:30;1;92;92044;2;1;1;2;LEVALLOIS( PONT DE);48,8992000;2,2785000
13468;202000014947;15;7;2020;17:10;1;92;92040;2;2;1;3;CAMILLE DESMOULINS;48,8315440;2,2671990
13469;202000014948;1;3;2020;01:32;5;13;13207;2;9;1;7;Tunnel Prado Carénage;43,2917900;5,3661210
13470;202000014949;1;3;2020;03:00;3;13;13001;1;1;2;7;A51-Sens Aix en Provence vers Marseille;43,4774140;5,4080380
13471;202000014950;14;7;2020;10:15;1;92;92036;2;3;1;3;MARCEL PAUL (AVENUE) (1/103);48,9392430;2,3040730
13472;202000014951;28;2;2020;20:00;5;13;13071;1;1;1;2;A7-Sens Lyon vers Marseille;43,4137610;5,2798350
13473;202000014952;15;7;2020;04:15;5;92;92026;2;2;2;3;BOULEVARD CIRCULAIRE;48,8927900;2,2452800
13474;202000014953;27;2;2020;18:40;5;13;13203;1;1;2;2;A7-Sens Lyon vers Marseille;43,3056900;5,3751200
13475;202000014954;15;7;2020;11:00;1;92;92019;2;1;1;3;DIVISION LECLERC (AVENUE DE LA);48,7670663;2,2536649
13476;202000014955;26;2;2020;08:10;1;13;13028;1;1;1;3;A50-Sens Toulon vers Aubagne;43,2068000;5,5874200
13477;202000014957;24;2;2020;21:50;3;13;13071;1;1;1;5;A7-Sens Lyon vers Marseille;43,4130000;5,2812000
13478;202000014958;4;7;2020;20:20;1;01;01383;1;2;7;3;Intersection RD 1083 / Route de Saint-germain-sur-renon;46,0981810;5,1247360
13479;202000014959;12;7;2020;10:28;1;10;10066;1;1;1;6;RD 660 PR 16+800;48,2747530;3,8414490
13480;202000014960;16;7;2020;13:55;1;86;86236;1;1;1;6;D5;46,6759450;0,8623430
13481;202000014961;25;6;2020;09:00;1;74;74019;2;6;1;1;Route du Parmelan;45,9394930;6,1441520
13482;202000014962;16;7;2020;10:30;1;83;83091;1;1;1;3;Route de Puget-ville;43,2631670;6,1533790
13483;202000014963;24;2;2020;23:40;3;13;13028;1;1;1;2;A50-Sens Aubagne vers Toulon;43,2032900;5,6012720
13484;202000014964;22;2;2020;22:15;3;13;13215;1;1;1;2;A55-Sens Martigues vers Marseille;43,3314400;5,3540700