;Num_Acc;jour;mois;an;hrmn;lum;dep;com;agg;int;atm;col;adr;lat;long
13485;202000014965;15;7;2020;15:15;1;83;83019;2;1;1;3;Avenue Lou Mistraou;43,1400760;6,3503440
13486;202000014966;23;2;2020;02:57;3;83;83047;1;1;1;2;A570;43,1345800;6,0471600
13487;202000014967;16;7;2020;12:15;5;974;97423;2;1;1;3;Rue François de Mahy; -21,1231158;55,2639449
13488;202000014968;28;2;2020;11:00;1;38;38544;2;1;1;6;Boulevard Georges Pompidou;45,5030000;4,8468400
13489;202000014969;16;7;2020;18:25;1;50;50504;1;1;1;-1;lieu dit enoufverie;49,0062080; -0,9899500
13490;202000014970;6;7;2020;18:30;1;87;87152;1;1;1;1;Route des Lézes;45,9783220;1,1918660
13491;202000014972;16;7;2020;20:10;1;56;56228;1;3;7;3;Le Pissot D10;47,8253450; -2,4210850
13492;202000014973;26;2;2020;16:45;1;69;69382;1;1;1;2;A7 ;45,7390200;4,8227500
13493;202000014974;10;1;2020;17:00;2;69;69277;1;1;1;2;RN 346   ;45,7338288;4,9803075
13494;202000014975;15;7;2020;19:15;1;80;80571;1;2;1;3;rue basse;49,7576490;2,4755930
13495;202000014976;12;7;2020;23:45;3;82;82151;1;1;1;7;D7 - PK 35+300;44,3272000;0,9545200
13496;202000014977;8;7;2020;10:20;1;11;11170;2;1;1;6;Avenue des Plages;43,1155670;3,1082180
13497;202000014978;27;2;2020;17:50;2;69;69199;1;1;2;5;A7   ;45,6961000;4,8393000
13498;202000014979;15;7;2020;16:55;1;63;63276;1;1;3;6;Lieu Dit les Epinins;45,8320565;3,4717464
13499;202000014980;26;2;2020;05:17;3;57;57356;1;1;4;5;Autoroute A31;49,4334600;6,1153900
13500;202000014981;16;7;2020;11:20;1;68;68006;1;1;8;7;D466;47,6989030;7,1805950
13501;202000014983;29;2;2020;13:15;1;54;54090;1;1;1;2;Autoroute A 31;48,7518620;6,1578240
13502;202000014984;15;7;2020;12:40;1;39;39446;1;1;1;6;Route de Buvilly;46,8731320;5,7497660
13503;202000014985;16;2;2020;00:55;3;54;54027;1;1;1;2;Autoroute A 31;48,8882200;6,0987400
13504;202000014987;23;6;2020;08:15;1;35;35284;1;3;1;3;la briantais;48,6064120; -1,9693210
13505;202000014988;3;3;2020;13:30;1;33;33063;1;1;3;6;ROCADE A 630;44,8838300; -0,5567700
13506;202000014990;29;2;2020;19:25;4;33;33474;1;1;1;4;AUTOROUTE A 62;44,6732100; -0,4773400
13507;202000014991;14;7;2020;20:50;1;02;02166;1;1;1;-1;rd 85;49,0959860;3,5105180
13508;202000014992;15;7;2020;19:50;1;54;54131;2;1;1;6;2 Rue du Château;48,8949700;6,1875450
13509;202000014993;29;2;2020;17:05;1;33;33213;1;1;1;5;AUTOROUTE A 62;44,6847300; -0,4906500
13510;202000014994;16;7;2020;07:50;1;72;72325;1;1;1;7;les forges;47,8199403;0,4910797
13511;202000014995;29;2;2020;06:40;5;33;33192;1;1;1;2;ROCADE A 630;44,7901700; -0,6090100
13512;202000014996;16;7;2020;17:20;1;72;72331;2;1;1;7;rue Jean Moulin;48,1042790;0,5869800
13513;202000014997;29;2;2020;06:15;5;33;33003;1;1;1;2;A10;44,9342200; -0,4674800
13514;202000014998;15;7;2020;17:35;1;72;72031;1;9;1;2;Aire d'acueil des gens du voyage - D33;48,0686140;0,4892190
13515;202000014999;28;2;2020;06:00;2;33;33063;1;1;1;6;ROCADE A 630;44,8872100; -0,5709800
13516;202000015000;16;7;2020;16:45;1;06;06127;2;1;8;6;131 Avenue Charles de Caqueray;44,0707010;7,2547000
13517;202000015001;27;2;2020;07:35;2;33;33397;1;1;3;5;AUTOROUTE A10;44,8934700; -0,4992000
13518;202000015002;16;7;2020;03:00;5;50;50576;2;1;1;6;Avenue des Peupliers;49,5620770; -1,8452950
13519;202000015004;25;2;2020;09:25;1;33;33075;1;1;2;3;Rue des Airelles;44,8899400; -0,6147200
13520;202000015005;15;7;2020;12:15;1;88;88516;2;1;1;6;rue des dames;48,2009740;5,9494600
13521;202000015006;10;7;2020;08:45;1;06;06152;1;3;1;1;2405 Route des Dolines;43,6253450;7,0499140
13522;202000015007;1;3;2020;17:15;1;59;59350;1;1;1;3;AUTOROUTE A25;50,6169048;3,0439532
13523;202000015008;3;3;2020;15:15;1;91;91589;1;1;1;2;AUTOROUTE A6;48,6743000;2,3422000
13524;202000015009;15;7;2020;14:20;1;27;27554;1;1;1;2;A13;49,0924656;1,3664145
13525;202000015010;16;7;2020;13:55;1;27;27091;1;1;1;6;A13;49,3633680;0,8426450
13526;202000015011;30;5;2020;16:00;1;77;77148;1;1;1;6;Chemin du Bordet - D94;49,0917150;3,0838970
13527;202000015012;13;7;2020;06:30;1;91;91247;1;1;1;1;D836;48,4767020;2,0522430
13528;202000015013;3;3;2020;08:05;1;91;91617;1;1;1;4;RN6 PROVINCE / RN104 INT;48,6363000;2,5353000
13529;202000015014;16;7;2020;08:00;2;34;34299;1;6;1;2;Chemin du Thou;43,2513300;3,2737760
13530;202000015015;2;3;2020;18:20;1;91;91136;1;1;1;2;AUTOROUTE A10;48,7138000;2,2748000
13531;202000015017;2;3;2020;15:35;1;77;77296;1;1;3;6;AUTOROUTE A5A;48,6055629;2,5866891
13532;202000015018;15;7;2020;19:30;1;34;34256;1;1;1;3;D106;43,6966030;4,0146390
13533;202000015019;1;3;2020;21:52;3;91;91136;1;1;2;3;A10 PROVINCE / RD188 PROVINCE;48,7128200;2,2841700
13534;202000015021;1;3;2020;19:10;3;91;91174;1;1;2;4;RN 104;48,6101000;2,4437000
13535;202000015022;15;7;2020;18:05;1;83;83112;2;1;7;6;Allée des Amandiers;43,1834280;5,6954130
13536;202000015023;15;7;2020;22:00;3;83;83079;1;1;1;1;Route Nationale 98;43,2072580;6,4656950
13537;202000015025;14;7;2020;18:00;1;13;13059;1;1;1;1;D15;43,6584420;5,4973380
13538;202000015026;1;3;2020;13:15;1;91;91471;1;1;2;7;RN 118;48,7124300;2,1819500
13539;202000015027;16;7;2020;03:30;3;26;26165;1;1;1;-1;Autoroute du Soeil ;44,7889780;4,8374820
13540;202000015028;1;3;2020;01:00;3;91;91689;1;1;1;5;AUTOROUTE A6A;48,7394800;2,3192100
13541;202000015029;10;7;2020;11:15;1;73;73116;1;1;1;6;D926;45,2313117;6,3054520
13542;202000015030;28;2;2020;21:05;5;91;91377;1;6;2;3;RN20;48,7147000;2,2984000
13543;202000015031;28;2;2020;19:45;3;91;91377;1;1;1;2;AUTOROUTE A10;48,7262900;2,3016800
13544;202000015032;16;7;2020;10:00;1;38;38548;1;1;1;6;D531;45,0756570;5,5211990
13545;202000015033;28;2;2020;10:45;1;91;91589;1;1;1;2;AUTOROUTE A6;48,6793000;2,3342000
13546;202000015034;15;7;2020;19:50;2;31;31381;1;1;1;6;17 Route du Faubourg du Cers;43,4618400;1,5708680
13547;202000015035;27;2;2020;22:50;5;94;94038;1;1;1;4;AUTOROUTE A6B;48,7745800;2,3456800
13548;202000015037;27;2;2020;16:45;1;91;91689;1;1;1;2;AUTOROUTE A6A;48,7426274;2,3217664
13549;202000015038;16;7;2020;08:10;1;02;02186;1;1;8;1;D86;48,9883850;3,3597560
13550;202000015040;11;7;2020;12:15;1;13;13215;1;1;1;4;A7-Sens Marseille vers Lyon;43,3782200;5,3568400
13551;202000015041;25;2;2020;19:00;4;92;92002;1;1;2;4;N385;48,7605400;2,2846600
13552;202000015042;11;7;2020;03:50;3;38;38449;1;1;8;2;A43;45,6499200;5,1138800
13553;202000015043;25;2;2020;17:10;1;91;91286;1;1;1;5;AUTOROUTE A6;48,6517800;2,3827400
13554;202000015044;15;7;2020;07:00;1;91;91235;1;1;1;7;RN 104;48,6270000;2,3606000
13555;202000015045;15;7;2020;00:50;5;94;94037;1;1;1;6;AUTOROUTE A6A;48,8183401;2,3334756
13556;202000015046;15;7;2020;03:40;3;78;78217;1;1;3;6;A13;48,9644000;1,8223000
13557;202000015047;25;2;2020;08:50;1;94;94076;1;1;1;5;AUTOROUTE A6A;48,7911883;2,3441527
13558;202000015048;25;2;2020;11:40;1;91;91345;1;1;8;4;AUTOROUTE A6;48,6879000;2,3253000
13559;202000015050;25;2;2020;07:55;1;91;91477;1;1;8;4;AUTOROUTE A10;48,7127600;2,2525900
13560;202000015051;15;7;2020;18:30;1;94;94069;1;1;1;3;A86 EXT;48,8174796;2,4555486
13561;202000015052;14;7;2020;14:35;1;988;98818;2;1;1;6;AVENUE BONAPARTE; -22,2331700;166,4672500
13562;202000015053;25;2;2020;08:15;1;91;91687;1;1;2;5;AUTOROUTE A6;48,6591800;2,3745100
13563;202000015054;14;7;2020;15:00;1;69;69389;2;1;1;-1;GORGE DE LOUP                       (R );45,7694787;4,8012753
13564;202000015055;25;2;2020;07:55;1;91;91477;1;1;1;2;AUTOROUTE A10;48,7127600;2,2525900
13565;202000015056;2;3;2020;23:00;1;78;78646;1;1;1;6;A13W;48,7924870;2,0906130
13566;202000015057;13;7;2020;09:00;1;91;91421;2;1;1;2;NATIONALE 6 (PARTIE FORET);48,6899970;2,4659720
13567;202000015058;2;3;2020;17:50;1;92;92025;1;1;1;3;A86;48,9200420;2,2247696
13568;202000015059;13;7;2020;01:00;3;83;83069;1;9;1;6;SAINT LAZARE ( CHEMIN );43,1118700;6,1789000
13569;202000015060;1;3;2020;14:40;1;78;78321;1;1;1;6;RN12;48,7989470;1,9217500
13570;202000015061;11;7;2020;08:00;1;83;83118;2;1;1;6;CORNICHE ROLAND GARROS;43,4217440;6,7678130
13571;202000015062;29;2;2020;13:40;1;78;78297;1;1;1;6;RN12;48,7897590;2,0698780
13572;202000015063;12;7;2020;11:20;1;77;77132;1;1;1;-1;D934;48,8814400;2,7882200
13573;202000015064;28;2;2020;05:00;1;78;78431;1;1;1;2;A13;48,9432160;1,9511570
13574;202000015066;27;2;2020;19:05;3;92;92063;1;1;1;3;A86;48,8748105;2,1590352
13575;202000015067;14;7;2020;04:00;3;71;71540;1;1;1;6;R.D 290;46,7624381;4,4743545
13576;202000015068;14;7;2020;18:40;1;69;69266;2;1;1;6;EMILE ZOLA     (Cours);45,7682600;4,8863700
13577;202000015069;27;2;2020;15:50;1;78;78455;1;1;9;4;A13;48,8555220;2,0578650
13578;202000015070;14;7;2020;19:00;1;64;64140;2;3;1;2;PERI (PLACE GABRIEL);43,5232761; -1,4896318
13579;202000015071;27;2;2020;07:05;3;92;92036;1;1;2;2;A86;48,9353515;2,2851621
13580;202000015073;26;2;2020;19:50;3;92;92036;1;1;1;2;A86;48,9335349;2,2742430
13581;202000015074;13;7;2020;11:45;1;64;64102;2;9;1;3;GRAND BASQUE (CHEMIN DU);43,5025740; -1,4430400
13582;202000015075;13;7;2020;16:25;1;62;62041;2;1;1;6;CHURCHILL ( AVENUE WINSTON );50,2995060;2,7418440
13583;202000015076;26;2;2020;15:20;1;78;78043;1;1;1;5;A12 Y;48,8241470;2,0734990
13584;202000015077;14;7;2020;20:40;1;59;59599;2;2;1;3;FOREST (CHAUSSEE FERNAND);50,7353500;3,1466200
13585;202000015078;13;7;2020;20:30;1;59;59599;2;3;1;3;POMPIDOU (AVENUE GEORGES);50,7175300;3,1566500
13586;202000015079;25;2;2020;20:25;3;92;92050;1;1;2;3;A86;48,9167239;2,2217086
13587;202000015080;10;7;2020;19:50;1;59;59360;2;2;1;2;LECLERC RUE DU GENERAL;50,6108690;3,0197365
13588;202000015081;13;7;2020;11:45;1;50;50502;2;1;1;6;HETRES;49,1112900; -1,0641900
13589;202000015083;14;7;2020;22:50;5;45;45234;2;2;2;3;Rue Royale;47,8980214;1,9042462
13590;202000015084;25;2;2020;11:00;1;92;92048;1;1;1;2;N118;48,8115900;2,2131300
13591;202000015085;12;7;2020;04:00;5;31;31483;2;1;1;7;Avenue du Président Kennedy;43,1018763;0,7275053
13592;202000015086;12;7;2020;03:40;5;31;31483;2;1;1;7;FRANCOIS MITTERAND ( AVENUE);43,1119246;0,7440085
13593;202000015087;25;2;2020;09:15;1;78;78029;1;1;1;4;A13W;48,9671370;1,8547100
13594;202000015088;25;2;2020;08:50;1;92;92036;1;1;1;7;RN315 W;48,9355142;2,3014071
13595;202000015089;12;7;2020;20:45;1;29;29039;2;1;7;6;Allee des Chaperons;47,8567200; -3,9118000
13596;202000015090;14;7;2020;15:15;1;26;26198;2;1;1;3;ANDRE (Boulevard Charles);44,5256600;4,7435800
13597;202000015091;24;2;2020;22:05;5;78;78402;1;1;2;4;A13;48,9640510;1,7915520
13598;202000015092;14;7;2020;17:50;1;14;14301;2;2;1;3;LIBERTE (RUE DE LA);49,1874342; -0,2890661
13599;202000015093;2;3;2020;17:45;1;95;95500;1;1;1;2;A15;49,0361900;2,0952800
13600;202000015094;14;7;2020;19:20;1;13;13214;2;1;1;7;SAINTE MARTHE (chemin);43,3354700;5,3918800
13601;202000015095;2;3;2020;13:15;1;95;95018;1;1;8;3;AUTOROUTE A15;48,9567400;2,2745600
13602;202000015096;14;7;2020;07:20;2;13;13207;2;1;1;6;CHARLES LIVON (BOULEVARD);43,2921900;5,3631000
13603;202000015097;2;3;2020;08:40;1;93;93010;1;1;2;3;AUTOROUTE A3;48,9014900;2,4701000
13604;202000015098;2;3;2020;09:30;1;93;93066;1;1;2;5;AUTOROUTE A1;48,9247400;2,3571000
13605;202000015099;14;7;2020;04:07;5;13;13209;2;1;1;6;RAYMOND TEISSERE (RUE);43,2698700;5,4011100
13606;202000015100;2;3;2020;07:30;3;93;93078;1;1;1;4;AUTOROUTE A104;48,9601800;2,5399500
13607;202000015101;13;7;2020;23:40;5;13;13213;2;1;1;4;JEAN PAUL SARTRE (AVENUE);43,3139000;5,4059500
13608;202000015102;1;3;2020;22:00;3;92;92036;1;1;1;6;AUTOROUTE A15;48,9387100;2,2943600
13609;202000015103;1;3;2020;19:15;3;95;95277;1;1;2;6; A104;48,9722800;2,4847600
13610;202000015104;13;7;2020;14:30;1;13;13211;2;1;1;1;BARASSE;43,2862740;5,4757730
13611;202000015105;13;7;2020;07:30;1;13;13206;2;2;1;3;ITALIE (RUE D');43,2888400;5,3828800
13612;202000015107;14;7;2020;18:20;1;06;06027;2;1;2;2;TUILIERES AVENUE DES;43,6687700;7,1200000
13613;202000015108;1;3;2020;15:30;1;93;93005;1;1;3;2;AUTOROUTE A3;48,9423000;2,4783100
13614;202000015109;1;3;2020;13:30;1;95;95582;1;1;3;6; A15;48,9661500;2,2571500
13615;202000015110;29;2;2020;21:00;3;95;95060;1;1;8;2; A115;49,0352154;2,1960869
13616;202000015111;14;7;2020;21:30;2;75;75116;2;4;1;6;RUE RAYNOUARD;48,8544390;2,2786430
13617;202000015112;29;2;2020;22:50;3;93;93066;1;1;1;3;AUTOROUTE A1;48,9289705;2,3601722
13618;202000015113;14;7;2020;09:06;1;75;75110;2;2;1;6;BOULEVARD SAINT DENIS;48,8693300;2,3542600
13619;202000015114;14;7;2020;01:37;5;75;75101;2;3;1;7;RUE DE RIVOLI;48,8593470;2,3456900
13620;202000015115;29;2;2020;12:45;1;93;93048;1;1;1;4;AUTOROUTE A3;48,8706600;2,4311100
13621;202000015116;14;7;2020;15:25;1;75;75102;2;2;8;3;BOULEVARD DE SEBASTOPOL;48,8633980;2,3509560
13622;202000015117;29;2;2020;12:30;1;95;95607;1;1;1;2;AUTOROUTE A115;49,0161900;2,2151900
13623;202000015118;14;7;2020;15:30;1;94;94043;2;1;1;3;FONTAINEBLEAU (AV DE);48,8111140;2,3619810
13624;202000015119;29;2;2020;13:00;1;95;95582;1;1;1;6;RD 170;48,9622700;2,2638600
13625;202000015120;14;7;2020;10:10;1;94;94017;2;1;1;6;ALBERT THOMAS (R);48,8139700;2,5111600
13626;202000015121;29;2;2020;02:00;5;93;93066;1;1;1;6;AUTOROUTE A1;48,9143900;2,3579500
13627;202000015122;14;7;2020;22:30;3;93;93071;2;1;1;6;PONT-BLANC (RUE DU);48,9420686;2,5350048
13628;202000015123;28;2;2020;04:25;3;95;95252;1;1;1;6;AUTOROUTE A15;48,9848400;2,2151400
13629;202000015124;28;2;2020;17:21;2;93;93066;1;1;2;3;AUTOROUTE A1;48,9216800;2,3570900
13630;202000015125;14;7;2020;16:08;1;93;93066;2;3;2;3;GENERAL DE GAULLE;48,9272236;2,3614024
13631;202000015126;28;2;2020;18:00;3;92;92078;1;9;2;4;AUTOROUTE A86;48,9294000;2,3282100
13632;202000015127;14;7;2020;19:30;1;93;93048;2;2;1;3;MAURICE WOLJUNG (RUE);48,8735125;2,4469940
13633;202000015128;28;2;2020;11:45;1;95;95424;1;1;1;5;AUTOROUTE A15;48,9895900;2,1989800
13634;202000015129;11;7;2020;22:20;4;92;92050;2;1;1;3;PAQUERETTES RUE DES;48,9079600;2,2139400
13635;202000015130;25;2;2020;19:35;3;95;95218;1;1;2;4;AUTOROUTE A15;49,0353570;2,0974714
13636;202000015131;13;7;2020;19:50;1;92;92025;2;1;1;6;PAUL BERT (RUE);48,9300060;2,2458060
13637;202000015132;28;2;2020;08:00;1;93;93005;1;1;1;3;AUTOROUTE A3;48,9571200;2,4733600
13638;202000015133;28;2;2020;08:15;1;93;93053;1;1;1;2;AUTOROUTE A3;48,8966500;2,4701800
13639;202000015134;14;7;2020;20:42;1;92;92044;2;1;1;3;CAMILLE PELLETAN(RUE)1A15 ET 2A12;48,8956400;2,2892200
13640;202000015135;14;7;2020;19:30;1;92;92023;2;1;1;7;JEAN BAPTISTE CLEMENT (AVENUE);48,7942324;2,2662775
13641;202000015136;13;7;2020;20:00;1;92;92007;2;3;1;4;JAURES (AVENUE JEAN) N° 26 ET 11 A 17;48,8000700;2,3014100
13642;202000015137;28;2;2020;00:35;3;95;95424;1;1;1;5;AUTOROUTE A15;48,9908800;2,1939700
13643;202000015138;27;2;2020;19:45;3;93;93053;1;1;1;2;AUTOROUTE A86;48,9043000;2,4657800
13644;202000015139;12;7;2020;17:15;1;974;97422;2;2;1;2;Chemin Fidelio Robert; -21,2696080;55,5265600
13645;202000015140;27;2;2020;19:15;3;93;93008;1;1;1;4;AUTOROUTE A86;48,9132800;2,4347500
13646;202000015141;13;7;2020;16:45;1;972;97218;1;1;8;1;Rue Marcel Bouquety;14,7690470; -61,1276240
13647;202000015142;27;2;2020;17:15;1;93;93008;1;1;1;3;AUTOROUTE A86;48,9089800;2,4482800
13648;202000015143;14;7;2020;18:50;1;46;46202;1;1;1;6;D820;44,3060380;1,4684240
13649;202000015144;27;2;2020;08:40;2;95;95582;1;1;3;6;AUTOROUTE A15;48,9759700;2,2388700
13650;202000015145;14;7;2020;18:15;1;86;86246;2;1;1;3;Rue Nationale;46,5655790;0,8659130
13651;202000015146;26;2;2020;17:30;1;95;95572;1;1;1;3;RN 184;49,0379400;2,1232800
13652;202000015147;15;7;2020;16:40;1;54;54537;2;3;1;6;11 Rue d'Ermigny;49,4708670;5,6953070
13653;202000015148;26;2;2020;18:20;2;93;93008;1;1;1;2;AUTOROUTE A86;48,9102700;2,4432600
13654;202000015149;14;7;2020;14:05;1;84;84071;1;1;1;3;départementale 2;43,8571210;5,1325040
13655;202000015150;26;2;2020;11:50;1;93;93064;1;1;2;4;AUTOROUTE A86;48,8808200;2,4752500
13656;202000015151;12;7;2020;22:15;3;974;97413;1;1;1;6;Route Nationale 1; -21,2174610;55,2889540
13657;202000015152;13;7;2020;16:40;1;61;61385;1;1;1;7;A28;48,8234230;0,3534080
13658;202000015153;5;7;2020;10:50;1;19;19177;1;1;1;7;D17;45,2851840;1,2932110
13659;202000015154;15;7;2020;12:30;1;79;79014;1;1;1;7;;47,0487650; -0,2461400
13660;202000015155;26;2;2020;11:30;1;93;93078;1;1;2;3;AUTOROUTE A104;48,9613900;2,5238000
13661;202000015156;8;7;2020;23:35;3;80;80212;1;1;1;7;D30;49,9214500;2,4762480
13662;202000015157;15;7;2020;07:15;2;32;32244;1;1;2;6;D935;43,6738780; -0,0906050
13663;202000015158;26;2;2020;10:00;1;95;95582;1;1;1;2;AUTOROUTE A15;48,9669500;2,2547100
13664;202000015159;26;2;2020;09:50;1;95;95572;1;1;2;6;AUTOROUTE A15;49,0334000;2,1111200
13665;202000015160;15;7;2020;11:55;1;71;71514;1;1;8;3;D970;46,7450953;5,3125828
13666;202000015162;14;7;2020;16:50;1;12;12297;1;2;1;3;RD 29;44,3325630;2,7665220
13667;202000015164;13;7;2020;13:55;1;25;25280;1;1;1;6;D437b;47,2705520;6,9457630
13668;202000015165;10;7;2020;13:30;1;25;25378;1;1;1;6;Rue du Coteau;47,4198200;6,8999400
13669;202000015167;25;2;2020;12:15;1;93;93008;1;1;1;2;AUTOROUTE A86;48,9086400;2,4495000
13670;202000015168;25;2;2020;08:40;1;95;95018;1;1;2;7;AUTOROUTE A15;48,9548900;2,2782400
13671;202000015169;14;7;2020;19:30;2;01;01284;1;3;1;6;Route du Bois Sec;46,3966810;4,9084210
13672;202000015170;14;7;2020;15:30;1;66;66181;1;1;2;6;Le Cloup;42,4389248;1,9999251
13673;202000015171;25;2;2020;07:00;3;92;92078;1;1;2;5;AUTOROUTE A86;48,9276150;2,3330470
13674;202000015172;15;7;2020;15:15;1;60;60299;1;2;1;3;D34;49,6339889;2,2172226
13675;202000015173;24;2;2020;20:00;3;95;95306;1;1;1;2;AUTOROUTE A15;48,9960900;2,1814100
13676;202000015174;14;7;2020;11:10;1;45;45200;1;1;1;7;Route de Vannes;47,7192580;2,0712930
13677;202000015175;24;2;2020;19:10;3;93;93001;1;1;1;3;AUTOROUTE A86;48,9208800;2,3717400
13678;202000015176;14;7;2020;20:15;1;73;73312;2;2;1;3;Route des Collets;45,6530220;6,3153680
13679;202000015177;24;2;2020;15:35;1;92;92078;1;1;1;2;AUTOROUTE A86;48,9293700;2,3281800
13680;202000015178;15;7;2020;10:50;1;16;16028;1;2;1;3;Lieu dit Les Ponchettes;45,5055650; -0,1838600
13681;202000015179;4;7;2020;23:45;3;40;40006;1;1;1;6;D14;43,9963380; -0,7965620
13682;202000015181;15;7;2020;11:45;1;04;04136;2;8;1;3;Chemin du moulin;43,9772520;6,5235610
13683;202000015182;25;1;2020;02:00;3;93;93006;1;1;5;6;AUTOROUTE A3;48,8695600;2,4300400
13684;202000015183;15;7;2020;09:50;1;85;85008;1;1;1;3;D 12;46,5660530; -1,4705050
13685;202000015184;3;3;2020;08:35;1;77;77337;1;1;1;2;A4;48,8300990;2,6149258
13686;202000015185;14;7;2020;19:30;1;27;27453;1;1;1;6;D1;49,3896780;1,3753080
13687;202000015186;2;3;2020;18:30;3;94;94046;1;1;2;3;A86 EXT;48,8157721;2,4502973
13688;202000015187;28;6;2020;00:50;3;28;28325;1;1;1;5;D24;48,4621550;1,3782320
13689;202000015188;14;7;2020;16:45;1;23;23112;1;1;1;6;D6;46,3962150;1,8605730
13690;202000015190;1;3;2020;14:30;1;94;94052;1;1;2;6;A86.EXT;48,8344155;2,4934304
13691;202000015191;14;7;2020;17:20;1;37;37280;1;1;1;6;D98;47,0957686;0,8375296
13692;202000015192;29;2;2020;17:00;1;77;77249;1;1;1;2;RN104;48,7412839;2,6122437
13693;202000015193;13;7;2020;10:15;1;30;30227;2;1;1;6;Route d'Uzès;44,2568990;4,2053930
13694;202000015194;19;2;2020;09:30;1;94;94069;1;1;1;-1;A4;48,8173704;2,4286140
13695;202000015195;13;7;2020;18:10;1;13;13069;1;9;1;3;D17;43,6338820;5,1368860
13696;202000015196;28;2;2020;13:30;1;94;94017;1;1;1;2;A4;48,8279830;2,5048340
13697;202000015197;8;6;2020;18:30;1;34;34333;1;9;1;5;35 Route de Montpellier;43,4803520;3,7728430
13698;202000015198;27;2;2020;12:55;1;94;94017;1;1;2;2;A4;48,8266487;2,5137924
13699;202000015199;15;7;2020;06:10;1;42;42243;1;1;1;6;A89;45,8627740;4,0081380
13700;202000015200;27;2;2020;07:00;1;94;94015;1;1;3;2;A4;48,8299000;2,5287000
13701;202000015201;15;7;2020;11:43;1;53;53209;1;2;1;3;D120/D252;48,0433450; -1,0029530
13702;202000015202;26;2;2020;19:30;3;94;94028;1;1;2;2;A86 EXT;48,7852000;2,4414000
13703;202000015205;25;2;2020;18:00;1;77;77249;1;1;1;2;RN104;48,7429635;2,6122830
13704;202000015206;25;2;2020;10:20;1;94;94073;1;1;1;-1;A86 EXT;48,7621005;2,3816767
13705;202000015207;25;2;2020;09:25;1;75;75112;1;1;8;2;A4;48,8254290;2,4640320
13706;202000015209;23;2;2020;07:45;1;974;97411;2;1;1;1;MACE (ROUTE GABRIEL); -20,9064000;55,5041600
13707;202000015210;24;2;2020;07:34;1;973;97302;1;6;1;3;ROUTE NATIONALE 1;4,9266931; -52,3289108
13708;202000015211;12;9;2020;17:20;1;78;78486;2;3;1;2;PERCHE AUX MARES (RUE DE LA);48,6898900;1,8591000
13709;202000015212;12;9;2020;14:20;1;78;78440;2;6;1;2;PAUL RAOULT (AVENUE);48,9908420;1,9136270
13710;202000015213;12;9;2020;00:50;5;78;78624;2;1;1;6;DOUMER RUE PAUL;48,9913100;1,9904200
13711;202000015214;12;9;2020;11:25;1;74;74305;2;1;1;4;THONON (ROUTE DE);46,2019100;6,2792900
13712;202000015215;12;9;2020;02:35;5;74;74118;2;1;1;3;DEPORTES (ROUTE DES );46,1823400;6,2302500
13713;202000015216;12;9;2020;13:50;1;71;71270;2;1;1;3;Carrefour 1ère Armée-Route de Lyon;46,2948409;4,8199119
13714;202000015217;11;9;2020;17:40;1;71;71153;2;2;7;1;JAURES (RUE JEAN);46,8060819;4,4171458
13715;202000015218;12;9;2020;08:30;1;69;69266;2;2;1;3;ROGER SALENGRO     (Avenue);45,7765311;4,8739975
13716;202000015219;12;9;2020;01:30;5;69;69266;2;2;1;1;ROGER SALENGRO     (Avenue);45,7765200;4,8740100
13717;202000015220;12;9;2020;18:08;1;60;60159;2;1;1;6;;49,4178000;2,8260500
13718;202000015221;12;9;2020;21:50;5;57;57463;2;2;1;3;ABATTOIR (RUE DE L');49,1272000;6,1886500
13719;202000015222;11;9;2020;17:55;1;56;56121;2;1;1;-1;CARNEL (RUE  DE );47,7400200; -3,3687800
13720;202000015223;12;9;2020;12:20;1;54;54357;2;1;1;3;REPUBLIQUE (RUE DE LA);48,7129568;6,1597493
13721;202000015224;12;9;2020;04:05;5;54;54395;2;3;1;6;ALBERT 1ER  (BD);48,6991900;6,1659300
13722;202000015225;12;9;2020;11:28;1;45;45004;2;1;1;6;Route de Viroy;47,9904310;2,7660390
13723;202000015226;11;9;2020;21:10;2;44;44055;2;3;1;3;FORET ( BOULEVARD DE LA );47,2800600; -2,3555347
13724;202000015227;12;9;2020;05:40;5;43;43157;2;1;1;7;98 bis Boulevard Bertrand de Doue;45,0483100;3,8984000
13725;202000015228;12;9;2020;02:50;5;42;42332;2;1;1;6;Rue du Docteur Barnard;46,0201000;4,0440100
13726;202000015229;11;9;2020;13:05;1;38;38185;2;9;1;-1;Avenue Jules Vallès;45,1764000;5,7524700
13727;202000015230;12;9;2020;21:40;5;34;34172;2;2;1;3;TOULOUSE (AVENUE DE;43,5973100;3,8642100
13728;202000015231;12;9;2020;18:05;1;33;33039;2;1;1;6;BD ALBERT 1ER;44,8132200; -0,5639500
13729;202000015232;12;9;2020;12:30;1;33;33281;2;1;1;2;AVE DE MAGUDAS;44,8581000; -0,6650300
13730;202000015233;11;9;2020;10:50;1;33;33281;2;6;1;3;AVE MARCEL DASSAULT;44,8466600; -0,6775000
13731;202000015234;12;9;2020;09:00;1;31;31483;2;1;1;2;BOULOGNE (AVENUE DE);43,1110900;0,7227900
13732;202000015235;12;9;2020;10:30;1;27;27681;2;9;1;3;CAPUCINS (AVENUE DES);49,0913300;1,4696000