;Num_Acc;jour;mois;an;hrmn;lum;dep;com;agg;int;atm;col;adr;lat;long
13733;202000015236;10;9;2020;04:26;3;22;22187;1;1;1;6;RN12;48,5306800; -2,7558300
13734;202000015237;12;9;2020;16:15;1;15;15014;2;6;1;3;VIALENC (CARREFOUR DU);44,9223200;2,4278300
13735;202000015238;11;9;2020;21:27;5;13;13204;2;2;1;3;BLANCARDE (BOULEVARD);43,3029300;5,4007890
13736;202000015239;13;9;2020;00:40;5;13;13208;2;1;1;2;POMPIDOU (PROMENADE);43,2647600;5,3734400
13737;202000015240;12;9;2020;20:30;5;13;13214;2;3;1;3;ST JOSEPH A STE MARTHE (chemin);43,3436200;5,3853600
13738;202000015241;12;9;2020;18:15;1;13;13205;2;3;1;3;BROCHIER (RUE);43,2909890;5,3921400
13739;202000015243;12;9;2020;10:35;1;11;11069;1;1;1;6;CHEMIN D'HERMINIS - GREZES -;43,2187600;2,2866600
13740;202000015245;12;9;2020;21:00;5;06;06088;2;1;1;3;ANGLAIS (DU N° 1 AU N° 43);43,6949000;7,2631000
13741;202000015246;12;9;2020;16:05;1;06;06088;2;1;1;2;SEMERIA (AV. DENIS);43,7152780;7,2878255
13742;202000015247;12;9;2020;20:59;5;06;06083;2;1;1;3;SOSPEL (AVENUE DE, N° 1 A 55);43,7759130;7,4946490
13743;202000015248;12;9;2020;10:30;1;06;06069;1;1;1;7;CABRIS (ROUTE DE);43,6685030;6,8998080
13744;202000015249;12;9;2020;07:25;1;06;06123;2;4;1;3;BORD DE MER RN 98;43,6569300;7,1810000
13745;202000015250;12;9;2020;02:19;5;03;03185;2;2;1;3;Pont Saint-Pierre;46,3428993;2,6005855
13746;202000015251;11;9;2020;21:45;5;75;75112;2;4;1;6;PORTE DE CHARENTON;48,8298990;2,4017400
13747;202000015252;12;9;2020;01:25;5;75;75118;2;5;1;-1;RUE CAULAINCOURT;48,8846550;2,3296460
13748;202000015253;12;9;2020;21:05;3;75;75116;2;4;1;6;VOIE GEORGES POMPIDOU;48,8558240;2,2854770
13749;202000015254;12;9;2020;11:50;1;75;75116;2;3;1;2;CARREFOUR DES TRIBUNES;48,8620030;2,2302790
13750;202000015255;12;9;2020;06:30;4;75;75116;2;1;1;6;ALLEE DE LA REINE MARGUERITE;48,8553280;2,2427120
13751;202000015256;11;9;2020;23:30;5;75;75117;2;4;1;3;AVENUE MAC MAHON;48,8779150;2,2943390
13752;202000015259;12;9;2020;14:30;1;75;75112;2;1;1;4;AVENUE DAUMESNIL;48,8361270;2,4050560
13753;202000015260;12;9;2020;11:50;1;75;75112;2;1;1;2;QUAI DE BERCY;48,8282480;2,3887320
13754;202000015261;12;9;2020;04:20;5;75;75111;2;2;1;3;BOULEVARD RICHARD LENOIR;48,8555110;2,3698990
13755;202000015262;12;9;2020;22:35;5;75;75110;2;5;1;7;BOULEVARD DE STRASBOURG;48,8745610;2,3571860
13756;202000015263;12;9;2020;12:00;1;75;75109;2;2;1;1;BOULEVARD HAUSSMANN;48,8731810;2,3310820
13757;202000015264;12;9;2020;15:35;1;75;75108;2;1;1;6;COURS ALBERT 1ER;48,8648890;2,3071520
13758;202000015265;12;9;2020;02:00;5;75;75108;2;7;1;3;PLACE CLEMENCEAU;48,8677120;2,3139450
13759;202000015266;11;9;2020;05:13;5;75;75103;2;7;1;6;PLACE DE LA REPUBLIQUE;48,8666020;2,3646610
13760;202000015267;11;9;2020;01:40;5;75;75101;2;3;1;6;BOULEVARD DE SEBASTOPOL;48,8612230;2,3497330
13761;202000015268;12;9;2020;20:55;5;94;94081;2;1;1;6;FREDERIC JOLIOT CURIE (R);48,7899800;2,3927300
13762;202000015269;12;9;2020;15:35;1;94;94081;2;1;1;6;COMMUNE DE PARIS (AV DE LA);48,7890800;2,3882800
13763;202000015270;12;9;2020;11:45;1;94;94068;2;1;1;2;MAURICE BERTEAUX (BD);48,8102200;2,4705600
13764;202000015271;11;9;2020;23:55;5;94;94081;2;3;1;3;REPUBLIQUE (AV DE LA);48,8024000;2,3974000
13765;202000015272;11;9;2020;22:27;5;94;94041;2;2;1;1;JEAN COMPAGNON (QU);48,8189510;2,3992260
13766;202000015273;12;9;2020;17:18;1;94;94073;2;3;1;3;PRESIDENT ROOSEVELT (AV DU);48,7653000;2,3949800
13767;202000015274;12;9;2020;01:30;5;94;94074;2;3;1;3;HENRI BARBUSSE (AV);48,7646543;2,4419059
13768;202000015275;12;9;2020;17:16;1;93;93077;2;1;1;6;DE GAULLE (BOULEVARD DU GENERAL);48,8869665;2,5145012
13769;202000015276;12;9;2020;02:45;5;93;93048;2;1;1;6;PRESIDENT WILSON (AVENUE DU);48,8573190;2,4406376
13770;202000015277;12;9;2020;16:20;1;93;93047;2;1;1;3;HENRI BARBUSSE  (RUE);48,9005621;2,5679710
13771;202000015278;12;9;2020;06:40;2;92;92050;2;1;1;2;CLEMENCEAU GEORGES AVENUE N° PAIR;48,8854871;2,2222719
13772;202000015279;12;9;2020;12:00;1;92;92040;2;3;1;3;GOUVERNEUR GAL EBOUE DU 02 AU 64;48,8270970;2,2722374
13773;202000015280;11;9;2020;17:55;1;92;92035;2;1;1;3;République ( boulevard de la );48,9072189;2,2418708
13774;202000015281;12;9;2020;18:34;1;92;92023;2;2;7;3;PORTE DE TRIVAUX (RUE DE) N°57 A 197 ET;48,7848136;2,2379963
13775;202000015282;13;9;2020;03:45;3;95;95042;1;1;1;4;RN 184;49,0634672;2,3299383
13776;202000015283;13;9;2020;18:20;1;95;95058;1;1;1;7;chemin de crouy;49,1789630;2,3089150
13777;202000015284;11;9;2020;17:00;1;95;95436;1;1;1;1;D922;49,1336270;2,2656730
13778;202000015285;13;9;2020;03:50;5;49;49127;2;3;1;6;14 Rue du Maréchal Leclerc;47,6706150; -0,2433090
13779;202000015286;13;9;2020;17:50;1;76;76677;2;9;1;6;46 Route de Dieppe;49,8389150;1,4826600
13780;202000015287;13;9;2020;17:50;1;31;31184;1;1;1;1;Chemin de Lancefoc;43,6082080;1,5401000
13781;202000015289;13;9;2020;03:00;3;972;97211;1;1;1;7;D10;14,8727500; -61,1743480
13782;202000015290;12;9;2020;15:52;1;972;97210;2;1;1;3;N6;14,6044530; -60,9322460
13783;202000015291;17;8;2020;12:20;1;83;83085;2;1;1;3;Route du Muy;43,4881980;6,5356210
13784;202000015292;11;9;2020;17:30;1;35;35029;1;1;1;1;La Guihomerais;48,4731350; -1,7233940
13785;202000015293;9;9;2020;14:40;1;01;01399;2;1;1;-1;733 Route Blanche;46,2960690;6,0757940
13786;202000015294;13;9;2020;05:20;3;21;21073;1;1;1;5;A6;47,4387885;4,3014667
13787;202000015295;13;9;2020;04:00;3;22;22193;1;1;1;7;N12;48,4204358; -2,4474295
13788;202000015296;13;9;2020;04:15;3;74;74112;1;1;1;7;D3508;45,9350350;6,1016180
13789;202000015297;12;9;2020;17:30;1;58;58033;1;1;1;6;D2;47,5090850;3,0559160
13790;202000015298;13;9;2020;14:30;1;01;01357;1;1;1;6;D1084;46,1755370;5,7336400
13791;202000015299;13;9;2020;16:05;1;21;21238;1;1;1;1;D977bis;47,2778240;4,6688410
13792;202000015300;13;9;2020;16:20;1;57;57529;2;3;1;2;Rue Principale;49,4418410;6,0224510
13793;202000015301;13;9;2020;11:45;1;57;57226;2;1;1;1;Rue de Verdun;49,3567300;5,9974560
13794;202000015302;13;9;2020;14:50;1;74;74276;1;1;1;1;D902;46,1222140;6,6188760
13795;202000015303;13;9;2020;09:15;1;74;74225;2;3;1;3;Boulevard Louis Dagand (Pont);45,8668390;5,9388240
13796;202000015304;12;9;2020;20:30;3;77;77509;1;1;1;2;D201;48,4788390;3,0517960
13797;202000015305;11;9;2020;16:48;1;76;76224;2;9;1;3;Route de Fongueusemare;49,6510810;0,3250520
13798;202000015307;13;9;2020;14:20;1;63;63290;1;2;1;7;D50;45,8764066;2,9211482
13799;202000015308;11;9;2020;22:35;3;80;80533;2;1;1;2;Mers-les-Bains;50,0584510;1,4080690
13800;202000015309;17;8;2020;20:55;3;47;47185;1;1;1;7;D911 lieu dit Cadamas;44,4922193;0,9897748
13801;202000015310;13;9;2020;04:00;3;47;47228;1;1;1;6;N21;44,3235410;0,7222220
13802;202000015311;13;9;2020;00:05;3;22;22183;1;1;1;6;D792;48,2058060; -2,5787400
13803;202000015312;11;9;2020;18:05;1;29;29061;1;2;1;3;D267 - Echangeur de Kervao;48,4351770; -4,4444690
13804;202000015313;13;9;2020;06:30;2;38;38284;1;1;1;7;Route du Guidon;45,3999340;5,2296100
13805;202000015314;13;9;2020;12:10;1;38;38463;1;3;1;3;Route de Varacieux;45,1887290;5,3444090
13806;202000015315;12;9;2020;08:29;2;38;38070;2;6;1;3;Route de Grenoble;45,2802620;5,9307290
13807;202000015316;12;9;2020;17:30;1;38;38397;1;9;1;1;Route de Lancey;45,2307300;5,8537500
13808;202000015317;13;9;2020;20:15;4;38;38001;2;1;1;7;Rue Victor Hugo;45,5391130;5,5848980
13809;202000015318;13;9;2020;09:00;1;84;84114;2;1;1;7;152 Traverse du Luberon;43,8790300;5,2161780
13810;202000015319;11;9;2020;18:30;1;03;03214;2;1;1;7;Champ de la Croix;46,4236424;3,0332613
13811;202000015320;13;9;2020;15:12;1;15;15205;1;1;1;3;D680;45,1556230;2,5391720
13812;202000015321;12;9;2020;17:45;1;15;15003;1;1;1;7;D681;45,1915650;2,3197250
13813;202000015322;13;9;2020;09:29;1;15;15120;2;1;7;6;Avenue de la Gare;45,2215110;2,3412830
13814;202000015323;13;9;2020;10:00;1;70;70240;1;1;1;6;D64;47,8783040;6,3208720
13815;202000015324;13;9;2020;17:45;1;72;72022;2;9;1;6;rue du cimetière;47,7678300; -0,1590500
13816;202000015325;13;9;2020;11:50;1;09;09235;1;1;1;1;D117;43,0367600;0,9965320
13817;202000015326;13;9;2020;01:58;5;09;09187;2;1;1;6;Avenue des Pyrenees;43,0404500;1,0790420
13818;202000015327;12;9;2020;12:49;1;60;60315;1;2;1;3;D22;49,4740549;1,8988522
13819;202000015328;13;9;2020;13:45;1;64;64218;1;1;1;1;D428;43,0729950; -1,1921020
13820;202000015329;11;9;2020;19:50;3;73;73049;2;4;1;1;D72A;45,5624285;6,2983952
13821;202000015330;11;9;2020;16:00;1;43;43211;1;1;1;7;D908;45,2321070;4,1425650
13822;202000015332;12;9;2020;11:40;1;07;07308;2;3;7;3;Route des Lones;45,1829208;4,8070767
13823;202000015334;13;9;2020;01:27;4;53;53056;1;6;1;7;Le Point du Jour;48,1225160; -0,6836630
13824;202000015335;13;9;2020;05:45;3;85;85046;1;1;1;7;La Davière;46,6222800; -1,2982700
13825;202000015336;12;9;2020;15:20;1;08;08034;2;8;1;6;Grande Rue;49,6151380;5,0343240
13826;202000015337;12;9;2020;08:45;1;34;34333;1;3;1;3;66 Boulevard des Aresquiers;43,4871160;3,7995310
13827;202000015338;12;9;2020;21:10;5;66;66174;2;1;1;5;avenue du Canigou;42,6817080;2,7423080
13828;202000015339;17;8;2020;18:25;1;06;06123;1;1;1;2;Autoroute A8 PK 185 chaussée sud;43,6666730;7,1920270
13829;202000015340;12;9;2020;14:00;1;976;97606;1;1;1;3;ccd5; -12,9146610;45,1590010
13830;202000015341;13;9;2020;17:00;1;13;13104;2;1;1;6;D9;43,3303640;5,0992920
13831;202000015342;12;9;2020;14:00;1;37;37225;2;1;1;1;22 Rue d'Amboise;47,3599071;0,9123254
13832;202000015343;13;9;2020;08:10;1;77;77044;2;1;1;6;14 Rue de Saint Mery - D57;48,5749660;2,8563860
13833;202000015345;13;9;2020;03:45;4;2B;2B034;1;1;1;7;D113;42,6254730;9,0006460
13834;202000015346;13;9;2020;01:25;5;2B;2B134;2;1;1;6;Avenue Paul DOUMER;42,6319380;8,9457840
13835;202000015347;12;9;2020;12:45;1;2A;2A247;1;1;1;7;Route de l'Ospedale;41,6667723;9,2084588
13836;202000015348;12;9;2020;03:00;3;34;34297;1;1;1;6;D107;43,8324290;3,9241150
13837;202000015349;13;9;2020;03:40;3;83;83023;1;1;1;6;D35;43,4177400;6,0116400
13838;202000015350;12;9;2020;20:00;2;13;13066;2;1;1;6;Boulevard de la République;43,8752790;4,9022730
13839;202000015351;12;9;2020;13:55;1;13;13062;1;1;1;3;2156 Route du Géant;43,4235000;5,4850790
13840;202000015352;13;9;2020;07:50;2;89;89257;2;1;1;1;27 Rue Jules Guesde;47,9686459;3,5255773
13841;202000015353;12;9;2020;09:50;1;68;68135;1;6;1;3;D105;47,5727760;7,5005940
13842;202000015354;13;9;2020;16:50;1;55;55258;1;1;1;6;D958;48,7935864;5,6594479
13843;202000015355;12;9;2020;21:30;3;54;54061;1;1;1;2;RN 4;48,5649790;6,6839790
13844;202000015356;13;9;2020;07:15;2;64;64422;1;1;1;7;704 Route du Pont de Gouat;43,1880160; -0,6380600
13845;202000015357;13;9;2020;00:25;3;64;64315;2;1;1;7;34 Route de Jurançon;43,3002690; -0,4251220
13846;202000015358;5;8;2020;19:45;1;33;33100;1;1;1;6;Lieu Dit Touzignan;45,1278920; -0,6245260
13847;202000015359;11;9;2020;17:44;1;85;85016;1;1;1;1;D42;46,6756530; -1,6198830
13848;202000015360;13;9;2020;18:45;1;85;85119;1;1;1;6;L'ouvrardière;46,9717310; -1,1455180
13849;202000015361;12;9;2020;23:45;5;35;35231;1;1;1;6;D737;47,8932300; -1,6861060
13850;202000015362;13;9;2020;19:00;1;27;27114;2;2;1;6;Rue Alfred de Vigny;48,9622300;1,4270690
13851;202000015363;13;9;2020;17:45;1;76;76522;2;3;1;3;20 Rue des Tilleuls;49,5270230;0,3974780
13852;202000015364;13;9;2020;16:20;1;60;60313;2;3;7;1;Rue du 11 Novembre;49,3556780;2,2451750
13853;202000015366;11;9;2020;21:53;3;13;13026;1;1;1;1;A55 SENS MARTIGUES-MARSEILLE;43,3869300;5,1464300
13854;202000015367;8;9;2020;08:00;1;69;69382;1;1;1;2;M7   0.000 A 2.278;45,7396600;4,8230800
13855;202000015368;12;9;2020;16:48;1;33;33535;1;1;1;5;ROUTE NATIONALE 230;44,8306400; -0,5015400
13856;202000015369;12;9;2020;16:20;1;33;33249;1;1;1;6;ROUTE NATIONALE 230;44,8829800; -0,5116000
13857;202000015370;12;9;2020;16:20;1;91;91086;1;1;1;3;RN 104;48,6250400;2,3619100
13858;202000015371;12;9;2020;12:55;1;91;91179;1;1;1;2;AUTOROUTE A6;48,5622500;2,4808800
13859;202000015372;12;9;2020;03:15;3;78;78423;1;1;1;4;A12 Y;48,7997200;2,0451400
13860;202000015374;12;9;2020;19:15;1;93;93006;1;1;1;2;AUTOROUTE A3;48,8679000;2,4275800
13861;202000015375;12;9;2020;11:20;1;95;95018;1;1;1;3; A15;48,9592200;2,2733000
13862;202000015376;12;9;2020;00:00;3;93;93053;1;1;1;7;AUTOROUTE A103;48,8880300;2,4746000
13863;202000015377;26;2;2020;11:55;1;75;75120;2;1;2;6;RUE DES PYRENEES;48,8522050;2,4061850
13864;202000015378;26;2;2020;09:00;1;75;75111;2;4;1;3;RUE POPINCOURT;48,8585700;2,3765130
13865;202000015379;26;2;2020;12:35;1;75;75108;2;3;2;3;AVENUE FRANKLIN D ROOSEVELT;48,8671800;2,3100420
13866;202000015380;26;2;2020;12:08;1;75;75104;2;2;2;6;RUE BEAUBOURG;48,8612170;2,3534820
13867;202000015381;11;9;2020;15:45;1;988;98818;2;2;1;3;AVENUE DU MARECHAL FOCH/AVENUE VICTOIRE HENRI LAFLEUR; -22,2743600;166,4427900
13868;202000015382;11;9;2020;01:40;3;988;98818;2;1;1;1;ROUTE EXPRESS DU MONT DORE; -22,2286300;166,4891900
13869;202000015383;11;9;2020;20:42;5;973;97302;1;1;1;5;ROUTE NATIONALE 3;4,9038178; -52,3168945
13870;202000015384;10;9;2020;07:49;1;973;97302;2;1;1;3;CATAYEE (JUSTIN);4,9368050; -52,3299837
13871;202000015385;11;9;2020;23:30;5;69;69387;2;1;1;6;TONY GARNIER                        (AV);45,7312934;4,8239317
13872;202000015386;11;9;2020;16:40;1;69;69383;2;1;1;7;MARECHAL DE SAXE                    (AV);45,7554580;4,8466937
13873;202000015387;11;9;2020;13:20;1;69;69259;2;1;1;6;JEAN JAURES                         (AV);45,7027542;4,8803238
13874;202000015388;11;9;2020;09:00;1;69;69388;2;1;1;3;MARIUS BERLIET                      (R );45,7375552;4,8681333
13875;202000015391;11;9;2020;15:45;1;69;69385;2;3;1;3;COMMANDANT CHARCOT (DU)             (R );45,7548096;4,8071223
13876;202000015393;9;9;2020;22:40;3;971;97101;1;1;1;6;RN11;16,2754062; -61,5308237
13877;202000015394;11;9;2020;08:00;1;2A;2A004;2;2;2;6;DEL PELLEGRINO RUE DOCTEUR FRANCOIS;41,9288830;8,7374721
13878;202000015395;9;9;2020;14:05;1;2A;2A004;2;3;1;3;PIETRI FRANCOIS RUE;41,9351377;8,7488830
13879;202000015396;11;9;2020;15:50;1;91;91432;2;4;1;6;GENERAL  LECLERC (RUE DU);48,7068000;2,3275000
13880;202000015397;11;9;2020;13:05;1;87;87085;2;1;1;6;BRIAND (RUE ARISTIDE);45,8565500;1,2841200
13881;202000015398;11;9;2020;07:56;2;87;87085;2;1;1;6;BASSES PALISSES (RUE DES);45,8231100;1,2587600
13882;202000015399;12;8;2020;23:10;3;84;84007;1;1;1;1;DOCTEUR PONS (Route touristique);43,9588400;4,8294400
13883;202000015400;10;9;2020;19:30;1;83;83123;2;1;1;-1;GARE (ROUTE);43,1193341;5,8122037
13884;202000015401;10;6;2020;17:56;1;83;83069;1;1;1;-1;Route de la Madrague;43,0389701;6,1167600
13885;202000015402;11;9;2020;10:30;1;83;83069;2;1;1;2;ROTTWEIL (AVENUE DE );43,1287000;6,1540000
13886;202000015403;11;9;2020;08:00;1;82;82121;2;6;1;3;GOUZE(boulevard h);44,0043764;1,3621013
13887;202000015404;11;9;2020;21:35;5;77;77288;2;1;1;6;POMPIDOU  (AVENUE GEORGES);48,5523300;2,6491000
13888;202000015405;14;6;2020;18:25;1;91;91174;2;1;1;2;PAPETERIE(RUE);48,5983100;2,4648900
13889;202000015406;14;6;2020;17:10;1;83;83069;2;1;1;6;TOULON (VIEUX CHEMIN DE);43,1230000;6,0980000
13890;202000015407;8;6;2020;16:25;1;83;83061;2;1;1;6;AVENUE MARÉCHAL DE LATTRE DE TASSIGNY;43,4314900;6,7526500
13891;202000015408;14;6;2020;09:15;1;82;82033;1;1;1;6;MONTAUBAN D 958 (ROUTE DE);44,0315500;1,1546100
13892;202000015409;13;6;2020;22:30;5;81;81060;1;1;1;1;Avenue Jean Jaures;44,0501640;2,1493560
13893;202000015410;13;6;2020;10:35;1;76;76217;2;1;1;6;MORINIERE (RUE DE LA);49,9255500;1,0755600
13894;202000015411;9;6;2020;12:05;1;73;73008;2;4;2;3;BLANC LEON BOULEVARD;45,6995720;5,9039133
13895;202000015412;14;6;2020;19:30;1;69;69256;2;2;1;3;DROITS DE L'HOMME (DES)             (R );45,7636700;4,9332200
13896;202000015413;15;6;2020;01:00;3;67;67180;1;9;2;6;D99;48,7955855;7,8694279
13897;202000015414;14;6;2020;22:35;1;44;44109;2;1;1;2;RUE EUGENE DELACROIX;47,2229300; -1,5904100
13898;202000015415;14;6;2020;06:00;5;44;44109;2;1;1;6;Place Emile Zola;47,2141300; -1,5857950
13899;202000015416;14;6;2020;23:16;5;33;33550;2;1;1;6;RUE VICTOR SCHOELCHER;44,7603900; -0,5577400
13900;202000015417;14;6;2020;13:30;1;25;25056;2;2;1;3;MICHEL  AVENUE LOUISE;47,2354300;6,0157800
13901;202000015418;14;6;2020;11:20;1;17;17300;2;3;1;3;JOFFRE   BOULEVARD (27-77 et 2-1);46,1534000; -1,1459800
13902;202000015419;14;6;2020;18:00;1;13;13215;2;1;1;2;SAINT ANTOINE A SAINT JOSEPH (CHEMIN DE);43,3623664;5,3618820
13903;202000015420;14;6;2020;14:30;1;13;13210;2;1;1;6;GILLY (BOULEVARD);43,2829650;5,3964220
13904;202000015421;14;6;2020;22:00;3;13;13028;2;1;1;3;GASSION (AVENUE FERNAND );43,1700000;5,6000000
13905;202000015422;14;6;2020;17:30;1;06;06088;2;1;1;3;SEMARD (BD PIERRE);43,7191700;7,2916630
13906;202000015423;13;6;2020;20:20;1;06;06069;2;1;1;1;SEMARD (AVENUE PIERRE);43,6561000;6,9290100
13907;202000015425;13;6;2020;17:10;1;03;03185;2;1;1;3;Avenue Jean Nègre;46,3485812;2,5829981
13908;202000015426;14;6;2020;20:25;1;75;75120;2;1;1;4;ECHANGEUR BAGNOLET;48,8658590;2,4125120
13909;202000015427;13;6;2020;02:20;5;75;75116;2;1;1;-1;BOULEVARD PERIPHERIQUE;48,8566240;2,2575090
13910;202000015428;12;6;2020;19:35;1;75;75112;2;4;1;5;BOULEVARD PERIPHERIQUE EXTERIEUR SUD;48,8299050;2,4017540
13911;202000015429;14;6;2020;00:25;5;75;75119;2;3;1;3;AVENUE CORENTIN CARIOU;48,8951380;2,3827500
13912;202000015430;14;6;2020;21:20;1;75;75118;2;2;1;3;AVENUE DE LA PORTE DE SAINT OUEN;48,8976400;2,3289900
13913;202000015432;14;6;2020;19:00;1;75;75116;2;1;1;3;AVENUE VICTOR HUGO;48,8710280;2,2885510
13914;202000015433;14;6;2020;19:00;1;75;75113;2;1;1;6;RUE DU CHATEAU DES RENTIERS;48,8292090;2,3647210
13915;202000015434;14;6;2020;16:55;1;75;75108;2;1;1;6;AVENUE MONTAIGNE;48,8654420;2,3032430
13916;202000015435;14;6;2020;00:30;3;75;75107;2;2;1;6;AVENUE DU MARECHAL GALLIENI;48,8610550;2,3132170
13917;202000015436;14;6;2020;18:55;1;94;94052;2;9;1;1;STRASBOURG (BD DE);48,8464500;2,4913500
13918;202000015437;14;6;2020;21:10;1;94;94044;2;9;1;2;VERDUN (AV DE);48,7492500;2,4805800
13919;202000015438;14;6;2020;20:30;2;94;94077;2;1;1;4;HENRI GILBERT (AV);48,7312000;2,4250000
13920;202000015439;13;6;2020;12:45;1;93;93008;2;1;1;2;STALINGRAD (RUE DE) A10;48,9162088;2,4240116
13921;202000015440;13;6;2020;19:10;1;92;92050;2;2;1;3;RENAN ERNEST RUE;48,8930953;2,1871832
13922;202000015441;14;6;2020;17:25;1;92;92048;2;1;1;7;GARDES (ROUTE DES) N° 2 A 12;48,8187720;2,2400320
13923;202000015443;12;6;2020;17:00;1;47;47209;2;3;1;1;CD 656;44,2258510;0,6704990
13924;202000015444;15;6;2020;10:51;1;11;11012;2;1;1;2;11 Route de Mirepeisset;43,3026760;2,9096120
13925;202000015445;14;6;2020;20:55;3;12;12197;1;1;1;7;L'Hopital Bellegarde;44,0335452;2,5921422
13926;202000015446;14;6;2020;18:35;1;67;67425;1;1;1;1;D716;48,7691560;7,3796370
13927;202000015447;9;6;2020;16:00;1;67;67437;2;2;1;6;Rue du Maréchal Joffre;48,7407580;7,3699113
13928;202000015448;15;6;2020;14:30;1;83;83070;1;1;1;3;Avenue Paul Emile Duroux;43,1515990;6,4250790
13929;202000015449;14;6;2020;18:20;1;62;62468;1;1;1;2;rd939;50,3899980;2,1967510
13930;202000015450;13;6;2020;16:15;1;51;51070;1;1;1;4;Chemin de Vauchamps;48,8644461;3,6223675
13931;202000015452;14;6;2020;16:15;1;74;74085;1;4;1;6;Route de Saint-gervais;45,8371145;6,7286386
13932;202000015453;14;6;2020;22:35;5;2B;2B050;1;1;1;3;T30;42,5519900;8,7741490
13933;202000015454;15;6;2020;09:40;1;82;82134;2;6;1;2;giratoire RD 115 / RD35;44,0720510;1,5234670
13934;202000015455;14;6;2020;16:00;1;65;65408;2;1;8;3;Rue des nestes;42,9722070;0,3760560
13935;202000015456;25;3;2020;18:30;2;33;33437;1;1;7;6;rue pierre de coubertin;44,8587740; -0,0493740
13936;202000015457;15;6;2020;18:40;1;63;63033;1;1;1;7;Route des Combets;45,9932861;3,3736591
13937;202000015458;14;6;2020;16:55;1;25;25494;1;1;1;6;Rue Principale;46,7379000;6,2758096
13938;202000015459;13;6;2020;14:10;1;44;44015;2;1;1;2;60 Rue de Nantes;47,4751580; -1,7580970
13939;202000015460;13;6;2020;20:30;1;03;03205;1;1;1;7;Moulin Vicaire;46,2288869;3,5752988
13940;202000015461;15;6;2020;08:50;1;03;03036;2;3;1;3;Rue de la République;46,5850252;3,0579949
13941;202000015462;14;6;2020;19:40;1;14;14760;1;1;1;7;Route du Buquet;49,1022980; -0,6464790
13942;202000015463;15;6;2020;14:45;1;05;05017;1;1;1;7;Chemin rural 23, champ reissas;44,5657370;6,1873200
13943;202000015464;14;6;2020;16:00;1;43;43263;2;3;1;3;D500;44,8373690;3,9602920
13944;202000015465;13;6;2020;16:45;1;10;10317;1;1;1;7;D70;48,0096210;4,4055870
13945;202000015466;15;6;2020;09:30;1;36;36222;1;1;1;7;Jean Varennes;46,9072870;1,9303590
13946;202000015467;3;5;2020;18:15;1;07;07260;1;3;1;3;intersection D2 / D322;44,6937960;4,7106240
13947;202000015468;14;6;2020;17:45;1;21;21377;1;2;1;2;D119;47,3375630;4,6372660
13948;202000015469;15;6;2020;07:00;1;30;30212;2;1;1;1;D6086;43,9460600;4,5707310
13949;202000015471;15;6;2020;17:50;1;18;18167;1;1;1;6;A 20 ;47,1264470;1,9335080
13950;202000015472;14;6;2020;17:15;1;74;74143;1;1;1;3;Les Houches;45,9014100;6,7807850
13951;202000015473;14;6;2020;12:35;1;13;13025;1;9;1;6;A52;43,4825310;5,5620060
13952;202000015474;15;6;2020;09:45;1;49;49331;1;1;1;7;Rue du General de Gaulle;47,7271300; -0,8521204
13953;202000015476;15;6;2020;09:55;1;69;69244;2;6;1;3;32 Avenue de la République;45,7640593;4,7816672
13954;202000015478;14;6;2020;20:46;5;971;97114;1;4;1;1;N1;16,1478750; -61,5835830
13955;202000015479;15;6;2020;17:15;1;77;77415;2;1;1;4;D603;48,9521630;3,0123250
13956;202000015480;12;6;2020;21:10;2;91;91200;2;9;2;7;Rue Jubé de la Perelle;48,5282440;2,0109110
13957;202000015481;14;6;2020;18:30;1;78;78089;1;1;1;5;A13;49,0208160;1,5620760
13958;202000015483;14;6;2020;10:45;1;34;34276;1;1;1;3;D1;43,7748490;3,8676010
13959;202000015484;5;6;2020;18:25;1;84;84119;2;4;1;1;Route de Gadagne;43,9527300;4,9365140
13960;202000015485;15;6;2020;05:00;2;83;83106;1;1;1;1;D43;43,3015090;6,0702360
13961;202000015486;15;6;2020;18:15;1;05;05048;1;1;1;3;CD 994 Intersection des Pères;44,4180369;5,6293049
13962;202000015487;14;6;2020;11:00;1;71;71062;1;1;1;3;D222;46,9267620;4,2516450
13963;202000015488;14;6;2020;00:05;5;33;33243;2;1;1;6;Place Decazes;44,9215142; -0,2416910
13964;202000015489;14;6;2020;13:30;1;50;50611;1;1;1;1;chemin de gardier le vivier;49,6642040; -1,7524590
13965;202000015490;15;6;2020;11:40;1;22;22272;1;5;2;1;5 Kerhors;48,5657210; -3,1082670
13966;202000015491;14;6;2020;19:50;1;22;22162;2;1;1;6;Rue Salvador Allende;48,7780470; -3,0382770
13967;202000015493;13;6;2020;23:00;3;76;76285;1;1;1;7;Route de Bourg Beaudouin;49,3984869;1,2975830
13968;202000015494;28;5;2020;16:35;1;62;62056;2;3;1;3;Rue Gustave Danquin;50,8221907;1,5939793
13969;202000015495;14;6;2020;10:30;1;59;59129;1;2;1;3;3 Rue de Lobeau;50,4963320;3,1910575