;Num_Acc;jour;mois;an;hrmn;lum;dep;com;agg;int;atm;col;adr;lat;long
13970;202000015496;13;6;2020;17:00;1;13;13001;1;1;2;3;A51-Sens Marseille vers Aix en Provence;43,4781000;5,4084000
13971;202000015497;14;6;2020;13:00;1;13;13216;1;1;1;7;A55-Sens Martigues vers Marseille;43,3655707;5,3375523
13972;202000015499;14;6;2020;03:30;4;33;33249;1;1;3;6;ROUTE NATIONALE 230;44,8843100; -0,5112600
13973;202000015500;14;6;2020;20:40;1;91;91468;1;1;1;4;AUTOROUTE A6;48,5722000;2,4683100
13974;202000015501;14;6;2020;20:00;1;92;92036;1;1;1;4;A86;48,9365076;2,2908362
13975;202000015502;13;6;2020;18:30;1;92;92050;2;9;1;5;A86;48,9065900;2,2112770
13976;202000015503;14;6;2020;17:30;1;93;93010;1;1;1;4;AUTOROUTE A3;48,8915700;2,4730100
13977;202000015505;14;6;2020;08:10;1;94;94073;1;1;1;7;A86 EXT;48,7679400;2,3786800
13978;202000015506;13;6;2020;18:40;1;75;75112;1;1;1;3;A4;48,8291800;2,4812520
13979;202000015507;1;1;2020;10:15;1;45;45286;2;1;8;7;D951-PR  88 + 895;47,8861361;1,9279107
13980;202000015508;13;6;2020;23:30;3;988;98818;2;1;1;-1;ROUTE EXPRESS DU MONT DORE; -22,2271700;166,4907500
13981;202000015509;13;6;2020;18:31;5;988;98818;2;1;1;7;AVENUE KOENIG; -22,2358800;166,4742900
13982;202000015510;13;6;2020;09:00;5;974;97416;1;3;1;3;Rue Hippolyte Piot; -21,2974950;55,4521770
13983;202000015511;13;6;2020;15:40;1;974;97407;2;1;1;6;LENINE (AVENUE); -20,9478000;55,2995300
13984;202000015512;13;6;2020;13:27;1;973;97302;2;1;1;6;DES IMMORTELLES (BLVD);4,9209053; -52,3019505
13985;202000015513;13;6;2020;20:10;5;972;97209;1;1;1;1;REDOUTE (ROUTE DE LA);14,6402800; -61,0532800
13986;202000015514;12;6;2020;12:50;1;91;91692;1;1;8;2;CD35;48,6753200;2,1883000
13987;202000015516;13;6;2020;14:00;1;78;78551;1;1;1;7;PAVILLON CHINOIS (ROUTE DU);48,9627800;2,1142600
13988;202000015517;12;6;2020;09:28;1;74;74119;2;1;1;6;LEGER (QUAI PAUL) RD 1005;46,4014400;6,5992100
13989;202000015518;13;6;2020;21:00;2;69;69029;2;1;8;6;LIONEL TERRAY                       (R );45,7267100;4,9049300
13990;202000015519;13;6;2020;15:20;1;69;69029;2;2;1;3;GENERAL DE GAULLE                   (AV);45,7273900;4,9273600
13991;202000015520;13;6;2020;15:25;1;64;64260;2;1;1;3;EMPEREUR (BOULEVARD DE );43,3711500; -1,7554040
13992;202000015521;13;6;2020;17:20;1;64;64260;1;1;1;3;MAGNOLIAS (AVENUE DES);43,3713106; -1,7749035
13993;202000015522;29;5;2020;12:10;1;62;62133;2;2;1;6;HUIT MAI 1945 (R DU);50,4198720;2,9119080
13994;202000015523;10;6;2020;19:10;1;59;59566;2;1;1;2;CALMETTE, RUE DU Dr;50,6212000;2,9805000
13995;202000015524;13;6;2020;09:40;1;56;56260;2;1;1;6;LECLERC(RUE DU MARECHAL);47,6582500; -2,7502300
13996;202000015525;13;6;2020;10:45;1;35;35238;2;2;3;6;24 Boulevard de la Liberté;48,1074600; -1,6792300
13997;202000015526;12;6;2020;17:20;1;34;34003;2;1;1;3;HYPER U (PARKINGS);43,2976800;3,4733500
13998;202000015527;13;6;2020;16:26;1;17;17300;2;2;2;6;JOFFRE   BOULEVARD (27-77 et 2-1);46,1579600; -1,1422900
13999;202000015528;13;6;2020;01:00;5;13;13211;2;3;2;1;SAINT LOUP (BOULEVARD DE);43,2832190;5,4375500
14000;202000015529;13;6;2020;16:56;1;10;10387;2;4;2;3;BAS TREVOIS (RUE DES);48,2934500;4,0791000
14001;202000015530;13;6;2020;14:45;1;08;08105;2;3;1;3;ROUSSEAU J.J.;49,7720000;4,7106700
14002;202000015531;13;6;2020;17:30;1;06;06027;1;1;1;1;MAURE CHEMIN DE LA;43,6832260;7,1598820
14003;202000015532;12;6;2020;18:00;1;04;04112;1;1;1;1;RD 5 - Montée de la mort d'Imbert;43,8436100;5,7740100
14004;202000015533;12;6;2020;09:10;1;75;75120;2;1;2;7;PORTE DE MONTREUIL;48,8527130;2,4144640
14005;202000015534;12;6;2020;23:15;5;75;75120;2;2;1;6;BOULEVARD DAVOUT;48,8471810;2,4112780
14006;202000015535;13;6;2020;02:20;5;75;75119;2;1;1;2;RUE LOUISE THULIEZ;48,8775590;2,3947940
14007;202000015536;13;6;2020;02:38;5;75;75119;2;1;1;6;BOULEVARD DE LA VILLETTE;48,8792400;2,3704330
14008;202000015537;13;6;2020;11:25;1;75;75117;2;4;1;4;PORTE DE CLICHY;48,8954310;2,3074850
14009;202000015538;13;6;2020;11:30;1;75;75116;2;1;1;2;BOULEVARD D AUTEUIL;48,8454550;2,2535100
14010;202000015539;13;6;2020;16:35;1;75;75115;2;3;1;6;RUE FRANCOIS MOUTHON;48,8391320;2,2914500
14011;202000015540;13;6;2020;15:35;1;75;75115;2;2;1;6;RUE BRANCION;48,8347190;2,3051880
14012;202000015541;13;6;2020;12:10;1;75;75115;2;3;1;7;RUE DE LA CONVENTION;48,8359480;2,3008560
14013;202000015542;13;6;2020;09:20;1;75;75114;2;1;8;3;BOULEVARD JOURDAN;48,8228810;2,3274320
14014;202000015543;13;6;2020;18:24;1;75;75113;2;7;1;3;PLACE D ITALIE;48,8309950;2,3558210
14015;202000015544;13;6;2020;17:45;1;75;75110;2;3;1;3;RUE DU FAUBOURG SAINT MARTIN;48,8748850;2,3589990
14016;202000015545;13;6;2020;02:55;5;75;75110;2;1;1;2;RUE DE LANCRY;48,8721770;2,3628500
14017;202000015546;13;6;2020;14:00;1;75;75108;2;2;1;2;BOULEVARD HAUSSMANN;48,8752090;2,3163370
14018;202000015547;13;6;2020;00:22;5;75;75108;2;2;1;3;RUE LA BOETIE;48,8739300;2,3158830
14019;202000015548;13;6;2020;01:30;5;75;75103;2;2;1;3;RUE REAUMUR;48,8659550;2,3537790
14020;202000015549;13;6;2020;02:00;5;75;75101;2;2;1;7;QUAI DU LOUVRE;48,8585030;2,3424880
14021;202000015550;13;6;2020;16:15;1;75;75101;2;1;1;6;VOIE GEORGES POMPIDOU;48,8588110;2,3400540
14022;202000015551;13;6;2020;15:15;1;75;75104;2;7;1;6;AVENUE VICTORIA;48,8568010;2,3510940
14023;202000015552;13;6;2020;11:00;1;94;94052;2;1;1;3;JOINVILLE (AV DE);48,8313522;2,4691608
14024;202000015553;13;6;2020;19:30;1;94;94046;2;1;1;6;GEORGES CLEMENCEAU (AV);48,8110000;2,4436000
14025;202000015554;13;6;2020;12:40;1;94;94003;2;1;1;2;BERTHOLLET (R);48,8048140;2,3282000
14026;202000015555;13;6;2020;20:25;1;93;93053;2;3;1;3;ROSNY (AVENUE DE) N° 2 A 54 BIS;48,8941266;2,4706716
14027;202000015556;13;6;2020;15:40;1;93;93048;2;1;1;3;BD ARISTIDE BRIAND;48,8690800;2,4483900
14028;202000015557;12;6;2020;00:45;5;93;93027;2;1;2;-1;VALMY (RUE DE);48,9228500;2,3827400
14029;202000015558;13;6;2020;11:50;1;93;93014;2;9;1;3;JEAN MOULIN (AVENUE);48,9064000;2,5574000
14030;202000015560;13;6;2020;02:55;5;93;93007;2;2;1;3;Rue Pierre Sémard;48,9295656;2,4799343
14031;202000015561;13;6;2020;12:30;1;92;92062;2;1;1;2;BAS-ROGERS (RUE DES) N° 38 AU 96;48,8813792;2,2261570
14032;202000015562;13;6;2020;14:20;1;92;92050;2;1;8;2;CLEMENCEAU GEORGES AVENUE N°IMPAIR;48,8868398;2,2033060
14033;202000015563;13;6;2020;20:25;1;92;92024;2;4;1;3;VICTOR HUGO (BD);48,8972709;2,3105434
14034;202000015564;13;6;2020;21:30;2;92;92012;2;1;1;2;PONT DE SEVRES (ROND POINT DU);48,8284741;2,2300637
14035;202000015565;14;6;2020;16:20;1;11;11059;1;1;1;6;44 À Las Crozes;43,1639960;2,1152110
14036;202000015566;14;6;2020;14:25;1;08;08329;1;1;8;7;Rue de la Marliere;49,5924430;4,4297540
14037;202000015567;14;6;2020;04:45;2;38;38238;2;2;1;-1;La Détourbe;45,4951800;5,0458200
14038;202000015568;14;6;2020;10:20;1;972;97210;1;1;1;5;Quartier Reunion;14,6051740; -60,9316780
14039;202000015569;12;6;2020;19:30;3;972;97227;1;1;1;1;N5;14,4773480; -60,9625770
14040;202000015570;12;6;2020;12:30;1;62;62536;2;3;2;3;Rue du Château de la Motte;50,4139449;2,4931252
14041;202000015571;14;6;2020;03:30;5;95;95660;2;6;1;6;D909;49,0737390;2,3453720
14042;202000015572;13;6;2020;20:00;2;91;91573;2;9;8;3;Rond-point du Fresne;48,6158110;2,5090560
14043;202000015573;14;6;2020;14:50;1;59;59432;2;3;1;7;34 Grand Rue;50,1474540;3,2561930
14044;202000015575;14;6;2020;03:05;5;67;67281;1;1;2;7;D468;48,1427390;7,5432110
14045;202000015576;12;6;2020;13:15;1;76;76063;1;1;1;7;D50;49,7398190;1,0404400
14046;202000015577;13;6;2020;19:45;1;80;80415;2;2;1;1;D41;49,7548420;2,6038300
14047;202000015578;14;6;2020;16:30;1;65;65418;2;2;1;3;2 Route de Mansan;43,3543300;0,1933770
14048;202000015579;13;6;2020;21:40;3;33;33266;2;2;1;6;Lieu Dit Joyeux;45,0612610; -0,3342970
14049;202000015580;14;6;2020;15:05;1;71;71488;1;1;1;6;RD41;46,4729736;4,5630838
14050;202000015581;14;6;2020;15:30;1;89;89042;2;7;1;7;Place des Souillats;47,6104610;4,1572929
14051;202000015584;14;6;2020;16:45;1;47;47213;1;4;1;7;D118;44,2962790;0,5237390
14052;202000015585;13;6;2020;13:15;1;41;41043;1;2;8;1;Rue de la Haie Jallet;47,2753600;1,4498730
14053;202000015586;13;6;2020;18:00;1;39;39560;1;1;2;1;;46,3747370;5,8748310
14054;202000015587;13;6;2020;19:20;1;35;35247;2;1;1;6;5 Rue de la Poultiere;48,5948720; -1,6130700
14055;202000015588;14;6;2020;16:10;1;31;31111;1;1;1;2;D919;43,2389970;1,3705440
14056;202000015589;14;6;2020;18:30;1;72;72011;1;1;1;3;Le petit molland;48,3223170; -0,0084450
14057;202000015591;14;6;2020;12:15;1;07;07079;1;1;1;6;D533;44,9999790;4,4819930
14058;202000015593;13;6;2020;19:05;1;17;17312;1;3;1;3;D146;45,3197530; -0,6335930
14059;202000015594;14;6;2020;16:00;1;37;37055;1;2;1;3;D66;47,4639540;0,2831521
14060;202000015595;13;6;2020;22:15;3;01;01049;1;1;1;3;B432B PK 001.100;45,8321780;5,0248500
14061;202000015596;13;6;2020;23:00;3;69;69086;1;1;8;6;A89;45,8540920;4,6511650
14062;202000015597;15;8;2020;07:40;1;34;34199;1;1;1;1;D13;43,4342550;3,4158900
14063;202000015598;15;8;2020;16:45;1;83;83133;1;1;1;7;Chemin de la Verrerie;43,5702258;6,8839691
14064;202000015599;14;8;2020;21:00;3;13;13004;1;1;1;7;Rue d'Arles;43,5424510;4,6878150
14065;202000015600;14;8;2020;22:30;3;52;52453;1;1;1;7;D266;47,8527670;5,4198430
14066;202000015601;14;8;2020;15:53;1;54;54397;2;3;1;-1;Rue de Cumène;48,6144060;6,1170030
14067;202000015602;15;8;2020;15:50;1;74;74239;1;1;1;1;D12;45,9311550;6,4050400
14068;202000015603;15;8;2020;05:20;3;38;38225;1;1;1;6;Route de Grenoble;45,1520220;5,5542110
14069;202000015605;14;8;2020;14:39;1;81;81099;1;1;1;3;zone commerciale de la crouzeterie;43,9177890;1,9388290
14070;202000015606;7;8;2020;16:00;1;33;33407;1;1;1;6;Rue du Pastin;45,0216300; -0,3499980
14071;202000015608;14;8;2020;18:10;1;13;13028;1;1;1;2;A50-Sens Toulon vers Aubagne;43,2069650;5,5872900
14072;202000015609;9;8;2020;21:39;3;13;13211;2;1;1;5;A50-Sens Marseille vers Aubagne;43,2898650;5,4912020
14073;202000015610;13;8;2020;10:50;1;83;83137;1;1;1;2;A57;43,1213200;5,9533100
14074;202000015611;18;7;2020;17:30;1;69;69282;1;1;1;3;RD302   0.400 A 4.620;45,7486200;4,9977600
14075;202000015612;6;8;2020;18:05;1;69;69266;1;1;1;4;RD383   1.893 A 2.321;45,7870300;4,8878900
14076;202000015613;12;8;2020;16:25;1;69;69091;1;1;1;2;A47   1.809 A 5.620;45,5897200;4,7675500
14077;202000015614;14;8;2020;20:30;2;33;33063;1;1;1;4;ROCADE A 630;44,8804700; -0,5391500
14078;202000015615;14;8;2020;15:45;1;33;33167;1;1;1;2;ROUTE NATIONALE 230;44,8426300; -0,5013700
14079;202000015616;14;8;2020;06:20;2;78;78206;1;1;1;2;A13;48,9461000;1,9483700
14080;202000015617;11;8;2020;19:20;1;93;93053;1;1;1;6;AUTOROUTE A103;48,8880700;2,4722400
14081;202000015619;14;8;2020;09:15;1;77;77373;1;1;1;3;RN104;48,7757000;2,6126000
14082;202000015620;14;8;2020;07:20;1;988;98818;2;6;1;3;ANDREDE BECHADE/AVENUE BONAPARE; -22,2426100;166,4610200
14083;202000015621;13;8;2020;17:30;1;69;69386;2;3;2;1;MARECHAL LYAUTEY (DU)               (PL);45,7693000;4,8411000
14084;202000015622;13;8;2020;16:30;1;972;97213;1;1;1;2;AUTOROUTE A1;14,6149700; -61,0130900
14085;202000015623;13;8;2020;11:30;1;69;69389;2;1;1;6;PLATEAU (DU)                        (AV);45,7826196;4,7940150
14086;202000015624;13;8;2020;10:16;1;69;69381;2;9;1;6;BAT D'ARGENT (DU)                   (R );45,7661700;4,8379600
14087;202000015625;13;8;2020;09:10;1;91;91549;1;1;1;6;JACQUES DUCLOS (AVENUE);48,6353000;2,3536100
14088;202000015626;13;8;2020;17:20;1;91;91174;2;9;1;3;08 MAI 1945 (AVENUE);48,6108200;2,4515400
14089;202000015627;13;8;2020;09:15;1;91;91114;2;1;8;6;DONJON (RUE DU);48,7000000;2,5045000
14090;202000015628;13;8;2020;16:30;1;91;91479;1;9;1;5;FONTAINEBLEAU (ROUTE DE);48,7434800;2,3622400
14091;202000015629;13;8;2020;18:17;1;88;88383;1;1;1;1;D 23;48,0057100;6,5801400
14092;202000015630;12;8;2020;08:05;1;87;87085;1;1;1;7;COUDERT (ECHANGEUR DU);45,8343800;1,2154100
14093;202000015631;12;8;2020;07:41;1;87;87085;2;1;1;2;PETITES MAISONS (RUE DES);45,8276500;1,2637000
14094;202000015632;13;8;2020;01:06;4;85;85194;2;6;2;3;RD 949;46,5172400; -1,7477800
14095;202000015633;13;8;2020;21:25;5;83;83090;2;1;1;6; GARE (ROUTE DE LA);43,1232580;5,8225310
14096;202000015634;31;7;2020;19:40;1;83;83129;2;6;1;6;CLAUDE POMPIDOU;43,0935700;5,8448900
14097;202000015635;12;8;2020;21:07;4;77;77288;2;2;1;6;ALMONT (BOULEVARD DE L');48,5483200;2,6740900
14098;202000015636;13;8;2020;11:35;1;77;77186;2;2;1;2;MARECHAL  FOCH  (BOULEVARD DU);48,4153000;2,7068700
14099;202000015638;12;8;2020;20:10;1;71;71270;2;1;1;3;LYON (ROUTE DE);46,2911578;4,8139238
14100;202000015639;12;8;2020;12:10;1;71;71076;2;1;1;3;LEDRU ROLLIN (RUE);46,7855952;4,8366827
14101;202000015640;13;8;2020;08:20;1;69;69029;2;1;1;6;LIONEL TERRAY                       (R );45,7291861;4,8940337
14102;202000015641;12;8;2020;10:20;1;69;69275;2;1;1;-1;MICHEL SERVET                       (R );45,7602300;4,9677100
14103;202000015642;13;8;2020;15:15;1;69;69091;2;9;3;2;PAIX (DE LA) ( R );45,5861000;4,7537800
14104;202000015644;12;8;2020;06:15;3;65;65226;1;1;1;2;NATIONALE 117 (ROUTE);43,2451170; -0,0278820
14105;202000015645;12;8;2020;06:07;2;62;62193;2;3;1;3;LAMARLE (QUAI G.);50,9399600;1,8703200
14106;202000015646;11;8;2020;08:20;1;62;62276;1;3;1;3;boulevard de l ouest;50,5212720;2,8334050
14107;202000015647;10;8;2020;22:05;2;62;62108;2;1;1;6;ROSE DES VENTS;50,4027700;1,5796700
14108;202000015648;12;8;2020;16:30;1;62;62013;1;1;1;3;RD 919;50,2556600;2,7721400
14109;202000015649;12;8;2020;08:50;1;61;61001;2;2;1;6;CLEMENCEAU (COURS);48,4311600;0,0897300
14110;202000015650;12;8;2020;20:40;1;59;59650;2;2;1;3;VALLON (RUE);50,7043029;3,2258874
14111;202000015651;12;8;2020;21:10;2;59;59456;2;3;1;3;ANTIBES (RUE D');50,3760100;3,2268500
14112;202000015652;12;8;2020;19:15;1;59;59456;1;1;1;6;RD 225 N;50,3792800;3,2344000
14113;202000015653;12;8;2020;11:44;1;57;57630;2;1;7;1;PECHEURS;48,7314700;7,0396500
14114;202000015654;13;8;2020;02:30;5;56;56121;2;1;1;6;KERVARIC (ROND POINT DE );47,7481600; -3,3883300
14115;202000015655;12;8;2020;17:35;1;56;56083;2;1;2;7;REPUBLIQUE ( AV. DE LA );47,7998500; -3,2888900
14116;202000015656;12;8;2020;15:55;1;56;56162;2;1;2;7;DOUET NEUF (RUE DU);47,7080600; -3,4381200
14117;202000015657;13;8;2020;20:50;5;54;54395;2;1;1;3;ARC (RUE JEANNE D' N°53 A 189-60 A 175);48,6849259;6,1724442
14118;202000015658;13;8;2020;19:08;1;54;54197;2;3;1;2;ERFURT (RUE);48,6197100;6,2049200
14119;202000015660;13;8;2020;10:10;1;45;45004;2;1;1;6;Boulevard Mendès France;47,9769770;2,7646200
14120;202000015661;12;8;2020;13:35;1;38;38185;2;1;1;1;Avenue Marcelin Berthelot;45,1732100;5,7318500
14121;202000015662;13;8;2020;16:02;1;37;37122;2;3;2;2;KLEBER (RUE);47,3568445;0,6676066
14122;202000015664;13;8;2020;11:10;1;35;35238;2;1;1;1;GUERIN (ALPHONSE);48,1091800; -1,6590000
14123;202000015665;13;8;2020;21:00;2;33;33063;2;2;1;3;RUE LEYTEIRE;44,8308690; -0,5698170
14124;202000015666;11;8;2020;17:55;1;31;31149;2;1;1;1;ALLEE D'OCCITANIE;43,6105350;1,3337150
14125;202000015667;11;8;2020;14:10;1;24;24053;1;1;1;1;BRIVE (ROUTE DE );45,1465000;0,7989600
14126;202000015668;10;8;2020;22:05;1;22;22360;2;1;1;2;FONTENELLE (RUE DE LA);48,4956400; -2,7363900
14127;202000015669;13;8;2020;16:20;1;17;17306;2;1;2;4;JOLIOT CURIE (DOCTEUR) (AV);45,6234100; -1,0029400
14128;202000015670;24;7;2020;18:50;1;13;13102;2;1;1;2;BARTHELEMY ABBADIE (BD );43,4169490;5,2418270
14129;202000015671;11;8;2020;09:15;1;13;13201;2;1;1;6;CHARLES NEDELEC (BOULEVARD);43,3021792;5,3765212
14130;202000015672;12;8;2020;22:50;5;13;13005;2;1;1;1;REPUBLIQUE (RUE DE LA);43,2914860;5,5692230
14131;202000015673;13;8;2020;15:45;1;06;06088;2;1;1;-1; 11 AVENUE DE LA BORNALA;43,6943248;7,2381583
14132;202000015674;13;8;2020;08:45;1;75;75120;2;1;1;7;BOULEVARD PERIPHERIQUE;48,8725260;2,4126760
14133;202000015675;12;8;2020;18:33;1;75;75106;2;2;1;3;BOULEVARD RASPAIL;48,8420790;2,3295440
14134;202000015676;12;8;2020;16:45;1;75;75116;2;2;1;3;AVENUE DE NEUILLY;48,8784410;2,2798310
14135;202000015677;12;8;2020;10:11;1;75;75116;2;1;1;6;AVENUE PAUL DOUMER;48,8587060;2,2759250
14136;202000015678;13;8;2020;19:36;1;75;75115;2;7;2;3;AVENUE DE SUFFREN;48,8511720;2,3009210
14137;202000015679;12;8;2020;22:53;5;94;94011;2;8;1;3;STAINS(ROUTE DE);48,7822580;2,4950730
14138;202000015681;13;8;2020;03:42;5;94;94079;2;1;1;7;DOCTEUR FILLIOUX (R DU);48,8241900;2,5527900
14139;202000015682;12;8;2020;23:30;5;94;94017;2;1;1;1;ROGER SALENGRO (AV);48,8181270;2,4928250
14140;202000015683;13;8;2020;17:55;1;93;93049;2;3;1;3;FAUVETTES (AVENUE) J-BACHELET->BEL AIR;48,8699500;2,5055300
14141;202000015684;12;8;2020;23:45;5;93;93078;2;6;1;2;CLEMENCEAU (AVENUE GEORGES);48,9607200;2,5562500
14142;202000015685;12;8;2020;23:10;5;93;93032;2;1;1;3;MICHEL JANIN   (RUE);48,8793380;2,5488120
14143;202000015686;13;8;2020;11:00;1;93;93005;2;1;1;1;PAUL CEZANNE (RUE);48,9524028;2,4898735
14144;202000015687;13;8;2020;08:50;1;93;93005;2;1;1;5;MARC CHAGALL (BOULEVARD);48,9521781;2,4941127
14145;202000015688;13;8;2020;16:25;1;92;92022;2;1;1;6;SALENGRO (AVENUE ROGER);48,8152500;2,1935100
14146;202000015689;12;8;2020;23:26;5;92;92026;2;1;1;6;CARNOT;48,8943400;2,2461100
14147;202000015690;13;8;2020;10:05;1;92;92024;2;1;1;6;MARTRE (RUE) DE (59 A 109)   (58 A 120);48,9026000;2,3066000
14148;202000015691;13;8;2020;10:00;1;92;92012;2;2;1;3;PIERRE GRENIER (AVENUE);48,8320830;2,2530670
14149;202000015692;12;8;2020;10:45;1;92;92004;2;1;1;3;VOLTAIRE ( BD 16 A FIN );48,9142100;2,2947900
14150;202000015693;13;8;2020;16:35;1;37;37065;1;1;2;6;D757;47,0326350;0,3588055
14151;202000015694;12;8;2020;11:25;1;38;38336;1;4;1;1;D131;45,4574800;4,8422700
14152;202000015695;13;8;2020;08:56;1;40;40296;1;1;1;2;D152;43,6874260; -1,4255620
14153;202000015696;12;8;2020;16:00;1;31;31285;1;1;1;6;Route de Baougnac;43,6476350;1,5981160
14154;202000015697;6;8;2020;02:35;3;71;71448;1;1;1;7;A6;46,3817672;4,8481302
14155;202000015698;14;8;2020;17:10;1;63;63349;1;2;1;3;D19;45,9454910;2,8600230
14156;202000015699;12;8;2020;12:35;1;62;62044;2;9;1;1;2 Rue du Marais;50,4843600;1,7447105
14157;202000015700;5;8;2020;23:10;5;59;59525;2;2;1;6;Rue Sadi Carnot;50,0802840;4,0191190
14158;202000015701;13;8;2020;22:50;5;19;19274;1;1;2;6;76 Avenue du Riant Portail du Midi;45,1864867;1,5397913
14159;202000015702;13;8;2020;18:30;1;56;56137;2;1;1;6;10 Rue Joachim Lamour;47,7442150; -2,6838610
14160;202000015703;14;8;2020;10:20;1;74;74236;2;1;1;7;568 Route de Cupelin;45,8881180;6,6968550
14161;202000015704;14;8;2020;15:45;1;77;77208;1;3;1;3;D18;48,4785773;3,3094158
14162;202000015705;8;8;2020;16:00;1;2A;2A130;2;3;1;-1;route de capitello;41,8953530;8,8058880
14163;202000015706;14;8;2020;10:27;1;82;82090;1;1;1;7;1513 Côte de Vialette;44,0872130;1,3635330
14164;202000015707;14;8;2020;11:15;1;11;11103;1;1;1;7;D118;42,9524690;2,2536560
14165;202000015708;14;8;2020;02:47;3;63;63040;1;1;1;6;D212;45,7239630;3,2906630
14166;202000015709;14;8;2020;19:05;1;61;61043;1;2;1;2;D955;48,3534400;0,7197120
14167;202000015710;10;8;2020;14:50;1;86;86113;1;2;1;5;RN 10;46,4833530;0,2722120
14168;202000015711;14;8;2020;09:30;1;34;34175;1;1;1;2;D908;43,6062510;3,3540060
14169;202000015712;13;8;2020;16:30;1;34;34293;1;3;1;1;D150;43,6167380;2,7093370
14170;202000015713;13;8;2020;16:00;1;25;25400;1;1;1;2;D67;47,0886760;6,1857450
14171;202000015714;14;8;2020;12:20;1;44;44083;1;2;1;3;1 Les Brosses;46,9967060; -1,6630840
14172;202000015715;10;8;2020;12:15;1;35;35263;1;1;1;1;La basse Ville Enoux;48,6927450; -1,8953130
14173;202000015716;3;8;2020;10:30;1;35;35162;2;1;1;6;1 Rue Lariboisière;48,4814060; -1,1240920
14174;202000015717;13;8;2020;11:58;1;29;29074;2;1;1;1;1 Rue des Bruyères;48,4878430; -3,9978890
14175;202000015718;8;8;2020;14:45;1;29;29015;1;1;1;7;D52;48,4859510; -4,4689460
14176;202000015720;14;8;2020;13:55;1;03;03021;1;1;1;5;;46,1301995;3,1640073
14177;202000015721;13;8;2020;20:00;1;15;15044;1;1;1;7;D3;45,1389460;2,8265760
14178;202000015722;13;8;2020;18:45;1;15;15162;1;1;1;7;Chemin Departemental 678;45,2787420;2,6227770
14179;202000015723;8;8;2020;11:50;1;26;26063;2;1;1;3;1 Boulevard Clémenceau;44,2758530;5,2721230
14180;202000015724;13;8;2020;15:00;1;58;58192;1;1;1;7;Domaine Tallet;46,7845860;3,3162300
14181;202000015725;12;8;2020;19:45;1;66;66107;1;1;1;7;D117;42,7959050;2,6571460
14182;202000015726;14;8;2020;05:50;3;66;66057;1;1;1;1;D116;42,5710740;2,3769200
14183;202000015727;13;8;2020;20:00;2;14;14478;1;1;1;6;D519;49,0131558;0,4084146
14184;202000015728;14;8;2020;18:30;1;60;60044;2;7;1;6;Place Gabriel Péri;49,2962307;2,3364347
14185;202000015729;14;8;2020;10:00;1;10;10254;1;3;1;3;D76 INTERSECTION D 97;48,5747330;3,5068700
14186;202000015731;7;8;2020;17:06;1;24;24460;1;1;1;1;Le Moulin Neuf;45,2500040;0,4301670
14187;202000015732;14;8;2020;13:35;1;04;04135;1;1;1;7;Rte de Moustiers;43,8399980;6,1987250
14188;202000015733;13;8;2020;21:30;3;85;85202;1;2;2;1;rd 60 / rd 39;46,7502860; -1,1552810
14189;202000015734;12;8;2020;18:00;1;27;27105;2;1;8;7;D313;49,3177090;0,8412480
14190;202000015735;12;8;2020;17:15;1;49;49333;1;2;1;5;D766;47,5706480; -0,3470990
14191;202000015736;9;8;2020;23:25;3;47;47097;1;1;1;2;A62;44,2270270;0,3544590
14192;202000015737;14;8;2020;15:21;1;17;17348;1;1;1;1;D123;45,8530520; -0,9826561
14193;202000015738;14;8;2020;05:15;3;11;11262;1;1;1;2;A61;43,1513800;2,9866500
14194;202000015739;8;8;2020;19:30;3;976;97616;2;1;1;1;D5; -12,8447950;45,1033830
14195;202000015740;14;8;2020;18:50;3;974;97415;1;1;1;1;N1a; -21,0308190;55,2254120
14196;202000015741;12;8;2020;08:25;1;971;97128;1;1;1;1;Dupré;16,2266810; -61,3911560
14197;202000015743;5;8;2020;17:30;1;03;03242;1;1;1;4;1 Rue de Berjoux;46,3603622;3,3712649
14198;202000015744;13;8;2020;13:30;1;03;03286;1;3;1;3;D12;46,5358825;3,3996462
14199;202000015745;29;7;2020;17:55;1;38;38455;2;3;1;3;D143;45,6215460;5,3520690
14200;202000015746;14;8;2020;12:00;1;01;01301;2;1;1;3;133 Route de Mézériat;46,2482260;5,1242370
14201;202000015747;13;8;2020;16:10;1;81;81219;1;1;8;7;Route Départementale 92;43,6007190;2,0762440
14202;202000015748;13;8;2020;21:30;2;64;64430;2;1;8;6;Route de Dax;43,5048087; -0,7759681
14203;202000015749;14;8;2020;18:00;1;85;85138;1;1;1;6;Route de AIZENAY, lieu-dit LE LUTRON;46,6899000; -1,6642000
14204;202000015750;13;8;2020;16:00;1;22;22162;1;2;1;3;44 Chemin de Leskernec;48,7640530; -3,0758550
14205;202000015751;14;8;2020;14:20;1;22;22136;1;1;7;6;D768;48,2037040; -2,7524400
14206;202000015752;24;7;2020;13:30;1;27;27070;2;2;1;2;9 Rue Georges Lemée;49,2818320;1,4997200
14207;202000015753;13;8;2020;22:30;4;76;76626;2;4;1;6;Rue de l'Eglise;49,5552220;0,6251640