;Num_Acc;jour;mois;an;hrmn;lum;dep;com;agg;int;atm;col;adr;lat;long
14208;202000015754;14;8;2020;08:38;1;59;59535;2;4;5;1;Route du Parc;50,7801090;2,7379560
14209;202000015755;12;8;2020;08:15;1;59;59350;1;1;1;5;ROUTE NATIONALE 356;50,6155000;3,0841000
14210;202000015756;10;8;2020;17:30;1;59;59143;1;1;1;2;AUTOROUTE A25;50,6737800;2,8652580
14211;202000015757;7;8;2020;22:05;3;59;59662;1;1;1;2;AUTOROUTE A25;50,8526250;2,5527910
14212;202000015758;13;8;2020;07:40;1;78;78029;1;1;1;6;A13W;48,9680210;1,8579980
14213;202000015760;7;8;2020;15:15;1;93;93007;1;1;1;6;AUTOROUTE A1;48,9468700;2,4427500
14214;202000015761;12;8;2020;20:30;2;93;93027;1;1;1;6;A16;48,9281800;2,4030300
14215;202000015762;13;8;2020;06:05;2;92;92078;1;1;2;6;AUTOROUTE A86;48,9291800;2,3296900
14216;202000015763;13;8;2020;02:30;3;93;93005;1;1;1;2;AUTOROUTE A3;48,9464400;2,4762200
14217;202000015764;13;8;2020;13:30;1;94;94073;1;1;1;4;A86 EXT;48,7555490;2,3832040
14218;202000015765;12;8;2020;09:26;1;973;97302;2;1;1;1;BADUEL (ROUTE DE);4,9289378; -52,3002434
14219;202000015766;11;8;2020;12:20;1;973;97302;2;9;1;7;CATAYEE (JUSTIN);4,9404820; -52,3308849
14220;202000015767;12;8;2020;14:38;1;972;97209;2;1;1;1;MARNE (BOULEVARD DE LA);14,6041000; -61,0803200
14221;202000015768;12;8;2020;23:35;5;69;69382;2;9;1;6;PERRACHE                            (QU);45,7326100;4,8172800
14222;202000015769;11;8;2020;08:30;1;69;69385;2;1;1;2;CHOULANS (DE)                       (CH);45,7533067;4,8169969
14223;202000015770;11;8;2020;21:00;4;971;97113;1;1;1;1;RN4 - SECTION RIVIERA;16,2176210; -61,4956498
14224;202000015771;11;8;2020;20:47;5;971;97101;2;1;2;6;LACROIX;16,2354000; -61,5284430
14225;202000015772;12;8;2020;21:00;2;2A;2A004;2;9;1;1;NICOLI JEAN COURS;41,9322606;8,7405814
14226;202000015773;11;8;2020;12:55;1;95;95428;2;6;1;3;CHARLES DE GAULLE  AVENUE;48,9858580;2,3284990
14227;202000015776;12;8;2020;15:40;1;77;77373;2;3;1;6;MARGUERITES (AVENUE DES);48,7951040;2,6074930
14228;202000015777;11;8;2020;11:50;1;77;77186;1;1;1;2;D606 de l'obélisque à limite MORET;48,3783450;2,7804290
14229;202000015778;11;8;2020;09:05;1;71;71306;2;2;1;3;SAINT BERAIN (RUE DE);46,6908021;4,3446518
14230;202000015779;10;8;2020;21:30;4;67;67043;2;1;1;2;TROIS MAIRES (RUE DES);48,6283610;7,7776444
14231;202000015780;10;8;2020;17:40;1;67;67482;2;2;1;3;BALDNER (RUE);48,5684400;7,7598800
14232;202000015781;12;8;2020;18:05;1;67;67462;2;1;1;3;PRESIDENT POINCARE (RUE DU);48,2571400;7,4545200
14233;202000015782;12;8;2020;16:25;1;64;64445;2;6;1;3;CAZAUBON NORBERT;43,3040800; -0,3669600
14234;202000015783;12;8;2020;12:10;1;64;64024;2;1;1;3;ADOUR (AVENUE DE L');43,5031200; -1,4946100
14235;202000015784;11;8;2020;22:30;5;64;64102;2;1;1;7;ALLEES MARINES (AVENUE DES);43,4972900; -1,4840600
14236;202000015785;11;8;2020;08:05;1;60;60175;1;1;1;5;RD 201_SORTIE 201_ACCES BD S.ALLENDE;49,2456000;2,4693000
14237;202000015786;11;10;2020;00:05;3;45;45265;1;1;2;7;Autoroute A6, PK 097+075;48,1311240;2,9518460
14238;202000015787;11;10;2020;14:25;1;974;97424;1;1;1;5;36 Route Nationale 5; -21,1476430;55,4663500
14239;202000015789;11;10;2020;08:20;1;83;83047;2;6;7;6;Avenue du 8 Mai 1945;43,1537200;6,0707620
14240;202000015790;10;10;2020;12:34;1;57;57433;2;9;1;3;CENTRE COMMERCIAL LECLERC - RD52;49,2154390;6,1716130
14241;202000015792;10;10;2020;15:20;1;76;76069;2;1;1;3;8 Rue Pasteur;49,3892440;1,1436020
14242;202000015793;11;10;2020;12:45;1;80;80386;1;2;1;3;D935;49,6845960;2,5596000
14243;202000015794;10;10;2020;15:15;1;13;13211;1;1;1;2;A50-Sens Aubagne vers Marseille;43,2946281;5,4665187
14244;202000015795;9;10;2020;17:10;1;13;13215;1;1;1;3;A7-Sens Marseille vers Lyon;43,3450700;5,3743700
14245;202000015797;10;10;2020;17:30;1;69;69005;1;1;1;3;A6  ;45,9280900;4,7270970
14246;202000015799;10;10;2020;22:50;3;33;33080;1;1;1;2;AUTOROUTE A 62;44,7549500; -0,5439600
14247;202000015800;10;10;2020;08:00;2;33;33162;1;1;2;2;ROCADE A 630;44,8713600; -0,6418700
14248;202000015801;10;10;2020;20:21;5;94;94034;1;1;1;7;AUTOROUTE A86;48,7601200;2,3207300
14249;202000015802;10;10;2020;13:45;1;91;91161;1;1;1;3;AUTOROUTE A6;48,7123200;2,3079100
14250;202000015803;10;10;2020;13:30;1;78;78402;1;1;1;4;A13;48,9642940;1,7708090
14251;202000015804;9;10;2020;20:40;3;92;92036;1;1;1;2;A86;48,9347260;2,2679526
14252;202000015805;10;10;2020;00:30;4;93;93005;1;1;1;2;AUTOROUTE A104;48,9729967;2,4928136
14253;202000015806;9;10;2020;18:20;1;93;93010;1;1;1;4;AUTOROUTE A3;48,9028507;2,4710421
14254;202000015808;9;10;2020;12:00;1;93;93027;1;1;2;6;AUTOROUTE A86;48,9282671;2,4120434
14255;202000015809;10;10;2020;12:00;2;93;93051;1;1;1;3;AUTOROUTE A1;48,8359930;2,5613840
14256;202000015810;10;10;2020;03:55;5;988;98818;2;1;1;6;RUE COPERNIC; -22,2329400;166,4247400
14257;202000015811;9;10;2020;16:30;1;988;98818;2;1;1;6;PROMENADE PIERRE VERNIER; -22,2983185;166,4585620
14258;202000015812;7;10;2020;16:15;1;988;98818;2;3;2;-1;AVENUE JAMES COOK; -22,2680900;166,4308200
14259;202000015813;9;10;2020;07:00;1;976;97611;2;1;1;3;tsoundzou-Kwalé ( route de ); -12,8059600;45,2088300
14260;202000015814;9;10;2020;13:30;1;974;97409;2;9;1;3;Rue de Cambuston; -20,9306000;55,6552400
14261;202000015815;9;10;2020;16:30;1;973;97302;2;9;1;3;CATAYEE (JUSTIN);4,9411661; -52,3310137
14262;202000015816;9;10;2020;06:48;1;973;97302;2;1;1;1;RABAN (ROUTE DE);4,9341114; -52,3137081
14263;202000015817;9;10;2020;17:15;1;69;69259;2;1;1;6;OSCHATZ (D')                        (AV);45,6948000;4,8799000
14264;202000015818;9;10;2020;15:44;1;69;69387;2;2;1;3;DEBOURG                             (AV);45,7313400;4,8354600
14265;202000015819;9;10;2020;20:20;4;972;97209;2;1;1;2;RD 41;14,6135700; -61,0762800
14266;202000015820;9;10;2020;18:05;1;69;69286;2;1;1;6;EUROPE (DE L')                      (AV);45,8164512;4,8997777
14267;202000015821;9;10;2020;08:20;1;69;69389;2;1;1;3;LAURE DIEBOLD                       (R );45,7784900;4,7987200
14268;202000015823;9;10;2020;16:58;1;2B;2B033;2;1;1;6;AV DE LA LIBERATION;42,6789600;9,4431700
14269;202000015825;9;10;2020;17:15;1;95;95428;2;1;1;6;CHARLES DE GAULLE  AVENUE;48,9814500;2,3208500
14270;202000015826;9;10;2020;07:30;4;91;91477;2;9;3;6;MAXIMILIEN ROBESPIERRE (RUE);48,7189320;2,2344790
14271;202000015827;9;10;2020;08:00;2;91;91027;2;2;2;5;LAUNAY (RUE ANDRE);48,7128000;2,3910000
14272;202000015828;8;10;2020;17:50;1;88;88209;2;1;1;2;LECLERC ( RUE GENERAL );48,1908400;6,4259600
14273;202000015829;8;10;2020;01:35;5;86;86194;2;1;1;2;Rue du Faubourg du Pont Neuf;46,5727680;0,3639710
14274;202000015830;1;10;2020;03:15;4;85;85194;2;9;2;7;VENDEE GLOBE (BOULEVARD DU);46,5128200; -1,7726900
14275;202000015831;6;10;2020;03:45;3;85;85194;1;1;2;6;RD 32;46,5381800; -1,7519500
14276;202000015832;8;10;2020;23:45;5;83;83137;2;2;1;3;BRIAND (AVE ARISTIDE PROLONGEE);43,1260016;5,8977468
14277;202000015834;9;10;2020;07:40;5;78;78238;2;6;2;3;RENAULT (ROUTE DE);48,9700940;1,8643330
14278;202000015835;7;10;2020;13:00;1;78;78015;1;1;1;2;SCHWEISGUTH (RUE DU GENERAL);48,9897570;2,0697740
14279;202000015836;8;10;2020;11:15;1;74;74012;2;1;1;4;BRIAND (RUE ARISITIDE);46,1919800;6,2391800
14280;202000015837;9;10;2020;08:00;1;72;72181;2;1;2;4;RIFFAUDIERES (BD DES);47,9913400;0,1750100
14281;202000015838;9;10;2020;21:40;5;71;71040;2;1;1;4;JOSEPH LAMBERT (RUE);46,6972109;4,3907225
14282;202000015839;11;9;2020;18:10;1;70;70550;2;2;1;5;COUBERTIN (RUE PIERRE DE);47,6217100;6,1697500
14283;202000015840;9;10;2020;15:20;1;69;69256;2;3;1;-1;MARIUS GROSSO                       (R );45,7636200;4,9334600
14284;202000015841;8;10;2020;14:28;1;67;67482;2;1;8;3;ROMAINS (ROUTE DES);48,5802400;7,7205900
14285;202000015842;8;10;2020;12:03;1;67;67482;2;1;1;6;LANDSBERG (RUE DU);48,5697590;7,7633140
14286;202000015843;8;10;2020;20:50;3;64;64483;2;3;1;2;ITHURRALDE ANDRE (AVENUE);43,3931500; -1,6517300
14287;202000015844;8;10;2020;19:27;1;64;64189;2;1;1;1;OYARZABAL ESTEFANA (RUE);43,3836600; -1,6716600
14288;202000015845;9;10;2020;18:25;1;64;64348;1;3;2;3;CHARLES DE GAULLE;43,3160134; -0,4217760
14289;202000015847;8;10;2020;08:45;1;64;64102;2;3;1;3;BERNARD (CHEMIN DE SAINT);43,5022000; -1,4833900
14290;202000015848;9;10;2020;12:10;1;59;59508;2;1;1;3;HALLUIN (BOULEVARD D');50,7432200;3,1321200
14291;202000015849;24;9;2020;11:40;1;59;59360;2;9;1;6;JOFFRE RUE DU MARECHAL;50,6184100;3,0041900
14292;202000015850;8;10;2020;07:40;4;56;56083;2;6;1;6;KERPOTENCE (RUE  DE );47,8154940; -3,2438900
14293;202000015851;7;10;2020;12:00;1;56;56121;2;6;1;3;BELLE-FONTAINE (RUE  DE LA );47,7452700; -3,3661000
14294;202000015852;9;10;2020;20:35;5;54;54304;2;1;1;2;BRIAND (RUE ARISTIDE);48,6845469;6,1572924
14295;202000015854;9;10;2020;13:05;1;53;53130;2;1;1;3;PARIS ( RUE DE );48,0756250; -0,7525900
14296;202000015855;6;10;2020;20:55;3;52;52448;1;1;2;7;TROIS FONTAINES (ROUTE DE);48,6619600;4,9448200
14297;202000015856;9;10;2020;07:30;5;51;51454;2;3;3;3;Boulevard de la Paix;49,2543693;4,0405904
14298;202000015858;8;10;2020;12:25;1;49;49007;1;1;1;7;ATLANTIQUE  AVENUE DE L';47,4646800; -0,5738700
14299;202000015859;6;10;2020;11:00;1;48;48095;2;6;2;6;Route de Rieucros;44,5248100;3,4819300
14300;202000015860;8;10;2020;20:05;5;47;47215;2;1;1;6;Avenue du Camp d'Alaric;44,3878600;0,6829400
14301;202000015861;9;10;2020;07:50;5;44;44114;2;3;2;1;Rue Hubert de la Brosse;47,2769700; -1,6002300
14302;202000015862;8;10;2020;17:04;1;41;41212;1;1;1;3;RD 956;47,5644600;1,3719500
14303;202000015864;7;10;2020;07:50;2;40;40281;1;9;2;3;SAINT-SEVER (AV DE);43,8684500; -0,5112500
14304;202000015865;10;10;2020;00:40;5;37;37261;2;2;1;-1;FOUQUET (RUE JEHAN);47,3872834;0,6838798
14305;202000015866;9;10;2020;16:50;1;35;35278;1;1;1;4;RN 136;48,1414800; -1,6747700
14306;202000015867;9;10;2020;08:00;2;35;35051;2;6;2;7;AVENUE DES PREALES;48,1113800; -1,6223200
14307;202000015868;8;10;2020;20:00;5;34;34032;2;2;1;3;MOULIN JEAN (AV);43,3533900;3,2339100
14308;202000015869;10;10;2020;00:25;5;33;33063;2;3;1;3;RUE LUCIEN FAURE;44,8676900; -0,5638400
14309;202000015871;8;10;2020;14:55;1;31;31433;1;1;1;2;VA007307 FRANCAZAL A64 Sortie 37;43,5340400;1,3903700
14310;202000015872;2;10;2020;13:56;1;31;31555;2;1;3;6;BD DE L EMBOUCHURE;43,6115000;1,4203700
14311;202000015873;9;10;2020;07:36;2;30;30189;2;2;1;6;VIGNY ALFRED DE (RUE);43,8329900;4,3814900
14312;202000015875;9;10;2020;10:40;1;29;29232;2;6;1;-1;Avenue de Ti Pont;48,0161474; -4,1008186
14313;202000015876;8;10;2020;12:25;1;28;28404;2;1;1;3;RD 828A;48,7190500;1,3485700
14314;202000015877;8;10;2020;18:00;1;27;27229;2;1;1;2;MOULIN (RUE JEAN);49,0133197;1,1524639
14315;202000015878;9;10;2020;10:50;1;26;26362;2;9;1;3; Avenue de Romans;44,9338020;4,9039140
14316;202000015879;6;10;2020;05:30;3;26;26362;1;1;1;-1;L.A.C.R.A  RN 7 (104);44,9408200;4,9427700
14317;202000015881;9;10;2020;09:23;1;25;25056;2;2;1;3;FONTAINE-ARGENT AVENUE;47,2469900;6,0351500
14318;202000015882;9;10;2020;07:55;2;17;17300;2;2;1;1;LOTI   AVENUE PIERRE;46,1622200; -1,1762000
14319;202000015883;9;10;2020;07:45;2;14;14118;2;1;2;3;GARE (RUE DE LA);49,1766300; -0,3516900
14320;202000015884;9;10;2020;17:40;1;13;13071;2;4;1;3;ROUTE NATIONALE 113 - RENARDIERE;43,4122000;5,3031700
14321;202000015885;8;10;2020;23:15;3;13;13019;2;1;1;5;D543;43,4519890;5,3591540
14322;202000015886;9;10;2020;11:53;1;13;13103;2;1;1;2;VIEUX CHEMIN D'ISTRES;43,6330800;5,0771200
14323;202000015887;9;10;2020;20:50;5;13;13211;2;1;1;3;CAMOINS ((RUE LES);43,2985900;5,4913900
14324;202000015888;9;10;2020;18:16;1;11;11069;2;1;1;3;RD 6113;43,2296000;2,3420000
14325;202000015889;9;10;2020;18:57;5;10;10321;2;2;2;3;GENERAL LECLERC (RUE DU);48,2915500;4,0341900
14326;202000015890;9;10;2020;02:38;5;10;10333;2;9;1;7;CHARLES BALTET (RUE);48,2822000;4,0594100
14327;202000015891;8;10;2020;17:05;1;10;10333;1;1;8;2;ROCADE OUEST (RD 610);48,2769000;4,0436000
14328;202000015892;9;10;2020;09:25;1;07;07281;1;1;8;7;TASSINI (AVENUE VICTOR);44,9519200;4,8235400
14329;202000015893;9;10;2020;17:25;1;06;06088;2;9;1;6;PASTEUR (BD);43,7217400;7,2814800
14330;202000015895;9;10;2020;00:49;5;06;06088;2;1;1;7;CORNIGLION MOLINIER (BD);43,6666300;7,2155000
14331;202000015896;5;10;2020;01:15;5;06;06027;2;1;1;6;FAUVETTES AVENUE DES;43,6640000;7,1674000
14332;202000015897;9;10;2020;09:00;1;04;04112;2;1;1;6;RD 907 (Av de la libération);43,8326500;5,7711900
14333;202000015898;1;9;2020;08:40;1;03;03190;2;4;1;5;Rue des Garceaux;46,5573092;3,3329129
14334;202000015899;9;10;2020;10:35;1;01;01053;2;8;8;3;Avenue Amedee Mercier;46,1975600;5,2619300
14335;202000015900;9;10;2020;19:40;5;75;75118;2;1;1;3;PORTE DE CLIGNANCOURT;48,9007870;2,3385590
14336;202000015901;9;10;2020;19:08;5;75;75111;2;2;1;6;RUE OBERKAMPF;48,8637580;2,3701430
14337;202000015902;9;10;2020;13:00;1;75;75120;2;1;2;6;RUE DE MENILMONTANT;48,8685260;2,3890720
14338;202000015903;9;10;2020;20:20;4;75;75119;2;1;1;3;RUE D AUBERVILLIERS;48,8912650;2,3688720
14339;202000015904;8;10;2020;22:55;5;75;75119;2;4;1;2;RUE MANIN;48,8814790;2,3807460
14340;202000015905;8;10;2020;16:12;1;75;75119;2;2;1;3;AVENUE SIMON BOLIVAR;48,8784100;2,3742540
14341;202000015906;8;10;2020;11:00;1;75;75117;2;2;8;6;RUE GUY MOQUET;48,8915240;2,3203840
14342;202000015907;9;10;2020;20:30;5;75;75116;2;4;1;3;BOULEVARD EXELMANS;48,8443360;2,2587630
14343;202000015908;9;10;2020;02:55;5;75;75116;2;2;1;7;AVENUE GEORGES LAFONT;48,8365120;2,2559420
14344;202000015909;8;10;2020;22:40;5;75;75115;2;2;1;3;RUE DES ENTREPRENEURS;48,8456550;2,2879850
14345;202000015910;9;10;2020;15:15;1;75;75114;2;1;1;3;RUE VERCINGETORIX;48,8287500;2,3060450
14346;202000015911;9;10;2020;07:25;2;75;75113;2;1;2;6;AVENUE DE LA PORTE DE VITRY;48,8226090;2,3780580
14347;202000015912;9;10;2020;15:00;1;75;75112;2;2;8;3;AVENUE LEDRU ROLLIN;48,8479790;2,3714270
14348;202000015913;9;10;2020;15:30;1;75;75111;2;2;1;1;RUE DU CHEMIN VERT;48,8610920;2,3811490
14349;202000015914;9;10;2020;10:45;1;75;75117;2;5;8;3;BOULEVARD BESSIERES;48,8975040;2,3243100
14350;202000015915;8;10;2020;23:15;5;75;75108;2;2;1;3;RUE DU HAVRE;48,8741750;2,3269430
14351;202000015916;9;10;2020;19:45;5;94;94081;2;2;1;3;MOZART (R);48,7943700;2,3792600
14352;202000015917;9;10;2020;10:50;1;94;94068;2;9;2;6;D'ADAMVILLE KENNEDY (PL);48,7943000;2,4867900
14353;202000015922;9;10;2020;09:55;1;94;94055;2;3;2;3;RAYMOND THERESE (R);48,7826300;2,5200500
14354;202000015923;9;10;2020;08:56;1;93;93039;2;1;2;2;MARINE (QUAI DE LA );48,9451600;2,3324000
14355;202000015924;7;10;2020;15:45;1;93;93027;1;1;1;2;SALENGRO (AVENUE ROGER);48,9330935;2,3866904
14356;202000015925;7;10;2020;11:00;1;93;93066;2;3;2;3;AV DE VERDUN / R DE LA LIBERTE;48,9428900;2,3663600
14357;202000015926;9;10;2020;06:30;5;93;93062;2;2;2;3;BD DU MIDI / ALL NICOLAS CARNOT;48,8913200;2,5152500
14358;202000015927;9;10;2020;06:33;5;93;93050;2;1;3;1;AV DU MARECHAL FOCH;48,8553850;2,5257098
14359;202000015928;9;10;2020;10:30;1;93;93046;2;2;2;3;BD DE L'EUROPE / R DU CHATEAU;48,9247100;2,5480100
14360;202000015929;9;10;2020;15:00;1;93;93027;2;1;1;6;VAILLANT-COUTURIER (AVENUE PAUL);48,9267600;2,4169000
14361;202000015930;9;10;2020;20:30;5;93;93014;2;1;1;6;JEAN MOULIN (AVENUE);48,9080729;2,5554117
14362;202000015931;9;10;2020;15:30;1;93;93057;2;1;1;4;BRIAND ( AV. ARISTIDE) 238 A 308;48,9108474;2,5144165
14363;202000015932;9;10;2020;09:45;1;93;93001;2;2;2;3;ANDRE KARMAN (RUE)  => 136/143;48,9060521;2,3841686
14364;202000015933;9;10;2020;17:49;1;92;92075;2;1;1;1;RAYMOND DAVID (RUE);48,8177500;2,2945600
14365;202000015934;6;10;2020;19:20;2;92;92063;2;3;1;3;HOPITAL STELL (BOULEVARD DE L');48,8798200;2,1855200
14366;202000015935;9;10;2020;09:00;1;92;92049;2;3;2;3;DORMOY AVENUE MARX N°2 A 100;48,8102500;2,3128300
14367;202000015936;9;10;2020;13:55;1;92;92036;2;1;1;3;LOUISE MICHEL (IMPAIRS);48,9215540;2,3193080
14368;202000015937;8;10;2020;22:30;5;92;92026;2;1;1;3;GEORGES CLEMENCEAU;48,9029300;2,2715000
14369;202000015938;8;10;2020;21:35;5;92;92012;2;6;1;-1;RHIN ET DANUBE (ROND POINT);48,8407830;2,2289009
14370;202000015939;4;10;2020;17:35;1;92;92004;2;1;1;1;GRESILLONS ( AVENUE DES  );48,9130466;2,2973429
14371;202000015940;9;10;2020;20:00;5;92;92002;2;1;1;2;JEAN MONNET (AVENUE);48,7473510;2,2981130
14372;202000015941;2;10;2020;07:45;2;35;35126;1;1;6;6;Maison Neuve;47,9696110; -1,7695760
14373;202000015942;8;10;2020;23:45;5;01;01074;2;3;1;6;6 Lotissement le Clos Bel Air;46,0040830;5,1737560
14374;202000015943;10;10;2020;19:45;3;91;91414;1;1;2;6;D18;48,3438990;2,0542490
14375;202000015944;10;10;2020;12:30;1;83;83073;1;1;1;3;D97 - PK 47+970;43,3724220;6,2969200
14376;202000015946;9;10;2020;18:00;1;56;56032;2;3;1;3;Rue du Clos Doris;47,9568850; -2,2978110
14377;202000015947;9;10;2020;14:30;1;76;76482;2;6;1;3;rond point du collège offranville;49,8692450;1,0384820
14378;202000015948;10;10;2020;13:20;1;2A;2A323;1;1;1;5;RT 20;42,0226340;8,8998220
14379;202000015949;10;10;2020;00:10;3;63;63044;1;1;1;7;Lieu-dit Mouraille;45,7266272;3,4190816
14380;202000015950;10;10;2020;01:00;5;61;61456;2;1;1;6;Lieu Dit les Haies;48,7771540;0,6483650
14381;202000015951;10;10;2020;11:20;1;61;61293;2;4;7;6;Rue Ferdinand de Boyères;48,5232670;0,5397030
14382;202000015952;7;10;2020;20:15;3;49;49331;1;6;1;3;La Renaissance (Zone commerciale);47,6972060; -0,8700710
14383;202000015953;9;10;2020;12:18;1;49;49154;1;1;2;6;D276;47,3291361; -0,3629721
14384;202000015954;9;10;2020;20:20;3;39;39189;1;1;1;7;;47,0744180;5,3739130
14385;202000015955;4;10;2020;12:44;1;29;29235;1;1;1;6;D165 - Trémie de Kergleuz;48,3989820; -4,4109570
14386;202000015956;10;10;2020;16:30;1;14;14445;1;1;1;6;D 13;49,1853400; -0,8554960
14387;202000015957;10;10;2020;16:15;1;50;50370;2;1;1;3;Rue du Bourg;49,4196950; -1,5474790
14388;202000015959;17;8;2020;15:35;1;60;60187;2;1;1;6;Rue de Saint-leu;49,4446700;1,8212840
14389;202000015960;9;10;2020;22:30;3;43;43018;1;1;2;7;Route de Vergezac;45,0125110;3,7702950
14390;202000015961;9;10;2020;22:15;5;21;21663;2;6;2;6;D905;47,5363950;4,4633030
14391;202000015962;10;10;2020;18:10;2;04;04130;1;1;1;7;RD 951;44,0651860;5,8793380
14392;202000015963;9;10;2020;18:00;1;08;08417;2;4;1;1;11 Grande Rue;49,8878920;4,4952750
14393;202000015964;10;10;2020;00:25;3;13;13051;1;1;1;1;D15;43,6050390;5,1351640
14394;202000015965;10;10;2020;15:00;1;973;97309;1;1;1;3;D23;4,8907760; -52,2881840
14395;202000015967;9;10;2020;10:00;1;33;33122;1;2;1;3;Route de Saucats;44,7192990; -0,7407780
14396;202000015969;10;10;2020;04:05;5;77;77448;2;1;1;6;Avenue Franklin Roosevelt - D603;48,9441020;3,1155840
14397;202000015971;10;10;2020;12:00;1;83;83035;1;1;1;7;Route des Hauts du Camp;43,2448430;5,7947730
14398;202000015972;7;10;2020;07:45;1;54;54043;1;1;2;3;D331;48,5801100;6,0989340
14399;202000015973;9;10;2020;17:45;1;07;07259;2;2;1;3;route de saint martin;44,3039380;4,6113230
14400;202000015974;8;10;2020;13:56;1;69;69227;1;1;1;-1;Impasse du Chier;45,6597236;4,5659056
14401;202000015975;3;9;2020;18:50;1;33;33056;2;2;1;3;3 Avenue du Général de Gaulle;44,9091740; -0,6385320
14402;202000015976;23;12;2020;11:15;1;83;83137;1;1;1;5;A50;43,1250600;5,9062500
14403;202000015977;23;12;2020;05:00;3;67;67152;1;1;9;2;Autoroute A.35;48,5267245;7,6768024
14404;202000015978;24;12;2020;11:05;1;33;33063;1;1;1;4;ROCADE A 630;44,8790990; -0,5331320
14405;202000015979;24;12;2020;15:25;1;91;91570;1;1;1;3;RN 104;48,6249300;2,3168900
14406;202000015980;24;12;2020;03:50;5;94;94034;1;1;2;6;AUTOROUTE A86;48,7564700;2,3328300
14407;202000015981;23;12;2020;21:34;3;91;91521;1;1;1;7;RN 104;48,6285600;2,4000270
14408;202000015982;24;12;2020;16:45;3;78;78133;1;1;2;4;A13;48,8911710;2,0094230
14409;202000015983;24;12;2020;16:00;1;92;92036;1;1;2;2;A86;48,9357321;2,2870848
14410;202000015984;24;12;2020;17:50;2;95;95256;1;1;1;6; A115;49,0570300;2,2067100
14411;202000015985;24;12;2020;17:45;3;93;93066;1;1;2;4;AUTOROUTE A86;48,9236000;2,3426000
14412;202000015986;24;12;2020;09:15;2;95;95394;1;1;1;6; A115;49,0508500;2,1816000
14413;202000015987;23;12;2020;23:15;3;93;93048;1;1;1;2;AUTOROUTE A86;48,8646800;2,4822200
14414;202000015988;23;12;2020;22:10;3;95;95491;1;1;1;2; A115;49,0099106;2,2314543
14415;202000015989;23;12;2020;12:30;1;93;93064;1;1;2;4;AUTOROUTE A86;48,8825200;2,4729700
14416;202000015990;23;12;2020;11:45;1;92;92036;1;1;8;-1;AUTOROUTE A86;48,9389000;2,3055200
14417;202000015991;24;12;2020;18:45;3;94;94022;1;1;1;4;A86 EXT;48,7763756;2,4214019
14418;202000015992;24;12;2020;16:40;1;77;77373;1;1;2;7;RN104;48,7625000;2,6158600
14419;202000015993;6;9;2020;19:50;1;69;69275;2;1;1;6;BERTHAUDIERE (DE LA)                (CH);45,7726600;4,9689000
14420;202000015995;27;7;2020;22:55;5;94;94079;2;1;1;3;GENERAL DE GAULLE (R DU);48,8267200;2,5402200
14421;202000015996;23;12;2020;15:45;1;974;97411;2;1;1;6;VAUBAN (BOULEVARD); -20,8860100;55,4645100
14422;202000015997;22;12;2020;20:00;5;974;97411;2;9;1;3;MACE (BOULEVARD GABRIEL); -20,8752600;55,4455200
14423;202000015998;23;12;2020;15:23;1;973;97302;2;1;1;3;14 ET 22 JUIN 1962;4,9355500; -52,3275200
14424;202000016000;23;12;2020;00:10;5;973;97302;2;1;1;7;COULEE D'OR (CITE);4,9420961; -52,3076356
14425;202000016001;23;12;2020;18:10;5;69;69387;2;1;1;3;BERTHELOT                           (AV);45,7412855;4,8540678
14426;202000016003;23;12;2020;11:40;1;69;69199;2;1;1;3;JEAN JAURES                         (AV);45,7123751;4,8550612
14427;202000016005;22;12;2020;17:00;2;69;69034;2;2;1;3;CREPIEUX (DE)                       (CH);45,8014457;4,8628610
14428;202000016006;23;12;2020;13:10;1;69;69384;2;1;1;2;HERBOUVILLE (D')                    (CO);45,7762893;4,8396053
14429;202000016007;23;12;2020;00:10;5;69;69202;2;1;1;6;AQUEDUC DE BEAUNANT (DE L')         (AV);45,7223900;4,7859900
14430;202000016008;22;12;2020;17:40;5;95;95218;2;1;8;6;AMBASSADEUR (RUE DE L');49,0128600;2,0918000
14431;202000016010;23;12;2020;07:15;5;91;91027;2;1;3;6;RUE EDOUARD VAILLANT;48,7083870;2,3982970
14432;202000016011;19;12;2020;14:40;1;81;81004;1;1;1;6;ROCADE RN88 NORD;43,9484887;2,1590634
14433;202000016012;20;12;2020;00:30;5;76;76231;2;2;1;3;HENRI. RUE;49,2907500;1,0081400
14434;202000016013;22;12;2020;15:45;1;76;76540;2;2;3;5;NANSEN. RUE FRIDTJOF;49,4472000;1,0608700
14435;202000016015;22;12;2020;18:30;5;67;67043;2;3;2;3;ROBERTSAU (RUE DE LA);48,6133000;7,7637610
14436;202000016016;21;12;2020;18:25;5;64;64102;2;1;1;6;LORRAINE (BOULEVARD D'ALSACE);43,4917800; -1,4643200
14437;202000016017;22;12;2020;10:47;1;59;59508;2;9;2;6;HALLUIN (BOULEVARD D');50,7365672;3,1325465
14438;202000016018;23;12;2020;16:15;1;59;59378;2;1;1;6;MEUNIER RUE;50,6752886;3,0832073
14439;202000016020;23;12;2020;16:35;2;54;54431;2;4;3;6;Camille CAVALIER (AVENUE );48,8985800;6,0512200