;Num_Acc;jour;mois;an;hrmn;lum;dep;com;agg;int;atm;col;adr;lat;long
14672;202000016284;18;11;2020;16:54;1;69;69255;1;1;1;3;11 Route de Bordeaux;45,7362520;4,6825960
14673;202000016285;17;11;2020;18:35;3;81;81099;1;1;1;6;Chemin Toulze;43,9189700;1,9400960
14674;202000016286;17;11;2020;09:30;1;13;13210;1;1;1;2;A50-Sens Marseille vers Aubagne;43,2845509;5,4153268
14675;202000016287;16;11;2020;07:00;3;13;13085;1;1;2;5;A50-Sens Toulon vers Aubagne;43,2629600;5,5893600
14676;202000016288;17;11;2020;13:40;1;94;94034;1;1;1;2;AUTOROUTE A86;48,7560000;2,3420000
14677;202000016289;17;11;2020;11:55;1;78;78242;1;9;1;6;A12 Y;48,8072000;2,0525000
14678;202000016290;17;11;2020;14:30;1;60;60612;1;1;1;2;AUTOROUTE A1;49,1937625;2,6033564
14679;202000016291;17;11;2020;18:10;3;94;94069;1;1;1;4;A4;48,8174510;2,4185959
14680;202000016293;17;9;2020;15:15;1;71;71153;2;1;7;6;GUYNEMER (RUE);46,8019866;4,4474533
14681;202000016294;16;11;2020;09:20;1;974;97407;2;9;1;6;MARTINIQUE(RUE); -20,9447000;55,2949000
14682;202000016295;16;11;2020;13:20;1;973;97302;2;1;1;6;MANGO (CITE);4,9343100; -52,3174200
14683;202000016296;15;11;2020;21:45;5;973;97302;2;1;1;3;MONTABO (ROUTE DE) 1;4,9431700; -52,3066500
14684;202000016297;16;11;2020;19:35;5;69;69383;2;2;1;3;TRARIEUX                            (R );45,7454000;4,8876900
14685;202000016298;16;11;2020;04:40;5;69;69259;2;6;8;6;JEAN MOULIN                         (R );45,6883400;4,8745400
14686;202000016299;16;11;2020;12:15;1;69;69388;2;1;8;7;ETATS UNIS (DES)                    (BD);45,7330100;4,8648700
14687;202000016300;16;11;2020;08:40;1;69;69276;2;1;1;3;LYON (DE)                               ;45,6744300;4,8606200
14688;202000016301;16;11;2020;14:45;1;972;97213;1;3;1;3;ROUTE DEPARTEMENTALE 3;14,6473700; -60,9886200
14689;202000016302;16;11;2020;07:05;1;972;97209;1;1;3;6;BEAUSEJOUR JAMBETTE (ROUTE);14,6400700; -61,0418500
14690;202000016303;15;11;2020;14:50;1;972;97209;2;1;1;7;AVE CAMILLE DARSIERES;14,5994400; -61,0581900
14691;202000016304;15;11;2020;01:00;5;971;97113;1;1;1;6;SECTEUR DAMPIERRE;16,2029505; -61,4704156
14692;202000016305;15;11;2020;06:18;2;2A;2A004;2;3;1;3;NAPOLEON COURS AVANT BEVERINI;41,9263700;8,7383400
14693;202000016306;15;11;2020;14:05;1;95;95585;2;1;2;5;RD 316;48,9853340;2,3750770
14694;202000016307;15;11;2020;20:30;5;95;95598;2;6;1;3;EGALITE (RUE DE L');48,9903847;2,2963035
14695;202000016308;14;11;2020;14:51;1;87;87085;2;3;1;-1;SERRES (RUE OLIVIER DE);45,8441300;1,2341000
14696;202000016309;9;11;2020;07:45;1;80;80021;2;1;2;3;RAINNEVILLE CD11  (ROUTE DE);49,9148500;2,3102300
14697;202000016310;13;11;2020;18:00;5;80;80021;2;1;2;6;JULES FERRY (CHAUSSEE);49,8804500;2,3321400
14698;202000016311;12;11;2020;06:03;5;80;80021;2;1;2;7;LONDRES (AVENUE DE );49,8872100;2,3281360
14699;202000016313;12;11;2020;19:15;4;76;76457;1;1;1;7;DEPARTEMENTALE 3;49,3409300;0,9475400
14700;202000016314;16;11;2020;08:50;1;76;76351;2;3;1;3;APLEMONT (AVENUE D');49,5021161;0,1848159
14701;202000016315;12;11;2020;16:35;1;76;76447;2;1;1;7;MEDERIC DESCHAMPS;49,5454000;0,1868000
14702;202000016318;13;11;2020;20:04;3;66;66136;2;1;1;5;SAINT CHARLES (ROCADE);42,6764700;2,8551800
14703;202000016319;14;11;2020;08:50;1;63;63245;2;2;1;3;PEUPLIERS (ALLEE DES);45,8889200;3,0930700
14704;202000016321;13;11;2020;13:20;1;63;63113;2;1;1;2;AMADEO (RUE);45,7801523;3,0738951
14705;202000016323;16;11;2020;20:40;5;59;59421;2;1;1;7;CARNOT (BLD)DE 30A46-150A214-59A93-95A20;50,7048570;3,1445870
14706;202000016324;28;9;2020;06:45;5;59;59350;2;2;2;6;CORMONTAIGNE PLACE;50,6263740;3,0404880
14707;202000016325;15;11;2020;14:00;1;59;59122;2;5;3;3;QUESNOY (AVENUE DU);50,1797600;3,2423300
14708;202000016326;15;11;2020;11:35;1;59;59017;2;1;2;1;RESISTANTS (RUE DES );50,6902700;2,8760500
14709;202000016327;6;11;2020;17:50;2;49;49099;2;1;1;6;KOENIG (AVENUE DU MARECHAL);47,0517100; -0,8515300
14710;202000016328;5;11;2020;13:50;1;49;49099;2;7;1;6;place du quinze août 1944;47,0515200; -0,8842000
14711;202000016329;18;11;2020;16:42;1;49;49267;2;6;1;2;CHANTERIE;47,4814200; -0,4907200
14712;202000016330;12;11;2020;15:58;1;49;49007;2;1;1;-1;ROI RENE BOULEVARD;47,4668500; -0,5542200
14713;202000016331;12;11;2020;16:25;1;49;49007;2;1;1;6;ARBRISSEL;47,4443000; -0,5640000
14714;202000016332;15;11;2020;16:20;1;47;47032;1;1;1;1;CASSOU (Rte de);44,2301600;0,7118900
14715;202000016335;5;8;2020;20:35;1;38;38053;2;1;1;6;ISLE D'ABEAU (ROUTE DE);45,6012400;5,2699200
14716;202000016336;16;11;2020;17:50;4;35;35281;2;2;1;3;BUHOTIERE (RUE DE LA);48,0783900; -1,7317900
14717;202000016337;16;11;2020;18:00;5;35;35238;2;1;1;6;SUISSE (DE);48,0864300; -1,6620000
14718;202000016338;16;11;2020;07:35;2;31;31149;2;1;1;3;RN124;43,6066100;1,3489700
14719;202000016339;13;11;2020;16:49;1;31;31555;2;1;1;3;BD DE LA GARE;43,6064400;1,4565100
14720;202000016340;13;11;2020;11:58;1;31;31555;2;1;1;3;AV DES ETATS UNIS;43,6618300;1,4162400
14721;202000016341;13;11;2020;11:50;1;31;31555;2;1;1;3;RUE DE METZ;43,6000500;1,4424000
14722;202000016342;15;11;2020;18:34;5;30;30189;2;1;2;1;KENNEDY (AVENUE);43,8270100;4,3333000
14723;202000016344;12;11;2020;20:13;5;29;29019;2;4;2;1;Rue Louis Veuillot;48,3816845; -4,5235373
14724;202000016345;16;11;2020;10:25;1;27;27562;2;6;1;-1;BLANCHARDS (BOULEVARD DES);49,0955800;1,4599100
14725;202000016346;16;11;2020;11:15;1;15;15014;2;1;1;6;VOLONTAIRE (AVENUE DES);44,9130700;2,4417000
14726;202000016347;16;11;2020;02:16;5;13;13201;2;1;2;6;GARIBALDI (BOULEVARD) N° IMPAIRS;43,2965200;5,3813400
14727;202000016349;16;11;2020;14:55;1;75;75120;2;1;1;2;BOULEVARD MORTIER;48,8748020;2,4080270
14728;202000016350;16;11;2020;16:30;2;75;75119;2;3;1;4;BOULEVARD MACDONALD;48,8988590;2,3781250
14729;202000016351;16;11;2020;10:00;1;75;75119;2;3;8;3;RUE D AUBERVILLIERS;48,8872990;2,3670440
14730;202000016352;16;11;2020;17:55;5;75;75117;2;1;1;-1;AVENUE DE LA GRANDE ARMEE;48,8772320;2,2844270
14731;202000016353;16;11;2020;17:55;5;75;75113;2;3;1;3;BOULEVARD KELLERMANN;48,8209860;2,3506300
14732;202000016354;16;11;2020;20:25;5;75;75112;2;2;1;3;QUAI DE BERCY;48,8337130;2,3824920
14733;202000016355;16;11;2020;13:25;1;75;75108;2;2;1;7;RUE DE COURCELLES;48,8750350;2,3092030
14734;202000016356;15;11;2020;13:55;1;75;75108;2;2;2;7;RUE FRANCOIS 1ER;48,8692400;2,3027760
14735;202000016357;16;11;2020;15:10;1;75;75107;2;7;1;3;PLACE DE BRETEUIL;48,8473940;2,3121190
14736;202000016358;10;11;2020;08:15;1;94;94081;2;1;1;1;EUGENE PELLETAN (AV);48,7927500;2,3865700
14737;202000016359;16;11;2020;17:40;5;94;94038;2;1;1;6;HENRI THIRARD (R);48,7781800;2,3439290
14738;202000016360;16;11;2020;07:50;2;94;94073;2;2;1;3;LEON MARCHAND (AV);48,7659520;2,3905620
14739;202000016361;16;11;2020;18:20;5;94;94022;2;9;1;7;Avenue Gambetta;48,7642700;2,4050400
14740;202000016362;16;11;2020;10:25;1;94;94022;2;6;2;1;MARECHAL DE LATTRE DE TASSIGNY (AV);48,7612600;2,4033400
14741;202000016363;6;5;2020;15:45;1;65;65047;2;3;1;1;JAURES (AVE JEAN);43,2339270;0,0921350
14742;202000016364;7;5;2020;02:50;3;62;62894;2;1;1;6;COLONNE ( Rue de la );50,7410564;1,6194373
14743;202000016365;6;5;2020;20:35;1;57;57463;2;1;1;6;PIERRE CHEDEAUX (RUE );49,1012000;6,1958400
14744;202000016366;5;5;2020;16:57;1;49;49267;2;1;1;4;rue R Bazin;47,4670800; -0,4954500
14745;202000016367;30;4;2020;11:05;1;38;38053;2;1;2;6;Rue du Bacholet;45,5879700;5,2881000
14746;202000016368;11;1;2020;18:15;2;34;34003;2;9;1;6;EUROPE (ROND-POINT DE L');43,2992300;3,4923900
14747;202000016370;6;5;2020;14:05;1;13;13207;2;1;1;6;Corniche John Fitzgérald Kennedy;43,2890500;5,3543200
14748;202000016371;6;5;2020;11:40;1;13;13206;2;2;1;3;PIERRE PUGET (COURS);43,2904100;5,3757600
14749;202000016372;6;5;2020;09:15;1;13;13208;2;6;7;6;HAIFA (AVENUE);43,2504140;5,3893200
14750;202000016373;4;5;2020;21:30;5;13;13209;2;6;1;7;ROY D'ESPAGNE (CHEMIN);43,2355118;5,3990977
14751;202000016374;6;5;2020;21:00;5;06;06123;2;1;1;1;MOATTI PASSAGE;43,6620000;7,1930000
14752;202000016375;4;5;2020;14:40;1;75;75119;2;1;1;2;PORTE DES LILAS;48,8810000;2,4036530
14753;202000016376;6;5;2020;18:30;1;75;75120;2;1;1;3;RUE DE BELLEVILLE;48,8754130;2,3926740
14754;202000016377;6;5;2020;11:45;1;75;75120;2;2;1;3;RUE DES PYRENEES;48,8576390;2,4039010
14755;202000016378;6;5;2020;13:50;1;75;75115;2;2;1;3;RUE DE LA CONVENTION;48,8372300;2,2964360
14756;202000016379;5;5;2020;17:40;1;75;75113;2;2;1;3;AVENUE DE LA PORTE D ITALIE;48,8188770;2,3595450
14757;202000016380;6;5;2020;11:45;1;75;75109;2;1;1;4;RUE NOTRE DAME DE LORETTE;48,8778250;2,3381020
14758;202000016381;6;5;2020;12:00;1;94;94017;2;1;1;6;LOUIS TALAMONI (R);48,8137100;2,5102700
14759;202000016382;6;5;2020;01:50;3;93;93074;1;1;1;2;Route Nationale 3;48,9338200;2,5967300
14760;202000016383;6;5;2020;19:20;1;93;93071;2;9;1;6;CHARLES CONRAD (RUE);48,9477914;2,5237973
14761;202000016384;7;5;2020;18:35;1;24;24562;1;2;7;3;carrefour C1/C8;45,0821420;0,4879900
14762;202000016385;7;5;2020;14:45;1;41;41194;2;6;1;3;Avenue de Paris;47,3768480;1,7359580
14763;202000016386;7;5;2020;10:15;1;44;44029;1;1;1;1;Beauchene;47,2566310; -1,3432180
14764;202000016387;6;5;2020;20:15;1;28;28022;1;1;1;6;D939;48,4909000;1,3808230
14765;202000016388;6;5;2020;17:35;1;83;83091;1;1;1;1;521 Route des Maures;43,2341350;6,2112240
14766;202000016389;5;5;2020;03:10;3;01;01033;1;1;1;6;1084;46,1181680;5,8230110
14767;202000016390;7;5;2020;15:45;1;44;44113;1;1;1;1;N137;47,5585010; -1,6340550
14768;202000016391;6;5;2020;12:58;1;67;67472;2;1;1;1;11 Rue de Haguenau;48,8298460;7,9570320
14769;202000016393;6;5;2020;23:50;3;62;62049;2;1;1;6;Rue de Pernes;50,5575130;2,3685190
14770;202000016394;25;4;2020;13:05;1;74;74173;1;1;1;7;715 Route Edmond de Rothschild;45,8607620;6,6271830
14771;202000016397;7;5;2020;09:55;1;42;42204;2;1;1;6;Avenue Paul Doumer;45,4244500;4,0660520
14772;202000016398;6;5;2020;18:00;1;70;70334;1;1;7;3;D15;47,2942570;5,7916890
14773;202000016399;6;5;2020;06:45;3;50;50200;1;1;1;6;1 L'Embuche;48,6874120; -0,8117650
14774;202000016400;7;5;2020;16:40;1;73;73265;1;3;1;5;Route de la Foret;45,7509942;5,9760932
14775;202000016401;6;5;2020;18:05;1;16;16003;2;6;1;6;135 route de La Rochefoucauld - le pont d'agris;45,7860740;0,3397230
14776;202000016402;7;5;2020;09:30;1;21;21201;2;4;1;6;13 Rue de Châtillon;47,7509306;4,4963612
14777;202000016403;7;5;2020;06:30;2;04;04013;1;1;1;6;RD 951;44,1302240;5,9537260
14778;202000016404;7;5;2020;18:25;1;85;85025;1;2;1;3;Le Cléon d'Asson;46,9659600; -1,2023600
14779;202000016405;6;5;2020;19:10;1;52;52197;1;1;1;5;N19;47,7860570;5,6264160
14780;202000016406;13;3;2020;16:15;1;2A;2A041;2;1;1;6;T40;41,4020390;9,1610960
14781;202000016407;7;5;2020;05:45;2;33;33038;1;1;1;6;RD201;45,3786500; -0,9165120
14782;202000016408;30;4;2020;07:30;1;72;72154;2;1;1;1;Boulevard gambetta;47,7048630; -0,0807880
14783;202000016409;6;5;2020;18:30;1;76;76099;2;1;1;7;Route du Manoir;49,5516590;0,8501220
14784;202000016410;6;5;2020;15:30;1;59;59192;1;1;1;1;D957;50,3185530;3,2807910
14785;202000016411;6;5;2020;15:20;1;95;95219;1;1;1;5; A115;48,9918200;2,2453000
14786;202000016412;26;2;2020;10:26;1;51;51454;2;3;1;7;Rue du Docteur Albert Schweitzer;49,2774670;4,0223986
14787;202000016413;1;1;2020;17:15;5;75;75108;2;3;2;6;RUE DE LABORDE;48,8756378;2,3189143
14788;202000016414;5;5;2020;07:50;1;988;98818;2;1;2;3;ROUTE EXPRESS DU MONT-DORE; -22,2309407;166,4879657
14789;202000016415;3;5;2020;16:25;1;972;97209;1;1;1;6;RD 41 (ROCADE);14,6090000; -61,0672000
14790;202000016416;4;5;2020;07:50;1;90;90099;1;1;1;1;CD5;47,6715030;6,8488530
14791;202000016417;5;5;2020;18:00;1;78;78138;2;6;8;2;TRIEL (RUE DE);48,9762296;2,0434302
14792;202000016418;1;5;2020;19:20;1;67;67267;2;3;2;3;134 Rue du Maréchal Foch;48,5544800;7,6773800
14793;202000016420;4;5;2020;18:00;1;57;57283;2;1;1;3;AVENUE DE FRANCE;49,2507200;6,1611800
14794;202000016421;5;5;2020;14:25;1;51;51454;2;2;1;3;Rue de Venise;49,2475727;4,0338954
14795;202000016422;5;5;2020;10:00;1;51;51454;2;1;1;3;Avenue Nicéphore Niepce;49,2320151;4,0721155
14796;202000016423;5;5;2020;16:30;1;34;34108;2;1;1;3;MISTRAL FREDERIC (AVENUE);43,4471110;3,7535019
14797;202000016424;4;5;2020;20:50;2;34;34032;2;1;1;1;JOFFRE MARECHAL (AV);43,3405035;3,2169312
14798;202000016425;5;5;2020;19:40;1;33;33063;2;2;1;3;RUE NOTRE DAME / RUE CORNAC / RUE LATOUR;44,8508900; -0,5718000
14799;202000016426;4;5;2020;18:50;1;31;31555;2;1;1;7;AV DE BRUXELLES;43,5686430;1,4137010
14800;202000016427;4;5;2020;16:30;1;31;31069;2;1;1;1;258 Route de Grenade;43,6511362;1,3810241
14801;202000016429;5;5;2020;19:50;2;26;26198;1;1;1;6;2 Avenue de Gournier;44,5356930;4,7293553
14802;202000016430;5;5;2020;16:30;1;17;17300;2;1;1;3;SAUTEL  BOULEVARD ANDRE;46,1680300; -1,1328500
14803;202000016431;5;5;2020;10:35;1;07;07102;2;1;1;-1;Jean CHARCOT (Rue);44,9365200;4,8675300
14804;202000016432;5;5;2020;17:40;1;06;06069;2;1;1;6;Place César Ossola;43,6584370;6,9257950
14805;202000016433;5;5;2020;21:50;5;06;06027;2;2;1;3;ZIEM AVENUE;43,6654950;7,1702580
14806;202000016434;5;5;2020;14:00;1;75;75117;2;1;2;6;ECHANGEUR MAILLOT;48,8787680;2,2800560
14807;202000016435;5;5;2020;13:04;1;75;75118;2;2;2;3;RUE ORDENER;48,8925220;2,3443090
14808;202000016436;5;5;2020;06:30;2;75;75111;2;2;2;3;RUE DE CHARONNE;48,8532750;2,3772930
14809;202000016437;5;5;2020;09:10;1;75;75107;2;3;2;3;QUAI D ORSAY;48,8628190;2,3134610
14810;202000016438;5;5;2020;16:55;1;75;75101;2;3;8;6;QUAI DES TUILERIES;48,8624420;2,3251900
14811;202000016439;5;5;2020;12:40;1;94;94028;2;6;2;6;FOCH(AVENUE DU MARECHAL);48,7846100;2,4367300
14812;202000016440;5;5;2020;18:00;1;93;93050;2;1;1;3;VICTOIRE (PLACE);48,8633800;2,5351600
14813;202000016441;5;5;2020;14:10;1;93;93079;2;1;2;2;DIVISION LECLERC (AV);48,9560700;2,3444400
14814;202000016442;5;5;2020;14:10;1;93;93029;2;3;2;4;JEAN JAURES (AVENUE);48,9181000;2,4548000
14815;202000016443;27;4;2020;16:00;1;92;92036;2;6;1;3;PIERRE DE COUBERTIN (BOULEVARD) (G.SAND/ LOUIS CALMEL (RUE) (1);48,9230160;2,2864620
14816;202000016444;6;5;2020;15:00;1;02;02131;2;9;1;3;chemin de la Fosselle;49,3909910;3,3818950
14817;202000016445;6;5;2020;12:30;1;63;63026;1;1;1;1;Rue du Puy de Dome;45,6745680;3,0078240
14818;202000016446;6;5;2020;12:20;1;50;50541;1;3;1;2;1 Route de Saint Denis;48,8457200; -1,4988220
14819;202000016447;6;5;2020;15:30;1;974;97422;2;1;2;6;chemin du paille en queue; -21,2415380;55,5417810
14820;202000016448;6;5;2020;21:00;2;63;63181;1;1;1;6;D207;46,0285062;3,1074078
14821;202000016449;6;5;2020;16:45;1;80;80639;1;1;1;7;Chemin de Longpre;49,9435600;2,3032930
14822;202000016450;6;5;2020;17:55;1;57;57565;1;1;7;7;Rédange;49,4917720;5,9053230
14823;202000016451;5;5;2020;17:15;1;2A;2A271;1;6;1;3;D72;41,9519478;8,8112942
14824;202000016452;6;5;2020;05:50;2;80;80015;2;1;1;6;Route Departementale 917;49,9632700;2,9835480
14825;202000016453;5;5;2020;19:50;1;61;61290;1;1;1;6;Les Fonderies;48,6860730; -0,2591230
14826;202000016454;26;4;2020;21:58;3;12;12215;1;1;2;7;D840;44,4949160;2,3867750
14827;202000016455;6;5;2020;09:30;1;47;47239;1;1;1;1;D667;44,4149230;0,5623630
14828;202000016456;30;4;2020;21:45;3;47;47135;1;1;3;6;Moulin à Eau;44,4100410;0,4433690
14829;202000016457;6;5;2020;11:27;1;38;38560;2;1;1;6;Rue du Vallon de Lamartine;45,4839200;5,4741300
14830;202000016459;4;5;2020;17:30;1;26;26165;1;1;1;4;Route d'Allex;44,8081140;4,8583130
14831;202000016460;5;5;2020;18:40;1;14;14157;1;1;1;6;Rue des Ormes (Bretteville-l'Orgueilleuse);49,1737630; -0,5408880
14832;202000016461;17;3;2020;16:00;1;60;60533;2;3;1;3;297 Rue Georges Latapie;49,5434680;2,7467640
14833;202000016462;6;5;2020;10:20;1;60;60030;1;1;1;7;d 927;49,3739106;2,1053491
14834;202000016463;6;5;2020;07:20;1;45;45203;2;2;1;1;D18 - PR0+930;47,8218030;1,7039000
14835;202000016464;23;4;2020;06:45;2;18;18281;1;1;1;6;D2076;47,2070910;2,1525910
14836;202000016465;4;5;2020;05:50;2;18;18019;1;1;5;6;Route de Domery;47,1878020;2,6796450
14837;202000016466;5;5;2020;20:20;2;16;16346;1;1;1;1;Ld Chez Nardon;45,2310460;0,0692120
14838;202000016467;6;5;2020;11:40;1;21;21435;1;1;1;2;D971;47,8826200;4,5640790
14839;202000016468;4;5;2020;20:53;1;17;17215;1;1;1;6;Le Fief des Brandes;45,4668650; -0,4650040
14840;202000016469;6;5;2020;10:00;1;52;52008;1;1;1;6;D44;48,2360004;5,2801340
14841;202000016470;5;5;2020;18:50;2;973;97307;1;1;8;2;RN 4 - route de l'aéroport Félix Éboué;4,8262710; -52,3617840
14842;202000016471;5;5;2020;17:00;1;38;38193;1;1;1;1;D1006;45,6109040;5,2095690
14843;202000016472;6;5;2020;14:30;1;74;74268;2;2;1;3;165 Avenue d'Aix-les-bains (Seynod);45,8835180;6,0984100
14844;202000016473;5;5;2020;17:05;1;25;25219;1;3;8;2;RD 461;47,1398770;6,3821980
14845;202000016474;4;5;2020;17:45;1;975;97501;2;1;1;3;Rue Marcel helene;47,0978100; -56,3822600
14846;202000016475;4;5;2020;07:15;1;973;97311;1;1;3;1;cd 9 pk 8;5,5500389; -53,9370775
14847;202000016476;5;5;2020;15:00;1;13;13115;1;1;1;6;D22;43,6838530;5,1937330
14848;202000016477;4;5;2020;07:30;1;38;38558;2;1;1;7;Route de Marennes;45,5863100;4,9139700
14849;202000016478;4;5;2020;16:50;1;40;40182;2;6;1;-1;Avenue du Born;44,0754810; -1,1669540
14850;202000016479;4;5;2020;05:30;3;13;13015;1;1;1;4;A51-Sens Marseille vers Aix en Provence;43,4414700;5,3963400
14851;202000016480;4;5;2020;01:10;5;69;69266;1;1;1;-1;RD 383  ;45,7688000;4,9038000
14852;202000016481;5;5;2020;14:20;1;91;91687;1;1;2;7;AUTOROUTE A6;48,6650000;2,3639000
14853;202000016482;5;5;2020;14:45;1;78;78297;1;1;8;6;RN12;48,7879250;2,0630060
14854;202000016483;5;5;2020;18:45;1;95;95061;1;1;8;7;RN 104;49,0683600;2,2521100
14855;202000016484;5;5;2020;15:45;1;93;93005;1;1;1;2;AUTOROUTE A3;48,9307800;2,4807400
14856;202000016485;4;5;2020;18:15;1;93;93048;1;1;1;6;AUTOROUTE A86;48,8628400;2,4830100
14857;202000016486;5;5;2020;15:55;1;77;77169;1;1;1;4;A4.Y;48,8316661;2,6015335
14858;202000016487;25;2;2020;17:45;1;66;66136;2;1;1;-1;POINCARE (BOULEVARD HENRI);42,6913200;2,8962600
14859;202000016488;26;2;2020;17:25;1;27;27375;2;9;7;6;CANAL (RUE DU);49,2186000;1,1787000
14860;202000016489;1;1;2020;12:17;1;75;75107;2;7;8;7;PLACE DE L ECOLE MILITAIRE;48,8544850;2,3058090
14861;202000016490;1;1;2020;01:30;5;75;75101;2;1;1;6;RUE DE RIVOLI;48,8633580;2,3333290
14862;202000016491;1;1;2020;17:14;5;75;75101;2;1;2;6;BOULEVARD DE SEBASTOPOL;48,8581728;2,3480313
14863;202000016492;5;5;2020;10:20;1;988;98818;2;3;8;7;ROUTE DE L'ANSE VATA/COMMANDANT RIVIERE; -22,2857000;166,4479800
14864;202000016493;5;5;2020;00:15;5;69;69259;2;1;1;6;REPUBLIQUE (DE LA)                  (AV);45,7068746;4,8729358
14865;202000016494;4;5;2020;08:00;1;972;97213;1;1;1;2;ROUTE DEPARTEMENTALE 3 BIS;14,6289440; -60,9893530
14866;202000016495;30;4;2020;08:50;1;91;91457;2;6;1;3;CD 19;48,5743200;2,2601600
14867;202000016496;10;4;2020;16:20;1;91;91552;2;1;1;6;PARC (IMPASSE DU);48,5985400;2,2552400
14868;202000016497;5;4;2020;15:02;1;91;91021;2;3;1;3;Avenue de Verdun;48,5841500;2,2443500
14869;202000016498;1;5;2020;02:01;5;76;76351;2;1;1;6;JULES DURAND (BD);49,4907700;0,1601600
14870;202000016499;30;4;2020;15:25;1;71;71306;2;2;2;3;Rue de la Ferme;46,6685136;4,3616894
14871;202000016500;3;5;2020;02:30;5;64;64122;2;1;1;6;DOMREMY(RD-PT);43,4835200; -1,5435000
14872;202000016502;2;5;2020;16:55;1;56;56121;2;3;2;3;Rue du Soleil d'Orient;47,7351100; -3,3941400
14873;202000016503;1;5;2020;23:30;4;56;56021;2;6;1;6;Avenue Général de Gaulle;47,7902800; -3,1898000
14874;202000016504;30;4;2020;13:48;1;49;49007;2;1;1;3;COUBERTIN BOULEVARD;47,4617500; -0,5325200
14875;202000016505;4;5;2020;16:45;1;45;45232;1;1;1;7;Avenue Roger Secretain;47,8707600;1,9120400
14876;202000016506;4;5;2020;18:40;1;33;33281;2;6;1;6;AVE ROLAND GARROS / RUE CAMILLE FLAMMARION;44,8290600; -0,6875600
14877;202000016508;2;5;2020;21:00;5;31;31555;2;1;1;7;RUE DE LA CHAUSSEE;43,5918100;1,4415300
14878;202000016509;4;5;2020;14:20;1;30;30028;2;1;1;1;MAYRE (AVENUE DE LA);44,1577900;4,6235000
14879;202000016511;3;5;2020;06:45;3;15;15014;1;1;2;6;CRETES (ROUTE DES);44,9417600;2,4467900
14880;202000016512;2;5;2020;19:02;1;13;13206;2;2;1;3;ARMENY (RUE D');43,2911600;5,3806700
14881;202000016513;4;5;2020;10:35;1;75;75105;2;2;1;6;BOULEVARD SAINT MICHEL;48,8417540;2,3377560
14882;202000016514;4;5;2020;12:20;1;94;94076;2;9;1;7;PARIS (AV DE);48,8041647;2,3641778
14883;202000016515;4;5;2020;17:15;1;92;92020;2;1;1;7;VERDUN AVENUE DE AUTRES N°;48,7980200;2,2790000
14884;202000016516;4;5;2020;10:35;1;92;92044;2;2;1;6;VOLTAIRE(RUE)53A81 ET 42A62;48,8938690;2,2887620
14885;202000016518;4;5;2020;15:30;1;38;38492;1;1;1;2;D1075;44,9636740;5,6358580
14886;202000016519;5;5;2020;08:10;1;89;89395;2;1;2;6;Chemin des fossés;48,1775808;3,5152499
14887;202000016521;4;5;2020;09:35;1;79;79025;1;1;1;1;;46,6089840; -0,3375610
14888;202000016522;5;5;2020;17:15;1;47;47111;1;1;1;6;D666;44,3694990;0,4682920
14889;202000016523;5;5;2020;16:40;1;02;02096;1;1;1;6;D64;49,7410530;3,6382560
14890;202000016524;4;5;2020;20:30;1;64;64495;1;3;1;3;Rue Oihan Bidea;43,3652970; -1,5447270
14891;202000016525;5;5;2020;20:55;2;07;07027;1;1;1;7;D86;44,8177070;4,8054670
14892;202000016526;18;1;2020;04:20;3;30;30116;1;1;1;7;D19;43,9199090;4,5960790
14893;202000016527;2;5;2020;11:00;1;49;49041;1;9;8;5;17 Route des Joutières;47,2882250;0,0476360
14894;202000016528;3;4;2020;20:15;3;971;97129;2;1;1;7;Morne Rouge;16,3053255; -61,6564513
14895;202000016529;1;5;2020;17:00;1;978;97801;2;1;1;3;rue Jean-Luc Hamlet;18,0779630; -63,0290510
14896;202000016530;4;5;2020;23:30;3;07;07322;1;1;1;6;Route de Luzet;44,6716670;4,1996740
14897;202000016531;5;5;2020;03:25;5;33;33322;2;6;1;7;D1;44,9447500; -0,6913400
14898;202000016532;4;5;2020;16:20;1;93;93066;1;1;1;7;AUTOROUTE A1;48,9185000;2,3576000
14899;202000016533;3;5;2020;15:55;1;65;65440;2;2;1;6;LECLERC (ALLEES GENERAL);43,2304000;0,0732000
14900;202000016534;3;5;2020;19:10;1;64;64024;2;1;1;7;BAHINOS (ROUTE DE);43,4925000; -1,5174900
14901;202000016535;2;5;2020;11:55;1;62;62178;2;9;1;6;FESTEUX ( DES );50,4887300;2,5432320
14902;202000016536;2;5;2020;05:25;2;59;59009;2;2;1;3;BREUCQ BOULEVARD DU;50,6435890;3,1444640
14903;202000016537;3;5;2020;04:40;3;42;42184;1;1;2;7;Chemin des Moulins;46,0309529;4,0110971
14904;202000016538;2;5;2020;16:45;1;35;35238;2;1;2;6;LEROUX (BD OSCAR);48,0915600; -1,6651800
14905;202000016539;3;5;2020;20:20;2;13;13208;2;1;1;2;HAIFA (AVENUE);43,2516070;5,3905330
14906;202000016540;3;5;2020;18:00;1;13;13213;2;1;1;4;CHARLES SUSINI (TRAVERSE);43,3381970;5,4162310
14907;202000016541;3;5;2020;19:15;1;75;75113;2;3;1;3;BOULEVARD KELLERMANN;48,8209240;2,3549610
14908;202000016542;3;5;2020;18:15;1;94;94068;2;2;1;3;CARNOT (AV);48,7981190;2,4870580