;Num_Acc;jour;mois;an;hrmn;lum;dep;com;agg;int;atm;col;adr;lat;long
15145;202000016806;12;7;2020;12:10;1;77;77013;1;1;1;7;BAS MESNIL (LIEU DIT) - D19A1;48,8448308;3,1049535
15146;202000016807;7;7;2020;19:38;1;76;76681;1;1;1;2;INDUSTRIEL. BOULEVARD (CD 18E);49,4165900;1,1077600
15147;202000016808;11;7;2020;21:55;1;76;76540;1;1;1;6;NANSEN. RUE FRIDTJOF;49,4481100;1,0598100
15148;202000016809;11;7;2020;03:05;5;76;76552;2;1;1;-1;MAURICE TACONET;49,5037500;0,0808000
15149;202000016810;10;7;2020;20:50;1;71;71270;2;1;1;2;LAMARTINE (QUAI);46,3052726;4,8357765
15150;202000016811;11;7;2020;20:25;1;71;71105;1;2;1;3;BOIS D'ALIER (CHEMIN DU);46,2901845;4,7893548
15151;202000016812;13;7;2020;23:25;5;69;69266;2;2;1;1;SOIE     (Rue de la);45,7624879;4,9157609
15152;202000016813;13;7;2020;20:00;2;69;69266;2;1;1;6;TONKIN   (Rue du);45,7761100;4,8648000
15153;202000016814;13;7;2020;16:00;1;69;69266;2;2;1;1;ROGER SALENGRO     (Avenue);45,7784100;4,8792600
15154;202000016816;12;7;2020;00:10;5;67;67447;2;3;1;3;CHARME (RUE DU);48,6076381;7,7216592
15155;202000016817;12;7;2020;16:40;1;66;66136;2;2;1;3;CAMUS AVENUE ALBERT;42,6903970;2,9101110
15156;202000016818;12;7;2020;06:30;1;66;66136;1;1;1;6;R D 900;42,6809400;2,8749700
15157;202000016820;13;7;2020;21:05;2;64;64122;2;1;1;1;PORT VIEUX (RUE- ESPLANADE-PLACE DU;43,4814200; -1,5687900
15158;202000016821;13;7;2020;22:00;5;60;60175;2;9;1;-1;Boulevard Salvador Allende;49,2493600;2,4740600
15159;202000016822;11;7;2020;20:40;1;60;60159;2;1;1;6;Avenue du Maréchal de Lattre de Tassigny;49,4044700;2,8176900
15160;202000016824;13;7;2020;10:45;1;56;56107;2;2;7;6;DE GAULLE (GENERAL);47,7063400; -3,3845000
15161;202000016825;11;7;2020;18:40;1;56;56107;2;1;1;7;LOCQUELTAS (RUE DE);47,7037900; -3,3881730
15162;202000016826;10;7;2020;19:05;1;56;56036;1;1;1;4;RN 165;47,7753500; -3,3654600
15163;202000016827;9;7;2020;07:03;2;54;54254;1;1;1;6;MOULIN (RUE DU);49,5012000;5,8166600
15164;202000016828;12;7;2020;20:15;1;51;51454;2;1;1;1;Place Mozart;49,2387211;4,0212570
15165;202000016829;10;7;2020;20:00;1;51;51108;2;3;1;1;Avenue du Général Sarrail;48,9679947;4,3635950
15166;202000016831;10;7;2020;09:45;1;49;49328;2;1;2;7;FOUCHARD (RUE DU PONT);47,2436000; -0,0969200
15167;202000016832;10;7;2020;20:30;1;49;49007;2;1;1;3;MONPLAISIR BOULEVARD;47,4891200; -0,5192600
15168;202000016833;13;7;2020;17:33;1;45;45234;2;1;1;4;Avenue des Droits de l’Homme;47,9239243;1,9392871
15169;202000016834;13;7;2020;14:50;1;45;45302;2;1;1;3;D2020 PR 22 + 500;47,9596266;1,8897631
15170;202000016835;13;7;2020;08:30;1;45;45284;2;6;1;7;Avenue Louis-Joseph Soulas;47,9081700;1,9684600
15171;202000016836;12;7;2020;02:00;5;34;34172;2;2;1;3;LIBERTE (AVENUE DE LA;43,6113680;3,8287000
15172;202000016837;13;7;2020;07:15;1;34;34148;1;1;1;5;ROUTE DEPARTEMENTALE 612;43,3614300;3,1765800
15173;202000016838;12;7;2020;13:00;1;34;34003;1;3;1;5;NEUF AGDE-LA TAMARISSIERE (L6 A G10;43,3034200;3,4554500
15174;202000016839;14;7;2020;01:40;5;33;33075;2;3;1;3;AVE CHARLES DE GAULLE / AVE DE TERREFORT;44,8881400; -0,6104200
15175;202000016840;13;7;2020;06:55;1;33;33281;2;6;7;3;AVE DE MAGUDAS / AVE DE LA LIBERATION;44,8561610; -0,6438900
15176;202000016844;10;7;2020;16:30;1;31;31555;2;1;1;3;131 Route d'Albi;43,6361300;1,4640700
15177;202000016845;13;7;2020;14:35;1;30;30189;2;1;1;6;SAUVE (ROUTE);43,8375200;4,3280600
15178;202000016846;11;7;2020;22:20;5;30;30189;2;1;1;2;HUGO VICTOR (BOULEVARD);43,8354100;4,3583400
15179;202000016847;9;7;2020;15:43;1;22;22106;2;1;1;6;MADIERES (RUE DES);48,4909800; -2,6994800
15180;202000016849;13;7;2020;20:40;1;14;14118;2;4;1;3;DELIVRANDE (RUE DE LA);49,1896700; -0,3592600
15181;202000016850;13;7;2020;20:50;1;13;13214;2;1;1;1;LA STATION (CHEMIN DU);43,3319200;5,3881800
15182;202000016851;13;7;2020;14:40;1;13;13212;2;1;1;6;CAILLOLS (AVENUE DES);43,3032000;5,4282000
15183;202000016852;13;7;2020;00:15;5;13;13210;2;6;1;3;MAURIAC (RUE);43,2725880;5,4210000
15184;202000016853;12;7;2020;14:05;1;12;12145;2;3;1;3;DELMAS ETIENNE;44,1032900;3,0848200
15185;202000016854;13;7;2020;20:11;1;10;10387;2;1;1;3;MAROTS (RUE DES);48,3067600;4,0482600
15186;202000016855;11;7;2020;18:42;1;10;10387;2;2;1;3;PAIX (RUE DE LA);48,3066260;4,0648660
15187;202000016856;13;7;2020;10:50;1;06;06088;2;9;8;3;ARSON (RUE);43,7008300;7,2868300
15188;202000016857;13;2;2020;10:50;1;06;06088;2;2;8;3;Rue Arson;43,7008300;7,2868300
15189;202000016858;10;7;2020;22:10;5;06;06027;2;1;1;3;VAL FLEURI CHEMIN DU;43,6654100;7,1704300
15190;202000016859;11;7;2020;07:25;1;04;04070;2;3;1;3;Chemin du Touer;44,0705800;6,2054700
15191;202000016860;11;7;2020;21:10;2;75;75116;2;1;1;-1;BOULEVARD PERIPHERIQUE;48,8697840;2,2716840
15192;202000016861;13;7;2020;10:00;1;75;75120;2;2;1;2;RUE D AVRON;48,8518580;2,4013710
15193;202000016862;13;7;2020;15:00;1;75;75116;2;3;1;6;BOULEVARD SUCHET;48,8505340;2,2602780
15194;202000016864;12;7;2020;12:30;1;75;75115;2;1;1;3;BOULEVARD PASTEUR;48,8400890;2,3154620
15195;202000016866;13;7;2020;19:55;1;75;75112;2;1;1;3;QUAI DE LA RAPEE;48,8441260;2,3689070
15196;202000016867;13;7;2020;16:00;1;75;75112;2;7;1;3;PLACE FELIX EBOUE;48,8397940;2,3956060
15197;202000016868;13;7;2020;19:33;1;75;75107;2;2;1;2;QUAI D ORSAY;48,8622940;2,3019610
15198;202000016870;13;7;2020;02:30;5;75;75103;2;2;1;7;RUE CHARLOT;48,8628830;2,3625580
15199;202000016871;13;7;2020;20:00;1;75;75104;2;2;1;3;QUAI DES CELESTINS;48,8533190;2,3578170
15200;202000016873;11;7;2020;02:50;5;94;94081;2;3;1;-1;ANSELME RONDENAY (R);48,7783180;2,3967370
15201;202000016874;13;7;2020;10:00;1;94;94080;2;1;7;3;FONTENAY (R DE);48,8480700;2,4399700
15202;202000016875;13;7;2020;17:20;1;94;94037;2;3;1;3;PAUL VAILLANT COUTURIER (AV);48,8164790;2,3386610
15203;202000016876;11;7;2020;06:05;1;94;94022;2;1;1;-1;JULES FERRY (R);48,7605010;2,4124020
15204;202000016877;13;7;2020;22:25;5;93;93064;2;1;1;3;BOISSIERE (BOULEVARD DE LA);48,8750649;2,4692871
15205;202000016878;13;7;2020;12:00;1;93;93046;2;1;1;2;AV ARISTIDE BRIAND;48,9146500;2,5274600
15206;202000016879;12;7;2020;10:20;1;93;93074;2;1;1;6;BARBUSSE RUE HENRI;48,9319100;2,5759700
15207;202000016880;12;7;2020;23:10;5;93;93031;2;4;1;3;DE LATTRE DE TASSIGNY (1 A 51);48,9597000;2,3051600
15208;202000016882;13;7;2020;17:50;1;92;92044;2;1;1;3;VIC. HUGO(RUE)001A067 ET002A078;48,8929209;2,3002195
15209;202000016883;13;7;2020;18:25;1;92;92025;2;3;1;2;ESTIENNE D'ORVES (RUE);48,9099947;2,2334026
15210;202000016884;13;7;2020;04:03;5;92;92012;2;1;1;6;ALFRED LAURANT (RUE);48,8445600;2,2352700
15211;202000016885;13;7;2020;13:50;2;92;92009;2;1;1;6;ESTIENNE D'ORVES ( RUE D' );48,9155047;2,2713831
15212;202000016886;10;7;2020;07:50;2;92;92004;2;3;1;3;AULAGNIER ( QUAI );48,9174420;2,3198969
15213;202000016887;13;7;2020;20:30;1;49;49244;1;1;1;6;Maison Neuve (Botz-en-Mauges);47,3011880; -0,9857390
15214;202000016888;14;7;2020;09:30;1;24;24165;1;3;1;1;intersection D730-d40;45,0927850;0,1075570
15215;202000016889;13;7;2020;21:40;5;973;97353;2;9;1;7;rue lucien vochel;3,6442841; -54,0330690
15216;202000016890;14;7;2020;09:45;1;49;49092;1;3;1;3;Ruisseau des Girauderies;47,2104490; -0,6889072
15217;202000016892;13;7;2020;17:00;1;74;74238;2;4;1;3;49 Route de sous Saint-jean;46,2300640;6,6581470
15218;202000016893;14;7;2020;12:30;1;81;81139;1;3;1;3;D83;43,6894040;2,1473010
15219;202000016894;14;7;2020;08:00;1;63;63326;2;1;1;6;D216;45,7160144;2,8633693
15220;202000016895;13;7;2020;13:10;1;63;63108;1;1;1;3;PK 14+100;45,9526160;3,1666005
15221;202000016896;13;7;2020;21:40;1;28;28403;1;1;1;6;D127;48,3950670;1,4756230
15222;202000016897;14;7;2020;11:05;1;71;71384;1;1;1;2;A6;46,6928850;4,8427900
15223;202000016898;13;7;2020;18:10;1;51;51544;1;2;7;3;Rue de Tahure;49,2463978;4,5602391
15224;202000016899;14;7;2020;16:45;1;79;79136;1;1;1;5;;46,1726980; -0,0016740
15225;202000016900;13;7;2020;18:30;5;974;97413;2;1;1;6;112 Rue du General Lambert; -21,1695010;55,2880420
15226;202000016901;13;7;2020;14:15;1;56;56234;2;2;1;3;30 Avenue du Lizeau;47,5293720; -3,1342900
15227;202000016902;13;7;2020;12:02;1;59;59130;1;1;1;7;départementale 46 cappelle brouck;50,8839490;2,2385070
15228;202000016903;13;7;2020;09:20;1;74;74256;2;1;1;3;390 Route de Passy;45,9364210;6,6467380
15229;202000016904;8;7;2020;10:30;1;74;74259;1;9;1;7;D15;46,0845060;6,1657980
15230;202000016905;14;7;2020;17:54;1;77;77137;1;1;8;7;D204;48,7226663;3,2935501
15231;202000016906;14;7;2020;11:32;1;76;76655;2;1;2;7;Rue Max Leclerc;49,8702760;0,7084790
15232;202000016907;14;7;2020;07:10;1;2B;2B346;2;9;1;3;58 Arena;42,5004410;9,4658960
15233;202000016908;14;7;2020;01:20;3;2B;2B305;2;1;1;6;Grisgione;42,7262070;9,4584920
15234;202000016909;14;7;2020;13:24;1;80;80507;2;1;8;6;32 Rue de la Gare;49,8526460;2,5819640
15235;202000016910;14;7;2020;07:45;1;65;65409;1;1;1;6;DÉPARTEMENTALE D934;43,3865830;0,1231620
15236;202000016911;13;7;2020;20:45;2;81;81124;1;4;1;6;Pic de Montalet;43,6821961;2,7355405
15237;202000016912;8;7;2020;19:50;1;32;32252;1;1;1;7;N21;43,4583160;0,3192960
15238;202000016913;13;7;2020;18:40;2;12;12299;1;1;1;7;D666;44,1006070;2,6997080
15239;202000016914;14;7;2020;03:15;3;68;68222;1;1;1;6;RD 463 PK 23,100;47,5481460;7,4163830
15240;202000016915;14;7;2020;12:35;1;39;39576;1;1;1;7;Bonnaud;46,6134760;5,4365770
15241;202000016916;14;7;2020;15:20;1;44;44133;1;3;1;3;Rd 751 lieu dit La Lande;47,1342280; -1,7666530
15242;202000016917;12;7;2020;16:05;1;44;44015;1;1;1;6;D33;47,4797260; -1,7152080
15243;202000016918;13;7;2020;04:50;3;44;44115;1;1;1;2;RD723;47,3599320; -1,3071640
15244;202000016919;13;7;2020;15:30;1;29;29037;1;6;1;3;Ty Robin;47,9092770; -4,1930220
15245;202000016920;13;7;2020;09:25;1;38;38189;1;9;1;3;D518z;45,6395100;5,0474000
15246;202000016921;13;7;2020;19:00;1;02;02681;1;1;1;3;Rue des Lanneux du Gard;49,8134980;3,8443570
15247;202000016923;13;7;2020;08:45;1;03;03292;1;1;1;7;;46,4399643;3,0966538
15248;202000016924;13;7;2020;21:00;1;70;70454;1;1;1;7;Rue Vers Cemboing;47,8375920;5,8136720
15249;202000016925;14;7;2020;16:44;1;72;72080;1;1;1;7;D98;48,1560090;0,6678490
15250;202000016927;7;7;2020;17:55;1;06;06148;2;9;1;3;Route de l'Ancienne Gare;43,7104940;7,0538560
15251;202000016928;14;7;2020;15:10;1;14;14431;1;1;1;6;D47;49,0780480; -0,0490090
15252;202000016929;13;7;2020;14:30;1;14;14735;1;3;1;3;D40;49,0340170; -0,0651400
15253;202000016930;12;7;2020;16:40;1;14;14578;1;2;1;5;D288;49,3554160;0,1708360
15254;202000016931;13;7;2020;16:55;1;50;50304;1;3;1;1;départementale 7, la Perelle;48,9489710; -1,3906930
15255;202000016932;14;7;2020;05:50;2;50;50562;2;1;2;6;Rue Triquet;49,5881140; -1,2675150
15256;202000016933;13;7;2020;14:45;1;83;83025;1;1;1;3;D560;43,5259620;5,9614990
15257;202000016934;13;7;2020;08:48;1;60;60017;1;1;1;6;D94;49,5766610;2,3925300
15258;202000016935;14;7;2020;18:15;1;73;73282;2;1;1;6;D1006;45,5006421;5,8433119
15259;202000016936;24;2;2020;19:00;5;69;69388;2;1;1;6;Boulevard des Etats-Unis;45,7252491;4,8706666
15260;202000016937;24;2;2020;16:40;1;69;69383;2;2;1;6;SERVIENT                            (R );45,7604700;4,8488400
15261;202000016938;24;2;2020;18:00;1;69;69259;2;2;1;2;FELIX BRUN                          (R );45,7020000;4,8917000
15262;202000016939;24;2;2020;13:40;1;69;69276;2;3;1;2;JEAN JAURES                             ;45,6725100;4,8484100
15263;202000016940;24;2;2020;13:50;1;69;69383;2;1;1;6;GENERAL MOUTON DUVERNET (DU)        (R );45,7554000;4,8620200
15264;202000016942;23;2;2020;23:30;3;972;97209;1;1;1;6;RD 41 (ROCADE);14,6145800; -61,0627700
15265;202000016943;1;1;2020;08:48;1;972;97209;2;1;1;6;GLACIERE (RUE DE LA);14,6095156; -61,0545498
15266;202000016944;24;2;2020;16:45;1;69;69034;2;3;1;3;GEORGES CLEMENCEAU                  (QU);45,7921400;4,8242500
15267;202000016945;24;2;2020;17:25;1;69;69381;2;1;1;6;ST VINCENT                          (QU);45,7683800;4,8155000
15268;202000016946;23;2;2020;03:30;5;69;69202;2;1;1;7;MARECHAL FOCH (DU)                  (AV);45,7403200;4,8050700
15269;202000016947;29;1;2020;18:15;5;69;69149;2;3;1;3;GRANDE RUE                          (GR);45,7179500;4,8100300
15270;202000016948;24;2;2020;19:15;2;2A;2A004;2;6;1;3;MEZZAVIA ROUTE DE;41,9499550;8,7715580
15271;202000016949;24;2;2020;17:00;1;95;95018;2;1;1;6;DIXMUDE (RUE DE);48,9557200;2,2415000
15272;202000016950;24;2;2020;09:35;1;91;91339;2;3;1;2;RN 20;48,6170000;2,2569800
15273;202000016951;22;2;2020;00:45;3;91;91552;2;1;1;2;RN 20;48,6121600;2,2539500
15274;202000016952;24;2;2020;08:52;1;90;90032;2;6;1;3;ANCIEN PONT (RUE DE L');47,6182420;6,8518780
15275;202000016953;21;2;2020;07:35;2;87;87085;2;3;1;3;BRIAND (RUE ARISTIDE);45,8424300;1,2719400
15276;202000016954;22;2;2020;20:24;5;87;87085;2;2;1;6;DE GAULLE (AVENUE DU GENERAL);45,8324800;1,2646200
15277;202000016956;24;2;2020;17:26;1;86;86041;2;1;1;2;Avenue de la Liberté;46,6087900;0,3635400
15278;202000016957;22;2;2020;21:27;3;86;86157;1;1;1;2;Route de Chauvigny;46,5632348;0,4113168
15279;202000016958;21;2;2020;08:10;2;79;79191;2;9;1;3;Rue du Maréchal Leclerc;46,3364400; -0,4508200
15280;202000016959;21;2;2020;17:50;1;78;78362;2;1;1;3;ROUTE DE SAINT GERMAIN;48,9778000;1,7238100
15281;202000016960;22;2;2020;17:50;3;77;77053;1;1;2;-1;D. 50;48,6912406;2,6072020
15282;202000016962;23;2;2020;08:09;2;76;76351;2;1;2;6;HUBERT LATHAM;49,5306300;0,0965700
15283;202000016963;24;2;2020;11:05;1;69;69256;2;2;1;3;GARIBALDI                           (AV);45,7674400;4,9342500
15284;202000016964;21;2;2020;22:30;5;69;69091;2;3;1;3;VICTOR HUGO ( R );45,5872400;4,7712800
15285;202000016965;22;2;2020;11:30;1;67;67482;2;1;1;4;MEINAU (ROUTE DE LA);48,5532166;7,7467913
15286;202000016966;23;2;2020;19:35;5;66;66136;2;1;1;4;ARGELES SUR MER AVENUE D';42,6811000;2,9106000
15287;202000016967;21;2;2020;17:50;1;66;66136;2;1;1;6;GAULLE (AVENUE GENERAL DE);42,6980600;2,8867300
15288;202000016969;24;2;2020;07:45;1;64;64445;2;4;5;3;HAUTERIVE;43,3248300; -0,3574500
15289;202000016970;21;2;2020;11:45;1;64;64348;2;9;1;6;BLERIOT;43,3346300; -0,3932600
15290;202000016971;13;2;2020;17:00;1;62;62895;2;3;8;6;DOLET (R ETIENNE);50,4945040;2,8588590
15291;202000016972;21;2;2020;13:00;1;59;59028;2;1;1;6;GAMBETTA (RUE LEON);50,4125100;3,0508900
15292;202000016973;21;2;2020;17:30;1;56;56036;1;1;1;4;RN 165;47,7881200; -3,3275400
15293;202000016974;22;2;2020;19:27;1;54;54395;2;1;1;6;POINCARE (RUE RAYMOND 1-29-2-30);48,6900250;6,1717636
15294;202000016975;22;2;2020;21:35;5;54;54304;2;2;1;3;MAREVILLE (CHEMIN ET RUE DE);48,6793653;6,1426717
15295;202000016976;23;2;2020;20:20;5;54;54395;2;3;2;3;VINGT SIXIEME R.I. (BOULEVARD DU 2 A 44);48,6988141;6,1877865
15296;202000016977;22;2;2020;08:44;1;54;54257;2;1;1;6;GRANDE RUE;48,6527000;6,1919000
15297;202000016980;21;2;2020;19:10;1;54;54382;2;2;1;3;METZ (BOULEVARD DE);49,5513000;5,7855960
15298;202000016981;22;2;2020;13:55;1;50;50129;2;1;1;-1;VAL DE SAIRE (RUE DU);49,6384400; -1,6106800
15299;202000016982;28;1;2020;19:00;2;44;44184;2;1;1;7;Avenue René Coty;47,2742000; -2,2024000
15300;202000016983;24;2;2020;07:30;1;44;44162;2;1;2;6;Rue Océane;47,2272400; -1,6348400
15301;202000016984;24;2;2020;16:55;1;42;42071;2;9;7;6;Avenue de la Libération;46,0287900;4,0842800
15302;202000016985;24;2;2020;16:52;1;37;37122;2;1;1;3;EIFFEL (RUE GUSTAVE);47,3570444;0,6530718
15303;202000016986;24;2;2020;07:30;2;35;35238;1;1;8;2;PORTE ALMA;48,0815760; -1,6766960
15304;202000016988;7;2;2020;17:20;1;33;33063;2;3;1;1;AVE DU MAL DE LATTRE DE TASSIGNY CAUD / RUE FALQUET;44,8555900; -0,6150700
15305;202000016989;4;2;2020;12:20;1;33;33063;2;1;1;1;Boulevard GEORGE V;44,8241800; -0,5873200
15306;202000016990;24;2;2020;04:00;4;33;33281;2;1;1;6;34 AVE DES EYQUEMS;44,8271500; -0,6172000
15307;202000016992;24;2;2020;18:35;5;33;33529;2;6;1;3;D112 / R.Jean De Grailly - VT vient de l'avenue Bisserié;44,6267200; -1,1415500
15308;202000016993;23;2;2020;17:15;1;31;31555;2;1;1;2;35 Boulevard de Thibaud;43,5482800;1,3998100
15309;202000016994;22;2;2020;12:39;1;31;31555;2;1;1;2;BD LASCROSSES;43,6106500;1,4361700
15310;202000016995;9;2;2020;19:40;5;29;29019;2;6;1;6; Rue Anatole France;48,3816500; -4,5269300
15311;202000016996;22;2;2020;08:30;1;22;22278;2;3;1;1;LE FLEM (PAUL);48,5067400; -2,7689400
15312;202000016999;21;2;2020;16:40;1;18;18033;2;1;1;4;RN 142;47,0714570;2,4361890
15313;202000017000;18;2;2020;18:52;5;15;15014;2;2;1;3;PLOMB DU CANTAL (AVENUE DU);44,9122600;2,4368200
15314;202000017001;24;2;2020;13:10;1;14;14557;2;1;1;6;AVENUE MICHEL D'ORNANO;49,3387400;0,0918400
15315;202000017002;23;2;2020;04:30;3;13;13103;1;1;1;7;RTE D' EYGUIERES-RD 17;43,6507510;5,0908770
15316;202000017003;24;2;2020;16:20;1;13;13214;2;1;1;1;SAINTE MARTHE (chemin);43,3208000;5,3901000
15317;202000017004;24;2;2020;22:35;3;13;13098;2;1;1;6;D.51;43,4497769;5,0165263
15318;202000017005;24;2;2020;08:05;1;12;12202;2;2;1;1;DE LATTRE DE TASSIGNY (BOULEVARD);44,3484500;2,5666400
15319;202000017006;20;2;2020;17:05;1;11;11262;2;3;1;3;DELAGE (RUE LOUIS);43,1632200;2,9849100
15320;202000017007;7;2;2020;10:55;1;11;11069;1;3;1;6;CAVAYERE -ROUTE DE LA -;43,1899120;2,3986290
15321;202000017008;24;2;2020;08:05;1;09;09225;1;1;1;7;BELPECH ROUTE DE;43,1316900;1,6664500
15322;202000017009;21;2;2020;19:25;5;05;05061;2;4;1;2;FUSILLES ( RUE DES );44,5464547;6,0646468
15323;202000017010;22;2;2020;11:30;1;05;05061;2;1;1;2;EMILE DIDIER ( AV );44,5664304;6,0947460
15324;202000017011;21;2;2020;19:00;3;05;05061;1;1;1;1;D994;44,5481200;6,0376600
15325;202000017012;24;2;2020;04:40;3;75;75117;2;1;2;7;ECHANGEUR MAILLOT;48,8789070;2,2801710
15326;202000017014;22;2;2020;16:15;1;75;75118;2;1;1;3;PORTE DE LA CHAPELLE;48,9010490;2,3591690
15327;202000017015;23;2;2020;21:15;5;75;75119;2;7;2;3;PLACE AUGUSTE BARON;48,9009420;2,3873730
15328;202000017016;24;2;2020;17:20;1;75;75118;2;3;1;6;RUE DE CLIGNANCOURT;48,8838030;2,3470400
15329;202000017017;24;2;2020;15:45;1;75;75116;2;1;1;3;BOULEVARD DELESSERT;48,8588590;2,2861600
15330;202000017018;24;2;2020;10:55;1;75;75116;2;7;1;3;PLACE D IENA;48,8646920;2,2941430
15331;202000017019;23;2;2020;12:40;1;75;75116;2;1;1;6;AVENUE FERDINAND BUISSON;48,8377210;2,2528420
15332;202000017020;24;2;2020;07:25;2;75;75116;2;3;1;6;RUE D AUTEUIL;48,8480630;2,2636810
15333;202000017021;23;2;2020;16:40;1;75;75115;2;7;8;2;PLACE DU MOULIN DE JAVEL;48,8402260;2,2719900
15334;202000017022;24;2;2020;19:05;5;75;75113;2;3;1;3;RUE DE SAINTE HELENE;48,8191780;2,3528780
15335;202000017023;23;2;2020;15:30;1;75;75112;2;1;1;6;RUE LACUEE;48,8491640;2,3705540
15336;202000017024;24;2;2020;19:08;2;75;75111;2;1;1;6;BOULEVARD VOLTAIRE;48,8645630;2,3687790
15337;202000017026;24;2;2020;15:55;1;75;75111;2;2;8;5;BOULEVARD VOLTAIRE;48,8651880;2,3677320
15338;202000017027;24;2;2020;13:45;1;75;75111;2;2;8;6;RUE DU CHEMIN VERT;48,8603070;2,3786620
15339;202000017028;24;2;2020;18:00;1;75;75101;2;7;1;6;PLACE DU CARROUSEL;48,8611850;2,3338380
15340;202000017029;23;2;2020;21:20;3;94;94078;2;1;2;4;L'APPEL DU DIX-HUIT JUIN 1940 (AV DE);48,7586740;2,4432930
15341;202000017031;23;2;2020;03:05;5;94;94028;2;1;1;7;FOCH(AVENUE DU MARECHAL);48,7814700;2,4373400
15342;202000017033;23;2;2020;20:05;5;94;94071;2;3;2;3;GENERAL LECLERC (R DU);48,7756000;2,5111500
15343;202000017034;24;2;2020;15:00;1;93;93073;1;1;1;7;ROISSY (ROUTE DE);48,9826389;2,5551107
15344;202000017035;24;2;2020;09:20;1;93;93073;1;1;8;7;Rue du Chapitre;49,0034240;2,5368129
15345;202000017036;24;2;2020;05:50;5;93;93051;2;1;2;3;LEVANT (BD);48,8372300;2,5477000
15346;202000017037;23;2;2020;21:45;5;93;93051;2;2;2;3;GENERAL DE GAULLE (AVENUE);48,8467900;2,5586000
15347;202000017038;24;2;2020;18:15;2;93;93010;2;9;1;6;REPUBLIQUE (CO. DE LA) 1 A 35;48,9006000;2,4796000
15348;202000017039;24;2;2020;17:19;1;93;93008;2;2;1;3;GRANDE DENISE (RUE DE LA);48,9126700;2,4685900
15349;202000017040;24;2;2020;07:45;2;92;92062;2;1;1;3;DE DION BOUTON (QUAI) DU 29 AU 65;48,8737900;2,2363700
15350;202000017041;23;2;2020;05:15;5;92;92050;2;1;1;7;FRACHON BENOIT AVENUE;48,8938030;2,1887310
15351;202000017042;24;2;2020;09:30;1;92;92004;2;1;1;2;DOCTEUR DERVAUX  ( QUAI DU );48,9115800;2,2999600
15352;202000017043;25;2;2020;07:45;1;63;63396;2;2;1;6;Chemin de Naja;45,6640080;3,0918570
15353;202000017045;24;2;2020;17:00;1;87;87002;1;1;1;7;D56;45,9397500;1,4148120
15354;202000017046;22;2;2020;09:52;1;43;43040;2;1;7;2;18 Avenue d'Auvergne;45,3009360;3,3795430
15355;202000017047;24;2;2020;17:25;1;64;64450;1;2;7;3;Route de Pomps;43,4789740; -0,5514620
15356;202000017048;25;2;2020;08:50;1;91;91363;1;4;1;3;intersection D3 route de bel air;48,6468700;2,1950530
15357;202000017049;24;2;2020;16:40;1;58;58086;2;1;7;3;rue du 14 juillet;47,4117460;2,9271380
15358;202000017050;24;2;2020;11:40;1;80;80318;2;1;1;6;Rue Roger Godard;50,0152200;2,0806320
15359;202000017051;24;2;2020;11:30;1;68;68126;2;3;1;3;Rue d'Allschwil;47,5580450;7,5345020
15360;202000017052;25;2;2020;16:10;1;44;44015;2;3;2;3;Route du Gâvre;47,4840110; -1,7580700
15361;202000017053;24;2;2020;19:20;5;03;03082;2;2;1;6;Rue de la Commune de Paris;46,2999059;2,7339720
15362;202000017054;22;2;2020;10:48;1;05;05074;1;1;1;2;D942;44,4712260;6,0726610
15363;202000017055;25;2;2020;16:40;1;64;64405;2;1;3;6;Chemin de Coupete;43,3405590; -0,2757310
15364;202000017056;24;2;2020;17:10;1;73;73058;2;4;1;6;D921E - Route du Lac;45,5317368;5,7434900
15365;202000017057;23;2;2020;15:15;1;18;18210;1;1;1;6;Rue de la Jorandière;47,2362020;1,9328000
15366;202000017058;24;2;2020;09:45;1;27;27017;1;1;1;2;D6154;48,9924020;1,1560750
15367;202000017060;24;2;2020;16:30;1;33;33122;1;4;1;5;avenue jean-Moulin;44,7629700; -0,6892300
15368;202000017061;25;2;2020;14:10;1;74;74081;2;1;1;6;Avenue Georges Clémenceau;46,0678270;6,5714870
15369;202000017062;25;2;2020;06:28;5;06;06088;1;1;1;7;Autoroute A8, pk185 +800, chaussée Nord;43,6689350;7,1997360
15370;202000017063;24;2;2020;11:30;1;987;98712;2;2;1;3;Rue Tamahana; -17,5281610; -149,5384740
15371;202000017064;24;2;2020;14:10;1;34;34202;1;1;1;6;D5;43,5858470;3,7900470
15372;202000017065;25;2;2020;12:00;1;977;97701;1;1;1;1;Rt 48 - Quartier Petites Salines;17,8999330; -62,8270340
15373;202000017066;25;2;2020;14:30;1;77;77277;1;3;1;3;157 Avenue du Général Leclerc - D436;48,7128254;2,8695457
15374;202000017067;24;2;2020;23:30;3;34;34145;1;1;1;6;Route du Mas Desports;43,6558220;4,1369430
15375;202000017068;24;2;2020;17:00;1;83;83133;1;1;1;6;D37;43,5737970;6,8058760
15376;202000017069;21;2;2020;21:37;3;25;25043;1;1;1;2;D438;47,4845980;6,7713760
15377;202000017070;23;2;2020;17:30;1;88;88135;1;1;8;6;Rue des Fermes;48,1374970;6,6322550