;Num_Acc;jour;mois;an;hrmn;lum;dep;com;agg;int;atm;col;adr;lat;long
15378;202000017071;25;2;2020;08:20;1;17;17021;1;1;2;1;D14;45,7577370; -1,1236260
15379;202000017072;24;2;2020;10:15;1;59;59571;2;1;1;3;Place Jean Jaurès;50,1852320;3,4973480
15380;202000017073;18;2;2020;09:05;1;59;59009;1;1;1;2;AUTOROUTE A22;50,6515980;3,1347360
15381;202000017075;24;2;2020;11:50;1;94;94017;1;1;1;3;A4;48,8271791;2,5086857
15382;202000017076;24;2;2020;08:30;1;94;94042;1;1;1;3;A4;48,8278114;2,4717616
15383;202000017077;24;2;2020;07:30;1;94;94018;1;1;1;2;A4;48,8174510;2,4185959
15384;202000017079;24;2;2020;22:50;5;69;69386;2;1;1;7;VAUBAN                              (R );45,7648000;4,8427000
15385;202000017080;23;2;2020;16:55;1;69;69386;2;3;1;3;MORELLET                            (R );45,7746000;4,8485000
15386;202000017081;23;2;2020;16:00;1;972;97209;1;1;1;4;RD 41 (ROCADE);14,6163900; -61,0714700
15387;202000017082;23;2;2020;13:15;1;69;69286;2;1;1;6;JULES MICHELET                      (R );45,8133000;4,8913100
15388;202000017083;22;2;2020;18:45;5;971;97101;2;1;1;3;MORNE VERGAIN;16,2540500; -61,5230600
15389;202000017084;23;2;2020;17:10;1;91;91377;2;1;1;3;EUROPE (AVENUE DE L');48,7267000;2,2783000
15390;202000017085;23;2;2020;09:45;1;91;91174;2;2;1;3;Général De Gaulle;48,6136200;2,4605700
15391;202000017086;13;2;2020;07:50;5;76;76259;2;1;3;6;REPUBLIQUE ( BOULEVARD DE LA);49,7576500;0,3813500
15392;202000017087;23;2;2020;15:00;1;74;74012;2;1;1;4;THONON (ROUTE DE);46,1932500;6,2553700
15393;202000017089;9;2;2020;09:10;1;73;73008;2;3;7;6;2 Che de Corsuet;45,7042044;5,8986537
15394;202000017090;22;2;2020;11:43;1;65;65286;2;1;1;6;LACADE (RUE ANSELME);43,0935030; -0,0453830
15395;202000017091;23;2;2020;16:40;1;64;64445;2;3;1;2;AUGUSTE RENOIR;43,3102000; -0,3598000
15396;202000017092;23;2;2020;03:50;5;64;64445;2;1;1;6;CAMI SALIE DU;43,3327200; -0,3591800
15397;202000017093;20;2;2020;17:05;1;47;47323;1;1;1;2;ROUTE NATIONALE 21;44,4067600;0,7405200
15398;202000017094;23;2;2020;18:39;2;45;45234;2;6;1;6;Boulevard de Verdun;47,9068000;1,9040000
15399;202000017095;22;2;2020;12:00;1;45;45232;2;1;1;6;Rue d'Artois;47,8450700;1,9162800
15400;202000017096;22;2;2020;11:28;1;45;45208;2;2;1;3;R J JAURES - R DU DOCT ROUX;47,9921030;2,7321740
15401;202000017097;23;2;2020;02:37;5;42;42187;2;1;1;6;Boulevard Jules Ferry;46,0317714;4,0695753
15402;202000017098;23;2;2020;16:41;1;37;37261;2;3;1;3;VAILLANT (RUE EDOUARD);47,3823214;0,7047348
15403;202000017099;23;2;2020;20:00;3;35;35238;1;1;1;4;RN 136;48,1336800; -1,7068500
15404;202000017100;22;2;2020;10:40;1;33;33318;2;3;1;6;Avenue de Beutre;44,7996900; -0,6686500
15405;202000017101;23;2;2020;04:36;5;33;33009;2;1;1;7;D218;44,6503800; -1,1863300
15406;202000017102;23;2;2020;16:48;1;32;32013;1;1;1;2;LAVACANT (CHEMIN DE);43,6233400;0,5878900
15407;202000017104;23;2;2020;01:55;5;17;17300;2;1;1;7;SALINES  RUE DU PONT DES;46,1588760; -1,1219590
15408;202000017105;19;2;2020;18:00;2;15;15014;2;1;2;6;VIALENC (BOULEVARD DU);44,9201431;2,4282079
15409;202000017106;23;2;2020;23:45;5;13;13209;2;1;1;2;CAROLINE (ALLEE);43,2731500;5,4083100
15410;202000017107;23;2;2020;12:45;1;13;13202;2;2;1;3;DAMES (BOULEVARD DES);43,3030980;5,3666150
15411;202000017108;23;2;2020;10:10;1;13;13204;2;3;1;6;PROVENCE (RUE DE);43,3017900;5,3974800
15412;202000017109;23;2;2020;08:30;1;13;13208;2;1;1;3;pointe rouge (ave);43,2472378;5,3739772
15413;202000017110;23;2;2020;17:45;2;06;06088;2;1;1;6;PREFECTURE (R. DE LA);43,7031000;7,2661000
15414;202000017111;22;2;2020;11:55;1;75;75120;2;4;1;3;PORTE DE MONTREUIL;48,8561880;2,4138540
15415;202000017113;23;2;2020;20:20;5;75;75118;2;2;2;3;RUE DE LA CHAPELLE;48,8970940;2,3592170
15416;202000017114;22;2;2020;23:05;5;75;75118;2;2;1;6;BOULEVARD BARBES;48,8883550;2,3495930
15417;202000017115;22;2;2020;20:45;5;75;75114;2;1;1;3;RUE BOULARD;48,8336340;2,3287420
15418;202000017116;22;2;2020;23:35;5;75;75113;2;2;1;3;AVENUE DE LA PORTE D ITALIE;48,8188860;2,3595650
15419;202000017117;23;2;2020;19:30;5;75;75112;2;1;2;1;AVENUE DE SAINT MAURICE;48,8290300;2,4198020
15420;202000017118;23;2;2020;18:02;5;75;75110;2;1;1;6;QUAI DE JEMMAPES;48,8708150;2,3660850
15421;202000017119;23;2;2020;07:17;2;75;75110;2;2;1;2;RUE DU FAUBOURG SAINT MARTIN;48,8737720;2,3583130
15422;202000017120;21;2;2020;21:50;5;75;75109;2;1;1;3;RUE CADET;48,8761240;2,3439670
15423;202000017121;23;2;2020;02:30;5;75;75103;2;2;1;3;BOULEVARD DE SEBASTOPOL;48,8619750;2,3501580
15424;202000017122;22;2;2020;23:50;5;94;94078;2;1;1;4;MELUN (AV DE);48,7238300;2,4444200
15425;202000017123;23;2;2020;02:30;5;93;93078;2;3;1;6;BALLANGER (BD ROBERT);48,9561100;2,5403900
15426;202000017124;23;2;2020;05:30;5;93;93001;2;1;1;-1;R DE LA MOTTE;48,9095010;2,3960530
15427;202000017125;23;2;2020;01:18;5;93;93001;2;5;1;1;129 AV VICTOR HUGO / BD FELIX FAURE;48,9086000;2,3780000
15428;202000017126;21;2;2020;20:00;3;974;97415;1;1;1;3;N1a; -21,0194970;55,2504370
15429;202000017127;10;9;2020;08:45;1;77;77186;1;1;1;5;RD 409 panneau ONF à LIBERATION;48,4169890;2,6090610
15430;202000017128;10;9;2020;07:30;1;76;76351;1;4;1;6;RD 6015;49,5031200;0,1933500
15431;202000017129;9;9;2020;18:20;1;76;76481;1;1;1;1;SAINT BARTHELEMY (ROUTE DE);49,5589100;0,1412100
15432;202000017130;9;9;2020;16:50;1;76;76351;1;1;1;6;RD 6382;49,5244900;0,1618200
15433;202000017131;11;9;2020;14:10;1;72;72181;2;1;1;3;JAURES JEAN (AV) N° IMP 35 A 179;48,0148000;0,1756300
15434;202000017132;9;9;2020;17:50;1;71;71270;2;4;1;3;LECLERC (BOULEVARD GENERAL);46,3018465;4,8196159
15435;202000017133;9;9;2020;16:05;1;71;71105;2;1;1;1;VOISINET (CHEMIN DU);46,2918221;4,7844131
15436;202000017135;11;9;2020;15:50;1;69;69256;2;2;1;3;EMILE ZOLA                          (R );45,7780300;4,9174700
15437;202000017136;11;9;2020;07:50;2;69;69029;2;2;1;6;GENAS (DE)                          (RO);45,7483900;4,9176900
15438;202000017137;10;9;2020;22:20;5;67;67482;2;3;1;6;SCHIRMECK (ROUTE DE);48,5721400;7,7142000
15439;202000017138;10;9;2020;20:44;5;67;67482;2;3;1;3;RATHSAMHAUSEN (RUE DE);48,5688470;7,7625780
15440;202000017140;11;9;2020;17:55;1;65;65440;2;1;1;3;HENRI IV (BOULEVARD);43,2334500;0,0599100
15441;202000017142;11;9;2020;23:25;5;64;64445;2;1;1;7;PAIX;43,3196700; -0,3493100
15442;202000017143;11;9;2020;16:35;1;64;64445;2;1;1;2;DUFAU;43,3110400; -0,3631300
15443;202000017144;9;9;2020;08:30;1;64;64122;2;1;1;3;MARCEL DASSAULT (BD);43,4679800; -1,5396800
15444;202000017145;11;9;2020;10:10;1;64;64102;2;1;1;7;ALLEES MARINES (ROND POINT DES);43,4967300; -1,4833200
15445;202000017146;11;9;2020;09:20;1;64;64102;2;1;1;3;SAINT BERNARD (CHEMIN DE);43,5012700; -1,4820300
15446;202000017147;11;9;2020;22:30;3;62;62400;1;1;1;7;HESDIGNEUL ( D' );50,4855350;2,5943340
15447;202000017148;10;9;2020;20:00;1;59;59324;2;9;1;3;GENERAL DE GAULLE (AV DU);50,2960200;4,1019500
15448;202000017149;11;9;2020;22:20;5;59;59350;2;2;1;3;MONTEBELLO  METRO;50,6217919;3,0456879
15449;202000017150;10;9;2020;16:20;1;57;57336;2;1;1;6;STADE (RUE DU);49,1602172;6,7425949
15450;202000017151;11;9;2020;10:00;1;56;56260;2;6;7;3;MARE(GIRATOIRE DE LA);47,6560600; -2,7916800
15451;202000017152;11;9;2020;11:20;1;54;54395;2;2;1;3;PLACIEUX (RUE DU);48,6761739;6,1628070
15452;202000017153;9;9;2020;22:15;5;54;54395;2;1;1;1;VAYRINGE (RUE);48,7064600;6,1768400
15453;202000017154;10;9;2020;13:10;1;51;51454;2;1;1;-1;Rue de l’Université;49,2526096;4,0369001
15454;202000017156;11;9;2020;12:25;1;47;47323;1;5;1;3;ROUTE NATIONALE 21;44,3900000;0,7177000
15455;202000017157;10;9;2020;09:00;1;47;47323;1;1;1;3;ROUTE NATIONALE 21;44,4020000;0,7396500
15456;202000017158;10;9;2020;17:40;1;45;45004;1;1;1;5;D2060 - 28+620;47,9694449;2,7272092
15457;202000017159;11;9;2020;13:45;1;42;42095;2;1;1;6;Rue de la République;45,3929442;4,2928167
15458;202000017160;11;9;2020;17:00;1;38;38421;2;1;1;1;Rue Jules Flandrin;45,1879600;5,7479400
15459;202000017161;11;9;2020;02:44;5;38;38185;2;1;1;6;Cours Jean Jaurès;45,1807100;5,7167500
15460;202000017162;8;9;2020;17:25;1;37;37261;2;1;1;2;MARECHAL JUIN (BD);47,4050629;0,7028866
15461;202000017163;11;9;2020;18:30;1;35;35238;2;2;1;3;LORIENT (DE);48,1066000; -1,7296000
15462;202000017164;11;9;2020;11:45;1;35;35353;2;1;1;3;LORIENT (DE);48,1049586; -1,7357934
15463;202000017165;11;9;2020;21:45;5;34;34172;2;2;1;3;BRINGUIER (AVENUE PAUL);43,6162200;3,8410500
15464;202000017166;11;9;2020;15:05;1;34;34198;2;1;1;3;BIR HAKEIM;43,5713500;3,9423100
15465;202000017167;11;9;2020;15:10;1;34;34003;2;1;1;6;LATTES ( RUE PIERRE);43,3030000;3,4760000
15466;202000017168;11;9;2020;11:45;1;33;33318;2;1;1;2;RUE DU SERPENT;44,7900400; -0,6358900
15467;202000017171;10;9;2020;14:05;1;22;22113;2;1;1;6;TREGUIER (RUE DE);48,7324314; -3,4561870
15468;202000017172;11;9;2020;16:25;1;14;14118;2;2;1;3;LIBERTE (PLACE DE LA);49,1613250; -0,3423930
15469;202000017174;10;9;2020;17:00;1;13;13209;2;1;3;4;CAMILLE BLANC (BOULEVARD);43,2524755;5,4012662
15470;202000017175;11;9;2020;17:05;1;10;10387;2;2;1;6;CARNOT (RUE);48,2976600;4,0660900
15471;202000017177;11;9;2020;16:30;1;06;06029;2;6;2;1;HUGO (RUE VICTOR)(BOCCA);43,5674600;6,9675600
15472;202000017178;11;9;2020;10:30;1;06;06029;2;1;1;2;BACHAGA SAID BOUALAM (AVENUE);43,5537505;7,0148751
15473;202000017179;9;9;2020;13:40;1;06;06029;2;1;1;2;MIDI (BOULEVARD DU);43,5374900;6,9548200
15474;202000017180;10;9;2020;18:17;1;05;05061;2;1;3;2;VEYNES ( AVENUE DE  );44,5565000;6,0614900
15475;202000017181;11;9;2020;14:20;1;75;75114;2;1;1;3;ECHANGEUR VANVES;48,8250360;2,3035490
15476;202000017182;11;9;2020;12:05;1;75;75117;2;1;1;3;PORTE D ASNIERES;48,8892370;2,2961540
15477;202000017183;10;9;2020;16:00;1;75;75112;2;1;1;3;PORTE DE CHARENTON;48,8308070;2,4031540
15478;202000017184;11;9;2020;14:20;1;75;75109;2;3;1;3;BOULEVARD HAUSSMANN;48,8734190;2,3296980
15479;202000017185;11;9;2020;09:25;1;75;75105;2;3;1;3;BOULEVARD SAINT MICHEL;48,8518310;2,3433900
15480;202000017186;11;9;2020;12:10;1;75;75120;2;2;1;3;RUE PLANCHAT;48,8534130;2,3984560
15481;202000017187;11;9;2020;11:58;1;75;75120;2;7;1;3;PORTE DE BAGNOLET;48,8645040;2,4085070
15482;202000017188;11;9;2020;15:12;1;75;75119;2;2;1;6;BOULEVARD MACDONALD;48,8976160;2,3856920
15483;202000017189;11;9;2020;20:15;2;75;75107;2;4;1;-1;AVENUE DE LA MOTTE PICQUET;48,8560570;2,3081670
15484;202000017190;11;9;2020;02:30;5;75;75114;2;3;1;3;RUE FROIDEVAUX;48,8366190;2,3258320
15485;202000017191;11;9;2020;17:15;1;75;75106;2;2;1;2;BOULEVARD RASPAIL;48,8467430;2,3283360
15486;202000017192;11;9;2020;15:20;1;75;75112;2;3;1;6;RUE DE REUILLY;48,8458030;2,3883750
15487;202000017193;10;9;2020;22:55;5;75;75112;2;2;1;7;AVENUE DAUMESNIL;48,8340130;2,4112920
15488;202000017194;11;9;2020;13:45;1;75;75111;2;3;1;6;AVENUE PARMENTIER;48,8686220;2,3720550
15489;202000017195;11;9;2020;09:20;1;75;75108;2;7;1;6;PLACE DE LA CONCORDE;48,8640700;2,3201260
15490;202000017196;10;9;2020;22:40;5;75;75108;2;2;1;3;RUE DE LISBONNE;48,8776140;2,3125580
15491;202000017197;11;9;2020;01:50;5;75;75104;2;7;1;6;PLACE DE LA BASTILLE;48,8529080;2,3684860
15492;202000017198;10;9;2020;11:40;1;75;75101;2;2;1;3;AVENUE VICTORIA;48,8577280;2,3477850
15493;202000017201;11;9;2020;21:00;3;94;94074;2;1;1;2;HENRI BARBUSSE (AV);48,7642920;2,4420290
15494;202000017202;11;9;2020;15:30;1;94;94041;2;1;1;7;MAURICE THOREZ (AV);48,8187700;2,3748900
15495;202000017203;10;9;2020;20:00;2;94;94041;2;1;1;3;HOCHE (R);48,8110000;2,3740000
15496;202000017204;10;9;2020;17:55;1;94;94011;2;1;1;6;ROSTAND.(RUE JEAN);48,7675630;2,4863340
15497;202000017205;10;9;2020;17:15;1;94;94028;2;1;1;4;avenue de la POMPADOUR;48,7739700;2,4377900
15498;202000017206;10;9;2020;13:25;1;94;94028;2;1;1;6;LAFERRIERE(AVENUE);48,7995300;2,4544600
15499;202000017207;11;9;2020;16:20;1;94;94019;2;3;1;3;CLAIRE (AV);48,8011000;2,5444000
15500;202000017209;11;9;2020;19:20;1;93;93073;2;2;1;3;DEBRIS (RUE JACQUES);48,9561900;2,5766500
15501;202000017210;11;9;2020;15:00;1;93;93078;2;1;1;2;CLEMENCEAU (AVENUE GEORGES);48,9588672;2,5577423
15502;202000017213;11;9;2020;21:05;5;93;93062;2;2;1;6;LIVRY (AVENUE DE);48,9013300;2,5193000
15503;202000017214;11;9;2020;17:45;1;93;93051;2;1;1;6;UNIVERSITE;48,8371600;2,5600800
15504;202000017216;11;9;2020;19:00;1;93;93010;2;1;1;2;AV PASTEUR;48,9051100;2,4860000
15505;202000017217;11;9;2020;18:00;1;93;93071;2;1;1;3;SALVADOR ALLENDE (AVENUE);48,9472700;2,5337800
15506;202000017218;11;9;2020;19:53;5;93;93001;2;9;1;6;WALDECK ROCHET (RUE);48,9117675;2,3676703
15507;202000017219;11;9;2020;10:10;1;92;92046;2;1;1;6;Charles de gaulle;48,8225268;2,2988507
15508;202000017220;11;9;2020;11:20;1;92;92063;2;3;1;3;RICHELIEU (BOULEVARD);48,8716300;2,1834100
15509;202000017221;11;9;2020;13:05;1;92;92044;2;3;1;3;PDT WILSON(RUE) 2A24 ET 1A21;48,8906900;2,2915900
15510;202000017222;10;9;2020;10:40;1;92;92036;2;1;1;3;LOUIS ROCHE (AVENUE) (1/45);48,9268500;2,3146500
15511;202000017223;11;9;2020;10:50;1;92;92026;2;2;1;3;JEAN-PIERRE TIMBAUD;48,8997280;2,2503810
15512;202000017226;11;9;2020;15:29;1;92;92023;2;1;1;3;GENERAL DE GAULLE (AVENUE DU);48,7828000;2,2451100
15513;202000017227;11;9;2020;18:04;1;92;92032;2;3;1;3;DOLIVET J ET M (AVENUE);48,7946100;2,2914300
15514;202000017228;11;9;2020;16:50;1;22;22213;1;1;1;7;Le Boisanne;48,5370110; -1,9817230
15515;202000017229;11;9;2020;22:25;5;95;95199;1;1;1;6;D124;49,0202670;2,3200890
15516;202000017230;12;9;2020;01:30;5;40;40133;2;6;1;6;15 rue Jacques Choquard;43,5782960; -1,4354490
15517;202000017231;12;9;2020;18:30;1;31;31423;1;1;1;6;Route de la Barthe;43,4033170;1,0721970
15518;202000017232;11;9;2020;23:30;3;83;83054;1;1;1;2;A57;43,1550580;6,0421370
15519;202000017233;12;9;2020;11:50;1;83;83148;1;1;1;3;Dn7;43,4050470;6,4043640
15520;202000017235;12;9;2020;01:20;4;02;02232;2;1;1;7;Place de la Gare;49,2342280;2,9895800
15521;202000017237;11;9;2020;18:30;1;19;19276;2;1;7;6;Quai Julian Grimau;45,4248385;1,5653481
15522;202000017238;11;9;2020;08:50;1;19;19248;1;1;1;7;Chemin de Bialet;45,4264640;1,5264720
15523;202000017239;12;9;2020;11:05;1;74;74077;2;6;1;3;Chemin du Trembley;46,0632300;5,8914880
15524;202000017240;12;9;2020;11:30;1;2B;2B273;1;1;1;2;D506;42,4271790;9,4019580
15525;202000017241;11;9;2020;18:50;1;82;82108;1;1;1;3;1166 Route de Lafrancaise;44,1015860;1,2436140
15526;202000017242;11;9;2020;19:30;1;82;82002;1;4;1;1;Route du Bac de Cos;44,0776740;1,4230080
15527;202000017243;11;9;2020;22:40;3;33;33382;2;4;1;6;Lieu Dit le Jard de Bourdillas;45,1924400; -0,4565700
15528;202000017244;12;9;2020;08:30;1;33;33141;1;1;7;6;45 Route de la Brune;44,8355700; -0,3420700
15529;202000017245;12;9;2020;03:15;5;81;81128;2;1;1;6;5 Chemin de Pierre;43,6633110;2,3502830
15530;202000017246;12;9;2020;14:17;1;81;81037;2;1;1;1;Chemin de la Catalanie;43,6319910;2,4906080
15531;202000017249;12;9;2020;15:30;1;63;63407;1;1;1;7;Route Departementale 983;45,6030983;2,8254365
15532;202000017250;18;7;2020;07:45;1;63;63034;1;1;1;3;D2089;45,7938771;3,3010899
15533;202000017252;12;9;2020;12:36;1;42;42130;1;1;1;3;Route de Thuragneux;45,6768820;4,1783020
15534;202000017253;11;9;2020;11:45;1;47;47144;1;1;1;6;Brideau Haut;44,5891220;0,4041020
15535;202000017254;11;9;2020;19:50;1;68;68315;1;1;1;6;Rte 431;47,8909460;7,1127140
15536;202000017255;12;9;2020;10:30;1;39;39453;1;1;1;7;;46,4303890;5,8106630
15537;202000017256;1;9;2020;15:20;1;35;35068;1;1;1;3;Route de Rennes;48,1017890; -1,4296350
15538;202000017257;14;8;2020;09:00;1;35;35299;1;1;1;5;RD76;48,6445870; -1,8851230
15539;202000017258;11;9;2020;14:35;1;35;35223;1;1;1;6;N24;47,9976180; -2,0955350
15540;202000017259;12;9;2020;15:15;1;31;31574;1;1;1;7;D820;43,4317930;1,4171080
15541;202000017260;12;9;2020;00:10;5;38;38397;2;1;1;6;La Bâtie;45,2393600;5,8477800
15542;202000017261;11;9;2020;17:50;1;01;01243;2;1;1;1;Route de Lurcy;46,0521500;4,7707080
15543;202000017262;11;9;2020;18:25;1;01;01243;1;1;1;5;D933;46,0428990;4,7599980
15544;202000017263;8;9;2020;13:00;1;72;72147;1;1;1;1;lieu dit la grande pièce des pâtis;48,1008540;0,1979040
15545;202000017264;12;9;2020;10:56;1;06;06068;1;1;1;1;Chemin de Font Leugne;43,7205520;6,9730620
15546;202000017265;11;9;2020;16:45;1;05;05040;2;2;1;6;Intersection D3 - bretelle d'accès N94;44,5407520;6,2802740
15547;202000017266;12;9;2020;11:15;1;05;05146;1;1;1;2;D1075;44,6197080;5,7023120
15548;202000017267;12;9;2020;19:00;1;50;50484;2;2;1;3;Rue de la République;48,5775630; -1,0941400
15549;202000017268;12;9;2020;03:30;3;90;90072;1;6;1;6;N1019;47,5448021;6,9482063
15550;202000017269;12;9;2020;18:15;1;45;45325;1;1;1;3;D2020-PR 1 + 600;48,1651680;1,9151700
15551;202000017271;11;9;2020;19:15;2;21;21425;2;1;1;6;8 Rue Georges Loye;47,6244830;4,3390390
15552;202000017272;12;9;2020;16:15;1;04;04157;1;1;1;7;RD 953;43,8899871;6,1321209
15553;202000017273;12;9;2020;13:15;1;85;85128;1;1;1;1;Route de la Roche sur Yon;46,4791400; -1,1818800
15554;202000017274;11;9;2020;16:10;1;88;88082;2;3;7;6;9 Rue de la Tournelle;48,4547020;6,9498790
15555;202000017275;11;9;2020;17:00;1;35;35210;1;3;1;3;Le Grand Chemin;48,1764690; -1,7607360
15556;202000017278;22;7;2020;16:00;1;971;97118;2;9;2;6;Chemin de Clede;16,2025130; -61,6070230
15557;202000017279;7;9;2020;11:30;1;33;33527;2;6;1;3;Rue de Boulange;44,6232930; -1,0244860
15558;202000017280;12;9;2020;04:45;3;30;30253;1;1;1;6;Le Mas Dieu;44,2208247;4,0837671
15559;202000017282;12;9;2020;11:05;1;05;05139;1;4;1;6;D17;44,6789450;5,9563600
15560;202000017283;11;9;2020;13:40;1;71;71360;1;1;1;7;D17e;46,3321629;4,7348433
15561;202000017284;12;9;2020;17:10;1;21;21294;1;1;1;-1;Rue Humbert de Gillens;47,1048260;4,9935728
15562;202000017285;12;9;2020;13:15;1;74;74281;2;3;1;1;23 Chemin du Clos de Champagne;46,3774812;6,4991266
15563;202000017286;23;7;2020;22:45;3;44;44114;1;1;1;6;Rue du Petit Bois;47,3066590; -1,6368560
15564;202000017287;12;9;2020;17:35;1;01;01104;1;1;1;7;D 991 -  La Rivière;46,2436650;5,8972920
15565;202000017288;11;9;2020;18:00;1;32;32200;1;1;1;5;route departementale 943 Pk 5.300;43,6215610;0,5030860
15566;202000017289;12;9;2020;17:35;1;85;85019;1;1;1;1;La Voirie;46,7983890; -1,4127010
15567;202000017290;11;9;2020;22:35;3;22;22233;1;1;1;6;Route d'Yvias;48,7330120; -3,0645420
15568;202000017291;11;9;2020;15:50;1;27;27329;1;2;1;3;1 Rue de Boursonne;49,2006910;1,4721140
15569;202000017292;11;9;2020;17:45;1;13;13055;1;1;1;4;A507 sens Marseille - Aubagne;43,3026565;5,4253574
15570;202000017293;11;9;2020;16:20;1;13;13070;1;1;1;4;Sens Aubagne vers Marseille;43,2853736;5,5153621
15571;202000017294;11;9;2020;14:10;1;13;13202;1;1;1;4;A55-Sens Martigues vers Marseille;43,3198660;5,3637740
15572;202000017295;10;9;2020;19:25;1;13;13203;1;1;2;7;A557-Liaison A7 Marseille-A55 Marseille;43,3183609;5,3654754
15573;202000017296;11;9;2020;11:30;1;69;69142;1;1;1;4;M7   2.278 A 3.690;45,7275700;4,8165800
15574;202000017297;28;8;2020;12:50;1;42;42005;1;1;1;4;A72;45,5258600;4,2875400
15575;202000017298;11;9;2020;17:30;1;33;33281;1;1;1;4;ROCADE A 630;44,8450500; -0,6712400
15576;202000017299;11;9;2020;08:30;1;33;33122;1;1;1;2;AUTOROUTE A 63;44,7594100; -0,6809800
15577;202000017300;10;9;2020;03:12;3;33;33474;1;1;1;6;AUTOROUTE A 62;44,6754200; -0,4811400
15578;202000017301;10;9;2020;10:30;1;59;59346;1;1;1;6;AUTOROUTE A27;50,6008090;3,1333090
15579;202000017302;10;9;2020;08:30;1;59;59527;1;1;1;3;ROUTE DEPARTEMENTALE 652;50,6673010;3,0298220
15580;202000017303;11;9;2020;16:30;1;91;91687;1;1;1;2;AUTOROUTE A6;48,6494700;2,3853500
15581;202000017304;11;9;2020;09:45;1;91;91182;1;9;1;3;RN 104;48,6133200;2,4311200
15582;202000017305;11;9;2020;08:55;1;92;92036;1;1;1;2;A86;48,9356468;2,2855372
15583;202000017307;11;9;2020;09:40;1;93;93027;1;1;1;7;AUTOROUTE A86;48,9246600;2,3898500
15584;202000017308;11;9;2020;19:20;1;77;77169;1;1;1;6;RN104;48,8153740;2,6242250
15585;202000017309;11;9;2020;07:25;1;94;94079;1;1;1;3;A4;48,8349000;2,5375000
15586;202000017310;11;9;2020;02:20;3;94;94042;1;1;1;-1;A4;48,8275754;2,4705096
15587;202000017311;10;9;2020;21:58;3;77;77468;1;1;1;6;A4;48,8324290;2,6639490
15588;202000017312;23;6;2020;10:45;1;82;82121;2;1;1;6;BRIAND (RUE ARISTIDE);44,0166700;1,3453000
15589;202000017313;10;9;2020;07:46;1;988;98818;2;1;1;4;ROUTE EXPRESS DU MONT DORE; -22,2363800;166,4862000
15590;202000017314;10;9;2020;17:57;1;973;97302;1;1;1;4;CABASSOU (ROUTE DE);4,9147211; -52,3101998
15591;202000017316;10;9;2020;23:00;5;69;69259;2;4;1;6;VIENNE (DE)                         (RO);45,7162869;4,8548960
15592;202000017317;10;9;2020;16:00;1;69;69388;1;1;1;3;MARIUS BERLIET                      (R );45,7376500;4,8680400
15593;202000017318;14;6;2020;15:15;1;66;66172;2;1;1;6;Avenue de Torremila;42,7178890;2,8576950
15594;202000017319;14;6;2020;04:45;3;28;28392;1;1;1;2;Autorute A10 dans le sens province vers Paris au PK 61+555;48,2393660;1,8507670
15595;202000017320;10;6;2020;06:00;1;971;97128;1;4;1;6;Route de Ffrench;16,2440950; -61,3698430
15596;202000017321;12;6;2020;08:35;1;29;29297;1;1;2;1;Rue du Faouët;47,8806570; -3,5377050
15597;202000017322;14;6;2020;06:00;2;37;37253;1;1;1;6;;47,2621623;1,0126558
15598;202000017323;14;6;2020;13:00;1;05;05180;1;1;1;3;D994E;44,8271850;6,5229070
15599;202000017324;14;6;2020;18:25;1;52;52001;1;1;1;6;Allee de la Genevroye;48,1173090;5,3530880
15600;202000017325;14;6;2020;19:50;1;01;01376;2;3;1;4;Route de Genève;45,8298830;4,9797730
15601;202000017327;12;6;2020;16:00;1;31;31291;1;1;1;6;D 65;43,5931050;1,2745860
15602;202000017330;14;6;2020;00:00;3;22;22176;2;1;2;7;Rue du Menhir;48,4415970; -2,7469470
15603;202000017331;12;6;2020;04:00;3;13;13216;1;1;1;2;A55-Sens Marseille vers Martigues;43,3458090;5,3458070
15604;202000017332;12;6;2020;08:25;1;13;13055;1;1;1;2;A507 sens Aubagne- Marseille;43,3288700;5,4161500
15605;202000017333;13;6;2020;13:00;1;33;33063;1;1;2;4;ROCADE A 630;44,8839000; -0,5583700
15606;202000017334;13;6;2020;16:00;1;94;94038;1;1;1;4;AUTOROUTE A6A;48,7798100;2,3467800
15607;202000017336;13;6;2020;21:20;1;93;93005;1;1;1;6;AUTOROUTE A3;48,9493600;2,4764500
15608;202000017337;13;6;2020;14:10;1;60;60612;1;1;1;7;AUTOROUTE A1;49,1850200;2,6053100
15609;202000017338;12;6;2020;07:00;1;95;95365;1;1;2;3;RN 104;49,0666500;2,4026200
15610;202000017339;12;6;2020;08:00;1;77;77053;1;1;2;-1;N104;48,6925256;2,5950965
15611;202000017340;13;3;2020;15:10;1;86;86066;2;1;1;6;Rue Joseph Mergau;46,8029800;0,5248900
15612;202000017341;11;6;2020;14:40;1;988;98818;2;3;1;3;RUE DU 18 JUIN/RUE RENE MILLARD; -22,2768100;166,4681800
15613;202000017342;13;6;2020;01:10;5;974;97409;2;1;2;6;Rue de Cambuston; -20,9324100;55,6462100