;Num_Acc;jour;mois;an;hrmn;lum;dep;com;agg;int;atm;col;adr;lat;long
15614;202000017343;12;6;2020;13:20;1;974;97409;2;3;1;3;CHEMIN AGENOR; -20,9459480;55,6831380
15615;202000017344;12;6;2020;23:50;5;69;69387;2;1;2;3;CLAUDE BERNARD                      (QU);45,7507560;4,8361301
15616;202000017345;12;6;2020;15:40;1;972;97213;2;9;1;3;Z I LA JAMBETTE;14,6160000; -61,0320000
15617;202000017346;9;6;2020;11:30;1;69;69385;2;1;2;6;ROMAIN ROLLAND                      (QU);45,7639500;4,8289400
15618;202000017347;12;6;2020;18:05;1;971;97120;2;2;1;3;ZONE INDUSTRIELLE DE BERGEVIN;16,2451000; -61,5400000
15619;202000017348;12;6;2020;22:00;5;2A;2A004;2;1;1;7;GEORGES POMPIDOU AVENUE;41,9328864;8,7558195
15620;202000017349;11;6;2020;17:45;1;2A;2A004;2;1;1;3;MONT THABOR RUE DU;41,9345700;8,7553400
15621;202000017350;12;6;2020;01:40;5;95;95277;2;1;2;6;DE THEILLEY PIERRE (RUE);48,9881591;2,4479768
15622;202000017351;12;6;2020;20:50;1;95;95018;2;1;1;6;PERI (AVENUE GABRIEL);48,9436800;2,2515700
15623;202000017353;11;6;2020;17:25;1;87;87085;2;1;3;6;PERRIN (RUE FRANCOIS);45,8232500;1,2211300
15624;202000017354;11;6;2020;08:58;1;87;87085;2;3;1;3;SAGNES (RUE DES);45,8774600;1,2928400
15625;202000017355;24;2;2020;02:45;5;87;87085;2;1;1;6;PALAIS (ROUTE DU);45,8481600;1,2936900
15626;202000017356;12;6;2020;10:20;1;86;86157;1;1;1;3;N147;46,5327200;0,4321100
15627;202000017358;12;6;2020;20:00;1;81;81021;2;3;1;3;TOULOUSE;43,4987500;2,3686100
15628;202000017359;12;6;2020;00:20;5;79;79191;2;2;1;3;Avenue de la Rochelle;46,3152400; -0,4743000
15629;202000017360;30;4;2020;10:45;1;78;78517;2;9;1;6;AMPERE ANDRE (RUE);48,6533600;1,8503000
15630;202000017361;11;6;2020;10:20;1;76;76600;2;2;1;3;HUIT MAI 1945;49,7418000;0,3680000
15631;202000017362;3;6;2020;16:10;1;73;73008;2;2;1;1;D991D / GRAND PORT (RONDEAU) AVENUE DU;45,7045939;5,8909442
15632;202000017363;12;6;2020;19:40;1;69;69266;2;1;2;1;CROIX LUIZET  (Pont de);45,7838600;4,8952500
15633;202000017364;12;6;2020;11:40;1;69;69264;2;1;2;5;BERTHIER  PIERRE   R;45,9869100;4,7233500
15634;202000017366;12;6;2020;11:35;1;67;67204;2;1;1;1;ROBERTSAU (IMPASSE DE LA);48,6208640;7,7610110
15635;202000017367;12;6;2020;05:50;1;67;67482;2;3;1;3;COMTES (ALLEE DES);48,5804808;7,7152559
15636;202000017368;11;6;2020;18:40;1;67;67482;2;1;1;2;LEON DACHEUX (AVENUE);48,5642500;7,7563600
15637;202000017369;5;6;2020;19:30;1;65;65251;2;1;1;2;PYRENEES  (AV DES);43,2102000;0,0730000
15638;202000017370;11;6;2020;19:15;1;65;65440;2;2;8;5;CARNOT (RUE);43,2240210;0,0698020
15639;202000017371;12;6;2020;10:55;1;64;64445;2;1;1;3;Avenue du Président Kennedy;43,3101110; -0,3659910
15640;202000017372;12;6;2020;12:10;1;64;64102;2;1;1;3;PAMPELUNE (AVENUE DE);43,4885000; -1,4794000
15641;202000017373;7;4;2020;15:25;1;62;62628;2;3;1;3;LORRAINE (R DE);50,4246316;2,8892230
15642;202000017374;11;6;2020;11:00;1;62;62193;2;9;1;1;SAINT EXUPERY (AVENUE. 325 A ...);50,9466800;1,9051600
15643;202000017375;10;6;2020;18:10;1;57;57672;2;3;1;3;ALBERT 1ER (AVENUE) - IMPAIR;49,3598700;6,1709100
15644;202000017376;11;6;2020;22:45;5;56;56098;2;6;8;3;LANN-SEVELIN (ROND POINT DE);47,7777500; -3,3452100
15645;202000017377;12;6;2020;15:15;1;54;54025;2;1;1;6;Av de la Chartreuse;48,6618610;6,2517750
15646;202000017378;12;6;2020;14:17;1;54;54197;1;9;1;2;ERFURT (CHEMIN D');48,6188391;6,2040192
15647;202000017379;12;6;2020;09:00;1;54;54395;2;6;8;2;RD 674;48,6772476;6,2064198
15648;202000017381;11;6;2020;10:50;1;51;51454;1;1;1;7;Avenue de Champagne;49,2335604;4,0389679
15649;202000017382;12;6;2020;05:00;3;50;50203;1;1;2;6;INGOUFS (LIEU DIT);49,6049400; -1,6419900
15650;202000017383;12;6;2020;08:22;1;45;45234;1;1;2;3;D2020 - PR 37+100;47,8327580;1,9181000
15651;202000017384;12;6;2020;17:22;1;42;42044;2;1;3;6;Vallée de Cotatay;45,3903854;4,3488303
15652;202000017386;11;6;2020;15:56;1;38;38544;2;1;1;6;Rue Henri Jacquier;45,5240000;4,8760000
15653;202000017387;12;6;2020;19:55;1;35;35051;2;1;2;3;48 Cours de la Vilaine;48,1150063; -1,6087117
15654;202000017388;12;6;2020;14:00;1;35;35238;2;9;1;3;Rue de Lorient;48,1069700; -1,7278700
15655;202000017389;12;6;2020;03:20;5;34;34172;2;6;2;6;GRANIER (PLACE ERNEST);43,6017330;3,9013173
15656;202000017390;12;6;2020;10:20;1;33;33075;1;2;1;3;AVE DU MEDOC / ROCADE A630 -E7-;44,8796200; -0,6268300
15657;202000017391;23;5;2020;22:09;5;30;30189;2;3;1;3;FRANCAIS LIBRES (BD);43,8303100;4,3235700
15658;202000017392;11;6;2020;18:59;1;29;29232;2;1;3;6;Avenue de la Liberation;47,9917400; -4,0765100
15659;202000017393;12;6;2020;19:00;1;29;29019;2;9;1;3;Rue Edouard Belin;48,4175365; -4,4605636
15660;202000017394;25;5;2020;08:10;1;29;29019;2;2;1;1;Rue Charles Filiger;48,4014535; -4,4568207
15661;202000017395;10;6;2020;17:40;1;29;29019;2;1;1;2;Avenue Maréchal Foch;48,3958899; -4,4886137
15662;202000017396;12;6;2020;07:40;2;28;28085;2;1;2;7;MERMOZ (RUE JEAN);48,4524600;1,5219800
15663;202000017397;12;6;2020;01:15;5;26;26362;2;1;1;7;1 Allée Louis Paufique;44,9119730;4,9152190
15664;202000017398;12;6;2020;07:50;2;26;26198;1;1;1;1;1 chemin des Travailleurs;44,5535300;4,7105200
15665;202000017399;9;6;2020;13:30;1;22;22278;1;9;1;4;VILLE JOUHA (BD DE LA);48,5044800; -2,7840100
15666;202000017400;12;6;2020;17:00;1;17;17300;2;2;8;3;VILLENEUVE   RUE;46,1595600; -1,1474300
15667;202000017401;12;6;2020;08:25;1;17;17300;2;1;1;6;SAINT-LOUIS   RUE;46,1607800; -1,1458000
15668;202000017402;11;6;2020;21:00;1;13;13108;2;6;1;1;ROI RENE (BOULEVARD);43,8058900;4,6550100
15669;202000017404;11;6;2020;05:30;1;13;13214;2;1;1;7;AYGALADES (AVENUE DES);43,3330300;5,3679700
15670;202000017405;12;6;2020;12:10;1;06;06069;2;1;1;2;SIDI BRAHIM (AVENUE);43,6499080;6,9303480
15671;202000017406;12;6;2020;13:30;1;06;06123;2;1;1;2;DE GAULLE GENERAL AVENUE;43,6671470;7,1925400
15672;202000017407;11;6;2020;19:45;1;06;06004;2;9;1;3;POINCARE BD RAYMOND;43,5719000;7,1068000
15673;202000017408;12;6;2020;07:55;1;01;01014;2;1;1;6;CD 31;46,2843000;5,6626900
15674;202000017409;10;6;2020;06:00;1;75;75117;2;1;1;3;PORTE DE SAINT OUEN;48,9004880;2,3220650
15675;202000017410;9;6;2020;15:40;1;75;75117;2;1;1;2;PORTE D ASNIERES;48,8895910;2,2974170
15676;202000017411;11;6;2020;02:45;5;75;75112;2;2;1;3;BOULEVARD DIDEROT;48,8480310;2,3928470
15677;202000017412;12;6;2020;16:30;1;75;75119;2;1;1;6;AVENUE JEAN JAURES;48,8881370;2,3906360
15678;202000017413;12;6;2020;02:15;5;75;75119;2;2;3;6;AVENUE DE LA PORTE DU PRE SAINT GERVAIS;48,8820070;2,4024860
15679;202000017414;11;6;2020;23:30;5;75;75119;2;1;2;3;AVENUE JEAN JAURES;48,8890510;2,3940050
15680;202000017415;12;6;2020;07:30;1;75;75117;2;7;2;7;PLACE GENERAL CATROUX;48,8829160;2,3090400
15681;202000017416;11;6;2020;23:54;5;75;75117;2;5;3;6;AVENUE DE VILLIERS;48,8856330;2,2917160
15682;202000017417;10;6;2020;13:15;1;75;75117;2;3;1;6;AVENUE DE SAINT OUEN;48,8958850;2,3284170
15683;202000017418;11;6;2020;16:30;1;75;75116;2;2;1;3;ROUTE DE LA MUETTE A NEUILLY;48,8738270;2,2641400
15684;202000017419;12;6;2020;18:20;1;75;75114;2;3;1;3;RUE D ALESIA;48,8298360;2,3211720
15685;202000017420;12;6;2020;16:10;1;75;75112;2;2;1;3;AVENUE DAUMESNIL;48,8349770;2,4198160
15686;202000017421;11;6;2020;18:55;1;75;75112;2;1;1;3;AVENUE DAUMESNIL;48,8357980;2,4221390
15687;202000017422;12;6;2020;16:00;1;75;75108;2;2;1;6;RUE DE COURCELLES;48,8750320;2,3092110
15688;202000017423;12;6;2020;15:10;1;75;75108;2;2;1;3;RUE DE ROME;48,8822160;2,3203490
15689;202000017424;12;6;2020;17:40;1;75;75103;2;4;1;3;RUE SAINT MARTIN;48,8672580;2,3546150
15690;202000017425;12;6;2020;09:50;1;94;94080;2;1;2;6;MIDI (R DU);48,8471200;2,4371200
15691;202000017426;12;6;2020;18:00;1;94;94078;2;1;1;4;PARIS (R DE);48,7307150;2,4468840
15692;202000017427;12;6;2020;15:50;1;94;94078;2;1;1;2;L'APPEL DU DIX-HUIT JUIN 1940 (AV DE);48,7582130;2,4435070
15693;202000017428;12;6;2020;19:45;1;94;94068;2;9;9;6;GAMBETTA (AV);48,7976770;2,4916760
15694;202000017429;12;6;2020;15:50;1;94;94003;2;1;1;6;CONVENTION (AV DE LA);48,8100000;2,3300000
15695;202000017430;10;6;2020;21:45;5;94;94022;2;1;1;3;GAMBETTA (AV);48,7634700;2,4023190
15696;202000017431;12;6;2020;21:20;1;94;94047;1;1;1;6;FRANCOIS COPPEE (R);48,7082710;2,5417430
15697;202000017432;12;6;2020;06:45;1;93;93070;2;1;2;2;MICHELET(AV):N°1AU 103;48,9036794;2,3440203
15698;202000017433;11;6;2020;21:45;5;93;93053;2;3;3;1;ROSNY (AVENUE DE) N° 56 A 242;48,8932694;2,4706029
15699;202000017434;12;6;2020;14:22;1;93;93046;2;1;2;6;ROBERT SCHUMANN BOULEVARD;48,9287805;2,5507077
15700;202000017435;11;6;2020;22:35;5;93;93046;2;5;2;3;BD JEAN JAURES / AV EMILE GERARD;48,9225400;2,5243000
15701;202000017436;12;6;2020;17:30;1;93;93045;2;1;1;3;R DE PARIS;48,8784033;2,4112546
15702;202000017437;12;6;2020;18:53;1;93;93066;2;1;1;6;POTERIE;48,9451300;2,3472200
15703;202000017438;12;6;2020;08:30;1;92;92025;2;1;2;3;PRESIDENT SALVADOR ALLENDE (RUE DU);48,9225620;2,2461010
15704;202000017439;11;6;2020;11:15;1;92;92025;2;1;1;6;BOURNARD (RUE DU);48,9229540;2,2550870
15705;202000017440;11;6;2020;17:45;1;92;92024;2;1;1;1;GENERAL LECLERC (BD DU) (9 A 59)   (4 A;48,9010500;2,3156100
15706;202000017441;2;6;2020;14:55;1;92;92024;2;9;1;6;GENERAL LECLERC (BD DU) (9 A 59)   (4 A;48,9010726;2,3155645
15707;202000017443;13;6;2020;20:23;1;01;01333;1;1;2;1;Saint-André-de-Corcy;45,9143330;4,9422380
15708;202000017444;13;6;2020;17:45;1;86;86186;1;3;2;3;la Talboterie;46,8784990;0,6354900
15709;202000017445;13;6;2020;14:30;1;67;67452;1;1;1;3;Départementale 41;48,6514500;7,5833670
15710;202000017446;12;6;2020;12:30;1;48;48140;1;1;3;2;A75;44,8195640;3,2725520
15711;202000017447;28;5;2020;08:30;1;30;30202;2;1;1;6;Boulevard Gambetta ;44,2556061;4,6476290
15712;202000017448;12;6;2020;12:15;1;51;51630;1;1;2;7;D36;48,9421921;3,9266433
15713;202000017449;13;6;2020;01:10;3;56;56087;2;1;1;7;Rue du Dolmen;47,5957210; -2,8473280
15714;202000017450;12;6;2020;18:49;1;31;31351;1;1;1;1;Route d'Aussonne;43,6731220;1,2976580
15715;202000017452;10;6;2020;09:10;1;80;80212;2;7;1;6;Place Jean Catelas;49,9093580;2,5085970
15716;202000017453;13;6;2020;02:15;3;65;65083;1;1;1;4;D8;43,1754360;0,1027930
15717;202000017455;13;6;2020;16:00;1;61;61486;1;2;1;1;Lieu Dit la Beharie;48,7334510; -0,7891490
15718;202000017456;30;5;2020;06:05;1;61;61194;2;2;1;3;Le Bourg (Montgaroult);48,7496770; -0,1298740
15719;202000017457;12;6;2020;16:20;1;46;46034;1;2;1;6;D25;44,7102530;1,9001200
15720;202000017458;12;6;2020;12:46;1;44;44146;1;1;1;2;D244;47,7399580; -1,4510110
15721;202000017460;12;6;2020;12:00;1;02;02179;1;1;1;6;D14;49,2577710;3,6166420
15722;202000017461;13;6;2020;19:30;1;72;72083;1;1;1;6;D43;47,9487540; -0,2153810
15723;202000017462;13;6;2020;10:30;1;72;72319;1;3;8;3;Lieu Dit les Tuileries;48,1250840;0,1012590
15724;202000017463;13;6;2020;18:00;1;05;05004;1;1;8;6;D13;44,6229450;6,1659910
15725;202000017464;13;6;2020;10:15;1;60;60641;2;3;1;1;Grande Rue;49,4708400;3,0082640
15726;202000017465;13;6;2020;12:20;1;64;64040;1;1;1;-1;D132;43,0363680; -0,7468560
15727;202000017466;13;6;2020;16:40;2;64;64147;1;3;1;3;cd 21;43,4474910; -1,3344090
15728;202000017468;13;6;2020;09:10;1;28;28082;1;3;1;1;D116;48,6969450;1,4481840
15729;202000017469;13;6;2020;09:30;1;28;28350;1;1;1;6;D923;48,4431520;1,3240670
15730;202000017470;13;6;2020;09:30;1;87;87104;1;1;1;3;LACOUR;45,7195550;1,8144290
15731;202000017471;13;6;2020;00:40;3;30;30003;1;1;1;6;RD 62;43,5696330;4,1091010
15732;202000017472;13;6;2020;17:00;1;30;30341;2;2;1;3;78 Avenue Maurice Privat;43,6901020;4,2748030
15733;202000017473;13;6;2020;02:45;4;52;52058;2;1;1;6;Rue de la Fontaine;48,2022100;5,1406830
15734;202000017474;12;6;2020;14:25;1;08;08305;1;1;2;6;D951;49,6284820;4,6045970
15735;202000017475;13;6;2020;03:50;3;13;13051;1;1;1;4;RD113;43,5898410;5,1166680
15736;202000017476;13;6;2020;15:00;1;973;97309;2;2;1;3;Route de Rémire;4,9077030; -52,2728470
15737;202000017477;12;6;2020;13:15;1;11;11370;1;1;1;2;A9;43,2240670;3,0978870
15738;202000017478;13;6;2020;09:30;1;974;97418;2;1;8;7;3 Rue de la Pépinière; -20,8987310;55,5334690
15739;202000017479;12;6;2020;09:00;1;971;97129;1;1;1;1;SECTION LÉOTARD;16,3040220; -61,7027810
15740;202000017480;12;6;2020;14:45;1;91;91386;2;1;1;6;Rue de Paris;48,5725790;2,4341580
15741;202000017481;11;6;2020;22:20;3;84;84092;2;1;1;1;Rue Albert Camus;43,9701850;4,8635810
15742;202000017483;12;6;2020;19:30;1;68;68040;1;1;1;7;Rue Joffre;47,8212770;7,0749000
15743;202000017484;12;6;2020;19:55;1;68;68331;1;1;1;7;D415;48,0476120;7,4607510
15744;202000017485;13;6;2020;01:29;3;73;73248;1;1;1;6;D1006;45,2840172;6,3554802
15745;202000017487;12;6;2020;21:40;1;85;85003;1;1;2;6;D978;46,7671800; -1,6169800
15746;202000017488;13;6;2020;02:20;3;50;50041;1;1;1;7;Rue des Marettes;49,6738910; -1,7534140
15747;202000017489;13;6;2020;08:00;1;60;60446;1;1;1;6;D330a;49,1467614;2,7918492
15748;202000017490;13;6;2020;12:00;1;59;59524;1;1;1;5;Rue du 8 Mai;50,5727440;2,8977510
15749;202000017491;11;6;2020;11:30;1;13;13055;1;1;1;3;A507 sens Aubagne- Marseille;43,2931396;5,4242349
15750;202000017492;11;6;2020;17:00;1;83;83137;1;1;1;2;A50;43,1250600;5,9062500
15751;202000017493;10;6;2020;15:55;1;83;83062;1;1;1;2;A57;43,1434000;6,0142000
15752;202000017494;1;2;2020;17:35;1;69;69290;1;1;1;2;A43  ;45,7075000;4,9559000
15753;202000017495;12;6;2020;14:00;1;91;91216;1;1;1;4;AUTOROUTE A6;48,6683200;2,3539200
15754;202000017497;12;6;2020;08:20;1;93;93005;1;1;3;5;AUTOROUTE A3;48,9526300;2,4740200
15755;202000017498;12;6;2020;05:45;2;93;93027;1;1;2;6;AUTOROUTE A86;48,9282900;2,4122500
15756;202000017499;11;6;2020;22:45;3;93;93066;1;1;3;3;AUTOROUTE A86;48,9220800;2,3640400
15757;202000017500;11;6;2020;08:20;1;95;95395;1;1;1;4;RN 104;49,0680000;2,3945800
15758;202000017501;11;6;2020;03:45;3;95;95582;1;1;1;2; A15;48,9667130;2,2560757
15759;202000017502;12;6;2020;06:20;1;77;77083;1;1;2;5;A4.W;48,8320393;2,6005324
15760;202000017503;10;6;2020;17:30;2;974;97416;2;1;7;6;HIPPOLYTE  PIOT (RUE); -21,2968000;55,4512800
15761;202000017504;12;6;2020;00:15;3;974;97407;2;1;1;7;20 DECEMBRE 1948(AVENUE DU); -20,9433900;55,2976200
15762;202000017506;11;6;2020;09:45;1;69;69388;2;1;1;6;11 NOVEMBRE 1918 (DU)               (PL);45,7367500;4,8690800
15763;202000017507;11;6;2020;09:15;1;69;69383;2;1;1;2;RICHARD VITTON                      (CO);45,7537000;4,8896000
15764;202000017508;11;6;2020;15:17;1;972;97209;2;1;1;2;CLUNY (ROUTE DE);14,6224600; -61,0797600
15765;202000017509;10;8;2020;07:30;1;54;54329;2;1;1;6;rd 400;48,5973800;6,4751400
15766;202000017510;12;8;2020;19:25;1;51;51454;2;1;1;7;Avenue Edmond Michelet;49,2207992;4,0350354
15767;202000017511;11;8;2020;16:40;1;50;50218;2;7;1;3;AMERIQUES (BOULEVARD);48,8309260; -1,5750920
15768;202000017512;11;8;2020;17:00;1;49;49007;2;1;3;6;BARANGE BOULEVARD;47,4603700; -0,5722900
15769;202000017513;12;8;2020;07:35;2;45;45147;2;6;1;2;Rue Fernand et Marcelle Rivière;47,9379900;1,8948900
15770;202000017514;9;8;2020;15:35;1;34;34003;2;9;1;-1;POMPIDOU (H12 A 14;43,3065900;3,4676500
15771;202000017515;12;8;2020;13:50;1;33;33009;2;3;1;3;DESBIEY (CRS);44,6593300; -1,1704300
15772;202000017516;11;8;2020;20:10;1;29;29232;1;1;1;7;D34 - Boulevard Louis le Guennec;47,9854200; -4,1112100
15773;202000017517;12;8;2020;03:03;3;29;29039;2;1;1;6;Boulevard Alfred Guillou;47,8750500; -3,9286200
15774;202000017519;11;8;2020;12:19;1;17;17300;2;1;1;7;CIMETIERE   AVENUE DU;46,1652000; -1,1202000
15775;202000017520;11;8;2020;12:10;1;13;13203;2;1;1;6;PLACIDE CAFFO (PLACE);43,3130630;5,3848440
15776;202000017522;12;8;2020;12:30;1;13;13215;2;1;1;4;GARE (BOULEVARD DE LA) ;43,3578000;5,3659000
15777;202000017523;10;8;2020;10:15;1;13;13208;2;9;1;3;MICHELET (BOULEVARD);43,2628750;5,3967390
15778;202000017524;12;8;2020;15:30;1;13;13047;1;9;8;2;FOS (ROUTE DE) - RN 569;43,4874500;4,9639300
15779;202000017525;12;8;2020;07:10;1;13;13005;1;1;1;4;RN 96 (ROUTE NATIONALE );43,3069270;5,5745691
15780;202000017526;11;8;2020;15:48;1;11;11069;2;1;1;2;MONTREAL -ROUTE DE -;43,2120000;2,3174000
15781;202000017527;12;8;2020;13:00;1;10;10387;2;4;1;1;LOMBARDS (AVENUE);48,2689700;4,0847300
15782;202000017528;11;8;2020;20:45;5;06;06088;2;1;1;6;DELFINO (BD GENERAL);43,7044730;7,2877420
15783;202000017529;12;8;2020;09:30;1;75;75116;2;1;1;2;BOULEVARD PERIPHERIQUE;48,8635580;2,2657610
15784;202000017530;12;8;2020;01:50;5;75;75116;2;1;1;3;AVENUE DU PRESIDENT WILSON;48,8636070;2,2892980
15785;202000017531;11;8;2020;13:20;1;75;75116;2;4;1;2;BOULEVARD PERIPHERIQUE;48,8772660;2,2796200
15786;202000017532;12;8;2020;14:34;1;75;75120;2;1;1;3;BOULEVARD DAVOUT;48,8547200;2,4104850
15787;202000017533;12;8;2020;10:30;1;75;75117;2;3;1;3;BOULEVARD BESSIERES;48,8976130;2,3241540
15788;202000017534;12;8;2020;09:45;1;75;75115;2;1;1;6;RUE PETEL;48,8408000;2,2993820
15789;202000017535;10;8;2020;09:34;1;75;75115;2;7;1;2;RUE DE LA CONVENTION;48,8354990;2,3023920
15790;202000017536;12;8;2020;15:25;1;75;75107;2;2;1;3;RUE SAINT DOMINIQUE;48,8599350;2,3101680
15791;202000017537;3;8;2020;13:58;1;75;75109;2;3;1;6;RUE DE CHATEAUDUN;48,8759890;2,3384300
15792;202000017539;12;8;2020;15:00;1;75;75107;2;2;1;3;QUAI ANATOLE FRANCE;48,8625890;2,3190170
15793;202000017540;11;8;2020;17:40;2;75;75104;2;1;2;6;RUE DE RIVOLI;48,8553940;2,3603700
15794;202000017541;12;8;2020;12:10;1;94;94042;2;2;1;3;JEAN D ESTIENNE D ORVES (AV);48,8212600;2,4719100
15795;202000017542;12;8;2020;11:30;1;94;94065;2;1;1;6;avenue de versailles;48,7477200;2,3644000
15796;202000017543;12;8;2020;13:30;1;94;94079;2;1;1;2;LEON DAUER (R);48,8255010;2,5365270
15797;202000017544;12;8;2020;19:50;1;94;94017;2;7;1;2;STALINGRAD (BD DE);48,8278000;2,4939000
15798;202000017545;12;8;2020;20:45;5;93;93005;2;9;8;2;CHARLES DE GAULLE [CD115] (AVENUE);48,9305061;2,4826894
15799;202000017546;12;8;2020;19:00;1;93;93066;2;1;3;5;"""STALINGRAD (AVENUE), NR 88 A 114 BIS""";48,9474758;2,3744230
15800;202000017547;12;8;2020;17:50;1;93;93053;2;3;1;3;ROSNY (AVENUE DE) N° 56 A 242;48,8941245;2,4706881
15801;202000017548;11;8;2020;20:30;1;93;93048;2;1;1;6;STALINGRAD (RUE DE);48,8551000;2,4464000
15802;202000017549;12;8;2020;20:20;2;92;92062;2;1;1;6;BERGERES (RD-PT DES) DU 117 AU 141;48,8845901;2,2276962
15803;202000017550;12;8;2020;15:00;1;92;92062;2;1;1;3;DE DION BOUTON (QUAI) DU 29 AU 65;48,8869890;2,2529295
15804;202000017551;12;8;2020;12:15;1;92;92044;2;1;1;7;VIC. HUGO(RUE)115A149 ET 148A178;48,8988673;2,2938401
15805;202000017552;12;8;2020;11:00;1;92;92012;2;1;1;3;JEAN JAURES (BOULEVARD) 1/61 - COTE IMPA;48,8412570;2,2392020
15806;202000017553;12;8;2020;16:50;1;92;92007;2;6;1;3;VAILLANT-COUTURIER (AVENU PAUL);48,7945100;2,3165000
15807;202000017554;12;8;2020;15:00;1;92;92007;2;1;1;2;PASTEUR (AVENUE LOUIS) N° 1 A 39 ET 2 A;48,7983017;2,3175808
15808;202000017555;13;8;2020;11:05;1;2A;2A035;2;1;1;6;Belvédère-Campomoro;41,6288730;8,8160200
15809;202000017556;13;8;2020;17:50;1;86;86272;1;1;8;1;Route de Rettel;46,8277850;0,4845790
15810;202000017557;13;8;2020;07:15;1;11;11068;1;1;1;3;A61;43,1799620;2,5623890
15811;202000017560;6;8;2020;13:10;1;972;97226;1;1;1;2;D9;14,4381350; -60,8762310
15812;202000017561;6;5;2020;22:10;3;26;26337;1;9;1;7;autoroute du Soleil;44,7072230;4,7858330
15813;202000017562;13;8;2020;14:40;1;22;22005;1;1;1;2;4 Kerboll;48,5521080; -3,3791170
15814;202000017563;11;8;2020;07:45;1;59;59462;1;1;1;2;D925;50,5254660;3,0047770
15815;202000017564;13;8;2020;11:18;1;19;19031;1;1;2;4;A20;45,1188720;1,5010500
15816;202000017565;13;8;2020;04:00;3;41;41136;1;1;2;7;A10;47,7147620;1,4766110
15817;202000017567;12;8;2020;15:00;1;67;67434;2;3;1;3;Route de Sarrebourg;48,9329908;7,0891112
15818;202000017568;11;8;2020;12:10;1;79;79202;2;6;1;3;Avenue Pierre Mendes-france;46,6461880; -0,2478040
15819;202000017569;1;8;2020;15:00;1;79;79066;1;1;1;7;Le Petit Chanteloup;46,5076820; -0,3663680
15820;202000017570;13;8;2020;14:20;1;2A;2A085;1;3;1;3;D302;41,9114750;8,8372990
15821;202000017571;13;8;2020;16:25;1;71;71561;1;1;2;1;Ligny-en-Brionnais;46,2449737;4,2161409
15822;202000017572;13;8;2020;07:10;1;61;61297;2;2;1;3;D932;48,6454000;0,4780550
15823;202000017573;12;8;2020;14:30;1;12;12069;1;1;6;6;D 999;43,8766750;2,7019500
15824;202000017574;13;8;2020;00:00;3;47;47269;1;1;8;1;D215;44,1904210;0,7631640
15825;202000017575;13;8;2020;14:10;1;41;41060;2;1;2;6;26 Rue de l'Eglise;47,9685660;0,8930250
15826;202000017576;13;8;2020;11:30;1;34;34283;1;1;1;7;D9;43,8142470;3,3910420
15827;202000017577;13;8;2020;05:00;2;25;25512;1;1;1;1;LES ALLEMANDS;47,1513770;6,6972400
15828;202000017578;11;8;2020;18:20;1;29;29245;1;3;1;5;Carrefour D25 / D59;48,4569100; -4,3623350
15829;202000017579;12;8;2020;16:00;1;31;31091;2;1;8;1;3 Avenue de l'Industrie;43,7183420;1,3955750
15830;202000017580;13;8;2020;11:50;1;38;38453;2;1;1;3;Route de Valence;45,1168300;5,3268700
15831;202000017581;12;8;2020;13:00;1;38;38006;1;1;1;6;Route du Collet d'Allevard;45,3917300;6,1013900
15832;202000017582;13;8;2020;15:30;1;03;03157;1;1;1;5;;46,2103884;3,5217316
15833;202000017583;12;8;2020;15:27;1;06;06163;2;1;1;1;Avenue Jean Medecin;44,0564650;7,5867460
15834;202000017584;13;8;2020;15:00;1;50;50417;1;1;1;6;D56;49,5860930; -1,3283370
15835;202000017585;12;8;2020;16:34;1;83;83074;1;1;1;-1;2900 Route Napoléon;43,7779874;6,6430353
15836;202000017586;13;8;2020;02:04;3;60;60471;1;1;1;1;D1032;49,5706080;3,0219220
15837;202000017587;13;8;2020;12:00;1;60;60159;1;8;1;1;N31;49,4137404;2,9218270
15838;202000017588;11;8;2020;21:40;5;43;43268;2;6;1;3;Route de Retournac;45,1439330;4,1185430
15839;202000017589;12;8;2020;17:45;1;07;07172;1;1;1;1;Route de Picot;45,2892260;4,7363470
15840;202000017590;13;8;2020;06:45;1;40;40168;2;4;2;1;32 Avenue du Marensin;43,7825700; -1,2255070
15841;202000017591;12;8;2020;17:00;1;23;23008;2;1;8;6;63 Avenue de la République;45,9500340;2,1587440
15842;202000017592;12;8;2020;14:45;1;87;87137;1;2;1;3;D85;45,7412470;0,8020990
15843;202000017593;13;8;2020;08:20;1;37;37108;1;1;1;6;D31;47,1654165;1,0293230
15844;202000017594;13;8;2020;16:15;1;48;48038;1;1;2;7;D45;44,8466500;3,6697980
15845;202000017595;13;8;2020;13:20;1;72;72058;1;1;1;4;A28;47,9675430;0,3292890
15846;202000017596;12;8;2020;23:15;3;80;80443;1;1;3;6;A29;49,8106630;1,8417120
15847;202000017598;9;10;2020;17:15;1;14;14244;1;1;1;6;D39;48,9104600; -0,1369370
15848;202000017599;10;10;2020;08:15;1;60;60259;1;1;1;7;Fresnoy-en-Thelle;49,2039400;2,2675720
15849;202000017600;13;8;2020;09:00;1;01;01425;1;1;1;3;A40;46,1038950;5,2907860
15850;202000017601;9;10;2020;20:45;3;59;59139;1;1;1;3;D45;50,1058130;3,4050970
15851;202000017602;28;7;2020;08:05;1;67;67234;1;1;1;5;A4;48,9725382;7,0674947