;Num_Acc;jour;mois;an;hrmn;lum;dep;com;agg;int;atm;col;adr;lat;long
15852;202000017603;12;8;2020;00:15;5;972;97230;2;1;1;6;31 Rue Joseph Lagrosilliere;14,7422370; -60,9633220
15853;202000017604;7;10;2020;18:55;2;83;83137;1;1;1;2;A57;43,1213200;5,9533100
15854;202000017605;12;8;2020;22:40;5;06;06099;2;1;1;6;Promenade Lieutenant Rene Maurin;43,9549870;6,9162250
15855;202000017606;12;8;2020;15:15;1;39;39389;1;1;1;6;;46,7361250;5,8760760
15856;202000017607;9;10;2020;19:00;2;33;33013;1;1;1;2;ROUTE NATIONALE 230;44,8650300; -0,5038400
15857;202000017608;13;8;2020;10:15;1;71;71176;2;1;1;6;2 Rue des Acacias;46,4811876;3,9926332
15858;202000017609;8;10;2020;22:50;4;59;59350;1;1;1;2;AUTOROUTE A25;50,6218570;3,0217730
15859;202000017610;12;8;2020;18:12;1;68;68012;1;1;1;3;Rte;47,7868790;7,1312210
15860;202000017611;9;10;2020;12:15;1;78;78524;1;1;2;6;A13;48,8389000;2,1108000
15861;202000017612;8;10;2020;21:40;5;988;98818;2;1;2;6;VE1 SENS SUD//NORD HT STE LE FROID; -22,2489800;166,4540800
15862;202000017613;8;10;2020;11:10;1;974;97411;2;1;1;6;JAURES (BOULEVARD JEAN); -20,8900400;55,4644800
15863;202000017614;12;8;2020;13:45;1;57;57144;1;1;1;1;D29;49,1344310;6,8573250
15864;202000017615;8;10;2020;06:35;2;974;97411;2;3;2;3;VINH-SAN (BLD 1 DU PRINCE); -20,8863200;55,4398300
15865;202000017616;12;8;2020;12:15;1;74;74280;2;1;1;1;Rue de la Saulne;45,8826710;6,3257650
15866;202000017617;8;10;2020;19:20;3;973;97302;1;6;1;3;CRIQUE FOUILLEE (ROND POINT);4,8970353; -52,3284280
15867;202000017618;11;8;2020;19:10;1;38;38205;1;1;1;-1;La Chenevarie;45,1433900;5,6099200
15868;202000017619;12;8;2020;13:50;1;85;85112;1;1;8;3;D32;46,5858690; -1,7619540
15869;202000017620;8;10;2020;18:15;1;69;69383;2;3;1;3;RABELAIS                            (R );45,7628600;4,8471800
15870;202000017621;6;8;2020;05:00;3;50;50224;1;1;1;6;le colombier;48,9957310; -0,9109750
15871;202000017622;8;10;2020;08:45;1;69;69387;2;2;1;2;JEAN JAURES                         (AV);45,7360800;4,8365200
15872;202000017623;12;8;2020;19:30;2;27;27213;1;3;3;3;Vexin-sur-Epte;49,1880250;1,6630230
15873;202000017624;8;10;2020;08:05;1;69;69386;2;2;1;3;TETE D'OR (DE LA)                   (R );45,7651000;4,8532000
15874;202000017625;12;8;2020;16:10;1;33;33013;1;1;1;4;ROUTE NATIONALE 230;44,8658900; -0,5038800
15875;202000017626;7;10;2020;23:46;5;69;69383;2;1;1;2;TURBIL                              (R );45,7557800;4,8680000
15876;202000017627;4;8;2020;22:55;3;59;59009;1;1;1;2;ROUTE NATIONALE 227;50,6254090;3,1354240
15877;202000017628;7;10;2020;22:20;3;972;97213;1;1;1;2;ROUTE NATIONALE 1;14,6322300; -60,9799000
15878;202000017629;12;8;2020;17:00;1;94;94038;1;1;1;3;AUTOROUTE A6B;48,7910400;2,3447000
15879;202000017630;6;10;2020;19:25;5;972;97213;2;1;1;3;ROUTE NATIONALE 5;14,5962000; -60,9925000
15880;202000017631;8;10;2020;15:10;1;95;95491;2;6;1;3;DE GAULLE (RUE CHARLES);49,0011800;2,2359900
15881;202000017632;12;8;2020;01:00;4;92;92050;1;1;1;7;A14;48,8937815;2,2323865
15882;202000017633;8;10;2020;22:50;5;91;91691;2;1;1;6;AUGUSTE RENOIR(RUE);48,7117200;2,4911700
15883;202000017634;12;8;2020;05:40;2;95;95151;1;1;1;6;RN 104;49,0648400;2,2615500
15884;202000017635;6;10;2020;12:30;1;91;91377;2;4;2;3;MARTYRS DE SOWETO (AVENUE DES);48,7345000;2,2705000
15885;202000017636;11;8;2020;22:15;3;93;93001;2;1;1;6;AUTOROUTE A86;48,9208900;2,3717300
15886;202000017637;8;10;2020;08:40;2;91;91326;2;1;1;1;GAMBETTA (QUAI);48,6849600;2,3850300
15887;202000017638;12;8;2020;09:00;1;94;94046;1;1;1;3;A86 EXT;48,8129273;2,4489558
15888;202000017639;8;10;2020;07:56;5;87;87085;2;1;2;2;AUTOROUTE A20;45,8457259;1,2773431
15889;202000017640;12;6;2020;07:30;1;82;82121;2;1;1;6;54 DE GAULLE (AVENUE CHARLES);44,0094420;1,3684270
15890;202000017641;7;10;2020;16:20;1;86;86194;2;2;1;2;Rue du Faubourg du Pont Neuf;46,5727372;0,3628925
15891;202000017642;10;8;2020;16:00;1;974;97407;1;1;1;5;ROUTE NATIONALE N° 1; -20,9551000;55,3126000
15892;202000017643;7;10;2020;11:05;1;86;86066;2;6;1;3;RD 161 - ROCADE EST;46,8370800;0,5402900
15893;202000017644;10;8;2020;20:55;4;973;97302;2;3;1;3;FELIX EBOUE(ROCADE);4,9275000; -52,3192000
15894;202000017645;5;10;2020;17:45;1;84;84087;2;9;8;3;VERDUN (AVENUE DE);44,1280400;4,8213100
15895;202000017646;10;8;2020;16:00;1;973;97302;2;1;1;3;BADUEL (ROUTE DE);4,9354000; -52,3126000
15896;202000017647;7;10;2020;17:50;1;78;78423;2;1;1;6;ABOUT (AVENUE NICOLAS);48,7785600;2,0383000
15897;202000017648;11;8;2020;21:30;2;69;69388;2;2;1;3;ALBERT THOMAS                       (CO);45,7469200;4,8671200
15898;202000017649;11;8;2020;15:45;1;69;69387;2;2;1;3;JEAN JAURES                         (AV);45,7481700;4,8436600
15899;202000017650;10;8;2020;16:40;1;69;69383;2;2;1;3;LAFAYETTE                           (CO);45,7637000;4,8430000
15900;202000017651;11;8;2020;08:40;1;69;69383;2;1;1;6;ARMENIE (D')                        (R );45,7500000;4,8400000
15901;202000017652;8;10;2020;07:00;5;76;76575;2;1;1;1;LENINE. BOULEVARD;49,3816770;1,1097900
15902;202000017653;11;8;2020;06:30;1;972;97213;2;1;1;7;ROUTE DEPARTEMENTALE 3;14,6099136; -60,9964371
15903;202000017654;9;8;2020;03:50;5;69;69382;2;3;1;6;DOCTEUR GAILLETON (DU)              (QU);45,7532477;4,8338880
15904;202000017655;7;10;2020;16:10;1;76;76540;2;3;1;3;MONT RIBOUDET. AVENUE DU;49,4480700;1,0667100
15905;202000017656;10;8;2020;14:44;1;90;90010;2;9;1;3;RABIN (PLACE YITZHAK);47,6415500;6,8571800
15906;202000017657;7;10;2020;08:42;1;76;76231;2;3;1;6;NEUBOURG. RUE DU (RN 840);49,2800451;1,0075128
15907;202000017658;3;10;2020;20:45;5;71;71486;2;1;1;6;HENRI BARBUSSE (RUE);46,6437072;4,3779016
15908;202000017660;11;8;2020;15:30;1;83;83137;2;3;1;3;JUIN (AVE ALPHONSE);43,1202700;5,9472700
15909;202000017661;8;10;2020;20:30;2;69;69256;2;1;1;2;PAUL MARCELLIN                      (AV);45,7767300;4,9312400
15910;202000017662;8;9;2020;08:05;1;69;69264;2;1;1;6;LECLERC GENERAL  BD;45,9953897;4,7162075
15911;202000017663;10;8;2020;12:10;1;83;83126;2;3;1;3;CARMILLE ( AV DU GENERAL);43,0951920;5,8886640
15912;202000017664;7;10;2020;18:00;2;67;67447;2;1;3;6;BITCHE (RUE DE);48,6098600;7,7518000
15913;202000017665;8;7;2020;06:55;1;82;82121;2;6;7;6;LEOJAC (AVENUE DE);44,0218100;1,3787100
15914;202000017666;9;8;2020;09:00;1;80;80021;2;1;1;6;CESAR FRANCK (RUE);49,9115900;2,3095500
15915;202000017667;7;10;2020;23:40;5;66;66136;2;2;1;3;MERMOZ (AVENUE JEAN);42,6960416;2,9055807
15916;202000017668;10;8;2020;09:05;1;79;79191;2;1;1;3;Avenue de Sevreau;46,3149700; -0,5058100
15917;202000017669;7;10;2020;15:40;1;65;65440;2;1;1;3;AZEREIX (AVENUE D');43,2235900;0,0498510
15918;202000017670;10;8;2020;22:10;5;76;76540;2;1;1;4;VAL D'EAUPLET. RUE DU;49,4326600;1,1080300
15919;202000017671;8;10;2020;15:00;1;64;64129;2;2;1;2;BAYONNE DE;43,3023000; -0,3964800
15920;202000017672;9;8;2020;02:15;5;76;76681;2;2;1;3;14 JUILLET. AVENUE DU;49,4110800;1,0769700
15921;202000017673;5;9;2020;14:30;1;62;62215;2;3;1;3;VIEUX CHATEAU (R DU);50,4814500;2,9643600
15922;202000017674;11;8;2020;17:56;1;72;72095;1;1;1;2;BALLON (RTE DE);48,0401600;0,2125400
15923;202000017675;11;8;2020;17:45;1;68;68376;2;1;1;6;Rue de l’Ill;47,8021963;7,3403037
15924;202000017677;10;8;2020;13:20;1;67;67482;2;2;1;3;RHIN (AVENUE DU);48,5725000;7,7659400
15925;202000017678;7;10;2020;08:50;1;62;62846;2;6;7;3;CD 943;50,4792600;2,7350200
15926;202000017679;7;10;2020;18:00;1;59;59426;2;1;1;2;SCHUMAN (RUE ROBERT);50,7449794;3,1536824
15927;202000017680;10;8;2020;09:25;1;67;67482;2;1;1;2;THUMENAU (RUE DE LA);48,5717110;7,7552160
15928;202000017681;8;10;2020;15:35;1;59;59368;2;2;8;3;DE COUBERTIN PIERRE  BOULEVARD;50,6486200;3,0693000
15929;202000017682;7;10;2020;10:47;1;54;54578;2;2;2;6;BAUDRICOURT (BD DE);48,6780902;6,1595549
15930;202000017683;8;10;2020;18:21;1;51;51454;2;1;1;7;Boulevard Albert 1er;49,2750136;4,0177077
15931;202000017684;8;8;2020;23:53;5;66;66136;2;2;1;3;DALBIEZ (AVENUE VICTOR);42,6895930;2,8844190
15932;202000017686;9;8;2020;16:37;1;66;66136;1;1;1;2;Départementale  617;42,7088300;2,9131300
15933;202000017687;7;10;2020;07:55;4;50;50502;2;1;2;-1;EXODE;49,1054800; -1,0871400
15934;202000017688;11;8;2020;21:50;5;65;65440;2;2;1;3;SEPTEMBRE (RUE DU IV);43,2288000;0,0830000
15935;202000017689;7;10;2020;13:10;1;49;49007;2;1;1;1;CHAUMIN BOULEVARD;47,4502000; -0,5586500
15936;202000017690;8;10;2020;06:15;3;45;45232;2;1;2;6;Rue Marcel Belot;47,8396488;1,9141623
15937;202000017691;10;8;2020;17:00;1;64;64122;2;1;1;7;VERDUN (AVENUE DE);43,4821428; -1,5517684
15938;202000017692;9;8;2020;10:44;1;64;64125;2;1;1;6;ESPAGNE (AVENUE D');43,4298341; -1,5998980
15939;202000017693;11;8;2020;13:10;1;64;64024;2;9;1;7;UNION (ROND POINT DE L');43,4857920; -1,5036560
15940;202000017694;10;8;2020;16:15;1;64;64102;2;1;1;4;BASQUE (AVENUE DU GRAND);43,4900000; -1,4559000
15941;202000017695;10;8;2020;16:25;1;64;64024;2;1;1;7;BAYONNE (AVENUE DE);43,4811000; -1,5118000
15942;202000017696;27;6;2020;19:30;1;62;62842;2;1;2;1;GRISON (R JEAN BAPTISTE);50,4599724;2,8311990
15943;202000017697;9;8;2020;14:40;1;59;59375;2;1;1;2;FAUBOURG DE LILLE (RUE DU);50,4087500;3,2771700
15944;202000017698;8;10;2020;17:10;1;44;44162;2;1;1;-1;RUE DE L'HOTEL DE VILLE;47,2112200; -1,6494200
15945;202000017699;10;8;2020;08:35;1;59;59017;2;3;7;3;FAIDHERBE (BD );50,6816550;2,8740610
15946;202000017700;7;10;2020;08:00;1;41;41212;2;1;2;3;NATIONALE (ROUTE);47,5687400;1,3619800
15947;202000017701;9;8;2020;10:00;1;56;56098;2;3;7;1;KESLER DEVILLERS (AVENUE);47,7686000; -3,3448200
15948;202000017702;8;10;2020;09:45;1;38;38516;2;1;1;3;Boulevard de la Chantourne;45,1978000;5,7454000
15949;202000017704;8;10;2020;08:40;1;37;37122;2;2;1;-1;PETIT MORON (RUE DU );47,3304715;0,6641810
15950;202000017705;8;8;2020;18:00;2;56;56083;2;1;7;6;REPUBLIQUE ( AV. DE LA );47,7986300; -3,2946500
15951;202000017706;8;10;2020;19:35;5;33;33063;2;8;1;6;CRS PASTEUR;44,8356100; -0,5753500
15952;202000017707;1;8;2020;18:20;1;52;52121;2;1;1;3;ABATTOIR (RUE DE L');48,1202870;5,1497930
15953;202000017708;7;10;2020;19:37;5;33;33063;2;1;1;1;CRS DE L'ARGONNE;44,8298900; -0,5732300
15954;202000017709;11;8;2020;09:10;1;51;51474;2;1;1;7;Rue Emile Druart;49,2754470;4,0006361
15955;202000017710;8;10;2020;09:10;1;31;31555;2;1;1;3;BD MATABIAU;43,6150000;1,4478500
15956;202000017711;10;8;2020;17:05;1;50;50502;2;9;1;1;HUTREL;49,1046700; -1,0941100
15957;202000017712;8;10;2020;01:20;5;31;31555;2;1;1;6;CHE DES IZARDS;43,6378507;1,4441818
15958;202000017713;10;8;2020;08:55;1;50;50218;2;1;1;6;ROGER MARIS (RUE);48,8376400; -1,5931300
15959;202000017714;7;10;2020;10:00;1;31;31555;2;1;1;3;BD DE STRASBOURG;43,6105900;1,4434900
15960;202000017715;10;8;2020;02:40;4;49;49328;2;1;1;-1;347;47,2794500; -0,0707500
15961;202000017716;6;10;2020;11:50;1;31;31555;1;1;2;6;ECHANGEUR ST MARTIN (A624-RD901);43,6172900;1,3940300
15962;202000017717;10;8;2020;10:24;1;49;49007;2;2;1;3;CARNOT;47,4753600; -0,5485700
15963;202000017718;3;10;2020;16:58;1;31;31555;2;1;3;6;ALL JEAN JAURES;43,6068177;1,4501523
15964;202000017719;11;8;2020;02:35;5;47;47323;2;1;1;6;CAYREL JEAN-CLAUDE (AVENUE);44,4194800;0,7005500
15965;202000017720;3;10;2020;15:20;1;31;31555;1;1;2;2;A621;43,6173900;1,3940600
15966;202000017721;2;10;2020;20:25;5;31;31069;2;1;1;3;GRENADE (ROUTE DE);43,6478610;1,3832890
15967;202000017722;11;8;2020;17:45;1;45;45338;2;2;1;1;Rue Jean Mermoz - Rue des plantes;47,9810800;2,7164500
15968;202000017723;8;10;2020;13:35;1;28;28134;2;1;1;3;MARCHEBEAUX (RUE DES);48,7340100;1,3609200
15969;202000017724;11;8;2020;13:15;1;45;45004;2;1;1;2;ANTIBES (AVENUE D');47,9800300;2,7330500
15970;202000017725;10;8;2020;11:45;1;42;42207;2;4;7;1;Rue Marcellin Champagnat;45,4467700;4,5049200
15971;202000017726;3;10;2020;20:20;5;26;26362;2;2;2;3;58 Boulevard Maréchal Juin;44,9135100;4,8935500
15972;202000017727;2;10;2020;09:11;1;22;22215;2;2;1;3;FONTAINE MORIN (RUE DE LA);48,4924870; -2,7953610
15973;202000017728;20;7;2020;18:25;1;40;40281;2;6;1;3;KENNEDY (AV DU PDT. JOHN FIDGERALD);43,8666700; -0,4884700
15974;202000017729;8;8;2020;15:45;1;38;38185;2;1;1;6;A480;45,1648200;5,7016100
15975;202000017730;8;10;2020;09:55;1;15;15014;2;6;1;3;PREVERT (RUE JACQUES);44,9173001;2,4222627
15976;202000017731;8;8;2020;03:15;4;38;38179;1;1;1;6;Avenue de la Combe;45,1687000;5,7971800
15977;202000017732;2;10;2020;07:45;2;15;15014;2;1;1;6;DOCTEUR CHIBRET (RUE DU);44,9356800;2,4529300
15978;202000017733;8;10;2020;22:24;5;13;13213;2;1;1;6;ENJOLRAS (AVENUE);43,3367500;5,4522170
15979;202000017734;11;8;2020;15:25;1;33;33069;2;6;1;3;AVE JULES GUESDE;44,8647700; -0,5874000
15980;202000017735;8;10;2020;14:00;1;13;13212;2;1;1;3;SAINT PIERRE (RUE);43,2913300;5,4169900
15981;202000017736;8;10;2020;11:00;1;13;13203;2;1;1;6;RUFFI (RUE DE);43,3093800;5,3727100
15982;202000017737;6;8;2020;09:30;1;33;33318;2;2;1;2;AVE DU BOURGAILH;44,7994800; -0,6632100
15983;202000017738;8;10;2020;09:20;1;13;13208;2;1;1;2;GASTON CREMIEUX (RUE);43,2796600;5,3791100
15984;202000017739;10;8;2020;12:00;1;33;33529;1;1;1;7;BISCAROSSE (AVE DE) JUSQU'A DUNE;44,5607800; -1,2344700
15985;202000017740;7;10;2020;15:54;1;10;10333;2;1;1;4;AUXERRE (ROUTE),;48,2740140;4,0581780
15986;202000017741;10;8;2020;21:00;2;31;31555;2;1;1;-1;AV DES ETATS UNIS;43,6335870;1,4313830
15987;202000017742;8;10;2020;11:00;1;09;09122;2;1;1;3;LERIDA (AVENUE DE);42,9627700;1,6039500
15988;202000017743;7;10;2020;17:35;1;06;06029;1;1;1;2;BUISSONS ARDENTS;43,5585000;6,9675000
15989;202000017744;11;8;2020;14:30;1;25;25056;2;1;1;1;FAURE AVENUE EDGAR;47,2442740;6,0179490
15990;202000017745;7;10;2020;17:00;1;02;02722;1;1;1;2;ROUTE NATIONALE 31;49,3750000;3,2970700
15991;202000017746;28;7;2020;14:48;1;24;24037;2;9;1;3;DE GAULLE (AVENUE DU GENERAL);44,8343700;0,4490300
15992;202000017747;7;8;2020;20:40;1;23;23096;1;2;1;3;940 (ROUTE DEPARTEMENTALE);46,1392470;1,8644360
15993;202000017748;8;10;2020;15:55;1;75;75119;2;4;1;4;PORTE DE PANTIN;48,8873610;2,3968070
15994;202000017749;8;10;2020;09:30;1;75;75116;2;1;1;3;PORTE DAUPHINE;48,8691710;2,2706870
15995;202000017751;11;8;2020;12:35;1;14;14137;2;3;1;3;CAUMONT (ROUTE DE );49,1871970; -0,4257370
15996;202000017753;10;8;2020;18:50;1;13;13206;2;1;1;1;LIEUTAUD (COURS);43,2907540;5,3832490
15997;202000017754;6;10;2020;17:10;1;75;75115;2;3;2;6;RUE DE LA CROIX NIVERT;48,8466190;2,2996600
15998;202000017755;8;10;2020;15:29;1;75;75118;2;2;8;6;BOULEVARD BARBES;48,8883640;2,3495970
15999;202000017756;10;8;2020;17:30;1;13;13047;2;1;1;6;MOURGUETTES ALL‚E DES;43,4918800;4,9853200
16000;202000017757;8;10;2020;09:20;1;75;75118;2;5;1;3;RUE CUSTINE;48,8884140;2,3480270
16001;202000017760;8;10;2020;17:30;1;75;75114;2;3;1;2;RUE DE LA TOMBE ISSOIRE;48,8289360;2,3332450
16002;202000017761;27;7;2020;13:00;1;11;11262;2;1;1;-1;MARCORIGNAN (ROUTE DE);43,1999100;2,9712400
16003;202000017762;8;10;2020;02:35;5;75;75114;2;2;1;6;BOULEVARD BRUNE;48,8246430;2,3195450
16004;202000017763;6;8;2020;08:11;1;06;06030;2;1;1;6;FERRY (RUE JULES);43,5725910;7,0031450
16005;202000017764;10;8;2020;11:16;2;06;06123;2;6;1;3;POMPIDOU GEORGES BOULEVARD;43,6660000;7,1960000
16006;202000017765;7;10;2020;20:05;5;75;75114;2;3;1;3;RUE DIDOT;48,8321830;2,3203880
16007;202000017766;8;10;2020;15:05;1;75;75113;2;3;1;7;AVENUE D ITALIE;48,8277800;2,3567680
16008;202000017767;10;8;2020;17:20;1;02;02738;2;1;1;2;MAUGER(RUE DU);49,6497800;3,3176500
16009;202000017768;11;8;2020;17:15;1;75;75118;2;4;1;4;BOULEVARD PERIPHERIQUE;48,9006890;2,3442370
16010;202000017769;8;10;2020;08:35;1;75;75113;2;3;1;3;AVENUE DES GOBELINS;48,8331830;2,3543880
16011;202000017770;11;8;2020;01:30;5;75;75117;2;4;1;3;AVENUE DE LA PORTE DE CLICHY;48,8962780;2,3099980
16012;202000017771;8;10;2020;10:35;1;75;75112;2;1;1;2;BOULEVARD DIDEROT;48,8478390;2,3913390
16013;202000017772;11;8;2020;16:44;1;75;75114;2;4;2;3;AVENUE DE LA PORTE DE CHATILLON;48,8223920;2,3143730
16014;202000017773;8;10;2020;07:10;2;75;75112;2;2;1;3;QUAI DE LA RAPEE;48,8458420;2,3676420
16015;202000017774;11;8;2020;16:30;1;75;75113;2;2;8;3;QUAI PANHARD ET LEVASSOR;48,8281030;2,3848710
16016;202000017775;11;8;2020;10:44;1;75;75113;2;1;1;3;BOULEVARD DE L HOPITAL;48,8349730;2,3581040
16017;202000017776;8;10;2020;19:00;2;75;75108;2;7;1;3;PLACE DE L ALMA;48,8647290;2,3017030
16018;202000017778;8;10;2020;07:50;1;75;75108;2;7;2;3;PLACE DE LA CONCORDE;48,8643550;2,3202960
16019;202000017779;11;8;2020;16:25;1;75;75110;2;7;1;3;PLACE FRANZ LISZT;48,8779050;2,3516070
16020;202000017780;8;10;2020;18:45;1;75;75103;2;3;1;3;RUE DE BRETAGNE;48,8634020;2,3615440
16021;202000017781;11;8;2020;13:40;1;75;75109;2;4;7;7;RUE NOTRE DAME DE LORETTE;48,8789890;2,3368380
16022;202000017782;11;8;2020;17:05;1;75;75102;2;1;2;7;RUE MONTORGUEIL;48,8653730;2,3469500
16023;202000017783;8;10;2020;11:00;1;75;75102;2;1;8;6;BOULEVARD MONTMARTRE;48,8715750;2,3423890
16024;202000017784;10;8;2020;09:50;1;94;94076;2;1;1;3;STALINGRAD (AV DE);48,7820000;2,3677200
16025;202000017785;8;10;2020;09:25;1;75;75103;2;3;1;3;RUE DE TURENNE;48,8599810;2,3645570
16026;202000017786;10;8;2020;09:50;1;94;94028;2;1;1;6;AVET.(RUE PAUL FRANCOIS);48,7956700;2,4634600
16027;202000017788;7;10;2020;10:57;1;94;94068;2;6;1;6;GARIBALDI (R);48,7900000;2,4880000
16028;202000017789;11;8;2020;15:15;1;94;94017;2;1;1;6;Rue Louis Talamoni;48,8131400;2,5126100
16029;202000017790;6;10;2020;19:35;5;94;94068;2;2;1;3;VERDUN (AV DE);48,8018820;2,5143030
16030;202000017791;11;8;2020;18:40;1;93;93078;2;1;2;3;BALLANGER (BD ROBERT);48,9560732;2,5405555
16031;202000017792;8;10;2020;14:10;1;94;94046;2;1;1;3;PIERRE CURIE (R);48,8107280;2,4254010
16032;202000017793;11;8;2020;10:20;1;93;93059;2;1;1;2;Boulevard Jean Mermoz;48,9722900;2,3662200
16033;202000017794;8;10;2020;14:15;1;94;94076;2;4;1;-1;PARIS (AV DE);48,8041900;2,3644900
16034;202000017796;8;10;2020;17:25;1;94;94022;2;9;1;6;ROLLIN REGNIER (R);48,7682330;2,4063710
16035;202000017797;8;10;2020;16:30;1;94;94022;2;1;1;6;ALLIES (BD DES);48,7653620;2,4052550
16036;202000017798;10;8;2020;21:25;5;93;93029;2;2;1;3;R ANATOLE FRANCE / CH LATERAL;48,9335000;2,4555000
16037;202000017799;8;10;2020;10:45;1;94;94022;2;2;1;7;NEWBURN (AV DE);48,7548900;2,4115200
16038;202000017801;7;10;2020;16:50;1;94;94019;2;1;1;2;CHENNEVIERES (RTE DE);48,8056310;2,5327270
16039;202000017802;10;8;2020;17:48;1;92;92049;2;2;1;3;GINOUX AVENUE HENRI AUTRES N°;48,8180073;2,3222646
16040;202000017803;10;8;2020;13:00;1;92;92020;2;1;1;3;LASEGUE RUE N° IMPAIRS;48,8027600;2,2790940
16041;202000017804;8;10;2020;09:20;1;94;94004;2;1;1;6;PARIS (R DE);48,7522210;2,5088500
16042;202000017807;8;10;2020;07:45;1;93;93029;2;9;1;3;SADI CARNOT;48,9253333;2,4410775
16043;202000017808;8;10;2020;07:20;1;93;93013;2;1;8;2;LECLERC (AVENU DE LA DIVISION);48,9361837;2,4270859
16044;202000017809;7;10;2020;22:05;5;93;93014;2;1;1;6;GAGARINE (BOULEVARD);48,9066200;2,5376000
16045;202000017810;8;10;2020;16:20;1;92;92075;2;6;8;7;CARREFOUR DE L'INSURRECTION;48,8202200;2,2906400
16046;202000017811;8;10;2020;20:20;5;92;92040;2;1;1;7;PDT ROOSEVELT (QUAI DU);48,8298674;2,2608635
16047;202000017812;8;10;2020;06:45;5;92;92040;2;1;2;3;AUGUSTE GERVAIS;48,8229633;2,2734637
16048;202000017813;7;10;2020;13:20;1;92;92026;2;3;1;1;MARCEAU;48,9007800;2,2445600
16049;202000017814;6;10;2020;20:05;5;92;92025;2;5;8;3;YOURI GAGARINE (RUE);48,9257770;2,2452620
16050;202000017816;8;10;2020;18:45;2;92;92012;2;1;1;6;EDOUARD VAILLANT (AVENUE) 57/FIN - 58/FI;48,8348415;2,2470649
16051;202000017817;8;10;2020;17:50;1;49;49244;1;1;8;1;D151;47,3205850; -0,8927460
16052;202000017818;8;10;2020;17:00;1;971;97133;1;1;1;1;Route de Mazarin, RD 6;15,9584560; -61,7088800
16053;202000017819;9;10;2020;14:00;1;62;62390;2;1;1;6;Route de Berck;50,3879000;1,6099400
16054;202000017820;12;8;2020;12:00;1;84;84099;1;2;1;3;Chemin des Mulets;43,8562850;5,0834300
16055;202000017821;9;10;2020;07:15;2;87;87107;1;1;1;2;La Poitevine;45,9355910;1,1894040
16056;202000017822;8;10;2020;07:45;2;35;35024;1;1;1;2;D 175;48,1593730; -1,6257190
16057;202000017823;8;10;2020;18:15;1;56;56185;1;6;1;6;ZAC le Mourillon;47,7770570; -3,4188920
16058;202000017824;8;10;2020;15:20;1;76;76443;1;1;2;7;D3 route de clères;49,5658830;1,1125480
16059;202000017825;9;10;2020;11:32;1;69;69063;2;1;1;6;Rue de Trèves Pâques;45,8167690;4,8401370
16060;202000017826;8;10;2020;11:00;1;32;32125;1;3;1;3;D162;43,7768110;0,1228130
16061;202000017827;5;10;2020;09:55;1;61;61342;2;2;2;7;Avenue Bresnard;48,7506680;0,5814490
16062;202000017828;8;10;2020;20:20;3;42;42318;1;1;1;4;D104;45,3924649;3,9614075
16063;202000017829;9;10;2020;16:45;1;68;68259;1;3;1;3;Route de Kiffis;47,4672440;7,3473740
16064;202000017830;9;10;2020;13:20;1;25;25321;1;1;1;5;D461;47,0594850;6,6973040
16065;202000017831;6;10;2020;22:00;3;25;25271;1;1;1;7;D132;47,0521860;6,4771270
16066;202000017832;9;10;2020;11:10;1;25;25594;1;1;1;2;D673;47,1990730;5,8689310
16067;202000017833;7;10;2020;16:00;1;29;29184;1;1;1;6;Lieu Dit Lopreden;48,6105167; -3,9852304
16068;202000017834;9;10;2020;17:45;1;31;31585;1;1;1;6;Prat d'Andre;43,1139190;0,6747200
16069;202000017835;9;10;2020;14:29;1;31;31375;1;1;1;3;Route de Lahitere;43,1902060;1,2220360
16070;202000017836;9;10;2020;15:20;1;02;02780;1;1;1;5;;49,3615330;3,4010840
16071;202000017837;9;10;2020;15:45;1;01;01373;1;1;1;6;Route de la Crozette;46,1276490;5,5556220
16072;202000017838;9;10;2020;05:00;3;72;72090;1;1;2;6;Rue de la Jatterie;48,0496350;0,4836880
16073;202000017839;9;10;2020;17:30;1;05;05017;1;1;1;2;N94;44,5738090;6,1715700
16074;202000017840;9;10;2020;06:45;3;64;64185;2;1;1;1;Le Bourg - RN134;42,9329870; -0,5860200
16075;202000017841;9;10;2020;18:40;2;73;73121;2;1;1;6;D201c / 35 Lotissement Prè de la Dame;45,6378255;6,3111458
16076;202000017842;5;10;2020;07:45;1;30;30116;1;1;1;2;RD 6100;43,9396790;4,5897640
16077;202000017843;1;10;2020;07:00;3;80;80160;1;1;2;3;A29;49,8519510;2,3495560
16078;202000017844;8;10;2020;17:15;1;978;97801;1;1;1;2;Route nationale 7;18,0987940; -63,0502640
16079;202000017845;9;10;2020;15:40;1;95;95678;1;1;1;3;D9;49,0753420;2,2435710
16080;202000017846;9;10;2020;08:30;1;06;06018;1;1;1;3;3124 Route de Valbonne;43,6348230;7,0713830
16081;202000017847;8;10;2020;18:09;1;86;86297;1;9;8;6;A10;46,5546820;0,2828830
16082;202000017848;9;10;2020;04:15;3;51;51015;1;1;2;7;A4;49,0749997;4,8553504
16083;202000017849;9;10;2020;16:25;1;07;07010;2;6;1;2;D878;45,2392960;4,6907010
16084;202000017850;6;10;2020;18:00;2;69;69064;1;1;3;1;D59;45,4881486;4,7566151
16085;202000017851;6;10;2020;18:49;3;987;98747;1;1;1;1;Faaone PK 45+100; -17,7515450; -149,2403540
16086;202000017852;9;10;2020;11:30;1;988;98826;1;1;1;6;VU4; -20,2272400;164,0783900