;Num_Acc;jour;mois;an;hrmn;lum;dep;com;agg;int;atm;col;adr;lat;long
16087;202000017853;9;10;2020;17:35;1;2B;2B042;2;1;1;2;Avenue de Borgo;42,5649500;9,4409570
16088;202000017854;8;10;2020;10:20;1;83;83115;1;1;1;3;89 Avenue du Débarquement;43,3227540;6,6532840
16089;202000017855;9;10;2020;14:37;1;13;13041;2;1;1;6;Boulevard Paul Cezanne;43,4514510;5,4710040
16090;202000017856;9;10;2020;14:50;1;89;89083;1;2;2;5;D89;47,8198780;3,4525090
16091;202000017857;9;10;2020;10:05;1;57;57209;1;6;2;3;D910;49,0337320;6,5962280
16092;202000017858;8;10;2020;11:54;1;74;74056;2;1;1;7;44 Rue Charlet Straton;45,9816170;6,9254900
16093;202000017860;9;10;2020;18:00;1;38;38496;1;1;1;7;Route de Bougé;45,3388000;4,9114700
16094;202000017861;8;10;2020;21:25;5;38;38344;2;3;1;3;Route de Sablons;45,3603600;4,7946900
16095;202000017862;8;10;2020;19:06;5;69;69052;2;1;1;2;2 Route de Lozanne;45,8759968;4,7108067
16096;202000017863;7;10;2020;11:30;1;33;33243;2;2;1;6;39 Av Anciens Combattants En Afn;44,9149750; -0,2325210
16097;202000017864;1;10;2020;15:00;1;29;29058;2;6;3;7;5 Chemin de Ker An Braz;47,8907724; -4,0138806
16098;202000017865;1;10;2020;10:25;1;27;27165;1;1;8;1;D830 - PK19+100;48,9520390;0,9123210
16099;202000017866;9;10;2020;17:25;1;59;59012;2;3;1;1;Rue du Roi Albert 1er;49,9939561;4,1246194
16100;202000017867;8;10;2020;22:00;5;59;59011;2;3;8;7;55 Rue Leon Boistelle;50,5294130;2,9248070
16101;202000017868;6;9;2020;21:00;3;13;13015;1;1;1;6;A51-Sens Marseille vers Aix en Provence;43,4385000;5,3962000
16102;202000017869;8;10;2020;16:40;1;13;13071;1;1;1;2;A7-Sens Lyon vers Marseille;43,4155200;5,2779010
16103;202000017870;8;10;2020;17:30;1;13;13215;1;1;1;7;A7-Sens Lyon vers Marseille;43,3904762;5,3509762
16104;202000017871;8;10;2020;08:55;1;13;13215;1;1;1;2;A7-Sens Marseille vers Lyon;43,3317000;5,3777000
16105;202000017872;3;10;2020;20:30;3;13;13203;1;1;8;2;A7-Sens Marseille vers Lyon;43,3618100;5,3612100
16106;202000017873;8;10;2020;16:25;1;33;33550;1;1;1;4;AUTOROUTE A 62;44,7605600; -0,5468700
16107;202000017874;6;10;2020;09:25;1;33;33063;1;1;3;7;ROCADE A 630;44,8839900; -0,5586100
16108;202000017875;8;10;2020;07:45;1;92;92036;1;1;1;-1;RN315 W;48,9347210;2,3019484
16109;202000017876;8;10;2020;07:15;3;78;78208;1;1;1;2;RN12 EXT;48,8003510;1,9730560
16110;202000017877;7;10;2020;17:20;1;78;78490;1;1;2;4;RN12 EXT;48,7997110;1,9637830
16111;202000017878;7;10;2020;16:15;1;92;92036;1;1;1;2;A86;48,9344018;2,2803241
16112;202000017879;7;10;2020;14:45;1;78;78043;1;1;2;4;A12 Y;48,8422230;2,0997880
16113;202000017880;7;10;2020;11:20;1;95;95572;1;1;1;7;A15;49,0321919;2,1118276
16114;202000017881;7;10;2020;19:43;3;93;93005;1;1;1;2;AUTOROUTE A3;48,9504400;2,4776300
16115;202000017882;8;10;2020;18:15;1;77;77169;1;1;1;3;A4.W;48,8305360;2,6079490
16116;202000017883;8;10;2020;09:00;1;77;77121;1;1;2;-1;A104;48,8371000;2,6648000
16117;202000017884;7;10;2020;18:50;1;77;77058;1;1;1;7;A4;48,8282500;2,7263100
16118;202000017885;7;10;2020;08:00;1;94;94069;1;1;2;-1;A4;48,8165600;2,4515800
16119;202000017886;7;10;2020;20:15;5;974;97416;1;1;1;7;RECHERCHANT(RUE ADRIEN); -21,2874000;55,4825000
16120;202000017887;7;10;2020;09:05;1;973;97302;2;1;1;3;BOULEVARD DES CITES;4,9230160; -52,3168302
16121;202000017888;6;10;2020;06:55;1;973;97302;2;1;1;3;CABASSOU (ROUTE DE);4,9119098; -52,3080647
16122;202000017889;7;10;2020;18:05;1;69;69383;1;1;1;6;JEAN REVERZY                        (SQ);45,7516300;4,8717200
16123;202000017891;6;10;2020;20:00;5;69;69142;2;1;1;1;GENERAL DE GAULLE                   (AV);45,7271000;4,8128700
16124;202000017892;7;10;2020;05:40;1;971;97101;2;1;1;6;Frédéric JALTON;16,2739300; -61,5046700
16125;202000017893;30;9;2020;15:55;1;95;95197;2;1;1;6;GARE (RUE DE LA);48,9753700;2,3323200
16126;202000017894;6;10;2020;20:20;4;91;91161;2;6;1;3;GRAVIGNY (RUE DE);48,6965540;2,3065930
16127;202000017895;7;10;2020;14:15;1;91;91286;2;1;1;2;CARRIERS ITALIENS (RUE DES);48,6556400;2,3802600
16128;202000017896;21;12;2020;18:44;3;33;33039;1;1;8;4;A631;44,8122800; -0,5337900
16129;202000017897;22;12;2020;01:25;5;31;31555;1;1;1;7;VA007331 A620;43,6493900;1,4216100
16130;202000017898;20;12;2020;10:10;1;31;31555;1;1;1;3;VA007331 A620;43,6535500;1,4254600
16131;202000017899;28;10;2020;19:30;5;27;27229;2;1;1;6;FOCH (AVENUE DU MARECHAL);49,0235000;1,1340000
16132;202000017900;21;12;2020;15:00;1;25;25056;2;9;2;3;GAULLE BOULEVARD CHARLES;47,2316000;6,0187000
16133;202000017901;21;12;2020;11:40;1;21;21231;2;1;5;3;Quai Nicolas Rolin;47,3181576;5,0205792
16134;202000017902;21;12;2020;10:20;1;21;21223;1;1;2;2;N274 (LINO);47,3459811;4,9944512
16135;202000017903;22;12;2020;08:30;2;14;14327;2;2;1;3;FLEMING (RUE ALEXANDER);49,2080600; -0,3394100
16136;202000017904;22;12;2020;16:30;1;13;13210;2;7;1;2;POLOGNE (PLACE DE);43,2835076;5,3989461
16137;202000017905;22;12;2020;08:00;1;13;13211;2;1;1;6;SABLIERE (ROUTE DE LA);43,2937260;5,4803250
16138;202000017907;21;12;2020;17:30;5;13;13047;2;1;2;4;RADOLFZELL AVENUE DE;43,5000900;4,9756900
16139;202000017908;8;12;2020;18:05;5;13;13001;2;1;8;6;VILLEVIELLE JOSEPH (RUE);43,5259600;5,4423900
16140;202000017909;21;12;2020;15:25;1;11;11069;2;1;1;3;ALEXANDRO VOLTA -RUE-;43,2054000;2,3094000
16141;202000017910;21;12;2020;09:51;1;10;10081;2;1;2;6;JEAN-BAPTISTE COLBERT (RUE);48,3100240;4,0258200
16142;202000017911;21;12;2020;14:02;1;05;05061;2;9;1;3;PATAC ( CHEMIN DE );44,5390000;6,0646000
16143;202000017914;22;12;2020;14:10;1;75;75118;2;4;1;3;BOULEVARD ORNANO;48,8952170;2,3465960
16144;202000017915;22;12;2020;11:15;1;75;75118;2;2;2;6;RUE ORDENER;48,8933670;2,3382550
16145;202000017916;21;12;2020;18:25;5;75;75117;2;1;1;6;BOULEVARD BESSIERES;48,8948140;2,3144500
16146;202000017918;22;12;2020;13:35;1;75;75114;2;4;2;3;BOULEVARD EDGAR QUINET;48,8415340;2,3235310
16147;202000017919;21;12;2020;17:45;5;75;75113;2;3;2;6;BOULEVARD VINCENT AURIOL;48,8338450;2,3651710
16148;202000017921;22;12;2020;04:55;5;75;75112;2;1;3;6;QUAI DE BERCY;48,8351140;2,3803680
16149;202000017922;22;12;2020;08:00;2;75;75111;2;3;8;3;AVENUE PARMENTIER;48,8690300;2,3717630
16150;202000017923;22;12;2020;19:30;5;75;75108;2;1;1;6;RUE DES MATHURINS;48,8733440;2,3239380
16151;202000017924;22;12;2020;13:40;1;75;75101;2;3;8;6;RUE PIERRE LESCOT;48,8616120;2,3480740
16152;202000017925;22;12;2020;19:35;5;94;94080;2;1;2;3;FONTENAY (R DE);48,8480000;2,4403600
16153;202000017926;22;12;2020;07:00;3;94;94073;1;1;2;2;RN 186;48,7538000;2,3743200
16154;202000017927;21;12;2020;09:48;1;94;94028;2;9;2;3;FOCH(AVENUE DU MARECHAL);48,7719420;2,4399810
16155;202000017928;22;12;2020;18:35;5;94;94059;2;1;2;7;Andre Rouy (AV);48,8164924;2,5612824
16156;202000017929;22;12;2020;07:45;5;94;94079;2;4;2;6;HOTEL DE VILLE (R DE L);48,8257600;2,5411400
16157;202000017930;22;12;2020;12:00;1;94;94069;2;1;1;6;MOULIN DES CORBEAUX (ALL DU);48,8153883;2,4552955
16158;202000017932;21;12;2020;22:05;5;93;93073;2;3;2;3;CHAPIT RE ( RUE DU);48,9805601;2,5554204
16159;202000017933;22;12;2020;09:10;1;93;93071;2;1;2;6;JOHN F. KENNEDY (AVENUE);48,9384629;2,5132675
16160;202000017935;22;12;2020;19:30;5;93;93046;2;1;2;2;LIEGEARD AVENUE;48,9257000;2,5294700
16161;202000017937;22;12;2020;12:35;1;93;93057;2;2;2;6;JAURES (AV. JEAN) 118 A FIN;48,9028352;2,5082561
16162;202000017938;22;12;2020;18:10;5;93;93005;2;1;1;6;MITRY [CD115] (ROUTE DE);48,9494200;2,5191900
16163;202000017939;22;12;2020;15:05;1;93;93001;2;2;2;3;CREVECOEUR  (RUE)  32 =>;48,9191050;2,3863043
16164;202000017940;22;12;2020;09:30;1;92;92075;2;1;2;6;LARMEROUX (RUE);48,8154300;2,2788000
16165;202000017941;21;12;2020;22:12;3;92;92062;2;1;2;7;BOULEVARD CIRCULAIRE;48,8874300;2,2443600
16166;202000017942;22;12;2020;17:45;3;42;42332;1;2;1;3;Rue de St-Sulpice;45,9922360;3,9971140
16167;202000017943;23;12;2020;13:45;1;67;67073;1;1;2;1;RN 59 -PK3;48,2823150;7,3677170
16168;202000017944;22;12;2020;17:18;2;69;69283;2;4;1;3;27 Route d'Heyrieux;45,6754181;4,9701487
16169;202000017945;23;12;2020;12:30;1;62;62207;1;6;1;4;D317;50,4402330;1,7251060
16170;202000017947;23;12;2020;16:10;1;79;79063;2;2;7;6;2 Rue du Moulin;47,0459820; -0,3537180
16171;202000017948;22;12;2020;17:10;2;89;89464;2;5;8;1;D 272;48,0890740;3,2866770
16172;202000017949;23;12;2020;01:00;3;89;89362;1;1;1;6;D.606   PR 119+250;47,5864480;3,7724730
16173;202000017950;22;12;2020;18:50;3;12;12052;1;1;5;6;Boulevard Francois Mitterrand;44,5684200;2,0734550
16174;202000017951;22;12;2020;16:25;1;46;46016;1;2;1;3;Le pigeon bas;44,9090700;1,5411210
16175;202000017953;22;12;2020;14:00;1;34;34178;2;1;1;6;1 Rue Jean Espinasse;43,4388280;3,1428410
16176;202000017954;22;12;2020;13:00;1;44;44131;2;1;1;-1;D286;47,1347000; -2,1093170
16177;202000017955;23;12;2020;11:15;1;31;31225;1;3;1;3;D 40;43,2016450;1,1739760
16178;202000017956;22;12;2020;14:55;1;70;70421;2;1;2;6;61 Rue Francois Mitterrand;47,6882570;6,0452630
16179;202000017957;23;12;2020;17:15;2;14;14425;1;1;2;5;d511;49,0846500;0,1086190
16180;202000017958;22;12;2020;11:00;1;43;43185;2;1;1;6;Rue du Président;45,3972670;3,3055650
16181;202000017959;23;12;2020;13:30;1;10;10204;1;1;2;6;RD 88;48,1432960;4,0717010
16182;202000017960;23;12;2020;10:00;1;07;07089;1;9;1;3;Route Départementale 820;45,3099220;4,7527240
16183;202000017961;17;12;2020;14:30;1;53;53043;2;1;1;7;rue de St ouen des vallons cd 557 PK 6;48,1504117; -0,5219793
16184;202000017962;22;12;2020;12:33;1;37;37014;2;1;1;1;11 Route de Langeais;47,2719341;0,4242760
16185;202000017963;22;12;2020;10:15;1;24;24194;2;2;1;6;Le Bourg;44,8369980;0,3328060
16186;202000017964;21;12;2020;09:00;1;973;97307;1;1;1;5;N1;4,8957040; -52,3296400
16187;202000017965;22;12;2020;18:30;3;91;91159;1;9;8;5;D74;48,5294560;2,4209090
16188;202000017966;23;12;2020;07:50;2;44;44103;2;3;8;1;Rue Henri Gautier;47,3058840; -2,1805880
16189;202000017968;22;12;2020;13:55;1;57;57660;1;1;2;2;A320 Stiring Wendel;49,1961200;6,9339180
16190;202000017969;21;12;2020;15:50;1;21;21590;1;1;3;6;A6;47,0582351;4,8208098
16191;202000017970;22;12;2020;19:30;3;971;97112;1;1;1;6;section siblet;15,9315160; -61,3129810
16192;202000017971;23;12;2020;09:50;1;45;45139;1;1;3;7;Route de Puiseaux;48,1869730;2,3398730
16193;202000017972;23;12;2020;02:15;3;2B;2B188;1;1;1;6;RD82;42,6042850;9,3569610
16194;202000017973;22;12;2020;15:10;1;89;89050;2;1;1;6;8 Route de la Gare;47,9267120;3,5210610
16195;202000017975;23;12;2020;17:50;3;38;38215;1;3;1;1;Route de Saint Just Chaleyssin;45,5853920;4,9725900
16196;202000017976;23;12;2020;19:20;5;69;69190;2;9;2;3;Rue des Monts;45,7716050;4,6941980
16197;202000017977;22;12;2020;19:00;3;31;31384;1;1;1;3;carrefour du RD 16 et du RD 31;43,4753127;1,5803504
16198;202000017978;21;12;2020;08:30;1;33;33243;2;1;2;6;12 Avenue du Maréchal Foch;44,9195700; -0,2421300
16199;202000017979;22;12;2020;19:15;5;72;72154;2;1;3;6;Boulevard de la République;47,6960760; -0,0706440
16200;202000017980;22;12;2020;17:30;2;29;29124;2;6;2;2;Boulevard des Freres Lumiere;48,5742330; -4,3166940
16201;202000017981;22;12;2020;17:15;5;60;60139;2;1;3;4;11 Rue du 11 Novembre 1918;49,1673240;2,2508970
16202;202000017982;22;12;2020;10:30;1;13;13211;1;1;1;2;A50-Sens Marseille vers Aubagne;43,2885243;5,4436012
16203;202000017983;21;12;2020;14:40;1;13;13070;1;1;1;4;A50-Sens Aubagne vers Marseille;43,2857700;5,5129500
16204;202000017984;22;12;2020;17:40;3;69;69290;1;1;1;3;A46;45,6910900;4,9665000
16205;202000017986;17;12;2020;07:35;3;67;67365;1;1;1;3;Autoroute A.35;48,5384000;7,7178800
16206;202000017987;22;12;2020;20:10;3;91;91645;1;1;2;7;RN 385 Extèrieure;48,7600300;2,2677300
16207;202000017989;22;12;2020;11:24;1;91;91521;1;1;2;6;RN 449;48,6355800;2,4010900
16208;202000017991;22;12;2020;20:14;3;78;78126;1;1;2;2;A13;48,8378950;2,1244260
16209;202000017992;21;12;2020;23:15;3;92;92048;1;1;1;6;N118;48,8086720;2,2121237
16210;202000017993;22;12;2020;19:00;3;95;95572;1;1;2;2;RN 184;49,0373600;2,1222200
16211;202000017994;22;12;2020;15:15;1;93;93007;1;1;2;2;AUTOROUTE A3;48,9344900;2,4809100
16212;202000017995;22;12;2020;09:00;1;93;93027;1;1;2;6;AUTOROUTE A86;48,9285522;2,4156886
16213;202000017996;22;12;2020;05:15;3;93;93078;1;1;2;6;D170;48,9738700;2,4894400
16214;202000017997;21;12;2020;21:16;5;93;93008;1;9;2;2;AUTOROUTE A86;48,9098317;2,4451752
16215;202000017998;21;12;2020;14:30;1;93;93027;1;1;2;6;AUTOROUTE A86;48,9285600;2,4146700
16216;202000017999;21;12;2020;10:20;1;93;93027;1;1;3;5;AUTOROUTE A86;48,9226390;2,3803640
16217;202000018000;22;12;2020;16:30;2;94;94079;1;1;2;3;A4;48,8336000;2,5352100
16218;202000018001;22;12;2020;10:00;1;94;94065;1;1;2;2;A86 EXT;48,7539000;2,3516300
16219;202000018002;22;12;2020;05:30;3;94;94073;1;1;3;6;A86 EXT;48,7639305;2,3806453
16220;202000018003;24;5;2020;18:30;1;67;67152;1;1;1;4;Autoroute A.35;48,5233474;7,6446708
16221;202000018004;20;5;2020;19:17;1;67;67462;1;1;7;1;RN 422;48,2836200;7,4588200
16222;202000018005;16;5;2020;08:31;1;67;67180;1;1;1;1;RD 72;48,8702800;7,7116400
16223;202000018006;7;9;2020;15:35;1;38;38185;2;3;1;6;Boulevard Gambetta;45,1901900;5,7220900
16224;202000018007;2;9;2020;08:45;1;38;38185;2;1;1;6;Cours Jean Jaurès;45,1892600;5,7194600
16225;202000018008;23;8;2020;18:40;1;38;38185;2;2;1;6;Avenue des Jeux Olympiques;45,1734000;5,7401400
16226;202000018009;26;11;2020;09:15;1;976;97611;2;1;1;6;kaweni-Rivière (ruelle de la ); -12,7691000;45,2241100
16227;202000018010;18;12;2020;20:40;5;974;97416;2;1;1;3;HUBERT DE LISLE(BOULEVARD); -21,3423000;55,4735300
16228;202000018011;20;12;2020;08:04;1;974;97416;2;1;1;1;Avenue Président Mitterand; -21,3475590;55,4946360
16229;202000018012;21;12;2020;17:42;5;69;69388;2;2;2;6;ST ROMAIN                           (R );45,7417791;4,8620886
16230;202000018013;20;12;2020;22:10;5;972;97213;2;1;1;7;AUTOROUTE A1;14,6181540; -61,0355100
16231;202000018014;20;12;2020;16:00;1;972;97209;2;6;1;3;BISHOP (Avenue Maurice);14,6044111; -61,0606813
16232;202000018015;21;12;2020;17:40;5;69;69385;2;2;2;6;CHAMPVERT (DE)                      (R );45,7636100;4,7954100
16233;202000018016;20;12;2020;20:50;5;971;97107;2;1;1;6;PAUL LACAVE ( AVENUE );16,0429848; -61,5648508
16234;202000018017;21;12;2020;20:20;5;95;95127;2;3;2;3;HAUTIL (BOULEVARD DE L');49,0372300;2,0858200
16235;202000018018;21;12;2020;08:10;2;91;91027;2;3;2;2;VC QUAI DE L'INDUSTRIE;48,7058100;2,4013000
16236;202000018020;20;12;2020;16:15;1;81;81257;2;1;1;3;Rue Roger Salengro;43,9438000;2,2057100
16237;202000018021;20;12;2020;00:30;3;81;81144;2;1;2;7;Cote de la Dreche;43,9738100;2,1590500
16238;202000018022;17;12;2020;18:43;5;80;80001;2;1;1;3;REPUBLIQUE (de la);50,1129896;1,8308941
16239;202000018023;21;12;2020;08:45;2;78;78133;2;6;3;-1;CHEMIN NEUF (DU);48,9039200;2,0544800
16240;202000018024;21;12;2020;18:20;5;78;78440;2;1;2;6;PAUL RAOULT (AVENUE);48,9814360;1,9123650
16241;202000018025;21;12;2020;20:10;5;78;78498;2;3;2;3;ROBESPIERRE BD;48,9333700;2,0492500
16242;202000018026;19;12;2020;16:00;1;76;76540;2;2;1;3;NANSEN. RUE FRIDTJOF;49,4469200;1,0607100
16243;202000018027;18;12;2020;18:55;5;76;76351;2;2;1;2;CAVEE VERTE (RUE DE LA);49,5048700;0,1122900
16244;202000018028;20;12;2020;04:15;5;76;76351;2;1;1;6;MARTYRS (DES);49,5147540;0,1073210
16245;202000018029;7;12;2020;00:58;5;68;68224;2;9;1;7;ALGER (QUAI D');47,7489800;7,3538100
16246;202000018030;19;12;2020;20:10;5;67;67482;2;1;1;5;JEAN JAURES (AVENUE);48,5713100;7,7567000
16247;202000018031;18;12;2020;21:09;5;67;67482;2;1;5;-1;LA FONTAINE (BOULEVARD);48,5898600;7,7026900
16248;202000018032;16;12;2020;17:46;5;67;67462;2;3;5;1;FILATURE (RUE DE LA);48,2706189;7,4583575
16249;202000018033;21;12;2020;07:25;5;64;64024;2;1;8;7;ADOUR (AVENUE DE L');43,5010600; -1,4929600
16250;202000018034;20;12;2020;20:06;5;63;63113;2;2;1;3;BLATIN (RUE);45,7768200;3,0786800
16251;202000018035;18;12;2020;00:15;5;62;62041;2;1;2;7;FAIDHERBE ( BOULEVARD );50,2917030;2,7824410
16252;202000018036;21;12;2020;18:00;5;59;59009;2;1;1;5;JAURES JEAN RUE    N°5 AU 99;50,6622200;3,1378800
16253;202000018037;21;12;2020;15:30;1;59;59350;2;1;8;6;DUNKERQUE AVENUE DE;50,6456900;2,9869700
16254;202000018038;18;12;2020;10:15;1;59;59350;2;1;1;6;CORBUSIER AVENUE LE;50,6376900;3,0714400
16255;202000018040;19;12;2020;08:15;1;54;54329;2;3;1;6;AVENUE VOLTAIRE;48,5916000;6,5068700
16256;202000018042;28;11;2020;12:40;1;47;47323;2;1;1;3;ACACIAS;44,4203400;0,7180400
16257;202000018043;21;12;2020;06:45;5;45;45068;2;1;2;3;Rue du Vieux Rang de l’Anglee;48,0212612;2,7230714
16258;202000018044;17;12;2020;15:25;1;44;44184;2;1;1;3;BASSINS (ROUTE DES);47,2845000; -2,2427000
16259;202000018045;21;12;2020;17:30;2;43;43157;2;1;2;1;Pont Layette ;45,0558800;3,9014100
16260;202000018046;21;12;2020;12:05;1;41;41295;2;1;3;1;CHAMBORD (ROUTE DE);47,5742800;1,3937800
16261;202000018048;21;12;2020;19:00;3;35;35206;1;1;2;2;RN136;48,0800300; -1,6819200
16262;202000018049;24;11;2020;17:35;2;33;33162;2;2;1;-1;AVE DU MEDOC;44,8820200; -0,6299200
16263;202000018050;21;12;2020;08:48;1;33;33162;2;3;2;2;Bretelle entrée extérieure éch 7;44,8801700; -0,6280200
16264;202000018051;4;12;2020;18:15;5;33;33281;2;6;8;6;AVE DE LA SOMME;44,8304500; -0,6584500
16265;202000018052;20;12;2020;01:50;5;31;31555;2;1;1;6;VITET (rue Louis) du 30 au 80;43,5914130;1,4606510
16266;202000018053;19;12;2020;19:02;5;31;31557;2;1;1;6;MARQUISAT (AV DU);43,5748724;1,3452941
16267;202000018054;18;12;2020;18:15;4;31;31149;2;1;1;6;AVENUE GEORGES BRASSENS;43,5971700;1,3496300
16268;202000018056;18;12;2020;16:30;1;31;31555;1;1;1;4;VA007379 BAYLAC  A624 Sortie 1;43,6077900;1,3895500
16269;202000018057;18;12;2020;12:50;1;31;31555;2;1;1;2;RUE DU GEN JEAN COMPANS;43,6068300;1,4580800
16270;202000018058;21;12;2020;02:34;5;30;30189;2;6;2;6;GAMEL PIERRE (AVENUE);43,8221100;4,3644500
16271;202000018059;17;12;2020;16:00;1;27;27229;2;3;1;6;FAUVILLE (RUE DE);49,0239530;1,1741970
16272;202000018060;21;12;2020;18:20;3;26;26198;2;1;9;4;GOURNIER;44,5419800;4,7307190
16273;202000018061;21;12;2020;21:20;5;25;25056;2;1;8;1;BRUAND RUE NICOLAS;47,2484400;6,0210700
16274;202000018062;21;12;2020;13:45;1;17;17300;2;1;2;6;REMPARTS   CHEMIN DES;46,1630000; -1,1551000
16275;202000018063;21;12;2020;07:48;5;16;16166;2;1;2;6;Avenue Jean Jaures;45,6644920;0,2007440
16276;202000018064;16;12;2020;17:30;3;14;14118;2;9;3;6;SAINT NICOLAS (RUE);49,1800000; -0,3700000
16277;202000018065;21;12;2020;08:30;1;13;13208;2;1;1;6;LANCIER (CHEMIN DU);43,2469840;5,3960950
16278;202000018066;21;12;2020;06:25;5;13;13214;2;1;2;7;BASILE BARRELIER (BOULEVARD);43,3395400;5,3890700
16279;202000018067;21;12;2020;13:20;1;13;13028;2;6;1;3;LAVAUX (BOULEVARD DE);43,1897815;5,6286706
16280;202000018068;19;12;2020;11:57;1;10;10387;2;5;1;3;PREMIER RAM (RUE DU);48,2914000;4,0709900
16281;202000018069;20;12;2020;14:35;1;08;08480;2;1;1;6;JAURES J. AVENUE;49,7427000;4,7389600
16282;202000018070;18;12;2020;18:20;3;07;07316;1;1;2;7;LYON (ROUTE DE);44,9028000;4,8528900
16283;202000018071;21;12;2020;12:10;1;06;06088;2;1;1;4;CIMIEZ (BD) A PARTIR DU 16-17;43,7140000;7,2717000
16284;202000018072;21;12;2020;16:25;1;06;06083;2;9;1;3;ST ROMAN (AVENUE);43,8037000;7,4876900
16285;202000018073;19;12;2020;11:55;1;05;05061;2;3;2;3;PRE DE FOIRE ( RUE DU );44,5549600;6,0746100
16286;202000018074;18;12;2020;17:40;3;05;05061;1;3;1;1;RN 85;44,5797243;6,0820900
16287;202000018075;21;12;2020;01:05;5;75;75113;2;4;1;3;BOULEVARD PERIPHERIQUE;48,8257800;2,3870430
16288;202000018076;20;12;2020;11:10;1;75;75113;2;1;1;2;BOULEVARD PERIPHERIQUE;48,8253570;2,3853880
16289;202000018077;19;12;2020;18:10;5;75;75112;2;1;1;2;BOULEVARD PERIPHERIQUE;48,8330990;2,4071660
16290;202000018079;21;12;2020;10:35;1;75;75115;2;2;2;3;RUE DE LA CONVENTION;48,8392490;2,2919050
16291;202000018080;21;12;2020;21:30;5;75;75120;2;1;1;7;RUE DES COURONNES;48,8704460;2,3871960
16292;202000018081;21;12;2020;15:45;1;75;75117;2;7;2;7;PLACE DE WAGRAM;48,8872200;2,3051410
16293;202000018082;21;12;2020;07:30;5;75;75117;2;3;3;6;BOULEVARD DU BOIS LE PRETRE;48,8989020;2,3223360
16294;202000018083;21;12;2020;08:50;1;75;75111;2;2;3;3;RUE GERBIER;48,8575350;2,3869470
16295;202000018084;21;12;2020;08:05;5;75;75107;2;3;3;6;AVENUE DE SUFFREN;48,8574700;2,2910820
16296;202000018085;21;12;2020;16:00;1;94;94003;2;2;2;3;LAPLACE (AV);48,8076000;2,3342200
16297;202000018086;21;12;2020;17:50;5;94;94073;2;3;2;1;Rue du Bas Marin;48,7544000;2,3862000
16298;202000018087;21;12;2020;16:10;2;94;94028;2;1;2;4;CHOISY(ROUTE DE);48,7778860;2,4420510
16299;202000018088;20;12;2020;15:45;1;94;94002;2;9;1;3;Chemin latéral;48,8146900;2,4167600
16300;202000018090;15;11;2020;12:40;1;94;94059;2;1;2;2;MAURICE BERTEAUX (AV);48,8081600;2,5697700
16301;202000018093;16;11;2020;13:58;1;93;93010;2;2;1;3;GROSLAY (CHEM. DE);48,9109200;2,4744600
16302;202000018094;16;11;2020;11:20;1;92;92064;2;3;1;3;MONT VALERIEN;48,8524568;2,2162664
16303;202000018095;16;11;2020;11:50;1;92;92050;2;9;1;6;GRANDS PRES RUE DES;48,9105382;2,2141086
16304;202000018096;15;11;2020;09:05;1;92;92049;2;1;1;6;REPUBLIQUE AVENUE DE LA N°92 A FIN;48,8151100;2,3174900
16305;202000018097;16;11;2020;07:40;2;92;92024;2;1;8;-1;VICTOR HUGO (BD);48,8993404;2,3135490
16306;202000018098;16;11;2020;16:30;1;01;01156;1;1;1;1;D22;45,9149930;5,1206860
16307;202000018099;17;11;2020;07:59;1;07;07295;2;3;1;6;la brugière;44,8215220;4,5846350
16308;202000018100;17;11;2020;17:35;2;84;84037;1;2;1;1;Route de Sorgues;44,0379820;4,8542830
16309;202000018101;16;11;2020;19:00;5;65;65044;2;1;1;1;25 Rue de la Bigorre;43,2723700;0,2388600
16310;202000018102;18;10;2020;20:15;3;80;80025;1;1;1;3;D192;50,3570160;1,8053410
16311;202000018103;17;11;2020;07:26;2;65;65456;1;1;1;7;D24;43,1424170;0,4543440
16312;202000018104;16;11;2020;10:00;1;65;65018;1;1;2;3;D 126;42,9759830; -0,2856390
16313;202000018106;17;11;2020;10:10;1;71;71442;1;1;1;5;D978;46,8412064;4,6446497
16314;202000018107;16;11;2020;12:30;1;39;39055;1;1;2;1;Route reliant Billecul à Arsure-Arsurette;46,7449040;6,0581870
16315;202000018108;15;11;2020;23:30;3;35;35105;1;1;1;6;lieu dit la touche au rys;48,1135060; -1,1061430
16316;202000018109;21;8;2020;16:30;1;29;29158;2;4;1;6;Rue de la Joie;47,8158090; -4,3737550
16317;202000018110;5;11;2020;10:50;1;31;31202;2;1;1;6;11 Esplanade de Marcorelle;43,8403230;1,3888340
16318;202000018111;16;11;2020;22:30;3;03;03093;1;1;1;7;Lieu dit Chermont;46,1891900;3,4460270
16319;202000018112;16;11;2020;08:20;1;28;28405;1;2;2;3;N12;48,7465680;1,2779330
16320;202000018113;16;11;2020;09:10;1;78;78561;1;1;2;3;RD 91 la brosse;48,7313700;2,0042970