;Num_Acc;jour;mois;an;hrmn;lum;dep;com;agg;int;atm;col;adr;lat;long
16321;202000018114;16;11;2020;16:15;1;78;78571;2;1;8;6;13 Route de Sainte Gemme;48,8644500;2,0265400
16322;202000018117;17;11;2020;16:10;1;986;98613;2;1;1;6;RT1 - Ha'afuasia; -22,2800520;166,4486490
16323;202000018118;17;11;2020;05:15;2;974;97417;1;1;2;1;rue de la trinité; -21,3559970;55,7755660
16324;202000018119;16;11;2020;19:55;3;26;26358;1;1;1;7;1130 Route de Crest;44,8003980;4,9935870
16325;202000018120;16;11;2020;13:12;1;69;69089;2;2;1;3;Avenue de la Table de Pierre;45,7473830;4,7562160
16326;202000018121;23;10;2020;23:15;3;33;33449;1;1;2;6;chemin de gamarde;44,8933520; -0,6836790
16327;202000018122;10;11;2020;16:40;1;22;22070;2;2;1;1;Rue du General de Gaulle;48,5629220; -3,1516810
16328;202000018123;17;11;2020;13:35;1;27;27275;2;1;1;6;Bvd de la verte bonne;49,1587650;1,3450580
16329;202000018124;16;11;2020;17:19;5;94;94034;1;1;1;2;AUTOROUTE A86;48,7580260;2,3268916
16330;202000018125;16;11;2020;07:00;5;91;91553;1;1;1;4;RN 104;48,6303200;2,4853800
16331;202000018126;16;11;2020;03:10;3;91;91687;1;1;1;2;AUTOROUTE A6;48,6621000;2,3688600
16332;202000018127;14;11;2020;23:35;3;91;91363;1;1;1;7;AUTOROUTE A10;48,6685200;2,1924600
16333;202000018129;16;11;2020;13:20;1;95;95555;1;1;1;6;RD 170;48,9772300;2,2847400
16334;202000018130;15;11;2020;11:50;1;69;69383;2;1;1;6;PAUL BERT                           (R );45,7567641;4,8667030
16335;202000018131;15;11;2020;15:55;1;69;69381;2;3;1;6;PECHERIE (DE LA)                    (QU);45,7659000;4,8308000
16336;202000018132;12;11;2020;11:40;1;95;95555;2;1;1;6;ALLENDE (RUE SALVADOR);48,9692400;2,2846800
16337;202000018133;14;11;2020;21:40;5;95;95637;2;1;1;4;OISE (BOULEVARD DE L');49,0375400;2,0161300
16338;202000018135;14;11;2020;16:20;1;83;83144;1;9;1;3;TERRES ROUGES (CHEMIN DES);43,1395600;5,9785800
16339;202000018136;15;11;2020;22:00;3;83;83069;1;6;1;7;PIERREFEU (ROUTE DE) RD 12;43,1719500;6,1181500
16340;202000018137;15;11;2020;02:55;3;81;81033;1;1;1;6;RESSEGUIER ( RUE ADRIEN);44,0322900;2,1390300
16341;202000018138;15;11;2020;19:15;5;59;59350;2;1;8;6;COURBET GUSTAVE  RUE;50,6086000;3,0402400
16342;202000018139;14;10;2020;11:30;1;59;59350;2;1;1;6;DUNKERQUE AVENUE DE;50,6409900;3,0185300
16343;202000018140;14;11;2020;17:50;5;45;45285;1;1;1;4;Rue Paul Doumer - Tangentielle;47,9113268;1,8670239
16344;202000018141;15;11;2020;16:10;2;33;33318;2;6;3;3;AVE ROBERT CLAVE;44,7913000; -0,6498900
16345;202000018142;15;11;2020;11:40;1;33;33167;2;6;9;3;AVE DU PDT FRANCOIS MITTERRAND;44,8430300; -0,5114800
16346;202000018143;10;11;2020;15:20;1;30;30028;2;1;1;6;GEORGES BESSE (AVENUE);44,1583300;4,6318500
16347;202000018144;13;11;2020;12:55;1;26;26058;2;1;1;3;46 Avenue Marc Urtin;44,9435200;4,8943300
16348;202000018145;15;11;2020;03:15;5;18;18033;2;1;1;7;VAILLANT (RUE EDOUARD);47,0875000;2,3996300
16349;202000018146;15;11;2020;21:00;5;13;13210;2;1;1;7;ALFRED CURTEL (RUE);43,2756900;5,4093300
16350;202000018147;15;11;2020;18:30;2;13;13211;2;1;1;6;MILLIERE (BOULEVARD DE LA );43,2838300;5,4935700
16351;202000018148;15;11;2020;20:00;5;06;06088;2;1;8;2;JOLY (CORNICHE ANDRE DE);43,7004700;7,2941700
16352;202000018149;13;11;2020;13:30;1;75;75105;2;1;1;3;RUE DES FOSSES SAINT BERNARD;48,8479080;2,3539470
16353;202000018150;15;11;2020;13:55;1;75;75118;2;2;3;3;BOULEVARD BARBES;48,8838590;2,3494700
16354;202000018151;14;11;2020;09:50;1;75;75116;2;5;1;3;AVENUE KLEBER;48,8649870;2,2886690
16355;202000018152;15;11;2020;12:25;1;75;75115;2;1;2;7;AVENUE EMILE ZOLA;48,8463510;2,2820670
16356;202000018153;15;11;2020;01:15;5;75;75112;2;1;1;3;BOULEVARD PONIATOWSKI;48,8296840;2,3913560
16357;202000018154;14;11;2020;23:00;5;75;75112;2;2;1;3;BOULEVARD DE BERCY;48,8389440;2,3881170
16358;202000018155;15;11;2020;19:30;5;94;94081;2;1;2;6;COMMUNE DE PARIS (AV DE LA);48,7824900;2,3919350
16359;202000018156;15;11;2020;16:30;1;94;94078;2;1;2;3;JULES JACQUEMARD (R);48,7388200;2,4542590
16360;202000018158;15;11;2020;20:55;5;92;92012;2;1;1;7;GALLIENI (RUE) 55/157 - 50/140;48,8363000;2,2378800
16361;202000018159;16;11;2020;10:35;1;95;95436;1;1;8;6;D922;49,1282560;2,2535810
16362;202000018160;2;11;2020;21:30;3;972;97217;2;1;1;6;La Source;14,4743590; -60,8605330
16363;202000018161;16;11;2020;07:15;2;52;52469;1;1;8;6;A 5 (Embranchement d'autoroute);48,0399660;5,0586140
16364;202000018162;16;11;2020;12:00;1;50;50615;1;1;1;7;Route Nationale 13 PR 40+500;49,5208900; -1,5010070
16365;202000018163;13;9;2020;11:50;1;19;19283;2;1;1;2;Le bourg;45,4872208;2,3946379
16366;202000018164;14;11;2020;19:00;3;56;56166;1;1;2;6;Malachappe;47,9243090; -3,3222700
16367;202000018165;15;11;2020;11:30;1;56;56177;1;1;8;7;D768;47,7458890; -3,0181930
16368;202000018166;15;11;2020;14:00;1;63;63185;2;3;1;1;place du foirail;45,4747610;3,3327399
16369;202000018167;14;11;2020;16:54;1;39;39470;1;3;1;5;Carrefour N5 / Route du Génie;46,4849900;6,0541590
16370;202000018168;15;11;2020;21:55;5;44;44010;2;1;2;1;Rue Olivier Guichard;47,2784800; -2,4609230
16371;202000018169;16;11;2020;06:30;3;29;29010;1;6;8;3;D32 - Bellevue;48,5129477; -4,1151021
16372;202000018170;15;11;2020;20:15;3;38;38360;1;1;3;7;Route du Maillet;45,1844190;5,2631380
16373;202000018171;13;11;2020;10:55;1;70;70117;1;1;1;6;RD619;47,6469050;6,7743950
16374;202000018172;13;11;2020;18:55;3;58;58218;2;1;1;6;D977;47,1767770;3,3276770
16375;202000018173;16;11;2020;15:40;1;58;58264;1;1;1;1;Lieu Dit le Gravelat - D978A;46,7902460;3,1513170
16376;202000018174;28;10;2020;13:30;1;72;72329;2;1;1;3;23 Route de Beaufay;48,0835840;0,3003220
16377;202000018175;12;11;2020;13:35;1;40;40312;2;1;1;2;Boulevard Jacques Duclos;43,5446120; -1,4610330
16378;202000018176;7;11;2020;18:30;3;24;24414;1;1;3;7;D21;44,9419970;0,6273690
16379;202000018177;14;11;2020;18:15;3;85;85022;1;1;1;6;L'Alliere;46,4432390; -1,4846130
16380;202000018178;16;11;2020;04:30;3;27;27012;1;1;6;1;départementale 126;49,3039720;1,3195720
16381;202000018179;15;11;2020;00:25;5;978;97801;2;1;1;6;Chemin de la Savane;18,0980960; -63,0653050
16382;202000018180;16;11;2020;06:52;3;49;49101;1;1;1;3;RD 938;47,6485060; -0,0724410
16383;202000018181;15;11;2020;20:40;5;69;69244;2;2;3;1;108 Chemin de l'Aigas;45,7582680;4,7517710
16384;202000018182;16;11;2020;07:55;1;01;01049;1;1;1;4;A42 - PK 013.600;45,8363490;5,0369310
16385;202000018183;15;11;2020;09:30;1;987;98714;1;1;1;6;faanui; -16,4781480; -151,7547510
16386;202000018184;15;11;2020;13:30;1;976;97608;2;1;1;-1;Boulevard des Amoureux; -12,7858290;45,2792720
16387;202000018186;15;11;2020;16:40;1;972;97228;2;1;1;-1;Rue Ti Citron;14,7427620; -61,0169210
16388;202000018188;16;11;2020;11:30;1;29;29071;1;1;1;6;D222 - Lieu Dit Muriou;47,9486110; -3,4385170
16389;202000018189;16;11;2020;12:20;1;29;29233;2;6;1;1;D783 - Boulevard de la Gare;47,8681560; -3,5518911
16390;202000018190;16;11;2020;01:20;5;77;77527;1;1;1;6;Les Ancys;48,6857742;3,0244116
16391;202000018191;10;10;2020;11:15;1;91;91540;1;1;1;6;D132;48,5383110;2,1367440
16392;202000018192;16;11;2020;14:10;1;83;83047;2;1;1;3;Avenue Jean MONNET;43,1191860;6,0728650
16393;202000018193;14;11;2020;14:30;1;68;68370;1;1;1;7;rue rhin et danube;47,9822680;6,9579210
16394;202000018194;15;11;2020;16:40;2;54;54215;2;9;2;6;91 Rue de Metz;48,7580910;6,1362280
16395;202000018195;16;11;2020;07:42;1;38;38565;2;1;1;3;Avenue de Juin 1940;45,3027300;5,6263700
16396;202000018196;15;11;2020;12:30;1;64;64430;2;1;1;2;Chemin de Pourtaou;43,4721380; -0,8091850
16397;202000018197;14;11;2020;14:50;1;22;22225;2;2;1;3;D5;48,5536830; -3,1246800
16398;202000018198;14;11;2020;15:20;1;67;67482;1;1;1;2;Autoroute A.35;48,5668200;7,7324900
16399;202000018199;15;11;2020;01:45;4;33;33023;1;1;1;6;AUTOROUTE A 62;44,6906200; -0,4938900
16400;202000018200;15;11;2020;18:20;3;91;91136;1;1;1;7;AUTOROUTE A10;48,7128000;2,2841000
16401;202000018201;15;11;2020;16:30;1;91;91521;1;1;2;7;RN 104;48,6298000;2,4003000
16402;202000018202;15;11;2020;15:38;1;94;94038;2;1;2;7;AUTOROUTE A6B;48,7868500;2,3457700
16403;202000018203;15;11;2020;16:00;1;93;93005;1;1;3;2;AUTOROUTE A1;48,9610400;2,4688700
16404;202000018204;14;11;2020;18:20;3;93;93005;1;1;1;5;AUTOROUTE A3;48,9460700;2,4766800
16405;202000018205;14;11;2020;20:00;3;93;93006;1;1;1;3;AUTOROUTE A3;48,8678700;2,4272600
16406;202000018206;14;11;2020;11:15;1;77;77373;1;9;1;3;RN104;48,7862800;2,6170700
16407;202000018207;26;8;2020;12:53;1;59;59410;2;3;1;6;ZOLA EMILE AVENUE;50,6423670;3,0940100
16408;202000018208;14;11;2020;15:10;1;973;97302;1;1;1;2;FELIX EBOUE(ROCADE);4,9248118; -52,3232460
16409;202000018209;14;11;2020;10:10;1;973;97302;1;1;1;2;ROUTE NATIONALE 1;4,8975323; -52,3280525
16410;202000018210;12;11;2020;10:55;1;973;97302;2;1;1;4;ROUTE NATIONALE 3;4,9053424; -52,3199477
16411;202000018212;14;11;2020;18:15;5;972;97213;2;1;1;2;AUTOROUTE A1;14,6184829; -61,0249917
16412;202000018213;13;11;2020;20:35;5;69;69385;2;2;1;3;CHOULANS (DE)                       (CH);45,7561000;4,8154600
16413;202000018214;13;11;2020;20:15;3;69;69286;1;9;1;1;ROUTE DE STRASBOURG D 483           (RO);45,8533700;4,9081000
16414;202000018215;13;11;2020;09:30;1;69;69034;2;3;1;3;FRANCOIS PEISSEL                    (R );45,7932894;4,8391583
16415;202000018216;12;11;2020;10:21;1;91;91471;1;1;1;3;CHEVREUSE (RUE DE);48,7042400;2,1728600
16416;202000018218;13;11;2020;10:40;1;76;76540;1;1;1;3;N28;49,4382800;1,1220900
16417;202000018219;14;11;2020;09:45;1;71;71306;2;2;1;3;JULES CHAGOT (QUAI);46,6725325;4,3594587
16418;202000018220;14;11;2020;16:25;1;69;69266;2;1;1;3;LIGNE DE L'EST      (Chemin);45,7574300;4,9037600
16419;202000018221;13;11;2020;17:56;5;69;69290;2;2;1;3;Rue Jean Zay;45,7084000;4,9087600
16420;202000018222;8;11;2020;16:35;1;68;68066;2;1;1;7;FOIRE AUX VINS (AVENUE DE LA);48,1050800;7,3551000
16421;202000018224;13;11;2020;17:35;5;45;45298;2;1;1;6;PONT DE L'EUROPE;47,8933300;1,8761200
16422;202000018225;13;11;2020;12:10;1;37;37208;2;3;2;7;ECORCHEVEAU (RUE DE L');47,3686155;0,7383684
16423;202000018226;13;11;2020;11:40;1;35;35051;1;1;2;6;A 84;48,1489800; -1,5982800
16424;202000018227;15;11;2020;01:05;5;33;33063;2;3;1;2;BACALAN (QUAI DE);44,8623600; -0,5510100
16425;202000018228;14;11;2020;20:10;3;29;29232;1;1;2;3;D34 - Route de Benodet;47,9767400; -4,0928900
16426;202000018229;14;11;2020;09:25;1;25;25056;2;1;1;2;BELFORT RUE DE (inf144);47,2485600;6,0302000
16427;202000018230;13;11;2020;21:30;5;13;13204;2;1;1;6;ALEX. FLEMING (BOULEVARD);43,3165500;5,3976300
16428;202000018231;14;11;2020;16:00;1;13;13206;2;1;1;6;LACEDEMONE (RUE);43,2817900;5,3773500
16429;202000018232;14;11;2020;08:10;2;13;13215;2;1;1;4;MADRAGUE VILLE (chemin de la);43,3300308;5,3589866
16430;202000018233;13;11;2020;19:30;2;13;13213;2;1;9;6;LAMBERT (BOULEVARD);43,3163210;5,4060810
16431;202000018234;14;11;2020;10:20;1;13;13005;2;1;7;6;CIOTAT (ANCIENNE ROUTE DE LA);43,2855314;5,5813819
16432;202000018235;14;11;2020;17:50;2;06;06123;2;1;1;3;PROVENCE BOULEVARD DE;43,6687600;7,1863900
16433;202000018236;13;11;2020;17:05;1;75;75118;2;1;1;3;BOULEVARD PERIPHERIQUE;48,9008200;2,3684450
16434;202000018237;13;11;2020;10:30;1;75;75120;2;1;1;3;PORTE DE MONTREUIL;48,8572240;2,4142340
16435;202000018238;12;11;2020;09:25;1;75;75118;2;1;1;4;BOULEVARD PERIPHERIQUE;48,9008200;2,3684450
16436;202000018239;14;11;2020;14:51;1;75;75107;2;5;1;3;QUAI D ORSAY;48,8625730;2,3190080
16437;202000018240;14;11;2020;19:00;5;75;75105;2;1;1;3;RUE DAUBENTON;48,8414960;2,3553170
16438;202000018241;14;11;2020;14:45;1;75;75115;2;2;1;3;PORTE BRANCION;48,8258520;2,3002800
16439;202000018242;13;11;2020;07:20;5;75;75115;2;1;1;1;SQUARE BELA BARTOK;48,8510870;2,2857070
16440;202000018243;14;11;2020;07:40;5;94;94017;2;3;1;1;MARX DORMOY (AV);48,8081600;2,5249800
16441;202000018244;14;11;2020;18:00;3;94;94017;2;1;1;6;Rue Jean Jaurès;48,8152471;2,5059290
16442;202000018245;14;11;2020;18:40;5;93;93039;2;1;1;6;CHATELIER (QUAI DU );48,9342000;2,3410000
16443;202000018246;14;11;2020;14:40;1;93;93048;2;4;1;3;ETIENNE MARCEL (RUE);48,8570893;2,4219895
16444;202000018247;14;11;2020;02:30;5;93;93007;2;1;1;6;LIEGE (AVENUE DE);48,9284000;2,4770400
16445;202000018248;14;11;2020;21:15;5;93;93005;2;9;1;3;R DE PIMODAN;48,9267700;2,4886600
16446;202000018249;14;11;2020;21:00;5;93;93005;2;9;1;1;LOUISE MICHEL (RUE);48,9317480;2,4998110
16447;202000018250;14;11;2020;20:15;5;92;92064;2;1;1;3;DAILLY;48,8435240;2,2206410
16448;202000018251;14;11;2020;16:55;5;92;92060;2;1;1;7;DENIS PAPIN (AVENUE);48,7758331;2,2426184
16449;202000018252;14;11;2020;16:10;1;92;92007;2;1;1;3;TERTRES (RUE DES);48,7876282;2,3081124
16450;202000018253;15;11;2020;16:00;1;95;95487;2;1;2;6;Avenue de la Gare;49,1485240;2,2809450
16451;202000018254;15;11;2020;16:15;1;974;97422;2;1;1;6;Rue du Général de Gaulle; -21,2746730;55,5183360
16452;202000018255;14;11;2020;18:05;2;974;97422;2;1;1;3;N3; -21,2382170;55,5362800
16453;202000018256;14;11;2020;16:30;1;23;23002;1;1;1;6;D11;46,2139920;2,0243940
16454;202000018257;31;10;2020;14:30;1;83;83031;2;1;1;6;Dn7;43,3995050;6,3701610
16455;202000018258;14;11;2020;20:50;3;77;77208;1;1;1;7;départementale 1 PK 009.180;48,4935370;3,2895630
16456;202000018259;14;11;2020;08:30;1;86;86281;1;1;1;1;D18 Blaslay;46,7209650;0,2054970
16457;202000018260;12;11;2020;12:55;1;39;39470;1;1;8;6;;46,4920510;6,0442940
16458;202000018261;14;11;2020;14:35;1;02;02050;1;9;1;3;6 Route Nationale;50,0236990;3,7442830
16459;202000018263;14;11;2020;17:15;2;16;16086;1;1;1;6;Lieu dit La Rivière de Vienne;45,8619030;0,7908330
16460;202000018264;14;11;2020;17:20;2;21;21255;1;1;1;6;D104;47,4042750;4,9792100
16461;202000018265;14;11;2020;23:30;3;30;30233;1;1;1;1;D7;43,9256710;4,2045450
16462;202000018266;15;11;2020;20:45;3;52;52347;1;1;8;6;D180;48,5779700;5,0807480
16463;202000018267;14;11;2020;19:30;5;987;98725;1;1;1;1;Rue Amoe; -17,5199680; -149,4740280
16464;202000018268;13;11;2020;07:30;1;971;97114;1;1;2;1;N1;16,1317770; -61,5801820
16465;202000018269;15;11;2020;18:30;3;77;77470;1;1;8;2;Nationale 4;48,7287090;2,8095600
16466;202000018270;13;11;2020;09:28;1;67;67130;1;1;1;3;D468;48,4125110;7,7049350
16467;202000018271;13;11;2020;18:45;3;13;13056;1;1;1;7;A55-Sens Martigues vers Marseille;43,3985400;5,0858300
16468;202000018272;10;11;2020;08:18;2;67;67471;1;1;8;2;Autoroute A.4;48,6383475;7,7279435
16469;202000018273;13;11;2020;08:45;1;95;95219;1;1;1;6; A115;48,9925804;2,2455454
16470;202000018274;14;9;2020;08:55;1;82;82121;2;1;7;6;BRIAND (RUE ARISTIDE);44,0166800;1,3452700
16471;202000018275;5;9;2020;20:50;5;77;77152;2;1;1;6;LANVIN(RUE MARC);48,5230600;2,6423600
16472;202000018276;11;9;2020;03:05;5;40;40192;2;9;1;7;JUIN (V DU MARECHAL);43,9007600; -0,4830900
16473;202000018277;13;11;2020;12:30;1;976;97611;2;1;2;2;m'tsapere-Nationale 2 (route); -12,8070000;45,2050000
16474;202000018278;2;10;2020;00:35;3;976;97611;1;1;1;6;tsoundzou-Mangadzia  Tsoundzou 2 (rue ); -12,8188400;45,1967100
16475;202000018279;30;9;2020;19:15;5;976;97611;2;1;1;6;vahibe-Departementale 3 ( route ); -12,7845784;45,1761627
16476;202000018280;13;11;2020;18:25;2;974;97411;2;1;1;2;Route de Bois de Nèfles; -20,9004100;55,4763100
16477;202000018281;13;11;2020;19:00;2;69;69387;2;3;1;3;LECLERC                             (AV);45,7470400;4,8331800
16478;202000018282;13;11;2020;16:00;1;69;69259;2;1;1;2;JEAN CAGNE                          (AV);45,6955200;4,8729200
16479;202000018283;13;11;2020;15:45;1;69;69387;2;2;1;1;CHEVREUL                            (R );45,7488800;4,8391100
16480;202000018284;3;5;2020;18:15;1;37;37045;1;3;1;3;D750;47,0126846;0,6190276
16481;202000018285;2;5;2020;10:25;1;48;48075;2;7;1;6;Place Jules Laget;44,3702880;3,5352300
16482;202000018286;4;5;2020;05:05;4;01;01134;1;3;5;3;parc d'activité de la fontaine;46,2805960;4,9038400
16483;202000018287;3;5;2020;19:15;1;13;13038;2;1;1;1;Rue Léo Lelée;43,7257550;4,7043070
16484;202000018288;10;3;2020;19:45;5;83;83023;2;1;1;3;861 route de Nice;43,4055580;6,0790340
16485;202000018289;3;5;2020;22:05;3;35;35012;1;1;1;6;D42;47,8496477; -1,7124954
16486;202000018291;1;5;2020;16:38;1;13;13055;1;1;1;4;A507 sens Marseille - Aubagne;43,3321770;5,3860510
16487;202000018292;2;5;2020;19:30;1;974;97407;2;6;1;3;Rond point de l'étoile; -20,9365360;55,2986530
16488;202000018293;2;5;2020;20:00;1;78;78486;2;3;1;3;PLANIT (RUE DU);48,6898700;1,8592000
16489;202000018294;2;5;2020;20:00;1;72;72181;2;2;2;3;LIEUTENANT DE VAISSEAU PARIS (RUE DU);47,9674300;0,2067100
16490;202000018295;30;4;2020;15:40;1;71;71270;2;2;1;6;Rue Mathieu;46,3054454;4,8297726
16491;202000018296;2;5;2020;13:40;1;59;59599;2;1;1;6;CLOCHE (RUE DE LA);50,7227250;3,1632480
16492;202000018297;2;5;2020;16:22;1;54;54257;2;1;1;3;FLEVILLE (ROUTE DE);48,6497400;6,2083600
16493;202000018298;2;5;2020;11:35;1;54;54395;2;1;1;6;GLEIZE (IMPASSE HYPPOLYTE);48,6986460;6,1988390
16494;202000018299;2;5;2020;17:25;1;27;27351;2;1;1;3;FRINGALE (RUE DE LA);49,2340100;1,1704100
16495;202000018300;2;5;2020;12:20;1;16;16113;2;1;1;1;Chemin des Barrets;45,6093800;0,0853300
16496;202000018302;1;5;2020;19:10;1;06;06027;2;9;1;7;PLAGE BOULEVARD DE LA;43,6511100;7,1518600
16497;202000018303;2;5;2020;14:10;1;75;75112;2;4;1;6;ECHANGEUR BERCY;48,8267250;2,3898930
16498;202000018304;30;4;2020;19:50;1;75;75113;2;1;8;2;PORTE D IVRY;48,8187970;2,3705670
16499;202000018305;1;5;2020;23:20;5;94;94081;2;3;1;6;ANTOINE MARIE COLIN (R);48,7902300;2,3915300
16500;202000018307;2;5;2020;08:05;1;92;92044;2;2;1;3;VIC. HUGO(RUE)069A075 ET 080A088;48,8955100;2,2968600
16501;202000018308;3;5;2020;18:54;1;38;38425;2;1;1;1;Rue Jules Guesde;45,3854630;4,7853600
16502;202000018309;27;4;2020;11:00;1;33;33076;1;1;3;6;D118;44,5528700; -0,3802600
16503;202000018310;2;5;2020;15:13;1;69;69277;2;1;2;2;12 Rue de la Republique;45,7323908;4,9973145
16504;202000018311;3;5;2020;05:00;3;62;62338;2;1;1;6;Ruelle du Bois Fiéretz;50,6451950;2,8358780
16505;202000018312;3;5;2020;18:15;1;47;47120;1;1;1;6;Naussans;44,5422010;0,0600010
16506;202000018313;3;5;2020;15:45;1;61;61196;1;1;1;7;La Giromerie;48,4117990;0,5954290
16507;202000018314;3;5;2020;18:40;1;29;29284;1;2;1;3;Kervillogan;47,8212230; -4,2723620
16508;202000018315;2;5;2020;08:45;1;70;70428;2;1;2;3;D322;47,6433397;6,1439511
16509;202000018316;2;5;2020;22:00;3;04;04068;1;1;1;7;RD 13;43,9075400;5,7840010
16510;202000018318;22;4;2020;18:30;1;35;35208;1;1;1;1;Route Départementale 286;47,9869200; -1,6599440
16511;202000018319;3;5;2020;13:56;1;18;18279;1;4;8;6;A71;47,2456890;2,0667650
16512;202000018321;3;5;2020;05:30;2;38;38565;1;1;2;2;A48;45,2679500;5,6282200
16513;202000018322;3;5;2020;15:20;1;2B;2B109;1;1;1;6;D80;42,7308620;9,3451860
16514;202000018325;26;2;2020;15:45;1;92;92046;2;2;2;3;BROSSOLETTE AVENUE PIERRE/ DORMOY AVENUE MARX N°102 A FIN;48,8120171;2,3007628
16515;202000018326;21;4;2020;06:20;1;988;98818;2;6;1;-1;VE1/RUE BERTHELOT; -22,2604100;166,4444600
16516;202000018327;1;5;2020;01:45;4;78;78401;2;1;1;6;MARECHAL JOFFRE (AVENUE DU);49,0075170;1,9269500
16517;202000018328;1;5;2020;19:05;1;71;71445;2;1;1;7;Rue Philippe Flatot;46,7772515;4,8922218
16518;202000018329;18;3;2020;19:20;2;63;63113;2;2;1;3;CLEMENTEL (BD ETIENNE);45,8096200;3,1094200
16519;202000018330;16;4;2020;11:10;1;63;63113;2;1;1;6;Leclerc la Pardieu ;45,7618300;3,1278800
16520;202000018331;28;4;2020;03:10;5;63;63113;2;3;3;6;RAMOND (RUE);45,7729074;3,0812676
16521;202000018333;1;5;2020;01:57;5;30;30007;2;1;1;6;MONGE (AVENUE);44,1455700;4,1014600
16522;202000018334;30;4;2020;13:10;1;14;14118;2;6;1;3;FORMIGNY (RUE DE);49,1706100; -0,3396500
16523;202000018335;1;5;2020;20:08;1;13;13208;2;2;1;3;PRADO (AVENUE DU);43,2820000;5,3862000
16524;202000018336;1;5;2020;21:00;3;13;13001;2;1;1;3;SISTERON (RTE DE );43,5653882;5,4645126
16525;202000018337;29;4;2020;00:15;5;75;75115;2;4;1;3;BD PERIPHERIQUE EXTERIEUR;48,8348160;2,2740710
16526;202000018338;1;5;2020;20:30;1;75;75102;2;2;1;3;RUE SAINTE ANNE;48,8688800;2,3367080
16527;202000018339;1;5;2020;21:50;5;94;94068;2;2;8;3;ALMA (AV DE L);48,7875424;2,4952527
16528;202000018340;1;5;2020;00:15;5;94;94041;2;2;1;3;VERDUN (AV DE);48,8172500;2,3670700
16529;202000018341;1;5;2020;22:15;5;93;93046;2;2;1;3;LIBERATION PLACE DE LA;48,9221836;2,5432764
16530;202000018342;1;5;2020;19:58;1;22;22341;1;1;1;7;La Croix des Haies;48,3865820; -2,3951910
16531;202000018343;2;5;2020;10:55;1;66;66028;2;1;1;6;Chemin de Saint-gaudérique;42,6827040;2,9315690
16532;202000018344;1;5;2020;13:40;1;11;11413;1;1;3;6;d 118 PR 16+500;43,3429517;2,2852467
16533;202000018345;2;5;2020;11:50;1;89;89200;1;1;1;6;PK 7 - Route départementale 91;47,9315424;3,5875475
16534;202000018346;24;4;2020;08:00;1;61;61316;1;1;1;6;Rue des 2 Arbres;48,8427740; -0,0234320
16535;202000018347;1;5;2020;18:15;1;68;68347;1;1;2;7;D432;47,5155340;7,2925830
16536;202000018348;1;5;2020;16:20;1;31;31212;2;1;2;6;D888;43,6978630;1,5604610
16537;202000018349;2;5;2020;09:59;1;01;01415;2;1;8;6;Route Valromey-savoie;45,8730740;5,7045480
16538;202000018350;30;4;2020;09:00;1;60;60477;2;1;1;6;Route du Vivier Danger;49,4352255;1,9139079
16539;202000018351;27;2;2020;13:54;1;33;33122;1;3;2;3;D214 (Route de Fourc) / chemin de Marticot;44,7530310; -0,6851380
16540;202000018352;30;4;2020;13:50;1;69;69173;1;1;2;6;A89 PK 523+800;45,8755153;4,5420501
16541;202000018353;1;5;2020;14:20;1;34;34202;1;1;1;7;D5;43,5785550;3,7652630
16542;202000018354;1;5;2020;08:40;1;94;94034;1;1;9;7;AUTOROUTE A6A;48,7575400;2,3349200
16543;202000018355;1;5;2020;03:40;3;60;60241;1;1;3;6;AUTOROUTE A1;49,1595600;2,5948400
16544;202000018356;15;2;2020;14:15;1;28;28085;2;1;1;5;LAENNEC (AVENUE DU DOCTEUR);48,4479600;1,5315900
16545;202000018357;26;2;2020;11:45;1;27;27681;2;1;1;2;MENDES FRANCE (AVENUE PIERRE);49,0895600;1,4822400
16546;202000018358;25;2;2020;22:20;5;19;19031;2;1;1;6;KOENIG (BOULEVARD GENERAL);45,1600900;1,5313400
16547;202000018360;25;2;2020;07:55;1;19;19031;2;3;2;3;QUEUILLE (AVENUE HENRI);45,1697899;1,5310215
16548;202000018361;29;4;2020;15:30;1;971;97107;2;1;1;6;DUMANOIR ( ALLEE );16,0300700; -61,5717100
16549;202000018362;30;4;2020;12:50;1;91;91549;2;9;2;7;JACQUES DUCLOS (AVENUE);48,6347880;2,3447710
16550;202000018363;30;4;2020;18:30;1;91;91326;2;3;2;3;AVENIR (RUE DE L');48,6862300;2,3837500
16551;202000018364;30;4;2020;20:25;1;91;91223;1;1;1;6;C.D.836;48,4551950;2,0940460
16552;202000018365;26;4;2020;17:10;1;84;84087;2;6;1;3;CINSAULT (RUE);44,1123900;4,8493500
16553;202000018366;30;4;2020;08:35;1;69;69256;2;2;3;3;MARIUS GROSSO                       (R );45,7636000;4,9335000
16554;202000018367;25;4;2020;18:19;1;49;49353;2;1;2;7;PASTEUR;47,4455000; -0,4699600