;Num_Acc;jour;mois;an;hrmn;lum;dep;com;agg;int;atm;col;adr;lat;long
17258;202000019159;11;9;2020;06:47;5;24;24294;2;4;1;1;Avenue André Malraux;45,0141230;0,1609920
17259;202000019160;11;9;2020;10:10;1;62;62760;2;1;1;-1;8 Route Nationale;50,6095250;2,1048800
17260;202000019161;11;9;2020;09:25;1;38;38157;2;1;7;6;Rue des Potiers;45,4916050;4,9471800
17261;202000019162;11;9;2020;14:30;1;91;91390;1;3;1;3;Chemin des Vignes;48,3177640;2,1068890
17262;202000019163;13;8;2020;08:30;1;2A;2A308;1;1;1;3;D268;41,6830358;9,0408018
17263;202000019164;10;9;2020;18:00;1;42;42332;2;1;1;6;142 Route de Villemontais;46,0198170;4,0464170
17264;202000019165;9;9;2020;16:20;1;68;68162;1;3;1;1;chemin communal du fechtweg;48,1290130;7,3142709
17265;202000019167;10;9;2020;17:30;1;01;01354;1;1;1;1;D35a;46,2582640;6,0371870
17266;202000019168;11;9;2020;12:07;1;01;01033;1;1;1;1;D1084;46,1511690;5,7913670
17267;202000019169;11;9;2020;15:20;1;59;59641;1;2;1;1;4574 Route de la Colme;50,9881220;2,5280950
17268;202000019170;11;9;2020;09:05;1;44;44137;1;1;1;6;N171;47,3589440; -2,0446590
17269;202000019171;11;9;2020;09:45;1;27;27011;1;2;1;3;D81;49,2188480;0,9340340
17270;202000019172;6;8;2020;14:40;1;51;51076;1;1;1;2;Hameau Point du Jour;49,0632615;3,8577633
17271;202000019174;31;8;2020;10:45;1;56;56137;1;3;1;3;Lieu Dit Guernevé;47,7459320; -2,6918860
17272;202000019175;4;9;2020;17:50;1;74;74051;1;1;1;7;route de frangy D2;46,0232060;6,0359360
17273;202000019176;10;9;2020;17:25;1;42;42218;2;2;1;3;Rue du Général Leclerc;45,4314000;4,3886378
17274;202000019177;10;9;2020;23:00;3;79;79242;1;1;1;6;La Petite Roulière;46,9126920; -0,4974100
17275;202000019178;9;9;2020;17:40;1;80;80199;2;2;1;5;D938;49,9583760;2,8882280
17276;202000019179;11;9;2020;15:00;1;80;80566;1;1;1;1;D49;50,0907000;2,2378370
17277;202000019180;10;9;2020;10:15;1;80;80800;1;2;1;3;D29;49,8569140;1,8540560
17278;202000019181;10;9;2020;17:30;1;65;65373;1;9;1;7;D10;43,3079890;0,4565330
17279;202000019182;10;9;2020;18:10;2;81;81064;1;1;1;2;Cante Merle;43,9572790;1,8581590
17280;202000019183;11;9;2020;09:07;1;32;32027;2;2;1;3;Chemin de junca;43,6999450; -0,2329150
17281;202000019184;11;9;2020;09:40;1;11;11043;1;1;1;1;D101;43,2178900;2,4390720
17282;202000019185;3;9;2020;16:00;1;61;61081;2;2;1;2;La Benardiere;48,6488910;0,1913020
17283;202000019186;3;9;2020;15:45;1;55;55398;1;2;1;6;RD 36 - PK 12 + 0100;48,6836970;5,7242100
17284;202000019187;10;9;2020;22:30;3;49;49180;1;1;1;2;RD347;47,3652730; -0,0936160
17285;202000019188;11;9;2020;14:20;1;42;42011;2;2;1;3;2 Rue du 8 Mai;45,8176603;4,1851057
17286;202000019189;11;9;2020;18:20;1;42;42006;1;1;1;6;Route de Tiranges;45,3746398;3,9957714
17287;202000019190;8;9;2020;14:40;1;22;22212;1;3;1;3;Keranguere;48,6580740; -3,1958630
17288;202000019191;10;9;2020;18:18;1;22;22055;1;4;1;7;La Ville Marqué Etables;48,6203755; -2,8406317
17289;202000019192;9;9;2020;13:04;1;44;44087;1;3;1;5;RD 95;46,9750260; -1,8081740
17290;202000019193;10;9;2020;19:10;1;31;31224;1;1;1;2;Avenue de Luchon;43,0637730;0,5885460
17291;202000019194;11;9;2020;21:45;3;31;31232;2;1;1;2;Avenue de Guiraudis;43,7703110;1,2837160
17292;202000019196;10;9;2020;17:15;1;02;02012;1;1;7;3;Départementale 6;49,3214580;3,4282490
17293;202000019197;27;8;2020;16:45;1;01;01266;2;3;1;3;46 Grande Rue;46,3384850;5,1280580
17294;202000019198;9;9;2020;14:10;1;01;01266;2;3;1;3;Grande Rue;46,3384920;5,1280350
17295;202000019200;10;9;2020;11:30;1;31;31112;1;1;1;2;Ancienne Ligne de Chemin de Fer Boussens - Saint-Girons;43,0420060;0,9915320
17296;202000019201;11;9;2020;11:30;1;64;64436;2;1;1;3;Route Departementale 918;43,2330100; -1,2987710
17297;202000019203;11;9;2020;17:45;1;64;64488;1;2;1;3;1 Route de Lourdes;43,3950800; -0,2108280
17298;202000019204;11;9;2020;12:00;1;73;73151;2;2;1;2;Chemin de Blardet;45,4956275;5,9903439
17299;202000019205;6;9;2020;17:50;1;43;43267;1;1;1;7;Lieu dit Chamboulive;45,1993670;3,9612579
17300;202000019206;11;9;2020;07:50;2;16;16028;1;1;1;2;Lieu dit Trop vendu;45,4660000; -0,1826530
17301;202000019207;11;9;2020;18:58;1;07;07338;1;1;1;6;D21;44,8903660;4,6609484
17302;202000019208;5;8;2020;22:50;5;07;07031;2;6;1;6;Quartier Chagnac;44,3747910;4,1954500
17303;202000019210;10;9;2020;16:50;1;24;24120;1;2;1;1;D5;45,2778710;1,1055850
17304;202000019211;11;9;2020;11:45;1;04;04139;1;3;1;3;RD 946 / Basarique;44,1691828;5,8379727
17305;202000019212;5;9;2020;11:20;1;27;27284;2;2;1;3;rue François Cadennes;49,2781540;1,7852410
17306;202000019213;9;9;2020;13:43;1;48;48189;1;1;3;7;D50;44,6113910;3,4239260
17307;202000019214;28;8;2020;22:40;3;04;04128;1;3;1;1;RD 907 / RD 956;43,8438560;5,6882360
17308;202000019215;10;9;2020;19:55;3;38;38454;1;1;1;6;A49;45,1598600;5,3624800
17309;202000019216;14;8;2020;14:00;1;978;97801;1;1;1;3;RN7 - La Savane;18,0779630; -63,0290510
17310;202000019217;11;9;2020;14:10;1;42;42243;1;1;1;6;A89;45,8610266;3,9935162
17311;202000019218;9;9;2020;19:40;3;973;97306;1;1;1;3;D9;5,6521600; -53,8395740
17312;202000019219;11;9;2020;16:10;1;33;33199;2;2;1;3;54 Rue Jules Barat / 74 Rue Edmond Daubric;44,6409260; -1,0640110
17313;202000019220;11;9;2020;08:00;1;37;37131;2;3;1;6;rue du 8 mai 1945;47,4575942;1,0415565
17314;202000019221;7;9;2020;18:50;1;91;91315;1;1;1;1;CD 31;48,5196740;2,3549800
17315;202000019223;10;9;2020;01:15;5;06;06011;2;1;9;1;Avenue Fernand Dunan;43,7038640;7,3309060
17316;202000019224;11;9;2020;08:20;1;13;13076;2;3;1;1;Avenue des Vergers;43,8204170;5,0145180
17317;202000019225;11;9;2020;08:05;1;71;71176;2;1;1;6;Rue Louis Queroy;46,4768840;3,9917215
17318;202000019226;11;9;2020;18:05;1;54;54262;1;1;1;-1;Route d'Hoeville;48,7082100;6,4288900
17319;202000019227;11;9;2020;00:15;3;57;57415;1;1;1;6;3 Route de Woippy;49,1417060;6,1070090
17320;202000019228;10;9;2020;17:05;1;03;03286;1;1;1;7;;46,4874818;3,3454280
17321;202000019229;11;9;2020;13:55;1;74;74220;1;1;1;5;Route d'Annemasse;46,1480380;6,2613270
17322;202000019230;9;9;2020;16:45;1;38;38445;1;1;8;6;D113;45,0397940;5,7829020
17323;202000019231;11;9;2020;16:30;1;38;38170;2;1;1;1;Route de Lyon;45,2485310;5,6665740
17324;202000019232;16;8;2020;15:45;1;26;26116;1;1;1;4;Route Nationale 7;44,4536030;4,7502780
17325;202000019233;10;9;2020;17:20;1;01;01262;1;2;1;2;D38;45,8659830;4,9999270
17326;202000019234;10;9;2020;12:30;1;81;81038;1;1;1;1;D13;43,8953490;1,9611240
17327;202000019235;9;9;2020;06:10;3;33;33392;1;1;1;6;D10;44,5844880; -0,2689400
17328;202000019236;10;9;2020;21:00;3;49;49301;1;3;1;3;La Grenouille;47,0223650; -1,0469660
17329;202000019237;11;9;2020;09:10;1;50;50531;1;1;1;7;Le Moulin Leveque (Saint-Ovin);48,6634350; -1,2482040
17330;202000019239;16;8;2020;17:30;1;29;29042;1;1;1;7;Kernaléguen Tréflez Ouest;48,2191110; -4,5452180
17331;202000019240;10;6;2020;13:15;1;972;97209;2;1;1;2;RD 41 (ROCADE);14,6115700; -61,0793600
17332;202000019241;11;6;2020;01:08;5;95;95582;2;1;2;3;BEL-AIR (BOULEVARD DU);48,9833420;2,2429400
17333;202000019243;11;6;2020;09:50;1;91;91477;2;1;1;6;DOUMER (RUE PAUL);48,7237180;2,2488990
17334;202000019244;11;6;2020;15:40;1;91;91514;2;1;1;3;BOISSY (RUE DE);48,6755110;2,5358290
17335;202000019245;9;6;2020;16:20;1;87;87085;1;6;1;6;SCHUMAN (BOULEVARD ROBERT);45,8686000;1,2781000
17336;202000019246;10;6;2020;18:30;1;83;83144;1;1;1;3;RN 97;43,1432130;6,0100740
17337;202000019247;11;6;2020;14:30;1;81;81163;2;1;1;3;SABATIE (CHARLES);43,4979000;2,3737700
17338;202000019248;10;6;2020;10:55;1;80;80021;1;1;1;3;CHATEAUDUN (BOULEVARD DE);49,8840100;2,2823900
17339;202000019249;11;6;2020;17:40;1;77;77330;2;3;1;6;VERDIER GASTON (RUE);48,9445000;2,8820200
17340;202000019251;11;6;2020;11:10;1;74;74010;2;2;1;3;SOMMEILLER;45,9027000;6,1281000
17341;202000019252;11;6;2020;20:00;2;69;69266;2;1;2;2;LEON BLUM      (Rue);45,7606000;4,9051000
17342;202000019253;7;6;2020;19:00;1;69;69264;2;1;1;6;FERRY JULES  R;45,9818000;4,7348700
17343;202000019254;9;6;2020;14:53;1;66;66136;2;1;1;4;Départementale  617;42,6995300;2,9344400
17344;202000019255;25;5;2020;13:25;1;66;66136;2;1;1;1;GEORGES CAUSTIER ( AVENUE);42,6933600;2,8596600
17345;202000019256;11;6;2020;18:00;1;65;65440;2;1;2;2;DEBUSSY (BOULEVARD CLAUDE);43,2200970;0,0657870
17346;202000019257;3;6;2020;09:50;1;59;59560;2;3;1;6;BOUVRY ROGER RUE;50,5476500;3,0276500
17347;202000019258;5;6;2020;14:30;1;59;59390;1;1;1;6;MONCHECOURT (ROUTE DE);50,3333900;3,2050200
17348;202000019259;7;6;2020;21:05;1;57;57672;2;1;1;3;OCEANIE (CHAUSSEE D');49,3664700;6,1540400
17349;202000019261;10;6;2020;17:00;1;52;52121;2;2;1;3;CHAMARANDES (RUE DE);48,0951200;5,1509300
17350;202000019262;11;6;2020;17:40;1;51;51454;2;1;1;1;Boulevard de la Paix;49,2526573;4,0413992
17351;202000019263;11;6;2020;05:40;2;50;50129;2;2;8;3;Robert LECOUVEY;49,6302900; -1,6000500
17352;202000019264;8;6;2020;21:00;1;50;50129;2;2;1;-1;TANNERIES (RUE DES);49,6324100; -1,6234800
17353;202000019265;11;6;2020;08:20;1;45;45169;1;1;1;7;RUE DE L'AZONE;47,8999710;1,8091598
17354;202000019266;11;6;2020;14:10;1;42;42187;2;2;1;-1;Rue du General Giraud;46,0325100;4,0597700
17355;202000019267;11;6;2020;11:45;1;38;38185;2;1;1;6;Rue de Stalingrad;45,1761200;5,7260300
17356;202000019268;11;6;2020;16:20;1;37;37261;2;6;2;-1;MULHEIM (ROND-POINT DE);47,4222500;0,6797500
17357;202000019269;11;6;2020;17:15;1;35;35238;1;1;2;6;PORTE D'ANGERS;48,0854800; -1,6388200
17358;202000019270;11;6;2020;13:30;1;35;35238;2;1;2;6;PRE PERCHE (DU);48,1068300; -1,6810400
17359;202000019271;11;6;2020;10:50;1;35;35238;2;1;3;2;PAYS-BAS (AVENUE DES);48,0846600; -1,6608300
17360;202000019273;11;6;2020;08:34;1;33;33013;1;4;2;6;N89 / BRETELLE DE SORTIE N°2;44,8681548; -0,4724721
17361;202000019274;6;6;2020;21:15;1;33;33529;2;1;1;6;Boulevard de l'Industrie;44,6131700; -1,1281100
17362;202000019275;10;6;2020;15:15;1;31;31555;2;6;1;4;RD POINT JEAN BEGUE;43,6172000;1,4081200
17363;202000019276;10;6;2020;18:04;1;29;29019;2;2;1;3;Rue du Guelmeur;48,3928700; -4,4620900
17364;202000019277;9;6;2020;20:40;1;29;29019;2;6;1;3;Rue du Carpon;48,3900030; -4,5036718
17365;202000019279;8;6;2020;17:50;1;22;22278;2;1;1;5;RN12;48,5232933; -2,7500550
17366;202000019280;10;6;2020;23:50;5;21;21231;2;6;1;3;DAVOUT (RUE);47,3220400;5,0516600
17367;202000019281;10;6;2020;17:22;1;17;17300;2;3;8;7;DELMAS   BOULEVARD EMILE;46,1613000; -1,2073600
17368;202000019283;11;6;2020;20:30;2;13;13210;2;1;1;3;MAURIAC (RUE);43,2724430;5,4210920
17369;202000019284;11;6;2020;10:35;1;13;13202;2;2;1;-1;PARIS (BOULEVARD DE);43,3137750;5,3680590
17370;202000019285;10;6;2020;11:40;1;13;13214;2;9;1;2;ARNAVON (AVENUE);43,3300540;5,3876660
17371;202000019286;10;6;2020;15:45;1;13;13209;2;1;1;5;CABOT (BOULEVARD);43,2589700;5,4170000
17372;202000019287;9;6;2020;16:25;1;13;13004;2;1;1;3;RTE DES SAINTES MARIES;43,6782600;4,6074700
17373;202000019288;11;6;2020;20:00;2;06;06088;2;2;1;6;CARNOT (BD);43,6982500;7,2871000
17374;202000019290;9;6;2020;18:20;1;75;75113;2;4;1;4;BOULEVARD PERIPHERIQUE;48,8266350;2,3889950
17375;202000019291;9;6;2020;16:20;1;75;75116;2;1;1;2;PORT D AUTEUIL;48,8524220;2,2525860
17376;202000019292;10;6;2020;20:37;1;75;75118;2;3;1;6;RUE ORDENER;48,8902450;2,3599170
17377;202000019293;11;6;2020;12:30;1;75;75105;2;4;1;6;BOULEVARD DE L HOPITAL;48,8431840;2,3641600
17378;202000019294;11;6;2020;17:00;1;75;75120;2;3;1;3;RUE DE LA MARE;48,8737850;2,3883180
17379;202000019295;11;6;2020;17:40;1;75;75117;2;3;1;7;AVENUE DE CLICHY;48,8918660;2,3178830
17380;202000019297;11;6;2020;10:40;1;75;75113;2;1;1;6;RUE DU CHEVALERET;48,8279540;2,3768320
17381;202000019298;10;6;2020;21:45;2;75;75110;2;1;1;3;QUAI DE VALMY;48,8692740;2,3665730
17382;202000019299;11;6;2020;20:05;1;75;75108;2;2;1;3;RUE D AMSTERDAM;48,8796540;2,3270120
17383;202000019300;10;6;2020;20:20;1;75;75101;2;2;1;3;RUE SAINT HONORE;48,8638160;2,3342450
17384;202000019301;10;6;2020;07:20;1;94;94081;2;1;1;1;PAUL VAILLANT COUTURIER (AV);48,7935100;2,3959800
17385;202000019302;11;6;2020;05:30;2;94;94068;2;3;1;3;FOCH (AV);48,8041770;2,4868700
17386;202000019303;9;6;2020;17:15;1;94;94068;2;2;1;2;MAURICE BERTEAUX (BD);48,8110560;2,4694280
17387;202000019305;10;6;2020;02:00;5;94;94054;2;1;1;6;BAS MARIN (R DU);48,7464900;2,3830200
17388;202000019307;11;6;2020;09:50;1;94;94017;2;1;1;7;BERNAU (R DE);48,8171500;2,5238100
17389;202000019308;11;6;2020;07:40;1;94;94017;2;1;1;3;STALINGRAD (BD DE);48,8215900;2,4992100
17390;202000019309;11;6;2020;07:40;2;93;93048;2;2;1;3;CAILLOTS (RUE DES);48,8648880;2,4394860
17391;202000019310;21;7;2020;22:35;5;93;93032;2;3;1;3;ALL DE MONTFERMEIL / ALL LAGUILHONIE;48,8993000;2,5395800
17392;202000019311;10;6;2020;19:45;1;92;92063;2;3;1;3;DIX-HUIT JUIN 1940 (AVENUE DU) EST;48,8676909;2,1964312
17393;202000019312;10;6;2020;17:40;1;92;92036;2;1;1;7;JEAN JAURES (RUE) (2);48,9300180;2,2950600
17394;202000019313;11;6;2020;01:20;5;92;92023;2;1;1;7;CLAUDE TREBIGNAUD (AVENUE) BOIS S103;48,7884307;2,2530106
17395;202000019315;9;6;2020;18:20;1;17;17183;1;2;1;3;RD 114;45,6048360; -0,8104130
17396;202000019316;11;6;2020;20:45;1;68;68146;2;3;1;1;Rue du Cimetière;48,1279640;7,3783940
17397;202000019317;11;6;2020;18:20;1;84;84028;2;2;1;3;Chemin de la Gayere;44,2273350;4,9368100
17398;202000019318;10;6;2020;19:15;1;57;57428;2;3;1;6;34 Rue du Stade;49,0969270;6,7516460
17399;202000019320;11;6;2020;22:15;5;83;83070;2;1;1;6;7 Quai Baptistin Pins;43,1374140;6,3744840
17400;202000019321;13;6;2020;09:40;1;34;34270;1;1;2;1;D132e2;43,5881490;3,8252490
17401;202000019322;12;6;2020;05:16;3;80;80622;1;4;1;6;D121;49,9242480;2,1399310
17402;202000019323;12;6;2020;13:30;1;80;80443;1;2;3;3;D211;49,8517470;1,9140780
17403;202000019324;12;6;2020;08:45;1;69;69033;1;1;2;1;D1;45,8606650;4,8817300
17404;202000019325;11;6;2020;18:40;1;63;63055;1;1;2;3;D941 - Pk 24;45,8346250;2,8428170
17405;202000019326;11;6;2020;22:10;4;42;42302;2;1;1;6;Rue de la Longeagne;45,4868246;4,4491189
17406;202000019327;12;6;2020;17:00;1;41;41231;1;1;8;6;D63 PK 51+190;47,5128530;1,8575910
17407;202000019328;8;6;2020;15:10;1;86;86083;1;1;1;7;Route Nationale;46,4691230;0,1648700
17408;202000019329;11;6;2020;12:25;1;86;86293;1;1;2;1;D4;46,3876750;0,2863690
17409;202000019330;12;6;2020;07:55;1;68;68120;2;2;7;3;Rue de Hégenheim;47,5400780;7,4965810
17410;202000019331;10;6;2020;16:15;1;44;44139;1;1;2;1;La Garenne;47,4683920; -1,9569620
17411;202000019332;12;6;2020;19:30;1;38;38457;2;2;1;3;Grande Rue;45,3293100;5,2665300
17412;202000019333;11;6;2020;12:15;1;03;03025;1;1;1;3;Les Simonins;46,4443605;3,4117484
17413;202000019334;12;6;2020;04:50;3;72;72039;1;1;2;6;Le Petit Parc;48,1729370;0,4712720
17414;202000019336;11;6;2020;22:00;5;88;88520;2;1;1;2;Le Village;48,0334450;6,2934730
17415;202000019338;10;6;2020;08:00;1;13;13109;1;1;1;2;A8;43,5104440;5,4974650
17416;202000019339;11;6;2020;18:30;1;21;21001;1;1;1;6;A31;47,1294470;4,9717960
17417;202000019340;11;6;2020;15:45;1;971;97128;1;1;1;7;N Route Nationale 4;16,2342580; -61,3709590
17418;202000019341;11;6;2020;19:43;1;77;77238;1;2;2;-1;D402;48,8686920;3,0917390
17419;202000019342;24;5;2020;10:15;1;91;91338;1;2;1;3;Rue d'Orsay;48,6616740;2,0926390
17420;202000019343;11;6;2020;18:00;1;83;83107;1;1;1;-1;Route Nd7;43,4216350;6,6808460
17421;202000019344;11;6;2020;17:00;1;06;06122;2;1;1;3;361 Route de la Baronne;43,7445720;7,1771030
17422;202000019345;12;6;2020;12:40;1;05;05065;1;1;1;1;D902;44,6374680;6,6657400
17423;202000019346;12;6;2020;14:00;1;71;71150;2;1;1;2;Rue du Stade;46,2414617;4,7850385
17424;202000019347;12;6;2020;12:28;1;03;03008;1;2;3;3;Barnaudière;46,0341013;3,5613406
17425;202000019348;12;6;2020;16:00;1;47;47326;1;3;1;3;D933;44,5015440;0,2443870
17426;202000019349;3;6;2020;20:15;2;47;47157;2;1;1;3;Avenue de Lattre de Tassigny;44,5016350;0,1706550
17427;202000019350;11;6;2020;07:20;2;44;44052;1;3;3;1;D4;47,3502000; -2,1023270
17428;202000019351;12;6;2020;19:10;1;60;60439;2;1;1;6;Rue André Briot;49,3122541;2,3175220
17429;202000019353;11;6;2020;15:40;1;94;94038;1;1;1;4;AUTOROUTE A6A;48,7784600;2,3465400
17430;202000019354;11;6;2020;08:00;1;91;91589;1;1;1;4;AUTOROUTE A6;48,6794000;2,3338000
17431;202000019355;10;6;2020;23:00;3;78;78208;1;1;2;7;N12W;48,7994600;1,9854400
17432;202000019356;11;6;2020;20:15;1;92;92036;1;1;1;-1;AUTOROUTE A15;48,9458900;2,2832300
17433;202000019357;10;6;2020;18:45;1;93;93008;1;1;1;3;AUTOROUTE A86;48,9083100;2,4507900
17434;202000019358;10;6;2020;19:00;1;92;92078;1;1;1;7;AUTOROUTE A86;48,9374100;2,3171200
17435;202000019359;10;6;2020;15:15;1;93;93006;1;1;1;2;AUTOROUTE A3;48,8686000;2,4284900
17436;202000019360;10;6;2020;15:30;1;93;93008;1;1;1;3;AUTOROUTE A86;48,9140000;2,4331900
17437;202000019361;10;6;2020;07:40;1;95;95572;1;1;1;2;RN 184;49,0379400;2,1232900
17438;202000019362;9;6;2020;19:14;1;92;92036;1;1;1;2;AUTOROUTE A86;48,9379200;2,3147600
17439;202000019363;9;6;2020;13:20;1;93;93066;1;1;1;4;AUTOROUTE A1;48,9148600;2,3579300
17440;202000019364;11;6;2020;18:50;1;77;77373;1;1;1;7;RN104;48,7659278;2,6141926
17441;202000019366;11;6;2020;13:30;1;94;94073;1;1;1;6;A86 EXT;48,7709000;2,3875000
17442;202000019368;4;2;2020;07:10;5;91;91471;2;1;1;6;GARE RER ORSAY VILLE;48,6973400;2,1818700
17443;202000019369;11;6;2020;08:05;1;988;98818;2;3;1;3;VE1/AVENUE BONAPARTE; -22,2420200;166,4573000
17444;202000019370;10;6;2020;15:10;1;974;97416;1;2;1;3;Allée des Cèdres; -21,3069040;55,4246790
17445;202000019371;9;6;2020;10:50;1;974;97416;1;1;1;3;RN1; -21,3263300;55,4490400
17446;202000019372;9;6;2020;10:35;1;974;97409;2;1;1;3;MASCAREIGNES (Avenue des); -20,9408000;55,6473000
17447;202000019373;10;6;2020;09:05;1;973;97302;2;1;1;-1;REPUBLIQUE (BD DE LA);4,9384511; -52,3211002
17448;202000019374;9;6;2020;11:30;1;973;97302;2;1;1;3;MADELEINE (ROUTE DE LA);4,9145000; -52,3209000
17449;202000019375;10;6;2020;17:36;1;69;69388;2;2;8;3;VIVIANI                             (AV);45,7244084;4,8716574
17450;202000019376;10;6;2020;14:20;1;69;69386;2;2;1;3;FRANKLIN ROOSEVELT                  (CO);45,7691694;4,8489860
17451;202000019377;10;6;2020;15:40;1;972;97213;1;1;2;4;AUTOROUTE A1;14,6150000; -61,0130000
17452;202000019378;10;6;2020;21:50;5;69;69384;2;1;1;6;BARODET                             (R );45,7776300;4,8265000
17453;202000019379;9;6;2020;17:40;1;91;91103;2;1;1;6;PRES D'AULNAY (RUE DES);48,6075400;2,2728600
17454;202000019381;9;6;2020;23:50;3;77;77487;1;1;1;6;D605;48,5379200;2,6925500
17455;202000019382;9;6;2020;07:45;1;76;76231;2;1;1;3;RD 840 (RUE DU NEUBOURG);49,2832100;1,0082400
17456;202000019383;10;6;2020;02:15;5;76;76540;2;2;1;3;RICARD. RUE LOUIS;49,4485390;1,0997066
17457;202000019384;9;6;2020;16:15;1;76;76351;2;2;1;6;RAYMOND GUENOT;49,4942000;0,1037000
17458;202000019386;6;6;2020;19:15;1;69;69275;2;1;1;3;EDOUARD HERRIOT                     (AV);45,7746100;4,9643500
17459;202000019387;9;6;2020;18:45;1;67;67482;2;3;2;5;PIERRE CORNEILLE (AVENUE);48,5892300;7,7025700
17460;202000019389;9;6;2020;15:40;1;64;64024;2;1;1;2;ADOUR (AVENUE DE L');43,5236600; -1,5040700
17461;202000019390;13;5;2020;16:45;1;62;62510;2;6;1;2;MITTERAND (AV FRANCOIS);50,4275910;2,7882850
17462;202000019391;9;6;2020;20:50;1;62;62401;2;2;1;3;MARTYRS ( RUE DES );50,5062500;2,8009700
17463;202000019392;9;6;2020;16:30;1;56;56121;2;1;1;3;THOREZ (RUE  MAURICE );47,7401400; -3,3934300
17464;202000019393;9;6;2020;18:16;1;54;54526;2;1;1;2;MILLENAIRE (BOULEVARD DU);48,6807009;6,2139176
17465;202000019394;10;6;2020;08:54;1;52;52448;1;1;8;4;RN4;48,6255200;4,9354500
17466;202000019396;9;6;2020;20:15;1;49;49007;2;1;1;7;AYRAULT;47,4751400; -0,5499000
17467;202000019397;9;6;2020;10:39;1;49;49007;2;1;1;6;JEAN XXIII AVENUE;47,4489900; -0,5646800
17468;202000019398;9;6;2020;09:52;1;49;49007;2;1;1;7;LAITERIE IMPASSE ET PLACE;47,4751300; -0,5622900
17469;202000019399;10;6;2020;08:30;1;45;45004;2;3;1;2;Rue de Mormant - rue des pinsons;47,9617939;2,7620579
17470;202000019400;2;6;2020;10:30;1;43;43157;2;1;1;6;60 Avenue Marechal Foch;45,0377000;3,8878000
17471;202000019402;28;2;2020;16:33;1;42;42330;2;1;1;4;D201;45,4771950;4,3464720
17472;202000019404;10;6;2020;17:20;1;35;35238;2;2;2;3;CLEMENCEAU (52 BD GEORGES);48,0944880; -1,6856069
17473;202000019405;10;6;2020;15:45;1;35;35206;1;9;2;2;RN 136 PORTE DE BREQUIGNY;48,0788658; -1,6926348
17474;202000019406;10;6;2020;17:50;1;33;33529;2;3;2;1;VULCAIN (401 RUE);44,6143500; -1,1216500
17475;202000019407;9;6;2020;17:35;1;31;31069;2;1;2;6;BD DE L'EUROPE;43,6530000;1,3744200
17476;202000019408;9;6;2020;20:20;1;30;30189;2;1;1;6;SAUVE (ROUTE);43,8372600;4,3300600
17477;202000019409;9;6;2020;16:45;1;30;30189;2;3;1;7;MENDES FRANCE PIERRE (AVENUE);43,8143250;4,3966100
17478;202000019410;10;6;2020;13:03;1;29;29019;2;2;1;2;Boulevard Léon Blum;48,4073800; -4,4850700
17479;202000019411;5;6;2020;07:40;1;22;22106;2;1;1;3;BRETAGNE (RUE DE);48,4905915; -2,7169168
17480;202000019412;10;6;2020;21:30;3;17;17306;1;1;1;7;RD 25;45,6358418; -1,0159457
17481;202000019413;10;6;2020;14:00;1;15;15012;2;1;1;7;MILHAUD (AVENUE);44,9015960;2,4586620
17482;202000019414;10;6;2020;14:40;1;13;13203;2;4;1;6;CAMILLE PELLETAN (AVENUE);43,3077320;5,3738820
17483;202000019415;10;6;2020;02:50;3;13;13213;2;1;1;2;JEAN PAUL SARTRE (AVENUE);43,3222700;5,4182200
17484;202000019416;10;6;2020;04:00;5;13;13210;2;1;1;5;CAPELETTE (AVENUE DE LA);43,2808910;5,4069000
17485;202000019417;10;6;2020;00:30;5;13;13211;2;3;1;3;SAINT LOUP (BOULEVARD DE);43,2820400;5,4297700
17486;202000019418;9;6;2020;09:50;1;11;11262;2;1;1;2;BORDEAUX (AVENUE DE);43,1812000;2,9717300
17487;202000019419;9;6;2020;19:32;1;10;10362;2;1;8;7;ROCADE OUEST (RD 610);48,2918100;4,0345000
17488;202000019420;8;6;2020;12:07;1;10;10081;2;1;1;3;ROCADE OUEST (RD 610);48,3057200;4,0254800
17489;202000019421;10;6;2020;18:27;1;06;06069;2;1;1;6;ROUQUIER (BOULEVARD EMMANUEL);43,6417000;6,9424000
17490;202000019422;9;6;2020;20:30;1;06;06029;2;1;1;1;JOURDAN (AVENUE MICHEL);43,5572820;6,9685250
17491;202000019423;10;6;2020;13:30;1;75;75117;2;1;1;2;PORTE DE CLICHY;48,8937770;2,3045340
17492;202000019424;10;6;2020;12:00;1;75;75118;2;4;1;2;PORTE DE SAINT OUEN;48,9006670;2,3337850
17493;202000019425;9;6;2020;16:40;1;75;75118;2;1;1;2;PORTE DE LA CHAPELLE;48,9010550;2,3535030
17494;202000019426;9;6;2020;13:25;1;75;75112;2;1;1;4;BOULEVARD PERIPHERIQUE INTERIEUR NORD  ;48,8320220;2,4048750
17495;202000019427;10;6;2020;14:35;1;75;75120;2;1;1;7;BOULEVARD DE MENILMONTANT;48,8592270;2,3893060
17496;202000019428;11;8;2020;03:30;5;92;92040;2;1;1;7;BERTHELOT;48,8224825;2,2718766
17497;202000019430;10;8;2020;16:35;1;92;92012;2;2;1;3;JEAN JAURES (BOULEVARD) 217/FIN - 210/FI;48,8303650;2,2453280