;Num_Acc;jour;mois;an;hrmn;lum;dep;com;agg;int;atm;col;adr;lat;long
17735;202000019694;10;8;2020;14:40;1;93;93070;2;1;1;3;R DES ROSIERS;48,9042500;2,3387700
17736;202000019695;10;8;2020;17:35;1;93;93039;1;1;1;6;MARINE (QUAI DE LA );48,9464463;2,3279555
17737;202000019696;10;8;2020;14:15;1;93;93066;2;1;1;6;R DE LA REPUBLIQUE;48,9367000;2,3531900
17738;202000019697;9;8;2020;05:40;2;93;93077;2;1;1;6;AV DE ROSNY;48,8827600;2,4984100
17739;202000019698;10;8;2020;16:50;1;93;93055;2;9;7;3;JEAN JAURES (AVENUE) (178/204);48,9159400;2,4054400
17740;202000019699;10;8;2020;19:30;1;93;93051;2;9;1;3;VERGERS (IMPASSE);48,8442600;2,5515900
17741;202000019700;10;8;2020;13:30;1;93;93006;2;2;1;3;RIGONDES RUE DES;48,8735900;2,4336800
17742;202000019701;10;8;2020;12:30;1;93;93027;2;9;1;3;R RATEAU;48,9249100;2,4045800
17743;202000019702;10;8;2020;04:25;5;93;93057;2;1;1;6;BRIAND (AV. ARISTIDE) 214A 236;48,9103999;2,5114321
17744;202000019703;8;10;2020;15:15;1;31;31528;1;2;1;3;Quartier Micous;43,2377460;0,7399150
17745;202000019704;7;10;2020;19:15;1;15;15162;1;1;1;6;Roches Hautes;45,2919090;2,6279740
17746;202000019705;8;10;2020;11:20;1;66;66161;2;1;1;6;Route de Mont-Louis à Perpignan (Pont);42,6067070;2,4009680
17747;202000019706;8;10;2020;11:25;1;14;14754;1;1;1;1;Route de Touques;49,3012750;0,0267740
17748;202000019707;11;8;2020;17:15;1;34;34069;2;1;1;7;14 Boulevard Gambetta;43,3936770;3,1019740
17749;202000019708;7;10;2020;19:00;2;09;09064;2;1;1;6;16 Le Village;42,8000060;1,6472840
17750;202000019709;8;10;2020;07:30;2;60;60642;1;1;8;1;D16;49,4841680;3,0095620
17751;202000019710;6;10;2020;17:15;1;43;43185;1;3;3;3;Intersection RD14/RD76;45,4162860;3,3012840
17752;202000019711;7;10;2020;16:15;1;85;85160;2;2;1;1;Rue Edouard de Monti;46,5886050; -1,3990890
17753;202000019712;7;10;2020;18:50;1;27;27090;2;1;1;2;D313, rue de Bourgtheroulde;49,2964790;0,9184800
17754;202000019713;7;10;2020;07:45;2;17;17087;1;1;1;4;D739;45,9698550; -0,6554460
17755;202000019714;7;10;2020;16:20;1;30;30350;2;1;1;6;Cote d'Aulas;43,9928690;3,5944390
17756;202000019715;7;10;2020;12:35;1;30;30227;2;1;1;6;Rue de la République;44,2605490;4,1983920
17757;202000019716;10;8;2020;18:00;1;49;49110;1;1;1;3;RD 323;47,5423530; -0,4004000
17758;202000019717;8;10;2020;06:35;3;76;76533;1;1;2;2;A131;49,4952420;0,2589000
17759;202000019718;8;10;2020;10:20;1;18;18141;1;9;8;1;A71;47,1569510;2,1833830
17760;202000019719;8;10;2020;01:50;5;69;69244;2;1;1;3;19 Avenue Victor Hugo;45,7700868;4,7886149
17761;202000019720;8;10;2020;11:20;1;68;68278;2;1;1;6;38 rue albert schweitzer;47,7548120;7,3842500
17762;202000019721;11;8;2020;11:20;1;28;28261;1;1;1;6;Autoroute A 11, PK 091+000;48,2697120;1,1584570
17763;202000019723;10;8;2020;17:05;1;65;65104;1;1;2;1;RD 632;43,2518650;0,1345070
17764;202000019724;21;7;2020;16:50;1;34;34123;1;1;1;6;200 Allee de l'Europe;43,6172490;3,7958210
17765;202000019725;8;10;2020;09:40;1;38;38053;1;1;1;2;A43;45,6049110;5,2488040
17766;202000019726;9;8;2020;22:40;3;77;77405;1;1;6;6;D31;48,9055210;3,1685260
17767;202000019727;10;8;2020;12:00;1;57;57046;1;1;1;2;D36;48,9846670;7,4923810
17768;202000019729;11;8;2020;11:35;1;74;74011;2;1;1;5;ROUTE DE THONES;45,9222650;6,1758800
17769;202000019730;10;8;2020;17:53;1;79;79002;1;1;1;6;;46,7027370; -0,3226400
17770;202000019731;11;7;2020;17:20;1;42;42052;2;1;1;6;Boulevard Thiers;46,1594830;4,1686730
17771;202000019732;9;8;2020;16:35;1;46;46236;1;1;1;1;D23;44,7743800;1,5093230
17772;202000019733;19;7;2020;10:50;1;46;46045;1;1;1;6;D19;44,4537720;1,8192240
17773;202000019734;11;8;2020;11:40;1;47;47320;1;1;1;7;Joie;44,3174230;0,2122220
17774;202000019735;10;8;2020;16:00;1;39;39390;1;1;1;7;;46,5978250;5,6474630
17775;202000019736;10;8;2020;21:45;3;38;38118;1;1;1;3;Route de Rives;45,3974500;5,4670700
17776;202000019737;3;8;2020;15:00;1;03;03289;2;1;1;7;1 Route de Boucé;46,3650214;3,5275265
17777;202000019738;10;8;2020;10:00;1;15;15026;1;1;1;7;Route départementale 39;45,0132620;2,7802280
17778;202000019739;7;10;2020;11:00;1;987;98729;1;1;1;1;PK 11+100 RT 91 Haumi; -17,5331890; -149,8386110
17779;202000019740;8;10;2020;00:30;3;988;98804;1;9;1;6;Route de la Crouen et d'Emma; -21,5387990;165,8884910
17780;202000019741;11;8;2020;15:10;1;15;15063;1;1;1;1;D922;45,1421020;2,3980580
17781;202000019742;8;10;2020;07:30;2;66;66069;1;1;1;1;D117;42,7802760;2,8074320
17782;202000019743;8;10;2020;17:50;1;83;83112;2;1;1;1;26 Boulevard Jean Jaurès;43,1835660;5,7091240
17783;202000019744;3;10;2020;23:00;3;13;13027;1;1;1;6;4382 Route de Tarascon,;43,8636730;4,7983440
17784;202000019746;7;10;2020;19:00;2;42;42304;1;2;1;3;Route de la Devalla;45,5359040;4,1501390
17785;202000019747;8;10;2020;19:15;5;69;69040;2;1;1;3;3 Chemin du Tronchon;45,8018940;4,7837950
17786;202000019748;6;10;2020;19:45;3;81;81093;1;1;3;6;A68;43,8881622;2,0167997
17787;202000019749;11;9;2020;18:15;1;29;29247;1;1;1;3;24 Route de la Véronique;47,9486650; -3,9971630
17788;202000019750;8;10;2020;00:57;3;02;02031;1;1;2;7;Rue de Brunehamel;49,8265780;4,2006830
17789;202000019751;7;10;2020;15:45;1;13;13216;1;1;1;5;A55-Sens Martigues vers Marseille;43,3541400;5,3481300
17790;202000019753;7;10;2020;15:50;1;69;69256;1;1;1;2;A42     0.560 A 4.020;45,8038500;4,9262300
17791;202000019755;5;10;2020;09:00;1;62;62274;1;1;1;4;AUTOROUTE A1;50,4329760;2,9787110
17792;202000019756;17;5;2020;20:40;3;976;97611;2;1;1;1;m'tsapere-Nationale 2 (route); -12,7809510;45,2319990
17793;202000019758;2;7;2020;17:00;1;59;59507;1;1;1;2;AUTOROUTE A1;50,6031398;3,1019613
17794;202000019759;25;5;2020;22:59;3;976;97611;2;1;1;6;m'tsapere-Nationale 2 (route); -12,7891717;45,2243883
17795;202000019760;7;10;2020;01:40;3;974;97416;1;9;1;6;RN1(BRETELLE ACCES); -21,2988000;55,4194000
17796;202000019761;6;10;2020;20:45;3;974;97416;1;9;1;-1;ZONE (ALLEE DE LA); -21,3189200;55,4726500
17797;202000019762;6;10;2020;16:20;1;973;97302;2;9;1;3;SCHOELCHER (RUE);4,9421388; -52,3317271
17798;202000019763;6;10;2020;12:00;1;973;97302;2;1;1;3;VOLTAIRE(AVENUE);4,9415296; -52,3257888
17799;202000019764;6;10;2020;08:30;1;69;69383;2;2;2;3;LOUIS                               (R );45,7497251;4,8897918
17800;202000019765;10;8;2020;17:00;1;06;06144;1;9;1;6;Soun Dal Pra;43,9449400;7,1629570
17801;202000019766;5;10;2020;09:25;1;972;97209;1;6;2;2;DEPARTEMENTALE 13 (ROUTE );14,6273700; -61,0401900
17802;202000019767;6;10;2020;15:00;1;69;69389;2;9;2;3;JAYR                                (QU);45,7804653;4,8090394
17803;202000019769;9;8;2020;11:05;1;14;14257;2;1;1;6;19 Rue d'Aunay;49,0960690; -0,5120610
17804;202000019770;6;10;2020;08:50;1;2B;2B033;2;6;1;3;IMPERIALE - ROUTE;42,6660000;9,4393800
17805;202000019771;5;8;2020;20:10;1;53;53120;1;1;1;7;D240;48,2078260; -0,3054340
17806;202000019772;5;10;2020;04:35;5;95;95277;1;1;3;6;RD 317;48,9861280;2,4716530
17807;202000019773;10;8;2020;12:15;1;21;21155;1;1;1;1;12 Rue de l'Eglise;47,1628050;4,6458860
17808;202000019774;5;10;2020;23:50;5;95;95450;2;9;1;6;DAGNAUDES (CHEMIN DES);49,0184450;2,0538373
17809;202000019775;6;8;2020;17:30;1;40;40046;2;3;1;2;Avenue Henri Guillaumet;44,3907930; -1,1680430
17810;202000019776;3;10;2020;21:00;5;89;89287;2;1;3;3;ARISTIDE BRIAND (RUE);48,1930300;3,2592800
17811;202000019777;10;8;2020;22:55;5;85;85234;2;6;1;3;D38b;46,7935960; -2,0309580
17812;202000019778;5;10;2020;17:34;1;87;87085;1;1;3;6;AUTOROUTE A20;45,8391400;1,2811500
17813;202000019779;5;10;2020;15:25;1;87;87085;2;1;2;6;GAMBETTA (BOULEVARD);45,8277600;1,2579900
17814;202000019780;2;8;2020;15:00;1;27;27512;2;1;1;2;route de thiberville;49,1711970;0,4753730
17815;202000019781;6;10;2020;11:30;1;86;86194;2;1;2;6;Avenue du Recteur Pineau;46,5681000;0,3867000
17816;202000019782;10;8;2020;16:45;1;87;87003;1;3;7;3;lieu-dit la poste;46,2404400;1,3813680
17817;202000019783;6;8;2020;11:30;1;86;86066;2;2;5;3;Rue de Thuré;46,8172440;0,5316700
17818;202000019784;11;8;2020;14:15;1;48;48121;1;1;1;6;route de Prunieres;44,8274290;3,3354560
17819;202000019785;9;8;2020;23:30;5;08;08362;2;3;1;6;Rue Jean Mermoz;49,5147610;4,3749620
17820;202000019786;6;10;2020;16:40;1;83;83137;2;1;1;6;CARTIER (AVE JACQUES);43,1120012;5,9416884
17821;202000019787;10;8;2020;15:30;1;24;24294;1;1;1;3;A89;44,9821030;0,1446250
17822;202000019788;6;10;2020;09:50;1;83;83062;1;1;1;-1;ASTOURET (CHEMIN D');43,1150600;6,0410800
17823;202000019789;6;10;2020;16:20;1;81;81033;1;1;2;7;RESSEGUIER ( RUE ADRIEN);44,0369033;2,1397000
17824;202000019790;10;8;2020;19:15;1;73;73256;1;1;2;2;A43 péage de ST MICHEL DE MAURIENNE;45,2187360;6,4589280
17825;202000019791;6;10;2020;14:01;1;78;78502;2;1;8;6;SAINT GERMAIN (AVENUE DE);48,8844600;2,1062000
17826;202000019792;10;8;2020;12:40;1;74;74010;2;6;1;3;164 Chemin des Pres Bouvaux;45,8906990;6,0869940
17827;202000019793;5;10;2020;15:45;1;78;78643;2;3;3;3;TRIEL AVENUE DE;48,9789100;1,9917900
17828;202000019794;11;8;2020;03:06;3;82;82037;1;1;1;2;A20;44,1527750;1,5132490
17829;202000019795;10;8;2020;18:30;1;53;53267;1;1;1;7;A81;48,0575880; -0,4896640
17830;202000019796;10;8;2020;07:30;1;47;47046;1;1;1;2;A62;44,3736690;0,2346880
17831;202000019797;10;8;2020;13:10;1;13;13001;1;1;1;5;Aix-Pont de l'Arc (Embranchement d'autoroute);43,5118570;5,4420640
17832;202000019798;6;10;2020;17:10;1;71;71475;1;9;2;5;DEPARTEMENTALE 977;46,7411226;4,8122195
17833;202000019799;10;8;2020;06:10;2;13;13058;1;1;5;2;D27;43,6927940;4,8002530
17834;202000019800;6;10;2020;15:10;1;69;69290;1;1;8;5;LYON (DE) (D318)                   (RO);45,6994300;4,9213000
17835;202000019801;6;10;2020;07:30;2;69;69029;2;1;2;6;CAMILLE ROUSSET                     (AV);45,7356820;4,9106840
17836;202000019802;2;10;2020;17:50;1;67;67447;2;1;8;6;CRONENBOURG (RUE DE);48,6051800;7,7345500
17837;202000019803;2;10;2020;07:40;1;67;67482;2;3;2;3;RHIN (AVENUE DU);48,5696100;7,7808900
17838;202000019804;5;10;2020;15:10;1;66;66136;2;1;1;1;ROSERAIE (CHEMIN DE LA);42,6931200;2,9438500
17839;202000019806;5;10;2020;07:44;2;66;66136;2;1;1;3;JOFFRE (AVENUE DU MARECHAL CD 88);42,7165400;2,8878400
17840;202000019807;24;7;2020;07:50;1;34;34340;1;1;1;3;A9;43,7221340;4,1476820
17841;202000019808;4;10;2020;01:35;5;66;66136;2;1;1;2;JOFFRE (AVENUE DU MARECHAL CD 88);42,7106400;2,8901800
17842;202000019809;23;9;2020;15:50;1;66;66136;2;1;1;6;CAMUS AVENUE ALBERT;42,6930714;2,9041940
17843;202000019810;6;10;2020;15:36;1;65;65100;1;1;2;2;BORDEAUX (ROUTE DE) CD 935;43,2690860;0,0709180
17844;202000019811;5;10;2020;07:35;5;65;65440;2;6;1;2;ROND-POINT ALSTOM;43,2228600;0,0915900
17845;202000019812;28;9;2020;07:35;3;62;62083;2;1;2;6;HAILLICOURT (RUE DES);50,4618460;2,6124660
17846;202000019813;30;9;2020;19:00;1;62;62724;2;2;1;3;FOSSE DEUX ( BOULEVARD);50,4034200;2,9141400
17847;202000019815;21;12;2020;08:25;2;93;93049;2;1;2;2;VOISE (RUE);48,8616900;2,5105500
17848;202000019816;21;12;2020;06:00;5;93;93050;2;2;3;3;R ONZE NOVEMBRE / R GLYCINES;48,8590200;2,5264500
17849;202000019818;21;12;2020;21:00;5;93;93066;2;1;2;2;COLONEL FABIEN (AVENUE);48,9452663;2,3516665
17850;202000019819;21;12;2020;12:20;1;92;92036;2;8;2;7;FELICIE (RUE);48,9327048;2,2972946
17851;202000019820;20;12;2020;19:12;5;92;92036;2;1;1;4;PIERRE DE COUBERTIN PROLONGE;48,9297173;2,2844763
17852;202000019821;21;12;2020;12:17;1;92;92012;2;6;2;6;QUATRE CHEMINEES (RUE DES);48,8334743;2,2435123
17853;202000019823;20;12;2020;15:15;1;91;91613;1;1;1;7;D160;48,3793640;1,9976020
17854;202000019824;22;12;2020;12:28;1;42;42338;1;2;1;-1;Route de Perreux;46,0729550;4,1189070
17855;202000019825;21;12;2020;10:15;1;51;51217;2;7;2;7;Rue du Faubourg de Chavenay;49,0733011;3,6400745
17856;202000019826;21;12;2020;16:00;1;972;97214;1;1;1;6;chemin vallon;14,8224060; -61,0530750
17857;202000019827;22;12;2020;06:45;2;972;97204;1;1;2;1;Nationale 2;14,6794820; -61,1646870
17858;202000019828;20;12;2020;22:51;5;54;54378;2;1;8;7;RD 173;49,4824830;5,6657830
17859;202000019829;22;12;2020;08:00;5;22;22093;1;1;1;5;RN 12 - PR 39+200;48,4573270; -2,5156970
17860;202000019831;22;12;2020;16:15;2;42;42271;1;1;8;1;Route de la Revolanche;45,4692510;4,5465370
17861;202000019833;15;12;2020;08:50;2;72;72200;2;9;1;6;16 Rue Jean Fouassier;47,8926510;0,1979040
17862;202000019834;22;12;2020;10:00;1;08;08402;1;1;8;2;A34;49,5702880;4,4740960
17863;202000019835;19;12;2020;15:00;1;62;62376;2;1;1;2;379 Rue des Prés;50,5587600;2,5723840
17864;202000019836;22;12;2020;12:55;1;83;83089;1;1;1;1;D3;43,4900300;5,8175210
17865;202000019837;22;12;2020;08:00;2;51;51165;1;1;3;7;N4;48,7292765;3,8952102
17866;202000019838;21;12;2020;21:00;3;56;56101;2;1;2;1;Rue du Blavet;47,8640250; -3,0939390
17867;202000019839;22;12;2020;07:35;4;76;76752;2;1;2;6;22 Rue Jacques Ferny;49,6681760;0,8971350
17868;202000019840;21;12;2020;18:15;3;65;65184;1;1;1;6;D939 Route de Lannemezan;43,1846830;0,4009580
17869;202000019841;22;12;2020;07:15;2;11;11258;1;1;5;5;Fresquet RD 607;43,2133527;2,9356027
17870;202000019842;21;12;2020;18:00;5;11;11397;2;1;2;7;Route de Narbonne;43,2046900;2,4387100
17871;202000019843;22;12;2020;08:20;1;89;89251;1;2;2;3;D955;47,7798230;3,2955660
17872;202000019844;21;12;2020;16:00;1;76;76619;1;1;2;1;D22;49,9972310;1,3575380
17873;202000019845;22;12;2020;18:55;3;61;61345;1;1;3;6;LES GROIS;48,4369460;0,8240180
17874;202000019846;21;12;2020;15:05;1;55;55543;2;1;2;4;55 Rue de Ligny;48,7014920;5,3022360
17875;202000019847;21;12;2020;19:00;3;49;49018;1;2;2;3;D 61;47,5279020; -0,1516740
17876;202000019849;21;12;2020;15:30;1;86;86245;1;1;8;1;Lieu dit champ fleury;46,7713860;0,6552630
17877;202000019850;22;12;2020;18:40;5;38;38499;2;3;1;1;D529;44,9143630;5,7825690
17878;202000019851;21;12;2020;18:45;5;03;03071;1;2;8;3;La Croix Rose;46,3675184;3,6219148
17879;202000019852;22;12;2020;13:30;1;03;03047;1;2;1;3;Lieu Dit 4 Routes;46,2253011;2,7635198
17880;202000019854;21;12;2020;18:10;5;10;10268;2;1;2;2;30 Route de Bray;48,4866510;3,4924720
17881;202000019855;20;12;2020;21:00;5;53;53265;2;1;8;7;17 Rue du Tertre Blanc;48,0967410; -0,2649060
17882;202000019856;22;12;2020;14:15;1;40;40228;1;3;1;1;D15;43,6291400; -0,8207880
17883;202000019857;13;12;2020;16:05;3;72;72115;1;1;3;6;A28 PK 50;47,6510500;0,4574990
17884;202000019858;22;12;2020;14:50;1;57;57660;1;1;2;4;A320;49,1949980;6,9328020
17885;202000019859;22;12;2020;10:35;1;91;91085;1;1;2;3;ROUTE NATIONALE RN20;48,5727630;2,1667910
17886;202000019860;22;12;2020;19:05;3;34;34298;1;1;5;6;A9 PK 165+230 sens 2;43,3063020;3,2398510
17887;202000019861;20;12;2020;19:45;3;13;13032;1;6;8;6;Zone Industrielle les Jalassieres;43,5438280;5,3589890
17888;202000019862;21;12;2020;21:00;3;27;27351;1;1;8;2;A13;49,2550610;1,1590580
17889;202000019863;22;12;2020;10:00;1;27;27413;2;1;1;6;d130;49,2958170;0,6634390
17890;202000019865;21;12;2020;15:15;1;68;68063;2;1;8;6;14 Faubourg de Belfort;47,7963710;7,1725650
17891;202000019866;9;10;2020;21:15;5;67;67497;2;1;1;6;1 Rue Principale;48,8119940;7,6619760
17892;202000019867;21;12;2020;21:30;5;73;73261;2;3;2;6;D1006  - 25 rue du Temple;45,2197559;6,4657036
17893;202000019868;16;12;2020;10:27;1;38;38468;2;1;1;6;Rue de Perrier;45,3422520;4,8076020
17894;202000019869;20;12;2020;16:15;1;62;62201;1;9;3;3;RD 940;50,5707420;1,6044300
17895;202000019870;21;12;2020;14:08;1;13;13001;1;1;1;6;A51-Sens Aix en Provence vers Marseille;43,5159900;5,4333600
17896;202000019872;17;12;2020;13:45;1;83;83137;1;1;1;5;A57;43,1213200;5,9533100
17897;202000019873;21;12;2020;14:49;1;33;33013;1;1;2;4;ROUTE NATIONALE 230;44,8666610; -0,5038900
17898;202000019874;21;12;2020;20:50;3;91;91064;1;1;2;7;RN 118;48,7498600;2,2209100
17899;202000019876;21;12;2020;13:49;1;91;91340;1;1;2;6;RN 104;48,6091810;2,4319850
17900;202000019877;8;10;2020;09:45;1;38;38185;2;1;1;6;Rue des Alliés;45,1722100;5,7225400
17901;202000019878;19;12;2020;02:08;5;988;98818;2;1;1;6;VE1 SENS SUD/NORD; -22,2516800;166,4491900
17902;202000019879;20;2;2020;21:30;5;974;97409;2;1;1;6;ROCADE SUD(RUE); -20,9752300;55,6473100
17903;202000019880;19;12;2020;09:40;1;974;97409;2;9;1;3;Rue Rocade Sud; -20,9717440;55,6525220
17904;202000019881;19;12;2020;17:45;1;974;97407;1;9;1;2;ROUTE NATIONALE N° 1; -20,9560100;55,3107900
17905;202000019882;20;12;2020;15:40;1;973;97302;2;6;1;3;GIRATOIRE MARINGOUINS;4,9077088; -52,3225379
17906;202000019883;20;12;2020;20:55;5;69;69276;2;1;1;6;Rue du Dauphiné;45,6644000;4,8540600
17907;202000019884;19;12;2020;22:35;5;69;69259;2;2;2;6;PARILLY (DE)                        (BD);45,7114473;4,9020044
17908;202000019885;19;12;2020;20:20;5;69;69383;2;2;2;3;BONNEFOI                            (R );45,7550600;4,8457100
17909;202000019886;18;12;2020;00:50;5;972;97213;1;2;1;3;ROUTE DEPARTEMENTALE 3;14,6130835; -60,9948349
17910;202000019887;15;12;2020;19:30;5;69;69202;2;2;3;3;11 NOVEMBRE (DU)                    (AV);45,7360300;4,7955500
17911;202000019888;19;12;2020;19:10;5;69;69382;2;9;2;4;PERRACHE                            (QU);45,7356315;4,8193663
17912;202000019889;19;12;2020;14:04;1;69;69389;2;1;2;6;PIERRE BAIZET                       (R );45,7921700;4,8151300
17913;202000019890;20;12;2020;17:50;5;2B;2B033;2;9;1;5;AV DE LA LIBERATION;42,4800000;9,4400000
17914;202000019891;19;12;2020;10:40;1;971;97120;2;9;1;2;DUPLESSIS;16,2360300; -61,5338400
17915;202000019892;18;12;2020;20:45;5;971;97101;2;4;1;1;BESSON;16,2395454; -61,5204841
17916;202000019893;20;12;2020;15:00;1;971;97105;1;1;1;2;PLANTATION BOLOGNE;16,0059030; -61,7370701
17917;202000019894;19;12;2020;19:40;2;2A;2A004;2;3;1;6;MONTEE SAINT JEAN;41,9329748;8,7374074
17918;202000019895;20;12;2020;07:57;5;2A;2A004;2;1;1;2;GEORGES POMPIDOU AVENUE;41,9303200;8,7570900
17919;202000019896;20;12;2020;13:15;1;95;95539;2;3;1;3;BRIEUSE  ( RUE);49,0039760;2,3520560
17920;202000019897;19;12;2020;03:04;3;91;91692;1;6;8;6;CD35;48,6755700;2,1923400
17921;202000019898;19;12;2020;01:05;5;91;91027;2;2;8;3;RUE DES PLANTES;48,7060930;2,3807520
17922;202000019899;20;12;2020;18:55;5;83;83137;2;1;2;3;HERRIOT (AVE EDOUARD);43,1293040;5,8995850
17923;202000019900;19;12;2020;09:15;1;83;83137;2;3;2;3;GROIGNARD (AVE);43,1430300;5,9017000
17924;202000019901;14;12;2020;17:00;2;83;83137;2;9;8;-1;DESCARTES (RUE / AVE);43,1281700;5,8924900
17925;202000019902;20;12;2020;15:15;1;83;83069;2;1;1;6;NARTETTES (CHEMIN DES);43,1058000;6,1293300
17926;202000019903;18;12;2020;19:00;5;78;78138;2;2;1;1;GARE (RUE DE LA);48,9764900;2,0331100
17927;202000019904;20;12;2020;18:20;3;77;77131;1;1;8;6;THEIL (RUE DU);48,8305200;3,0883200
17928;202000019905;18;12;2020;15:20;1;76;76540;2;1;1;2;GAMBETTA. BOULEVARD;49,4414300;1,1126700
17929;202000019906;14;12;2020;10:45;1;73;73065;2;9;1;6;MERMOZ JEAN (RUE);45,5595912;5,9022882
17930;202000019907;19;12;2020;19:30;5;72;72181;2;1;1;2;DURAND GEORGES (AV) N° PAIRS 166 A 310;47,9750800;0,2150200
17931;202000019908;19;12;2020;13:15;1;71;71270;2;6;1;3;LATTRE DE TASSIGNY (QUAI  MARECHAL DE);46,3189597;4,8385127
17932;202000019909;19;12;2020;21:30;5;69;69256;2;1;2;3;REPUBLIQUE (DE LA)                  (R );45,7863400;4,9246400
17933;202000019910;20;12;2020;16:33;1;65;65100;2;1;1;3;GAYAN (RUE DE);43,2697300;0,0586000
17934;202000019911;19;12;2020;16:45;1;64;64335;2;1;1;1;EUROPE DE L';43,3378836; -0,4619693
17935;202000019912;19;12;2020;18:56;5;64;64102;2;6;1;6;PONT GRENET;43,4988700; -1,4817000
17936;202000019913;19;12;2020;15:06;1;54;54395;2;1;1;2;FOURIER (RUE PIERRE);48,6928522;6,1845215
17937;202000019914;20;12;2020;16:00;1;51;51172;2;1;1;7;Boulevard d’Alsace Lorraine;49,2162839;4,0500903
17938;202000019916;19;12;2020;09:00;1;49;49267;2;1;1;6;A87N;47,4684300; -0,5148800
17939;202000019918;19;12;2020;12:25;1;45;45169;2;1;2;6;Rue des Chantemelles;47,9390500;1,8411300
17940;202000019919;20;12;2020;15:24;1;37;37261;2;3;1;7;PORTILLON (QUAI);47,3995421;0,6752694
17941;202000019920;20;12;2020;08:30;1;37;37214;2;1;8;7;DE GAULLE (BD CHARLES);47,4180731;0,6650292
17942;202000019922;18;12;2020;11:47;1;37;37233;2;6;1;-1;PAUL (RUE MARCEL);47,3950403;0,7263519
17943;202000019923;20;12;2020;19:05;3;35;35281;1;9;1;6;PORTE DE ST NAZAIRE;48,0930910; -1,7082970
17944;202000019925;19;12;2020;15:30;1;34;34172;2;1;1;2;MARCHE GARE (AVENUE DU);43,5838494;3,8859259
17945;202000019926;19;12;2020;09:30;1;34;34172;2;8;1;3;BENAMOUR (RUE ADOLPHE);43,5915071;3,8822226
17946;202000019927;20;12;2020;19:30;5;30;30189;2;2;9;3;PRIVAT MAURICE (RUE);43,8385500;4,3842800
17947;202000019928;20;12;2020;17:30;2;30;30189;2;1;8;3;FRANCAIS LIBRES (BD);43,8308800;4,3228700
17948;202000019930;17;12;2020;12:28;1;29;29019;2;3;1;6;Rue Professeur Langevin;48,4026400; -4,4984600
17949;202000019931;18;12;2020;07:20;5;29;29019;2;6;2;3;Rond Point Pen Ar Ch’Leuz;48,4139631; -4,4794706
17950;202000019932;18;12;2020;15:20;1;28;28085;2;9;7;6;FAUBOURG LA GRAPPE (RUE DU);48,4376700;1,5040800
17951;202000019933;3;12;2020;18:00;5;18;18033;2;1;2;6;BEREGOVOY (AVENUE PIERRE);47,0833200;2,4000000
17952;202000019934;20;12;2020;12:58;1;14;14118;2;1;1;6;SANSON ( RUE DU PERE);49,1999500; -0,3692700
17953;202000019935;19;12;2020;13:55;1;14;14437;1;1;1;4;ROUTE NATIONALE 814;49,1591600; -0,3100400
17954;202000019936;20;12;2020;17:20;5;13;13202;2;3;2;3;JULES GUESDE (PLACE);43,3015866;5,3740257
17955;202000019937;20;12;2020;17:00;5;13;13209;2;3;2;3;AVIATEUR LE BRIX (RUE);43,2596800;5,4023400
17956;202000019939;19;12;2020;22:45;5;13;13203;2;1;1;1;GUIBAL (RUE);43,3076100;5,3874200
17957;202000019940;19;12;2020;17:40;1;13;13213;2;1;8;5;FRÉDÉRIC MISTRAL (AVENUE);43,3238200;5,4506200
17958;202000019942;19;12;2020;03:20;5;13;13208;2;1;1;6;CARMAGNOLES (BD);43,2682700;5,3874000
17959;202000019943;19;12;2020;18:17;5;10;10387;2;1;2;6;GEORGES POMPIDOU (RUE);48,2880900;4,0819300
17960;202000019944;19;12;2020;11:55;1;06;06027;2;9;2;3;ALPES AVENUE DES;43,6637800;7,1312500
17961;202000019945;19;12;2020;00:02;5;75;75105;2;3;1;2;BOULEVARD SAINT MARCEL;48,8371540;2,3530580
17962;202000019946;19;12;2020;19:50;5;75;75120;2;4;2;3;RUE DES PYRENEES;48,8632860;2,3997700
17963;202000019948;20;12;2020;11:25;1;75;75117;2;7;1;3;PLACE DE LA PORTE MAILLOT;48,8786690;2,2820320
17964;202000019949;19;12;2020;10:30;1;75;75117;2;4;2;6;AVENUE DES TERNES;48,8789980;2,2928190
17965;202000019950;20;12;2020;20:00;5;75;75115;2;1;1;2;RUE DE LA CONVENTION;48,8395830;2,2911950
17966;202000019951;19;12;2020;20:50;5;75;75115;2;3;1;3;RUE DE VOUILLE;48,8343620;2,3064610
17967;202000019952;19;12;2020;13:10;1;75;75114;2;1;1;2;BOULEVARD PERIPHERIQUE;48,8168200;2,3375730
17968;202000019953;19;12;2020;13:55;1;75;75113;2;3;8;3;AVENUE D ITALIE;48,8204280;2,3590910