;Num_Acc;jour;mois;an;hrmn;lum;dep;com;agg;int;atm;col;adr;lat;long
17969;202000019954;20;12;2020;08:50;1;75;75112;2;1;1;6;RUE DU RENDEZ VOUS;48,8450900;2,4048310
17970;202000019956;20;12;2020;14:25;1;75;75108;2;7;1;3;PLACE DE LA MADELEINE;48,8697420;2,3234820
17971;202000019957;19;12;2020;17:15;5;94;94033;2;9;1;1;DAME BLANCHE (AV DE LA);48,8443500;2,4507000
17972;202000019958;19;12;2020;08:30;1;94;94078;2;4;2;3;PARIS (R DE);48,7552900;2,4443000
17973;202000019959;20;12;2020;21:19;5;94;94046;2;5;1;2;GENERAL LECLERC - CAR DE LA RESISTANCE (;48,8153200;2,4205180
17974;202000019960;20;12;2020;21:25;5;94;94041;2;3;1;3;MOLIERE (R);48,8137200;2,3954700
17975;202000019961;19;12;2020;14:45;1;94;94041;2;2;8;6;PAUL VAILLANT COUTURIER (BD);48,8189290;2,3969260
17976;202000019962;19;12;2020;22:40;5;94;94038;2;1;1;7;GENERAL LECLERC (AV DU);48,7749200;2,3300900
17977;202000019963;20;12;2020;09:21;1;93;93005;2;2;1;5;R JEAN CHARCOT / AV BOILEAU;48,9337700;2,4905400
17978;202000019964;19;12;2020;22:50;5;93;93071;2;1;2;2;WESTINGHOUSE (BOULEVARD);48,9270878;2,5198023
17979;202000019965;19;12;2020;16:30;2;93;93070;2;3;1;3;VICTOR-HUGO (BD);48,9080800;2,3274400
17980;202000019966;19;12;2020;15:30;1;93;93070;2;1;1;3;MICHELET (AVE) : DU 1 AU 103;48,9026510;2,3441225
17981;202000019967;18;12;2020;21:40;5;93;93066;2;9;1;6;WILSON (AVENUE DU PRESIDENT);48,9068827;2,3587619
17982;202000019968;19;12;2020;15:21;1;93;93053;2;6;2;3;ROGER SALENGRO (BLD);48,8836012;2,4551578
17983;202000019969;20;12;2020;13:50;1;93;93048;2;3;1;6;THEOPHILE SUEUR (BOULEVARD);48,8663389;2,4695090
17984;202000019970;19;12;2020;15:45;1;93;93032;2;1;2;4;R ARISTIDE BRIAND;48,8819000;2,5345000
17985;202000019971;20;12;2020;20:52;5;93;93031;2;5;1;2;ARGENTEUIL (ROUTE D');48,9616200;2,2949300
17986;202000019972;19;12;2020;19:10;5;93;93029;2;9;2;1;HENRI LANGLOIS;48,9133162;2,4491921
17987;202000019973;20;12;2020;14:55;1;92;92073;2;1;1;7;VERDUN (RUE DE);48,8741700;2,2303890
17988;202000019974;20;12;2020;19:47;5;92;92050;2;1;1;6;PICASSO PABLO AVENUE;48,8883200;2,2273400
17989;202000019975;19;12;2020;13:51;1;92;92044;2;2;2;3;ANA. FRANCE(RUE)1A75 ET 2A72;48,8980410;2,2796540
17990;202000019976;19;12;2020;18:35;3;92;92026;2;1;2;3;Place de la Défense;48,8910350;2,2419040
17991;202000019977;19;12;2020;19:00;5;92;92026;2;2;1;1;PRÉSIDENT PAUL DOUMER (QUAI DU);48,8901177;2,2562662
17992;202000019978;20;12;2020;17:00;5;92;92019;2;9;1;3;SULLY PRU'DHOMME (AVENUE);48,7670211;2,2897388
17993;202000019980;19;12;2020;22:01;3;28;28161;1;1;1;6;A11  - PK 98+500;48,2406710;1,0903130
17994;202000019981;19;12;2020;11:10;1;51;51217;2;1;8;7;Rue Jean de Dormans;49,0759316;3,6396338
17995;202000019982;20;12;2020;20:15;3;974;97405;1;1;1;1;Rue Maxime Payet; -21,3698660;55,5817970
17996;202000019983;19;12;2020;20:10;5;972;97214;2;1;1;1;46 rue Victor Schoelcher;14,8328920; -61,0564810
17997;202000019984;19;12;2020;18:20;3;972;97206;1;1;1;3;RD 7;14,4817430; -61,0094190
17998;202000019985;20;12;2020;04:05;3;972;97210;1;1;2;6;Reunion;14,6032480; -60,9334370
17999;202000019986;19;12;2020;11:15;1;12;12092;1;1;1;1;Route départementale 56;44,0984040;2,6020220
18000;202000019987;19;12;2020;17:00;2;74;74272;2;1;1;3;Rte des Ecoles;45,9476700;6,0342090
18001;202000019988;20;12;2020;07:30;1;974;97414;2;1;1;5;Rue du General de Gaulle; -21,2811920;55,4098570
18002;202000019989;20;12;2020;11:45;1;59;59309;2;1;1;6;43 Rue de la Libération;50,9799140;2,5823690
18003;202000019990;21;12;2020;18:20;3;04;04205;2;1;1;6;VC Route des Auches;44,3417670;6,3714270
18004;202000019991;20;12;2020;15:20;1;59;59432;2;1;1;1;22 Rue des Ecoles;50,1468480;3,2549670
18005;202000019992;21;12;2020;16:58;3;74;74123;1;3;2;1;430 Rte de la Balmette;45,7568570;6,2808430
18006;202000019993;18;12;2020;11:00;1;79;79059;1;2;2;3;;46,5479890; -0,6017750
18007;202000019994;19;12;2020;16:55;2;2A;2A085;2;1;1;1;RT 40;41,9184290;8,9122080
18008;202000019995;20;12;2020;16:00;1;2A;2A062;1;1;1;6;D129;42,0307750;8,9289020
18009;202000019996;21;12;2020;08:50;1;71;71158;1;2;1;4;D933;46,5708591;4,9861872
18010;202000019997;20;12;2020;19:30;5;71;71014;2;2;1;3;Boulevard Mazagran et boulevard Laureau;46,9540409;4,3020051
18011;202000019998;21;12;2020;17:10;5;68;68374;2;1;2;6;22 Rue Herzog;48,0853540;7,3113260
18012;202000019999;19;12;2020;16:33;1;22;22266;2;3;1;3;Rue Abbe Gibert;48,2357570; -3,3197060
18013;202000020000;20;12;2020;08:10;1;25;25517;1;1;2;5;RN 57;47,0148490;6,3258290
18014;202000020001;21;12;2020;15:00;1;44;44119;1;1;2;2;Lieu-dit La Thibaudière;46,9608750; -1,7904640
18015;202000020003;18;12;2020;19:30;3;29;29158;1;1;3;1;Hent Maner Ar Ster;47,8036720; -4,3051820
18016;202000020004;18;12;2020;18:23;3;84;84057;1;1;1;7;Départementale 2;43,9139090;5,2509500
18017;202000020005;18;12;2020;12:00;1;01;01130;1;1;1;5;Route de Marboz;46,3342320;5,2008190
18018;202000020006;14;12;2020;07:00;5;72;72051;2;1;2;6;Rue Nationale;47,8293790;0,0774510
18019;202000020007;21;12;2020;10:15;1;14;14672;1;3;3;3;hameau Vic;49,0422570; -0,8255520
18020;202000020008;13;11;2020;13:00;1;69;69259;2;6;1;3;CORBAS (DE)                         (RO);45,6881900;4,8912300
18021;202000020009;13;11;2020;11:40;1;69;69259;2;3;1;3;IRENE JOLIOT CURIE                  (BD);45,7113300;4,8815800
18022;202000020010;13;11;2020;13:10;1;69;69034;1;2;1;3;STRASBOURG (DE)                     (RO);45,7910100;4,8607300
18023;202000020011;13;11;2020;09:25;1;69;69202;2;3;1;6;MARECHAL FOCH (DU)                  (AV);45,7409300;4,8035800
18024;202000020012;13;11;2020;17:55;3;971;97101;1;9;2;4;RN5-BOISRIPEAUX;16,3031200; -61,4942600
18025;202000020013;13;11;2020;11:30;1;971;97101;1;3;1;3;ROUTE DE CHAZEAU;16,2886570; -61,4819330
18026;202000020014;13;11;2020;12:00;1;2A;2A004;2;3;1;3;PERALDI NICOLAS AVENUE;41,9353892;8,7362978
18027;202000020015;13;11;2020;08:45;1;95;95018;2;1;2;2;PONTOISE (ROUTE DE);48,9561360;2,2053250
18028;202000020016;11;11;2020;20:07;5;87;87085;2;2;1;6;BELLAC (RUE DE);45,8480200;1,2454000
18029;202000020017;12;11;2020;08:25;1;86;86214;2;1;2;1;Route des Groges;46,5579000;0,3610000
18030;202000020018;13;11;2020;19:10;5;83;83137;2;6;8;3;GASQUET (AVE JOSEPH DE 1408 A FIN;43,1195382;5,9781643
18031;202000020019;12;11;2020;16:40;1;83;83129;1;9;1;2;KENNEDY (AVENUE J.)N° IMPAIRS > ST VICTO;43,1085891;5,8277970
18032;202000020020;12;11;2020;18:25;5;83;83123;2;6;1;6;BAD SACKINGEN (ROND POINT);43,1188900;5,8107800
18033;202000020021;12;11;2020;12:05;1;76;76341;2;6;1;3;VIEILLE FAIENCERIE;49,5161500;0,1857400
18034;202000020022;13;11;2020;10:32;1;74;74012;2;3;1;2;ARVE (QUAI D');46,1853400;6,2259800
18035;202000020023;12;11;2020;15:40;1;71;71153;2;1;1;6;MARECHAL FOCH (RUE);46,8036315;4,4446018
18036;202000020024;12;11;2020;14:19;1;66;66136;2;1;1;3;GAULLE (AVENUE GENERAL DE);42,6969100;2,8823500
18037;202000020025;13;11;2020;15:30;1;64;64024;2;1;7;6;AVENUE DE LA CHAMBRE D'AMOUR;43,4943100; -1,5282000
18038;202000020026;12;11;2020;09:50;1;63;63069;2;6;1;6;CHARLES DE GAULLE (CARREFOUR);45,7267200;3,1887300
18039;202000020027;12;11;2020;15:21;1;63;63032;2;1;1;6;HOTEL DE VILLE (RUE DE L');45,7535883;3,0861115
18040;202000020029;29;10;2020;17:20;2;62;62755;2;1;3;6;CROQUELOIS ( Av. du Docteur );50,6905720;1,6235390
18041;202000020031;13;11;2020;08:30;1;51;51108;2;3;1;3;Rue Jean Jaurès;48,9549925;4,3543263
18042;202000020032;11;11;2020;03:50;5;49;49007;2;1;2;6;Boulevard Yvonne Poirel;47,4597000; -0,5605000
18043;202000020033;13;11;2020;15:30;1;45;45147;2;2;1;2;Rue de Montaran - Rue Anatole France;47,9439867;1,9174779
18044;202000020034;12;11;2020;16:10;1;44;44184;2;1;1;6;RD 492 DU RP OCÉANIS AU RP EINSTEIN;47,2642000; -2,2584800
18045;202000020035;22;10;2020;17:45;1;44;44184;2;2;1;6;COMBES (RUE EMILE);47,2989700; -2,1886500
18046;202000020036;13;11;2020;17:40;5;41;41212;2;3;1;3;CHAMBORD (ROUTE DE);47,5730330;1,3556640
18047;202000020037;28;10;2020;16:30;1;38;38544;2;3;1;3;Quai Pasteur;45,5375000;4,8678200
18048;202000020038;13;11;2020;19:40;5;35;35278;2;6;2;3;MELESSE (ROND POINT DE);48,1616300; -1,6899000
18049;202000020039;13;11;2020;14:50;1;35;35051;1;1;1;7;RD 175;48,1439900; -1,6261500
18050;202000020040;13;11;2020;04:10;3;35;35238;1;1;2;3;PORTE DE BREST;48,1304780; -1,7102370
18051;202000020041;12;11;2020;17:15;1;34;34032;1;1;1;4;ROUTE DEPARTEMENTALE 612;43,3677000;3,2074600
18052;202000020042;3;11;2020;19:15;3;33;33522;2;3;1;3;BD DU PRESIDENT WILSON / RUE REGIS;44,8181300; -0,5780500
18053;202000020043;30;10;2020;06:15;5;33;33318;2;8;1;1;AVE PEY BERLAND;44,8008900; -0,6087600
18054;202000020044;13;11;2020;10:45;1;29;29039;2;1;2;7;15 Avenue Alain le Lay;47,8753976; -3,9177406
18055;202000020045;26;10;2020;17:05;1;29;29019;2;1;5;6;Rue Yves Giloux;48,4154892; -4,4807383
18056;202000020046;16;10;2020;13:00;1;29;29019;2;1;1;2;Boulevard Jean Moulin;48,3866048; -4,4931132
18057;202000020048;13;11;2020;17:40;5;27;27229;2;1;1;6;BRIAND (AVENUE ARISTIDE);49,0212600;1,1345000
18058;202000020049;5;2;2020;17:40;1;26;26198;2;1;1;3;2 Allee Alexander Graham Bell;44,5639300;4,7450600
18059;202000020050;13;11;2020;15:20;1;17;17300;2;1;1;2;COLMAR AVENUE DE;46,1538800; -1,1474300
18060;202000020051;10;11;2020;19:45;5;14;14118;2;2;1;3;GUILLOU (BOULEVARD YVES);49,1724000; -0,3811000
18061;202000020052;13;11;2020;15:50;1;13;13211;2;1;1;5;MIRELLE LAUZE (BOULEVARD);43,2868360;5,4314440
18062;202000020053;12;11;2020;18:15;2;13;13211;2;1;1;5;JEAN LOMBARD (AVENUE);43,2889720;5,4318900
18063;202000020054;12;11;2020;10:18;1;12;12145;2;1;1;3;JAURES JEAN (AVENUE);44,1028000;3,0796900
18064;202000020055;13;11;2020;14:30;1;10;10387;2;1;8;2;JULES GUESDE (RUE);48,2796500;4,0869300
18065;202000020057;12;11;2020;07:01;5;10;10387;2;1;2;6;ANATOLE FRANCE (RUE);48,2832400;4,0716300
18066;202000020059;11;11;2020;18:25;4;07;07281;2;1;1;6;BOUVAT (AVENUE MARC);44,9463900;4,8484700
18067;202000020060;13;11;2020;18:55;5;06;06027;2;-1;2;2;JAURES AVENUE JEAN;43,6588400;7,1695900
18068;202000020061;13;11;2020;10:15;1;06;06027;2;1;1;7;VAL FLEURI CHEMIN DU;43,6617946;7,1728063
18069;202000020062;11;11;2020;10:45;1;04;04070;2;1;7;6;Ch du Moulin;44,0855287;6,2113026
18070;202000020063;13;11;2020;18:40;2;75;75120;2;1;1;3;BOULEVARD PERIPHERIQUE;48,8544570;2,4138350
18071;202000020065;13;11;2020;15:40;1;75;75118;2;4;1;3;BOULEVARD ORNANO;48,8936620;2,3479490
18072;202000020066;13;11;2020;14:50;1;75;75118;2;1;1;3;RUE DES POISSONNIERS;48,8972340;2,3526840
18073;202000020067;13;11;2020;09:20;1;75;75118;2;2;1;3;RUE CUSTINE;48,8893270;2,3446870
18074;202000020068;13;11;2020;15:00;1;75;75117;2;3;1;3;BOULEVARD BESSIERES;48,8952970;2,3163800
18075;202000020069;13;11;2020;12:55;1;75;75117;2;4;1;6;AVENUE NIEL;48,8818160;2,2958290
18076;202000020070;13;11;2020;09:00;1;75;75116;2;3;8;3;AVENUE FOCH;48,8735730;2,2879710
18077;202000020072;12;11;2020;15:10;1;75;75116;2;4;1;3;AVENUE DE MALAKOFF;48,8770830;2,2834640
18078;202000020073;12;11;2020;11:40;1;75;75116;2;2;1;3;AVENUE KLEBER;48,8650060;2,2885130
18079;202000020074;13;11;2020;21:00;3;75;75113;2;2;1;3;BOULEVARD VINCENT AURIOL;48,8339710;2,3647430
18080;202000020076;13;11;2020;12:15;1;75;75112;2;1;2;6;PONT D AUSTERLITZ;48,8451417;2,3663118
18081;202000020077;13;11;2020;09:15;1;75;75112;2;2;2;3;QUAI DE LA RAPEE;48,8458480;2,3676360
18082;202000020078;13;11;2020;20:55;5;75;75108;2;3;1;6;AVENUE GEORGE V;48,8719230;2,3008390
18083;202000020079;13;11;2020;09:20;1;75;75108;2;2;2;3;BOULEVARD HAUSSMANN;48,8741990;2,3239140
18084;202000020080;13;11;2020;15:35;1;75;75103;2;1;1;5;BOULEVARD SAINT MARTIN;48,8684940;2,3586870
18085;202000020081;13;11;2020;21:40;5;94;94081;2;9;1;3;MOULIN DE SAQUET (AV DU);48,7913070;2,3817780
18086;202000020082;13;11;2020;14:15;1;94;94074;2;1;1;6;CHAMP SAINT-JULIEN (AV DU);48,7470000;2,4620000
18087;202000020084;13;11;2020;13:30;1;94;94058;2;3;1;6;STATION (R DE LA);48,8430640;2,5038850
18088;202000020085;12;11;2020;05:25;5;94;94041;2;1;1;6;HIPPOLYTE MARQUES (BD);48,8178200;2,3686800
18089;202000020086;13;11;2020;18:11;5;94;94069;2;1;1;6;REPUBLIQUE (QU DE LA);48,8178300;2,4225180
18090;202000020087;13;11;2020;12:20;1;93;93073;2;3;2;3;CH DU LOUP / HUITIEME AVENUE;48,9594900;2,5616200
18091;202000020088;13;11;2020;19:27;5;93;93072;2;3;1;3;MAXIME GORKI (BOULEVARD) DES N°1 AU 87;48,9521900;2,3848200
18092;202000020089;13;11;2020;09:00;1;93;93072;2;3;1;6;STALINGRAD (AVENUE DE) DES N° 126 A 156;48,9533200;2,3909800
18093;202000020090;13;11;2020;08:10;1;93;93059;2;1;9;3;SEVERINE (RUE);48,9609449;2,3585785
18094;202000020091;12;11;2020;19:00;5;93;93063;2;1;1;6;R DES ORMES;48,8727800;2,4425400
18095;202000020092;13;11;2020;07:50;1;93;93057;2;2;1;3;AUFFRET (AL. JULES) DE 62 A FIN;48,9094682;2,5112177
18096;202000020093;13;11;2020;12:31;1;93;93007;2;1;1;6;DIVISION LECLERC (AVENUE);48,9456300;2,4612300
18097;202000020094;13;11;2020;15:20;1;93;93005;2;1;8;2;CROIX BLANCHE (PONT DE LA);48,9321254;2,5048468
18098;202000020095;13;11;2020;11:38;1;92;92064;2;9;1;3;PASTEUR;48,8415700;2,1993200
18099;202000020097;13;11;2020;13:30;1;92;92020;2;2;2;3;PERI RUE GABRIEL;48,7997917;2,2856986
18100;202000020098;13;11;2020;03:20;5;92;92025;2;3;1;3;CHARLES DE GAULLE (BD);48,9180941;2,2241848
18101;202000020099;12;11;2020;18:40;5;92;92025;2;1;1;3;ESTIENNE D'ORVES (RUE);48,9157460;2,2423970
18102;202000020101;14;11;2020;14:40;1;60;60296;1;1;1;6;D930;49,5137160;1,8184950
18103;202000020102;13;11;2020;10:20;1;16;16390;2;1;1;6;2006 Rue du Couvent;45,9329550;0,0662010
18104;202000020103;14;11;2020;10:20;1;84;84088;2;1;1;6;263 Impasse Theodore Aubanel;44,0031050;5,0536890
18105;202000020104;14;11;2020;09:15;1;988;98812;1;1;1;6;RPN7; -20,4616150;164,3510060
18106;202000020105;13;11;2020;16:00;1;41;41252;1;1;1;6;A10;47,6845480;1,4175640
18107;202000020106;14;11;2020;09:30;1;83;83097;1;1;1;3;1451 Route de Trets;43,4927290;5,7232960
18108;202000020107;14;11;2020;09:30;1;33;33348;1;2;1;3;Intersection RD 1215 / chemin de Liquendreau;45,3653650; -1,0128240
18109;202000020108;13;11;2020;21:45;3;89;89208;1;1;1;6;Place d'Oudun;47,6345850;3,8907600
18110;202000020109;13;11;2020;22:45;3;49;49140;2;1;1;6;Rue des Perdrielles;47,1834370;0,0386170
18111;202000020110;11;11;2020;14:45;1;86;86271;2;2;1;3;5 Rue d'Abain;46,7674590;0,2415650
18112;202000020111;14;11;2020;08:15;1;34;34245;1;1;1;6;D20;43,4109090;2,9450230
18113;202000020112;11;11;2020;10:25;1;22;22148;1;1;8;3;D16;48,2507410; -2,4015800
18114;202000020113;13;11;2020;17:50;5;02;02141;2;9;1;6;Rue du Capitaine Lemaire;49,9747680;3,9166310
18115;202000020114;14;11;2020;13:58;1;26;26208;1;1;1;3;D111;44,7981140;4,9336770
18116;202000020115;6;9;2020;20:00;3;45;45040;2;1;1;1;Avenue du Général Leclerc;47,5672380;2,8505880
18117;202000020116;13;11;2020;22:40;3;18;18218;1;1;1;6;RD 46E;47,0058620;2,5247530
18118;202000020117;14;11;2020;00:45;3;85;85224;1;1;1;6;LA CHAIGNAIE;47,0036100; -1,3150200
18119;202000020118;14;11;2020;14:00;1;27;27340;1;2;1;2;D313, le pavillon, hon;49,3798580;0,8035470
18120;202000020119;14;11;2020;02:00;4;23;23148;2;1;1;6;D56;46,4216680;1,9585570
18121;202000020120;14;11;2020;07:40;2;37;37159;2;3;1;3;50 Rue du Val de l'Indre;47,2775061;0,6377993
18122;202000020121;13;11;2020;19:25;3;88;88465;1;1;1;-1;D12;48,2429030;6,4456270
18123;202000020123;13;11;2020;19:30;3;987;98724;1;1;1;1;Route de la Nasa District de FITII; -16,7273840; -151,0112500
18124;202000020124;13;11;2020;18:35;5;987;98758;1;1;1;6;PK 1.200; -16,7382840; -151,4350320
18125;202000020125;11;11;2020;17:35;1;974;97406;2;1;1;7;Rue Pierre Auguste Cornu (Pont); -21,1332880;55,6125780
18126;202000020126;13;11;2020;15:45;1;33;33214;2;2;1;3;Route de Brach;44,9838670; -1,0506160
18127;202000020127;14;11;2020;15:25;1;78;78615;1;1;1;5;D30;48,8427180;1,9603730
18128;202000020128;14;11;2020;14:25;1;83;83115;2;1;1;2;Avenue du Debarquement;43,3226370;6,6524600
18129;202000020129;13;11;2020;15:00;1;87;87005;2;1;1;1;D979;45,8001930;1,3853130
18130;202000020130;12;9;2020;11:40;1;33;33284;1;3;1;2;A63;44,6240900; -0,8537900
18131;202000020133;13;11;2020;01:50;5;92;92050;1;1;1;6;A86;48,9020577;2,2042488
18132;202000020134;13;8;2020;19:00;1;62;62510;2;1;1;6;BERNARD (R CLAUDE);50,4188170;2,7998189
18133;202000020135;22;6;2020;16:30;1;05;05061;2;1;1;6;COMMANDANT DUMONT ( AVENUE);44,5662800;6,0836400
18134;202000020136;11;11;2020;12:00;1;974;97416;1;3;1;3;LIGNE PARADIS(ROUTE DE LA); -21,3034500;55,4602000
18135;202000020137;12;11;2020;17:34;1;973;97302;2;1;1;3;MONTABO (ROUTE DE) 1;4,9294723; -52,2903514
18136;202000020138;11;11;2020;11:50;1;973;97302;2;1;1;3;ROUTE NATIONALE 3;4,9050400; -52,3193200
18137;202000020140;12;11;2020;16:45;1;69;69383;2;2;1;3;LACASSAGNE                          (AV);45,7496201;4,8760763
18138;202000020141;12;11;2020;14:50;1;69;69259;2;1;1;2;VIENNE (DE)                         (RO);45,7165400;4,8551600
18139;202000020143;8;5;2020;18:40;1;69;69286;2;1;1;2;ROUTE DE STRASBOURG                 (RO);45,8159600;4,8901900
18140;202000020144;12;11;2020;19:55;5;69;69389;2;4;1;3;DUCHERE (DE LA)                     (BD);45,7779200;4,7954000
18141;202000020145;10;11;2020;11:30;1;69;69034;2;1;1;3;Grande Rue de Saint-clair;45,7892200;4,8550500
18142;202000020146;12;11;2020;11:20;1;2B;2B033;2;2;1;3;CAPITAINE THEN;42,6761600;9,4385000
18143;202000020147;12;11;2020;15:48;1;2A;2A004;2;1;1;6;MEZZAVIA ROUTE DE;41,9524506;8,7814170
18144;202000020148;12;11;2020;12:49;1;95;95063;2;1;1;6;RUE DE MONTESSON;48,9229810;2,2057060
18145;202000020149;8;11;2020;03:25;5;91;91657;2;1;1;1;RUE DES ACACIAS;48,6954330;2,4368180
18146;202000020150;11;11;2020;20:07;3;91;91421;1;1;8;2;NATIONALE 6 (REVEIL MATIN);48,7172400;2,4428900
18147;202000020151;10;11;2020;06:54;5;87;87085;2;3;2;3;LECLERC (AVENUE DU GENERAL);45,8426900;1,2589300
18148;202000020152;10;11;2020;05:00;3;87;87075;1;1;2;6;RN 21;45,7852584;1,1889178
18149;202000020153;9;11;2020;18:37;2;87;87114;2;1;2;6;CROIX-FINOR (AVENUE);45,8353500;1,3150000
18150;202000020154;6;11;2020;17:00;1;86;86194;2;1;1;6;Avenue de Lafayette;46,5759839;0,3756541
18151;202000020155;12;11;2020;07:20;2;80;80021;2;1;1;6;BELFORT (BOULEVARD DE);49,8905100;2,3063700
18152;202000020157;12;11;2020;11:00;1;78;78486;2;1;1;6;EGLISE (RUE DE);48,6947700;1,8546100
18153;202000020158;12;11;2020;18:55;5;69;69115;2;1;1;4;ANSE (route d');45,9711300;4,7168600
18154;202000020159;10;11;2020;21:00;4;67;67482;2;3;5;1;CHAMP DE MANOEUVRE (RUE DU);48,6014300;7,7102700
18155;202000020161;12;11;2020;18:50;5;64;64269;2;3;1;3;TARBES DE;43,2988600; -0,3055100
18156;202000020162;12;11;2020;12:15;1;64;64129;2;1;1;6;MUSES DES;43,3000000; -0,3900000
18157;202000020163;10;11;2020;15:30;1;62;62413;2;1;1;5;DEBARGE (R CHARLES);50,4430000;2,8969900
18158;202000020164;11;11;2020;18:20;5;59;59155;2;1;1;6;GENERAL HOCHE;51,0280512;2,3982315
18159;202000020165;10;11;2020;16:45;1;56;56083;2;1;1;6;TALHOUET (RUE  DU );47,8171700; -3,2593000
18160;202000020166;10;11;2020;13:59;1;56;56121;2;1;1;6;JAURES ( AVE JEAN );47,7453500; -3,3688600
18161;202000020167;11;11;2020;19:35;5;54;54395;2;1;1;2;BOUFFLERS (AVENUE) DE 2 AU 72);48,6896856;6,1593658
18162;202000020168;10;11;2020;16:40;1;49;49328;2;1;1;2;SAINT LOUIS (RUE);47,2565400; -0,0850000
18163;202000020171;12;11;2020;22:45;5;37;37122;2;1;1;7;RODIN (RUE AUGUSTE);47,3457479;0,6577034
18164;202000020172;12;11;2020;12:40;1;35;35238;2;2;1;3;NANTES (DE);48,0948200; -1,6901400
18165;202000020173;12;11;2020;12:00;1;33;33281;1;1;1;2;Avenue Marcel Dassault;44,8464500; -0,7215000
18166;202000020174;12;11;2020;12:57;1;33;33550;1;6;1;1;AVE BARRET;44,7770000; -0,5670000
18167;202000020175;10;11;2020;18:45;4;31;31555;2;1;1;6;NETWILLER (BOULEVARD ANDRE);43,6412400;1,4523100
18168;202000020176;10;11;2020;17:55;5;31;31555;2;1;1;2;GRANDE RUE SAINT MICHEL;43,5850400;1,4476200
18169;202000020177;10;11;2020;14:24;1;31;31157;2;1;1;3;CHE DE TUCAUT;43,5603800;1,3593600
18170;202000020178;12;11;2020;19:20;5;29;29039;2;1;1;7;Avenue Robert Jan;47,8787000; -3,9243000
18171;202000020179;12;11;2020;07:50;3;24;24037;1;9;1;1;RN21;44,8221000;0,5036100
18172;202000020181;11;11;2020;14:45;1;14;14059;2;1;1;2;LITTORAL (AVENUE DU);49,3461200;0,0441900
18173;202000020182;12;11;2020;15:30;1;13;13209;2;1;1;3;RAYMOND TEISSERE (RUE);43,2729650;5,3991940
18174;202000020184;12;11;2020;07:15;1;06;06069;2;2;1;3;ARENE (AVENUE PAUL );43,6396700;6,9129600
18175;202000020185;12;11;2020;07:35;1;75;75114;2;4;1;5;BOULEVARD PERIPHERIQUE;48,8209260;2,3217940
18176;202000020186;12;11;2020;09:02;1;75;75106;2;4;1;3;BOULEVARD SAINT GERMAIN;48,8520930;2,3403100
18177;202000020187;12;11;2020;15:15;1;75;75119;2;2;1;6;AVENUE DE LA PORTE CHAUMONT;48,8863490;2,3952720
18178;202000020188;12;11;2020;10:30;1;75;75119;2;2;1;3;RUE LOUISE THULIEZ;48,8775030;2,3938130
18179;202000020190;12;11;2020;07:15;5;75;75113;2;1;1;6;RUE DE TOLBIAC;48,8297910;2,3753060
18180;202000020191;12;11;2020;12:00;1;94;94080;2;9;1;3;PARIS (AV DE);48,8461000;2,4222000
18181;202000020194;12;11;2020;17:30;2;93;93053;2;1;1;6;ELSA TRIOLET (RUE);48,8869800;2,4659700
18182;202000020195;12;11;2020;00:15;5;93;93046;2;2;1;3;MARECHAL LECLERC AVENUE;48,9201226;2,5392454
18183;202000020196;12;11;2020;08:55;1;93;93031;2;3;1;3;SAINT LEU (ROUTE DE) 1 à 157;48,9499888;2,3410299
18184;202000020197;12;11;2020;10:30;1;93;93027;2;1;1;3;AV PAUL VAILLANT COUTURIER;48,9183969;2,4081164
18185;202000020198;12;11;2020;21:00;5;93;93005;2;3;1;3;JACQUES DUCLOS [CD44] (RUE);48,9493475;2,4890020
18186;202000020199;12;11;2020;10:00;1;92;92036;2;3;1;3;LOUIS CALMEL (RUE) (18/58);48,9232240;2,2871820
18187;202000020200;12;11;2020;10:00;2;92;92035;2;2;1;4; GENERAL DE GAULLE (AV DU);48,9125710;2,2537700
18188;202000020201;11;11;2020;15:56;1;92;92026;2;3;1;3;MARECHAL JOFFRE (QUAI DU);48,9006082;2,2752395
18189;202000020202;13;11;2020;11:20;1;976;97610;1;1;1;1;RN 1 - PK 12+950; -12,7278630;45,1824760
18190;202000020203;10;11;2020;23:00;3;2A;2A064;1;1;1;6;RT 40;41,8471630;8,9647690
18191;202000020204;20;4;2020;07:00;2;50;50203;1;4;2;6;NATIONALE 13;49,5981200; -1,5968300
18192;202000020205;27;4;2020;15:25;1;42;42127;1;4;3;1;Route de Noailly;46,0928638;4,0458976
18193;202000020206;28;4;2020;20:20;1;37;37122;2;1;1;7;PRADIER (RUE JAMES);47,3441004;0,6571964
18194;202000020207;16;3;2020;18:30;1;33;33039;2;3;1;3;RUE DES QUATRE CASTERA / ALL BOYER;44,8094300; -0,5373300
18195;202000020208;28;4;2020;05:10;5;26;26252;2;2;2;2;980 Rue Louis Saillant;44,8885500;4,8636070
18196;202000020209;24;4;2020;08:25;1;11;11262;2;1;1;-1;LAKANAL (RUE);43,1879747;3,0087633
18197;202000020210;28;4;2020;12:00;1;06;06123;2;1;2;6;AICARD AVENUE;43,6845000;7,1840200