;Num_Acc;jour;mois;an;hrmn;lum;dep;com;agg;int;atm;col;adr;lat;long
18198;202000020211;27;4;2020;14:15;1;75;75117;2;1;1;5;PORTE DE SAINT OUEN;48,9001880;2,3207810
18199;202000020212;27;4;2020;06:45;1;75;75119;2;1;1;6;PORTE DE LA VILLETTE;48,9002060;2,3806370
18200;202000020213;28;4;2020;19:10;1;75;75119;2;1;1;1;RUE RIQUET;48,8890200;2,3722260
18201;202000020214;28;4;2020;15:00;1;75;75119;2;2;1;3;RUE DES BOIS;48,8785460;2,4001150
18202;202000020215;27;4;2020;09:30;1;75;75116;2;3;1;6;RUE DE L ASSOMPTION;48,8555360;2,2661190
18203;202000020216;28;4;2020;19:30;1;75;75113;2;2;3;3;BOULEVARD AUGUSTE BLANQUI;48,8311070;2,3442370
18204;202000020217;28;4;2020;14:40;1;75;75113;2;1;1;3;AVENUE D ITALIE;48,8294780;2,3562430
18205;202000020218;28;4;2020;11:38;1;75;75109;2;1;1;6;RUE NOTRE DAME DE LORETTE;48,8770280;2,3389310
18206;202000020219;26;4;2020;18:45;1;94;94080;2;1;1;-1;Murs du Parc (Av. des);48,8462540;2,4559230
18207;202000020220;28;4;2020;15:50;1;94;94028;2;1;1;6;GAULLE(AVENUE DU GENERAL DE);48,7956656;2,4474985
18208;202000020221;26;4;2020;10:35;1;94;94052;2;5;1;3;EDOUARD RENARD (R);48,8455000;2,4882900
18209;202000020222;28;4;2020;21:10;5;94;94043;2;3;1;3;CHARLES GIDE (AV);48,8066250;2,3510080
18210;202000020223;27;4;2020;20:40;1;94;94011;2;1;1;2;SEMARD (RUE PIERRE);48,7648750;2,4808535
18211;202000020224;28;4;2020;20:36;2;93;93078;2;9;2;3;BD ROBERT BALLANGER;48,9562770;2,5412804
18212;202000020225;28;4;2020;21:10;5;93;93071;2;1;1;1;LIVRY (AVENUE DE);48,9326900;2,5373630
18213;202000020226;27;4;2020;11:00;1;93;93053;2;1;1;5;BIR HAKEIM (AVENUE);48,8962657;2,4611631
18214;202000020227;28;4;2020;19:15;1;93;93049;2;3;2;1;DANIELLE CASANOVA (RUE);48,8747500;2,4547680
18215;202000020228;28;4;2020;14:20;1;93;93013;2;1;2;2;LECLERC (AVENU DE LA DIVISION);48,9319900;2,4226200
18216;202000020229;14;4;2020;07:50;1;92;92078;2;1;1;3;MARECHAL LECLERC (AVENUE) (PAIRS);48,9394840;2,3238730
18217;202000020230;21;4;2020;19:30;1;92;92063;2;1;1;1;CHATEAU (RUE DU);48,8744300;2,1810300
18218;202000020232;27;4;2020;21:10;3;61;61466;1;1;2;6;D118;48,7308110; -0,5191150
18219;202000020233;27;4;2020;17:30;1;47;47309;1;1;3;6;D667;44,5108610;0,4492150
18220;202000020234;29;4;2020;08:35;1;72;72158;1;2;1;1;D302;48,0525330;0,6851740
18221;202000020235;29;4;2020;11:10;1;60;60431;2;1;1;3;Rue d'Orroire;49,5659608;3,0265832
18222;202000020236;28;4;2020;21:55;3;07;07005;1;6;1;6;;44,5676074;4,5914082
18223;202000020237;27;4;2020;19:00;1;27;27218;2;1;3;-1;Route des Anglais;49,2791600;0,4398180
18224;202000020238;27;4;2020;13:20;1;27;27103;2;3;1;3;Rue du Docteur Duvrac;49,3568030;0,8182350
18225;202000020239;28;4;2020;13:35;1;30;30029;1;1;1;7;D196;44,3134390;4,3311880
18226;202000020240;25;4;2020;13:30;1;987;98715;2;1;1;3;PK 3 RT1; -17,5845220; -149,5685780
18227;202000020241;29;4;2020;06:41;1;17;17277;1;1;1;6;A10;45,9993030; -0,5428640
18228;202000020242;28;4;2020;11:15;1;2B;2B265;1;1;3;7;D82;42,5978290;9,3945120
18229;202000020243;23;4;2020;12:30;1;13;13110;2;2;1;1;Route de Puyloubier;43,4578410;5,6842660
18230;202000020245;28;4;2020;06:30;3;13;13215;1;1;3;7;A7-Sens Lyon vers Marseille;43,3515180;5,3668440
18231;202000020246;28;4;2020;07:35;1;78;78238;1;1;1;2;A13;48,9703900;1,8737480
18232;202000020247;28;4;2020;14:45;1;93;93013;1;1;1;5;AUTOROUTE A1;48,9411900;2,4278400
18233;202000020248;26;2;2020;00:05;5;972;97213;1;1;1;7;ROUTE NATIONALE 5;14,5933600; -60,9838500
18234;202000020249;25;2;2020;20:40;5;54;54184;2;3;1;7;BRIGACHTAL (AVENUE DE);48,7007730;6,2245850
18235;202000020250;25;2;2020;08:23;1;54;54184;2;2;2;6;SAUVAGE (rue Catherine);48,7098100;6,2412700
18236;202000020251;21;2;2020;06:05;2;44;44184;2;1;1;6;Avenue Antoine Bourdelle;47,2885866; -2,1921206
18237;202000020252;24;2;2020;18:40;2;22;22106;2;1;1;3;BRETAGNE (RUE DE);48,4897003; -2,7147517
18238;202000020253;26;2;2020;21:30;5;94;94067;2;1;1;7;FOCH (AV);48,8454820;2,4197160
18239;202000020254;25;4;2020;09:00;1;974;97416;2;1;1;6;RECHERCHANT (RUE ADRIEN) (1); -21,2824600;55,4747300
18240;202000020256;24;4;2020;17:00;1;87;87085;2;1;1;6;AUTIER (RUE DE L');45,8750100;1,2943000
18241;202000020259;27;4;2020;20:25;2;78;78642;2;1;1;6;NORMANDIE RUE DE;48,9865300;1,9722900
18242;202000020260;26;4;2020;13:15;1;76;76540;2;1;1;6;BIHOREL. RUE DE;49,4484400;1,1024100
18243;202000020262;24;4;2020;19:20;1;76;76540;2;1;1;2;JAURES. BOULEVARD JEAN;49,4503400;1,0623500
18244;202000020263;26;4;2020;16:40;1;76;76481;2;1;1;6;TOT (CHEMIN DU);49,5541400;0,1109100
18245;202000020265;27;4;2020;11:32;1;69;69266;2;3;1;3;ROGER SALENGRO     (Avenue);45,7798500;4,8821300
18246;202000020266;26;4;2020;20:00;1;69;69290;1;1;1;6;ST BONNET DE MURE (DE)              (CH);45,6919400;4,9668200
18247;202000020267;25;4;2020;18:20;1;64;64122;2;1;1;6;BRAOU (AVENUE DU);43,4801200; -1,5555000
18248;202000020268;27;4;2020;20:20;1;60;60057;2;1;1;7;GARBET PIERRE (RUE);49,4422000;2,0777700
18249;202000020269;27;4;2020;11:40;1;54;54257;2;2;1;1;SORBIERS (ALLEE DES);48,6456884;6,1923938
18250;202000020270;27;4;2020;13:00;1;45;45169;2;1;1;1;Avenue Georges Pompidou;47,9022400;1,8592000
18251;202000020271;27;4;2020;14:47;1;45;45004;2;9;1;1;D93 - PR 0+400;47,9766510;2,7386300
18252;202000020272;24;4;2020;13:05;1;34;34301;2;1;1;6;VERNES JULES (RUE);43,4083000;3,6748500
18253;202000020273;26;4;2020;01:30;5;31;31555;2;1;1;7;BARCELONE (ALL DE) DU 16AU 156;43,6098050;1,4217090
18254;202000020274;24;4;2020;20:30;2;31;31555;2;1;1;3;SAND (RUE GEORGES);43,5836120;1,4523040
18255;202000020275;27;4;2020;13:30;1;29;29232;1;1;1;2;D783 - Route de Concarneau;47,9533800; -4,0391000
18256;202000020276;26;4;2020;08:00;1;28;28085;2;1;7;6;GORD A LAUNAY (CHEMIN DU);48,4326000;1,4929000
18257;202000020277;26;4;2020;22:45;5;17;17274;2;6;1;7;REPUBLIQUE   ROND-POINT DE LA;46,1543000; -1,1124000
18258;202000020278;27;4;2020;20:14;2;13;13215;2;1;1;7;LYON (RUE DE);43,3330580;5,3642710
18259;202000020279;25;4;2020;11:45;1;13;13206;2;3;1;3;DIEUDE (RUE);43,3000000;5,4000000
18260;202000020280;27;4;2020;18:05;1;10;10387;2;3;7;6;CHALMEL (RUE);48,2949840;4,0644310
18261;202000020281;27;4;2020;06:00;2;75;75117;2;2;1;3;AVENUE DE VILLIERS;48,8851420;2,2956770
18262;202000020282;27;4;2020;08:05;1;75;75114;2;7;1;7;PLACE DE CATALOGNE;48,8374460;2,3181440
18263;202000020283;27;4;2020;14:45;1;75;75111;2;5;2;6;RUE DE LA ROQUETTE;48,8574330;2,3796620
18264;202000020284;26;4;2020;22:25;3;94;94044;2;1;1;3;JEAN MONNET (R);48,7564200;2,4725400
18265;202000020285;26;4;2020;18:45;1;94;94080;2;1;1;7;PETIT PARC (AV DU);48,8433000;2,4284000
18266;202000020286;27;4;2020;12:10;1;93;93046;2;1;1;1;AV ARISTIDE BRIAND;48,9106600;2,5126900
18267;202000020288;27;4;2020;17:15;1;92;92020;2;2;1;3;PERI RUE GABRIEL/ BROSSOLETTE RUE PIERRE N°3 A 13;48,7997900;2,2857000
18268;202000020289;28;4;2020;07:35;1;11;11018;1;1;8;2;A61;43,2079285;2,2389793
18269;202000020290;27;4;2020;13:00;1;67;67375;1;1;1;6;D64;48,6389359;7,6512980
18270;202000020292;28;4;2020;10:30;1;15;15111;1;1;3;3;D130;45,3641320;2,4528480
18271;202000020293;26;4;2020;21:10;2;72;72156;1;1;1;6;La Reine Bouviere;48,1015171;0,6876987
18272;202000020294;24;4;2020;23:30;3;07;07110;1;1;1;6;;44,4659885;4,2285513
18273;202000020296;24;4;2020;19:35;1;27;27181;1;1;1;7;D59;48,7998250;1,2547590
18274;202000020297;27;4;2020;14:15;1;30;30147;1;1;1;7;CD 982;44,0244870;4,0687020
18275;202000020298;18;4;2020;20:20;3;49;49092;1;2;1;6;Lieu Dit le Plessis (Chanzeaux);47,2695080; -0,6213420
18276;202000020299;28;4;2020;08:05;1;973;97309;1;1;2;4;N 3 (rn3);4,9017650; -52,3039340
18277;202000020300;27;4;2020;18:10;1;77;77283;2;4;1;3;46 Rue de Soissons - D405/D94;49,0742590;3,0242230
18278;202000020302;27;4;2020;17:15;1;73;73197;2;3;1;6;Rue des Monts d'Argent;45,5470260;6,7555990
18279;202000020303;27;4;2020;19:45;1;60;60446;2;1;1;7;D922;49,1401810;2,7892250
18280;202000020304;25;4;2020;15:10;1;33;33167;1;1;2;6;ROUTE NATIONALE 230;44,8229200; -0,5128500
18281;202000020305;26;2;2020;10:40;1;92;92002;2;2;2;6;JEAN MOULIN (RUE);48,7531200;2,3067500
18282;202000020307;25;4;2020;23:00;5;988;98818;2;1;1;6;VE1 SENS NORD/SUD; -22,2596800;166,4449500
18283;202000020308;25;4;2020;18:38;5;988;98818;2;1;1;6;N°8 RUE DU 5 MAI ; -22,2667000;166,4618500
18284;202000020309;26;4;2020;22:55;5;976;97611;2;9;1;6;tsoundzou-Kadjifouni ( rue ); -12,8069000;45,2078500
18285;202000020310;26;4;2020;17:50;1;69;69259;2;2;1;3;MARTYRS DE LA RESISTANCE (DES)      (AV);45,6907700;4,8662800
18286;202000020311;24;4;2020;17:26;1;77;77152;2;1;1;7;CAMUS(AVENUE ALBERT);48,5201600;2,6404500
18287;202000020312;25;4;2020;17:00;1;59;59526;2;3;1;3;RUE HENRI DURRE;50,4402100;3,4316000
18288;202000020314;26;4;2020;06:00;2;75;75120;2;7;1;6;RUE CHARLES ET ROBERT;48,8536710;2,4132060
18289;202000020315;26;4;2020;12:37;1;94;94078;2;1;1;7;HUIT MAI 1945 (AV DU);48,7247700;2,4449300
18290;202000020316;26;4;2020;16:40;1;93;93066;2;2;1;3;"""STALINGRAND (AV), NR 2-86 ET 1 SUIVANTS";48,9443000;2,3573000
18291;202000020318;26;4;2020;18:25;1;93;93079;2;1;1;3;DIVISION LECLERC (AV);48,9533516;2,3436439
18292;202000020319;26;4;2020;16:30;1;92;92020;2;1;1;3;BERANGER RUE;48,8061233;2,2817904
18293;202000020320;26;4;2020;14:35;1;37;37187;2;1;1;6;4 Rue du Coteau;47,0291245;0,5448607
18294;202000020321;26;4;2020;19:45;1;37;37123;1;1;1;6;Les Coutures;47,3353481;0,3985261
18295;202000020322;27;4;2020;15:00;1;91;91340;1;1;1;6;Rue de Mennecy;48,5917030;2,4287190
18296;202000020324;27;4;2020;09:03;1;06;06161;1;1;1;5;Route Nationale 7;43,6278590;7,1337660
18297;202000020325;26;4;2020;19:00;1;79;79150;1;1;1;7;;46,1424520;0,2147270
18298;202000020326;27;4;2020;13:30;1;60;60260;2;1;1;6;10 Rue de Villers;49,2785490;2,9420730
18299;202000020327;25;4;2020;18:20;1;51;51612;1;1;1;7;D38;48,9543420;3,9939145
18300;202000020328;26;4;2020;00:45;3;56;56061;1;1;1;6;Rue Saint Vincent;47,7568812; -2,1450034
18301;202000020329;27;4;2020;11:25;1;2B;2B319;2;2;1;2;Figareto;42,4154330;9,5296630
18302;202000020330;26;4;2020;05:10;5;01;01263;2;3;2;6;96 Avenue du Marquet;46,0806485;4,7691212
18303;202000020331;25;4;2020;09:00;1;70;70533;1;1;1;7;29 rue de Vellefrange;47,4282736;5,8314671
18304;202000020332;27;4;2020;09:20;1;58;58059;2;1;1;6;3 Rue de Gerigny;47,1794020;3,0251460
18305;202000020333;26;4;2020;14:30;1;40;40243;2;4;1;6;Avenue Frédéric Bastiat;43,9344290; -0,9224810
18306;202000020334;26;4;2020;23:00;3;52;52370;1;1;1;7;"route  communale ""crète haut de guillencourt""";48,5058622;5,2272163
18307;202000020335;27;4;2020;13:15;1;38;38052;1;1;8;6;D1091;45,1048000;6,0080000
18308;202000020336;27;4;2020;10:45;1;59;59435;1;9;1;3;4 Route de Tournai;50,4971860;3,2656910
18309;202000020337;26;4;2020;15:55;1;13;13055;1;1;1;6;A507 sens Aubagne- Marseille;43,3157928;5,4225308
18310;202000020338;24;4;2020;20:40;3;78;78423;1;1;1;7;RN12;48,7962000;2,0457000
18311;202000020339;26;4;2020;20:30;1;92;92078;1;1;1;7;AUTOROUTE A86;48,9274600;2,3335300
18312;202000020340;25;2;2020;08:49;1;95;95680;1;1;1;4;RD 970;49,0099000;2,4215000
18313;202000020342;25;4;2020;10:45;1;91;91201;2;1;1;6;HENRI BARBUSSE(BOULEVARD);48,6701200;2,4144200
18314;202000020343;25;4;2020;15:20;1;64;64445;2;1;7;3;Bd du Commandant Rene Mouchotte;43,3053109; -0,3285242
18315;202000020344;24;4;2020;12:30;1;60;60463;2;1;1;6;DEMAGNEZ (RUE);49,2683000;2,4700000
18316;202000020345;25;4;2020;14:25;1;35;35238;1;7;1;6;Square des Hautes Ourmes;48,0883800; -1,6461200
18317;202000020346;25;4;2020;17:25;1;33;33281;2;3;1;3;AVE PIERRE MENDES-FRANCE / PARKING JARDILAND;44,8344000; -0,6408000
18318;202000020347;25;4;2020;19:00;1;29;29039;2;2;1;1;D322 - Rue de Trégunc;47,8742600; -3,9052300
18319;202000020348;25;4;2020;11:45;1;27;27681;2;3;1;6;SOLEIL (RUE DU);49,0926400;1,4848900
18320;202000020349;25;4;2020;18:16;1;10;10325;2;1;1;6;PAUL VALERY (RUE);48,2674000;4,0858000
18321;202000020350;25;4;2020;12:50;1;94;94017;2;1;1;2;GABRIEL PERI (BD);48,8185600;2,4999400
18322;202000020351;25;4;2020;12:30;1;94;94017;2;3;1;3;MAXIME GORKI (AV);48,8179900;2,4860200
18323;202000020353;24;4;2020;20:20;2;37;37175;1;1;1;6;D47;47,5522308;0,7869941
18324;202000020354;15;3;2020;16:25;1;51;51531;1;1;1;7;D216;48,7741550;4,9006750
18325;202000020355;26;4;2020;17:40;1;10;10396;1;1;1;1;Route de Troyes;48,2288070;3,9299830
18326;202000020356;26;4;2020;00:15;3;57;57226;1;1;1;7;D59a;49,3618060;5,9575080
18327;202000020357;25;4;2020;03:00;3;57;57461;1;1;1;1;D44bis;48,6583120;7,0335620
18328;202000020358;22;4;2020;18:45;1;56;56097;1;1;1;6;Moulin de Plusquen;47,7572360; -3,0852340
18329;202000020359;24;4;2020;21:45;3;71;71161;1;1;1;7;Rue le Chêne;46,5966673;3,9954432
18330;202000020360;26;4;2020;07:15;2;46;46024;1;1;1;7;Lieu Dit Fontalba;44,8898540;1,8796720
18331;202000020361;25;4;2020;16:05;1;25;25213;1;1;1;7;Le Bois Jeunet;47,1946120;6,8061750
18332;202000020362;25;4;2020;20:40;1;72;72022;1;1;1;3;L'ARCHE;47,7553800; -0,1690200
18333;202000020363;24;4;2020;17:15;1;04;04088;2;1;3;2;RD 16 - Av Claude Delorme;43,9627290;5,7902020
18334;202000020364;25;4;2020;20:00;2;23;23217;1;1;3;3;d5;45,9317820;1,5407470
18335;202000020365;25;4;2020;10:00;1;87;87110;1;1;1;3;D3;45,9448760;1,0230960
18336;202000020366;26;4;2020;14:40;1;52;52423;1;1;1;6;D674;48,2619410;5,3511570
18337;202000020367;26;4;2020;15:50;1;08;08502;2;1;1;6;Rue de la Rocaille;49,5657480;5,0136010
18338;202000020368;25;4;2020;09:30;1;08;08212;1;1;1;6;route départementale 8043;49,8296920;4,5656990
18339;202000020369;24;4;2020;18:30;1;06;06088;1;1;1;1;A8 - PK 186.000 chaussée sud;43,6717210;7,2014950
18340;202000020370;25;4;2020;18:50;5;971;97128;1;1;1;6;Route de l'Escale;16,2566120; -61,4294130
18341;202000020371;26;4;2020;16:00;1;77;77126;1;1;1;1;D121;49,0137124;2,9488313
18342;202000020372;8;3;2020;13:40;1;84;84141;2;1;1;2;Allée Louis Montagnat;43,9622490;4,8990060
18343;202000020373;14;4;2020;08:48;1;74;74087;2;1;1;3;691 Route d''Annemasse;46,1323450;6,3373680
18344;202000020374;25;4;2020;23:05;3;42;42124;1;1;1;6;Route de Sallecroix;45,3737661;4,6900906
18345;202000020375;16;4;2020;18:15;1;35;35333;1;1;1;6;Lieu Dit l'Epine;47,9228130; -1,4361940
18346;202000020376;25;4;2020;10:45;1;33;33192;1;1;1;6;AUTOROUTE A 63;44,7890500; -0,6203000
18347;202000020377;24;4;2020;17:25;1;93;93066;1;1;1;2;AUTOROUTE A1;48,9147900;2,3576500
18348;202000020378;23;4;2020;17:20;1;988;98818;2;3;1;3;ROUTE DE L'ANSE VATA/RUE THOMY CELIERES; -22,2960100;166,4451800
18349;202000020379;23;4;2020;16:10;1;974;97416;1;1;1;6;Route Nationale 3; -21,3035500;55,4997800
18350;202000020380;23;4;2020;16:43;1;974;97411;2;2;1;3;LABOURDONNAIS; -20,8766000;55,4479000
18351;202000020382;24;4;2020;10:55;1;972;97209;1;1;1;3;CHATEAUBOEUF (ROUTE DE);14,6176600; -61,0466500
18352;202000020383;24;4;2020;15:50;1;971;97113;2;1;1;6;AMEDE CLARA;16,2055433; -61,4925438
18353;202000020384;13;4;2020;12:00;1;95;95555;2;1;1;2;FOCH (BOULEVARD DU MARECHAL);48,9647170;2,2864770
18354;202000020385;24;4;2020;13:15;1;91;91549;2;1;1;3;FERMES (RUE DES);48,6281850;2,3432350
18355;202000020386;23;4;2020;17:40;1;76;76341;1;1;1;6;RD 6015;49,5047800;0,1940800
18356;202000020387;24;4;2020;02:10;5;67;67482;2;3;1;7;40 Rue Mathias Grünewald;48,5664658;7,7203336
18357;202000020388;21;4;2020;18:39;1;64;64483;2;1;3;1;ASCAIN (ROUTE D');43,3775940; -1,6377570
18358;202000020389;23;4;2020;07:30;2;60;60159;2;2;1;3;AMEDEE BOUQUEREL;49,4074500;2,8266400
18359;202000020390;22;2;2020;22:30;5;60;60057;2;1;1;2;WAGE (RUE DU);49,4270500;2,0951600
18360;202000020391;22;4;2020;12:55;1;49;49328;1;2;1;3;VERRIE D 161 (ROUTE DE);47,2722000; -0,1278500
18361;202000020392;23;4;2020;21:42;5;45;45208;2;1;1;7;Rue du Faubourg de la Chaussee;47,9979900;2,7415900
18362;202000020393;24;4;2020;08:45;1;38;38169;2;2;1;3;Rue Engels;45,1986300;5,6852100
18363;202000020394;24;4;2020;15:00;1;34;34172;2;3;1;3;LODEVE (ROUTE DE);43,6146800;3,8297800
18364;202000020395;24;4;2020;15:20;1;33;33063;1;9;1;6;BD ALIENOR D'AQUITAINE;44,8784300; -0,5632300
18365;202000020396;13;3;2020;17:55;1;33;33063;2;3;1;6;RUE D'ARMAGNAC / RUE DU TRI POSTAL;44,8214700; -0,5522300
18366;202000020397;23;4;2020;16:40;1;31;31555;2;1;1;4;ZAY (AV JEAN) DU 11AU 49;43,6494800;1,4309800
18367;202000020398;26;2;2020;10:05;1;29;29019;2;1;7;6;Avenue Victor le Gorgeu;48,4014330; -4,5013400
18368;202000020399;21;1;2020;08:00;2;77;77243;2;1;8;6;CAVALLO PEDUZZI (RUE);48,8697100;2,7082800
18369;202000020400;20;1;2020;07:32;1;76;76497;1;1;1;6;VOIE RAPIDE SUD 3 (RN 338);49,3805000;1,0484500
18370;202000020402;20;1;2020;16:50;1;74;74012;2;1;1;-1;AMOUREUX (RUE DES);46,1910000;6,2361090
18371;202000020403;20;1;2020;18:20;5;71;71306;2;4;1;1;Rue Jean Didier;46,6562470;4,3498119
18372;202000020404;21;1;2020;16:00;1;69;69275;2;1;1;2;JEAN JAURES                         (AV);45,7718900;4,9780100
18373;202000020405;20;1;2020;06:00;5;69;69275;2;3;1;3;CHARLES DE GAULLE                   (BD);45,7472600;4,9365400
18374;202000020406;20;1;2020;21:30;3;67;67218;1;1;1;6;RHIN (ROUTE DU);48,5050600;7,7312900
18375;202000020407;20;1;2020;09:00;1;67;67482;2;1;1;-1;LIVIO (RUE);48,5522147;7,7403255
18376;202000020408;21;1;2020;09:02;1;66;66136;2;1;1;4;PRADES (AVENUE DE);42,6895600;2,8318400
18377;202000020409;18;1;2020;10:20;1;66;66136;2;2;1;3;THENARD;42,6756800;2,8442600
18378;202000020410;21;1;2020;21:00;3;65;65286;1;1;1;6;VIZENS (AVENUE DE);43,1007100; -0,0726880
18379;202000020411;20;1;2020;18:25;5;64;64102;2;1;1;3;HENRI DE NAVARRE (AVENUE);43,5117000; -1,4402000
18380;202000020412;20;1;2020;16:05;1;64;64102;2;1;1;7;MAUBEC (RUE);43,4970100; -1,4683600
18381;202000020413;20;1;2020;15:38;1;63;63113;2;1;1;2;FRANCE (RUE ANATOLE);45,7784300;3,1096900
18382;202000020414;21;1;2020;15:45;1;60;60057;2;1;7;6;VERLAINE PAUL (RUE);49,4151264;2,0724946
18383;202000020415;17;1;2020;08:20;2;59;59512;2;1;1;6;MONTGOLFIER (RUE);50,6810000;3,1852400
18384;202000020416;21;1;2020;19:10;5;59;59392;2;2;1;6;FRANKLIN ROOSEVELT (AVENUE);50,2791050;3,9711650
18385;202000020417;17;1;2020;19:15;5;59;59009;2;1;1;6;FLANDRE AVENUEE DE;50,6644200;3,1456700
18386;202000020418;17;1;2020;18:58;5;57;57019;2;1;1;7;ROMAINS (RUE DES);49,2613200;6,1421700
18387;202000020419;20;1;2020;17:20;1;56;56121;2;3;1;3;GUIEYSSE (RUE  PAUL );47,7576828; -3,3728001
18388;202000020420;20;1;2020;14:05;1;56;56121;2;6;7;6;KERGROISE ( AVE DE );47,7357900; -3,3655200
18389;202000020422;20;1;2020;09:00;1;51;51493;2;1;8;7;Boulevard du Val de Vesle;49,2226571;4,1031969
18390;202000020423;20;1;2020;16:20;1;49;49020;2;1;1;7;PATTON AVENUE;47,4731300; -0,6022200
18391;202000020424;20;1;2020;14:07;1;49;49007;2;1;1;-1;ATLANTIQUE  AVENUE DE L';47,4695000; -0,5942900
18392;202000020426;21;1;2020;08:50;1;45;45286;2;3;1;3;Rue des Epiceas - Rue de rosette;47,8903500;1,9412100
18393;202000020427;20;1;2020;12:33;1;45;45285;2;1;1;2;Rue Charles Beauhaire;47,9139400;1,8716600
18394;202000020428;20;1;2020;17:40;5;44;44184;2;1;1;6;BOULEVARD PIERRE DE COUBERTIN;47,2734256; -2,2320333
18395;202000020429;21;1;2020;22:15;5;44;44109;2;1;1;3;BOULEVARD ROBERT SCHUMAN;47,2360541; -1,5681985
18396;202000020430;17;1;2020;18:20;2;40;40281;1;1;1;5;ROCADE SUD (RD 824);43,8660000; -0,5016800
18397;202000020431;21;1;2020;21:10;5;35;35238;2;2;1;3;MAGENTA (BD);48,1069200; -1,6743800
18398;202000020434;21;1;2020;08:20;4;35;35238;2;1;1;6;CANADA (AVENUE DU);48,0878800; -1,6821400
18399;202000020435;21;1;2020;17:00;1;34;34172;2;1;8;6;ANTIGONE (BOULEVARD D');43,6091880;3,8882560
18400;202000020436;21;1;2020;13:40;1;33;33318;2;2;1;3;RUE DE FRANCE / RUE DES GRAVIERES;44,7925000; -0,6672600
18401;202000020437;21;1;2020;14:00;1;33;33529;1;6;1;2;RD112 AV ST-EXUPERY / RN 250;44,6169800; -1,1381900
18402;202000020438;21;1;2020;09:40;1;27;27681;2;1;1;6;ROUEN (AVENUE DE);49,0997030;1,4735000
18403;202000020439;20;1;2020;13:45;1;19;19031;2;6;1;3;DUBAYLE (RUE ANTOINE);45,1427700;1,4912500
18404;202000020440;20;1;2020;10:40;1;19;19031;2;2;1;3;JAURES (AVENUE JEAN);45,1541400;1,5299100
18405;202000020441;20;1;2020;04:10;5;18;18033;2;5;1;3;SANTOS-DUMONT (BOULEVARD);47,0712800;2,3885300
18406;202000020442;21;1;2020;07:25;5;16;16015;2;1;1;6;3 Boulevard Denfert Rochereau;45,6491780;0,1750710
18407;202000020443;21;1;2020;18:00;2;14;14341;2;1;1;3;ECHANGEUR N° 12 ( IFS );49,1470200; -0,3483800
18408;202000020444;22;1;2020;00:05;4;13;13214;2;1;1;6;BESSONS (CHEMIN DES);43,3408401;5,3916210
18409;202000020445;21;1;2020;19:15;5;13;13002;2;3;1;3;JEAN GIONO (AVENUE);43,3340800;5,4806100
18410;202000020446;21;1;2020;19:55;5;13;13205;2;1;1;3;SAKAKINI (BOULEVARD);43,2927100;5,4014030
18411;202000020447;21;1;2020;06:00;5;13;13203;2;9;1;6;KLEBER (RUE);43,3074600;5,3746060
18412;202000020448;20;1;2020;11:45;1;13;13212;2;1;1;3;CAILLOLS (AVENUE DES);43,3038870;5,4362080
18413;202000020449;20;1;2020;23:30;5;13;13212;2;1;1;6;WILLIAM BOOTH (AVENUE);43,2945840;5,4430620
18414;202000020450;20;1;2020;15:15;1;13;13202;2;2;1;3;PEYSONNEL (RUE);43,3153800;5,3681600
18415;202000020451;20;1;2020;11:30;1;13;13210;2;7;8;3;GÉNÉRAL FERRIE (PLACE);43,2775880;5,3991960
18416;202000020453;20;1;2020;09:00;1;08;08298;2;1;4;3;MABILLE E.;49,7918300;4,7413700
18417;202000020454;21;1;2020;07:25;2;06;06088;2;2;8;6;TURIN (RTE DE);43,7143900;7,2842400
18418;202000020455;21;1;2020;19:15;5;06;06069;2;1;1;3;DE LATTRE DE TASSIGNY (AVENUE DU MARECHA;43,6479000;6,9275000
18419;202000020456;21;1;2020;07:54;2;06;06069;2;3;1;3;POMPIDOU (AVENUE GEORGES) -RD 6085;43,6474700;6,9363100
18420;202000020457;13;1;2020;08:10;2;06;06004;2;1;4;6;CISTES RUE ET CARREFOUR DES;43,6115100;7,0700000
18421;202000020458;18;1;2020;01:00;4;05;05061;2;6;9;6;FRANCOIS MITTERAND (AVENUE);44,5454411;6,0629310
18422;202000020459;21;1;2020;11:25;1;75;75116;2;4;1;2;BD PERIPHERIQUE INTERIEUR;48,8369344;2,2554454
18423;202000020460;20;1;2020;13:50;1;75;75120;2;1;1;3;BD PERIPHERIQUE EXTERIEUR;48,8705630;2,4134560
18424;202000020461;21;1;2020;09:13;1;75;75112;2;1;1;6;QUAI DE BERCY;48,8374545;2,3777396
18425;202000020462;20;1;2020;13:20;1;75;75114;2;1;1;6;RUE RAYMOND LOSSERAND;48,8333400;2,3169750
18426;202000020463;21;1;2020;10:40;1;75;75106;2;7;1;2;PLACE DU DIX HUIT JUIN 1940;48,8440360;2,3233680
18427;202000020464;21;1;2020;10:00;1;75;75120;2;2;1;3;RUE PELLEPORT;48,8646848;2,4041377
18428;202000020465;21;1;2020;16:30;1;75;75119;2;1;1;3;AVENUE DE LA PORTE DE PANTIN;48,8902380;2,3980020
18429;202000020466;21;1;2020;15:55;1;75;75117;2;1;1;6;BOULEVARD MALESHERBES;48,8891700;2,3041700
18430;202000020467;21;1;2020;15:30;1;75;75117;2;2;1;3;AVENUE DES TERNES;48,8799870;2,2883960