;Num_Acc;jour;mois;an;hrmn;lum;dep;com;agg;int;atm;col;adr;lat;long
18431;202000020468;20;1;2020;14:00;1;75;75117;2;4;1;3;BOULEVARD PERSHING;48,8818462;2,2855653
18432;202000020469;21;1;2020;14:45;1;75;75116;2;1;1;6;AVENUE FOCH;48,8724496;2,2831044
18433;202000020470;21;1;2020;01:45;5;75;75116;2;1;1;1;AVENUE KLEBER;48,8660920;2,2894640
18434;202000020471;21;1;2020;15:15;1;75;75114;2;7;1;3;PLACE DE CATALOGNE;48,8372487;2,3187624
18435;202000020472;21;1;2020;08:05;1;75;75112;2;1;1;3;BOULEVARD PONIATOWSKI;48,8290620;2,3897400
18436;202000020473;20;1;2020;13:25;1;75;75111;2;1;1;6;RUE DU FAUBOURG SAINT ANTOINE;48,8517660;2,3742620
18437;202000020474;21;1;2020;10:45;1;75;75108;2;2;1;3;AVENUE FRANKLIN D ROOSEVELT;48,8705410;2,3100360
18438;202000020475;21;1;2020;09:45;1;75;75108;2;3;1;2;RUE DE BERRI;48,8714521;2,3023577
18439;202000020476;21;1;2020;08:20;2;94;94078;2;1;9;7;CHOISY (AV DE);48,7375600;2,4461000
18440;202000020477;20;1;2020;17:20;5;94;94068;2;1;1;1;MARECHAL LYAUTEY (AV DU);48,7909100;2,4867810
18441;202000020478;21;1;2020;14:35;1;94;94076;2;1;1;2;VERDUN (R DE);48,7907500;2,3532500
18442;202000020479;20;1;2020;21:50;3;94;94076;2;1;1;-1;PARIS (AV DE);48,8060800;2,3640000
18443;202000020481;21;1;2020;09:10;1;94;94054;2;2;1;3;PAUL VAILLANT COUTURIER (R);48,7450000;2,4001000
18444;202000020482;21;1;2020;12:00;1;93;93078;2;9;1;6;CLEMENCEAU (AVENUE GEORGES);48,9535419;2,5625991
18445;202000020483;21;1;2020;09:30;1;93;93073;1;4;1;2;RTE DE LA CROIX AU PLATRE;48,9838000;2,5413400
18446;202000020484;21;1;2020;17:00;2;93;93070;2;9;1;3;SEINE (QUAI DE);48,9147500;2,3195700
18447;202000020485;20;1;2020;13:23;1;93;93077;2;1;1;3;AV DE ROSNY;48,8852400;2,5037500
18448;202000020486;21;1;2020;18:40;5;93;93053;2;3;1;5;PARIS (RUE DE);48,9022338;2,4621472
18449;202000020487;20;1;2020;22:50;5;93;93051;2;4;1;6;QUATRE SAISONS;48,8474297;2,5491666
18450;202000020489;20;1;2020;08:20;1;93;93063;2;9;1;6;ARAGO RUE;48,8738188;2,4383268
18451;202000020490;21;1;2020;09:20;1;93;93031;2;1;1;3;AV DE LA REPUBLIQUE;48,9495766;2,3309240
18452;202000020491;21;1;2020;12:45;1;93;93013;2;3;1;3;ROLLAND (RUE DU CDT);48,9330900;2,4284200
18453;202000020492;21;1;2020;21:10;5;93;93007;2;4;1;6;"""PAUL VAILLANT COUTURIER (AVENUE """"DU 13";48,9294062;2,4801400
18454;202000020493;20;1;2020;10:10;1;92;92075;2;1;1;1;LARMEROUX (RUE);48,8170000;2,2814000
18455;202000020496;20;1;2020;12:00;1;92;92050;2;2;1;3;ACACIAS RUE DES;48,9013200;2,1923100
18456;202000020497;19;1;2020;22:10;5;92;92036;2;1;1;2;PRINCIPALE DU PORT (ROUTE) (1/17);48,9411590;2,2961750
18457;202000020498;20;1;2020;16:25;1;92;92036;2;2;1;3;HENRI BARBUSSE (RUE) (1/35)/ RUE HENRI BARBUSSE;48,9212000;2,2993900
18458;202000020499;20;1;2020;19:50;2;92;92025;2;2;1;3;STALINGRAD (AV DE);48,9357392;2,2606301
18459;202000020500;20;1;2020;17:30;2;50;50493;1;1;1;6;12 Contour Ambroise Paré;48,8382700; -1,4629560
18460;202000020501;19;1;2020;17:10;2;47;47100;1;1;1;1;N21;44,2502680;0,6509420
18461;202000020502;20;1;2020;09:35;1;08;08403;2;1;9;1;Rue Georges Hachon;49,4942780;4,3632020
18462;202000020503;22;1;2020;08:06;2;31;31022;2;1;2;6;20 Avenue des Pins;43,6744700;1,4251850
18463;202000020504;21;1;2020;09:40;1;14;14027;1;1;1;1;Lieu Dit le Petit Hamel;49,0199523; -0,6461763
18464;202000020505;21;1;2020;15:50;2;51;51486;1;1;7;2;D19;49,1550016;4,4055134
18465;202000020506;11;1;2020;11:45;1;971;97109;2;3;2;2;80 Route des Marsouins;16,0014920; -61,6967730
18466;202000020508;22;1;2020;14:25;1;72;72058;1;1;1;1;La Poire Tapee;47,9594180;0,3027950
18467;202000020509;21;1;2020;15:40;1;34;34077;1;1;1;1;boulevard de l'Auriol RD65;43,6506210;3,8835440
18468;202000020510;21;1;2020;08:00;1;81;81120;2;6;1;6;Avenue Francois Mitterrand;43,5402600;2,2642860
18469;202000020511;22;1;2020;15:45;1;89;89391;1;1;1;1;D976;48,3657160;3,2330700
18470;202000020512;21;1;2020;10:15;1;49;49043;1;1;1;6;D101;47,5940960; -0,7498280
18471;202000020513;22;1;2020;07:55;2;49;49331;1;1;8;5;N162;47,7041880; -0,7091760
18472;202000020514;21;1;2020;17:20;1;49;49211;1;2;1;1;intersection VC8 et D120;47,1890420; -0,5263140
18473;202000020515;20;1;2020;07:30;2;35;35040;1;1;1;2;Route de l'abbaye;48,1336730; -1,9395640
18474;202000020516;19;1;2020;17:20;2;29;29160;2;1;7;6;58 Rue Marechal Leclerc;48,5060710; -4,4209680
18475;202000020517;22;1;2020;07:15;2;54;54415;1;1;1;4;D952;48,9987860;6,0353350
18476;202000020518;21;1;2020;23:40;3;60;60191;1;1;5;1;D1017;49,5589980;2,6987453
18477;202000020519;21;1;2020;07:45;2;40;40046;2;2;1;3;Avenue de la Judée;44,3891650; -1,1650580
18478;202000020520;21;1;2020;20:05;3;24;24460;1;1;1;5;Les Bigoussies;45,2512200;0,4032040
18479;202000020521;22;1;2020;08:00;2;85;85288;2;1;1;6;403 Avenue de Luçon;46,4649900; -1,6066800
18480;202000020522;22;1;2020;07:30;5;27;27056;2;7;1;6;51 Rue Alphonse Assegond;49,0879050;0,5923000
18481;202000020523;22;1;2020;13:25;1;28;28236;1;1;1;7;169 La Herperie;48,3467700;0,8858850
18482;202000020524;21;1;2020;13:10;1;37;37111;1;1;1;6;Mertier;47,1348040;1,0986269
18483;202000020525;21;1;2020;06:55;3;49;49218;1;1;1;1;RD 752;47,2567320; -1,0219390
18484;202000020526;22;1;2020;19:05;3;03;03118;1;1;1;2;A71;46,1083008;3,1383884
18485;202000020527;22;1;2020;11:45;1;31;31451;1;1;3;3;Route de Castelnaudary;43,4497800;1,9718100
18486;202000020528;16;1;2020;12:05;1;74;74081;2;6;1;1;Avenue des Lacs;46,0714090;6,5567870
18487;202000020529;20;1;2020;16:36;1;49;49007;1;1;1;5;A11;47,4920670; -0,5308530
18488;202000020530;21;1;2020;19:00;3;988;98825;1;1;1;7;Route de la Presqu'ile; -21,1209440;164,9504740
18489;202000020531;18;1;2020;18:50;2;973;97304;1;1;1;3;RN1 PK 50+200;5,1100664; -52,6406408
18490;202000020532;22;1;2020;12:40;1;29;29233;2;1;1;-1;D765 - Rue de Quimper;47,8725512; -3,5467552
18491;202000020533;17;1;2020;08:50;1;91;91041;1;1;2;2;Route Nationale 20;48,5735870;2,2353910
18492;202000020534;20;1;2020;23:06;3;91;91148;2;1;1;6;31 Grande Rue;48,5034530;2,1687830
18493;202000020535;22;1;2020;09:30;1;2A;2A247;1;2;1;3;RT 10;41,6398860;9,2946480
18494;202000020536;22;1;2020;08:37;1;83;83106;1;9;8;1;Fray Redon;43,3164120;6,0754020
18495;202000020537;21;1;2020;17:05;2;52;52269;2;1;1;6;Rue Vernier et Collot;47,8447670;5,3316150
18496;202000020538;18;1;2020;20:25;5;73;73213;2;1;1;3;Route de Barby;45,5714690;5,9606990
18497;202000020539;21;1;2020;10:30;1;38;38382;2;4;1;3;Rue de la Biolle;45,2387790;5,6676040
18498;202000020540;21;1;2020;18:45;5;85;85222;2;1;1;6;31 Quai du Port Fidèle;46,6949250; -1,9336530
18499;202000020541;6;1;2020;07:15;3;49;49301;1;3;1;1;Les Douinières;47,1268300; -1,0382110
18500;202000020542;21;1;2020;21:20;5;60;60612;2;1;9;6;12 Rue du Moulin Saint-rieul;49,2097380;2,5868260
18501;202000020543;20;1;2020;09:00;1;13;13055;2;1;1;2;A507 sens Marseille - Aubagne;43,2860170;5,4254370
18502;202000020544;13;1;2020;02:20;5;69;69199;1;1;1;3;A7;45,6869490;4,8463410
18503;202000020545;17;1;2020;23:55;3;01;01249;1;1;1;4;A42   6.290 A 8.310;45,8152360;4,9622770
18504;202000020546;16;1;2020;17:55;3;69;69297;1;1;1;5;A7   ;45,6075689;4,8026546
18505;202000020547;20;1;2020;06:00;3;69;69256;1;1;1;2;RN 346 ;45,7961861;4,9445686
18506;202000020548;16;1;2020;13:30;1;67;67389;1;1;1;2;Autoroute A4;48,6521418;7,7355545
18507;202000020549;21;1;2020;17:45;2;94;94038;1;1;1;2;AUTOROUTE A6A;48,7876500;2,3452000
18508;202000020550;21;1;2020;08:00;1;78;78126;1;1;1;2;A13;48,8393550;2,1190480
18509;202000020551;21;1;2020;07:20;3;78;78423;1;1;1;3;RN12;48,7943720;2,0500560
18510;202000020552;20;1;2020;20:35;3;92;92036;1;1;1;2;RN315 Y;48,9309388;2,3022420
18511;202000020553;18;1;2020;04:30;5;78;78133;1;1;1;2;A13;48,8890000;2,0107800
18512;202000020554;20;1;2020;07:18;3;93;93013;1;1;1;4;AUTOROUTE A1;48,9413200;2,4269500
18513;202000020555;19;1;2020;15:45;1;93;93005;1;1;1;2;AUTOROUTE A1;48,9605600;2,4679600
18514;202000020556;19;1;2020;08:30;1;93;93066;1;1;1;4;AUTOROUTE A1;48,9359500;2,3721900
18515;202000020557;21;1;2020;10:00;1;94;94033;1;1;1;3;A86.EXT;48,8542300;2,4888200
18516;202000020558;21;1;2020;08:50;1;94;94022;1;1;1;3;A86 INT;48,7763087;2,4242660
18517;202000020559;20;1;2020;11:15;1;77;77055;1;1;1;2;A104.EXT;48,9016285;2,6509328
18518;202000020560;19;1;2020;15:30;1;94;94034;2;3;1;1;JEAN JAURES (BD);48,7543300;2,3145100
18519;202000020561;20;1;2020;09:05;1;974;97411;1;1;8;4;Boulevard Jean Jaures; -20,8885220;55,4451280
18520;202000020562;20;1;2020;09:20;1;974;97411;1;1;8;2;JAURES (BOULEVARD JEAN); -20,8872000;55,4405000
18521;202000020563;20;1;2020;18:33;1;973;97302;2;1;1;3;MORTIN (CITE);4,9161107; -52,3266041
18522;202000020564;20;1;2020;18:30;2;69;69383;2;1;2;2;GAMBETTA                            (CO);45,7527972;4,8504156
18523;202000020565;20;1;2020;08:35;1;69;69387;2;2;1;6;BERTHELOT                           (AV);45,7451500;4,8419700
18524;202000020567;19;1;2020;20:00;5;972;97213;1;9;1;4;AUTOROUTE A1;14,6180000; -61,0340000
18525;202000020568;20;1;2020;00:35;5;971;97113;1;1;1;1;SECTION DUNOYER;16,2081000; -61,4646000
18526;202000020569;20;1;2020;08:15;1;95;95277;2;1;8;3;SOUVENIR FRANCAIS (PLACE DU);48,9926900;2,4548920
18527;202000020570;20;1;2020;11:50;1;91;91174;2;1;7;6;Général De Gaulle;48,6154970;2,4589350
18528;202000020571;20;1;2020;07:59;1;91;91347;2;2;1;3;TEMPLIERS (ROUTE DES);48,6442400;2,2816000
18529;202000020572;18;1;2020;02:35;5;86;86194;2;1;1;1;Voie André Malraux;46,5835900;0,3568800
18530;202000020573;18;1;2020;21:44;5;86;86194;2;1;1;7;Pace Jean de Berry;46,5905600;0,3404400
18531;202000020574;19;1;2020;05:25;5;84;84007;2;1;1;6;LYON (route de );43,9530400;4,8308900
18532;202000020575;19;1;2020;07:10;3;80;80164;1;1;2;7;CORBIE (ROUTE);49,9012100;2,3443600
18533;202000020576;17;1;2020;15:35;1;80;80021;2;1;1;6;AMIRAL LEJEUNE (RUE DE L');49,8929200;2,2912100
18534;202000020577;20;1;2020;15:40;1;77;77513;2;1;1;6;PARIS (CHAUSSEE DE) - D603;48,9555800;2,8658300
18535;202000020578;16;1;2020;19:45;5;76;76575;2;1;1;6;rue de l'universite,MADRILLET. PARC TECHNOLOGIQUE DU;49,3852200;1,0748300
18536;202000020579;18;1;2020;14:30;1;76;76351;2;4;1;3;VERDUN (RUE DE);49,5022494;0,1866872
18537;202000020580;11;1;2020;23:30;5;76;76217;2;2;1;1;REPUBLIQUE (AVENUE DE LA);49,9245850;1,1038150
18538;202000020581;20;1;2020;13:20;1;73;73065;2;1;7;6;CLEMENCEAU GEORGES (AVENUE);45,5624864;5,9050764
18539;202000020582;16;1;2020;18:52;5;71;71153;2;9;1;3;Rue des Prés;46,8055100;4,4572600
18540;202000020584;17;1;2020;07:55;2;67;67482;2;1;1;3;BRUMATH (ROUTE DE);48,5971830;7,7411110
18541;202000020585;17;1;2020;18:40;1;66;66136;1;1;1;3;;42,6746250;2,8643850
18542;202000020586;18;1;2020;14:00;1;66;66136;2;1;1;-1;SCHMID;42,6826300;2,8858800
18543;202000020587;20;1;2020;11:10;1;64;64269;1;6;1;3;TARBES DE;43,2992000; -0,3072000
18544;202000020588;20;1;2020;12:35;1;64;64102;2;1;1;3;BARTHES (CHEMIN DES);43,4941500; -1,4947000
18545;202000020589;20;1;2020;11:47;1;64;64140;2;1;1;7;BRAMARIE (RUE RAOUL);43,5166200; -1,4864100
18546;202000020590;20;1;2020;08:40;1;64;64102;2;1;1;6;ARITXAGUE (BD D');43,4768500; -1,4900300
18547;202000020591;19;1;2020;11:00;1;63;63032;2;2;1;2;EUROPE (AVENUE DE L');45,7549396;3,0968648
18548;202000020592;17;1;2020;08:18;1;63;63075;2;1;1;3;CLAUSSAT (AVENUE JOSEPH);45,7827995;3,0629164
18549;202000020593;18;1;2020;21:15;5;63;63113;2;1;1;2;VERCINGETORIX (AVENUE);45,7735500;3,0868400
18550;202000020594;11;7;2020;07:45;1;77;77146;1;9;1;2;SOUBRIARDE (AVENUE DE LA) - D10P;48,8312341;2,6428900
18551;202000020595;9;7;2020;12:25;1;74;74133;2;2;1;3;VIGNES (RUE DES);46,1886000;6,2156400
18552;202000020596;11;7;2020;16:11;1;67;67462;2;6;1;3;MAISON ROUGE (CARREFOUR);48,2760800;7,4627400
18553;202000020597;7;7;2020;08:40;1;67;67180;1;1;1;4;RD 1340;48,7934940;7,7509866
18554;202000020598;12;7;2020;00:00;5;64;64122;2;1;1;7;IMPERATRICE (AVENUE DE L');43,4867200; -1,5549500
18555;202000020599;11;7;2020;13:10;1;64;64102;2;1;8;3;BASQUE (AVENUE DU GRAND);43,4882700; -1,4597600
18556;202000020600;11;7;2020;19:45;1;45;45274;2;3;1;3;Rue de Saint-Denis;47,8787838;1,9551193
18557;202000020601;11;7;2020;14:35;1;45;45232;2;2;1;3;Rue de Champagne-rue de l'Ardoux;47,8443100;1,9200600
18558;202000020602;11;7;2020;08:10;1;44;44109;2;6;1;3;rues de la Bourgeonnière/Henri Picherit;47,2524600; -1,5534000
18559;202000020603;10;7;2020;21:50;2;41;41018;2;1;1;7;COLOMBIER (RUE DU);47,5790100;1,3340000
18560;202000020604;11;7;2020;09:45;1;35;35051;1;1;1;2;RN157;48,1138000; -1,5527900
18561;202000020605;11;7;2020;17:50;1;30;30189;1;3;1;2;Route Départementale 135;43,8370500;4,4304900
18562;202000020606;11;7;2020;11:00;1;30;30189;2;1;1;6;FONTAINE (QUAI);43,8382000;4,3483000
18563;202000020607;11;7;2020;15:00;1;29;29039;1;1;1;2; D783 - Pont du Moros;47,8793400; -3,9047000
18564;202000020608;11;7;2020;02:45;5;17;17028;2;1;1;6;BEL AIR   RUE DE;46,1375860; -1,1266220
18565;202000020609;11;7;2020;12:30;1;13;13117;2;1;1;1;CUGNOT ( AVENUE JOSEPH );43,4728314;5,2343691
18566;202000020611;10;7;2020;16:55;1;13;13005;2;1;1;4;RN 8;43,2850100;5,5518400
18567;202000020612;11;7;2020;08:57;1;10;10387;2;1;1;2;GENERAL DE GAULLE (RUE DU);48,3005800;4,0758800
18568;202000020613;11;7;2020;19:30;1;09;09122;1;1;1;1;RUFFIE;42,9594030;1,5884140
18569;202000020614;11;7;2020;10:43;1;07;07316;1;1;1;6;LYON (ROUTE DE);44,9076400;4,8535400
18570;202000020615;6;7;2020;19:34;1;03;03185;2;6;1;3;Rue Pierre Semard;46,3330671;2,6040570
18571;202000020617;10;7;2020;20:10;1;75;75105;2;1;1;3;RUE SAINT JACQUES;48,8521680;2,3463180
18572;202000020618;11;7;2020;07:45;1;75;75119;2;1;1;2;AVENUE DE FLANDRE;48,8945600;2,3818350
18573;202000020620;11;7;2020;16:50;1;75;75118;2;2;1;4;AVENUE DE LA PORTE DE LA CHAPELLE;48,8986950;2,3593560
18574;202000020621;10;7;2020;23:40;5;75;75116;2;7;1;2;PLACE DU TROCADERO ET DU 11 NOVEMBRE;48,8629640;2,2878760
18575;202000020622;11;7;2020;19:35;1;75;75113;2;5;1;6;RUE BOBILLOT;48,8258050;2,3503590
18576;202000020623;11;7;2020;13:30;1;75;75113;2;1;1;2;RUE PIERRE JOSEPH DESAULT;48,8210210;2,3784730
18577;202000020625;10;7;2020;17:55;1;75;75112;2;4;1;4;QUAI DE BERCY;48,8340430;2,3814380
18578;202000020627;11;7;2020;17:00;1;75;75108;2;7;1;6;BOULEVARD MALESHERBES;48,8747320;2,3199660
18579;202000020628;10;7;2020;14:45;1;75;75108;2;2;1;6;AVENUE DES CHAMPS ELYSEES;48,8731310;2,2970650
18580;202000020629;10;7;2020;23:00;5;75;75107;2;1;1;6;QUAI BRANLY;48,8586260;2,2928930
18581;202000020632;11;7;2020;18:15;1;94;94058;2;2;1;3;HUIT MAI 1945 (AV DU);48,8513500;2,5108200
18582;202000020633;11;7;2020;10:30;1;94;94033;2;9;1;6;ROGER SALENGRO (R);48,8496000;2,4898000
18583;202000020634;11;7;2020;19:50;1;94;94028;2;1;1;3;BILLOTTE.(AVE DU GAL PIERRE);48,7751900;2,4562100
18584;202000020635;11;7;2020;13:05;1;94;94028;2;9;1;6;avenue de la POMPADOUR;48,7730300;2,4349000
18585;202000020637;11;7;2020;19:30;1;94;94079;2;2;1;1;FRIEDBERG (BD DE);48,8350400;2,5472800
18586;202000020638;11;7;2020;08:30;1;94;94017;2;1;1;6;REGARD DES LUATS (R DU);48,8167700;2,5335000
18587;202000020639;11;7;2020;13:25;1;94;94070;1;1;1;4;PARIS (RTE DE);48,7158240;2,5736320
18588;202000020640;11;7;2020;14:20;1;93;93073;2;3;1;3;PARC (AVENUE DU);48,9518600;2,5748500
18589;202000020641;11;7;2020;09:00;1;93;93078;2;2;1;3;CLEMENCEAU (AVENUE GEORGES);48,9536019;2,5627155
18590;202000020643;11;7;2020;18:05;1;93;93046;2;1;1;-1;EUGENE MASSE RUE;48,9233100;2,5446000
18591;202000020645;11;7;2020;18:15;1;93;93001;2;3;1;3;LEOPOLD RECHOSSIERE (RUE)  => 13/50;48,9144000;2,3888400
18592;202000020646;11;7;2020;01:15;3;93;93001;2;7;1;6;GUYARD DELALAIN (RUE)  (PAIR);48,9106270;2,3873600
18593;202000020647;9;7;2020;19:05;1;92;92044;2;1;1;6;VIC. HUGO(RUE)069A075 ET 080A088;48,8966856;2,2957832
18594;202000020648;11;7;2020;11:09;1;92;92040;2;2;1;3;MARCEAU;48,8253311;2,2729200
18595;202000020650;3;7;2020;12:30;1;84;84142;1;1;1;3;1963 Route de Velleron;43,9448320;5,0122550
18596;202000020652;12;7;2020;00:25;5;28;28088;2;2;1;6;37 bis Rue de la République;48,0705890;1,3320400
18597;202000020653;12;7;2020;12:45;1;41;41232;1;1;1;2;A71 - sens 2 - PK 159.500;47,3970020;2,0388060
18598;202000020654;12;7;2020;13:30;1;52;52114;1;1;1;6;A5;48,0560610;4,9572690
18599;202000020655;12;7;2020;11:56;1;68;68300;1;1;1;4;Rue de la Digue;47,7969590;7,3627010
18600;202000020658;12;7;2020;10:01;1;22;22185;1;1;1;-1;D44;48,3833620; -2,4750670
18601;202000020660;12;7;2020;11:35;1;74;74282;2;2;1;3;Route du Béné;46,0603210;6,2262940
18602;202000020661;12;7;2020;11:00;1;80;80017;1;1;1;1;D43;49,9659320;2,9503020
18603;202000020663;12;7;2020;04:45;2;89;89368;1;1;1;6;D7;47,6534060;3,1845330
18604;202000020664;10;7;2020;21:20;2;89;89158;1;1;1;1;D104;47,4954580;3,3097600
18605;202000020665;11;7;2020;19:30;1;49;49367;2;1;1;1;2 Place Saint Paul;47,6306630; -0,8019640
18606;202000020666;11;7;2020;22:30;3;44;44096;1;3;1;3;La Cormerie;47,4340060; -1,1931860
18607;202000020668;11;7;2020;17:30;1;31;31451;1;1;1;6;Chemin de Montrevel;43,4748510;1,9932620
18608;202000020670;12;7;2020;00:14;3;01;01138;1;6;1;6;Route de Culoz;45,8494590;5,7982710
18609;202000020671;11;7;2020;22:00;3;14;14570;1;1;1;1;Route de Saint Cyr du Ronceray;49,0342367;0,3037983
18610;202000020673;11;7;2020;19:40;1;90;90009;2;3;1;3;Rue des Déportés;47,4848490;6,9246610
18611;202000020674;12;7;2020;16:10;1;73;73221;1;1;1;3;D927 - PR 15+965;45,3129900;6,2649910
18612;202000020675;12;7;2020;07:15;1;73;73084;1;1;1;6;D1006;45,5209793;5,9971717
18613;202000020676;11;7;2020;13:00;1;10;10268;2;9;1;3;1 Avenue des Droits de l'Homme;48,5003060;3,5093160
18614;202000020678;12;7;2020;14:50;1;04;04135;1;1;1;4;Rte de Sainte Croix;43,8402600;6,2011970
18615;202000020679;12;7;2020;01:30;5;28;28423;2;3;1;3;D18;48,5556310;1,6215190
18616;202000020680;12;7;2020;10:00;1;17;17337;2;2;1;3;Rue de Chéray;45,9845210; -1,3738890
18617;202000020681;11;7;2020;11:30;1;30;30339;2;1;1;1;Rue des Horts;44,0804340;3,6412880
18618;202000020682;12;7;2020;09:20;1;49;49092;1;1;1;6;A87;47,2400474; -0,7293968
18619;202000020684;11;7;2020;21:00;3;973;97309;1;1;1;2;Route de la Matourienne;4,8781180; -52,2964830
18620;202000020685;11;7;2020;04:15;3;62;62427;1;9;1;3;autoroute A1;50,3975960;2,9827340
18621;202000020686;11;7;2020;23:50;3;33;33005;2;3;1;1;Boulevard du Page;44,7627480; -1,0688500
18622;202000020687;13;7;2020;01:45;3;988;98813;1;1;1;7;ROUTE DE OUA TOM POPIDERY; -21,7252380;165,8077290
18623;202000020689;12;7;2020;11:45;1;77;77104;1;1;7;-1;D144;48,7029131;2,8117179
18624;202000020690;12;7;2020;18:40;1;77;77478;1;1;1;7;D3E;48,9538746;3,0739832
18625;202000020691;12;7;2020;06:00;1;34;34289;2;1;1;-1;Ancienne Route de Sète;43,3944770;3,4180780
18626;202000020693;8;7;2020;01:15;5;21;21292;2;1;1;3;21 Avenue de Sprendlingen;47,2495140;5,2242920
18627;202000020694;12;7;2020;17:30;1;73;73248;1;3;7;3;D926;45,2598275;6,3237614
18628;202000020695;12;7;2020;12:15;1;38;38252;1;1;1;1;Route Napoléon;45,0834100;5,7467000
18629;202000020696;11;7;2020;21:25;5;16;16078;1;1;1;7;Rue des Platanes;45,6943440;0,1800420
18630;202000020697;22;6;2020;18:30;1;33;33003;1;3;1;3;Chemin des Montferrand;44,9542420; -0,5179240
18631;202000020698;10;7;2020;19:20;1;14;14762;2;1;1;7;Route des Vaux;48,8342600; -0,8921630
18632;202000020699;10;7;2020;23:30;3;14;14250;1;1;1;6;Route d'Esquay;49,2731440; -0,6523960
18633;202000020700;11;7;2020;20:00;1;35;35041;1;4;1;6;la sancerie;47,9342290; -1,5585140
18634;202000020701;10;7;2020;19:55;1;13;13001;1;1;1;3;A51-Sens Marseille vers Aix en Provence;43,5023580;5,4078410
18635;202000020702;10;7;2020;18:15;1;13;13085;1;1;1;2;A50-Sens Toulon vers Aubagne;43,2559000;5,5938000
18636;202000020703;11;7;2020;18:00;1;91;91589;1;1;1;3;AUTOROUTE A6;48,6793200;2,3338800
18637;202000020704;11;7;2020;15:50;1;94;94038;1;1;1;2;AUTOROUTE A6B;48,7779300;2,3466700
18638;202000020705;11;7;2020;12:20;1;91;91589;1;1;1;2;AUTOROUTE A6;48,6783700;2,3356700
18639;202000020707;10;7;2020;17:10;1;92;92050;1;1;1;4;A86;48,9133678;2,2186271
18640;202000020708;11;7;2020;15:45;1;93;93064;1;1;1;4;AUTOROUTE A86;48,8791700;2,4763300
18641;202000020709;11;7;2020;01:00;3;93;93005;1;1;1;6;AUTOROUTE A3;48,9480500;2,4758900
18642;202000020710;10;7;2020;09:15;1;95;95252;1;1;2;7; A115;48,9876800;2,2429000
18643;202000020711;10;7;2020;09:40;1;94;94015;1;1;1;6;A4;48,8333300;2,5167000
18644;202000020712;10;5;2020;05:06;2;02;02805;2;1;1;7;Albert CAMUS Rue;49,3783000;3,3614300
18645;202000020714;9;7;2020;11:00;1;974;97411;2;1;1;6;MACE (ROUTE GABRIEL); -20,9156000;55,4943000
18646;202000020715;10;7;2020;22:05;5;69;69387;2;1;2;7;MARSEILLE (DE)                      (R );45,7493300;4,8384800
18647;202000020716;10;7;2020;08:25;1;69;69387;2;1;1;3;FELIX FAURE                         (AV);45,7522532;4,8478525
18648;202000020717;9;7;2020;16:30;1;69;69387;2;1;1;3;LECLERC                             (AV);45,7352072;4,8236599
18649;202000020718;10;7;2020;19:15;5;972;97209;2;1;1;2;ENTRAIDE (ROUTE DE L');14,6268200; -61,0565400
18650;202000020719;10;7;2020;14:40;1;69;69385;2;1;1;3;DOCTEUR EDMOND LOCARD               (R );45,7599356;4,7975329
18651;202000020720;10;7;2020;08:30;1;69;69385;2;1;1;3;GARDE (DE LA)                           ;45,7648300;4,7884500
18652;202000020721;10;7;2020;16:47;1;95;95585;2;1;1;6;RAVEL (BD MAURICE);48,9733000;2,3820000
18653;202000020722;9;7;2020;19:39;1;91;91432;2;1;1;1;VAL (AVENUE DU);48,6966110;2,3229220
18654;202000020723;10;7;2020;20:15;1;91;91687;2;2;1;3;BOULEAUX (AVENUE DES);48,6544500;2,3641300
18655;202000020724;10;7;2020;13:50;1;87;87085;2;1;1;3;BAC (RUE THEODORE);45,8384300;1,2625900
18656;202000020725;3;7;2020;13:45;1;84;84007;2;1;1;7;CAMPANE (RUE);43,9510600;4,8120000
18657;202000020726;10;7;2020;10:15;1;83;83069;1;2;1;3;BERNARD ( RUE MARIO );43,1110000;6,1210000
18658;202000020727;9;7;2020;00:20;5;83;83034;2;1;1;7;CD559;43,1032300;6,0558500
18659;202000020728;9;7;2020;12:05;1;80;80021;2;1;1;6;EUROPE (AVENUE DE L');49,9232200;2,3051200
18660;202000020729;10;7;2020;16:25;1;78;78350;2;3;1;2;MARLY (ROUTE DE);48,8557000;2,1073000
18661;202000020730;10;7;2020;03:20;3;78;78551;1;2;9;2;RN 184;48,9220130;2,0843270
18662;202000020731;2;7;2020;19:45;1;78;78643;2;3;1;2;TRIEL AVENUE DE;48,9773580;1,9839750
18663;202000020732;10;7;2020;02:40;3;77;77186;1;1;1;3;RD 142 Glandée au grand veneur;48,4577080;2,6698870
18664;202000020733;9;7;2020;10:30;1;77;77449;1;1;1;2;D231;48,8336094;2,7955237
18665;202000020734;10;7;2020;14:00;1;76;76561;2;2;1;1;CHURCHILL. RUE WINSTON;49,2973400;1,0111800
18666;202000020735;2;7;2020;15:50;1;73;73065;1;1;1;4;N201 VOIE RAPIDE URBAINE;45,5913200;5,8982700
18667;202000020736;10;7;2020;23:50;5;69;69264;2;1;8;6;LIBERATION  AV DE LA;45,9851000;4,7164900