;Num_Acc;jour;mois;an;hrmn;lum;dep;com;agg;int;atm;col;adr;lat;long
18668;202000020737;10;7;2020;10:30;1;68;68224;2;1;1;6;BOUCHERS (RUE DES);47,7471450;7,3374270
18669;202000020738;10;7;2020;11:30;1;67;67482;2;3;1;3;RHIN TORTU (RUE DU);48,5511283;7,7579402
18670;202000020739;9;7;2020;17:30;1;67;67482;2;1;1;3;ROMAINS (ROUTE DES);48,5800500;7,7189200
18671;202000020740;9;7;2020;10:00;1;67;67482;2;2;7;3;RHIN (AVENUE DU);48,5715050;7,7703550
18672;202000020741;7;7;2020;15:40;1;67;67482;2;1;1;4;BELGES (QUAI DES);48,5772802;7,7798312
18673;202000020743;10;7;2020;14:20;1;64;64189;2;2;1;3;DELAUNAY GABRIEL  (AVENUE);43,3826000; -1,6664400
18674;202000020744;10;7;2020;12:25;1;64;64445;2;1;1;2;CAMI SALIE DU;43,3277800; -0,3461800
18675;202000020745;5;7;2020;19:30;1;62;62498;2;1;1;1;ARSONVAL (R D');50,4505090;2,8371500
18676;202000020746;10;7;2020;10:45;1;59;59183;2;2;2;6;VERLEY PAUL - BOULEVARD;51,0412000;2,3891000
18677;202000020747;8;7;2020;06:35;1;59;59574;1;1;1;1;CD 957 Bis;50,3752100;3,2718400
18678;202000020748;9;7;2020;15:00;1;57;57647;2;1;1;1;FAMECK (RUE DE);49,3212700;6,0830000
18679;202000020749;10;7;2020;13:35;2;57;57463;2;1;1;6;LEGION ETRANGERE (RUE DE LA );49,0909922;6,1804578
18680;202000020750;9;7;2020;19:55;1;56;56098;2;6;8;-1;ALLENDE ( AV. PRESIDENT SALVADOR );47,7593500; -3,3263800
18681;202000020751;6;7;2020;18:32;1;54;54167;2;1;1;3;GENERAL LECLERC (AVENUE);48,6720850;5,9129270
18682;202000020754;9;7;2020;07:15;1;54;54547;2;1;1;2;EUROPE (BOULEVARD DE L');48,6643100;6,1699500
18683;202000020755;10;7;2020;02:10;3;51;51108;1;1;1;7;N44;48,9777872;4,3694664
18684;202000020756;8;7;2020;20:05;2;50;50129;1;1;2;6;MONTURBET (CHEMIN DE);49,6264400; -1,6531200
18685;202000020757;9;7;2020;14:55;1;49;49007;2;1;1;3;CHAMPS ST MARTIN;47,4498100; -0,5758300
18686;202000020758;10;7;2020;18:00;1;45;45302;2;3;1;1;Rue Erik Satie-rue Gabriel Deback;47,9543160;1,8963880
18687;202000020759;10;7;2020;14:00;1;45;45068;2;1;1;3;SAINT JUST (RUE);48,0067700;2,7196500
18688;202000020760;9;7;2020;15:35;1;44;44184;2;1;1;5;Route des Bassins;47,2850000; -2,2440000
18689;202000020761;9;7;2020;13:15;1;44;44114;2;6;1;3;Route de Vannes;47,2542790; -1,6294850
18690;202000020762;9;7;2020;13:45;1;42;42123;2;1;1;3;Rue du Stade;45,5048300;4,5755800
18691;202000020763;10;7;2020;17:15;1;37;37261;2;1;1;2;SEVIGNE (AVENUE DE);47,3594377;0,6979594
18692;202000020764;9;7;2020;22:10;3;35;35288;1;1;1;7;route de la Massuère;48,6541400; -1,9523400
18693;202000020765;9;7;2020;20:40;1;35;35051;2;6;1;7;FOUGERES (RUE DE);48,1356900; -1,6259900
18694;202000020766;9;7;2020;15:30;1;35;35238;2;2;1;3;LEROUX (BD OSCAR);48,0913500; -1,6675000
18695;202000020767;10;7;2020;22:10;5;34;34172;2;2;1;3;JUSTICE DE CASTELNAU (AVENUE DE LA);43,6269400;3,8896730
18696;202000020768;10;7;2020;18:40;1;34;34172;2;2;1;6;LAVERUNE (ROUTE DE;43,5995480;3,8430640
18697;202000020769;2;7;2020;07:35;1;34;34172;2;1;1;-1;ANTONELLI (AVENUE DU PROFESSEUR ETIENNE);43,5994760;3,8924593
18698;202000020770;23;6;2020;13:50;1;34;34172;2;1;1;6;BOLOGNE (RUE DE);43,6306700;3,8210200
18699;202000020772;10;7;2020;02:10;5;31;31555;2;1;1;7;ALL DE BARCELONE;43,6085900;1,4251100
18700;202000020774;7;7;2020;17:15;1;28;28404;2;1;7;1;PAGNOL (BOULEVARD MARCEL);48,7357200;1,3293300
18701;202000020775;10;7;2020;20:10;2;27;27554;1;1;1;6;D 64;49,0941200;1,3951300
18702;202000020776;10;7;2020;16:20;1;27;27229;2;1;1;3;BOIS DES COMMUNES (RUE DU);49,0349297;1,1757902
18703;202000020777;9;7;2020;09:55;1;27;27229;2;1;1;2;NATIONALE 13 (ROUTE);49,0158860;1,1697900
18704;202000020778;9;7;2020;07:50;1;21;21054;2;2;7;6;Boulevard Jules Ferry;47,0216730;4,8407480
18705;202000020779;10;7;2020;23:40;5;18;18033;2;1;1;6;Rue Jacques Rimbault;47,0806491;2,3985089
18706;202000020780;9;7;2020;21:35;1;17;17306;2;2;1;3;PINSONS (DES);45,6447010; -1,0246850
18707;202000020781;10;7;2020;20:42;1;17;17300;2;2;1;3;HERAULT DE SECHELLES   RUE;46,1531330; -1,1237010
18708;202000020782;10;7;2020;08:28;1;15;15014;2;1;1;3;EGALITE (RUE DE L');44,9319500;2,4418900
18709;202000020783;10;7;2020;19:00;1;14;14437;1;1;1;3;BERTHELOT (RUE MARCELIN);49,1616100; -0,2980700
18710;202000020785;10;7;2020;07:50;1;14;14118;2;2;1;-1;FALAISE (RUE DE  - 90 PAIR 95 IMPAIR);49,1703350; -0,3534650
18711;202000020786;10;7;2020;01:15;3;13;13209;2;1;1;6;COL DE LA GINESTE D559;43,2397500;5,4517400
18712;202000020787;9;7;2020;22:25;5;13;13215;2;2;1;3;LE CHATELIER;43,3480000;5,3625000
18713;202000020788;9;7;2020;19:45;2;13;13211;2;1;1;2;POMME (BOULEVARD DE LA );43,2931000;5,4553000
18714;202000020789;18;2;2020;15:30;1;62;62041;2;1;1;1;DUMETZ ( DU COMMANDANT );50,2842250;2,7857560
18715;202000020790;21;2;2020;23:05;5;59;59350;2;2;1;1;ROYALE RUE;50,6420060;3,0564890
18716;202000020791;21;2;2020;23:00;5;59;59178;2;1;1;1;TOURNAI (ROUTE DE);50,3997337;3,1178336
18717;202000020792;18;2;2020;09:05;1;58;58194;2;3;1;3;COLBERT;46,9936000;3,1594000
18718;202000020794;20;2;2020;15:20;1;56;56121;2;6;1;3;DUGUAY-TROUIN (RUE RENE);47,7429900; -3,3659200
18719;202000020795;21;2;2020;16:49;1;54;54395;2;1;1;2;2 Bd Joffre;48,6889720;6,1767410
18720;202000020796;21;2;2020;10:25;1;51;51454;2;1;1;7;Rue du Général Sarrail;49,2583903;4,0307818
18721;202000020797;21;2;2020;17:07;1;50;50218;2;1;1;3;MATIGNON (AV DES);48,8379100; -1,5702900
18722;202000020798;19;2;2020;07:20;2;49;49328;2;3;1;6;BEAUREPAIRE (RUE);47,2595300; -0,0788400
18723;202000020799;20;2;2020;21:20;5;49;49007;2;1;1;2;FOCH BOULEVARD;47,4681500; -0,5571800
18724;202000020800;20;2;2020;18:56;5;49;49007;2;1;8;3;GASNIER AVENUE;47,4868600; -0,5729100
18725;202000020801;20;2;2020;11:41;1;49;49007;2;1;1;3;TOUR DES ANGLAIS;47,4793100; -0,5556400
18726;202000020802;21;2;2020;16:45;1;45;45068;1;1;1;3;D 2007 - PR 14+950;48,0334197;2,7454774
18727;202000020804;21;2;2020;14:20;1;37;37261;2;3;1;-1;GRAMMONT (AVENUE DE);47,3759167;0,6945862
18728;202000020805;20;2;2020;11:55;1;34;34301;2;1;1;6;RIQUET PAUL (QUAI);43,4104000;3,7021100
18729;202000020806;21;2;2020;08:30;1;34;34172;2;2;1;3;BECQUEREL (RUE HENRI);43,6143633;3,9146364
18730;202000020807;20;2;2020;11:15;1;34;34172;2;1;1;2;ZENITH (ROND POINT DU);43,6080500;3,9309000
18731;202000020808;22;2;2020;00:55;5;33;33063;2;1;1;6;20 Rue de la Liberté;44,8410395; -0,6002796
18732;202000020809;21;2;2020;23:00;5;33;33063;1;1;1;2;Cours Jules Ladoumègue;44,8977600; -0,5746100
18733;202000020811;15;2;2020;04:15;4;33;33162;2;1;1;6;AVE DU MEDOC;44,8864000; -0,6398600
18734;202000020812;21;2;2020;11:00;1;33;33009;2;1;1;3;52 Boulevard Mestrezat;44,6560900; -1,1471500
18735;202000020813;20;2;2020;08:55;1;33;33009;2;6;1;3;PLAGE (BD DE LA) DU 02 AU 194;44,6626500; -1,1643000
18736;202000020815;20;2;2020;22:35;5;31;31555;2;1;1;3;123 Route de Revel;43,5721320;1,4962600
18737;202000020816;20;2;2020;14:35;1;31;31557;2;9;1;3;LARRAMET (CH DE);43,5604800;1,3571200
18738;202000020817;21;2;2020;00:55;5;31;31149;2;1;1;6;HUGO (BOULEVARD VICTOR);43,6175900;1,3156700
18739;202000020818;21;2;2020;13:40;1;29;29051;2;1;1;3;D15 - Avenue du Rouillen;47,9976500; -4,0586100
18740;202000020819;21;2;2020;20:00;5;28;28134;2;9;1;6;CHURCHILL (AVENUE WINSTON);48,7404700;1,3869000
18741;202000020820;21;2;2020;08:20;1;27;27229;2;1;1;3;LOMBARDS (RUE DES);49,0283300;1,1490800
18742;202000020821;21;2;2020;13:55;1;26;26198;2;1;1;3;2 Avenue Saint Lazare;44,5637100;4,7542200
18743;202000020822;16;2;2020;06:37;5;22;22187;2;1;1;6;GOUET (VIEILLE COTE DE);48,5235700; -2,7643400
18744;202000020824;21;2;2020;08:30;1;17;17300;2;1;1;1;MOULIN DE LA MOZAY  RUE DU;46,1699000; -1,1294000
18745;202000020825;21;2;2020;07:50;1;17;17300;2;2;1;3;SAINT-YON   RUE;46,1598900; -1,1514100
18746;202000020826;21;2;2020;20:25;5;13;13103;2;8;1;3;BOULEVARD DENFERT ROCHEREAU;43,6506500;5,0832400
18747;202000020827;21;2;2020;21:00;5;13;13214;2;1;1;3;CAPITAINE GEZE (BOULEVARD);43,3301890;5,3698360
18748;202000020828;21;2;2020;16:15;1;13;13208;2;9;1;3;DAVID (ROND-POINT);43,2617900;5,3747800
18749;202000020829;21;2;2020;06:15;5;13;13211;2;1;1;3;MENARD (PIERRE) (BOULEVARD);43,2901050;5,4380440
18750;202000020830;20;2;2020;14:09;1;13;13202;2;6;1;3;TOURETTE (QUAI DE LA);43,2960000;5,3627000
18751;202000020831;21;2;2020;22:30;5;13;13028;2;2;1;3;CAMUGLI (AVENUE ANTOINE );43,1830410;5,6126400
18752;202000020832;20;2;2020;16:05;1;12;12176;2;1;1;2;ESPALION (ROUTE D');44,3687540;2,5893220
18753;202000020834;21;2;2020;12:20;1;06;06088;2;1;1;6;CESSOLE (BD DE) (JUSQU'AU N° 93-110);43,7173800;7,2529700
18754;202000020835;21;2;2020;08:30;1;06;06029;2;1;1;3;DELATTRE DE TASSIGNY (RUE);43,5592827;7,0107574
18755;202000020836;21;2;2020;12:05;1;75;75106;2;3;1;6;RUE DES CANETTES;48,8526600;2,3336970
18756;202000020837;21;2;2020;17:45;1;75;75120;2;7;1;6;PLACE GAMBETTA;48,8650700;2,3983320
18757;202000020838;21;2;2020;07:35;1;75;75119;2;1;1;-1;RUE D AUBERVILLIERS;48,8880790;2,3673570
18758;202000020839;21;2;2020;01:19;5;75;75118;2;1;1;3;BOULEVARD ORNANO;48,8968450;2,3453090
18759;202000020841;20;2;2020;13:35;1;75;75116;2;1;1;6;RUE MIRABEAU;48,8469830;2,2722920
18760;202000020842;20;2;2020;10:10;1;75;75116;2;7;1;3;PLACE CHARLES DE GAULLE;48,8740890;2,2941950
18761;202000020843;21;2;2020;15:00;1;75;75115;2;2;1;6;RUE GASTON DE CAILLAVET;48,8493230;2,2838600
18762;202000020845;21;2;2020;19:45;5;75;75114;2;3;1;6;BOULEVARD DU MONTPARNASSE;48,8435380;2,3246430
18763;202000020846;21;2;2020;13:12;1;75;75113;2;4;1;6;RUE DE LA GLACIERE;48,8311020;2,3442430
18764;202000020847;21;2;2020;02:30;5;75;75113;2;1;1;6;BOULEVARD KELLERMANN;48,8189480;2,3586950
18765;202000020848;21;2;2020;18:05;2;75;75108;2;1;1;3;RUE SAINT LAZARE;48,8754230;2,3254140
18766;202000020849;21;2;2020;17:20;1;75;75108;2;7;1;3;PLACE DE LA CONCORDE;48,8667590;2,3220700
18767;202000020850;21;2;2020;20:30;5;75;75103;2;5;1;6;RUE SAINT MARTIN;48,8648230;2,3532740
18768;202000020851;21;2;2020;18:50;5;75;75103;2;4;1;6;RUE DES VERTUS;48,8643620;2,3578840
18769;202000020853;21;2;2020;12:10;1;94;94078;2;1;1;6;LION (CAR DU);48,7289820;2,4472600
18770;202000020854;21;2;2020;15:35;1;94;94041;2;1;1;3;RASPAIL (R);48,8111000;2,3879000
18771;202000020855;21;2;2020;08:50;1;94;94065;2;1;1;6;REPUBLIQUE (AV DE LA);48,7517500;2,3541700
18772;202000020856;21;2;2020;17:35;1;94;94070;1;1;1;3;NATIONALE 19;48,7260130;2,5553124
18773;202000020857;21;2;2020;16:00;1;94;94075;2;2;1;3;LIEUTENANT DAGORNO (R DU);48,7274800;2,5310700
18774;202000020859;21;2;2020;10:00;1;93;93071;2;1;1;6;GABRIEL PERI (RUE);48,9411522;2,5320899
18775;202000020860;21;2;2020;10:05;1;93;93064;2;4;1;3;R CONRAD ADENAUER;48,8805270;2,4804120
18776;202000020861;20;2;2020;23:20;5;93;93053;2;1;1;6;VAILLANT COUTURIER (RUE);48,8923309;2,4425798
18777;202000020862;21;2;2020;13:45;1;93;93051;2;1;1;3;PAUL PAMBRUN (BOULEVARD);48,8504000;2,5534000
18778;202000020863;21;2;2020;19:30;5;93;93046;2;2;1;3;JEAN JAURES BOULEVARD;48,9245988;2,5224811
18779;202000020864;21;2;2020;09:55;1;93;93046;2;1;1;2;AV WINSTON CHURCHILL;48,9140890;2,5362900
18780;202000020865;21;2;2020;15:20;1;93;93006;2;1;1;2;ROBESPIERRE RUE;48,8648000;2,4182000
18781;202000020867;21;2;2020;16:00;1;93;93007;2;1;1;4;DE LA REPUBLIQUE (AVENUE);48,9373500;2,4632400
18782;202000020868;21;2;2020;17:00;1;93;93005;2;1;1;1;CROIX NOBILLON (RUE DE LA);48,9456220;2,5089080
18783;202000020869;21;2;2020;22:00;5;92;92072;2;1;1;2;TROYON (RUE);48,8244600;2,2288690
18784;202000020870;21;2;2020;09:20;1;92;92064;2;1;1;3;MARCEL DASSAULT;48,8534140;2,2226810
18785;202000020871;20;2;2020;07:41;2;92;92026;2;1;1;3;PRESIDENT KRUGER;48,8983107;2,2552194
18786;202000020872;21;2;2020;12:50;1;92;92025;2;1;1;6;HENRI BARBUSSE (AV);48,9187150;2,2526700
18787;202000020873;21;2;2020;20:16;5;92;92023;2;9;2;2;JEAN JAURES (AVENUE) N°57 A 259 ET 64 A;48,8066629;2,2676225
18788;202000020874;11;2;2020;18:00;2;47;47048;2;1;8;1;Avenue des Pyrénées;44,5288830;0,6259260
18789;202000020876;22;2;2020;10:17;1;77;77505;1;1;1;7;A4;48,9132180;2,9726860
18790;202000020877;21;2;2020;21:15;3;972;97207;2;1;1;1;Lourdes;14,5733610; -60,9637890
18791;202000020878;22;2;2020;08:55;1;972;97232;1;1;1;5;Sigy;14,5425660; -60,8596870
18792;202000020879;22;2;2020;14:50;1;12;12079;1;3;1;3;Nadaillac;44,5354800;2,7328220
18793;202000020881;21;2;2020;19:25;3;22;22240;1;1;1;7;Domaine de l'Etang;48,2365220; -2,2645780
18794;202000020882;19;2;2020;09:15;1;66;66186;2;1;7;7;Rue Aristide Maillol;42,6691350;2,9913890
18795;202000020883;22;2;2020;07:00;2;83;83057;1;1;1;2;Dn7 pr 43810;43,3837410;6,1753460
18796;202000020884;21;2;2020;19:35;3;51;51176;1;1;1;7;D9;48,7109164;3,9518261
18797;202000020886;22;2;2020;04:00;5;59;59474;2;1;1;6;Rue du Rejet du Moulin;50,0791350;3,7651080
18798;202000020887;22;2;2020;00:00;3;19;19249;1;1;1;6;Les Bournas;45,4354760;1,9547720
18799;202000020888;19;2;2020;11:05;1;56;56034;2;6;1;3;10 Avenue Saint Colomban;47,5795080; -3,0815150
18800;202000020889;22;2;2020;14:25;1;49;49069;1;9;1;3;D763;47,3120460; -1,1619540
18801;202000020890;22;2;2020;00:00;3;49;49284;1;1;1;1;Lieu-dit la violette;47,4259240; -0,8223280
18802;202000020891;22;2;2020;01:30;3;39;39333;1;1;1;1;;46,4150350;5,7183140
18803;202000020892;21;2;2020;19:30;3;35;35133;1;3;1;1;La Perriere;48,1001270; -2,0635360
18804;202000020893;21;2;2020;15:40;1;31;31495;1;1;1;1;lieu dit l'Audol;43,4024440;1,5424780
18805;202000020894;22;2;2020;15:20;1;38;38130;1;2;1;1;Route de Beaurepaire;45,3926800;5,2388400
18806;202000020895;22;2;2020;02:35;3;02;02524;1;1;1;7;D4;49,0849690;3,4750700
18807;202000020896;21;2;2020;15:45;1;03;03217;1;1;1;7;1 rue Roc du Saint;46,3401960;2,6506633
18808;202000020897;17;2;2020;19:30;1;66;66024;1;1;1;1;N320;42,5247910;2,8385000
18809;202000020898;22;2;2020;04:00;3;09;09189;1;1;1;6;Route Nationale 20;42,6212600;1,8224390
18810;202000020899;22;2;2020;11:40;1;45;45248;2;1;1;6;BD DE VERDUN;48,0480250;1,6982030
18811;202000020900;22;2;2020;15:45;1;21;21065;1;1;1;1;D111a;47,0773580;4,7354390
18812;202000020901;18;2;2020;21:30;3;85;85288;2;1;1;6;Avenue de la Mine;46,4471000; -1,6817600
18813;202000020903;22;2;2020;09:45;1;87;87011;2;9;1;6;11 Rue Aristide Briand;46,1223700;1,0453860
18814;202000020904;21;2;2020;18:25;3;52;52332;1;1;1;3;D74 - MONTIGNY LE ROI;47,9918240;5,4855680
18815;202000020905;21;2;2020;10:55;1;44;44163;1;1;1;7;Autoroute A11 PK 306.000;47,4205527; -1,0664320
18816;202000020906;21;2;2020;19:10;3;44;44104;1;1;1;7;A11;47,4173730; -0,9988120
18817;202000020907;8;2;2020;10:30;1;90;90062;1;1;1;2;A36;47,6752420;6,9798680
18818;202000020909;21;2;2020;23:30;3;95;95580;1;6;1;7;D16;49,0909560;2,5367690
18819;202000020910;22;2;2020;01:40;5;971;97128;1;2;2;3;Saint Protais;16,2780910; -61,3759130
18820;202000020911;22;2;2020;05:45;3;77;77050;1;2;1;7;D43;48,1508270;2,8167060
18821;202000020912;22;2;2020;13:45;1;77;77253;1;1;6;7;D471;48,6144170;2,6948370
18822;202000020913;21;2;2020;16:30;1;34;34161;2;1;1;6;30 Avenue des Platanes;43,3326430;3,1224290
18823;202000020914;16;2;2020;19:00;5;83;83112;2;6;1;6;Route Departementale 559;43,1830010;5,6855540
18824;202000020915;22;2;2020;12:30;1;83;83063;1;1;1;7;D558;43,3161150;6,4706800
18825;202000020916;21;2;2020;18:40;2;04;04245;2;1;1;2;RD 4096 - Av des Farigoule;43,8777850;5,8448550
18826;202000020917;22;2;2020;13:05;1;04;04039;2;6;1;6;RD 4085;43,8513690;6,5078710
18827;202000020918;22;2;2020;19:20;3;39;39543;1;1;1;6;;46,7822680;5,9136070
18828;202000020920;22;2;2020;01:00;3;49;49194;1;2;1;3;D347;47,4655410; -0,2946810
18829;202000020921;22;2;2020;13:10;1;14;14530;1;6;6;7;Intersection D223 et D513;49,2159640; -0,2770940
18830;202000020922;22;2;2020;11:50;1;60;60612;1;1;1;-1;D1330;49,2233730;2,5743882
18831;202000020923;21;2;2020;19:30;3;59;59558;1;1;1;1;Rue de Villers En Cauchies;50,2427520;3,4095920
18832;202000020924;19;2;2020;12:00;1;13;13005;1;1;1;4;A50-Sens Marseille vers Aubagne;43,2867810;5,5384400
18833;202000020926;19;2;2020;19:10;3;83;83144;1;1;1;2;A57;43,1334900;5,9847600
18834;202000020928;21;2;2020;20:00;5;33;33397;1;1;1;2;AUTOROUTE A 10;44,8942000; -0,4984400
18835;202000020929;21;2;2020;17:00;1;33;33162;1;1;1;4;ROCADE A 630;44,8767600; -0,6325100
18836;202000020930;21;2;2020;12:25;1;33;33143;1;1;1;3;AUTOROUTE A 10;44,9564800; -0,4511700
18837;202000020933;21;2;2020;15:37;1;91;91521;1;1;1;2;RN 104;48,6330700;2,4054800
18838;202000020934;21;2;2020;14:10;1;91;91589;1;1;1;4;AUTOROUTE A6;48,6739300;2,3426700
18839;202000020935;21;2;2020;15:55;1;78;78423;1;1;1;2;RN12;48,7963330;2,0293380
18840;202000020936;21;2;2020;15:36;1;78;78242;1;1;1;2;A12 Y;48,8066500;2,0517540
18841;202000020937;21;2;2020;11:00;1;78;78133;1;1;1;4;A12 Y;48,8944310;2,0076110
18842;202000020938;21;2;2020;17:55;1;93;93066;1;1;1;5;AUTOROUTE A1;48,9244400;2,3569200
18843;202000020939;20;2;2020;18:55;2;93;93063;1;1;2;5;AUTOROUTE A3;48,8752400;2,4403700
18844;202000020940;19;2;2020;10:00;1;92;92036;1;1;1;4;AUTOROUTE A15;48,9435500;2,2873700
18845;202000020941;19;2;2020;19:32;5;987;98735;2;2;1;5;PRINCE HINOI (AVENUE); -17,5348400; -149,5635300
18846;202000020943;16;2;2020;18:05;1;974;97416;2;6;1;5;LEBLOND 1 (RUE MARIUS ET ARY); -21,3337300;55,4605200
18847;202000020944;19;2;2020;11:45;1;974;97407;2;1;1;2;Route du Sacre Coeur; -20,9573500;55,3152300
18848;202000020945;20;2;2020;14:29;1;973;97302;2;1;1;3;SOURCE DE BADUEL (CHEMIN DE LA);4,9283606; -52,3084831
18849;202000020947;20;2;2020;11:50;1;69;69383;2;2;1;3;FELIX FAURE                         (AV);45,7545300;4,8665500
18850;202000020948;20;2;2020;11:30;1;69;69387;2;1;1;2;MARSEILLE (DE)                      (R );45,7452000;4,8420000
18851;202000020949;20;2;2020;09:15;1;69;69386;2;1;1;3;VAUBAN                              (R );45,7648800;4,8300000
18852;202000020950;20;2;2020;14:50;1;69;69202;2;1;1;6;CROIX DE PIVORT (DE LA)             (CH);45,7288000;4,8058800
18853;202000020951;30;1;2020;20:15;5;69;69382;2;1;1;6;GALLIENI                            (PT);45,7483300;4,8319300
18854;202000020952;18;2;2020;07:25;5;69;69385;2;3;1;6;AQUEDUCS (DES)                      (R );45,7590000;4,7926000
18855;202000020953;20;2;2020;09:35;1;2A;2A004;2;3;1;3;MORETTI ANGE RUE;41,9347008;8,7434736
18856;202000020954;19;2;2020;09:15;1;91;91645;2;1;1;6;PARON (RUE DE);48,7461000;2,2693100
18857;202000020955;20;2;2020;17:55;2;91;91687;2;3;2;3;BELLAY (AVENUE DU);48,6751000;2,3645000
18858;202000020956;20;2;2020;09:15;1;91;91174;2;9;1;6;JEAN JAURES (BOULEVARD);48,6112800;2,4619200
18859;202000020957;14;2;2020;17:30;1;91;91027;2;2;1;6;COQUELICOTS (RUE DES);48,7001400;2,3676400
18860;202000020958;20;2;2020;21:50;5;88;88519;2;1;2;6;Route de Hurbache;48,3447300;6,8942500
18861;202000020959;20;2;2020;06:55;5;88;88160;2;3;8;3;BLUM (AV. LEON);48,1890900;6,4626100
18862;202000020960;13;2;2020;06:37;3;86;86194;2;1;1;2;Allée Jacques Coeur;46,5670770;0,3744050
18863;202000020961;19;2;2020;11:35;1;85;85194;2;6;2;3;Boulevard du Vendée Globe (Château-d'Olonne);46,4995900; -1,7564300
18864;202000020962;19;2;2020;16:45;1;83;83129;2;1;1;6;KENNEDY (AVENUE J.)N°PAIRS 2A2560;43,1077500;5,8163500
18865;202000020963;22;1;2020;12:05;1;78;78545;2;6;1;6;FABIEN (AVENUE COLONEL);48,8065900;2,0605900
18866;202000020964;19;2;2020;19:05;2;77;77445;2;3;1;2;VC-MOULIN (AVENUE JEAN);48,5933953;2,5837917
18867;202000020965;18;2;2020;18:15;2;77;77186;2;1;1;6;WINSTON CHURCHILL (BOULEVARD);48,4078000;2,6890700
18868;202000020966;19;2;2020;19:40;5;76;76351;2;2;1;3;JULES FERRY (PLACE);49,4921800;0,1113600
18869;202000020967;20;2;2020;08:20;1;71;71270;2;6;1;6;Rue de l’Héritan;46,3153758;4,8239149
18870;202000020968;19;2;2020;11:50;1;71;71153;2;1;1;2;Avenue de Verdun;46,8057248;4,4335741
18871;202000020970;20;2;2020;15:50;1;69;69256;2;2;1;3;REPUBLIQUE (DE LA)                  (R );45,7857000;4,9275000
18872;202000020971;20;2;2020;14:00;1;69;69266;2;1;1;6;EMILE ZOLA     (Cours);45,7657100;4,8996800
18873;202000020972;18;2;2020;11:10;1;69;69264;2;3;1;3;SCHUMAN  ROBERT  R;45,9936283;4,7255064
18874;202000020973;19;2;2020;07:45;2;67;67482;1;3;6;3;LA ROCHELLE (RUE DE);48,5523381;7,7955682
18875;202000020974;19;2;2020;14:05;1;64;64445;2;1;7;6;ALFRED DE MUSSET;43,2964900; -0,3616600
18876;202000020975;20;2;2020;08:10;1;64;64102;2;1;1;3;PAUL PRAS (AVENUE);43,4860000; -1,4762400
18877;202000020976;19;2;2020;17:50;1;64;64024;2;9;1;1;PLAGES (BOULEVARD DES);43,5212452; -1,5217921
18878;202000020977;20;2;2020;09:40;1;51;51454;2;1;1;3;Avenue de Champagne;49,2407953;4,0443883
18879;202000020978;19;2;2020;22:25;5;51;51454;2;2;2;3;Avenue Maurice Plongeron;49,2897150;4,0068590
18880;202000020980;8;9;2020;18:40;2;60;60360;2;1;1;3;Avenue Albert 1er;49,3255910;2,4538830
18881;202000020982;9;9;2020;18:07;1;13;13215;1;1;1;2;A7-Sens Marseille vers Lyon;43,3460060;5,3734975
18882;202000020983;2;9;2020;14:45;1;57;57582;1;1;1;5;Autoroute A31;49,2797000;6,1727800
18883;202000020984;10;9;2020;16:20;1;33;33063;1;1;1;5;ROCADE A 630;44,8839200; -0,5580500
18884;202000020985;4;9;2020;08:40;1;94;94021;1;1;1;2;AUTOROUTE A6A;48,7686600;2,3447400
18885;202000020986;10;9;2020;07:45;1;91;91086;1;1;1;4;RN 104;48,6238000;2,3763000
18886;202000020987;10;9;2020;18:30;1;92;92012;1;1;1;2;A13;48,8482424;2,2390392
18887;202000020988;9;9;2020;07:40;1;78;78297;1;1;1;7;RN12;48,7888920;2,0607800
18888;202000020989;10;9;2020;18:40;1;93;93064;1;1;1;2;AUTOROUTE A86;48,8816855;2,4736059
18889;202000020990;10;9;2020;17:20;1;95;95277;1;1;1;2;RD 170 ;48,9753140;2,4834980
18890;202000020991;10;9;2020;15:10;1;93;93001;1;1;1;6;AUTOROUTE A86;48,9216500;2,3770800
18891;202000020992;10;9;2020;13:15;1;93;93005;1;1;1;3;AUTOROUTE A3;48,9592900;2,4734800
18892;202000020993;9;9;2020;17:10;1;95;95572;1;1;1;2;A15;49,0323300;2,1120700
18893;202000020994;9;9;2020;17:15;1;93;93066;1;1;1;3;AUTOROUTE A1;48,9316200;2,3706100
18894;202000020995;9;9;2020;12:00;1;95;95277;1;1;1;6;AUTOROUTE A3;48,9709800;2,4830100
18895;202000020996;10;9;2020;18:30;1;77;77294;1;1;1;2;A104;48,9735400;2,5894100
18896;202000020997;10;9;2020;09:45;1;93;93051;1;1;1;2;A4;48,8354403;2,5706513
18897;202000020998;10;9;2020;09:20;1;94;94017;1;1;1;3;A4;48,8267112;2,5225883
18898;202000020999;9;9;2020;07:45;1;94;94069;1;1;1;4;A4;48,8173200;2,4380700
18899;202000021000;9;9;2020;08:15;1;988;98818;2;6;1;7;GERVOLINO (RUE ROGER); -22,2606300;166,4695800
18900;202000021001;7;9;2020;18:14;5;974;97411;2;3;8;3;JAURES (BOULEVARD JEAN); -20,8918700;55,4674500
18901;202000021002;9;9;2020;17:30;1;69;69387;2;1;1;3;CHALLEMEL LACOUR                    (R );45,7298000;4,8313000
18902;202000021003;9;9;2020;14:45;1;69;69383;2;1;1;3;ST MAXIMIN                          (R );45,7480539;4,8714576