;Num_Acc;jour;mois;an;hrmn;lum;dep;com;agg;int;atm;col;adr;lat;long
18903;202000021004;7;9;2020;15:10;1;69;69383;2;2;1;3;ANDRE PHILIP                        (R );45,7574600;4,8512100
18904;202000021006;9;9;2020;17:55;1;69;69384;2;7;1;3;CROIX-ROUSSE (DE LA)                (BD);45,7743935;4,8323044
18905;202000021007;9;9;2020;13:50;1;69;69389;2;2;1;3;ST SIMON                            (R );45,7786200;4,7982200
18906;202000021008;7;9;2020;12:15;1;69;69286;2;9;1;6;Avenue du Mont Blanc;45,8110792;4,8954204
18907;202000021009;9;9;2020;17:14;1;95;95219;2;1;1;3;LECLERC (RUE DU GENERAL);48,9840571;2,2722070
18908;202000021010;9;9;2020;07:30;1;91;91589;2;1;1;4;CD 25;48,6770500;2,3379200
18909;202000021011;6;9;2020;16:00;1;91;91433;1;1;1;7;RD207;48,4504000;2,1739000
18910;202000021012;8;9;2020;22:07;5;91;91021;2;6;1;7;VERDUN (AVENUE DE);48,5829700;2,2433300
18911;202000021013;2;9;2020;18:30;1;91;91347;2;1;1;6;DOCTEUR DARIER (RUE DU);48,6428300;2,2923900
18912;202000021014;9;9;2020;11:02;1;87;87085;2;1;1;6;BEAUBREUIL (AVENUE DE);45,8783500;1,3004900
18913;202000021015;7;9;2020;22:32;5;87;87085;2;1;1;-1;CHENIEUX (RUE FRANCOIS);45,8360900;1,2559400
18914;202000021016;9;9;2020;23:15;5;83;83137;2;1;1;3;ESTIENNE D'ORVES (AVE);43,1273300;5,9176900
18915;202000021017;8;9;2020;13:20;1;83;83137;2;1;1;-1;BRIAND (AVE ARISTIDE DE 1 A 1219;43,1237940;5,8958450
18916;202000021018;7;9;2020;13:00;1;77;77384;1;2;1;3;D.306;48,5981600;2,5913200
18917;202000021019;8;9;2020;08:20;1;77;77180;1;1;1;1;D51E1;48,7296000;2,6363000
18918;202000021020;8;9;2020;15:30;1;76;76484;2;1;1;6;SAVOIE. RUE DE;49,3553000;1,0952700
18919;202000021021;9;9;2020;06:28;1;74;74118;2;1;1;2;DEPORTES (ROUTE DES );46,1831300;6,2306600
18920;202000021023;8;9;2020;18:39;1;69;69259;2;1;1;5;LAURENT GERIN                       (BD);45,7013600;4,8835500
18921;202000021024;8;9;2020;20:33;2;68;68297;2;2;1;3;Rue de la Paix;47,5839100;7,5710300
18922;202000021025;8;9;2020;13:22;1;66;66136;2;1;1;-1;NUNGESSER-ET-COLI (BOULEVARD);42,6867000;2,8876900
18923;202000021026;9;9;2020;16:25;1;65;65440;2;1;1;2;MARTINET (BOULEVARD DU);43,2333000;0,0865000
18924;202000021027;9;9;2020;07:45;1;64;64445;1;1;1;2;MARTYRS DU PONT LONG DES;43,3402600; -0,3798100
18925;202000021028;8;9;2020;10:45;1;64;64445;2;1;1;3;CARNOT;43,3009347; -0,3694957
18926;202000021029;9;9;2020;16:20;1;64;64024;2;3;7;3;CINQ CANTONS (RUE DES);43,4855800; -1,5195100
18927;202000021030;9;9;2020;08:45;1;64;64102;2;3;1;3;Avenue Dubrocq;43,4939590; -1,4859970
18928;202000021031;4;9;2020;18:00;1;62;62528;2;3;1;3;HOCHE (R LAZARE);50,4604539;2,7969026
18929;202000021032;9;9;2020;03:19;5;59;59512;2;3;1;7;JAURES (AVENUE JEAN);50,6802900;3,1645900
18930;202000021033;8;9;2020;12:15;1;59;59346;2;1;1;1;CHANZY RUE;50,6128265;3,1219435
18931;202000021034;9;9;2020;10:15;1;59;59350;2;2;1;-1;BEETHOVEN AVENUE;50,6206351;3,0343961
18932;202000021035;3;9;2020;21:30;5;59;59410;2;1;1;1;SCHUMAN ROBERT AVENUE;50,6421000;3,1107000
18933;202000021036;9;9;2020;10:05;1;57;57463;2;1;1;6;WINSTON CHURCHILL (RUE );49,1154700;6,1737300
18934;202000021037;6;9;2020;11:30;1;56;56260;2;2;1;3;Avenue Victor Hugo;47,6612200; -2,7571700
18935;202000021038;8;9;2020;20:10;1;56;56121;2;4;1;7;MARIENNE ( AV CAPITAINE );47,7395100; -3,3933600
18936;202000021039;8;9;2020;18:35;1;56;56036;1;1;1;4;RN 165;47,7747200; -3,3672200
18937;202000021040;9;9;2020;11:10;1;51;51454;2;1;1;7;Avenue d’Epernay;49,2394975;4,0136851
18938;202000021041;8;9;2020;22:05;5;50;50129;2;2;1;3;TANNERIES (RUE DES);49,6322100; -1,6234200
18939;202000021042;8;9;2020;18:10;1;49;49328;2;1;1;3;FUSILLES (AVENUE DES) N 147;47,2785900; -0,0568900
18940;202000021043;8;9;2020;07:20;2;49;49328;2;3;1;3;Route d'Angers D952;47,2672400; -0,0700500
18941;202000021044;8;9;2020;14:05;1;49;49007;2;1;1;6;DESCAZEAUX BOULEVARD;47,4763800; -0,5662700
18942;202000021045;9;9;2020;07:35;1;45;45234;2;1;1;6;Rue de Coulmiers;47,9071500;1,8932400
18943;202000021046;9;9;2020;16:45;1;42;42183;1;1;1;2;D 201;45,4165714;4,3723467
18944;202000021047;9;9;2020;15:10;1;35;35051;2;1;1;2;RENNES (RUE DE);48,1140000; -1,6119900
18945;202000021048;9;9;2020;15:00;1;35;35238;2;1;1;6;LORIENT (DE);48,1053722; -1,7343495
18946;202000021049;9;9;2020;12:30;1;35;35238;2;6;1;6;SANGNIER (MARC);48,0933100; -1,6584700
18947;202000021050;9;9;2020;12:30;1;35;35238;2;3;1;3;3 Avenue Sir Winston Churchill;48,1170700; -1,7080300
18948;202000021051;9;9;2020;08:27;1;35;35238;2;3;1;3;29 Rue de Belleville;48,0997900; -1,6608400
18949;202000021052;9;9;2020;09:50;1;33;33063;2;3;1;3;Quai de la Souys;44,8282493; -0,5399744
18950;202000021053;9;9;2020;07:30;2;31;31555;2;1;1;3;BD DE LA MEDITERRANEE;43,5821400;1,4630500
18951;202000021054;8;9;2020;11:45;1;31;31555;2;1;1;3;GAUSSENS (rue henry);43,6618300;1,4324700
18952;202000021055;5;9;2020;14:25;1;31;31555;1;1;1;2;VA007331 A620;43,5687700;1,4207100
18953;202000021056;9;9;2020;13:40;1;30;30189;2;1;2;1;SAUVE (ROUTE);43,8436000;4,3078000
18954;202000021057;9;9;2020;19:10;1;29;29051;1;1;1;7;D15 - Avenue de Coray;48,0041100; -4,0341900
18955;202000021058;9;9;2020;14:30;1;28;28220;1;9;1;2;ROUTE NATIONALE 123;48,4162300;1,4755800
18956;202000021059;8;9;2020;21:22;3;27;27229;2;2;1;2;NORMANDIE (BOULEVARD DE);49,0185500;1,1425000
18957;202000021061;9;9;2020;15:57;1;25;25056;2;6;1;6;MONTARMOTS;47,2606240;6,0274650
18958;202000021062;8;9;2020;18:38;2;25;25056;2;1;7;3;CHALEZEULE;47,2487000;6,0452000
18959;202000021063;9;9;2020;19:40;1;17;17200;2;6;1;7;VENDOME   RUE DU MOULIN  DE;46,1779500; -1,1526600
18960;202000021064;8;9;2020;11:15;1;14;14366;2;1;1;2;GENERAL LECLERC (RUE DU);49,1540588;0,2233062
18961;202000021065;10;9;2020;01:25;5;13;13214;2;1;1;6;MAISON BLANCHE (TRAVERSE);43,3294000;5,3748600
18962;202000021066;9;9;2020;13:00;1;13;13212;2;1;1;2;PIERRE CHEVALIER (avenue);43,5789600;5,5549400
18963;202000021067;9;9;2020;07:30;1;13;13001;1;1;8;7;RD9;43,4856500;5,3570100
18964;202000021068;8;9;2020;13:30;1;10;10333;2;1;1;7;ECHENILLY (RUE);48,2650700;4,0401800
18965;202000021069;8;9;2020;19:00;2;06;06088;2;1;1;6;STADE DU RAY;43,7000000;7,2500000
18966;202000021070;9;9;2020;20:20;5;06;06083;2;1;1;1;ST ROMAN (AVENUE);43,8069000;7,4876000
18967;202000021071;8;9;2020;16:39;1;05;05061;2;6;1;3;CHARLES AUROUZE ( RUE );44,5637858;6,0785582
18968;202000021072;29;7;2020;14:40;1;02;02722;2;7;1;2;PORTE CROUY ( RUE );49,3855600;3,3326900
18969;202000021073;18;7;2020;14:50;1;02;02064;1;1;1;4;ROUTE NATIONALE 2;49,3639900;3,3446800
18970;202000021074;8;9;2020;16:20;1;75;75112;2;1;1;3;BOULEVARD PERIPHERIQUE;48,8330990;2,4071660
18971;202000021075;8;9;2020;15:50;1;75;75119;2;1;1;3;BOULEVARD PERIPHERIQUE;48,9004330;2,3861580
18972;202000021076;8;9;2020;20:42;5;75;75113;2;1;1;6;QUAI D IVRY;48,8254320;2,3883750
18973;202000021077;9;9;2020;15:55;1;75;75120;2;1;1;3;BOULEVARD DE MENILMONTANT;48,8653550;2,3847990
18974;202000021079;9;9;2020;19:35;1;75;75117;2;1;1;7;AVENUE STEPHANE MALLARME;48,8868070;2,2936570
18975;202000021080;9;9;2020;17:15;1;75;75117;2;1;1;6;RUE JACQUES IBERT;48,8871760;2,2870250
18976;202000021081;9;9;2020;13:30;1;75;75117;2;3;1;6;RUE CARDINET;48,8911250;2,3180210
18977;202000021082;9;9;2020;16:30;1;75;75116;2;2;1;3;ROUTE DE LA PTE DAUPHINE A LA PTE DES SA;48,8749330;2,2710940
18978;202000021083;9;9;2020;18:45;1;75;75114;2;2;1;6;RUE FROIDEVAUX;48,8360190;2,3276350
18979;202000021086;9;9;2020;17:25;1;75;75114;2;3;1;6;AVENUE DU GENERAL LECLERC;48,8239710;2,3257030
18980;202000021087;9;9;2020;18:16;1;75;75113;2;1;1;3;QUAI D AUSTERLITZ;48,8429900;2,3664130
18981;202000021088;9;9;2020;20:50;5;75;75112;2;2;1;6;ROUTE DE LA FERME;48,8262030;2,4627120
18982;202000021090;9;9;2020;08:10;1;75;75112;2;1;1;3;RUE PARROT;48,8470560;2,3746410
18983;202000021092;9;9;2020;18:40;1;75;75111;2;5;1;3;AVENUE DE LA REPUBLIQUE;48,8640120;2,3811730
18984;202000021094;9;9;2020;19:45;4;75;75108;2;1;1;6;RUE DE MARIGNAN;48,8685670;2,3063600
18985;202000021095;9;9;2020;14:30;1;75;75108;2;3;1;3;RUE DE ROME;48,8804600;2,3213260
18986;202000021096;9;9;2020;08:45;1;75;75107;2;1;1;2;QUAI D ORSAY;48,8623250;2,3067600
18987;202000021097;9;9;2020;22:10;5;75;75102;2;1;1;3;BOULEVARD DE SEBASTOPOL;48,8656840;2,3522240
18988;202000021098;9;9;2020;20:15;5;75;75101;2;3;1;3;BOULEVARD DE SEBASTOPOL;48,8629370;2,3506870
18989;202000021099;9;9;2020;07:55;1;94;94068;2;1;1;3;BOURDIGNON (R);48,8028700;2,4764480
18990;202000021100;8;9;2020;15:20;1;94;94068;2;3;1;1;REVOLUTION FRANCAISE (AV DE LA);48,7940100;2,4991400
18991;202000021101;9;9;2020;12:20;1;94;94046;2;2;1;6;GEORGES CLEMENCEAU (AV);48,8082400;2,4434600
18992;202000021102;8;9;2020;23:00;5;94;94041;2;1;1;-1;GEORGES GOSNAT (AV);48,8129540;2,3875250
18993;202000021103;9;9;2020;18:50;1;94;94078;2;1;1;6;CHARLES DE GAULLE (AV);48,7472000;2,4540000
18994;202000021104;9;9;2020;15:30;1;94;94054;2;1;1;6;ONZE NOVEMBRE 1918 (R DU);48,7414000;2,4029000
18995;202000021105;9;9;2020;14:30;1;93;93078;2;1;1;4;BD ROBERT BALLANGER;48,9563800;2,5415000
18996;202000021106;9;9;2020;18:00;1;93;93071;2;1;1;3;WESTINGHOUSE (BOULEVARD);48,9269702;2,5199346
18997;202000021107;9;9;2020;21:30;5;93;93064;2;2;1;3;ALSACE-LORRAINE (BOULEVARD);48,8839100;2,4882900
18998;202000021108;9;9;2020;08:00;1;93;93055;2;1;1;6;ANATOLE FRANCE (AVENUE);48,8951000;2,4255100
18999;202000021109;9;9;2020;16:00;1;93;93051;2;1;1;3;MONTAIGNE (AVE);48,8450500;2,5388300
19000;202000021110;8;9;2020;16:30;1;93;93051;2;6;1;2;CHAMPY RICHARDETS (BOULEVARD);48,8379000;2,5817000
19001;202000021112;9;9;2020;16:00;1;93;93048;2;1;1;2;ROUGET DE L'ISLE (BOULEVARD);48,8590974;2,4379793
19002;202000021113;8;9;2020;20:30;2;93;93031;2;1;1;6;FELIX MERLIN;48,9552900;2,2952000
19003;202000021114;9;9;2020;22:39;5;93;93027;2;1;1;6;CONVENTION (RUE DE LA);48,9279049;2,3910463
19004;202000021115;9;9;2020;17:35;1;93;93010;2;1;1;3;GUESDES (RUE JULES);48,9035892;2,4774775
19005;202000021116;9;9;2020;11:05;1;93;93010;2;1;1;2;GALLIENI (AV.) DE 2 A 96;48,9047865;2,4748812
19006;202000021117;8;9;2020;08:00;1;93;93057;2;1;1;6;BRIAND ( AV. ARISTIDE) 1 A29;48,9078435;2,4934573
19007;202000021118;9;9;2020;20:45;5;93;93008;2;2;1;6;CALLAS (RUE MARIA);48,9088312;2,4537741
19008;202000021119;9;9;2020;18:15;1;93;93055;2;1;1;2;JEAN JAURES (AVENUE) (76/128);48,9081700;2,3970500
19009;202000021121;9;9;2020;15:10;1;93;93005;2;9;1;6;CROIX BLANCHE (AVENUE DE LA);48,9248140;2,4995140
19010;202000021122;9;9;2020;14:05;1;93;93005;2;2;1;3;R DE LA CONCORDE / R JULES PRINCET;48,9367580;2,4972400
19011;202000021123;8;9;2020;12:50;1;93;93001;2;3;2;-1;REPUBLIQUE (AVE DE LA ) 43/106 =>;48,9043184;2,3914590
19012;202000021124;8;9;2020;23:35;5;92;92075;2;6;1;3;ERNEST LAVAL (RUE);48,8204002;2,2909713
19013;202000021125;9;9;2020;00:45;5;92;92072;2;2;1;3;GRANDE RUE;48,8264500;2,2193900
19014;202000021126;9;9;2020;12:40;1;92;92050;2;1;1;6;POINCARE RAYMOND RUE;48,8894620;2,1874950
19015;202000021127;9;9;2020;20:20;5;92;92020;2;1;1;7;VERDUN AVENUE DE AUTRES N°;48,8005500;2,2832900
19016;202000021128;9;9;2020;15:30;1;92;92040;2;1;1;7;PDT ROOSEVELT (QUAI DU);48,8330840;2,2638440
19017;202000021130;8;9;2020;17:45;1;92;92035;2;1;1;4;VERDUN 1916 (AV);48,9066460;2,2380680
19018;202000021131;9;9;2020;21:10;5;92;92062;2;1;1;7;MICHELET (RUE);48,8882500;2,2447700
19019;202000021133;9;9;2020;15:00;1;92;92002;2;1;1;1;ARMAND GUILLEBAUD (AVENUE);48,7480797;2,3087095
19020;202000021134;5;9;2020;19:20;1;92;92002;2;7;1;3;ARISTIDE BRIAND (AVENUE);48,7633200;2,3091400
19021;202000021135;9;9;2020;19:59;2;08;08329;1;1;1;7;D3;49,6059820;4,4648270
19022;202000021136;9;9;2020;12:15;1;86;86203;1;1;1;6;Voie  communale n°3;46,2950500;0,6659070
19023;202000021138;9;9;2020;18:45;1;16;16316;2;1;1;3;Rue de Verrieres;45,5770230; -0,2994890
19024;202000021139;9;9;2020;14:50;1;74;74295;1;1;1;5;Le Jotty (Arrêt de bus);46,3069870;6,6134910
19025;202000021140;9;9;2020;14:00;1;64;64410;2;6;1;3;Avenue Charles Moureu;43,3831870; -0,6111570
19026;202000021141;10;9;2020;10:50;1;62;62769;1;2;1;3;D305;50,9083200;1,8584600
19027;202000021143;9;9;2020;15:30;1;69;69260;2;1;1;6;791 Chemin des Gaupières;45,6504850;4,8024350
19028;202000021144;10;9;2020;05:43;3;57;57465;1;1;1;1;D918;49,3239750;6,2595460
19029;202000021145;9;9;2020;07:29;2;57;57414;1;3;7;1;D44bis;48,6589810;7,0195340
19030;202000021146;10;9;2020;18:50;1;19;19117;1;1;1;1;;45,0955239;1,4721304
19031;202000021147;9;9;2020;22:15;3;74;74062;2;1;1;6;1009 Route d'Annecy;45,9784450;6,1642850
19032;202000021148;10;9;2020;10:25;1;76;76387;1;2;1;3;cd142;49,7052220;0,8885190
19033;202000021149;31;8;2020;17:10;1;76;76728;1;1;1;6;Rue de l'Orme;49,4875310;0,9837380
19034;202000021150;9;9;2020;08:40;1;80;80062;1;2;1;3;D1015;49,8371490;1,7654030
19035;202000021151;10;9;2020;17:00;1;65;65171;1;2;1;3;D618;42,8210760;0,4172550
19036;202000021152;10;9;2020;10:35;1;32;32410;1;1;1;6;D39;43,5084100;0,9488050
19037;202000021153;10;9;2020;11:20;1;11;11170;2;1;1;6;Boulevard de la Corderie;43,1048150;3,0951080
19038;202000021155;9;9;2020;17:30;1;34;34013;2;3;2;1;1 Chemin des Pins;43,5632160;3,4490740
19039;202000021156;9;9;2020;20:30;3;39;39099;1;1;1;5;;47,0186090;5,3801680
19040;202000021157;8;9;2020;16:00;1;25;25367;2;3;1;3;TEMPLE;47,4512790;6,8071030
19041;202000021158;10;9;2020;10:40;1;25;25537;1;1;1;1;PUITS NOIR;47,1278760;6,1239980
19042;202000021159;9;9;2020;17:55;1;29;29185;2;2;1;3;4 Boulevard de l'Europe;48,6584096; -4,1683251
19043;202000021160;9;9;2020;20:00;2;29;29036;1;4;1;6;D17 - 286 Lieu Dit Treflech;48,2918239; -3,7408907
19044;202000021161;9;9;2020;18:45;1;29;29100;1;2;1;1;Boteden;48,5704762; -4,3925999
19045;202000021162;10;9;2020;12:30;1;38;38249;1;4;1;3;A41;45,2231000;5,8213810
19046;202000021163;9;9;2020;16:05;1;02;02307;2;1;1;3;4 Rue de Meaux;49,1752970;3,1259540
19047;202000021164;10;9;2020;10:45;1;15;15187;2;9;1;6;18 Avenue de la République;45,0335750;3,1029993
19048;202000021165;10;9;2020;09:20;1;01;01163;1;2;1;1;D28B;46,3716950;5,1906110
19049;202000021166;9;9;2020;15:05;1;66;66222;2;1;1;3;Boulevard Clemenceau;42,5476770;2,3888970
19050;202000021167;10;9;2020;17:30;1;06;06079;2;1;1;2;Avenue de Frejus Paul Ricard;43,5380170;6,9350410
19051;202000021168;10;9;2020;07:30;1;14;14738;2;3;1;3;1 Rue des Alizés;49,1581520; -0,4585670
19052;202000021169;10;9;2020;11:30;1;05;05128;1;1;1;3;Saint-André-d'Embrun;44,5662570;6,5216200
19053;202000021170;7;9;2020;10:15;1;05;05040;2;6;1;6;6 Place du Grand Logis;44,5471910;6,2776140
19054;202000021171;9;9;2020;21:40;3;90;90084;1;1;1;6;D49;47,6511730;7,0196310
19055;202000021172;10;6;2020;10:28;1;75;75119;2;3;1;3;AVENUE JEAN JAURES;48,8851710;2,3793630
19056;202000021175;10;6;2020;07:35;1;75;75114;2;7;1;6;PLACE DU VINGT CINQ AOUT 1944;48,8230390;2,3254970
19057;202000021176;10;6;2020;13:56;1;75;75107;2;1;1;6;QUAI D ORSAY;48,8628650;2,3145050
19058;202000021177;10;6;2020;17:45;1;75;75101;2;3;1;6;BOULEVARD DE SEBASTOPOL;48,8595310;2,3487850
19059;202000021178;9;6;2020;15:55;1;75;75102;2;4;1;6;AVENUE DE L OPERA;48,8677680;2,3335640
19060;202000021179;9;6;2020;15:55;1;75;75104;2;3;1;1;RUE SAINT ANTOINE;48,8546360;2,3627680
19061;202000021181;10;6;2020;21:35;2;94;94003;2;3;1;6;COLONEL FABIEN (R DU);48,8011400;2,3367900
19062;202000021182;10;6;2020;19:00;5;94;94076;2;9;8;3;STALINGRAD (AV DE);48,7822800;2,3670400
19063;202000021183;10;6;2020;18:00;1;94;94038;2;1;1;7;DIVISION LECLERC (AV);48,7757800;2,3303400
19064;202000021184;8;6;2020;22:25;5;94;94028;2;1;1;7;HALPERN.(AVENUE BERNARD);48,7853522;2,4578092
19065;202000021185;10;6;2020;18:20;1;94;94077;2;2;1;3;ROGER SALENGRO (R);48,7372240;2,4110720
19066;202000021186;9;6;2020;16:55;1;94;94022;2;9;1;6;ALLIES (BD DES);48,7654770;2,4046720
19067;202000021187;10;6;2020;18:00;1;94;94017;2;1;1;3;GENERAL DE GAULLE (AV DU);48,8272900;2,5126400
19068;202000021189;10;6;2020;16:15;1;93;93078;2;3;1;3;DAMBEL (AVENUE EMILE);48,9524082;2,5504720
19069;202000021190;10;6;2020;11:05;1;93;93051;2;2;1;3;MARECHAL JUIN (AVENUE);48,8418997;2,5687847
19070;202000021191;10;6;2020;12:45;1;93;93047;2;1;1;6;BARGUE  (BOULEVARD);48,9012521;2,5584483
19071;202000021193;10;6;2020;13:50;1;93;93001;2;9;1;6;AV VICTOR HUGO ;48,9111308;2,3792800
19072;202000021194;8;6;2020;17:50;1;92;92050;2;5;8;3;HAVRE BOULEVARD DU;48,9188200;2,2228000
19073;202000021195;10;6;2020;14:00;1;92;92044;2;2;1;3;ARISTIDE BRIAND(RUE)1A49 ET 2A52;48,8904165;2,2836529
19074;202000021196;12;4;2020;14:30;1;92;92025;2;2;1;6;GABRIEL PERI (RUE);48,9146190;2,2290370
19075;202000021199;11;6;2020;17:15;1;51;51352;1;1;3;7;N4;48,7143270;4,6364450
19076;202000021200;10;6;2020;13:35;1;24;24139;1;2;1;3;Route de la Petite Morinie;45,1215630;0,6442830
19077;202000021201;11;6;2020;16:10;1;06;06161;1;1;1;3;Route du Bord de Mer;43,6195940;7,1302720
19078;202000021202;11;6;2020;16:15;1;38;38133;2;3;1;3;Route de Grenoble;45,3506750;5,5960700
19079;202000021203;11;6;2020;12:50;1;23;23082;1;1;1;3;41 Le 3 et Demi;46,2213590;1,6876190
19080;202000021204;11;6;2020;09:35;1;62;62677;1;1;1;6;D928;50,3311600;2,0236050
19081;202000021205;10;6;2020;18:32;1;51;51093;1;2;1;3;D36;49,0022730;3,8798150
19082;202000021206;7;6;2020;14:25;1;19;19164;1;1;8;7;Chammet;45,7063453;1,9930182
19083;202000021207;11;6;2020;16:15;1;80;80656;1;1;1;1;D1029;49,8120410;2,0648290
19084;202000021208;11;6;2020;21:00;3;82;82013;1;1;2;6;Route de Vigueron;43,8848760;1,0167020
19085;202000021209;10;6;2020;21:10;2;81;81045;1;1;1;6;Rue Charles Liozu;44,0764180;1,9370810
19086;202000021210;10;6;2020;12:44;1;61;61196;1;3;1;3;Lieu Dit le Bois Fezedin;48,3772400;0,5917600
19087;202000021211;10;6;2020;13:45;1;61;61103;1;2;1;3;D438;48,8566820;0,3629030
19088;202000021212;11;6;2020;20:40;1;49;49069;1;1;8;7;D17;47,3069724; -1,2182592
19089;202000021213;8;6;2020;12:30;1;34;34072;1;1;1;7;D148;43,6679100;3,3354130
19090;202000021214;9;6;2020;23:45;3;29;29014;1;1;1;7;Lieu Dit Kerambellec;48,5412680; -3,6348230
19091;202000021216;11;6;2020;17:15;1;38;38069;1;2;1;3;Route du Contour;45,4359500;5,3050600
19092;202000021218;8;6;2020;08:55;1;07;07204;1;4;1;-1;D9;45,0187600;4,4069930
19093;202000021219;11;6;2020;07:45;1;85;85081;1;1;3;1;La Maison Neuve;46,7712300; -1,3398170
19094;202000021220;10;6;2020;18:55;1;08;08222;2;2;1;3;129 Rue Saint-louis;50,0001400;4,6982220
19095;202000021221;10;6;2020;18:20;1;33;33199;1;1;8;4;A660;44,6148605; -1,0940090
19096;202000021223;10;6;2020;15:20;1;45;45093;1;1;1;2;A10 - PK 84 + 600;48,0282006;1,8405755
19097;202000021224;9;6;2020;17:20;1;95;95250;2;1;1;5;Avenue de Beaumont;49,1028700;2,5165500
19098;202000021225;7;6;2020;18:20;2;971;97125;1;1;1;-1;N4;16,2541580; -61,3190960
19099;202000021226;9;6;2020;13:00;1;77;77222;1;1;1;1;NATIONALE 36;48,6313100;2,7805580
19100;202000021227;9;6;2020;12:30;1;2B;2B042;2;3;1;1;Lotissement Mare E Monte;42,5780760;9,4355990
19101;202000021229;11;6;2020;12:20;1;13;13040;1;2;1;3;1280 Avenue Ferdinand Arnaud;43,4404130;5,5292940
19102;202000021230;11;6;2020;12:45;1;74;74056;2;1;1;2;D1506;45,9238060;6,8756420
19103;202000021231;9;6;2020;16:15;1;16;16121;1;1;1;6;Ld Les Quatre Journeaux;45,7002670;0,0066030
19104;202000021232;11;6;2020;06:45;1;27;27330;2;1;1;6;D19;49,2432860;1,2631220
19105;202000021233;7;6;2020;02:30;3;13;13026;1;1;1;-1;A55-Sens Marseille vers Martigues;43,3799430;5,1616300
19106;202000021234;10;6;2020;21:10;2;92;92002;1;1;1;3;AUTOROUTE A86;48,7605470;2,2883360
19107;202000021235;10;6;2020;03:20;3;94;94034;1;1;1;2;AUTOROUTE A6B;48,7505000;2,3286200
19108;202000021236;2;6;2020;09:55;1;93;93053;1;1;1;4;AUTOROUTE A3;48,8841900;2,4651800
19109;202000021237;10;6;2020;08:00;1;77;77363;1;1;1;-1;A104;48,9184372;2,6322883
19110;202000021238;9;6;2020;00:30;4;94;94028;1;1;1;2;A86 EXT;48,7894964;2,4402226
19111;202000021240;8;6;2020;17:50;5;988;98818;2;3;1;2;ROUTE DE L'ANSE VATA/RUE BLAISE PASCAL; -22,2990900;166,4447500
19112;202000021241;9;6;2020;08:40;1;974;97416;1;1;7;6;MAURICE THOREZ(CHEMIN); -21,2762193;55,4702146
19113;202000021242;9;6;2020;13:40;1;974;97411;2;2;1;6;PONT (RUE DU); -20,8781000;55,4458000
19114;202000021243;9;6;2020;20:48;2;69;69149;2;2;2;7;GRANDE RUE                          (GR);45,7174024;4,8096478
19115;202000021244;9;6;2020;16:15;1;69;69389;2;1;2;6;FRERE BENOIT (DU)                   (R );45,7656700;4,7948700
19116;202000021245;6;6;2020;18:40;1;69;69149;2;1;1;6;SARRA (DE LA)                       (R );45,7112200;4,8026500
19117;202000021246;9;6;2020;06:55;2;69;69382;2;1;2;7;GALLIENI                            (PT);45,7485500;4,8312200
19118;202000021247;9;6;2020;10:05;1;2B;2B037;2;1;1;-1;TOUTES RUES;42,6217500;9,4370300
19119;202000021248;9;6;2020;17:30;1;91;91174;2;9;1;1;JOHN KENNEDY (BOULEVARD);48,5795400;2,4761900
19120;202000021249;6;6;2020;15:45;1;91;91347;2;2;1;3;PERRAY (RUE DU);48,6604000;2,2761800
19121;202000021250;8;6;2020;21:47;2;87;87085;2;1;2;6;GARIBALDI (AVENUE);45,8386900;1,2584200
19122;202000021251;9;6;2020;07:40;1;85;85191;2;1;7;1;Rue Jacques Daguerre;46,7037000; -1,4303900
19123;202000021252;9;6;2020;18:55;1;83;83137;2;1;1;3;BROSSET (BD GENERAL);43,1281962;5,9057867
19124;202000021253;9;6;2020;15:20;1;83;83137;2;1;1;3;VINCENT (AVE EMILE);43,1301000;5,9267600
19125;202000021254;8;6;2020;11:55;1;83;83137;2;1;1;3;ESCARTEFIGUE (CORNICHE DU 746 A FIN;43,1352574;5,9424338
19126;202000021255;8;6;2020;16:00;1;76;76540;2;1;1;3;NANSEN. RUE FRIDTJOF;49,4468600;1,0608200
19127;202000021256;8;6;2020;20:05;1;76;76481;2;3;1;-1;HIPPOCRATE (RUE);49,5296700;0,1070100
19128;202000021258;8;6;2020;21:52;2;67;67482;2;8;1;3;VICTOIRE (BOULEVARD DE LA);48,5840750;7,7590600
19129;202000021260;8;6;2020;19:27;1;66;66136;2;1;1;2;BOURRAT BOULEVARD JEAN;42,7013900;2,9004100
19130;202000021261;8;6;2020;14:25;1;64;64445;2;1;1;-1;TOURASSE;43,3091600; -0,3440000
19131;202000021262;9;6;2020;12:55;1;64;64102;2;1;1;7;JEAN DARRIGRAND (AVENUE);43,4812000; -1,4882000
19132;202000021263;9;6;2020;05:10;3;64;64024;2;1;8;1;;43,4727570; -1,5348622
19133;202000021264;8;6;2020;09:45;1;64;64102;2;1;1;2;ALLEES MARINES (ROND POINT DES);43,4982600; -1,4873600
19134;202000021265;8;6;2020;08:10;1;64;64024;2;1;3;7;ESPAGNE (AVENUE D');43,4775500; -1,5242100
19135;202000021266;9;6;2020;21:25;2;61;61117;1;3;1;3;RUE DU PONT PERCE;48,4353000;0,0253570
19136;202000021267;8;6;2020;14:25;1;56;56121;2;4;1;2;JAURES ( AVE JEAN );47,7452800; -3,3706100
19137;202000021268;9;6;2020;16:15;1;51;51573;2;1;1;3;Route de Dormans;49,2411609;3,9914872
19138;202000021269;8;6;2020;17:07;1;51;51454;2;1;8;3;Rue du Général Koenig;49,2256662;4,0201274