;Num_Acc;jour;mois;an;hrmn;lum;dep;com;agg;int;atm;col;adr;lat;long
19139;202000021270;5;6;2020;18:02;1;49;49246;2;1;1;2;GALLIENI AVENUE;47,4366500; -0,5138800
19140;202000021271;8;6;2020;11:05;1;47;47031;1;1;1;3;LAMOTHE MAGNAC (ZI);44,1764653;0,6292731
19141;202000021272;8;6;2020;21:45;2;44;44184;2;2;1;3;HUGO (BOULEVARD VICTOR);47,2778000; -2,2171000
19142;202000021273;9;6;2020;00:05;2;44;44109;1;1;3;6;Rue de Gigant;47,2144390; -1,5719820
19143;202000021274;9;6;2020;20:07;1;37;37233;2;3;1;3;FARGES (AVENUE YVES);47,3840405;0,7299993
19144;202000021275;9;6;2020;18:55;1;35;35238;2;1;1;3;MANIEZ (AVENUE JULES);48,0983700; -1,6984700
19145;202000021278;9;6;2020;17:30;1;35;35055;1;1;1;2;RN136;48,0938700; -1,6238400
19146;202000021279;9;6;2020;12:30;1;35;35238;2;1;1;2;ALMA (DE L');48,1043000; -1,6774000
19147;202000021280;8;6;2020;11:30;1;35;35238;2;3;1;1;CARTIER (BD JACQUES);48,0970000; -1,6847000
19148;202000021281;9;6;2020;12:55;1;33;33318;2;3;1;3;AVE DE NOES / RUE DE LA CROIX DE NOES;44,8121907; -0,6426127
19149;202000021282;2;6;2020;07:10;1;33;33281;1;1;1;3;AVE DE BEAUDESERT;44,8428600; -0,6928300
19150;202000021283;9;6;2020;12:05;1;33;33529;2;9;1;3;DE GAULLE (AVE CHARLES) 02 ET +;44,6375000; -1,1253000
19151;202000021284;9;6;2020;14:00;1;31;31555;2;1;3;3;46 Boulevard de Strasbourg;43,6090680;1,4452070
19152;202000021285;8;6;2020;17:45;1;21;21231;2;1;1;3;LAFAYETTE (RUE);47,3340108;5,0451214
19153;202000021286;8;6;2020;12:25;1;18;18033;2;1;1;3;JOFFRE (BOULEVARD DU MARECHAL);47,0754000;2,4051200
19154;202000021288;9;6;2020;19:25;1;14;14181;2;1;1;2;ROTHLEIN (ROND POINT DE);49,1500400; -0,3233000
19155;202000021289;9;6;2020;17:30;1;13;13211;2;1;1;7;POMME (BOULEVARD DE LA );43,2925900;5,4497800
19156;202000021290;9;6;2020;22:00;5;13;13206;2;1;1;7;VINCENT COURDOUAN (RUE);43,2876314;5,3786663
19157;202000021291;9;6;2020;21:40;5;13;13214;2;9;1;6;BERTHELOT (RUE);43,3359970;5,3921470
19158;202000021292;9;6;2020;18:35;1;13;13211;2;1;1;6;MIREILLE LAUZE (Bd);43,2860230;5,4191360
19159;202000021293;9;6;2020;15:30;1;13;13202;2;1;1;6;REPUBLIQUE (RUE DE LA);43,3040000;5,3677600
19160;202000021294;9;6;2020;16:00;1;13;13205;2;1;1;4;SAINT PIERRE (RUE);43,2915808;5,4105484
19161;202000021295;9;6;2020;13:30;1;09;09122;1;1;8;3;PERMILHAC;43,0029080;1,6137040
19162;202000021296;8;6;2020;22:35;5;06;06027;2;3;1;3;JAURES AVENUE JEAN;43,6579500;7,1697700
19163;202000021297;9;6;2020;12:00;1;75;75115;2;1;1;7;PORTE DE SEVRES;48,8324690;2,2806440
19164;202000021298;7;6;2020;22:15;5;75;75119;2;1;1;-1;BOULEVARD PERIPHERIQUE;48,8874200;2,3970200
19165;202000021299;9;6;2020;10:21;1;75;75114;2;2;1;3;RUE D ALESIA;48,8327500;2,3115200
19166;202000021300;9;6;2020;15:00;1;75;75120;2;2;1;3;RUE BELGRAND;48,8683040;2,4014310
19167;202000021301;9;6;2020;20:00;2;75;75119;2;1;1;-1;RUE ALEXANDER FLEMING;48,8814650;2,4036080
19168;202000021303;9;6;2020;17:50;1;75;75108;2;3;1;3;AVENUE DES CHAMPS ELYSEES;48,8710880;2,3034930
19169;202000021305;9;6;2020;13:50;1;75;75117;2;3;1;7;AVENUE DE CLICHY;48,8905550;2,3202580
19170;202000021306;9;6;2020;18:00;1;75;75116;2;3;1;6;RUE DES SABLONS;48,8668540;2,2842830
19171;202000021307;8;6;2020;14:00;1;75;75116;2;3;1;6;RUE DE LA TOUR;48,8631480;2,2751420
19172;202000021308;9;6;2020;19:50;1;75;75115;2;2;1;3;BOULEVARD PASTEUR;48,8420910;2,3129970
19173;202000021310;9;6;2020;19:00;1;75;75114;2;3;1;3;RUE D ALESIA;48,8302400;2,3200650
19174;202000021311;8;6;2020;19:55;1;75;75107;2;2;1;3;RUE DE LILLE;48,8600360;2,3245890
19175;202000021312;9;6;2020;06:45;1;75;75113;2;3;1;3;RUE DARMESTETER;48,8234070;2,3750230
19176;202000021313;9;6;2020;21:38;1;75;75111;2;3;1;3;AVENUE PARMENTIER;48,8626340;2,3764800
19177;202000021314;9;6;2020;06:30;2;75;75111;2;1;1;6;AVENUE DE LA REPUBLIQUE;48,8640140;2,3811920
19178;202000021315;8;6;2020;19:00;1;75;75107;2;1;1;2;QUAI D ORSAY;48,8625190;2,3077720
19179;202000021317;9;6;2020;12:25;1;93;93059;2;3;1;3;JULES VALLES (RUE);48,9593400;2,3650800
19180;202000021320;9;6;2020;19:50;1;93;93064;2;3;1;3;ALL DE L'ESPERANCE / RTE DE NOISY;48,8831200;2,4954500
19181;202000021321;9;6;2020;13:40;1;93;93051;2;1;1;2;MALNOUE (NR 1 A 93);48,8448000;2,5642000
19182;202000021322;9;6;2020;17:45;1;93;93048;2;1;1;3;CHANZY (BOULEVARD);48,8584900;2,4311800
19183;202000021323;9;6;2020;13:50;1;93;93047;2;1;1;4;GENERAL LECLERC  (RUE DU);48,8977373;2,5752646
19184;202000021324;7;6;2020;23:30;5;93;93010;2;2;1;2;PONT (CHEM. DU);48,9072712;2,4889921
19185;202000021325;9;6;2020;21:08;2;92;92051;2;9;1;6;VICTOR HUGO (BOULEVARD, N° 51 A 75 ET 62;48,8907382;2,2757327
19186;202000021326;9;6;2020;20:55;1;92;92048;2;9;1;3;VERDUN (AVENUE DE);48,8188000;2,2437000
19187;202000021327;5;6;2020;18:55;1;92;92044;2;1;1;2;P.V.COUTURIER(RUE)81A113ET60A100;48,8978533;2,2925266
19188;202000021328;30;5;2020;01:55;5;92;92044;2;1;1;2;MARJOLIN (RUE)15A45 ET 22A56;48,8962050;2,2916096
19189;202000021329;8;6;2020;21:22;2;92;92036;2;1;1;-1;GALLIENI (BOULEVARD) (2/20);48,9245090;2,3245070
19190;202000021330;9;6;2020;11:00;1;92;92026;2;1;1;3;MARCEAU;48,9023554;2,2429909
19191;202000021331;10;6;2020;01:25;3;84;84088;1;6;1;6;Route d'Avignon;43,9815060;5,0165780
19192;202000021332;9;6;2020;08:15;1;972;97232;2;1;1;1;CD5;14,5406970; -60,8687420
19193;202000021333;9;6;2020;15:45;1;63;63326;2;1;1;1;Villejacque;45,7161130;2,8636340
19194;202000021334;9;6;2020;21:00;2;82;82013;1;1;1;-1;Route de Lavit;43,8964390;0,9665930
19195;202000021335;9;6;2020;22:17;3;82;82195;1;1;1;7;3070 Route de Bordeaux;44,0832960;1,2758950
19196;202000021336;29;5;2020;15:30;1;35;35327;1;2;1;1;Servon-sur-Vilaine;48,1043424; -1,4651763
19197;202000021337;10;6;2020;15:15;1;26;26113;1;1;1;6;2055 Route de Ponet;44,7693370;5,3379290
19198;202000021338;9;6;2020;13:45;1;50;50359;1;1;2;1;La Brocherie Sud Mortain;48,6401470; -0,9405060
19199;202000021339;10;6;2020;17:00;1;83;83032;1;1;1;6;D13;43,4563460;6,2146570
19200;202000021342;10;6;2020;13:25;1;10;10033;2;9;1;6;Boulevard du 14 Juillet;48,2308910;4,7108280
19201;202000021343;10;6;2020;11:10;1;28;28027;1;1;1;3;D927;48,1429830;1,0188530
19202;202000021344;10;8;2020;11:15;1;95;95580;2;6;1;6;Rue des Sillons de Boulanger;49,0880860;2,5710260
19203;202000021345;20;5;2020;16:45;1;28;28057;1;1;1;7;Rue de Bellevue;48,2479040;1,3919380
19204;202000021346;10;8;2020;22:50;3;30;30221;1;1;1;6;A9;44,0278370;4,7461190
19205;202000021348;9;8;2020;18:30;4;987;98753;1;1;1;6;RT 301; -23,3613650; -149,4377300
19206;202000021349;1;8;2020;15:00;1;987;98714;1;1;1;7;Anau; -16,4954170; -151,7388890
19207;202000021350;9;6;2020;08:08;1;38;38537;1;1;2;5;A43;45,6395930;5,1491120
19208;202000021352;9;6;2020;15:15;1;78;78003;1;1;1;6;D168;48,5173430;1,8547150
19209;202000021353;10;8;2020;19:15;5;971;97128;1;1;1;3;Grands Fonds;16,2567230; -61,4290670
19210;202000021354;10;8;2020;10:20;1;33;33165;1;3;1;3;2 Route de l'Entre 2 Mers;44,8049770; -0,4413150
19211;202000021355;10;8;2020;14:45;1;28;28185;1;1;1;5;N12;48,7752250;1,5611390
19212;202000021356;10;6;2020;14:15;1;34;34162;1;1;1;7;D 32;43,4803280;3,4673240
19213;202000021357;7;6;2020;02:45;3;06;06048;2;1;1;1;Chemin du Destey;43,8038910;7,3376710
19214;202000021358;10;6;2020;13:55;1;74;74040;2;1;1;6;122 Route des Alluaz;46,1681610;6,3207460
19215;202000021360;8;8;2020;19:22;1;95;95054;1;1;1;6;D43;49,1472290;1,8861290
19216;202000021361;11;8;2020;19:05;1;34;34143;2;1;1;3;4 Rue de la Grande Eglise;43,4476460;3,6157410
19217;202000021362;9;6;2020;23:35;5;14;14167;2;1;1;6;Rue Francis de Pressensé;49,1952449; -0,2807783
19218;202000021363;10;8;2020;15:15;1;13;13084;1;2;1;3;D23;43,7261110;5,2749820
19219;202000021365;11;8;2020;07:15;1;13;13041;1;3;1;-1;Avenue d'Arménie;43,4558400;5,4592340
19220;202000021366;10;8;2020;13:20;1;71;71385;1;1;1;3;D186;46,2442065;4,7566465
19221;202000021367;10;8;2020;21:30;5;63;63247;2;1;1;7;D996;45,5753900;2,9461600
19222;202000021368;10;6;2020;13:10;1;60;60446;1;1;1;6;D330a;49,1478540;2,7907110
19223;202000021369;11;8;2020;02:58;4;74;74063;2;1;1;6;Route du Linga;46,2606720;6,8379590
19224;202000021370;10;6;2020;15:35;1;60;60346;2;9;1;3;D1016;49,1540280;2,4445660
19225;202000021371;11;8;2020;17:18;1;74;74027;1;9;7;4;D909;45,8960720;6,2748030
19226;202000021372;10;8;2020;23:00;3;38;38344;1;1;8;2;Route Nationale 7;45,4056000;4,8109100
19227;202000021373;9;6;2020;18:15;1;13;13055;1;1;1;4;A507 sens Marseille - Aubagne;43,3104300;5,4243900
19228;202000021374;11;8;2020;08:15;1;69;69255;1;1;1;2;D30;45,7351220;4,6954110
19229;202000021376;10;8;2020;20:30;1;49;49301;2;2;1;1;Avenue des Primeveres;47,0192280; -1,0534680
19230;202000021377;9;6;2020;17:15;1;13;13015;1;1;1;2;A51-Sens Aix en Provence vers Marseille;43,4405200;5,3962300
19231;202000021378;11;8;2020;12:50;1;56;56152;1;4;1;1;Route de Bangor;47,3407630; -3,1585860
19232;202000021379;8;6;2020;18:25;1;13;13211;1;1;1;4;A50-Sens Marseille vers Aubagne;43,2869640;5,4367380
19233;202000021380;11;8;2020;17:00;1;76;76535;1;1;1;6;D915;49,6259460;1,4878750
19234;202000021381;10;8;2020;18:30;1;59;59630;2;1;7;7;Rue Anatole France;50,4854510;3,0419530
19235;202000021382;12;7;2020;21:00;2;59;59025;1;2;1;3;1 Route de Mailly;50,5839250;2,8175370
19236;202000021384;7;8;2020;00:35;3;42;42097;1;9;1;6;A72;45,5203100;4,2937100
19237;202000021385;10;8;2020;01:16;3;54;54483;1;1;1;7;Autoroute A 33;48,6168900;6,2815900
19238;202000021386;9;6;2020;17:20;1;77;77251;1;1;1;3;AUTOROUTE A5A;48,6261481;2,5390803
19239;202000021387;10;8;2020;19:20;1;95;95277;1;1;1;2;AUTOROUTE A3;48,9748300;2,4902000
19240;202000021388;8;6;2020;10:20;1;92;92025;1;1;1;3;A86;48,9224664;2,2270148
19241;202000021389;10;8;2020;12:15;1;94;94073;1;1;1;2;A86 INT;48,7545800;2,3479100
19242;202000021390;10;8;2020;12:00;1;94;94065;1;1;1;2;A86 EXT;48,7541000;2,3499000
19243;202000021391;8;6;2020;16:00;1;95;95306;1;1;1;2; A15;49,0008700;2,1732800
19244;202000021392;8;6;2020;14:00;1;93;93066;1;1;1;2;AUTOROUTE A86;48,9252900;2,3395300
19245;202000021393;28;7;2020;19:35;1;04;04086;1;3;1;3;RD 900;44,3913923;6,6725368
19246;202000021394;6;8;2020;19:00;3;974;97409;2;1;1;6;Rue du parc du colosse; -20,9266050;55,6615660
19247;202000021395;6;8;2020;19:45;5;974;97409;2;9;1;3;Avenue Ile de France; -20,9518050;55,6488410
19248;202000021396;4;8;2020;19:35;3;974;97409;2;6;1;3;Chemin Lefaguyes; -20,9629070;55,6589270
19249;202000021397;9;8;2020;14:40;1;973;97302;2;1;1;3;ZEPHIR (ROCADE);4,9374954; -52,3067413
19250;202000021398;9;8;2020;12:00;1;69;69383;2;1;1;-1;DOCTEUR REBATEL (DU)                (R );45,7493700;4,8733200
19251;202000021399;9;8;2020;06:20;2;69;69387;2;2;1;3;ANVERS (D')                         (R );45,7492000;4,8420000
19252;202000021401;8;8;2020;19:20;3;972;97213;2;1;1;1;DUCHESNES 1;14,6401000; -60,9741000
19253;202000021402;7;8;2020;20:51;4;972;97213;1;1;1;6;ACAJOU PROLONGEE;14,6241658; -61,0193932
19254;202000021403;9;8;2020;20:55;2;2A;2A004;2;1;1;6;ILES SANGUINAIRES ROUTE DES;41,9092200;8,6876500
19255;202000021404;9;8;2020;22:20;5;95;95268;2;1;1;6;AV DIVISION LECLERC;48,9690500;2,3986700
19256;202000021405;8;8;2020;19:07;1;91;91191;2;2;1;3;REPUBLIQUE (AVENUE DE LA);48,7186700;2,4560300
19257;202000021406;4;8;2020;10:40;1;83;83126;2;6;1;2;ECHANGEUR D'OLLIOULES;43,1205100;5,8523100
19258;202000021407;9;8;2020;21:35;3;83;83069;1;1;1;4;MARAIS (ROUTE DES);43,0816500;6,1402200
19259;202000021408;8;8;2020;11:10;1;83;83069;2;1;7;2;ALMANARRE (ROUTE DE L');43,1024700;6,1293500
19260;202000021409;2;7;2020;18:00;1;83;83069;1;1;1;-1;ALMANARRE (ROUTE DE L');43,0844000;6,1117400
19261;202000021410;8;8;2020;11:50;1;77;77058;1;1;7;3;D217BIS;48,8507251;2,7307287
19262;202000021411;6;8;2020;02:50;5;69;69266;2;1;1;7;8 MAI 1945   (Rue du);45,7695960;4,8965379
19263;202000021412;8;8;2020;12:05;1;69;69290;2;3;1;3;8 MAI 1945 (DU)                     (R );45,6912588;4,9489329
19264;202000021413;8;8;2020;20:10;1;64;64260;2;1;1;1;LAURIERS (RUE DES);43,3700000; -1,7800000
19265;202000021414;8;8;2020;22:50;5;62;62160;2;1;1;6;MARGUET (Pont);50,7231310;1,6007140
19266;202000021415;9;8;2020;03:05;3;62;62735;1;1;1;7;CD 943;50,4952480;2,7043960
19267;202000021416;8;8;2020;19:15;1;62;62108;2;9;1;6;PARIS;50,4035300;1,5839400
19268;202000021417;9;8;2020;01:00;5;59;59350;2;2;1;3;HOOVER AVENUE DU PRESIDENT;50,6311269;3,0770034
19269;202000021420;8;8;2020;03:19;5;34;34172;2;1;1;6;VIEILLE POSTE (RUE DE LA;43,6150630;3,9084790
19270;202000021421;9;8;2020;18:15;1;33;33119;1;1;1;3;BD ENTRE DEUX MERS;44,8443400; -0,5310900
19271;202000021422;9;8;2020;23:50;5;33;33529;2;1;1;6;HUTTIERS (AVE DES);44,6400712; -1,1401088
19272;202000021423;9;8;2020;10:40;1;33;33529;1;4;1;1;BISCAROSSE (AVE) DUNE VERS BISCA;44,5745800; -1,2161600
19273;202000021424;9;8;2020;11:30;1;30;30243;1;1;1;3;ANDUZE (VIEILLE ROUTE D');44,0877420;4,0622580
19274;202000021426;8;8;2020;10:45;1;17;17300;2;1;1;3;CHAMP DE MARS   AVENUE DU;46,1693990; -1,1488100
19275;202000021427;8;8;2020;15:45;1;13;13043;2;1;1;2;FRANCOIS MITTERAND (AV );43,3965000;5,2451000
19276;202000021429;8;8;2020;20:00;1;13;13206;2;2;1;3;PIERRE PUGET (COURS);43,2899700;5,3725200
19277;202000021430;8;8;2020;06:15;2;13;13202;2;9;1;3;ROBERT SCHUMANN (AVENUE);43,3017640;5,3660600
19278;202000021431;8;8;2020;14:30;1;13;13028;2;1;1;3;RIPERT (AVENUE EMILE);43,1891600;5,6165700
19279;202000021432;6;8;2020;19:23;1;12;12145;2;1;1;1;BRASSENS GEORGES (BOULEVARD);44,1151900;3,0716000
19280;202000021433;8;8;2020;21:32;5;75;75101;2;1;1;6;RUE SAINTE ANNE;48,8657530;2,3352600
19281;202000021435;9;8;2020;01:10;5;75;75119;2;3;1;6;AVENUE JEAN JAURES;48,8870030;2,3863370
19282;202000021436;8;8;2020;22:30;5;75;75111;2;7;1;4;AVENUE PHILIPPE AUGUSTE;48,8493630;2,3953050
19283;202000021437;9;8;2020;13:30;1;75;75110;2;2;1;3;RUE PHILIPPE DE GIRARD;48,8814080;2,3618660
19284;202000021438;9;8;2020;14:40;1;75;75109;2;1;1;3;RUE DU FAUBOURG POISSONNIERE;48,8742180;2,3479250
19285;202000021439;9;8;2020;16:40;1;75;75107;2;2;1;3;PONT DE LA CONCORDE;48,8625880;2,3190190
19286;202000021440;9;8;2020;02:40;5;94;94046;2;5;1;1;EUGENE RENAULT - CAR DE LA RESISTANCE (R;48,8153530;2,4205660
19287;202000021441;9;8;2020;19:45;2;94;94043;2;1;1;7;CARNOT (R);48,8092400;2,3649300
19288;202000021442;9;8;2020;15:20;1;94;94073;2;1;7;7;ALOUETTES (R DES);48,7528500;2,3779900
19289;202000021443;9;8;2020;08:45;1;94;94038;2;3;1;2;GENERAL LECLERC (AV DU);48,7742600;2,3315800
19290;202000021446;9;8;2020;09:48;1;93;93066;2;2;1;3;ORNANO (BOULEVARD);48,9181145;2,3442638
19291;202000021447;9;8;2020;15:10;1;93;93077;2;1;1;2;FOSSE AUX BERGERS (RUE DE LA);48,8864066;2,4951770
19292;202000021448;9;8;2020;15:30;1;93;93051;2;2;1;3;Rue de Verdun;48,8471300;2,5329300
19293;202000021449;8;8;2020;22:35;5;93;93010;2;9;1;1;BONDY (PONT DE);48,9050597;2,4702179
19294;202000021450;9;8;2020;16:21;1;93;93001;2;9;1;1;LANDY (RUE DU) 34/29 =>;48,9154700;2,3708000
19295;202000021451;9;8;2020;13:00;1;93;93001;2;1;1;2;REPUBLIQUE (AVE DE LA ) => NO 41/50;48,9100832;2,3857564
19296;202000021452;9;8;2020;11:15;1;92;92025;2;9;1;3;Boulevard de Valmy;48,9288370;2,2543780
19297;202000021453;9;8;2020;06:45;1;92;92044;2;2;8;7;CHARLES PASQUA(QUAI) 2 A 30;48,8970852;2,2741868
19298;202000021454;9;8;2020;22:30;3;50;50565;1;9;1;2;D973;48,7393520; -1,4354320
19299;202000021455;10;8;2020;16:35;1;26;26087;1;1;1;6;chemin des Buis;45,0768850;5,1197580
19300;202000021456;8;8;2020;18:30;3;974;97422;2;1;3;3;117 Chemin Neuf; -21,2441950;55,5125860
19301;202000021457;9;8;2020;15:30;1;05;05027;1;1;1;1;D902;44,8502400;6,7250970
19302;202000021458;5;8;2020;18:45;5;972;97221;2;1;1;7;D8;14,5091340; -60,9582800
19303;202000021459;6;8;2020;00:20;3;41;41231;1;1;1;6;A71;47,4694570;2,0077940
19304;202000021460;10;8;2020;13:45;1;52;52469;1;1;1;6;A5;48,0409060;5,0537970
19305;202000021461;9;8;2020;01:45;3;54;54212;1;1;1;1;D618;49,5070086;5,6628811
19306;202000021462;1;8;2020;14:55;1;04;04126;1;1;1;7;RD 900;44,4122100;6,3415250
19307;202000021463;10;8;2020;18:45;1;79;79253;2;3;1;6;;46,4686590; -0,2134450
19308;202000021464;9;8;2020;23:50;5;80;80775;1;2;1;3;1 Rue Pasteur;50,0813410;1,6349510
19309;202000021465;9;8;2020;03:55;3;82;82096;1;1;1;6;193 Chemin de  Paillole;44,0434572;1,2553959
19310;202000021466;9;8;2020;12:10;1;63;63178;2;2;1;3;Avenue Ernest d'Hauterive;45,5387670;3,2440570
19311;202000021467;13;7;2020;10:00;1;61;61442;1;1;1;6;D553;48,5375720; -0,3014370
19312;202000021468;10;8;2020;13:45;1;12;12104;1;1;7;6;D922;44,4817490;2,0282220
19313;202000021469;9;8;2020;19:50;1;68;68362;1;1;1;6;D473;47,5547360;7,4655530
19314;202000021470;8;8;2020;17:10;1;68;68062;1;3;1;2;D419;47,6296820;7,1953580
19315;202000021471;9;8;2020;22:20;3;22;22250;1;2;1;3;6 Rue Keralmy;48,6992250; -3,1554370
19316;202000021472;9;8;2020;11:30;1;39;39497;1;1;1;7;;46,9758460;5,9348270
19317;202000021473;7;8;2020;07:10;1;25;25516;2;1;8;6;Rue de Clerval;47,3995080;6,5555790
19318;202000021474;10;8;2020;10:05;1;25;25070;1;1;1;6;PRES DITS;46,9972170;6,1185690
19319;202000021475;5;8;2020;10:25;1;15;15004;1;1;1;1;D679;45,0645040;3,0832100
19320;202000021476;10;8;2020;14:10;1;15;15252;1;1;1;6;D17;44,9948660;2,5485490
19321;202000021477;9;8;2020;23:30;3;15;15021;1;1;1;6;lieu dit le teinturier;44,7806850;2,2955740
19322;202000021478;9;8;2020;09:35;1;01;01348;2;1;1;6;554 Rue de Crénans;46,1771590;4,8139580
19323;202000021479;9;8;2020;22:30;3;72;72276;2;2;1;3;Avenue Eugène Gourdeau;48,2735950;0,4633280
19324;202000021480;9;8;2020;18:45;1;14;14528;1;1;1;-1;D675;49,3270240;0,2965880
19325;202000021481;9;8;2020;19:30;1;05;05008;1;1;1;2;D329;44,4997000;5,7309510
19326;202000021482;9;8;2020;16:00;1;83;83122;1;1;1;1;RD957;43,7620440;6,2180260
19327;202000021483;10;8;2020;12:45;1;10;10323;2;1;1;7;7 Rue Jean-jacques Rousseau;48,5141060;3,7187540
19328;202000021484;25;7;2020;20:05;1;10;10114;2;1;1;3;chemin du haut villiers;48,5101510;3,6325850
19329;202000021485;8;8;2020;21:45;3;16;16104;1;1;1;6;Rejallant;46,0153210;0,2182950
19330;202000021487;9;8;2020;16:50;1;08;08363;1;9;1;6;D988;49,9242820;4,6427270
19331;202000021488;10;8;2020;08:58;1;49;49323;1;1;1;3;A11;47,5005610; -0,4872290
19332;202000021489;9;8;2020;08:30;1;01;01232;1;1;1;3;A39;46,3798600;5,2698970
19333;202000021490;4;8;2020;21:00;5;73;73296;2;3;1;3;D87A;45,4723010;6,9099340
19334;202000021492;9;8;2020;13:45;1;13;13051;1;1;1;3;autoroute A7, pk 240+400, sens nord/sud;43,5935320;5,1745390
19335;202000021493;7;8;2020;21:15;3;988;98817;1;1;1;7;RP 3 Route de Yaté; -22,1993260;166,7064570
19336;202000021494;9;8;2020;17:15;1;974;97420;2;1;1;6;Avenue Pierre Mendès France; -20,9094400;55,6102100
19337;202000021496;8;8;2020;20:24;2;91;91461;1;1;1;-1;Route de Couard;48,6229180;2,2200930
19338;202000021497;5;8;2020;21:20;3;2A;2A247;1;3;1;3;D468;41,6316910;9,3190480
19339;202000021498;10;8;2020;05:40;3;83;83068;1;1;1;6;D61;43,2649880;6,5626900
19340;202000021499;2;8;2020;13:00;1;13;13007;2;3;1;3;14 Rue Ravel Timothee;43,3690590;5,6295740
19341;202000021500;10;8;2020;12:00;1;21;21458;1;1;1;6;2 Impasse Beauvallon;47,1990920;5,0835050
19342;202000021501;10;8;2020;11:30;1;68;68001;1;2;7;3;Rue de l'Oberhardt;48,0027230;7,5512770
19343;202000021502;7;8;2020;16:55;1;67;67172;1;9;1;6;D127;48,4985655;7,5252649
19344;202000021503;10;8;2020;11:50;1;67;67101;1;1;7;6;28 Route de Strasbourg;48,5299233;7,4677435
19345;202000021504;6;10;2020;13:50;1;62;62193;2;2;1;3;COUBERTIN (AVENUE PIERRE DE);50,9542600;1,8474900
19346;202000021505;6;10;2020;16:30;1;59;59350;2;9;1;6;BEGHIN CATEL RUE;50,6308000;3,0486300
19347;202000021506;2;8;2020;00:30;3;74;74229;2;1;3;7;Route de la Gare;46,2251150;6,2999670
19348;202000021507;9;8;2020;11:35;1;73;73040;1;3;1;3;D902;45,3294747;7,0117805
19349;202000021508;6;10;2020;16:55;1;59;59009;2;1;2;5;PASTEUR RUE;50,6261900;3,1524200
19350;202000021509;6;10;2020;13:10;1;59;59378;2;1;8;2;CLEMENCEAU BLVD (N°1-23);50,6614700;3,0973600
19351;202000021510;9;8;2020;17:15;1;38;38148;1;3;7;3;Route de Bordenoud;45,6154750;5,4651690
19352;202000021512;7;8;2020;09:25;1;13;13055;1;1;1;6;A507 sens Marseille - Aubagne;43,3242400;5,4223000
19353;202000021513;7;8;2020;07:10;1;13;13055;1;1;1;7;A507 sens Aubagne- Marseille;43,3149000;5,4228000
19354;202000021514;8;8;2020;23:45;3;01;01275;1;1;1;6;A42   6.180 A 6.290;45,8138654;4,9497753
19355;202000021515;5;10;2020;21:45;5;56;56121;2;1;2;4;ROUTE DEPARTEMENTALE 465;47,7484000; -3,3865600
19356;202000021516;7;8;2020;21:45;3;69;69282;1;1;1;6;RN346   29.300 A 34.350;45,7576100;4,9866400
19357;202000021517;5;10;2020;13:00;1;54;54304;2;1;2;3;BOIS GRONEE (AVENUE DU);48,6856300;6,1323400
19358;202000021518;9;8;2020;07:20;1;94;94033;1;1;1;7;A86.INT;48,8496400;2,4905100
19359;202000021520;8;8;2020;12:00;1;77;77514;1;1;1;-1;A104;48,9523250;2,6285090
19360;202000021522;2;10;2020;16:25;1;49;49007;2;1;1;6;TABARLY QUAI;47,4709300; -0,5647300
19361;202000021523;1;10;2020;20:15;2;49;49007;2;1;1;5;DOYENNE BOULEVARD ET PASSAGE;47,4883300; -0,5370400
19362;202000021524;8;8;2020;06:55;1;69;69259;2;2;1;3;JEAN CAGNE                          (AV);45,6939800;4,8750800
19363;202000021525;6;10;2020;05:23;5;41;41018;2;3;2;3;CROIX PICHON (RUE DE LA;47,5969300;1,3058100
19364;202000021526;6;10;2020;18:23;3;38;38151;2;1;2;3;Rue d'Auvergne;45,1545200;5,7162100
19365;202000021527;8;8;2020;14:45;1;95;95268;2;3;1;6;AV DU GENERAL DE GAULLE;48,9705000;2,4029000
19366;202000021529;7;8;2020;20:27;1;91;91174;2;9;1;6;MICHEL ( DB GEORGES);48,6069000;2,4683000
19367;202000021530;6;10;2020;10:30;1;37;37261;2;2;1;6;BERANGER (BOULEVARD);47,3892572;0,6828301
19368;202000021531;7;8;2020;18:50;1;77;77152;1;6;1;7;JUSTICE(ROND POINT DE LA) D372 - D142;48,5055800;2,6071500
19369;202000021532;6;8;2020;20:25;1;76;76540;2;1;1;2;GRAND MARE. AVENUE DE LA;49,4499300;1,1344000
19370;202000021533;5;10;2020;12:43;1;37;37122;1;9;2;7;;47,3423333;0,6474490
19371;202000021534;8;8;2020;18:30;1;76;76026;2;1;1;3;LIBERATION (RUE DE LA);49,8797800;1,1279900
19372;202000021535;3;10;2020;12:05;1;35;35093;2;2;2;3;VALLEE (RUE DE LA);48,6305600; -2,0583200
19373;202000021536;8;8;2020;22:05;5;69;69266;2;1;1;1;LEON BLUM      (Rue);45,7605800;4,9048900
19374;202000021537;6;10;2020;10:15;1;35;35238;2;1;8;4;TROIS CROIX (BD DES);48,1276500; -1,6842400
19375;202000021538;8;8;2020;20:02;2;69;69256;2;2;1;3;AUGUSTE BLANQUI                     (R );45,7864400;4,9241300
19376;202000021539;5;10;2020;14:35;1;34;34172;2;1;1;7;LIBERTE (AVENUE DE LA;43,6089386;3,8411808
19377;202000021540;7;8;2020;12:10;1;69;69266;2;1;1;3;EMILE ZOLA     (Cours);45,7702200;4,8752300
19378;202000021541;6;10;2020;20:40;5;33;33075;2;1;2;2;74 Avenue Jean Jaurès;44,8775900; -0,5913400