;Num_Acc;jour;mois;an;hrmn;lum;dep;com;agg;int;atm;col;adr;lat;long
19379;202000021542;8;8;2020;15:25;1;64;64348;2;6;1;2;BOULEVARD DE L'EUROPE;43,3304380; -0,3852403
19380;202000021543;18;9;2020;19:24;1;29;29019;2;2;1;3;Rue Théodore Botrel;48,4071036; -4,5016407
19381;202000021544;8;8;2020;11:05;1;64;64024;2;2;1;3;BAYONNE (AVENUE DE);43,4819000; -1,5091800
19382;202000021545;6;10;2020;22:10;3;27;27229;2;9;1;6;NORMANDIE (BOULEVARD DE);49,0220900;1,1356000
19383;202000021546;8;8;2020;22:20;5;59;59599;2;2;1;3;CHOCQUEEL (RUE WINOC);50,7198000;3,1738000
19384;202000021547;6;10;2020;21:00;5;13;13215;2;1;2;4;SAINT ANTOINE A SAINT JOSEPH (CHEMIN DE);43,3600300;5,3645400
19385;202000021548;7;8;2020;07:50;1;59;59359;2;1;1;7;AVEN (RUE DE L();51,0000230;2,2521060
19386;202000021549;6;10;2020;15:15;1;13;13203;2;1;2;3;ROGER SALENGRO (AVENUE);43,3198400;5,3674700
19387;202000021550;6;10;2020;17:20;1;13;13202;2;1;2;3;URFE (RUE D');43,3086983;5,3686767
19388;202000021551;8;8;2020;21:30;5;42;42187;2;1;1;1;Avenue de Paris;46,0437900;4,0716000
19389;202000021552;6;10;2020;17:37;1;10;10387;2;1;8;6;ISLE (RUE DE);48,2990420;4,0850400
19390;202000021553;7;8;2020;21:30;2;42;42187;1;1;1;2;Rocade Est;46,0523600;4,0810600
19391;202000021554;11;8;2020;14:15;1;38;38185;2;3;1;3;Avenue Marie Reynoard;45,1640100;5,7286300
19392;202000021555;5;10;2020;17:15;1;05;05061;2;3;8;1;CHABANAS (RUE DE );44,5666000;6,0632100
19393;202000021556;8;8;2020;21:00;5;34;34172;2;9;1;5;PAVELET (AVENUE DU COLONEL);43,5821500;3,8635500
19394;202000021557;30;9;2020;16:58;1;05;05061;2;3;1;7;PRE DE FOIRE ( RUE DU );44,5549830;6,0745503
19395;202000021558;5;10;2020;11:45;1;04;04070;2;6;1;3;RP Jean Jaure;44,0720369;6,1800402
19396;202000021559;7;8;2020;18:20;1;34;34172;2;3;1;-1;DUBOUT (AVENUE ALBERT);43,6019300;3,8916600
19397;202000021561;8;8;2020;22:15;5;33;33063;2;3;1;6;RUE MAC CARTHY CAUD;44,8415400; -0,6193300
19398;202000021563;6;10;2020;09:30;1;75;75116;2;4;1;4;ECHANGEUR DAUPHINE;48,8697010;2,2712660
19399;202000021564;5;10;2020;18:40;1;75;75116;2;1;2;2;PORTE DE PASSY ,;48,8572460;2,2584890
19400;202000021565;8;8;2020;03:20;5;33;33063;2;3;1;7;QUAI DE LA SOUYS;44,8260400; -0,5367400
19401;202000021568;6;10;2020;18:30;2;75;75118;2;1;1;6;AVENUE DE CLICHY;48,8839700;2,3272350
19402;202000021569;6;10;2020;17:20;1;75;75115;2;3;1;6;RUE OLIVIER DE SERRES;48,8317070;2,2930160
19403;202000021570;8;8;2020;16:08;1;30;30189;2;2;1;1;CAPOUCHINE (CHEMIN);43,8169200;4,3531000
19404;202000021571;7;8;2020;19:30;1;29;29232;2;6;7;7;Avenue de la Liberation;47,9910494; -4,0740051
19405;202000021572;5;10;2020;12:05;1;75;75114;2;5;8;6;AVENUE RENE COTY;48,8297630;2,3339340
19406;202000021573;9;8;2020;00:40;1;25;25056;2;1;8;7;N57 Montboucons;47,2518250;5,9857250
19407;202000021574;6;10;2020;14:00;1;75;75113;2;1;1;6;PASSAGE TRUBERT BELLIER;48,8241970;2,3513250
19408;202000021576;29;7;2020;15:00;1;18;18033;2;2;1;3;MAZIERES (RUE DE);47,0715618;2,3903463
19409;202000021577;6;10;2020;14:35;1;75;75112;2;3;2;3;AVENUE DU DOCTEUR ARNOLD NETTER;48,8415740;2,4048810
19410;202000021578;6;10;2020;14:30;1;75;75108;2;2;2;4;AVENUE DES CHAMPS ELYSEES;48,8723600;2,2994900
19411;202000021579;8;8;2020;21:50;5;13;13206;2;1;1;6;ROUET (RUE DU);43,2852800;5,3851100
19412;202000021580;8;8;2020;20:10;1;13;13211;2;1;1;6;MONTRE (TRAVERSE DE LA);43,2944590;5,4755360
19413;202000021581;6;10;2020;10:05;1;75;75108;2;5;8;6;RUE DE LIEGE;48,8796520;2,3270130
19414;202000021582;6;10;2020;08:30;1;75;75108;2;3;1;4;AVENUE DES CHAMPS ELYSEES;48,8710830;2,3034890
19415;202000021583;8;8;2020;16:10;1;13;13207;2;1;1;2;Corniche John Fitzgérald Kennedy;43,2862240;5,3512080
19416;202000021585;4;8;2020;19:40;1;13;13202;2;6;1;2;TOURETTE (QUAI DE LA);43,2968900;5,3626900
19417;202000021586;6;10;2020;07:55;1;75;75107;2;2;2;3;AVENUE BOSQUET;48,8570680;2,3042120
19418;202000021587;8;8;2020;13:15;1;13;13209;2;1;1;2;MARÉCHAL DE LATTRE (AVENUE);43,2450000;5,4140000
19419;202000021589;6;10;2020;01:23;5;75;75114;2;4;8;4;BOULEVARD PERIPHERIQUE;48,8209250;2,3217860
19420;202000021590;6;10;2020;11:30;1;75;75104;2;2;2;3;QUAI DE L HOTEL DE VILLE;48,8540480;2,3557470
19421;202000021591;8;8;2020;04:15;5;13;13204;2;9;1;-1;FRANÇOISE DUPARC (BOULEVARD);43,3017428;5,4006547
19422;202000021592;6;10;2020;15:15;1;94;94076;2;1;2;2;VERDUN (R DE);48,7904920;2,3537440
19423;202000021593;8;8;2020;21:00;2;13;13047;2;1;1;6;RAYMOND FILIPPI AVENUE;43,5092100;4,9835300
19424;202000021594;8;8;2020;12:35;1;13;13047;1;1;1;6;D5;43,4794610;4,9964140
19425;202000021595;6;10;2020;08:45;1;94;94041;2;3;2;3;HOCHE (R);48,8122900;2,3719500
19426;202000021596;5;8;2020;17:30;1;13;13098;1;3;1;5;D.51A;43,4375100;5,0144600
19427;202000021597;5;10;2020;06:30;5;94;94019;2;1;2;3;PINCE VENT (AV DE);48,7953100;2,5574800
19428;202000021598;8;8;2020;22:20;5;13;13001;2;1;1;7;BONAPARTE NAPOLEON(AV);43,5265000;5,4448000
19429;202000021599;5;10;2020;13:00;1;94;94004;2;1;2;5;VALENTON (R DE);48,7455700;2,5083600
19430;202000021600;8;8;2020;17:50;1;10;10297;2;2;1;1;JULES GUESDE (BDL);48,3180600;4,1041000
19431;202000021601;6;10;2020;20:10;5;94;94018;2;1;2;1;REPUBLIQUE (R DE LA);48,8219000;2,4155000
19432;202000021602;6;10;2020;11:10;1;94;94002;2;1;1;6;ETIENNE DOLET (R);48,8009300;2,4223100
19433;202000021603;5;10;2020;19:47;5;94;94002;2;3;2;3;LOUIS BLANC (R);48,8064900;2,4192100
19434;202000021604;6;10;2020;10:30;1;93;93073;1;2;2;3;CHAPIT RE ( RUE DU);49,0027404;2,5387090
19435;202000021606;6;10;2020;19:48;5;93;93071;2;1;1;6;R D'AULNAY;48,9399000;2,5169700
19436;202000021607;6;10;2020;13:20;1;93;93066;2;1;1;6;LAMAZE DOCTEUR;48,9369000;2,3720000
19437;202000021608;6;10;2020;15:10;1;93;93064;2;1;9;6;DE GAULLE (AV DU GENERAL) 0 / 56 - 47;48,8772700;2,4800200
19438;202000021610;6;10;2020;19:20;5;93;93050;2;1;8;3;JEAN JAURES (AVENUE) COTE VILLE EVRARD;48,8645628;2,5532595
19439;202000021611;5;10;2020;19:50;5;93;93079;2;1;2;6;MAURICE GRANDCOING;48,9656100;2,3444800
19440;202000021612;6;10;2020;18:45;1;93;93027;2;3;2;3;R RASPAIL / R DES USINES BABCOCK;48,9233000;2,3951000
19441;202000021613;6;10;2020;19:15;5;93;93047;2;1;2;6;BARGUE  (BOULEVARD);48,9016825;2,5593634
19442;202000021614;6;10;2020;21:40;5;93;93057;2;1;2;3;AV ARISTIDE BRIAND;48,9097200;2,5065600
19443;202000021615;6;10;2020;10:00;1;93;93001;2;1;2;6;REPUBLIQUE (AVE DE LA ) 43/106 =>;48,9082790;2,3874946
19444;202000021616;6;10;2020;10:00;1;93;93001;2;1;8;3;VICTOR HUGO (AVE)  => N° 129;48,9098200;2,3786800
19445;202000021617;3;10;2020;14:30;1;92;92063;2;1;1;-1;BONAPARTE (AVENUE NAPOLEON) NORD;48,8705700;2,1592900
19446;202000021618;29;9;2020;19:30;2;92;92063;2;1;1;6;POMPIDOU (AVENUE DU PRESIDENT);48,8676400;2,1996100
19447;202000021619;6;10;2020;20:50;5;92;92044;2;1;1;3;DANTON(RUE) 1A73 ET 2A88;48,8925252;2,2815890
19448;202000021620;6;10;2020;17:35;1;92;92035;2;7;3;3;Belgique ( Place de );48,9072830;2,2403570
19449;202000021621;6;10;2020;11:30;1;92;92007;2;1;2;3;BRIAND (AVENUE ARISTIDE) N° 162 A 300;48,7908891;2,3196591
19450;202000021622;2;10;2020;10:30;1;92;92004;2;1;8;4;AULAGNIER ( QUAI );48,9133100;2,3071000
19451;202000021624;7;10;2020;13:00;1;22;22180;1;1;8;7;La Perriere Mallet;48,4190620; -2,2174790
19452;202000021626;6;10;2020;12:15;1;62;62261;1;1;3;7;Rue Evariste Dusannier;50,4971590;1,6376500
19453;202000021627;6;10;2020;15:06;1;68;68043;2;1;2;2;2 Rue Lafer;47,8556140;7,2669410
19454;202000021628;6;10;2020;18:45;5;974;97413;2;1;1;6;103 Rue du General Lambert; -21,1660640;55,2875800
19455;202000021629;6;10;2020;20:00;3;34;34032;1;9;1;6;A75;43,3615770;3,2747630
19456;202000021630;7;10;2020;07:45;1;71;71002;1;2;8;5;D678;46,7503741;5,0371771
19457;202000021631;5;10;2020;10:10;1;30;30334;2;1;1;6;Route de Nimes;44,0030010;4,4162840
19458;202000021632;5;10;2020;14:45;1;22;22175;2;2;2;3;Rue de Penthièvre;48,4482690; -2,3878630
19459;202000021633;4;10;2020;16:30;1;19;19274;1;1;2;7;A.89;45,1886392;1,4895481
19460;202000021634;7;10;2020;18:30;1;69;69070;1;1;1;1;Lieu Dit Gadran;46,0240500;4,3902610
19461;202000021635;1;10;2020;17:15;1;71;71584;2;4;2;4;D15;46,4461520;4,8652050
19462;202000021636;6;10;2020;08:40;2;61;61324;1;1;2;6;les genetais;48,5288030; -0,7460110
19463;202000021637;3;10;2020;23:55;3;49;49018;1;2;2;3;Brené;47,4694140; -0,1020530
19464;202000021638;3;10;2020;16:15;1;42;42156;2;3;8;6;Rue de la Poste;45,9021340;4,1807430
19465;202000021639;6;10;2020;16:45;1;68;68240;2;1;2;6;22 Rue Principale;47,5738620;7,2884850
19466;202000021640;6;10;2020;19:15;3;39;39209;2;1;8;6;Nantey - Chemin des Pignons;46,4075120;5,3999040
19467;202000021641;6;10;2020;18:00;1;39;39061;1;2;2;3;;46,5894110;5,7302040
19468;202000021642;6;10;2020;08:45;1;44;44069;2;1;1;3;Avenue de la Brière;47,3323770; -2,4220880
19469;202000021643;6;10;2020;12:30;1;35;35207;1;1;3;1;RD 92;48,0802310; -1,5130270
19470;202000021645;7;10;2020;15:50;1;38;38434;1;2;1;3;Route de la Vallée;45,5260660;5,5522420
19471;202000021646;6;10;2020;12:00;1;03;03254;2;1;2;7;Boulevard Ledru Rollin;46,3072698;3,2930377
19472;202000021647;5;10;2020;11:35;1;54;54073;1;1;2;5;RD674;48,6443660;5,8923630
19473;202000021648;6;10;2020;21:10;3;72;72358;1;1;2;6;LE GLAND;48,0511480;0,5182460
19474;202000021649;7;10;2020;14:45;1;05;05123;1;1;1;6;D994;44,5483780;5,9816510
19475;202000021650;7;10;2020;13:40;1;09;09299;1;1;2;7;D618;42,9132210;1,1948060
19476;202000021652;6;10;2020;11:15;1;43;43198;1;4;2;1;Conil;44,9708630;3,7089370
19477;202000021653;7;10;2020;16:15;1;10;10231;1;1;1;1;D619;48,5016210;3,4662720
19478;202000021654;7;10;2020;17:50;1;27;27467;2;3;1;1;Quai Félix Faure;49,3584100;0,5089700
19479;202000021655;6;10;2020;11:30;1;87;87185;1;3;2;7;Les Vignes à Dieu;45,8867330;1,0144440
19480;202000021656;6;10;2020;13:55;1;30;30325;2;1;2;1;Route de Ganges;43,9775720;3,7150200
19481;202000021657;4;10;2020;19:00;5;978;97801;2;1;1;6;6 Rue d'Orléans;18,0693150; -63,0352970
19482;202000021658;6;10;2020;15:20;1;35;35210;2;1;1;1;Rue du Docteur Léon;48,1490370; -1,7883410
19483;202000021659;7;10;2020;07:40;2;01;01323;1;1;1;6;D933;46,4200520;4,9319440
19484;202000021660;7;10;2020;10:00;1;69;69244;2;9;1;3;2 Rue Clotilde;45,7673770;4,7617470
19485;202000021661;6;10;2020;17:55;1;68;68042;1;1;2;4;Autoroute A35;47,6195290;7,5131030
19486;202000021662;6;10;2020;07:55;2;51;51507;1;1;3;7;A4;49,0762164;4,9162008
19487;202000021663;7;10;2020;06:40;3;01;01224;1;1;1;1;Route de Lagnieu;45,7839260;5,2283980
19488;202000021664;6;10;2020;16:30;1;987;98740;1;1;1;6;Avatoru; -14,9448640; -147,7067840
19489;202000021665;6;10;2020;06:40;1;987;98733;1;1;1;3;RT1; -17,6766850; -149,5890820
19490;202000021666;10;9;2020;06:00;1;987;98733;1;9;1;1;vallée de Orofero; -17,6884280; -149,5781490
19491;202000021667;19;8;2020;23:00;3;971;97125;1;2;1;3;Belloc;16,2956730; -61,3018870
19492;202000021668;7;10;2020;04:15;3;77;77477;1;1;1;6;D152;48,3326152;2,5909688
19493;202000021669;7;10;2020;16:15;1;77;77091;1;4;1;3;D216;48,7424848;2,8307337
19494;202000021670;6;10;2020;15:00;1;95;95212;1;1;2;2;D165;49,0351110;2,5624910
19495;202000021671;7;10;2020;08:55;1;78;78320;1;1;8;1;D113;49,0306060;1,5543280
19496;202000021673;7;10;2020;16:00;1;69;69163;1;1;1;1;Rue de Billy le Jeune;45,9071838;4,7433881
19497;202000021674;6;10;2020;22:50;3;81;81112;1;1;3;6;D988;43,9204370;2,0119573
19498;202000021675;7;10;2020;11:05;1;14;14068;1;6;1;3;Lieu Dit la Bijude;49,2293970; -0,3713250
19499;202000021676;6;10;2020;23:25;3;35;35047;1;1;1;6;RD 177;48,0500730; -1,7478670
19500;202000021677;7;10;2020;15:30;1;60;60360;2;1;1;6;31 Rue Victor Hugo;49,3286290;2,4626500
19501;202000021678;7;10;2020;11:50;1;60;60090;2;2;1;5;D915;49,1751035;1,9096686
19502;202000021679;7;10;2020;16:45;1;60;60009;1;2;1;3;D93;49,3995730;2,0824590
19503;202000021680;7;10;2020;15:40;1;62;62014;2;1;1;6;1 Avenue Carnot;50,6395750;2,4028190
19504;202000021681;2;10;2020;17:30;1;59;59256;1;1;2;1;M 145;50,5753880;3,1180140
19505;202000021682;6;10;2020;14:40;1;13;13026;1;1;1;2;A55-Sens Marseille vers Martigues;43,3782490;5,1700270
19506;202000021683;2;10;2020;09:30;1;59;59512;1;1;1;2;ROUTE METROPOLITAINE 656;50,7028301;3,1601599
19507;202000021684;2;10;2020;11:30;1;59;59343;1;1;1;3;ROUTE NATIONALE 227;50,6003280;3,1307850
19508;202000021685;6;10;2020;09:45;1;91;91659;1;1;8;7;AUTOROUTE A6;48,5936770;2,4437590
19509;202000021686;6;10;2020;10:00;1;91;91687;1;1;1;2;AUTOROUTE A6;48,6649000;2,3642000
19510;202000021687;6;10;2020;08:40;1;91;91553;1;1;2;2;RN 104;48,6317000;2,4946000
19511;202000021688;6;10;2020;06:45;3;91;91064;1;1;2;6;RN 118;48,7489200;2,2143200
19512;202000021690;6;10;2020;07:00;3;78;78466;1;1;2;4;A13;48,9266900;1,9938500
19513;202000021691;6;10;2020;06:45;3;78;78466;2;1;3;4;A13;48,9274920;1,9918690
19514;202000021692;5;10;2020;07:05;2;92;92050;1;1;2;2;A14;48,9000875;2,2094467
19515;202000021694;6;10;2020;10:10;1;95;95582;1;1;8;6; A15;48,9641319;2,2632091
19516;202000021695;6;10;2020;09:15;1;92;92036;1;1;8;3;AUTOROUTE A86;48,9385170;2,3000176
19517;202000021696;6;10;2020;10:00;1;93;93006;1;1;1;5;AUTOROUTE A3;48,8636691;2,4132376
19518;202000021697;5;10;2020;21:00;3;95;95018;1;1;3;6;A15;48,9566900;2,2745900
19519;202000021698;6;10;2020;15:00;1;94;94028;1;1;1;2;RN406.Y;48,7795000;2,4406000
19520;202000021699;6;10;2020;09:40;1;93;93051;1;1;1;2;A4;48,8362280;2,5531390
19521;202000021700;5;10;2020;23:40;3;77;77169;1;1;2;6;RN104;48,8248330;2,6157170
19522;202000021701;14;5;2020;10:10;1;05;05061;2;3;1;6;BONNE (CHEMIN DE);44,5633466;6,0838944
19523;202000021703;6;10;2020;08:00;1;988;98818;2;6;1;3;PROMENADE PIERRE VERNIER/RUE DU PORT DESPOINTES; -22,2867600;166,4572700
19524;202000021704;5;10;2020;16:50;1;974;97416;1;1;2;7;RN 01; -21,3094400;55,4336600
19525;202000021705;5;10;2020;08:10;1;974;97411;1;1;8;2;LITTORAL (ROUTE 2 DU); -20,8769000;55,4142900
19526;202000021706;5;10;2020;07:05;1;973;97302;2;1;1;3;LAFAURIE (CITE);4,9337586; -52,3233640
19527;202000021707;5;10;2020;19:40;5;69;69388;2;2;2;6;JEAN SARRAZIN                       (R );45,7293100;4,8607800
19528;202000021708;5;10;2020;12:55;1;69;69388;2;2;8;3;PAUL SANTY                          (AV);45,7315100;4,8738800
19529;202000021709;5;10;2020;08:10;1;69;69383;2;2;1;3;PAUL BERT                           (R );45,7570800;4,8616600
19530;202000021712;4;10;2020;04:45;1;971;97101;1;1;1;6;RN1 ROCADE DE CHAUVEL;16,2395000; -61,5230000
19531;202000021713;5;10;2020;17:55;1;2A;2A004;2;1;1;5;CONSTELLATION IMM.AV NOEL FRANCHINI;41,9368788;8,7536776
19532;202000021714;5;10;2020;18:40;2;95;95539;2;9;3;2;RD 301;49,0094601;2,3528919
19533;202000021716;5;10;2020;13:20;1;91;91687;2;1;2;6;SABLONS (AVENUE DES);48,6667190;2,3646290
19534;202000021717;3;10;2020;16:16;1;87;87085;2;1;2;6;BASTIAT (RUE FREDERIC);45,8835500;1,2888600
19535;202000021718;2;10;2020;22:42;5;87;87085;2;1;3;6;PALAIS (ROUTE DU);45,8406900;1,2877400
19536;202000021719;3;10;2020;14:51;1;87;87085;2;1;3;6;PALAIS (ROUTE DU);45,8395500;1,2840500
19537;202000021720;4;10;2020;12:50;1;86;86158;1;1;8;7;N149;46,6295880;0,2648820
19538;202000021721;17;9;2020;20:25;2;84;84031;2;1;1;6;HUGO AVENUE VICTOR;44,0471500;5,0481700
19539;202000021722;7;7;2020;00:50;5;84;84007;2;6;1;3;C.De GAULLE (Rocade);43,9288200;4,8124800
19540;202000021723;5;10;2020;22:35;3;83;83069;1;1;1;7;REAL MARTIN (ROUTE DU);43,1713000;6,1157900
19541;202000021724;5;10;2020;00:40;5;78;78551;2;9;2;7;FOCH (AVENUE DU MARECHAL);48,9023200;2,0856800
19542;202000021725;3;10;2020;16:20;1;77;77146;2;2;1;3;PREMIER MAI (ALLEE DU);48,8260300;2,6367700
19543;202000021726;2;10;2020;20:55;5;76;76341;1;6;1;6;BREQUE;49,5042000;0,1954000
19544;202000021727;3;10;2020;08:47;2;76;76351;2;1;1;6;ROMAIN ROLLAND (RUE);49,5065600;0,1091600
19545;202000021728;8;9;2020;07:45;2;70;70550;2;1;1;7;JARDIN ANGLAIS;47,6240000;6,1642600
19546;202000021729;3;9;2020;16:36;1;70;70550;1;1;1;5;ROCADE OUEST - RD 457;47,6398800;6,1421200
19547;202000021730;5;10;2020;08:00;1;67;67482;2;1;8;6;PETIT RHIN (ROUTE DU);48,5740760;7,7846000
19548;202000021731;4;10;2020;11:10;1;67;67482;2;1;8;3;PLAINE DES BOUCHERS (RUE DE LA);48,5634200;7,7385300
19549;202000021732;3;10;2020;10:45;1;67;67447;2;1;3;6;BISCHWILLER (ROUTE DE);48,6015300;7,7449400
19550;202000021733;2;10;2020;23:00;5;67;67482;2;1;8;2;ALGER (RUE D );48,5828500;7,7868400
19551;202000021734;2;10;2020;14:00;1;67;67365;2;3;8;3;ALFRED KASTLER (RUE);48,5431600;7,6972800
19552;202000021735;2;10;2020;09:30;1;67;67482;2;3;8;3;RIBEAUVILLE (RUE DE);48,5635700;7,7677100
19553;202000021736;5;10;2020;19:00;1;65;65440;2;3;8;3;DUPARC (RUE HENRI);43,2251000;0,0589500
19554;202000021737;5;10;2020;07:55;2;64;64445;2;9;2;3;CONDORCET;43,3145900; -0,3634100
19555;202000021738;4;10;2020;11:35;1;64;64024;2;1;2;3;BIARRITZ (AVENUE DE);43,4801400; -1,5210300
19556;202000021739;5;10;2020;08:50;1;59;59352;1;2;1;3;QUESNOY (RUE);50,7277850;3,0520730
19557;202000021740;5;10;2020;07:39;5;57;57757;2;1;3;6;GRAND'RUE;49,3615968;6,1918730
19558;202000021741;2;10;2020;11:02;1;47;47001;2;2;2;3;LECLERC (AV. DU GENERAL);44,1921200;0,6153000
19559;202000021742;5;10;2020;08:15;2;45;45234;2;1;2;6;Chemin du Pont Cotelle;47,8680670;1,9235030
19560;202000021743;2;10;2020;23:59;3;44;44184;1;1;6;7;PRÉVOIR (CHEMIN DE);47,2891900; -2,2270000
19561;202000021744;5;10;2020;13:30;1;35;35238;1;9;1;2;Porte d'Alma;48,0818500; -1,6759600
19562;202000021745;13;11;2020;05:30;1;67;67375;1;1;1;7;rue principale RD31;48,6408132;7,6714810
19563;202000021746;11;11;2020;18:59;3;77;77002;1;9;1;6;Amillis;48,7478060;3,1126820
19564;202000021747;13;11;2020;20:35;3;30;30135;1;1;2;7;Chemin Departemental 999;43,8271280;4,5354760
19565;202000021748;13;11;2020;11:30;1;51;51210;2;3;2;3;Avenue du General Leclerc;49,0679360;3,9650713
19566;202000021749;12;11;2020;16:00;1;76;76367;1;1;1;2;Rue des Longs Vallons;49,5014130;1,0810800
19567;202000021750;13;11;2020;10:31;1;80;80827;1;1;8;6;D1925;50,0659820;1,5524520
19568;202000021751;12;11;2020;09:37;1;71;71528;1;3;1;2;D971;46,6218327;5,1416196
19569;202000021754;10;11;2020;10:20;1;31;31187;2;1;1;7;Impasse du Gamay;43,5351330;1,2082390
19570;202000021755;13;11;2020;00:30;3;26;26106;1;1;1;6;Route Nationale 7;44,6339100;4,7706200
19571;202000021756;13;11;2020;11:00;1;72;72191;1;1;1;3;Lieu dit la roche;47,7509100;0,2587260
19572;202000021757;12;11;2020;15:40;1;14;14172;1;1;8;6;D514;49,3415660; -0,7430680
19573;202000021758;12;11;2020;08:40;1;18;18180;1;3;1;1;La Grande Ruesse;46,9848560;2,4401720
19574;202000021759;13;11;2020;15:30;1;43;43077;1;1;1;1;N88;44,8858270;3,8474040
19575;202000021760;10;11;2020;14:15;1;53;53257;1;1;1;7;ENTRE LES BASSES MARTINIERES ET LA FOSSE;47,9606140; -0,3886520
19576;202000021761;11;11;2020;13:15;1;85;85282;2;1;1;6;L'Étrouflère;46,7056120; -0,9970410
19577;202000021762;12;11;2020;18:00;2;30;30223;1;1;1;6;Route des Fumades;44,1778820;4,1707560
19578;202000021763;12;11;2020;06:45;3;62;62471;1;1;9;7;A26;50,6731210;2,2489460
19579;202000021764;13;11;2020;01:10;3;988;98825;2;1;1;1;Route de Tamaon; -21,1203740;164,9080900
19580;202000021765;13;11;2020;14:25;1;973;97305;1;1;1;2;Route Nationale 1;5,0687590; -52,5407840
19581;202000021766;6;11;2020;16:40;1;971;97117;2;1;1;1;Chemin des Malangas;16,3242990; -61,3491850
19582;202000021767;12;11;2020;09:32;1;77;77272;2;1;7;6;13 Rue de la Croix Blanche;48,5582970;3,1478350
19583;202000021769;12;11;2020;13:00;1;30;30203;1;1;1;1;Route Départementale 59;44,2467360;4,0559720
19584;202000021770;13;11;2020;08:15;1;67;67254;2;1;1;6;Route de Soultz;48,9334643;7,8602415
19585;202000021771;12;11;2020;10:10;1;73;73013;1;1;1;6;D80;45,2016675;6,3146430
19586;202000021772;13;11;2020;14:35;1;73;73320;2;2;1;6;Montée des Curiets;45,2615941;6,3769242
19587;202000021774;12;11;2020;17:55;3;09;09002;1;1;1;2;D625;42,9902560;1,8755720
19588;202000021775;29;10;2020;20:00;5;31;31395;1;6;1;7;D817;43,4811040;1,3364060
19589;202000021776;13;11;2020;10:45;1;60;60395;2;6;2;7;Boulevard de l'Esches;49,2147340;2,1476820
19590;202000021777;13;11;2020;12:00;1;62;62751;1;1;2;6;Autoroute A16;50,8754244;1,7495881
19591;202000021778;12;11;2020;10:30;1;13;13215;1;1;1;7;A7-Sens Marseille vers Lyon;43,3415700;5,3766700
19592;202000021779;12;11;2020;16:45;1;94;94034;1;1;1;3;AUTOROUTE A86;48,7616700;2,3153900
19593;202000021780;12;11;2020;10:25;1;91;91216;1;1;1;2;AUTOROUTE A6;48,6817000;2,3305700
19594;202000021781;12;11;2020;12:40;1;92;92036;1;1;1;2;RN315 Y;48,9314600;2,3022800
19595;202000021782;12;11;2020;20:15;3;95;95277;1;1;1;4;RD 170 B5;48,9750000;2,4841000
19596;202000021783;12;11;2020;11:40;1;95;95582;1;1;1;4; A15;48,9675800;2,2535430
19597;202000021784;12;11;2020;06:35;3;93;93005;1;1;1;6;AUTOROUTE A1;48,9631399;2,4719456
19598;202000021785;11;11;2020;19:00;3;93;93005;1;1;1;2;AUTOROUTE A1;48,9581600;2,4630400
19599;202000021786;11;11;2020;00:10;3;95;95252;1;1;1;5;A115;48,9881100;2,2432000
19600;202000021787;29;10;2020;19:35;3;77;77438;1;1;1;4;A104;48,8544400;2,6634200
19601;202000021788;12;11;2020;07:45;1;94;94018;1;1;1;-1;A4;48,8180000;2,4110000
19602;202000021789;6;11;2020;22:45;5;988;98818;2;3;1;6;PROMENADE ROGER LAROQUE; -22,2997500;166,4383500
19603;202000021790;7;11;2020;11:00;1;974;97407;1;9;1;6;XAVIER BOVALO (ALLEE) ; -20,9429100;55,3052400
19604;202000021791;8;11;2020;17:05;1;974;97407;2;1;1;6;VERGES(AVENUE); -20,9395900;55,3027700
19605;202000021792;11;11;2020;17:19;2;973;97302;2;1;1;3;MANDELA  (BOULEVARD);4,9378739; -52,3260999
19606;202000021793;12;11;2020;02:45;5;69;69387;2;1;1;7;UNIVERSITE (DE L')                  (R );45,7490300;4,8423400
19607;202000021794;11;11;2020;17:50;5;69;69383;2;2;1;3;PAUL BERT                           (R );45,7571100;4,8616300
19608;202000021796;10;11;2020;12:00;1;69;69384;2;1;1;2;CANUTS (DES)                        (BD);45,7797200;4,8274500
19609;202000021797;10;11;2020;19:07;5;91;91027;2;3;1;3;RTE NATIONALE 7;48,7085900;2,3714500
19610;202000021798;10;11;2020;18:45;5;91;91589;2;1;1;6;RUE VAN GOGH;48,6757150;2,3390670
19611;202000021799;6;11;2020;15:05;1;80;80021;2;1;1;6;PAIX (AVENUE DE LA);49,9116500;2,3071300
19612;202000021800;5;11;2020;22:05;5;80;80021;2;1;1;6;FEDERES (BOULEVARD DES);49,8952900;2,2835900
19613;202000021801;7;11;2020;16:20;1;80;80021;2;1;1;1;PICASSO (RUE);49,9177200;2,2997900
19614;202000021802;11;11;2020;18:50;5;78;78005;2;4;1;1;POISSY (AVENUE DE);48,9599000;2,0682700
19615;202000021803;11;11;2020;12:40;1;59;59350;2;2;1;3;ARRAS RUE D;50,6166700;3,0629800
19616;202000021804;11;11;2020;07:30;2;51;51454;2;6;5;7;Boulevard Charles Arnould;49,2643894;4,0098964
19617;202000021805;11;11;2020;14:40;1;38;38185;2;1;1;6;Avenue Marcelin Berthelot;45,1697400;5,7321400