;Num_Acc;jour;mois;an;hrmn;lum;dep;com;agg;int;atm;col;adr;lat;long
19618;202000021806;11;11;2020;20:00;5;13;13203;2;1;1;5;ROGER SALENGRO (AVENUE);43,3195840;5,3674600
19619;202000021807;11;11;2020;19:30;5;13;13213;2;4;1;3;CHATEAU GOMBERT CHEMIN;43,3378640;5,4208080
19620;202000021808;11;11;2020;15:20;1;13;13210;2;1;1;-1;ANDRE BARDON (rue);43,2832800;5,4266200
19621;202000021809;11;11;2020;15:10;1;13;13206;2;1;1;2;BRETEUIL (RUE);43,2871000;5,3771330
19622;202000021810;10;11;2020;20:15;5;13;13211;2;1;1;3;VALBARELLE (BOULEVARD DE LA );43,2866057;5,4447624
19623;202000021811;31;10;2020;16:40;1;04;04070;2;1;7;6;Rue du Docteur Honnorat;44,0929471;6,2348190
19624;202000021812;11;11;2020;12:30;1;75;75118;2;3;1;3;BOULEVARD NEY;48,8978870;2,3383690
19625;202000021813;10;11;2020;19:49;5;75;75110;2;1;1;6;RUE DU FAUBOURG SAINT MARTIN;48,8772730;2,3612590
19626;202000021814;11;11;2020;10:40;1;75;75117;2;1;1;3;RUE DE COURCELLES;48,8822880;2,2999690
19627;202000021816;11;11;2020;16:25;1;75;75108;2;3;1;7;AVENUE DES CHAMPS ELYSEES;48,8670030;2,3160090
19628;202000021817;11;11;2020;19:45;5;75;75104;2;3;1;2;BOULEVARD BOURDON;48,8509030;2,3672740
19629;202000021819;11;11;2020;23:20;5;93;93064;2;2;1;3;A103 / BD ALSACE-LORRAINE;48,8830200;2,4919100
19630;202000021820;11;11;2020;19:50;5;93;93014;2;1;1;3;MONTFERMEIL (ALLEE DE);48,8991171;2,5428745
19631;202000021821;11;11;2020;00:10;5;92;92012;2;1;8;7;EST (RUE DE L') 1/FIN - 18/FIN;48,8392769;2,2455358
19632;202000021822;12;11;2020;07:15;2;38;38107;1;1;5;6;Route de Gerbey;45,4724000;4,7930500
19633;202000021823;11;11;2020;20:40;5;974;97404;2;1;1;6;199 Avenue Raymond Barre; -21,2600260;55,3574630
19634;202000021824;12;11;2020;16:35;2;63;63278;1;3;1;2;D211;45,9265280;3,1648780
19635;202000021825;12;11;2020;07:34;1;22;22228;1;1;1;2;RN 12 PR 110+393 ;48,5490010; -3,4112550
19636;202000021826;12;11;2020;14:22;1;76;76244;1;1;1;2;A28;49,7027440;1,3688920
19637;202000021827;12;11;2020;15:00;1;38;38383;2;1;8;6;Route de Tolvon;45,3787060;5,6289110
19638;202000021828;12;11;2020;11:43;1;44;44137;1;2;1;3;rd204;47,3659040; -2,0247780
19639;202000021829;11;11;2020;19:15;3;83;83031;1;1;1;2;La Faisse Noire;43,3987100;6,3647480
19640;202000021830;11;11;2020;17:00;2;83;83087;1;1;1;6;D560;43,3960165;5,8004139
19641;202000021832;10;11;2020;15:00;1;74;74104;1;2;1;3;Route de la Plaine;45,7774680;6,2131330
19642;202000021833;11;11;2020;17:20;1;63;63030;2;3;1;6;Rue Adélaïde d'Orléans;46,0244910;3,3012470
19643;202000021834;11;11;2020;02:40;3;61;61346;1;1;1;6;Lieu Dit l'Hotellerie Faroult;48,8938750;0,1092130
19644;202000021835;12;11;2020;17:25;5;55;55063;2;1;1;3;245, rue de la LIBÉRATION;49,2954640;5,7386610
19645;202000021836;12;11;2020;08:30;1;47;47021;1;1;1;6;Route des Martinets;44,1620890;0,2863960
19646;202000021837;12;11;2020;07:45;2;02;02294;1;1;1;6;N2;49,5220050;3,5876370
19647;202000021838;12;11;2020;07:55;1;06;06038;1;1;1;3;Route de Nice;43,6738700;6,9895690
19648;202000021839;9;11;2020;16:30;1;14;14600;1;3;1;1;51 Chemin de la Goujonnerie;49,0664150;0,0740720
19649;202000021840;11;11;2020;22:45;3;60;60304;1;4;1;6;rue de blicourt;49,5770655;2,0169750
19650;202000021841;10;11;2020;08:05;2;24;24553;2;6;5;3;Route de Royan;45,2542370;0,4884520
19651;202000021842;12;11;2020;10:12;1;978;97801;2;1;1;2;Route nationale 7 - Quartier d'Orléans;18,0779630; -63,0290510
19652;202000021843;11;11;2020;21:30;5;13;13112;1;9;1;1;Route Departementale 20;43,5194120;5,2326570
19653;202000021844;12;11;2020;04:12;3;42;42212;1;1;1;1;RN 82;45,9660260;4,1347870
19654;202000021845;6;11;2020;15:00;1;988;98803;1;1;1;6;RT1 col Aymes; -21,6663620;165,5438380
19655;202000021846;11;11;2020;17:45;2;66;66208;1;1;1;6;D914;42,6332170;2,9414820
19656;202000021847;11;11;2020;16:00;1;30;30090;2;1;1;6;D315a;44,3782710;3,9423120
19657;202000021848;10;11;2020;16:15;1;13;13081;2;1;1;3;9 Boulevard Gerard Philipe;43,4871630;5,2216170
19658;202000021849;12;11;2020;19:10;5;71;71555;1;3;1;3;D906;46,7115810;4,8650660
19659;202000021850;9;11;2020;18:15;5;88;88367;2;1;1;3;Route d'Autrey;48,3388720;6,6568620
19660;202000021851;12;11;2020;15:10;1;55;55389;1;1;1;7;RD20, PK12+200;49,0157500;5,1678230
19661;202000021852;12;11;2020;17:50;2;81;81039;1;1;1;3;D631;43,7540590;1,9260890
19662;202000021853;12;11;2020;11:15;1;50;50601;2;2;1;6;Rue de la République;49,0350560; -0,9788370
19663;202000021854;12;11;2020;09:35;1;35;35136;2;6;7;6;25 Rue André de Villoutreys;47,9621300; -1,5018260
19664;202000021856;9;11;2020;00:45;3;77;77058;1;1;1;3;A4;48,8286901;2,7279370
19665;202000021857;30;7;2020;15:30;1;84;84007;2;2;1;5;MAGNANARELLES (Avenue des)-MONTFAVET;43,9257200;4,8772300
19666;202000021858;9;11;2020;17:25;1;987;98735;2;2;8;3;CHEF VAIRAATOA (AVENUE); -17,5319100; -149,5610400
19667;202000021859;10;11;2020;20:05;4;69;69387;2;1;1;6;ELIE ROCHETTE                       (R );45,7483400;4,8450300
19668;202000021860;10;11;2020;16:55;1;69;69389;2;1;1;6;PAUL SEDAILLIAN                     (QU);45,7952900;4,8252300
19669;202000021861;9;11;2020;12:17;1;69;69034;2;1;1;6;FORTS (DES)                         (MO);45,7931639;4,8339710
19670;202000021862;6;11;2020;04:00;5;971;97107;2;9;1;6;FRONT DE MER ( BOULEVARD);16,0499790; -61,5587997
19671;202000021863;9;11;2020;11:00;1;91;91223;2;1;1;6;GEROFOSSE (RUE DE);48,4265000;2,1679500
19672;202000021866;10;11;2020;13:30;1;71;71270;2;8;1;1;MERMOZ (RUE JEAN);46,2938131;4,8084819
19673;202000021867;10;11;2020;18:00;5;69;69266;2;1;1;3;EMILE ZOLA     (Cours);45,7678200;4,8884800
19674;202000021868;9;11;2020;18:00;5;69;69275;2;1;1;2;FRATERNITE (DE LA)                  (R );45,7709900;4,9588000
19675;202000021869;9;11;2020;16:15;2;67;67482;2;1;1;4;JEAN JAURES (AVENUE);48,5696300;7,7626000
19676;202000021870;6;11;2020;20:30;5;67;67482;2;1;1;3;ROBERTSAU (ALLEE DE LA);48,5866865;7,7637676
19677;202000021871;10;11;2020;19:18;5;64;64445;2;1;8;-1;JEAN MERMOZ;43,3174600; -0,3784300
19678;202000021873;12;9;2020;18:20;1;62;62624;2;1;1;1;EGALITE (R DE L');50,4227520;2,9879780
19679;202000021874;9;11;2020;12:49;1;57;57666;2;1;1;2;8 MAI 1945 (RUE DU);49,3443600;6,1385400
19680;202000021875;9;11;2020;19:45;2;54;54526;2;1;1;3;MILLENAIRE (BOULEVARD DU);48,6803800;6,2131500
19681;202000021876;9;11;2020;18:15;5;54;54159;2;3;1;3;D2;48,6261600;6,3483300
19682;202000021877;10;11;2020;17:35;5;51;51454;2;6;2;7;Rue de Courcelles;49,2645677;4,0095244
19683;202000021878;10;11;2020;07:55;2;50;50532;1;2;8;3;AVRANCHES (ROUTE D');48,8140000; -1,5437000
19684;202000021879;9;11;2020;16:25;1;41;41018;2;3;1;1;CABOCHON (RUE DE);47,5778200;1,3047600
19685;202000021880;8;11;2020;10:10;1;40;40192;2;6;7;3;HOUGA (AV DU);43,8819900; -0,4871900
19686;202000021882;10;11;2020;19:40;5;35;35051;2;1;1;7;FOUGERES (ROUTE DE);48,1463900; -1,6066700
19687;202000021883;10;11;2020;17:18;2;34;34172;2;2;1;3;AEROPORT INTERNATIONAL (BOULEVARD DE L');43,6090350;3,8907100
19688;202000021884;9;11;2020;23:19;5;34;34172;2;1;8;6;RIMBAUD (RUE PAUL);43,6200515;3,8502842
19689;202000021885;10;11;2020;09:55;1;33;33522;2;5;1;3;PEYDAVANT (RUE );44,8067000; -0,5861000
19690;202000021886;3;11;2020;18:57;5;33;33063;2;2;1;6;BD MARECHAL LECLERC;44,8279200; -0,5930700
19691;202000021887;9;11;2020;19:45;5;31;31555;2;1;1;2;BOULINGRIN (ROND POINT DU) DU 1AU 4;43,5948400;1,4523100
19692;202000021888;10;11;2020;19:50;3;30;30007;2;9;1;-1;ALSACE (ROUTE D');44,1338200;4,0832000
19693;202000021889;1;10;2020;18:55;1;30;30243;2;9;1;3;ROUTE D ALES;44,0925000;4,0791000
19694;202000021891;9;11;2020;14:18;1;29;29039;2;1;1;7;Rue Marguerite Yourcenar;47,8875777; -3,9264497
19695;202000021892;10;11;2020;14:10;1;26;26057;2;1;1;6;ALPES PROVENCE (BOULEVARD);45,0351700;5,0530200
19696;202000021894;9;11;2020;06:50;5;13;13117;2;1;1;1;LONDRES (AVENUE DE);43,4331700;5,2428000
19697;202000021895;10;11;2020;21:45;5;13;13215;2;1;1;3;COMMANDANT THOLLON (BOULEVARD DU);43,3689000;5,3538700
19698;202000021896;10;11;2020;10:50;1;13;13047;2;1;1;3;RADOLFZELL AVENUE DE;43,4991950;4,9877280
19699;202000021897;10;11;2020;13:30;1;13;13047;2;1;1;2;BOLLES AVENUE DES;43,5033700;4,9938300
19700;202000021898;10;11;2020;13:05;1;13;13028;2;1;1;3;DULAC (AVENUE GUILLAUME);43,1957792;5,6126264
19701;202000021899;10;11;2020;21:58;5;10;10387;2;1;8;2;VOULDY (CHAUSSEE DU);48,2942800;4,0831900
19702;202000021900;9;11;2020;17:20;1;10;10081;1;9;1;3;ROCADE EST (RD 610);48,3015700;4,0257300
19703;202000021901;10;11;2020;17:27;1;06;06029;2;1;1;3;TONNER (AVENUE FRANCIS);43,5495900;6,9750000
19704;202000021902;10;11;2020;13:25;1;06;06123;2;1;1;3;SAUVAIGO PIERRE AVENUE;43,6633900;7,1846000
19705;202000021903;10;11;2020;10:50;1;06;06123;2;3;1;1;DAUDET ALPHONSE RUE;43,6873300;7,1813300
19706;202000021904;10;11;2020;07:15;5;75;75120;2;7;2;3;PLACE GAMBETTA;48,8651130;2,3983320
19707;202000021906;10;11;2020;09:55;1;75;75118;2;2;2;2;PORTE DE LA CHAPELLE;48,8987270;2,3586770
19708;202000021907;10;11;2020;09:00;1;75;75118;2;4;2;2;RUE EUGENE CARRIERE;48,8887510;2,3318430
19709;202000021908;10;11;2020;14:15;1;75;75115;2;4;8;7;RUE CAMBRONNE;48,8420960;2,3030820
19710;202000021910;10;11;2020;09:40;1;75;75113;2;1;8;3;AVENUE DE LA PORTE DE VITRY;48,8237530;2,3772690
19711;202000021911;10;11;2020;13:00;1;75;75110;2;3;2;3;BOULEVARD DE MAGENTA;48,8757540;2,3563620
19712;202000021912;9;11;2020;19:00;5;75;75107;2;2;1;3;RUE DE BABYLONE;48,8516960;2,3190310
19713;202000021913;10;11;2020;15:15;1;75;75101;2;2;2;3;RUE CAMBON;48,8666840;2,3255720
19714;202000021914;10;11;2020;15:55;1;75;75102;2;2;2;5;RUE REAUMUR;48,8662400;2,3525360
19715;202000021915;10;11;2020;13:20;1;94;94081;2;9;1;3;EUGENE PELLETAN (AV);48,7941600;2,3857800
19716;202000021916;10;11;2020;10:30;1;94;94067;2;1;8;2;GENERAL DE GAULLE (AV DU);48,8444450;2,4175870
19717;202000021917;10;11;2020;11:50;1;94;94041;2;1;2;3;REPUBLIQUE (AV DE LA);48,8057500;2,3934100
19718;202000021918;10;11;2020;16:45;2;94;94065;2;3;1;3;CHARLES LINDBERGH (AV);48,7450200;2,3603000
19719;202000021919;9;11;2020;07:25;1;94;94058;2;1;1;2;GENERAL DE GAULLE (AV DU);48,8487960;2,4965403
19720;202000021920;10;11;2020;07:15;1;94;94077;2;3;2;3;LE FOLL (AV);48,7306010;2,4260000
19721;202000021921;10;11;2020;17:00;1;93;93072;2;1;1;6;MARCEL CACHIN (AVENUE) COTE N°16 AU 50;48,9601800;2,3819700
19722;202000021922;10;11;2020;17:00;5;93;93071;2;9;2;3;ALL DAMREMONT;48,9305156;2,5175894
19723;202000021923;10;11;2020;18:13;5;93;93070;2;9;8;6;ROSIERS(DES) : APRES 61;48,9046600;2,3381900
19724;202000021924;10;11;2020;16:50;1;93;93062;2;1;2;-1;MIDI (BOULEVARD DU);48,8927098;2,5198890
19725;202000021925;9;11;2020;08:25;1;93;93029;2;3;1;3;AV HENRI BARBUSSE / R DU 8 MAI 1945;48,9185000;2,4486500
19726;202000021926;10;11;2020;08:10;1;93;93014;2;3;3;6;SEVIGNE (AVENUE DE);48,9131432;2,5483035
19727;202000021927;10;11;2020;16:40;2;93;93001;2;1;8;2;JEAN JAURES (AVE) 55 A 129;48,9142951;2,4034537
19728;202000021928;10;11;2020;09:25;1;92;92072;2;1;8;2;TROYON (RUE);48,8268630;2,2262480
19729;202000021929;9;11;2020;02:15;5;92;92050;2;2;1;3;HEBERT CELESTIN RUE;48,8972500;2,2243500
19730;202000021930;9;11;2020;15:20;1;92;92049;2;1;1;3;BROSSOLETTE AVENUE PIERRE;48,8196258;2,3104638
19731;202000021931;10;11;2020;20:05;5;92;92023;2;1;8;1;VERSAILLES (RUE DE) N°2 A 14;48,7830800;2,2475600
19732;202000021932;11;11;2020;16:10;1;08;08240;1;1;8;1;Rue du Pont d'Azoy;49,6125520;4,3297930
19733;202000021933;9;11;2020;20:15;4;28;28006;1;1;1;1;D923;48,4367750;1,4222150
19734;202000021934;10;11;2020;05:30;3;44;44057;1;1;1;6;D773;47,5937560; -2,0436290
19735;202000021935;10;11;2020;19:15;3;29;29213;1;1;1;7;Lieu Dit Meslein;48,6186830; -4,1108390
19736;202000021936;11;11;2020;00:37;3;29;29141;1;1;1;6;D36 - Lieu Dit la Gare;48,3270640; -3,8502360
19737;202000021937;9;11;2020;09:30;1;03;03200;2;1;1;2;19 Avenue Edmond Michelet;46,5578576;3,3097830
19738;202000021938;11;11;2020;14:40;1;73;73188;1;1;7;6;D925;45,6332893;6,3509857
19739;202000021939;20;12;2020;13:35;1;50;50219;1;6;1;3;D44;49,0553220; -1,4840560
19740;202000021940;20;12;2020;22:30;5;43;43080;2;1;9;6;Quartier d'Ollias;45,3369510;3,8416960
19741;202000021941;19;12;2020;21:30;3;53;53190;1;1;1;7;N12;48,3805500; -0,4154390
19742;202000021942;20;12;2020;15:30;1;85;85034;1;1;3;6;D949b;46,6454290; -1,1224080
19743;202000021943;21;12;2020;15:05;1;27;27026;1;2;2;3;RD 6014, authevernes;49,2304690;1,6221460
19744;202000021944;20;12;2020;16:00;1;17;17093;2;1;1;6;Avenue d'Antioche;45,8873830; -1,2114680
19745;202000021945;20;12;2020;16:27;1;17;17355;2;3;1;1;La Motte;45,5306730; -0,3664760
19746;202000021946;16;12;2020;10:30;1;30;30133;1;1;8;2;D62b;43,5347590;4,1464000
19747;202000021947;20;12;2020;16:00;1;30;30341;1;3;8;2;Route de Vauvert;43,7158760;4,2840670
19748;202000021948;21;12;2020;13:44;1;52;52156;2;3;2;3;grande rue;48,4917030;5,1359800
19749;202000021949;20;12;2020;17:45;3;30;30020;1;1;2;7;Chemin des Canaux;43,7493810;4,3041940
19750;202000021950;20;12;2020;19:35;3;73;73309;1;1;8;6;A43;45,5568830;5,7210230
19751;202000021951;19;12;2020;17:00;2;58;58264;1;1;2;6;N7 PR 092+150;46,8020720;3,1196130
19752;202000021952;19;12;2020;20:15;5;988;98827;2;1;1;6;basse-poya, RT1; -21,3202810;165,1400900
19753;202000021954;15;12;2020;16:15;1;978;97801;1;1;1;3;Route de Baie Nettle;18,0598030; -63,1077860
19754;202000021955;18;12;2020;07:06;3;77;77273;1;1;1;2;route départementale 401;49,0513538;2,7319908
19755;202000021956;19;12;2020;21:10;3;11;11295;1;1;1;7;D611a;43,0592840;2,9074770
19756;202000021957;19;12;2020;18:50;5;34;34189;2;1;1;6;Avenue d'Homps;43,2832090;2,7314610
19757;202000021958;19;12;2020;15:30;1;13;13046;2;1;2;2;Avenue du 8 Mai 1945;43,4320810;5,5470550
19758;202000021959;19;12;2020;14:55;1;67;67118;2;2;2;3;Rue d'Oberhausbergen;48,5804860;7,6870390
19759;202000021960;19;12;2020;15:55;1;54;54459;2;1;1;3;Rue de Messein;48,5904613;6,1703467
19760;202000021961;19;12;2020;17:57;3;63;63150;1;1;2;6;Route de Volvic;45,8892840;3,0712040
19761;202000021962;20;12;2020;11:00;1;42;42155;1;2;8;3;Route de Saint Germain Laval;45,8064750;4,1405150
19762;202000021963;20;12;2020;11:05;1;69;69074;1;1;2;6;200 chemin des tilleuls;46,0159010;4,6582460
19763;202000021964;14;12;2020;14:40;1;69;69116;1;1;1;1;351 Chemin de Paisy;45,8034460;4,7748930
19764;202000021965;20;12;2020;17:30;2;65;65123;1;1;1;1;D935 Route de Bagnères;43,0236080;0,1707330
19765;202000021966;19;12;2020;18:40;3;17;17452;1;1;8;6;Boulevard Roger Letelie;45,7732670; -1,1303040
19766;202000021967;19;12;2020;19:25;3;86;86036;1;1;1;1;D347;47,0443390;0,0450470
19767;202000021968;19;12;2020;16:00;1;33;33498;1;2;9;1;D3 / route de Hobre;44,5848510; -0,8887070
19768;202000021970;21;12;2020;08:55;1;61;61382;2;4;2;2;10 Rue Principale;48,4560610; -0,0351990
19769;202000021971;20;12;2020;18:10;5;27;27469;1;6;1;2;D6015;49,2953520;1,1564930
19770;202000021972;19;12;2020;11:21;1;13;13211;1;1;8;5;A50-Sens Marseille vers Aubagne;43,2938300;5,4577300
19771;202000021974;14;12;2020;09:15;1;13;13055;1;1;1;3;A507 sens Marseille - Aubagne;43,3300480;5,3907250
19772;202000021976;19;12;2020;05:55;3;69;69282;1;1;1;6;RD302   0.400 A 4.620;45,7609000;5,0316200
19773;202000021977;18;12;2020;16:30;1;69;69271;1;1;1;7;RN346   ;45,7488200;4,9882200
19774;202000021978;19;12;2020;14:16;1;33;33366;1;1;2;4;;44,9830070; -0,4287430
19775;202000021979;20;12;2020;18:40;3;92;92002;1;1;1;2;AUTOROUTE A10;48,7312210;2,3095030
19776;202000021981;20;12;2020;10:20;1;91;91136;1;1;1;4;RD188 PROVINCE / A10 PROVINCE;48,7140400;2,2755100
19777;202000021982;19;12;2020;19:20;3;94;94076;1;1;8;3;AUTOROUTE A6B;48,7897000;2,3439600
19778;202000021983;19;12;2020;15:20;1;91;91689;1;1;1;2;AUTOROUTE A6B;48,7465690;2,3261300
19779;202000021984;19;12;2020;14:10;1;91;91689;1;1;8;2;AUTOROUTE A6;48,7302350;2,3147980
19780;202000021985;19;12;2020;14:10;1;94;94034;1;1;1;2;AUTOROUTE A86;48,7586000;2,3253000
19781;202000021986;18;12;2020;18:10;3;94;94065;1;1;1;4;AUTOROUTE A106;48,7526000;2,3535000
19782;202000021987;18;12;2020;15:10;1;91;91689;1;1;1;4;AUTOROUTE A6A;48,7455200;2,3242900
19783;202000021988;20;12;2020;05:15;3;92;92047;1;1;8;2;A13;48,8348898;2,1731311
19784;202000021989;19;12;2020;13:00;1;92;92036;1;1;8;2;A86;48,9348625;2,2817878
19785;202000021991;19;12;2020;16:15;1;95;95572;1;1;1;2; A15;49,0321300;2,1134600
19786;202000021992;19;12;2020;15:55;1;95;95394;1;1;8;6; A115;49,0503300;2,1814900
19787;202000021993;19;12;2020;13:30;1;93;93066;1;1;2;2;AUTOROUTE A1;48,9034400;2,3585800
19788;202000021994;19;12;2020;12:00;1;93;93005;1;1;2;6;AUTOROUTE A1;48,9682400;2,4796300
19789;202000021995;20;12;2020;18:30;3;94;94017;1;1;1;3;A4;48,8264911;2,5189431
19790;202000021996;19;12;2020;14:00;1;94;94033;1;1;2;2;A86.EXT;48,8501930;2,4909375
19791;202000021997;9;10;2020;20:05;5;53;53130;2;1;1;6;FILATURE ( RUE DE LA );48,0785500; -0,7690100
19792;202000021998;17;9;2020;11:45;1;38;38421;2;1;1;6;Avenue Benoit Frachon;45,1800000;5,7549000
19793;202000021999;24;6;2020;15:20;1;38;38185;2;2;1;6;Boulevard Joseph Vallier;45,1804700;5,7160300
19794;202000022000;18;12;2020;08:40;1;974;97411;2;1;3;3;MONNERVILLE (BOULEVARD GASTON); -20,8941600;55,4496800
19795;202000022003;18;12;2020;21:35;5;69;69383;2;2;1;1;GENERAL MOUTON DUVERNET (DU)        (R );45,7539300;4,8615900
19796;202000022004;18;12;2020;17:35;5;69;69388;2;1;1;6;PROFESSEUR TAVERNIER (DU)           (R );45,7261000;4,8689300
19797;202000022005;17;12;2020;16:10;1;69;69383;2;1;2;-1;ANTOINE CHARIAL                     (R );45,7578819;4,8689220
19798;202000022006;18;12;2020;15:33;1;972;97213;2;9;1;3;ROUTE DEPARTEMENTALE 3;14,6215000; -60,9882000
19799;202000022007;17;12;2020;18:25;2;972;97209;1;1;1;4;AUTOROUTE (A1);14,6177000; -61,0407000
19800;202000022008;16;12;2020;17:45;2;972;97209;2;6;1;2;BISHOP (Avenue Maurice);14,6189526; -61,0037613
19801;202000022009;18;12;2020;08:45;1;69;69385;2;1;5;4;POINT DU JOUR (DU)                  (AV);45,7562700;4,8027500
19802;202000022010;17;12;2020;11:45;1;69;69389;2;2;2;6;MARIETTON                           (R );45,7759016;4,8007959
19803;202000022011;17;12;2020;11:40;1;69;69389;2;1;2;-1;SIDOINE APPOLINAIRE                 (AV);45,7684700;4,7977700
19804;202000022012;17;12;2020;20:05;3;2B;2B120;2;1;1;2;11 - RT;42,6469400;9,4400400
19805;202000022013;17;12;2020;18:25;3;2B;2B033;2;6;1;3;11 - RT;42,6633200;9,4420300
19806;202000022014;17;12;2020;21:30;5;971;97113;2;1;2;2;RN4 - SECTION RIVIERA;16,2185000; -61,5013000
19807;202000022015;15;12;2020;12:35;1;971;97101;1;1;1;6;HIBISCUS;16,2496800; -61,5285600
19808;202000022016;18;12;2020;16:11;2;95;95018;2;1;1;6;JOFFRE (AVENUE DU MARECHAL);48,9590100;2,2389700
19809;202000022017;28;11;2020;11:50;1;91;91549;2;7;1;3;LEO LAGRANGE (RUE);48,6346200;2,3491000
19810;202000022018;18;12;2020;10:05;1;91;91434;2;1;1;4;CORBEIL (ROUTE DE);48,6604040;2,3404890
19811;202000022019;17;12;2020;17:02;1;87;87085;2;2;1;2;BEL AIR (BOULEVARD DE);45,8213400;1,2455300
19812;202000022021;18;12;2020;17:00;2;83;83069;1;1;1;1;NICE (ROUTE DE);43,1292000;6,1603000
19813;202000022022;18;12;2020;14:25;1;82;82121;2;1;1;2;PARIS (route de);44,0320057;1,3735338
19814;202000022024;17;12;2020;15:20;1;80;80021;1;1;1;6;ALSACE LORRAINE (BOULEVARD D');49,8944200;2,3090600
19815;202000022025;17;12;2020;09:00;1;80;80021;2;1;1;1;LOUIS BLANC (AVENUE);49,9035800;2,2717000
19816;202000022026;17;12;2020;16:59;1;78;78545;2;4;1;6;PERI (RUE GABRIEL);48,8027800;2,0601500
19817;202000022027;18;12;2020;19:40;5;78;78498;2;2;1;3;RD30;48,9371000;2,0549000
19818;202000022028;17;12;2020;08:15;5;77;77122;2;1;8;6;AV JEAN JAURES;48,6552800;2,5642900
19819;202000022029;17;12;2020;10:20;1;76;76540;2;1;1;6;BOURSE. QUAI (HAUT) DE LA;49,4385800;1,0906300
19820;202000022030;17;12;2020;14:40;1;76;76351;2;1;1;7;REUNION (QUAI DE LA);49,4893900;0,1341100
19821;202000022031;18;12;2020;16:13;1;72;72181;2;1;1;6;CLEMENCEAU GEORGES ( BD) N° PAIRS;47,9784100;0,2137400
19822;202000022032;17;12;2020;21:15;5;69;69290;2;2;1;3;11 NOVEMBRE 1918 (DU)               (R );45,7010317;4,9264441
19823;202000022033;18;12;2020;16:45;1;69;69264;2;1;1;3;BURDEAU BD;45,9975600;4,7326400
19824;202000022034;17;12;2020;17:45;5;67;67218;2;3;1;3;PLAINE (RUE DE LA);48,5453297;7,7335112
19825;202000022035;18;12;2020;10:05;1;66;66136;2;6;1;3;COQUELICOTS (DES);42,7054000;2,9016800
19826;202000022036;18;12;2020;17:50;2;65;65440;2;7;1;3;JUIN (BOULEVARD DU MARECHAL);43,2369400;0,0561500
19827;202000022037;18;12;2020;15:57;1;64;64445;2;2;1;3;TOURASSE;43,3093400; -0,3442000
19828;202000022038;18;12;2020;13:40;1;64;64140;2;2;1;3;2 RUE JOSEPH DUPRAT;43,5148300; -1,4860500
19829;202000022039;18;12;2020;08:10;2;64;64024;2;6;1;7;PENA (ROND POINT DE LA);43,4907100; -1,4980900
19830;202000022040;17;12;2020;13:00;1;63;63113;2;1;1;3;LAFAYETTE (BD);45,7736800;3,0880600
19831;202000022041;6;12;2020;19:45;5;62;62041;2;2;1;3;STRASBOURG ( BOULEVARD DE );50,2877200;2,7792600
19832;202000022042;18;12;2020;08:25;5;60;60159;2;3;1;6;23 Rue Saint-Lazare;49,4110000;2,8327800
19833;202000022043;18;12;2020;09:00;1;59;59152;2;9;1;1;HURLUPIN (RUE D');50,7640660;3,0099589
19834;202000022044;15;12;2020;16:00;1;59;59178;2;2;1;3;SAINT WAAST;50,3744200;3,0798500
19835;202000022045;17;12;2020;09:15;1;59;59317;2;3;1;2;HUGO  (RUE VICTOR);50,6882000;2,8999600
19836;202000022046;17;12;2020;16:43;1;54;54395;2;1;1;6;PIROUX (RUE);48,6904416;6,1744599
19837;202000022047;18;12;2020;07:30;5;54;54184;2;1;5;2;BRIGACHTAL (AVENUE DE);48,7082383;6,2435791
19838;202000022048;17;12;2020;20:00;5;54;54547;2;9;1;6;BRUXELLES (RUE DE);48,6659900;6,1707800
19839;202000022049;18;12;2020;12:10;1;51;51454;2;3;1;3;Boulevard du Val de Vesle;49,2299766;4,0611635
19840;202000022050;18;12;2020;11:30;1;51;51454;2;6;1;7;Avenue Robert Schuman;49,2333588;4,0070139
19841;202000022052;8;12;2020;18:10;5;50;50147;2;1;3;6;DIVISION LECLERC;49,0602000; -1,4351000
19842;202000022053;18;12;2020;20:15;3;49;49015;2;1;9;3;ETANG ROUTE;47,5140600; -0,6160500
19843;202000022054;18;12;2020;18:30;2;49;49246;2;1;1;1;GALLIENI AVENUE;47,4374100; -0,5129400
19844;202000022055;13;12;2020;16:52;2;49;49007;2;1;1;2;Rue des Lices;47,4687800; -0,5535300
19845;202000022056;17;12;2020;11:31;1;49;49007;2;1;1;7;MARIANNE BOULEVARD;47,4523000; -0,5249100
19846;202000022057;18;12;2020;21:00;3;45;45302;1;1;1;3;Ancienne Route de Chartres;47,9686700;1,8660300
19847;202000022059;18;12;2020;10:30;1;42;42095;2;3;1;3;Route de Roche;45,4019900;4,2912200
19848;202000022060;18;12;2020;18:15;5;38;38423;2;1;1;1;Chemin de l’Etang;45,2089000;5,7028200