;Num_Acc;jour;mois;an;hrmn;lum;dep;com;agg;int;atm;col;adr;lat;long
19849;202000022061;18;12;2020;16:10;1;38;38185;2;1;1;3;Rue Albert Reynier;45,1664600;5,7070800
19850;202000022062;18;12;2020;15:45;1;37;37261;2;1;1;-1;CHURCHILL (BOULEVARD WINSTON);47,3734534;0,6865355
19851;202000022063;17;12;2020;17:42;5;37;37261;2;1;1;-1;RIMBAUD (RUE ARTHUR);47,4268130;0,7114272
19852;202000022064;17;12;2020;17:20;2;37;37261;2;2;1;-1;MAINE (RUE DU);47,4259451;0,6824917
19853;202000022065;17;12;2020;22:10;5;37;37261;2;1;1;2;CHURCHILL (BOULEVARD WINSTON);47,3733505;0,6884567
19854;202000022066;16;12;2020;11:05;1;37;37214;2;1;1;6;BORDIERS (RUE DES);47,4168334;0,6775800
19855;202000022067;7;12;2020;12:07;1;36;36044;2;2;1;6;Rue Georges Courteline;46,8041366;1,7109258
19856;202000022068;18;12;2020;17:25;3;35;35206;1;6;2;3;RD 837;48,0771000; -1,6945600
19857;202000022070;18;12;2020;18:45;5;33;33119;2;3;1;2;Av Jean Jaurès / Rue René Bonnac;44,8574800; -0,5315900
19858;202000022071;18;12;2020;16:50;2;33;33063;2;1;1;3;RUE SUFFREN;44,8759700; -0,5560300
19859;202000022072;17;12;2020;17:00;1;33;33063;2;1;1;3;WILSON (BD DU PRESIDENT);44,8443000; -0,5992700
19860;202000022073;18;12;2020;09:40;1;33;33200;2;4;8;6;RUE DE LOS HEROS / AVE PASTEUR;44,8688700; -0,6717800
19861;202000022074;18;12;2020;11:00;1;33;33249;2;9;1;3;AVE CARNOT;44,8658100; -0,5191400
19862;202000022075;18;12;2020;08:50;1;33;33318;2;1;1;3;AVE DU DOCTEUR ALBERT SCHWEITZER;44,7993200; -0,6189600
19863;202000022076;17;12;2020;12:05;1;33;33075;2;2;1;3;RUE DE LA TOUR DE GASSIES;44,8819100; -0,6209100
19864;202000022077;17;12;2020;21:30;4;31;31555;2;1;5;7;109 Chemin du Ramelet Moundi;43,5841700;1,3805900
19865;202000022078;18;12;2020;08:16;2;31;31555;2;1;5;-1;RUE DE CAULET;43,6054140;1,3596330
19866;202000022080;18;12;2020;07:25;5;30;30189;2;1;3;2;CAPOUCHINE (CHEMIN);43,8209700;4,3521900
19867;202000022081;17;12;2020;15:30;1;29;29019;2;6;1;2;Rue Georges Kerbrat;48,4011394; -4,5256111
19868;202000022082;8;12;2020;21:40;5;27;27681;2;1;6;6;INDUSTRIE (RUE DE L');49,0978240;1,4684030
19869;202000022083;18;12;2020;15:50;1;27;27681;2;2;1;3;MONTGOMERY (AVENUE DU MARECHAL);49,0899400;1,4754900
19870;202000022084;17;12;2020;19:40;3;27;27681;1;4;1;3;EVREUX (ROUTE D');49,0767500;1,4640000
19871;202000022085;18;12;2020;17:10;5;25;25056;2;2;2;3;MONTRAPON AVENUE DE;47,2440460;6,0127110
19872;202000022086;18;12;2020;07:50;2;25;25056;2;1;2;3;STRASBOURG QUAI DE;47,2426700;6,0254400
19873;202000022087;18;12;2020;14:55;1;23;23096;2;1;1;3;FERRAGUE (RUE);46,1692300;1,8681700
19874;202000022088;17;12;2020;17:12;1;17;17306;2;3;1;3;GROTTE (DE LA) (ALLEE);45,6185600; -1,0364000
19875;202000022089;18;12;2020;20:02;2;17;17300;2;6;1;3;VERDIER   BOULEVARD ARTHUR;46,1616200; -1,1398100
19876;202000022090;18;12;2020;15:25;1;17;17300;2;2;1;6;VIELJEUX   RUE LEONCE;46,1578100; -1,1548900
19877;202000022091;17;12;2020;03:50;5;13;13204;2;3;1;1;FRANÇOISE DUPARC (BOULEVARD);43,3020000;5,4000000
19878;202000022092;17;12;2020;10:00;1;13;13206;2;1;1;6;PRADO (AVENUE DU);43,2841300;5,3847600
19879;202000022093;17;12;2020;08:15;1;13;13201;2;7;2;6;JULES GUESDE (PLACE);43,3017702;5,3740730
19880;202000022094;15;12;2020;17:05;5;13;13028;2;1;1;-1;ROVARCH (AVENUE PIERRE);43,1920100;5,6169300
19881;202000022095;17;12;2020;09:05;1;11;11262;2;1;1;3;SULLY (RUE);43,1829400;3,0013100
19882;202000022096;18;12;2020;08:55;1;11;11069;2;1;2;3;CORPS EXPEDIT FRANCAIS D'ITALIE-ROND POI;43,2130000;2,3718000
19883;202000022098;18;12;2020;21:50;5;06;06027;2;3;1;2;JUIN BOULEVARD MARECHAL;43,6606400;7,1505900
19884;202000022099;18;12;2020;14:50;1;06;06027;2;1;1;6;PASQUALINI RUE J.P.;43,6604700;7,1491200
19885;202000022101;18;12;2020;13:10;1;75;75105;2;1;1;2;BOULEVARD SAINT MICHEL;48,8447940;2,3394530
19886;202000022102;18;12;2020;09:16;1;75;75106;2;2;1;3;QUAI DE CONTI;48,8560530;2,3404860
19887;202000022103;18;12;2020;16:30;2;75;75119;2;3;1;3;RUE RIQUET;48,8886500;2,3733710
19888;202000022105;18;12;2020;14:30;1;75;75118;2;2;1;3;RUE RIQUET;48,8899220;2,3630910
19889;202000022106;18;12;2020;11:30;1;75;75116;2;1;1;3;QUAI SAINT EXUPERY;48,8360990;2,2634620
19890;202000022107;18;12;2020;07:24;2;75;75116;2;2;1;2;ROUTE DE SURESNES;48,8650450;2,2344540
19891;202000022108;17;12;2020;12:30;1;75;75116;2;1;1;3;AVENUE D IENA;48,8632090;2,2922960
19892;202000022109;17;12;2020;21:00;5;75;75116;2;4;1;3;PORTE DE PASSY;48,8580930;2,2620920
19893;202000022110;15;12;2020;13:15;1;75;75116;2;3;1;6;AVENUE RAYMOND POINCARE;48,8714810;2,2848860
19894;202000022111;18;12;2020;15:15;1;75;75113;2;2;1;2;AVENUE DE LA PORTE D ITALIE;48,8188800;2,3595400
19895;202000022112;18;12;2020;15:00;1;75;75112;2;2;1;6;AVENUE DE LA PORTE DE CHARENTON;48,8297050;2,4009960
19896;202000022113;18;12;2020;12:20;1;75;75112;2;4;1;6;RUE ERARD;48,8461490;2,3858740
19897;202000022114;17;12;2020;18:40;5;75;75112;2;3;1;3;AVENUE DAUMESNIL;48,8388960;2,3974520
19898;202000022115;18;12;2020;18:20;5;75;75108;2;7;1;3;PLACE DE NARVIK;48,8766170;2,3128910
19899;202000022116;18;12;2020;08:58;1;75;75107;2;1;8;6;QUAI VOLTAIRE;48,8588020;2,3315720
19900;202000022117;18;12;2020;09:10;1;75;75103;2;2;1;3;RUE DU VERTBOIS;48,8669520;2,3582930
19901;202000022118;18;12;2020;00:50;5;75;75103;2;2;1;7;BOULEVARD DE SEBASTOPOL;48,8641690;2,3513720
19902;202000022119;17;12;2020;12:20;1;94;94041;2;1;2;6;MARCEL HARTMANN (R);48,8065100;2,3863000
19903;202000022120;18;12;2020;14:10;1;94;94022;2;1;1;6;GAMBETTA (AV);48,7643500;2,4052100
19904;202000022121;17;12;2020;14:00;1;93;93078;2;1;8;4;BD ROBERT BALLANGER;48,9538100;2,5337700
19905;202000022122;17;12;2020;10:20;1;93;93078;2;6;8;2;BALLANGER (BD ROBERT);48,9610568;2,5548445
19906;202000022123;18;12;2020;17:00;5;93;93053;2;9;1;5;BREMENT (RUE DE) 109 A 235 - 110 A ...;48,8867238;2,4716325
19907;202000022124;18;12;2020;13:20;1;93;93048;2;2;1;3;RESISTANCE (AVENUE DE LA);48,8641400;2,4361900
19908;202000022125;16;12;2020;20:00;5;93;93057;2;1;1;6;BRIAND ( AV. ARISTIDE) 31 A 91;48,9086700;2,4996500
19909;202000022126;18;12;2020;16:15;1;92;92076;2;1;1;3;JARDY;48,8345460;2,1542564
19910;202000022127;20;11;2020;18:20;1;92;92062;2;1;1;6;BERTHELOT (RUE MARCELIN);48,8887070;2,2314920
19911;202000022128;18;12;2020;17:15;2;92;92049;2;1;1;7;VANNE RUE DE LA;48,8160072;2,3286127
19912;202000022129;18;12;2020;14:50;1;92;92048;2;1;1;1;PIERRE AUX MOINES (RUE DE LA);48,7843620;2,2288460
19913;202000022130;18;12;2020;19:45;5;92;92040;2;1;1;3;GOUVERNEUR GAL EBOUE DU 02 AU 64;48,8277500;2,2736800
19914;202000022131;24;4;2020;17:40;1;27;27681;1;1;1;3;EVREUX (ROUTE D');49,0798000;1,4510000
19915;202000022133;24;4;2020;15:50;1;06;06069;1;1;1;1;BRASSAURIE (CHEMIN DE);43,6422900;6,9642400
19916;202000022134;24;4;2020;18:00;1;75;75120;2;1;1;6;RUE PIAT;48,8724880;2,3843130
19917;202000022135;23;4;2020;08:30;1;75;75115;2;2;1;3;RUE DE LA CONVENTION;48,8367550;2,2980580
19918;202000022136;24;4;2020;12:30;1;94;94068;2;3;1;3;CHENNEVIERES (AV DE);48,7891600;2,5175100
19919;202000022138;24;4;2020;08:45;1;93;93046;2;5;8;1;AV WINSTON CHURCHILL / AV BENOIT MALON;48,9148900;2,5347100
19920;202000022139;25;4;2020;15:49;1;54;54100;2;1;1;6;43 Rue de la Haute Brin;48,7814300;6,3506980
19921;202000022140;24;4;2020;15:45;1;42;42331;1;1;1;6;339 Chemin de la Croix Verte;45,9943579;3,9503470
19922;202000022141;24;4;2020;18:30;1;31;31269;1;1;1;-1;Route de Labastidette;43,4853474;1,2687066
19923;202000022142;24;4;2020;07:25;2;11;11369;1;1;7;1;D1118;43,2545880;2,9554939
19924;202000022144;24;4;2020;16:25;1;83;83017;2;9;1;-1;Rue du Rayol;43,2459490;5,9999940
19925;202000022145;25;4;2020;06:37;2;56;56097;1;1;1;6;Moulin de Plusquen;47,7571420; -3,0849640
19926;202000022146;25;4;2020;08:45;1;76;76177;1;2;1;1;Le Thil;49,6003020;1,1776290
19927;202000022147;24;4;2020;21:55;3;80;80284;1;1;1;3;D17;49,7232450;3,0162620
19928;202000022148;25;4;2020;10:00;1;71;71373;2;1;1;6;Avenue de Katzweiler;46,5030817;5,0643822
19929;202000022149;25;4;2020;12:25;1;89;89208;1;1;1;7;D11;47,6171561;3,9031525
19930;202000022150;25;4;2020;13:10;1;12;12253;1;1;1;3;Hameau de JUILIAC;44,1677910;2,7650300
19931;202000022151;24;4;2020;21:55;3;41;41110;1;1;1;1;D976;47,2894040;1,7945480
19932;202000022152;24;4;2020;13:40;1;15;15120;1;1;1;2;Lieu Dit Serre;45,2391070;2,2990290
19933;202000022153;25;4;2020;16:55;1;01;01412;1;3;1;3;D64;46,1655540;4,9469970
19934;202000022154;20;4;2020;17:45;1;21;21500;1;1;1;7;PR 50 + 180;47,5040930;4,4586070
19935;202000022155;24;4;2020;19:00;1;85;85303;2;1;1;6;104 Rue Georges Clémenceau;46,3608300; -0,8547000
19936;202000022156;24;4;2020;11:15;1;27;27130;2;1;1;-1;La Belletiere;49,0335700;0,4545380
19937;202000022157;25;4;2020;09:20;1;976;97617;1;1;1;1;CD1; -12,7996860;45,1285310
19938;202000022158;24;4;2020;17:14;1;38;38480;1;1;1;3;Route de la Rosière;45,5578600;4,9617900
19939;202000022159;24;4;2020;18:00;1;44;44210;1;1;7;6;10 Allée Colette;47,2956700; -2,2142600
19940;202000022161;23;4;2020;16:15;1;988;98818;2;3;1;6;RUE JULES GARNIER/RUE DU DOCTEUR MIALARET; -22,2880700;166,4443500
19941;202000022162;23;4;2020;17:35;1;974;97407;2;1;1;3;COMMUNE DE PARIS (AVENUE); -20,9366800;55,2909000
19942;202000022164;23;4;2020;14:10;1;69;69383;2;2;1;3;PAUL BERT                           (R );45,7570000;4,8527000
19943;202000022166;23;4;2020;21:30;5;69;69382;2;9;1;3;KITCHENER MARCHAND                  (PT);45,7514260;4,8223514
19944;202000022167;23;4;2020;09:00;1;971;97101;1;3;1;3;AURELIE NANKY - POINTE D'OR (RUE);16,2871825; -61,4963391
19945;202000022168;22;4;2020;18:20;1;83;83090;1;9;1;6;GAIS COTEAUX (CHEMIN DES);43,1331300;5,8422500
19946;202000022169;22;4;2020;17:10;1;78;78361;2;2;1;3;RUE D ALSACE;48,9927000;1,7094200
19947;202000022170;22;4;2020;17:20;1;69;69266;2;6;1;6;RICHELIEU     (Rue);45,7603876;4,8775524
19948;202000022171;23;4;2020;22:35;5;54;54547;2;1;1;6;GAMBETTA (RUE);48,6560160;6,1676580
19949;202000022172;18;4;2020;19:20;1;54;54483;2;1;1;1;D 401;48,6339200;6,3073400
19950;202000022173;22;4;2020;12:00;1;42;42184;2;1;1;6;Rue Maréchal Foch;46,0403998;4,0366706
19951;202000022174;23;4;2020;02:15;3;41;41269;2;1;1;6;COURTIRAS (RUE DE);47,8029700;1,0448400
19952;202000022176;22;4;2020;17:15;1;34;34172;2;3;2;6;ALCO (RUE D';43,6162500;3,8409720
19953;202000022177;23;4;2020;01:35;5;33;33063;2;2;8;3;Avenue de la République / Rue Solle (Caudéran);44,8398900; -0,6033500
19954;202000022178;23;4;2020;09:39;1;10;10387;2;1;1;6;HAUTE CHARME (RUE);48,3094200;4,0578000
19955;202000022179;22;4;2020;18:00;1;08;08105;2;1;1;6;NOUZONVILLE;49,7887400;4,7281300
19956;202000022180;23;4;2020;09:15;1;75;75117;2;1;1;3;AVENUE DE WAGRAM;48,8826320;2,3014920
19957;202000022181;23;4;2020;20:30;5;75;75112;2;3;1;6;RUE MONTGALLET;48,8424300;2,3854070
19958;202000022182;23;4;2020;15:36;1;94;94046;2;1;1;6;GENERAL DE GAULLE (AV DU);48,8102700;2,4235000
19959;202000022183;23;4;2020;16:45;1;47;47295;1;2;1;3;D253;44,5041020;0,7827220
19960;202000022184;23;4;2020;21:00;5;69;69100;2;6;1;6;D315;45,6846010;4,8277030
19961;202000022186;23;4;2020;14:00;1;55;55551;1;1;1;6;RD 908;49,0082451;5,6944937
19962;202000022187;24;4;2020;11:20;1;46;46273;2;2;1;3;Avenue Charles de Gaulle;44,8691690;1,8744780
19963;202000022188;23;4;2020;16:00;1;25;25259;2;1;1;7;Rue du Lhotaud;46,8565120;6,1624050
19964;202000022189;23;4;2020;20:25;1;73;73303;2;1;1;7;Rue du Centenaire;45,7570670;6,4116920
19965;202000022190;20;4;2020;18:30;2;28;28292;1;1;1;6;Bois de Pijosson;48,6965410;1,4713530
19966;202000022191;24;4;2020;03:00;3;28;28351;1;1;1;6;D140;48,5832080;1,2057550
19967;202000022192;17;4;2020;19:30;1;68;68278;2;1;1;3;22 Rue de Belgique;47,7469095;7,4133917
19968;202000022193;24;4;2020;05:20;2;52;52353;2;4;1;6;23 Rue de Verdun;48,0264820;5,3375480
19969;202000022194;23;4;2020;21:00;2;09;09236;2;1;1;6;Avenue des Guerilleros;42,9237580;1,6259530
19970;202000022195;23;4;2020;15:25;1;62;62355;2;9;1;3;Route Departementale 950;50,3343470;2,9355030
19971;202000022196;23;4;2020;20:30;2;91;91661;1;1;1;7;AUTOROUTE A10;48,6856220;2,2143340
19972;202000022197;23;4;2020;00:15;5;94;94003;1;1;1;7;AUTOROUTE A6A;48,8086000;2,3393000
19973;202000022198;23;4;2020;06:30;2;93;93066;1;1;1;5;AUTOROUTE A1;48,9290300;2,3596900
19974;202000022199;22;4;2020;19:20;1;93;93064;1;1;1;4;AUTOROUTE A86;48,8816700;2,4743100
19975;202000022200;22;4;2020;19:27;1;93;93029;1;1;1;7;AUTOROUTE A86;48,9252600;2,4248700
19976;202000022201;22;4;2020;08:10;1;69;69388;2;2;1;1;AMBROISE PARE                       (BD);45,7358700;4,8830400
19977;202000022202;22;4;2020;13:48;1;69;69381;2;1;1;3;MORAND                              (PT);45,7686800;4,8393000
19978;202000022204;21;4;2020;15:49;1;87;87085;1;1;1;3;AUTOROUTE A20;45,8466600;1,2769100
19979;202000022205;21;4;2020;23:30;1;76;76351;1;6;3;6;r salvador allende;49,5044620;0,1361080
19980;202000022206;28;2;2020;11:45;1;76;76351;2;2;1;6;AUGUSTIN NORMAND;49,4859000;0,1034000
19981;202000022207;22;4;2020;18:00;1;69;69266;2;1;1;6;JULES GRANDCLEMENT    (Place);45,7585563;4,8864108
19982;202000022208;22;4;2020;14:45;1;60;60159;2;2;1;3;SCHWEITZER (DU DOCTEUR);49,4005077;2,7989579
19983;202000022209;22;4;2020;15:15;1;59;59599;2;1;1;2;TIBERGHIEN (RUE SIMON);50,7313600;3,1614400
19984;202000022210;22;4;2020;22:00;5;42;42187;2;1;1;6;Rue Pierre Dépierre;46,0318564;4,0763884
19985;202000022211;16;4;2020;05:15;5;38;38151;2;2;1;6;Avenue Colonel Manhès;45,1466000;5,7014000
19986;202000022212;7;4;2020;12:00;1;33;33063;2;2;1;1;Avenue Thiers / Rue de Lauzac;44,8525000; -0,5400900
19987;202000022213;21;4;2020;11:30;1;13;13212;2;1;2;1;MONTOLIVET (AVENUE DE);43,3170000;5,4180000
19988;202000022214;22;4;2020;16:05;1;10;10387;2;1;1;1;VOULDY (CHAUSSEE DU);48,2908000;4,0889000
19989;202000022215;22;4;2020;12:53;1;75;75105;2;1;1;6;BOULEVARD SAINT MICHEL;48,8425810;2,3382530
19990;202000022216;22;4;2020;09:20;1;75;75105;2;2;1;3;BOULEVARD SAINT GERMAIN;48,8494290;2,3544070
19991;202000022217;22;4;2020;21:40;5;75;75120;2;5;1;6;BOULEVARD PERIPHERIQUE;48,8775910;2,4083500
19992;202000022218;22;4;2020;14:25;1;75;75120;2;3;1;7;RUE DE MENILMONTANT;48,8680280;2,3870290
19993;202000022219;21;4;2020;22:00;5;75;75120;2;2;1;3;RUE DE BELLEVILLE;48,8760000;2,4025620
19994;202000022220;21;4;2020;11:30;1;75;75115;2;1;1;2;RUE LECOURBE;48,8417830;2,2998600
19995;202000022221;22;4;2020;13:53;1;75;75113;2;1;1;3;RUE DE TOLBIAC;48,8259150;2,3523680
19996;202000022222;22;4;2020;18:45;1;75;75111;2;3;1;7;RUE DE CHARONNE;48,8555020;2,3896470
19997;202000022223;22;4;2020;10:05;1;75;75107;2;3;1;6;RUE MONSIEUR;48,8498900;2,3166550
19998;202000022224;22;4;2020;20:00;1;75;75101;2;2;1;3;RUE DES LAVANDIERES SAINTE OPPORTUNE;48,8590930;2,3464330
19999;202000022225;22;4;2020;18:45;1;94;94067;2;1;1;6;DAUMESNIL (AV);48,8349700;2,4197700
20000;202000022226;17;4;2020;16:50;1;94;94033;2;2;1;-1;GALLIENI (BD);48,8487400;2,4777200
20001;202000022227;22;4;2020;19:15;1;93;93005;2;9;1;6;NONNEVILLE (AVENUE DE);48,9252210;2,5047010
20002;202000022228;11;4;2020;10:45;1;06;06149;1;1;1;6;Route de Laghet;43,7485600;7,3659250
20003;202000022229;23;4;2020;02:00;3;55;55338;1;1;1;7;D102;49,4008640;5,2165910
20004;202000022230;23;4;2020;17:10;1;25;25351;1;9;7;1;D41 PK5+700;47,1709420;6,6664270
20005;202000022231;22;4;2020;19:00;1;25;25240;1;1;1;5;33 Rue du Doubs;47,0499570;6,6254050
20006;202000022232;23;4;2020;16:15;1;02;02445;2;1;1;6;2 Rue de Verdun;49,9253760;3,9634840
20007;202000022233;23;4;2020;12:55;1;01;01374;1;2;1;3;D1075;46,1186300;5,2973280
20008;202000022234;23;4;2020;05:35;3;72;72096;1;2;1;3;Intersection D88 - D357 - RUE DE LA VAUNOISE;48,0185920;0,0109600
20009;202000022235;22;4;2020;12:00;1;14;14367;1;1;1;1;Chemin de Balençon;49,2356850; -1,0356280
20010;202000022236;22;4;2020;18:30;1;73;73196;2;1;1;7;D104 Route de Bongain;45,6838330;6,3862270
20011;202000022237;22;4;2020;19:15;1;10;10353;1;1;7;6;Rue du Prieure;48,4411450;3,9175000
20012;202000022238;17;4;2020;08:15;1;16;16062;1;3;1;3;Ld Maison Neuve;45,4285613; -0,0298681
20013;202000022239;22;4;2020;21:40;3;28;28120;1;1;1;6;D4;48,6957760;1,1383080
20014;202000022240;22;4;2020;22:47;3;18;18138;1;1;1;6;A71;47,0910750;2,2512100
20015;202000022241;22;4;2020;12:06;1;68;68253;1;1;7;4;A36;47,7828120;7,4835870
20016;202000022242;23;4;2020;16:25;1;89;89197;1;1;1;6;Autoroute A6, dans le sens PARIS-LYON, Point Kilométrique 212+700;47,5034930;4,0304370
20017;202000022243;22;4;2020;22:55;3;26;26250;1;1;1;1;1440 Route de Lyon;45,0217940;4,8685100
20018;202000022244;22;4;2020;20:20;1;88;88324;2;1;1;6;3 Rue du Pont;48,2964810;5,8770310
20019;202000022245;23;4;2020;16:25;1;54;54208;1;1;1;6;RD611;48,7457053;5,9474874
20020;202000022246;22;4;2020;17:45;1;38;38110;1;1;1;5;Route des Dauphines;45,5844000;4,8907100
20021;202000022249;22;4;2020;15:35;1;13;13215;1;1;2;6;A7-Sens Marseille vers Lyon;43,3400700;5,3778000
20022;202000022250;22;4;2020;09:20;1;13;13202;2;1;2;7;A55-Sens Martigues vers Marseille;43,3128000;5,3664000
20023;202000022251;22;4;2020;03:25;3;91;91340;1;1;1;6;RN 104;48,6084200;2,4372700
20024;202000022253;21;4;2020;20:50;2;78;78043;1;1;1;6;A13W;48,8451510;2,0866850
20025;202000022254;22;4;2020;07:20;1;92;92036;1;1;1;5;AUTOROUTE A15;48,9458000;2,2835000
20026;202000022255;21;4;2020;23:20;3;93;93005;1;1;1;6;AUTOROUTE A3;48,9666700;2,4776500
20027;202000022256;9;2;2020;11:30;1;76;76447;2;1;1;6;PRESIDENT WILSON;49,5373000;0,1780000
20028;202000022257;13;1;2020;08:00;2;76;76305;2;3;1;6;OUDALLE (ROUTE);49,5033400;0,2074000
20029;202000022259;21;4;2020;13:10;1;69;69387;2;3;1;2;TONY GARNIER                        (AV);45,7280000;4,8241000
20030;202000022260;21;4;2020;08:06;1;77;77368;1;1;1;6;PARC (AVENUE DU);48,5410150;3,2758187
20031;202000022261;19;4;2020;01:20;5;76;76366;2;1;1;6;11 NOVEMBRE. RUE DU;49,5191200;1,0324200
20032;202000022262;18;4;2020;09:40;1;76;76451;2;1;1;3;FOND DU VAL. ALLEE DU;49,4543100;1,0729000
20033;202000022263;21;4;2020;13:20;1;72;72181;2;1;1;3;BEAUGE (RUE DE);48,0157400;0,1454300
20034;202000022264;21;4;2020;16:30;1;71;71309;1;9;1;6;LA FERME DES GROISONS;46,7898400;4,4015104
20035;202000022265;21;4;2020;11:25;1;71;71153;2;2;1;6;Route de Marmagne;46,8087561;4,3948270
20036;202000022266;15;4;2020;20:00;2;69;69013;2;1;1;1;BERTHELOT (rue);45,9993483;4,7311293
20037;202000022267;21;4;2020;21:32;5;65;65440;2;2;3;1;ALSACE LORRAINE (AVENUE);43,2473000;0,0730500
20038;202000022268;14;4;2020;11:20;1;56;56098;2;1;1;6;KERFREHOUR (RUE DE);47,7642900; -3,3336200
20039;202000022269;20;4;2020;17:30;1;34;34172;2;2;2;3;JUSTICE DE CASTELNAU (AVENUE DE LA);43,6260600;3,8821600
20040;202000022270;21;4;2020;03:45;3;33;33281;2;9;1;6;AVE FRANCOIS MITTERRAND / ROCADE A630 Sortie 12 -E12-;44,8175800; -0,6714400
20041;202000022271;21;4;2020;19:31;1;10;10333;2;1;1;7;FREDERIC MISTRAL (RUE);48,2806800;4,0469200
20042;202000022273;15;4;2020;14:51;1;75;75113;2;5;1;6;RUE DE PATAY;48,8276680;2,3713710
20043;202000022274;21;4;2020;13:15;1;75;75114;2;3;1;3;AVENUE DU MAINE;48,8399780;2,3216820
20044;202000022275;21;4;2020;10:30;1;75;75111;2;4;1;6;BOULEVARD VOLTAIRE;48,8528430;2,3884610
20045;202000022277;20;4;2020;22:50;5;94;94033;2;1;1;6;REPUBLIQUE (AV DE LA);48,8526000;2,4665600
20046;202000022278;21;4;2020;06:50;1;94;94017;2;3;1;2;AMBROISE CROIZAT (AV);48,8192528;2,5269849
20047;202000022279;21;4;2020;12:06;1;93;93051;2;1;1;7;NEUILLY (ROUTE);48,8493885;2,5370160
20048;202000022280;21;4;2020;15:50;1;93;93046;2;5;8;1;WINSTON CHURCHILL AVENUE;48,9148900;2,5347100
20049;202000022281;21;4;2020;17:50;1;93;93007;2;2;1;3;"""PAUL VAILLANT COUTURIER (AVENUE """"DU 01";48,9294000;2,4800000
20050;202000022282;21;4;2020;09:50;1;92;92075;2;1;1;3;PAIX (AVENUE DE LA);48,8160800;2,2758500
20051;202000022283;21;4;2020;11:25;1;92;92026;2;1;1;6;VERDUN (DE 62 A FIN);48,9023016;2,2588786
20052;202000022284;19;4;2020;19:40;1;92;92025;2;1;1;-1;GABRIEL PERI (RUE);48,9181870;2,2387940
20053;202000022285;21;4;2020;17:10;1;92;92023;2;1;1;6;MOULIN DE PIERRE (RUE DU);48,8082300;2,2647000
20054;202000022286;21;4;2020;10:00;1;22;22213;2;1;1;7;rue de la poste;48,5273030; -2,0041840
20055;202000022287;20;4;2020;22:50;3;41;41032;1;1;1;7;D173;47,5511190;1,2976470
20056;202000022288;22;4;2020;16:20;1;76;76562;2;1;1;3;Rue Claude Groulard;49,8692870;1,1765890
20057;202000022289;21;4;2020;20:10;1;56;56186;1;1;1;6;Rue du Vivier;47,4837367; -3,1418374
20058;202000022290;22;4;2020;08:50;1;79;79012;1;2;1;1;;46,4656640; -0,5777000
20059;202000022291;22;4;2020;17:15;1;38;38538;2;1;1;1;Route de Chambéry;45,2236300;5,8710000
20060;202000022292;21;4;2020;18:25;1;45;45279;1;1;1;6;D163 - PR8+450;47,9794950;2,8494500
20061;202000022293;22;4;2020;11:10;1;28;28014;1;1;1;6;D928;48,6506390;1,2927440
20062;202000022294;22;4;2020;16:45;1;17;17365;1;3;1;3;RD 910b;45,2040970; -0,1839990
20063;202000022295;21;4;2020;16:45;1;69;69069;2;3;1;3;79 Voie Romaine;45,7506890;4,7407130
20064;202000022296;21;4;2020;14:40;1;13;13056;1;1;2;7;A55-Sens Martigues vers Marseille;43,3978400;5,0462710
20065;202000022297;20;4;2020;00:01;5;91;91549;2;9;1;6;RN 104;48,6282200;2,3399900
20066;202000022298;11;4;2020;08:30;1;31;31248;2;1;1;6;Avenue du comminges;43,4538559;1,3926151
20067;202000022299;6;2;2020;17:15;2;76;76351;2;2;1;6;ANDRE CARRETTE;49,4895200;0,1167100
20068;202000022300;21;4;2020;05:35;2;988;98818;2;3;2;3;RUE BETFORT/AVENUE BONAPARTE; -22,2333400;166,4668100
20069;202000022302;20;4;2020;19:00;1;69;69259;2;1;8;2;MONTELIER (DU)                      (R );45,6991300;4,8959000
20070;202000022303;16;4;2020;16:50;1;69;69034;2;1;1;3;SOLDATS (DES)                       (MO);45,7913600;4,8607400
20071;202000022304;20;4;2020;08:05;1;91;91421;1;1;1;3;NATIONALE 6 (PARTIE FORET);48,6903300;2,4582100
20072;202000022305;20;4;2020;18:20;1;72;72181;1;1;1;1;ROUMANIE (RUE DE);47,9961000;0,2076300
20073;202000022306;20;4;2020;18:40;1;69;69029;2;2;1;3;HONORE PETETIN                      (R );45,7372700;4,9084100
20074;202000022307;20;4;2020;13:00;1;69;69256;2;1;1;3;GABRIEL PERI                        (AV);45,7720700;4,9109600
20075;202000022308;20;4;2020;12:31;1;69;69256;2;1;1;-1;JEAN MARIE MERLE                    (R );45,7780200;4,9103000
20076;202000022309;18;4;2020;20:40;5;67;67482;2;1;1;6;Allée des Droits de l'Homme;48,5963300;7,7757000
20077;202000022311;17;4;2020;19:03;1;66;66136;2;1;1;3;DALBIEZ (AVENUE VICTOR);42,6931600;2,8878100
20078;202000022312;20;4;2020;14:30;1;35;35238;1;1;2;6;PREVALAYE (CHEMIN DE LA);48,0909180; -1,7388690
20079;202000022313;26;2;2020;15:50;2;35;35281;2;9;1;3;MERMOZ (BOULEVARD JEAN);48,0935900; -1,7007300
20080;202000022314;20;4;2020;16:20;1;13;13117;1;6;2;3;ROUTE DEPARTEMENTALE 20;43,4519000;5,2311100