;Num_Acc;jour;mois;an;hrmn;lum;dep;com;agg;int;atm;col;adr;lat;long
20081;202000022315;20;4;2020;06:20;5;13;13213;2;2;2;3;VALDONNE (AVENUE DE);43,3222664;5,4124779
20082;202000022316;18;4;2020;17:40;1;12;12202;2;1;1;6;Avenue de Saint Pierre;44,3546500;2,5551300
20083;202000022317;20;4;2020;12:45;1;75;75117;2;4;1;2;RUE LABIE;48,8790520;2,2875760
20084;202000022318;20;4;2020;19:00;1;75;75115;2;2;1;3;AVENUE FELIX FAURE;48,8402980;2,2858950
20085;202000022319;20;4;2020;20:50;5;75;75111;2;1;1;6;BOULEVARD VOLTAIRE;48,8511750;2,3912390
20086;202000022320;19;1;2020;02:30;3;62;62225;1;1;2;6;SAINT-OMER (ROUTE DE...............);50,7726970;2,3145710
20087;202000022321;19;1;2020;03:05;3;59;59253;1;1;2;6;D935;50,4236360;3,5963860
20088;202000022322;18;1;2020;07:20;5;56;56121;2;6;1;3;TOULLEC (RUE  FRANCOIS );47,7334900; -3,3853200
20089;202000022323;20;1;2020;09:34;1;54;54431;2;1;7;6;BREUIL (ALLEE DU);48,9212310;6,0594240
20090;202000022324;20;1;2020;16:45;1;51;51454;2;6;1;3;Place Max Rousseaux;49,2644600;4,0097648
20091;202000022325;20;1;2020;16:20;1;51;51454;2;1;1;7;Rue du Ruisselet;49,2453196;4,0391282
20092;202000022326;19;1;2020;12:40;1;51;51454;2;6;1;3;Avenue Paul Marchandeau;49,2422159;4,0249383
20093;202000022327;17;1;2020;08:45;1;51;51230;2;1;3;1;Avenue de Champagne;49,0414191;3,9687790
20094;202000022328;19;1;2020;10:40;1;50;50602;2;2;1;6;LECLERC (RUE DU GENERAL);49,6392400; -1,6052000
20095;202000022329;18;1;2020;10:34;1;49;49007;2;1;1;6;CLOUET;47,4806800; -0,5664000
20096;202000022331;20;1;2020;09:00;2;45;45284;2;3;1;7;Rue de la Godde - Rue du Petit Vomimbert;47,9223100;1,9718700
20097;202000022332;18;1;2020;17:30;2;44;44184;2;1;1;2;RN 471;47,2874000; -2,2099000
20098;202000022333;16;1;2020;08:25;1;44;44184;2;6;1;6;BERLIOZ (AVENUE HECTOR);47,2673100; -2,2338000
20099;202000022334;20;1;2020;12:50;2;44;44109;2;1;1;-1;Boulevard Maréchal Alphonse Juin;47,1980066; -1,5954852
20100;202000022335;20;1;2020;09:30;1;44;44162;2;1;1;2;Boulevard Charles de Gaulle;47,2152630; -1,6393230
20101;202000022336;20;1;2020;10:28;1;42;42044;2;1;1;6;Rue Gambetta;45,3968416;4,3288835
20102;202000022337;20;1;2020;14:20;1;37;37261;2;6;1;3;POMPIDOU (AVENUE GEORGES);47,3948636;0,7046124
20103;202000022338;20;1;2020;07:53;3;37;37233;2;1;1;2;JAURES (BOULEVARD JEAN);47,3943500;0,7257440
20104;202000022339;20;1;2020;13:15;1;35;35238;2;9;1;3;NITSCH (CARREFOUR GEORGES);48,1019200; -1,6842300
20105;202000022340;20;1;2020;18:15;3;33;33122;1;2;8;1;AVE DU GENERAL LECLERC / AVE SALVADOR ALLENDE / RUE DE LA POUDRIERE / AVE DU MARECHAL DE LATTRE DE TASSIGNY (D1250);44,7822970; -0,6889480
20106;202000022341;14;1;2020;09:04;1;33;33063;2;1;1;3;54 Boulevard du Président Wilson;44,8388600; -0,5990800
20107;202000022342;10;1;2020;11:30;1;33;33281;2;6;1;3;AVE MARCEL DASSAULT / AVE JACQUELINE AURIOL / AVE DE LA GRANGE NOIRE;44,8479283; -0,6796903
20108;202000022343;18;1;2020;22:25;5;31;31555;2;1;1;2;AV DE REYNERIE;43,5744000;1,4053500
20109;202000022344;18;1;2020;00:45;5;31;31555;2;2;1;3;BD PIERRE SEMARD;43,6140800;1,4509500
20110;202000022345;17;1;2020;19:35;5;31;31555;1;1;2;5;VA007331 A620;43,6068400;1,4069100
20111;202000022347;20;1;2020;06:19;3;29;29232;1;1;1;7;D365 - Avenue du Morbihan;47,9785400; -4,0591500
20112;202000022348;19;1;2020;11:50;1;27;27681;2;9;1;6;RIQUIER (RUE);49,0939000;1,4824000
20113;202000022349;16;1;2020;16:25;1;22;22360;1;6;3;6;ARMOR (RUE D');48,4838488; -2,7346887
20114;202000022350;17;1;2020;17:15;1;22;22278;2;1;1;3;RIBOT (THEODULE);48,5176300; -2,7795600
20115;202000022351;20;1;2020;17:45;4;13;13208;2;1;1;6;PRADO (AVENUE DU);43,2720860;5,3902910
20116;202000022352;19;1;2020;16:40;2;13;13202;1;2;1;3;URBAIN V (RUE);43,3153980;5,3681850
20117;202000022353;19;1;2020;19:30;5;12;12089;2;1;1;6;MIRAMONT;44,5544740;2,2533720
20118;202000022354;17;1;2020;17:30;1;10;10387;2;1;1;6;MARIE CURIE (RUE);48,2720000;4,0770000
20119;202000022355;20;1;2020;06:50;5;10;10362;2;2;1;3;CHANTELOUP (CD);48,2971570;4,0414840
20120;202000022356;19;1;2020;06:15;3;09;09225;1;1;1;7;ROUTE NATIONALE 20 (VOIE RAPIDE);43,1001300;1,6328000
20121;202000022357;19;1;2020;17:15;2;05;05023;2;1;1;7;SYLVESTRE (RUE JOSEPH);44,8850600;6,6335900
20122;202000022358;18;1;2020;09:00;1;03;03095;2;1;1;1;;46,1545953;3,4934703
20123;202000022359;20;1;2020;17:20;1;75;75113;2;4;1;5;BD PERIPHERIQUE INTERIEUR;48,8165580;2,3642940
20124;202000022360;20;1;2020;15:10;1;75;75117;2;4;7;6;BD PERIPHERIQUE EXTERIEUR;48,8821587;2,2826512
20125;202000022361;20;1;2020;06:40;2;75;75120;2;4;1;4;BD PERIPHERIQUE EXTERIEUR;48,8614564;2,4139377
20126;202000022362;20;1;2020;18:20;5;75;75105;2;1;1;6;RUE MONGE;48,8394980;2,3511760
20127;202000022363;1;1;2020;18:45;3;75;75113;2;2;2;-1;RUE DE TOLBIAC;48,8272918;2,3685193
20128;202000022364;20;1;2020;16:20;1;75;75117;2;2;1;3;RUE DES MOINES;48,8919104;2,3221491
20129;202000022365;20;1;2020;11:30;1;75;75117;2;3;1;3;BOULEVARD BERTHIER;48,8937705;2,3117799
20130;202000022366;20;1;2020;09:20;1;75;75117;2;4;1;3;AVENUE MAC MAHON;48,8772978;2,2944375
20131;202000022367;20;1;2020;15:10;1;75;75116;2;2;1;3;AVENUE MARCEAU;48,8685417;2,2989066
20132;202000022368;20;1;2020;08:35;1;75;75116;2;1;1;5;ROUTE DE LA MUETTE A NEUILLY;48,8732540;2,2643240
20133;202000022369;20;1;2020;09:20;1;75;75116;2;1;1;3;AVENUE GEORGES LAFONT;48,8355680;2,2555880
20134;202000022370;20;1;2020;16:50;1;75;75115;2;1;1;6;RUE DE LA CONVENTION;48,8370434;2,2970485
20135;202000022371;20;1;2020;07:55;1;75;75111;2;2;1;3;AVENUE PHILIPPE AUGUSTE;48,8557552;2,3913181
20136;202000022372;20;1;2020;19:30;5;75;75110;2;1;1;6;BOULEVARD DE STRASBOURG;48,8711531;2,3552950
20137;202000022373;20;1;2020;11:00;1;75;75110;2;3;1;6;RUE DE DUNKERQUE;48,8802484;2,3536558
20138;202000022374;20;1;2020;18:40;5;75;75109;2;5;1;6;RUE LA FAYETTE;48,8750980;2,3409640
20139;202000022375;20;1;2020;16:55;1;75;75101;2;2;1;6;RUE DE RIVOLI;48,8598842;2,3439942
20140;202000022376;20;1;2020;15:20;1;75;75103;2;2;1;3;RUE DE TURBIGO;48,8668059;2,3620082
20141;202000022377;20;1;2020;14:40;1;75;75103;2;1;1;3;RUE VIEILLE DU TEMPLE;48,8610710;2,3628690
20142;202000022378;20;1;2020;19:35;5;94;94046;2;1;1;3;REPUBLIQUE (AV DE LA);48,8068700;2,4443100
20143;202000022379;20;1;2020;14:40;1;94;94046;2;5;1;6;GENERAL DE GAULLE (AV DU);48,8152000;2,4206000
20144;202000022380;20;1;2020;17:45;5;94;94028;2;1;1;3;VERDUN.(AVENUE DE);48,7960000;2,4630000
20145;202000022381;20;1;2020;12:00;1;94;94069;2;2;1;3;MARECHAL DE LATTRE DE TASSIGNY (AV);48,8240300;2,4200000
20146;202000022383;20;1;2020;20:00;4;93;93078;1;1;1;6;NATIONS (AVENUE DES);48,9699600;2,5204000
20147;202000022384;20;1;2020;09:45;1;93;93070;2;9;1;6;ALLIANCE (RUE DE L');48,9102544;2,3364585
20148;202000022385;20;1;2020;08:35;2;93;93015;2;3;1;3;REMISE CHEMIN DE LA;48,9125600;2,5789530
20149;202000022386;20;1;2020;16:00;1;93;93031;2;1;1;2;HENRI WALLON;48,9538028;2,3203341
20150;202000022387;20;1;2020;14:10;1;93;93005;2;1;1;3;R MARCEL SEMBAT;48,9357300;2,4873200
20151;202000022388;19;1;2020;17:28;2;93;93001;2;3;1;5;AV DU PRESIDENT ROOSEVELT / R DES GRANDES MURAILLES;48,9199054;2,3777681
20152;202000022389;20;1;2020;17:10;2;92;92064;2;2;1;3;REPUBLIQUE;48,8494050;2,2137706
20153;202000022390;20;1;2020;08:25;2;92;92064;2;1;1;6;MARECHAL FOCH;48,8475808;2,2094214
20154;202000022391;18;1;2020;15:20;1;92;92063;2;1;1;2;HOPITAL STELL (BOULEVARD DE L');48,8789467;2,1862578
20155;202000022392;20;1;2020;19:15;5;92;92044;2;1;1;6;HUIT MAI 1945 (PLACE DU);48,8966900;2,2983800
20156;202000022393;19;1;2020;09:42;1;92;92036;2;3;1;6;GENERAL DE GAULLE (AVENUE);48,9337740;2,3134280
20157;202000022394;20;1;2020;08:35;1;92;92025;2;1;1;6;Rue Gabriel Péri;48,9182010;2,2388340
20158;202000022395;20;1;2020;10:30;1;92;92023;2;5;1;6;PICARDIE (RUE DE);48,7865020;2,2453950
20159;202000022396;20;1;2020;19:15;2;92;92007;2;3;1;3;BRIAND (AVENUE ARISTIDE) N° 100 A 160;48,7972063;2,3221648
20160;202000022397;18;1;2020;18:00;2;92;92002;2;1;1;3;DIVISION LECLERC (53 A 217 - 58 A 186);48,7429800;2,3029010
20161;202000022398;20;1;2020;08:25;1;22;22259;2;1;1;1;D68;48,4619590; -2,0711750
20162;202000022399;20;1;2020;17:29;2;22;22209;2;1;1;7;10 Rue des Ormelets;48,5807000; -2,1444800
20163;202000022400;21;1;2020;15:00;1;49;49099;1;1;7;6;Le Grand Noyer;47,0987190; -0,8319160
20164;202000022401;20;1;2020;16:45;2;68;68173;1;1;1;1;D11.1;48,1148010;7,2171240
20165;202000022402;19;1;2020;02:00;5;972;97201;2;1;1;1;N3;14,8316990; -61,1031270
20166;202000022403;17;1;2020;07:55;1;30;30262;1;3;1;3;D982;44,0309000;4,4794000
20167;202000022404;21;1;2020;07:15;5;62;62870;2;1;5;5;95 Route Nationale;50,4094590;1,7247720
20168;202000022405;16;1;2020;19:40;3;56;56090;2;6;2;6;2 Rue Emile Zola;47,8268169; -3,2496357
20169;202000022406;18;1;2020;19:45;3;74;74234;1;1;1;3;RD 1508;45,7585760;6,3164750
20170;202000022407;19;1;2020;14:45;1;76;76100;1;2;1;3;Gruchy Hameau;49,5008300;1,2627930
20171;202000022408;21;1;2020;05:00;3;79;79242;1;1;9;7;;46,9165840; -0,5674600
20172;202000022409;21;1;2020;12:40;1;65;65375;2;2;1;1;Rue Labastide de Clairence;43,3869460;0,1513470
20173;202000022410;21;1;2020;15:30;1;55;55537;1;1;1;1;Route départementale 112 + PK 009.350;49,2055510;5,4754970
20174;202000022411;20;1;2020;18:55;5;68;68068;2;2;1;3;40 Rue de Cernay;47,6335440;7,1226880
20175;202000022412;18;1;2020;19:49;3;25;25280;2;1;1;6;35 Route du Jura;47,2578970;6,9460990
20176;202000022413;19;1;2020;07:45;2;29;29109;1;1;1;6;D68 - Lieu-dit Saint-Gonvarc'h;48,5118605; -4,7254160
20177;202000022414;13;1;2020;22:15;3;31;31239;2;1;1;1;place du forail;43,3804950;0,8390240
20178;202000022415;21;1;2020;17:55;3;01;01389;1;2;1;3;Grand Romanans;46,0432980;4,9383600
20179;202000022416;21;1;2020;15:30;1;45;45245;1;1;1;6;R ST MARTIN;47,6741980;2,8124650
20180;202000022417;15;1;2020;23:20;3;07;07117;1;1;8;6;D4;44,4741210;4,1965300
20181;202000022418;8;1;2020;14:45;1;40;40310;1;3;1;3;Pouyanne;43,7913530; -1,3339730
20182;202000022419;21;1;2020;11:20;1;04;04124;2;2;1;3;Ch du Vallon / Ch de Riez;43,7822650;6,0948260
20183;202000022420;21;1;2020;13:55;1;85;85008;1;1;1;3;RD 747 - La tignonnière;46,6172500; -1,4436800
20184;202000022421;14;1;2020;14:30;1;65;65417;1;1;1;7;A64;43,2156479;0,1180175
20185;202000022422;20;1;2020;08:00;2;44;44035;1;1;1;3;A11;47,2723570; -1,5552520
20186;202000022423;20;1;2020;18:30;3;77;77412;1;1;1;2;N37;48,4742970;2,5169700
20187;202000022425;20;1;2020;00:00;5;971;97111;2;1;1;6;Ferry;16,2727940; -61,8057230
20188;202000022426;19;1;2020;18:10;5;77;77272;2;1;1;6;9 Rue de la Voie Romaine - D209;48,5602610;3,1483320
20189;202000022427;20;1;2020;00:30;3;34;34307;2;1;1;6;Route de Montpellier D-54;43,7015080;4,0079710
20190;202000022428;20;1;2020;14:50;1;13;13014;2;1;1;6;Cours Mirabeau;43,4763480;5,1674330
20191;202000022429;20;1;2020;17:29;2;13;13107;2;1;1;-1;994 Avenue du Général de Gaulle;43,4367730;5,4252640
20192;202000022430;21;1;2020;14:05;1;01;01249;2;1;1;6;Rue Joseph Carre;45,8268140;4,9529670
20193;202000022431;18;1;2020;04:00;3;53;53094;1;1;1;7;RN 162- PK 31 +200;48,0120240; -0,7285380
20194;202000022432;19;1;2020;16:30;2;62;62560;1;1;3;6;A16;50,8100840;1,6943410
20195;202000022435;20;1;2020;07:00;5;33;33096;1;1;1;5;AUTOROUTE A 10;44,8900400; -0,5032400
20196;202000022436;20;1;2020;18:30;4;91;91377;1;1;1;3;RD 188;48,7203600;2,2720300
20197;202000022437;20;1;2020;07:30;3;91;91182;1;1;1;3;RN 104;48,6186000;2,4266000
20198;202000022439;19;1;2020;07:05;3;92;92047;1;1;1;6;A13;48,8359825;2,1821722
20199;202000022440;18;1;2020;19:56;3;78;78206;1;1;1;2;A13;48,9480000;1,9463700
20200;202000022441;20;1;2020;12:00;1;94;94033;1;1;1;3;A86.EXT;48,8491582;2,4907287
20201;202000022442;16;1;2020;12:00;1;77;77294;1;1;1;2;A104;48,9647927;2,6100694
20202;202000022443;18;1;2020;22:20;4;987;98735;2;1;1;2;POMARE (BVD); -17,5445063; -149,5783876
20203;202000022444;18;1;2020;21:40;5;974;97416;2;1;1;6;Rue Leconte Delisle; -21,2913700;55,4616000
20204;202000022445;18;1;2020;23:40;5;69;69388;2;1;1;2;PAUL CAZENEUVE                      (R );45,7314298;4,8598314
20205;202000022446;19;1;2020;20:18;5;972;97213;1;1;1;4;AUTOROUTE A1;14,6180000; -61,0340000
20206;202000022447;18;1;2020;17:49;5;69;69384;2;2;1;3;PHILIPPE DE LASSALLE                (R );45,7795800;4,8204900
20207;202000022448;19;1;2020;14:55;1;971;97120;2;1;1;6;PAUL LACAVE;16,2442100; -61,5323100
20208;202000022449;18;1;2020;08:50;1;971;97113;1;1;1;2;RN4 - SECTION RIVIERA;16,2181635; -61,5096188
20209;202000022450;19;1;2020;06:30;5;91;91161;2;1;4;1;CHARLES DE GAULLE (AVENUE);48,7048480;2,3226510
20210;202000022452;19;1;2020;02:15;5;69;69266;2;2;1;3;ROGER SALENGRO     (Avenue);45,7783938;4,8794371
20211;202000022453;19;1;2020;14:43;1;64;64284;2;3;1;3;EUGENE PICHON;43,2846400; -0,3922200
20212;202000022454;19;1;2020;16:40;1;59;59650;2;9;1;6;GUESDE (RUE JULES);50,7112331;3,2348675
20213;202000022455;19;1;2020;18:50;5;59;59350;2;1;1;6;CHR OSCAR LAMBRET  METRO;50,6082644;3,0387497
20214;202000022456;13;1;2020;12:10;1;59;59343;2;1;1;3;FERMES;50,5849700;3,1235500
20215;202000022457;19;1;2020;13:40;1;53;53054;1;1;1;1;RD 104 VERS LAVAL;48,0940800; -0,7863900
20216;202000022458;19;1;2020;20:15;1;42;42119;2;1;1;6;Le Garet;45,7536530;3,9717990
20217;202000022459;19;1;2020;19:30;5;37;37261;2;6;1;2;JEMMAPES (RUE);47,4184706;0,6838621
20218;202000022460;19;1;2020;16:05;1;37;37261;2;3;1;2;STENDHAL (AVENUE);47,3683967;0,7157863
20219;202000022461;19;1;2020;16:55;1;34;34172;2;1;1;6;SOPHORAS (ALLEE DES);43,6000742;3,8696337
20220;202000022462;18;1;2020;20:00;5;33;33075;2;3;2;2;AVE DU GENERAL DE GAULLE / RTE DU MEDOC;44,8735300; -0,6171400
20221;202000022463;18;1;2020;23:40;3;32;32013;2;1;1;1;ENGACHIES (ROUTE D');43,6543120;0,6130832
20222;202000022464;16;1;2020;14:00;1;29;29232;2;6;2;3;Rue Madame de Stael;47,9838900; -4,0730400
20223;202000022465;19;1;2020;15:13;1;29;29051;1;3;1;1;D15 - Route de Coray;48,0006865; -4,0487158
20224;202000022466;17;1;2020;11:35;1;18;18279;2;1;7;1;SOCIETE FRANCAISE (RUE DE LA);47,2261100;2,0572200
20225;202000022468;19;1;2020;14:30;1;09;09122;2;9;1;2;RD 919;42,9872660;1,6157820
20226;202000022469;19;1;2020;11:00;1;06;06027;2;1;1;6;PLAGE BOULEVARD DE LA;43,6566500;7,1637200
20227;202000022470;19;1;2020;04:40;3;06;06123;1;1;1;6;;43,7026110;7,1849800
20228;202000022471;18;1;2020;03:45;5;75;75118;2;1;1;6;RUE CAULAINCOURT;48,8885717;2,3342018
20229;202000022472;19;1;2020;18:05;5;75;75117;2;7;1;3;PLACE GENERAL CATROUX;48,8833480;2,3095104
20230;202000022473;18;1;2020;16:00;1;75;75116;2;1;1;3;CHAUSSEE LA MUETTE;48,8582056;2,2736976
20231;202000022474;19;1;2020;13:40;1;75;75115;2;2;1;3;RUE DE LA CONVENTION;48,8372327;2,2964370
20232;202000022475;19;1;2020;17:40;5;75;75114;2;7;8;6;AVENUE DU GENERAL LECLERC;48,8277958;2,3267957
20233;202000022476;19;1;2020;12:20;1;75;75112;2;1;1;6;RUE DE REUILLY;48,8445785;2,3898386
20234;202000022477;19;1;2020;06:55;2;75;75112;2;1;1;3;BOULEVARD PONIATOWSKI;48,8333956;2,4019134
20235;202000022478;18;1;2020;20:45;5;75;75112;2;3;1;6;AVENUE DE NOGENT;48,8442841;2,4423416
20236;202000022480;18;1;2020;20:45;5;75;75103;2;2;1;6;RUE REAUMUR;48,8662181;2,3526072
20237;202000022481;19;1;2020;13:15;1;94;94021;2;9;1;7;JEAN MERMOZ (BD);48,7730100;2,3393900
20238;202000022482;19;1;2020;06:35;5;94;94069;2;1;8;6;MARECHAL LECLERC (R DU);48,8182600;2,4392200
20239;202000022483;19;1;2020;15:12;1;93;93053;2;1;1;6;REPUBLIQUE (BLD DE LA) N°;48,8956000;2,4614000
20240;202000022484;18;1;2020;23:05;3;93;93001;2;1;8;6;R BENGALI ;48,9171710;2,3687860
20241;202000022485;19;1;2020;02:45;5;92;92073;2;1;1;2;SELLIER (BOULEVARD HENRI);48,8656062;2,2196299
20242;202000022486;19;1;2020;23:05;5;92;92051;2;2;1;3;BINEAU (BOULEVARD, N°133 A 217 ET 134 A;48,8875111;2,2785124
20243;202000022487;19;1;2020;16:05;1;92;92051;2;1;1;6;SAINTE FOY (AVENUE);48,8854400;2,2671700
20244;202000022488;19;1;2020;12:35;1;92;92040;2;6;1;3;ILES (BOULEVARD DES);48,8217472;2,2499844
20245;202000022489;16;1;2020;20:30;2;974;97418;1;1;1;2;Route Nationale 2; -20,8998410;55,5252990
20246;202000022490;19;1;2020;19:30;3;37;37155;2;1;1;6;43 Rue du Commerce;47,6506798;0,8368114
20247;202000022491;11;1;2020;11:10;1;47;47169;1;1;7;2;Route Nationale 21;44,1560227;0,6273555
20248;202000022492;18;1;2020;15:30;1;43;43040;1;1;1;6;Rue de la Poudrière;45,2823453;3,3888531
20249;202000022493;14;1;2020;17:50;3;68;68249;2;4;1;6;12 Rue du Faude;48,1275990;7,1632870
20250;202000022494;19;1;2020;18:15;3;972;97210;1;1;1;7;Chemin Casse Cou;14,6329960; -60,9351350
20251;202000022496;18;1;2020;13:00;1;971;97133;1;1;1;1;D6;15,9613160; -61,7078700
20252;202000022497;20;1;2020;08:45;1;69;69100;2;1;1;3;Rue d'Yvours;45,6923700;4,8275530
20253;202000022498;16;1;2020;14:45;1;51;51549;1;9;1;3;D994;48,9410173;4,7428764
20254;202000022499;19;1;2020;18:30;3;56;56194;1;1;1;4;D114;47,6136030; -2,1117570
20255;202000022500;20;1;2020;08:05;1;77;77321;1;2;1;2;D411;48,4039123;3,2265649
20256;202000022502;20;1;2020;07:55;2;89;89276;2;1;1;6;19 Route de Troyes;48,0428380;3,7927600
20257;202000022503;20;1;2020;07:40;2;89;89200;1;1;9;1;Route de Chablis;47,9292482;3,6182597
20258;202000022504;11;1;2020;20:30;3;49;49046;1;2;1;3;67 Rue de l'Amiral Maillé-brézé;47,1800310; -0,0605500
20259;202000022505;19;1;2020;04:00;5;68;68378;2;1;1;6;2a Rue Principale;47,6370810;7,1123490
20260;202000022506;20;1;2020;08:25;1;25;25258;1;1;1;1;RD 67;47,2325990;5,9054240
20261;202000022507;19;1;2020;16:30;1;29;29201;1;2;1;3;D67 - Lieu Dit Kergounan;48,3805140; -4,7119670
20262;202000022508;20;1;2020;04:20;3;54;54205;1;1;1;7;N4;48,6704530;5,7923200
20263;202000022510;17;1;2020;19:30;3;05;05072;1;1;9;7;N85;44,6425340;6,0846600
20264;202000022511;10;7;2020;09:55;1;13;13001;2;2;1;3;PONTIER HENRI (AV);43,5329700;5,4398000
20265;202000022512;10;7;2020;22:54;5;10;10387;2;9;1;7;JULES GUESDE (RUE);48,2882000;4,0810400
20266;202000022513;9;7;2020;12:20;1;10;10357;2;1;1;3;GENERAL DE GAULLE (RUE DU);48,2969400;4,1294800
20267;202000022514;2;7;2020;20:00;1;09;09122;2;1;2;1;LAKANAL (AVENUE);42,9585780;1,6061860
20268;202000022515;10;7;2020;21:45;5;06;06069;2;9;1;6;RENOIR (AVENUE AUGUSTE);43,6814970;6,9597380
20269;202000022516;10;7;2020;16:35;1;06;06123;2;1;1;6;LECLERC GENERAL AVENUE;43,6738680;7,1898240
20270;202000022517;10;7;2020;08:30;1;06;06027;2;1;1;3;NICE AVENUE DE (RN7);43,6579100;7,1595060
20271;202000022518;8;7;2020;09:15;1;06;06027;2;6;1;3;VERDUN AVENUE DE;43,6669650;7,1417270
20272;202000022519;2;7;2020;17:48;1;05;05061;2;6;1;6;CHARLES AUROUZE ( RUE );44,5620640;6,0778330
20273;202000022520;9;7;2020;08:10;1;75;75116;2;1;1;3;BOULEVARD PERIPHERIQUE;48,8349280;2,2627090
20274;202000022521;30;6;2020;22:18;5;75;75106;2;1;1;6;BOULEVARD SAINT MICHEL;48,8498870;2,3423640
20275;202000022522;10;7;2020;10:20;1;75;75120;2;2;1;3;RUE BELGRAND;48,8646810;2,4041420
20276;202000022523;10;7;2020;22:25;5;75;75117;2;3;1;3;RUE DE SAUSSURE;48,8901010;2,3049270
20277;202000022524;10;7;2020;12:20;1;75;75108;2;2;1;3;BOULEVARD DES BATIGNOLLES;48,8822160;2,3203480
20278;202000022525;9;7;2020;09:08;1;75;75116;2;2;1;3;ROUTE DE SEVRES A NEUILLY;48,8622790;2,2383040
20279;202000022526;8;7;2020;22:28;5;75;75116;2;1;1;2;ALLEE DE LONGCHAMP;48,8708160;2,2596810
20280;202000022527;10;7;2020;16:38;1;75;75115;2;4;1;6;QUAI D ISSY LES MOULINEAUX;48,8365560;2,2679390
20281;202000022528;10;7;2020;12:20;1;75;75115;2;2;1;3;RUE DE LA FEDERATION;48,8537980;2,2941660
20282;202000022529;9;7;2020;21:40;5;75;75115;2;1;1;3;QUAI ANDRE CITROEN;48,8438580;2,2751360
20283;202000022530;10;7;2020;12:25;1;75;75114;2;1;1;6;AVENUE PIERRE MASSE;48,8180870;2,3330140
20284;202000022531;9;7;2020;19:00;1;75;75113;2;2;1;3;AVENUE D ITALIE;48,8222070;2,3585230
20285;202000022532;9;7;2020;12:25;1;75;75112;2;1;1;3;AVENUE DE SAINT MANDE;48,8447450;2,4048820
20286;202000022533;10;7;2020;13:15;1;75;75111;2;1;1;3;RUE RICHARD LENOIR;48,8552050;2,3819720
20287;202000022534;10;7;2020;16:05;1;75;75108;2;4;1;3;AVENUE DE FRIEDLAND;48,8742310;2,2995460
20288;202000022535;10;7;2020;01:40;5;75;75108;2;3;1;6;AVENUE DES CHAMPS ELYSEES;48,8700920;2,3066720
20289;202000022536;10;7;2020;17:00;1;75;75104;2;3;8;6;RUE DE RIVOLI;48,8552290;2,3611130
20290;202000022537;10;7;2020;14:35;1;75;75104;2;7;1;3;RUE DES FRANCS BOURGEOIS;48,8563000;2,3649390
20291;202000022538;10;7;2020;11:15;1;94;94078;2;1;1;2;PRESIDENT JOHN FITZGERALD KENNEDY (AV DU;48,7370000;2,4690000
20292;202000022539;8;7;2020;11:30;1;94;94046;2;1;1;7;GABRIEL PERI (R);48,8124410;2,4375310
20293;202000022541;8;7;2020;21:15;1;94;94016;2;3;1;3;VATIER (AV);48,7889500;2,3319100
20294;202000022542;10;7;2020;18:20;1;94;94021;2;1;1;3;STALINGRAD (AV DE);48,7716500;2,3677300
20295;202000022543;10;7;2020;12:40;1;94;94028;2;9;1;6;CASALIS.(AVE DU DR PAUL);48,7802700;2,4717600
20296;202000022544;10;7;2020;10:40;1;94;94077;2;2;1;2;JARDINS (R DES);48,7381500;2,4255310
20297;202000022545;10;7;2020;01:15;4;93;93001;2;6;1;-1;VICTOR HUGO (AVE)  131 A 165;48,9086235;2,3780076
20298;202000022546;8;7;2020;18:50;1;93;93066;2;1;1;5;"""LANDY RD 20, NR IMPAIRS 1 A 144""";48,9151608;2,3501098
20299;202000022547;10;7;2020;15:40;1;93;93048;2;1;1;1;CHANZY S3 (BOULEVARD);48,8585839;2,4302421
20300;202000022549;10;7;2020;00:30;5;93;93048;2;9;1;1;Rue du Prefet Claude Erignac;48,8494800;2,4175600
20301;202000022550;10;7;2020;10:10;1;93;93006;2;1;1;6;CAPSULERIE RUE DE LA;48,8636163;2,4200133
20302;202000022551;10;7;2020;12:30;1;93;93014;2;2;1;6;AV DE SEVIGNE / ALL MARCEL PAUL;48,9114230;2,5494200
20303;202000022552;10;7;2020;18:00;1;93;93005;2;1;1;6;MITRY [CD115] (ROUTE DE);48,9461209;2,5104586
20304;202000022553;9;7;2020;20:15;1;92;92063;2;1;1;2;BONAPARTE (AVENUE NAPOLEON) NORD;48,8758640;2,1698162
20305;202000022554;9;7;2020;19:40;1;92;92050;2;3;1;3;CHAMPS PIERREUX AVENUE DES;48,8908159;2,2157970
20306;202000022555;10;7;2020;13:20;1;92;92025;2;2;1;3;AUDRA (AV);48,9274070;2,2470150
20307;202000022556;11;7;2020;14:45;1;50;50027;1;2;1;3;La Pigousterie;48,6879010; -1,4384150
20308;202000022557;10;7;2020;15:10;1;86;86182;1;1;1;7;D757;46,8646020;0,3214730
20309;202000022558;11;7;2020;03:50;3;67;67426;1;1;8;7;RD 424 - PK 21+700;48,3510050;7,2846650
20310;202000022559;10;7;2020;10:45;1;26;26002;1;4;1;3;1410 Route de Marcoz;45,2412070;4,8261040
20311;202000022560;7;7;2020;19:25;1;62;62176;2;3;1;3;D146;50,5124710;1,7325570
20312;202000022561;10;7;2020;21:00;1;56;56033;1;1;1;2;Cateneuc;47,8190630; -2,1211710
20313;202000022562;10;7;2020;18:45;1;56;56040;1;1;1;5;Lieu-dit Kersalo;47,8340410; -3,3744820