;Num_Acc;jour;mois;an;hrmn;lum;dep;com;agg;int;atm;col;adr;lat;long
20549;202000022831;18;2;2020;16:20;1;79;79191;2;1;1;6;20 Rue des Fiefs;46,3154500; -0,4418600
20550;202000022832;18;2;2020;13:35;1;78;78640;2;1;1;6;EUROPE (AVENUE DE L');48,7793110;2,2086620
20551;202000022833;19;2;2020;18:45;5;78;78440;2;1;2;6;PAUL RAOULT (AVENUE);48,9904048;1,9136374
20552;202000022834;19;2;2020;09:10;1;77;77294;2;1;1;6;JEAN CAILLE (RUE) - RD139E;48,9751470;2,6419658
20553;202000022838;18;2;2020;20:45;5;76;76351;1;1;1;3;RD 6015;49,5002793;0,1719618
20554;202000022839;18;2;2020;11:55;1;71;71040;2;1;1;7;Route de Montchanin;46,6981605;4,4008527
20555;202000022840;19;2;2020;18:25;5;69;69266;2;6;2;6;FRANCOIS GILLET      (Rue);45,7596000;4,8754000
20556;202000022842;19;2;2020;18:50;2;69;69264;2;1;2;6;RONCEVAUX R;45,9952682;4,7169868
20557;202000022843;18;2;2020;19:30;5;67;67482;2;1;1;6;PETITES FERMES (RUE DES);48,5802040;7,7136459
20558;202000022844;18;2;2020;19:42;5;64;64129;2;3;1;1;CLAVERIE;43,3046067; -0,3910403
20559;202000022845;7;2;2020;21:15;5;59;59009;2;3;1;3;BREUCQ BOULEVARD DU;50,6200910;3,1350760
20560;202000022846;19;2;2020;15:55;1;59;59009;2;1;1;6;VENTOUX RUE DU;50,6194000;3,1306000
20561;202000022847;19;2;2020;07:00;3;56;56121;1;4;1;6;ROUTE DEPARTEMENTALE 465;47,7587900; -3,3843800
20562;202000022848;18;2;2020;17:50;1;56;56121;2;1;1;6;LE COUTALLER ( RUE JEAN );47,7476000; -3,3690700
20563;202000022849;18;2;2020;16:30;1;56;56162;2;4;1;3;ANSE DU STOLE (RUE);47,7069600; -3,4211100
20564;202000022850;19;2;2020;14:50;1;54;54395;2;2;1;3;MON DESERT (RUE);48,6840777;6,1765949
20565;202000022851;19;2;2020;14:30;1;51;51493;1;6;1;2;Chemin de Saint Leonard;49,2248508;4,0967621
20566;202000022853;19;2;2020;11:00;1;45;45234;2;6;1;6;Boulevard Rocheplatte;47,9074700;1,9015600
20567;202000022854;18;2;2020;17:50;1;41;41226;1;3;1;5;PARIS (ROUTE DE);47,8107000;1,0738000
20568;202000022855;17;2;2020;17:10;1;40;40088;2;1;1;6;COLLEGE (BOULEVARD DU);43,7057000; -1,0593000
20569;202000022856;19;2;2020;08:10;1;38;38563;2;3;2;2;Avenue de Verdun;45,3741300;5,5802200
20570;202000022858;19;2;2020;18:50;5;35;35051;2;1;1;3;BRAY (RUE DE);48,1077900; -1,6145500
20571;202000022859;14;2;2020;20:40;3;34;34108;1;4;1;3;MONTPELLIER (ROUTE DE);43,4735700;3,7700100
20572;202000022860;19;2;2020;19:15;5;33;33069;2;3;1;6;RUE DU PRESIDENT KENNEDY / RUE LES CEDRES BLEUS;44,8672400; -0,6103500
20573;202000022861;19;2;2020;13:25;1;33;33063;2;2;1;3;CRS EDOUARD VAILLANT / RUE JEAN HAMEAU / CRS LOUIS FARGUE;44,8654300; -0,5653100
20574;202000022862;19;2;2020;11:35;1;33;33550;2;1;1;3;RUE LOUIS DE FUNES;44,7895700; -0,5307700
20575;202000022863;12;2;2020;14:25;1;33;33063;2;1;1;6;12 RUE DOCTEUR JEAN VINCENT;44,8767500; -0,5605400
20576;202000022864;14;2;2020;21:00;5;30;30189;2;2;1;3;CITE FOULC (RUE);43,8322400;4,3606300
20577;202000022865;18;2;2020;10:43;1;29;29019;2;6;1;6;Rue Yves Collet;48,3943279; -4,4785253
20578;202000022866;19;2;2020;18:55;3;26;26057;1;9;1;2;RD 538;45,0067700;5,0369700
20579;202000022867;19;2;2020;08:45;1;22;22113;2;1;8;6;AIGUILLON (QUAI D');48,7311800; -3,4601300
20580;202000022868;19;2;2020;16:35;1;17;17333;2;2;1;3;LECLERC (DU MARECHAL);45,6045900; -0,9990400
20581;202000022870;18;2;2020;18:00;1;17;17306;2;3;1;3;ROCHEFORT (DE)  (AVENUE);45,6429660; -1,0247680
20582;202000022871;19;2;2020;08:20;1;17;17200;2;6;2;3;HUIT MAI 1945   AVENUE DU;46,1903100; -1,1472700
20583;202000022872;19;2;2020;22:21;5;13;13203;2;1;1;2;BD FERDINAND DE LESSEPS;43,3192800;5,3689000
20584;202000022873;19;2;2020;12:50;1;13;13201;2;2;1;3;LAFAYETTE (RUE);43,3016120;5,3816570
20585;202000022874;19;2;2020;08:45;1;13;13215;2;1;9;7;DE SAINT LOUIS AU ROVE (chemin);43,3470000;5,3580000
20586;202000022875;19;2;2020;08:15;1;13;13209;2;1;1;3;SCHLOESING (BOULEVARD);43,2699000;5,4028000
20587;202000022876;18;2;2020;18:00;2;13;13002;1;1;1;7;SALVATORE ALLENDE (BOULEVARD);43,3519200;5,4772600
20588;202000022877;18;2;2020;08:40;1;13;13202;2;4;1;3;CHEMIN DU LITTORAL (CHEMIN DU);43,3310730;5,3548880
20589;202000022878;18;2;2020;16:35;1;13;13063;1;6;1;7;Rue de la Quenouille;43,5883645;4,9940428
20590;202000022879;19;2;2020;21:15;5;13;13005;2;9;1;3;VERDUN (AVENUE DE);43,2892000;5,5725000
20591;202000022880;19;2;2020;16:15;1;06;06029;2;1;1;3;BACHAGA SAID BOUALAM (AVENUE);43,5530000;7,0120000
20592;202000022881;19;2;2020;14:20;1;06;06030;1;1;1;3;NOIRCARME (RUE LIEUTENANT);43,5731000;7,0154000
20593;202000022882;18;2;2020;09:42;1;05;05061;2;3;1;3;CLAIR LOGIS (CHEMIN  DU );44,5555700;6,0790730
20594;202000022883;15;2;2020;16:15;1;03;03310;2;1;1;6;Rue Georges Clémenceau;46,1253030;3,4226278
20595;202000022884;19;2;2020;09:15;1;03;03185;2;1;2;1;;46,3460769;2,6039146
20596;202000022885;16;1;2020;16:55;1;01;01053;2;1;1;6;BAD KREUZNACH  (AVENUE DE - N° PAIRS);46,2109570;5,2395040
20597;202000022886;19;2;2020;07:57;1;75;75104;2;3;1;3;QUAI DE LA CORSE;48,8558260;2,3477450
20598;202000022887;19;2;2020;11:30;1;75;75105;2;1;1;6;RUE PIERRE BROSSOLETTE;48,8418790;2,3475740
20599;202000022888;18;2;2020;18:05;5;75;75116;2;5;1;3;AVENUE KLEBER;48,8650380;2,2887130
20600;202000022889;18;2;2020;09:00;1;75;75116;2;1;1;1;VOIE GEORGES POMPIDOU;48,8524430;2,2811810
20601;202000022890;19;2;2020;09:30;1;75;75115;2;2;1;6;RUE SAINT CHARLES;48,8447620;2,2839130
20602;202000022891;19;2;2020;19:00;5;75;75114;2;3;2;6;RUE D ALESIA;48,8278100;2,3289660
20603;202000022892;19;2;2020;17:10;1;75;75112;2;5;2;-1;AVENUE DE SAINT MANDE;48,8446580;2,4057290
20604;202000022893;19;2;2020;18:00;3;75;75111;2;2;2;6;BOULEVARD RICHARD LENOIR;48,8647130;2,3701440
20605;202000022894;19;2;2020;09:50;1;75;75110;2;1;1;3;RUE D HAUTEVILLE;48,8723950;2,3501190
20606;202000022895;17;2;2020;17:30;1;75;75117;2;5;2;3;BOULEVARD BESSIERES;48,8976280;2,3241390
20607;202000022896;19;2;2020;07:35;2;94;94074;2;1;1;7;Avenue Julien Duranton;48,7580991;2,4518489
20608;202000022897;9;9;2020;06:40;2;43;43152;1;3;1;5;RN 102;45,0779940;3,8371200
20609;202000022898;10;9;2020;12:15;1;07;07134;1;1;1;3;D104;44,5015049;4,2939913
20610;202000022899;8;9;2020;13:35;1;53;53147;2;1;1;7;291 Rue de Saint Leonard;48,3098270; -0,6154700
20611;202000022900;4;9;2020;17:35;1;37;37117;1;1;1;1;;47,4158026;0,2887465
20612;202000022901;9;9;2020;15:30;1;30;30325;1;1;1;1;D999;43,9920580;3,6799370
20613;202000022902;9;9;2020;11:05;1;67;67326;2;1;1;1;Rue du Depot;48,6238180;7,7205510
20614;202000022904;9;9;2020;14:15;1;971;97115;1;1;1;1;1517 Route de la Lezarde;16,2527940; -61,6493030
20615;202000022905;9;9;2020;23:15;3;45;45312;2;1;1;1;D2007-PR27+700;47,9221497;2,7374323
20616;202000022906;18;8;2020;15:55;1;2B;2B042;2;1;1;2;Avenue de Borgo;42,5504960;9,4420890
20617;202000022907;1;9;2020;11:15;1;83;83071;1;1;1;6;Boulevard Louis Bernard;43,1224390;6,2454440
20618;202000022908;5;9;2020;09:45;1;13;13016;2;3;1;3;2 Avenue de la Liberation;43,3937210;5,5942750
20619;202000022909;6;9;2020;05:10;3;13;13004;1;1;1;3;Rue d'Arles;43,6416660;4,7143360
20620;202000022910;10;9;2020;13:00;1;88;88024;2;1;1;6;5 Grande Rue;48,3739430;6,2110370
20621;202000022911;9;9;2020;12:15;1;03;03290;1;1;1;7;7 Route de Moulins;46,6258498;3,2856606
20622;202000022912;5;9;2020;13:50;1;38;38110;1;1;1;6;N7;45,5615100;4,8603720
20623;202000022913;9;9;2020;19:00;1;69;69072;1;6;1;1;D77;45,8215920;4,7265670
20624;202000022914;7;9;2020;07:00;1;44;44204;1;6;1;3;La Belle Etoile;47,2823550; -1,4537790
20625;202000022915;9;9;2020;16:45;1;60;60450;1;1;1;1;D929;49,2290330;2,2949190
20626;202000022916;10;9;2020;20:29;3;60;60041;1;1;1;7;D125;49,3800710;2,2492630
20627;202000022917;9;9;2020;19:18;1;13;13019;1;1;2;6;A51-Sens Marseille vers Aix en Provence;43,4235940;5,3741320
20628;202000022918;6;9;2020;05:10;5;13;13055;1;1;1;2;A507 sens Aubagne- Marseille;43,2956650;5,4247110
20629;202000022919;6;9;2020;03:25;3;69;69271;1;1;1;2;RN346   34.850 A 36.215;45,7449431;4,9884394
20630;202000022920;4;9;2020;20:35;2;54;54115;1;1;1;2;Autoroute A 31;48,7295400;6,1617000
20631;202000022921;9;9;2020;13:40;1;33;33065;1;1;1;3;ROUTE NATIONALE 230;44,8113800; -0,5223500
20632;202000022922;4;9;2020;08:45;1;59;59350;1;1;9;-1;ROUTE NATIONALE 356;50,6322617;3,0828747
20633;202000022923;2;9;2020;21:00;2;59;59330;1;1;1;2;AUTOROUTE A23;50,4557210;3,3159880
20634;202000022924;2;9;2020;13:02;1;59;59155;1;1;1;6;AUTOROUTE A16;51,0135650;2,3816150
20635;202000022925;4;9;2020;06:30;2;59;59288;1;1;1;5;AUTOROUTE A2;50,3144890;3,4051450
20636;202000022926;9;9;2020;08:45;1;94;94065;1;1;1;3;AUTOROUTE A86;48,7548000;2,3468000
20637;202000022927;9;9;2020;06:50;2;91;91689;1;1;1;2;AUTOROUTE A6;48,7334000;2,3160000
20638;202000022928;9;9;2020;17:15;1;78;78297;1;1;1;4;RN12;48,7891940;2,0690990
20639;202000022929;9;9;2020;12:00;1;93;93053;1;1;1;5;AUTOROUTE A3;48,8945400;2,4717400
20640;202000022930;14;5;2020;17:15;1;976;97611;2;1;1;6;m'tsapere-Nationale 2 (route); -12,7888612;45,2245929
20641;202000022931;25;2;2020;22:50;5;75;75110;2;2;1;3;QUAI DE VALMY;48,8707580;2,3654050
20642;202000022932;8;3;2020;17:35;1;92;92044;2;1;2;6;LOUIS ROUQUIER (RUE)113+ ET 106+;48,8928401;2,2920857
20643;202000022933;14;3;2020;11:15;1;69;69273;1;1;1;2;RD301;45,6674776;4,9180868
20644;202000022934;8;9;2020;06:35;1;974;97416;2;6;1;6;RECHERCHANT(RUE ADRIEN); -21,2819700;55,4741800
20645;202000022935;7;9;2020;14:00;1;974;97411;1;1;3;1;MONTAGNE (ROUTE DE LA); -20,8895879;55,4359604
20646;202000022938;8;9;2020;19:00;1;69;69388;2;2;1;3;ETATS UNIS (DES)                    (BD);45,7371500;4,8614000
20647;202000022939;8;9;2020;17:00;1;69;69259;2;6;7;3;LOUISE MICHEL                       (R );45,7281039;4,8574833
20648;202000022940;8;9;2020;18:10;1;69;69387;2;3;1;3;JEAN JAURES                         (AV);45,7368000;4,8369000
20649;202000022941;8;9;2020;06:38;1;69;69387;2;1;1;7;BERTHELOT                           (AV);45,7439583;4,8455641
20650;202000022942;8;9;2020;07:25;1;972;97209;2;3;1;1;BEAUSEJOUR JAMBETTE (ROUTE);14,6327900; -61,0407600
20651;202000022944;8;9;2020;18:10;2;971;97101;2;1;1;1;8 MAI 1981 (BOULEVARD DU);16,2782630; -61,5075090
20652;202000022945;6;9;2020;00:35;3;971;97101;1;1;1;3;BOZON;16,2545800; -61,4803200
20653;202000022946;5;9;2020;20:40;5;971;97101;1;9;1;7;HIBISCUS;16,2579800; -61,5268800
20654;202000022947;5;9;2020;19:15;5;971;97101;2;1;1;1;DUGAZON;16,2517824; -61,5192712
20655;202000022950;8;9;2020;11:15;1;91;91691;2;1;1;6;VILLECRESNES;48,7072700;2,5226900
20656;202000022951;8;9;2020;17:05;1;91;91326;2;1;1;6;JEAN DANAUX (RUE);48,6893400;2,3865300
20657;202000022952;8;9;2020;17:30;1;91;91174;2;7;1;6;COMBES MARNES(BOULEVARD);48,6036840;2,4639940
20658;202000022953;8;9;2020;16:45;1;91;91479;2;3;1;3;ALEXANDRE DUMAS (AVENUE);48,7071280;2,3589490
20659;202000022954;25;8;2020;16:40;1;89;89387;2;1;1;6;PIERRE DE COUBERTIN (AVENUE);48,1915539;3,2990527
20660;202000022955;7;9;2020;11:30;1;88;88160;2;1;1;1;CHIPOTTE (RUE DE LA);48,1791000;6,4475000
20661;202000022956;7;9;2020;06:58;1;87;87113;2;3;1;3;BARDYS (ROUTE DES);45,8828600;1,3458600
20662;202000022957;4;9;2020;23:12;5;87;87075;2;1;1;1;PERIGUEUX (ROUTE DE);45,7923600;1,2199600
20663;202000022958;7;9;2020;17:10;1;86;86194;2;3;1;6;Boulevard René Cassin;46,5730000;0,3810000
20664;202000022959;24;8;2020;21:20;2;30;30351;2;6;1;3;DEVAUX GUY (ROND POINT);43,9708000;4,7924000
20665;202000022960;7;9;2020;18:00;1;83;83129;2;1;1;5;CAP NEGRE (ALLEE ET CHE);43,0999500;5,8172700
20666;202000022961;7;9;2020;08:20;1;83;83123;1;3;1;-1;LANGE (CHEMIN);43,1248700;5,7929700
20667;202000022962;5;9;2020;02:40;3;83;83050;2;1;1;6;GALLIENI( AVENUE DU MARECHAL);43,5253840;6,5163160
20668;202000022963;7;9;2020;17:00;1;82;82121;1;2;1;3;AUCH (ROUTE D');43,9892000;1,3089200
20669;202000022964;7;9;2020;17:26;1;80;80021;2;1;1;5;MARIVAUX (RUE);49,9095800;2,3256600
20670;202000022965;8;9;2020;01:40;3;78;78238;1;1;1;6;CD 113;48,9598300;1,8782900
20671;202000022966;7;9;2020;14:00;1;76;76410;1;4;1;3;DUCLAIR. ROUTE DE (CD 86);49,4730800;1,0287900
20672;202000022967;5;9;2020;18:20;1;76;76447;2;1;1;6;BREQUIGNY;49,5472000;0,1944700
20673;202000022968;2;9;2020;16:50;1;73;73065;1;6;1;3;D10 LANDIERS (AVENUE DES);45,5937400;5,9009500
20674;202000022969;7;9;2020;15:30;1;73;73008;2;4;1;3;ROCHE DU ROI BOULEVARD DE LA;45,6779505;5,9120254
20675;202000022970;7;9;2020;16:30;1;71;71540;2;9;1;3;HUIT MAI (CARREFOUR DU);46,7859576;4,4330397
20676;202000022971;8;9;2020;21:45;5;69;69290;2;1;1;6;TEMPS MODERNES (DES)            (AV);45,7060150;4,9220812
20677;202000022973;8;9;2020;08:50;1;68;68066;2;9;1;3;WIMPFELING (RUE);48,0686290;7,3345020
20678;202000022974;7;9;2020;07:50;1;67;67482;2;2;1;3;PRESIDENT POINCARE (BOULEVARD DU);48,5900500;7,7423800
20679;202000022975;4;9;2020;12:00;1;67;67482;2;1;1;-1;JACQUES KABLE (RUE);48,5929150;7,7493590
20680;202000022976;7;9;2020;17:18;1;66;66136;2;1;1;-1;MERMOZ (AVENUE JEAN);42,6920400;2,9240100
20681;202000022977;7;9;2020;14:20;1;66;66136;2;3;1;-1;MERMOZ (AVENUE JEAN);42,6931210;2,9153300
20682;202000022979;8;9;2020;16:35;1;64;64284;2;1;1;1;CHEMIN DES COTEAUX DE GUINDALOS;43,2733864; -0,3807225
20683;202000022980;8;9;2020;07:40;1;64;64129;2;1;1;3;ENTREPRENEURS DES;43,3006310; -0,4063580
20684;202000022981;8;9;2020;13:00;1;64;64102;2;9;7;3;PAUL PRAS (AVENUE);43,4844800; -1,4766800
20685;202000022982;8;9;2020;08:15;1;64;64102;2;1;7;6;MARHUM (AVENUE DE);43,4904000; -1,4850000
20686;202000022983;7;9;2020;19:30;1;64;64024;2;1;1;2;ESPAGNE (AVENUE D');43,4800000; -1,5174000
20687;202000022984;7;9;2020;11:30;1;60;60175;2;1;1;6;ACACIAS (RUE DES);49,2538735;2,4710108
20688;202000022985;7;9;2020;12:35;1;60;60057;2;1;1;6;CARREFOUR D'AMIENS;49,4358200;2,0865500
20689;202000022986;8;9;2020;16:45;1;59;59512;2;1;1;6;NATIONS UNIES (AVENUE DES);50,6943270;3,1724660
20690;202000022988;7;9;2020;18:15;1;54;54395;2;2;1;3;AUSTRASIE (BOULEVARD);48,6917500;6,2006900
20691;202000022989;8;9;2020;19:17;1;51;51454;2;6;1;3;Rond Point Porte Farman;49,2364916;4,0713624
20692;202000022990;4;9;2020;12:00;1;50;50129;2;3;1;3;MILLET (AVENUE JEAN-FRANCOIS);49,6338000; -1,6216500
20693;202000022991;31;8;2020;08:00;1;49;49099;2;6;1;3;LAENNEC (RUE DU DOCTEUR RENE);47,0574500; -0,8675900
20694;202000022992;7;9;2020;14:45;1;45;45208;2;2;1;2;Rue Paul Doumer;48,0037390;2,7419980
20695;202000022993;8;9;2020;07:50;1;41;41018;2;1;1;3;SAINT-JEAN (QUAI);47,5898200;1,3416900
20696;202000022994;8;9;2020;12:30;1;38;38169;2;3;1;3;Boulevard Paul Langevin;45,1898100;5,6825700
20697;202000022995;7;9;2020;10:00;1;37;37233;2;6;1;2;MOULIN (PONT JEAN);47,3823050;0,7305208
20698;202000022997;8;9;2020;11:35;1;34;34172;1;1;1;2;MENDES FRANCE (AVENUE PRESIDENT PIERRE;43,6069200;3,9331400
20699;202000022998;7;9;2020;23:35;5;34;34172;2;1;1;2;POMPIGNANE (AVENUE DE LA);43,6131100;3,8982900
20700;202000022999;8;9;2020;18:55;1;33;33075;2;6;1;3;BD JACQUES CHABAN-DELMAS / RUE DU LAC;44,8855800; -0,5862300
20701;202000023000;8;9;2020;13:10;1;33;33039;2;1;1;2;RUE DENIS PAPIN;44,7912700; -0,5319700
20702;202000023003;8;9;2020;13:30;1;33;33529;2;3;1;3;MIQUELOTS (BD DES);44,6114000; -1,1413000
20703;202000023004;7;9;2020;17:45;1;31;31555;1;1;1;2;VA007473 A62;43,6466100;1,4604200
20704;202000023005;7;9;2020;14:54;1;31;31555;2;1;1;6;BD MATABIAU;43,6149800;1,4426300
20705;202000023006;5;9;2020;12:40;1;31;31555;2;6;1;3;CHE DES IZARDS;43,6478300;1,4431300
20706;202000023007;7;9;2020;09:50;1;27;27701;2;2;1;1;CLOS (VOIE DES);49,2730200;1,2046200
20707;202000023008;8;9;2020;23:20;5;25;25056;2;6;1;6;CITADELLE TUNNEL ROUTIER;47,2331800;6,0350800
20708;202000023009;8;9;2020;01:15;5;25;25056;2;4;1;6;DOLE RUE DE (inf 82);47,2348000;6,0125000
20709;202000023010;8;9;2020;09:15;1;17;17333;2;6;1;-1;DE GAULLE (DU GENERAL);45,6125800; -0,9984700
20710;202000023011;7;9;2020;17:20;1;15;15014;2;2;1;3;PUPILLES DE LA NATION (AVENUE DES);44,9196100;2,4391100
20711;202000023012;8;9;2020;13:30;1;14;14118;2;2;1;3;MAZURETTES (RUE DES);49,1875600; -0,3934400
20712;202000023013;7;9;2020;17:40;1;13;13117;1;3;1;3;CD 9 ESTROUBLANS;43,4232380;5,2411370
20713;202000023014;5;9;2020;19:30;1;30;30032;2;6;1;3;NIMES ROUTE DE CD 999;43,8150000;4,6214500
20714;202000023015;5;9;2020;17:30;1;30;30032;1;3;1;3;FOURQUES ROUTE DE;43,7780000;4,6218000
20715;202000023016;8;9;2020;17:10;1;13;13214;2;1;1;6;MORETTI (BOULEVARD);43,3251600;5,3818350
20716;202000023017;7;9;2020;21:13;5;13;13201;2;1;1;6;BRETEUIL (RUE)  1 A 17;43,2925710;5,3748940
20717;202000023018;7;9;2020;10:25;1;13;13047;2;1;1;6;RADOLFZELL AVENUE DE;43,4985700;4,9798100
20718;202000023019;8;9;2020;12:35;1;13;13005;2;6;1;3;GEMENOS (ROUTE DE CD2);43,2978500;5,5889100
20719;202000023020;7;9;2020;17:56;1;11;11262;1;6;1;6;MOULINS (RUE ET PASSAGE DES TROIS);43,1878000;3,0074000
20720;202000023021;8;9;2020;17:50;1;09;09225;2;1;1;6;MILLIANE ESPLANADE DE;43,1192600;1,6125300
20721;202000023022;8;9;2020;17:30;1;07;07316;1;1;1;2;NIMES (ROUTE DE);44,8810500;4,8496300
20722;202000023023;8;9;2020;14:27;1;06;06088;2;2;1;6;BARBERIS (RUE);43,7047700;7,2840000
20723;202000023024;7;9;2020;09:00;1;06;06030;2;1;1;3;CAMPELIERES (CHEMIN DES);43,5800360;7,0051710
20724;202000023025;7;9;2020;07:55;1;06;06029;2;1;1;3;JOURDAN (AVENUE MICHEL);43,5521040;6,9776210
20725;202000023026;8;9;2020;17:25;2;06;06123;2;1;1;-1;ESPLANADE DU LEVANT;43,6768700;7,1913600
20726;202000023027;2;9;2020;11:20;1;06;06027;2;3;1;3;NICE AVENUE DE (RN7);43,6604900;7,1766300
20727;202000023028;5;9;2020;10:00;1;03;03190;2;3;1;3;Avenue du Général Leclerc;46,5617897;3,3382344
20728;202000023029;8;9;2020;22:04;5;03;03185;2;1;1;3;Avenue de la Republique;46,3448504;2,5985604
20729;202000023030;8;9;2020;17:20;1;75;75118;2;1;1;4;BOULEVARD PERIPHERIQUE;48,9008680;2,3426450
20730;202000023031;6;9;2020;21:20;5;75;75114;2;1;1;3;PORTE DE CHATILLON;48,8211650;2,3205140
20731;202000023032;8;9;2020;17:55;2;75;75120;2;2;1;1;RUE DES COURONNES;48,8702100;2,3844500
20732;202000023033;8;9;2020;15:15;1;75;75120;2;1;1;6;RUE D AVRON;48,8532590;2,4092340
20733;202000023036;8;9;2020;19:30;1;75;75118;2;3;1;6;RUE DOUDEAUVILLE;48,8889100;2,3582470
20734;202000023037;8;9;2020;16:40;1;75;75117;2;4;1;3;AVENUE DE CLICHY;48,8862870;2,3261660
20735;202000023038;8;9;2020;06:40;5;75;75117;2;2;1;3;RUE POUCHET;48,8942450;2,3205890
20736;202000023039;7;9;2020;20:30;5;75;75117;2;3;1;3;RUE DE PONT A MOUSSON;48,8981720;2,3240060
20737;202000023040;8;9;2020;01:35;5;75;75117;2;7;1;6;PLACE DU MARECHAL JUIN;48,8850250;2,2966280
20738;202000023041;8;9;2020;11:45;1;75;75114;2;2;1;6;BOULEVARD DU MONTPARNASSE;48,8430000;2,3263330
20739;202000023042;7;9;2020;16:40;1;75;75114;2;1;1;3;AVENUE DU MAINE;48,8408610;2,3216690
20740;202000023043;8;9;2020;09:45;1;75;75108;2;2;1;3;AVENUE GEORGE V;48,8700670;2,3009850
20741;202000023044;8;9;2020;00:01;5;75;75108;2;3;1;7;BOULEVARD MALESHERBES;48,8721410;2,3217980
20742;202000023045;8;9;2020;09:55;1;75;75103;2;2;1;7;RUE DE TURBIGO;48,8657710;2,3574720
20743;202000023047;8;9;2020;20:55;5;94;94046;2;1;1;3;REPUBLIQUE (AV DE LA);48,8057543;2,4408601
20744;202000023049;22;8;2020;02:10;5;93;93051;2;2;1;3;NEUILLY (ROUTE);48,8480768;2,5389443
20745;202000023050;8;9;2020;17:07;1;93;93048;2;9;1;3;ROUGET DE L'ISLE (BOULEVARD);48,8601984;2,4391999
20746;202000023051;8;9;2020;19:50;1;93;93029;2;1;1;6;JACQUELINE QUATREMAIRE;48,9178719;2,4592512
20747;202000023052;8;9;2020;08:00;1;93;93013;2;1;1;3;JAURES (AVENUE JEAN) DE 28 A 62;48,9326660;2,4253928
20748;202000023053;8;9;2020;06:30;2;93;93010;2;1;1;6;GALLIENI (AV.) DE 188 A 230;48,9071058;2,4892535
20749;202000023054;8;9;2020;19:15;1;93;93007;2;1;1;6;"""PAUL VAILLANT COUTURIER (AVENUE """"DU 13";48,9291132;2,4788637
20750;202000023055;8;9;2020;13:00;1;93;93001;2;1;1;2;JEAN JAURES  (AVE)  157 A 213;48,9096489;2,3984671
20751;202000023056;8;9;2020;03:04;5;92;92075;2;1;1;-1;RAYMOND MARCHERON (RUE);48,8191130;2,2874560
20752;202000023057;7;9;2020;08:10;1;92;92063;2;1;1;2;DIX-HUIT JUIN 1940 (AVENUE DU) EST;48,8683400;2,1907600
20753;202000023059;3;9;2020;13:00;1;92;92062;2;1;1;2;DE DION BOUTON (QUAI) DU 29 AU 65;48,8857400;2,2513800
20754;202000023060;8;9;2020;10:00;1;92;92051;2;1;1;2;RICHARD WALLACE (BOULEVARD);48,8747660;2,2523797
20755;202000023061;8;9;2020;19:45;1;92;92040;2;1;1;7;STALINGRAD (QUAI DE);48,8224240;2,2521760
20756;202000023062;7;9;2020;19:20;1;92;92040;2;1;1;2;RODIN (BOULEVARD);48,8204201;2,2621635
20757;202000023063;8;9;2020;16:43;1;92;92012;2;1;1;6;REPUBLIQUE (BOULEVARD DE LA) 5/77BIS - 6;48,8324550;2,2511830
20758;202000023064;7;9;2020;22:55;5;92;92002;2;1;1;3;DIVISION LECLERC (53 A 217 - 58 A 186);48,7389000;2,3021000
20759;202000023065;8;9;2020;13:30;1;95;95205;2;1;1;6;avenue du connétable;49,0253150;2,3751280
20760;202000023066;16;8;2020;06:45;4;52;52258;2;1;1;6;15 Rue de Verdun;48,0988040;4,7820370
20761;202000023067;9;9;2020;17:17;1;68;68058;1;9;1;3;D430;47,9236620;7,1972680
20762;202000023068;8;9;2020;15:00;1;81;81077;1;1;7;6;lieu dit Sarremejeannes;43,9186700;2,5232080
20763;202000023069;8;9;2020;17:45;1;28;28068;1;1;1;1;RD 148;48,5645455;1,4468908
20764;202000023070;9;9;2020;12:10;1;86;86058;2;4;1;3;3 Route de Saint Claud;46,6553245;0,5728337
20765;202000023071;7;9;2020;20:40;5;62;62736;2;1;1;6;Rue du Moulin;50,6425740;2,7874620
20766;202000023072;8;9;2020;21:01;3;22;22389;1;1;1;4;Yffiniac;48,4798060; -2,6572750
20767;202000023073;7;9;2020;21:50;3;59;59162;1;1;1;6;Départementale 52;50,9170430;2,3821130
20768;202000023074;3;9;2020;12:50;1;30;30151;1;1;1;6;D406;44,1468130;4,3793020
20769;202000023075;8;9;2020;17:25;1;21;21592;1;1;7;7;D16;47,3394410;4,7538610
20770;202000023076;8;9;2020;22:28;3;40;40246;1;1;1;6;1274 Route de Mont de Marsan;44,1388760; -0,7195990
20771;202000023077;8;9;2020;17:25;1;74;74171;2;2;1;6;D1005;46,3185440;6,3307320
20772;202000023079;8;9;2020;18:40;1;56;56078;1;6;1;2;Rue Capitaine Quillien;47,7882780; -3,4806382
20773;202000023080;7;9;2020;17:55;1;56;56231;2;1;1;6;Rue du Vieux Couvent;47,7015200; -2,6511700
20774;202000023081;7;9;2020;10:00;1;74;74104;1;3;1;3;Route d'Albertville;45,7806860;6,2292210
20775;202000023082;8;9;2020;23:35;3;76;76101;1;1;1;1;D928;49,9012140;1,6085530
20776;202000023083;18;8;2020;11:00;1;2A;2A271;2;1;1;3;Gare de Mezzana;41,9799962;8,8342577
20777;202000023084;3;9;2020;18:00;1;80;80149;1;4;1;3;Route Nationale;50,1546760;1,8184680
20778;202000023085;9;9;2020;13:40;1;89;89018;1;1;1;1;Chemin du Malet;48,0572203;3,2977653
20779;202000023086;8;9;2020;12:45;1;89;89276;2;1;1;6;48 Route de Saint-florentin;48,0367450;3,7786370
20780;202000023087;8;9;2020;19:00;1;63;63080;2;1;7;6;1 Quai du Beaugeix;45,5893100;3,1302850