;Num_Acc;jour;mois;an;hrmn;lum;dep;com;agg;int;atm;col;adr;lat;long
20781;202000023088;8;9;2020;16:00;1;86;86293;2;1;1;6;Avenue Henri Pétonnet;46,4259550;0,2634840
20782;202000023089;8;9;2020;16:10;1;68;68087;2;6;1;3;1 Rue de Riespach;47,5359210;7,2651710
20783;202000023090;9;9;2020;10:20;1;25;25463;2;1;1;6;DE GAULLE;47,3821680;6,7713840
20784;202000023091;7;9;2020;16:20;1;25;25190;2;1;1;3;BEAUCOURT;47,5024500;6,9142630
20785;202000023092;5;8;2020;17:45;1;06;06104;1;1;1;1;TURBIE (ROUTE DE LA);43,7585600;7,4442000
20786;202000023093;8;8;2020;17:47;1;75;75119;2;2;1;3;AVENUE DE FLANDRE;48,8858040;2,3706250
20787;202000023094;8;8;2020;11:40;1;75;75119;2;1;1;6;RUE DE BELLEVILLE;48,8736530;2,3844090
20788;202000023095;8;8;2020;20:54;2;75;75118;2;2;1;5;RUE DE LA CHAPELLE;48,8971100;2,3592280
20789;202000023096;7;8;2020;12:40;1;75;75117;2;4;1;3;BOULEVARD DU BOIS LE PRETRE;48,8989040;2,3219830
20790;202000023097;7;8;2020;18:50;1;75;75117;2;2;1;4;AVENUE DES TERNES;48,8807050;2,2852840
20791;202000023098;8;8;2020;16:30;1;75;75115;2;2;1;3;RUE DE SEVRES;48,8453430;2,3117910
20792;202000023101;8;8;2020;14:35;1;75;75108;2;2;1;3;RUE DE ROME;48,8787550;2,3222340
20793;202000023102;7;8;2020;16:10;1;75;75107;2;1;1;3;QUAI D ORSAY;48,8622710;2,3039940
20794;202000023103;8;8;2020;13:55;1;94;94068;2;9;1;3;ALMA - PONT DE BONNEUIL (AV DE L);48,7849450;2,4953130
20795;202000023104;7;8;2020;19:00;1;94;94001;2;1;1;5;MAGNE (QU);48,7187800;2,4136500
20796;202000023105;8;8;2020;10:35;1;93;93062;2;9;1;6;MONTFERMEIL (ROND POINT DE);48,8955700;2,5264600
20797;202000023106;8;8;2020;08:12;1;93;93055;2;1;1;2;NOISY LE SEC (ROUTE DE);48,8954766;2,4262988
20798;202000023107;8;8;2020;16:03;1;93;93053;2;3;1;3;BREMENT (RUE DE) 109 A 235 - 110 A ...;48,8875981;2,4642256
20799;202000023108;7;8;2020;22:20;5;93;93051;2;1;1;2;GABRIEL PERI (AVENUE);48,8327970;2,5663809
20800;202000023109;8;8;2020;14:32;1;93;93063;2;1;1;6;REPUBLIQUE RUE DE LA;48,8791000;2,4334000
20801;202000023110;8;8;2020;19:30;1;93;93031;2;1;1;3;HALAGE (CHEMIN DU);48,9507592;2,3141427
20802;202000023112;8;8;2020;11:05;1;92;92012;2;1;1;3;GENERAL LECLERC (AVENUE DU) 1/33 - 2/58;48,8319686;2,2385246
20803;202000023113;9;8;2020;11:45;1;60;60590;1;1;1;1;8 Rue de la Gare;49,5407380;1,9956450
20804;202000023114;9;8;2020;09:25;1;65;65407;1;3;1;3;42 Route de Sainte Barbe;43,0223570;0,5914860
20805;202000023115;8;8;2020;18:00;1;11;11018;1;1;1;3;A61;43,2201890;2,2082520
20806;202000023116;9;8;2020;13:15;1;63;63189;2;1;2;7;le bourg;45,6505930;2,7313430
20807;202000023117;9;8;2020;18:50;1;83;83033;1;1;1;1;Chemin de Besse;43,3172400;6,1869660
20808;202000023119;8;8;2020;14:00;1;27;27125;1;1;1;7;Calleville;49,1901320;0,7682110
20809;202000023120;8;8;2020;23:30;3;51;51235;2;1;1;6;D373;48,7576749;3,6608975
20810;202000023121;8;8;2020;14:10;1;19;19121;2;3;1;6;Rue des Ecoles;45,4434945;1,4070811
20811;202000023123;9;8;2020;17:40;1;76;76592;1;1;1;7;route industrielle;49,5061000;0,4962000
20812;202000023124;7;8;2020;13:50;1;2A;2A092;1;1;7;7;T10;41,7286595;9,4015776
20813;202000023126;9;8;2020;11:30;1;80;80192;1;1;2;7;D1;49,9359890;2,6403240
20814;202000023127;8;8;2020;15:30;1;80;80308;1;1;1;6;D48 - PK 10+500;50,0682830;1,6071210
20815;202000023128;9;8;2020;12:00;1;65;65116;1;1;1;6;Hourquette d'Ancizan (Col de montagne);42,8980220;0,3131850
20816;202000023129;7;8;2020;15:10;1;65;65282;1;1;1;6;D725;42,7724550;0,4121480
20817;202000023130;8;8;2020;18:10;1;69;69070;1;1;1;3;D504;46,0112250;4,3743950
20818;202000023131;9;8;2020;10:00;1;11;11206;2;1;1;7;Avenue Fabre d'Eglantine;43,0470360;2,2207330
20819;202000023132;8;8;2020;13:10;1;47;47274;1;3;1;3;D114;44,1493570;0,7565980
20820;202000023133;8;8;2020;13:00;1;22;22074;1;3;1;1;bodoguern;48,3383160; -3,0499940
20821;202000023134;8;8;2020;16:25;1;22;22232;2;1;1;1;Résidence le Clos de Kérestidet;48,6453930; -2,8477120
20822;202000023135;8;8;2020;07:30;1;39;39435;1;1;1;1;;46,5757290;5,6851810
20823;202000023136;9;8;2020;04:05;3;44;44155;1;1;1;1;Ruble;47,0288080; -1,5520710
20824;202000023137;8;8;2020;19:10;1;29;29133;2;1;1;6;D64 - 54 Nouvelle Côte;48,6909710; -3,6561890
20825;202000023138;9;8;2020;09:05;1;29;29027;1;1;1;7;Lieu Dit Kerbiligued;48,1802310; -3,8591190
20826;202000023139;9;8;2020;12:55;1;38;38333;1;1;1;6;d531;45,0819931;5,4574243
20827;202000023140;9;8;2020;13:06;1;38;38147;1;1;1;7;Route de Montrevel;45,4947300;5,4100100
20828;202000023141;6;8;2020;10:05;1;02;02330;1;1;1;2;D1029;49,8618280;3,2218590
20829;202000023142;8;8;2020;18:35;1;03;03043;1;2;1;5;;46,1999903;3,2887351
20830;202000023143;5;8;2020;21:15;5;01;01338;2;1;1;6;Rue de Villeneuve;45,7086570;5,5717790
20831;202000023144;8;8;2020;17:50;1;26;26360;1;3;1;3;Route de Saint Paul;44,4138960;4,8065720
20832;202000023145;9;8;2020;05:30;2;58;58083;1;1;1;6;D958;47,2374540;3,6623100
20833;202000023146;9;8;2020;02:15;3;58;58152;1;1;1;6;2 Les Rompés;46,8813190;3,1308350
20834;202000023147;9;8;2020;10:30;1;66;66024;2;1;1;6;Avenue Maréchal de Lattre de Tassigny;42,5248280;2,8314490
20835;202000023148;9;8;2020;11:08;1;06;06120;1;1;1;1;Rio de Claï;44,2157440;6,9711100
20836;202000023149;8;8;2020;20:15;1;14;14371;1;1;1;6;Chemin de Livet;49,0168020;0,1263160
20837;202000023150;7;8;2020;15:20;1;50;50151;1;3;1;3;50 Rue du Gué de l'Orme;49,2131900; -1,5722900
20838;202000023151;9;8;2020;06:55;2;45;45282;2;1;1;6;1551 Route d'Orléans;47,8623980;1,8271120
20839;202000023152;8;8;2020;16:10;1;64;64495;1;3;1;1;intersection D4/D305;43,3170760; -1,5315410
20840;202000023153;7;8;2020;07:02;2;40;40272;1;1;1;1;D12;43,5910380; -1,2704230
20841;202000023154;9;8;2020;01:00;3;04;04049;2;1;1;1;RD 4096 (21 Bd des Tilleuls);44,0767069;5,9947317
20842;202000023155;9;8;2020;08:20;1;04;04108;2;1;1;1;RN 85 (Le moulin);44,0481850;6,0260010
20843;202000023156;8;8;2020;15:00;1;85;85277;1;1;1;2;D747;46,5357720; -1,4387480
20844;202000023157;8;8;2020;11:50;1;28;28240;1;3;7;3;D15;48,4737390;1,0030820
20845;202000023158;7;8;2020;05:55;2;30;30102;1;1;1;6;D225;43,9099260;4,2866500
20846;202000023159;8;8;2020;21:45;3;08;08164;1;1;1;7;D946;49,3910050;4,7683240
20847;202000023161;8;8;2020;14:45;1;973;97307;1;1;1;1;N2;4,8272288; -52,3385722
20848;202000023162;7;8;2020;22:15;3;973;97307;1;1;1;7;Route de Stoupan;4,7853620; -52,3488560
20849;202000023163;9;8;2020;11:00;1;38;38004;1;1;1;6;A49;45,2106200;5,4667200
20850;202000023164;9;8;2020;09:00;1;73;73297;1;1;1;6;A430;45,6279040;6,3268800
20851;202000023165;7;8;2020;20:30;3;57;57114;1;1;1;7;Brouviller;48,7518320;7,1715400
20852;202000023166;9;8;2020;05:14;3;34;34240;1;1;1;1;Autoroute A9, PK 99+100, direction NIMES;43,6459510;3,9788100
20853;202000023167;9;8;2020;01:55;5;988;98821;2;1;1;7;RUE ANTOINE CHERIKA/LOTISSEMENT JULISA; -22,1343700;166,3539200
20854;202000023168;9;8;2020;20:00;3;976;97607;1;1;1;1;Route Nationale - Ironi Be; -12,8361340;45,1854800
20855;202000023169;9;8;2020;22:35;5;974;97415;2;1;1;7;73 Chemin du Trou de Sable; -21,0363890;55,2726290
20856;202000023170;8;8;2020;22:00;3;66;66065;1;1;1;7;D914;42,6166230;2,9734330
20857;202000023171;9;7;2020;10:45;1;34;34314;1;1;1;-1;D68;43,7251570;3,8404270
20858;202000023172;8;8;2020;14:45;1;13;13116;1;2;1;3;D29;43,8375910;4,9264880
20859;202000023173;9;8;2020;16:20;1;13;13100;1;1;1;6;RD99;43,7878100;4,8437140
20860;202000023174;8;8;2020;09:55;1;38;38468;1;1;1;6;A7;45,3430800;4,8080200
20861;202000023175;7;8;2020;15:10;1;88;88136;1;1;1;2;N57;48,2073440;6,4610340
20862;202000023176;7;8;2020;17:30;1;57;57350;1;1;1;6;Chemin d'Auché;49,0466380;6,0730310
20863;202000023177;8;8;2020;17:20;1;74;74127;1;1;1;3;Route du Plan Fayet;46,3604640;6,5232830
20864;202000023178;9;8;2020;11:40;1;73;73054;1;1;1;6;D902;45,6834280;6,7375160
20865;202000023180;9;8;2020;14:50;1;26;26192;1;1;1;6;100 Chemin des Chaux;44,4290530;5,0300110
20866;202000023181;8;8;2020;08:35;1;81;81225;2;1;1;-1;Impasse des Saules;43,9179890;1,9633880
20867;202000023182;8;8;2020;19:30;1;09;09157;1;1;1;3;Avenue du 11 Novembre 1918 D625;42,9346095;1,8494644
20868;202000023183;7;8;2020;19:35;1;33;33498;2;2;1;3;Route de Caplanne;44,5517970; -0,9097520
20869;202000023184;9;8;2020;11:45;1;85;85092;2;1;1;3;3 Rue Georges Clémenceau;46,4660120; -0,8057140
20870;202000023187;7;8;2020;17:45;1;62;62052;1;1;7;1;Hameau de Warcove;50,8576230;1,6752140
20871;202000023188;8;8;2020;11:46;1;13;13117;1;1;1;2;A7-Sens Lyon vers Marseille;43,4333000;5,2566000
20872;202000023189;7;8;2020;00:40;3;13;13216;1;1;1;7;A55-Sens Marseille vers Martigues;43,3582300;5,3452500
20873;202000023190;7;8;2020;22:00;3;13;13214;1;1;1;6;A7-Sens Marseille vers Lyon;43,3298900;5,3779800
20874;202000023191;7;8;2020;21:50;3;01;01249;1;1;1;6;A42   6.290 A 8.310;45,8158770;4,9672830
20875;202000023192;4;8;2020;17:00;1;69;69385;1;1;1;2;M6   453.400 A 455.000;45,7528900;4,8198900
20876;202000023193;8;8;2020;15:35;1;33;33167;1;1;1;2;ROUTE NATIONALE 230;44,8216700; -0,5165600
20877;202000023195;8;8;2020;06:00;1;92;92036;1;1;1;6;AUTOROUTE A15;48,9436400;2,2877400
20878;202000023196;8;8;2020;03:20;5;93;93066;1;1;1;2;AUTOROUTE A1;48,9103700;2,3582600
20879;202000023197;7;8;2020;18:50;1;93;93007;1;1;1;2;AUTOROUTE A1;48,9520300;2,4522900
20880;202000023198;7;8;2020;16:15;1;93;93007;1;1;1;3;AUTOROUTE A1;48,9520200;2,4522900
20881;202000023199;7;8;2020;08:30;1;974;97411;2;1;1;6;SAVOIE (RUE DE LA); -20,9059700;55,4819500
20882;202000023200;7;8;2020;08:00;1;974;97411;2;3;1;3;Route de la Rivière des Pluies; -20,9003500;55,4995130
20883;202000023201;7;8;2020;18:15;1;69;69387;2;2;1;3;GAMBETTA                            (CO);45,7544200;4,8454800
20884;202000023202;7;8;2020;17:00;1;69;69386;2;2;1;6;EMERAUDES (DES)                     (R );45,7690300;4,8603700
20885;202000023203;7;8;2020;15:25;1;69;69383;2;1;1;3;BONNEL (DE)                         (R );45,7613482;4,8417648
20886;202000023204;7;8;2020;11:20;1;69;69259;2;1;1;1;ALBERT EINSTEIN                     (R );45,6990000;4,8769400
20887;202000023205;7;8;2020;14:50;1;972;97213;2;1;1;3;ROUTE DEPARTEMENTALE 3;14,6670000; -60,9951000
20888;202000023206;7;8;2020;21:50;5;69;69389;2;1;1;1;ARLOING                             (QU);45,7731397;4,8100255
20889;202000023207;6;8;2020;13:57;1;971;97101;2;1;1;4;Frédéric JALTON;16,2783900; -61,4990100
20890;202000023208;7;8;2020;18:40;1;95;95539;2;6;1;3;CD 125;48,9923650;2,3585910
20891;202000023209;7;8;2020;07:30;1;95;95063;1;1;1;3;QUAI VOLTAIRE;48,9275650;2,2292820
20892;202000023210;6;8;2020;12:10;1;91;91657;2;1;1;6;HENRI BARBUSSE (AVENUE);48,7016900;2,4250500
20893;202000023211;7;8;2020;11:35;1;91;91114;2;6;1;3;PIERRE PROST (AVENUE);48,6965800;2,4983200
20894;202000023212;6;8;2020;16:58;1;87;87085;2;1;1;1;BASTIAT (RUE FREDERIC);45,8829100;1,2877600
20895;202000023213;6;8;2020;11:20;1;86;86194;2;1;1;2;Rue de la Milètrie;46,5621100;0,3798300
20896;202000023214;7;8;2020;19:30;2;83;83144;2;1;1;3;LIBERATION (AVE DE LA);43,1430180;5,9918930
20897;202000023215;8;8;2020;01:15;3;83;83069;2;1;1;7;DECUGIS (AVENUE ALFRED);43,1130100;6,1614400
20898;202000023216;6;8;2020;18:10;1;83;83069;2;2;7;3;TOULON (VIEUX CHEMIN DE);43,1217300;6,1098700
20899;202000023217;6;8;2020;18:40;1;81;81144;1;2;7;3;VIEILLE COTE DE LA DRECHE;43,9691500;2,1576000
20900;202000023218;7;8;2020;08:40;1;78;78403;2;1;7;6;CHATEAUBRIAND (AVENUE);48,9942500;1,8686080
20901;202000023219;7;8;2020;07:35;2;78;78498;2;2;1;3;VILLIERS RUE DE;48,9224000;2,0358000
20902;202000023220;8;8;2020;01:55;5;69;69266;2;3;1;1;EMILE ZOLA     (Cours);45,7691700;4,8813600
20903;202000023221;6;8;2020;21:30;5;69;69264;2;1;1;2;KALARACH  RUE DE;45,9951800;4,7310000
20904;202000023222;8;6;2020;07:30;1;93;93027;1;1;1;5;AUTOROUTE A86;48,9244000;2,3884100
20905;202000023223;8;6;2020;11:15;1;94;94069;1;9;1;2;A4;48,8176057;2,4212441
20906;202000023224;14;1;2020;08:35;2;35;35238;2;1;2;6;HAUTES-OURMES (BD DES);48,0875950; -1,6464110
20907;202000023225;8;6;2020;07:35;1;974;97411;2;4;7;6;montgaillard (route de); -20,8986300;55,4687800
20908;202000023226;8;6;2020;22:05;5;69;69387;2;9;2;6;Rue du Repos;45,7464041;4,8500402
20909;202000023228;8;6;2020;07:40;2;69;69386;2;2;7;3;DUGUESCLIN                          (R );45,7670700;4,8476400
20910;202000023229;8;6;2020;09:50;1;972;97213;2;7;1;2;PIERRE ZOBDA QUITMAN (RUE);14,6098200; -61,0007500
20911;202000023231;7;6;2020;12:30;1;972;97213;2;1;1;3;ROUTE DEPARTEMENTALE 15;14,6378500; -61,0098100
20912;202000023232;7;6;2020;11:20;1;2B;2B033;2;1;1;5;ROUTE ROYALE;42,6766800;9,4427500
20913;202000023233;7;6;2020;06:15;1;971;97113;1;1;1;1;RN4 - SECTION RIVIERA;16,2179300; -61,4977100
20914;202000023234;7;6;2020;03:30;3;971;97113;1;1;2;3;PETIT HAVRE (SECTEUR);16,2160757; -61,4295387
20915;202000023235;5;8;2020;20:11;1;66;66136;2;1;1;1;TORREILLES (AV DU DOCTEUR JEAN-LOUIS);42,6834733;2,8758996
20916;202000023236;8;6;2020;09:00;1;91;91589;2;3;1;3;DE LESSEPS (AVENUE FERDINAND);48,7037000;2,3400000
20917;202000023237;8;6;2020;08:00;1;91;91216;2;1;7;6;GRAND VAUX (RUE DE);48,6731710;2,3354030
20918;202000023238;6;8;2020;19:35;1;64;64024;2;1;1;3;BAYONNE (AVENUE DE);43,4807000; -1,5138000
20919;202000023239;6;6;2020;18:17;1;91;91182;2;1;1;-1;VERSAILLES (ROUTE DE);48,6184600;2,4039800
20920;202000023240;6;8;2020;19:00;1;64;64024;2;1;1;3;BAB (BOULEVARD DU);43,4939549; -1,5251101
20921;202000023241;8;6;2020;17:45;1;91;91631;2;1;8;6;MANDRES (RUE DE);48,6807000;2,5585000
20922;202000023242;5;8;2020;19:01;1;63;63113;2;1;1;2;LAGARLAYE (RUE DE);45,7736986;3,0815784
20923;202000023244;6;8;2020;20:00;2;62;62119;2;1;1;3;SAINT OMER (  RUE DE );50,5170290;2,6368800
20924;202000023245;8;6;2020;08:48;1;87;87085;1;3;1;3;Avenue Georges Guingouin;45,9027700;1,2963100
20925;202000023247;6;6;2020;09:05;1;87;87085;1;1;1;6;Rue Georges Briquet;45,9027700;1,2963100
20926;202000023248;7;8;2020;17:50;1;60;60057;2;1;1;6;Avenue du 8 Mai 1945;49,4409007;2,0964197
20927;202000023249;5;6;2020;15:42;1;87;87085;1;3;1;3;Georges GUINGOUIN(rue);45,9027700;1,2963100
20928;202000023250;6;6;2020;18:15;1;85;85194;2;1;1;6;Promenade Georges V;46,4958900; -1,7962300
20929;202000023251;6;8;2020;14:30;1;58;58194;2;1;1;2;MARECHAL JUIN;47,0044500;3,1538400
20930;202000023252;5;6;2020;21:10;2;85;85194;2;1;1;6;Allée des Cèdres;46,5061300; -1,7685800
20931;202000023253;7;8;2020;12:56;1;57;57221;2;2;1;3;NATIONALE (RUE);49,3177200;6,1131600
20932;202000023254;20;5;2020;10:45;1;85;85194;2;1;1;6;Rue Ernest Landrieau;46,5077000; -1,7535400
20933;202000023256;8;6;2020;07:00;1;83;83062;2;3;1;3;FABRI DE PEIRESC (AVENUE);43,1408510;6,0298910
20934;202000023257;6;8;2020;11:42;1;56;56260;2;1;1;3;AOUT 1944(RUE DU 4);47,6747400; -2,7592800
20935;202000023258;7;6;2020;02:00;5;83;83069;2;1;1;1;MEDITERRANEE (AVENUE DE LA);43,0761700;6,1537400
20936;202000023259;6;8;2020;12:40;1;54;54395;2;1;1;6;POINCARE (RUE RAYMOND 1-29-2-30);48,6900250;6,1717636
20937;202000023260;7;6;2020;18:30;1;81;81163;2;3;1;3;TASSIGNY (DE LATTRE DE);43,4895200;2,3706300
20938;202000023261;5;8;2020;21:45;5;54;54329;2;1;1;2;RD31;48,5818800;6,5041600
20939;202000023262;5;6;2020;17:10;1;80;80261;1;1;1;4;RD 1001;49,8617700;2,2693500
20940;202000023263;6;6;2020;13:20;1;76;76108;2;1;1;3;rue de verdun;49,4755700;1,1236300
20941;202000023265;7;6;2020;15:20;1;76;76341;2;1;1;-1;RD 6382;49,5110800;0,1993300
20942;202000023266;6;8;2020;16:40;1;50;50203;1;1;1;7;VENTE (ROUTE DE LA);49,5974300; -1,5899900
20943;202000023268;5;6;2020;13:10;1;67;67482;2;3;8;3;MITTELHAUSBERGEN (ROUTE DE);48,6023470;7,7084870
20944;202000023269;5;6;2020;11:15;1;67;67482;2;3;8;6;GENERAL KOENIG (QUAI DU);48,5753630;7,7544310
20945;202000023270;6;8;2020;22:40;3;44;44184;1;1;1;1;RD 492 DU PONT BD HÔPITAL A ÉCHANGEUR CR;47,2740900; -2,2484900
20946;202000023271;8;6;2020;14:11;1;66;66136;1;1;1;2;Départementale 914;42,6655900;2,9186700
20947;202000023272;28;5;2020;19:15;1;64;64445;2;1;1;7;NOLIVOS DE;43,3040800; -0,3765900
20948;202000023273;8;6;2020;08:21;1;64;64024;2;1;2;6;PITOYS (ROUTE DE);43,4644200; -1,5013800
20949;202000023274;6;8;2020;11:20;1;42;42184;2;4;1;3;Rue Pierre Dubreuil;46,0547236;4,0426858
20950;202000023275;3;6;2020;19:30;1;62;62178;1;3;1;-1;AIRE ( D');50,4943910;2,5440060
20951;202000023276;5;6;2020;11:00;1;57;57672;2;1;1;6;VERDUN (RUE DE);49,3501600;6,1585700
20952;202000023278;6;6;2020;13:05;1;56;56121;2;1;1;3;FREBAULT (RUE  DU GENERAL );47,7403500; -3,3745500
20953;202000023279;7;8;2020;16:43;1;37;37233;2;2;1;3;LENINE (AVENUE);47,3941006;0,7383170
20954;202000023280;5;6;2020;10:50;1;56;56098;2;3;1;3;JAURES (RUE  JEAN );47,7690700; -3,3520800
20955;202000023281;7;8;2020;18:15;1;35;35206;1;1;1;2;RN136;48,0790500; -1,6901500
20956;202000023282;8;6;2020;11:00;1;54;54395;2;9;1;2;MARIN (VIADUC LOUIS);48,7000321;6,1837086
20957;202000023283;5;6;2020;17:35;1;54;54547;2;2;2;6;LISBONNE (RUE DE);48,6614397;6,1690646
20958;202000023284;5;8;2020;14:30;1;35;35115;2;1;1;6;10 Place de la République;48,3493352; -1,1953553
20959;202000023285;7;8;2020;18:20;1;34;34172;2;1;1;6;TOULOUSE (AVENUE DE;43,5939490;3,8604040
20960;202000023286;6;6;2020;14:00;1;52;52448;2;1;1;3;TARTELOTTES (CHEMIN DES);48,6361200;4,9185500
20961;202000023287;8;6;2020;17:55;1;51;51454;2;3;1;3;Boulevard Pasteur;49,2504471;4,0424170
20962;202000023288;6;8;2020;22:17;3;34;34198;1;1;1;6;D66  VOIE RAPIDE;43,5576800;3,9643900
20963;202000023289;7;6;2020;11:49;1;49;49007;2;1;1;3;LARREY;47,4793400; -0,5556400
20964;202000023290;8;6;2020;16:54;1;37;37261;2;2;1;-1;MARCEAU (RUE);47,3935496;0,6850364
20965;202000023291;8;6;2020;13:37;1;37;37261;2;1;2;2;NAPOLEON (PONT);47,3966145;0,6767601
20966;202000023292;7;8;2020;16:25;1;33;33063;2;3;1;1;RUE ROBERT SCHUMAN / PCE DE L'EUROPE;44,8591800; -0,5824200
20967;202000023293;8;6;2020;13:45;1;35;35238;2;9;1;3;Rue du Bosphore;48,0845000; -1,6768000
20968;202000023295;8;8;2020;02:20;5;33;33529;1;6;1;6;Chemin de Camicas;44,6467000; -1,1583100
20969;202000023296;8;6;2020;16:30;1;33;33318;2;3;1;3;AVE JEANNE D'ARC / ALL DES GERANIUMS;44,8142700; -0,6382300
20970;202000023297;24;5;2020;19:10;1;33;33063;2;1;1;2;PONT Jacques CHABAN-DELMAS;44,8598900; -0,5532800
20971;202000023298;4;8;2020;16:00;1;29;29254;2;6;1;3;Route de Sainte-Sève;48,5720300; -3,8489800
20972;202000023299;7;6;2020;11:30;1;33;33529;1;1;1;1;BISCAROSSE (AVE) DUNE VERS BISCA;44,5964100; -1,1959400
20973;202000023300;7;8;2020;04:00;3;29;29039;1;1;1;7;D122 - Rue Yves Trichard;47,8785693; -3,8537638
20974;202000023301;8;6;2020;09:15;1;33;33529;2;1;1;5;BISCAROSSE (AVE DE) JUSQU'A DUNE;44,6060600; -1,2025000
20975;202000023302;6;6;2020;22:50;5;31;31557;2;1;3;7;PEYRETTE (CH DE LA);43,5866500;1,3188300
20976;202000023303;7;8;2020;19:10;1;29;29019;2;4;1;3;Boulevard Léon Blum;48,4014000; -4,4839700
20977;202000023304;5;6;2020;21:00;5;31;31555;2;1;1;6;CHE DE LA GARONNE;43,6209469;1,4040562
20978;202000023305;7;8;2020;07:25;1;27;27681;2;1;1;6;POTARD (RUE);49,0943600;1,4845800
20979;202000023306;8;6;2020;17:15;1;17;17300;2;1;1;6;CARNOT   AVENUE;46,1653500; -1,1863420
20980;202000023307;8;6;2020;12:00;1;17;17300;2;6;1;3;DOMPIERRE   RUE DE;46,1635000; -1,1385600
20981;202000023308;7;6;2020;19:15;1;14;14118;2;1;1;1;MASSE (RUE DE LA);49,1875800; -0,3452600
20982;202000023309;1;8;2020;09:35;1;18;18033;1;4;1;1;;47,0744800;2,3475400
20983;202000023310;8;6;2020;21:10;2;13;13215;2;1;1;5;LYON (RUE DE);43,3404784;5,3611151
20984;202000023311;8;6;2020;12:30;1;13;13201;2;1;1;3;GRIGNAN (RUE)     12 A FIN;43,2917000;5,3749700
20985;202000023312;7;8;2020;11:00;1;13;13202;2;1;1;3;ARENC (QUAI D');43,3152627;5,3651502
20986;202000023313;7;6;2020;01:55;5;13;13201;2;1;1;-1;CANEBIERE     70 A FIN;43,2977000;5,3813000
20987;202000023314;7;8;2020;20:33;2;13;13047;1;1;1;7;D.10;43,5929700;4,9672100
20988;202000023315;6;6;2020;19:53;1;13;13201;2;1;1;3;BRETEUIL (RUE)    2 A 18;43,2921910;5,3750390
20989;202000023316;6;8;2020;19:35;1;13;13047;2;1;1;2;RADOLFZELL AVENUE DE;43,5009570;4,9925080
20990;202000023317;8;6;2020;17:05;1;13;13047;2;1;1;1;LAVALDUC CHEMIN DE;43,4808050;4,9649180
20991;202000023318;7;8;2020;20:45;2;13;13001;2;1;1;7;MARSEILLE (ROUTE DE );43,4725980;5,4092440
20992;202000023319;8;6;2020;15:25;1;06;06027;2;9;8;2;CAMPANETTE CHEMIN DE LA;43,6710000;7,1640000
20993;202000023320;7;8;2020;19:20;1;12;12176;1;1;1;7;ROUTE DES HAUTS D' ONET;44,3767200;2,5520800
20994;202000023321;7;6;2020;20:50;1;05;05061;2;3;1;3;VOLTAIRE ( SQUARE );44,5571500;6,0770200
20995;202000023323;5;6;2020;11:55;1;05;05061;2;1;1;7;EYSSAGNIERES ( ROUTE DES );44,5379400;6,0516500
20996;202000023324;8;6;2020;15:30;1;75;75120;2;1;8;2;PORTE DE MONTREUIL;48,8590330;2,4141100
20997;202000023325;7;8;2020;10:39;1;10;10387;2;2;1;-1;VEON A L'ANE (RUE);48,2911000;4,1033000
20998;202000023326;7;6;2020;14:35;1;75;75114;2;4;1;3;BOULEVARD PERIPHERIQUE;48,8165800;2,3426360
20999;202000023327;6;8;2020;23:30;5;10;10333;2;9;1;6;ANDRE MAUGOUT (RUE);48,2839800;4,0596100
21000;202000023328;7;6;2020;12:30;1;75;75106;2;7;1;6;PLACE EDMOND ROSTAND;48,8472480;2,3407900
21001;202000023329;7;6;2020;23:10;5;75;75118;2;2;1;3;BOULEVARD BARBES;48,8838490;2,3494760
21002;202000023330;6;8;2020;16:08;1;10;10387;2;2;7;4;ANDRE MALRAUX (RUE);48,3120500;4,0832100
21003;202000023331;8;6;2020;17:29;1;75;75115;2;2;1;6;RUE DU THEATRE;48,8461750;2,2951740
21004;202000023332;7;8;2020;12:45;1;06;06088;2;2;1;3;RIQUIER (BD DE);43,7037720;7,2899090
21005;202000023333;8;6;2020;16:20;1;75;75113;2;3;1;2;AVENUE D ITALIE;48,8204240;2,3590650
21006;202000023334;7;8;2020;23:15;5;06;06083;2;3;1;3;SOSPEL (AVENUE DE, N° 1 A 55);43,7793280;7,4935860
21007;202000023335;7;8;2020;07:50;1;06;06069;1;1;1;3;PEGOMAS (ROUTE DE);43,6251350;6,9273880
21008;202000023336;8;6;2020;17:10;1;75;75111;2;3;1;3;RUE DE CRUSSOL;48,8638610;2,3669450
21009;202000023337;8;6;2020;13:25;1;75;75111;2;2;1;6;AVENUE DE LA REPUBLIQUE;48,8660020;2,3706610
21010;202000023338;7;8;2020;20:35;5;06;06123;2;3;1;3;DE GAULLE GENERAL AVENUE;43,6649000;7,1934000
21011;202000023339;8;6;2020;09:40;1;75;75111;2;4;8;1;RUE SAINT MAUR;48,8594350;2,3827550
21012;202000023340;5;8;2020;19:10;1;03;03310;2;3;7;6;Avenue Thermale;46,1264113;3,4198965
21013;202000023341;8;6;2020;10:30;1;75;75109;2;1;1;6;RUE GODOT DE MAUROY;48,8719790;2,3273150
21014;202000023342;7;8;2020;12:00;1;01;01053;2;3;1;3;HERRIOT ( BOULEVARD EDOUARD COTE IMPAIR);46,2129570;5,2183080
21015;202000023343;8;6;2020;15:55;1;75;75107;2;4;1;3;RUE DE LUYNES;48,8547190;2,3259970
21016;202000023344;8;6;2020;15:15;1;75;75104;2;3;1;7;RUE DE RIVOLI;48,8550650;2,3616770
21017;202000023345;5;8;2020;16:20;1;01;01289;1;2;1;3;DOMBES (AVENUE DE LA);46,1804000;5,1949000