;Num_Acc;jour;mois;an;hrmn;lum;dep;com;agg;int;atm;col;adr;lat;long
21018;202000023346;8;6;2020;12:20;1;75;75103;2;4;1;3;RUE DE TURBIGO;48,8668000;2,3620020
21019;202000023347;7;8;2020;08:28;1;75;75106;2;1;1;1;QUAI DE CONTI;48,8576870;2,3371730
21020;202000023348;8;6;2020;12:15;1;75;75104;2;3;1;2;RUE DES ARCHIVES;48,8589700;2,3557290
21021;202000023350;8;6;2020;19:21;1;94;94074;2;1;1;6;JULIEN DURANTON (avenue);48,7655000;2,4476400
21022;202000023351;6;8;2020;12:00;1;75;75115;2;2;1;7;RUE DESAIX;48,8537940;2,2941610
21023;202000023353;7;8;2020;13:00;1;75;75114;2;2;1;7;RUE MOUTON DUVERNET;48,8319990;2,3274190
21024;202000023354;8;6;2020;10:55;1;94;94001;2;1;1;6;SAINT GEORGES (R);48,7222000;2,4185000
21025;202000023355;6;6;2020;15:40;1;94;94079;2;1;1;6;MAURICE DUDRAGNE (R);48,8318810;2,5495500
21026;202000023356;7;8;2020;08:10;1;75;75113;2;3;1;6;BOULEVARD AUGUSTE BLANQUI;48,8302860;2,3472010
21027;202000023357;5;8;2020;01:00;5;75;75112;2;7;1;6;AVENUE DAUMESNIL;48,8349650;2,4081680
21028;202000023359;8;6;2020;07:35;1;93;93070;2;1;1;6;VICTOR-HUGO (BD);48,9058370;2,3240997
21029;202000023360;7;8;2020;16:25;1;75;75111;2;2;1;3;AVENUE DE LA REPUBLIQUE;48,8640040;2,3812040
21030;202000023361;7;6;2020;18:00;1;93;93070;2;7;1;3;VICTOR-HUGO (BD);48,9058735;2,3240865
21031;202000023362;7;8;2020;17:40;1;75;75108;2;2;7;6;AVENUE PERCIER;48,8736860;2,3144750
21032;202000023363;8;6;2020;11:45;1;93;93066;2;1;1;3;"""LANDY RD 20, NR IMPAIRS 146 A 254""";48,9146100;2,3480600
21033;202000023364;5;6;2020;15:39;1;93;93066;2;1;8;6;BD ANATOLE FRANCE;48,9272422;2,3528650
21034;202000023366;8;6;2020;17:08;1;93;93001;2;3;8;5;AV DU PRESIDENT ROOSEVELT / R EDGARD QUINET;48,9164196;2,3801305
21035;202000023367;7;8;2020;16:20;1;75;75108;2;7;1;3;PLACE DE LA CONCORDE;48,8640660;2,3201170
21036;202000023369;8;6;2020;19:45;2;92;92044;2;2;1;3;BARBES (RUE);48,8903400;2,2817600
21037;202000023370;7;3;2020;08:15;2;75;75108;2;2;1;6;AVENUE PIERRE 1ER DE SERBIE;48,8683847;2,3011154
21038;202000023371;6;6;2020;00:34;5;92;92036;2;2;1;2;LAURENT CELY (AVENUE) (145/329);48,9306910;2,3017950
21039;202000023372;6;8;2020;23:50;5;75;75114;2;1;1;3;RUE FRIANT;48,8257640;2,3243420
21040;202000023373;9;6;2020;21:10;2;24;24010;2;6;1;2;D3;45,1726290;0,5923180
21041;202000023374;7;8;2020;18:15;1;75;75103;2;1;1;7;RUE REAUMUR;48,8657360;2,3549430
21042;202000023376;7;8;2020;19:00;1;93;93059;2;1;1;6;PL DU GENERAL LECLERC;48,9641200;2,3716600
21043;202000023377;8;6;2020;07:00;1;73;73330;2;1;8;3;D44 Bas Somont;45,7126820;5,7901600
21044;202000023379;6;8;2020;09:20;1;93;93066;2;2;1;6;"""LANDY RD 20, NR IMPAIRS 1 A 144""";48,9155193;2,3575515
21045;202000023380;9;6;2020;15:31;1;67;67089;1;1;1;1;D421;48,7502190;7,4528290
21046;202000023381;7;8;2020;08:50;1;93;93064;2;1;1;6;CAVARE (RUE PAUL);48,8730272;2,4851632
21047;202000023382;8;6;2020;17:15;1;51;51612;1;1;1;3;D36;48,9170570;3,9819650
21048;202000023383;8;6;2020;20:05;1;56;56078;2;1;1;6;11 Rue Herbert Clémens;47,7769790; -3,5160340
21049;202000023384;31;5;2020;04:00;3;76;76419;1;1;1;7;Rue du Village;49,3973870;0,8830150
21050;202000023385;7;6;2020;18:50;1;65;65362;2;3;8;6;rue saint vincent;42,9630610; -0,0724360
21051;202000023386;9;6;2020;16:50;1;61;61329;1;2;1;3;La Hulberdiere;48,4464040;0,5174410
21052;202000023387;9;6;2020;01:00;4;41;41231;2;1;8;6;Rue de la Ferte-beauharnais;47,5244640;1,9260250
21053;202000023388;18;5;2020;20:30;2;86;86281;2;1;1;6;20 Rue des Ormeaux;46,6938520;0,2133520
21054;202000023389;9;6;2020;11:30;1;22;22135;1;1;1;1;Keranfiol;48,5938570; -3,3591610
21055;202000023390;15;5;2020;16:40;1;44;44152;1;4;1;3;Rue de l'Étang;47,4564270; -2,0051820
21056;202000023391;8;6;2020;11:15;1;44;44069;1;3;1;2;D774;47,3105470; -2,4296680
21057;202000023392;4;6;2020;17:55;1;44;44084;2;2;1;3;Rue Louis Retailleau;47,2369660; -1,3534430
21058;202000023393;9;6;2020;13:55;1;31;31037;1;1;1;6;Piqueraisin;43,3610250;1,7750680
21059;202000023394;7;6;2020;15:00;1;03;03303;2;1;1;7;;46,4898856;2,7397301
21060;202000023396;9;6;2020;11:30;1;26;26165;1;1;2;6;100 chemin du Chamialoux ;44,7783700;4,8132460
21061;202000023397;9;6;2020;17:10;1;66;66015;1;1;1;6;D 900;42,5789030;2,8503700
21062;202000023398;9;6;2020;21:00;2;90;90056;1;1;2;7;Rue d'Alsace;47,5387170;7,0081620
21063;202000023399;6;6;2020;08:55;1;09;09326;2;1;2;5;Le Coche La Remise;42,7716170;1,7178960
21064;202000023400;8;6;2020;02:00;3;18;18242;1;1;1;6;Route de Véreaux;46,8442650;2,9123160
21065;202000023401;9;6;2020;19:55;2;16;16028;2;3;1;1;;45,4753720; -0,1580270
21066;202000023402;8;6;2020;10:30;1;07;07304;1;1;1;7;Départementale 579;44,3924880;4,3780520
21067;202000023405;7;6;2020;20:50;1;40;40240;1;1;1;6;1345 Route de Grenade;43,7593280; -0,3642920
21068;202000023406;9;6;2020;11:30;1;27;27056;2;6;1;6;Place de Verdun;49,0875500;0,5925600
21069;202000023407;8;6;2020;16:40;1;28;28418;1;2;1;3;D127;48,1376690;1,5036460
21070;202000023408;7;6;2020;18:00;5;974;97420;1;1;1;6;21 Avenue Mahatma Gandhi; -20,9269960;55,6314560
21071;202000023409;9;6;2020;08:10;1;971;97115;1;1;1;3;Routa;16,2606580; -61,6318740
21072;202000023410;8;6;2020;15:30;1;78;78460;1;1;1;7;chemin des fossés;49,0208160;1,8517110
21073;202000023412;3;6;2020;15:40;1;34;34056;1;1;1;1;D161;43,4313100;3,4440100
21074;202000023413;9;6;2020;14:30;1;83;83112;2;9;1;3;Route de la Ciotat;43,1801970;5,6749370
21075;202000023415;7;6;2020;06:30;2;74;74226;1;1;3;6;1455 Route Santadrionne;46,1915520;6,3835720
21076;202000023416;6;6;2020;16:15;1;01;01049;1;1;1;3;Route de Thil;45,8467450;5,0464670
21077;202000023417;2;6;2020;14:15;1;14;14712;1;1;1;1;D675;49,1790829; -0,2044779
21078;202000023418;28;4;2020;10:00;1;60;60282;2;3;1;6;Rue de la Source;49,1917280;2,4585729
21079;202000023419;8;6;2020;18:45;1;13;13211;1;1;1;2;A50-Sens Aubagne vers Marseille;43,2877000;5,5030000
21080;202000023420;6;6;2020;19:00;1;83;83062;1;1;1;3;A57;43,1437632;6,0231203
21081;202000023422;8;6;2020;18:30;1;91;91661;1;1;1;3;AUTOROUTE A10;48,7051440;2,2495410
21082;202000023423;8;6;2020;10:50;1;91;91363;1;1;1;6;RN 104;48,6429100;2,1980700
21083;202000023424;8;6;2020;10:00;1;91;91340;1;1;1;5;RN 104;48,6104000;2,4345000
21084;202000023425;6;6;2020;21:15;1;93;93066;1;1;1;4;AUTOROUTE A1;48,9180700;2,3573600
21085;202000023426;6;6;2020;19:50;1;95;95572;1;1;1;2; A15;49,0293800;2,1262900
21086;202000023427;8;6;2020;12:00;1;77;77495;1;1;1;-1;A5b;48,5827000;2,6375000
21087;202000023428;22;2;2020;12:30;1;64;64024;2;3;1;3;DOUS BOS (RUE DE);43,4891900; -1,5006000
21088;202000023429;7;3;2020;19:20;5;93;93077;2;4;1;1;AV DU GENERAL GALLIENI / R CHARLES HILDEVERT;48,8921000;2,5055200
21089;202000023430;11;3;2020;06:30;2;93;93001;2;2;1;3;HENRI BARBUSSE (RUE)  111 =>;48,9088400;2,3905800
21090;202000023431;16;3;2020;17:40;1;37;37050;2;1;8;1;Rue Philippe Maupas;47,3365820;0,6936676
21091;202000023432;6;6;2020;21:35;5;974;97416;2;1;8;6;BONS ENFANTS (RUE DES); -21,3396700;55,4740300
21092;202000023433;6;6;2020;23:55;4;973;97302;2;2;1;3;LALLOUETTE(RUE);4,9397453; -52,3333008
21093;202000023434;7;6;2020;10:10;1;69;69386;2;1;1;3;CHARLES DE GAULLE                   (QU);45,7791200;4,8452000
21094;202000023435;6;6;2020;20:30;5;69;69382;2;3;1;-1;GASPARIN                            (R );45,7594700;4,8333700
21095;202000023436;7;6;2020;05:50;2;69;69034;2;1;8;6;COSTE                               (R );45,7885400;4,8348400
21096;202000023437;6;6;2020;09:45;1;69;69389;2;1;1;1;PIERRE SCIZE                        (QU);45,7670701;4,8152067
21097;202000023438;6;6;2020;21:05;2;2B;2B033;2;6;1;3;GIACCOBBI - AV PAUL;42,6715000;9,4425000
21098;202000023439;7;6;2020;04:00;2;95;95598;2;6;1;6;DOCTEUR SCHWEITZER  RUE DU;48,9954000;2,3026000
21099;202000023440;7;6;2020;17:00;1;69;69256;2;1;1;3;FERME (DE LA)                       (CH);45,7871400;4,9134400
21100;202000023441;6;6;2020;09:50;1;69;69029;2;2;1;3;MARECHAL DE LATTRE DE TASSIGNY      (R );45,7315836;4,9177654
21101;202000023442;6;6;2020;15:40;1;69;69266;2;1;8;6;LOUIS GUERIN     (Rue);45,7757418;4,8600829
21102;202000023443;7;6;2020;23:09;5;65;65440;2;2;2;3;MAQUIS DE SOMBRUN (RUE DU);43,2431800;0,0615900
21103;202000023444;7;6;2020;17:20;1;62;62160;2;9;1;6;SANDETTIE (Rue du);50,7360200;1,6021200
21104;202000023445;7;6;2020;16:38;1;62;62328;2;3;1;3;BRUNEHAUT (CHAUSSEE);50,5202900;2,4223600
21105;202000023446;6;6;2020;12:15;1;50;50147;2;3;1;3;DIVISION LECLERC;49,0561000; -1,4386300
21106;202000023447;6;6;2020;20:00;1;44;44055;1;1;1;2;Route de la Saudraie;47,3013870; -2,3581880
21107;202000023448;6;6;2020;20:17;1;37;37261;2;1;1;1;ROYER (BD JEAN);47,3806238;0,6873233
21108;202000023449;7;6;2020;17:20;1;29;29051;1;2;1;3;Route de Coray ;48,0049000; -4,0327500
21109;202000023450;2;6;2020;18:30;1;14;14118;2;3;1;6;SAINT JEAN (RUE (DE 33 ET + ET 38 ET +);49,1802500; -0,3580400
21110;202000023451;7;6;2020;23:30;5;13;13208;2;2;1;3;PRADO (contre allée);43,2750320;5,3895380
21111;202000023452;7;6;2020;21:30;5;13;13201;2;9;1;7;CANEBIERE     70 A FIN;43,2977000;5,3816000
21112;202000023453;7;6;2020;18:00;1;13;13207;2;1;1;6;Corniche John Fitzgérald Kennedy;43,2789200;5,3541200
21113;202000023454;7;6;2020;10:45;1;13;13211;2;1;2;6;PARETTE (PLACE DE LA);43,2917730;5,4199100
21114;202000023455;6;6;2020;20:45;2;13;13208;2;1;1;3;PRADO (AVENUE DU);43,1618400;5,2325300
21115;202000023456;6;6;2020;20:20;1;13;13205;2;2;1;3;SAKAKINI (BOULEVARD);43,2999440;5,4007470
21116;202000023457;6;6;2020;16:50;1;02;02738;2;1;1;6;BOULLOCHE (AVENUE);49,6577400;3,3168400
21117;202000023458;7;6;2020;05:35;2;75;75119;2;1;1;4;BOULEVARD PERIPHERIQUE;48,8953850;2,3948020
21118;202000023459;7;6;2020;13:15;1;75;75118;2;1;1;-1;BOULEVARD PERIPHERIQUE;48,9006820;2,3670730
21119;202000023460;7;6;2020;19:00;2;75;75120;2;7;1;5;BOULEVARD MORTIER;48,8646730;2,4086230
21120;202000023461;7;6;2020;12:45;1;75;75120;2;2;1;6;RUE DES PYRENEES;48,8576290;2,4039160
21121;202000023462;7;6;2020;17:00;1;75;75119;2;1;1;6;AVENUE DE FLANDRE;48,8932780;2,3800010
21122;202000023463;7;6;2020;19:30;1;75;75118;2;4;1;3;RUE LAMARCK;48,8896840;2,3397950
21123;202000023464;7;6;2020;02:50;5;75;75118;2;3;1;3;RUE DE LA CHAPELLE;48,8933220;2,3596330
21124;202000023465;7;6;2020;01:25;5;75;75117;2;4;1;3;AVENUE DE LA GRANDE ARMEE;48,8769910;2,2856010
21125;202000023466;6;6;2020;22:58;5;75;75112;2;2;1;3;BOULEVARD DIDEROT;48,8475890;2,3890970
21126;202000023467;7;6;2020;01:00;5;75;75108;2;4;1;3;RUE DE COURCELLES;48,8773520;2,3066950
21127;202000023468;6;6;2020;11:00;1;75;75108;2;3;1;2;AVENUE DES CHAMPS ELYSEES;48,8713760;2,3025990
21128;202000023469;7;6;2020;14:30;1;75;75107;2;2;1;6;BOULEVARD SAINT GERMAIN;48,8585090;2,3231060
21129;202000023470;6;6;2020;13:00;1;75;75103;2;2;1;6;RUE REAUMUR;48,8655520;2,3556740
21130;202000023471;7;6;2020;07:30;1;94;94042;2;3;1;-1;PIERRE BROSSOLETTE (QU);48,8201297;2,4671233
21131;202000023472;7;6;2020;21:15;1;93;93064;2;1;1;2;VOLTAIRE (RUE);48,8796151;2,4897502
21132;202000023474;7;6;2020;15:40;1;93;93027;2;1;1;6;SALENGRO (AVENUE ROGER);48,9300500;2,3859800
21133;202000023475;7;6;2020;11:45;1;92;92049;2;3;1;6;GINOUX AVENUE HENRI AUTRES N°;48,8171100;2,3216300
21134;202000023476;7;6;2020;11:50;1;86;86092;1;1;1;3;18 route de Buxière;46,9581420;0,6030200
21135;202000023477;5;10;2020;21:20;5;33;33063;2;2;1;3;CRS DU MEDOC / CRS BALGUERIE STUTTENBERG;44,8582700; -0,5669200
21136;202000023478;5;10;2020;09:20;1;33;33281;2;6;7;3;AVE RENE CASSIN;44,8327400; -0,6785500
21137;202000023479;5;10;2020;10:15;1;33;33529;2;9;2;6;HAMEAU (PL. JEAN);44,6330300; -1,1456700
21138;202000023480;3;10;2020;10:28;1;32;32013;2;2;1;3;CORPS FRANC POMMIES (AVENUE DU);43,6290900;0,5798000
21139;202000023481;5;10;2020;11:25;1;30;30007;2;1;8;6;BOISSIER DE SAUVAGE (quai);44,1267200;4,0738000
21140;202000023482;1;10;2020;21:10;5;22;22278;2;1;3;2;GOUEDIC (DE);48,5096000; -2,7551500
21141;202000023484;10;11;2020;16:00;1;87;87141;1;1;1;6;D21;45,8067410;0,9618830
21142;202000023485;4;10;2020;19:00;5;14;14341;2;1;3;7;HUGO (BD VICTOR);49,1517600; -0,3540000
21143;202000023486;10;11;2020;19:45;3;76;76319;1;1;1;2;A13;49,3384900;0,9816350
21144;202000023487;5;10;2020;08:40;1;13;13213;2;1;1;3;LAVERAN (BOULEVARD DU);43,3271970;5,4136930
21145;202000023488;7;11;2020;16:20;1;987;98725;2;1;1;3;RT 02 face école maternelle Hitimahana; -17,5625910; -149,4760510
21146;202000023489;5;10;2020;12:05;1;13;13005;2;1;1;3;BEAUDINARD (ROUTE DE);43,3109100;5,5844800
21147;202000023492;11;11;2020;08:50;1;988;98808;1;3;2;3;Tribu de Meomo; -21,2270630;165,5964950
21148;202000023493;5;10;2020;12:25;1;06;06088;1;3;1;3;GARNIER (BD JOSEPH);43,7100000;7,2563000
21149;202000023494;5;10;2020;10:35;1;06;06069;2;1;1;-1;ROUQUIER (BOULEVARD EMMANUEL);43,6331640;6,9393070
21150;202000023495;10;11;2020;18:45;5;78;78147;2;2;1;3;route departemementale 113;49,0193670;1,4841250
21151;202000023496;4;10;2020;13:15;1;06;06029;2;1;2;1;AURELIENNE (RUE);43,5513000;6,9742000
21152;202000023497;10;11;2020;11:30;1;54;54397;2;2;1;3;RD974;48,6080840;6,1003840
21153;202000023498;4;10;2020;19:00;2;75;75114;2;1;1;6;PORTE D ORLEANS;48,8195170;2,3283140
21154;202000023499;5;10;2020;21:45;5;75;75119;2;1;9;-1;RUE MANIN;48,8850360;2,3926880
21155;202000023500;7;11;2020;15:47;2;14;14407;2;1;8;2;3 Résidence des Buissons;49,2588430; -0,3743560
21156;202000023501;5;10;2020;11:00;1;75;75119;2;3;2;6;AVENUE CORENTIN CARIOU;48,8951360;2,3827400
21157;202000023503;5;10;2020;18:50;5;75;75117;2;1;2;1;BOULEVARD MALESHERBES;48,8879070;2,3045570
21158;202000023505;5;10;2020;09:00;1;75;75117;2;3;2;7;BOULEVARD BERTHIER;48,8888650;2,3013030
21159;202000023506;10;11;2020;08:30;1;69;69382;1;1;1;7;M7   0.000 A 2.278;45,7463600;4,8286900
21160;202000023507;5;10;2020;08:45;1;75;75113;2;2;8;6;BOULEVARD KELLERMANN;48,8208160;2,3509250
21161;202000023509;5;10;2020;20:00;5;75;75110;2;2;2;3;RUE DU CHATEAU D EAU;48,8704950;2,3595370
21162;202000023510;10;11;2020;06:25;3;91;91471;1;1;3;-1;RN 118;48,7154400;2,1734400
21163;202000023511;5;10;2020;12:45;1;75;75109;2;5;2;2;RUE DE MAUBEUGE;48,8793750;2,3484890
21164;202000023512;10;11;2020;09:06;1;92;92064;1;1;1;6;A13;48,8395450;2,2033801
21165;202000023513;10;11;2020;18:45;3;93;93007;1;1;1;3;AUTOROUTE A3;48,9253076;2,4811167
21166;202000023514;10;11;2020;18:00;3;93;93010;1;1;1;3;AUTOROUTE A3;48,9020760;2,4704123
21167;202000023515;5;10;2020;10:45;1;75;75108;2;1;1;2;AVENUE GEORGE V;48,8691160;2,3010610
21168;202000023516;10;11;2020;12:45;1;95;95241;1;1;1;2;RN 104;49,0465900;2,4385100
21169;202000023518;10;11;2020;10:35;1;93;93078;1;1;2;7;AUTOROUTE A104;48,9636100;2,5215100
21170;202000023519;10;11;2020;08:20;1;95;95154;1;9;3;6; A1;49,0351800;2,5410200
21171;202000023520;4;10;2020;23:59;5;75;75116;2;2;2;6;ROUTE DE LA PTE DES SABLONS A LA PTE MAI;48,8772500;2,2705010
21172;202000023521;9;11;2020;18:45;3;93;93010;1;1;1;4;AUTOROUTE A3;48,9084100;2,4733400
21173;202000023522;4;10;2020;21:00;5;75;75108;2;1;2;2;BOULEVARD MALESHERBES;48,8770320;2,3172050
21174;202000023523;9;11;2020;08:30;5;93;93066;1;1;1;3;AUTOROUTE A1;48,9162800;2,3576000
21175;202000023524;5;10;2020;02:27;3;75;75108;2;4;2;6;AVENUE DES CHAMPS ELYSEES;48,8720120;2,3009630
21176;202000023526;9;11;2020;07:00;2;93;93073;1;1;1;2;AUTOROUTE A104;48,9682500;2,5653800
21177;202000023527;5;10;2020;10:00;1;94;94081;2;4;8;3;GROUPE MANOUCHIAN (AV DU);48,7944260;2,4023790
21178;202000023528;10;11;2020;20:00;3;94;94069;1;1;2;7;A4;48,8173924;2,4362247
21179;202000023529;4;10;2020;15:25;1;94;94037;2;3;2;1;RAYMOND LEFEBVRE (R);48,8144600;2,3446600
21180;202000023530;10;9;2020;08:40;1;66;66136;2;1;1;6;MERCADER (BOULEVARD FELIX);42,6937890;2,8903860
21181;202000023531;5;10;2020;08:20;1;94;94038;2;9;2;6;PASTEUR (R);48,7755000;2,3446200
21182;202000023532;8;9;2020;19:35;1;35;35238;2;1;1;3;PIAF (ALLEE EDITH);48,0997000; -1,6398500
21183;202000023533;4;10;2020;07:00;5;94;94033;2;1;2;6;MAUCONSEIL (R);48,8472900;2,4686100
21184;202000023534;9;11;2020;12:45;1;974;97411;2;2;1;6;VICTOIRE (AVENUE DE LA); -20,8863400;55,4523400
21185;202000023535;5;10;2020;10:23;1;94;94042;2;1;8;3;GENERAL GALLIENI (AV DU);48,8200045;2,4809361
21186;202000023536;7;11;2020;13:00;1;974;97409;2;1;1;1;BRAS MOUSSELINE (chemin du); -20,9717720;55,6078170
21187;202000023538;9;11;2020;15:30;1;972;97213;2;1;1;2;ROUTE DEPARTEMENTALE 15;14,6130835; -61,0048056
21188;202000023539;9;11;2020;01:51;5;972;97209;2;1;2;6;BEAUSEJOUR JAMBETTE (ROUTE);14,6434300; -61,0437600
21189;202000023540;5;10;2020;18:30;2;93;93072;2;2;3;3;RD28P / RUE DU COLONEL ROL-TANGUY;48,9581500;2,3676500
21190;202000023541;7;10;2020;23:00;5;69;69286;2;1;1;6;BIEVRE (DE LA)                      (R );45,8251149;4,8910289
21191;202000023542;5;10;2020;06:15;5;93;93066;2;1;2;2;R DU FORT DE LA BRICHE;48,9443000;2,3422300
21192;202000023543;6;11;2020;13:25;1;69;69382;2;2;1;3;CONDE (DE)                          (R );45,7521450;4,8264043
21193;202000023544;9;11;2020;07:35;2;69;69389;2;9;2;4;JOANNES CARRET                      (R );45,7893000;4,8127300
21194;202000023545;8;11;2020;18:10;5;2B;2B033;2;1;1;3;ROUTE ROYALE;42,6770800;9,4346100
21195;202000023546;9;11;2020;18:40;5;95;95585;2;1;9;3;DIVISION LECLERC (AVENUE DE LA);48,9864739;2,3719541
21196;202000023547;5;10;2020;00:15;5;93;93064;2;1;2;6;REPUBLIQUE (AVENUE DE LA);48,8644400;2,4831500
21197;202000023548;7;11;2020;18:53;5;87;87085;2;2;1;6;RD941 (OUEST);45,8345900;1,2258900
21198;202000023549;5;10;2020;19:45;5;93;93048;2;9;2;1;THEOPHILE SUEUR (BOULEVARD);48,8659717;2,4692312
21199;202000023550;6;11;2020;15:49;1;87;87085;2;3;1;3;DUTREIX (RUE ARMAND);45,8337000;1,2299800
21200;202000023551;4;10;2020;18:50;1;93;93061;2;1;2;3;FERRER AVENUE FRANCISCO;48,8872237;2,4069313
21201;202000023552;4;10;2020;15:30;1;93;93006;2;1;1;2;R DESCARTES;48,8699000;2,4262200
21202;202000023554;9;11;2020;14:15;1;78;78551;2;1;1;2;PEREIRE;48,9014600;2,0735500
21203;202000023555;5;10;2020;19:30;5;93;93031;2;3;2;3;159 RTE DE SAINT LEU / R DE L'YSER;48,9542600;2,3348900
21204;202000023556;9;11;2020;08:45;1;78;78440;2;2;1;3;MOLIERE (RUE);48,9838150;1,9153280
21205;202000023558;5;10;2020;20:30;5;93;93001;2;1;2;6;REPUBLIQUE (AVE DE LA ) 43/106 =>;48,9084000;2,3874000
21206;202000023559;6;11;2020;12:30;1;76;76498;2;2;1;3;11 NOVEMBRE. BOULEVARD DU;49,4166800;1,0703100
21207;202000023560;5;10;2020;16:10;1;93;93001;2;1;2;3;ANATOLE FRANCE (BLD) PAIR;48,9176454;2,3820125
21208;202000023561;4;11;2020;14:00;1;59;59392;2;1;1;6;FRANCE (AVENUE DE);50,2758700;3,9732000
21209;202000023562;5;10;2020;00:20;5;93;93001;2;1;1;6;JEAN JAURES  (AVE)  157 A 213;48,9096299;2,3984638
21210;202000023563;5;10;2020;15:25;1;92;92064;2;1;2;2;GARCHES;48,8434979;2,2023511
21211;202000023564;9;11;2020;13:15;1;59;59009;2;1;1;6;BOUDERIEZ MARCEL RUE;50,6206230;3,1502220
21212;202000023565;20;10;2020;18:00;2;54;54395;2;3;1;6;LECLERC (AV. DU GENERAL)174 A 290-101 A;48,6751218;6,1758801
21213;202000023567;9;11;2020;17:50;5;51;51454;2;1;1;7;Rue Jules Guichard;49,2664497;4,0221396
21214;202000023568;26;9;2020;15:00;1;92;92009;2;1;1;3;BOURGUIGNONS ( RUE 01 A 31);48,9129470;2,2725096
21215;202000023569;6;11;2020;13:50;1;49;49328;1;1;1;3;PELOUSE (CHEMIN DE LA);47,2806600; -0,0414400
21216;202000023570;5;10;2020;17:40;1;38;38353;1;1;1;6;Chemin des Vernets;45,4162500;4,7631800
21217;202000023571;4;11;2020;16:47;1;49;49007;2;1;1;6;SANGNIER;47,4473000; -0,5670000
21218;202000023572;4;10;2020;02:30;3;06;06060;2;3;1;3;Route du Mont-chauve;43,7525370;7,2665820
21219;202000023573;6;11;2020;12:14;1;49;49007;2;1;1;1;Rue Boreau;47,4750100; -0,5462000
21220;202000023574;9;11;2020;07:15;2;37;37122;2;1;1;-1;MARTYRS (RUE DES);47,3534490;0,6658638
21221;202000023575;5;10;2020;17:25;1;17;17015;1;1;8;1;Rue des Fauberts;45,5587870; -0,8600290
21222;202000023576;9;11;2020;07:11;4;37;37208;2;1;1;6;LAC (AVENUE DU);47,3656929;0,7159145
21223;202000023577;27;8;2020;05:10;5;69;69285;2;1;1;-1;105 Route Nationale;45,7580020;5,0674010
21224;202000023578;6;11;2020;17:00;2;37;37261;2;2;1;-1;GIRAUDEAU (RUE);47,3860976;0,6766601
21225;202000023579;5;10;2020;14:50;1;972;97231;1;1;1;1;Départementale 7;14,5293770; -61,0201480
21226;202000023580;9;11;2020;21:50;5;33;33063;2;7;1;3;PCE DE LA VICTOIRE;44,8304400; -0,5727400
21227;202000023581;6;10;2020;08:20;1;76;76238;2;9;9;6;Rue Aristide Briand;49,5581860;0,2133740
21228;202000023582;9;11;2020;17:30;1;33;33318;2;2;1;1;AVE JEAN CORDIER;44,8114300; -0,6246200
21229;202000023585;9;11;2020;14:10;1;33;33069;2;1;1;6;AVE DE TIVOLI;44,8698400; -0,5975300
21230;202000023586;1;10;2020;20:45;3;59;59266;1;1;2;7;D147;50,5365370;2,9738230
21231;202000023587;28;10;2020;20:30;5;33;33550;2;6;1;3;RTE DE LEOGNAN;44,7727100; -0,5765800
21232;202000023588;6;10;2020;12:20;1;41;41288;1;1;1;2;Autoroute A10;47,6544760;1,3780550
21233;202000023589;9;11;2020;07:55;1;33;33281;2;1;1;2;AVE MARCEL DASSAULT;44,8442000; -0,6741000
21234;202000023590;7;11;2020;00:30;5;31;31555;2;1;6;6;RUE DES AMIDONNIERS;43,6062900;1,4252800
21235;202000023591;30;8;2020;12:55;1;971;97132;1;1;2;1;La Regrettée;15,9937990; -61,6519640
21236;202000023592;5;10;2020;15:55;3;19;19150;1;1;2;6;D1089;45,0762785;1,6054845
21237;202000023593;5;10;2020;15:20;1;19;19118;1;1;3;6;18 La Tronche;45,4705150;1,7554950
21238;202000023594;6;10;2020;13:00;1;82;82018;1;1;2;6;Route de Caussade;44,1020781;1,5373228
21239;202000023595;9;11;2020;18:35;3;29;29232;1;1;2;2;D20 - Route de Plomelin;47,9700888; -4,1272921
21240;202000023596;5;10;2020;20:50;3;11;11261;1;1;1;6;CD 2113;43,1792850;2,6669310
21241;202000023597;8;11;2020;20:25;5;29;29019;2;6;1;3;Rue de Maissin;48,3900032; -4,5036956
21242;202000023598;1;10;2020;18:00;1;49;49283;1;1;8;3;Le Petit Rochefou;47,4302320; -0,7705105
21243;202000023599;6;10;2020;10:40;1;12;12052;1;1;2;3;Lieu Dit Marcilhac;44,5734803;2,0947132
21244;202000023600;6;11;2020;19:30;5;26;26198;2;6;1;3;Rond Point des Présidents;44,5308940;4,7455910
21245;202000023602;16;7;2020;16:15;1;29;29293;1;1;1;2;Kergunus;47,8635287; -3,8434505
21246;202000023603;9;11;2020;12:10;1;25;25056;2;1;1;2;DIDEROT BOULEVARD;47,2463100;6,0357900
21247;202000023604;5;10;2020;19:15;3;31;31037;1;1;1;6;Berseille;43,3948280;1,7335120
21248;202000023605;22;10;2020;10:45;1;22;22113;2;9;1;1;FRERES LAGADEC (RUE DES);48,7260083; -3,4697388
21249;202000023608;6;10;2020;05:20;3;31;31080;1;1;1;6;Route de Gensac;43,2858130;0,6307430
21250;202000023610;5;10;2020;21:30;3;84;84014;1;1;1;6;D996;43,7140460;5,7173750
21251;202000023613;9;11;2020;06:50;5;13;13209;2;9;1;3;CABOT (BOULEVARD);43,2601700;5,4158300