;Num_Acc;jour;mois;an;hrmn;lum;dep;com;agg;int;atm;col;adr;lat;long
21252;202000023614;9;11;2020;07:25;1;10;10333;2;9;1;-1;AUXERRE (ROUTE);48,2709100;4,0522800
21253;202000023615;9;11;2020;09:45;1;07;07281;2;6;2;3;Carrefour de la LIBERATION;44,9458900;4,8471000
21254;202000023616;6;10;2020;08:45;1;50;50639;1;4;2;3;village du guériant;48,8329580; -1,2056370
21255;202000023617;27;9;2020;15:30;1;06;06083;2;6;1;3;CARNOT (AVENUE);43,7729500;7,4985400
21256;202000023618;5;10;2020;07:15;1;43;43227;1;1;1;5;Lieu-dit Trève;45,3040670;4,3178737
21257;202000023619;6;10;2020;11:10;1;27;27467;1;1;2;6;Route de Quillebeuf;49,3617200;0,5118500
21258;202000023621;6;10;2020;11:45;1;17;17243;1;1;3;4;N10;45,2192160; -0,2891210
21259;202000023622;6;11;2020;12:15;1;05;05061;2;3;1;2;EYSSAGNIERES ( ROUTE DES );44,5457443;6,0534642
21260;202000023623;5;10;2020;18:00;1;87;87033;1;1;2;3;Taillac;45,9883847;1,1555399
21261;202000023624;1;10;2020;20:35;5;37;37059;1;1;1;6;;47,4652136;0,6209126
21262;202000023625;9;11;2020;13:00;1;75;75116;2;1;1;5;PORTE DAUPHINE;48,8704830;2,2725290
21263;202000023626;9;11;2020;11:50;1;75;75119;2;1;1;3;PORTE D AUBERVILLIERS;48,9003590;2,3766420
21264;202000023627;5;10;2020;21:00;3;77;77453;1;9;2;5;autoroute 5 PK 13+900;48,5407550;2,7931600
21265;202000023628;9;11;2020;08:50;1;75;75118;2;1;1;5;PORTE DE SAINT OUEN;48,9008470;2,3344370
21266;202000023629;9;11;2020;09:30;1;75;75116;2;7;1;6;RUE BOISSIERE;48,8656740;2,2926720
21267;202000023630;30;9;2020;17:06;1;74;74014;1;9;1;7;Col de Pierre Carrée (Col de montagne);46,0198037;6,6612017
21268;202000023631;9;11;2020;08:45;1;75;75105;2;1;1;3;RUE BUFFON;48,8421990;2,3599300
21269;202000023632;9;11;2020;07:10;5;75;75120;2;7;1;3;PLACE GAMBETTA;48,8650680;2,3985830
21270;202000023633;4;10;2020;16:00;1;91;91207;2;1;1;6;Avenue de Verdun;48,5786340;2,2399450
21271;202000023634;3;10;2020;21:25;3;987;98729;1;1;1;6;PK 21 VAEANAE; -17,5331890; -149,8386110
21272;202000023638;9;11;2020;08:10;1;75;75119;2;3;1;2;AVENUE DE LA PORTE DE LA VILLETTE;48,8982590;2,3862440
21273;202000023639;5;10;2020;21:45;3;45;45316;1;1;2;6;13 Rue du Pont des Besniers;47,9505010;2,3772740
21274;202000023640;9;11;2020;07:50;1;75;75112;2;2;1;3;RUE DE PICPUS;48,8480400;2,3928590
21275;202000023641;9;11;2020;08:40;1;75;75110;2;2;1;6;BOULEVARD DE MAGENTA;48,8705460;2,3611960
21276;202000023642;5;10;2020;18:30;1;13;13004;1;3;1;1;Route d'Eyguières;43,6637970;4,7111610
21277;202000023643;9;11;2020;16:20;1;94;94058;2;1;1;3;PIERRE BROSSOLETTE (AV);48,8348150;2,5062110
21278;202000023644;5;10;2020;13:25;1;13;13041;2;2;1;3;Rue Thiers;43,4555470;5,4722050
21279;202000023646;9;11;2020;11:45;1;94;94041;2;3;8;2;GENERAL DE GAULLE (AV DU);48,8181090;2,3979800
21280;202000023647;9;11;2020;12:38;1;94;94041;2;1;1;6;MARCEL BOYER (QU);48,8219900;2,3932100
21281;202000023648;6;10;2020;07:50;1;89;89257;2;4;2;1;Avenue du Port;47,9594500;3,5049440
21282;202000023649;9;11;2020;13:00;1;94;94077;2;1;1;1;SADI CARNOT (AV);48,7377300;2,4094300
21283;202000023650;4;10;2020;20:00;3;67;67348;1;1;1;1;Rue du Coteau;48,4528620;7,4778700
21284;202000023651;9;11;2020;08:20;1;94;94017;2;1;8;6;COEUILLY (AV DE);48,8124200;2,5253400
21285;202000023652;17;9;2020;19:00;1;42;42122;2;1;1;1;Rue de la Conche;45,5673600;4,0601230
21286;202000023653;6;10;2020;00:15;3;01;01424;1;1;1;6;Route de la Boisse;45,8750480;4,9817740
21287;202000023654;9;11;2020;11:10;1;93;93077;2;2;7;6;RAINCY (AVENUE DU);48,8866200;2,5089600
21288;202000023655;5;10;2020;09:00;1;79;79049;1;6;2;7;;46,8452820; -0,5301330
21289;202000023656;9;11;2020;17:25;5;93;93050;2;2;1;6;HUIT MAI 1945;48,8678239;2,5339523
21290;202000023657;9;11;2020;13:10;1;93;93048;2;1;1;6;R EDOUARD VAILLANT;48,8517000;2,4311000
21291;202000023658;9;11;2020;14:05;1;93;93046;2;5;1;6;AV JULES GUESDES / AV ARISTIDE BRIAND;48,9106365;2,5122529
21292;202000023659;9;11;2020;10:35;1;93;93045;2;1;1;3;JUIN AVENUE DU MARECHAL;48,8802939;2,4219288
21293;202000023660;6;10;2020;07:45;2;33;33051;2;3;2;3;Avenue de la Côte d'Argent;44,6310470; -0,9831260
21294;202000023661;9;11;2020;06:30;2;93;93032;2;1;1;3;PAUL VAILLANT COUTURIER (RUE);48,8761300;2,5497800
21295;202000023662;5;10;2020;08:20;2;50;50502;1;1;2;2;N174;49,0989230; -1,1129990
21296;202000023663;9;11;2020;12:55;1;93;93010;2;3;1;6;R ROGER SALENGRO / R LOUIS AUGUSTE BLANQUI;48,9003600;2,4786400
21297;202000023664;3;10;2020;10:35;1;29;29046;2;1;6;6;1 Allee Sainte Croix;48,0861551; -4,3192300
21298;202000023665;5;10;2020;08:00;1;13;13215;1;1;1;2;A7-Sens Lyon vers Marseille;43,3665500;5,3606800
21299;202000023666;9;11;2020;17:45;1;93;93008;2;1;1;6;VAILLANT COUTURIER (AVENUE PAUL);48,9089345;2,4500458
21300;202000023669;3;10;2020;15:45;1;83;83144;1;1;1;5;A57;43,1351527;5,9904581
21301;202000023670;9;11;2020;15:40;1;92;92012;2;2;1;6;ROBERT SCHUMAN (AVENUE);48,8441800;2,2498300
21302;202000023671;10;11;2020;14:30;1;60;60403;1;1;1;6;D615;49,5154398;2,0003657
21303;202000023672;18;9;2020;17:00;1;69;69266;1;1;1;2;RD383   3.750 A 7.640;45,7532955;4,9083247
21304;202000023673;5;10;2020;21:55;3;33;33080;1;1;1;6;AUTOROUTE A 62;44,7511400; -0,5419900
21305;202000023674;5;10;2020;18:25;1;33;33397;1;1;1;4;AUTOROUTE A 10;44,9175100; -0,4769700
21306;202000023675;5;10;2020;16:25;1;33;33013;1;1;2;4;ROUTE NATIONALE 230;44,8607100; -0,5040300
21307;202000023676;9;11;2020;10:15;1;37;37010;1;2;1;1;;47,5489910;0,9773611
21308;202000023677;5;10;2020;18:50;1;91;91689;1;1;1;2;AUTOROUTE A6A;48,7481300;2,3268700
21309;202000023678;4;11;2020;14:05;1;47;47133;1;3;1;1;D41;44,0587570;0,5618050
21310;202000023679;5;10;2020;16:15;1;91;91659;1;1;2;5;AUTOROUTE A6;48,5781300;2,4633300
21311;202000023680;5;10;2020;13:50;1;77;77251;1;1;2;6;AUTOROUTE A5A;48,6238100;2,5419100
21312;202000023681;5;10;2020;10:15;1;91;91064;1;1;2;3;RN 118;48,7500000;2,2028600
21313;202000023682;10;11;2020;07:00;2;35;35014;1;3;1;3;le bas mesnil;47,9716010; -1,3249900
21314;202000023683;5;10;2020;10:20;1;94;94037;1;1;1;7;AUTOROUTE A6B;48,8157400;2,3563900
21315;202000023684;5;10;2020;10:10;1;94;94034;1;1;1;7;AUTOROUTE A86;48,7563100;2,3353417
21316;202000023685;5;10;2020;13:45;1;92;92072;1;1;8;6;N118;48,8129909;2,2140024
21317;202000023686;5;10;2020;11:45;1;78;78402;1;1;1;2;A13;48,9640650;1,7818330
21318;202000023687;5;10;2020;06:45;5;78;78090;1;1;3;5;A13;48,9702240;1,9081370
21319;202000023689;5;10;2020;02:20;5;92;92064;1;1;2;6;A13;48,8395625;2,1999478
21320;202000023690;10;11;2020;07:00;2;83;83073;2;1;1;7;Rue de l'Ormeau;43,3836435;6,3078690
21321;202000023691;2;10;2020;13:40;1;30;30034;1;1;2;1;D6113;43,7705710;4,4727610
21322;202000023692;5;10;2020;09:30;1;95;95424;1;1;2;4;A15;48,9945664;2,1840328
21323;202000023693;5;10;2020;09:00;1;95;95365;1;1;2;2;RN 104;49,0610840;2,4167690
21324;202000023694;10;11;2020;07:44;1;51;51439;1;1;1;3;D20a PR 002.500;49,3416369;4,1735109
21325;202000023695;5;10;2020;08:40;1;93;93053;1;1;2;3;AUTOROUTE A103;48,8870641;2,4753472
21326;202000023696;10;11;2020;09:05;1;74;74137;1;9;1;3;Route d'Annecy;45,9986160;6,1785860
21327;202000023697;5;10;2020;07:55;2;77;77363;1;1;2;-1;A4;48,9162920;2,6336880
21328;202000023698;9;11;2020;18:51;3;32;32147;1;1;1;1;N124;43,6313190;0,8581620
21329;202000023699;4;10;2020;22:45;3;77;77249;1;1;1;6;RN104;48,7410220;2,6123000
21330;202000023700;9;11;2020;07:33;2;29;29024;2;6;1;3;Avenue victor hugo;48,2770880; -3,5593830
21331;202000023701;10;11;2020;18:10;5;29;29037;2;3;1;7;Hent Kerbohis;47,8870460; -4,1558150
21332;202000023702;3;10;2020;13:34;1;988;98818;2;3;1;3;AVENUE JAMES COOK/RUE DU CAPITAINE BOIS; -22,2682200;166,4262600
21333;202000023703;9;11;2020;13:10;1;70;70063;1;1;1;6;D486;47,7578610;6,6050340
21334;202000023705;4;10;2020;15:24;1;974;97407;2;1;1;3;Rue Jacques Duclos; -20,9585100;55,3144200
21335;202000023707;4;10;2020;06:00;5;69;69388;2;1;1;6;MARYSE BASTIE                       (R );45,7392800;4,8740500
21336;202000023708;30;10;2020;20:40;3;45;45314;1;1;2;6;Route de Fay;47,9719530;2,1739410
21337;202000023710;9;11;2020;08:25;1;45;45130;1;3;1;2;D951 - rue de villecante;47,8021655;1,7323397
21338;202000023711;4;10;2020;15:20;-1;83;83069;2;1;-1;7;MOULIN (AVENUE JEAN);43,1128800;6,1297400
21339;202000023712;3;11;2020;06:35;5;53;53097;2;6;9;3;Boulevard du Maréchal de Lattre de Tassigny;48,1478060; -0,4127490
21340;202000023713;3;10;2020;19:20;2;83;83069;1;1;8;7;BRANLY (RUE);43,1132560;6,1361622
21341;202000023714;9;11;2020;22:00;3;85;85051;1;1;1;6;les Aveneaux;46,6709000; -1,0869100
21342;202000023715;3;10;2020;18:40;1;80;80001;2;3;1;7;JEAN MENNESSON;50,1159400;1,8276500
21343;202000023716;10;11;2020;08:00;1;978;97801;1;1;3;3;35 Chemin de la Savane;18,0898450; -63,0660130
21344;202000023717;26;9;2020;11:45;1;69;69264;2;1;2;-1;AMPERE  (rue);45,9879500;4,7246000
21345;202000023718;4;10;2020;11:30;1;59;59599;2;1;8;6;LORIDANT (RUE HENRI);50,6972000;3,1472600
21346;202000023719;10;11;2020;11:10;1;988;98805;1;1;1;1;R.T.1 Katiramona; -22,1459920;166,4388750
21347;202000023720;3;10;2020;19:15;1;37;37179;2;6;2;7;ROSTAND (CARREFOUR JEAN);47,4373414;0,7096835
21348;202000023721;24;10;2020;16:10;1;67;67049;2;1;1;-1;2 Rue du Marechal Foch;48,5044444;7,6027826
21349;202000023722;11;10;2020;14:35;1;13;13058;2;2;1;3;Avenue de la Vallée des Baux;43,7203460;4,8075700
21350;202000023723;4;10;2020;16:40;1;35;35238;2;2;1;3;FREVILLE (AVENUE HENRI);48,0837600; -1,6751200
21351;202000023724;10;11;2020;06:20;2;988;98813;1;3;1;3;RT1/VU3 FOCOLA; -21,6932610;165,7807030
21352;202000023725;9;11;2020;22:28;3;77;77377;1;1;8;6;D10;48,7202160;2,7576540
21353;202000023727;9;11;2020;20:55;3;34;34272;2;6;1;7;route de Lunel;43,6585190;4,1156890
21354;202000023730;4;10;2020;18:35;1;27;27681;2;1;8;2;Av du Maréchal de Lattre de Tassigny;49,0840000;1,4633300
21355;202000023731;9;11;2020;19:35;3;69;69141;1;1;1;1;D34;45,6103050;4,6773720
21356;202000023732;30;7;2020;10:10;1;13;13202;2;1;1;3;SAINT JEAN (AVENUE);43,2964400;5,3660900
21357;202000023733;9;11;2020;22:45;5;69;69163;2;1;1;6;874 Route de Varennes;45,9279100;4,7759670
21358;202000023734;30;9;2020;13:50;1;13;13211;2;1;1;6;POMME (BOULEVARD DE LA );43,2914400;5,4446400
21359;202000023735;10;11;2020;17:00;1;22;22376;1;1;1;6;Le Bois d'Uzel;48,2334060; -2,7656580
21360;202000023736;4;10;2020;17:45;1;13;13063;2;3;8;3;STEPHENSON RUE;43,5836300;4,9993900
21361;202000023737;9;11;2020;06:30;3;69;69297;1;1;5;7;A7   15.770 A 20.110;45,6149800;4,8098700
21362;202000023738;2;10;2020;17:19;1;13;13047;2;1;3;1;EDOUARD GUIZONNIER BOULEVARD;43,5100000;4,9888000
21363;202000023739;9;11;2020;09:15;1;93;93066;1;1;1;4;AUTOROUTE A86;48,9217600;2,3673100
21364;202000023740;9;11;2020;10:00;1;94;94018;1;1;1;2;A4;48,8176700;2,4148100
21365;202000023741;3;10;2020;19:20;2;13;13001;2;3;8;3;VERDIERE (RUE DE LA);43,5235000;5,4167000
21366;202000023742;7;11;2020;00:50;3;94;94046;1;9;1;2;A86 EXT;48,8122760;2,4491040
21367;202000023743;4;10;2020;17:40;1;12;12202;2;1;1;6;MARECHAL JOFFRE (AVENUE DU);44,3619000;2,5819000
21368;202000023744;3;10;2020;07:53;1;10;10333;2;2;2;3;CHARLES MORET (RUE);48,2799200;4,0677000
21369;202000023745;3;10;2020;13:00;1;75;75119;2;4;8;2;PORTE DE PANTIN;48,8885930;2,3966650
21370;202000023746;1;4;2020;09:20;1;33;33138;2;3;1;6;Rue Pierre Sémard;45,0368950; -0,1315100
21371;202000023747;2;10;2020;09:40;1;75;75117;2;4;2;-1;PORTE MAILLOT;48,8827630;2,2833920
21372;202000023748;7;11;2020;08:20;1;973;97302;2;3;1;3;ROUTE NATIONALE 3;4,9055413; -52,3202599
21373;202000023749;4;10;2020;02:10;5;75;75112;2;7;2;6;PLACE EDOUARD RENARD;48,8349550;2,4081750
21374;202000023750;6;11;2020;13:05;1;973;97302;2;3;1;3;MONTABO (ROUTE DE) 1;4,9352900; -52,2945600
21375;202000023751;7;11;2020;19:05;5;69;69259;2;1;1;2;CHARLES DE GAULLE                   (AV);45,7129700;4,8987800
21376;202000023753;8;11;2020;17:20;5;69;69034;2;1;8;7;PERIPHERIQUE NORD                   (BD);45,7916900;4,8708000
21377;202000023754;2;10;2020;18:15;1;75;75106;2;1;2;6;RUE DE RENNES;48,8462010;2,3261300
21378;202000023755;8;11;2020;08:35;1;69;69286;2;3;8;3;EUROPE (DE L')                      (AV);45,8132700;4,8934400
21379;202000023756;4;11;2020;20:07;5;69;69034;2;1;1;6;RAYMOND POINCARE                    (PT);45,7897300;4,8605600
21380;202000023757;4;10;2020;21:12;5;75;75120;2;2;1;3;RUE BELGRAND;48,8645660;2,4072010
21381;202000023758;8;11;2020;19:05;3;91;91434;2;1;1;2;SALVADOR ALLENDE (RUE);48,6590520;2,3487830
21382;202000023759;4;10;2020;02:55;5;75;75118;2;1;2;5;BOULEVARD ORNANO;48,8969840;2,3451620
21383;202000023760;4;10;2020;05:30;5;75;75117;2;2;2;3;BOULEVARD D AURELLE DE PALADINES;48,8825940;2,2827660
21384;202000023761;7;11;2020;11:22;1;77;77243;2;3;1;3;GEORGES POMPIDOU (BOULEVARD);48,8654000;2,7053700
21385;202000023763;7;11;2020;19:15;5;69;69266;2;1;1;4;GENAS    (Route de);45,7498784;4,9123814
21386;202000023764;4;10;2020;02:30;5;75;75113;2;2;2;2;AVENUE DES GOBELINS;48,8358400;2,3525180
21387;202000023765;7;11;2020;11:00;1;69;69029;2;2;1;3;PAUL GAUGUIN                            ;45,7354385;4,9170465
21388;202000023766;4;10;2020;15:00;1;75;75112;2;1;1;7;BOULEVARD DE BERCY;48,8400200;2,3818730
21389;202000023767;14;10;2020;16:55;1;62;62516;2;1;1;1;FAUBOURG D AVAL - RUE DU -;50,5652150;2,4854090
21390;202000023768;4;10;2020;19:30;5;75;75111;2;1;8;3;AVENUE DE LA REPUBLIQUE;48,8648200;2,3769820
21391;202000023769;7;11;2020;17:15;5;45;45234;2;1;1;6;Rue Jean d’Aulon;47,8370830;1,9306980
21392;202000023770;4;10;2020;17:30;1;75;75111;2;1;2;3;RUE DE LA FOLIE REGNAULT;48,8576880;2,3875320
21393;202000023772;8;11;2020;23:50;1;44;44109;2;1;1;-1;LUCE ( RTE DE SAINTE );47,2294700; -1,5249000
21394;202000023773;4;10;2020;11:40;1;75;75112;2;2;1;6;RUE DE CHARENTON;48,8483530;2,3760030
21395;202000023774;8;11;2020;17:10;1;35;35238;2;1;1;6;GINGUENE;48,0992276; -1,6784739
21396;202000023775;6;11;2020;17:55;5;34;34129;1;2;1;3;EUROPE (AVENUE DE L');43,5716300;3,8957400
21397;202000023776;3;10;2020;22:36;5;75;75111;2;2;2;-1;AVENUE PARMENTIER;48,8700080;2,3710650
21398;202000023777;4;10;2020;10:50;1;75;75110;2;1;8;3;RUE LOUIS BLANC;48,8791970;2,3685970
21399;202000023778;8;11;2020;22:20;5;13;13211;2;1;1;3;ELLEON (AVENUE);43,2853670;5,4422120
21400;202000023779;4;10;2020;14:20;1;94;94081;2;1;2;6;PAUL VAILLANT COUTURIER (AV);48,7999100;2,4012900
21401;202000023780;8;11;2020;16:00;1;13;13215;2;7;1;3;VISTE (AVENUE DE LA);43,3588100;5,3576300
21402;202000023781;4;10;2020;01:25;5;94;94073;2;9;1;-1;FONTAINEBLEAU (AV DE);48,7598103;2,3685704
21403;202000023782;8;11;2020;15:05;1;13;13005;1;1;1;1;NATIONALE 8 DE PARIS A TOULON (ROUTE);43,2834773;5,5955547
21404;202000023783;3;10;2020;19:10;2;94;94069;2;2;8;3;CANADIENS (AV DES);48,8170200;2,4576900
21405;202000023784;4;10;2020;20:30;5;93;93066;2;2;2;3;WILSON (AVENUE DU PRESIDENT);48,9065800;2,3587500
21406;202000023785;6;11;2020;14:00;1;07;07281;2;3;1;3;BOUVAT (AVENUE MARC);44,9471600;4,8508200
21407;202000023786;4;10;2020;21:50;3;93;93051;2;1;2;6;MONT D'EST (BD);48,8407200;2,5419300
21408;202000023787;8;11;2020;17:30;5;06;06088;2;2;1;3;CLEMENCEAU (AV. GEORGES);43,7018200;7,2608100
21409;202000023788;6;11;2020;10:55;1;75;75112;2;4;1;6;BOULEVARD PERIPHERIQUE;48,8279030;2,3945530
21410;202000023789;4;10;2020;14:35;1;93;93046;2;3;2;3;JEAN JAURES BOULEVARD;48,9197002;2,5270241
21411;202000023790;7;11;2020;13:15;1;75;75119;2;7;1;3;PLACE AUGUSTE BARON;48,9009380;2,3882150
21412;202000023791;4;10;2020;19:00;2;93;93013;2;1;2;3;AV DE LA DIVISION LECLERC;48,9299322;2,4206480
21413;202000023792;8;11;2020;19:35;5;75;75115;2;2;1;1;QUAI BRANLY;48,8546650;2,2889190
21414;202000023793;3;10;2020;23:31;5;92;92024;2;1;8;3;MARTRE (RUE) DE (59 A 109)   (58 A 120);48,9029258;2,3063058
21415;202000023794;8;11;2020;09:10;1;75;75110;2;4;1;7;BOULEVARD DE MAGENTA;48,8814080;2,3514160
21416;202000023795;8;11;2020;09:15;1;94;94076;2;9;1;6;KARL MARX (AV);48,7843800;2,3624000
21417;202000023796;3;10;2020;17:10;1;38;38459;2;1;8;1;Route des Charbonnières;45,4894640;4,9314990
21418;202000023797;8;11;2020;20:00;5;94;94041;2;1;1;6;FRANCOIS MITTERAND;48,8000000;2,3800000
21419;202000023798;4;10;2020;19:20;2;86;86183;2;4;2;6;Rue de Bois Pouzin;46,9728220;0,6140930
21420;202000023799;8;11;2020;11:25;1;94;94041;2;9;1;3;MAURICE THOREZ (AV);48,8190200;2,3740800
21421;202000023800;4;10;2020;04:40;3;86;86241;1;1;2;7;17 Le Port de Rives;46,9411430;0,7027330
21422;202000023801;8;11;2020;21:31;5;93;93073;2;3;1;3;Onzieme Avenue;48,9639600;2,5722700
21423;202000023802;7;11;2020;20:50;5;93;93046;2;2;1;2;AV LUCIE AUBRAC / AV MAUROUARD;48,9314400;2,5456500
21424;202000023803;8;11;2020;19:20;5;93;93031;2;2;1;3;FELIX MERLIN;48,9552992;2,2902042
21425;202000023804;24;8;2020;07:35;1;71;71222;1;1;1;6;D980;46,6505457;4,4243088
21426;202000023805;8;11;2020;11:35;1;92;92046;2;3;1;3;PIERRE LAROUSSE (AVENUE);48,8219300;2,3040100
21427;202000023806;7;11;2020;22:45;5;92;92033;2;1;1;6;GENERAL DE GAULLE;48,8410426;2,1961399
21428;202000023807;29;9;2020;14:30;1;76;76562;1;1;1;-1;Rue Edmond Manoury;49,8683220;1,1980460
21429;202000023808;8;11;2020;20:15;5;24;24350;1;1;1;2;D6089;45,1595720;0,5938840
21430;202000023809;9;11;2020;16:45;1;988;98810;1;3;1;3;RT1/RM23; -20,6884500;164,4222400
21431;202000023810;8;11;2020;09:50;1;23;23193;1;9;1;7;rond pointdes combattants volontaires de la résistance;46,1618540;1,9105860
21432;202000023811;5;10;2020;08:10;1;63;63189;1;1;3;1;D922;45,6417680;2,7246520
21433;202000023813;9;11;2020;01:00;4;974;97414;2;1;1;6;71 Rue de la Palissade; -21,2806520;55,4189010
21434;202000023814;19;10;2020;08:20;1;2A;2A032;1;1;1;2;T40;41,9138470;8,8233200
21435;202000023815;5;10;2020;15:10;1;41;41256;1;1;2;4;A71;47,2790230;2,0431300
21436;202000023816;6;11;2020;18:50;3;29;29165;1;1;1;6;Lieu dit LHent Mahat;47,8109210; -4,2387060
21437;202000023817;9;11;2020;20:30;3;60;60249;1;1;1;6;Route de Balagny;49,2794050;2,3206390
21438;202000023818;4;10;2020;13:45;1;12;12194;1;1;2;6;N88;44,2411320;2,4104740
21439;202000023819;9;11;2020;07:30;2;07;07104;1;9;2;2;LA BLACHE;44,7808220;4,5016370
21440;202000023820;30;9;2020;17:30;1;30;30334;1;1;1;1;Chemin du Mas des Tailles;44,0194650;4,4018240
21441;202000023821;9;11;2020;09:30;1;27;27467;2;1;1;6;intersection Rue Jean jaures et rue Stanislas Delaquaize;49,3540090;0,5161580
21442;202000023822;21;9;2020;14:45;1;62;62784;1;2;1;3;La Grimpette;50,1961120;2,5145820
21443;202000023823;9;11;2020;07:50;1;17;17337;1;1;1;2;D734;45,9910730; -1,3611670
21444;202000023824;5;10;2020;17:55;1;62;62733;1;1;2;6;D3;50,1300700;2,6080940
21445;202000023825;30;9;2020;03:20;3;19;19066;1;1;5;6;RD 147;45,1423528;1,3385356
21446;202000023826;29;10;2020;18:00;2;17;17127;2;2;1;3;Route de Ferrières;46,2407960; -0,8178430
21447;202000023827;4;10;2020;17:40;1;32;32408;1;2;2;3;D33;43,8108360; -0,0363600
21448;202000023828;9;11;2020;07:50;1;973;97309;2;1;1;3;Route de Montjoly (rd1);4,9131500; -52,2730990
21449;202000023829;5;10;2020;09:05;1;71;71230;2;1;8;6;14 Rue Jean Bouveri;46,5999626;4,0571735
21450;202000023830;8;8;2020;16:30;1;988;98802;1;1;1;4;ROUTE TERRITORIALE N°1; -21,8984010;166,1016140
21451;202000023831;5;10;2020;06:05;3;71;71221;1;2;2;7;Rue de Fontaine Couverte;46,7770865;4,7578429
21452;202000023832;9;11;2020;07:00;1;976;97615;2;1;2;1;route nationale 4; -12,7959830;45,2740730
21453;202000023833;5;10;2020;12:50;1;71;71135;2;2;2;1;Route de Quintaine;46,4335752;4,8307936
21454;202000023836;8;11;2020;19:50;3;37;37072;1;6;1;6;;47,1752184;0,2019157
21455;202000023837;2;10;2020;18:10;1;47;47142;1;2;1;3;379 Piece de Moise;44,6358340;0,4779480
21456;202000023838;9;11;2020;18:50;5;83;83115;2;1;1;6;95 Av du Croiseur Leger le Malin;43,3391230;6,6780030
21457;202000023839;5;10;2020;16:30;1;22;22137;1;1;8;1;Rundeunic;48,3190350; -3,4313180
21458;202000023840;4;10;2020;14:40;1;38;38384;1;1;2;2;D119;45,3556360;5,3288890
21459;202000023841;6;11;2020;12:00;1;83;83023;1;1;1;5;D12 pk 2+500;43,3959110;6,0910970
21460;202000023842;4;10;2020;21:15;3;02;02386;1;1;1;1;D946;49,9575430;3,6424830
21461;202000023843;8;11;2020;06:22;3;88;88315;1;1;1;7;D50;48,2669050;6,7257890
21462;202000023844;4;10;2020;20:35;3;03;03221;1;1;1;7;route d'Ainay le Château;46,6759908;2,6928947
21463;202000023845;5;10;2020;10:00;1;15;15079;1;1;2;6;plaine de jaleyrac;45,2703830;2,3649410
21464;202000023846;9;11;2020;10:30;1;73;73006;2;1;1;1;Montee de Saint Sigismond;45,5596730;6,6525110
21465;202000023847;9;11;2020;01:30;3;42;42094;2;1;1;6;Rue de la Loire;45,7427750;4,2074740
21466;202000023848;8;11;2020;17:00;1;09;09164;1;1;1;3;Lort;42,9929870;1,2217300
21467;202000023849;9;11;2020;16:45;1;09;09221;1;1;1;5;N 20;42,8184950;1,6230050
21468;202000023850;8;11;2020;09:50;1;87;87161;2;1;9;3;Avenue du Général de Gaulle;45,8349960;1,4893560
21469;202000023851;8;11;2020;21:20;3;61;61074;1;1;1;6;D2;48,5795030; -0,1346680
21470;202000023852;9;11;2020;10:20;1;80;80685;1;1;1;3;A1;49,7114450;2,7728140
21471;202000023853;8;11;2020;15:35;1;69;69256;1;9;2;6;A42     0.560 A 4.020;45,8044100;4,9260600
21472;202000023854;7;11;2020;13:20;1;93;93064;1;1;1;3;AUTOROUTE A86;48,8630150;2,4828710
21473;202000023855;8;11;2020;13:55;1;94;94052;1;1;1;6;A86 INT;48,8421989;2,4927536
21474;202000023857;6;11;2020;16:00;1;988;98818;2;1;1;3;VICTOIRE-HENRI LAFLEUR (AVENUE DE LA); -22,2744300;166,4467800
21475;202000023858;18;12;2020;13:10;1;92;92036;2;2;1;3;CHANDON (AVENUE) (1/63);48,9219370;2,2998340
21476;202000023859;18;12;2020;14:40;1;92;92026;2;1;1;2;PAIX (RUE DE LA);48,9031000;2,2667000
21477;202000023860;18;12;2020;12:50;1;92;92025;2;4;1;1;VALMY (BD DE);48,9247600;2,2527250
21478;202000023861;18;12;2020;18:16;5;92;92007;2;1;1;-1;BARBUSSE (AVENUE HENRI) N° 1 A 43 ET 2 A;48,8016935;2,3158940
21479;202000023862;18;12;2020;16:50;2;92;92004;1;1;1;-1;DOCTEUR DERVAUX  ( QUAI DU );48,9092659;2,2936429
21480;202000023863;14;12;2020;23:55;4;92;92004;2;1;3;6;INTERCOMMUNAL (B);48,9340800;2,2810800
21481;202000023864;7;12;2020;15:30;1;01;01449;1;2;1;3;D93;46,0044090;5,2333650
21482;202000023866;19;12;2020;17:10;2;41;41150;1;1;1;1;D765;47,5326610;1,4201870
21483;202000023867;17;12;2020;15:00;1;71;71105;1;1;1;4;A6 pk 391+700 sens LYON/PARIS;46,3024254;4,7930852
21484;202000023868;19;12;2020;06:00;2;972;97221;1;1;1;1;Route de Riviere Pilote;14,5090150; -60,9491180
21485;202000023869;18;12;2020;20:00;3;28;28024;1;1;1;2;N123;48,4158510;1,4832830
21486;202000023870;18;12;2020;20:00;3;974;97410;1;1;2;7;N 3 Pont Payet; -21,0979170;55,6737340
21487;202000023871;18;12;2020;10:20;1;14;14378;1;1;1;6;RN 13 PK 114+000;49,3438350; -0,9560670