;Num_Acc;jour;mois;an;hrmn;lum;dep;com;agg;int;atm;col;adr;lat;long
21488;202000023872;17;12;2020;23:35;3;974;97413;2;1;1;6;Chemin Dubuisson; -21,1730470;55,2960670
21489;202000023873;19;12;2020;01:35;3;57;57188;1;1;1;6;route forestière Erbsenthal;49,0342670;7,5567910
21490;202000023874;18;12;2020;18:23;3;19;19285;1;1;1;1;Le Grand Brugeron;45,4014930;1,5042900
21491;202000023875;18;12;2020;18:50;3;82;82161;1;1;5;6;2721 Vieille Route de Montauban;44,0505760;1,4396920
21492;202000023876;17;12;2020;14:28;1;33;33123;1;2;1;3;Rue des Pensees;45,0937470; -0,4390510
21493;202000023877;18;12;2020;16:45;1;61;61230;1;1;8;7;La Véronnière;48,5706440;0,7587430
21494;202000023878;19;12;2020;13:40;1;42;42029;1;1;1;6;D1;45,8475380;4,2769220
21495;202000023879;19;12;2020;16:20;1;47;47318;1;1;2;1;lieu dit grange;44,1929130;0,3265860
21496;202000023880;18;12;2020;10:45;1;41;41231;1;2;1;3;D121;47,4681410;1,9387110
21497;202000023881;30;11;2020;12:45;1;41;41164;1;2;7;3;Les Martinières;47,2736550;1,4402070
21498;202000023882;18;12;2020;18:30;3;25;25519;1;1;5;7;Rue du Dessoubre;47,2972950;6,7907690
21499;202000023883;18;12;2020;19:10;3;44;44158;1;1;1;1;D17 PK 38;47,2831050; -1,8038820
21500;202000023884;19;12;2020;18:00;5;15;15103;1;1;2;6;D28;44,7817060;2,5267370
21501;202000023885;17;12;2020;17:00;1;72;72180;2;1;1;6;55 Place Carnot;48,3506500;0,3689240
21502;202000023886;18;12;2020;16:10;1;45;45160;2;1;1;6;Rue de la Gare;48,1934080;2,1134790
21503;202000023887;18;12;2020;18:30;3;18;18127;1;1;8;6;D940;46,7803290;2,2323490
21504;202000023888;19;12;2020;16:30;1;07;07142;1;1;2;7;D392;44,7225430;3,8695910
21505;202000023889;18;12;2020;15:05;1;24;24196;1;1;1;1;D4 - 70+150;45,3513380;1,1430720
21506;202000023890;19;12;2020;14:30;1;85;85234;1;1;1;7;Chemin de la Baude;46,8144820; -2,0210390
21507;202000023891;10;12;2020;07:50;5;27;27414;2;1;2;3;rue grande;48,9394440;0,4808660
21508;202000023892;18;12;2020;04:40;3;37;37050;1;1;5;6;Rue des Barillers;47,3329690;0,7382904
21509;202000023894;18;12;2020;19:45;3;78;78043;1;1;1;1;Route de Fontenay;48,8344700;2,0717060
21510;202000023895;15;12;2020;02:10;5;78;78455;1;6;2;6;Route Nationale 307;48,8435230;2,0569110
21511;202000023897;18;12;2020;07:20;1;988;98803;1;9;1;6;Sortie nord de Bourail; -21,5520360;165,4793200
21512;202000023898;18;12;2020;23:40;3;974;97415;2;1;1;3;115 Chemin Creve Coeur; -21,0172280;55,2872380
21513;202000023899;19;12;2020;14:55;1;77;77196;1;1;1;2;Route Nationale 3;48,9481540;2,7428050
21514;202000023900;16;12;2020;07:30;2;30;30211;2;3;1;3;Avenue de Provence;43,8311900;4,4970860
21515;202000023901;18;12;2020;15:30;1;05;05151;1;1;1;1;RN 94;44,8121660;6,5750600
21516;202000023902;19;12;2020;14:50;1;38;38148;2;1;1;6;Route de la Frette;45,6164050;5,4800530
21517;202000023903;18;12;2020;14:00;1;69;69287;2;1;1;2;D306, rond point intermarché;45,6978896;5,0143164
21518;202000023904;18;12;2020;09:35;1;81;81187;1;1;1;6;D84;43,7109864;2,0079095
21519;202000023906;18;12;2020;16:10;1;33;33456;1;1;1;6;D137;45,3055050; -0,5749400
21520;202000023908;18;12;2020;17:15;2;35;35121;1;1;2;1;D812;48,2366580; -1,4654840
21521;202000023909;18;12;2020;07:30;3;13;13216;1;1;1;2;A55-Sens Marseille vers Martigues;43,3661300;5,3350500
21522;202000023910;18;12;2020;17:50;3;33;33080;1;1;1;4;AUTOROUTE A 62;44,7484000; -0,5403910
21523;202000023911;18;12;2020;14:00;1;91;91161;1;1;1;2;AUTOROUTE A6;48,7163600;2,3100000
21524;202000023912;18;12;2020;06:00;3;91;91161;1;1;1;7;AUTOROUTE A6;48,7138800;2,3087600
21525;202000023913;18;12;2020;18:00;3;78;78672;1;1;1;5;A13;48,9292250;1,9866700
21526;202000023914;17;12;2020;15:10;1;92;92050;1;1;1;2;A86;48,9039650;2,2066037
21527;202000023915;17;12;2020;06:30;3;78;78117;1;1;2;2;RN12;48,7874570;2,1468140
21528;202000023916;16;12;2020;17:00;2;78;78455;1;1;1;5;A13;48,8518630;2,0654580
21529;202000023917;18;12;2020;06:40;3;95;95394;1;1;1;6;RN 184;49,0523600;2,1844600
21530;202000023919;17;12;2020;22:00;3;95;95572;1;1;1;6;RN 184;49,0395800;2,1266900
21531;202000023920;16;12;2020;18:45;3;95;95351;1;1;1;3;RN 104;49,0321140;2,4919330
21532;202000023921;18;12;2020;15:15;1;94;94017;1;1;1;-1;A4;48,8296700;2,4983600
21533;202000023922;16;8;2020;23:30;5;84;84007;2;1;1;6;PIERRE SEMARD (avenue);43,9396700;4,8209100
21534;202000023923;6;10;2020;22:45;5;19;19275;1;1;8;6;R.D. 982 NORD;45,5671700;2,2983300
21535;202000023924;17;12;2020;20:15;5;988;98818;2;2;1;3;RUE JACQUES IEKAWE/RUE ARMAND OHLEN; -22,2483900;166,4637900
21536;202000023925;17;12;2020;00:45;5;988;98818;2;3;1;7;ROUTE DE L'ANSE VATA/RUE MARCELLIN LACABANNE; -22,2933500;166,4466000
21537;202000023926;17;12;2020;14:30;1;973;97302;2;1;1;3;GALMOT (AVENUE);4,9323900; -52,3270600
21538;202000023927;17;12;2020;12:15;1;973;97302;1;2;1;3;DIGUE LEBLOND;4,9214500; -52,3296600
21539;202000023928;17;12;2020;12:00;1;973;97302;2;1;8;-1;VOLTAIRE(AVENUE);4,9420640; -52,3235893
21540;202000023929;18;12;2020;00:45;5;69;69199;2;1;1;6;MARCEL SEMBAT                       (R );45,7106700;4,8468400
21541;202000023930;17;12;2020;18:09;5;69;69199;2;1;2;2;YVES FARGE                          (BD);45,6978900;4,8578600
21542;202000023931;16;12;2020;10:00;1;69;69259;2;1;1;4;PIERRE SEMARD                       (AV);45,7086900;4,8761400
21543;202000023932;17;12;2020;15:55;1;972;97213;2;9;1;4;ROUTE DEPARTEMENTALE 15 A;14,6107500; -61,0018000
21544;202000023933;16;12;2020;05:30;2;972;97209;1;1;1;2;AVE CAMILLE DARSIERES;14,6027100; -61,0442600
21545;202000023934;17;12;2020;08:50;1;69;69389;2;4;1;1;JOANNES CARRET                      (R );45,7892100;4,8125700
21546;202000023936;17;12;2020;06:00;5;91;91326;2;3;1;1;COUR DE FRANCE (AVENUE DE LA);48,6980000;2,3719600
21547;202000023937;12;12;2020;11:50;1;88;88519;1;1;1;2;RN 59;48,3481900;6,8867300
21548;202000023938;17;12;2020;11:36;1;87;87085;2;2;1;3;CARMES (PLACE DES);45,8301700;1,2503300
21549;202000023939;16;12;2020;16:10;1;86;86194;2;3;1;3;Avenue de Nantes;46,5896980;0,3296620
21550;202000023940;17;12;2020;18:30;5;82;82121;2;3;1;3;DOUMERC (BOULEVARD BLAISE);44,0123400;1,3630400
21551;202000023941;17;12;2020;14:45;1;79;79329;2;1;1;-1;Boulevard de l'Europe;46,9744990; -0,2003800
21552;202000023942;12;12;2020;13:50;1;78;78586;2;3;1;-1;VILLOING (ROBERT) N°1 A 97;48,9396700;2,1865400
21553;202000023943;16;12;2020;19:00;5;76;76351;2;5;2;6;GUSTAVE NICOLLE;49,4925000;0,1484300
21554;202000023944;17;12;2020;19:30;5;73;73065;2;6;2;2;CAFFE (PLACE);45,5637410;5,9195010
21555;202000023945;13;12;2020;15:20;1;71;71105;1;1;1;7;DAVAYE (ROUTE DE);46,2993225;4,7801055
21556;202000023946;17;12;2020;14:00;1;71;71540;1;1;1;6;PERIGAS (CHEMIN DE);46,7729426;4,4262394
21557;202000023947;16;12;2020;15:30;1;69;69290;2;2;1;3;LYON (DE) (D 518)                   (RO);45,7075300;4,9077000
21558;202000023948;17;12;2020;07:40;2;67;67482;2;3;1;3;RHIN (AVENUE DU);48,5708100;7,7865100
21559;202000023949;16;12;2020;15:30;1;67;67482;2;4;1;3;Rue Arthur Rimbaud;48,5888800;7,7140300
21560;202000023950;17;12;2020;13:25;1;64;64284;1;1;1;1;D 802;43,2806900; -0,3910900
21561;202000023952;17;11;2020;11:45;1;64;64237;2;3;1;6;LOUIS BARTHOU;43,2831900; -0,3723500
21562;202000023953;16;12;2020;07:11;5;63;63063;1;3;1;3;VERTE (RUE);45,8405399;3,1174379
21563;202000023954;26;11;2020;19:10;4;58;58194;2;3;2;3;MADEMOISELLE BOURGEOIS;46,9990000;3,1739000
21564;202000023955;16;12;2020;09:40;1;56;56098;2;1;1;5;D194;47,7676300; -3,3216600
21565;202000023956;23;10;2020;23:25;5;53;53130;2;1;1;7;MAYENNE ( AVENUE DE );48,0694100; -0,7717600
21566;202000023957;16;12;2020;19:50;5;51;51454;2;4;1;2;Boulevard Dauphinot;49,2626367;4,0569147
21567;202000023958;17;12;2020;14:10;1;50;50129;2;1;1;2;MENDES FRANCE (BOULEVARD);49,6351000; -1,6291800
21568;202000023959;16;12;2020;08:14;5;49;49007;2;1;1;6;BEDIER BOULEVARD;47,4518100; -0,5451200
21569;202000023961;17;12;2020;15:25;1;45;45285;2;1;1;2;Rue Charles Beauhaire;47,9099800;1,8814300
21570;202000023963;16;12;2020;10:10;1;37;37122;2;6;1;3;Route de Monts;47,3231700;0,6619001
21571;202000023964;16;12;2020;07:44;5;37;37261;2;3;1;-1;FROMENTEL (RUE);47,3762646;0,6777758
21572;202000023965;17;12;2020;14:05;1;35;35238;1;1;1;2;PORTE DE CLEUNAY;48,1053300; -1,7167560
21573;202000023967;16;12;2020;22:30;5;35;35238;2;1;2;7;SAINT-MALO (RUE DE);48,1157200; -1,6809000
21574;202000023968;17;12;2020;19:10;5;33;33281;2;4;9;5;AVE PRESIDENT J.F. KENNEDY;44,8345400; -0,6714000
21575;202000023969;17;12;2020;08:50;1;33;33550;2;3;8;3;AVE DES PYRENEES / RUE VICTOR SCHOELCHER;44,7606800; -0,5571800
21576;202000023970;13;11;2020;12:05;1;31;31555;2;1;1;3;RUE DU FAUBOURG BONNEFOY;43,6200700;1,4572900
21577;202000023971;17;12;2020;00:25;5;30;30189;2;9;1;3;REPUBLIQUE (RUE);43,8297000;4,3558000
21578;202000023972;16;12;2020;16:20;1;30;30007;2;1;9;3;CROUPILLAC (AVE DE);44,1386900;4,1045800
21579;202000023973;29;11;2020;09:25;1;29;29039;1;1;1;6;D122 - Rue Yves Trichard;47,8787900; -3,8736600
21580;202000023974;16;12;2020;21:30;5;29;29019;2;2;1;3;Rue Duperré;48,3968470; -4,4830140
21581;202000023975;17;12;2020;13:50;1;27;27528;2;6;1;6;CHAUSSE DU VEXIN;49,2530000;1,1942800
21582;202000023977;16;12;2020;11:00;1;22;22215;2;1;1;6;rOND point de la villette;48,5014101; -2,7800399
21583;202000023978;16;12;2020;08:54;1;15;15014;2;1;7;6;POMPIDOU (AVENUE GEORGES);44,9114900;2,4489100
21584;202000023979;17;12;2020;17:10;1;14;14118;2;1;1;6;FALAISE (RUE DE -144);49,1599244; -0,3401074
21585;202000023980;17;12;2020;10:15;1;14;14118;2;1;1;6;ORATOIRE (RUE DE L');49,1804700; -0,3607700
21586;202000023981;9;12;2020;19:00;3;13;13108;1;1;1;1;VALLABREGUES ( RD 81 ROUTE DE);43,8198430;4,6517560
21587;202000023983;17;12;2020;13:20;1;13;13204;2;1;1;6;FRANÇOISE DUPARC (BOULEVARD);43,3081000;5,4020700
21588;202000023984;17;12;2020;07:34;5;10;10387;2;1;8;4;ANATOLE FRANCE (RUE);48,2832000;4,0750100
21589;202000023985;17;12;2020;07:55;3;07;07019;1;1;1;4;D 104 (DEVIATION ST PRIVAS);44,6145600;4,4085700
21590;202000023987;17;12;2020;13:29;1;05;05023;2;1;7;6;BOSCO (CHEMIN JEAN );44,8976300;6,6406800
21591;202000023988;16;12;2020;12:35;1;03;03185;2;3;1;3;Rue d’Ulm;46,3555341;2,5891675
21592;202000023989;16;12;2020;17:10;5;01;01053;2;1;1;1;Chemin de la Chagne;46,2077800;5,2606900
21593;202000023990;17;12;2020;18:35;5;75;75118;2;1;1;2;PORTE D AUBERVILLIERS;48,9006720;2,3684330
21594;202000023991;16;12;2020;20:00;5;75;75120;2;1;1;2;PORTE DE BAGNOLET;48,8660490;2,4132040
21595;202000023993;16;12;2020;13:00;1;75;75120;2;1;1;5;BOULEVARD MORTIER;48,8766240;2,4071560
21596;202000023994;17;12;2020;15:00;1;75;75115;2;1;1;3;AVENUE DE LA PORTE DE SEVRES;48,8351830;2,2777080
21597;202000023996;17;12;2020;17:40;5;75;75114;2;1;1;6;AVENUE DU GENERAL LECLERC;48,8317090;2,3302340
21598;202000023997;17;12;2020;18:50;5;75;75113;2;2;1;6;RUE REGNAULT;48,8244140;2,3764180
21599;202000023998;17;12;2020;16:15;1;75;75111;2;3;1;3;RUE DE MONTREUIL;48,8509640;2,3964660
21600;202000023999;17;12;2020;15:30;1;75;75109;2;5;1;3;BOULEVARD HAUSSMANN;48,8729480;2,3332470
21601;202000024000;17;12;2020;14:33;1;75;75108;2;7;1;3;PLACE DE LA CONCORDE;48,8640760;2,3201270
21602;202000024001;17;12;2020;12:45;1;75;75108;2;2;1;7;AVENUE FRANKLIN D ROOSEVELT;48,8668320;2,3102550
21603;202000024002;17;12;2020;08:30;1;75;75108;2;2;1;7;COURS LA REINE;48,8646830;2,3136520
21604;202000024003;16;12;2020;08:15;1;75;75108;2;2;1;3;RUE LA BOETIE;48,8736960;2,3144730
21605;202000024004;17;12;2020;11:00;1;75;75104;2;3;8;6;RUE SAINT ANTOINE;48,8547670;2,3624330
21606;202000024005;17;12;2020;13:05;1;94;94081;2;3;2;3;Rue de la Baignade;48,8083900;2,4077300
21607;202000024006;17;12;2020;12:30;1;94;94081;2;1;2;6;CONCORDE (R DE LA);48,7994700;2,3851600
21608;202000024007;15;12;2020;18:00;5;94;94068;2;1;1;2;FOCH (AV);48,8032100;2,4894500
21609;202000024008;17;12;2020;13:22;1;94;94046;2;3;2;3;MARECHAL JUIN (R DU);48,8155300;2,4276300
21610;202000024009;17;12;2020;12:00;1;94;94043;2;1;1;6;VERDUN (R DE);48,8095500;2,3589500
21611;202000024010;15;12;2020;16:10;1;94;94041;2;2;1;3;VICTOR HUGO (R);48,8214100;2,3903300
21612;202000024011;17;12;2020;16:00;1;94;94069;2;1;1;3;SAINT MAURICE DU VALAIS (AV);48,8149200;2,4632400
21613;202000024012;16;12;2020;11:40;1;94;94002;2;9;1;3;BLANQUI (QU);48,7982000;2,4203600
21614;202000024013;17;12;2020;09:35;1;93;93066;2;1;8;6;"""STALINGRAD (AVENUE), NR 88 A 114 BIS""";48,9441805;2,3577721
21615;202000024014;16;12;2020;13:30;1;93;93066;2;1;1;3;FRANCE ANATOLE (BOULEVARD) NR AUTRES;48,9273000;2,3525000
21616;202000024015;17;12;2020;22:55;5;93;93053;2;7;1;3;PARIS (RUE DE);48,9037880;2,4692529
21617;202000024016;17;12;2020;13:40;1;93;93010;2;2;2;3;GALLIENI (AV.) DE 1 A 109;48,9060323;2,4802808
21618;202000024017;17;12;2020;12:30;1;93;93005;2;6;2;3;LEFEVRE (BOULEVARD);48,9388540;2,4890616
21619;202000024018;17;12;2020;19:45;4;93;93001;2;2;1;3;REPUBLIQUE (AVE DE LA ) 43/106 =>;48,9060405;2,3897254
21620;202000024019;16;12;2020;11:20;1;92;92078;2;2;1;3;GALLIENI (BD) (1 A 79 ET 22 A 102);48,9249425;2,3254631
21621;202000024020;14;12;2020;14:30;1;92;92063;2;1;2;2;BUZENVAL (AVENUE DE);48,8688500;2,1864620
21622;202000024021;16;12;2020;23:20;4;92;92048;2;1;2;7;TRIVAUX (AVENUE DE) N° 9;48,7912409;2,2322698
21623;202000024022;6;12;2020;18:50;5;92;92004;2;1;1;3;VOLTAIRE  ( BD 01 A 15 );48,9169072;2,2879333
21624;202000024023;17;12;2020;11:20;1;47;47100;2;1;1;6;avenue de paris;44,2605030;0,6705420
21625;202000024024;17;12;2020;19:15;3;51;51433;1;2;1;3;D995;48,7433745;4,6731614
21626;202000024025;18;12;2020;19:30;3;60;60366;1;9;1;2;route nationale 31;49,4110672;2,3294406
21627;202000024027;17;11;2020;17:00;1;33;33352;1;1;7;1;Chemin de Peyreffite;44,5925640; -0,0379160
21628;202000024028;1;12;2020;17:03;2;81;81209;2;2;2;6;Avenue de Castres;43,5205480;2,3687530
21629;202000024029;15;12;2020;15:20;1;01;01354;1;3;2;5;D35;46,2482350;6,0415360
21630;202000024030;18;12;2020;19:00;2;974;97414;2;1;1;1;12 Rue de la Pépinière; -21,2089290;55,4061820
21631;202000024032;29;10;2020;16:30;1;72;72047;2;1;1;6;Square des Chardonnerets;47,9147250;0,3328760
21632;202000024033;17;12;2020;15:50;1;34;34051;1;1;1;-1;Autoroute A75;43,5948100;3,4649340
21633;202000024034;18;12;2020;18:25;3;63;63404;1;1;8;3;A75 - PK 025.250 - Sens Nord / Sud;45,5879887;3,2463266
21634;202000024035;17;12;2020;09:15;1;62;62819;1;1;1;4;rd 943;50,7707190;2,1988530
21635;202000024036;18;12;2020;15:15;1;74;74303;1;1;1;1;1903 Rte de la Filiere;45,9558080;6,1723580
21636;202000024037;17;12;2020;17:35;5;76;76752;2;1;1;6;Place du General Leclerc;49,6684690;0,8973340
21637;202000024040;18;12;2020;11:30;1;32;32107;1;1;1;7;D41 lieu dit  bouhebent;43,9717080;0,4189400
21638;202000024041;17;12;2020;07:20;3;71;71310;1;6;1;1;Rond Point du Pont Jeanne Rose;46,7486337;4,4932413
21639;202000024042;18;12;2020;11:30;1;29;29160;2;6;8;6;Route du Narret;48,4940665; -4,4336215
21640;202000024043;18;12;2020;17:39;3;29;29235;2;1;2;6;3 Rue Lamartine;48,3990010; -4,4188350
21641;202000024044;17;12;2020;17:50;5;02;02554;1;2;1;3;D1;49,0276190;3,4093770
21642;202000024045;17;12;2020;15:45;1;03;03267;1;1;1;3;;46,3359451;3,2855833
21643;202000024046;18;12;2020;17:10;1;15;15234;1;1;1;7;D32;44,8367610;2,5144310
21644;202000024047;17;12;2020;17:25;4;01;01304;2;1;2;6;41 Rue Antoine de Saint Exupery;46,0522610;5,3352710
21645;202000024048;18;12;2020;07:53;2;70;70292;1;1;5;7;D3;47,8411260;5,8971770
21646;202000024049;17;12;2020;21:10;3;54;54557;1;1;1;1;A31;48,6882970;6,0114960
21647;202000024051;19;4;2020;22:30;5;94;94046;2;1;1;7;GENERAL DE GAULLE (AV DU);48,8013000;2,4311500
21648;202000024052;20;4;2020;16:50;1;94;94077;2;1;7;2;REPUBLIQUE (AV DE LA);48,7311400;2,4203100
21649;202000024053;20;4;2020;13:30;1;93;93053;2;1;1;3;PARIS (RUE DE);48,9026400;2,4632600
21650;202000024054;20;4;2020;19:20;1;93;93029;2;1;1;1;HENRI LANGLOIS;48,9139000;2,4481000
21651;202000024055;20;4;2020;11:00;1;93;93008;2;3;1;1;CHE DE GROSLAY / R ANDRE JAOUEN;48,9119340;2,4753460
21652;202000024056;21;4;2020;08:00;1;22;22197;1;1;1;7;D29;48,5355830; -1,9382070
21653;202000024057;27;2;2020;04:50;3;01;01089;1;1;1;7;Route de Saint Maurice;45,9603010;5,3164080
21654;202000024058;21;4;2020;14:20;1;59;59202;2;6;1;2;812 Rue du Bac;50,6753280;2,8340860
21655;202000024059;20;4;2020;17:15;1;62;62566;2;1;1;6;rd 202;50,6688580;1,8593720
21656;202000024060;20;4;2020;17:30;1;80;80606;1;1;1;3;D29;49,9454339;1,7774770
21657;202000024062;20;4;2020;18:45;1;76;76562;2;1;1;7;Route de Dieppe;49,8692870;1,1765890
21658;202000024063;19;4;2020;22:15;5;38;38229;2;1;1;7;Allee de la Praly;45,2211320;5,7904010
21659;202000024064;21;4;2020;06:32;2;26;26086;1;1;2;7;RD539;44,6849120;5,4539330
21660;202000024065;21;4;2020;17:10;1;05;05104;1;1;1;7;LES BASSES BARRAQUES;44,7062230;6,0418640
21661;202000024066;20;4;2020;09:37;1;50;50158;1;3;1;-1;37 Route du Séminaire;48,7225170; -1,1402860
21662;202000024068;20;4;2020;17:40;1;18;18018;2;1;1;6;8 Rue des Acacias;47,0384920;2,6485160
21663;202000024069;19;4;2020;17:30;1;87;87110;1;1;8;6;Rue de la Malaise;45,9112090;0,9954480
21664;202000024070;20;4;2020;22:11;5;49;49092;2;3;1;3;Avenue du Général de Gaulle (PR 034.000);47,2160480; -0,7241920
21665;202000024071;20;4;2020;19:50;2;30;30344;1;1;2;1;D1;43,7499360;4,2077370
21666;202000024072;20;4;2020;18:51;1;95;95604;2;1;1;7;RD 317;49,1053123;2,5319892
21667;202000024073;20;4;2020;20:15;1;37;37158;1;1;1;6;D75;47,4995961;0,9287431
21668;202000024075;11;4;2020;21:00;3;71;71258;1;1;1;7;vers la croix;46,2605135;4,7396681
21669;202000024077;21;4;2020;08:00;3;74;74027;1;1;1;6;Impasse du Moulin;45,8971540;6,2536240
21670;202000024078;17;4;2020;09:45;1;42;42147;2;1;1;6;Place Eugene Beaune;45,6074480;4,0624020
21671;202000024079;21;4;2020;14:55;1;38;38247;2;1;1;2;151 Grande Rue;45,8106670;5,4029240
21672;202000024080;20;4;2020;17:25;1;60;60462;2;2;1;7;100 Rue de Paris;49,3234310;2,2016360
21673;202000024081;20;4;2020;08:30;1;13;13085;1;1;2;6;A50-Sens Aubagne vers Toulon;43,2615960;5,5908380
21674;202000024082;2;6;2020;02:30;3;54;54150;1;1;1;2;Autoroute A 31;48,7880900;6,1423400
21675;202000024083;19;4;2020;23:30;5;78;78140;1;1;1;5;A13;48,9639800;1,9259700
21676;202000024084;20;4;2020;08:50;1;988;98818;2;1;3;6;ROUTE DE L'ANSE VATA; -22,3008500;166,4449500
21677;202000024086;18;4;2020;11:30;1;972;97213;2;9;1;1;ROUTE DEPARTEMENTALE 14;14,6227000; -61,0170000
21678;202000024087;17;4;2020;20:55;3;972;97213;2;9;1;7;VIEUX PONT (CHEMIN DU;14,6154000; -61,0047000
21679;202000024088;16;4;2020;13:50;1;83;83129;1;9;1;3;TALIAN (RUE DE);43,1000000;5,8500000
21680;202000024089;17;4;2020;11:43;1;74;74010;2;1;1;6;ROBERT SCHUMAN;45,9034000;6,1229000
21681;202000024090;19;4;2020;16:25;1;59;59599;2;1;1;1;PIATS (RUE DES);50,7234352;3,1720621
21682;202000024091;17;4;2020;15:10;1;19;19272;2;1;1;6;Louis Aragon (Rue);45,2800200;1,7669100
21683;202000024092;19;4;2020;18:20;1;13;13215;2;3;2;3;GAFFAREL (RUE);43,3482920;5,3623830
21684;202000024093;18;4;2020;15:40;1;13;13207;2;1;1;6;VALLON DES (RUE);43,2850920;5,3540430
21685;202000024094;17;4;2020;11:40;1;13;13005;2;2;1;3;RN 8;43,2846700;5,5484600
21686;202000024095;19;4;2020;19:00;2;06;06069;2;1;5;6;CLEMENCEAU (BOULEVARD GEORGES);43,6604720;6,9186390
21687;202000024096;16;4;2020;09:15;1;75;75116;2;1;1;2;BOULEVARD PERIPHERIQUE INTERIEUR OUEST;48,8609950;2,2640420
21688;202000024097;19;4;2020;17:30;1;93;93010;2;3;1;3;AV DES SCIENCES / ALL DES ALOUETTES;48,8928000;2,4959000
21689;202000024098;15;4;2020;14:45;1;33;33138;1;1;1;1;D17;45,0495800; -0,1388100
21690;202000024099;19;4;2020;21:10;5;57;57098;1;1;1;1;D22;48,8694500;6,7671600
21691;202000024100;10;3;2020;07:59;1;21;21559;1;1;2;1;D33;47,2985290;4,8041580
21692;202000024101;19;4;2020;18:11;1;74;74208;1;1;1;2;Avenue Joseph Thoret;45,9128270;6,6994610
21693;202000024102;22;3;2020;02:30;4;46;46160;2;1;1;6;D653;44,8020800;2,0741520
21694;202000024103;20;4;2020;08:00;1;34;34149;1;2;2;3;Lieu dit le cigalas;43,4961280;3,2985223
21695;202000024104;20;4;2020;07:00;1;25;25256;2;1;1;6;D437;47,2153520;6,7658190
21696;202000024105;19;4;2020;08:09;1;60;60622;1;1;1;6;Cite de la Briqueterie;49,6717043;1,9628027
21697;202000024106;18;4;2020;18:57;1;16;16346;1;1;1;6;Route de Biroche;45,2321150;0,0590250
21698;202000024107;19;4;2020;23:20;3;37;37245;1;1;8;7;D48;47,4718220;0,5422680
21699;202000024109;16;3;2020;19:15;3;13;13100;1;1;1;1;D30A;43,8209670;4,8807960
21700;202000024110;20;4;2020;12:40;1;67;67137;2;3;1;-1;38 Rue des Platanes;48,4956990;7,6913630
21701;202000024111;14;4;2020;17:20;1;33;33323;1;2;1;3;RD672E4/Chemin des Sables;44,5722490; -0,2148990
21702;202000024112;19;4;2020;15:40;1;14;14530;1;1;1;7;D514;49,2406480; -0,2682320
21703;202000024113;19;4;2020;17:00;1;93;93066;1;1;1;6;AUTOROUTE A1;48,9304000;2,3663000
21704;202000024114;15;2;2020;06:50;5;34;34301;2;3;1;6;VERDUN (BOULEVARD DE);43,4110335;3,6791378
21705;202000024115;17;4;2020;16:25;1;988;98818;2;3;1;6;VDE/RUE CHARLEROI; -22,2790000;166,4626000
21706;202000024116;18;4;2020;15:15;1;69;69383;2;1;8;3;VILLETTE (DE LA)                    (R );45,7599000;4,8618000
21707;202000024117;18;4;2020;17:40;1;95;95539;2;1;1;3;PARIS   (RUE DE);48,9979800;2,3563700
21708;202000024118;17;4;2020;19:32;1;91;91692;2;1;1;2;CEVENNES (RUE DES);48,6820700;2,1730900
21709;202000024119;17;4;2020;12:25;1;91;91477;2;1;1;3;PASTEUR (RUE);48,7161200;2,2505900
21710;202000024120;17;4;2020;04:00;5;77;77016;2;1;1;7;GLANDELLES  (ROUTE DE) RD.607;48,2177300;2,7138600
21711;202000024121;17;4;2020;16:15;1;59;59526;1;1;1;7;RUE DU CORBEAU;50,4598844;3,4293920
21712;202000024122;18;4;2020;18:30;1;51;51573;2;6;1;-1;Place Charles de Gaulle;49,2472868;3,9992586
21713;202000024123;17;4;2020;11:50;1;51;51454;2;6;1;3;Route de Dormans;49,2390928;3,9963376
21714;202000024124;19;4;2020;02:00;5;33;33063;2;4;8;6;RUE LAJAUNIE / RUE DES QUEYRIES / RUE GASTON LEROUX;44,8539600; -0,5431900
21715;202000024125;13;3;2020;10:23;1;29;29039;2;1;1;6;Avenue du Cabellou;47,8610300; -3,8916000
21716;202000024126;18;4;2020;00:20;5;75;75115;2;1;1;6;PORTE DE VANVES;48,8256230;2,3009650
21717;202000024127;17;4;2020;16:29;1;75;75103;2;2;1;3;BOULEVARD DE SEBASTOPOL;48,8693150;2,3542540
21718;202000024128;18;4;2020;19:15;1;75;75117;2;2;7;3;AVENUE DE VILLIERS;48,8856390;2,2917270
21719;202000024129;17;4;2020;18:35;1;75;75106;2;2;1;3;RUE DU CHERCHE MIDI;48,8455220;2,3191450
21720;202000024130;17;4;2020;20:50;2;75;75108;2;1;1;7;COURS LA REINE;48,8646450;2,3118960
21721;202000024132;18;4;2020;21:05;5;93;93031;2;1;1;6;AV DU 18 JUIN 1940;48,9544900;2,3079500
21722;202000024133;14;4;2020;10:20;1;83;83072;1;1;1;6;2930 Route de Draguignan;43,4962110;6,4000700