;Num_Acc;jour;mois;an;hrmn;lum;dep;com;agg;int;atm;col;adr;lat;long
21723;202000024134;18;4;2020;17:00;1;972;97229;2;6;1;3;rond point de la SOMAREC;14,6095610; -61,0971060
21724;202000024135;18;4;2020;05:50;3;22;22180;1;1;1;7;RN 176 PK/PR 026+100;48,4275010; -2,2280570
21725;202000024136;18;4;2020;19:50;3;974;97414;2;1;1;7;Rue Valmy; -21,2921610;55,3980020
21726;202000024137;18;4;2020;19:00;1;30;30342;1;1;1;1;D148;44,2063430;4,6724720
21727;202000024138;17;4;2020;18:20;1;59;59118;2;3;1;3;Rue des Frères Desjardin;50,0463230;3,4688580
21728;202000024139;18;4;2020;20:20;2;71;71295;1;1;1;6;Route de Chalon;46,8081484;5,1423347
21729;202000024140;18;4;2020;20:45;2;22;22303;2;1;1;7;la chapelle;48,2822110; -2,4847130
21730;202000024141;19;4;2020;02:10;5;01;01367;2;1;1;6;D975;46,4005328;5,1130485
21731;202000024142;18;4;2020;19:45;1;60;60082;1;1;1;6;D34;49,6853559;2,2327264
21732;202000024143;18;4;2020;19:15;1;40;40228;1;1;1;7;Avenue du Béarn;43,6289850; -0,8217160
21733;202000024144;18;4;2020;19:40;1;17;17272;1;1;1;6;Rue des Brandes;46,0815740; -0,8170280
21734;202000024145;18;4;2020;16:38;1;57;57693;1;1;1;7;A314;49,1255110;6,2384530
21735;202000024146;1;3;2020;02:30;3;34;34022;1;9;1;6;A709;43,6532660;3,9914730
21736;202000024147;18;4;2020;23:20;5;33;33333;2;1;1;6;8 Route des Lacs;44,8757010; -1,0895870
21737;202000024148;19;4;2020;12:00;1;64;64496;2;1;1;6;Avenue de la Basse Navarre;43,4735180; -1,4518150
21738;202000024149;18;4;2020;19:40;1;80;80127;1;1;1;7;Route de Dargnies;50,0325010;1,5038420
21739;202000024150;18;4;2020;13:50;1;33;33487;1;1;1;2;AUTOROUTE A 10;44,9404700; -0,4666700
21740;202000024151;17;4;2020;12:10;1;91;91339;1;1;1;7;RN 104;48,6284000;2,2572000
21741;202000024152;17;4;2020;17:30;1;94;94074;1;1;1;7;RN406.Y;48,7633004;2,4655786
21742;202000024153;16;4;2020;16:30;1;91;91477;2;1;1;6;BERTEAUX (RUE MAURICE);48,7171700;2,2398600
21743;202000024154;16;4;2020;18:35;1;91;91657;2;1;1;3;HENRI CHARON (AVENUE);48,7065480;2,4217670
21744;202000024155;17;4;2020;11:00;1;83;83137;2;1;1;6;STRASBOURG (BD DE );43,1249700;5,9323000
21745;202000024156;16;4;2020;17:25;1;78;78586;2;2;1;3;EUROPE;48,9443450;2,2020640
21746;202000024157;16;4;2020;06:05;5;76;76305;1;1;1;7;ESTUAIRE;49,4556200;0,2355800
21747;202000024158;17;4;2020;18:09;1;72;72181;2;1;1;4;ESTIENNE D'ORVES (BD D');47,9794400;0,1970500
21748;202000024159;16;4;2020;12:00;1;45;45338;2;1;1;6;Rue George Sand;47,9842010;2,7108420
21749;202000024160;16;4;2020;19:10;1;32;32307;1;1;1;7;NOURRIC (CHEMIN DE);43,6191400;0,6148800
21750;202000024161;15;4;2020;21:40;3;29;29039;1;1;1;2;D70 - Rue de Colguen;47,9190000; -3,9033100
21751;202000024163;17;4;2020;16:45;1;13;13213;2;1;1;-1;NICOLAS APPERT (RUE);43,3400200;5,4168570
21752;202000024164;4;4;2020;15:00;1;12;12083;2;1;1;1;Rue GUESDE JULES;44,5270980;2,2697590
21753;202000024165;17;4;2020;18:20;1;06;06027;2;1;1;3;CHENES AVENUE DES;43,6608900;7,1623300
21754;202000024166;16;4;2020;07:50;1;75;75120;2;1;1;2;PORTE DE BAGNOLET;48,8608230;2,4138320
21755;202000024167;17;4;2020;01:35;5;75;75114;2;3;1;7;RUE DELAMBRE;48,8415800;2,3272290
21756;202000024168;17;4;2020;11:50;1;94;94041;2;1;1;3;MOLIERE (R);48,8130600;2,3962200
21757;202000024169;17;4;2020;19:45;1;93;93008;2;2;1;3;RENAUD (RUE MATHURIN);48,9082900;2,4551100
21758;202000024170;7;3;2020;14:40;1;93;93007;2;1;1;3;HENRI BARBUSSE (AVENUE);48,9424204;2,4650240
21759;202000024171;17;4;2020;18:40;1;92;92063;2;1;1;-1;DIX-HUIT JUIN 1940 (AVENUE DU) SUD;48,8664100;2,2015600
21760;202000024172;17;4;2020;12:45;1;92;92062;2;3;1;6;VERDUN (RUE DE) N° 78 A 164;48,8773221;2,2336906
21761;202000024173;9;4;2020;14:15;1;09;09167;2;1;1;6;Route de Carbonne;43,2738300;1,3407640
21762;202000024174;17;4;2020;18:15;1;22;22190;2;1;1;2;Route de Langrolay;48,5391070; -2,0481670
21763;202000024175;17;4;2020;20:30;2;62;62491;1;3;2;3;103 Rue Martin Meaux;50,6040510;2,7535130
21764;202000024176;17;4;2020;14:50;1;79;79083;2;1;1;1;1 Rue Hippolyte Hairaud;46,1108160; -0,0682700
21765;202000024177;17;4;2020;22:16;3;57;57385;1;3;1;7;21 Route de Pange;49,0753140;6,3409890
21766;202000024178;17;4;2020;04:30;5;19;19123;2;6;1;6;Avenue du Progrès;45,1712710;1,5730140
21767;202000024179;17;4;2020;21:15;3;71;71213;1;1;1;7;Lieu Dit la Bouchatiere;46,5489991;5,0428180
21768;202000024181;18;4;2020;15:00;1;29;29146;1;1;1;6;Melgven;47,8950530; -3,8112370
21769;202000024182;17;4;2020;16:30;1;29;29185;2;4;1;3;D10 - Lieu Dit Kerchapalain;48,6516223; -4,1859303
21770;202000024183;18;4;2020;02:30;3;29;29110;2;6;5;6;Route de Quimper;48,0693260; -3,9206550
21771;202000024184;17;4;2020;22:00;3;50;50391;1;1;1;6;Le Pointon;48,6018250; -1,0577180
21772;202000024185;17;4;2020;18:45;1;78;78233;1;1;1;1;D30;48,8632750;1,9697280
21773;202000024186;17;4;2020;16:04;1;55;55312;1;1;1;1;D964;48,9110483;5,5325809
21774;202000024187;8;4;2020;14:30;1;987;98722;1;1;1;6;RT 2 pk 24 TIAREI  HAAPOPONI; -17,5914290; -149,3821260
21775;202000024188;17;4;2020;17:45;1;38;38565;2;1;1;6;D3;45,2949400;5,6277900
21776;202000024189;17;4;2020;23:40;5;44;44210;2;9;1;6;50 ter Rue Léo Lagrange;47,3002800; -2,1958800
21777;202000024190;17;4;2020;19:05;1;92;92062;1;1;1;6;A14;48,8926795;2,2348100
21778;202000024191;16;4;2020;12:15;1;69;69383;2;1;1;6;PAUL BERT                           (R );45,7567500;4,8668600
21779;202000024192;16;4;2020;20:00;1;77;77186;2;1;1;6;GRANDE (RUE);48,4062180;2,7023229
21780;202000024195;7;4;2020;16:00;1;76;76351;2;1;1;3;CAMILLE DESMOULINS;49,4780200;0,1412100
21781;202000024196;30;3;2020;22:20;5;76;76351;2;2;1;3;GERANIUMS (DES);49,5053500;0,1653700
21782;202000024197;25;3;2020;10:30;1;59;59636;2;6;1;3;LINSELLES ROUTE DE;50,6937750;3,0529710
21783;202000024198;14;4;2020;23:12;5;45;45004;2;2;1;6;Rue des Basses Varennes - Rue P Semart;47,9896800;2,7494040
21784;202000024199;9;4;2020;16:25;1;45;45068;2;1;1;6;Rue Saint-just;48,0087600;2,7206700
21785;202000024200;16;4;2020;17:57;1;37;37261;2;1;1;7;NATIONALE (RUE);47,3915374;0,6883221
21786;202000024201;16;4;2020;16:45;1;34;34172;2;2;1;3;ALCO (RUE D';43,6223800;3,8353300
21787;202000024202;16;4;2020;22:04;3;29;29232;1;1;1;6;RN 165;48,0270700; -4,0863100
21788;202000024203;16;2;2020;05:40;5;22;22278;2;1;2;6;LE GOFF (DES TROIS FRERES);48,5155900; -2,7636700
21789;202000024204;16;4;2020;08:15;1;05;05061;1;3;1;3;ALPHONSE DAUDET;44,5487100;6,0669400
21790;202000024207;15;4;2020;13:15;1;75;75115;2;3;1;7;PLACE CAMBRONNE;48,8480140;2,3017480
21791;202000024208;16;4;2020;18:20;1;75;75104;2;3;1;6;RUE DE RIVOLI;48,8552180;2,3611220
21792;202000024209;16;4;2020;19:10;1;94;94075;2;1;1;2;MANDRES (R DE);48,7153860;2,5372570
21793;202000024211;17;4;2020;15:30;1;83;83057;1;1;1;7;D13;43,3812730;6,2100220
21794;202000024213;17;4;2020;10:30;1;71;71208;2;3;1;-1;Rue de la Chartelle;46,9135717;5,1583835
21795;202000024214;15;4;2020;23:00;3;61;61463;1;1;1;6;Route de l'Etang de la Forge;48,6056310; -0,4249100
21796;202000024215;16;4;2020;20:15;1;49;49183;1;1;1;6;D103;47,5295900; -0,8426000
21797;202000024216;16;4;2020;18:40;1;01;01084;1;3;1;2;Route du Peloux;46,1691018;5,0333487
21798;202000024217;17;4;2020;16:15;1;72;72380;1;9;1;1;Rue de Beaulieu;48,2323860;0,1481840
21799;202000024218;15;4;2020;11:45;1;43;43268;2;3;1;1;Rue d'Ard'Huy (Pont);45,1464410;4,1345070
21800;202000024219;16;4;2020;23:45;3;10;10288;1;1;1;6;RD671;48,0080710;4,4728090
21801;202000024220;16;4;2020;21:30;3;30;30112;1;9;1;6;D1;43,9013830;4,1919440
21802;202000024221;16;4;2020;18:00;1;68;68375;1;1;1;3;N66;47,7731590;7,2239720
21803;202000024222;14;4;2020;17:20;1;971;97128;1;1;1;6;D102;16,2629700; -61,3809850
21804;202000024223;17;4;2020;19:30;1;62;62014;2;1;1;6;Chemin du Widdebrouck;50,6465390;2,4119280
21805;202000024224;16;4;2020;00:00;5;13;13055;1;1;1;7;A507 sens Aubagne- Marseille;43,3301400;5,3985000
21806;202000024225;16;4;2020;21:40;3;91;91174;1;1;1;6;RN 104;48,6194900;2,4592300
21807;202000024226;16;4;2020;14:10;1;91;91689;1;1;1;3;AUTOROUTE A6B;48,7415000;2,3215000
21808;202000024227;16;4;2020;08:30;1;77;77495;1;1;1;3;A105;48,5805353;2,6378671
21809;202000024228;29;1;2020;09:25;1;14;14258;2;3;1;-1;Route de Caen;48,8982070; -0,2001520
21810;202000024229;28;1;2020;15:35;1;76;76351;2;1;1;6;BOIS AU COQ (AVENUE);49,5156800;0,1211800
21811;202000024230;15;4;2020;09:20;1;988;98818;2;1;1;7;VALBONNE (RUE DE LA); -22,2748600;166,4481800
21812;202000024231;15;4;2020;09:05;1;69;69259;2;9;1;3;EMILE ZOLA                          (R );45,7028300;4,8864500
21813;202000024232;15;4;2020;22:05;3;69;69149;2;6;1;6;RD 342 BRIGNAIS (DE) (RO);45,7229200;4,7803700
21814;202000024233;14;4;2020;18:50;1;79;79191;2;3;1;3;20 Avenue Charles de Gaulle;46,3176400; -0,4571100
21815;202000024234;15;4;2020;22:55;3;78;78551;1;9;9;6;RN 184;48,9476500;2,0951600
21816;202000024235;10;4;2020;13:00;1;74;74012;2;1;1;6;BELLEVUE (RUE);46,1917000;6,2262200
21817;202000024236;15;4;2020;19:15;1;69;69256;2;1;1;3;GASTON MONMOUSSEAU                  (AV);45,7783935;4,9126115
21818;202000024238;11;4;2020;19:15;2;67;67043;2;1;7;6;16 Rue du Passage;48,6143680;7,7421690
21819;202000024239;14;4;2020;10:35;1;57;57463;2;1;7;6;PETIT CLOU (RUE DU );49,0753000;6,1852000
21820;202000024240;14;4;2020;13:00;1;56;56098;2;6;1;7;MITTERAND ( AV. FRANCOIS );47,7659300; -3,3294100
21821;202000024241;20;1;2020;04:25;4;05;05145;1;1;1;7;D944;44,6691690;6,2345580
21822;202000024243;20;1;2020;07:20;3;50;50407;1;1;1;1;D976;48,6218720; -1,3139510
21823;202000024244;19;1;2020;17:15;2;90;90012;1;1;1;7;D31;47,6532010;6,9496100
21824;202000024245;20;1;2020;18:00;2;60;60471;2;6;1;6;Boulevard Carnot;49,5783890;3,0047900
21825;202000024246;20;1;2020;06:45;3;60;60035;1;1;5;1;RD 934;49,6540952;2,8779974
21826;202000024247;18;1;2020;19:25;3;07;07212;1;1;1;1;D9;45,1263760;4,4167670
21827;202000024248;13;1;2020;16:50;1;21;21210;2;1;1;3;Pré Raby;47,2516916;4,5737403
21828;202000024249;19;1;2020;16:45;2;40;40172;1;1;7;6;D173 - Route de samadet;43,5862970; -0,5027850
21829;202000024250;20;1;2020;17:40;2;24;24188;1;1;1;6;Les Rouvelades;45,1301670;1,0041250
21830;202000024251;14;1;2020;07:40;3;17;17188;1;1;2;4;D739 - PK 12 + 200;45,8714560; -0,2757660
21831;202000024252;17;1;2020;05:45;3;17;17026;1;1;2;6;D129;45,8668070; -0,4461280
21832;202000024253;20;1;2020;07:50;2;48;48018;1;3;1;1;N88;44,5013160;3,4055230
21833;202000024254;17;1;2020;20:00;3;60;60139;1;1;1;6;D1001;49,1733010;2,2311290
21834;202000024255;18;1;2020;05:45;3;35;35189;1;1;1;2;RD 137 Montgermont;48,1555890; -1,7028120
21835;202000024256;20;1;2020;11:40;1;89;89197;1;1;1;4;A6;47,5034360;4,0297180
21836;202000024257;16;1;2020;18:55;3;64;64300;1;1;1;2;A64 - PK 078.000;43,4247470; -0,6153160
21837;202000024258;19;1;2020;18:10;3;69;69019;1;1;1;3;Belleville-en-Beaujolais;46,0869850;4,7430160
21838;202000024259;18;1;2020;17:20;1;987;98725;2;1;2;3;PK 10 POiNTE VENUS; -17,5625910; -149,4760510
21839;202000024261;19;1;2020;06:00;1;971;97129;1;1;2;6;cluny;16,3040220; -61,7027810
21840;202000024262;20;1;2020;19:15;5;29;29233;2;1;1;6;Boulevard de la Gare;47,8706520; -3,5527660
21841;202000024263;19;1;2020;17:20;1;29;29230;1;1;1;6;D790 - Villeneuve Combout;47,9667290; -3,4951850
21842;202000024264;15;1;2020;16:55;1;66;66180;2;1;1;7;16 Avenue de la Côte Vermeille;42,7741800;2,9935010
21843;202000024265;20;1;2020;07:20;2;71;71588;1;1;1;6;Rue de la Croisette;46,4549274;4,0592686
21844;202000024267;20;1;2020;07:55;2;57;57206;2;1;1;6;Avenue de Metz;49,3060720;6,1113810
21845;202000024268;20;1;2020;08:35;1;03;03243;1;1;1;4;;46,3201911;3,0255824
21846;202000024269;20;1;2020;09:00;1;63;63092;1;1;1;1;D138;45,9080850;2,9838360
21847;202000024270;19;1;2020;09:25;1;73;73243;1;1;1;6;D206 Route du Col des Prés;45,5916684;6,0210526
21848;202000024271;20;1;2020;13:00;1;38;38565;2;6;1;6;Avenue de Juin 1940;45,2957300;5,6284800
21849;202000024273;18;1;2020;10:35;1;17;17204;1;1;1;1;D142;45,3677420; -0,3230250
21850;202000024274;18;1;2020;14:15;1;72;72154;2;6;1;3;rond-point des médaillées miliatires;47,6935470; -0,0650730
21851;202000024275;19;1;2020;14:18;1;22;22161;1;3;1;6;Chemin du Rucaer;48,5701360; -3,1511590
21852;202000024276;20;1;2020;07:45;2;27;27448;1;1;8;3;Route Nationale 13;49,0115500;1,3390910
21853;202000024277;17;1;2020;18:20;5;13;13215;1;1;2;4;A7-Sens Marseille vers Lyon;43,3678600;5,3609100
21854;202000024279;18;1;2020;18:20;1;13;13055;2;1;1;2;A507 sens Marseille - Aubagne;43,3312652;5,3871471
21855;202000024280;19;1;2020;05:50;3;13;13026;1;1;1;2;A55-Sens Marseille vers Martigues;43,3810100;5,1588900
21856;202000024281;19;1;2020;06:28;3;13;13216;1;1;1;2;A55-Sens Martigues vers Marseille;43,3609700;5,3427000
21857;202000024282;18;1;2020;08:00;2;13;13117;1;1;1;2;A7-Sens Marseille vers Lyon;43,4274300;5,2624300
21858;202000024283;17;1;2020;18:30;3;13;13203;2;1;1;4;A7-Sens Marseille vers Lyon;43,3150226;5,3769439
21859;202000024284;18;1;2020;16:38;1;13;13106;1;1;1;7;A517 D- Liaison A51 vers A7;43,4019712;5,3471020
21860;202000024285;13;1;2020;20:00;5;69;69029;1;1;1;4;RD 383   ;45,7338000;4,9005000
21861;202000024287;18;1;2020;22:35;3;78;78029;1;1;1;2;A13Y;48,9645230;1,8457690
21862;202000024288;18;1;2020;04:09;3;78;78140;1;1;1;2;A13;48,9593000;1,9327000
21863;202000024291;18;1;2020;16:15;1;974;97411;2;1;1;6;HOARAU (RUE MARCEL); -20,9013100;55,4921200
21864;202000024292;17;1;2020;18:30;1;974;97409;2;9;1;3;Avenue des mascareignes; -20,9421000;55,6478000
21865;202000024293;17;1;2020;09:25;1;973;97302;2;4;1;3;MANDELA  (BOULEVARD);4,9419304; -52,3271298
21866;202000024294;18;1;2020;09:30;1;69;69259;2;1;1;3;JEAN MACE                           (R );45,6984011;4,8844909
21867;202000024295;19;1;2020;00:19;5;2B;2B033;2;1;1;3;MACCHIONE - CHEMIN DU;42,4102000;9,2616000
21868;202000024296;18;1;2020;02:55;5;2B;2B120;2;6;1;6;11 - RT;42,4025000;9,2649000
21869;202000024297;17;1;2020;20:54;3;971;97113;1;1;2;3;SECTION MATHURIN;16,2224336; -61,5056276
21870;202000024298;17;1;2020;23:25;4;91;91377;2;3;1;6;21 Rue du Pérou;48,7235100;2,3029200
21871;202000024300;18;1;2020;21:00;5;78;78146;2;3;1;3;PONT DE CHATOU;48,8884170;2,1623700
21872;202000024301;19;1;2020;00:55;5;76;76217;2;1;1;6;MONTIGNY;49,9168900;1,0705600
21873;202000024302;18;1;2020;08:30;1;69;69271;1;1;1;6;MEYZIEU (DE)                            ;45,7519000;4,9830000
21874;202000024303;18;1;2020;13:28;1;69;69091;2;9;1;3;JEAN LIGONNET ( R );45,5915000;4,7703000
21875;202000024304;17;1;2020;12:40;1;64;64102;2;1;3;3;CAZENAVE (CHEMIN);43,5115700; -1,4348300
21876;202000024305;17;1;2020;15:50;1;59;59295;1;1;1;3;DU PONT BELGE;50,7214142;2,5660345
21877;202000024306;18;1;2020;12:45;1;54;54395;2;1;1;2;MICHOTTES (RUE DES);48,6927770;6,1787220
21878;202000024308;17;1;2020;10:00;1;51;51454;2;1;2;3;Boulevard de la Paix;49,2537498;4,0408831
21879;202000024311;18;1;2020;15:10;1;37;37233;2;1;1;5;POMPIDOU (AVENUE GEORGES);47,3842653;0,7106448
21880;202000024312;12;1;2020;22:30;5;35;35238;2;2;2;6;LICES (PLACE DES);48,1126580; -1,6847090
21881;202000024314;13;1;2020;17:40;5;25;25031;2;1;1;6;20 RUE DE DASLE;47,4795300;6,8476900
21882;202000024315;18;1;2020;10:10;1;18;18033;2;3;1;6;ROUSSEAU (RUE JEAN-JACQUES);47,0782270;2,3882540
21883;202000024316;18;1;2020;16:10;1;15;15014;2;2;1;3;VERDUN (BOULEVARD DE);44,9124900;2,4349400
21884;202000024317;18;1;2020;21:55;5;13;13206;2;1;1;3;VINCENT DELPUECH (BOULEVARD);43,2830000;5,3902000
21885;202000024318;18;1;2020;18:00;2;13;13212;2;1;1;6;PEINTRES ROUX (AVENUE DES);43,3038400;5,4729300
21886;202000024319;18;1;2020;15:45;1;13;13203;2;1;1;3;PLOMBIERES (BOULEVARD DES);43,3175350;5,3812250
21887;202000024320;18;1;2020;14:30;1;13;13211;2;3;1;3;JEAN LOMBARD (AVENUE);43,2891320;5,4278090
21888;202000024321;18;1;2020;12:30;1;13;13215;2;1;1;6;HENRI BARNIER (BOULEVARD);43,3730000;5,3511000
21889;202000024322;18;1;2020;06:30;5;13;13211;2;1;1;6;154 SAINT LOUP (BOULEVARD DE);43,2836860;5,4346700
21890;202000024323;18;1;2020;02:25;5;13;13206;2;2;1;3;ABBÉ FERAUD (RUE);43,2852170;5,3908600
21891;202000024324;17;1;2020;21:40;5;12;12202;1;1;1;1;Route de Moyrazes;44,3514600;2,5542600
21892;202000024326;18;1;2020;18:34;5;10;10387;2;1;1;6;VOULDY (CHAUSSEE DU);48,2936000;4,0835000
21893;202000024328;18;1;2020;07:25;5;06;06069;2;1;1;3;CHENES (CHEMIN DES);43,6408500;6,9116800
21894;202000024329;18;1;2020;02:00;5;01;01053;2;4;1;6;MAGINOT AVENUE ) DE 43 A FIN;46,2149090;5,2274750
21895;202000024330;18;1;2020;08:15;1;75;75119;2;4;1;3;BD PERIPHERIQUE EXTERIEUR;48,8858206;2,3976012
21896;202000024331;17;1;2020;18:55;3;75;75120;2;1;2;3;BD PERIPHERIQUE INTERIEUR;48,8739650;2,4112290
21897;202000024332;17;1;2020;08:20;2;75;75117;2;1;1;2;BD PERIPHERIQUE EXTERIEUR;48,8979210;2,3134410
21898;202000024333;18;1;2020;15:10;1;75;75103;2;1;1;5;BOULEVARD SAINT MARTIN;48,8686729;2,3574901
21899;202000024334;18;1;2020;19:45;5;75;75106;2;2;1;6;BOULEVARD SAINT GERMAIN;48,8520935;2,3403110
21900;202000024335;18;1;2020;19:30;5;75;75120;2;3;1;3;BOULEVARD DE BELLEVILLE;48,8695724;2,3799790
21901;202000024336;18;1;2020;00:30;5;75;75120;2;2;1;3;BOULEVARD DE BELLEVILLE;48,8671073;2,3832808
21902;202000024337;18;1;2020;20:40;5;75;75119;2;1;1;6;BOULEVARD DE LA VILLETTE;48,8725530;2,3765350
21903;202000024338;18;1;2020;10:00;1;75;75119;2;1;1;3;RUE MANIN;48,8836750;2,3896320
21904;202000024339;18;1;2020;02:40;5;75;75119;2;7;1;6;PLACE DE LA BATAILLE DE STALINGRAD;48,8830495;2,3696310
21905;202000024340;17;1;2020;05:55;5;75;75119;2;2;2;6;RUE ALEXANDER FLEMING;48,8819960;2,4024980
21906;202000024341;18;1;2020;18:30;5;75;75117;2;2;1;6;AVENUE DE CLICHY;48,8891101;2,3227340
21907;202000024342;15;1;2020;21:30;5;75;75117;2;1;1;3;RUE DE COURCELLES;48,8894053;2,2928843
21908;202000024343;18;1;2020;20:00;5;75;75115;2;2;1;6;RUE DE LA CONVENTION;48,8372293;2,2964315
21909;202000024345;18;1;2020;15:35;1;75;75112;2;1;1;3;AVENUE DE SAINT MAURICE;48,8324120;2,4204290
21910;202000024346;18;1;2020;14:30;1;75;75111;2;2;1;3;BOULEVARD RICHARD LENOIR;48,8629138;2,3715180
21911;202000024347;17;1;2020;18:30;5;75;75109;2;2;1;6;BOULEVARD MONTMARTRE;48,8716900;2,3418900
21912;202000024348;18;1;2020;20:00;5;75;75108;2;7;1;3;PLACE DE LA CONCORDE;48,8658780;2,3220300
21913;202000024350;18;1;2020;01:50;5;75;75104;2;2;1;6;QUAI DES CELESTINS;48,8508303;2,3614319
21914;202000024351;17;1;2020;13:15;1;75;75102;2;2;1;6;BOULEVARD DE SEBASTOPOL;48,8693237;2,3542529
21915;202000024352;18;1;2020;13:20;1;94;94078;2;1;1;2;PARIS (R DE);48,7359219;2,4466952
21916;202000024353;18;1;2020;04:15;5;94;94068;2;1;1;7;PONT DE CRETEIL (R DU);48,8040000;2,4715000
21917;202000024354;18;1;2020;15:30;1;94;94028;2;9;1;3;Av du Mal de Lattre de Tassigny;48,7978134;2,4559762
21918;202000024355;18;1;2020;14:40;1;94;94011;2;9;1;2;BOISSY.(AVENUE DE);48,7685000;2,4884000
21919;202000024356;18;1;2020;10:30;1;94;94011;2;1;1;6;MOULIN(RUE JEAN);48,7690200;2,4819300
21920;202000024357;18;1;2020;14:30;1;93;93078;1;9;1;3;PARC EXPO;48,9703000;2,5263300
21921;202000024358;18;1;2020;14:35;1;93;93073;1;9;1;2;CIRCUIT CAROLE;48,9794800;2,5259600
21922;202000024359;18;1;2020;16:04;1;93;93039;2;1;1;5;Boulevard Marcel Paul;48,9198570;2,3269920
21923;202000024360;17;1;2020;17:25;5;93;93066;2;1;8;1;R DU LANDY;48,9143800;2,3471800
21924;202000024362;18;1;2020;15:24;1;93;93050;2;1;1;2;AV DU 8 MAI 1945;48,8651000;2,5347700
21925;202000024363;18;1;2020;14:40;1;93;93031;2;9;1;3;RTE DE SAINT LEU;48,9519005;2,3381851
21926;202000024364;18;1;2020;13:45;1;92;92062;2;3;1;5;WALLACE (BD RICHARD) DU 17 AU 91 ET DU 3;48,8798149;2,2399659
21927;202000024365;16;1;2020;08:15;2;92;92050;2;6;1;3;PLACE DE LA BOULE/ CLEMENCEAU GEORGES AVENUE N° PAIR;48,8872230;2,2006670
21928;202000024366;18;1;2020;09:30;1;92;92012;2;1;1;2;REPUBLIQUE (BOULEVARD DE LA) 79/FIN - 76;48,8331478;2,2456634
21929;202000024367;19;1;2020;17:00;1;60;60242;1;2;1;3;D7;49,5913890;1,9391780
21930;202000024368;17;1;2020;18:30;3;62;62067;2;1;6;6;1 Rue Principale;50,6291960;2,1376620
21931;202000024369;18;1;2020;16:52;1;49;49017;1;1;1;3;D68;47,6416800; -0,3468830
21932;202000024370;19;1;2020;00:55;3;35;35124;1;1;1;7;RN137;47,7206870; -1,7098840
21933;202000024371;18;1;2020;22:00;3;22;22193;1;1;1;2;Plestan;48,4198240; -2,4463250
21934;202000024373;19;1;2020;16:20;1;56;56006;1;1;1;7;La Ville Voisin;47,8996630; -2,2708070
21935;202000024375;18;1;2020;20:00;5;82;82112;2;1;1;6;16 Avenue Jean Jaurès;44,1053680;1,0939150
21936;202000024376;18;1;2020;21:15;3;11;11410;1;3;1;7;D201;43,2474670;2,3973340
21937;202000024377;16;1;2020;14:50;1;15;15250;1;2;1;3;Route départementale 3;45,3570420;2,5080340
21938;202000024378;17;1;2020;20:00;5;01;01452;2;1;1;6;Route de Lyon;45,8454240;5,6471690
21939;202000024380;18;1;2020;20:00;3;72;72382;1;1;1;1;Le Grand Gruet;47,9266790;0,4534440
21940;202000024381;19;1;2020;07:52;2;60;60245;2;1;9;6;Rue de Bonnemare;49,6556040;1,7234310
21941;202000024382;5;1;2020;15:35;1;64;64317;1;3;1;1;D932;43,3665690; -1,4247620
21942;202000024383;19;1;2020;06:20;3;10;10420;1;1;1;6;D 951;48,5966510;3,5599290
21943;202000024384;19;1;2020;10:50;1;36;36200;1;1;1;5;;46,6188730;1,5264600
21944;202000024385;18;1;2020;20:30;3;36;36168;1;1;1;6;Tuilerie de la Luzeraize;46,5330880;1,2490970
21945;202000024386;17;1;2020;17:05;2;16;16178;1;1;4;6;;45,5100577; -0,2190540
21946;202000024387;19;1;2020;16:00;1;07;07096;1;1;1;1;D120;44,8599400;4,5622440
21947;202000024388;18;1;2020;17:35;2;37;37038;1;3;1;3;D16;47,2825613;0,3320201
21948;202000024389;19;1;2020;12:50;1;06;06085;2;3;1;3;Avenue Notre-dame de Vie;43,5997650;7,0031510
21949;202000024390;19;1;2020;10:00;1;49;49020;1;1;1;3;A11;47,4941580; -0,6227890
21950;202000024391;19;1;2020;00:15;3;988;98807;1;1;1;7;Tribu de Poindjap; -20,7311910;164,9042540
21951;202000024392;18;1;2020;20:05;3;78;78030;1;1;1;7;Rue de Vieille-eglise;48,6734080;1,8950770
21952;202000024394;18;1;2020;23:06;3;26;26002;1;1;1;6;A7;45,2386640;4,8456690
21953;202000024395;19;1;2020;05:59;3;08;08110;1;1;9;7;Le Châtelet-sur-Sormonne;49,8635610;4,5101560
21954;202000024397;19;1;2020;05:45;5;69;69003;2;1;1;6;1 Quai Général de Gaulle;45,8760825;4,8353536
21955;202000024398;18;1;2020;18:40;5;69;69089;2;1;1;1;22 Chemin du Fort;45,7313000;4,7414000
21956;202000024399;18;1;2020;15:45;1;81;81099;2;1;1;2;53 Avenue Saint Exupery;43,8993598;1,8872959
21957;202000024400;18;1;2020;19:35;5;81;81105;2;1;1;2;63 Avenue Victor Hugo;43,7601070;1,9936740
21958;202000024401;18;1;2020;12:00;1;33;33243;2;3;1;6;2 cours des girondins;44,9126570; -0,2475540
21959;202000024402;18;1;2020;17:45;1;50;50643;1;1;1;1;Le Cafe Cochon;49,5777830; -1,7081640