;Num_Acc;jour;mois;an;hrmn;lum;dep;com;agg;int;atm;col;adr;lat;long
21960;202000024403;19;1;2020;07:50;2;59;59044;2;2;1;6;123 Rue Louis Deffontaines;50,6185130;3,2334650
21961;202000024404;18;1;2020;15:18;1;13;13026;1;1;1;2;A55-Sens Marseille vers Martigues;43,4026854;5,1142161
21962;202000024405;18;1;2020;07:30;3;54;54528;1;1;1;1;Autoroute A 31;48,6815500;5,9134800
21963;202000024406;18;1;2020;11:15;1;91;91617;1;1;1;7;RN 104;48,6394000;2,5350000
21964;202000024407;18;1;2020;19:15;3;93;93053;1;1;1;3;AUTOROUTE A3;48,8834200;2,4585500
21965;202000024408;18;1;2020;17:00;1;93;93066;1;1;1;5;AUTOROUTE A1;48,9292400;2,3616900
21966;202000024409;17;1;2020;21:25;3;95;95241;1;1;1;6;RN 104;49,0457500;2,4510200
21967;202000024411;17;1;2020;12:20;1;93;93078;1;1;1;2;AUTOROUTE A104;48,9616500;2,5451500
21968;202000024412;17;1;2020;09:13;2;94;94028;1;1;2;2;A86 INT;48,7941122;2,4417939
21969;202000024413;16;1;2020;18:00;1;988;98818;2;1;1;3;RUE JACQUES IEKAWE; -22,2470200;166,4611400
21970;202000024414;17;1;2020;21:00;5;69;69383;2;7;1;6;FELIX FAURE                         (AV);45,7531000;4,8548000
21971;202000024415;17;1;2020;17:45;2;69;69383;2;2;2;6;AUBIGNY (D')                        (R );45,7612800;4,8665600
21972;202000024416;17;1;2020;10:10;1;69;69383;2;1;2;6;GENAS (DE)                          (RO);45,7545523;4,8815269
21973;202000024417;17;1;2020;21:00;5;69;69149;2;2;1;3;CLAUDE MICHEL                       (R );45,7181600;4,8033000
21974;202000024418;11;1;2020;12:40;1;69;69382;2;8;1;3;CHARLEMAGNE                         (CO);45,7426300;4,8207600
21975;202000024419;17;1;2020;05:04;5;69;69382;2;9;1;3;Rue Président Edouard Herriot;45,7648700;4,8342900
21976;202000024420;17;1;2020;19:00;3;95;95019;2;6;2;2;VAILLANT CHARLES (AVENUE);48,9859300;2,4109700
21977;202000024421;17;1;2020;15:15;1;95;95277;1;1;1;1;route deparementale 370;48,9710000;2,4632700
21978;202000024422;17;1;2020;21:20;5;91;91421;2;6;1;3;ANCOLIES (ALLEE DES);48,7030700;2,4399800
21979;202000024423;16;1;2020;18:00;5;90;90032;2;9;1;1;;47,6249252;6,8607414
21980;202000024424;17;1;2020;07:45;5;87;87085;2;1;1;6;278 PERRIN (RUE FRANCOIS);45,8248200;1,2291000
21981;202000024425;16;1;2020;08:10;5;86;86194;2;1;1;6;Rue de la Roche;46,5877000;0,3304000
21982;202000024427;9;7;2020;15:15;1;34;34172;2;1;1;3;MARES (AVENUE HENRI);43,6200600;3,8520300
21983;202000024428;9;7;2020;02:50;5;34;34172;2;1;1;6;BERTHELOT (BOULEVARD);43,6004200;3,8708800
21984;202000024429;8;7;2020;18:00;1;33;33281;2;3;1;4;94 Avenue de Saint-Médard / Rue de la Renaissance;44,8625600; -0,6477400
21985;202000024430;9;7;2020;18:00;1;33;33119;2;3;1;3;BD ENTRE-DEUX-MERS / RUE ANATOLE FRANCE;44,8461300; -0,5350700
21986;202000024431;8;7;2020;00:25;5;33;33063;1;1;1;2;QUAI LOUIS XVIII;44,8479400; -0,5705600
21987;202000024432;9;7;2020;11:25;1;33;33529;1;1;1;3;LIGNON (BD LOUIS);44,6334500; -1,1758400
21988;202000024433;9;7;2020;11:30;1;33;33529;2;1;1;1;LAGRUA (RUE);44,6391100; -1,1543900
21989;202000024434;8;7;2020;21:45;5;31;31555;2;1;1;6;ALLEE MAGINOT;43,5718564;1,4028858
21990;202000024435;7;7;2020;13:30;1;22;22278;2;2;1;3;FERRY (JULES);48,5016200; -2,7693200
21991;202000024436;8;7;2020;22:20;2;18;18033;2;2;1;3;Rue de Turly;47,0974000;2,4134000
21992;202000024438;9;7;2020;08:00;1;13;13203;2;2;1;-1;ROGER SALENGRO (AVENUE);43,3190810;5,3676450
21993;202000024439;9;7;2020;08:41;1;13;13208;2;1;1;6;HAMBOURG (BOULEVARD);43,2500000;5,3894000
21994;202000024440;9;7;2020;07:45;1;13;13207;2;4;1;2;CORDERIE (BOULEVARD DE LA);43,2904500;5,3702900
21995;202000024441;9;7;2020;02:15;5;13;13208;2;1;1;6;MENDES FRANCE (AVENUE);43,2515000;5,3758000
21996;202000024442;9;7;2020;00:00;5;13;13207;2;1;1;2;Corniche John Fitzgérald Kennedy;43,2689300;5,3696600
21997;202000024443;8;7;2020;16:20;1;13;13203;2;2;1;3;LEVAT (RUE);43,3103055;5,3853916
21998;202000024444;8;7;2020;06:55;1;10;10387;2;1;7;3;FRANCOIS SERQUEIL (RUE);48,3070000;4,0805000
21999;202000024445;9;7;2020;11:25;1;06;06027;2;1;1;6;CANNES AVENUE DE (RN7);43,6492000;7,1404900
22000;202000024446;9;7;2020;09:20;1;06;06027;2;2;1;6;FRENES RUE DES;43,6594570;7,1508170
22001;202000024447;8;7;2020;09:00;1;02;02243;2;1;1;6;Maurice DUPUIS (Rue);49,4018400;3,3512100
22002;202000024448;9;7;2020;09:55;1;75;75120;2;4;1;2;BOULEVARD PERIPHERIQUE;48,8752980;2,4103630
22003;202000024449;8;7;2020;01:00;5;75;75113;2;4;1;3;PORTE D ITALIE;48,8166200;2,3644640
22004;202000024450;9;7;2020;12:04;1;75;75107;2;3;1;6;RUE DE SEVRES;48,8477390;2,3191060
22005;202000024451;9;7;2020;11:47;1;75;75106;2;2;1;6;RUE DE L ABBE GREGOIRE;48,8485360;2,3246010
22006;202000024452;9;7;2020;10:25;1;75;75120;2;3;1;6;RUE DE MENILMONTANT;48,8686670;2,3896490
22007;202000024453;9;7;2020;16:15;1;75;75119;2;1;1;7;RUE DE MOUZAIA;48,8800830;2,3909560
22008;202000024454;9;7;2020;21:30;2;75;75118;2;3;1;3;RUE ORDENER;48,8904030;2,3558270
22009;202000024456;9;7;2020;17:10;1;75;75116;2;2;1;3;AVENUE FOCH;48,8731620;2,2844530
22010;202000024457;8;7;2020;18:20;1;75;75116;2;2;1;3;AVENUE DE L HIPPODROME;48,8585640;2,2448830
22011;202000024458;9;7;2020;14:25;1;75;75115;2;1;1;1;RUE TIPHAINE;48,8488850;2,2962150
22012;202000024459;9;7;2020;22:50;5;75;75114;2;3;1;3;RUE JEAN ZAY;48,8375610;2,3223930
22013;202000024460;9;7;2020;16:15;1;75;75114;2;2;1;3;RUE MONTBRUN;48,8288870;2,3300630
22014;202000024461;9;7;2020;12:00;1;75;75114;2;1;1;2;BOULEVARD JOURDAN;48,8206330;2,3377830
22015;202000024462;8;7;2020;23:13;3;75;75113;2;1;1;3;BOULEVARD ARAGO;48,8348810;2,3430700
22016;202000024463;9;7;2020;13:57;1;75;75112;2;2;1;3;BOULEVARD DIDEROT;48,8464450;2,3789470
22017;202000024464;9;7;2020;07:22;1;75;75111;2;2;7;3;BOULEVARD VOLTAIRE;48,8546850;2,3853300
22018;202000024465;9;7;2020;17:45;1;75;75110;2;3;1;6;RUE DU CHATEAU LANDON;48,8837830;2,3643170
22019;202000024466;9;7;2020;14:24;1;75;75110;2;1;1;3;AVENUE CLAUDE VELLEFAUX;48,8767060;2,3703050
22020;202000024467;9;7;2020;10:15;1;75;75110;2;1;1;3;BOULEVARD DE LA VILLETTE;48,8792070;2,3700960
22021;202000024468;8;7;2020;16:10;1;75;75109;2;2;1;3;BOULEVARD DE CLICHY;48,8819350;2,3396360
22022;202000024469;9;7;2020;22:25;2;75;75108;2;1;1;3;RUE DU FAUBOURG SAINT HONORE;48,8733170;2,3095350
22023;202000024470;8;7;2020;09:10;1;75;75107;2;3;1;3;BOULEVARD SAINT GERMAIN;48,8611530;2,3206710
22024;202000024471;9;7;2020;16:55;1;94;94076;2;1;1;2;MAXIME GORKI (BD);48,7888500;2,3684800
22025;202000024472;8;7;2020;07:45;1;94;94076;2;2;1;3;PARIS (AV DE);48,8057090;2,3637030
22026;202000024474;9;7;2020;05:15;3;94;94028;2;1;1;7;avenue de la POMPADOUR;48,7736000;2,4367000
22027;202000024475;8;7;2020;02:10;5;94;94054;2;3;1;3;CHARLES TILLON (route);48,7463219;2,3774618
22028;202000024476;9;7;2020;18:00;1;94;94017;2;3;1;3;SONIA DE LAUNAY (VOI);48,8121900;2,5340200
22029;202000024477;9;7;2020;00:55;5;94;94017;2;1;1;2;GENERAL DE GAULLE (AV DU);48,8249190;2,5008910
22030;202000024478;8;7;2020;11:00;1;94;94002;2;2;1;3;PAQUERETTES (R DES);48,7977545;2,4258548
22031;202000024480;7;7;2020;09:00;1;93;93005;2;1;1;2;JACQUES DUCLOS [CD44] (RUE);48,9427607;2,4968185
22032;202000024481;9;7;2020;20:55;1;93;93070;2;1;1;1;CAPITAINE-GLARNER (AV);48,9040728;2,3290492
22033;202000024482;9;7;2020;21:19;1;93;93077;2;9;1;-1;NOISY (ROUTE DE) JUSQU'AU 45 ET 50;48,8832344;2,4973023
22034;202000024483;9;7;2020;07:20;1;93;93050;2;2;1;3;PAUL ET CAMILLE THOMOUX (RUE) COTE PAIR;48,8652949;2,5294320
22035;202000024484;9;7;2020;14:38;1;93;93014;2;5;1;3;POSTES (CHEMIN DES);48,9082940;2,5331970
22036;202000024485;3;7;2020;22:30;5;93;93008;2;1;1;6;PARIS (RUE DE);48,9015721;2,4577029
22037;202000024486;9;7;2020;12:00;1;93;93001;2;1;1;3;HAIE COQ (RUE DE LA ) => 91/92;48,9045282;2,3723623
22038;202000024487;9;7;2020;19:00;1;92;92046;2;1;1;6;GABRIEL PERI;48,8192100;2,3007800
22039;202000024488;9;7;2020;08:30;1;92;92033;2;3;1;3;HENRI REGNAULT;48,8464286;2,1893233
22040;202000024489;3;3;2020;16:40;1;92;92044;2;1;1;3;RIVAY(RUE)97A107 ET 96A108;48,9003817;2,2847378
22041;202000024490;8;7;2020;07:30;1;92;92036;2;2;1;6;MARCEL PAUL (AVENUE) (2/50);48,9368050;2,3040500
22042;202000024491;8;7;2020;23:30;5;92;92026;2;3;1;3;MARECHAL JOFFRE (QUAI DU);48,9007000;2,2751400
22043;202000024492;29;6;2020;15:24;1;92;92012;2;1;1;3;CHATEAU (RUE DU) 127/FIN - 133/FIN;48,8418290;2,2379730
22044;202000024493;7;3;2020;02:30;5;92;92004;2;1;2;7;ARGENTEUIL AV D';48,9138200;2,2835600
22045;202000024494;8;7;2020;19:35;1;35;35328;1;1;1;7;Tregaret;47,7679640; -2,1063420
22046;202000024495;9;7;2020;19:20;1;26;26031;1;1;1;3;1175 Route de Puygiron;44,5477110;4,8468800
22047;202000024496;8;7;2020;20:17;2;67;67371;1;1;1;6;D178;48,8452310;7,3177960
22048;202000024497;8;7;2020;05:00;2;06;06149;2;1;1;3;149 Route de Laghet;43,7476800;7,3330790
22049;202000024498;10;7;2020;17:30;1;43;43080;2;1;1;6;42 Faubourg Constant;45,3312030;3,8461970
22050;202000024500;10;7;2020;00:30;3;81;81139;1;1;1;6;Route de Castres;43,7132470;2,1167240
22051;202000024501;6;7;2020;16:00;1;67;67430;1;1;1;7;D253;48,3304393;7,3737456
22052;202000024502;9;7;2020;09:15;1;972;97232;2;9;1;6;47 Rue Victor Hugo;14,5441190; -60,8437070
22053;202000024503;9;7;2020;23:20;3;46;46263;1;1;1;6;D653;44,3598950;1,2424410
22054;202000024504;9;7;2020;19:10;1;01;01354;1;6;1;3;Route de Meyrin;46,2393130;6,0348320
22055;202000024505;10;7;2020;18:30;1;59;59579;2;1;1;6;55 Rue de la Mairie;50,9518070;2,3708310
22056;202000024506;10;7;2020;03:45;5;62;62817;1;1;2;3;Zone Industrielle Est, avenue d'Immercourt;50,2868560;2,8096940
22057;202000024507;9;7;2020;18:05;1;89;89461;2;3;1;1;D660;48,2367870;3,5524360
22058;202000024508;9;7;2020;18:30;1;56;56185;2;6;1;3;Rue de Gestel;47,7895670; -3,4213130
22059;202000024509;9;7;2020;15:00;1;79;79179;1;1;1;6;;46,7034140; -0,6001500
22060;202000024510;9;7;2020;21:05;1;79;79249;1;2;1;3;Route de Niort;46,3644180; -0,4088760
22061;202000024511;10;7;2020;13:30;1;2B;2B305;2;1;1;3;Route du Cap;42,7262320;9,4577750
22062;202000024512;9;7;2020;09:50;1;81;81130;2;3;1;3;2 Avenue de Mazamet;43,5804165;2,2767451
22063;202000024513;8;7;2020;19:20;1;71;71292;2;2;1;3;1031 Rue du Moulin;46,8102531;4,7406092
22064;202000024514;9;7;2020;18:30;1;89;89464;2;1;1;1;1 Quai du Port au Bois;48,0825870;3,2915210
22065;202000024515;9;7;2020;22:00;3;61;61206;1;1;1;7;4 Lieu Dit la Rangee Bourdon;48,5911600;0,7171740
22066;202000024516;9;7;2020;12:50;1;49;49050;1;1;1;6;D751;47,3893720; -0,4241110
22067;202000024517;8;7;2020;15:00;1;46;46021;1;1;1;2;D19;44,5701860;1,9139170
22068;202000024518;8;7;2020;09:40;1;46;46133;1;1;1;7;Mas de Boudre;44,6880000;1,9110420
22069;202000024519;6;7;2020;08:45;1;68;68286;2;1;1;6;3 Rue du Moulin;47,6395360;7,5346260
22070;202000024520;9;7;2020;22:00;3;02;02477;1;1;1;6;N31;49,3809900;3,2823370
22071;202000024521;10;7;2020;17:15;1;70;70421;2;1;1;5;chemin du pré aux oies;47,6811870;6,0358290
22072;202000024522;9;7;2020;16:00;1;26;26124;1;1;1;1;RN7;44,8457070;4,8556140
22073;202000024523;10;7;2020;19:05;1;54;54073;1;1;1;1;Rue Bicquilley;48,6498660;5,8924480
22074;202000024524;10;7;2020;11:45;1;64;64279;2;9;1;6;D932;43,3504860; -1,4157910
22075;202000024525;20;6;2020;11:15;1;16;16406;1;1;1;2;Rue Etroite;45,7005050;0,4134920
22076;202000024526;8;7;2020;19:35;1;53;53127;1;1;1;6;la pesière;48,4291010; -0,4659000
22077;202000024527;10;7;2020;08:30;1;53;53107;2;2;8;3;Route d'Ernee;48,4100000; -0,8201980
22078;202000024528;9;7;2020;19:00;1;21;21389;1;1;1;6;905;47,6172290;4,3754770
22079;202000024529;9;7;2020;14:48;1;85;85234;1;1;1;7;Route de la Gorlière;46,8105060; -2,0501140
22080;202000024530;10;7;2020;19:00;1;85;85213;1;2;1;3;Le Moulin de Badiole;46,6349700; -1,3537220
22081;202000024531;9;7;2020;14:45;1;48;48111;1;1;1;7;RN 88 PR 40 +725;44,5376630;3,5831310
22082;202000024532;10;7;2020;15:15;1;88;88372;2;3;1;3;Rue Pasteur / Rue Jean Jaurès;48,4035800;6,8378820
22083;202000024533;11;6;2020;08:25;1;49;49022;1;1;8;2;A87;47,3135370; -0,6069520
22084;202000024534;9;7;2020;16:10;1;24;24370;1;1;1;7;D936 la tremonde;44,8475020;0,1315780
22085;202000024535;29;6;2020;11:15;1;33;33284;1;1;1;6;A63;44,6714360; -0,8073980
22086;202000024536;26;6;2020;18:30;1;76;76457;1;1;1;3;A13;49,3390150;0,9632460
22087;202000024537;8;7;2020;08:00;1;78;78349;1;1;1;2;A10;48,5794460;2,0115280
22088;202000024538;8;7;2020;18:30;3;988;98819;1;1;1;5;Lieu dit Manghine haut; -20,3952500;164,4122900
22089;202000024539;9;7;2020;15:00;1;95;95641;2;1;1;6;Rue Rouget de Lisle;49,0649950;2,5704570
22090;202000024540;9;7;2020;16:45;1;95;95271;1;1;1;3;RD 915;49,0987330;2,0461290
22091;202000024541;10;7;2020;11:50;1;2B;2B169;2;1;1;3;route territoriale 20, Ponte-Leccia;42,4663160;9,2084740
22092;202000024542;10;7;2020;07:55;1;34;34299;1;1;1;3;D37;43,2813410;3,2903890
22093;202000024543;10;7;2020;18:45;1;34;34145;1;1;1;3;D34;43,6988450;4,1287990
22094;202000024544;10;7;2020;16:45;1;34;34294;1;2;1;3;D34;43,7083110;4,1174220
22095;202000024545;10;7;2020;16:17;1;05;05014;1;9;1;7;D942;44,2655010;5,7642600
22096;202000024546;10;7;2020;05:45;2;71;71176;1;1;1;6;N79;46,4699580;4,0100630
22097;202000024547;10;7;2020;12:50;1;55;55170;2;1;1;3;57 Rue du Cygne;49,3626130;5,3463400
22098;202000024548;9;7;2020;18:45;1;55;55569;1;1;1;6;D902;48,8935660;5,1007140
22099;202000024549;10;7;2020;19:40;1;54;54150;2;4;1;6;25 Rue du Général Leclerc;48,7919449;6,1428541
22100;202000024550;10;7;2020;14:20;1;38;38557;1;1;1;1;D124z;45,7712700;5,1258800
22101;202000024552;8;7;2020;19:10;1;07;07200;1;1;7;6;cd 536;44,7177090;4,1645910
22102;202000024553;9;7;2020;09:00;1;69;69121;2;1;1;-1;Route de Lentilly;45,8512257;4,6848877
22103;202000024554;6;7;2020;18:15;1;69;69136;2;1;1;6;735 Montee du Baconnet;45,6189720;4,7639360
22104;202000024555;8;7;2020;10:40;1;27;27016;1;1;1;6;D1;49,2235540;1,4446810
22105;202000024556;9;7;2020;19:30;1;76;76276;2;2;1;6;15 Rue de Neufchatel;49,6128740;1,5456900
22106;202000024557;9;7;2020;22:20;3;59;59400;1;1;1;6;Rue de Maroeuil;50,6282084;2,6416612
22107;202000024558;8;7;2020;09:55;1;59;59256;1;1;2;1;Boulevard du Petit Quinquin;50,5752690;3,1181590
22108;202000024559;8;7;2020;06:40;1;69;69204;1;1;1;4;A450   1.740 A 5.100;45,6833900;4,8029200
22109;202000024560;8;7;2020;13:00;1;33;33192;1;1;1;4;ROCADE A 630;44,7852100; -0,5927500
22110;202000024562;9;7;2020;17:20;1;91;91689;1;1;1;2;AUTOROUTE A6;48,7295800;2,3145800
22111;202000024563;8;7;2020;09:30;1;91;91689;1;1;1;2;AUTOROUTE A6B;48,7424000;2,3218000
22112;202000024565;8;7;2020;12:05;1;78;78431;1;1;1;6;A13;48,9403090;1,9543360
22113;202000024566;8;7;2020;04:00;3;78;78090;1;1;1;2;A13;48,9702340;1,9081920
22114;202000024567;9;7;2020;18:00;1;93;93005;1;1;1;4;AUTOROUTE A3;48,9473100;2,4758300
22115;202000024568;9;7;2020;18:30;1;93;93078;1;1;1;2;AUTOROUTE A104;48,9643600;2,5533500
22116;202000024569;9;7;2020;15:45;1;93;93078;1;1;1;3;AUTOROUTE A104;48,9612600;2,5438800
22117;202000024571;9;7;2020;10:25;1;93;93027;1;1;1;5;AUTOROUTE A1;48,9362800;2,4059200
22118;202000024572;9;7;2020;03:00;3;95;95572;1;1;1;2; A15;49,0322008;2,1129791
22119;202000024573;8;7;2020;21:00;1;95;95607;1;1;1;7;AUTOROUTE A115;49,0244311;2,2088279
22120;202000024574;8;7;2020;18:45;1;93;93053;1;1;1;4;AUTOROUTE A3;48,8979600;2,4693700
22121;202000024575;8;7;2020;19:05;1;93;93053;1;1;1;5;AUTOROUTE A3;48,8942200;2,4719600
22122;202000024577;9;7;2020;10:35;1;94;94017;1;1;1;2;A4;48,8267112;2,5225883
22123;202000024578;9;7;2020;08:05;1;77;77237;1;1;1;2;A4;48,8320034;2,7753890
22124;202000024579;8;7;2020;17:05;1;94;94079;1;1;1;4;A4;48,8346000;2,5374000
22125;202000024580;4;7;2020;13:10;1;974;97407;1;9;1;6;JEAN GIONO (RUE) - RIV. DES GALETS; -20,9570000;55,3120000
22126;202000024581;8;7;2020;18:30;1;69;69259;2;2;1;6;ERNEST RENAN                        (R );45,7267200;4,8625200
22127;202000024582;8;7;2020;15:10;1;69;69199;2;1;1;2;LOUIS GIRARDET                      (R );45,7059000;4,8553000
22128;202000024583;8;7;2020;10:00;1;69;69276;2;1;1;2;LYON (DE)                               ;45,6804550;4,8612156
22129;202000024584;7;7;2020;12:50;1;69;69387;2;2;1;5;UNIVERSITE (DE L')                  (PT);45,7519300;4,8368800
22130;202000024585;8;7;2020;05:15;3;972;97213;1;1;2;6;ROUTE DEPARTEMENTALE 3;14,6353271; -60,9917164
22131;202000024586;8;7;2020;14:10;1;972;97209;2;3;1;3;ROBESPIERRE (RUE);14,6105900; -61,0700600
22132;202000024587;7;7;2020;23:40;5;972;97209;2;6;1;7;BISHOP (Avenue Maurice);14,6126600; -61,0532400
22133;202000024588;8;7;2020;18:30;1;69;69142;2;1;1;6;PIERRE SEMARD                       (QU);45,7260300;4,8165700
22134;202000024589;8;7;2020;08:40;1;69;69034;2;9;1;6;PIERRE TERRASSE                     (AV);45,7986600;4,8492200
22135;202000024590;7;7;2020;19:00;1;69;69286;2;1;1;1;MAURICE RAVEL                       (AV);45,8167000;4,8979200
22136;202000024591;8;7;2020;07:15;1;95;95268;2;2;1;3;AV FRANCOIS MITTERRAND;48,9731633;2,3978917
22137;202000024592;8;7;2020;18:05;1;91;91377;2;3;1;6;MAZARIK (RUE THOMAS);48,7368000;2,2611000
22138;202000024593;8;7;2020;15:25;1;91;91687;2;9;1;6;GENERAL DE GAULLE (AVENUE DU);48,6807000;2,3797100
22139;202000024594;7;7;2020;03:10;5;91;91333;2;1;1;6;CLEMENCEAU GEORGES (RUE);48,6194800;2,2670800
22140;202000024595;5;7;2020;20:51;1;91;91347;2;1;1;6;ROBINEAUX (CHEMIN DES);48,6273900;2,2895500
22141;202000024598;8;7;2020;20:20;1;83;83034;1;1;1;6;ROUTE DE LA BENOITE;43,1050000;6,0810000
22142;202000024603;7;7;2020;12:10;1;76;76351;2;1;1;6;VALLEE (RUE DE LA);49,4951300;0,1552500
22143;202000024604;8;7;2020;15:15;1;69;69266;2;1;1;6;ROGER SALENGRO     (Avenue);45,7763600;4,8720800
22144;202000024606;8;7;2020;16:30;1;69;69271;2;1;1;3;ANDRE AMPERE                            ;45,7316300;4,9721700
22145;202000024607;8;7;2020;09:15;1;69;69266;2;2;7;6;MAGENTA     (Rue);45,7653000;4,8716000
22146;202000024608;5;7;2020;21:20;2;67;67482;2;9;1;3;ADRIEN ZELLER (PLACE);48,5952210;7,7586050
22147;202000024609;8;7;2020;01:10;5;64;64445;2;1;1;6;NORMAN PRINCE;43,3047600; -0,3469900
22148;202000024610;7;7;2020;18:55;1;64;64024;2;1;1;6;BAB (BOULEVARD DU);43,4937890; -1,5236380
22149;202000024611;6;7;2020;08:00;1;62;62224;1;3;1;3;RD 943;50,5374800;2,5766400
22150;202000024612;6;7;2020;11:15;1;59;59350;2;1;1;6;349 AV. DE DUNKERQUE;50,6408160;3,0186390
22151;202000024613;7;7;2020;18:11;1;54;54395;2;1;1;7;JOFFRE (Boulevard);48,6889631;6,1768430
22152;202000024614;7;7;2020;12:35;1;54;54395;2;1;1;3;STRASBOURG (AVENUE DE);48,6806960;6,1940190
22153;202000024615;7;7;2020;22:45;5;51;51454;2;2;1;3;Avenue Paul Marchandeau;49,2441500;4,0275050
22154;202000024616;19;2;2020;22:00;5;94;94043;2;1;2;3;CARNOT (R);48,8095500;2,3637000
22155;202000024617;19;2;2020;19:00;5;94;94076;2;2;2;3;STALINGRAD (AV DE);48,7847100;2,3669600
22156;202000024618;19;2;2020;02:45;3;94;94074;1;1;3;3;HENRI BARBUSSE (AV);48,7690600;2,4406700
22157;202000024620;18;2;2020;10:25;1;94;94079;2;1;1;2;JEAN MONNET (BD);48,8348427;2,5391767
22158;202000024621;19;2;2020;19:10;5;94;94017;2;1;2;6;DANIELLE CASANOVA (R);48,8249940;2,5124850
22159;202000024622;18;2;2020;16:50;1;94;94017;2;1;1;6;ROGER SALENGRO (AV);48,8198000;2,4855000
22160;202000024623;18;2;2020;21:15;5;93;93066;2;1;1;6;Boulevard de la Libération;48,9254600;2,3420200
22161;202000024624;17;2;2020;17:55;1;93;93066;2;9;2;3;PROUDHON;48,9064251;2,3654260
22162;202000024625;19;2;2020;13:30;1;93;93051;2;3;1;3;MONT D'EST (BD);48,8421492;2,5429148
22163;202000024626;19;2;2020;08:50;1;93;93048;2;1;1;6;BD ROUGET DE L'ISLE;48,8598100;2,4387400
22164;202000024627;19;2;2020;09:55;1;93;93031;2;1;1;3;SAINT GRATIEN (RUE DE);48,9619907;2,3001286
22165;202000024628;19;2;2020;16:54;1;93;93010;2;2;2;3;VERDUN (AV. DE) 1 A 33;48,9067977;2,4885021
22166;202000024629;18;2;2020;20:20;4;93;93001;2;1;1;3;R CHARLES TILLON;48,9178601;2,3933181
22167;202000024630;18;2;2020;13:55;1;92;92051;2;9;1;-1;CHARLES DE GAULLE (AVENUE,N°118 A 192 +;48,8828040;2,2674770
22168;202000024631;18;2;2020;14:30;1;92;92044;2;3;1;6;PDT WILSON(RUE) 2A24 ET 1A21;48,8931693;2,2893633
22169;202000024632;19;2;2020;20:11;5;92;92023;2;1;2;1;JEAN BAPTISTE CLEMENT (AVENUE);48,7951800;2,2667400
22170;202000024633;18;2;2020;14:30;1;92;92012;2;2;1;3;ANDRE MORIZET (AVENUE) 1/47 - 2/52;48,8350340;2,2412910
22171;202000024634;13;2;2020;12:00;1;92;92009;2;1;1;6;GENERAL LECLERC ( RUE DU );48,9153168;2,2696975
22172;202000024637;17;2;2020;15:55;1;92;92014;2;2;1;-1;GENERAL LECLERC (AV.) (57 A 135 - 50 A 1/ BIEVRE (RUE DE LA);48,7823691;2,3165703
22173;202000024638;20;2;2020;07:20;1;974;97415;2;1;1;2;Rue Terre des hommes; -20,9895800;55,3303130
22174;202000024640;20;2;2020;15:15;1;06;06161;2;1;1;3;1670 Route Nationale;43,6343670;7,1338090
22175;202000024641;19;2;2020;09:05;1;51;51007;2;2;1;3;12 Rue de Vaudemanges;49,0759781;4,1769076
22176;202000024642;28;1;2020;10:00;1;33;33140;2;1;8;2;Avenue de l'Entre 2 Mers;44,7720980; -0,3436020
22177;202000024643;20;2;2020;16:45;1;11;11262;1;1;1;1;D168;43,1695830;3,1260180
22178;202000024645;18;2;2020;19:10;4;47;47168;2;3;1;3;Boulevard Aristide Briand;44,6028210;0,3597000
22179;202000024646;20;2;2020;08:00;2;41;41176;1;1;1;6;D55;47,4975680;2,1266200
22180;202000024647;20;2;2020;08:50;1;34;34293;1;1;1;6;D907 - PR 15;43,5785800;2,7088270
22181;202000024648;18;2;2020;19:55;3;38;38466;1;3;1;3;Route du Grésivaudan;45,3676480;5,9576580
22182;202000024649;19;2;2020;21:55;3;01;01320;1;1;1;1;Rue de la Prairie;46,3132640;4,8614070
22183;202000024650;19;2;2020;14:30;1;01;01046;1;4;8;1;Route de Péroux;46,2311460;4,9580530
22184;202000024652;19;2;2020;10:50;1;05;05098;1;1;1;1;RD 40;44,5120380;6,5689630
22185;202000024653;20;2;2020;15:45;1;28;28378;1;1;8;6;D9;48,2583060;0,8566120
22186;202000024654;20;2;2020;17:55;2;48;48080;2;3;7;6;10 avenue jean moulin;44,7234040;3,8600640
22187;202000024655;20;2;2020;03:10;4;52;52058;2;1;1;6;Rue de la Fontaine;48,2039620;5,1442300
22188;202000024656;20;2;2020;08:15;1;80;80058;1;1;1;2;A29;49,8535592;2,6307443
22189;202000024657;19;2;2020;21:25;3;26;26057;1;1;1;7;Autoroute A49 - point kilométrique 059.0500;45,0212710;5,0556610
22190;202000024658;20;2;2020;07:35;2;33;33122;1;1;1;5;D211;44,7134250; -0,7292820
22191;202000024659;19;2;2020;11:40;1;17;17240;1;1;1;1;D730;45,2797940; -0,3881260
22192;202000024660;20;2;2020;15:40;1;13;13103;1;1;1;7;Autoroute A7, PK 230+700, sens nord/sud;43,6671270;5,0971410
22193;202000024661;17;2;2020;07:10;1;83;83104;1;1;1;1;La Goye;43,6398334;5,8051559
22194;202000024662;20;2;2020;07:55;1;33;33056;2;1;5;5;AVE DU ONZE NOVEMBRE;44,9270350; -0,6226690
22195;202000024663;19;2;2020;20:00;3;61;61341;1;1;1;6;Champ-fosse;48,5106840;0,1304940