;Num_Acc;jour;mois;an;hrmn;lum;dep;com;agg;int;atm;col;adr;lat;long
22196;202000024664;5;2;2020;10:10;1;50;50099;2;1;1;1;6 Rue de la Guinguette;49,3031360; -1,2515690
22197;202000024665;18;2;2020;16:12;1;83;83137;1;1;1;3;A57;43,1213200;5,9533100
22198;202000024666;19;2;2020;17:40;2;33;33096;1;1;1;6;AUTOROUTE A 10;44,8899600; -0,5034400
22199;202000024667;19;2;2020;11:55;1;33;33249;1;1;1;2;ROUTE NATIONALE 230;44,8789200; -0,5095500
22200;202000024668;18;2;2020;16:00;1;59;59328;1;1;1;6;ROUTE METROPOLITAINE 652;50,6605450;3,0203120
22201;202000024669;17;2;2020;05:10;3;59;59609;1;1;1;2;AUTOROUTE A1;50,5726916;3,0802515
22202;202000024671;18;2;2020;22:19;3;91;91347;1;1;1;3;RN 104;48,6228300;2,2917500
22203;202000024674;19;2;2020;20:00;5;94;94069;1;1;1;5;A4;48,8170338;2,4435317
22204;202000024675;19;2;2020;19:15;5;94;94017;1;1;2;4;A4;48,8266487;2,5137924
22205;202000024676;18;2;2020;11:35;1;988;98818;2;3;1;7;PROMENADE ROGER LAROQUE/RTE DE L AQUARIUM; -22,3027800;166,4385000
22206;202000024677;16;2;2020;02:50;4;987;98736;2;1;1;2;CHARLES DE GAULLE (AV); -17,5310100; -149,5531900
22207;202000024678;18;2;2020;07:00;1;974;97416;1;1;1;2;BADAMIER(CHEMIN); -21,3115000;55,4588500
22208;202000024679;17;2;2020;11:25;1;974;97416;2;9;1;2;RECHERCHANT(RUE ADRIEN); -21,2871000;55,4817200
22209;202000024681;17;2;2020;12:50;1;974;97411;2;1;1;2;JAURES (BOULEVARD JEAN); -20,9024900;55,5020800
22210;202000024682;13;2;2020;12:40;1;974;97411;1;1;1;2;Route de la Montagne; -20,8854130;55,4389600
22211;202000024683;11;2;2020;07:40;1;974;97411;2;1;1;2;JAURES (BLD 1 JEAN); -20,8887555;55,4475367
22212;202000024684;10;2;2020;16:20;1;974;97411;2;1;1;4;Boulevard Jean Jaures; -20,8996200;55,4800100
22213;202000024685;17;2;2020;16:30;1;974;97407;2;3;1;1;BANVILLE(RUELLE); -20,9399700;55,2961700
22214;202000024686;14;2;2020;21:22;5;973;97302;2;6;1;3;KET TAI (CARREFOUR);4,9371471; -52,3260677
22215;202000024687;13;2;2020;15:30;1;973;97302;2;1;1;3;MADELEINE (ROUTE DE LA);4,9356506; -52,3259497
22216;202000024688;10;2;2020;07:50;1;973;97302;1;9;1;3;MONTABO (ROUTE DE) 2;4,9317170; -52,2905231
22217;202000024690;18;2;2020;20:15;3;69;69387;2;1;1;6;BERGES DU RHONE;45,7388000;4,8251000
22218;202000024691;18;2;2020;16:50;1;69;69387;2;1;1;-1;JACQUES MONOD                       (R );45,7305500;4,8288300
22219;202000024692;18;2;2020;17:45;2;69;69383;2;1;1;6;FELIX FAURE                         (AV);45,7538640;4,8611498
22220;202000024693;18;2;2020;08:30;1;69;69388;2;1;8;3;JEAN CHEVALIER                      (R );45,7347500;4,8615200
22221;202000024694;17;2;2020;14:10;1;69;69259;2;2;2;3;IRENE JOLIOT CURIE                  (BD);45,7143000;4,8794000
22222;202000024695;17;2;2020;08:45;1;69;69387;2;1;1;6;JEAN MACE                           (PL);45,7460400;4,8417500
22223;202000024696;17;2;2020;08:10;2;69;69383;2;2;1;1;VILLETTE (DE LA)                    (R );45,7607000;4,8616000
22224;202000024697;10;2;2020;10:20;1;69;69388;2;3;8;2;GENERAL FRERE (DU)                  (AV);45,7269500;4,8850600
22225;202000024698;17;2;2020;21:05;3;972;97213;2;1;1;6;ROUTE DEPARTEMENTALE 3;14,6236630; -60,9891550
22226;202000024699;16;2;2020;08:30;1;972;97213;2;9;1;3;NELSON MANDELA;14,6130000; -60,9980000
22227;202000024700;16;2;2020;00:10;5;972;97213;1;1;1;1;ROUTE DEPARTEMENTALE 3;14,6718000; -60,9913630
22228;202000024701;15;2;2020;21:40;5;972;97209;1;1;1;3;FONTAINE DIDIER (RUE DE LA);14,6280300; -61,0795000
22229;202000024702;8;2;2020;15:40;1;972;97209;2;4;1;3;CHATEAUBOEUF (ROUTE DE);14,6170000; -61,0478000
22230;202000024703;14;1;2020;22:00;5;972;97209;2;1;1;2;AVE CAMILLE DARSIERES;14,6106330; -61,0425710
22231;202000024704;18;2;2020;18:55;5;69;69034;2;1;1;7;CLOS COLLINOT (DU)                  (CH);45,7959000;4,8538000
22232;202000024705;18;2;2020;08:30;1;69;69034;2;1;1;2;GENERAL DE GAULLE                   (AV);45,8057500;4,8538800
22233;202000024706;18;2;2020;07:30;1;69;69385;2;1;1;7;CHEMIN NEUF (DU)                    (MO);45,7590800;4,8240500
22234;202000024707;16;2;2020;03:30;5;69;69381;2;3;1;3;JEAN MOULIN                         (QU);45,7662000;4,8381000
22235;202000024708;5;2;2020;11:24;1;69;69034;2;1;1;6;GUTENBERG                           (PL);45,7951900;4,8487000
22236;202000024710;18;1;2020;11:40;1;69;69034;2;1;1;6;DOCTEUR ZAMENHOF (DU)               (AL);45,7971004;4,8505473
22237;202000024711;17;2;2020;00:20;5;971;97101;1;1;1;4;LE RAIZET(SECTEUR);16,2519570; -61,5307520
22238;202000024712;16;2;2020;11:30;1;971;97107;2;1;2;6;PAUL LACAVE ( AVENUE );16,0430673; -61,5647167
22239;202000024713;11;2;2020;18:04;5;2A;2A004;2;1;1;6;MEZZAVIA ROUTE DE;41,9523152;8,7802246
22240;202000024714;11;2;2020;18:14;5;2A;2A004;2;3;1;5;CONFINA 1 LOT;41,9525660;8,7845570
22241;202000024715;10;2;2020;10:55;1;91;91549;2;1;1;6;CORBEIL (ROUTE DE);48,6382900;2,3326300
22242;202000024716;18;2;2020;18:00;1;91;91691;2;1;1;6;PAUL DOUMER(RUE);48,7170600;2,5082700
22243;202000024717;11;2;2020;19:25;5;91;91687;2;1;1;1;VICTOR SCHOELCHER (AVENUE);48,6562400;2,3718600
22244;202000024719;10;2;2020;14:40;1;91;91657;2;3;2;3;TOURELLE (AVENUE DE LA );48,6903100;2,4391500
22245;202000024720;18;2;2020;11:50;1;91;91027;2;1;1;5;PASTEUR (AVENUE);48,7060400;2,3675900
22246;202000024721;16;2;2020;05:35;5;91;91347;2;2;1;6;MONTLHERY (ROUTE DE);48,6345220;2,2898560
22247;202000024722;15;2;2020;14:20;1;91;91457;2;9;1;3;PASTEUR (RUE);48,5869500;2,2595500
22248;202000024723;12;2;2020;07:30;5;89;89387;2;2;1;6;bd Verdun angle rue Matignon;48,2029300;3,2960800
22249;202000024725;16;2;2020;09:43;1;88;88413;2;2;1;6;THIERS (RUE);48,2870600;6,9495200
22250;202000024726;15;2;2020;13:10;1;87;87085;2;2;1;3;CARMES (PLACE DES);45,8301700;1,2503300
22251;202000024727;15;2;2020;08:05;1;87;87085;2;1;1;2;LATTRE-DE-TASSIGNY (AVENUE DU MARECHAL);45,8250100;1,2740100
22252;202000024729;11;2;2020;15:40;1;87;87085;2;1;1;6;POMPIDOU (AVENUE GEORGES);45,8152300;1,2693000
22253;202000024730;10;2;2020;14:04;1;87;87085;2;3;1;6;VIGENAL (BOULEVARD DU);45,8482200;1,2457800
22254;202000024731;10;2;2020;20:50;5;86;86194;2;1;8;2;Boulevard Bajon;46,5821680;0,3525700
22255;202000024732;16;2;2020;10:42;1;85;85194;2;2;1;3;Avenue d'Aquitaine;46,4924200; -1,7597000
22256;202000024733;18;2;2020;15:20;1;83;83137;2;1;1;6;BOURGEOIS (BD LEON);43,1225000;5,9481000
22257;202000024734;17;2;2020;14:05;1;83;83137;2;1;2;6;PICON (BD LOUIS);43,1357700;5,9118300
22258;202000024735;17;2;2020;14:20;1;83;83069;1;1;2;2;PIERREFEU (ROUTE DE) RD 12;43,1676900;6,1093000
22259;202000024736;16;2;2020;06:13;3;81;81021;1;1;6;6;CD 612;43,5137000;2,3735200
22260;202000024737;13;2;2020;17:44;1;80;80021;1;1;2;1;ROCADE NORD EST RN 25;49,9267600;2,3098400
22261;202000024739;14;2;2020;00:30;3;80;80724;1;1;1;7;CHEMIN RURAL DE SALEUX A AMIENS;49,8602300;2,2106800
22262;202000024740;10;2;2020;07:50;2;80;80021;2;1;1;6;ABBE DUMONT (RUE DE );49,9088200;2,3106500
22263;202000024741;15;2;2020;09:20;1;79;79191;2;3;2;7;5 Boulevard de la Liberté;46,3103600; -0,4647600
22264;202000024742;14;2;2020;17:50;1;79;79191;2;1;1;3;Boulevard Pierre Mendès-France;46,3275200; -0,4138300
22265;202000024743;14;2;2020;20:50;5;79;79191;2;1;1;1;343 Avenue Saint-Jean-d'Angély;46,3011410; -0,4657900
22266;202000024744;1;2;2020;19:20;5;78;78126;2;1;2;6;MOULIN JEAN (AVENUE);48,8547120;2,1375840
22267;202000024745;4;2;2020;20:25;5;78;78092;2;1;1;3;DRIONNE (AVENUE DE LA);48,8645800;2,1386400
22268;202000024746;18;2;2020;12:00;1;78;78502;2;3;1;3;VERSAILLES (ROUTE DE);48,8752290;2,1029330
22269;202000024747;18;2;2020;19:55;5;78;78220;2;2;1;3;FOUR A BRIQUES (RUE DU);48,7203030;1,8967620
22270;202000024748;27;1;2020;09:30;1;78;78517;1;1;8;2;RN 10;48,6400700;1,8395200
22271;202000024749;14;2;2020;14:40;1;78;78490;2;9;1;6;VICOMTES (RUE DES);48,8297200;1,9596500
22272;202000024750;16;2;2020;00:15;3;77;77296;1;1;1;1;D 306;48,6228525;2,5624879
22273;202000024752;15;2;2020;12:30;1;77;77284;2;2;1;3;BUREAU (RUE JEAN) - D360;48,9564000;2,8775300
22274;202000024753;16;2;2020;07:20;5;76;76540;2;2;1;3;DUFAY. RUE;49,4221400;1,0800100
22275;202000024754;14;2;2020;08:30;1;76;76157;1;1;1;1;SAHURS. ROUTE DE (CD 351);49,4254300;1,0119200
22276;202000024755;14;2;2020;07:50;5;76;76540;2;3;1;3;NEUFCHATEL. ROUTE DE;49,4518000;1,0981700
22277;202000024756;14;2;2020;14:15;1;76;76319;1;1;1;2;RN 138;49,3469752;1,0182115
22278;202000024758;1;2;2020;11:10;1;76;76216;2;3;1;-1;PETIT AULNAY. RUE DU;49,4633600;1,0461600
22279;202000024759;8;2;2020;07:45;2;76;76351;2;1;2;6;GENERAL FERRIE (AVENUE);49,5089800;0,1746300
22280;202000024760;24;1;2020;13:15;1;76;76351;2;1;1;6;FELIX FAURE;49,5016800;0,1140000
22281;202000024761;7;2;2020;22:00;5;76;76217;2;2;1;6;FAUBOURG DE LA BARRE (DE);49,9222079;1,0701585
22282;202000024762;18;2;2020;08:03;1;74;74012;2;3;1;1;COMBES (RUE DES);46,1828600;6,2378190
22283;202000024763;17;2;2020;13:50;1;74;74012;2;2;2;3;BEULET (RUE DU);46,1911500;6,2432790
22284;202000024764;16;2;2020;19:30;5;72;72181;2;1;2;6;Robert Jarry (Bd);47,9978000;0,1889000
22285;202000024765;11;2;2020;17:20;1;69;69256;2;2;8;3;GARIBALDI                           (AV);45,7670200;4,9326300
22286;202000024766;10;2;2020;17:25;2;69;69264;2;7;1;3;FRANS ROUTE DE;45,9840000;4,7404000
22287;202000024767;14;2;2020;20:00;5;67;67447;2;1;1;6;PRINCIPALE (RUE);48,6042314;7,7504177
22288;202000024768;10;2;2020;12:25;1;67;67447;2;3;6;-1;PIERRE MENDES FRANCE (AVENUE);48,6090450;7,7643660
22289;202000024769;18;2;2020;09:20;1;66;66136;2;1;1;2;PAYRA (JEAN);42,7019056;2,8933113
22290;202000024771;11;2;2020;11:20;1;66;66136;2;1;1;3;BOURRAT BOULEVARD JEAN;42,6992100;2,9038400
22291;202000024772;15;2;2020;10:05;1;65;65226;1;1;1;5;AVENUE DU POUEY;43,2402500;0,0202100
22292;202000024773;9;2;2020;11:15;1;65;65286;2;9;1;2;MARQUI (AVENUE ALEXANDRE);43,1021820; -0,0437460
22293;202000024774;18;2;2020;20:27;5;64;64445;2;6;1;1;MARTYRS DU PONT LONG DES;43,3389800; -0,3797900
22294;202000024775;18;2;2020;17:35;1;64;64445;2;3;1;5;ALFRED NOBEL;43,3177500; -0,3099800
22295;202000024776;17;2;2020;17:35;1;64;64129;2;1;2;-1;BAYONNE DE;43,3004300; -0,3931700
22296;202000024777;3;2;2020;20:00;5;64;64445;2;3;1;3;HENRI FAISANS;43,3005000; -0,3604000
22297;202000024778;18;2;2020;07:35;5;64;64122;2;1;1;2;LUIS MARIANO ( RUE-ROND POINT));43,4584400; -1,5473600
22298;202000024779;15;2;2020;19:15;2;64;64122;2;1;1;1;PITCHOT (RUE DE);43,4669600; -1,5385100
22299;202000024780;17;2;2020;12:17;1;64;64024;2;1;3;7;MOULIN DE BRINDOS (ROND POINT DU);43,4632400; -1,5180500
22300;202000024781;11;2;2020;17:45;2;64;64024;2;1;8;7;CINQ CANTONS (RUE DES);43,4860700; -1,5202600
22301;202000024782;11;2;2020;13:50;1;64;64024;2;1;2;2;CHASSIN (RUE DE);43,4923100; -1,5289000
22302;202000024784;15;2;2020;11:01;1;63;63113;2;1;1;2;PAULINES (AVENUE DES);45,7743900;3,0941200
22303;202000024785;15;2;2020;15:35;1;63;63113;2;5;1;-1;AURIOL (BOULEBARD VINCENT);45,7921600;3,1180000
22304;202000024786;14;2;2020;18:18;1;63;63014;2;2;1;-1;NOELLET (AVENUE JEAN);45,7522800;3,1079300
22305;202000024787;14;2;2020;09:15;1;63;63113;2;1;1;2;PELISSIER (RUE);45,7853172;3,1037927
22306;202000024788;10;2;2020;14:03;1;63;63113;2;1;6;6;REPUBLIQUE (AVENUE DE LA);45,7895449;3,1097691
22307;202000024789;25;1;2020;21:10;5;62;62386;2;2;2;3;BEUGNET (R CASIMIR);50,4464440;2,7396940
22308;202000024790;12;2;2020;16:45;1;62;62497;2;1;1;7;EGALITE (R DE L');50,4461730;3,0686850
22309;202000024791;9;2;2020;00:05;5;62;62498;2;2;1;3;MAES (AV. ALFRED );50,4272400;2,8094200
22310;202000024792;31;1;2020;23:55;5;62;62847;2;1;1;3;RUE GUY MOLLET;50,5037400;2,6673500
22311;202000024794;15;2;2020;20:30;3;59;59491;2;1;1;5;RD 169 DURRE (RUE HENRI);50,3795000;3,4950000
22312;202000024795;16;1;2020;15:45;1;59;59606;2;1;1;3;VAUBAN (AVENUE);50,3616110;3,5106670
22313;202000024796;18;2;2020;18:25;5;59;59599;2;2;1;6;TIBERGHIEN (RUE SIMON);50,7318648;3,1602216
22314;202000024798;11;2;2020;17:45;1;59;59599;2;2;1;3;MOUVAUX (RUE DE);50,6950100;3,1474300
22315;202000024799;17;2;2020;09:40;1;59;59009;2;1;1;6;JAURES JEAN RUE    N°5 AU 99;50,6625400;3,1382400
22316;202000024800;17;2;2020;08:50;1;59;59410;2;6;1;2;LECLERC BOULEVARD DU GENERAL;50,6373190;3,1013680
22317;202000024801;11;2;2020;16:25;1;59;59131;2;1;1;6;HOOGHE-PORTE;50,9944700;2,3664900
22318;202000024802;14;2;2020;09:00;1;59;59170;2;2;1;3;BARBUSSE (RUE HENRI);50,3475300;3,1249900
22319;202000024803;28;1;2020;18:15;2;58;58194;2;3;1;2;MONTOTS;46,9896000;3,1340000
22320;202000024804;16;2;2020;20:05;5;57;57672;2;1;1;6;MARCHAL (QUAI);49,3588500;6,1701800
22321;202000024807;31;1;2020;16:35;1;54;54339;2;1;2;6;DRIANT (RUE DU COLONEL);48,7080170;6,1886120
22322;202000024808;11;2;2020;12:30;1;51;51454;2;1;1;7;Avenue Jean Jaurès;49,2642821;4,0580632
22323;202000024810;5;8;2020;19:00;1;44;44068;1;1;7;3;D2;47,5214540; -2,0042820
22324;202000024811;8;9;2020;16:40;1;44;44072;1;2;1;3;La Baronnerie;47,4214240; -2,3223530
22325;202000024812;9;9;2020;13:35;1;72;72089;2;1;1;2;7 Rue de Neuvy;48,1215530; -0,0173430
22326;202000024813;8;9;2020;17:15;1;50;50178;1;2;1;4;49 Village le Tot de Bas;49,6928070; -1,4314520
22327;202000024814;9;9;2020;12:20;1;60;60440;2;2;1;3;Rue Eugène Boullenger;49,4915940;2,6297340
22328;202000024815;9;9;2020;15:40;1;64;64495;1;3;1;2;Cherchebruit;43,3237730; -1,5493190
22329;202000024816;9;10;2020;10:00;1;18;18138;1;1;1;7;D107;47,1020150;2,2488710
22330;202000024817;20;8;2020;17:30;1;18;18145;2;1;1;6;Rue de Fontbertrange;47,2280570;2,4860860
22331;202000024818;8;9;2020;16:15;1;53;53164;1;1;1;1;D244;48,4983630; -0,3320280
22332;202000024819;9;9;2020;14:30;1;53;53144;1;3;1;1;Rue des Tuileries;48,3111260; -0,4984430
22333;202000024820;9;9;2020;15:10;1;04;04202;1;1;1;1;RD 2202;43,9978827;6,7771958
22334;202000024821;8;9;2020;08:45;1;87;87066;1;1;1;2;N21;45,7198246;1,0217304
22335;202000024822;9;9;2020;06:05;5;48;48080;2;1;1;6;Quartier du Pont d'Allier;44,7354970;3,8584490
22336;202000024824;5;9;2020;17:20;1;68;68300;1;1;1;6;A36;47,7733250;7,3807530
22337;202000024825;17;8;2020;14:50;1;06;06079;1;1;1;2;Autoroute A8 PK 157.220 chaussée nord;43,5444650;6,9399100
22338;202000024827;9;9;2020;16:20;1;95;95580;1;1;1;1;Pres Moulins de Survillier;49,0846460;2,5519610
22339;202000024828;7;9;2020;17:45;1;68;68118;2;3;1;3;2 Rue du Vorbourg;47,7315590;7,4168280
22340;202000024830;9;9;2020;06:00;1;986;98613;2;1;1;3;Utufua; -13,3179705; -176,2325524
22341;202000024831;20;7;2020;02:55;3;974;97415;1;1;1;6;Route du Théâtre; -21,0393530;55,2223360
22342;202000024832;5;9;2020;13:45;1;974;97406;2;3;1;3;Rue de la République; -21,1478580;55,6159550
22343;202000024833;8;9;2020;20:30;3;971;97107;1;1;1;1;N1;16,0655890; -61,5675870
22344;202000024835;8;9;2020;22:30;3;84;84026;1;1;1;6;Ancien chemin d'ansouis;43,7573410;5,3873670
22345;202000024836;5;9;2020;15:45;1;04;04062;1;1;1;7;RD 900;44,4477940;6,7402200
22346;202000024837;7;9;2020;13:40;1;13;13086;1;1;1;3;D96;43,3549380;5,6081990
22347;202000024838;8;9;2020;11:00;1;68;68117;2;1;1;6;9 Rue du Docteur Albert Schweitzer;48,0472620;7,1767870
22348;202000024839;8;9;2020;17:59;1;67;67046;2;2;1;6;Intersection Rue du Rhin avec Rue du Luhberg;48,7652910;7,8629330
22349;202000024840;9;9;2020;07:10;2;88;88388;1;1;7;5;Route de Bains;48,1369240;6,3899980
22350;202000024841;9;9;2020;09:25;1;38;38455;1;3;1;3;Route des Gravières;45,6229710;5,3311430
22351;202000024842;8;9;2020;11:15;1;46;46102;2;1;1;6;Avenue Fernand Pezet;44,6088630;2,0295040
22352;202000024843;6;9;2020;03:00;3;44;44168;1;1;1;6;D16;47,3908420; -2,1970240
22353;202000024844;8;9;2020;10:15;1;29;29169;1;3;1;3;Chemin de Ty Hor;48,0533930; -4,1340080
22354;202000024845;8;9;2020;21:45;3;35;35088;1;2;1;3;La Houzaie;47,9755550; -1,5434180
22355;202000024846;8;9;2020;15:05;1;13;13055;2;1;1;4;A507 sens Marseille - Aubagne;43,2958400;5,4243700
22356;202000024847;8;9;2020;02:30;5;13;13207;1;1;1;6;Tunnel Prado Carénage;43,2910150;5,3657353
22357;202000024848;7;9;2020;19:00;1;13;13215;1;1;1;4;A7-Sens Lyon vers Marseille;43,3791040;5,3545570
22358;202000024850;4;9;2020;17:30;1;57;57474;1;1;1;4;Autoroute A31;49,2659400;6,1762800
22359;202000024851;8;9;2020;08:40;1;57;57582;1;1;1;2;Autoroute A31;49,2679200;6,1766600
22360;202000024852;8;9;2020;17:40;1;33;33281;1;1;1;3;ROCADE A 630;44,8537200; -0,6649900
22361;202000024853;8;9;2020;09:10;1;33;33065;1;1;1;3;ROUTE NATIONALE 230;44,8119700; -0,5218300
22362;202000024854;8;9;2020;18:10;1;94;94003;1;1;1;4;AUTOROUTE A6A;48,8115700;2,3372200
22363;202000024855;8;9;2020;18:05;1;91;91161;1;1;1;3;AUTOROUTE A126;48,7080700;2,3068800
22364;202000024856;8;9;2020;16:05;1;91;91377;1;1;1;2;AUTOROUTE A10;48,7133400;2,2776700
22365;202000024857;8;9;2020;08:10;1;91;91339;1;1;1;3;RN 104;48,6309600;2,2393200
22366;202000024858;8;9;2020;08:19;1;94;94038;1;1;1;2;AUTOROUTE A6A;48,7778000;2,3465000
22367;202000024859;8;9;2020;18:35;1;92;92050;1;1;1;2;A86;48,9071900;2,2119500
22368;202000024860;8;9;2020;17:25;1;92;92050;1;1;1;4;A14;48,8994409;2,2132296
22369;202000024861;8;9;2020;17:00;1;93;93027;1;1;1;4;AUTOROUTE A86;48,9229200;2,3801400
22370;202000024862;8;9;2020;16:00;1;93;93006;1;1;1;2;AUTOROUTE A3;48,8699200;2,4303800
22371;202000024863;8;9;2020;13:35;1;95;95527;1;1;1;7;AUTOROUTE A3;48,9971000;2,5158000
22372;202000024864;8;9;2020;09:35;1;93;93066;1;1;1;4;AUTOROUTE A86;48,9224500;2,3531600
22373;202000024865;8;9;2020;20:15;5;77;77121;1;1;1;6;A104;48,8384790;2,6646080
22374;202000024866;8;9;2020;18:00;1;94;94073;1;1;1;3;A86 INT;48,7533000;2,3757000
22375;202000024867;8;9;2020;14:00;1;93;93051;1;1;1;3;A4;48,8356700;2,5631600
22376;202000024868;8;9;2020;10:00;1;94;94028;1;1;1;4;RN406.W;48,7767125;2,4430892
22377;202000024869;8;9;2020;07:55;1;94;94028;1;1;1;7;A86 EXT;48,7860659;2,4402970
22378;202000024870;6;9;2020;18:30;5;974;97416;1;1;2;6;POUDRIERE (RUE DE LA); -21,3381400;55,4581100
22379;202000024871;7;9;2020;08:50;1;974;97411;2;1;2;1;MAHY (FRANCOIS DE); -20,8980500;55,4847500
22380;202000024872;7;9;2020;17:30;1;973;97302;2;1;1;6;FELIX EBOUE(ROCADE);4,9404179; -52,3048997
22381;202000024873;7;9;2020;12:45;1;69;69383;2;1;1;7;MARECHAL DE SAXE                    (AV);45,7542041;4,8469624
22382;202000024874;7;9;2020;08:20;1;69;69388;2;1;1;6;ETATS UNIS (DES)                    (BD);45,7288200;4,8681000
22383;202000024877;7;9;2020;16:46;1;2B;2B120;2;1;1;2;11 - RT;42,6573900;9,4414800
22384;202000024878;7;9;2020;17:40;1;971;97113;2;1;1;6;Section Port Blanc;16,2438700; -61,4617900
22385;202000024879;7;9;2020;01:48;4;91;91064;2;1;1;6;Léon MIGNOTTE (rue);48,7555400;2,2129700
22386;202000024880;6;9;2020;15:45;1;91;91109;1;1;1;7;ETAMPES (ROUTE D')    RD 207;48,4589000;2,1360700
22387;202000024881;4;9;2020;17:00;1;91;91223;2;9;1;6;LYS (RUE DES);48,4301160;2,1366930
22388;202000024882;7;9;2020;11:15;1;91;91174;2;3;7;3;MAURICE RIQUIEZ (QUAI);48,6120650;2,4877490
22389;202000024883;6;9;2020;15:23;1;87;87085;2;2;1;3;RUBEN (AVENUE ERNEST);45,8235400;1,2511500
22390;202000024884;6;9;2020;10:37;1;87;87085;2;1;1;3;VIENNE (RUE JEAN DE);45,8382800;1,1968400
22391;202000024885;2;9;2020;18:05;1;83;83123;2;1;1;6;EUROPE UNIE (AVENUE);43,1169600;5,8065200
22392;202000024886;4;9;2020;20:35;2;80;80021;2;1;1;1;JEAN RACINE (RUE);49,8640300;2,3388300
22393;202000024887;3;9;2020;13:40;1;80;80021;2;1;1;6;FRANCS MURIERS (RUE DES);49,8967700;2,3002500
22394;202000024888;3;9;2020;18:20;1;80;80021;2;1;1;5;FEDERES (BOULEVARD DES);49,8954100;2,2834200
22395;202000024889;8;9;2020;01:45;3;78;78551;1;2;1;2;RD 308;48,9394360;2,0760630
22396;202000024890;7;9;2020;16:55;1;77;77337;2;6;1;6;SALVADOR ALLENDE (BOULEVARD);48,8511200;2,6211200
22397;202000024891;5;9;2020;09:05;1;76;76540;2;3;1;3;AMIENS. RUE D';49,4401900;1,1027200
22398;202000024892;6;9;2020;04:00;5;76;76351;2;2;1;2;MARECHAL JOFFRE (RUE);49,4996000;0,1227400
22399;202000024893;6;9;2020;00:55;5;76;76351;2;2;1;7;REPUBLIQUE (COURS DE LA);49,5000000;0,1298000
22400;202000024894;6;9;2020;13:50;1;74;74012;2;6;1;3;ROMAGNY (RUE DE);46,1953670;6,2436420
22401;202000024895;3;9;2020;11:00;1;73;73008;2;3;1;3;LEPIC BOULEVARD;45,6782340;5,9046710
22402;202000024896;7;9;2020;13:50;1;72;72181;2;3;1;3;VAL DE LOIR (RUE DU);47,9727500;0,2045600
22403;202000024898;7;9;2020;07:30;2;72;72181;2;1;1;3;LIBERATION (AV DE LA) N° PAIRS 2 A 122;48,0148000;0,1756300
22404;202000024900;6;9;2020;01:10;5;69;69266;2;1;1;6;EUGENE REGUILLON     (Boulevard);45,7626000;4,8995100
22405;202000024901;4;9;2020;18:28;1;66;66136;2;1;1;3;JOFFRE (AVENUE DU MARECHAL CD 88);42,7181200;2,8872400
22406;202000024902;7;9;2020;18:37;1;64;64102;2;1;1;2;SOULT (AVENUE MARECHAL);43,4852200; -1,4935000
22407;202000024903;7;9;2020;10:41;1;63;63113;2;4;1;4;AGRICULTURE (AVENUE DE L');45,7788000;3,1264900
22408;202000024904;5;9;2020;17:49;1;63;63113;2;1;1;-1;SARDOU (RUE VICTORIEN);45,8101200;3,1231000
22409;202000024906;5;9;2020;11:55;1;56;56098;2;6;1;2;Rue Andreï Sakharov;47,7774700; -3,3442000
22410;202000024907;5;9;2020;08:25;1;56;56121;2;3;1;3;MULLER ( DU COLONEL JEAN );47,7623400; -3,3907500
22411;202000024908;7;9;2020;08:10;1;54;54578;2;1;1;6;MULLER (AVENUE PAUL);48,6586000;6,1177300
22412;202000024909;5;9;2020;20:19;2;54;54526;2;6;1;3;FRATERNITE (RUE DE LA);48,6934200;6,2119300
22413;202000024910;4;9;2020;18:55;1;51;51172;2;6;1;7;Boulevard d’Alsace Lorraine;49,2175379;4,0458165
22414;202000024911;5;9;2020;09:55;1;50;50602;2;2;1;3;NORTHEIM (AVENUE DE);49,6440000; -1,5811300
22415;202000024912;5;9;2020;04:50;3;49;49015;1;1;1;6;MEIGNANNE ROUTE DE LA;47,4993300; -0,6197300
22416;202000024913;5;9;2020;19:30;1;49;49007;2;6;1;2;CHAMBRE AUX DENIERS RUE ET CHEM;47,4657100; -0,6023900
22417;202000024914;7;9;2020;13:50;1;45;45075;2;6;1;7;Route d’Orléans;47,8916400;1,8429000
22418;202000024915;4;9;2020;09:10;1;44;44184;2;6;1;3;EUROPE (BOULEVARD DE L');47,2819900; -2,2038400
22419;202000024916;3;9;2020;17:45;1;44;44184;2;9;1;3;COMMANDIERES (CHEMIN DES);47,2878300; -2,2553400
22420;202000024917;7;9;2020;11:05;1;42;42187;2;6;1;3;Rue Pierre Dépierre;46,0316600;4,0761700
22421;202000024918;4;9;2020;22:55;5;41;41018;2;1;1;2;SAINT-JEAN (QUAI);47,5897600;1,3416400
22422;202000024919;7;9;2020;22:10;5;37;37261;2;2;1;3;TONNELLE (BOULEVARD);47,3836741;0,6682866
22423;202000024920;7;9;2020;08:17;1;37;37261;2;1;1;3;JEMMAPES (RUE);47,4182324;0,6837280
22424;202000024921;7;9;2020;18:40;1;35;35238;2;3;1;1;LORIENT (DE);48,1086500; -1,6991700
22425;202000024922;7;9;2020;18:20;1;35;35238;2;2;1;6;21 Boulevard de la Tour d'Auvergne;48,1053590; -1,6844526
22426;202000024924;31;8;2020;19:05;1;33;33063;2;3;1;6;AVE DE LA REPUBLIQUE CAUD;44,8400400; -0,6016700