;Num_Acc;jour;mois;an;hrmn;lum;dep;com;agg;int;atm;col;adr;lat;long
22427;202000024925;28;8;2020;18:55;1;33;33063;2;3;1;3;RUE DE L'ECOLE NORMALE CAUD;44,8477600; -0,6019300
22428;202000024926;7;9;2020;11:05;1;31;31555;2;1;1;1;AV DE FRONTON;43,6365000;1,4333000
22429;202000024927;5;9;2020;15:00;1;31;31555;2;1;1;3;AV ETIENNE BILLIERES;43,5966100;1,4241500
22430;202000024928;4;9;2020;18:15;1;31;31555;2;1;1;6;AV FRANCOIS COLLIGNON;43,6174000;1,4449100
22431;202000024929;4;9;2020;16:00;1;31;31555;2;1;1;2;RTE DE BAYONNE;43,6078700;1,3947900
22432;202000024930;7;9;2020;13:40;1;30;30189;1;1;1;2;POULX (ROUTE DE);43,8678300;4,4057500
22433;202000024931;7;9;2020;18:05;1;29;29232;2;6;9;6;Rue de Pont-l'Abbe;47,9913000; -4,1171900
22434;202000024932;7;9;2020;08:10;1;28;28085;1;9;7;6;EIFFEL (RUE GUSTAVE);48,4466000;1,5372000
22435;202000024933;7;9;2020;17:00;1;27;27375;2;3;1;1;PACY (ROUTE DE);49,2009600;1,1857900
22436;202000024934;7;9;2020;04:40;5;27;27375;2;6;8;6;SAINT PIERRE (ROUTE DE);49,2238000;1,1811700
22437;202000024935;7;9;2020;17:25;1;25;25056;2;1;1;3;Rue de la Grette;47,2274500;6,0081500
22438;202000024936;6;9;2020;12:30;1;17;17333;2;1;1;4;SUZAC (AVENUE DE);45,5890900; -0,9866000
22439;202000024937;7;9;2020;07:57;1;17;17274;2;1;1;-1;GRANDE RUE   RUE;46,1522190; -1,1029800
22440;202000024938;6;9;2020;10:15;1;14;14366;2;1;1;3;GUIZOT (RUE);49,1470164;0,2093851
22441;202000024939;5;9;2020;18:45;1;14;14366;2;1;1;6;PAUL CORNU ( RD48 RUE);49,1585916;0,2220029
22442;202000024940;7;9;2020;12:20;1;14;14118;2;1;1;6;CHERON (AVENUE HENRI);49,1723790; -0,3958620
22443;202000024941;5;9;2020;20:45;5;13;13054;2;9;1;6;8 MAI 1945 (AV DU );43,4109340;5,2102330
22444;202000024942;7;9;2020;16:30;1;13;13213;2;2;1;3;FRAIS VALLON (AVENUE);43,3251000;5,4233000
22445;202000024943;7;9;2020;19:05;1;13;13063;2;9;1;6;LITTORAL RUE DU;43,5741000;5,0052000
22446;202000024944;29;8;2020;23:45;5;11;11262;2;3;1;3;FABRE (RUE D'EGLANTINE);43,1808100;3,0099000
22447;202000024945;5;9;2020;15:30;1;08;08105;2;1;1;6;NIVELET E.;49,7800000;4,7000000
22448;202000024946;7;9;2020;08:09;1;06;06069;2;1;1;2;LIBERATION (AVENUE DE LA);43,6474050;6,9132620
22449;202000024947;7;9;2020;05:30;5;06;06027;2;1;1;-1;OUVEA ROND POINT DES GENDARMES D';43,6702930;7,1252670
22450;202000024948;5;9;2020;10:22;1;05;05061;2;6;1;6;FOREST D'ENTRAIS ( RUE  DU );44,5638500;6,0841400
22451;202000024949;2;9;2020;15:25;1;02;02691;2;1;1;6;SCHUMAN (AV. ROBERT);49,8590300;3,2918200
22452;202000024951;6;9;2020;18:25;1;75;75115;2;1;1;7;PORTE DE VERSAILLES;48,8304880;2,2851770
22453;202000024952;5;9;2020;15:15;1;75;75118;2;1;1;3;PORTE DE CLIGNANCOURT;48,9008150;2,3399170
22454;202000024953;5;9;2020;14:56;1;75;75113;2;1;1;3;PORTE DE GENTILLY;48,8163680;2,3444100
22455;202000024954;7;9;2020;18:20;1;75;75119;2;1;1;6;RUE RIQUET;48,8888200;2,3728470
22456;202000024955;7;9;2020;18:30;1;75;75118;2;3;8;6;BOULEVARD DE CLICHY;48,8826420;2,3369070
22457;202000024956;7;9;2020;17:15;1;75;75118;2;1;1;-1;RUE LEIBNIZ;48,8958060;2,3294090
22458;202000024957;6;9;2020;15:05;1;75;75118;2;2;1;6;BOULEVARD BARBES;48,8883510;2,3495830
22459;202000024958;7;9;2020;10:00;1;75;75117;2;7;1;3;PLACE DE CLICHY;48,8834700;2,3271600
22460;202000024959;7;9;2020;14:30;1;75;75116;2;3;1;3;AVENUE DE NEW YORK;48,8641940;2,3001280
22461;202000024960;7;9;2020;17:55;1;75;75113;2;2;1;3;BOULEVARD DE L HOPITAL;48,8331740;2,3566790
22462;202000024961;7;9;2020;11:20;1;75;75113;2;2;1;6;BOULEVARD SAINT MARCEL;48,8384190;2,3570490
22463;202000024962;7;9;2020;09:30;1;75;75112;2;1;1;3;AVENUE DE SAINT MANDE;48,8447800;2,4045080
22464;202000024963;7;9;2020;21:00;5;75;75110;2;5;1;-1;RUE DU HUIT MAI 1945;48,8761990;2,3578880
22465;202000024964;7;9;2020;18:25;1;75;75110;2;2;1;3;BOULEVARD DE MAGENTA;48,8705280;2,3611960
22466;202000024965;7;9;2020;03:27;5;75;75109;2;7;1;3;PLACE DU HAVRE;48,8755810;2,3265970
22467;202000024966;7;9;2020;19:20;1;75;75102;2;3;1;3;BOULEVARD POISSONNIERE;48,8708650;2,3467230
22468;202000024967;6;9;2020;19:50;2;75;75104;2;2;1;3;RUE MORNAY;48,8495090;2,3656250
22469;202000024968;4;9;2020;11:00;1;94;94043;2;1;1;-1;FONTAINEBLEAU (AV DE);48,8136400;2,3614400
22470;202000024969;7;9;2020;09:30;1;94;94065;1;1;1;1;JUMEAUX (VOI DES);48,7412000;2,3410660
22471;202000024970;7;9;2020;11:20;1;94;94060;2;1;1;6;MARECHAL HORTIER (AV DU);48,7904800;2,5759600
22472;202000024971;7;9;2020;18:00;1;94;94018;2;1;1;3;MARIUS DELCHER (R);48,8284700;2,3993700
22473;202000024972;7;9;2020;16:15;1;94;94018;2;1;1;5;CARRIERES (QU DES);48,8192800;2,4073500
22474;202000024973;7;9;2020;20:30;5;94;94017;2;1;1;3;STALINGRAD (BD DE);48,8170000;2,5095000
22475;202000024974;5;9;2020;02:35;3;94;94004;2;1;1;1;AV DU GENERAL LECLERC;48,7426100;2,5131100
22476;202000024975;7;9;2020;17:30;1;93;93064;2;3;1;3;KENNEDY (AVENUE DU PRESIDENT);48,8785900;2,4897200
22477;202000024976;7;9;2020;06:23;5;93;93055;2;1;1;6;GENERAL LECLERC(AVE DU)(43/87 ET 78/120);48,8969315;2,4033589
22478;202000024977;7;9;2020;15:00;1;93;93008;2;1;1;3;VAILLANT COUTURIER (AVENUE PAUL);48,9088200;2,4503900
22479;202000024978;7;9;2020;15:17;1;93;93046;2;3;1;3;CHARLES DE GAULLE AVENUE;48,9165000;2,5315500
22480;202000024979;1;9;2020;18:35;1;93;93008;2;1;1;6;VAILLANT COUTURIER (AVENUE PAUL);48,9105133;2,4422050
22481;202000024980;7;9;2020;17:00;1;93;93005;2;1;1;2;LEON JOUHAUX (RUE);48,9534431;2,4829688
22482;202000024981;7;9;2020;06:50;2;93;93001;2;3;1;3;LUCIEN LEFRANC (QUAI);48,9117400;2,3733900
22483;202000024982;7;9;2020;06:58;1;92;92048;2;1;1;3;VERDUN (AVENUE DE);48,8180810;2,2478110
22484;202000024983;5;9;2020;17:00;1;92;92036;2;3;1;3;FOSSE BLANC (RUE DU) (1/145);48,9221920;2,3061360
22485;202000024984;7;9;2020;12:50;1;92;92035;2;7;1;2;Verdun 1916 ( avenue de );48,9067100;2,2383600
22486;202000024985;7;9;2020;08:40;1;92;92036;2;1;1;-1;avenue d'Argenteuil;48,9365432;2,2596270
22487;202000024986;7;9;2020;07:40;1;92;92024;2;1;1;3;JEAN JAURES (BD) DE 47 A 109)   (56 A 14;48,9039906;2,3029822
22488;202000024988;4;9;2020;19:20;1;92;92009;2;1;1;6;CHARLES CHEFSON ( RUE );48,9197861;2,2715975
22489;202000024989;7;9;2020;07:30;1;22;22050;2;1;1;7;Rue Thiers;48,4555980; -2,0492400
22490;202000024990;8;9;2020;09:10;1;37;37074;2;2;7;2;Rue des Ecoles;47,2462871;0,1625377
22491;202000024991;5;8;2020;20:15;1;68;68249;1;1;1;6;Route des Basses Huttes;48,1175850;7,1438530
22492;202000024992;7;9;2020;14:20;1;51;51298;1;1;1;1;D18;49,0234684;3,7011711
22493;202000024993;7;9;2020;16:40;1;972;97232;2;1;1;3;N6;14,5418700; -60,8431490
22494;202000024994;15;8;2020;16:09;1;67;67179;1;1;1;7;D102;48,7072370;7,3473372
22495;202000024995;5;9;2020;20:35;2;14;14732;1;1;1;6;D153;49,3228110; -0,7236650
22496;202000024996;8;9;2020;08:10;1;77;77162;1;2;1;2;Chemin Departemental de la Ferte sous Jouarre;48,8764290;3,1920000
22497;202000024997;5;9;2020;12:20;1;51;51380;2;1;1;1;Avenue Charles de Gaulle;48,8727422;3,5336315
22498;202000024998;8;9;2020;16:00;1;56;56119;1;1;1;6;ZI de Poulvern;47,7264290; -3,0810200
22499;202000024999;7;8;2020;13:15;1;93;93057;2;1;1;2;BRIAND (AV. ARISTIDE) 2 A 132;48,9084771;2,4988487
22500;202000025000;7;8;2020;17:40;1;93;93007;2;2;1;3;AV PAUL VAILLANT COUTURIER;48,9294800;2,4807900
22501;202000025001;7;8;2020;09:30;1;93;93001;2;1;1;3;HENRI BARBUSSE (RUE) => 95/102;48,9087168;2,3905089
22502;202000025002;7;8;2020;07:45;1;93;93001;2;2;1;3;MOUTIER (RUE DU)  => 15/36;48,9152985;2,3788048
22503;202000025003;7;8;2020;11:10;1;92;92073;2;1;1;2;PONT DE SURESNES;48,8671700;2,2284400
22504;202000025004;7;8;2020;19:50;1;92;92051;2;1;1;3;BINEAU (BOULEVARD, N°133 A 217 ET 134 A;48,8924173;2,2688311
22505;202000025005;7;8;2020;03:28;5;92;92040;2;1;1;7;VOLTAIRE;48,8262216;2,2801210
22506;202000025006;21;7;2020;17:45;1;92;92025;2;1;1;7;AGENT SARRE (AV DE L');48,9240174;2,2616031
22507;202000025007;7;8;2020;19:30;1;92;92019;2;1;1;6;DE VINCI LEONARD (AVENUE);48,7659800;2,2505400
22508;202000025008;7;8;2020;19:15;1;54;54109;1;1;1;7;RN57 sens EPINAL-NANCY PK53;48,5485040;6,1969760
22509;202000025009;6;7;2020;18:25;1;87;87178;2;3;7;3;1 Chemin des Contamines;45,8871160;1,3940830
22510;202000025010;8;8;2020;02:30;4;22;22094;2;1;1;7;Rue de la Mettrie;48,5913190; -2,1473870
22511;202000025011;8;8;2020;15:20;1;76;76628;1;9;1;7;A29;49,6408840;1,0214710
22512;202000025012;8;8;2020;09:30;1;71;71543;1;1;1;5;Autoroute A6, PK 359+200, sens Paris-Lyon;46,5500708;4,9096656
22513;202000025013;7;8;2020;17:10;1;972;97220;1;1;1;1;Préfontaine;14,5122400; -60,9070550
22514;202000025014;8;8;2020;18:50;1;01;01153;1;1;1;5;D984c;46,3006500;6,0452270
22515;202000025016;7;8;2020;16:45;1;56;56078;1;2;7;3;Rue de Saint-maurice;47,7949230; -3,5089780
22516;202000025017;8;8;2020;01:00;4;74;74103;1;1;1;7;Route du Fayet;45,9098500;6,6587130
22517;202000025018;8;8;2020;10:40;1;76;76755;1;3;7;3;D926;49,6883890;0,5450730
22518;202000025019;6;8;2020;10:10;1;80;80013;2;1;1;6;2 Avenue du General Leclerc;49,9651420;1,9429120
22519;202000025021;8;8;2020;03:00;3;33;33261;2;1;1;6;Malydure;44,9679560; -0,1040480
22520;202000025022;8;8;2020;10:15;1;71;71178;2;1;1;6;Grande Rue;46,3608140;4,4822849
22521;202000025023;8;8;2020;15:15;1;89;89201;1;1;1;1;D203;47,8769736;3,6301684
22522;202000025024;29;7;2020;23:45;3;61;61402;1;1;1;6;D924;48,7150270; -0,2919530
22523;202000025026;7;8;2020;21:00;2;49;49086;1;9;1;7;la tannerie;47,2249890; -0,4229310
22524;202000025027;8;8;2020;08:15;1;42;42149;1;2;1;6;Route de Saint Etienne;45,6281110;4,2446120
22525;202000025028;7;8;2020;18:10;1;86;86148;1;1;7;5;D4;46,3627740;0,3135400
22526;202000025029;7;8;2020;20:45;2;39;39124;1;1;1;6;;46,8300210;5,4633540
22527;202000025031;6;8;2020;21:15;2;44;44014;1;1;7;2;"route Départementale 137 lieu-dit ""toufou""";47,1240490; -1,4966780
22528;202000025032;6;8;2020;01:35;3;31;31324;1;1;1;6;D817;43,1880077;0,9854821
22529;202000025033;8;8;2020;17:50;1;01;01068;1;1;1;2;Départementale 1084;46,0780830;5,4761700
22530;202000025034;7;8;2020;17:30;1;66;66049;2;1;1;2;1 Boulevard Jean Moulin;42,4896590;2,7522450
22531;202000025035;8;8;2020;18:45;2;06;06138;1;1;1;3;Avenue de la Cote d'Azur;43,4949740;6,9450650
22532;202000025036;7;8;2020;13:10;1;05;05182;1;1;1;6;D985a;44,8254310;6,1393350
22533;202000025037;8;8;2020;16:00;1;05;05068;1;3;1;3;D900b;44,4914390;6,0799880
22534;202000025038;7;8;2020;17:10;1;50;50419;1;1;1;3;D971;48,9899050; -1,4683910
22535;202000025040;3;8;2020;19:00;1;45;45200;1;2;1;6;D108 PR 13 + 150;47,7193480;2,0202180
22536;202000025042;7;8;2020;18:35;1;43;43204;1;1;1;6;RD 18;45,1799190;4,4495490
22537;202000025043;24;7;2020;16:15;1;36;36035;1;1;1;6;La Maison Neuve;46,4512375;1,2921617
22538;202000025044;7;8;2020;21:30;2;36;36069;1;1;1;6;La Bremaudiere;47,0819840;1,3258640
22539;202000025045;8;8;2020;05:15;3;16;16164;1;1;1;6;Lieu dit Les Landes;46,0705760;0,5940310
22540;202000025046;6;8;2020;11:05;1;40;40046;2;9;1;6;avenue Alphonse Daudet;44,3988270; -1,1627910
22541;202000025047;8;8;2020;07:00;1;24;24229;2;1;1;3;11 Avenue de Brive;45,1292990;1,2273250
22542;202000025048;7;8;2020;20:15;1;85;85182;2;1;1;6;53 Avenue des Moulins;46,7836340; -0,8418150
22543;202000025049;27;7;2020;15:45;1;27;27470;2;3;1;3;Grande Rue;49,3342010;1,2735930
22544;202000025051;6;8;2020;07:45;1;48;48107;1;1;1;1;D808;44,5200250;3,3057310
22545;202000025053;4;8;2020;01:00;3;33;33284;1;1;1;6;A660;44,6232200; -0,8659890
22546;202000025054;7;8;2020;17:26;1;51;51507;1;1;7;2;A4;49,0725306;4,8800390
22547;202000025055;7;8;2020;18:40;1;21;21606;1;1;1;2;A31;47,0530050;4,9022840
22548;202000025057;7;8;2020;19:50;1;45;45028;2;1;7;2;D925 PR 10 + 720;47,7808520;1,6343020
22549;202000025058;7;8;2020;19:15;1;95;95308;1;1;7;3;D927;49,0999340;2,1248460
22550;202000025060;8;8;2020;08:30;1;83;83115;1;1;1;5;D25;43,4035980;6,5792600
22551;202000025062;8;8;2020;10:25;1;26;26325;1;1;1;4;Autoroute du Soleil;45,2758300;4,8280510
22552;202000025063;7;8;2020;23:00;3;25;25009;1;1;1;6;LES PÂQUIERS;47,2573830;6,3263330
22553;202000025064;7;8;2020;17:50;1;71;71339;1;2;1;1;D25;46,3851700;4,3270200
22554;202000025066;6;8;2020;09:00;1;26;26037;1;3;1;5;Route de Crest;44,8984780;4,9407420
22555;202000025067;4;8;2020;17:15;1;69;69069;2;1;1;3;Voie Romaine;45,7506890;4,7407240
22556;202000025068;7;8;2020;15:30;1;09;09002;1;1;1;6;D625;43,0121790;1,8877600
22557;202000025069;8;8;2020;06:15;2;79;79088;2;1;1;6;Rue du Soleil Levant;46,8050750; -0,3529470
22558;202000025070;7;8;2020;17:26;1;49;49301;1;1;7;7;;47,1112320; -1,0484650
22559;202000025071;31;7;2020;17:15;1;14;14577;1;1;1;7;D35;49,2742450; -0,5804510
22560;202000025072;8;8;2020;12:30;1;29;29181;1;1;1;1;D770 - Route de Quimper;48,4707620; -4,2788480
22561;202000025073;7;8;2020;15:25;1;22;22277;1;1;1;1;le foyer;48,3635055; -2,8360193
22562;202000025075;8;8;2020;08:55;1;59;59011;2;2;7;6;Rue Roger Salengro;50,5280051;2,9333516
22563;202000025076;7;8;2020;15:55;1;13;13071;1;1;1;-1;A7-Sens Marseille vers Lyon;43,4088410;5,2867870
22564;202000025077;6;8;2020;19:10;1;13;13211;1;1;1;4;A50-Sens Aubagne vers Marseille;43,2872700;5,5039100
22565;202000025078;2;8;2020;18:02;1;13;13033;1;1;1;2;A55-Sens Martigues vers Marseille;43,3741700;5,1967400
22566;202000025079;7;8;2020;12:40;1;33;33167;1;1;1;5;ROUTE NATIONALE 230;44,8397800; -0,5014500
22567;202000025081;7;8;2020;03:45;3;78;78646;1;1;1;2;RN12;48,7898300;2,1249000
22568;202000025082;6;8;2020;19:35;5;974;97416;2;3;1;3;LEBLOND 1 (RUE MARIUS ET ARY); -21,3377500;55,4748300
22569;202000025083;6;8;2020;14:20;1;974;97416;1;1;1;7;GAGARINE (RUE YOURI); -21,3271100;55,4786400
22570;202000025084;6;8;2020;21:15;5;974;97409;2;1;1;6;ILE DE FRANCE(AVENUE); -20,9590700;55,6504000
22571;202000025085;6;8;2020;17:55;1;69;69386;2;1;1;3;GRANDE BRETAGNE (DE)                (AV);45,7752100;4,8429000
22572;202000025086;6;8;2020;11:05;1;69;69387;2;1;1;3;TONY GARNIER                        (AV);45,7266496;4,8317635
22573;202000025087;6;8;2020;08:45;1;69;69388;2;1;1;2;FRERES LUMIERE (DES)                (AV);45,7446143;4,8682845
22574;202000025088;6;8;2020;15:25;1;972;97213;2;1;1;3;ALBERT CAMUS (RUE);14,6180800; -60,9918900
22575;202000025089;6;8;2020;10:10;1;972;97213;2;1;1;4;ROUTE DEPARTEMENTALE 3;14,6294861; -60,9901428
22576;202000025090;6;8;2020;06:50;1;972;97213;2;1;2;6;BOIS CARRE (RUE DU);14,6329464; -60,9941483
22577;202000025091;6;8;2020;21:20;5;69;69286;2;9;1;1;NATIONS (DES)                       (AV);45,8212000;4,9072000
22578;202000025092;6;8;2020;13:40;1;69;69381;2;3;1;3;GENERAL GIRAUD (DU)                 (CO);45,7709254;4,8167816
22579;202000025093;6;8;2020;00:30;5;69;69389;2;1;1;6;JAYR                                (QU);45,7740150;4,8089050
22580;202000025094;6;8;2020;18:05;1;2A;2A004;2;1;1;2;SARTENE ANCIENNE ROUTE;41,9297350;8,7647565
22581;202000025095;6;8;2020;15:05;1;95;95555;2;3;1;1;LECLERC (RUE DU GENERAL);48,9662750;2,2920250
22582;202000025096;6;8;2020;20:15;1;91;91286;1;1;1;2;TUILERIES (AVENUE DES);48,6520700;2,3975600
22583;202000025097;29;7;2020;20:30;2;91;91114;2;1;1;6;BRIE (ROUTE DE);48,7072100;2,5236300
22584;202000025098;5;8;2020;23:57;5;87;87085;2;3;1;3;DUMAS (AVENUE GEORGES);45,8260300;1,2680500
22585;202000025100;5;8;2020;13:20;1;85;85194;2;2;1;3;Boulevard de Castelnau;46,4953800; -1,7766800
22586;202000025101;1;8;2020;13:45;1;83;83137;2;1;1;6;15EME CORPS (AVE DU);43,1279400;5,9171100
22587;202000025102;6;8;2020;04:50;5;76;76217;2;1;1;6;GAMBETTA (AVENUE);49,9219900;1,0732200
22588;202000025103;6;8;2020;08:00;1;72;72181;2;1;1;2;WASHINGTON GEORGES (PL);47,9952600;0,2029500
22589;202000025104;7;11;2020;22:25;1;974;97407;2;1;1;3;JACQUES DUCLOS (RUE) - RIVIERE DES GAL  ; -20,9615000;55,3170600
22590;202000025105;4;8;2020;19:30;1;72;72181;2;2;1;3;SEMARD PIERRE (RUE);47,9724400;0,2020800
22591;202000025106;7;11;2020;19:00;4;973;97302;2;6;1;3;FELIX EBOUE(ROCADE);4,9246500; -52,3232100
22592;202000025107;5;8;2020;13:25;1;71;71309;1;1;1;1;D680;46,7971762;4,3929559
22593;202000025109;6;8;2020;15:13;1;69;69266;2;2;1;3;REPUBLIQUE   (Cours de la);45,7673200;4,8738100
22594;202000025112;6;8;2020;12:45;1;69;69029;2;2;1;3;GENAS (DE)                          (RO);45,7484467;4,9176011
22595;202000025113;7;11;2020;15:45;1;972;97209;2;4;1;3;RAOUL FOLLEREAU (AVENUE);14,6117300; -61,0454300
22596;202000025114;29;7;2020;16:45;1;69;69264;2;3;1;3;MONPLAISIR;45,9937000;4,7231200
22597;202000025115;6;11;2020;13:00;1;95;95585;2;1;1;2;DIVISION LECLERC (AVENUE DE LA);48,9826250;2,3704620
22598;202000025116;3;8;2020;09:20;1;69;69091;2;3;1;3;HONORE PETETIN ( R );45,5907900;4,7732800
22599;202000025117;2;11;2020;16:25;1;91;91421;2;1;2;5;NATIONALE 6 (CES POMPIDOU);48,6936900;2,4481000
22600;202000025118;6;8;2020;13:10;1;67;67482;2;1;1;2;HOPITAL (ROUTE DE L );48,5727680;7,7503530
22601;202000025119;7;11;2020;19:30;5;91;91687;2;2;1;6;HUSSON (BOULEVARD);48,6785230;2,3822140
22602;202000025120;6;8;2020;11:40;1;67;67482;2;1;1;5;RHIN (AVENUE DU);48,5718250;7,7498658
22603;202000025121;5;8;2020;11:20;1;67;67482;2;1;1;3;PRESIDENT WILSON (BOULEVARD);48,5891000;7,7405000
22604;202000025123;3;11;2020;19:40;5;80;80001;2;1;3;6;REPUBLIQUE (de la);50,1113900;1,8369500
22605;202000025124;5;8;2020;17:20;1;66;66136;2;1;1;2;Départementale 914;42,6645100;2,9061400
22606;202000025126;7;6;2020;16:40;1;60;60464;2;2;8;3;route de la Jacquerie;49,3775990;2,4807750
22607;202000025127;4;8;2020;17:00;1;64;64024;2;2;1;3;BAB (BOULEVARD DU);43,4873530; -1,5364774
22608;202000025128;6;11;2020;20:00;5;71;71270;2;2;1;3;INTERSECTION RUE DE SOLUTRE- AV P DENAVE;46,3011769;4,8182808
22609;202000025129;7;6;2020;10:20;1;31;31022;2;1;1;3;46 Route de Fronton;43,6711270;1,4272890
22610;202000025131;6;6;2020;02:10;3;31;31189;1;1;1;6;D28;43,4310720;1,0620210
22611;202000025132;5;8;2020;03:45;3;60;60175;2;1;1;6;;49,2673000;2,4848000
22612;202000025133;7;11;2020;11:25;1;68;68376;2;1;7;3;Rue d’Ensisheim;47,8224700;7,3399500
22613;202000025134;31;7;2020;14:15;1;59;59328;1;1;1;6;LILLE RUE DE;50,6489000;3,0463400
22614;202000025135;7;6;2020;13:30;1;972;97214;2;1;1;6;Macédoine;14,8101310; -61,0726550
22615;202000025136;4;11;2020;16:45;1;62;62667;2;9;1;6;HUGUET ( Rue Auguste );50,7228080;1,5877820
22616;202000025137;5;8;2020;22:40;5;59;59574;2;1;1;6;SALENGRO ROGER(RUE);50,3716900;3,2802100
22617;202000025138;6;6;2020;19:15;5;972;97207;2;1;1;1;Lourdes;14,5726450; -60,9644810
22618;202000025139;2;8;2020;12:15;1;57;57672;2;2;1;6;GUENTRANGE (ROUTE DE) 1 A 93;49,3601800;6,1571100
22619;202000025141;7;6;2020;09:50;1;972;97227;1;1;1;2;RN5, Quartier Desert;14,4705600; -60,9468320
22620;202000025142;4;8;2020;13:25;1;56;56162;1;4;1;3;Boulevard de l'Atlantique;47,7233040; -3,4846000
22621;202000025143;7;11;2020;15:35;1;60;60057;2;2;1;3;PICARDIE (AVENUE DE);49,4430800;2,0854000
22622;202000025145;7;11;2020;18:55;5;59;59599;2;1;1;6;GAND (RUE DE);50,7333380;3,1611200
22623;202000025146;6;8;2020;10:20;1;54;54395;2;1;1;4;ARC (RUE JEANNE D' N°53 A 189-60 A 175);48,6810075;6,1751559
22624;202000025147;7;6;2020;15:55;1;58;58086;2;1;1;7;Rue du Colonel Rabier;47,4040430;2,9229300
22625;202000025148;25;10;2020;12:50;1;53;53130;2;1;3;6;GRENOUX ( RUE DE );48,0774400; -0,7898600
22626;202000025149;7;6;2020;20:10;1;83;83043;1;1;1;-1;Route des Maures;43,2307590;6,2556620
22627;202000025151;7;11;2020;16:55;1;45;45208;2;1;1;6;COCHERY (RUE ADOLPHE);48,0000000;2,7400000
22628;202000025152;4;8;2020;18:34;1;54;54116;2;3;1;2;RD400;48,5912100;6,5332600
22629;202000025153;31;5;2020;16:30;1;62;62908;1;1;7;2;N42;50,7327340;1,7242960
22630;202000025154;7;11;2020;16:25;1;37;37261;2;1;1;7;BORDIERS (RUE DES);47,4130338;0,6799159
22631;202000025155;6;8;2020;11:50;1;51;51454;2;6;1;7;Rue André Chaillot;49,2879235;4,0244312
22632;202000025156;3;6;2020;16:30;1;78;78465;2;1;1;3;12 Place des Halles;48,8388010;1,7012310
22633;202000025159;6;11;2020;21:30;3;34;34129;2;1;2;-1;MAUGUIO (ROUTE DE);43,5744520;3,9223390
22634;202000025161;6;8;2020;07:51;1;51;51454;2;1;1;2;Avenue Nationale;49,2840940;4,0101774
22635;202000025162;7;11;2020;18:05;5;33;33063;2;1;1;5;RUE DOMION CAUD;44,8567100; -0,6246400
22636;202000025163;8;6;2020;12:20;1;2B;2B077;1;1;3;5;T10;42,4732130;9,4854550
22637;202000025164;6;11;2020;12:08;1;21;21054;2;1;1;3;17 Rue Colbert;47,0259640;4,8466420
22638;202000025165;5;8;2020;19:40;1;51;51454;2;1;1;4;Boulevard Paul Doumer;49,2516759;4,0214363
22639;202000025166;7;6;2020;16:15;1;65;65107;2;1;8;7;CHEMIN DU BAYET;43,1082359; -0,0020195
22640;202000025167;7;11;2020;16:45;2;13;13214;2;1;2;6;PLOMBIERES (BOULEVARD DES);43,3177330;5,3809670
22641;202000025168;7;11;2020;16:30;2;13;13209;2;1;1;6;ROMAIN ROLLAND (BOULEVARD);43,2726680;5,4115680
22642;202000025169;5;8;2020;19:15;1;49;49328;2;1;1;3;DOLMEN (ROND-POINT DU);47,2465900; -0,0936000
22643;202000025170;7;6;2020;12:15;1;33;33071;2;1;1;1;Route de Cabara;44,8323400; -0,1768490
22644;202000025172;5;8;2020;12:30;1;49;49007;2;1;1;3;MAIL;47,4725800; -0,5574200
22645;202000025173;6;6;2020;21:20;3;63;63453;1;1;1;6;D340;45,7608723;3,2703088
22646;202000025174;6;8;2020;09:00;1;40;40088;2;1;1;6;CROIX BLANCHE (RUE DE LA);43,7058000; -1,0372900
22647;202000025175;5;8;2020;20:10;1;38;38185;2;1;1;6;Avenue la Bruyère;45,1672200;5,7406200
22648;202000025176;6;8;2020;16:30;1;37;37261;2;1;1;6;HEURTELOUP (BOULEVARD);47,3936488;0,7026999
22649;202000025177;6;8;2020;14:15;1;35;35238;2;9;1;3;BULGARIE (BD DE);48,0845000; -1,6508000
22650;202000025178;7;11;2020;17:20;5;75;75120;2;2;1;3;RUE BELGRAND;48,8647950;2,4013170
22651;202000025180;7;11;2020;21:50;5;75;75119;2;2;1;2;RUE ARCHEREAU;48,8910820;2,3737380
22652;202000025181;6;8;2020;06:40;1;34;34172;2;1;1;2;LIBERTE (AVENUE DE LA;43,6089153;3,8531937
22653;202000025183;6;8;2020;16:10;1;33;33200;2;6;1;3;RUE DE LA MORANDIERE;44,8585700; -0,6775000
22654;202000025184;6;8;2020;08:45;1;33;33167;2;1;1;6;221 Avenue Pasteur - Arrêt de Bus Rosa Park ;44,8415200; -0,5306200
22655;202000025185;6;8;2020;20:45;1;33;33009;2;1;1;7;GOELANDS (AVE DES);44,6572700; -1,1941100
22656;202000025186;5;8;2020;21:00;5;31;31555;1;1;1;5;VA007306 A64;43,5626000;1,4177000
22657;202000025187;5;8;2020;13:00;1;31;31555;2;1;1;6;RUE DES FRERES LION;43,5967000;1,4527300
22658;202000025188;7;11;2020;20:30;5;75;75110;2;3;1;6;RUE DE METZ;48,8706120;2,3549690
22659;202000025189;7;6;2020;16:55;1;46;46240;1;1;1;6;Rocamadour;44,8075638;1,6211486
22660;202000025190;6;8;2020;03:16;5;29;29039;2;1;5;7;Rue Vauban;47,8718623; -3,9160619
22661;202000025191;6;11;2020;19:10;5;75;75109;2;2;1;3;BOULEVARD HAUSSMANN;48,8723780;2,3374290
22662;202000025192;23;6;2020;14:30;1;26;26198;2;1;1;6;12 Rue Saint Gaucher;44,5602000;4,7482000