;Num_Acc;jour;mois;an;hrmn;lum;dep;com;agg;int;atm;col;adr;lat;long
22663;202000025194;7;11;2020;21:00;5;75;75101;2;1;1;7;RUE DE RIVOLI;48,8650860;2,3280230
22664;202000025195;6;6;2020;20:30;2;68;68017;1;1;2;1;D419;47,6271070;7,1759610
22665;202000025196;7;11;2020;16:10;1;93;93007;2;2;1;1;"""PAUL VAILLANT COUTURIER (AVENUE """"DU 01";48,9279294;2,4743996
22666;202000025197;30;7;2020;08:40;1;24;24145;1;9;1;2;N1021 (rocade RN21-D660);44,8562100;0,5372400
22667;202000025198;3;6;2020;12:10;1;31;31045;1;6;2;3;Rn125;43,0281340;0,6110070
22668;202000025199;7;6;2020;06:11;2;38;38100;1;1;3;6;D78a;45,3822700;6,0035000
22669;202000025200;7;11;2020;18:10;5;92;92073;2;3;1;2;ROOSVELT (AVENUE FRANKLIN);48,8742058;2,2211385
22670;202000025201;29;7;2020;17:20;1;22;22278;2;6;1;2;ABERYSTWYTH (RD-PT);48,4980000; -2,7529800
22671;202000025202;8;6;2020;17:15;1;72;72248;2;1;1;-1;Impasse des Coemonts;47,8376170;0,4313290
22672;202000025204;5;6;2020;02:45;3;14;14621;1;1;8;6;D272;49,0531986;0,3435943
22673;202000025205;7;11;2020;10:30;1;92;92023;2;1;1;7;JEAN JAURES (AVENUE) N°57 A 259 ET 64 A;48,8103835;2,2696653
22674;202000025206;5;8;2020;19:30;1;22;22187;1;2;7;3;ROSAIRES  AVE;48,5562900; -2,7648900
22675;202000025207;7;11;2020;00:10;5;92;92019;2;1;1;7;SALENGRO ROGER (RUE);48,7740345;2,2769229
22676;202000025208;8;6;2020;07:10;1;64;64448;1;6;1;6;D817 - PR 40;43,3464200; -0,4775870
22677;202000025209;6;8;2020;10:31;1;17;17415;2;3;1;3;JOURDAN AVENUE;45,7453130; -0,6134780
22678;202000025210;6;11;2020;13:40;1;35;35120;1;1;1;3;La Justice;48,2123680; -1,7669180
22679;202000025211;7;6;2020;17:30;1;43;43132;1;1;1;1;Le Treuil;45,1077340;3,5205710
22680;202000025212;6;8;2020;18:18;1;17;17306;2;2;1;3;ROCHEFORT (DE)  (AVENUE);45,6314400; -1,0296900
22681;202000025213;8;6;2020;12:19;1;10;10051;1;3;1;1;Rue de l'Hotel de Ville;48,1862470;4,0056480
22682;202000025214;7;11;2020;09:45;1;95;95487;2;1;1;6;77 Avenue Gaston Vermeire;49,1517310;2,2748620
22683;202000025215;7;8;2020;00:00;5;13;13212;2;2;1;3;COMTESSE (BOULEVARD DE LA);43,3151320;5,4474040
22684;202000025216;8;11;2020;08:50;1;45;45239;1;1;1;7;Le Bois des Noues ;47,8925720;2,6318480
22685;202000025217;7;8;2020;00:50;5;13;13208;2;1;1;7;JOSEPH VIDAL (AVENUE);43,2528000;5,3800000
22686;202000025218;6;8;2020;19:50;1;13;13203;2;1;1;6;HOCHE (RUE);43,3091400;5,3748400
22687;202000025219;7;6;2020;14:15;1;21;21646;1;5;1;3;D16;47,3811120;4,7727010
22688;202000025220;7;11;2020;21:15;3;34;34199;2;6;1;-1;A75;43,4442840;3,4171450
22689;202000025221;6;8;2020;14:45;1;13;13208;2;1;1;3;PRADO (AVENUE DU);43,2686170;5,3853190
22690;202000025222;20;5;2020;19:00;1;40;40022;1;2;1;1;D2;43,6697570; -0,3319340
22691;202000025223;7;11;2020;18:35;5;30;30141;2;1;2;7;Rue de Boulogne;44,1006800;4,6486760
22692;202000025224;5;8;2020;16:20;1;13;13204;2;3;1;1;MARX DORMOY (RUE);43,3009300;5,3963570
22693;202000025225;7;11;2020;19:45;3;51;51535;1;1;1;3;N4;48,7201995;3,7649363
22694;202000025226;7;6;2020;17:55;1;04;04081;1;1;1;4;RD 315;43,7608820;5,9556410
22695;202000025227;6;8;2020;19:35;1;13;13028;2;3;1;3;CROZET (AVENUE LOUIS );43,1770260;5,6023840
22696;202000025228;7;6;2020;18:40;1;85;85234;2;3;1;2;120 Rue des Sables;46,7900200; -2,0370200
22697;202000025229;5;8;2020;12:55;1;12;12202;2;1;1;1;GARE (RUE DE LA);44,3614900;2,5803600
22698;202000025230;7;6;2020;17:45;1;85;85297;2;9;1;6;Rue des Anciens Combattants;46,3932330; -1,2013510
22699;202000025231;8;11;2020;14:55;1;55;55124;2;2;1;3;D964;49,2875070;5,2869730
22700;202000025232;6;8;2020;22:00;5;12;12145;2;3;1;3;PONT LEROUGE (AVENUE DU);44,0934252;3,0747739
22701;202000025233;7;11;2020;20:10;3;34;34051;1;1;1;6;D2;43,6048520;3,4779020
22702;202000025234;8;11;2020;19:30;5;25;25127;2;1;1;1;6 Place de l'Hotel de Ville;47,2130680;6,8240390
22703;202000025235;8;6;2020;17:55;1;27;27174;1;1;1;1;Avenue Robert Planquette;49,3450097;0,5791920
22704;202000025236;5;8;2020;09:55;1;11;11069;2;1;1;6;Avenue du Président Franklin Roosevelt ;43,2248200;2,3334000
22705;202000025237;5;8;2020;19:13;1;10;10060;2;1;1;1;CHASSE ST MARTIN (RUE);48,2569300;4,0953100
22706;202000025238;7;6;2020;10:45;1;17;17101;1;1;1;4;rd  121;45,9845280; -0,3410050
22707;202000025239;4;11;2020;20:00;5;31;31135;2;1;1;3;Rue du Docteur Vaillant;43,2045110;1,0777440
22708;202000025240;5;8;2020;18:17;1;10;10387;2;6;1;3;WOOD ET WEST (RUE);48,3000000;4,0833300
22709;202000025241;5;8;2020;07:30;1;09;09122;2;1;1;6;20 (R.N.) COTE NORD DU TUNNEL;43,0041240;1,6140690
22710;202000025242;5;8;2020;12:30;1;04;04112;2;6;1;3;RP av Jean Moulin / av des Savels;43,8271800;5,7813700
22711;202000025243;5;6;2020;16:00;1;17;17024;1;1;2;7;Chante Oiseau;46,0493630; -0,3703810
22712;202000025244;8;11;2020;03:15;3;31;31375;1;1;1;6;La Terrasse;43,1917980;1,2203350
22713;202000025247;6;11;2020;13:15;1;58;58204;1;1;1;1;Champaudon;47,0769380;3,2538420
22714;202000025248;6;8;2020;16:00;1;75;75106;2;7;1;3;PLACE SAINT MICHEL;48,8537540;2,3442810
22715;202000025249;8;11;2020;11:30;1;83;83135;1;1;2;2;D554;43,5853980;6,0151810
22716;202000025250;6;8;2020;13:29;1;75;75118;2;2;7;1;RUE CUSTINE;48,8888160;2,3465700
22717;202000025251;8;11;2020;02:10;5;45;45015;2;1;1;6;Route de Boissy le Girard;48,2749070;2,1312870
22718;202000025252;6;8;2020;17:55;1;75;75117;2;1;1;3;RUE DE ROME;48,8865260;2,3157890
22719;202000025253;7;11;2020;22:45;3;18;18140;1;1;1;6;D75;47,1632030;1,9792900
22720;202000025254;5;8;2020;23:35;5;75;75113;2;2;1;3;BOULEVARD MASSENA;48,8240390;2,3770070
22721;202000025255;6;8;2020;10:25;1;75;75112;2;1;1;6;RUE VILLIOT;48,8411050;2,3744220
22722;202000025256;6;8;2020;14:25;1;75;75111;2;1;1;6;RUE MORAND;48,8694330;2,3758240
22723;202000025257;8;11;2020;16:30;1;10;10316;1;1;1;6;départementale 441;48,5272070;3,9998820
22724;202000025258;7;6;2020;14:15;1;88;88182;2;1;8;1;12 Route de Beulay;48,2960210;7,0682000
22725;202000025259;6;8;2020;10:15;1;75;75111;2;4;1;6;BOULEVARD VOLTAIRE;48,8650530;2,3679650
22726;202000025260;6;8;2020;20:10;1;75;75110;2;1;1;3;RUE DE L AQUEDUC;48,8833780;2,3660450
22727;202000025261;6;8;2020;08:10;1;75;75107;2;1;1;6;PORT DES INVALIDES;48,8631350;2,3143150
22728;202000025262;6;8;2020;11:40;1;75;75104;2;2;1;7;PONT AU CHANGE;48,8572370;2,3471100
22729;202000025263;7;6;2020;15:25;1;18;18005;1;1;1;7;A71;47,1739600;2,1788790
22730;202000025264;6;8;2020;21:30;5;94;94017;2;1;1;2;REPUBLIQUE (AV DE LA);48,8226600;2,5105130
22731;202000025265;8;6;2020;09:47;1;01;01089;2;1;1;2;550 Rue Jean Mermoz;45,9767450;5,3186490
22732;202000025266;7;11;2020;08:55;1;07;07031;1;9;1;3;;44,3685190;4,2051750
22733;202000025267;6;8;2020;17:40;1;94;94004;2;2;1;3;SABLONS (R DES);48,7630000;2,4997200
22734;202000025268;7;11;2020;15:30;1;30;30008;1;1;8;6;D7;44,1870180;4,2354490
22735;202000025269;8;11;2020;13:15;1;71;71063;2;3;1;3;15 Route d'Autun;46,8669992;4,2948166
22736;202000025270;7;11;2020;17:40;2;69;69241;1;3;1;2;3080 Route de Ravel;45,6265700;4,7218900
22737;202000025271;6;8;2020;12:20;1;93;93078;2;2;1;3;NATIONS (AVENUE DES);48,9727021;2,5123300
22738;202000025272;8;11;2020;10:15;1;33;33262;1;2;7;1;Avenue de la Liberation;44,9939020; -0,6104120
22739;202000025273;6;8;2020;18:00;1;93;93078;2;1;1;3;VAILLANT-COUTURIER (AVENUE PAUL);48,9572974;2,5341371
22740;202000025274;6;8;2020;09:30;1;93;93048;2;1;1;3;BD CHANZY;48,8584600;2,4328400
22741;202000025275;5;6;2020;20:00;1;76;76484;1;1;1;6;A139;49,3527490;1,0335730
22742;202000025276;18;10;2020;20:20;3;56;56023;1;1;1;6;Rue du Manoir;47,7149710; -3,0165280
22743;202000025277;6;8;2020;20:00;1;93;93071;2;3;1;6;ROGER LE MANER (RUE);48,9379059;2,5297649
22744;202000025278;6;8;2020;16:00;1;93;93046;2;1;1;4;LUCIE AUBRAC AVENUE;48,9309567;2,5463044
22745;202000025279;6;8;2020;07:55;1;93;93032;2;1;7;6;AV JEAN JAURES;48,8828000;2,5261000
22746;202000025280;6;8;2020;11:15;1;93;93057;2;3;1;3;JAURES (AV. JEAN) 1 A 123;48,9058588;2,5007444
22747;202000025281;5;8;2020;06:30;2;93;93008;2;1;1;2;VAILLANT COUTURIER (AVENUE PAUL);48,9086348;2,4509953
22748;202000025282;6;8;2020;17:25;1;93;93005;2;1;1;2;JULES PRINCET [CD115] (RUE);48,9369000;2,4976300
22749;202000025283;5;8;2020;22:25;1;92;92072;2;1;1;3;VERDUN (AVENUE) (PAIRS 2 A 38);48,8115605;2,2112507
22750;202000025284;4;6;2020;17:10;1;974;97402;2;3;1;3;Rue des Letchis; -21,0012390;55,6804330
22751;202000025285;6;8;2020;17:00;1;92;92051;2;1;1;2;CHARLES DE GAULLE (AVENUE, N° 18 A 116);48,8800852;2,2749735
22752;202000025286;8;11;2020;11:45;1;80;80467;1;1;1;7;A1;49,6742660;2,7716020
22753;202000025287;4;6;2020;19:00;5;973;97305;1;1;1;3;N1;4,9323800; -52,4006010
22754;202000025288;5;8;2020;11:39;1;92;92049;2;2;1;3;ARNOUX AVENUE MAURICE AUTRES N°;48,8106920;2,3078974
22755;202000025289;7;8;2020;00:15;3;50;50496;1;1;1;6;Chemin d'Obrey;48,7222120; -1,5124870
22756;202000025290;2;8;2020;18:00;2;43;43073;1;1;1;6;lieu dit gris;45,3371090;3,6467960
22757;202000025291;8;6;2020;15:25;1;95;95446;1;4;1;3;ROUTE DE PONTOISE;49,1263660;2,1712840
22758;202000025292;7;8;2020;07:20;2;43;43110;1;6;7;3;Rond point de Lamothe;45,3033880;3,4070490
22759;202000025293;8;6;2020;18:15;1;95;95008;1;1;1;1;D983;49,0714280;1,7806980
22760;202000025294;29;10;2020;09:20;1;13;13071;1;1;1;7;A7-Sens Lyon vers Marseille;43,4056900;5,3216800
22761;202000025295;6;8;2020;19:11;1;05;05093;2;1;1;3;Roubion;45,0175620;6,6321270
22762;202000025296;4;6;2020;17:25;1;78;78503;2;9;1;1;11 Route Nationale 15;49,0724040;1,5148770
22763;202000025297;8;6;2020;00:20;5;2B;2B042;1;1;8;6;T11;42,5869800;9,4395290
22764;202000025298;7;11;2020;22:55;3;33;33122;1;1;2;6;AUTOROUTE A 63;44,7395900; -0,7126400
22765;202000025299;8;6;2020;08:10;1;30;30156;2;2;1;3;Av de Paris Charles de Gaulle;43,8633910;4,4446780
22766;202000025301;7;11;2020;10:00;1;92;92036;1;1;1;6;AUTOROUTE A15;48,9378879;2,2976661
22767;202000025303;7;11;2020;07:00;3;93;93005;1;1;1;7;AUTOROUTE A3;48,9631778;2,4743679
22768;202000025305;6;11;2020;15:45;1;988;98818;2;2;1;3;RUE GEORGES CLEMENCEAURUE AUGUSTE BRUN; -22,2767000;166,4421500
22769;202000025307;31;10;2020;20:40;5;987;98736;2;9;1;3;CHARLES DE GAULLE (AV); -17,5254450; -149,5412530
22770;202000025308;8;6;2020;14:30;1;79;79049;2;1;1;2;56 Boulevard de Poitiers;46,8389240; -0,4849620
22771;202000025309;7;6;2020;13:30;1;17;17225;2;1;1;1;Zoo de la Palmyre;45,6838480; -1,1638210
22772;202000025310;6;11;2020;07:00;2;973;97302;2;6;1;3;BADUEL (ROND POINT DE);4,9332500; -52,3095900
22773;202000025311;7;6;2020;17:45;1;86;86242;1;1;1;6;Chemin communal la Gouinerie;46,2227880;0,3866830
22774;202000025312;6;11;2020;17:50;4;69;69259;2;1;1;2;YVES FARGE                          (R );45,7023800;4,8791800
22775;202000025313;7;6;2020;23:00;3;76;76473;1;2;1;2;D490;49,4861150;0,7574790
22776;202000025314;6;11;2020;08:05;1;972;97213;2;1;1;6;PLACE D'ARMES;14,6150000; -60,9940000
22777;202000025315;6;6;2020;11:30;1;13;13211;1;1;1;5;A50-Sens Marseille vers Aubagne;43,2872874;5,4387107
22778;202000025316;6;11;2020;08:05;1;972;97209;2;9;1;3;SIMON BOLIVAR (RUE);14,6090700; -61,0687700
22779;202000025317;7;6;2020;01:36;3;91;91340;1;1;1;2;AUTOROUTE A6;48,5998000;2,4395500
22780;202000025318;5;11;2020;15:40;1;972;97209;2;1;1;5;Bretelle sortie A1;14,6145300; -61,0503600
22781;202000025319;7;6;2020;19:10;1;95;95277;1;1;1;2; A3;48,9697100;2,4811500
22782;202000025320;4;11;2020;08:15;1;972;97209;2;1;1;2;BISHOP (Avenue Maurice);14,6038000; -61,0617000
22783;202000025321;23;2;2020;04:30;5;06;06123;2;9;1;6;BORD DE MER RN 98;43,6583000;7,1862000
22784;202000025322;6;11;2020;16:45;1;69;69381;2;1;1;6;ST SEBASTIEN                        (MO);45,7715500;4,8356800
22785;202000025323;6;11;2020;06:45;2;69;69081;2;1;1;2;VALVERT                                 ;45,7667800;4,7813500
22786;202000025324;17;2;2020;11:50;1;27;27229;2;1;1;6;PASTEUR (BOULEVARD);49,0282000;1,1601000
22787;202000025325;6;11;2020;16:03;1;2B;2B120;1;1;1;1;CANALE (Chemin de);42,6500000;9,4167000
22788;202000025326;5;11;2020;07:00;2;2B;2B033;2;1;1;3;LECLERC - ROND POINT;42,6660600;9,4393100
22789;202000025327;6;6;2020;18:35;1;69;69383;2;3;1;3;COMMANDANT DUBOIS (DU)              (R );45,7600200;4,8429900
22790;202000025328;5;11;2020;16:50;2;971;97107;2;1;1;1;GALBAS (CHEMIN DES );16,0481400; -61,5701200
22791;202000025329;6;11;2020;16:18;1;95;95680;2;1;1;6;ERABLES (AVENUE DES);49,0011014;2,3982972
22792;202000025330;5;6;2020;22:30;5;972;97213;1;3;1;3;AEROPORT (ROND POINT DE L');14,5952000; -60,9831000
22793;202000025331;6;11;2020;20:15;5;95;95555;2;1;1;2;PASTEUR (BOULEVARD);48,9670200;2,2743600
22794;202000025332;3;11;2020;17:35;2;87;87085;2;1;1;-1;BEL AIR (BOULEVARD DE);45,8181000;1,2522700
22795;202000025334;6;11;2020;17:00;1;85;85191;2;6;1;3;POMPIDOU RUE GEORGES;46,6709800; -1,4182900
22796;202000025335;6;6;2020;11:10;1;69;69149;2;1;8;3;GRANDE RUE                          (GR);45,7126721;4,8038271
22797;202000025336;6;6;2020;09:59;1;69;69382;2;1;1;6;BARRE (DE LA)                       (R );45,7576655;4,8352128
22798;202000025337;5;11;2020;14:25;1;84;84080;2;1;1;3;CARPENTRAS ROUTE DE;44,0391100;5,0167200
22799;202000025338;6;6;2020;18:55;5;971;97113;2;9;2;7;GRAND BAIE ( RN4);16,2214200; -61,5220100
22800;202000025339;5;11;2020;09:30;1;80;80021;2;1;1;3;IRLANDE (AVENUE D');49,8708600;2,2951200
22801;202000025340;6;6;2020;10:30;1;971;97113;1;1;3;3;RN4 - SECTION RIVIERA;16,2188705; -61,5023951
22802;202000025341;4;11;2020;09:10;1;80;80021;2;1;1;3;EUROPE (AVENUE DE L');49,9226000;2,3034100
22803;202000025344;5;6;2020;17:15;1;971;97113;1;1;1;1;SECTION PLIANE;16,2171600; -61,4613900
22804;202000025345;6;11;2020;07:40;1;76;76540;2;1;1;3;NEUFCHATEL. ROUTE DE;49,4530300;1,0986600
22805;202000025346;6;6;2020;15:20;1;2A;2A004;2;2;1;-1;NAPOLEON COURS APRES BEVERINI;41,9249500;8,7380355
22806;202000025347;6;6;2020;09:50;1;95;95426;2;1;1;6;PARIS (ROUTE DE);49,0115900;2,2857300
22807;202000025348;5;11;2020;21:00;5;76;76351;2;2;1;3;MARECHAL JOFFRE (RUE);49,4989310;0,1198750
22808;202000025349;6;11;2020;12:10;1;74;74010;2;1;1;3;RHONE (AVENUE DU);45,8979690;6,1155360
22809;202000025350;6;6;2020;14:40;1;91;91174;2;1;1;6;strathkelvin (avenue de );48,6201270;2,4620680
22810;202000025351;6;6;2020;19:15;2;81;81004;2;1;1;3;FONTANELLE (LIEU DIT);43,9434100;2,1366700
22811;202000025353;6;6;2020;23:25;3;67;67462;1;1;2;7;RD1083;48,2380926;7,4252026
22812;202000025354;5;11;2020;15:52;1;68;68066;1;1;1;3;BALE ( ROUTE DE);48,0498490;7,3679650
22813;202000025355;6;6;2020;09:45;1;64;64483;1;3;2;3;ERROMARDIE (CHEMIN D');43,4064900; -1,6413600
22814;202000025356;6;11;2020;11:30;1;67;67482;2;1;1;3;SCHWEIGHAEUSER (RUE);48,5875831;7,7673290
22815;202000025357;4;11;2020;15:15;1;67;67482;2;1;1;6;MITTELHAUSBERGEN (ROUTE DE);48,5986171;7,7137147
22816;202000025358;7;6;2020;23:10;5;64;64445;2;2;3;3;HAUTERIVE;43,3248000; -0,3573000
22817;202000025359;31;10;2020;21:15;5;67;67180;2;2;1;3;COLONEL JEAN DE BENOIST (RUE DU);48,8075349;7,7925647
22818;202000025360;2;6;2020;09:10;1;62;62753;2;6;1;6;RD 260;50,2928010;2,7932310
22819;202000025361;5;11;2020;16:47;1;66;66136;2;1;1;6;PERVENCHES (AVENUE DES);42,7013600;2,9047600
22820;202000025362;6;6;2020;16:45;1;54;54547;2;6;1;2;LECLERC (AV DU GENERAL) 292 A FIN ET 227;48,6667246;6,1662005
22821;202000025363;6;11;2020;18:00;3;64;64445;1;1;1;3;HENRI FAISANS;43,3001375; -0,3610571
22822;202000025364;6;11;2020;08:45;1;64;64445;2;2;1;3;JEAN GENEZE;43,3193200; -0,3712100
22823;202000025366;3;11;2020;07:25;2;64;64445;2;1;3;6;JEAN MERMOZ;43,3123910; -0,3774130
22824;202000025368;6;6;2020;17:30;1;38;38185;2;1;1;3;Avenue Jean Perrot;45,1676200;5,7415100
22825;202000025369;6;6;2020;20:50;1;35;35238;2;9;1;3;HAUTES-OURMES (BD DES);48,0874000; -1,6464000
22826;202000025370;6;6;2020;14:20;1;35;35238;2;1;1;3;ISLY (RUE D');48,1056100; -1,6775300
22827;202000025371;6;11;2020;10:20;1;64;64102;2;6;8;2;PONTOTS (GIRATOIRE LES);43,4884800; -1,4913000
22828;202000025372;4;11;2020;18:25;5;64;64024;2;1;1;7;BAYONNE (AVENUE DE);43,4810800; -1,5116100
22829;202000025373;6;6;2020;15:00;1;33;33009;2;2;1;6;HERICART DE THURY (CRS);44,6607400; -1,1661300
22830;202000025374;5;11;2020;07:52;5;63;63113;2;1;1;3;ORADOU (RUE DE L');45,7678940;3,1187687
22831;202000025375;6;6;2020;08:45;1;28;28110;1;9;1;1;VOVES (RUE DE) (D29);48,4147300;1,5053900
22832;202000025376;3;11;2020;08:40;1;59;59569;2;1;1;6;VERDUN (RUE DE);50,3630000;3,1143900
22833;202000025377;7;6;2020;00:15;5;17;17300;2;1;1;1;GRASSET   AVENUE EDMOND (61-85B);46,1633800; -1,1672900
22834;202000025379;5;11;2020;07:40;2;56;56083;2;4;1;2;PASTEUR ( AVENUE );47,8052800; -3,2869800
22835;202000025380;6;6;2020;11:30;1;17;17200;2;6;1;2;MOISY   AVENUE DU RECTEUR PIERR;46,1735700; -1,1677600
22836;202000025381;6;6;2020;09:40;1;15;15014;2;1;2;6;BLUM (RUE LEON);44,9109050;2,4340150
22837;202000025382;6;11;2020;20:30;5;54;54395;2;3;1;2;FOUCAULD (RUE CHARLES DE);48,7020377;6,1824839
22838;202000025383;5;11;2020;15:45;1;54;54184;2;2;7;3;BRIGACHTAL (AVENUE DE);48,7007680;6,2245599
22839;202000025384;5;11;2020;13:50;1;50;50129;2;1;1;6;BOUGAINVILLE (RUE DE);49,6403500; -1,6436500
22840;202000025385;6;11;2020;12:10;1;49;49328;2;6;1;1;CARROUSEL (ROND-POINT DU);47,2656900; -0,0945100
22841;202000025386;6;6;2020;10:25;1;14;14242;2;3;8;3;GRACE DE DIEU (RUE DE LA );49,2202400; -0,3711000
22842;202000025387;6;11;2020;09:28;1;49;49007;2;1;1;2;ROI RENE BOULEVARD;47,4689900; -0,5594900
22843;202000025388;2;6;2020;23:30;5;14;14118;2;1;1;6;VENDEUVRE (QUAI);49,1830600; -0,3558900
22844;202000025389;6;11;2020;16:40;1;44;44109;2;2;1;3;RUE ROMAIN ROLLAND;47,2054066; -1,6065769
22845;202000025390;6;6;2020;22:30;5;13;13209;2;1;1;6;MORGIOU (chemin de );43,2217300;5,4242500
22846;202000025391;6;11;2020;15:30;1;38;38185;2;2;1;1;Rue des Eaux Claires;45,1750000;5,7085900
22847;202000025392;6;6;2020;22:00;5;13;13213;2;1;1;6;CROIX ROUGE (AVENUE);43,3333800;5,4398000
22848;202000025393;6;11;2020;20:15;5;35;35238;2;1;1;3;ARMORIQUE (BD D');48,1312900; -1,6732700
22849;202000025394;6;6;2020;18:00;1;13;13203;2;1;1;6;NATIONAL (BOULEVARD);43,3084600;5,3809900
22850;202000025395;6;6;2020;08:40;1;13;13203;2;2;7;6;PLOMBIERES (BOULEVARD DES);43,3148300;5,3892800
22851;202000025396;6;6;2020;02:15;5;13;13203;2;1;1;2;FÉLIX PYAT (RUE);43,3207000;5,3747000
22852;202000025397;6;6;2020;22:10;2;11;11069;2;9;1;2;DAUMIER HONORE;43,2115315;2,3316319
22853;202000025398;6;11;2020;19:45;3;35;35238;2;2;1;3;PORTUGAL (BD DU);48,0837180; -1,6748200
22854;202000025399;6;6;2020;06:18;2;09;09122;2;1;1;6;CROS (cours Irénée);42,9669260;1,6088770
22855;202000025400;6;11;2020;12:30;1;35;35238;2;9;1;3;NITSCH (CARREFOUR GEORGES);48,1017900; -1,6842000
22856;202000025401;6;11;2020;08:35;1;35;35238;2;9;1;3;ALMA (DE L');48,1016000; -1,6764400
22857;202000025402;3;11;2020;12:50;1;33;33063;2;2;1;3;RUE JUDAIQUE;44,8407900; -0,5922600
22858;202000025403;6;6;2020;23:45;5;06;06123;2;9;1;3;FAHNESTOCK G. CORNICHE;43,6700000;7,1800000
22859;202000025404;6;6;2020;18:17;1;05;05023;2;1;1;6;ALPHAND (RUE);44,8955600;6,6345600
22860;202000025405;22;10;2020;19:13;3;33;33063;2;2;2;1;AVE ALSACE LORRAINE CAUD;44,8465700; -0,6052200
22861;202000025406;3;6;2020;08:25;1;75;75116;2;1;1;2;ECHANGEUR MUETTE;48,8657670;2,2680760
22862;202000025407;20;10;2020;15:50;1;33;33522;2;8;2;1;CRS DE LA LIBERATION;44,8079000; -0,5915000
22863;202000025408;3;6;2020;08:40;1;75;75116;2;1;1;3;PORTE MAILLOT;48,8752280;2,2765120
22864;202000025409;6;11;2020;13:16;1;31;31557;2;1;1;3;NEOUVIELLE (RUE DU);43,5795500;1,3149900
22865;202000025410;5;11;2020;17:20;2;30;30007;2;1;1;6;GRAMME (RUE);44,1406900;4,1045000
22866;202000025412;6;11;2020;08:30;1;28;28085;2;3;1;6;FOCH (BOULEVARD DU MARECHAL);48,4487200;1,4926100
22867;202000025413;6;6;2020;17:11;1;75;75119;2;2;1;6;RUE DE BELLEVILLE;48,8728680;2,3798480
22868;202000025414;6;6;2020;13:00;1;75;75119;2;1;1;2;RUE DE CRIMEE;48,8784150;2,3908240
22869;202000025415;7;10;2020;16:20;1;27;27229;2;1;1;6;QUATORZE JUILLET (BOULEVARD);49,0149650;1,1700000
22870;202000025416;6;6;2020;18:05;1;75;75118;2;2;1;-1;RUE MARX DORMOY;48,8902290;2,3599840
22871;202000025417;2;11;2020;18:55;5;14;14118;2;1;2;3;MONTALIVET (COURS);49,1794400; -0,3381100
22872;202000025418;6;11;2020;10:15;1;13;13019;2;9;1;1;CD6;43,4212130;5,3673156
22873;202000025419;5;6;2020;20:45;2;75;75118;2;5;1;6;RUE DU POTEAU;48,8972300;2,3379670
22874;202000025420;1;8;2020;02:10;5;13;13215;2;1;1;1;SAINT JOSEPH A SAINT ANTOINE (CHEMIN DE);43,3592912;5,3648633
22875;202000025421;6;11;2020;13:00;1;13;13215;2;1;1;6;CAP PINEDE (Avenue);43,3281640;5,3637920
22876;202000025422;6;11;2020;13:30;1;13;13203;2;2;1;3;PARIS (BOULEVARD DE);43,3072800;5,3718300
22877;202000025423;6;6;2020;20:10;1;75;75118;2;3;1;3;AVENUE DE CLICHY;48,8853050;2,3266070
22878;202000025424;6;6;2020;22:30;5;75;75112;2;1;1;6;AVENUE DU DOCTEUR ARNOLD NETTER;48,8467720;2,4061570
22879;202000025425;5;11;2020;09:05;1;13;13205;2;3;1;3;SAINT PIERRE (RUE);43,2915773;5,4100156
22880;202000025426;4;10;2020;22:15;3;14;14120;1;1;3;6;Loterot;49,0770290; -0,7851040
22881;202000025427;6;6;2020;19:30;1;75;75112;2;2;1;3;RUE LOUIS BRAILLE;48,8397080;2,4025120
22882;202000025428;5;11;2020;13:00;1;10;10387;2;2;1;3;PIERRE BROSSOLETTE (RUE);48,2870000;4,0771000
22883;202000025429;5;10;2020;08:45;1;07;07055;2;1;8;3;Avenue de Provence;44,8622150;4,8344830
22884;202000025430;6;11;2020;08:05;1;06;06069;2;1;1;2;POISSONNIERS (CHEMIN DES);43,6545620;6,9388990
22885;202000025431;30;9;2020;07:10;5;40;40261;2;6;8;2;Route de Dax;43,6875730; -1,2293260
22886;202000025432;3;6;2020;18:15;1;75;75112;2;2;1;3;RUE JOSEPH KESSEL;48,8349089;2,3846374
22887;202000025433;6;11;2020;15:15;1;06;06027;2;9;1;2;GRASSE AVENUE DE;43,6601000;7,1307380
22888;202000025435;2;10;2020;22:20;3;24;24422;1;1;3;1;D4;45,0097200;0,5241250
22889;202000025436;6;11;2020;08:02;1;75;75116;2;1;1;6;ECHANGEUR AUTEUIL;48,8497940;2,2526410
22890;202000025437;5;10;2020;09:55;1;04;04209;2;1;1;6;RD 53 (11 Av Paul Arène);44,1952780;5,9426500
22891;202000025438;6;11;2020;17:05;2;75;75120;2;1;1;3;RUE DES PYRENEES;48,8587140;2,4026660
22892;202000025439;6;6;2020;15:05;1;75;75111;2;1;1;3;AVENUE PHILIPPE AUGUSTE;48,8513450;2,3940950
22893;202000025440;6;6;2020;17:00;1;75;75104;2;3;1;6;RUE DE RIVOLI;48,8552230;2,3611070
22894;202000025441;4;10;2020;13:15;1;04;04122;1;1;1;3;RN 85;44,0410980;6,0707620
22895;202000025442;6;6;2020;10:15;1;75;75104;2;2;1;7;QUAI DE GESVRES;48,8560460;2,3507040
22896;202000025443;26;9;2020;20:50;5;17;17337;2;1;1;3;291 Rue de la Couarde;45,9683740; -1,2912820
22897;202000025444;6;11;2020;16:30;1;75;75120;2;2;1;6;RUE DE BELLEVILLE;48,8754630;2,3979220