;Num_Acc;jour;mois;an;hrmn;lum;dep;com;agg;int;atm;col;adr;lat;long
22898;202000025445;3;10;2020;18:37;1;37;37226;1;1;2;6;Les Archambaults;47,1012150;0,6006455
22899;202000025447;6;11;2020;18:30;2;75;75119;2;1;1;6;SOUTERRAIN VILLETTE CHAUMONT;48,8874110;2,3961990
22900;202000025448;5;10;2020;08:45;1;52;52060;1;1;2;3;D460;47,9347000;5,7663550
22901;202000025449;6;11;2020;12:40;1;75;75119;2;3;1;6;AVENUE JEAN JAURES;48,8884690;2,3919480
22902;202000025450;6;6;2020;09:45;1;94;94059;2;2;1;3;JEAN KIFFER (AV);48,8068500;2,5710200
22903;202000025451;5;10;2020;16:30;1;08;08038;1;1;1;7;D26;49,4888690;4,2419240
22904;202000025452;6;11;2020;10:25;1;75;75119;2;1;1;3;AVENUE JEAN JAURES;48,8864750;2,3843080
22905;202000025454;4;10;2020;21:30;5;88;88327;2;2;1;3;Rue de Lorraine;48,3088320;6,3805840
22906;202000025455;6;11;2020;13:40;1;75;75110;2;3;1;3;QUAI DE VALMY;48,8792400;2,3667440
22907;202000025456;2;10;2020;17:00;1;67;67340;2;3;8;6;Place du Couvent;48,9426220;7,6112830
22908;202000025457;2;10;2020;15:15;1;49;49101;1;1;1;1;d138;47,6251120; -0,0430870
22909;202000025458;6;11;2020;10:35;1;75;75103;2;4;1;7;RUE DE TURBIGO;48,8668030;2,3619930
22910;202000025459;6;6;2020;13:45;1;92;92024;2;4;8;3;MARTRE (RUE) DE (111 A 119)   (122 A 144;48,9075900;2,3014200
22911;202000025460;6;6;2020;12:00;1;92;92051;2;1;1;2;Avenue Charles de Gaulle;48,8818900;2,2687201
22912;202000025461;5;11;2020;20:00;5;75;75104;2;2;1;3;PONT NOTRE DAME;48,8556550;2,3483300
22913;202000025462;21;9;2020;17:40;1;973;97309;2;1;1;3;D'1 (rd1);4,8939830; -52,2581760
22914;202000025463;6;6;2020;16:37;1;92;92035;2;1;1;6;Sartoris ( rue );48,9075083;2,2464406
22915;202000025464;6;11;2020;18:05;5;94;94081;2;3;1;3;GABRIEL PERI (R);48,7920900;2,4016000
22916;202000025465;4;10;2020;21:00;5;06;06085;2;1;2;6;Chemin de Carimail;43,5754980;6,9893270
22917;202000025466;6;11;2020;16:00;1;94;94046;2;2;1;3;Avenue de la République;48,8096500;2,4546700
22918;202000025467;30;9;2020;22:50;3;68;68135;1;1;1;6;Bretelle autoroute A35;47,5895660;7,5473930
22919;202000025468;7;6;2020;00:10;3;49;49163;1;2;1;3;la crilousière;47,6056130; -0,2685860
22920;202000025469;6;11;2020;18:20;5;94;94011;2;1;1;4;RHIN ET DANUBE(RUE DU);48,7684400;2,4884400
22921;202000025470;1;10;2020;21:15;3;33;33527;1;1;2;2;A660;44,6115800; -1,0207900
22922;202000025471;6;11;2020;13:30;1;94;94011;2;9;1;7;MOULIN BATEAU.(RUE DU);48,7808480;2,5051190
22923;202000025472;7;6;2020;11:55;1;67;67317;1;1;2;7;D697;48,3037010;7,3471610
22924;202000025473;4;10;2020;16:50;1;64;64102;1;1;3;7;A63;43,4886110; -1,4491810
22925;202000025474;5;11;2020;12:35;1;94;94022;2;1;1;3;VINGT CINQ AOUT 1944 (AV DU);48,7624000;2,4021000
22926;202000025475;17;2;2020;08:45;1;62;62645;2;1;7;6;Route du Pont d'Oye;50,9771830;2,0395540
22927;202000025476;4;10;2020;19:10;2;22;22062;1;1;8;7;N164 PK21+0500;48,1963450; -2,5018400
22928;202000025478;6;6;2020;04:20;3;27;27278;1;1;8;6;D59;48,9011109;1,4286168
22929;202000025479;3;11;2020;14:40;1;94;94017;2;2;1;3;MARX DORMOY (AV);48,8063260;2,5300530
22930;202000025481;2;10;2020;11:15;1;987;98747;2;1;1;3;ROUTE DE TARAVAO; -17,7342430; -149,3028740
22931;202000025482;6;11;2020;17:00;2;93;93073;2;1;1;1;AV DE LA SOMME;48,9394200;2,5924800
22932;202000025483;5;6;2020;16:30;1;38;38332;1;2;1;3;Chemin des Bruyéres;45,3360210;5,5088440
22933;202000025484;5;10;2020;18:15;1;33;33203;1;3;1;6;Route de Carcans;45,1274110; -1,0453400
22934;202000025485;5;11;2020;10:45;1;93;93066;2;9;1;1;LIBERATION RD14 (BOULEVARD);48,9280701;2,3412906
22935;202000025486;6;11;2020;09:15;1;93;93033;2;6;1;6;Place Franklin Roosevelt;48,8615400;2,5792700
22936;202000025487;4;10;2020;20:50;3;34;34289;1;1;8;1;D18;43,3868600;3,3840790
22937;202000025488;6;6;2020;16:10;1;971;97132;1;1;2;3;N1;15,9882710; -61,6183020
22938;202000025489;6;11;2020;11:50;1;93;93048;2;1;1;6;BD CHANZY;48,8582800;2,4349300
22939;202000025490;5;10;2020;07:45;1;89;89257;2;1;2;6;6 Rue Claude Debussy;47,9691700;3,5047350
22940;202000025492;6;11;2020;14:40;1;93;93074;2;1;1;6;R DE MEAUX;48,9349800;2,5683100
22941;202000025493;4;10;2020;13:15;1;26;26168;1;1;2;5;D1075;44,7145760;5,6767560
22942;202000025494;6;11;2020;14:10;1;93;93014;2;9;1;6;MAURICE AUDIN (ALLEE);48,9086214;2,5428425
22943;202000025495;4;10;2020;18:45;2;07;07217;1;1;8;1;RD534;45,0485398;4,7478365
22944;202000025496;5;11;2020;13:30;1;93;93007;2;9;1;7;PASTEUR (AVENUE);48,9416201;2,4685339
22945;202000025497;4;10;2020;18:35;1;49;49023;2;2;1;3;Avenue de l’Europe (beaupréau);47,2035345; -0,9981948
22946;202000025498;6;11;2020;16:30;1;93;93001;2;9;1;3;REPUBLIQUE (AVE DE LA ) DE 52 A 104;48,9122500;2,3840400
22947;202000025499;3;10;2020;11:25;1;60;60103;2;1;1;3;Rue du General de Gaulle;49,4091060;2,2510760
22948;202000025500;7;6;2020;14:00;1;67;67377;2;3;1;1;D1420;48,4216644;7,1837034
22949;202000025501;6;6;2020;17:00;1;76;76488;1;1;6;7;Rue de Maldestour;49,7839000;0,5923000
22950;202000025502;5;10;2020;13:00;1;59;59256;2;1;1;2;rue du chemin vert;50,5751761;3,1352140
22951;202000025503;5;6;2020;18:15;1;2A;2A209;2;4;1;3;T20;42,0102197;8,8672424
22952;202000025507;3;10;2020;03:20;3;13;13005;1;1;2;6;A50 - Sens Aubagne vers Marseille;43,2899460;5,5542290
22953;202000025508;6;11;2020;16:45;2;92;92026;2;1;1;2;SAINT-DENIS BD (120 A 174 / DE 199 A 315;48,8998940;2,2683730
22954;202000025509;2;10;2020;10:00;1;67;67218;1;1;1;4;R.N. 353;48,4964893;7,7502751
22955;202000025510;7;6;2020;13:30;1;32;32107;1;1;1;6;D7;43,9508260;0,4039730
22956;202000025511;7;6;2020;11:15;1;49;49279;1;1;1;7;22 Lieu Dit la Roche;47,3650340; -0,2969420
22957;202000025513;4;10;2020;22:04;3;91;91064;1;1;2;6;RN 118;48,7489900;2,2189000
22958;202000025514;7;6;2020;06:20;1;38;38015;1;1;2;7;Route du Revollet;45,5365810;5,1344780
22959;202000025516;4;10;2020;06:55;3;91;91687;1;1;1;2;AUTOROUTE A6;48,6611000;2,3701000
22960;202000025517;4;10;2020;17:00;1;92;92050;1;1;8;6;A14;48,8926795;2,2348100
22961;202000025518;6;11;2020;15:30;1;92;92012;2;6;1;2;RHIN ET DANUBE (ROND POINT);48,8408087;2,2281647
22962;202000025519;6;11;2020;11:00;1;92;92012;2;1;1;6;PARIS (RUE DE) 97BIS/FIN - 116/FIN;48,8415640;2,2338470
22963;202000025520;7;6;2020;12:15;1;03;03250;1;1;1;1;Lieu Dit la Croix Goyard;46,1850064;3,7899722
22964;202000025521;4;10;2020;20:30;5;93;93066;1;1;1;5;AUTOROUTE A1;48,9138803;2,3579979
22965;202000025522;5;11;2020;20:30;3;86;86034;1;1;1;7;D727;46,3524300;0,6031920
22966;202000025523;6;6;2020;19:40;1;70;70477;1;1;3;6;D9;47,5621060;6,6097030
22967;202000025524;4;10;2020;20:35;4;93;93006;1;1;2;3;AUTOROUTE A3;48,8689637;2,4289177
22968;202000025525;7;11;2020;11:40;1;26;26323;1;2;1;6;Route du Patas;45,0695500;5,1455980
22969;202000025526;4;10;2020;14:55;1;93;93053;1;1;1;7;AUTOROUTE A86;48,9007432;2,4692922
22970;202000025527;4;10;2020;04:35;5;93;93008;1;1;1;6;AUTOROUTE A86;48,9187510;2,4284666
22971;202000025528;4;10;2020;23:30;4;94;94073;1;1;2;6;A86 INT;48,7698600;2,3803600
22972;202000025529;3;10;2020;22:20;5;974;97411;2;3;1;6;JACQUES (SAINT); -20,8830300;55,4590600
22973;202000025530;6;6;2020;18:00;1;70;70248;1;1;3;2;4 Rue de Champagney;47,6722370;6,7385029
22974;202000025531;7;6;2020;08:10;1;09;09139;1;1;2;6;Pic de Querfour et Autres;42,5809730;1,7947840
22975;202000025532;7;11;2020;04:45;3;16;16340;2;1;1;6;Lieu dit les journaux;45,6487902; -0,1364065
22976;202000025535;3;6;2020;08:45;1;43;43190;1;3;1;1;D150;45,0520640;3,9518850
22977;202000025536;2;10;2020;17:00;1;974;97407;1;6;1;2;ROUTE NATIONALE N° 1; -20,9562000;55,3114300
22978;202000025537;6;6;2020;15:56;1;04;04144;1;1;1;7;RD 952;43,7799560;6,2804890
22979;202000025538;7;6;2020;06:20;2;27;27389;1;1;1;7;7 Route de Louviers;49,1509748;0,9753875
22980;202000025540;7;6;2020;17:20;1;17;17378;1;3;1;1;Lieu dit Le crut;45,2627670; -0,2103500
22981;202000025541;3;10;2020;12:50;1;69;69388;2;1;6;6;EUROPE (DE L')                      (AV);45,7403500;4,8591400
22982;202000025542;6;6;2020;17:20;1;80;80021;1;1;1;6;A16;49,9223967;2,2457553
22983;202000025543;30;10;2020;06:30;2;33;33505;1;3;1;3;Route de Fauquey;44,7721480; -0,3221060
22984;202000025544;29;10;2020;18:00;3;11;11042;1;1;2;6;D610;43,2105560;2,5852200
22985;202000025545;7;11;2020;16:15;2;12;12076;1;1;2;7;La carrière;44,5513520;2,4247200
22986;202000025546;3;10;2020;15:05;1;69;69286;2;1;1;2;ROUTE DE STRASBOURG D 483           (RO);45,8211000;4,8982600
22987;202000025547;5;11;2020;17:30;1;31;31528;2;2;1;3;D5;43,2378290;0,7399140
22988;202000025548;3;10;2020;09:20;1;95;95539;2;1;1;4;PARIS   (RUE DE);49,0000275;2,3556373
22989;202000025550;2;10;2020;12:30;1;91;91687;2;9;2;2;GENERAL DE GAULLE (AVENUE DU);48,6739800;2,3878200
22990;202000025551;6;11;2020;20:25;3;50;50511;1;1;1;6;D.25;49,5322870; -1,3708130
22991;202000025552;4;11;2020;18:20;3;36;36158;1;1;8;6;;46,5319410;1,5906570
22992;202000025553;7;6;2020;07:30;2;978;97801;1;1;1;6;mont vernon RN7;18,0779630; -63,0290510
22993;202000025554;7;11;2020;15:55;1;85;85121;1;3;2;1;D30;46,4546900; -0,9327700
22994;202000025555;7;11;2020;00:01;3;27;27679;1;1;5;7;Avenue du Général Leclerc;48,7488320;0,9366920
22995;202000025556;7;11;2020;10:30;1;978;97801;2;9;1;1;Chemin de la Savane;18,0989070; -63,0641520
22996;202000025558;2;10;2020;19:10;2;91;91027;2;2;2;3;BARBUSSE (RUE HENRI);48,7007400;2,3620900
22997;202000025559;6;11;2020;19:45;3;53;53054;1;1;1;2;A81;48,1060560; -0,8360340
22998;202000025560;2;10;2020;17:50;1;83;83090;2;1;1;4;RDN8;43,1377300;5,8505100
22999;202000025561;6;11;2020;22:25;5;971;97128;2;1;1;3;Avenue Hegesippe Ibene;16,2238020; -61,3873740
23000;202000025562;6;11;2020;17:45;3;978;97801;2;1;1;2;95 rue Lady Fish;18,0594560; -63,1005930
23001;202000025563;4;10;2020;00:45;5;83;83126;2;1;1;6;Ytzhak RABIN - D63;43,1152000;5,8729000
23002;202000025564;6;11;2020;17:40;2;77;77060;2;1;1;7;9 rue des roches;48,2876460;2,4304350
23003;202000025566;2;10;2020;18:30;1;81;81033;1;1;2;1;GUIGNERETTE ( COTE DE LA );44,0419130;2,1240990
23004;202000025567;6;6;2020;18:50;1;74;74159;2;3;2;1;423 Route de Saxel;45,9915320;6,6233930
23005;202000025568;3;10;2020;12:25;1;78;78133;2;3;1;3;VIEUX CHEMIN DE MANTES;48,9100300;2,0390700
23006;202000025569;7;11;2020;09:15;1;91;91495;1;1;1;1;D191;48,4526100;2,0105090
23007;202000025570;6;6;2020;16:20;1;976;97606;2;1;1;6;CC5 Village de MrAMADOUDOU; -12,9275130;45,1535940
23008;202000025571;2;10;2020;11:50;1;78;78350;2;1;2;2;VERSAILLES (ROUTE DE);48,8555800;2,1073900
23009;202000025572;2;11;2020;10:00;1;33;33056;2;2;1;3;1 Rue de Belair;44,9410180; -0,6325780
23010;202000025573;6;6;2020;14:00;1;83;83023;1;1;1;-1;A8;43,4198870;6,0181900
23011;202000025574;3;10;2020;13:25;1;78;78440;2;1;8;6;PAUL RAOULT (AVENUE);48,9894180;1,9132810
23012;202000025575;6;6;2020;14:25;1;77;77431;1;9;1;6;A6;48,2878173;2,6886704
23013;202000025576;2;10;2020;20:00;3;76;76095;2;1;2;5;RN 28 (ROUTE DE NEUFCHATEL);49,4575200;1,1080900
23014;202000025577;6;6;2020;11:10;1;51;51312;1;1;1;7;Chemin du Champ la forge;49,0165864;4,3011139
23015;202000025578;3;10;2020;14:30;1;64;64545;2;1;3;3;PAUL GELOS (RUE);43,3761100; -1,6766600
23016;202000025579;6;6;2020;12:40;1;18;18207;2;1;1;5;90 Rue Roger Salengro;46,9843760;2,2442220
23017;202000025580;3;10;2020;20:50;5;64;64102;2;6;2;2;GRENET (AVENUE HENRI);43,5019800; -1,4786100
23018;202000025581;6;6;2020;19:00;1;2A;2A300;2;1;1;1;D559;41,6550442;9,2805245
23019;202000025582;29;9;2020;20:30;3;62;62178;1;1;1;-1;D 188;50,4939910;2,5802690
23020;202000025583;6;6;2020;12:20;1;2A;2A247;2;1;1;1;Avenue Georges Pompidou;41,5964820;9,2798160
23021;202000025585;6;6;2020;11:25;1;34;34024;1;3;1;5;D600;43,4674660;3,6912780
23022;202000025586;7;11;2020;06:30;3;60;60542;1;1;5;3;route nationale 31;49,4136944;2,1872675
23023;202000025587;3;10;2020;13:00;1;54;54395;2;1;1;2;HAUSSONVILLE (BD D');48,6712060;6,1665100
23024;202000025588;7;11;2020;13:50;1;59;59075;1;1;1;1;D45;50,1468630;3,4224990
23025;202000025589;3;10;2020;23:00;5;51;51454;2;6;2;7;Boulevard du Val de Vesle;49,2248998;4,0965612
23026;202000025590;6;11;2020;15:25;1;13;13071;1;1;1;2;A7-Sens Marseille vers Lyon;43,4080300;5,2884000
23027;202000025591;3;10;2020;14:50;1;51;51454;2;3;1;6;Avenue General Bonaparte;49,2314825;4,0066265
23028;202000025593;6;6;2020;21:30;5;84;84141;2;1;1;2;Avenue Alphonse Daudet;43,9738740;4,9069400
23029;202000025594;6;11;2020;00:20;3;91;91286;1;1;1;6;AUTOROUTE A6;48,6573000;2,3771000
23030;202000025595;3;10;2020;13:25;1;51;51454;2;1;1;2;Quai du Pré aux Moines;49,2331553;4,0481442
23031;202000025597;3;10;2020;03:50;5;51;51454;2;7;2;7;Place Colin;49,2503802;4,0200839
23032;202000025598;7;6;2020;06:20;2;38;38405;1;1;3;7;D520;45,3733160;5,6957510
23033;202000025599;2;10;2020;10:50;1;51;51172;2;9;3;7;Rue des Laps;49,2148491;4,0464841
23034;202000025600;2;10;2020;17:45;1;45;45285;2;1;2;6;Avenue Pierre Mendes France;47,9026600;1,8607700
23035;202000025601;2;10;2020;17:40;1;45;45284;2;2;2;4;Avenue de Verdun - rue du petit bois;47,9193257;1,9835406
23036;202000025602;6;6;2020;16:45;1;33;33016;1;1;1;6;2705 Route de Cubzac;44,9423300; -0,4394600
23037;202000025603;3;10;2020;14:30;1;37;37261;2;1;2;4;RN 76 - Route de St Avertin;47,3651375;0,7108677
23038;202000025604;7;6;2020;05:00;2;85;85151;1;1;1;6;La Goujonnière;46,9761370; -0,8922260
23039;202000025605;3;10;2020;15:40;1;37;37233;2;1;3;2;DUCLOS (AVENUE JACQUES);47,3777429;0,7167473
23040;202000025606;6;6;2020;22:30;5;14;14762;2;1;1;6;8 Rue de Normandie;48,8521190; -0,8780396
23041;202000025607;3;10;2020;12:10;1;37;37261;2;2;1;-1;HALLES (RUE DES);47,3936839;0,6861343
23042;202000025608;7;6;2020;15:30;1;27;27400;2;1;1;3;2 Rue de Pacy;48,9615569;1,4084708
23043;202000025609;6;6;2020;20:45;2;80;80399;1;1;1;7;Rue de la Vallée;49,8774950;2,1547677
23044;202000025610;3;10;2020;15:05;1;35;35238;2;2;1;3;ROCHESTER (AVENUE DE);48,1283679; -1,6642134
23045;202000025611;4;10;2020;00:35;3;30;30189;2;1;1;2;MONTPELLIER (ROUTE DE);43,8020700;4,3188300
23046;202000025612;6;6;2020;15:00;1;13;13216;1;1;1;7;A55-Sens Martigues vers Marseille;43,3467000;5,3451000
23047;202000025613;6;6;2020;13:55;1;91;91570;1;1;1;2;RN 104;48,6249000;2,2975000
23048;202000025614;3;10;2020;02:20;5;30;30189;2;2;2;-1;TRIAIRE SERGENT (BOULEVARD);43,8284000;4,3599000
23049;202000025615;6;6;2020;00:40;3;78;78217;1;1;1;6;A13;48,9635300;1,8301100
23050;202000025616;3;10;2020;10:40;1;29;29232;1;1;2;6;D785 - Boulevard de Poulguinan;47,9799100; -4,1210400
23051;202000025617;2;10;2020;18:40;1;29;29019;2;1;6;6;Rue de Quimper;48,3981700; -4,4391500
23052;202000025618;5;6;2020;19:25;1;93;93063;1;1;2;3;AUTOROUTE A3;48,8741800;2,4381500
23053;202000025619;2;10;2020;17:24;1;29;29019;2;1;6;6;25 Rue Victor Hugo;48,3913446; -4,4800267
23054;202000025620;6;6;2020;08:00;1;95;95277;1;1;1;6; A104;48,9719500;2,4856300
23055;202000025621;2;10;2020;13:30;1;29;29019;2;6;6;-1;Rampe d'accès au Port;48,3829982; -4,4879160
23056;202000025622;5;6;2020;23:25;3;93;93078;1;1;1;2;AUTOROUTE A104;48,9717100;2,4973200
23057;202000025623;2;10;2020;18:00;2;25;25056;2;1;2;4;DOLE RUE DE (sup 200);47,2180470;5,9446330
23058;202000025624;29;2;2020;17:55;1;91;91228;2;1;2;6;YERRES (BD);48,6198800;2,4274960
23059;202000025625;3;10;2020;11:35;1;17;17306;2;1;3;6;KERIMEL DE KERVENO (ES.FM));45,6237800; -1,0267000
23060;202000025626;3;10;2020;19:00;1;14;14118;2;3;1;2;DELIVRANDE (RUE DE LA);49,2050000; -0,3616000
23061;202000025628;3;10;2020;13:55;1;14;14437;2;1;1;1;RD N° 613;49,1629000; -0,3032500
23062;202000025629;3;7;2020;19:20;1;13;13210;2;1;1;3;GASTON BERGER  (RUE);43,2704400;5,4143600
23063;202000025630;6;6;2020;04:00;5;988;98818;2;2;1;3;RUE DE LA REPUBLIQUE/AVENUE DU MARECHAL FOCH; -22,2686600;166,4423300
23064;202000025631;3;10;2020;13:20;1;13;13211;2;2;1;4;SABLIERE (ROUTE DE LA);43,2931456;5,4799945
23065;202000025632;6;6;2020;04:35;5;988;98818;2;1;1;6;ANSE-VATA (ROUTE DE L'); -22,2887800;166,4480000
23066;202000025633;3;10;2020;12:30;1;13;13206;2;1;1;3;BAILLE (BOULEVARD);43,2886100;5,3937500
23067;202000025634;6;6;2020;01:39;5;988;98818;2;1;1;6;PROMENADE ROGER LAROQUE; -22,3033200;166,4348100
23068;202000025635;2;10;2020;21:40;5;13;13075;2;1;2;7;L'ENJOLRAS (AVE DE);43,3400760;5,4562720
23069;202000025636;3;10;2020;16:20;1;13;13047;1;1;1;6;RD 569;43,5501811;4,9734700
23070;202000025637;5;6;2020;21:50;3;974;97416;2;1;8;6;ANCIENNE RN 1; -21,3145000;55,4396000
23071;202000025638;3;10;2020;18:14;1;10;10387;2;6;3;3;GEORGES POMPIDOU (RUE);48,2880410;4,0814160
23072;202000025640;5;6;2020;10:20;1;973;97302;2;2;1;-1;EBOUE (ROCADE FELIX);4,9310222; -52,3132789
23073;202000025641;2;10;2020;21:40;5;07;07340;2;4;3;6;RD 104;44,7293800;4,5684900
23074;202000025642;5;6;2020;07:45;1;69;69387;2;2;8;3;GERLAND (DE)                        (R );45,7368200;4,8397500
23075;202000025644;5;6;2020;10:45;1;972;97209;2;2;1;2;ABBE LAVIGNE (AVENUE);14,6122800; -61,0716700
23076;202000025645;5;6;2020;16:30;1;91;91589;2;1;1;2;JENNER (RUE);48,6889200;2,3403600
23077;202000025646;4;6;2020;11:30;1;91;91339;1;1;2;3;RN 20;48,6242000;2,2613800
23078;202000025647;3;10;2020;10:25;1;07;07102;1;6;8;7;BEAUCAIRE (AVENUE DE);44,9241060;4,8569290
23079;202000025648;3;10;2020;06:40;5;75;75112;2;1;1;6;ROUTE DE LA TOURELLE;48,8203440;2,4476780
23080;202000025649;4;6;2020;08:40;1;88;88160;2;4;1;1;ROUX (RUE DU PROFESSEUR-);48,1837100;6,4378600
23081;202000025650;2;10;2020;08:31;1;75;75107;2;3;1;1;AVENUE DE LA MOTTE PICQUET;48,8560440;2,3081210
23082;202000025651;5;6;2020;13:43;1;87;87085;2;1;1;3;CRUVEILHER (RUE);45,8362700;1,2582200
23083;202000025652;2;10;2020;09:23;1;75;75120;2;3;2;-1;RUE DE BELLEVILLE;48,8734000;2,3826080
23084;202000025653;2;6;2020;23:01;5;87;87085;2;1;1;5;PRESSEMANE  (RUE ADRIEN);45,8347700;1,2696900
23085;202000025656;3;10;2020;17:30;1;75;75116;2;2;1;3;BOULEVARD LANNES;48,8686760;2,2733590
23086;202000025657;5;6;2020;08:35;1;80;80632;2;1;1;3;Bernard RISBOURG;49,8767400;2,2555000
23087;202000025658;3;10;2020;12:07;1;75;75116;2;7;1;-1;PLACE CHARLES DE GAULLE;48,8737240;2,2940880
23088;202000025659;4;6;2020;11:20;1;78;78358;2;3;1;3;GENERAL DE GAULLE (AVENUE DU );48,9435700;2,1307000
23089;202000025660;3;10;2020;03:40;3;75;75116;2;4;8;2;ROUTE D AUTEUIL AUX LACS;48,8522360;2,2541930
23090;202000025661;4;6;2020;19:50;1;78;78220;1;1;2;5;RN 10;48,7268400;1,8939700
23091;202000025662;2;10;2020;08:30;1;75;75116;2;1;3;3;ALLEE DU BORD DE L EAU;48,8644850;2,2304860
23092;202000025663;5;6;2020;15:00;1;76;76217;2;1;1;6;BOURSE (ARCADES DE LA);49,9267600;1,0794700
23093;202000025664;3;10;2020;12:10;1;75;75114;2;3;1;3;AVENUE DU GENERAL LECLERC;48,8246950;2,3260640
23094;202000025666;3;10;2020;18:00;1;75;75112;2;1;1;6;AVENUE DE SAINT MANDE;48,8447870;2,4045020
23095;202000025667;4;6;2020;17:50;1;72;72181;2;1;1;6;SCHUMAN ROBERT ( BD);47,9911500;0,2292700
23096;202000025668;3;10;2020;14:00;1;75;75112;2;1;1;5;QUAI DE BERCY;48,8344650;2,3815830
23097;202000025669;4;6;2020;08:45;1;71;71306;2;1;1;7;;46,6706970;4,3433936
23098;202000025670;3;10;2020;00:56;5;75;75111;2;2;2;-1;RUE DE LA ROQUETTE;48,8585370;2,3837020
23099;202000025671;31;5;2020;14:30;1;71;71105;1;2;1;3;BIOUX (ROUTE DE);46,3032713;4,8068529
23100;202000025672;3;10;2020;00:05;5;75;75111;2;2;2;1;RUE DU FAUBOURG SAINT ANTOINE;48,8496880;2,3873220
23101;202000025673;3;10;2020;15:45;1;75;75103;2;3;1;6;RUE DU PARC ROYAL;48,8583350;2,3638540
23102;202000025674;5;6;2020;00:08;5;69;69266;2;1;2;1;RAYMOND POINCARE    (Pont);45,7852600;4,8602000
23103;202000025675;3;10;2020;14:18;1;75;75103;2;3;8;-1;PLACE DE LA REPUBLIQUE;48,8673300;2,3633290
23104;202000025676;3;6;2020;12:45;2;69;69264;2;1;3;6;SAVIGNY JEAN-MICHEL;45,9821800;4,7151200
23105;202000025677;2;10;2020;20:45;5;75;75101;2;3;2;3;RUE DU LOUVRE;48,8630460;2,3418770
23106;202000025678;3;10;2020;17:05;1;94;94081;2;6;1;3;PRESIDENT SALVADOR ALLENDE (AV DU);48,7962500;2,4164800
23107;202000025679;3;10;2020;10:20;1;94;94046;2;1;1;2;GENERAL LECLERC - CAR DE LA RESISTANCE (;48,8109400;2,4318300
23108;202000025680;3;6;2020;05:33;1;68;68297;2;3;7;3;PAIX ( RUE DE LA );47,5792700;7,5720400
23109;202000025682;4;6;2020;13:00;1;67;67482;2;1;8;3;COLMAR (AVENUE DE);48,5687500;7,7530900
23110;202000025683;3;10;2020;10:50;1;94;94076;2;1;1;3;PARIS (AV DE);48,8011000;2,3652000
23111;202000025684;4;6;2020;00:40;5;67;67482;2;1;1;6;SELESTAT (RUE DE);48,5648100;7,7653500
23112;202000025685;3;10;2020;14:40;1;94;94041;2;1;1;6;GEORGES GOSNAT (AV);48,8114000;2,3844700
23113;202000025686;3;10;2020;13:40;1;94;94071;2;1;1;5;VILLENEUVE (R DE);48,7656480;2,5100120
23114;202000025688;3;10;2020;05:00;5;93;93077;2;2;1;3;R DE LA FOSSE AUX BERGERS / RTE DE NOISY;48,8832000;2,4971400
23115;202000025689;3;10;2020;16:55;1;93;93051;2;2;1;3;RU DE NESLE (BOULEVARD);48,8484500;2,5784400
23116;202000025690;3;10;2020;16:15;1;93;93050;2;3;1;3;PAUL ET CAMILLE THOMOUX (RUE) COTE PAIR;48,8594276;2,5308775
23117;202000025691;2;10;2020;09:41;1;93;93048;2;2;3;3;RAPATEL (RUE);48,8549900;2,4429900
23118;202000025693;3;10;2020;17:40;1;92;92051;2;1;8;3;BINEAU (BOULEVARD, N°133 A 217 ET 134 A;48,8894236;2,2728825
23119;202000025694;2;10;2020;12:07;1;92;92050;2;1;1;3;JOLIOT CURIE F. ET IRENE AVENUE  N°PAIRS;48,8879375;2,2017074
23120;202000025695;3;10;2020;14:33;1;92;92020;2;9;1;6;PARIS AVENUE DE N°84 A FIN;48,8068680;2,2933470
23121;202000025696;3;10;2020;00:05;5;92;92049;2;1;2;7;ARNOUX AVENUE MAURICE AUTRES N°;48,8159500;2,3113300
23122;202000025697;3;10;2020;11:54;1;92;92025;2;2;1;6;STALINGRAD (AV DE);48,9287895;2,2688798
23123;202000025698;3;10;2020;03:00;5;92;92024;2;1;2;4;GENERAL ROGUET (RUE DU) DE (1 A 57)   (2;48,9055200;2,3129400
23124;202000025699;2;10;2020;12:40;1;92;92019;2;1;8;2;DIVISION LECLERC (AVENUE DE LA);48,7683500;2,2514000
23125;202000025700;3;10;2020;20:45;5;92;92012;2;6;2;2;EDOUARD VAILLANT (AVENUE) 57/FIN - 58/FI;48,8337140;2,2437410
23126;202000025701;3;10;2020;19:05;2;92;92012;2;1;2;3;REINE (ROUTE DE LA) 1/37- 6/80;48,8388000;2,2500000
23127;202000025703;4;10;2020;15:00;1;95;95313;2;1;1;6;RD 64;49,1081485;2,2338917
23128;202000025704;2;10;2020;13:20;1;69;69132;1;1;3;7;D389;45,6724610;4,4005930
23129;202000025705;29;9;2020;09:20;1;33;33327;2;2;1;6;2 Cours du Marechal Joffre;44,6495580; -0,3542590
23130;202000025706;15;8;2020;16:25;1;77;77401;1;1;1;5;A4;49,0098390;3,1454690
23131;202000025708;4;10;2020;01:45;3;972;97222;1;1;2;2;Nationale 1;14,6977890; -60,9417200
23132;202000025709;3;10;2020;20:45;5;86;86165;2;1;6;7;62 Route de Lussac;46,4201050;0,8585700
23133;202000025712;4;10;2020;12:45;1;08;08435;1;1;1;7;RN51;49,4421100;4,2809870
23134;202000025713;4;10;2020;20:20;3;62;62582;1;3;6;3;D939;50,2621480;2,8853520