;Num_Acc;jour;mois;an;hrmn;lum;dep;com;agg;int;atm;col;adr;lat;long
23135;202000025714;4;10;2020;14:50;1;83;83096;1;1;1;6;RDN7;43,4626110;5,8052980
23136;202000025715;3;10;2020;16:55;1;31;31157;2;1;3;7;Avenue de la Résistance;43,5436880;1,3440760
23137;202000025716;4;10;2020;09:10;1;62;62773;1;1;3;6;Route de Boulogne;50,6455150;1,7278150
23138;202000025717;15;8;2020;18:30;1;56;56022;1;1;1;3;Ménétavy;47,7575020; -2,9287150
23139;202000025718;2;10;2020;07:00;2;80;80620;2;9;2;1;9 Avenue de l'Europe;49,9383570;2,9257640
23140;202000025719;3;10;2020;18:35;1;65;65129;1;1;6;6;D929;43,3089300;0,5218400
23141;202000025720;3;10;2020;13:55;1;61;61402;1;3;1;6;D51;48,6930000; -0,3210500
23142;202000025721;3;10;2020;17:20;1;41;41094;2;1;3;6;Rue de Fougères;47,4348910;1,4119280
23143;202000025722;3;10;2020;19:10;1;25;25532;1;1;8;3;N57;47,2065670;6,1225820
23144;202000025724;3;10;2020;10:20;1;02;02313;1;1;1;1;D 462;49,9025680;3,6460450
23145;202000025725;2;10;2020;07:20;2;58;58264;2;1;3;6;avenue du 11 novembre;46,7911780;3,1182720
23146;202000025726;4;10;2020;05:00;3;14;14481;1;1;8;7;RD11;49,2750990; -1,0541300
23147;202000025727;4;10;2020;16:30;1;60;60233;2;1;1;7;Chemin Bourdon;49,6495530;1,8408470
23148;202000025728;3;10;2020;02:45;3;43;43200;1;1;2;6;D15;45,0276481;4,0919673
23149;202000025729;4;10;2020;14:10;1;53;53103;1;1;1;7;D115;48,1115580; -0,9206200
23150;202000025730;3;10;2020;20:50;3;53;53015;1;1;3;6;RD 123, PK 8+700;48,1886070; -0,8613540
23151;202000025731;2;10;2020;12:30;1;37;37047;1;1;8;1;Rue des Commailleres;47,5028730;0,6824261
23152;202000025732;27;9;2020;17:15;1;08;08327;2;1;1;7;23 Route du Triage;49,7123760;4,7769140
23153;202000025733;3;10;2020;09:12;1;05;05162;1;1;2;6;A51;44,4391350;6,0294340
23154;202000025734;2;10;2020;21:38;4;69;69112;1;9;3;3;A89 PK 538.000;45,8239850;4,6863770
23155;202000025735;3;10;2020;23:30;3;06;06027;1;1;1;-1;Autoroute A8 - PK 180.900 Sud;43,6585890;7,1487950
23156;202000025736;4;10;2020;12:35;1;14;14119;1;1;1;6;A13;49,1682330; -0,2613010
23157;202000025737;3;10;2020;16:40;1;28;28367;1;1;8;6;A10 PK 71;48,1475630;1,8558740
23158;202000025738;4;10;2020;03:25;3;988;98825;1;1;1;6;RT1; -21,2739300;164,9695300
23159;202000025739;3;10;2020;18:45;3;976;97607;2;1;1;7;Ongojou; -12,8378780;45,1586130
23160;202000025740;2;10;2020;19:50;3;971;97117;1;4;2;3;D114;16,3142290; -61,3642270
23161;202000025742;3;10;2020;16:05;1;2A;2A114;2;1;1;1;D859;41,4862060;9,1243600
23162;202000025743;4;10;2020;14:50;1;66;66230;1;1;1;2;La Llentilla;42,6457180;2,5115400
23163;202000025745;4;10;2020;11:00;1;89;89080;1;1;2;7;La Chapelle-sur-Oreuse;48,2684260;3,2973150
23164;202000025746;3;10;2020;09:45;1;52;52269;2;1;2;1;D283;47,8698550;5,3401280
23165;202000025747;3;10;2020;19:00;2;38;38087;2;9;2;6;Chemin Laurent Devalors;45,5751400;4,8116400
23166;202000025748;4;10;2020;02:30;3;22;22214;1;1;1;7;8 Keristan;48,7203430; -3,0142020
23167;202000025749;2;10;2020;15:30;1;02;02684;2;9;2;3;Rue Edmond Dormoy;49,9194400;4,1231880
23168;202000025750;3;10;2020;20:00;3;59;59586;1;9;1;3;2 Rue Haute Rue;50,5174110;3,1443210
23169;202000025751;3;10;2020;05:15;5;13;13203;1;1;8;6;A557-Liaison A7 Marseille-A55 Marseille;43,3315500;5,3770300
23170;202000025752;2;10;2020;15:45;1;13;13055;1;1;2;6;A507 sens Marseille - Aubagne;43,3385000;5,3767100
23171;202000025753;3;10;2020;17:10;1;33;33063;1;1;3;6;ROCADE A 630;44,8838900; -0,5583500
23172;202000025754;3;10;2020;10:05;1;33;33063;1;1;2;6;ROCADE A 630;44,8844400; -0,5591500
23173;202000025755;3;10;2020;10:37;1;91;91617;1;1;1;-1;RN6 PROVINCE / RN104 INT;48,6351600;2,5355800
23174;202000025756;3;10;2020;09:00;1;91;91471;1;1;2;2;RN 118;48,7120000;2,1843000
23175;202000025757;3;10;2020;07:36;1;91;91340;1;1;1;6;RN 104;48,6088000;2,4352000
23176;202000025758;3;10;2020;03:00;3;91;91340;1;1;2;6;RN 104;48,6089740;2,4383150
23177;202000025759;3;10;2020;09:00;1;92;92025;1;1;1;6;A86;48,9350045;2,2592929
23178;202000025760;2;10;2020;20:50;3;78;78206;1;1;2;2;A13;48,9521000;1,9418000
23179;202000025761;2;10;2020;19:55;5;78;78640;1;1;2;2;A86 INT;48,7776540;2,2210270
23180;202000025762;2;10;2020;16:50;1;78;78126;1;1;2;3;A13;48,8399390;2,1166870
23181;202000025763;3;10;2020;20:00;3;95;95151;1;1;2;2;RN 104;49,0634700;2,2713400
23182;202000025764;2;10;2020;19:45;3;95;95394;1;1;2;6;RN 184;49,0507000;2,1816300
23183;202000025765;15;4;2020;19:00;1;54;54395;2;1;1;6;MAILLARD (Rue Louis Camille);48,7059320;6,1532840
23184;202000025766;12;2;2020;08:15;1;41;41269;2;1;1;6;FATON (RUE DU DOCTEUR);47,7944900;1,0725000
23185;202000025767;15;4;2020;17:19;1;37;37261;2;1;1;7;LOUIS XI (BOULEVARD);47,3743044;0,6731637
23186;202000025768;15;4;2020;07:45;1;26;26281;2;1;1;3;25 Rue Marie Curie;45,0442300;5,0859800
23187;202000025769;15;4;2020;00:40;3;17;17028;1;1;1;6;RN137;46,1227000; -1,1099000
23188;202000025770;14;4;2020;10:55;1;05;05061;2;6;1;3;VEYNES ( ROUTE DE );44,5579045;6,0687958
23189;202000025771;15;4;2020;11:35;1;75;75118;2;2;1;6;RUE ORDENER;48,8911950;2,3516220
23190;202000025772;15;4;2020;10:30;1;75;75116;2;1;1;3;RUE DE L YVETTE;48,8535630;2,2662250
23191;202000025773;15;4;2020;13:30;1;75;75109;2;1;1;6;RUE DU FAUBOURG POISSONNIERE;48,8752050;2,3481120
23192;202000025774;15;4;2020;06:10;2;94;94078;2;1;1;6;VICTOR DURUY (R);48,7277600;2,4477700
23193;202000025775;14;4;2020;12:05;1;94;94068;2;2;1;3;HENRI MARTIN (AV);48,7980000;2,4880000
23194;202000025776;15;4;2020;20:50;5;93;93048;2;2;1;6;R DE PARIS / R DESIRE PREAUX;48,8572500;2,4315700
23195;202000025778;15;4;2020;20:20;1;92;92049;2;3;1;6;BROSSOLETTE AVENUE PIERRE/ DORMOY AVENUE MARX N°102 A FIN;48,8120070;2,3008180
23196;202000025779;15;4;2020;08:50;1;92;92025;2;2;1;3;VERDUN (RUE DE);48,9240124;2,2525740
23197;202000025780;9;4;2020;12:15;1;02;02765;2;9;1;3;D65;49,5188410;3,5540470
23198;202000025781;13;3;2020;01:10;5;01;01244;2;3;1;3;17 Rue du Puits Volant;45,9092250;5,1947790
23199;202000025782;15;4;2020;11:00;1;16;16136;1;1;1;6;Ld Les Plans;46,0073816;0,1677318
23200;202000025783;15;4;2020;14:00;1;69;69277;1;9;1;-1;D147;45,7217390;5,0236700
23201;202000025784;16;4;2020;09:40;1;63;63178;2;9;1;6;2 Boulevard Georges Hainl;45,5415300;3,2493440
23202;202000025785;10;4;2020;17:15;1;61;61214;1;1;1;6;D13;48,7763820;0,5777750
23203;202000025786;14;4;2020;18:30;1;47;47250;1;2;1;3;D8;44,2896980;0,3118340
23204;202000025787;16;4;2020;08:14;1;44;44079;1;1;1;6;Le Moulin Guillet;47,2143505; -1,2899542
23205;202000025788;15;3;2020;17:00;1;44;44115;2;1;1;2;RD 751C;47,3458750; -1,2854060
23206;202000025789;16;4;2020;01:00;3;29;29152;2;1;1;6;Port de Carhaix;48,2398880; -3,5994057
23207;202000025790;15;4;2020;17:45;1;38;38416;2;1;1;1;Rue des Recollets;45,1567700;5,3212900
23208;202000025791;16;4;2020;15:45;1;03;03280;1;1;1;6;;46,2115031;2,6125817
23209;202000025792;15;4;2020;07:50;1;01;01183;2;3;1;3;212 Route de Thoissey;46,1107010;4,7805230
23210;202000025793;16;4;2020;00:00;3;01;01022;2;3;1;6;1 Rue de la Côte d'Yon;45,8719047;5,6912267
23211;202000025794;15;4;2020;07:30;1;26;26011;1;1;1;6;Route de Die;44,7143510;5,0467952
23212;202000025795;15;4;2020;19:45;2;64;64045;2;1;1;1;LARRONDOKO BIDEA;43,2537680; -1,0309770
23213;202000025797;15;4;2020;11:35;1;53;53046;1;3;1;3;D21;47,9372700; -0,5091320
23214;202000025798;15;4;2020;21:40;3;66;66017;1;1;1;7;D83;42,7960070;3,0266130
23215;202000025799;16;4;2020;11:10;1;38;38556;1;2;1;5;Chemin de la Sanne;45,3671900;4,8371200
23216;202000025800;16;4;2020;04:40;5;79;79049;2;4;1;1;Boulevard du Marechal Foch;46,8359650; -0,4979680
23217;202000025801;15;4;2020;10:30;1;72;72264;1;8;1;1;Lieu-dit L'asnière;47,8447960; -0,3782370
23218;202000025802;15;4;2020;13:15;1;22;22272;2;6;1;7;44 Rue de la Métairie Neuve;48,5607820; -3,1297520
23219;202000025803;16;4;2020;20:50;2;60;60612;2;1;1;6;Route de Saint-léonard;49,1960430;2,5675820
23220;202000025804;14;4;2020;20:05;2;59;59350;1;1;1;2;ROUTE NATIONALE 356;50,6185130;3,0809250
23221;202000025805;15;4;2020;18:13;1;92;92019;1;1;1;3;RN 385 INT;48,7718822;2,2433127
23222;202000025806;15;4;2020;01:50;3;93;93053;1;1;1;6;AUTOROUTE A86;48,9011900;2,4692700
23223;202000025807;29;1;2020;07:50;2;59;59378;1;1;1;6;ROUTE NATIONALE 356;50,6572530;3,1114650
23224;202000025808;13;4;2020;19:05;3;988;98818;2;1;1;1;GERVOLINO (RUE ROGER); -22,2622200;166,4717800
23225;202000025810;14;4;2020;09:50;1;69;69387;2;3;1;3;DOMER                               (R );45,7466500;4,8441400
23226;202000025811;14;4;2020;04:40;3;95;95539;1;1;1;6;RD 301;49,0074400;2,3539800
23227;202000025813;14;4;2020;15:00;1;91;91223;1;1;1;2;R.N.20;48,4407000;2,1740500
23228;202000025814;8;4;2020;03:00;3;83;83034;1;1;1;6;ROUTE DE LA MOUTONNE;43,1133400;6,0548800
23229;202000025815;14;4;2020;19:00;1;57;57487;2;1;1;1;VERDUN (RUE DE );49,1073222;6,1070077
23230;202000025816;13;4;2020;21:45;5;56;56121;2;6;1;2;KERVARIC (ROND POINT DE );47,7479600; -3,3884700
23231;202000025817;12;4;2020;10:30;1;56;56098;2;1;1;7;PEN MANE (RUE DE);47,7595200; -3,3254400
23232;202000025818;9;4;2020;04:20;3;54;54149;1;1;1;6;D521;49,4373000;5,9252000
23233;202000025819;8;4;2020;10:45;1;54;54323;2;1;1;1;MERCY (RUE);49,5284000;5,7633000
23234;202000025820;14;4;2020;09:45;1;45;45169;2;1;1;6;71 Rue du Chateau d'Eau;47,9267610;1,8315240
23235;202000025821;14;4;2020;08:10;1;45;45234;2;1;1;5;Avenue des Droits de l'Homme;47,9237291;1,9351703
23236;202000025822;14;4;2020;20:50;5;37;37261;2;1;1;1;LAPONNERAYE (RUE);47,3831222;0,6894884
23237;202000025823;10;4;2020;22:30;5;35;35238;2;1;1;7;31 Avenue Jean Janvier;48,1063770; -1,6729580
23238;202000025824;14;4;2020;11:15;1;13;13206;2;2;1;3;PARADIS (RUE);43,2832000;5,3810900
23239;202000025825;14;4;2020;09:05;1;06;06069;2;1;1;6;DE LATTRE DE TASSIGNY (AVENUE DU MARECHA;43,6501390;6,9226190
23240;202000025826;14;4;2020;17:10;1;75;75114;2;1;1;3;PORTE D ORLEANS;48,8194170;2,3282900
23241;202000025827;14;4;2020;19:00;1;75;75115;2;2;1;2;RUE DE LA CONVENTION;48,8410980;2,2879040
23242;202000025828;13;4;2020;11:35;1;75;75112;2;3;1;6;RUE DE FECAMP;48,8381870;2,3994150
23243;202000025829;14;4;2020;16:45;1;75;75111;2;1;1;6;CITE DES TROIS BORNES;48,8668260;2,3721270
23244;202000025830;14;4;2020;14:05;1;75;75111;2;1;1;2;BOULEVARD DE MENILMONTANT;48,8602380;2,3885590
23245;202000025831;14;4;2020;16:00;1;75;75110;2;2;1;3;RUE DES VINAIGRIERS;48,8731700;2,3614840
23246;202000025832;14;4;2020;18:45;1;94;94081;2;1;1;6;GERMAIN PINSON (R);48,7963000;2,3843000
23247;202000025833;14;4;2020;19:15;1;94;94017;2;1;1;6;MAURICE THOREZ (AV);48,8104200;2,5367700
23248;202000025834;14;4;2020;17:00;1;93;93064;2;1;1;3;DE GAULLE (AV DU GENERAL) 58/49 - FIN;48,8777020;2,4796070
23249;202000025835;11;4;2020;16:20;1;92;92063;2;3;1;2;GALLIENI (RUE);48,8747980;2,2009940
23250;202000025837;14;4;2020;10:20;1;972;97229;2;1;1;3;Boulevard du General de Gaulle;14,6089070; -61,0923420
23251;202000025838;15;4;2020;00:45;5;91;91553;2;1;1;6;Route de Maupertuis;48,6308630;2,4970610
23252;202000025839;14;4;2020;17:10;1;46;46083;1;4;1;3;Cressensac-Sarrazac;45,0099120;1,5770590
23253;202000025840;15;4;2020;13:30;1;60;60515;1;1;1;6;D36;49,4791955;2,5288068
23254;202000025841;14;4;2020;17:50;1;16;16134;1;1;1;6;Ld Chantegrolle;45,8719062;0,6621208
23255;202000025844;10;4;2020;11:00;1;69;69115;1;1;1;6;A6;45,9762670;4,7342710
23256;202000025845;14;4;2020;20:45;5;2A;2A300;1;1;1;7;T10;41,6565170;9,3029585
23257;202000025847;14;4;2020;16:00;1;13;13202;1;1;1;7;TVPCD-Sens Les Ports vers Saint Victor;43,2940509;5,3639865
23258;202000025848;9;4;2020;20:45;2;59;59646;1;1;1;6;AUTOROUTE A22;50,6833460;3,1120320
23259;202000025849;13;4;2020;20:02;1;78;78217;1;9;1;7;A13;48,9657590;1,8092660
23260;202000025850;14;4;2020;15:30;1;77;77372;1;1;1;2;A104;48,8756100;2,6689860
23261;202000025851;13;4;2020;19:30;5;973;97302;2;1;1;3;MADELEINE (ROUTE DE LA);4,9335128; -52,3263681
23262;202000025852;13;4;2020;14:00;1;69;69386;2;2;1;3;VIABERT (DE LA)                     (R );45,7663769;4,8672259
23263;202000025853;12;4;2020;11:23;1;45;45068;2;1;1;6;Rue Roger Salengro;48,0196300;2,7152700
23264;202000025854;13;4;2020;21:15;3;07;07316;1;1;1;6;RHONE (CHEMIN DU);44,8860640;4,8542030
23265;202000025855;13;4;2020;20:05;2;75;75120;2;1;1;6;RUE LOUIS LUMIERE;48,8622070;2,4109700
23266;202000025856;13;4;2020;16:10;1;75;75119;2;2;1;3;AVENUE JEAN JAURES;48,8828090;2,3702800
23267;202000025857;12;4;2020;11:28;1;75;75112;2;2;1;3;BOULEVARD PONIATOWSKI;48,8318250;2,3976620
23268;202000025858;13;4;2020;19:55;1;93;93078;2;1;1;6;BD ROBERT BALLANGER;48,9562810;2,5412340
23269;202000025859;13;4;2020;22:30;3;54;54070;1;1;1;6;D70;48,7966170;6,3502910
23270;202000025861;14;4;2020;07:50;1;67;67445;2;3;7;1;14 Rue de la Gare;48,2879181;7,4276447
23271;202000025862;14;4;2020;16:30;1;12;12267;1;1;7;1;D902;44,0662240;2,5158900
23272;202000025863;14;4;2020;08:00;1;86;86226;2;1;7;6;Rue de Poitiers;46,5588280;0,5076970
23273;202000025864;14;4;2020;06:50;3;974;97410;2;1;1;6;Route Nationale 2; -21,0741390;55,7399830
23274;202000025865;14;4;2020;09:50;1;26;26333;2;1;1;7;Quai Sarrère;45,1803630;4,8139830
23275;202000025866;14;4;2020;08:15;1;62;62123;1;1;1;6;D148;50,5740390;1,8223880
23276;202000025867;14;4;2020;14:30;1;44;44069;1;2;1;1;Route de Cogea;47,3445860; -2,3527560
23277;202000025868;12;4;2020;11:37;1;35;35243;1;1;1;7;La Basse Moriere;48,3615024; -1,2804077
23278;202000025869;14;4;2020;14:15;1;03;03082;2;2;1;1;16 Rue de la République;46,2878708;2,7399411
23279;202000025870;14;4;2020;16:10;1;03;03084;2;9;1;7;Route d’Herisson;46,4741217;2,8234217
23280;202000025871;13;4;2020;21:00;3;01;01269;1;1;1;6;D1084;46,1626340;5,5961770
23281;202000025873;9;4;2020;00:10;5;973;97312;2;1;1;3;Rue Léonel Dréan;5,3795824; -52,9578495
23282;202000025874;13;4;2020;19:00;1;28;28355;2;1;1;6;89 Place des Tilleuls;48,8561740;1,5312890
23283;202000025875;4;4;2020;11:35;1;83;83071;2;1;1;6;Avenue Albert Roux;43,1373320;6,2328690
23284;202000025876;13;4;2020;15:35;1;33;33498;1;1;7;6;67 Route de Compostelle;44,5869650; -0,7757970
23285;202000025877;13;4;2020;18:50;1;85;85129;1;1;1;6;Constantine;46,8385630; -1,4669320
23286;202000025878;12;4;2020;17:50;5;974;97411;2;1;2;2;PITON (ROUTE DU BOIS DE NEFLES); -20,9260000;55,4736000
23287;202000025879;11;4;2020;09:30;1;974;97411;2;1;2;1;Route de Domenjod; -20,9122730;55,5065960
23288;202000025880;12;4;2020;20:25;3;973;97302;1;1;1;7;MARINGOUINS (ROND-POINT);4,9075000; -52,3220000
23289;202000025881;12;4;2020;17:00;1;972;97213;2;1;1;7;MORNE PITAULT (ROUTE DE);14,6208000; -60,9488000
23290;202000025882;11;4;2020;21:30;3;972;97209;1;1;1;6;RN9;14,6151600; -61,0407800
23291;202000025883;12;4;2020;16:40;1;91;91174;2;1;-1;6;René Pierre (rue);48,5987000;2,4763200
23292;202000025884;12;4;2020;17:55;1;83;83137;2;1;1;7;LAFONTAN (QUAI);43,1186200;5,9359600
23293;202000025885;12;4;2020;10:05;1;60;60057;2;1;1;6;MONTIER (RUE DU);49,4313393;2,1081884
23294;202000025887;8;4;2020;20:30;3;35;35278;1;1;1;6;BERTAICHE  (11 LIEU DIT);48,1639800; -1,6824700
23295;202000025888;12;4;2020;20:25;2;35;35238;1;9;1;7;RN 136 PORTE DE CLEUNAY;48,1009900; -1,7145200
23296;202000025889;12;4;2020;14:00;1;30;30007;2;1;1;7;ROYALE (ROUTE DE LA );44,1449660;4,0726850
23297;202000025890;11;4;2020;09:50;1;29;29039;2;6;1;3;Rond Point de Keriolet;47,8883900; -3,9188700
23298;202000025891;11;4;2020;17:30;1;14;14069;1;1;1;6;SAP (ROUTE DU);49,1288500;0,2473670
23299;202000025892;12;4;2020;23:30;5;06;06069;2;1;1;6;PEGOMAS (ROUTE DE);43,6423360;6,9378990
23300;202000025893;11;4;2020;21:35;5;75;75116;2;2;1;6;RUE DE LA POMPE;48,8639600;2,2773880
23301;202000025894;12;4;2020;21:30;5;93;93070;2;2;1;3;AV MICHELET / R GODILLOT;48,9105000;2,3441000
23302;202000025895;12;4;2020;18:40;1;95;95205;2;1;1;6;22 Rue Jean Jaurès;49,0346040;2,3726510
23303;202000025896;11;4;2020;12:00;1;58;58086;1;1;1;7;Rue de Montchevreau;47,3898590;2,9397760
23304;202000025897;12;4;2020;23:45;3;62;62439;2;1;1;6;Route de ventu;50,7980560;1,8758620
23305;202000025898;12;4;2020;16:15;1;62;62859;2;2;1;3;22 Rue de Wavans;50,2289310;2,2092390
23306;202000025901;12;4;2020;21:10;3;50;50425;1;1;1;7;23 Hameau Delay;49,5291220; -1,6527180
23307;202000025902;12;4;2020;20:30;2;28;28147;1;1;1;1;D23;48,5356150;1,2407520
23308;202000025903;12;4;2020;15:10;1;17;17463;1;1;1;7;Chemin de l'Aire de Loisirs;45,9735310; -0,9892200
23309;202000025904;13;4;2020;10:05;1;84;84054;2;1;1;6;Route de Robion;43,9132520;5,0533140
23310;202000025905;9;4;2020;21:40;3;35;35089;1;2;1;3;le pas RD 163;47,8820726; -1,4942728
23311;202000025906;12;4;2020;09:20;1;13;13005;1;1;1;7;A50-Sens Marseille vers Aubagne;43,2890685;5,5596029
23312;202000025907;12;4;2020;00:55;3;33;33075;1;1;1;2;ROCADE A 630;44,8868900; -0,6210100
23313;202000025908;12;4;2020;04:31;3;91;91286;1;1;1;6;AUTOROUTE A6;48,6576840;2,3762880
23314;202000025909;11;4;2020;17:30;1;988;98818;2;3;1;5;RUE PELATAN/RUE AMPERE; -22,2309900;166,4496400
23315;202000025910;9;4;2020;02:00;5;972;97213;1;1;1;6;VIEUX CHEMIN CALIFORNIE (RUE DU);14,6225000; -61,0238800
23316;202000025911;10;4;2020;19:35;5;972;97209;1;1;1;3;REDOUTE (ROUTE DE LA);14,6187000; -61,0609000
23317;202000025912;10;4;2020;21:05;5;91;91201;2;3;1;6;PIERRE BROSSOLETTE (RUE);48,6793000;2,4127500
23318;202000025913;10;4;2020;17:12;1;77;77294;1;3;1;6;D9;48,9843408;2,6229858
23319;202000025914;11;4;2020;15:10;1;37;37261;2;1;1;6;DE GAULLE (AVENUE DU GENERAL);47,3817806;0,7045778
23320;202000025915;10;4;2020;17:35;1;34;34172;2;8;1;2;MOULINS (AVENUE DES;43,6305300;3,8417700
23321;202000025916;10;4;2020;21:20;5;75;75111;2;3;1;2;AVENUE PARMENTIER;48,8606480;2,3783280
23322;202000025917;10;4;2020;21:20;5;75;75107;2;7;1;6;PLACE ANDRE TARDIEU;48,8514270;2,3144670
23323;202000025918;11;4;2020;18:40;1;93;93032;2;1;1;6;R MOLIERE;48,8687866;2,5680114
23324;202000025919;11;4;2020;15:55;1;92;92025;2;1;1;3;VALMY (BD DE);48,9287730;2,2543690
23325;202000025920;11;4;2020;02:02;5;92;92023;2;6;1;7;VILLACOUBLAY (AVENUE DE);48,7843970;2,2346910
23326;202000025921;11;4;2020;18:30;1;28;28196;1;1;1;7;Vallière;48,2813400;1,2515990
23327;202000025922;11;4;2020;15:30;1;972;97223;1;1;1;6;1001 Chemin de Vieille Citerne;14,5499290; -60,8998130
23328;202000025923;11;4;2020;17:00;1;78;78104;1;9;1;6;Chemin de l'Epine;48,9507920;1,7184810
23329;202000025924;11;4;2020;19:15;1;10;10416;1;3;1;7;D85;48,2028460;4,1040000
23330;202000025925;12;4;2020;13:07;1;49;49244;1;1;1;6;D151;47,3417310; -0,8692930
23331;202000025926;12;4;2020;01:45;4;77;77529;2;1;1;7;Rue de Villiers;48,8496160;2,8950210
23332;202000025927;11;4;2020;09:56;1;78;78442;2;2;1;3;2 Rue des Soupirs;48,8154200;1,8999430
23333;202000025928;12;4;2020;03:10;3;38;38412;1;1;1;1;RD520;45,3830300;5,7095300
23334;202000025929;12;4;2020;02:00;3;26;26197;1;1;1;6;Avenue de Provence;44,9411600;5,0286270
23335;202000025930;10;4;2020;21:00;3;59;59308;1;2;1;3;La Longue Croix;50,7527440;2,4743140
23336;202000025931;11;4;2020;14:30;1;92;92050;1;1;1;7;A14;48,9012352;2,2056274
23337;202000025932;11;4;2020;16:50;1;93;93027;1;1;1;6;BDL;48,9271000;2,4034700
23338;202000025933;10;4;2020;22:40;5;93;93066;1;1;1;6;AUTOROUTE A1;48,9281100;2,3580300
23339;202000025934;10;4;2020;17:00;1;94;94052;1;1;1;2;A4;48,8269600;2,4681800
23340;202000025935;10;4;2020;06:15;1;988;98818;2;2;1;3;ECHANGEUR BONAPARTE; -22,2420783;166,4574211
23341;202000025936;11;4;2020;03:05;5;974;97407;1;1;1;6;ROUTE NATIONALE N° 1; -20,9555000;55,3119900
23342;202000025937;10;4;2020;18:30;2;973;97302;2;1;1;-1;ILET MALOUIN;4,9294135; -52,3327571
23343;202000025938;10;4;2020;08:30;1;973;97302;2;2;1;3;LALLOUETTE(RUE);4,9394973; -52,3343664
23344;202000025939;9;4;2020;11:50;1;973;97302;2;9;1;3;RABAN (ROUTE DE);4,9234529; -52,3125137
23345;202000025940;10;4;2020;15:50;1;972;97209;2;1;1;1;CHATEAUBOEUF (ROUTE DE);14,6195000; -61,0438000
23346;202000025941;10;4;2020;15:11;1;91;91692;2;6;1;3;DORDOGNE (AVENUE DE);48,6765500;2,1669500
23347;202000025942;9;4;2020;17:35;1;78;78335;1;1;1;1;RD983;48,9850000;1,7278700
23348;202000025943;9;4;2020;23:00;5;76;76319;1;1;1;7;ESSARTS. RUE DES (CD 13);49,3382604;1,0140420
23349;202000025944;9;4;2020;15:00;1;64;64122;2;1;1;6;16 Avenue Henri Haget;43,4811190; -1,5376270
23350;202000025946;10;4;2020;15:55;1;56;56260;2;1;1;1;CHARCOT(RUE DU COMMANDANT);47,6510000; -2,7829000
23351;202000025947;9;4;2020;13:00;1;56;56098;2;6;1;3;LE COUTALLER (RUE  JEAN );47,7597500; -3,3309500
23352;202000025948;10;4;2020;14:24;1;45;45234;2;1;1;1;Boulevard de Verdun;47,9069700;1,9039000
23353;202000025949;10;4;2020;23:50;5;38;38421;1;1;1;6;Boulevard Dulcie September;45,1666000;5,7575000
23354;202000025950;10;4;2020;17:10;1;35;35051;1;1;1;-1;Rocade 17-2;48,1372600; -1,5775700
23355;202000025951;10;4;2020;20:30;5;34;34172;2;1;1;1;FIGAIRASSE (RUE DE LA);43,6042500;3,8580200
23356;202000025952;10;4;2020;21:40;5;33;33063;2;1;1;6;Cours Saint Louis;44,8580200; -0,5699200
23357;202000025953;9;4;2020;19:55;2;31;31555;1;1;1;6;VA007331 A620;43,5755838;1,4414885
23358;202000025954;9;4;2020;14:40;1;31;31149;2;3;1;3;CHE DEL PEY;43,6038700;1,3138400
23359;202000025955;18;12;2020;11:00;1;72;72054;1;6;1;3;Saint Hubert des Rochers;48,0076110;0,3381730
23360;202000025956;17;12;2020;17:00;5;06;06010;2;1;9;3;630 Avenue Amiral de Grasse;43,6984350;6,9860530
23361;202000025957;18;12;2020;01:00;3;14;14576;1;1;1;6;579;48,9648360;0,1706740
23362;202000025958;17;12;2020;12:50;1;64;64259;1;1;8;1;CD 22 - PK39.100 CROISSANT;43,2844300; -1,2370290
23363;202000025959;18;12;2020;18:00;3;64;64371;1;1;1;1;Départementale 11;43,2322120; -0,8777900
23364;202000025960;17;12;2020;17:50;3;18;18124;1;1;1;2;D20;47,0957500;2,0920800
23365;202000025961;18;12;2020;07:30;3;10;10194;1;1;1;6;La Fringale, D384;48,2969560;4,7279830
23366;202000025962;17;12;2020;17:45;5;07;07319;2;1;3;6;33 Boulevard Jean JAURES;44,5483680;4,6815700
23367;202000025964;6;12;2020;02:15;3;28;28236;2;1;2;2;D110.8;48,3244510;0,8319650
23368;202000025965;18;12;2020;17:00;5;48;48080;2;1;2;6;Avenue Jean Jaurès;44,7289000;3,8592320
23369;202000025966;18;12;2020;10:25;1;10;10380;1;1;1;7;A26;48,5147030;4,1742990
23370;202000025967;18;12;2020;15:35;1;38;38545;1;1;1;2;A51;45,0533300;5,6861900
23371;202000025969;18;12;2020;14:15;1;49;49323;2;2;1;3;Rue de la Bataillère;47,5196060; -0,4361110
23372;202000025970;17;12;2020;20:10;3;88;88390;1;1;5;2;A31 - P 161+350 sens DIJON - NANCY;48,1401365;5,6816483
23373;202000025971;17;12;2020;20:13;5;06;06085;1;1;1;1;Chemin de Carimail;43,5754710;6,9776490
23374;202000025973;16;12;2020;19:30;3;987;98724;1;1;1;1;RT 111 District de PAREA au niveau du magasin HINE; -16,7273840; -151,0112500