;Num_Acc;jour;mois;an;hrmn;lum;dep;com;agg;int;atm;col;adr;lat;long
23375;202000025974;17;12;2020;18:30;5;988;98817;2;6;1;7;rond point du collège de Plum; -22,2761900;166,6369340
23376;202000025975;18;12;2020;17:00;1;974;97418;1;1;1;2;Route Nationale 2; -20,8978670;55,5766580
23377;202000025976;17;12;2020;19:30;3;973;97311;1;1;2;7;PK9;5,4297436; -54,0401173
23378;202000025977;19;11;2020;07:55;1;971;97117;1;2;1;3;Route de Bellevue;16,3269120; -61,3662490
23379;202000025978;18;12;2020;15:15;1;978;97801;1;1;1;1;RN7 - Friar's Bay;18,0806720; -63,0745050
23380;202000025979;17;12;2020;10:10;1;41;41206;1;1;8;1;D50;47,6349740;1,3580990
23381;202000025980;18;12;2020;17:10;3;77;77328;1;1;1;7;D152;48,3051140;2,4373340
23382;202000025981;18;12;2020;14:30;1;95;95355;2;1;1;3;6 Rue Eugène Blouin;49,1547910;1,7910720
23383;202000025982;17;12;2020;19:40;5;91;91136;2;1;8;1;112 Route de Versailles;48,7044500;2,2799060
23384;202000025983;17;12;2020;11:30;1;66;66210;2;6;8;3;Rue des Freres Mach;42,6280810;2,7567530
23385;202000025984;17;12;2020;12:20;1;34;34151;1;9;8;1;Saint Roman;43,6137390;4,1434980
23386;202000025985;17;12;2020;10:50;1;34;34145;1;1;2;5;D61 Route de la Mer;43,6775950;4,1507180
23387;202000025986;18;12;2020;18:48;5;13;13015;2;1;1;6;Avenue de Violesi;43,4441480;5,3975920
23388;202000025988;18;12;2020;15:05;1;62;62589;1;1;7;1;D341;50,3499060;2,6861930
23389;202000025989;18;12;2020;11:00;1;59;59249;2;4;7;6;54 Rue Berthelot;50,0179880;4,0480650
23390;202000025990;17;12;2020;16:00;1;13;13215;1;1;1;4;A7-Sens Marseille vers Lyon;43,3529600;5,3654800
23391;202000025992;16;12;2020;08:30;1;13;13055;1;1;1;4;A507 sens Marseille - Aubagne;43,2883775;5,4245492
23392;202000025993;17;12;2020;08:43;1;83;83129;1;1;1;5;A50;43,1203800;5,8449200
23393;202000025994;16;12;2020;08:35;1;33;33167;1;1;1;5;ROUTE NATIONALE 230;44,8458200; -0,5023900
23394;202000025996;17;12;2020;09:37;1;94;94003;1;1;2;2;AUTOROUTE A6B;48,7990300;2,3437300
23395;202000025997;17;12;2020;08:55;2;91;91432;1;1;8;4;AUTOROUTE A6;48,6937000;2,3201000
23396;202000025999;16;12;2020;19:00;4;94;94021;1;1;1;4;AUTOROUTE A6A;48,7600000;2,3383000
23397;202000026000;16;12;2020;12:00;1;91;91589;1;1;1;5;AUTOROUTE A6;48,6774100;2,3379200
23398;202000026001;16;12;2020;18:10;5;92;92026;1;1;1;2;RN1014 Y;48,8876452;2,2517413
23399;202000026002;17;12;2020;08:30;1;92;92050;1;1;2;6;A86;48,9181388;2,2227647
23400;202000026003;17;12;2020;08:15;5;93;93010;1;1;1;7;AUTOROUTE A3;48,8920200;2,4731900
23401;202000026004;16;12;2020;18:20;4;95;95582;1;1;1;4; A15;48,9657400;2,2592900
23402;202000026005;16;12;2020;18:20;3;95;95018;1;1;1;2; A15;48,9565900;2,2770800
23403;202000026006;17;12;2020;18:30;5;75;75112;1;1;8;3;A4;48,8200100;2,4600000
23404;202000026007;26;7;2020;02:00;3;02;02738;1;1;2;6;CD1;49,6647700;3,2723400
23405;202000026008;16;12;2020;17:35;1;974;97416;1;1;1;3;RN1 (ROUTE NATIONALE); -21,3021600;55,4256500
23406;202000026010;16;12;2020;19:30;4;973;97302;2;9;1;2;FLAMBOYANTS (RUE DES);4,9236467; -52,3197430
23407;202000026011;16;12;2020;06:27;5;973;97302;2;1;1;6;MADELEINE (ROUTE DE LA);4,9366768; -52,3259497
23408;202000026012;16;12;2020;17:45;5;69;69388;2;1;1;2;JEAN MERMOZ                         (AV);45,7339500;4,8768400
23409;202000026013;16;12;2020;12:45;1;69;69383;2;1;1;3;MARIUS VIVIER MERLE                 (BD);45,7593900;4,8583000
23410;202000026014;16;12;2020;06:42;5;69;69387;2;2;1;3;JEAN JAURES                         (AV);45,7515940;4,8456600
23411;202000026015;13;12;2020;04:55;5;69;69387;2;1;1;7;GABRIEL PERI                        (PL);45,7551500;4,8425500
23412;202000026016;16;12;2020;15:10;1;972;97213;1;1;1;4;ROUTE NATIONALE 5;14,5961052; -60,9893990
23413;202000026017;15;12;2020;17:22;1;972;97213;1;1;2;3;MORNE PITAULT (ROUTE DE);14,6250300; -60,9761000
23414;202000026018;16;12;2020;09:30;1;972;97209;1;1;1;1;BALATA (ROUTE DE);14,6230200; -61,0721800
23415;202000026019;16;12;2020;07:55;1;971;97101;1;9;1;3;ROUTE DE BOULIQUI;16,2526100; -61,4447600
23416;202000026020;15;12;2020;22:09;5;91;91021;2;6;1;6;RTE DE LIMOURS;48,5987700;2,2451200
23417;202000026021;12;12;2020;12:40;1;91;91021;2;6;1;7;AV DIVISION LECLERC;48,5980000;2,2456100
23418;202000026022;16;12;2020;11:22;1;91;91691;2;1;1;2;MARC SANGNIERI(RUE);48,7154100;2,4901800
23419;202000026023;16;12;2020;05:00;3;91;91223;1;9;5;6;R.D.20;48,4344270;2,1697280
23420;202000026024;11;12;2020;18:52;2;87;87085;2;3;2;3;LIBERATION (AVENUE DE LA);45,8334000;1,2574800
23421;202000026026;14;12;2020;17:50;3;80;80021;2;1;2;3;JULES BARNI (RUE);49,8853900;2,3201500
23422;202000026027;30;11;2020;19:00;3;79;79191;2;2;1;3;130 Avenue de Nantes;46,3408600; -0,4891800
23423;202000026028;15;12;2020;18:00;5;76;76540;2;1;1;2;CANADIENS. AVENUE DES;49,4589100;1,1289700
23424;202000026029;16;12;2020;18:30;5;73;73065;2;6;1;1;MOTTE SERVOLEX (AVENUE DE LA);45,5818800;5,8874100
23425;202000026030;15;12;2020;18:45;5;71;71040;2;1;3;6;MACON (ROUTE DE);46,6863598;4,3905374
23426;202000026031;16;12;2020;17:20;2;71;71153;2;1;8;6;CHANZY (RUE DE);46,7952538;4,4426853
23427;202000026032;3;12;2020;17:30;5;69;69013;2;1;2;4;JOUX (avenue de);46,0141800;4,7253400
23428;202000026033;15;12;2020;17:00;5;69;69013;2;4;2;3;LONGSARD (route de);46,0134363;4,7075381
23429;202000026034;14;12;2020;18:30;5;66;66136;2;1;1;3;LANGUEDOC (AVENUE DU CD 88);42,7346900;2,8901500
23430;202000026037;15;12;2020;10:30;1;64;64024;2;9;1;3;BAYONNE (AVENUE DE);43,4815049; -1,5104089
23431;202000026038;14;12;2020;12:05;1;64;64102;2;1;1;2;MARAIS (ROND POINT DES);43,4909800; -1,4950400
23432;202000026039;15;12;2020;19:40;5;63;63075;2;1;1;6;ROYAT (AVENUE DE);45,7717930;3,0596537
23433;202000026040;15;12;2020;07:42;5;63;63113;2;4;1;6;LAFAYETTE (BD);45,7720326;3,0986513
23434;202000026041;14;12;2020;06:30;5;63;63113;2;5;1;2;COTE BLATIN (BD);45,7693731;3,0909110
23435;202000026042;16;12;2020;22:29;3;59;59560;2;1;2;3;CD 925;50,5406300;3,0419900
23436;202000026043;5;12;2020;12:50;1;58;58194;2;6;1;6;TREIZIEME DE LIGNE;46,9940900;3,1363800
23437;202000026044;15;12;2020;17:50;4;56;56098;1;1;2;4;RN 165 bretelle échangeur;47,7783700; -3,3519100
23438;202000026045;15;12;2020;09:00;1;56;56083;2;6;2;3;ALLENDE ( AV. PRES. SALVADOR );47,8154800; -3,2439500
23439;202000026046;14;12;2020;13:15;1;50;50129;2;2;1;3;POLLE (RUE DE LA);49,6391100; -1,6379300
23440;202000026047;14;12;2020;08:20;2;49;49007;2;1;1;3;DESCAZEAUX BOULEVARD;47,4756500; -0,5639500
23441;202000026048;15;12;2020;20:35;5;49;49007;2;1;1;7;KENNEDY PLACE;47,4692664; -0,5580658
23442;202000026049;15;12;2020;17:48;1;49;49267;1;1;1;2;A87N;47,4864200; -0,4976100
23443;202000026050;15;12;2020;15:24;1;49;49007;2;1;1;2;COUBERTIN BOULEVARD;47,4629000; -0,5323000
23444;202000026051;15;12;2020;08:15;5;44;44184;2;6;8;6;FAURÉ (RUE GABRIEL);47,2699600; -2,2390400
23445;202000026052;16;12;2020;17:50;5;42;42071;2;2;1;1;Route de Commelle;46,0221540;4,0840347
23446;202000026053;16;12;2020;16:13;1;42;42071;2;2;1;5;Boulevard des Etines;46,0216700;4,0921200
23447;202000026054;15;12;2020;12:20;1;37;37195;2;1;1;-1;MELIES (RUE GEORGES);47,3897708;0,6550162
23448;202000026055;16;12;2020;19:20;3;35;35055;2;3;1;3;LOGES (RUE DES);48,0863930; -1,6266560
23449;202000026056;15;12;2020;16:25;1;33;33162;2;2;9;6;RUE DU 19 MARS 1962;44,8770400; -0,6425100
23450;202000026057;1;12;2020;18:35;5;33;33063;2;2;1;3;RUE POMME D'OR;44,8546900; -0,5698300
23451;202000026058;10;12;2020;17:37;5;33;33119;2;1;2;6;AVE ROGER SCHWOB;44,8551200; -0,5185900
23452;202000026060;16;12;2020;20:10;3;27;27681;1;1;1;7;D64E (voie nouvelle);49,0760600;1,4377600
23453;202000026061;15;12;2020;16:15;1;17;17306;2;7;1;6;Place de la Gare;45,6259500; -1,0178200
23454;202000026062;16;12;2020;18:20;5;17;17300;2;2;2;3;JOFFRE   BOULEVARD (79 et 18);46,1579900; -1,1421900
23455;202000026063;9;12;2020;12:45;1;16;16015;2;1;1;6;Rue du Capitaine Favre;45,6337580;0,1651950
23456;202000026064;16;12;2020;09:35;1;14;14271;2;1;1;2;RN814;49,1360100; -0,3761000
23457;202000026065;16;12;2020;16:30;1;13;13209;2;1;1;1;SAINTE MARGUERITE (BOULEVARD);43,2623213;5,4134633
23458;202000026066;16;12;2020;13:41;1;13;13203;2;3;1;3;ROGER SALENGRO (AVENUE);43,3189390;5,3677210
23459;202000026067;16;12;2020;07:10;5;13;13215;2;3;1;6;VISTE (AVENUE DE LA);43,3575520;5,3575320
23460;202000026068;15;12;2020;17:39;5;13;13208;2;1;1;3;HAMBOURG (BOULEVARD);43,2543300;5,3824900
23461;202000026070;15;12;2020;18:25;3;13;13002;1;1;8;6;DES TERMES (ROUTE) RD 908;43,3677200;5,5254300
23462;202000026071;15;12;2020;17:30;2;06;06027;2;1;1;3;NICE AVENUE DE (RN7);43,6561000;7,1547700
23463;202000026072;16;12;2020;14:53;1;75;75106;2;2;1;3;RUE SAINT SULPICE;48,8514770;2,3370700
23464;202000026073;16;12;2020;11:00;1;75;75105;2;2;1;2;RUE MONGE;48,8444790;2,3524040
23465;202000026074;16;10;2020;13:45;1;75;75119;2;3;1;6;AVENUE DE FLANDRE;48,8911350;2,3775560
23466;202000026075;16;12;2020;17:20;5;75;75116;2;2;1;6;AVENUE DU PRESIDENT WILSON;48,8651070;2,2988940
23467;202000026076;15;12;2020;06:30;5;75;75116;2;3;2;6;RUE DE PASSY;48,8580100;2,2768680
23468;202000026077;16;12;2020;19:12;5;75;75115;2;3;1;3;RUE DE VAUGIRARD;48,8359660;2,2936890
23469;202000026078;16;12;2020;18:15;5;75;75115;2;2;1;6;RUE DE LA CONVENTION;48,8421590;2,2855450
23470;202000026080;16;12;2020;07:20;5;75;75114;2;1;1;3;AVENUE PAUL VAILLANT COUTURIER;48,8167610;2,3339710
23471;202000026081;16;12;2020;19:25;5;75;75112;2;1;1;7;RUE TAINE;48,8387040;2,3933950
23472;202000026082;16;12;2020;14:50;1;75;75111;2;1;1;3;BOULEVARD DE CHARONNE;48,8548080;2,3955300
23473;202000026083;15;12;2020;11:30;1;75;75108;2;7;1;7;PLACE DE LA CONCORDE;48,8668270;2,3221170
23474;202000026084;16;12;2020;08:40;1;75;75107;2;1;1;3;BOULEVARD DES INVALIDES;48,8546730;2,3148500
23475;202000026085;16;12;2020;11:40;1;75;75103;2;1;1;7;RUE DE POITOU;48,8615930;2,3626910
23476;202000026086;15;12;2020;17:55;5;75;75104;2;3;1;6;RUE DE RIVOLI;48,8552200;2,3611480
23477;202000026087;15;12;2020;16:00;1;75;75102;2;7;1;3;BOULEVARD DES CAPUCINES;48,8706110;2,3320550
23478;202000026088;16;12;2020;14:25;1;94;94058;2;1;1;3;PIERRE BROSSOLETTE (AV);48,8352026;2,4994637
23479;202000026089;16;12;2020;17:20;5;94;94037;2;1;1;6;VICTOIRE DU HUIT MAI 1945 (PL DE LA);48,8165010;2,3512210
23480;202000026090;16;12;2020;12:30;1;94;94076;2;1;1;7;CHEVILLY (R DE);48,7816200;2,3557000
23481;202000026091;16;12;2020;13:30;1;94;94021;2;6;1;6;Avenue du Général de Gaulle;48,7715640;2,3471400
23482;202000026092;16;12;2020;08:20;1;94;94038;2;1;8;2;JULES GRAVEREAUX (AV);48,7771720;2,3307320
23483;202000026094;15;12;2020;09:30;1;94;94002;2;3;3;1;CARNOT (BD);48,7958300;2,4259400
23484;202000026095;15;12;2020;13:00;1;93;93073;1;9;1;6;CHAPIT RE ( RUE DU);49,0034427;2,5367680
23485;202000026096;15;12;2020;11:00;1;93;93073;2;1;8;2;CHAPIT RE ( RUE DU);49,0035836;2,5367561
23486;202000026098;15;12;2020;19:30;3;93;93070;2;1;1;3;BD VICTOR-HUGO;48,9090000;2,3292300
23487;202000026099;15;12;2020;20:00;5;93;93066;2;9;1;3;MITERRAND FRANCOIS (AVENUE);48,9181772;2,3538922
23488;202000026100;16;12;2020;11:20;1;93;93048;2;1;1;6;GABRIEL PERI (AVENUE);48,8573094;2,4406891
23489;202000026101;16;12;2020;19:40;5;93;93074;2;3;1;3;BOUCHER RUE ALEXANDRE;48,9323883;2,5673384
23490;202000026102;16;12;2020;18:50;5;93;93079;2;1;1;3;FREDERIC OZAMAN;48,9482061;2,3459738
23491;202000026104;15;12;2020;07:45;5;93;93047;2;6;1;6;PL JEAN MERMOZ;48,9014000;2,5700000
23492;202000026105;16;12;2020;09:15;1;92;92072;2;6;8;3;GRANDE RUE;48,8253211;2,2159672
23493;202000026106;2;12;2020;17:30;5;92;92063;2;1;1;6;GALLIENI (RUE);48,8723000;2,2027000
23494;202000026107;16;12;2020;05:00;5;92;92036;2;1;5;7;PIERRE DE COUBERTIN (BOULEVARD) (G.SAND;48,9261166;2,2847948
23495;202000026108;15;12;2020;21:45;5;92;92036;2;1;1;7;LOUIS ROCHE (AVENUE) (1/45);48,9272870;2,3138406
23496;202000026109;16;12;2020;18:00;5;92;92026;2;9;1;3;MARCEAU;48,8993947;2,2459347
23497;202000026110;16;12;2020;15:35;1;92;92012;2;1;1;7;GALLIENI (RUE) 55/157 - 50/140;48,8367705;2,2415677
23498;202000026111;16;12;2020;21:30;3;35;35126;1;3;1;2;Sainte Reine;47,9535440; -1,7794150
23499;202000026112;17;12;2020;07:45;3;80;80547;1;1;1;1;D929;49,9900012;2,6083517
23500;202000026114;15;12;2020;12:30;1;06;06161;2;3;1;3;1682 Route Departementale 6007;43,6349590;7,1337390
23501;202000026115;16;12;2020;12:05;1;81;81286;2;1;1;7;route departementale 14;43,6581620;2,0312690
23502;202000026117;16;12;2020;12:00;1;14;14543;1;1;1;6;N13;49,2006470; -0,4867910
23503;202000026118;17;12;2020;18:00;3;71;71336;1;3;1;1;Route de Louhans;46,7065172;4,9677392
23504;202000026119;17;12;2020;10:30;1;83;83018;1;1;1;1;RD13, PR 53+500;43,3588230;6,1981770
23505;202000026121;17;12;2020;08:00;3;56;56251;1;2;2;6;Kerboura;47,6523510; -2,6312690
23506;202000026122;16;12;2020;14:30;1;80;80620;2;1;1;-1;Rue Dehaussy;49,9317930;2,9413260
23507;202000026123;15;12;2020;21:00;5;80;80093;2;1;5;2;Rue Eugène Létocart;50,0460610;2,1509920
23508;202000026124;16;12;2020;13:31;1;71;71378;1;2;1;3;D981- pk 3+300;46,8752329;4,7523834
23509;202000026125;17;12;2020;07:20;3;61;61307;1;1;1;1;Lieu Dit les Burets;48,8519380;0,2566120
23510;202000026126;17;12;2020;17:46;3;49;49304;1;1;1;1;D952;47,3183890; -0,1556540
23511;202000026127;16;12;2020;09:35;1;39;39470;1;1;8;5;;46,4820900;6,0457100
23512;202000026128;17;12;2020;07:00;3;25;25196;1;1;5;5;D480;47,4880810;6,9010930
23513;202000026129;16;12;2020;09:25;1;35;35105;1;8;1;5;La Grande Raveniere;48,1119370; -1,1249390
23514;202000026130;17;12;2020;08:20;2;29;29075;2;3;1;6;41 Rue Amiral Guépratte;48,4343545; -4,3978734
23515;202000026131;17;12;2020;15:40;1;01;01304;2;3;2;3;Avenue de l'Oiselon;46,0461650;5,3378160
23516;202000026132;16;12;2020;18:50;5;72;72180;2;9;2;3;Rue du Docteur Godard;48,3506990;0,3683580
23517;202000026133;17;12;2020;15:00;1;50;50003;1;3;1;3;Rue de la Mare à Jorre;49,0603770; -1,5978940
23518;202000026134;17;12;2020;09:05;1;50;50615;2;1;1;6;Boulevard Felix Buhot;49,5101700; -1,4744690
23519;202000026135;16;12;2020;18:20;3;73;73229;1;1;1;5;D1006 Route de Chambéry;45,4545071;5,7713680
23520;202000026136;17;12;2020;15:45;2;53;53266;1;1;1;2;La Nivelaie;48,2954140; -0,2867600
23521;202000026137;16;12;2020;17:50;3;28;28199;1;3;1;1;D927;48,2095990;1,8610140
23522;202000026138;17;12;2020;19:30;5;88;88081;2;3;1;1;18 Rue d'Alsace;47,8864360;6,8568630
23523;202000026139;16;12;2020;12:13;1;06;06088;1;1;8;-1;A8 pk 185+400 NORD;43,6685660;7,1984370
23524;202000026140;15;12;2020;22:15;3;86;86174;1;9;1;6;autoroute 10;46,7753300;0,4919400
23525;202000026141;14;12;2020;15:05;1;987;98748;1;1;1;6;PK 2+700; -17,8272130; -149,2423950
23526;202000026142;16;12;2020;15:20;1;971;97116;1;1;1;6;Rue du Moule;16,3230840; -61,4154200
23527;202000026143;16;12;2020;18:00;3;45;45191;1;1;8;6;D24 - PK 4 + 500;48,2945790;2,3377600
23528;202000026144;17;12;2020;14:00;1;78;78478;1;1;1;7;Route Nationale 191;48,4756160;1,8537980
23529;202000026145;17;12;2020;08:45;1;2B;2B042;2;3;7;6;Avenue de Borgo;42,5635320;9,4410590
23530;202000026146;17;12;2020;18:05;3;34;34024;1;1;1;1;D600;43,4613450;3,6936270
23531;202000026147;17;12;2020;12:15;1;88;88084;1;1;8;7;RD 09;48,3984370;6,2819480
23532;202000026148;16;12;2020;18:20;5;74;74007;2;3;5;1;Rte de Cornier;46,0778190;6,3249060
23533;202000026149;17;12;2020;07:30;2;26;26119;2;1;1;6;645 Route Nationale 7;45,1185330;4,8211670
23534;202000026152;17;1;2020;08:49;1;77;77487;2;6;2;3;SAINT JUST (AVENUE) - RD82E2;48,5342100;2,6839000
23535;202000026154;16;1;2020;18:05;5;76;76351;2;1;1;-1;FRISSARD (QUAI);49,4903800;0,1275600
23536;202000026155;17;1;2020;21:10;5;74;74012;2;1;2;6;FAUCIGNY (RUE DU);46,1942000;6,2393300
23537;202000026156;16;1;2020;21:25;5;72;72181;2;1;1;2;LEFAUCHEUX PIERRE (BD);47,9709417;0,1745099
23538;202000026157;16;1;2020;19:00;4;66;66136;1;1;1;-1;Départementale 914;42,6645180;2,9061250
23539;202000026158;17;1;2020;18:00;5;64;64445;2;1;2;3;LUCIEN FAVRE;43,3189000; -0,3612000
23540;202000026159;17;1;2020;08:00;2;64;64348;2;1;1;3;NORD SUD VOIE;43,3362600; -0,3848400
23541;202000026160;16;1;2020;16:25;1;64;64284;2;3;7;3;GENERAL LECLERC DU;43,2879300; -0,3898700
23542;202000026161;16;1;2020;08:35;1;64;64024;2;3;1;3;BIARRITZ (AVENUE DE);43,4811000; -1,5333700
23543;202000026162;17;1;2020;07:00;4;59;59271;2;1;2;6;BABEUF;50,9993820;2,3055296
23544;202000026163;16;1;2020;18:45;5;56;56162;2;3;3;6;DE GAULLE (BD DU GENERAL);47,7340200; -3,4205400
23545;202000026164;16;1;2020;13:15;1;54;54395;2;2;1;5;POINCARE (RUE RAYMOND 1-29-2-30);48,6893987;6,1697372
23546;202000026165;16;1;2020;15:46;1;54;54395;2;1;1;1;FOLLER (RUE);48,6864488;6,1940186
23547;202000026166;15;1;2020;18:50;5;50;50129;2;2;2;6;BRIAND (AVENUE);49,6395300; -1,6162500
23548;202000026167;16;1;2020;11:40;1;50;50173;2;6;1;3;BRECOURT (rond point de );49,6536100; -1,6763100
23549;202000026168;13;1;2020;18:20;5;50;50203;1;3;2;2;de la Banque à Genets (Avenue);49,6105300; -1,6169800
23550;202000026169;17;1;2020;16:00;1;45;45298;2;1;1;6;AV DU TRAITE DE ROME;47,8816000;1,8646700
23551;202000026170;16;1;2020;11:45;1;45;45068;2;1;1;6;AV JEAN JAURES;48,0128640;2,7358140
23552;202000026171;18;1;2020;00:00;5;37;37261;2;2;1;1;REPUBLIQUE (AVENUE DE LA);47,4113079;0,6913081
23553;202000026172;17;1;2020;22:00;5;37;37122;2;1;1;2;BORDEAUX (AVENUE DE);47,3559738;0,6986179
23554;202000026173;16;1;2020;14:02;1;37;37261;2;2;1;6;SEMARD (RUE PIERRE);47,3867944;0,7083877
23555;202000026174;17;1;2020;14:45;1;34;34172;2;2;1;6;VANIERES (AVENUE DE);43,5966128;3,8449144
23556;202000026175;17;1;2020;22:05;5;33;33550;2;2;1;1;RUE PIERRE CURIE / RUE RAYMOND POINCARE / RUE CLAUDE DEBUSSY;44,7619300; -0,5707300
23557;202000026176;17;1;2020;20:00;5;33;33039;2;2;2;2;RUE PIERRE ET MARIE CURIE / AVE LUCIEN LEROUSSEAU / PL DE LA LIBERTE;44,8077700; -0,5538100
23558;202000026177;5;1;2020;13:30;1;33;33281;2;1;1;2;Avenue du Président John Fitzgerald Kennedy;44,8341100; -0,6692100
23559;202000026178;17;1;2020;11:45;1;33;33192;2;2;2;6;CRS DU GENERAL DE GAULLE  / RUE DES ERABLES / PL BERNARD ROUMEGOUX;44,7739100; -0,6132900
23560;202000026179;17;1;2020;08:05;1;33;33063;2;2;2;1;CRS DU RACCORDEMENT / CRS EDOUARD VAILLANT;44,8646100; -0,5637900
23561;202000026180;17;1;2020;07:45;2;33;33281;2;6;2;3;AVE FRANCOIS MITTERRAND / AVE ROLAND GARROS / RUE DE LA PRINCESSE;44,8162000; -0,6805100
23562;202000026181;5;1;2020;15:50;1;33;33281;2;6;1;1;AVE DE L'ALOUETTE / AVE DE KAOLACK;44,8249300; -0,6628500
23563;202000026182;8;1;2020;16:05;1;33;33281;2;2;1;3;AVE MARCEL DASSAULT / Rocade  A630 (E10) (Entrée bretelle);44,8435200; -0,6729400
23564;202000026183;7;1;2020;13:40;1;33;33039;2;1;1;6;Rue Ferdinand Buisson;44,7989300; -0,5575100
23565;202000026184;17;1;2020;18:05;5;32;32013;2;1;2;2;AGEN (ROUTE D');43,6598600;0,5991100
23566;202000026185;17;1;2020;08:03;1;31;31555;2;1;1;4;RTE DE LAUNAGUET;43,6436200;1,4391000
23567;202000026186;17;1;2020;07:30;4;31;31157;2;1;1;1;CHE DE VILLENOUVELLE;43,5530000;1,3746400
23568;202000026187;16;1;2020;19:20;3;31;31555;1;1;1;4;VA008482 A624;43,6051050;1,3968730
23569;202000026188;16;1;2020;18:30;5;31;31555;2;1;1;-1;BILLIERES (AV ETIENNE) DU 1AU 78;43,5969700;1,4256640
23570;202000026189;16;1;2020;06:30;2;30;30189;2;2;1;3;SAINTE ANNE (RUE);43,8344000;4,3509000
23571;202000026190;16;1;2020;10:34;1;29;29019;2;3;1;1;Rue Voltaire;48,3846209; -4,4874500
23572;202000026191;11;1;2020;10:30;1;27;27375;2;1;1;2;ONZE NOVEMBRE 1918 (RUE DU);49,2182010;1,1668120
23573;202000026192;13;1;2020;18:00;2;26;26198;2;1;1;6;TEIL (Avenue du);44,5583010;4,7428430
23574;202000026193;16;1;2020;16:00;1;19;19031;2;1;1;2;ALVITRE (AVENUE ABBE);45,1517800;1,5026000
23575;202000026194;17;1;2020;21:40;5;17;17300;2;1;2;7;EVANGILE   RUE BASTION DE L';46,1646990; -1,1594150
23576;202000026195;17;1;2020;16:30;1;17;17299;2;1;2;2;DENFERT ROCHEREAU RUE;45,9403100; -0,9654600
23577;202000026196;16;1;2020;10:55;1;15;15014;2;1;1;6;COLLET (ROUTE DU);44,9109010;2,4211730
23578;202000026197;17;1;2020;22:35;5;14;14366;2;1;1;6;FOURNET (PLACE);49,1402700;0,2272000
23579;202000026198;17;1;2020;13:22;1;14;14118;2;2;2;1;POINCARE (BOULEVARD RAYMOND);49,1633800; -0,3490900
23580;202000026199;17;1;2020;20:40;3;13;13117;1;1;8;4;ROUTE NATIONALE 113 - CADESTEAUX;43,4695330;5,2319100
23581;202000026201;17;1;2020;19:50;3;13;13212;2;1;2;6;GAROUTTE (BOULEVARD);43,3059500;5,4129700
23582;202000026202;17;1;2020;22:45;5;13;13211;2;1;1;6;SAINT LOUP (BOULEVARD DE);43,2838780;5,4351740
23583;202000026203;17;1;2020;17:50;5;13;13209;2;1;2;6;MICHELET (BOULEVARD);43,2620343;5,3971249
23584;202000026204;17;1;2020;14:35;1;13;13205;2;9;2;3;HORACE BERTIN (RUE);43,2959000;5,3936500
23585;202000026206;16;1;2020;18:00;5;13;13002;2;1;1;3;7 RMENT DE TIRAILLEURS ALGERIENS (AVENUE;43,3378030;5,4724760
23586;202000026207;17;1;2020;08:10;1;13;13001;1;3;1;3;FERRINI FORTUNE (AV);43,4874780;5,4229810
23587;202000026210;16;1;2020;19:55;2;11;11069;2;1;1;7;COMTE AUGUSTE N° PAIRS;43,2121770;2,3710180
23588;202000026211;17;1;2020;21:15;5;10;10333;2;1;1;6;CHARLES MORET (RUE);48,2786300;4,0662200
23589;202000026212;15;1;2020;10:27;1;10;10387;2;1;7;6;Avenue Pasteur;48,3007580;4,0646890
23590;202000026213;17;1;2020;21:30;5;06;06069;2;6;8;6;PROVENCE (AVENUE DE);43,6560000;6,9247000
23591;202000026214;17;1;2020;14:30;1;06;06069;2;6;2;3;PROVENCE (AVENUE DE);43,6561200;6,9248200
23592;202000026215;17;1;2020;23:00;5;06;06004;1;1;2;5;;43,6019030;7,0792330
23593;202000026216;16;1;2020;07:04;5;75;75117;2;2;1;3;BOULEVARD DE DOUAUMONT;48,8966753;2,3095669
23594;202000026219;17;1;2020;20:00;5;75;75118;2;2;2;3;RUE VERSIGNY;48,8943243;2,3453531
23595;202000026220;16;1;2020;19:20;5;75;75117;2;3;1;3;AVENUE DE CLICHY;48,8880230;2,3246160
23596;202000026221;15;1;2020;12:15;1;75;75117;2;1;1;3;AVENUE DE VILLIERS;48,8852680;2,2946881
23597;202000026222;17;1;2020;09:00;1;75;75116;2;1;2;-1;CHAUSSEE LA MUETTE;48,8583090;2,2715200
23598;202000026223;17;1;2020;07:00;3;75;75114;2;2;2;3;RUE CLAUDE GARAMOND;48,8254480;2,3023140
23599;202000026224;16;1;2020;13:30;1;75;75115;2;2;1;3;RUE DE VAUGIRARD;48,8414860;2,3079410
23600;202000026225;17;1;2020;15:40;1;75;75113;2;3;8;3;BOULEVARD ARAGO;48,8360490;2,3495330
23601;202000026226;17;1;2020;19:40;5;75;75112;2;1;1;3;SOUTERRAIN QUAI DE BERCY;48,8313377;2,3850390
23602;202000026227;17;1;2020;01:45;5;75;75111;2;2;1;2;RUE DES TROIS BORNES;48,8668760;2,3733620
23603;202000026228;17;1;2020;17:15;5;75;75108;2;3;1;6;RUE DE ROME;48,8739118;2,3260855
23604;202000026229;17;1;2020;11:19;1;75;75108;2;2;1;3;PONT ALEXANDRE III;48,8646740;2,3136520