;Num_Acc;jour;mois;an;hrmn;lum;dep;com;agg;int;atm;col;adr;lat;long
23605;202000026230;17;1;2020;09:26;1;75;75108;2;1;1;7;AVENUE GEORGE V;48,8688020;2,3011147
23606;202000026231;16;1;2020;20:55;5;75;75101;2;1;1;7;PONT DES ARTS;48,8590450;2,3378750
23607;202000026232;16;1;2020;13:15;1;75;75101;2;7;1;3;PLACE DES PYRAMIDES;48,8637888;2,3319812
23608;202000026233;16;1;2020;13:50;1;75;75101;2;3;1;3;QUAI FRANCOIS MITTERRAND;48,8608470;2,3301425
23609;202000026234;16;1;2020;13:05;1;75;75102;2;5;1;6;RUE DANIELLE CASANOVA;48,8675058;2,3336601
23610;202000026235;17;1;2020;09:40;1;94;94068;2;1;2;2;BEAUBOURG (QU);48,8130246;2,4795198
23611;202000026236;16;1;2020;13:30;1;94;94068;2;2;1;3;GENERAL LECLERC (AV DU);48,8076300;2,5058900
23612;202000026237;16;1;2020;13:20;1;94;94068;2;1;1;6;JEAN JAURES (AV);48,7876900;2,4824900
23613;202000026238;16;1;2020;10:00;1;94;94068;2;2;1;3;BOURDIGNON (R);48,8038000;2,4770300
23614;202000026239;16;1;2020;11:30;1;94;94041;2;1;1;6;SAINT JUST (R);48,8098520;2,3875310
23615;202000026240;17;1;2020;19:15;5;94;94069;2;1;1;6;MOULIN DES CORBEAUX (ALL DU);48,8147900;2,4567700
23616;202000026241;17;1;2020;13:25;1;94;94079;2;1;1;6;FRIEDBERG (BD DE);48,8320000;2,5421400
23617;202000026242;17;1;2020;08:10;2;94;94079;2;3;2;2;JEAN JAURES (R);48,8272318;2,5334591
23618;202000026243;17;1;2020;20:25;5;94;94017;2;3;1;3;PLESSIS TREVISE (R DU);48,8114400;2,5532900
23619;202000026244;17;1;2020;13:05;1;94;94048;1;1;1;3;R DU GUÉ;48,7275890;2,5429820
23620;202000026245;17;1;2020;15:20;1;94;94002;2;3;1;7;EUROPE (PL DE L);48,7885000;2,4287000
23621;202000026247;17;1;2020;07:55;2;93;93072;2;1;2;2;ARISTIDE BRIAND (AVENUE) COTE DES N°1A87;48,9609900;2,3814100
23622;202000026248;13;1;2020;16:45;1;93;93027;2;5;1;3;R NUNGESSER / R ANIZAN CAVILLON;48,9328000;2,4127200
23623;202000026249;17;1;2020;10:30;1;93;93051;2;2;2;3;CHAPELLE;48,8307503;2,5728786
23624;202000026251;17;1;2020;06:30;4;93;93051;2;1;3;2;HAUTS CHATEAUX;48,8427885;2,5768438
23625;202000026253;17;1;2020;07:35;5;93;93046;2;2;2;3;AV WINSTON CHURCHILL / AV JEAN ZAY;48,9139900;2,5364800
23626;202000026254;17;1;2020;21:00;5;93;93029;2;2;8;3;EDOUARD VAILLANT N° 99-FIN;48,9285000;2,4305000
23627;202000026255;17;1;2020;07:50;5;93;93013;2;1;2;6;JAURES (AVENUE JEAN) DE 28 A 62;48,9313300;2,4286700
23628;202000026256;17;1;2020;07:30;5;93;93057;2;1;2;2;214 à  236 AV ARISTIDE BRIAND;48,9101200;2,5103000
23629;202000026257;17;1;2020;07:50;5;93;93001;2;1;2;7;PONT BLANC / R CHARLES TILLON;48,9165180;2,3920840
23630;202000026258;14;1;2020;10:10;1;92;92064;2;7;1;2;GEORGES CLEMENCEAU;48,8414953;2,2218854
23631;202000026259;16;1;2020;18:50;5;92;92063;2;1;1;6;RICHELIEU (BOULEVARD);48,8728200;2,1826200
23632;202000026260;17;1;2020;08:20;2;92;92020;2;1;2;3;PARIS AVENUE DE N° IMPAIRS;48,8081600;2,2957100
23633;202000026261;15;1;2020;20:40;5;92;92036;2;1;1;2;GENEAL DE GAULLE (AVENUE) (1/41);48,9344383;2,3204106
23634;202000026262;15;1;2020;16:40;1;92;92036;2;1;1;6;INDUSTRIE (RUE DE L');48,9320450;2,3107445
23635;202000026263;17;1;2020;15:30;1;92;92026;2;3;1;6;SAINT DENIS BD (120 A 174 / 199 A 315);48,9006627;2,2701896
23636;202000026264;17;1;2020;08:15;1;92;92025;2;9;2;3;CHARLES DE GAULLE (BD);48,9185000;2,2240400
23637;202000026265;17;1;2020;21:20;5;92;92002;2;1;1;3;ARISTIDE BRIAND (AVENUE);48,7541000;2,3053000
23638;202000026266;18;1;2020;16:40;2;34;34225;1;1;1;3;D134;43,4034200;3,0341870
23639;202000026268;17;1;2020;21:50;3;972;97222;1;1;1;2;Route nationale 1;14,6955420; -60,9413150
23640;202000026269;17;1;2020;22:45;3;972;97202;1;1;1;6;Quartier Mapou;14,4943890; -61,0755000
23641;202000026270;18;1;2020;14:05;1;11;11203;2;3;1;3;Avenue Maréchal gallieni;43,2027760;2,7650370
23642;202000026271;17;1;2020;11:20;1;35;35235;1;1;1;6;608 Lieu Dit la Hairie;47,9332590; -1,2184520
23643;202000026272;18;1;2020;02:50;3;71;71204;1;1;1;2;A6;46,8467004;4,8299986
23644;202000026273;18;1;2020;03:45;3;14;14132;1;1;8;6;D204;49,3413446; -0,9799212
23645;202000026274;1;1;2020;04:30;5;971;97109;2;1;1;1;Champfleury;15,9800025; -61,6807439
23646;202000026275;16;1;2020;14:45;1;26;26333;2;1;1;3;RD 51;45,1733620;4,8244770
23647;202000026276;18;1;2020;15:00;1;60;60203;1;2;1;3;D1324;49,2340676;2,8425032
23648;202000026277;17;1;2020;13:15;1;2B;2B347;1;1;1;6;D243;42,1796630;9,2428300
23649;202000026278;17;1;2020;11:15;1;83;83054;2;1;1;3;Avenue de la République;43,1657775;6,0427235
23650;202000026279;17;1;2020;19:28;3;51;51278;1;1;1;3;D944;49,0687048;4,2952604
23651;202000026281;17;1;2020;15:15;1;81;81070;1;1;1;7;Chemin de l'Europe;43,8059700;1,7518840
23652;202000026282;18;1;2020;15:00;1;12;12254;1;1;1;6;Route du pont de Coursavy;44,4511490;2,4757120
23653;202000026283;18;1;2020;15:05;1;34;34300;1;1;1;7;D18;43,4115580;3,3268060
23654;202000026284;17;1;2020;07:00;2;25;25328;1;1;1;1;N83;47,1878500;5,9661060
23655;202000026285;17;1;2020;06:15;3;29;29015;1;1;2;1;D13 - Lieu-dit Menez Bihan;48,5180110; -4,5006510
23656;202000026286;16;1;2020;21:30;3;03;03118;1;1;1;7;;46,0976174;3,1774794
23657;202000026287;17;1;2020;19:15;5;01;01024;1;2;1;2;Route de Bourg;46,2796840;5,1642290
23658;202000026288;18;1;2020;13:15;1;26;26126;1;1;1;6;D542;44,2209530;5,5833880
23659;202000026289;17;1;2020;15:00;1;05;05098;2;1;4;-1;Pra Mouton;44,4967660;6,5545630
23660;202000026290;18;1;2020;10:30;1;05;05170;1;1;9;2;route nationale 85;44,4473240;6,0322230
23661;202000026292;18;1;2020;08:55;1;13;13050;2;9;7;6;Avenue d'Aix En Provence;43,6487220;5,2648840
23662;202000026293;18;1;2020;09:35;1;988;98805;1;1;3;1;RT 1 - Mairie de Dumbéa; -22,1664130;166,4560160
23663;202000026294;17;1;2020;16:45;1;18;18034;1;1;2;6;A71;46,7008780;2,4623970
23664;202000026295;17;1;2020;13:40;1;971;97115;2;3;8;3;Route de Brefort;16,2633340; -61,6438830
23665;202000026296;17;1;2020;18:42;3;10;10004;1;1;2;1;D10;48,5798400;4,1130220
23666;202000026297;15;1;2020;18:45;5;01;01142;2;1;1;1;Rue de Genève;45,8506550;5,0737700
23667;202000026298;17;1;2020;17:20;2;62;62170;2;1;1;2;43 Rue de la Colline;50,4213550;2,6583540
23668;202000026299;17;1;2020;09:00;1;13;13055;1;1;1;4;A507 sens Aubagne- Marseille;43,3310327;5,3876113
23669;202000026300;16;1;2020;14:38;1;13;13106;1;1;1;4;A7-Sens Lyon vers Marseille;43,3935000;5,3510000
23670;202000026301;16;1;2020;10:15;1;83;83035;1;1;1;6;A50;43,1787100;5,7696100
23671;202000026303;17;1;2020;16:00;1;94;94038;1;1;1;4;AUTOROUTE A6A;48,7814000;2,3467000
23672;202000026304;17;1;2020;09:30;1;94;94016;1;1;1;5;AUTOROUTE A6A;48,7970000;2,3443100
23673;202000026305;17;1;2020;08:25;5;94;94034;1;1;2;4;AUTOROUTE A86;48,7605718;2,3191917
23674;202000026306;17;1;2020;06:40;5;94;94037;1;1;1;7;AUTOROUTE A6B;48,8144000;2,3553000
23675;202000026307;17;1;2020;09:33;1;92;92063;1;1;8;2;A86;48,8711800;2,1585300
23676;202000026308;17;1;2020;09:15;1;92;92036;1;1;2;7;A86;48,9353634;2,2852235
23677;202000026309;17;1;2020;06:10;2;78;78640;1;1;2;1;A86 EXT;48,7793900;2,1943320
23678;202000026312;16;1;2020;08:25;1;78;78490;1;1;1;5;RN12 EXT;48,8011460;1,9415880
23679;202000026313;17;1;2020;20:15;3;93;93010;1;1;2;7;AUTOROUTE A3;48,9036200;2,4714000
23680;202000026314;17;1;2020;17:30;1;93;93007;1;1;1;5;AUTOROUTE A3;48,9421500;2,4781700
23681;202000026315;17;1;2020;11:00;1;93;93027;1;1;1;2;AUTOROUTE A86;48,9256800;2,3979300
23682;202000026316;17;1;2020;11:00;1;93;93006;1;1;2;2;AUTOROUTE A3;48,8655800;2,4188300
23683;202000026317;17;1;2020;08:25;1;95;95018;1;1;2;2;AUTOROUTE A15;48,9540600;2,2788000
23684;202000026318;17;1;2020;05:30;3;92;92036;1;1;2;5;AUTOROUTE A15;48,9436474;2,2877566
23685;202000026319;17;1;2020;00:40;3;93;93066;1;1;1;2;AUTOROUTE A1;48,9299500;2,3641700
23686;202000026320;16;1;2020;18:30;3;95;95675;1;1;1;4; A1;49,0536100;2,5485000
23687;202000026321;15;1;2020;13:30;1;93;93027;1;1;1;7;AUTOROUTE A86;48,9284800;2,4162900
23688;202000026322;14;1;2020;19:20;5;94;94068;2;2;1;3;VASSAL (R);48,7930000;2,4770000
23689;202000026323;16;1;2020;14:20;1;988;98818;2;1;1;7;RUE ARNOLD DALY; -22,2837300;166,4679200
23690;202000026324;15;1;2020;09:50;1;974;97416;1;1;1;3;RN3 (1); -21,3272100;55,4830700
23691;202000026325;16;1;2020;09:00;1;69;69387;2;2;1;6;MARSEILLE (DE)                      (R );45,7507000;4,8394000
23692;202000026328;16;1;2020;16:30;1;69;69382;2;1;1;2;TREMIE N°3;45,7503300;4,8249600
23693;202000026329;16;1;2020;14:50;1;69;69384;2;2;1;6;HENRI GORJUS                        (R );45,7796000;4,8235000
23694;202000026330;12;1;2020;02:10;5;2B;2B037;1;6;1;6;TOUTES RUES;42,5941200;9,4387000
23695;202000026331;16;1;2020;13:55;1;2B;2B033;1;1;1;5;ST FLORENT-ANCIENNE RT DE;42,6809700;9,4009900
23696;202000026332;16;1;2020;16:20;1;95;95088;2;1;1;1;DUGNY (RUE DE);48,9735975;2,4310791
23697;202000026333;16;1;2020;13:10;1;91;91027;2;1;1;2;MITTERAND (AVENUE FRANCOIS) N° 112 A 188;48,7060200;2,3714400
23698;202000026334;11;1;2020;20:10;3;83;83069;2;1;1;1;DECUGIS (AVENUE ALFRED);43,1106700;6,1689100
23699;202000026335;5;1;2020;12:20;1;83;83118;2;1;7;3;BOULEVARD DE LA BAUMETTE;43,4284347;6,8715459
23700;202000026336;16;1;2020;07:20;2;81;81065;2;1;1;6;TOULOUSE RN 126 (RTE DE);43,5931950;2,2170000
23701;202000026337;15;1;2020;13:10;1;77;77251;2;6;1;-1;CORBEIL (AVENUE DE);48,6265495;2,5532061
23702;202000026338;15;1;2020;08:10;5;76;76540;2;1;1;6;MONT RIBOUDET. AVENUE DU;49,4463700;1,0708900
23703;202000026339;15;1;2020;09:10;1;76;76351;2;1;1;6;PIERRE FARCIS;49,5168100;0,1011000
23704;202000026340;10;1;2020;12:10;1;76;76351;2;2;1;3;LOUIS BRINDEAU;49,4912200;0,1033600
23705;202000026341;16;1;2020;17:15;1;71;71540;1;9;1;3;Route Centre à Centre;46,7453543;4,4433490
23706;202000026342;16;1;2020;12:00;1;69;69266;2;2;1;3;EMILE ZOLA     (Cours);45,7702298;4,8756688
23707;202000026343;15;1;2020;11:15;1;69;69266;2;2;1;1;LEON BLUM      (Rue);45,7605800;4,9055200
23708;202000026345;15;1;2020;14:15;1;67;67482;2;1;1;3;ALTKIRCH (RUE D );48,5620390;7,7721600
23709;202000026346;15;1;2020;16:48;1;66;66136;2;1;1;3;TORCATIS (AVENUE LOUIS);42,7039200;2,8905900
23710;202000026347;8;7;2020;02:48;3;49;49267;2;1;1;7;Route d'ANGERS;47,4685800; -0,5071300
23711;202000026348;8;7;2020;18:10;1;45;45234;2;1;1;3;Rue du Faubourg de Bourgogne;47,9010575;1,9204845
23712;202000026349;8;7;2020;11:50;1;45;45302;2;6;1;-1;D2020 PR 22 + 823;47,9569500;1,8902700
23713;202000026350;25;5;2020;11:55;1;38;38185;2;1;1;6;Avenue Jean Perrot;45,1805100;5,7350800
23714;202000026352;6;7;2020;19:30;1;37;37261;2;1;1;-1;DANIEL MAYER;47,4188525;0,6989363
23715;202000026353;8;7;2020;07:50;2;35;35238;2;1;1;1;ALMA (DE L');48,1018600; -1,6762800
23716;202000026355;8;7;2020;03:10;5;33;33009;2;3;1;7;Boulevard de la Plage;44,6626700; -1,1637200
23717;202000026356;5;7;2020;19:40;1;33;33009;2;6;1;2;ABATILLES (AVE);44,6486300; -1,1864600
23718;202000026357;6;6;2020;13:15;1;33;33009;2;7;8;6;GRACIA (PL. LUCIEN DE);44,6614300; -1,1701000
23719;202000026358;7;7;2020;18:00;1;31;31555;2;1;1;3;296 Route de Seysses;43,5739800;1,4196600
23720;202000026359;6;7;2020;17:16;1;29;29232;2;4;1;1;Rue Paul Borrossi;47,9875100; -4,1266600
23721;202000026360;7;7;2020;11:30;1;27;27375;2;1;1;7;LECLERC (AVENUE DU ML);49,2080179;1,1534860
23722;202000026361;7;7;2020;18:20;2;18;18033;2;1;1;3;TURLY (RUE DE);47,0974000;2,4134000
23723;202000026362;7;7;2020;22:45;5;14;14341;2;1;1;6;ECHANGEUR N° 12 ( IFS );49,1476800; -0,3542400
23724;202000026363;8;7;2020;18:30;1;13;13210;2;1;1;6;TIMONE (AVENUE DE LA);43,2869230;5,4117860
23725;202000026364;8;7;2020;17:45;1;13;13203;2;1;1;6;DOCTEUR LÉON PERRIN (RUE);43,3141000;5,3871000
23726;202000026365;8;7;2020;11:30;1;13;13210;2;1;1;3;FLORIAN ( ROND POINT);43,2833107;5,4270651
23727;202000026366;7;7;2020;23:25;5;13;13216;2;9;1;1;LITTORAL (CHEMIN DU);43,3505917;5,3413515
23728;202000026367;7;7;2020;13:00;1;13;13206;2;2;1;3;ITALIE (RUE D');43,2895600;5,3823900
23729;202000026368;7;7;2020;08:15;1;13;13210;2;2;1;3;FLORIAN (AVENUE);43,2816410;5,4275250
23730;202000026369;7;7;2020;16:10;1;11;11262;2;1;1;2;CAP DE PLA (CHEMIN DE);43,1804100;2,9721900
23731;202000026370;7;7;2020;20:05;1;11;11069;2;3;1;3;ETUDES -DES-;43,2134200;2,3483300
23732;202000026371;8;7;2020;19:10;1;06;06069;1;1;1;-1;DRAGUIGNAN (ROUTE DE) - D2562-;43,6449280;6,8938080
23733;202000026372;6;7;2020;19:00;1;06;06029;2;1;7;6;LEADER (BOULEVARD);43,5496900;6,9937900
23734;202000026373;8;7;2020;10:25;1;01;01451;2;1;1;5;PARIS (ROUTE DE);46,2191950;5,2114810
23735;202000026374;8;7;2020;11:05;1;75;75114;2;1;1;4;PORTE DE CHATILLON;48,8232400;2,3116500
23736;202000026375;7;7;2020;12:00;1;75;75114;2;1;1;3;PORTE DE CHATILLON;48,8234250;2,3102740
23737;202000026376;7;7;2020;09:20;1;75;75117;2;1;1;3;PORTE DE CLICHY;48,8951580;2,3064100
23738;202000026377;8;7;2020;14:49;1;75;75104;2;3;1;6;AVENUE VICTORIA;48,8568130;2,3510600
23739;202000026378;8;7;2020;07:55;1;75;75120;2;1;1;7;RUE DES COURONNES;48,8710700;2,3886120
23740;202000026379;8;7;2020;11:00;1;75;75119;2;3;1;6;RUE COMPANS;48,8775020;2,3938420
23741;202000026382;7;7;2020;18:40;1;75;75117;2;2;1;1;RUE FOURCROY;48,8804510;2,2964520
23742;202000026383;8;7;2020;21:05;1;75;75116;2;2;1;3;AVENUE DU PRESIDENT WILSON;48,8651670;2,2998460
23743;202000026384;8;7;2020;16:15;1;75;75116;2;1;1;3;VOIE GEORGES POMPIDOU;48,8569240;2,2872810
23744;202000026385;8;7;2020;15:00;1;75;75116;2;1;1;4;AVENUE DE NEW YORK;48,8616820;2,2928300
23745;202000026386;8;7;2020;18:10;1;75;75116;2;7;1;3;AVENUE FOCH;48,8737550;2,2941040
23746;202000026387;7;7;2020;22:15;5;75;75116;2;2;1;6;RUE DE L ASSOMPTION;48,8546880;2,2693540
23747;202000026388;8;7;2020;14:30;1;75;75115;2;2;1;-1;RUE CAMBRONNE;48,8426170;2,3027060
23748;202000026390;8;7;2020;09:00;1;75;75115;2;7;1;-1;PLACE DES INSURGES DE VARSOVIE;48,8276960;2,2922650
23749;202000026391;7;7;2020;21:15;1;75;75115;2;2;1;3;BOULEVARD DE GRENELLE;48,8491440;2,2980440
23750;202000026392;6;7;2020;21:36;2;75;75115;2;2;1;3;BOULEVARD LEFEBVRE;48,8284880;2,3013820
23751;202000026393;8;7;2020;12:20;1;75;75112;2;6;1;4;ROUTE DE LA PYRAMIDE;48,8338580;2,4450820
23752;202000026394;8;7;2020;08:10;1;75;75112;2;2;1;3;RUE DE BERCY;48,8458510;2,3708360
23753;202000026395;7;7;2020;23:10;5;75;75112;2;1;1;6;AVENUE DAUMESNIL;48,8450160;2,3800560
23754;202000026396;8;7;2020;19:50;1;75;75108;2;1;7;6;BOULEVARD HAUSSMANN;48,8740320;2,3253320
23755;202000026397;8;7;2020;19:10;1;75;75107;2;1;1;3;PONT DE L ALMA;48,8631690;2,3017380
23756;202000026398;8;7;2020;12:50;1;94;94067;2;1;1;6;PARIS (av. de);48,8456770;2,4260940
23757;202000026399;8;7;2020;00:30;5;94;94076;2;2;1;3;STALINGRAD (AV DE);48,7845600;2,3672300
23758;202000026400;7;7;2020;21:05;1;94;94043;2;1;1;6;FONTAINEBLEAU (AV DE);48,8131900;2,3612500
23759;202000026401;6;7;2020;08:50;1;94;94033;2;3;1;2;MOREAU DAVID (PL);48,8434500;2,4658000
23760;202000026402;8;7;2020;20:09;1;94;94028;2;9;1;3;VERDUN.(AVENUE DE);48,7957900;2,4633500
23761;202000026403;8;7;2020;17:25;1;94;94011;2;1;1;7;STAINS(ROUTE DE);48,7783030;2,4913050
23762;202000026404;8;7;2020;20:00;2;94;94069;2;1;1;6;MOULIN DES CORBEAUX (ALL DU);48,8166200;2,4424100
23763;202000026405;8;7;2020;19:30;1;93;93073;2;2;1;3;SALENGRO (AVENUE ROGER);48,9417100;2,5723900
23764;202000026406;8;7;2020;20:02;1;93;93053;2;3;7;1;BREMENT (RUE DE) 109 A 235 - 110 A ...;48,8876500;2,4635100
23765;202000026407;8;7;2020;09:30;1;93;93051;2;9;1;1;MONT D'EST (BD);48,8426418;2,5485471
23766;202000026408;8;7;2020;10:00;1;93;93048;2;9;1;3;GABRIEL PERI (AVENUE);48,8570146;2,4422109
23767;202000026409;8;7;2020;08:40;1;93;93046;2;5;1;1;GARE DE GARGAN AVENUE DE LA;48,9075807;2,5179112
23768;202000026410;8;7;2020;09:18;1;93;93006;2;1;1;3;AV GAMBETTA;48,8726000;2,4193000
23769;202000026411;8;7;2020;09:25;1;93;93001;1;1;1;6;JEAN MARIE TJIBAOU (QUAI);48,9166708;2,3712885
23770;202000026412;7;7;2020;13:50;1;93;93001;2;1;1;2;HENRI BARBUSSE (RUE) => 95/102;48,9068100;2,3900200
23771;202000026413;8;7;2020;19:50;1;92;92048;2;1;1;4;COLONEL MORAINE (ROUTE DU);48,7945960;2,2186840
23772;202000026415;7;7;2020;23:30;5;92;92024;2;1;1;7;OLAF PALME (RUE);48,9073622;2,3176405
23773;202000026416;5;7;2020;18:00;1;92;92004;2;2;1;6;VOLTAIRE  ( PLACE );48,9127500;2,2962800
23774;202000026417;7;7;2020;09:30;1;974;97415;1;1;1;6;N1; -20,9690690;55,2987650
23775;202000026418;8;7;2020;08:30;1;41;41262;1;1;1;6;93 Route de Bracieux;47,5242900;1,4805310
23776;202000026420;7;5;2020;19:30;3;972;97207;2;1;1;1;Lotissement Vaudrancourt - RN8;14,5721820; -60,9651300
23777;202000026421;2;7;2020;04:35;2;67;67437;1;1;1;7;D41;48,7354052;7,3950574
23778;202000026422;8;7;2020;14:50;1;35;35231;1;1;1;7;RN 137;47,8840170; -1,6898560
23779;202000026423;9;7;2020;07:20;1;74;74272;1;3;1;3;31 Route de la Corbette;45,9502470;6,0444220
23780;202000026424;8;7;2020;19:00;1;38;38373;2;1;1;1;D12;45,3597370;5,5502200
23781;202000026425;8;7;2020;10:15;1;62;62198;1;1;2;2;D341;50,3913930;2,6189520
23782;202000026426;7;7;2020;06:40;1;62;62610;1;1;1;1;D126;50,4798450;1,7703170
23783;202000026427;5;7;2020;00:30;3;51;51662;1;1;1;7;A34;49,2964891;4,1312950
23784;202000026428;8;7;2020;17:10;1;19;19121;1;1;1;1;le grand pré;45,4684530;1,4225580
23785;202000026429;9;7;2020;18:20;1;77;77452;1;2;1;1;D403;48,4758002;3,1459087
23786;202000026430;8;7;2020;10:35;1;77;77101;1;1;1;3;D75;48,4023357;3,0967444
23787;202000026431;8;7;2020;00:55;3;80;80442;1;1;1;7;D930;49,7426890;3,0123140
23788;202000026432;5;7;2020;16:40;1;80;80058;1;1;1;1;D1029;49,8720499;2,6125935
23789;202000026433;8;7;2020;20:15;1;82;82112;1;1;1;6;Route de Laujol;44,1210020;1,1029830
23790;202000026435;8;7;2020;10:00;1;81;81145;2;1;7;6;Route des Barrières;43,8607880;1,8048690
23791;202000026436;9;7;2020;01:00;5;32;32096;1;1;1;3;Boulevard Paul Daude;43,9471410; -0,0443370
23792;202000026437;8;7;2020;17:10;1;68;68258;2;1;1;6;1 Impasse des Trois Roses;47,8393220;7,3111480
23793;202000026438;8;7;2020;20:00;1;39;39407;1;1;7;6;;46,7982750;5,6246430
23794;202000026439;8;7;2020;13:15;1;44;44072;1;6;7;2;Le Rhodoir;47,5116570; -2,2858160
23795;202000026440;8;7;2020;23:00;3;38;38144;1;1;1;6;Les Biesses;45,6046110;5,0850390
23796;202000026441;8;7;2020;18:10;1;38;38150;1;6;1;3;Rond point Jean Moulin;45,2101960;5,8318040
23797;202000026443;9;7;2020;20:45;1;03;03029;1;1;1;6;;46,2326359;3,4321360
23798;202000026444;9;7;2020;12:30;1;01;01034;2;1;1;6;4 Rue Sainte Marie;45,7595268;5,6921786
23799;202000026445;4;7;2020;22:00;2;54;54208;1;1;1;6;D103;48,7492740;5,9197210
23800;202000026446;9;7;2020;12:30;1;14;14316;1;1;1;5;Route départementale 27;49,2553980; -0,0613150
23801;202000026447;8;7;2020;17:30;1;45;45040;1;3;1;3;D2007;47,5927070;2,7999690
23802;202000026448;8;7;2020;23:50;3;64;64399;1;1;1;6;11 Chemin de Pau;43,3654850; -0,3563070
23803;202000026449;9;7;2020;18:50;1;73;73151;1;2;7;3;D1006 / Rte du coteau de Torméry;45,5072894;6,0236449
23804;202000026450;8;7;2020;23:25;5;40;40243;2;4;1;6;22 Rue de la Bruqueyre;43,9243100; -0,9200390
23805;202000026452;9;7;2020;00:30;3;04;04189;1;1;1;7;RD 952;43,7769820;5,9741160
23806;202000026453;9;7;2020;07:00;1;17;17337;2;1;1;7;22 Rue des Dames;45,9790620; -1,3320650
23807;202000026455;8;7;2020;11:50;1;30;30006;1;1;1;3;D6572;43,6890550;4,1895840
23808;202000026456;9;7;2020;02:34;3;978;97801;1;3;1;3;RN7 Route de Griselle;18,0915640; -63,0297120
23809;202000026457;9;7;2020;03:10;4;68;68297;1;1;1;2;autoroute A35;47,5791960;7,5566520
23810;202000026458;2;7;2020;23:55;3;68;68195;1;1;1;5;A36;47,7457950;7,2698940
23811;202000026459;9;7;2020;16:15;1;38;38289;1;4;1;3;Allemond;45,1279860;6,0453990
23812;202000026460;9;7;2020;01:38;3;38;38257;1;9;1;2;A48;45,4835000;5,3983200
23813;202000026461;9;7;2020;14:50;1;95;95250;2;9;1;3;RD922;49,0970890;2,4791980
23814;202000026462;8;7;2020;09:10;1;38;38295;1;1;1;3;D52C;45,8337440;5,3319950
23815;202000026463;5;7;2020;04:45;3;987;98714;1;1;3;1;RT 101 - FA'ATAHI; -16,4954170; -151,7388890
23816;202000026464;8;7;2020;16:00;1;971;97116;1;4;1;1;Chemin de Brion Lebraire;16,3205200; -61,4605670
23817;202000026465;9;7;2020;10:45;1;84;84019;2;1;1;-1;Avenue Jean moulin;44,2903930;4,7532660
23818;202000026466;9;7;2020;17:50;1;06;06157;2;6;1;2;Route de Cagnes;43,7009740;7,1316080
23819;202000026467;8;7;2020;17:30;1;06;06128;1;6;1;7;Route de Cagnes;43,6863860;7,1302450
23820;202000026468;9;7;2020;17:50;1;71;71342;2;2;1;3;Route de Saint-yan;46,4505628;4,1104095
23821;202000026469;9;7;2020;10:45;1;88;88095;2;1;1;6;19 Rue de Lorraine;48,3022070;5,8349930
23822;202000026471;8;7;2020;20:00;2;73;73132;1;1;1;7;D218B Route des Saisies;45,7432612;6,5711760
23823;202000026472;8;7;2020;17:50;1;42;42299;2;1;1;1;Allée du Bicêtre;45,6124090;4,0798490
23824;202000026473;3;7;2020;23:00;5;38;38298;2;1;1;2;Rue de la République;45,3749190;4,7983450
23825;202000026474;8;7;2020;16:15;1;69;69151;2;9;1;3;D88;46,0628993;4,6014307
23826;202000026475;9;7;2020;17:10;1;69;69094;2;3;1;2;Avenue Benoit Launay;45,7437150;4,6899120
23827;202000026476;8;7;2020;18:40;1;69;69028;1;1;1;1;6 Chemin de la Gde Pierre;45,7148550;4,6932220
23828;202000026477;9;7;2020;13:20;1;09;09280;1;1;1;3;Lieu Dit Matet de Maury;42,8877020;1,4888410
23829;202000026478;7;7;2020;10:30;1;85;85035;1;1;1;2;Route de la Chaize;46,6311100; -1,8425170
23830;202000026479;8;7;2020;20:50;1;59;59280;2;1;1;1;17 Allee des Bruyeres;50,2810357;3,0570504
23831;202000026480;8;7;2020;08:55;1;13;13001;1;1;1;6;A51-Sens Aix en Provence vers Marseille;43,5246900;5,4255000
23832;202000026481;4;7;2020;23:20;3;13;13215;1;1;1;2;A7-Sens Marseille vers Lyon;43,3478310;5,3713230
23833;202000026483;5;7;2020;07:40;1;69;69199;1;1;1;3;RD 383  ;45,6937100;4,8432000
23834;202000026484;19;5;2020;15:00;1;69;69259;1;1;1;2;BUS (RD301)  2.800 A 4.470;45,6814300;4,8896100
23835;202000026485;5;7;2020;04:30;4;69;69297;1;1;1;2;A7   15.770 A 20.110;45,6061000;4,8007000
23836;202000026486;8;7;2020;17:20;1;33;33075;1;1;1;4;ROCADE A 630;44,8814400; -0,6249600
23837;202000026487;8;7;2020;17:12;1;91;91340;1;1;1;2;AUTOROUTE A6;48,6089369;2,4335667
23838;202000026489;8;7;2020;10:37;1;91;91434;1;1;1;2;AUTOROUTE A6;48,6659000;2,3622000
23839;202000026490;8;7;2020;01:45;5;91;91471;2;1;1;6;RN 118;48,6935500;2,1818100
23840;202000026491;8;7;2020;09:55;1;78;78007;1;1;1;2;A13W;48,8952820;2,0073390
23841;202000026492;7;7;2020;22:55;3;92;92036;1;1;1;6;RN315 Y;48,9350000;2,3020000
23842;202000026493;8;7;2020;10:55;1;77;77175;1;1;1;6;RN104;48,6701830;2,6117938
23843;202000026495;8;7;2020;07:00;2;94;94073;1;1;1;2;A86 EXT;48,7609889;2,3826099
23844;202000026496;7;7;2020;17:25;1;974;97416;2;1;2;3;PRESIDENT MITTERAND(AVENUE); -21,3469100;55,4892300