;Num_Acc;jour;mois;an;hrmn;lum;dep;com;agg;int;atm;col;adr;lat;long
23845;202000026498;7;7;2020;08:30;1;69;69386;2;1;1;2;BELGES (DES)                        (BD);45,7743788;4,8491051
23846;202000026500;7;7;2020;18:35;1;69;69081;2;2;1;1;SOURCES (DES)                           ;45,7887294;4,7858528
23847;202000026501;7;7;2020;07:50;1;2A;2A004;2;1;1;3;MEZZAVIA ROUTE DE;41,9478495;8,7643899
23848;202000026502;7;7;2020;13:15;1;91;91421;2;9;1;6;ZONE INDUSTRIELLE DU BAC D'ABLON;48,7168500;2,4379600
23849;202000026503;24;6;2020;16:30;1;91;91691;2;1;1;6;GARE (RUE DE LA);48,7069300;2,4849800
23850;202000026504;7;7;2020;12:06;1;87;87085;2;1;1;6;NAZARETH (RUE DE);45,8226900;1,2482500
23851;202000026505;3;7;2020;15:39;1;87;87085;1;1;1;6;BEAUBREUIL (AVENUE DE);45,8763400;1,3004300
23852;202000026506;5;7;2020;06:40;1;83;83126;1;1;1;6;CARMILLE ( AV DU GENERAL);43,0940800;5,8890000
23853;202000026507;6;7;2020;19:10;1;83;83009;1;1;1;1;BEAUSSET (ROUTE DU);43,1556900;5,7640200
23854;202000026508;7;7;2020;14:10;1;83;83069;2;1;1;3;ALMANARRE (ROUTE DE L');43,0847500;6,1116900
23855;202000026509;7;7;2020;08:10;1;82;82121;2;6;7;3;boulevard d' Occitanie;44,0444800;1,3789100
23856;202000026510;2;7;2020;19:10;1;78;78640;2;1;1;3;MORANE-SAULNIER (AVENUE);48,7835690;2,2149340
23857;202000026511;2;7;2020;14:00;1;78;78586;2;2;1;6;MOLIERE;48,9415700;2,1687300
23858;202000026512;6;7;2020;16:35;1;77;77445;2;7;1;6;DESPHELIPON (PLACE);48,5818100;2,5833200
23859;202000026513;29;6;2020;18:30;1;74;74012;2;3;1;6;rue du beulet;46,1912200;6,2430900
23860;202000026514;3;7;2020;17:45;1;74;74012;2;1;1;3;GENEVE (RUE DE);46,1927400;6,2298600
23861;202000026515;6;7;2020;11:30;1;73;73065;1;2;1;3;D10 LANDIERS (AVENUE DES);45,5911967;5,9033932
23862;202000026516;7;7;2020;16:35;1;71;71270;2;1;1;2;Rue de Flacé;46,3147057;4,8260721
23863;202000026518;7;7;2020;16:45;1;69;69266;2;2;1;1;ANTONIN PERRIN     (Rue);45,7581617;4,8851713
23864;202000026519;4;7;2020;15:00;1;67;67482;2;1;1;1;BASSIN DE L ILL (QUAI DU);48,5961841;7,7709684
23865;202000026520;4;7;2020;13:50;1;67;67218;2;1;1;3;STRASBOURG (AVENUE DE);48,5464030;7,7390162
23866;202000026521;7;7;2020;18:50;1;64;64348;2;1;1;4;14 Avenue des Martyrs du Pont-Long;43,3410311; -0,3798196
23867;202000026522;7;7;2020;09:30;1;60;60057;2;1;1;6;MANDELA NELSON (AVENUE);49,4311400;2,0714000
23868;202000026523;3;7;2020;16:25;1;59;59375;2;1;1;7;ELPRET(RUE);50,4101500;3,2911700
23869;202000026524;30;6;2020;17:15;1;58;58194;2;1;1;3;CHAMP DE FOIRE (PLACE);46,9876000;3,1659000
23870;202000026525;5;7;2020;16:40;1;56;56260;2;6;1;1;Route de Plescop RD779E;47,6670800; -2,7957400
23871;202000026526;5;7;2020;16:00;1;54;54528;2;9;1;7;GEORGES CLEMENCEAU (AVENUE);48,6796940;5,8791010
23872;202000026527;5;7;2020;16:00;1;54;54184;2;3;1;4;BRIGACHTAL (AVENUE DE);48,7029502;6,2279620
23873;202000026528;6;7;2020;12:40;1;50;50502;2;1;1;3;MARNE;49,1135300; -1,0900400
23874;202000026529;3;7;2020;09:20;1;49;49007;2;1;1;6;BRISSET SQUARE;47,4746600; -0,5838600
23875;202000026530;6;7;2020;16:30;1;49;49007;2;1;1;7;ROI RENE BOULEVARD;47,4695000; -0,5608300
23876;202000026531;1;7;2020;09:15;1;44;44109;2;6;1;6;BOULEVARD DE LONGCHAMP;47,2383400; -1,5703700
23877;202000026532;7;7;2020;18:00;1;38;38516;2;1;1;2;Boulevard de la Chantourne;45,1968100;5,7506000
23878;202000026533;7;7;2020;16:00;1;37;37261;2;1;1;-1;SATIE (RUE ERIK);47,4334517;0,7018597
23879;202000026535;6;7;2020;10:29;1;37;37208;2;1;1;4;CORMERY (RUE DE);47,3658507;0,7268261
23880;202000026536;7;7;2020;07:45;1;35;35281;2;1;1;2;HAIE-DES-COGNETS (BOUL DE LA);48,0807836; -1,7366123
23881;202000026540;7;7;2020;15:25;1;14;14715;2;3;1;1;RENE SUZANNE (RUE);49,3591100;0,0928500
23882;202000026541;17;2;2020;22:15;5;51;51108;2;1;1;3;Parking Carrefour Croix Dampière;48,9432465;4,3857693
23883;202000026542;18;2;2020;13:50;1;50;50532;1;6;1;3;LANDE (ROUTE);48,8082000; -1,5401100
23884;202000026543;14;2;2020;15:45;1;50;50602;2;6;1;6;FLAMANDS (ROND POINT);49,6532900; -1,5783900
23885;202000026544;17;2;2020;15:15;1;49;49007;2;1;1;2;BLANCHOIN BOULEVARD;47,4482700; -0,5389300
23886;202000026545;11;2;2020;08:16;2;49;49267;2;1;1;4;A87N;47,4815000; -0,4988700
23887;202000026546;10;2;2020;18:17;2;49;49007;2;1;1;3;JOACHIM DU BELLAY;47,4667900; -0,5427600
23888;202000026547;8;2;2020;19:33;5;49;49007;2;1;2;3;PASTEUR AVENUE;47,4814300; -0,5234800
23889;202000026548;9;2;2020;17:03;1;49;49007;2;1;2;7;MONTAIGNE AVENUE;47,4657900; -0,5198200
23890;202000026550;11;2;2020;13:10;1;45;45234;2;9;8;4;Pont du Marechal Joffre;47,8982000;1,8953000
23891;202000026551;11;2;2020;08:45;1;45;45147;1;1;8;3;333 Rue Marcelin Berthelot;47,9449300;1,9210000
23892;202000026552;18;2;2020;07:45;2;44;44162;2;1;2;6;Boulevard Salvador Allende;47,2222600; -1,6387900
23893;202000026553;14;2;2020;16:20;1;40;40192;2;1;1;5;PANAY (AVENUE DAVID);43,9003000; -0,5115000
23894;202000026554;17;2;2020;07:35;1;38;38563;1;3;1;3;Rue du Rousset;45,3933900;5,5810700
23895;202000026555;18;2;2020;19:30;5;38;38544;2;3;1;3;Rue Victor Faugier;45,5283400;4,8739600
23896;202000026556;18;2;2020;19:54;5;37;37233;2;3;1;6;POMPIDOU (AVENUE GEORGES);47,3849475;0,7102512
23897;202000026557;17;2;2020;12:00;1;37;37261;2;1;1;3;PONT CHER (AVENUE DE);47,3659285;0,6753085
23898;202000026558;17;2;2020;17:40;1;37;37261;2;6;1;3;PORTILLON (QUAI DE);47,4004116;0,6789153
23899;202000026559;11;2;2020;19:20;5;37;37233;2;1;8;7;BONNIN (AVENUE JEAN);47,3958825;0,7081915
23900;202000026560;11;2;2020;09:10;1;37;37261;2;1;1;7;MICHELIN (AVENUE EDOUARD);47,3677263;0,6816957
23901;202000026561;18;2;2020;17:25;1;35;35238;2;1;1;1;CONNECTE (THOMAS);48,1035492; -1,6959888
23902;202000026562;17;2;2020;13:50;1;35;35238;1;1;1;4;RN 136 Porte de Lorient;48,1067400; -1,7170700
23903;202000026563;11;2;2020;18:50;5;35;35238;2;1;1;6;LEROUX (BD OSCAR);48,0914400; -1,6694300
23904;202000026564;11;2;2020;12:45;1;35;35353;2;2;1;6;LORIENT (Rue DE);48,1049100; -1,7399300
23905;202000026565;11;2;2020;06:15;3;35;35150;1;1;8;1;RN12;48,3410951; -1,2175828
23906;202000026567;16;2;2020;20:05;5;34;34172;2;1;2;4;DUNANT (RUE HENRI);43,6266700;3,8677400
23907;202000026568;23;1;2020;18:00;5;34;34172;2;3;8;3;DUNANT (RUE HENRI);43,6266202;3,8670567
23908;202000026569;5;1;2020;20:00;5;34;34172;2;2;1;3;GRASSET (AVENUE DU PROFESSEUR);43,6216200;3,8686600
23909;202000026570;18;2;2020;07:10;2;33;33550;2;2;1;2;CHEM DE COUHINS / IMP DES PALMIERS;44,7582600; -0,5698800
23910;202000026571;17;2;2020;21:55;5;33;33063;2;2;1;3;RUE LUCIEN FAURE / CRS BALGUERIE STUTTENBERG;44,8641900; -0,5583200
23911;202000026572;4;2;2020;07:30;2;33;33075;2;2;1;1;RTE DU MEDOC / bretelle échangeur 7;44,8796400; -0,6268200
23912;202000026573;17;2;2020;07:00;5;33;33318;2;3;2;1;AVE PASTEUR / RUE ANTONIN ANTOUNE;44,8024300; -0,6487100
23913;202000026574;16;2;2020;20:45;5;33;33063;2;1;1;5;BD DES FRERES MOGA;44,8227700; -0,5419400
23914;202000026575;11;2;2020;20:00;3;33;33013;1;1;8;2;ROUTE NATIONALE 89;44,8663300; -0,4856900
23915;202000026576;11;2;2020;15:30;1;33;33075;1;1;8;-1;AVE DE LA JALLE NOIRE;44,8918000; -0,6147800
23916;202000026580;17;2;2020;18:50;2;32;32013;1;1;2;1;TOULOUSE (ROUTE DE);43,6562400;0,6259000
23917;202000026581;15;2;2020;04:55;5;31;31555;2;1;1;2;344 Avenue des Etats Unis;43,6582500;1,4196400
23918;202000026582;11;2;2020;08:36;2;31;31555;2;1;2;6;10 Rue des Cheminots;43,6147400;1,4539900
23919;202000026583;10;2;2020;13:00;1;31;31069;2;1;1;6;DALI (AV SALVADOR);43,6429600;1,3749500
23920;202000026584;18;2;2020;20:40;5;30;30007;2;1;1;1;PRES RASCLAUX (QUAI);44,1221200;4,0725800
23921;202000026585;11;2;2020;13:40;1;29;29232;1;1;2;6;D765 - Route de Douarnenez;47,9990000; -4,1310900
23922;202000026586;4;2;2020;14:35;1;28;28085;2;2;1;6;QUATORZE JUILLET (RUE DU);48,4429600;1,4797100
23923;202000026587;14;2;2020;11:50;1;26;26313;1;1;1;6;LACRA RN532;44,9839500;4,9761200
23924;202000026588;13;2;2020;17:50;2;26;26362;2;4;2;1;BONNET RUE GEORGES (102);44,9354800;4,9095530
23925;202000026589;8;2;2020;20:50;5;26;26058;1;2;1;3;RD2007;44,9450000;4,8864860
23926;202000026590;6;2;2020;07:45;5;22;22187;2;1;1;3;CHANOINE GUINARD (QUAI DU);48,5237200; -2,7512600
23927;202000026591;15;2;2020;20:00;5;22;22278;2;1;6;6;DU GUESCLIN (PL);48,5110900; -2,7587700
23928;202000026592;11;2;2020;11:50;1;17;17415;2;2;1;2;JEAN RUE DU DOCTEUR;45,7379800; -0,6164900
23929;202000026593;18;2;2020;12:20;1;17;17028;1;1;1;1;GRASSET   AVENUE EDMOND;46,1305300; -1,0886000
23930;202000026594;17;2;2020;17:00;1;17;17300;2;6;2;6;RAVEL   RUE MAURICE;46,1640800; -1,1256900
23931;202000026595;14;2;2020;11:00;1;16;16102;2;1;1;6;Bd DENFERT ROCHEREAU ;45,6945520; -0,3255470
23932;202000026596;9;2;2020;17:50;5;16;16102;2;3;1;3;Av Victor HUGO;45,6906280; -0,3215080
23933;202000026597;17;2;2020;07:30;2;14;14271;2;1;8;2;HARCOURT (ROUTE D');49,1539300; -0,3715200
23934;202000026598;15;2;2020;21:40;5;14;14167;2;1;1;6;Z.I DU MARTRAY (QUARTIER);49,1893600; -0,2980700
23935;202000026599;18;2;2020;16:10;1;13;13206;2;3;1;3;VAUBAN (BOULEVARD);43,2827000;5,3742400
23936;202000026600;17;2;2020;20:11;5;13;13212;2;1;2;2;ALFRED BLACHERE (AVENUE);43,3198360;5,4684800
23937;202000026602;17;2;2020;16:25;1;13;13211;1;1;2;2;BARASSE;43,2847650;5,4838160
23938;202000026603;17;2;2020;10:55;1;13;13208;2;1;1;6;JEAN MERMOZ (RUE);43,2719000;5,3869000
23939;202000026604;17;2;2020;07:10;2;13;13214;2;1;2;6;MERIMEE;43,3291000;5,4008000
23940;202000026605;11;2;2020;22:30;5;13;13209;2;1;1;6;JEAN BOUIN (AVENUE);43,3000000;5,4000000
23941;202000026606;11;2;2020;12:15;1;13;13202;2;1;1;2;JULES GUESDE (PLACE);43,3017180;5,3741910
23942;202000026607;10;2;2020;17:30;2;13;13211;2;1;1;1;TREILLE (ROUTE DE LA);43,3065130;5,5068930
23943;202000026609;17;2;2020;18:30;3;13;13047;2;1;1;4;RN 1569;43,5208000;4,9631000
23944;202000026611;12;2;2020;13:45;1;13;13001;2;1;1;3;FONTENAILLE JEAN ET  MARCEL(AV);43,5339427;5,4610902
23945;202000026613;13;2;2020;16:25;1;12;12013;1;1;3;7;TOULOUSE-LAUTREC (AVENUE);44,5444200;2,2482100
23946;202000026617;10;2;2020;13:40;1;11;11262;2;1;1;5;COLONNES (GIRATOIRES DES);43,1813700;3,0301100
23947;202000026618;18;2;2020;22:39;3;11;11069;1;1;1;6;MONTREAL -ROUTE DE -;43,2129900;2,2728100
23948;202000026619;18;2;2020;14:03;1;11;11069;2;3;1;3;TROIS COURONNES;43,2105000;2,3553000
23949;202000026620;17;2;2020;16:17;1;10;10387;2;6;2;3;DANTON (RUE);48,3017000;4,0748000
23950;202000026621;17;2;2020;09:40;1;10;10387;2;2;2;3;GEORGES POMPIDOU (RUE);48,2890100;4,0841300
23951;202000026622;10;2;2020;07:46;2;10;10325;2;1;2;6;PASTEUR (RUE);48,2636000;4,0821000
23952;202000026624;11;2;2020;11:30;1;09;09122;2;9;2;7;MITTERAND (BOULEVARD FRANCOIS);42,9588290;1,6119410
23953;202000026625;17;2;2020;07:50;1;06;06088;2;9;2;1;DIGUE DES FRANCAIS (TRAV. DE LA);43,6772000;7,2032000
23954;202000026626;11;2;2020;11:25;1;06;06088;2;2;8;6;Boulevard de la Madeleine;43,7143000;7,2249000
23955;202000026627;11;2;2020;09:00;1;06;06088;1;1;1;7;MERCANTOUR (BD);43,7201000;7,1861000
23956;202000026628;18;2;2020;08:40;1;06;06069;2;1;1;6;CARNOT (BOULEVARD ET TRAVERSE);43,6548780;6,9214380
23957;202000026629;19;2;2020;15:30;1;06;06069;2;1;1;3;NAPOLEON (ROUTE);43,6645400;6,9193800
23958;202000026630;17;2;2020;12:15;1;06;06069;2;1;1;2;CANNES (ROUTE DE)  -RD 6085-;43,6329000;6,9542000
23959;202000026631;18;2;2020;09:20;1;06;06029;2;1;1;6;MIDI (BOULEVARD DU);43,5489200;7,0060400
23960;202000026632;17;2;2020;08:30;1;06;06123;2;1;8;4;PEINTRES ALLEE DES;43,6838200;7,1873800
23961;202000026634;14;1;2020;07:15;2;06;06004;2;1;1;6;GREC AV.JULES;43,5894780;7,1178530
23962;202000026635;17;2;2020;13:40;1;04;04112;2;1;8;6;Bd des cougourdelles;43,8367930;5,7856230
23963;202000026636;8;1;2020;10:16;1;03;03190;2;1;1;6;rue des Bouchers;46,5650358;3,3309552
23964;202000026637;18;2;2020;16:35;1;01;01289;1;2;1;3;SAINT ANDRE SUR VIEUX JONC (ALLEE DE);46,1698050;5,1907339
23965;202000026638;11;2;2020;09:40;1;01;01053;2;1;1;3;HERRIOT ( BOULEVARD EDOUARD COTE PAIR);46,2102040;5,2213800
23966;202000026639;13;2;2020;01:26;5;75;75109;2;3;1;6;BOULEVARD HAUSSMANN;48,8721130;2,3392160
23967;202000026640;18;2;2020;09:15;1;75;75117;2;1;1;7;AVENUE DE LA GRANDE ARMEE;48,8753930;2,2905650
23968;202000026641;18;2;2020;08:50;1;75;75117;2;2;1;3;BOULEVARD BERTHIER;48,8901270;2,3038290
23969;202000026642;17;2;2020;08:10;1;75;75117;2;5;1;3;AVENUE DE VILLIERS;48,8838320;2,3047930
23970;202000026643;17;2;2020;15:50;1;75;75115;2;2;1;6;RUE OLIVIER DE SERRES;48,8344910;2,2956720
23971;202000026644;18;2;2020;10:30;1;75;75114;2;1;1;3;RUE D ALESIA;48,8275810;2,3341240
23972;202000026645;18;2;2020;15:55;1;75;75113;2;3;1;3;QUAI FRANCOIS MAURIAC;48,8329620;2,3787450
23973;202000026646;18;2;2020;14:00;1;75;75112;2;2;1;6;QUAI DE BERCY;48,8335240;2,3821210
23974;202000026648;18;2;2020;17:20;1;75;75110;2;2;1;6;RUE DE PARADIS;48,8753280;2,3509220
23975;202000026649;18;2;2020;10:45;1;75;75107;2;1;1;6;BOULEVARD DES INVALIDES;48,8553130;2,3149120
23976;202000026651;18;2;2020;13:05;1;75;75103;2;2;1;3;RUE DE TURBIGO;48,8659180;2,3581040
23977;202000026652;18;2;2020;14:00;1;94;94052;2;5;1;6;STRASBOURG (BD DE);48,8413000;2,4828000
23978;202000026653;17;2;2020;23:20;5;94;94043;2;1;1;6;FONTAINEBLEAU (AV DE);48,8093000;2,3624500
23979;202000026654;18;2;2020;12:25;1;94;94065;2;2;1;5;RUE DU VIADUC;48,7611700;2,3506300
23980;202000026655;18;2;2020;15:50;1;94;94017;2;1;8;1;GENERAL DE GAULLE (AV DU);48,8208100;2,4869700
23981;202000026656;18;2;2020;14:35;1;94;94017;2;1;1;5;GENERAL DE GAULLE (AV DU);48,8271100;2,5179300
23982;202000026657;19;2;2020;00:00;5;93;93071;2;1;1;6;RAOUL DAUTRY (AVENUE);48,9491066;2,5248752
23983;202000026658;17;2;2020;23:00;5;93;93071;2;5;1;3;VILLENAUT (ALLEE DE);48,9307000;2,5162000
23984;202000026660;18;2;2020;15:35;1;93;93064;2;1;8;6;JAURES (AVENUE JEAN);48,8663219;2,4870873
23985;202000026661;18;2;2020;09:20;1;93;93062;2;2;1;3;ALL DU CHATEAU D'EAU / ALL DE CHELLES;48,8955500;2,5287900
23986;202000026662;18;2;2020;19:45;5;93;93051;2;1;1;3;AV EMILE COSSONNEAU;48,8498000;2,5745000
23987;202000026663;18;2;2020;10:46;1;93;93049;2;7;1;2;VICTOR HUGO (RUE) EGL ST HENRI->PASTEUR;48,8571760;2,5082080
23988;202000026664;6;2;2020;07:20;1;93;93063;2;1;1;6;BD HENRI BARBUSSE;48,8802200;2,4411400
23989;202000026665;18;2;2020;11:00;1;93;93031;2;9;8;6;FELIX MERLIN;48,9558030;2,2986306
23990;202000026666;18;2;2020;18:30;5;93;93010;2;1;1;2;VERDUN (AV. DE) 35 A FIN;48,9029599;2,4928555
23991;202000026667;18;2;2020;09:45;1;93;93007;2;1;1;6;"""HENRI BARBUSSE (AVENUE """"DU 01 AU 80"""")";48,9365703;2,4581803
23992;202000026668;18;2;2020;12:00;1;93;93001;2;9;1;6;R EMILE AUGIER ;48,9178000;2,3670000
23993;202000026669;18;2;2020;08:20;1;93;93001;2;1;1;3;AV DE LA REPUBLIQUE;48,9067800;2,3890000
23994;202000026670;14;2;2020;17:20;1;92;92063;2;1;1;2;CHATOU (PONT DE);48,8879600;2,1647400
23995;202000026671;17;2;2020;20:05;5;92;92036;2;2;1;3;LOUIS ROCHE (AVENUE) (1/45)/ MOULIN DE CAGE (QUAI DU);48,9211960;2,3250370
23996;202000026672;17;2;2020;14:00;1;92;92036;2;1;1;7;BASSIN N°6 (ROUTE ANNEXE DU);48,9474840;2,2906120
23997;202000026673;8;2;2020;01:50;5;92;92036;2;1;1;7;BAS (RUE DES) (78   +);48,9192950;2,2900170
23998;202000026674;18;2;2020;16:20;1;92;92007;2;3;1;6;SEMARD (RUE PIERRE);48,7959114;2,2938015
23999;202000026675;18;2;2020;09:00;1;92;92024;2;1;1;3;RUE HENRI BARBUSSE;48,8990824;2,3041034
24000;202000026676;14;2;2020;12:00;1;60;60157;2;2;1;3;avenue gambetta;49,3829490;2,4026850
24001;202000026677;19;2;2020;15:55;1;22;22014;1;2;1;3;D792;48,4453720; -2,2823240
24002;202000026678;18;2;2020;16:20;1;21;21183;1;1;1;2;A39;47,2305770;5,2766030
24003;202000026679;19;2;2020;13:05;1;28;28006;1;1;8;6;D923;48,4363480;1,3920660
24004;202000026680;19;2;2020;09:05;1;22;22389;1;1;1;2;RN 12 PR 51+100;48,4821920; -2,6867260
24005;202000026682;9;2;2020;05:20;5;37;37261;1;1;1;2;;47,3846368;0,7099453
24006;202000026683;18;2;2020;18:20;2;62;62289;1;1;2;1;Cavee Christophe;50,4553730;1,7641100
24007;202000026684;19;2;2020;09:10;1;62;62568;2;1;7;6;10 Rue de l'Etoile;50,2357780;2,7948410
24008;202000026685;19;2;2020;19:00;5;69;69260;2;3;2;-1;route de Lyon;45,6516800;4,8132290
24009;202000026686;18;2;2020;20:09;3;57;57106;1;1;8;6;D 918;49,2964720;6,5743730
24010;202000026688;18;2;2020;08:05;1;79;79343;2;9;1;1;;46,1534970; -0,2476910
24011;202000026690;18;2;2020;20:05;3;69;69066;1;1;1;1;Route de la Buche;46,1064013;4,3307168
24012;202000026691;19;2;2020;18:30;3;71;71230;1;1;1;6;Route de Bourbon-lancy;46,5959105;4,0368381
24013;202000026692;9;2;2020;19:15;3;61;61244;1;1;6;6;Lieu Dit Tertre;48,6629630;0,4618760
24014;202000026693;19;2;2020;07:25;3;49;49008;1;1;1;2;D923;47,5770400; -1,0162620
24015;202000026694;16;2;2020;07:30;3;49;49069;1;1;6;7;D252;47,3311300; -1,1076240
24016;202000026695;17;2;2020;18:00;2;49;49026;1;1;7;-1;Bécon-les-Granits;47,5078060; -0,7949960
24017;202000026697;18;2;2020;17:45;1;42;42092;2;1;1;6;Rue de la Résistance;45,4858990;4,3795540
24018;202000026698;19;2;2020;09:00;1;29;29189;2;1;2;6;4 Route de Loperhet;48,3818720; -4,3550170
24019;202000026699;19;2;2020;06:50;3;39;39520;1;1;2;6;;46,9654640;5,5591250
24020;202000026700;19;2;2020;07:15;2;25;25478;1;1;2;6;D464;47,3113620;6,5312650
24021;202000026701;18;2;2020;19:00;3;29;29293;1;1;8;7;Rte de Nevez - Lannénoret;47,8399334; -3,8230673
24022;202000026702;19;2;2020;02:00;3;02;02746;1;1;2;7;D1044;49,6936020;3,3538770
24023;202000026703;18;2;2020;15:35;1;84;84082;1;1;1;2;Route de Villes sur Auzon;44,0587270;5,1896330
24024;202000026704;19;2;2020;14:30;1;15;15001;1;1;2;6;D 9;45,2476470;2,9698810
24025;202000026705;18;2;2020;14:50;1;70;70312;1;1;1;7;voie verte;47,5865400;6,7371290
24026;202000026706;19;2;2020;15:00;1;70;70526;1;1;1;7;D50;47,9099559;6,1082270
24027;202000026707;19;2;2020;11:45;1;06;06105;1;1;1;3;Route de la Colle sur Loup;43,6875380;7,0703310
24028;202000026708;19;2;2020;04:10;3;05;05145;1;1;1;6;D944;44,6703540;6,2392370
24029;202000026709;19;2;2020;06:20;5;90;90026;2;6;2;6;Rue du Stratégique;47,6333110;6,9153680
24030;202000026710;17;2;2020;14:15;1;18;18088;1;1;1;3;D940;47,4461570;2,4361110
24031;202000026711;19;2;2020;14:40;1;21;21527;1;4;1;3;D906;46,9365910;4,6667540
24032;202000026712;18;2;2020;21:20;5;973;97307;2;3;1;3;Route Nationale 2;4,8859870; -52,3352840
24033;202000026713;18;2;2020;15:40;1;31;31490;1;1;1;1;ROUTE DE PARIS;43,7519930;1,3646220
24034;202000026714;19;2;2020;10:35;1;38;38565;1;1;1;6;A48;45,2832100;5,6219900
24035;202000026715;18;2;2020;18:00;1;34;34163;2;1;1;1;483 Avenue Lucie Aubrac;43,6436475;3,7010472
24036;202000026716;18;2;2020;19:45;3;973;97306;1;1;1;1;N1;5,3922750; -53,6383220
24037;202000026717;19;2;2020;18:55;5;77;77382;2;1;2;6;Avenue du Marechal Foch - D436;48,8972060;2,8630190
24038;202000026718;18;2;2020;15:50;1;34;34145;1;1;1;1;Route de Marsillargues;43,6678870;4,1574240
24039;202000026719;18;2;2020;16:20;1;83;83016;2;6;1;6;Route de Marseille;43,1954740;5,8066450
24040;202000026720;15;2;2020;10:30;1;21;21353;2;1;1;6;2 Rue du Château;47,1970540;5,1520890
24041;202000026721;19;2;2020;01:20;3;57;57683;2;9;2;6;22 Rue de la Gare;49,3038710;6,1563540
24042;202000026722;18;2;2020;18:20;3;01;01249;1;9;1;2;Route de Strasbourg;45,8578460;4,9105050
24043;202000026723;14;2;2020;16:35;1;17;17219;1;2;1;3;D728;45,8309520; -1,1148980
24044;202000026724;19;2;2020;08:45;2;59;59029;2;1;7;5;D549;50,4861850;3,2019580
24045;202000026725;18;2;2020;20:45;3;13;13215;1;1;1;4;A7-Sens Lyon vers Marseille;43,3771300;5,3581100
24046;202000026726;18;2;2020;05:50;5;13;13055;1;1;1;3;A507 sens Aubagne- Marseille;43,3286850;5,4167990
24047;202000026727;17;2;2020;18:50;5;13;13211;1;1;2;4;A50-Sens Marseille vers Aubagne;43,2873290;5,4390420
24048;202000026728;17;2;2020;11:15;1;13;13085;1;1;2;6;A50-Sens Toulon vers Aubagne;43,2464080;5,5963440
24049;202000026729;18;2;2020;09:25;1;33;33550;1;1;1;2;ROCADE A 630;44,7789000; -0,5531700
24050;202000026730;17;2;2020;04:00;5;33;33063;1;1;1;1;ROCADE A 630;44,8830900; -0,5532900
24051;202000026731;18;2;2020;09:00;1;92;92072;1;1;1;4;N118;48,8163040;2,2152230
24052;202000026732;17;2;2020;18:45;3;93;93008;1;1;2;4;AUTOROUTE A86;48,9137300;2,4330400
24053;202000026733;16;2;2020;13:45;1;95;95176;1;1;1;4;AUTOROUTE A15;48,9887800;2,2030100
24054;202000026734;3;2;2020;07:10;3;95;95151;1;1;2;2;RN 104;49,0640600;2,2640100
24055;202000026735;18;2;2020;17:45;2;77;77372;1;1;1;-1;A104;48,8832379;2,6679169
24056;202000026736;8;9;2020;08:20;1;11;11206;2;2;1;3;4 Route de Carcassonne - D118;43,0617679;2,2148284
24057;202000026737;7;9;2020;08:30;1;76;76155;2;1;7;3;153 Rue des Potiers;49,9845350;1,3536680
24058;202000026738;8;9;2020;06:20;2;39;39128;1;1;1;6;;46,9786660;5,3765880
24059;202000026739;8;9;2020;06:50;2;29;29209;1;1;1;7;Lieu-dit Minihy;48,5201430; -4,4551710
24060;202000026740;8;9;2020;17:30;1;29;29220;1;1;1;2;D240 - Rue de Tréméoc;47,8818260; -4,2149410
24061;202000026741;7;9;2020;16:40;1;38;38347;1;1;1;6;Rte de la Croix de Toutes Aures;45,2607290;5,2706480
24062;202000026742;8;9;2020;08:50;1;38;38410;1;1;1;2;Route de Saint Marcellin;45,0850660;5,1996120
24063;202000026743;7;9;2020;17:20;1;38;38181;1;1;1;5;Route des Iles;45,3465730;5,9700390
24064;202000026744;8;9;2020;03:00;3;38;38315;2;1;1;6;Route de la Barreliere;45,5436860;5,6636080
24065;202000026745;8;9;2020;15:55;1;01;01151;1;1;1;3;D1075;46,0749130;5,3228550
24066;202000026746;8;9;2020;08:40;1;01;01199;2;6;1;3;17 Chemin du Riez;46,0349420;5,4034550
24067;202000026748;6;9;2020;16:00;1;26;26069;1;1;1;6;D 518;44,8329840;5,3929840
24068;202000026749;8;9;2020;16:30;1;72;72050;2;1;1;6;8 Chemin des Rochers;47,9602580; -0,2292380
24069;202000026750;7;9;2020;18:45;1;14;14738;2;1;1;2;47 Avenue des Coteaux;49,1563340; -0,4427270
24070;202000026751;16;8;2020;06:25;2;50;50236;1;1;3;6;Les Monts;49,2727930; -1,5375680
24071;202000026752;16;8;2020;04:51;3;60;60670;1;1;1;6;Rue Jean Jacques Fussien;49,2584790;2,5538920
24072;202000026753;3;8;2020;19:20;1;45;45053;2;1;7;3;15 Quai du Baraban;47,6393330;2,7317440
24073;202000026754;4;9;2020;14:35;1;45;45296;1;3;1;3;D955-Lieu Dit Chesne;47,9947750;1,7144680
24074;202000026755;7;9;2020;20:30;3;43;43137;2;1;1;7;D44;45,2757320;4,1824870
24075;202000026756;6;9;2020;16:54;1;07;07129;1;1;1;6;Bacon;44,9855820;4,6011790
24076;202000026757;7;9;2020;09:00;1;27;27218;1;2;1;5;Route de Beuzeville;49,2815520;0,4255160
24077;202000026758;8;9;2020;10:15;1;17;17241;1;2;1;1;Cottieres Sud;45,2066900; -0,1577650
24078;202000026759;8;9;2020;09:25;1;48;48009;1;3;1;3;D809 PK18+200;44,7417340;3,2876910
24079;202000026760;6;9;2020;18:10;1;08;08137;1;1;1;1;RD 309 -PR 2;49,7838130;4,6615930