;Num_Acc;jour;mois;an;hrmn;lum;dep;com;agg;int;atm;col;adr;lat;long
24080;202000026761;7;9;2020;14:00;1;88;88520;1;1;1;3;1501 Moulin Rouge;48,0487820;6,2943830
24081;202000026762;7;9;2020;19:18;3;978;97801;2;1;1;5;Le Cul-de-sac;18,0974630; -63,0361820
24082;202000026763;6;8;2020;12:10;1;03;03277;1;1;1;2;;46,2744038;3,0548384
24083;202000026764;4;9;2020;09:00;1;78;78455;2;2;1;6;4 Rue André le Bourblanc;48,8424670;2,0666690
24084;202000026765;5;9;2020;13:30;1;74;74010;1;1;1;4;Avenue d'Aix-les-bains (Seynod);45,8935914;6,1112336
24085;202000026767;8;9;2020;07:30;1;13;13001;1;1;1;4;300 Chemin de la Beauvalle;43,5137070;5,4367090
24086;202000026768;8;9;2020;12:54;1;77;77032;1;2;1;3;N4;48,6992040;3,2678750
24087;202000026769;7;9;2020;18:00;1;38;38052;1;1;1;7;Rue du Martinet;45,0729700;6,0129000
24088;202000026770;8;9;2020;11:15;1;13;13049;1;1;1;6;A7;43,7113290;5,0941590
24089;202000026771;8;9;2020;17:40;1;976;97615;2;1;1;2;47 Boulevard du General de Gaulle; -12,7975180;45,2838510
24090;202000026772;7;9;2020;15:25;1;13;13025;1;1;1;1;10 Lotissement Campagne Montaigu;43,4904870;5,5741080
24091;202000026773;7;9;2020;20:15;2;77;77183;2;1;1;3;Rue de Jouarre - D402;48,9408250;3,1207290
24092;202000026774;8;9;2020;11:30;1;34;34327;1;1;1;2;D613;43,6439400;3,9501210
24093;202000026775;7;9;2020;09:20;1;04;04039;1;1;1;7;RD 955;43,8752730;6,5292570
24094;202000026776;7;9;2020;23:15;3;89;89013;2;1;1;6;Quai de Regennes;47,8791560;3,5344070
24095;202000026777;7;9;2020;07:55;1;68;68269;2;1;7;6;6 Rue Pierre de Coubertin;48,1932240;7,3326660
24096;202000026778;6;9;2020;23:45;3;88;88321;1;1;1;6;Route de Frebecourt;48,3698640;5,6799050
24097;202000026779;8;9;2020;19:30;2;54;54057;1;3;1;7;D28e;48,8544992;5,7937244
24098;202000026780;8;9;2020;07:50;1;42;42005;2;1;1;6;28 Rue Moliere;45,5294710;4,2681510
24099;202000026781;6;9;2020;16:15;1;38;38076;1;1;1;1;Montée de la Chapelle;45,5734570;5,4576090
24100;202000026782;3;9;2020;17:20;1;07;07145;2;9;1;3;D224 au niveau de cave vinicole;44,6091990;4,4730720
24101;202000026783;8;9;2020;10:12;1;09;09282;2;1;1;3;D927;43,2404550;1,5721070
24102;202000026784;3;9;2020;19:25;2;35;35212;1;2;1;3;RD 247;47,9032820; -1,6477350
24103;202000026785;7;9;2020;11:30;1;60;60103;2;1;1;2;35 Avenue de la Libération;49,4011230;2,2529110
24104;202000026786;4;9;2020;18:30;1;83;83129;1;1;1;5;A50;43,1203800;5,8449200
24105;202000026787;7;9;2020;18:10;1;33;33192;1;1;1;2;AUTOROUTE A 63;44,7833400; -0,6317500
24106;202000026788;7;9;2020;16:35;1;33;33122;1;1;1;2;AUTOROUTE A 63;44,7434600; -0,7064200
24107;202000026789;7;9;2020;16:00;1;91;91661;1;1;1;7;AUTOROUTE A10;48,6850700;2,2149100
24108;202000026790;7;9;2020;08:50;1;78;78126;1;1;1;2;A13;48,8392240;2,1202290
24109;202000026791;7;9;2020;07:20;1;78;78466;1;1;1;3;A13;48,9252000;1,9970000
24110;202000026792;7;9;2020;18:10;1;93;93007;1;1;1;2;AUTOROUTE A1;48,9548300;2,4574900
24111;202000026793;7;9;2020;16:30;1;93;93008;1;1;1;3;A86;48,9127331;2,4368111
24112;202000026794;7;9;2020;11:50;1;93;93008;1;1;1;4;AUTOROUTE A86;48,9063400;2,4597300
24113;202000026795;7;9;2020;09:10;1;93;93053;1;1;1;2;AUTOROUTE A3;48,8818400;2,4545600
24114;202000026796;6;9;2020;23:55;4;93;93013;1;1;1;2;AUTOROUTE A1;48,9387300;2,4162000
24115;202000026797;7;9;2020;08:30;1;93;93051;1;1;1;2;A4;48,8364292;2,5518916
24116;202000026798;6;9;2020;22:45;3;77;77373;1;1;1;-1;RN104;48,7978320;2,6230290
24117;202000026799;10;3;2020;09:20;1;95;95252;2;1;2;6;JULES CESAR (CHAUSSEE);48,9954643;2,2395533
24118;202000026800;10;9;2020;23:20;5;988;98818;1;1;2;6;VE1 SENS SUD/NORD; -22,2301700;166,4576200
24119;202000026801;6;9;2020;04:05;5;988;98818;2;1;1;7;VE1 SENS NORD/SUD; -22,2460700;166,4578000
24120;202000026802;4;9;2020;11:30;1;988;98818;2;2;1;3;RUE EDOUARD UNGER; -22,2598100;166,4465400
24121;202000026805;7;9;2020;00:05;3;69;69383;2;1;1;7;VILLETTE (DE LA)                    (R );45,7619169;4,8618870
24122;202000026806;6;9;2020;03:30;5;69;69199;2;9;1;6;MARCEL SEMBAT                       (R );45,7116600;4,8425800
24123;202000026807;6;9;2020;12:35;1;972;97213;1;1;1;7;DUCHESNES 1;14,6466300; -60,9547800
24124;202000026808;6;9;2020;08:50;1;972;97213;1;1;1;6;ROUTE DEPARTEMENTALE 3;14,6680700; -60,9931100
24125;202000026809;6;9;2020;03:10;5;2B;2B033;1;1;1;2;11 - RT;42,6780900;9,4460100
24126;202000026810;6;9;2020;02:40;4;2A;2A004;2;6;1;6;T21;41,9299113;8,7612591
24127;202000026812;5;9;2020;17:30;1;83;83137;2;1;1;1;FORGENTIER (CHEMIN DE);43,1368700;5,8978000
24128;202000026813;6;9;2020;17:00;1;81;81065;2;2;1;3;JOFFRE (BD MARECHAL);43,6103000;2,2580100
24129;202000026814;6;9;2020;21:45;5;69;69256;2;2;1;3;GABRIEL PERI                        (AV);45,7726600;4,9124700
24130;202000026815;6;9;2020;00:00;5;69;69266;2;1;1;1;FREDERIC MISTRAL    (Rue );45,7559281;4,8761728
24131;202000026816;5;9;2020;18:20;1;64;64545;1;1;1;4;CORNICHE (ROUTE DE LA);43,3862100; -1,7157200
24132;202000026817;5;9;2020;02:10;5;59;59421;2;1;1;7;MIRABEAU (RUE);50,7055349;3,1305289
24133;202000026818;15;7;2020;22:30;5;59;59350;2;6;1;3;PORTE D'ARRAS  METRO;50,6174460;3,0614100
24134;202000026820;6;9;2020;16:20;1;37;37261;2;2;1;-1;JAURES (PLACE JEAN);47,3902968;0,6888279
24135;202000026821;5;9;2020;11:19;1;37;37233;2;1;1;6;ERIDENCE (RUE DE L');47,3927527;0,7213964
24136;202000026822;6;9;2020;04:30;5;35;35238;2;1;1;6;17 Rue de Châteaugiron;48,1020860; -1,6579200
24137;202000026823;6;9;2020;07:07;5;33;33119;2;1;1;6;CHEM DES BORIES;44,8484400; -0,5152800
24138;202000026824;5;9;2020;19:39;1;33;33063;2;5;1;2;CRS PORTAL / CRS SAINT-LOUIS;44,8548600; -0,5719400
24139;202000026825;6;9;2020;04:45;5;33;33529;2;3;1;3;CARNOT (RUE DU PRESIDENT);44,6273000; -1,1427000
24140;202000026826;5;9;2020;17:40;1;29;29232;2;1;1;7;D765 - Route de Douarnenez;47,9990900; -4,1340200
24141;202000026828;6;9;2020;00:15;5;13;13056;2;1;1;6;RIMBAUD ARTHUR;43,4165400;5,0584000
24142;202000026829;6;9;2020;23:50;5;13;13208;2;6;1;-1;BONNEVEINE (AVENUE);43,2547240;5,3761560
24143;202000026830;6;9;2020;21:20;5;13;13206;2;1;1;3;ROME (PLACE DE);43,2911700;5,3807600
24144;202000026831;6;9;2020;15:15;1;13;13215;2;1;1;3;VISTE (AVENUE DE LA);43,3602000;5,3575710
24145;202000026832;6;9;2020;07:10;2;13;13202;2;2;1;3;CARGO RHIN FIDELI (RUE);43,3270000;5,3581400
24146;202000026833;5;9;2020;11:00;1;13;13207;2;1;1;3;CORSE (AVENUE DE LA);43,2888700;5,3612200
24147;202000026834;6;9;2020;10:20;1;03;03321;2;6;1;2;rond point Liberté;46,5535121;3,3639192
24148;202000026835;6;9;2020;09:40;1;75;75118;2;1;1;3;PORTE DE CLIGNANCOURT;48,9011340;2,3480110
24149;202000026836;5;9;2020;22:25;5;75;75117;2;1;1;4;PORTE DE CHAMPERRET;48,8851930;2,2873020
24150;202000026837;5;9;2020;01:18;5;75;75120;2;1;1;6;ECHANGEUR BAGNOLET;48,8642740;2,4134990
24151;202000026838;5;9;2020;13:50;1;75;75104;2;3;1;2;QUAI DE LA CORSE;48,8559100;2,3474670
24152;202000026839;6;9;2020;15:15;1;75;75120;2;7;1;6;ECHANGEUR MONTREUIL;48,8537480;2,4145660
24153;202000026840;6;9;2020;11:30;1;75;75118;2;2;1;3;BOULEVARD DE LA CHAPELLE;48,8844750;2,3648030
24154;202000026841;6;9;2020;13:40;1;75;75113;2;2;8;3;AVENUE D ITALIE;48,8222070;2,3585300
24155;202000026842;6;9;2020;13:15;1;75;75113;2;2;2;7;BOULEVARD VINCENT AURIOL;48,8338520;2,3651340
24156;202000026844;6;9;2020;03:45;5;75;75112;2;1;1;6;QUAI DE LA RAPEE;48,8283150;2,3883100
24157;202000026846;6;9;2020;09:50;1;75;75107;2;2;1;3;BOULEVARD DES INVALIDES;48,8518120;2,3145190
24158;202000026847;6;9;2020;17:05;1;75;75101;2;4;1;3;RUE DE RIVOLI;48,8604840;2,3421380
24159;202000026848;6;9;2020;16:15;1;75;75103;2;2;8;3;RUE BEAUBOURG;48,8637460;2,3548890
24160;202000026849;6;9;2020;12:20;1;94;94067;2;1;8;6;GENERAL DE GAULLE (AV DU);48,8449490;2,4175800
24161;202000026850;5;9;2020;22:15;5;94;94074;2;9;1;3;CHAMP SAINT-JULIEN (AV DU);48,7483260;2,4577280
24162;202000026851;6;9;2020;14:20;1;94;94056;2;1;1;1;BRIE (R DE);48,6971300;2,5523100
24163;202000026853;6;9;2020;09:20;1;93;93057;2;5;1;3;MONTYON (AL.) 1 A 74;48,9128396;2,5068391
24164;202000026854;6;9;2020;21:00;5;93;93001;2;1;8;3;ANATOLE FRANCE  (BLD) IMPAIR;48,9175551;2,3820296
24165;202000026855;6;9;2020;14:50;1;92;92007;2;1;1;2;CHARLES-MICHELS (RUE);48,7974200;2,3208430
24166;202000026857;5;8;2020;20:15;1;22;22050;2;1;1;1;Boulevard André Aubert;48,4639800; -2,0427380
24167;202000026859;7;9;2020;17:35;1;86;86096;1;1;1;7;D20;46,8261306;0,3126185
24168;202000026860;3;9;2020;14:30;1;67;67371;1;1;1;6;RD 135 PK 002.700;48,8859540;7,3270440
24169;202000026861;3;9;2020;17:37;1;67;67265;1;1;1;7;D198;48,9328010;7,4946090
24170;202000026862;6;9;2020;16:50;1;74;74034;1;4;1;3;pont de gys;46,2830430;6,6166660
24171;202000026863;6;9;2020;21:15;3;28;28219;1;1;1;2;A11;48,2281030;0,9982270
24172;202000026864;6;9;2020;20:45;3;974;97404;1;9;9;6;N1; -21,2812170;55,3481770
24173;202000026865;4;9;2020;07:45;2;35;35124;1;1;5;6;La Bardouillère;47,7530300; -1,7206640
24174;202000026866;4;9;2020;21:20;3;19;19178;1;1;1;2;A20;45,2620920;1,5455640
24175;202000026867;7;9;2020;13:00;1;974;97410;1;1;2;3;3 Chemin Creole; -21,0847960;55,7484700
24176;202000026868;5;9;2020;07:15;1;974;97410;1;1;1;2;RN2; -21,0391950;55,7088210
24177;202000026870;5;8;2020;17:25;1;83;83070;2;1;1;3;Avenue Lou Mistraou;43,1394056;6,3584616
24178;202000026871;7;9;2020;12:56;1;37;37075;1;1;1;6;;47,2921079;0,9571339
24179;202000026873;7;9;2020;09:30;1;57;57317;1;1;1;2;D38;48,7753960;7,1598300
24180;202000026874;7;9;2020;08:40;1;57;57249;1;3;1;3;D954;49,1495450;6,3357850
24181;202000026875;7;9;2020;12:30;1;04;04161;1;1;1;1;RD 900;44,4007550;6,5179480
24182;202000026876;6;9;2020;19:00;1;51;51030;2;6;1;7;Route d'Epernay;49,0468936;4,0858889
24183;202000026877;6;9;2020;08:25;1;51;51359;1;1;1;7;D375;48,8280198;3,5478179
24184;202000026878;6;9;2020;10:00;1;56;56032;1;1;1;6;La Motte;47,9621410; -2,2709900
24185;202000026879;5;9;2020;05:00;3;56;56135;1;1;1;6;La Muterne;47,7321110; -2,4180540
24186;202000026880;6;9;2020;15:00;1;76;76637;1;1;1;7;D79;49,8124980;0,5121250
24187;202000026881;7;9;2020;06:00;3;79;79145;1;1;1;6;;46,7380950; -0,2756370
24188;202000026882;13;8;2020;20:40;2;2A;2A269;1;1;1;3;T10;41,8518014;9,3998794
24189;202000026883;6;9;2020;18:00;1;11;11431;1;1;1;6;D611;42,9337730;2,7551650
24190;202000026884;7;9;2020;17:25;1;71;71014;2;1;1;2;Rue de Paris;46,9578139;4,2972898
24191;202000026886;7;9;2020;14:45;1;42;42152;1;1;1;6;Route de Villers;46,0936360;4,1563940
24192;202000026887;6;9;2020;17:00;1;29;29078;1;9;1;3;Lieu-dit Pontaol;48,3113770; -4,2027350
24193;202000026889;4;9;2020;16:15;1;68;68195;2;1;1;2;Rue du Général de Gaulle;47,7585050;7,2921650
24194;202000026890;5;9;2020;20:30;1;39;39022;1;1;1;7;;46,9340020;5,4290590
24195;202000026891;6;9;2020;13:00;1;29;29206;1;1;1;6;D30 - Petit Moulin;48,6477284; -4,1717334
24196;202000026892;6;9;2020;22:30;3;29;29205;1;1;1;1;D54 - Lieu Dit Kernevez;48,3226950; -3,5792900
24197;202000026893;6;9;2020;17:30;1;29;29158;1;2;1;3;Rue de la Madeleine;47,8244760; -4,3219080
24198;202000026894;7;9;2020;02:45;3;03;03136;1;1;1;6;;46,2958854;2,4292926
24199;202000026895;7;9;2020;15:45;1;15;15055;2;1;1;1;Rue Font de Vie;45,0730620;3,1061100
24200;202000026896;6;8;2020;16:40;1;54;54427;1;1;7;6;Route Départementale 182A;48,4532290;6,9243480
24201;202000026897;6;9;2020;14:10;1;06;06119;1;1;1;7;M2205;44,3344090;6,8259000
24202;202000026898;7;9;2020;13:00;1;06;06163;2;1;1;6;Avenue Jean Medecin;44,0608770;7,5879440
24203;202000026900;4;9;2020;10:20;1;07;07349;2;1;1;6;Rue Valentin;44,8013137;4,7811811
24204;202000026903;6;9;2020;18:37;1;21;21715;1;1;1;6;D981;47,1057150;4,4061770
24205;202000026904;7;9;2020;05:30;3;21;21534;1;1;1;6;D20;47,0407920;4,9214360
24206;202000026905;6;9;2020;19:00;1;85;85029;1;1;1;1;Les Trois Ormeaux;46,9575310; -2,0142590
24207;202000026906;1;9;2020;20:44;2;23;23127;1;1;1;6;D25;45,9359300;2,3790340
24208;202000026907;6;9;2020;02:00;3;74;74236;1;1;1;7;Avenue de Miage;45,8657930;6,7253490
24209;202000026908;5;9;2020;13:00;1;973;97307;1;1;2;6;Route de Stoupan;4,7743870; -52,3387330
24210;202000026909;6;9;2020;13:45;1;31;31576;1;1;1;3;A61;43,4149580;1,6616280
24211;202000026910;5;9;2020;10:20;1;63;63430;2;7;1;6;Place Antonin Chastel;45,8552820;3,5483320
24212;202000026912;7;9;2020;13:30;1;95;95580;1;1;1;7;D10;49,0797550;2,5331850
24213;202000026913;4;7;2020;18:15;1;69;69115;1;9;1;-1;A6;45,9704750;4,7292010
24214;202000026915;6;9;2020;10:50;1;974;97418;1;1;1;2;Rue Adolphe Pegoud; -20,8975960;55,5175260
24215;202000026916;6;9;2020;22:00;5;971;97102;2;1;2;7;19 Rue Gerville Reache;16,4731220; -61,5062550
24216;202000026917;5;9;2020;23:50;5;971;97117;2;2;1;3;Rue Hubert Marignan;16,3256070; -61,3477100
24217;202000026918;6;9;2020;14:55;1;06;06075;2;1;1;1;457 Avenue Porte des Alpes;43,8559180;7,1969220
24218;202000026919;6;8;2020;15:30;1;05;05169;1;1;1;7;Col de Flachière (Col de montagne);44,3566590;5,5699830
24219;202000026920;13;8;2020;03:20;5;67;67256;2;9;1;7;1 rue des ALIZIERS;48,6485775;7,6855201
24220;202000026921;5;9;2020;14:10;1;57;57724;1;1;1;6;N52;49,2633530;6,1088220
24221;202000026922;7;9;2020;17:40;1;74;74094;1;1;1;5;Route de Taninges;46,1795370;6,2941740
24222;202000026923;7;9;2020;09:00;1;74;74220;1;1;1;1;Route de l'Eculaz;46,1286160;6,3018070
24223;202000026924;6;9;2020;15:30;1;73;73256;1;1;1;1;D902;45,1979377;6,4642718
24224;202000026925;6;9;2020;11:55;1;73;73050;1;1;1;2;D1504 Route du Tunnel;45,6839900;5,8515930
24225;202000026926;6;9;2020;21:15;3;81;81038;1;1;1;1;rd968;43,8859860;1,8933390
24226;202000026927;6;9;2020;18:00;1;33;33535;1;1;1;7;Avenue de Branne;44,8404850; -0,4936280
24227;202000026928;7;8;2020;16:00;1;974;97412;1;1;1;6;Chemin aimé Lucas; -21,3699592;55,6025804
24228;202000026929;6;8;2020;19:10;1;27;27507;1;1;1;3;D141;48,9263340;1,2882440
24229;202000026930;7;8;2020;11:25;1;30;30221;1;1;1;1;N580;44,0361460;4,7302370
24230;202000026931;6;8;2020;17:00;1;56;56169;1;1;1;6;Route Militaire;47,6889080; -3,2967570
24231;202000026933;3;8;2020;17:40;1;80;80620;2;1;1;2;Route de Paris;49,9043440;2,9286290
24232;202000026934;6;8;2020;05:20;2;80;80718;1;2;1;-1;Route de Villers Bocage;49,9459830;2,2227900
24233;202000026935;7;8;2020;06:20;2;65;65401;2;1;1;3;57 Route de Bagneres;43,1835009;0,1020067
24234;202000026936;7;8;2020;14:30;1;71;71263;2;1;1;6;66 Rue du Guidon;46,6380175;5,2135329
24235;202000026938;5;8;2020;09:50;1;29;29191;1;1;1;7;Lieu Dit Trevern;48,5025490; -3,7385320
24236;202000026939;7;8;2020;11:38;1;38;38144;1;1;1;7;D36;45,5922550;5,0835160
24237;202000026940;6;8;2020;17:15;1;02;02506;1;1;1;-1;Route Nationale 2;49,2954080;3,1825160
24238;202000026941;7;8;2020;19:18;1;84;84057;1;3;1;1;D102;43,9237470;5,2577840
24239;202000026944;7;8;2020;04:10;3;26;26005;1;1;1;7;Route d'Espeluche;44,5063270;4,7951400
24240;202000026946;7;8;2020;10:55;1;72;72039;2;1;1;6;avenue du 8 mai 1945;48,1838880;0,4529920
24241;202000026947;7;8;2020;01:15;3;50;50410;1;1;1;6;L'Ile Pontorson (Pontorson);48,5615100; -1,5018920
24242;202000026948;7;8;2020;13:06;1;83;83046;2;1;1;1;D13;43,5292170;6,1531750
24243;202000026949;5;8;2020;22:25;3;07;07139;1;1;1;7;D578;44,7792460;4,3438270
24244;202000026950;5;8;2020;19:08;1;07;07181;2;6;1;4;;44,7473540;4,7455550
24245;202000026951;4;8;2020;18:30;1;21;21154;2;1;1;2;13 Avenue de la Gare;47,8681830;4,5727470
24246;202000026952;6;8;2020;17:50;1;24;24214;1;1;1;1;209 Pont de la Doue;45,5590000;0,5733800
24247;202000026953;6;8;2020;17:00;1;85;85008;1;1;1;6;La Charrie;46,5856300; -1,4583500
24248;202000026954;2;8;2020;18:45;1;27;27518;1;2;1;7;D103;49,4570020;0,5261850
24249;202000026956;7;8;2020;11:30;1;48;48018;2;1;1;7;Rue de la Gineze;44,5063350;3,4113840
24250;202000026957;1;8;2020;15:53;1;24;24278;1;1;1;7;D21;44,7724980;0,6139680
24251;202000026959;5;8;2020;15:40;1;77;77354;1;9;1;3;A5;48,4683970;2,8780320
24252;202000026960;2;8;2020;03:45;3;06;06088;1;1;1;6;A8, bretelle d'entrée ST AUGUSTIN, chaussée nord, PK 186.61;43,6747710;7,1972790
24253;202000026961;5;8;2020;16:30;1;63;63021;1;1;1;2;A75 PK 016+850 Nord/sud;45,6372988;3,1873817
24254;202000026962;19;7;2020;20:30;5;987;98712;2;1;1;4;RT2, PK 5.9 C/mer; -17,5232500; -149,5136820
24255;202000026963;5;8;2020;19:40;3;988;98822;1;1;1;1;Tribu de Tieti; -20,9250870;165,3169660
24256;202000026964;2;8;2020;07:22;1;971;97116;1;1;7;4;Rue du Moule - RN5;16,3152790; -61,4827970
24257;202000026965;6;8;2020;13:40;1;971;97117;2;1;1;7;14 Rue Duchassaing;16,3314240; -61,3471510
24258;202000026966;6;8;2020;23:15;3;971;97115;1;4;1;5;Impasse de Vincent N 1;16,2727800; -61,6563300
24259;202000026967;5;8;2020;23:45;5;78;78160;2;1;1;7;89 Rue de Dampierre;48,7038890;2,0274310
24260;202000026968;7;8;2020;20:00;2;66;66008;1;1;1;2;Argelès-sur-Mer;42,5338050;3,0604430
24261;202000026969;5;8;2020;08:05;1;83;83107;1;6;7;3;Route Departementale N7;43,4631680;6,6357930
24262;202000026970;6;8;2020;16:00;1;05;05052;1;3;1;3;N94;44,6783960;6,6161190
24263;202000026971;15;6;2020;20:20;1;04;04197;1;1;1;3;RD 4096;43,7959499;5,7751070
24264;202000026972;6;8;2020;19:30;1;68;68185;2;3;1;4;Grand Breuil;48,2690507;7,2912253
24265;202000026973;6;8;2020;17:45;1;67;67156;2;1;1;6;1 Rue de la Montee;48,7231500;7,7575650
24266;202000026975;7;8;2020;16:30;1;74;74290;1;3;1;3;D1506;46,0060990;6,9232860
24267;202000026976;5;8;2020;18:00;1;73;73215;2;2;1;4;D925 - 4 Avenue des Alpes;45,4636670;6,1169490
24268;202000026977;5;8;2020;18:21;1;38;38344;2;1;1;3;Rue Fernand Léger;45,3730500;4,8128700
24269;202000026978;7;8;2020;07:00;1;38;38565;1;1;1;1;Rue Louis Neel;45,3082600;5,6123700
24270;202000026979;29;7;2020;13:05;1;26;26071;1;1;1;4;D532;45,0538620;4,9195560
24271;202000026980;6;8;2020;10:00;1;26;26064;1;1;1;2;Route de Crest;44,8910560;5,0167040
24272;202000026981;7;8;2020;13:30;1;09;09047;1;1;1;1;Darre Notre-dame;42,9093230;1,9414470
24273;202000026982;6;8;2020;16:43;1;33;33227;2;1;1;6;37 Cours Gambetta;44,5541070; -0,2536370
24274;202000026983;6;8;2020;19:50;1;85;85226;2;1;1;6;84 Avenue de la Pège;46,7431200; -2,0081500
24275;202000026985;4;8;2020;18:45;1;22;22343;2;3;1;3;Rue de Trozoul;48,7721966; -3,5783216
24276;202000026986;7;8;2020;00:15;3;35;35037;1;1;1;6;La Touche Besnard;48,0364580; -1,8341190
24277;202000026987;6;8;2020;07:20;1;60;60575;2;6;1;1;130 Route Nationale;49,2904595;2,2003264
24278;202000026988;7;8;2020;08:00;1;80;80224;1;1;1;1;rue de nesle;49,7272950;2,9162260
24279;202000026992;6;8;2020;14:25;1;38;38336;1;1;1;4;A7;45,4910300;4,8328200
24280;202000026993;10;4;2020;12:20;1;16;16089;2;1;1;1;RN 141;45,6773243; -0,3179494
24281;202000026994;5;8;2020;03:45;3;69;69199;1;1;1;2;A7   7.000 A 8.630;45,6943456;4,8426456
24282;202000026995;10;4;2020;14:45;1;13;13205;2;1;1;6;SAINT PIERRE (RUE);43,2914900;5,4048000
24283;202000026996;9;4;2020;15:00;1;13;13202;2;2;1;2;MIRES (RUE);43,3110500;5,3695600
24284;202000026997;1;8;2020;11:50;1;67;67482;1;1;1;4;Autoroute A.35;48,5807960;7,7238790
24285;202000026998;10;4;2020;19:45;1;06;06088;2;1;1;2;MONTREAL (BD DE);43,6850300;7,2230000
24286;202000026999;6;8;2020;09:30;1;33;33090;1;1;1;2;AUTOROUTE A 63;44,7666200; -0,6693500
24287;202000027000;10;4;2020;17:30;1;75;75114;2;1;1;7;PORTE D ORLEANS;48,8205620;2,3231120
24288;202000027001;6;11;2020;13:25;1;78;78117;1;1;1;2;RN12;48,7879290;2,1436410
24289;202000027007;10;4;2020;09:50;1;75;75119;2;3;1;6;AVENUE JEAN JAURES;48,8872280;2,3871660
24290;202000027008;6;11;2020;08:35;1;77;77059;1;1;1;-1;A104;48,8464400;2,6626000
24291;202000027009;6;8;2020;07:18;1;78;78545;1;1;1;3;A12 Y;48,8083150;2,0533450
24292;202000027010;9;4;2020;23:15;5;75;75116;2;1;1;6;QUAI LOUIS BLERIOT;48,8413660;2,2688620
24293;202000027011;6;8;2020;06:55;1;92;92050;1;1;1;6;A14;48,9000875;2,2094467
24294;202000027012;10;4;2020;11:00;1;75;75114;2;3;1;3;RUE D ALESIA;48,8311280;2,3171570
24295;202000027013;5;11;2020;21:38;5;94;94069;1;1;1;5;A4;48,8173109;2,4424372
24296;202000027014;6;8;2020;21:20;5;93;93006;1;1;1;7;AUTOROUTE A3;48,8685000;2,4287000
24297;202000027016;5;11;2020;14:00;1;974;97416;2;3;1;3;HIPPOLYTE  PIOT (RUE); -21,2986300;55,4538800
24298;202000027018;5;4;2020;18:50;1;93;93006;2;3;1;-1;DESCARTES RUE;48,8705961;2,4259939
24299;202000027019;5;8;2020;19:50;1;93;93010;1;1;1;5;AUTOROUTE A3;48,8924600;2,4727300
24300;202000027020;4;11;2020;12:30;1;974;97416;1;1;1;2;RN03; -21,3287900;55,4527800
24301;202000027021;5;8;2020;22:30;3;95;95563;1;1;1;2;AUTOROUTE A115;49,0103900;2,2302100
24302;202000027022;10;4;2020;15:10;1;93;93010;2;6;1;6;R AUGUSTE POLISSARD / R JULES GUESDE;48,9033324;2,4802855
24303;202000027023;5;8;2020;17:25;1;95;95678;1;1;1;-1;RN 184;49,0601700;2,2114900
24304;202000027024;10;4;2020;15:45;1;92;92049;2;7;1;3;JAURES PLACE JEAN;48,8161427;2,3114285
24305;202000027025;5;11;2020;10:40;1;973;97302;2;2;1;3;MOLE;4,9378200; -52,3328200
24306;202000027026;24;2;2020;19:55;5;02;02691;2;1;2;3;PARIS DE 1 A 187-210 (RUE DE);49,8378400;3,2709800
24307;202000027027;5;8;2020;20:45;5;974;97409;2;9;1;3;Avenue Ile de France; -20,9518050;55,6488410
24308;202000027029;5;11;2020;19:05;5;69;69387;2;2;1;6;PASTEUR                             (R );45,7548206;4,8411716
24309;202000027030;5;8;2020;13:36;1;973;97302;2;1;1;2;MONTABO (ROUTE DE) 3;4,9351482; -52,2936183
24310;202000027031;11;4;2020;01:50;5;22;22050;2;1;1;7;Rue General de Gaulle;48,4505125; -2,0418692
24311;202000027032;5;8;2020;08:55;1;69;69199;2;1;1;6;CHARLES PLASSE                      (R );45,7090400;4,8532900
24312;202000027033;10;4;2020;15:25;1;01;01333;1;1;1;1;Départementale 1083;45,9216170;4,9476400
24313;202000027034;4;11;2020;16:40;1;95;95252;2;1;1;6;MARAIS (AVENUE DES);48,9903200;2,2223100
24314;202000027035;1;8;2020;03:35;5;972;97209;2;1;1;7;LIBERTE (RUE DE LA);14,6031100; -61,0688900
24315;202000027036;11;4;2020;16:15;2;59;59605;1;1;7;6;3 Rue Albert Poidevin;51,0253740;2,4972410
24316;202000027037;5;8;2020;08:55;1;2A;2A004;2;1;1;2;LAETIZIA RCE RUE HENRI MAILLOT;41,9240400;8,7300500
24317;202000027038;4;11;2020;14:05;1;95;95176;2;1;1;1;CLEMENCEAU (BOULEVARD GEORGES);48,9701500;2,1938600
24318;202000027040;9;4;2020;19:30;1;55;55027;2;2;1;3;Rue du Milieu;48,9582120;5,4991350
24319;202000027041;5;11;2020;12:00;1;91;91432;2;3;1;3;AV BLAISE PASCAL;48,6967500;2,3327700
24320;202000027042;11;4;2020;10:10;1;35;35097;1;1;1;6;La Brétinière;47,9908146; -1,2319703
24321;202000027043;3;8;2020;18:07;1;87;87085;2;1;1;3;MONTEGUT (RUE EMILE);45,8251600;1,2417900
24322;202000027044;4;11;2020;08:00;1;91;91027;2;1;1;3;RUE EDOUARD VAILLANT;48,7085400;2,3983800
24323;202000027045;7;4;2020;08:40;1;01;01039;1;1;7;6;D904;45,8524260;5,7554300