;Num_Acc;jour;mois;an;hrmn;lum;dep;com;agg;int;atm;col;adr;lat;long
24324;202000027046;4;8;2020;16:20;1;86;86194;2;1;1;6;Avenue John Kennedy;46,5851980;0,3662740
24325;202000027047;11;4;2020;05:00;3;58;58168;1;1;1;6;D985;46,8264340;3,9537210
24326;202000027048;4;11;2020;09:05;1;86;86194;2;6;1;3;Route de Nouaille;46,5637633;0,3652270
24327;202000027049;4;8;2020;13:00;1;85;85194;1;1;1;5;RD 160;46,5162300; -1,7541800
24328;202000027051;5;11;2020;18:29;2;86;86066;2;1;1;2;Route de Nonnes;46,7926590;0,5372250
24329;202000027052;5;8;2020;19:00;1;83;83069;2;1;1;6;DENIS (AVENUE ALPHONSE);43,1210500;6,1350500
24330;202000027053;11;4;2020;14:45;1;60;60584;1;1;1;7;D12;49,2314224;2,4121136
24331;202000027054;10;4;2020;16:15;1;18;18221;1;1;1;6;Rousson;46,8240480;2,3500170
24332;202000027055;5;11;2020;06:45;5;85;85191;2;2;1;3;Boulevard Jean Yole;46,6804000; -1,4301200
24333;202000027056;3;8;2020;19:30;1;83;83069;2;1;7;1;LOUBES (ROUTE DES);43,1102600;6,1186000
24334;202000027057;10;4;2020;21:00;3;07;07240;1;9;1;6;Route de Pierremale;44,8703818;4,8090887
24335;202000027058;16;10;2020;19:25;5;83;83137;2;1;1;1;MOULINS (AVE DES DE 328 A FIN;43,1399370;5,9130960
24336;202000027059;4;8;2020;11:20;1;80;80021;2;2;1;3;PAUL SAUTAI (RUE);49,8857510;2,3024800
24337;202000027060;11;4;2020;09:50;1;74;74268;1;3;1;3;avenue d'aix les bains;45,8709490;6,0746700
24338;202000027061;4;8;2020;14:25;1;80;80021;2;1;1;6;JEAN CATELAS (RUE);49,8953900;2,2907600
24339;202000027062;3;11;2020;11:00;1;77;77059;2;6;1;3;AVENUE DE L'EUROPE;48,8409400;2,6592100
24340;202000027063;10;4;2020;16:45;1;84;84003;2;4;1;6;Cours Lauze de Perret;43,8737550;5,3975220
24341;202000027064;5;8;2020;16:15;1;78;78350;2;9;1;6;GENERAL LECLERC (RUE DU);48,8588000;2,1193000
24342;202000027066;10;4;2020;17:45;1;50;50601;2;5;1;-1;1 Rue Victor Hugo;49,0349670; -0,9789100
24343;202000027068;11;4;2020;16:40;1;14;14384;2;1;1;7;46 Avenue Pierre Laurent;49,3139880; -0,3524960
24344;202000027069;4;11;2020;17:36;1;76;76351;2;3;1;2;PAUL BERT (AVENUE).;49,5079900;0,1682400
24345;202000027070;10;4;2020;12:35;1;02;02684;2;9;1;6;36 Rue Léon Blum;49,9174260;4,1325330
24346;202000027071;7;4;2020;04:00;5;13;13055;2;1;1;6;A507 sens Marseille - Aubagne;43,3300600;5,3893980
24347;202000027072;4;8;2020;15:55;1;74;74012;2;1;1;6;VETERANS (RUE DES);46,1937700;6,2344120
24348;202000027073;4;11;2020;09:50;1;76;76351;2;3;1;6;ALBERT SAMAIN;49,5167300;0,0929600
24349;202000027074;10;4;2020;20:15;2;94;94043;1;1;1;7;AUTOROUTE A6B;48,8157000;2,3564000
24350;202000027075;10;4;2020;19:55;1;91;91377;1;1;1;6;RD 444;48,7311240;2,2396080
24351;202000027076;5;11;2020;20:00;5;72;72181;2;9;1;3;DURAND GEORGES (AV) N° IMP 313 ET plus;47,9634400;0,2212500
24352;202000027077;4;8;2020;19:30;1;69;69282;2;1;1;-1;REPUBLIQUE (DE)                     (R );45,7667600;4,9999900
24353;202000027078;10;4;2020;15:25;1;91;91521;1;1;1;7;RN 440;48,6328700;2,4026900
24354;202000027079;15;1;2020;19:23;5;86;86194;2;1;1;3;Avenue de l’Europe;46,5912884;0,3519166
24355;202000027080;5;8;2020;14:00;1;68;68256;1;1;1;6;;47,7573400;7,3044400
24356;202000027081;5;11;2020;13:30;1;71;71153;2;3;1;6;MOINEAUX (RUE DES);46,8036980;4,4186234
24357;202000027082;5;2;2020;16:50;1;34;34032;2;1;1;7;PEZENAS (ROUTE DE);43,3578500;3,2433000
24358;202000027083;5;11;2020;12:10;1;67;67482;2;1;1;6;ROME (RUE DE);48,5772935;7,7669046
24359;202000027084;9;4;2020;09:30;1;974;97411;2;1;1;6;Rue Lory les Hauts; -20,8937028;55,4818299
24360;202000027085;9;4;2020;01:15;5;76;76319;2;1;1;7;ESSARTS. RUE DES (CD 13);49,3528700;1,0130800
24361;202000027086;8;4;2020;09:45;1;69;69264;2;1;1;6;BENDER  EMILE (rue);45,9800700;4,7384700
24362;202000027087;6;4;2020;01:00;3;59;59375;2;1;1;7;HEIN LOUIS(RUE);50,4067800;3,2792900
24363;202000027088;5;8;2020;01:20;4;67;67204;2;3;1;1;REPUBLIQUE (RUE DE LA);48,6213979;7,7552301
24364;202000027089;9;4;2020;13:30;1;59;59122;2;3;1;3;SOLESMES (RUE DE);50,1787000;3,2483300
24365;202000027090;8;4;2020;17:10;1;34;34172;2;1;1;6;BARCELONE (AVENUE DE);43,6250510;3,8174190
24366;202000027091;5;11;2020;08:00;2;67;67482;2;1;1;1;LYON (BOULEVARD DE);48,5748547;7,7351050
24367;202000027092;4;8;2020;10:20;1;67;67482;2;1;8;2;SCHIRMECK (ROUTE DE);48,5694000;7,7106300
24368;202000027093;9;4;2020;23:50;5;29;29019;2;6;1;6;Rue de Maissin;48,3908000; -4,5035000
24369;202000027094;1;8;2020;12:37;1;66;66136;2;1;1;2;JOFFRE (AVENUE DU MARECHAL CD 88);42,7127600;2,8893400
24370;202000027095;5;8;2020;18:10;1;64;64483;2;3;1;3;ITHURRALDE ANDRE (AVENUE);43,3923989; -1,6530534
24371;202000027096;5;11;2020;08:20;1;59;59648;2;2;1;1;CLEMENCEAU RUE;50,5995800;3,0532800
24372;202000027097;5;8;2020;11:00;1;64;64260;2;1;1;3;MER (BOULEVARD DE LA);43,3746700; -1,7664700
24373;202000027098;29;10;2020;13:55;1;58;58194;2;1;1;4;DOCKS;46,9954000;3,1482000
24374;202000027100;5;8;2020;09:25;1;64;64024;2;6;1;2;BAB (BOULEVARD DU);43,4967400; -1,5097600
24375;202000027101;4;8;2020;14:25;1;63;63164;2;1;1;7;BARDIN (IMPASSE CLAUDIUS);45,8359407;3,1474860
24376;202000027103;4;11;2020;19:15;5;57;57306;2;3;1;3;SAINT-JEAN (AVENUE);49,3543900;6,0632400
24377;202000027104;5;8;2020;14:45;1;59;59043;2;2;1;3;PHILIPPE VAN TIEGHEM (RUE);50,7318700;2,7277100
24378;202000027105;5;8;2020;13:10;1;51;51454;2;1;1;2;Boulevard Paul Doumer;49,2498215;4,0252414
24379;202000027106;4;11;2020;17:30;1;56;56107;2;6;7;6;KERHOAS (RUE DE);47,7247400; -3,3863500
24380;202000027107;8;4;2020;19:49;1;19;19275;1;1;1;1;PONTY (ROUTE DE);45,5496844;2,2787176
24381;202000027108;4;11;2020;18:15;5;55;55545;2;1;1;6;LUXEMBOURG ( AVENUE DU );49,1674900;5,3868900
24382;202000027109;4;8;2020;16:05;1;50;50647;2;1;1;2;EUROPE (AVENUE DE L');48,8388900; -1,5598400
24383;202000027110;9;4;2020;14:00;1;13;13056;1;1;1;2;ROUTE DU PORT DE LAVERA;43,3947500;5,0110100
24384;202000027111;4;8;2020;15:15;1;49;49007;1;1;1;1;ATLANTIQUE  AVENUE DE L';47,4646710; -0,5744000
24385;202000027113;4;8;2020;17:40;1;41;41018;2;2;1;-1;MAUNOURY (AVENUE DE MARECHAL);47,6031540;1,3495830
24386;202000027114;5;8;2020;22:10;5;37;37261;2;1;1;6;FEBVOTTE (RUE);47,3789727;0,6913369
24387;202000027115;5;8;2020;17:15;1;35;35238;2;1;1;2;159 rue de Lorient;48,1068700; -1,7275700
24388;202000027116;9;4;2020;12:45;1;75;75114;2;2;1;2;AVENUE DU GENERAL LECLERC;48,8295900;2,3284150
24389;202000027117;5;11;2020;08:35;1;51;51573;2;3;1;-1;Chemin des Femmes;49,2428462;3,9896173
24390;202000027120;3;8;2020;17:30;1;34;34032;2;9;1;2;ROUTE DEPARTEMENTALE 612;43,3658000;3,2263200
24391;202000027121;5;11;2020;21:45;5;44;44109;2;1;1;7;Rue de la Bastille;47,2195800; -1,5715100
24392;202000027122;5;8;2020;08:10;1;33;33281;2;4;1;3;AVE PRESIDENT J.F. KEN/NEDY / AVE JEAN PERRIN;44,8344800; -0,6711500
24393;202000027123;4;11;2020;09:40;1;41;41295;1;4;5;1;AVENUE DES NOELS;47,5966900;1,3791100
24394;202000027124;8;4;2020;22:23;5;75;75115;2;2;1;6;RUE DE DANTZIG;48,8335040;2,2986920
24395;202000027125;4;11;2020;19:10;5;37;37261;2;1;1;6;MARECHAL JUIN (BD);47,4126286;0,7030307
24396;202000027126;9;4;2020;19:20;1;75;75118;2;1;1;6;RUE PHILIPPE DE GIRARD;48,8852630;2,3612940
24397;202000027127;3;11;2020;16:45;1;37;37261;2;1;1;6;BELLINI (RUE);47,3669421;0,7101890
24398;202000027128;5;11;2020;20:50;5;35;35051;2;1;1;6;RENNES (RUE DE);48,1141100; -1,6265900
24399;202000027129;8;4;2020;22:30;5;94;94081;2;2;1;3;PAUL VAILLANT COUTURIER (AV);48,7875000;2,3905800
24400;202000027130;8;4;2020;18:39;1;94;94078;2;1;1;7;REPUBLIQUE (AV DE LA);48,7293190;2,4498600
24401;202000027131;9;4;2020;09:15;1;93;93066;2;1;1;3;BD DE LA LIBERATION;48,9242243;2,3425071
24402;202000027132;5;8;2020;09:45;1;33;33529;2;1;1;1;112 Boulevard de l'Ocean;44,6276400; -1,2024100
24403;202000027133;5;11;2020;07:48;1;34;34172;2;1;1;3;DUBOUT (AVENUE ALBERT);43,5969625;3,8834189
24404;202000027134;9;3;2020;16:10;2;92;92012;2;2;1;2;PONT DE SEVRES (ROND POINT DU);48,8320930;2,2530570
24405;202000027135;10;3;2020;09:14;1;974;97415;2;1;1;1;22 Chemin Labbe; -21,0661550;55,2803650
24406;202000027136;4;8;2020;22:10;2;28;28134;2;1;1;6;DUNANT (RUE HENRI);48,7376700;1,3912100
24407;202000027137;4;8;2020;17:10;1;31;31555;2;1;1;7;AV DE LA GARONNETTE;43,5984100;1,4407000
24408;202000027138;5;8;2020;02:35;3;29;29232;1;1;1;7;D100 - Bld Pointe du Van;48,0028771; -4,1395605
24409;202000027139;5;11;2020;08:55;1;27;27701;1;1;8;5;SAINT PIERRE DU VAUVRAY (ANC CHEMIN;49,2402100;1,1929790
24410;202000027140;6;11;2020;00:05;5;14;14117;2;2;1;3;ALBERT SERGENT (AVENUE);49,2915100; -0,1227900
24411;202000027141;9;4;2020;12:55;1;22;22370;1;1;1;7;D7;48,6702760; -3,0232790
24412;202000027142;5;8;2020;15:45;1;27;27229;2;1;1;2;ROOSEVELT (RUE FRANKLIN DELANO);49,0221000;1,1520000
24413;202000027143;5;8;2020;17:15;1;24;24322;2;1;1;3;BOULEVARD GEORGESSAUMANDE;45,1881300;0,7299100
24414;202000027144;2;8;2020;17:45;1;22;22215;1;1;1;7;BOIS JOLI (RUE DU);48,4701300; -2,8036700
24415;202000027145;10;4;2020;11:50;1;38;38226;2;9;1;7;Chemin du Serre Bertras;44,8100000;5,7423700
24416;202000027146;31;7;2020;15:35;1;17;17333;2;1;1;6;JUIN (AVENUE MARECHAL);45,6120300; -0,9907700
24417;202000027147;5;11;2020;20:45;5;13;13213;2;1;1;3;OLIVES (AVENUE DES);43,3281600;5,4343800
24418;202000027148;4;8;2020;10:30;1;14;14366;2;2;1;6;SAINTE ANNE (BOULEVARD);49,1428800;0,2253500
24419;202000027149;10;4;2020;04:15;3;59;59213;1;1;1;7;D643;50,1532360;3,3286430
24420;202000027150;5;11;2020;17:15;2;13;13207;2;2;1;1;CORSE (AVENUE DE LA);43,2892900;5,3575700
24421;202000027151;5;11;2020;15:50;1;13;13205;2;1;1;1;SAINT PIERRE (RUE);43,2906600;5,4202500
24422;202000027152;9;4;2020;22:00;3;49;49228;1;1;1;6;La Petite Beauce (Meigné-le-Vicomte);47,5117150;0,1011350
24423;202000027153;5;11;2020;14:45;1;13;13207;2;1;1;6;TELLENE (BOULEVARD);43,2850100;5,3683000
24424;202000027154;8;4;2020;19:45;1;12;12142;1;1;1;1;D994;44,4024339;2,3551983
24425;202000027155;3;11;2020;09:55;1;08;08105;2;1;1;6;THEATRE RUE;49,7737130;4,7187880
24426;202000027156;10;4;2020;17:40;1;41;41176;1;1;1;6;D122;47,5174520;2,1319810
24427;202000027157;5;11;2020;18:40;5;75;75112;2;1;1;3;BOULEVARD PERIPHERIQUE;48,8284710;2,3974180
24428;202000027158;8;4;2020;19:00;1;29;29271;1;1;1;6;lieu dit kerscouejou;48,5651438; -4,1483760
24429;202000027159;5;11;2020;08:55;1;75;75117;2;1;1;4;BOULEVARD PERIPHERIQUE;48,9006730;2,3261490
24430;202000027160;8;4;2020;18:20;1;29;29063;1;1;7;7;Lieu Dit Mespirit;48,0543934; -4,5715651
24431;202000027161;5;11;2020;09:30;1;75;75106;2;3;1;-1;IMPASSE DE CONTI;48,8571700;2,3385960
24432;202000027162;5;8;2020;16:55;1;14;14118;2;2;1;3;HAMELIN (QUAI AMIRAL);49,1792400; -0,3488500
24433;202000027163;5;11;2020;13:15;1;75;75119;2;2;1;6;RUE PETIT;48,8852400;2,3846050
24434;202000027164;10;4;2020;00:10;4;03;03033;2;2;1;6;1 Route des Etangs;46,1852823;3,4884755
24435;202000027165;5;8;2020;16:00;1;13;13208;2;1;1;6;DOCTEUR BERTRAND (RUE);43,2465720;5,3814820
24436;202000027166;10;4;2020;06:30;1;05;05017;1;3;1;3;Chemin du Torrent des Tours;44,5745190;6,1696550
24437;202000027167;5;8;2020;09:30;1;13;13207;2;1;1;6;RAMPE SAINT MAURICE;43,2908600;5,3635900
24438;202000027168;10;4;2020;09:55;1;37;37050;2;1;1;7;rue James Joule;47,3380897;0,7037777
24439;202000027170;5;8;2020;01:00;5;13;13208;2;1;1;2;MENDES FRANCE (AVENUE);43,2540200;5,3762000
24440;202000027171;19;2;2020;07:17;2;83;83116;1;1;1;2;A8;43,4637910;5,8550690
24441;202000027174;5;11;2020;07:05;2;75;75118;2;3;1;6;BOULEVARD NEY;48,8987010;2,3683670
24442;202000027175;5;8;2020;10:20;1;13;13028;2;9;1;-1;CD.559;43,1920810;5,6072610
24443;202000027176;28;3;2020;07:45;1;971;97124;2;1;1;6;Rue des Boutons d'Or;16,0202360; -61,7128820
24444;202000027177;3;8;2020;20:30;1;13;13028;2;1;6;2;Rond-point de la locomotive;43,1920730;5,6048190
24445;202000027178;5;11;2020;11:40;1;75;75117;2;1;1;3;AVENUE DE VILLIERS;48,8852620;2,2947940
24446;202000027179;10;4;2020;14:20;1;45;45311;2;2;1;1;RD11 - PR4+970;47,8366601;2,2255562
24447;202000027180;4;8;2020;17:56;1;10;10387;2;6;1;2;CHOMEDEY DE MAISONNEUVE (AVE);48,3150900;4,0634600
24448;202000027181;5;11;2020;19:25;5;75;75115;2;3;1;3;RUE LECOURBE;48,8445140;2,3091800
24449;202000027182;29;3;2020;15:00;1;91;91461;1;1;1;6;route de limours;48,6035170;2,2110840
24450;202000027183;4;8;2020;17:17;1;10;10387;2;1;1;6;JUMELAGES (RUE DES);48,3034700;4,0947700
24451;202000027184;5;11;2020;12:40;1;75;75115;2;1;1;3;RUE ROUELLE;48,8491900;2,2904340
24452;202000027185;5;11;2020;09:00;1;75;75113;2;1;1;3;RUE DE TOLBIAC;48,8261740;2,3579200
24453;202000027186;5;11;2020;15:30;1;75;75112;2;3;1;6;BOULEVARD DIDEROT;48,8471500;2,3850070
24454;202000027187;24;3;2020;11:00;1;34;34154;1;1;1;3;D189;43,6176390;3,9831020
24455;202000027188;5;8;2020;21:40;2;06;06069;2;1;1;3;SAINT LAURENT (AVENUE);43,6799940;6,9559190
24456;202000027189;5;11;2020;06:40;5;75;75104;2;1;1;6;BOULEVARD BEAUMARCHAIS;48,8545450;2,3688080
24457;202000027190;9;4;2020;13:46;1;57;57288;2;1;1;2;D73;49,1823200;6,6603850
24458;202000027193;5;4;2020;04:30;3;07;07042;2;1;1;6;Avenue Albertine Maurin;44,3706488;4,6384991
24459;202000027194;5;11;2020;20:55;5;94;94018;2;1;1;3;4 R DU PONT;48,8178500;2,4197700
24460;202000027196;9;4;2020;09:20;1;94;94038;1;1;1;6;AUTOROUTE A6B;48,7728800;2,3455400
24461;202000027197;8;4;2020;13:00;1;93;93073;1;1;1;6;AUTOROUTE A104;48,9668900;2,5606300
24462;202000027198;5;11;2020;17:40;5;94;94076;2;3;1;7;MAXIME GORKI (BD);48,7915860;2,3694370
24463;202000027199;4;8;2020;16:47;1;06;06027;1;1;1;1;GAUDE AVENUE DE LA;43,6824410;7,1494680
24464;202000027200;9;4;2020;14:00;1;94;94073;1;1;1;7;A86 EXT;48,7683000;2,3788700
24465;202000027202;3;10;2020;09:45;1;93;93027;1;1;1;6;AUTOROUTE A86;48,9285300;2,4135600
24466;202000027204;5;8;2020;09:50;1;75;75112;2;4;1;2;ECHANGEUR BERCY;48,8277270;2,3946260
24467;202000027205;5;11;2020;08:30;1;94;94073;2;1;1;6;REPUBLIQUE (AV DE LA);48,7678000;2,3944500
24468;202000027206;21;1;2020;08:30;1;74;74305;2;1;1;2;VOIRONS (RUE DES);46,2023500;6,2567600
24469;202000027207;2;10;2020;19:40;3;95;95042;1;1;2;2;RN 104;49,0619260;2,3186640
24470;202000027208;4;11;2020;23:45;5;94;94017;2;1;1;6;61 Avenue Marx Dormoy;48,8082520;2,5250880
24471;202000027209;3;8;2020;09:35;1;75;75120;2;1;1;2;BOULEVARD PERIPHERIQUE;48,8518730;2,4149580
24472;202000027210;4;11;2020;13:15;1;94;94002;2;1;1;1;JEAN BAPTISTE CLEMENT (QU);48,7961100;2,4220800
24473;202000027211;3;10;2020;08:40;1;93;93078;1;1;1;6;AUTOROUTE A104;48,9633673;2,5213299
24474;202000027212;4;11;2020;08:45;1;93;93066;2;9;1;6;LENINE (AVENUE) NR 2 A 26;48,9419000;2,3656500
24475;202000027213;4;8;2020;23:10;5;75;75116;2;2;1;6;AVENUE HENRI MARTIN;48,8638670;2,2719780
24476;202000027214;8;4;2020;14:15;1;91;91589;2;3;1;3;DUNANT (RUE HENRI);48,6799270;2,3422660
24477;202000027215;3;10;2020;05:30;3;92;92036;1;1;1;2;AUTOROUTE A15;48,9494783;2,2805791
24478;202000027216;5;8;2020;09:35;1;75;75119;2;1;1;6;RUE DE BELLEVILLE;48,8735380;2,3835400
24479;202000027217;5;11;2020;08:50;1;93;93077;2;9;1;3;TOUR (ALLEE DE LA);48,8968554;2,5041457
24480;202000027218;5;11;2020;14:55;1;93;93053;2;3;1;4;JULES FERRY (RUE);48,8941263;2,4706917
24481;202000027219;8;4;2020;04:40;5;91;91223;2;6;1;3;VICTOIRE (ROND-POINT DE LA);48,4372030;2,1634470
24482;202000027220;3;10;2020;05:45;3;95;95572;1;1;2;-1; A15;49,0328358;2,1080398
24483;202000027221;5;11;2020;12:35;1;93;93001;2;1;1;6;AV DE LA REPUBLIQUE;48,9143400;2,3817200
24484;202000027223;2;10;2020;23:15;4;95;95394;1;1;2;6; A115;49,0489059;2,1820867
24485;202000027224;7;4;2020;17:45;1;86;86194;2;3;1;3;Rue Olivier de Serres;46,5962550;0,3297310
24486;202000027225;4;11;2020;13:30;5;92;92019;2;1;1;-1;SALENGRO ROGER (AVENUE);48,7740345;2,2769229
24487;202000027226;5;11;2020;13:15;1;92;92020;2;1;1;6;PARIS AVENUE DE N°84 A FIN;48,8067230;2,2934240
24488;202000027227;5;8;2020;19:30;1;75;75117;2;2;1;6;BOULEVARD PEREIRE;48,8773850;2,2840520
24489;202000027228;8;4;2020;12:55;1;83;83137;2;2;1;3;ILES D'OR (AVE DES);43,1302000;5,9764000
24490;202000027230;5;11;2020;18:42;5;92;92040;2;1;1;1;GENERAL DE GAULLE (AVE DU) 87 A 127;48,8182450;2,2772310
24491;202000027232;3;8;2020;17:00;1;75;75116;2;2;1;3;BOULEVARD MURAT;48,8453210;2,2575520
24492;202000027234;7;4;2020;14:45;1;71;71153;2;9;1;3;Rue Baptiste Marcet;46,7975706;4,4333251
24493;202000027235;2;10;2020;12:20;1;93;93053;1;1;2;4;AUTOROUTE A103;48,8842000;2,4711000
24494;202000027236;5;11;2020;09:10;1;92;92040;2;1;1;6;VICTOR HUGO;48,8281643;2,2735403
24495;202000027237;5;8;2020;02:30;5;75;75114;2;3;1;3;RUE RAYMOND LOSSERAND;48,8334320;2,3171600
24496;202000027238;8;4;2020;13:50;1;69;69266;2;3;1;3;EMILE ZOLA     (Cours);45,7681717;4,8869565
24497;202000027239;2;10;2020;11:25;1;93;93008;1;1;2;3;AUTOROUTE A86;48,9087700;2,4496300
24498;202000027240;5;8;2020;10:40;1;75;75113;2;2;1;3;BOULEVARD DE L HOPITAL;48,8388540;2,3610010
24499;202000027241;30;3;2020;10:00;1;69;69264;2;1;1;6;BLANC  LOUIS  BD;45,9885200;4,7214900
24500;202000027242;5;11;2020;06:05;5;92;92036;2;1;1;3;MARCEL PAUL (AVENUE) (2/50);48,9385710;2,3041357
24501;202000027243;4;1;2020;18:45;5;69;69266;2;1;1;4;LAURENT BONNEVAY    (Boulevard);45,7873500;4,8857000
24502;202000027244;4;8;2020;19:45;1;75;75112;2;2;1;3;QUAI DE LA RAPEE;48,8434350;2,3707000
24503;202000027245;8;4;2020;08:00;1;67;67447;2;1;1;3;30 Avenue de l'Europe;48,6154200;7,7189900
24504;202000027246;5;8;2020;19:00;1;75;75110;2;4;1;3;RUE D ABBEVILLE;48,8785550;2,3505400
24505;202000027247;5;11;2020;15:30;1;92;92024;2;6;1;3;FRANCOIS MITERRAND (PLACE);48,9030112;2,3126999
24506;202000027249;5;8;2020;12:57;1;75;75108;2;7;1;7;PLACE DE LA MADELEINE;48,8709410;2,3243710
24507;202000027250;2;3;2020;17:25;1;61;61169;2;3;1;3;11EME DB (RUE DE LA);48,7507920; -0,5676110
24508;202000027251;4;11;2020;11:00;1;92;92004;1;9;1;6;ROBERT DUPONT;48,9193606;2,2804959
24509;202000027252;2;10;2020;08:30;1;974;97411;2;2;1;3;Boulevard Jean Jaurès; -20,8894420;55,4506480
24510;202000027253;3;4;2020;13:24;1;56;56098;2;6;1;6;ARAGO (RUE  DOMINIQUE );47,7829700; -3,3386300
24511;202000027254;6;11;2020;16:15;1;35;35219;1;1;1;1;RD 177;47,7761520; -1,9305280
24512;202000027255;5;8;2020;20:50;1;75;75107;2;1;1;3;QUAI BRANLY;48,8619250;2,2988400
24513;202000027256;7;4;2020;20:20;2;37;37261;2;2;1;3;GRAMMONT (AVENUE DE);47,3784277;0,6937076
24514;202000027257;6;11;2020;13:20;1;80;80016;2;9;1;7;Intermarché (Supermarché);49,9945490;2,6607910
24515;202000027258;2;10;2020;07:00;2;973;97302;2;3;2;3;UNIVERSITE CHICAGO (RUE DE);4,9332990; -52,2992349
24516;202000027259;8;4;2020;12:00;1;31;31555;2;1;2;3;RUE DU FAUBOURG BONNEFOY;43,6160236;1,4531650
24517;202000027260;7;4;2020;20:00;2;31;31555;2;1;1;6;LATTRE DE TASSIGNY (AV DU MARECHAL DE) D;43,5802500;1,4376200
24518;202000027261;6;11;2020;07:50;1;80;80129;1;1;1;6;D938;50,0133100;2,6249170
24519;202000027262;8;4;2020;06:30;2;13;13205;2;1;1;2;SAINT PIERRE (RUE);43,2928780;5,4039160
24520;202000027263;2;10;2020;10:30;1;69;69383;2;1;2;6;DOCTEUR BOUCHUT (DU)                (R );45,7594240;4,8545569
24521;202000027264;5;8;2020;09:00;1;75;75103;2;3;1;2;PLACE DE LA REPUBLIQUE;48,8673380;2,3633430
24522;202000027265;6;11;2020;15:10;1;87;87002;2;2;1;2;Avenue Francois Mitterrand;45,9529980;1,3993300
24523;202000027266;8;4;2020;09:30;1;10;10343;2;6;1;3;CHATEAU DES COURS (RUE DU);48,2719900;4,0908100
24524;202000027267;5;8;2020;07:15;1;94;94081;2;9;1;3;YOURI GAGARINE (AV);48,7861300;2,3918900
24525;202000027268;2;10;2020;02:50;5;69;69383;2;2;1;3;BARABAN (R);45,7613000;4,8682700
24526;202000027269;5;11;2020;19:07;3;43;43076;1;1;5;6;D201;45,3223260;3,6517100
24527;202000027270;8;4;2020;19:40;1;75;75117;2;1;1;2;PORTE DE CHAMPERRET;48,8851930;2,2873020
24528;202000027271;4;8;2020;13:45;1;94;94067;2;2;1;3;GENERAL LECLERC (CENTRE (PL DU);48,8467100;2,4176800
24529;202000027272;2;10;2020;07:10;1;972;97213;2;1;2;3;NELSON MANDELA;14,6125500; -60,9978700
24530;202000027273;4;11;2020;12:06;1;11;11203;2;1;1;3;RD611;43,1822030;2,7479980
24531;202000027274;8;4;2020;17:15;1;75;75118;2;1;1;6;RUE FEUTRIER;48,8869680;2,3460430
24532;202000027276;4;8;2020;18:20;1;94;94068;2;3;1;7;CHANZY (AV);48,7900920;2,5182830
24533;202000027277;5;11;2020;17:03;1;56;56010;1;1;1;6;Guernalain;47,8702368; -3,0610280
24534;202000027278;8;4;2020;15:38;1;75;75115;2;7;1;6;AVENUE FELIX FAURE;48,8369190;2,2787580
24535;202000027279;2;10;2020;10:30;1;972;97209;2;1;1;1;BEAUSEJOUR JAMBETTE (ROUTE);14,6432620; -61,0435740
24536;202000027280;4;8;2020;16:50;1;94;94068;2;1;1;2;BAC (AV DU);48,7974700;2,5040030
24537;202000027281;5;11;2020;18:00;3;59;59587;2;6;1;3;Route d'Hazebrouck;50,8033140;2,5767230
24538;202000027282;8;4;2020;20:35;2;75;75112;2;2;1;6;BOULEVARD SOULT;48,8469160;2,4111530
24539;202000027283;6;11;2020;04:45;3;79;79161;2;1;1;6;12 Rue de la Thibaudière;46,9234450; -0,2207120
24540;202000027284;2;10;2020;09:00;1;2B;2B037;1;1;1;4;TOUTES RUES;42,6297100;9,4375500
24541;202000027285;8;4;2020;18:00;1;75;75107;2;1;1;6;QUAI BRANLY;48,8584930;2,2924650
24542;202000027286;4;8;2020;13:35;1;94;94068;2;1;1;7;LEDRU ROLLIN (R);48,7899900;2,4900100
24543;202000027287;5;11;2020;21:20;3;33;33406;1;1;1;6;D17;44,8950400; -0,0581400
24544;202000027288;28;9;2020;12:00;1;971;97120;2;1;1;6;HANNE (BOULEVARD);16,2406120; -61,5337950
24545;202000027289;8;4;2020;13:30;1;94;94041;2;1;1;6;REPUBLIQUE (AV DE LA);48,8061800;2,3932500
24546;202000027290;2;10;2020;08:33;1;2A;2A004;2;1;1;-1;PRINCE IMPERIAL COURS;41,9341702;8,7472323
24547;202000027291;8;4;2020;18:20;1;92;92040;2;1;1;6;HOCHE;48,8238986;2,2695981
24548;202000027292;5;8;2020;02:20;5;94;94019;2;1;1;1;ARISTIDE BRIAND (R);48,7900000;2,5300000
24549;202000027293;6;11;2020;07:15;2;33;33514;1;2;1;3;D1215;45,5061060; -1,0926780
24550;202000027294;8;4;2020;22:00;3;22;22104;1;1;1;6;La Basse Touche;48,4060010; -2,1918370
24551;202000027295;29;9;2020;13:00;1;95;95500;2;1;9;6;JEAN JAURES (BOULEVARD);49,0515390;2,0999740
24552;202000027296;5;11;2020;11:10;1;33;33125;2;3;1;3;D104;45,2255110; -0,8322220
24553;202000027298;4;8;2020;20:37;5;94;94017;2;1;1;1;ROGER SALENGRO (AV);48,7966308;2,5487423
24554;202000027299;1;10;2020;23:55;3;91;91421;1;1;1;2;NATIONALE 6 (GLACIERE);48,7106800;2,4418100
24555;202000027301;2;10;2020;13:00;1;91;91027;2;4;2;-1;DUNANT (AVENUE HENRI);48,7191000;2,4011500
24556;202000027302;8;4;2020;17:40;1;76;76226;2;1;7;6;2 Rue des Hetres;49,7904490;0,4849000
24557;202000027303;5;8;2020;14:15;1;93;93073;1;1;1;2;CHAPIT RE ( RUE DU);48,9949800;2,5173500
24558;202000027304;6;11;2020;16:00;1;89;89125;1;1;1;1;Rue d'Auxerre;47,6216970;3,4953450
24559;202000027305;8;4;2020;18:30;1;76;76452;2;6;1;7;Rue de Bois Isambert;49,5435800;1,1042010