;Num_Acc;jour;mois;an;hrmn;lum;dep;com;agg;int;atm;col;adr;lat;long
24560;202000027306;1;10;2020;20:30;5;91;91103;2;2;1;6;HUGO VICTOR (PLACE);48,6077300;2,3057800
24561;202000027307;31;3;2020;00:30;3;61;61385;1;1;1;6;Lieu Dit la Siaule;48,8161080;0,2801670
24562;202000027308;5;11;2020;05:45;3;35;35162;1;1;1;6;La Berhaudière;48,4957560; -1,1058210
24563;202000027309;5;8;2020;11:30;1;93;93078;2;2;1;3;CLEMENCEAU (AVENUE GEORGES);48,9582000;2,5585000
24564;202000027310;1;10;2020;14:00;1;87;87085;2;1;1;6;CLOS DE LA BREGERE (RUE DU);45,8514600;1,2658700
24565;202000027311;5;8;2020;21:30;2;93;93051;2;1;1;2;PAUL PAMBRUN (BOULEVARD);48,8501200;2,5510300
24566;202000027312;5;11;2020;08:45;1;38;38130;1;1;8;2;Route de la Gare;45,3775410;5,2632130
24567;202000027313;8;4;2020;16:45;1;86;86281;1;1;1;1;D18;46,7348460;0,1902330
24568;202000027314;1;10;2020;11:43;1;87;87085;2;1;2;3;CURIE  (RUE PIERRE ET MARIE);45,8245000;1,2487900
24569;202000027315;9;4;2020;10:10;1;02;02571;1;1;1;3;D8;49,8841830;3,3083550
24570;202000027316;6;11;2020;08:50;1;03;03230;1;1;1;7;D25;46,1452827;3,5415731
24571;202000027317;6;11;2020;14:09;1;01;01272;1;1;1;6;D936;46,1431650;4,9810340
24572;202000027318;8;4;2020;21:00;3;58;58122;1;1;1;6;D38;47,2578444;3,0507434
24573;202000027319;5;8;2020;07:29;1;93;93046;2;1;1;4;AV ARISTIDE BRIAND;48,9147000;2,5273100
24574;202000027321;9;4;2020;08:15;1;50;50260;1;1;1;3;Le Domaine Juvigny-tertre (Juvigny-le-Tertre);48,6776440; -1,0370490
24575;202000027322;20;10;2020;15:10;1;10;10031;2;2;2;3;Rue des Chaumes;48,5507550;3,5790110
24576;202000027323;5;8;2020;16:40;1;93;93061;2;3;1;2;PERI GABRIEL RUE;48,8863361;2,4071758
24577;202000027324;1;10;2020;11:30;1;83;83069;2;1;1;2;MOULIN PREMIER (CHEMIN DU);43,1288856;6,1551195
24578;202000027325;9;4;2020;18:00;1;64;64198;2;1;1;6;14 Chemin d'Aussevielle;43,3614910; -0,4946320
24579;202000027326;5;11;2020;14:45;1;07;07132;1;1;8;1;D212;44,5364780;4,2944740
24580;202000027327;5;8;2020;15:20;1;93;93005;2;2;1;3;MARCEL SEMBAT (RUE);48,9356480;2,4856713
24581;202000027328;8;4;2020;14:05;1;73;73092;1;1;1;6;D45;45,4526980;5,8187120
24582;202000027329;1;10;2020;14:15;1;80;80021;2;1;2;6;EMILE LESOT (RUE);49,9086600;2,2917800
24583;202000027330;6;11;2020;05:05;3;27;27453;1;1;1;1;D1;49,3891330;1,3754370
24584;202000027331;7;4;2020;12:20;1;976;97617;1;1;1;3;D3; -12,7863150;45,1515340
24585;202000027332;5;8;2020;07:42;1;92;92072;2;1;1;1;VILLE D'AVRAY (RUE DE );48,8257700;2,2063000
24586;202000027333;5;8;2020;01:30;5;92;92036;2;9;1;3;GABRIEL PERI (AVENUE) (147/177);48,9236790;2,2946700
24587;202000027334;1;10;2020;09:45;1;78;78646;2;1;2;3;CHANTIERS (RUE DES);48,7929300;2,1438700
24588;202000027335;8;4;2020;16:00;1;988;98831;1;1;1;6;RT1/VOH; -20,9189140;164,6772480
24589;202000027336;5;11;2020;18:10;5;37;37050;2;2;1;6;Avenue du Grand Sud;47,3387300;0,7041597
24590;202000027337;4;8;2020;16:50;1;92;92036;2;1;1;1;VIEUX CHEMIN DE SAINT DENIS (AVENUE);48,9319189;2,3174018
24591;202000027338;18;9;2020;18:48;1;78;78646;2;1;1;6;GENERAL DE GAULLE (AVENUE DU);48,8005300;2,1288000
24592;202000027339;8;4;2020;12:00;1;06;06154;1;1;1;-1;Route Departementale 2;43,7950250;6,7639200
24593;202000027340;4;11;2020;07:30;2;78;78466;2;3;1;6;Rue du Montluisant;48,9414210;1,9743290
24594;202000027341;5;8;2020;20:50;2;92;92035;2;1;1;2;Fauvelles ( rue des );48,9014000;2,2354000
24595;202000027342;3;11;2020;05:15;3;45;45006;1;1;1;2;Autoroute A71 PK 108+263;47,8212270;1,8587078
24596;202000027343;8;4;2020;18:30;2;71;71342;2;1;1;6;Route de Saint-Germain;46,4464886;4,0935228
24597;202000027344;5;11;2020;21:20;4;971;97106;2;1;1;7;Rue des Paletuviers;16,1680060; -61,7746960
24598;202000027345;5;8;2020;14:25;1;92;92024;2;3;1;3;CLICHY (QUAI DE) DE (8 A 60);48,9050978;2,2931390
24599;202000027346;7;4;2020;18:00;1;54;54217;1;1;1;7;RD 19;48,4728930;6,7381810
24600;202000027347;2;10;2020;08:00;1;71;71076;2;6;3;3;NUGUE (AVENUE PIERRE);46,7884139;4,8649586
24601;202000027349;5;4;2020;12:25;1;57;57679;1;1;1;7;D910;49,0855210;6,6115430
24602;202000027350;5;11;2020;16:20;1;78;78255;2;4;1;-1;D113;49,0379800;1,5919880
24603;202000027351;2;10;2020;14:45;1;69;69029;2;1;3;6;ROGER SALENGRO                      (R );45,7291800;4,9082600
24604;202000027352;8;4;2020;18:20;1;91;91570;1;1;1;4;RN 104;48,6253000;2,3215000
24605;202000027354;2;10;2020;14:15;1;68;68224;2;9;1;2;;47,7508741;7,2860517
24606;202000027355;29;7;2020;12:40;1;92;92004;2;2;1;3;ARGENTEUIL N° 176 A 388;48,9193050;2,2803990
24607;202000027357;5;8;2020;19:10;1;13;13211;1;1;1;2;A50-Sens Marseille vers Aubagne;43,2885700;5,4442000
24608;202000027358;1;10;2020;15:30;1;67;67482;2;1;3;3;PAUL DOPFF (RUE) ;48,5550000;7,7680600
24609;202000027359;4;11;2020;18:30;3;84;84034;2;1;1;3;Route de Gadagne;43,9013250;4,9475010
24610;202000027360;2;10;2020;11:30;1;66;66136;1;9;1;6;FLANDRES/DUNKERQUE (CARREFOUR);42,6864700;2,9074400
24611;202000027361;1;2;2020;06:20;1;974;97411;2;3;1;3;Rue de Paris; -20,8839583;55,4504007
24612;202000027362;3;8;2020;14:35;1;83;83137;1;1;1;1;A57;43,1213200;5,9533100
24613;202000027363;15;10;2020;11:35;1;57;57160;2;1;1;6;41 Rue de la Gare;49,2027270;6,6937390
24614;202000027364;2;10;2020;06:50;1;66;66136;2;1;1;6;POINCARE (BOULEVARD HENRI);42,6912900;2,8965300
24615;202000027365;1;10;2020;16:35;1;66;66136;2;1;1;6;SAINT-ASSISCLE (BOULEVARD DE);42,6961625;2,8782731
24616;202000027366;4;8;2020;20:40;2;69;69388;1;1;1;2;RD383   ;45,7220100;4,8866400
24617;202000027367;6;11;2020;07:00;1;57;57663;2;1;1;3;277 Rue de Metz;49,2281290;6,1671820
24618;202000027368;2;10;2020;17:15;1;65;65047;1;1;1;6;SPORTS (AVE DES);43,2404000;0,1175000
24619;202000027369;29;1;2020;20:57;5;69;69387;2;2;1;1;JEAN JAURES                         (AV);45,7382000;4,8376000
24620;202000027370;5;8;2020;14:40;1;42;42218;1;1;1;2;A72;45,4366905;4,4333619
24621;202000027371;2;10;2020;07:15;5;65;65440;2;1;3;6;CRONSTADT (RUE DE);43,2285010;0,0749220
24622;202000027372;16;1;2020;17:15;1;2A;2A004;1;6;8;7;CAMPO DELL ORO RTE;41,9274300;8,7783800
24623;202000027373;30;9;2020;14:35;1;64;64348;2;1;1;1;CHEMIN DES BERGES DU GAVE;43,3011100; -0,4142000
24624;202000027374;28;10;2020;14:50;1;26;26271;1;3;1;1;1565 Chemin neuf;45,0318390;4,8678440
24625;202000027375;5;8;2020;08:54;1;94;94037;1;1;1;-1;AUTOROUTE A6B;48,8117200;2,3514600
24626;202000027376;5;8;2020;08:30;1;91;91471;1;1;1;2;RN 118;48,7143230;2,1759830
24627;202000027377;1;10;2020;07:55;2;64;64125;2;1;2;3;PLATEAU (AVENUE DU);43,4451500; -1,5837700
24628;202000027378;14;2;2020;11:09;1;95;95127;2;1;1;6;VAUREAL (RUE DE);49,0436920;2,0501100
24629;202000027379;5;11;2020;17:02;2;01;01160;2;6;8;3;Avenue du Jura;46,2595110;6,1110590
24630;202000027380;2;10;2020;17:35;1;64;64102;2;6;2;2;ARITXAGUE (BD D');43,4778000; -1,4920100
24631;202000027381;6;2;2020;14:45;1;91;91549;2;6;7;6;REPUBLIQUE (AVENUE DE LA);48,6449620;2,3345890
24632;202000027382;2;10;2020;09:50;1;64;64024;2;1;3;7;ARITXAGUE (BD D');43,4726000; -1,4902100
24633;202000027383;6;11;2020;13:15;1;69;69176;2;3;1;6;45 Route de Prasseytout;45,6694550;4,6841680
24634;202000027384;5;8;2020;19:00;1;92;92025;1;1;1;-1;A86;48,9332200;2,2518000
24635;202000027385;2;10;2020;17:40;1;59;59378;2;1;3;6;DOMINIAL (127 AV. DE LA MARNE);50,6793500;3,1135700
24636;202000027386;5;8;2020;07:41;1;78;78322;1;1;1;4;RN12;48,7818170;2,1628330
24637;202000027387;6;11;2020;18:30;5;81;81140;2;2;1;3;4 Avenue Georges Spenale;43,7029520;1,8059900
24638;202000027388;18;1;2020;01:30;3;91;91161;1;6;2;7;INDUSTRIE (RUE De L');48,7042070;2,2969230
24639;202000027389;1;10;2020;09:10;1;59;59609;2;2;3;1;SECLIN RUE DE;50,5755600;3,0787800
24640;202000027390;6;11;2020;11:45;1;27;27599;2;1;1;6;Route Departementale 6015;49,1468260;1,3955210
24641;202000027391;5;8;2020;15:00;1;95;95582;1;1;1;6; A15;48,9639660;2,2636396
24642;202000027392;5;1;2020;06:25;5;91;91097;2;6;1;6;CHARLES DE GAULLE (STADE-TENNIS)(AVENUE);48,6907000;2,5256000
24643;202000027393;5;8;2020;17:40;1;94;94069;1;1;1;2;A4;48,8172000;2,4293000
24644;202000027394;5;11;2020;07:51;2;13;13215;1;1;1;2;A7-Sens Lyon vers Marseille;43,3653900;5,3607300
24645;202000027395;2;10;2020;17:55;2;59;59122;2;2;2;3;GUERRY (RUE MONSEIGNEUR);50,1749900;3,2266800
24646;202000027396;8;2;2020;16:00;1;83;83069;1;6;1;-1;LOUBES (ROUTE DES);43,1133000;6,1108000
24647;202000027397;5;11;2020;14:50;1;94;94037;1;1;1;7;AUTOROUTE A6B;48,8160200;2,3563500
24648;202000027398;2;10;2020;17:10;1;56;56260;2;3;3;3;Boulevard de la Paix;47,6594000; -2,7502000
24649;202000027400;5;8;2020;14:40;1;94;94028;1;1;1;3;A86 EXT;48,7838384;2,4405909
24650;202000027401;5;11;2020;08:45;1;91;91617;1;1;1;5;RN 104;48,6315600;2,5192000
24651;202000027403;12;1;2020;10:35;1;83;83069;1;9;1;3;LOUBES (ROUTE DES);43,1131000;6,1110000
24652;202000027404;5;8;2020;14:45;1;77;77121;1;1;1;2;A104;48,8360100;2,6652600
24653;202000027405;2;10;2020;14:05;1;56;56260;2;3;1;3;HERRIOT(AVENUE EDOUARD);47,6572110; -2,7456500
24654;202000027406;4;11;2020;19:25;3;93;93005;1;1;1;-1;AUTOROUTE A3;48,9554822;2,4583252
24655;202000027408;22;2;2020;18:24;1;42;42187;2;9;1;6;Rue Lavoisier;46,0241358;4,0637639
24656;202000027409;4;11;2020;05:45;3;95;95241;1;1;1;7;RN 104;49,0534973;2,4260253
24657;202000027410;30;9;2020;08:02;1;56;56260;2;3;2;6;Avenue Georges Pompidou;47,6674400; -2,7699500
24658;202000027411;19;1;2020;12:05;1;78;78311;2;1;1;6;STALINGRAD (RUE DE) - COTE PAIR;48,9276070;2,1935630
24659;202000027413;5;2;2020;09:30;1;69;69256;2;1;1;6;JACQUARD                            (R );45,7635000;4,9257000
24660;202000027414;4;11;2020;07:40;1;974;97411;2;3;1;6;BEDIER (RUE AMEDEE); -20,8842200;55,4576000
24661;202000027415;1;10;2020;18:00;1;56;56121;2;1;2;6;LE COAT SAINT HAOUEN (RUE);47,7470000; -3,3936800
24662;202000027416;4;11;2020;09:40;1;69;69388;2;1;1;3;PAUL SANTY                          (AV);45,7291900;4,8764300
24663;202000027417;2;2;2020;17:25;2;69;69282;2;3;2;3;JEAN JAURES                         (R );45,7748600;5,0187200
24664;202000027418;18;4;2020;09:10;1;02;02304;2;1;2;1;MILENAIRE (RUE DU);49,6614800;3,3794300
24665;202000027419;1;10;2020;16:10;1;56;56121;2;1;3;2;BELGIQUE (RUE  DE );47,7603900; -3,3838000
24666;202000027420;3;11;2020;22:50;5;972;97209;2;2;1;3;FRANCOIS ARAGO (RUE);14,6053732; -61,0726333
24667;202000027421;31;1;2020;20:00;5;69;69266;2;2;1;1;JEAN JAURES      (Rue);45,7581000;4,8852000
24668;202000027422;27;7;2020;11:20;1;974;97407;2;9;1;6;Avenue Rico Carpaye; -20,9485600;55,2996900
24669;202000027423;1;10;2020;11:30;1;54;54395;2;1;1;3;MALZEVILLE (Rue de);48,7027900;6,1812000
24670;202000027424;3;8;2020;18:15;1;973;97302;2;1;1;6;DIGUE RONJON;4,9334914; -52,3309708
24671;202000027425;4;11;2020;14:00;1;69;69034;2;1;1;3;GEORGES CLEMENCEAU                  (QU);45,7964700;4,8338200
24672;202000027426;29;1;2020;18:50;5;69;69282;2;2;2;2;REPUBLIQUE (DE LA)  ;45,7694798;4,9876637
24673;202000027427;4;8;2020;21:30;4;69;69388;2;2;1;6;ALBERT THOMAS                       (CO);45,7452600;4,8719600
24674;202000027429;4;11;2020;10:15;1;95;95268;2;6;1;3;AV FRANCOIS MITTERRAND;48,9717450;2,3956680
24675;202000027430;1;10;2020;17:10;1;54;54395;2;3;1;5;CINQ PIQUETS (CHEMIN DES);48,6887700;6,1984800
24676;202000027431;27;1;2020;17:55;5;69;69275;2;6;2;3;LAVOIR (DU)                         (RP);45,7636900;4,9630900
24677;202000027432;4;11;2020;11:40;1;91;91223;2;1;1;6;BELLES CROIX (RUE DES);48,4238580;2,1345510
24678;202000027433;4;8;2020;21:50;5;69;69259;2;3;1;3;CHARLES DE GAULLE                   (AV);45,7175100;4,8915500
24679;202000027434;1;10;2020;14:10;1;54;54339;2;1;2;3;RD32;48,7237000;6,1809000
24680;202000027435;20;1;2020;14:00;1;69;69256;2;1;1;6;TITTA COIS                          (R );45,7712100;4,9045500
24681;202000027437;2;10;2020;08:15;2;54;54270;1;1;1;6;D26;49,5007900;5,8625000
24682;202000027438;4;1;2020;13:30;1;69;69256;2;1;1;6;DROITS DE L'HOMME (DES)             (R );45,7678100;4,9266000
24683;202000027439;30;10;2020;17:55;2;83;83126;1;1;1;6;ARMANDO (AV. ESPRIT);43,0991100;5,8920300
24684;202000027440;4;8;2020;17:00;1;69;69383;2;2;1;3;LEON JOUHAUX                        (R );45,7548000;4,8543000
24685;202000027442;8;2;2020;02:00;5;64;64445;2;1;1;6;GASTON PHOEBUS;43,3025100; -0,3809100
24686;202000027443;4;8;2020;11:40;1;69;69259;2;3;1;2;VIENNE (DE)                         (RO);45,7216000;4,8542000
24687;202000027444;2;10;2020;13:20;1;51;51454;2;1;2;7;Avenue Jean Jaurès;49,2609531;4,0491340
24688;202000027445;3;11;2020;18:10;3;83;83069;1;1;1;5;PIERREFEU (ROUTE DE) RD 12;43,1338574;6,1611359
24689;202000027446;11;2;2020;08:28;1;63;63113;2;4;6;6;POMPIDOU (BD GEORGES);45,7956800;3,1235300
24690;202000027447;30;9;2020;15:45;1;50;50129;2;4;1;2;LEMONNIER (AVENUE AMIRAL);49,6337900; -1,6062900
24691;202000027448;30;10;2020;15:30;1;78;78361;2;1;1;6;RUE DU GRENIER A SEL;48,9980100;1,7136000
24692;202000027449;23;1;2020;03:15;5;60;60463;2;9;9;6;RD 1016 SORTIE M DENEUX;49,2835600;2,4754600
24693;202000027450;29;9;2020;05:30;3;50;50129;2;2;1;3;CONQUERANT (BOULEVARD GUILLAUME LE);49,6421800; -1,6370500
24694;202000027451;31;10;2020;09:30;1;77;77307;2;2;1;3;AV THIBAUD DE CHAMPAGNE;48,8779600;2,7448500
24695;202000027452;12;1;2020;17:35;5;59;59279;2;9;1;2;LYS (RUE DE LA);50,7805330;3,1061650
24696;202000027453;25;9;2020;15:00;1;50;50129;2;3;1;4;ABBAYE (RUE DE L');49,6454200; -1,6381900
24697;202000027454;1;2;2020;03:15;5;56;56121;2;3;2;6;THIELEMANS ( ALLEE PIERRE );47,7642900; -3,4022800
24698;202000027455;2;11;2020;11:40;1;76;76351;2;1;2;1;LOUIS BLERIOT;49,5302052;0,0948046
24699;202000027456;1;10;2020;08:06;2;49;49007;2;1;2;7;LETANDUERE;47,4636671; -0,5552910
24700;202000027457;3;11;2020;12:35;1;71;71499;2;1;8;7;FRANCOIS MITTERAND (RUE);46,6645959;4,2877181
24701;202000027458;1;10;2020;02:45;3;49;49267;2;1;2;6;MARMITIERE;47,4674400; -0,4906100
24702;202000027459;4;11;2020;10:27;1;69;69275;2;1;1;6;6 avenue Simone Veil;45,7682613;4,9804485
24703;202000027460;29;1;2020;07:00;5;45;45232;2;2;1;6;Avenue de Sologne - Rue de Verdun;47,8687400;1,9118400
24704;202000027461;2;10;2020;13:40;1;45;45154;1;1;1;2;Rue du Champ Rouge;47,9648104;1,8484847
24705;202000027462;21;1;2020;11:15;1;45;45232;2;9;1;6;Rue d'Artois;47,8434030;1,9141380
24706;202000027463;1;11;2020;21:15;5;62;62771;2;2;2;3;ANICHE (R D');50,4168700;2,8653400
24707;202000027466;2;10;2020;07:30;2;45;45147;2;1;3;7;Rue Gustave Rolland;47,9287100;1,9075500
24708;202000027467;3;11;2020;07:30;1;59;59350;2;3;1;3;FAUBOURG DE BETHUNE RUE;50,6176800;3,0273200
24709;202000027468;10;1;2020;20:06;5;45;45284;2;1;1;6;Allée du Grand Coquille;47,9216173;1,9866425
24710;202000027469;2;10;2020;07:45;4;45;45234;2;3;3;3;Rue du Faubourg Saint Jean - rue des maltotiers;47,9046140;1,8934130
24711;202000027470;3;11;2020;17:47;3;57;57757;1;1;1;-1;FORT (RUE DU);49,3406700;6,1837200
24712;202000027471;9;1;2020;18:25;5;36;36202;2;6;3;3;Les Terres Noires;46,7889390;1,6606983
24713;202000027473;3;11;2020;11:05;1;56;56083;2;6;1;6;JAURES ( AV. JEAN );47,8022700; -3,2788800
24714;202000027474;1;2;2020;19:17;2;34;34301;2;2;1;6;LEMARESQUIER CHARLES (QUAI);43,4018800;3,6977600
24715;202000027475;2;10;2020;22:15;3;37;37195;2;1;8;7;;47,3784818;0,6494317
24716;202000027476;3;11;2020;18:15;2;54;54395;2;2;1;3;LOUIS (RUE BARON);48,6966261;6,1743288
24717;202000027477;1;10;2020;12:15;1;37;37261;2;9;1;-1;BUFFON (RUE);47,3930801;0,6908174
24718;202000027478;26;1;2020;02:00;5;30;30189;2;3;2;2;FONTAINE (QUAI);43,8384900;4,3504200
24719;202000027479;1;10;2020;16:35;1;35;35238;2;1;2;6;CHATEAUBRIAND (QUAI);48,1102800; -1,6762400
24720;202000027480;4;11;2020;16:35;1;51;51474;2;6;1;2;Chemin de Saint Thierry;49,2781154;4,0042949
24721;202000027481;29;1;2020;14:25;1;28;28134;2;1;1;6;KENNEDY (AVENUE DU PRESIDENT);48,7292900;1,3845900
24722;202000027482;2;10;2020;00:15;3;34;34032;1;1;1;6;ROUTE DE MURVIEL (RD.19 - SECT.3);43,3605000;3,1943300
24723;202000027483;4;11;2020;13:56;1;51;51454;2;2;1;3;Boulevard Pommery;49,2560811;4,0554200
24724;202000027484;23;1;2020;14:20;1;26;26057;2;1;1;6;2 Rue du Docteur Zamenhof;45,0382500;5,0555700
24725;202000027485;2;10;2020;21:00;5;33;33162;2;3;3;7;AVE DE L'HIPPODROME / RUE DES VIOLETTES;44,8705600; -0,6348700
24726;202000027486;3;11;2020;08:40;1;50;50129;2;3;8;6;JOLIOT CURIE (RUE);49,6300300; -1,6433900
24727;202000027487;29;1;2020;05:40;5;18;18033;1;6;9;3;DE GAULLE (AV DU GENERAL) N° PAIRS;47,1169000;2,4191910
24728;202000027488;24;10;2020;20:30;5;49;49007;2;1;1;6;ROI RENE BOULEVARD;47,4682147; -0,5570412
24729;202000027489;2;10;2020;16:50;1;33;33192;2;3;2;1;AVE DE LA POTERIE / AVE DE LA MADELEINE;44,7736800; -0,6371700
24730;202000027490;2;10;2020;12:50;1;33;33119;2;8;1;3;AVE G/EORGES CLEMENCEAU/RUE ALEXANDRE DUMAS;44,8498300; -0,5091500
24731;202000027491;9;2;2020;13:00;1;13;13211;2;9;1;4;WILLIAM BOOTH (AVENUE);43,2960800;5,4475700
24732;202000027492;4;11;2020;08:50;1;45;45284;2;6;7;3;Avenue Pierre Mendes France;47,9145700;1,9779300
24733;202000027493;2;11;2020;21:45;3;45;45068;1;1;1;6;FORET (RUE DE LA);48,0157220;2,7375050
24734;202000027494;8;2;2020;01:00;5;13;13208;2;1;1;7;GRAND LARGE (PROMENADE DU);43,2392580;5,3627430
24735;202000027495;2;10;2020;08:25;1;33;33529;2;3;2;4;FUSILLES (AV. DES);44,5424700; -1,1600400
24736;202000027496;5;2;2020;14:10;1;13;13210;2;3;1;6;MARCEL ACHILLE (BOULEVARD);43,2816340;5,4247220
24737;202000027497;1;10;2020;16:30;1;31;31555;1;1;1;3;NARBONNE (ROUTE DE);43,5690183;1,4564569
24738;202000027498;4;11;2020;21:15;3;28;28110;1;1;1;6;RN 123 (ROCADE);48,4154600;1,4930300
24739;202000027499;28;1;2020;18:15;5;01;01053;2;1;1;6;BROU ( BD N°68 A 182 PAIR);46,1995260;5,2338770
24740;202000027500;14;2;2020;03:05;5;75;75113;2;1;1;6;AVENUE DES GOBELINS;48,8362560;2,3522370
24741;202000027501;2;10;2020;02:50;5;30;30189;2;1;1;6;CHABAUD AUGUSTE (RUE);43,8485000;4,3862000
24742;202000027502;6;2;2020;17:10;2;75;75112;2;4;1;6;AVENUE DU GENERAL MICHEL BIZOT;48,8377060;2,4038390
24743;202000027503;9;2;2020;17:30;2;75;75111;2;3;1;6;BOULEVARD DU TEMPLE;48,8653210;2,3654340
24744;202000027504;6;2;2020;09:45;1;75;75110;2;3;1;-1;QUAI DE VALMY;48,8786940;2,3662630
24745;202000027505;14;2;2020;13:00;1;75;75108;2;3;1;2;AVENUE DES CHAMPS ELYSEES;48,8710840;2,3035260
24746;202000027506;4;11;2020;18:00;2;25;25462;2;3;1;4;ROCADE G.POMPIDOU (DU 25 A LA FIN);46,9006100;6,3413100
24747;202000027507;30;9;2020;20:40;5;29;29019;2;2;1;3;Rue Saint-Exupéry;48,3861544; -4,5042277
24748;202000027508;12;2;2020;18:50;3;75;75102;2;2;1;6;RUE MONTMARTRE;48,8681670;2,3435980
24749;202000027509;3;2;2020;09:15;1;75;75103;2;3;1;6;BOULEVARD DE SEBASTOPOL;48,8670270;2,3529720
24750;202000027511;1;10;2020;20:35;5;29;29019;2;3;3;1;Rue Jean Sebastien Bach;48,3914966; -4,5233074
24751;202000027512;10;2;2020;15:58;1;93;93032;2;1;2;4;R PARMENTIER;48,8833000;2,5333000
24752;202000027513;4;6;2020;23:40;5;66;66136;2;1;1;6;LYCEE (AVENUE);42,6967700;2,8878700
24753;202000027515;3;11;2020;15:00;1;21;21278;2;1;1;6;54 bis Rue du Faubourg Saint Martin;47,3419600;5,0270500
24754;202000027516;8;2;2020;18:00;2;93;93031;2;9;1;3;JOFFRE (AVENUE);48,9578300;2,3017100
24755;202000027517;5;6;2020;01:35;5;65;65440;2;2;3;3;MASSEY (RUE);43,2396000;0,0738000
24756;202000027518;1;10;2020;18:50;1;22;22278;2;1;8;7;CHAGALL (IMPASSE MARC);48,5231694; -2,7933205
24757;202000027519;4;11;2020;08:55;1;17;17200;2;6;1;3;LAGORD   AVENUE DE;46,1874569; -1,1589104
24758;202000027520;4;2;2020;17:20;2;93;93057;2;1;1;6;FRANKLIN (AV.) 104 A FIN;48,9026213;2,5080894
24759;202000027521;5;6;2020;09:50;1;64;64445;2;1;2;3;GAMBETTA;43,2966800; -0,3663700
24760;202000027522;4;11;2020;15:35;1;14;14341;2;1;1;6;DAUPHINE (RUE DU);49,1446200; -0,3477300
24761;202000027523;6;2;2020;10:25;1;93;93008;2;6;8;6;R DE LA REPUBLIQUE / AV JEAN JAURES;48,9064200;2,4385100
24762;202000027524;4;11;2020;19:45;5;13;13213;2;1;1;6;JEAN PAUL SARTRE (AVENUE);43,3160000;5,4084000
24763;202000027525;9;2;2020;18:00;5;92;92050;2;2;2;3;CLEMENCEAU GEORGES AVENUE N°IMPAIR;48,8867755;2,2052418
24764;202000027526;4;6;2020;14:25;1;64;64445;2;6;2;3;ALSACE LORRAINE D';43,3038000; -0,3675600
24765;202000027527;5;6;2020;16:10;1;64;64102;2;1;2;7;AQUITAINE (AVENUE DE L');43,4869500; -1,4683400
24766;202000027528;12;2;2020;19:30;3;92;92024;2;3;1;6;LEON GAMBETTA (ALLEES)/ GENERAL LECLERC (RUE DU) DE (59 ET PLUS);48,9035900;2,3123890
24767;202000027529;3;11;2020;14:45;1;13;13203;2;2;1;6;HOCHE (RUE);43,3105740;5,3762600
24768;202000027530;2;10;2020;08:50;1;13;13206;2;2;2;3;PIERRE PUGET (COURS);43,2899550;5,3725560
24769;202000027531;8;2;2020;11:00;1;54;54312;1;4;1;2;Autoroute A 31;48,9263500;6,1108800
24770;202000027532;3;11;2020;17:30;2;13;13206;2;3;1;3;PARADIS (RUE);43,2870944;5,3794726
24771;202000027535;3;11;2020;18:20;5;13;13201;2;1;1;1;FLAMMARION (BOULEVARD)     1 A 65;43,2929700;5,3929000
24772;202000027537;30;1;2020;22:30;5;69;69386;2;3;2;3;VAUBAN                              (R );45,7655862;4,8510400
24773;202000027538;1;2;2020;18:55;5;64;64102;2;3;1;7;JEAN JAURES (BOULEVARD);43,4924000; -1,4631000
24774;202000027539;26;5;2020;21:35;1;62;62724;2;2;1;3;FOSSE DEUX ( BOULEVARD);50,4026500;2,9111500
24775;202000027541;7;4;2020;11:15;1;69;69383;2;1;1;4;ALBERT THOMAS                       (CO);45,7443481;4,8747276
24776;202000027542;2;4;2020;16:00;1;30;30011;1;3;1;3;ARAMON ROUTE D';43,9261900;4,7367800
24777;202000027543;2;10;2020;07:00;2;13;13209;2;1;5;-1;COL DE LA GINESTE D559;43,2370850;5,5043280
24778;202000027544;3;11;2020;09:15;1;06;06029;2;1;1;3;VALLOMBROSA (BOULEBARD);43,5531100;7,0069000
24779;202000027545;6;6;2020;00:00;5;59;59599;2;2;2;7;RONCQ (RUE DE);50,7345000;3,1434000
24780;202000027546;7;4;2020;02:05;5;64;64125;2;1;2;6;BAYONNE (AVENUE DE);43,4507800; -1,5672700
24781;202000027547;3;11;2020;06:20;3;02;02408;1;1;1;5;RD 1044;49,5611600;3,5926600
24782;202000027548;2;10;2020;05:15;3;13;13001;1;1;1;2;RD9;43,4940000;5,3730000
24783;202000027549;18;5;2020;14:50;1;59;59392;2;2;7;1;FEIGNIES (ROUTE DE);50,2951000;3,9495900
24784;202000027550;7;4;2020;08:25;1;37;37261;2;2;1;-1;VICTOIRE (RUE DE LA);47,3925916;0,6789603
24785;202000027551;3;11;2020;07:25;1;75;75118;2;1;1;3;PORTE DE LA CHAPELLE;48,9011180;2,3548410
24786;202000027552;5;6;2020;18:20;1;59;59350;2;1;7;6;SOLFERINO RUE N°1 - 159;50,6306455;3,0558913
24787;202000027553;19;9;2020;12:30;1;11;11262;2;3;1;4;AMARATS (CHEMIN DES);43,2003600;2,9692700
24788;202000027554;4;6;2020;19:25;1;56;56098;2;2;1;3;STALINGRAD ( AV. ET IMP. );47,7591600; -3,3419100
24789;202000027555;7;4;2020;07:45;1;31;31555;2;1;1;2;SAINTE FAMILLE (RUE DE LA) DU 1AU 80;43,6170300;1,4323900