;Num_Acc;jour;mois;an;hrmn;lum;dep;com;agg;int;atm;col;adr;lat;long
24790;202000027556;4;11;2020;08:30;1;75;75118;2;2;1;3;AVENUE DE LA PORTE DE MONTMARTRE;48,9010960;2,3351470
24791;202000027557;2;10;2020;01:00;5;11;11069;2;1;1;7;MIR ACHILLE -AVENUE-;43,2143000;2,3619000
24792;202000027559;6;4;2020;15:00;1;31;31555;2;1;1;-1;NARBONNE (ROUTE DE);43,5711000;1,4543500
24793;202000027560;1;6;2020;22:00;2;56;56098;2;3;1;6;BLUM (RUE LEON);47,7589000; -3,3366000
24794;202000027562;2;10;2020;21:22;5;10;10387;2;4;3;1;ANATOLE FRANCE (RUE);48,2840800;4,0727800
24795;202000027563;4;11;2020;18:25;3;75;75119;2;7;1;3;PLACE AUGUSTE BARON;48,9003050;2,3870570
24796;202000027564;24;9;2020;13:50;1;07;07102;2;1;1;2;SADI-CARNOT (AV.) [DU N° AU N°];44,9294500;4,8749200
24797;202000027565;7;4;2020;12:00;1;29;29019;2;3;1;3;Rue Camille Desmoulins;48,3967883; -4,4861813
24798;202000027566;5;6;2020;15:00;1;54;54547;2;1;2;5;DOUMER (AVENUE PAUL);48,6732788;6,1839405
24799;202000027567;4;11;2020;18:30;5;75;75116;2;1;1;3;RUE CHANEZ;48,8467960;2,2596080
24800;202000027568;11;3;2020;17:35;1;29;29019;2;1;2;6;Boulevard Gambetta;48,3883320; -4,4820325
24801;202000027569;4;11;2020;06:45;2;75;75116;2;4;1;1;ROUTE DE SURESNES;48,8642310;2,2358300
24802;202000027570;2;10;2020;19:30;5;75;75119;2;4;2;3;PORTE DE PANTIN;48,8857190;2,3976590
24803;202000027571;7;4;2020;01:05;3;17;17200;1;1;2;3;02 PK RN237 MOULIN JUSTICE RE;46,1815000; -1,1374000
24804;202000027572;5;6;2020;15:00;1;51;51454;2;1;2;2;Boulevard Marcellin Berthelot;49,2702931;4,0694740
24805;202000027573;1;10;2020;16:20;1;75;75118;2;4;1;3;BOULEVARD PERIPHERIQUE;48,9008210;2,3408640
24806;202000027574;4;11;2020;17:15;5;75;75113;2;2;1;3;AVENUE D ITALIE;48,8222050;2,3585250
24807;202000027576;4;6;2020;17:30;1;51;51454;2;6;2;2;Avenue Henri Farman;49,2364651;4,0702108
24808;202000027577;4;11;2020;08:15;1;75;75111;2;1;1;3;AVENUE LEDRU ROLLIN;48,8527840;2,3769980
24809;202000027578;7;4;2020;16:45;1;06;06069;2;1;7;6;THIERS (AVENUE);43,6609360;6,9226070
24810;202000027579;1;10;2020;03:35;4;75;75119;2;1;2;2;BOULEVARD PERIPHERIQUE;48,9003680;2,3751870
24811;202000027580;4;6;2020;18:45;1;50;50502;2;6;1;2;MALRAUX (rue André);49,1059000; -1,0691000
24812;202000027581;7;4;2020;10:05;1;75;75120;2;3;1;3;AVENUE GAMBETTA;48,8646680;2,3945160
24813;202000027582;4;6;2020;09:54;1;45;45068;2;1;3;7;D40 - PR 0+730;48,0180825;2,7151919
24814;202000027583;2;10;2020;17:10;1;75;75120;2;1;2;6;RUE ORFILA;48,8665080;2,3967930
24815;202000027585;2;11;2020;16:30;1;94;94068;2;3;8;3;CONDE (AV DE);48,8104300;2,4805900
24816;202000027586;4;6;2020;18:10;5;44;44184;2;1;1;6;Bd de la Renaissance;47,2831650; -2,2126040
24817;202000027587;1;10;2020;13:15;1;75;75119;2;2;1;3;RUE DE BELLEVILLE;48,8754880;2,3989660
24818;202000027588;2;10;2020;18:00;1;75;75117;2;4;2;6;AVENUE DE VILLIERS;48,8817750;2,3144720
24819;202000027589;7;4;2020;13:30;1;94;94054;2;3;1;2;CHARLES TILLON (route);48,7462900;2,3760400
24820;202000027590;3;6;2020;11:20;1;40;40192;2;1;1;5;MAINGUY (BD YVES);43,8822000; -0,4824000
24821;202000027591;2;10;2020;17:30;1;75;75117;2;2;3;6;AVENUE DE CLICHY;48,8905830;2,3202520
24822;202000027592;7;4;2020;21:50;3;93;93073;1;1;1;1;RTE DE ROISSY;48,9843210;2,5492850
24823;202000027593;5;6;2020;22:35;2;35;35238;2;1;1;2;MORAVIE (VILLA DE);48,0912600; -1,6559800
24824;202000027594;2;10;2020;17:30;1;75;75116;2;1;2;3;AVENUE VICTOR HUGO;48,8704780;2,2872520
24825;202000027595;5;6;2020;19:50;1;35;35238;2;1;1;3;GENIAUX (RUE CHARLES);48,1125200; -1,7135400
24826;202000027597;2;10;2020;18:30;1;75;75116;2;4;3;3;RUE CHARDON LAGACHE;48,8450620;2,2667180
24827;202000027598;7;4;2020;16:45;1;93;93005;2;3;1;3;SUZANNE LENGLEN (AVENUE);48,9513780;2,5138500
24828;202000027599;4;11;2020;18:15;5;94;94079;2;1;1;1;JEAN MONNET (BD);48,8349800;2,5399100
24829;202000027600;5;6;2020;13:57;1;35;35238;2;1;1;3;MITTERAND (MAIL FRANCOIS);48,1090025; -1,6911221
24830;202000027601;2;10;2020;13:30;1;75;75116;2;1;2;2;AVENUE PAUL DOUMER;48,8619450;2,2863730
24831;202000027602;4;11;2020;14:35;1;92;92046;2;1;1;6;GABRIEL PERI;48,8193100;2,3043900
24832;202000027603;2;6;2020;11:00;1;35;35281;2;1;1;6;NANTES (RUE DE);48,0931500; -1,6910700
24833;202000027604;2;10;2020;08:10;1;75;75116;2;2;3;6;AVENUE FOCH;48,8721380;2,2795710
24834;202000027605;5;6;2020;10:50;1;35;35238;2;3;1;3;PARIS (RUE DE);48,1132782; -1,6616593
24835;202000027606;4;11;2020;21:45;5;92;92022;2;9;1;3;SALENGRO (AVENUE ROGER);48,8104720;2,1911510
24836;202000027607;4;6;2020;12:05;1;35;35051;2;1;1;1;FOUGERES (ROUTE DE);48,1348800; -1,6273400
24837;202000027608;4;11;2020;16:10;1;92;92050;2;3;1;3;STRASBOURG RUE DE;48,9125633;2,2247066
24838;202000027609;2;10;2020;14:05;1;75;75115;2;2;3;3;BOULEVARD GENERAL MARTIAL VALIN;48,8370530;2,2744470
24839;202000027610;4;11;2020;19:30;5;92;92048;2;2;1;6;WOLUWE SAINT-LAMBERT (RUE);48,7866578;2,2284342
24840;202000027611;2;10;2020;12:00;1;75;75115;2;7;1;2;ROND POINT SAINT CHARLES;48,8421580;2,2816320
24841;202000027612;2;6;2020;16:25;1;34;34032;2;1;1;6;MOULIN JEAN (AV);43,3461600;3,2177500
24842;202000027613;6;6;2020;02:20;5;33;33063;2;1;1;6;258 CRS DE L'ARGONNE;44,8224600; -0,5810900
24843;202000027615;2;10;2020;08:50;1;75;75115;2;3;3;6;RUE DE LA CONVENTION;48,8406640;2,2888730
24844;202000027617;4;11;2020;17:10;1;31;31184;1;1;1;7;44 bis route de Lasbordes;43,5978030;1,5380980
24845;202000027619;6;6;2020;00:20;5;33;33550;2;2;2;3;RTE DE TOULOUSE / AVE GEORGES CLEMENCEAU;44,7817204; -0,5659541
24846;202000027620;2;10;2020;14:00;1;75;75112;2;3;8;6;RUE TAINE;48,8385580;2,3932110
24847;202000027621;4;6;2020;11:45;1;30;30189;2;1;2;2;AVIGNON (ROUTE);43,8575000;4,4183000
24848;202000027622;1;10;2020;09:15;1;75;75112;2;1;2;3;ROUTE DES PELOUSES MARIGNY;48,8405550;2,4622890
24849;202000027623;5;11;2020;09:45;1;26;26085;1;9;1;1;Route de Saint Paul ;44,4917830;4,7524610
24850;202000027624;5;6;2020;16:50;1;29;29232;1;1;1;4;Boulevard d'Ergué Armel;47,9899200; -4,0738300
24851;202000027625;1;10;2020;07:05;5;75;75112;2;1;2;2;ROUTE DE CEINTURE DU LAC DAUMESNIL;48,8324130;2,4153460
24852;202000027626;5;11;2020;00:35;3;42;42231;1;8;1;6;D81;46,0905700;3,9472940
24853;202000027627;2;10;2020;08:00;1;75;75110;2;1;2;2;RUE ALIBERT;48,8719470;2,3688960
24854;202000027628;5;6;2020;09:45;1;29;29232;2;6;1;2;Rond Point d'Ergue Armel;47,9837000; -4,0747300
24855;202000027629;5;11;2020;15:55;1;62;62060;2;1;7;-1;18 Rue Bordeloise;50,2297550;2,1149920
24856;202000027631;5;6;2020;17:40;1;29;29146;1;1;8;7;N165;47,9193400; -3,8804700
24857;202000027632;4;11;2020;16:45;1;57;57171;1;1;1;6;D20;48,8889030;6,3995150
24858;202000027633;4;6;2020;11:52;1;29;29019;2;2;1;1;Rue Anatole France;48,3831500; -4,5091700
24859;202000027634;2;10;2020;16:10;1;75;75103;2;7;2;6;PLACE DE LA REPUBLIQUE;48,8673270;2,3632970
24860;202000027635;5;11;2020;16:12;1;77;77020;1;2;1;3;N4;48,6925330;3,1860350
24861;202000027636;29;5;2020;16:08;1;29;29019;2;6;1;3;Rue Général Paulet;48,4226187; -4,4759439
24862;202000027637;2;10;2020;13:10;1;75;75103;2;1;8;2;RUE BEAUBOURG;48,8622220;2,3540380
24863;202000027638;4;11;2020;10:55;1;49;49125;2;1;1;6;Rue René Gaudicheau;47,1953810; -0,2907090
24864;202000027639;5;11;2020;13:00;1;12;12288;1;1;1;6; Lieu Dit Fijaguet;44,4390950;2,4572530
24865;202000027640;4;6;2020;13:00;1;24;24138;1;1;1;3;MARIVAL (ROUTE DE);45,1773000;0,6738000
24866;202000027641;2;10;2020;12:45;1;75;75103;2;1;2;7;RUE SAINT MARTIN;48,8625730;2,3521850
24867;202000027642;5;6;2020;16:13;1;17;17028;2;6;1;3;GRASSET   AVENUE EDMOND;46,1350200; -1,1204700
24868;202000027643;30;10;2020;00:45;3;44;44158;1;1;1;1;L'Oiselais;47,2825410; -1,7594920
24869;202000027644;2;10;2020;17:00;1;94;94068;2;2;2;1;LOUIS BLANC (AV);48,7934600;2,4979600
24870;202000027647;1;10;2020;20:30;5;94;94068;2;1;1;2;FOCH (AV);48,7983000;2,5017200
24871;202000027648;5;6;2020;11:55;1;17;17449;1;1;1;7;RD 117;45,9790500; -0,8406600
24872;202000027649;24;10;2020;20:10;5;38;38001;2;1;1;3;Rue Aristide Briand;45,5393120;5,5838550
24873;202000027650;2;10;2020;18:05;1;94;94015;2;3;1;3;GEORGES MELIES (BD);48,8289770;2,5257070
24874;202000027651;5;6;2020;19:18;1;13;13203;2;1;1;6;STRASBOURG (PLACE);43,3063900;5,3736500
24875;202000027652;5;11;2020;08:40;1;15;15243;1;1;1;7;D678;45,2436360;2,5333570
24876;202000027653;1;10;2020;17:25;1;94;94046;2;9;1;3;GENERAL LECLERC (AV DU);48,8065500;2,4393700
24877;202000027654;2;10;2020;20:20;5;94;94016;2;9;1;3;LOUIS GEORGEON (AV);48,7932030;2,3350990
24878;202000027655;5;6;2020;01:50;5;13;13212;2;2;1;-1;24 AVRIL 15 (AVENUE DU);43,3076850;5,4254350
24879;202000027656;17;7;2020;12:45;1;15;15221;1;1;1;2;N122;44,8829770;2,3251580
24880;202000027657;2;10;2020;14:20;1;94;94043;2;1;3;6;CHARLES GIDE (AV);48,8059728;2,3493844
24881;202000027658;30;10;2020;14:19;1;01;01352;2;3;1;3;D26;46,4145620;4,9988330
24882;202000027659;2;6;2020;17:45;1;07;07019;2;3;1;6;SAINT DIDIER (BOULEVARD);44,6178500;4,3919100
24883;202000027660;2;10;2020;14:30;1;94;94041;2;2;2;6;PIERRE SEMARD (AV);48,8177800;2,3816100
24884;202000027661;5;6;2020;18:50;1;06;06088;2;1;1;6;FRANCE (R. DE) A PARTIR DU N° 66-91;43,6951199;7,2556845
24885;202000027662;2;10;2020;14:40;1;94;94011;2;9;3;3;CATELAS.(RUE JEAN);48,7626120;2,4830950
24886;202000027663;4;11;2020;09:45;1;07;07110;2;1;1;6;Place de la gare;44,4801610;4,2419350
24887;202000027664;5;6;2020;20:15;2;06;06069;2;1;1;4;PROVENCE (AVENUE DE);43,6523230;6,9222800
24888;202000027665;2;10;2020;07:30;5;94;94028;2;2;3;6;MECHES.(RUE DES);48,7935520;2,4610440
24889;202000027666;5;11;2020;10:50;1;40;40117;1;1;1;6;1255 Route d'Aire;43,7741970; -0,4110270
24890;202000027667;3;6;2020;15:00;1;05;05061;2;1;1;7;FOREST D'ENTRAIS ( RUE  DU );44,5665700;6,0874600
24891;202000027668;2;10;2020;07:00;5;94;94011;2;2;3;3;REPUBLIQUE(AVENUE DE LA);48,7653900;2,4808800
24892;202000027670;5;11;2020;12:30;1;38;38253;1;9;1;3;D1091;45,0283460;6,0766410
24893;202000027671;5;6;2020;19:10;2;75;75120;2;2;1;3;RUE DES PYRENEES;48,8576380;2,4039030
24894;202000027672;23;10;2020;06:30;3;38;38475;1;1;3;1;Rue du Brisson;45,6704740;5,1148650
24895;202000027673;1;10;2020;08:00;5;94;94028;2;1;3;6;MECHES.(RUE DES);48,7897460;2,4611270
24896;202000027674;5;6;2020;14:10;1;75;75120;2;7;1;3;ECHANGEUR MONTREUIL;48,8535170;2,4136630
24897;202000027675;4;11;2020;17:15;1;978;97801;2;1;1;6;route de sandy ground;18,0619860; -63,0938820
24898;202000027676;5;6;2020;10:05;1;75;75119;2;1;1;3;AVENUE CORENTIN CARIOU;48,8955120;2,3832050
24899;202000027678;5;6;2020;12:50;1;75;75116;2;3;8;6;RUE DE LA POMPE;48,8608120;2,2752160
24900;202000027679;5;11;2020;18:05;3;41;41288;1;1;1;3;RD 50;47,6647880;1,3744930
24901;202000027680;22;10;2020;09:30;1;91;91405;2;1;1;6;21 Place du Marché;48,4026410;2,4704660
24902;202000027681;2;10;2020;08:40;2;94;94055;2;2;3;-1;OLIVIER D ORMESSON (AV);48,7809460;2,5145150
24903;202000027682;5;6;2020;07:55;1;75;75116;2;3;8;3;AVENUE HENRI MARTIN;48,8629710;2,2691730
24904;202000027683;5;11;2020;10:38;1;34;34182;1;1;1;1;D13;43,4172200;3,4181670
24905;202000027684;1;10;2020;08:25;1;94;94055;2;1;3;6;8 Rue Georges Guynemer;48,7813170;2,5317350
24906;202000027685;3;6;2020;12:40;1;75;75116;2;5;1;3;RUE ALFRED BRUNEAU;48,8561760;2,2778670
24907;202000027686;5;11;2020;09:15;1;83;83068;1;1;1;3;cd 559 ST PONS LES MURES;43,2799510;6,5780530
24908;202000027687;30;9;2020;10:00;1;94;94055;2;3;1;2;GENERAL DE GAULLE (AV DU);48,7863000;2,5382000
24909;202000027688;1;11;2020;21:40;5;10;10216;2;2;1;6;Rue Pasteur;48,6679020;4,1906890
24910;202000027689;5;6;2020;17:50;1;75;75114;2;3;8;2;RUE D ALESIA;48,8278390;2,3289510
24911;202000027690;2;10;2020;12:31;1;93;93073;2;6;2;3;RESISTANCE (RUE DE LA);48,9475000;2,5665000
24912;202000027691;5;6;2020;09:19;1;75;75113;2;4;1;3;GARE D AUSTERLITZ;48,8430730;2,3663220
24913;202000027692;2;10;2020;17:50;1;93;93071;2;1;2;3;AULNAY (RUE D');48,9399182;2,5165221
24914;202000027693;5;6;2020;07:45;1;75;75112;2;1;1;6;RUE DE CHARENTON;48,8330490;2,3957460
24915;202000027694;2;10;2020;15:10;1;93;93070;2;1;2;6;DOCTEUR BAUER(RUE DU):APRES 131;48,9041000;2,3461100
24916;202000027695;2;10;2020;19:45;5;93;93051;2;1;8;6;BARON LOUIS (AVENUE);48,8519000;2,5439000
24917;202000027696;5;6;2020;02:56;5;75;75111;2;5;1;3;AVENUE DE LA REPUBLIQUE;48,8646130;2,3780060
24918;202000027697;2;10;2020;07:40;2;93;93032;2;1;2;6;DIX NEUF MARS   (RUE DU);48,8932459;2,5418649
24919;202000027698;5;6;2020;07:50;1;75;75109;2;5;1;6;RUE DROUOT;48,8750690;2,3408660
24920;202000027699;2;10;2020;15:00;1;93;93029;2;1;3;3;AV MARCEAU N° 1-27;48,9279924;2,4371851
24921;202000027700;4;6;2020;13:30;1;75;75108;2;3;2;3;AVENUE DES CHAMPS ELYSEES;48,8710890;2,3034860
24922;202000027701;1;10;2020;21:40;5;93;93027;2;1;1;6;AV VICTOR HUGO;48,9245700;2,3862600
24923;202000027702;5;6;2020;11:00;1;75;75103;2;2;1;3;RUE DE BEARN;48,8568210;2,3660330
24924;202000027703;5;6;2020;20:10;1;75;75103;2;2;2;7;RUE DE LA PERLE;48,8599510;2,3607780
24925;202000027704;2;10;2020;07:50;4;93;93007;2;1;3;6;DOCTEUR CALMETTE (RUE DU);48,9418206;2,4754052
24926;202000027705;4;6;2020;12:30;1;75;75104;2;5;8;7;RUE DE LA COUTELLERIE;48,8572360;2,3495260
24927;202000027706;2;10;2020;12:20;1;93;93005;2;1;2;2;JULES PRINCET [CD115] (RUE);48,9369362;2,4979334
24928;202000027707;5;6;2020;16:30;1;94;94052;2;1;8;3;PAUL DOUMER (R);48,8367000;2,4805000
24929;202000027708;2;10;2020;19:35;5;93;93001;2;1;2;6;ANATOLE FRANCE  (BLD) IMPAIR;48,9178300;2,3821200
24930;202000027709;4;6;2020;00:40;5;94;94058;2;3;3;3;PIERRE BROSSOLETTE (AV);48,8347500;2,5124300
24931;202000027711;1;10;2020;17:30;1;92;92050;2;1;8;3;LONGUES RAIES RUE DES;48,8953700;2,2307200
24932;202000027712;2;10;2020;03:05;5;92;92050;2;2;2;3;CHATOU ROUTE DE;48,8925090;2,1868170
24933;202000027713;3;6;2020;19:15;1;94;94076;2;1;1;1;MARCEL GROSMESNIL (R);48,7968990;2,3546360
24934;202000027714;2;10;2020;01:00;5;92;92050;2;1;1;7;VAILLANT COUTURIER PAUL RUE;48,8833552;2,2038113
24935;202000027715;5;6;2020;13:00;1;94;94011;2;1;8;2;MOULIN BATEAU.(RUE DU);48,7832031;2,5038588
24936;202000027716;2;10;2020;10:05;1;92;92049;2;2;2;1;BROSSOLETTE AVENUE PIERRE;48,8177131;2,3079322
24937;202000027717;2;6;2020;20:20;1;94;94017;2;2;1;3;STALINGRAD (BD DE);48,8193220;2,5022790
24938;202000027718;2;10;2020;10:10;1;92;92012;2;2;2;3;MEUDON (RUE DE) - COTE PAIR;48,8255800;2,2419000
24939;202000027719;5;4;2020;20:25;1;94;94017;2;2;1;2;REPUBLIQUE (AV DE LA) ;48,8253014;2,5098916
24940;202000027721;5;6;2020;08:15;1;94;94004;2;2;8;3;FONTAINE (R DE LA);48,7493870;2,5084360
24941;202000027722;2;10;2020;15:20;1;92;92012;2;2;3;1;CHATEAU (RUE DU) 1/125 - 2/136;48,8421926;2,2399208
24942;202000027723;5;6;2020;14:00;1;93;93070;2;7;1;3;BD JEAN-JAURES;48,9128672;2,3350313
24943;202000027724;1;10;2020;18:00;2;92;92004;2;9;2;3;BAS ( RUE DES );48,9203686;2,2885439
24944;202000027725;22;9;2020;09:40;1;92;92004;2;1;8;3;ROBERT DUPONT;48,9195703;2,2808239
24945;202000027727;30;9;2020;17:30;1;38;38238;2;2;1;1;Route de Vienne;45,4951950;5,0458630
24946;202000027728;5;6;2020;21:15;2;93;93046;2;2;1;3;KENNEDY AVENUE DU PRESIDENT;48,9165400;2,5315000
24947;202000027729;5;6;2020;16:05;1;93;93046;2;1;1;1;CH DES POSTES;48,9085600;2,5345500
24948;202000027730;2;10;2020;11:10;1;35;35125;2;9;7;6;Promenade du Grand Mail;47,9419500; -1,2325550
24949;202000027731;5;6;2020;16:30;1;93;93005;2;2;1;3;ROND-POINT DES DROITS DE L'HOMME;48,9297000;2,4809360
24950;202000027732;5;6;2020;14:40;1;92;92046;2;1;1;6;PIERRE BROSSOLETTE (AVENUE);48,8190600;2,3097038
24951;202000027733;3;10;2020;00:10;3;74;74269;1;4;3;1;D992;45,9726440;5,8370980
24952;202000027734;5;6;2020;17:45;1;92;92050;2;3;1;3;REPUBLIQUE AVENUE DE LA;48,9085368;2,2148918
24953;202000027735;3;10;2020;10:00;1;76;76125;1;9;8;1;Chemin de Crecieusemare;49,6246400;1,1685100
24954;202000027736;2;10;2020;21:45;3;80;80738;1;1;3;1;D936;49,9522720;2,0631250
24955;202000027737;2;10;2020;14:45;1;11;11152;1;1;3;1;D611;43,0424530;2,8300310
24956;202000027738;5;6;2020;12:50;1;92;92050;2;3;1;6;FAURE FELIX AVENUE;48,8856000;2,2146500
24957;202000027739;2;10;2020;10:45;1;11;11262;1;1;1;5;D13;43,2193680;3,0109890
24958;202000027741;3;10;2020;12:50;1;11;11255;1;1;1;6;D613;43,1635580;2,9103470
24959;202000027742;2;10;2020;17:30;1;29;29171;1;1;2;2;D57 - Lieu Dit le Vieux Haffond;47,8522770; -4,2852040
24960;202000027743;4;6;2020;17:20;1;92;92025;2;9;2;6;GABRIEL PERI (RUE);48,9171020;2,2359680
24961;202000027744;3;10;2020;01:40;3;31;31356;1;6;2;6;900 Route de Toulouse;43,6859470;1,2454570
24962;202000027745;3;6;2020;22:28;5;92;92024;2;6;3;2;FRANCOIS MITERRAND (PLACE);48,9029521;2,3128608
24963;202000027746;2;10;2020;18:45;2;38;38140;2;1;3;6;Avenue Joliot Curie;45,2794800;5,8757010
24964;202000027747;2;10;2020;18:00;1;66;66149;2;1;2;6;46 Avenue Louis Prat;42,6188100;2,4161660
24965;202000027748;1;10;2020;12:40;1;66;66149;1;1;1;3;3 Avenue du Pla d'Alt;42,6235980;2,4421670
24966;202000027749;5;6;2020;19:45;1;92;92060;2;1;2;6;GENERAL LECLERC (AVENUE) (RD 60);48,7831400;2,2643600
24967;202000027750;5;6;2020;20:00;1;92;92012;2;3;2;3;GALLIENI (RUE) 159/FIN;48,8354330;2,2307330
24968;202000027751;3;10;2020;19:45;3;05;05171;1;1;3;1;D900b;44,4633440;6,2071040
24969;202000027752;3;10;2020;01:00;5;83;83032;1;1;2;6;D13;43,4862740;6,1727670
24970;202000027753;5;6;2020;16:30;1;92;92007;2;3;6;3;BRIAND (AVENUE ARISTIDE) N° 100 A 160;48,7962200;2,3216900
24971;202000027754;3;10;2020;05:55;3;18;18115;1;1;2;6;D926;47,3831980;2,5118570
24972;202000027755;5;6;2020;16:40;1;92;92009;2;1;1;6;RAOUL ( RUE );48,9187859;2,2796322
24973;202000027756;2;10;2020;10:50;1;16;16242;1;1;1;6;Le Moulin de Tingaud;45,9871540;0,3763920
24974;202000027757;4;6;2020;19:10;1;92;92004;2;3;1;2;MALAKOFF;48,9146400;2,2855400
24975;202000027758;2;10;2020;17:30;1;07;07188;1;1;3;1;D578;45,2033750;4,6786110
24976;202000027760;6;6;2020;09:35;1;22;22280;1;1;1;1;RD12 PK 5 + 650;48,4235050; -2,0351100
24977;202000027761;4;6;2020;19:20;1;30;30202;2;1;1;6;Boulevard Gambetta;44,2556060;4,6476290
24978;202000027763;2;10;2020;21:15;3;87;87154;1;1;2;6;L’Île;45,8886000;0,8567940
24979;202000027764;5;6;2020;13:30;1;47;47015;1;1;8;7;N21;44,0410460;0,6602680
24980;202000027765;2;10;2020;21:40;3;37;37055;1;1;3;6;113 Les Brochardieres;47,4711516;0,2824422
24981;202000027766;2;10;2020;09:15;1;30;30237;1;1;2;6;Route de Bessèges;44,2724310;4,1896370
24982;202000027767;6;6;2020;15:45;1;45;45247;1;3;1;3;Rue de la Varenne - rue du pont de feuillet;48,0041179;2,6748758
24983;202000027768;30;9;2020;17:15;1;24;24289;2;1;1;5;D936;44,8529590;0,0649480
24984;202000027769;6;6;2020;20:10;1;60;60395;2;1;1;6;2 Rue Anatole France;49,2341001;2,1341134
24985;202000027770;2;10;2020;16:45;1;33;33284;1;1;1;2;A63;44,6320900; -0,8457800
24986;202000027771;6;6;2020;18:30;1;67;67495;2;1;1;-1;D220;48,6636610;7,5982260
24987;202000027773;1;10;2020;08:55;1;33;33097;1;1;8;6;Route de Lacanau;45,0226280; -1,0640430
24988;202000027774;6;6;2020;11:03;1;95;95026;2;1;1;7;rue Pierre Brossolette;49,1323280;2,3546470
24989;202000027775;24;9;2020;18:00;1;18;18133;2;1;1;7;Rue Jules Roussel;46,9557590;2,2533130
24990;202000027776;29;5;2020;10:40;1;56;56128;1;1;1;6;Kerstraquel;47,9744460; -3,1165660
24991;202000027777;28;5;2020;14:30;1;2A;2A362;2;1;1;6;Costa Gelata;41,6990571;9,3461437
24992;202000027778;2;10;2020;07:40;2;91;91661;2;1;3;1;Rue des Maraichers;48,6985160;2,2302670
24993;202000027779;6;6;2020;04:45;4;60;60154;2;1;1;6;98 Rue de Pont-sainte-maxence;49,3182210;2,5428000
24994;202000027780;3;10;2020;11:30;1;83;83112;2;1;1;3;Chemin de Sorba;43,1835100;5,6843520
24995;202000027781;5;6;2020;13:30;1;63;63218;1;1;1;7;D907;45,3876160;3,7169410
24996;202000027782;3;10;2020;04:40;3;70;70014;1;6;3;6;Route Nationale 19;47,6830650;6,4341370
24997;202000027783;6;6;2020;10:20;1;49;49125;2;6;1;2;boulevard charles de gaulle;47,1929930; -0,2895280
24998;202000027784;2;6;2020;11:00;1;46;46219;1;1;1;7;D12;44,6249460;1,4146610
24999;202000027785;3;10;2020;12:45;1;71;71142;1;1;2;3;D681;46,8741335;4,1334981
25000;202000027787;3;10;2020;15:15;1;55;55366;1;1;1;7;;48,8012390;5,0667010
25001;202000027788;30;9;2020;17:30;1;26;26116;2;1;1;6;1 Cours de la Liberté;44,4424050;4,7102340
25002;202000027790;3;10;2020;10:09;1;33;33535;1;1;8;5;Avenue de Senailhac;44,8574010; -0,4702290
25003;202000027791;6;6;2020;02:05;3;50;50236;1;1;8;6;La Carpenterie;49,2837780; -1,5324480
25004;202000027792;1;10;2020;15:30;1;13;13005;1;1;2;2;A50-Sens Marseille vers Aubagne;43,2869930;5,5401650
25005;202000027793;30;7;2020;18:00;1;54;54265;1;9;1;3;Autoroute A 33;48,6400800;6,1708000
25006;202000027794;3;6;2020;10:30;1;64;64499;2;7;1;1;9 Place Jeanne d'Albret;43,4718940; -0,9241540
25007;202000027795;2;9;2020;18:00;1;33;33143;1;1;1;4;AUTOROUTE A 10;44,9642800; -0,4406600
25008;202000027797;6;6;2020;11:15;1;36;36046;2;1;2;6;15 Rue Maurice Rollinat;46,5852084;1,9874305
25009;202000027798;2;10;2020;15:50;1;91;91339;1;1;8;2;RN 104;48,6248000;2,2638000
25010;202000027799;27;5;2020;00:30;3;07;07076;2;1;1;6;Avenue du Lumas;44,6501120;4,7627560
25011;202000027800;2;10;2020;16:05;1;94;94034;1;1;2;6;AUTOROUTE A86;48,7611100;2,3177400
25012;202000027801;2;10;2020;08:20;1;92;92050;1;1;2;3;A14;48,8956300;2,2262700
25013;202000027802;2;10;2020;18:00;1;93;93027;1;1;2;5;AUTOROUTE A86;48,9283200;2,4124500
25014;202000027803;6;6;2020;14:40;1;40;40274;1;9;8;1;D834;43,9559160; -0,5888790
25015;202000027804;1;10;2020;23:30;3;95;95277;1;1;1;3;A104;48,9729300;2,4875000
25016;202000027805;1;10;2020;18:00;1;93;93010;2;1;8;3;AUTOROUTE A3;48,9071300;2,4725100
25017;202000027807;1;10;2020;14:10;1;95;95277;1;1;2;6;RD 170B6;48,9729374;2,4851069
25018;202000027808;1;10;2020;10:00;1;95;95018;1;1;2;3; A15;48,9539715;2,2790855
25019;202000027809;5;6;2020;21:10;3;24;24340;1;1;1;1;D 709 PR 60;44,8599450;0,4436800
25020;202000027810;6;6;2020;10:07;1;04;04091;1;1;1;7;RD 4096;43,9917180;5,9152790
25021;202000027812;12;5;2020;16:20;1;27;27679;1;1;1;7;Route de Francheville;48,7530760;0,9028740
25022;202000027813;5;6;2020;18:15;1;37;37086;2;1;1;6;Rue du Stade;47,4811950;0,3077546
25023;202000027814;6;6;2020;12:30;1;48;48075;1;1;1;6;N106;44,4007970;3,5715440
25024;202000027815;6;6;2020;03:20;4;67;67389;2;2;2;7;M63;48,6528658;7,7511171
25025;202000027816;2;5;2020;00:45;3;16;16406;1;1;2;6;Ld Le Bois des Forts;45,6846270;0,3984260
25026;202000027817;6;6;2020;07:45;1;33;33214;1;1;2;6;Route du Baganais;44,9852260; -1,1476580
25027;202000027819;6;6;2020;09:30;1;83;83099;2;1;1;6;Avenue du 15 Août 1944 (Pont);43,4573580;6,6752300