;Num_Acc;jour;mois;an;hrmn;lum;dep;com;agg;int;atm;col;adr;lat;long
25028;202000027820;6;6;2020;10:20;1;13;13022;2;3;1;-1;Avenue des Albizzi;43,2292970;5,5502200
25029;202000027821;5;6;2020;07:15;1;68;68317;1;1;2;7;D417;48,0655400;7,0941480
25030;202000027822;2;6;2020;19:20;1;57;57207;2;4;1;4;5 Rue des Roses;49,1150080;6,8604950
25031;202000027823;6;6;2020;01:30;3;73;73328;2;1;1;6;1120 Route d'Aix;45,6593470;5,9089390
25032;202000027824;6;6;2020;02:00;3;38;38468;1;1;1;6;D4;45,3481600;4,7883000
25033;202000027825;4;6;2020;20:20;1;01;01281;2;1;8;3;D1005;46,2850040;6,0857610
25034;202000027826;6;6;2020;05:05;3;31;31248;1;1;1;-1;D820;43,4637300;1,4127910
25035;202000027827;6;6;2020;10:15;1;86;86227;1;2;1;3;D759 - D19;46,9865470;0,0029400
25036;202000027828;5;6;2020;14:40;1;14;14762;1;1;1;6;D55;48,8667703; -0,8327106
25037;202000027829;5;6;2020;17:00;1;13;13070;1;1;1;4;A50-Sens Aubagne vers Marseille;43,2848500;5,5231100
25038;202000027830;3;6;2020;12:59;1;13;13215;1;1;1;4;A7-Sens Marseille vers Lyon;43,3673500;5,3609200
25039;202000027831;5;6;2020;04:30;4;69;69029;1;1;2;2;RD 383 Boulevard laurent bonnevay;45,7350000;4,9015000
25040;202000027832;3;6;2020;03:00;5;69;69081;1;1;1;2;M6   449.510 A 451.640;45,7864000;4,7848100
25041;202000027833;3;6;2020;15:45;1;42;42218;1;1;1;1;A72;45,4654000;4,3976800
25042;202000027834;5;6;2020;06:35;1;33;33448;1;1;2;-1;AUTOROUTE A 62;44,7003100; -0,5017200
25043;202000027835;4;6;2020;11:55;1;33;33550;1;1;2;4;AUTOROUTE A 62;44,7735600; -0,5560000
25044;202000027837;5;6;2020;07:45;1;94;94038;1;1;1;4;AUTOROUTE A6B;48,7728300;2,3463000
25045;202000027839;5;6;2020;11:20;1;95;95572;1;1;2;6;AUTOROUTE A15;49,0328500;2,1079400
25046;202000027840;5;6;2020;18:30;1;94;94052;1;1;1;4;A86 INT;48,8423300;2,4928400
25047;202000027841;5;6;2020;17:30;1;94;94069;1;1;1;2;A4;48,8172500;2,4240900
25048;202000027842;4;6;2020;19:42;5;988;98818;2;6;1;2;GERVOLINO (RUE ROGER); -22,2605700;166,4699100
25049;202000027843;4;6;2020;21:00;2;69;69388;2;1;2;4;ETATS UNIS (DES)                    (BD);45,7276000;4,8688000
25050;202000027844;4;6;2020;19:45;1;69;69383;2;2;1;3;FERDINAND BUISSON                   (R );45,7516700;4,8949600
25051;202000027845;4;6;2020;09:00;1;69;69383;2;1;1;6;ARMENIE (D')                        (R );45,7545290;4,8509949
25052;202000027846;4;6;2020;09:46;1;972;97213;1;1;1;2;AUTOROUTE A1;14,6172800; -61,0175000
25053;202000027847;4;6;2020;14:45;1;69;69034;2;1;1;1;VIADUC JOSEPH PICOT                     ;45,7939300;4,8718200
25054;202000027848;3;6;2020;11:00;1;69;69034;2;1;1;-1;GENERAL LECLERC                     (IM);45,8019281;4,8562387
25055;202000027850;3;6;2020;15:10;1;971;97101;2;9;1;2;Frédéric JALTON;16,2778000; -61,4997000
25056;202000027852;2;6;2020;07:15;1;91;91433;1;1;1;5;RD 191;48,4408100;2,2084100
25057;202000027853;30;5;2020;10:15;1;89;89024;1;1;1;6;VALLAN (ROUTE DE) N° PAIRS;47,7643500;3,5500700
25058;202000027855;26;5;2020;16:20;1;83;83009;2;9;1;3;DE GAULLE (QUAI CHARLES);43,1364000;5,7573600
25059;202000027856;4;6;2020;09:00;1;81;81065;2;1;1;4;CORPORAL (CHEMIN DU );43,6055280;2,2300210
25060;202000027857;29;5;2020;18:30;1;77;77337;1;1;1;7;MARNE VPN (ROUTE DE LA) - D199;48,8487600;2,6133100
25061;202000027858;3;6;2020;08:00;1;73;73065;2;6;1;3;CAFFE (PLACE);45,5638467;5,9195330
25062;202000027859;2;6;2020;16:10;1;71;71270;2;6;1;7;Avenue de la Gare;46,3034452;4,8266046
25063;202000027860;31;5;2020;18:10;1;69;69266;2;1;1;5;LAURENT BONNEVAY    (Boulevard);45,7850031;4,8685312
25064;202000027861;2;6;2020;11:00;1;69;69264;2;2;1;3;FERRY JULES  R;45,9822700;4,7350100
25065;202000027862;2;6;2020;20:31;1;66;66136;1;1;1;3;Départementale  617;42,7126300;2,9271900
25066;202000027863;4;6;2020;02:30;5;64;64445;2;6;1;7;MARCA;43,2960100; -0,3766800
25067;202000027864;3;6;2020;17:25;1;64;64024;2;1;1;3;ADOUR (AVENUE DE L');43,5260600; -1,5146000
25068;202000027865;3;6;2020;18:19;1;63;63063;2;1;3;4;MOULIN (BD JEAN);45,8315700;3,1053400
25069;202000027866;3;6;2020;17:10;1;63;63164;2;6;3;2;DE GAULLE (BD CHARLES);45,8146739;3,1442944
25070;202000027867;1;6;2020;12:23;1;63;63032;2;5;1;2;ROMAGNAT (ROUTE DE);45,7530100;3,0892100
25071;202000027868;29;5;2020;15:09;1;63;63113;2;1;1;2;VERNE (RUE JULES);45,7820600;3,1267600
25072;202000027869;30;5;2020;18:44;1;63;63113;2;1;1;2;ORADOU (RUE DE L');45,7693300;3,1132300
25073;202000027870;3;6;2020;07:15;1;57;57757;2;2;1;3;Nations (Avenue);49,3609000;6,1947900
25074;202000027871;3;6;2020;11:38;1;49;49007;2;1;1;3;BERANGER;47,4715700; -0,5339500
25075;202000027872;2;6;2020;17:25;1;49;49246;2;1;1;4;A87N;47,4369000; -0,5099100
25076;202000027873;4;6;2020;12:15;1;44;44109;2;1;1;6;Rue de la Fantaisie;47,2535800; -1,5748430
25077;202000027874;4;6;2020;17:45;1;38;38318;2;1;1;3;Rue Joseph Grenouillet;45,5280100;4,9150000
25078;202000027875;2;6;2020;19:43;1;37;37261;2;1;1;-1;HALLES (PLACE DES);47,3921800;0,6798657
25079;202000027876;27;5;2020;01:00;3;34;34003;1;1;1;2;RD612;43,3006247;3,4629299
25080;202000027877;5;6;2020;00:50;5;33;33063;2;2;1;3;RUE PIERRE BAOUR / RUE GEORGES BARRES;44,8907100; -0,5468100
25081;202000027878;4;6;2020;16:40;1;33;33550;2;3;1;6;PCE ARISTIDE BRIAND / AVE DU MARECHAL LECLERC ;44,7816644; -0,5673491
25082;202000027879;3;6;2020;12:15;1;33;33069;2;2;1;3;AVE DE TIVOLI / RUE LANET / RUE DES ECUS;44,8706000; -0,5982300
25083;202000027880;22;5;2020;12:45;1;33;33281;2;6;1;3;AVE DE LA LIBERATION / AVE DE MAGUDAS;44,8561400; -0,6438600
25084;202000027881;19;5;2020;19:30;1;33;33550;2;1;1;6;RTE DE LEOGNAN;44,7697530; -0,5787700
25085;202000027882;4;6;2020;11:15;1;31;31555;2;1;1;-1;3 BD DEODAT DE SEVERAC;43,5859500;1,4277200
25086;202000027883;4;6;2020;23:20;5;30;30189;2;2;1;3;REPUBLIQUE (RUE);43,8283400;4,3548100
25087;202000027884;4;6;2020;10:55;1;27;27562;2;9;1;3;INDUSTRIE (RUE DE L');49,1042800;1,4599900
25088;202000027886;4;6;2020;07:30;1;14;14118;2;1;1;3;FALAISE (RUE DE  - 90 PAIR 95 IMPAIR);49,1729400; -0,3544500
25089;202000027887;4;6;2020;21:00;2;13;13212;2;3;1;3;SAINT PIERRE (RUE);43,2901040;5,4257974
25090;202000027888;4;6;2020;19:30;1;13;13208;2;1;1;3;RABATAU (BOULEVARD);43,2756000;5,3963700
25091;202000027889;4;6;2020;18:00;1;13;13208;2;1;1;4; MIREILLE JOURDAN-BARRY (BD);43,2452000;5,3757000
25092;202000027890;4;6;2020;11:40;1;13;13208;2;1;2;6;RABATAU (BOULEVARD);43,2762600;5,3971300
25093;202000027891;4;6;2020;03:35;5;13;13208;2;1;3;6;MENDES FRANCE (AVENUE);43,2506330;5,3754440
25094;202000027892;3;6;2020;19:10;1;10;10387;2;1;1;3;FOSSES PATRIS (RUE DES);48,3002800;4,0637200
25095;202000027893;2;6;2020;11:15;1;10;10387;2;3;1;6;BEGAND (RUE);48,2949000;4,0650000
25096;202000027894;18;6;2020;14:50;1;07;07281;2;1;1;-1;GROSS-UMSTADT (AVENUE DE);44,9453000;4,8531000
25097;202000027895;3;6;2020;16:30;1;07;07102;2;1;1;7;RHONE (QUAI DU);44,9299600;4,8788700
25098;202000027896;4;6;2020;17:45;1;06;06027;2;6;8;2;FRANCE ROUTE DE;43,6630320;7,1342260
25099;202000027897;3;6;2020;20:00;1;06;06027;2;1;1;-1;PLAGE BOULEVARD DE LA;43,6572400;7,1728600
25100;202000027899;17;12;2020;19:35;3;33;33022;1;1;5;6;Chemin des bons;45,0217330; -0,7834840
25101;202000027901;17;12;2020;11:25;1;85;85152;2;1;1;1;4 rue de l'ocean;46,6005180; -1,6572300
25102;202000027902;17;12;2020;17:50;3;02;02346;1;1;1;6;route nationale 977;49,6054120;3,7877940
25103;202000027903;11;12;2020;12:20;1;83;83027;1;1;3;2;A50;43,1802708;5,7695496
25104;202000027905;15;12;2020;19:47;3;57;57463;1;9;8;7;RN 431;49,0890500;6,2235000
25105;202000027906;16;12;2020;14:20;1;33;33249;1;1;1;2;;44,8789080; -0,5096690
25106;202000027907;16;12;2020;00:50;3;91;91363;1;1;1;6;RN 118;48,6674300;2,1925800
25107;202000027908;16;12;2020;12:40;1;78;78362;1;1;1;4;A13;48,9756840;1,7240890
25108;202000027910;15;12;2020;13:48;1;95;95582;1;1;1;6;RD 170;48,9625400;2,2636900
25109;202000027911;15;12;2020;11:00;1;95;95394;1;1;1;5; A115;49,0499200;2,1815500
25110;202000027912;24;1;2020;07:40;2;78;78146;2;1;2;6;REPUBLIQUE (BOULEVARD DE LA);48,8941100;2,1515600
25111;202000027914;3;8;2020;23:20;5;19;19272;2;1;1;6;Jean Jaurès (Rue);45,2643500;1,7678200
25112;202000027915;22;7;2020;14:30;1;19;19272;2;1;1;7;Georges Clémenceau (Bd);45,2655400;1,7637100
25113;202000027916;18;7;2020;11:35;1;19;19272;2;1;1;2;Lucien Sampeix (Av);45,2535600;1,7640300
25114;202000027917;15;7;2020;17:40;1;19;19272;2;1;1;2;Rigny (Quai);45,2643000;1,7641900
25115;202000027918;4;7;2020;16:35;1;19;19272;1;1;1;7;Albert de la Pradel (Av);45,2891718;1,7722398
25116;202000027919;1;7;2020;00:00;5;19;19272;2;1;1;6;Solane (Rue);45,2696855;1,7699401
25117;202000027921;19;6;2020;14:30;1;19;19272;1;1;1;3;Mulatet (Lieu dit);45,2429600;1,7440000
25118;202000027922;16;6;2020;21:45;5;19;19272;2;1;2;6;Albert de la Pradel (Av);45,2825400;1,7692400
25119;202000027923;29;5;2020;07:30;1;19;19272;2;1;1;2;Chameyrat (Rue);45,2565700;1,7489500
25120;202000027924;28;5;2020;10:30;1;19;19272;2;1;1;3;Ventadour (Av);45,2745100;1,7770100
25121;202000027925;4;9;2020;11:40;1;94;94076;2;9;1;6;JEAN BAPTISTE BAUDIN (R);48,7981200;2,3550000
25122;202000027926;5;3;2020;08:48;1;92;92044;2;3;2;6;BAUDIN (RUE) 1A25 ET 2A34;48,8973369;2,2830045
25123;202000027927;15;12;2020;11:30;1;974;97407;2;9;1;3;Rue du Général de Gaulle; -20,9417200;55,2962600
25124;202000027928;14;12;2020;19:50;5;974;97409;2;1;1;6;Avenue Ile de France; -20,9575770;55,6497110
25125;202000027929;15;12;2020;20:14;5;973;97302;1;1;1;2;MADELEINE (ROUTE DE LA);4,9078371; -52,3220014
25126;202000027930;15;12;2020;17:45;5;69;69388;2;1;2;6;PAUL CAZENEUVE                      (R );45,7366100;4,8647600
25127;202000027931;22;11;2020;19:20;2;69;69387;2;1;1;6;GAMBETTA                            (CO);45,7543500;4,8456300
25128;202000027932;15;12;2020;09:30;1;972;97213;1;1;1;2;ROUTE NATIONALE 1;14,6449800; -60,9762100
25129;202000027933;12;12;2020;20:45;5;972;97213;1;1;1;2;ROUTE DEPARTEMENTALE 13;14,6600000; -60,9900000
25130;202000027934;15;12;2020;13:10;1;972;97209;1;1;1;2;AUTOROUTE (A1);14,6146000; -61,0487900
25131;202000027935;12;12;2020;20:15;5;69;69382;2;3;8;3;JEAN MOULIN                         (QU);45,7661600;4,8380600
25132;202000027936;7;12;2020;18:45;5;971;97101;1;3;1;4;ROLAND GARROS - DUGAZON (RUELLE);16,2517139; -61,5190709
25133;202000027937;15;12;2020;18:15;5;95;95680;2;1;1;3;PIERRE SEMARD (AVENUE);48,9997380;2,4121320
25134;202000027938;11;12;2020;17:30;5;95;95585;2;1;2;6;CAMUS (BD ALBERT);48,9793300;2,3716920
25135;202000027939;12;12;2020;13:33;1;87;87065;1;2;1;3;BOISSEUIL (RUE DE);45,7844200;1,3115300
25136;202000027940;15;12;2020;08:15;2;78;78481;2;1;2;6;SARTROUVILLE (ROUTE DE);48,9036500;2,1149300
25137;202000027941;15;12;2020;08:15;5;77;77487;2;4;2;6;ECUREUILS  (ALLEE DES );48,5374700;2,6727900
25138;202000027942;15;12;2020;11:00;1;77;77181;1;1;1;7;JEAN JAURES  (RUE   );48,8164100;2,7026700
25139;202000027944;14;12;2020;12:30;1;72;72181;2;2;2;1;RUBILLARD AV N° IMP 57 ET >;48,0122400;0,1821200
25140;202000027945;15;12;2020;10:05;1;64;64260;2;1;1;3;CORNICHE (ROUTE DE LA);43,3751500; -1,7610000
25141;202000027946;15;12;2020;13:15;1;64;64140;2;3;1;2;LACOUTURE (RUE PIERRE);43,5295600; -1,4737900
25142;202000027947;14;12;2020;13:40;1;63;63113;2;1;1;3;8 GALOIS (ALL EVARISTE);45,7600777;3,1307937
25143;202000027948;14;12;2020;13:45;1;62;62119;2;6;1;5;CHURCHILL ( AVENUE );50,5102510;2,6498880
25144;202000027949;15;12;2020;03:05;4;62;62764;1;1;2;6;RD 917;50,3057200;2,7840600
25145;202000027950;14;12;2020;18:25;3;61;61169;1;1;8;1;BUISSON CORBLIN;48,7538150; -0,5210840
25146;202000027951;15;12;2020;15:20;1;59;59225;2;1;8;6;JEAN JAURES (RUE);50,2974306;3,9321882
25147;202000027952;15;12;2020;15:00;1;59;59378;2;2;1;3;MENIN RUE DE;50,6768300;3,0810000
25148;202000027953;14;12;2020;18:05;5;56;56083;2;6;2;3;REPUBLIQUE ( AVE DE LA );47,8014200; -3,2824300
25149;202000027954;11;12;2020;17:55;5;55;55186;2;1;2;6;LIBERATION ( AVENUE DE LA );48,7964700;5,1261400
25150;202000027955;15;12;2020;20:35;5;54;54395;2;1;1;6;STRASBOURG (AVENUE DE);48,6761400;6,1997400
25151;202000027958;14;12;2020;12:00;1;51;51454;2;1;1;3;Rue de la Maison Blanche;49,2374285;4,0283427
25152;202000027959;15;12;2020;09:15;1;50;50002;2;6;7;3;COUTANCES (route de);49,1081900; -1,1346300
25153;202000027960;11;12;2020;14:00;1;50;50129;2;4;2;3;ABBAYE (RUE DE L');49,6450700; -1,6355800
25154;202000027961;15;12;2020;14:15;1;49;49007;2;1;2;3;COUBERTIN BOULEVARD;47,4644800; -0,5316100
25155;202000027962;15;12;2020;14:20;1;49;49007;2;1;1;7;LETANDUERE;47,4636000; -0,5552200
25156;202000027963;15;12;2020;12:10;1;49;49007;2;1;1;7;GAULLE BOULEVARD CHARLES DE;47,4698516; -0,5613673
25157;202000027964;11;12;2020;11:27;2;49;49007;2;1;1;6;POIREL BOULEVARD;47,4618400; -0,5623500
25158;202000027965;12;12;2020;21:23;5;49;49007;2;1;1;3;BRISEPOTIERE;47,4808300; -0,5352100
25159;202000027966;14;12;2020;08:16;2;49;49007;2;1;1;3;COUBERTIN BOULEVARD;47,4576500; -0,5329200
25160;202000027967;14;12;2020;07:46;5;49;49007;2;1;1;3;GASNIER AVENUE;47,4873000; -0,5733800
25161;202000027968;14;12;2020;17:35;2;45;45234;2;1;1;6;Rue du Faubourg de Bourgogne;47,9011730;1,9214250
25162;202000027969;14;12;2020;08:05;2;44;44184;2;1;1;3;COUBERTIN (AVENUE PIERRE DE);47,2679200; -2,2335200
25163;202000027971;3;12;2020;11:20;1;37;37261;2;9;1;-1;LIBERTE (PLACE DE LA);47,3795501;0,6931727
25164;202000027973;15;12;2020;08:30;1;35;35238;2;2;1;3;TILLON (AVENUE CHARLES);48,1245200; -1,7030900
25165;202000027974;15;12;2020;18:40;5;32;32013;2;1;1;1;PIERRE DE MONTESQUIOU (AVENUE);43,6335997;0,5883100
25166;202000027975;15;12;2020;18:35;3;28;28134;2;1;1;2;OSMEAUX (RUE DES);48,7503900;1,3931300
25167;202000027976;15;12;2020;17:00;5;27;27701;2;1;1;6;FALAISES (ROUTE DES) NATION A ANDELLE;49,2706800;1,2135990
25168;202000027977;14;12;2020;13:30;1;25;25462;2;1;1;6;MARPAUD;46,9033600;6,3528300
25169;202000027978;14;12;2020;11:30;1;25;25056;2;4;1;3;EPINAL RUE D';47,2703300;5,9983200
25170;202000027979;12;12;2020;15:15;1;22;22278;2;1;2;3;HAREL-DE-LA-NOE (BD);48,5195300; -2,7477000
25171;202000027980;11;12;2020;14:40;1;22;22187;2;1;1;2;Rue de la Croix Lormel;48,5339503; -2,7580029
25172;202000027981;16;6;2020;22:15;5;19;19272;2;1;2;3;Dr Valette (Rue);45,2557700;1,7563300
25173;202000027982;14;12;2020;08:00;5;16;16102;2;1;2;6;rue de Montplaisir;45,6983100; -0,3383100
25174;202000027983;15;12;2020;07:30;2;14;14118;2;1;8;2;RN 814;49,1958200; -0,3925400
25175;202000027984;10;12;2020;10:10;1;13;13056;2;1;1;3;PARADIS SAINT-ROCH AVENUE DE;43,4046398;5,0424784
25176;202000027985;15;12;2020;14:30;1;13;13204;2;1;1;6;TROIS FRERES CARASSO (RUE);43,3065800;5,4004600
25177;202000027987;14;12;2020;11:35;1;13;13209;2;6;1;2;LANCIER (CHEMIN DU);43,2473400;5,3967500
25178;202000027988;12;12;2020;16:30;1;13;13028;2;3;1;6;PUITS DE BRUNET (CHEMIN DU);43,1893300;5,6028000
25179;202000027989;1;12;2020;18:30;3;11;11262;2;1;1;-1;RD 6009 NARBONNE - BEZIERS;43,1822000;2,9675900
25180;202000027990;15;12;2020;09:44;1;11;11069;2;1;8;1;CAVAYERE -ROUTE DE LA -;43,1924000;2,3967100
25181;202000027991;15;12;2020;12:07;1;10;10387;2;1;2;2;CARNOT (RUE);48,2975100;4,0664400
25182;202000027992;15;12;2020;18:35;5;09;09225;2;1;1;6;BOURIETTE AVENUE DE LA;43,1052700;1,6317000
25183;202000027993;15;12;2020;19:30;5;06;06030;2;1;1;3;DOUMER (BOULEVARD PAUL);43,5677600;7,0142600
25184;202000027994;14;12;2020;18:45;5;06;06027;2;1;1;6;GRASSE AVENUE DE;43,6599100;7,1318300
25185;202000027995;14;12;2020;18:30;5;03;03310;2;1;2;6;Avenue de Gramont;46,1311208;3,4342059
25186;202000027996;15;12;2020;15:00;1;75;75119;2;1;1;3;BOULEVARD PERIPHERIQUE;48,9004330;2,3861580
25187;202000027997;15;12;2020;05:24;5;75;75118;2;2;2;3;BOULEVARD BARBES;48,8838410;2,3494890
25188;202000027999;15;12;2020;17:17;2;75;75105;2;3;2;1;BOULEVARD SAINT GERMAIN;48,8501720;2,3481260
25189;202000028000;13;12;2020;20:40;5;75;75105;2;5;2;6;AVENUE DE L OBSERVATOIRE;48,8396709;2,3366494
25190;202000028001;15;12;2020;19:30;5;75;75119;2;2;8;3;RUE MANIN;48,8830050;2,3855450
25191;202000028002;15;12;2020;17:15;5;75;75119;2;3;1;3;RUE EDOUARD PAILLERON;48,8796660;2,3744110
25192;202000028003;14;12;2020;09:57;1;75;75118;2;2;1;3;AVENUE DE LA PORTE DE MONTMARTRE;48,8991460;2,3362860
25193;202000028004;15;12;2020;22:10;5;75;75116;2;4;1;7;BOULEVARD DE BEAUSEJOUR;48,8566030;2,2662770
25194;202000028005;15;12;2020;07:00;5;75;75115;2;3;2;3;RUE LECOURBE;48,8409160;2,2969720
25195;202000028006;15;12;2020;06:20;3;75;75114;2;1;2;3;AVENUE DE LA PORTE DE CHATILLON;48,8229320;2,3153480
25196;202000028007;15;12;2020;07:18;5;75;75113;2;1;2;6;BOULEVARD DE L HOPITAL;48,8423200;2,3636400
25197;202000028008;15;12;2020;17:15;5;75;75112;2;3;2;7;AVENUE DAUMESNIL;48,8380890;2,3997150
25198;202000028009;15;12;2020;14:45;1;75;75112;2;1;8;2;AVENUE DAUMESNIL;48,8471950;2,3755470
25199;202000028010;14;12;2020;17:30;2;75;75109;2;1;8;6;RUE DE DOUAI;48,8814180;2,3356240
25200;202000028011;15;12;2020;02:20;5;75;75108;2;2;3;6;BOULEVARD MALESHERBES;48,8717430;2,3221090
25201;202000028013;15;12;2020;21:00;5;94;94081;2;2;1;3;YOURI GAGARINE (AV);48,7860000;2,3915900
25202;202000028014;15;12;2020;18:30;5;94;94081;2;3;1;6;AUDIGEOIS (R);48,7907300;2,3918200
25203;202000028016;15;12;2020;15:20;1;94;94074;2;9;1;6;SABLONNIERE (R DE LA);48,7496000;2,4544000
25204;202000028017;14;12;2020;10:15;1;94;94068;2;1;1;3;FOCH (AV);48,8046300;2,4856100
25205;202000028018;15;12;2020;07:15;5;94;94076;2;2;2;6;REPUBLIQUE (AV DE LA);48,7884870;2,3617070
25206;202000028020;15;12;2020;21:00;5;94;94018;2;9;1;3;ARTHUR CROQUETTE (R);48,8170932;2,4170321
25207;202000028021;15;12;2020;20:00;3;94;94037;2;1;1;4;PAUL VAILLANT COUTURIER (AV);48,8164200;2,3382700
25208;202000028022;14;12;2020;20:10;5;93;93053;2;1;2;6;PARC (RUE DU);48,8883000;2,4464000
25209;202000028023;15;12;2020;21:00;5;93;93048;2;3;8;3;PARMENTIER (RUE);48,8594684;2,4317684
25210;202000028024;15;12;2020;17:40;5;93;93079;2;1;2;3;SAINT LEU (ROUTE);48,9545600;2,3345500
25211;202000028025;12;12;2020;19:20;5;93;93008;2;1;2;2;STALINGRAD (RUE DE) A10;48,9150446;2,4292344
25212;202000028026;15;12;2020;04:50;5;93;93005;2;3;2;3;AV RAOUL DUFY / R AUGUSTE RENOIR;48,9613331;2,5001897
25213;202000028027;15;12;2020;06:40;5;92;92078;2;3;2;3;VERDUN (AVENUE) (PAIRS 2 A 38);48,9355190;2,3338780
25214;202000028028;15;12;2020;09:10;1;92;92050;2;1;2;-1;ARAGO FRANCOIS AVENUE;48,8987235;2,2208852
25215;202000028029;14;12;2020;21:25;5;92;92036;2;1;2;7;PRINCIPALE DU PORT (ROUTE) (1/17);48,9407099;2,2983171
25216;202000028030;14;12;2020;11:30;1;92;92026;2;1;8;6;LIBERTE;48,9045945;2,2685594
25217;202000028031;15;12;2020;11:15;1;92;92012;2;1;1;5;REINE (ROUTE DE LA) 39/107 BIS;48,8404539;2,2311139
25218;202000028032;16;12;2020;21:00;3;974;97415;1;1;1;2;RN1; -20,9846010;55,2920220
25219;202000028033;16;12;2020;08:03;5;80;80016;2;1;1;6;23 Rue Lamarck;50,0029100;2,6515370
25220;202000028034;16;12;2020;07:00;3;52;52182;1;1;5;1;route départementale 384 - PK 27+450;48,5951730;4,8924240
25221;202000028035;16;12;2020;11:29;1;76;76728;1;1;1;2;A150;49,4826990;1,0067490
25222;202000028036;15;12;2020;18:50;5;60;60559;2;2;1;1;Intersection D9 / D931;49,4101766;2,3023194
25223;202000028037;24;11;2020;08:05;2;06;06037;1;1;1;1;Col de l'Êcre (Col de montagne);43,7419760;6,9456810
25224;202000028038;15;12;2020;16:45;2;34;34142;1;1;3;6;A75, Pk 276+860;43,7118900;3,3244370
25225;202000028040;16;12;2020;05:05;5;62;62086;2;2;5;3;Route Nationale;50,2125880;2,5557270
25226;202000028041;15;12;2020;18:00;4;62;62514;1;3;1;3;D939;50,3651340;2,4235800
25227;202000028042;16;12;2020;10:40;1;31;31157;2;3;1;3;Rue du Huit Mai 1945;43,5446420;1,3455310
25228;202000028043;16;12;2020;11:15;1;19;19255;1;1;1;6;Les Gouttettes;45,3754623;1,7246201
25229;202000028044;15;12;2020;17:20;2;82;82054;2;1;1;6;Rue du Barry;44,0769800;0,9012120
25230;202000028045;16;12;2020;09:30;1;82;82087;1;1;5;6;2744 Route de Montauban;44,1095400;1,2519000
25231;202000028046;15;12;2020;05:45;3;33;33488;1;1;2;7;Lieu Dit Bretagne;44,7867310; -0,1156940
25232;202000028047;15;12;2020;18:30;3;33;33033;1;1;1;6;Route de Malagar;44,7234540; -0,4307310
25233;202000028048;15;12;2020;13:50;1;46;46238;1;1;2;6;Les Jordannes;44,7994690;1,6937180
25234;202000028049;16;12;2020;09:00;1;35;35297;1;1;2;6;N164;48,1778360; -2,1940980
25235;202000028050;15;12;2020;08:00;5;29;29075;2;3;2;6;Rue Anne de Bretagne;48,4346890; -4,4034900
25236;202000028051;14;12;2020;20:40;5;38;38389;1;1;1;-1;Route de Saint Just;45,5852720;5,0601110
25237;202000028052;16;12;2020;03:50;3;38;38189;1;1;2;6;D518Z;45,6377200;5,0702500
25238;202000028053;16;12;2020;18:10;3;26;26166;1;1;1;4;Les Crozes Nord;44,7588480;4,8335020
25239;202000028054;11;12;2020;19:50;3;58;58300;1;1;2;3;Route de la Noiserie;47,0412930;3,1946500
25240;202000028055;15;12;2020;18:15;5;58;58095;1;1;1;2;D979;46,8260820;3,4893180
25241;202000028056;16;12;2020;05:20;5;27;27656;1;1;1;2;53 Route de la Vallée de la Masse;49,3582550;0,4801280
25242;202000028057;14;12;2020;17:30;5;27;27453;2;3;2;6;44 Rue du General de Gaulle;49,4128650;1,3703670
25243;202000028058;15;12;2020;07:00;5;17;17385;2;7;2;7;Place des Anciens Combattants;45,9461880; -1,3058600
25244;202000028059;15;12;2020;03:30;3;988;98805;1;1;1;7;VE2; -22,1903750;166,4410150
25245;202000028060;16;12;2020;08:44;1;01;01213;2;1;1;3;1701 Route de Genève;45,9339630;5,2929840
25246;202000028061;15;12;2020;17:10;1;64;64122;1;1;1;6;A63;43,4490770; -1,5553350
25247;202000028062;14;12;2020;07:45;2;66;66008;2;6;1;6;Avenue de Montgat;42,5510490;3,0106830
25248;202000028063;12;12;2020;08:30;1;52;52449;2;2;8;3;D974;47,8310850;5,3289970
25249;202000028064;15;12;2020;17:00;4;67;67131;2;2;2;6;02 rue du général de gaulle;48,4884742;7,7159783
25250;202000028065;16;12;2020;14:00;1;73;73157;2;6;7;6;D1006 Cours Aristide Briand;45,2021570;6,6709170
25251;202000028066;16;12;2020;08:10;1;38;38281;1;3;1;3;Avenue Saint-Jean;45,2366630;5,6377670
25252;202000028067;14;12;2020;14:30;1;01;01142;2;1;1;3;607 Rue de Genève;45,8508940;5,0698690
25253;202000028068;16;12;2020;07:50;2;79;79088;1;2;8;3;;46,8044220; -0,3747800
25254;202000028069;15;12;2020;22:30;3;33;33177;1;1;1;6;Route de Soulac;45,3289325; -0,9697778
25255;202000028070;15;12;2020;18:20;3;61;61433;1;1;2;1;Route départementale 2;48,4944270; -0,0228670
25256;202000028071;15;12;2020;18:15;5;29;29055;2;2;2;3;Route de Lannilis;48,5637720; -4,3382530
25257;202000028072;15;12;2020;17:10;2;13;13019;1;1;1;2;A51-Sens Marseille vers Aix en Provence;43,4272300;5,3839400
25258;202000028073;14;12;2020;06:10;3;13;13203;1;1;1;2;A7-Sens Marseille vers Lyon;43,3317200;5,3777100