;Num_Acc;jour;mois;an;hrmn;lum;dep;com;agg;int;atm;col;adr;lat;long
25259;202000028074;9;12;2020;16:25;1;13;13071;1;1;1;6;A55-Sens Martigues vers Marseille;43,3917000;5,2730900
25260;202000028075;10;12;2020;15:53;1;13;13216;1;1;1;6;A55-Sens Martigues vers Marseille;43,3600000;5,3300000
25261;202000028076;15;12;2020;17:00;2;69;69072;1;1;2;2;M6  ;45,8133654;4,7672925
25262;202000028077;15;12;2020;09:20;1;67;67152;1;1;1;3;Route Nationale 83;48,5272690;7,6943430
25263;202000028078;14;12;2020;22:05;4;92;92002;1;1;2;6;AUTOROUTE A86;48,7627342;2,3121277
25264;202000028079;15;12;2020;06:30;3;95;95212;1;1;3;6;RN 104;49,0292200;2,5327000
25265;202000028080;14;12;2020;22:50;3;95;95582;1;1;2;6; A15;48,9662800;2,2568600
25266;202000028081;14;12;2020;17:45;1;93;93006;1;1;1;7;AUTOROUTE A3;48,8700500;2,4301200
25267;202000028082;14;12;2020;06:30;3;95;95572;1;1;1;3;AUTOROUTE A15;49,0331630;2,1049231
25268;202000028083;13;12;2020;21:50;3;95;95018;1;1;2;-1; A15;48,9505200;2,2802800
25269;202000028085;15;12;2020;07:10;3;77;77083;1;1;3;2;A4.W;48,8338770;2,5908360
25270;202000028087;16;1;2020;11:53;1;65;65417;2;2;1;6;MITTERRAND (AVENUE FRANCOIS);43,2331800;0,0920100
25271;202000028088;16;1;2020;14:40;1;64;64024;2;1;1;6;GUYNEMER (AVENUE);43,4991700; -1,5400900
25272;202000028089;16;1;2020;10:31;1;63;63113;2;2;1;-1;BLATIN (RUE)/Morel Ladeuil;45,7765000;3,0750900
25273;202000028090;15;1;2020;12:36;1;63;63113;2;5;1;5;CLEMENTEL (BD ETIENNE);45,8090892;3,1092502
25274;202000028091;14;1;2020;11:00;1;57;57666;2;1;1;6;VERDUN (ROUTE DE);49,3468100;6,1345700
25275;202000028092;16;1;2020;10:27;1;57;57463;2;1;1;3;CAMBOUT (RUE DU );49,1146000;6,1800900
25276;202000028093;15;1;2020;07:35;2;51;51506;2;1;1;7;Avenue de Metz;48,9583684;4,3822261
25277;202000028094;17;1;2020;00:00;5;42;42187;2;1;1;6;Avenue de Lyon;46,0366590;4,0766880
25278;202000028095;16;1;2020;15:20;1;37;37261;2;1;1;6;PORTALIS (AVENUE JEAN);47,3648093;0,6837127
25279;202000028097;16;1;2020;07:10;5;37;37233;2;1;1;7;BARBUSSE (RUE HENRI);47,3904464;0,7195599
25280;202000028098;16;1;2020;04:30;5;37;37261;2;2;1;3;ENTRAIGUES (RUE D');47,3853998;0,6724013
25281;202000028099;14;1;2020;18:15;3;37;37214;2;4;2;3;ROUZIERS (ROUTE DE);47,4355227;0,6750138
25282;202000028100;14;1;2020;12:53;1;36;36044;2;3;1;6;Rue Chausset;46,8057751;1,6993990
25283;202000028101;11;1;2020;22:15;5;35;35238;2;2;1;5;VERN (RUE DE);48,0980860; -1,6557400
25284;202000028102;16;1;2020;15:24;1;35;35238;2;1;1;6;POULLART DES PLACES;48,1304000; -1,6588000
25285;202000028103;16;1;2020;09:45;1;34;34172;2;1;1;3;RIMBAUD (RUE PAUL);43,6185100;3,8452000
25286;202000028104;16;1;2020;13:00;1;33;33063;2;2;1;3;RUE TURENNE / RUE BEL ORME;44,8492300; -0,5946000
25287;202000028105;4;1;2020;14:30;1;33;33063;2;3;1;2;CRS DE LA MARNE / RUE MONTFAUCON;44,8282810; -0,5612250
25288;202000028107;3;1;2020;14:00;1;33;33192;2;6;1;1;RTE DE CANEJAN / CHEM D'ORNON;44,7657600; -0,6388900
25289;202000028108;15;1;2020;16:25;1;31;31149;2;1;1;6;MITTERAND (ESPLANADE FRANCOIS);43,6069800;1,3352400
25290;202000028109;16;1;2020;01:30;5;31;31555;2;1;1;3;NARBONNE (ROUTE DE);43,5667700;1,4585400
25291;202000028110;15;1;2020;19:05;5;31;31555;2;1;1;3;RTE D ESPAGNE;43,5693800;1,4244500
25292;202000028111;16;1;2020;08:09;1;30;30189;1;3;1;2;SAUVE (ROUTE);43,8462000;4,2957000
25293;202000028112;16;1;2020;08:45;5;29;29232;2;1;2;6;Place Louis Armand;47,9950100; -4,0952700
25294;202000028113;12;1;2020;11:05;1;29;29019;2;6;1;3;Rue de Valmy;48,3980700; -4,4651200
25295;202000028114;15;1;2020;23:55;5;25;25388;2;1;1;6;LUDWIGSBURG (AVENUE DE);47,5032000;6,8116900
25296;202000028115;12;1;2020;18:00;1;14;14118;1;1;1;3;FALAISE (RUE DE  - 90 PAIR 95 IMPAIR);49,1731800; -0,3543000
25297;202000028116;16;1;2020;23:00;5;13;13208;2;3;1;3;JULES CANTINI (AVENUE);43,2816300;5,3915100
25298;202000028117;16;1;2020;21:35;5;13;13210;2;2;1;6;TOULON (AVENUE DE);43,2847152;5,3918879
25299;202000028118;16;1;2020;14:00;1;13;13211;2;1;1;2;MONTRE (TRAVERSE DE LA);43,2956120;5,4782700
25300;202000028119;16;1;2020;12:30;1;13;13207;2;1;1;2;CORDERIE (BOULEVARD DE LA);43,2903890;5,3693050
25301;202000028120;15;1;2020;18:50;5;13;13207;2;1;1;5;RIVE NEUVE (QUAI);43,2924700;5,3668200
25302;202000028121;15;1;2020;20:00;5;13;13063;1;6;1;3;RN 1569 LA TRANSHUMANCE;43,5885100;4,9892300
25303;202000028123;15;1;2020;10:14;1;10;10387;2;3;1;3;MAROTS (RUE DES);48,3053000;4,0523000
25304;202000028124;14;1;2020;00:24;5;10;10387;2;6;1;6;VOULDY (CHAUSSEE DU);48,2913100;4,0877800
25305;202000028125;16;1;2020;19:10;5;06;06069;2;1;1;1;1 Av Mal de Lattre de Tassigny;43,6501720;6,9226380
25306;202000028126;16;1;2020;07:45;1;06;06029;2;1;-1;6;VAUTRIN (BOULEVARD DU GENERAL);43,5490990;7,0316090
25307;202000028127;16;1;2020;08:45;1;06;06027;2;2;1;3;PASSAU RUE DE;43,6640700;7,1534000
25308;202000028128;16;1;2020;10:25;1;05;05061;2;4;1;3;TURRELET (MONTEE DU);44,5559900;6,0710300
25309;202000028129;15;1;2020;21:50;3;04;04112;1;1;1;6;Ch des Vannades;43,8347700;5,8167100
25310;202000028130;16;1;2020;00:10;5;75;75113;2;1;1;2;BD PERIPHERIQUE INTERIEUR;48,8253570;2,3853880
25311;202000028131;15;1;2020;17:50;5;75;75115;2;1;2;3;BD PERIPHERIQUE INTERIEUR;48,8347620;2,2654180
25312;202000028132;15;1;2020;16:20;2;75;75119;2;4;1;4;BP PERIPHERIQUE EXTERIEUR;48,8997090;2,3923504
25313;202000028133;15;1;2020;10:20;1;75;75120;2;1;1;3;BD PERIPHERIQUE EXTERIEUR;48,8678650;2,4134560
25314;202000028134;15;1;2020;07:45;1;75;75114;2;1;1;3;BD PERIPHERIQUE INTERIEUR;48,8241010;2,3077610
25315;202000028135;14;1;2020;16:05;1;75;75116;2;1;1;2;BD PERIPHERIQUE INTERIEUR;48,8673430;2,2693660
25316;202000028136;16;1;2020;19:55;5;75;75107;2;3;1;3;AVENUE DE SUFFREN;48,8530080;2,2980389
25317;202000028137;15;1;2020;10:55;1;75;75105;2;1;1;6;BOULEVARD SAINT MICHEL;48,8485980;2,3415980
25318;202000028138;15;1;2020;15:17;1;75;75120;2;2;8;3;BOULEVARD DE MENILMONTANT;48,8641660;2,3861920
25319;202000028140;16;1;2020;15:50;1;75;75118;2;2;1;6;AVENUE DE LA PORTE DE CLIGNANCOURT;48,8980660;2,3441474
25320;202000028142;16;1;2020;13:05;1;75;75117;2;1;1;6;BOULEVARD PEREIRE;48,8805000;2,2893191
25321;202000028143;16;1;2020;20:00;3;75;75115;2;2;1;6;RUE DE LA CONVENTION;48,8421622;2,2855369
25322;202000028144;15;1;2020;12:00;1;75;75115;2;1;1;3;RUE DE LA CONVENTION;48,8415930;2,2868270
25323;202000028145;15;1;2020;10:20;1;75;75115;2;2;1;3;RUE DE LA CONVENTION;48,8372360;2,2964460
25324;202000028146;16;1;2020;17:58;5;75;75115;2;2;1;6;RUE LERICHE;48,8344783;2,2956629
25325;202000028147;16;1;2020;20:10;5;75;75113;2;1;1;3;RUE NEUVE TOLBIAC;48,8312908;2,3780711
25326;202000028148;16;1;2020;17:15;1;75;75113;2;2;1;6;BOULEVARD VINCENT AURIOL;48,8333278;2,3636695
25327;202000028149;15;1;2020;22:46;5;75;75113;2;2;2;6;RUE DE LA POTERNE DES PEUPLIERS;48,8175868;2,3533775
25328;202000028150;16;1;2020;22:05;5;75;75112;2;7;1;6;PLACE DE LA BASTILLE;48,8528460;2,3689640
25329;202000028151;16;1;2020;22:20;5;75;75111;2;4;1;3;AVENUE DE LA REPUBLIQUE;48,8658116;2,3715333
25330;202000028153;16;1;2020;18:00;5;75;75110;2;1;1;1;RUE DU FAUBOURG SAINT MARTIN;48,8769024;2,3610298
25331;202000028154;15;1;2020;12:50;1;75;75110;2;1;1;3;RUE D HAUTEVILLE;48,8745766;2,3507117
25332;202000028156;16;1;2020;10:25;1;75;75109;2;2;1;6;BOULEVARD DE MAGENTA;48,8836166;2,3494954
25333;202000028157;16;1;2020;15:00;1;75;75107;2;4;1;3;AVENUE DE LA BOURDONNAIS;48,8558227;2,3030711
25334;202000028158;16;1;2020;09:30;1;75;75101;2;2;1;6;BOULEVARD DE SEBASTOPOL;48,8605592;2,3493534
25335;202000028159;14;1;2020;13:55;1;94;94081;2;1;1;6;Avenue Ernest Havet;48,7830000;2,4010000
25336;202000028160;16;1;2020;17:00;1;94;94042;2;1;1;2;PRESIDENT JOHN KENNEDY (AV DU);48,8170400;2,4667200
25337;202000028161;15;1;2020;15:35;1;94;94033;2;1;2;1;NEUILLY (AV DE);48,8474600;2,4869600
25338;202000028162;15;1;2020;09:25;1;94;94046;2;1;1;7;JOFFRE (AV);48,8156800;2,4461600
25339;202000028163;15;1;2020;13:30;1;94;94022;2;1;1;6;ANATOLE FRANCE (AV);48,7613301;2,4107460
25340;202000028164;16;1;2020;09:45;1;94;94019;2;1;7;2;LIBERATION (RTE DE LA);48,8032744;2,5377129
25341;202000028165;15;1;2020;19:00;2;94;94053;2;9;2;1;GRANDE RUE PIERRE MENDES-FRANCE - PL JEA;48,7753600;2,5478000
25342;202000028166;16;1;2020;19:20;5;93;93078;2;1;1;1;AV CHARLES DE GAULLE;48,9584500;2,5595600
25343;202000028167;16;1;2020;16:30;1;93;93059;2;1;1;3;AMIENS (RUE D') N° 02 AU N°128;48,9531341;2,3688531
25344;202000028168;16;1;2020;18:45;5;93;93066;2;1;1;2;COLONEL FABIEN (AVENUE);48,9456300;2,3497400
25345;202000028169;16;1;2020;12:05;1;93;93066;2;2;1;6;PL JEAN POULMARCH / BD DE LA LIBERATION;48,9329149;2,3421556
25346;202000028170;16;1;2020;10:45;1;93;93066;2;2;1;3;AV DU PRESIDENT WILSON / R JULES LE SAUNIER;48,9261800;2,3566600
25347;202000028171;16;1;2020;17:20;2;93;93062;2;1;1;6;AV DE LA RESISTANCE;48,8943900;2,5133500
25348;202000028174;15;1;2020;18:00;5;93;93031;2;1;2;3;ARGENTEUIL (ROUTE D');48,9597211;2,2913660
25349;202000028175;16;1;2020;19:00;5;92;92051;2;1;1;6;THEOPHILE-GAUTHIER (RUE);48,8844967;2,2570078
25350;202000028176;16;1;2020;15:00;1;92;92051;2;1;1;3;MAURICE BARRES (BOULEVARD);48,8795000;2,2660000
25351;202000028177;16;1;2020;21:47;5;92;92048;2;9;1;1;MAL DE LATTRE DE TASSIGNY (AVENUE);48,7868300;2,2310700
25352;202000028178;16;1;2020;16:06;1;92;92044;2;1;1;3;PDT WILSON(RUE)77A105 ET 76A108;48,8966186;2,2863901
25353;202000028179;16;1;2020;13:10;1;92;92040;2;2;1;3;GALLIENI (BOULEVARD);48,8231264;2,2679606
25354;202000028180;16;1;2020;17:20;2;92;92026;2;1;1;3;PRÉSIDENT PAUL DOUMER (QUAI DU);48,8931700;2,2598200
25355;202000028181;16;1;2020;13:00;1;92;92004;2;1;1;2;DOCTEUR DERVAUX  ( QUAI DU );48,9074260;2,2919700
25356;202000028182;16;1;2020;13:05;1;09;09268;2;9;1;3;25 Route de Miguet;42,9977590;1,1386270
25357;202000028183;17;1;2020;18:15;3;60;60559;1;2;1;3;RD 09;49,4149750;2,3031780
25358;202000028184;14;1;2020;06:25;3;34;34199;1;1;1;1;A75;43,4451770;3,4224130
25359;202000028186;16;1;2020;19:50;3;89;89307;1;2;1;3;D91;47,9203240;3,7132490
25360;202000028187;16;1;2020;22:15;3;42;42262;1;1;6;6;Route de Saint-bonnet;45,3999090;4,1703297
25361;202000028188;16;1;2020;23:00;3;42;42192;1;1;1;6;D104;45,3797030;4,1065900
25362;202000028189;17;1;2020;12:20;1;31;31503;1;1;3;1;D817;43,1410090;0,9213090
25363;202000028190;16;1;2020;15:50;1;31;31424;2;1;7;6;14 Route de Pibrac;43,5775560;1,2908270
25364;202000028191;16;1;2020;10:35;1;10;10353;1;2;7;3;D619;48,4383630;3,9107740
25365;202000028192;16;1;2020;16:30;1;24;24040;2;3;1;3;carrefour D703 route de Cazenac;44,8406430;1,1380370
25366;202000028193;11;1;2020;14:45;2;04;04094;1;3;1;3;RD 4 / RD 82;43,7958118;5,8303531
25367;202000028194;17;1;2020;16:15;1;85;85024;1;1;2;1;D32;46,9496300; -1,8283900
25368;202000028197;16;1;2020;19:30;3;13;13051;1;9;1;1;Route Departementale 10;43,5493670;5,1752730
25369;202000028198;16;1;2020;18:45;3;62;62403;1;1;1;2;A26;50,7010420;2,2138030
25370;202000028199;16;1;2020;18:35;2;973;97305;1;1;1;2;RN 1 pk 14;4,9321293; -52,3999712
25371;202000028200;17;1;2020;13:28;1;29;29005;1;1;3;1;D783 - Beg Saint Ouarneau;47,8474399; -3,6265503
25372;202000028201;17;1;2020;18:10;3;77;77063;1;1;1;1;D216;48,7985018;2,9755355
25373;202000028202;16;1;2020;20:35;1;77;77211;1;1;1;6;RD201;48,5845253;2,9877838
25374;202000028203;16;1;2020;07:25;3;78;78590;1;1;1;1;D202;48,6925540;1,9647550
25375;202000028204;15;1;2020;07:53;2;67;67130;2;3;1;3;1 Rue de Barr;48,4208200;7,6534770
25376;202000028205;16;1;2020;14:35;1;88;88126;1;1;1;7;Rue de la Croix Romont;48,1952860;6,3176370
25377;202000028206;17;1;2020;09:30;1;69;69010;2;1;2;6;en face du 77 rue Gabriel Péri;45,8312630;4,6117480
25378;202000028207;16;1;2020;18:00;5;33;33243;2;1;1;6;RD910 Avenue Georges Pompidou;44,9423300; -0,2314900
25379;202000028208;15;1;2020;19:15;5;14;14762;2;1;8;6;2 Rue de Caen;48,8475650; -0,8837950
25380;202000028209;15;1;2020;17:50;5;22;22067;2;1;1;2;Route de Brest;48,5637160; -3,1674928
25381;202000028210;16;1;2020;21:35;3;60;60139;1;1;1;2;D1001;49,1817160;2,2359631
25382;202000028211;17;1;2020;19:40;3;02;02381;1;1;8;6;D1043;49,9459520;4,0677090
25383;202000028212;17;1;2020;09:30;1;59;59139;2;7;1;6;Place Eugène Fiévet;50,1233630;3,4084950
25384;202000028213;16;1;2020;07:50;5;59;59535;1;1;5;6;Route du Parc;50,7715290;2,7131470
25385;202000028214;16;1;2020;09:03;1;13;13210;1;1;1;4;A50-Sens Marseille vers Aubagne;43,2848252;5,4180540
25386;202000028215;16;1;2020;16:45;1;33;33318;1;1;1;5;ROCADE A630 -E15-;44,7890200; -0,6222800
25387;202000028216;15;1;2020;08:10;2;59;59386;1;1;1;3;ROUTE DEPARTEMENTALE 652;50,6824457;3,0771214
25388;202000028217;16;1;2020;15:30;1;91;91136;1;1;1;2;AUTOROUTE A10;48,7136000;2,2778000
25389;202000028218;16;1;2020;12:45;1;94;94034;1;1;1;2;AUTOROUTE A86;48,7560000;2,3418000
25390;202000028219;16;1;2020;14:00;1;91;91339;1;1;1;6;RN 104;48,6309400;2,2429700
25391;202000028220;16;1;2020;09:25;1;91;91477;1;1;1;3;AUTOROUTE A10;48,7112600;2,2520000
25392;202000028221;16;1;2020;04:45;4;94;94038;1;1;5;2;AUTOROUTE A6B;48,7694100;2,3439000
25393;202000028222;16;1;2020;11:05;1;78;78545;1;1;1;3;RN12;48,7899310;2,0700540
25394;202000028223;16;1;2020;09:00;1;92;92050;1;6;1;3;A14;48,8997085;2,2120797
25395;202000028224;16;1;2020;09:40;1;94;94017;1;1;1;2;A4;48,8267112;2,5225883
25396;202000028227;14;1;2020;17:00;1;69;69383;2;1;1;3;GAMBETTA                            (CO);45,7560100;4,8412100
25397;202000028228;12;1;2020;22:55;3;91;91421;1;1;1;2;NATIONALE 6 (GLACIERE);48,7118700;2,4419500
25398;202000028229;13;1;2020;12:15;1;91;91326;2;1;2;6;GABRIEL PERI (AVENUE);48,6947880;2,3665880
25399;202000028230;9;1;2020;18:35;5;91;91223;2;3;2;6;CIMETIERE (RUE DU);48,4265500;2,1389800
25400;202000028231;13;1;2020;04:15;5;86;86194;1;1;1;1;N147;46,5567250;0,3983810
25401;202000028232;14;1;2020;19:00;5;85;85191;2;1;1;3;Rue du Maréchal Foch;46,6734400; -1,4281400
25402;202000028233;9;1;2020;16:00;1;83;83062;2;3;1;3;GANCE (AVENUE ABEL);43,1159538;5,9851778
25403;202000028234;10;1;2020;18:45;5;83;83090;2;6;8;6;SEYNE (ROUTE DE LA);43,1268000;5,8455600
25404;202000028235;12;1;2020;09:47;1;78;78117;2;1;1;6;LOUIS BLERIOT (RUE);48,7791590;2,1307260
25405;202000028236;13;1;2020;13:45;1;77;77186;1;1;2;2;RD606. de la rochette à l'obélisque;48,4771320;2,6752514
25406;202000028237;14;1;2020;16:55;2;76;76217;2;9;1;3;DUQUESNE (QUAI);49,9251000;1,0804690
25407;202000028238;14;1;2020;11:30;1;76;76414;2;1;1;7;SAINT MARTIN (RUE);49,8995675;1,1505707
25408;202000028239;4;1;2020;11:40;1;74;74012;2;1;1;2;EUROPE (AVENUE DE L');46,1777800;6,2378100
25409;202000028240;13;1;2020;12:34;1;74;74298;2;3;1;5;TANINGES (ROUTE DE );46,1891990;6,2635870
25410;202000028241;11;1;2020;19:50;3;73;73222;1;1;1;6;SAINT SATURNIN (ROUTE DE);45,5971300;5,9385800
25411;202000028242;11;1;2020;19:17;5;72;72181;2;2;1;3;DURAND GEORGES (AV) N° IMP 199 AU N° 311;47,9711900;0,2172400
25412;202000028243;13;1;2020;07:05;3;71;71105;2;1;1;2;Route de Cluny;46,3122009;4,7874141
25413;202000028244;11;1;2020;14:45;1;69;69290;2;1;1;4;SALVADOR ALLENDE                    (R );45,7030841;4,9348814
25414;202000028246;13;1;2020;12:30;1;69;69264;2;3;1;3;LECLERC GENERAL  BD;45,9984000;4,7084000
25415;202000028247;13;1;2020;15:29;1;66;66136;2;1;1;1;ROUDAYRE (AVENUE EMILE);42,7128300;2,8955100
25416;202000028248;14;1;2020;12:25;1;64;64445;2;1;1;3;PAIX;43,3225057; -0,3680742
25417;202000028249;14;1;2020;07:55;2;64;64129;2;1;1;3;SAINT JOHN PERSE;43,3063400; -0,3952700
25418;202000028251;13;1;2020;18:30;3;63;63063;1;1;1;4;RD 2009;45,8261900;3,1123700
25419;202000028252;13;1;2020;13:41;1;63;63063;2;1;1;2;RD 2009;45,8253478;3,1118318
25420;202000028253;13;1;2020;22:08;5;63;63113;2;2;1;3;LAVOISIERS (BD);45,7860000;3,0798900
25421;202000028254;7;1;2020;11:10;1;62;62194;2;1;8;6;PAIX ( BOULEVARD DE LA );50,4955920;2,4821180
25422;202000028255;14;1;2020;16:45;1;59;59599;2;2;1;6;HUGO (RUE VICTOR);50,7141090;3,1570270
25423;202000028257;11;1;2020;23:24;5;56;56121;2;1;1;7;DELESSERT (RUE  BENJAMIN );47,7470100; -3,3674800
25424;202000028258;9;1;2020;07:40;5;55;55545;2;6;2;7;DOUAUMONT ( AVENUE DE );49,1606400;5,3888300
25425;202000028259;13;1;2020;22:15;5;54;54547;2;9;2;3;MIRECOURT (ROUTE DE);48,6650410;6,1900580
25426;202000028260;13;1;2020;20:00;5;54;54395;2;1;1;3;MALZEVILLE (Rue de);48,7036000;6,1822000
25427;202000028261;8;1;2020;13:45;1;54;54382;2;1;2;3;FAISCEAU (RUE DU);49,5418900;5,7955000
25428;202000028263;14;1;2020;07:35;3;51;51055;1;1;1;1;Chemin de Cernay;49,2796849;4,0737715
25429;202000028264;13;1;2020;10:40;1;49;49007;2;1;2;2;BEAUSSIER BOULEVARD;47,4759797; -0,5993339
25430;202000028265;4;1;2020;08:11;2;45;45302;1;1;1;4;D2701 - PR 0+300;47,9487600;1,8630300
25431;202000028266;11;1;2020;18:30;4;45;45232;1;1;2;2;Avenue de Sologne;47,8700280;1,9120110
25432;202000028267;13;1;2020;18:00;5;45;45338;2;1;2;1;Rue de Bel-Air;47,9882400;2,7187890
25433;202000028268;13;1;2020;12:20;1;45;45068;2;1;2;6;RUE JULES MASSENET;48,0073370;2,7091070
25434;202000028269;13;1;2020;08:25;2;44;44184;1;1;2;4;RD 492 DU PONT BD HÔPITAL A ÉCHANGEUR CR;47,2789307; -2,2485633
25435;202000028270;13;1;2020;16:40;1;38;38185;2;2;1;6;RUE RAOUL BLANCHARD;45,1902000;5,7287600
25436;202000028271;12;1;2020;21:10;5;37;37214;2;1;1;7;REPUBLIQUE (AVENUE DE LA);47,4035715;0,6655394
25437;202000028272;12;1;2020;22:45;5;37;37261;2;1;1;6;TANNEURS (RUE DES);47,3961907;0,6831371
25438;202000028273;12;1;2020;21:55;5;37;37261;2;2;2;-1;GRAMMONT (AVENUE DE);47,3861624;0,6905016
25439;202000028274;11;1;2020;14:47;1;37;37261;2;3;1;3;PAGES (ALLEE GASTON);47,4054717;0,7040317
25440;202000028275;11;1;2020;15:57;1;37;37233;2;3;1;3;DUCLOS (AVENUE JACQUES);47,3810972;0,7353432
25441;202000028276;14;1;2020;11:00;1;34;34172;2;3;1;3;JUSTICE DE CASTELNAU (AVENUE DE LA);43,6270000;3,8729700
25442;202000028277;9;1;2020;07:55;5;34;34032;2;1;1;4;WILSON PRESIDENT (AV DU);43,3374300;3,2237700
25443;202000028279;6;7;2020;14:05;1;14;14118;2;2;1;3;BAYEUX (RUE DU 143 IMPAIR . 160 PAIR;49,1833000; -0,3866600
25444;202000028280;7;7;2020;21:30;5;13;13210;2;2;1;3;MIREILLE LAUZE (BOULEVARD);43,2833310;5,4128840
25445;202000028281;7;7;2020;22:30;5;13;13208;2;2;1;1;RAYMOND TEISSERE (RUE);43,2754100;5,3960200
25446;202000028282;7;7;2020;15:05;1;13;13210;2;1;1;6;ROMAIN ROLLAND (BOULEVARD);43,2734064;5,4130894
25447;202000028284;7;7;2020;18:30;1;07;07281;2;1;1;3;ONZE NOVEMBRE (AVENUE DU);44,9461000;4,8468000
25448;202000028286;6;7;2020;11:55;1;06;06030;2;1;7;6;VALBONNE (ROUTE  DE);43,5781700;7,0170100
25449;202000028287;6;7;2020;13:40;1;06;06027;2;1;1;-1;CANNES AVENUE DE (RN7);43,6512000;7,1417000
25450;202000028288;4;7;2020;21:25;1;05;05061;2;1;1;6;GUILLAUME FAREL ( AVENUE );44,5581700;6,0706700
25451;202000028289;7;7;2020;21:00;2;75;75117;2;1;1;3;BOULEVARD PERIPHERIQUE EXTERIEUR OUEST;48,8902450;2,2984650
25452;202000028290;7;7;2020;08:20;1;75;75120;2;1;1;3;BOULEVARD PERIPHERIQUE INTERIEUR NORD  ;48,8500990;2,4151060
25453;202000028291;7;7;2020;07:49;1;75;75120;2;2;1;2;RUE D AVRON;48,8518570;2,4013700
25454;202000028292;6;7;2020;21:20;2;75;75120;2;1;1;-1;RUE PAUL MEURICE;48,8763140;2,4107600
25455;202000028293;7;7;2020;19:50;1;75;75116;2;2;1;2;AVENUE FOCH;48,8712490;2,2761660
25456;202000028294;7;7;2020;18:20;1;75;75116;2;4;1;2;RUE POUSSIN;48,8485680;2,2620850
25457;202000028295;7;7;2020;16:40;1;75;75116;2;2;1;2;AVENUE DE L HIPPODROME;48,8605340;2,2408130
25458;202000028296;7;7;2020;14:30;1;75;75116;2;7;1;3;PLACE VICTOR HUGO;48,8694550;2,2854110
25459;202000028297;7;7;2020;12:20;1;75;75116;2;5;1;5;AVENUE KLEBER;48,8650110;2,2886910
25460;202000028298;7;7;2020;07:50;1;75;75108;2;1;1;3;RUE CAMBACERES;48,8737610;2,3177160
25461;202000028299;6;7;2020;20:40;2;75;75116;2;2;1;3;AVENUE FOCH;48,8735910;2,2927900
25462;202000028300;7;7;2020;19:00;1;75;75115;2;2;1;3;AVENUE DE SEGUR;48,8478940;2,3061660
25463;202000028301;7;7;2020;19:00;1;75;75115;2;7;1;-1;RUE SAINT CHARLES;48,8490650;2,2876720
25464;202000028303;7;7;2020;09:08;1;75;75113;2;1;1;3;QUAI D IVRY;48,8269050;2,3861530
25465;202000028304;7;7;2020;16:30;1;75;75112;2;2;1;3;RUE LOUIS BRAILLE;48,8397160;2,4025130
25466;202000028305;6;7;2020;20:30;2;75;75112;2;1;1;6;RUE DE CHARENTON;48,8396670;2,3887010
25467;202000028306;5;7;2020;11:00;1;75;75112;2;4;1;3;AVENUE DAUMESNIL;48,8358920;2,4056360
25468;202000028307;7;7;2020;17:50;1;75;75108;2;4;1;6;AVENUE DES CHAMPS ELYSEES;48,8719220;2,3008420
25469;202000028308;7;7;2020;01:55;5;75;75109;2;2;1;6;BOULEVARD MONTMARTRE;48,8714860;2,3430540
25470;202000028309;7;7;2020;20:30;1;75;75104;2;3;1;6;BOULEVARD HENRI IV;48,8504340;2,3600860
25471;202000028310;6;7;2020;19:00;1;75;75101;2;1;1;6;VOIE GEORGES POMPIDOU;48,8580750;2,3432840
25472;202000028311;7;7;2020;18:10;1;94;94081;2;1;1;6;ABBE ROGER DERRY (AV DE L);48,7910100;2,3934600
25473;202000028312;7;7;2020;18:25;1;94;94081;2;3;1;3;MOULIN DE SAQUET (AV DU);48,7907870;2,3809670
25474;202000028313;7;7;2020;19:20;1;94;94046;2;1;1;1;GENERAL DE GAULLE (AV DU);48,8069400;2,4259600
25475;202000028314;7;7;2020;20:30;1;94;94034;2;1;1;3;ORMES (R DES);48,7532850;2,3270210
25476;202000028315;7;7;2020;09:10;1;94;94038;2;2;1;1;ALBERT 1ER (R);48,7791800;2,3311100
25477;202000028317;7;7;2020;14:30;1;94;94022;2;9;1;3;ANATOLE FRANCE (AV);48,7601800;2,4119200
25478;202000028318;6;7;2020;19:41;1;94;94019;2;2;1;1;MARECHAL LECLERC (AV DU);48,7965500;2,5305900
25479;202000028319;7;7;2020;09:10;1;94;94052;2;1;1;2;GEORGES CLEMENCEAU (AV);48,8358330;2,4722980
25480;202000028320;7;7;2020;04:30;3;93;93073;1;9;1;1;CHAPIT RE ( RUE DU);49,0035126;2,5367680
25481;202000028321;7;7;2020;12:45;1;93;93070;2;1;1;3;LANDY(RUE):N° 1 AU 43;48,9142392;2,3464948
25482;202000028322;2;7;2020;16:30;1;93;93039;2;1;1;6;R MECHIN;48,9357090;2,3384860
25483;202000028323;7;7;2020;10:37;1;93;93055;2;2;1;3;JULES AUFFRET (51/FIN ET 56/FIN);48,8867795;2,4103861
25484;202000028324;5;7;2020;19:35;1;93;93050;2;1;1;3;ROBERT SCHUMANN (AVENUE);48,8738162;2,5317425
25485;202000028325;7;7;2020;18:05;1;93;93048;2;1;1;6;ARISTIDE BRIAND (BOULEVARD);48,8735466;2,4539818
25486;202000028326;6;7;2020;23:20;5;93;93048;2;1;1;6;BD DE LA BOISSIERE;48,8777390;2,4595431
25487;202000028327;7;7;2020;22:20;5;93;93046;2;3;1;7;LEON LUM AVENUE;48,9095000;2,5302000
25488;202000028328;7;7;2020;19:40;1;93;93031;2;4;1;1;DE LATTRE DE TASSIGNY (1 A 51);48,9572763;2,3099006
25489;202000028329;6;7;2020;23:55;5;93;93031;2;4;3;2;REPUBLIQUE (AVENUE);48,9480200;2,3387800
25490;202000028330;7;7;2020;18:45;1;93;93029;2;2;1;3;JACQUES JOLY;48,9350600;2,4452400