;Num_Acc;jour;mois;an;hrmn;lum;dep;com;agg;int;atm;col;adr;lat;long
25491;202000028331;7;7;2020;21:00;1;93;93027;2;1;1;3;VAILLANT-COUTURIER (AVENUE PAUL);48,9262000;2,4166000
25492;202000028332;7;7;2020;18:10;1;93;93047;2;1;1;2;JEAN JAURES (AVENUE);48,8982386;2,5554654
25493;202000028333;6;7;2020;17:25;1;93;93047;2;3;1;5;AV HORTENSIAS / R DU GENERAL DE GAULLE;48,8986570;2,5535010
25494;202000028334;7;7;2020;03:20;5;93;93057;2;1;1;6;BRIAND ( AV. ARISTIDE) 134 A 212;48,9092100;2,5041400
25495;202000028335;7;7;2020;19:45;1;93;93005;2;1;1;5;JACQUES DUCLOS [CD44] (RUE);48,9468197;2,4925994
25496;202000028336;6;7;2020;17:18;1;93;93001;2;1;1;6;R ANDRE KARMAN ;48,9100566;2,3849371
25497;202000028338;6;7;2020;18:45;1;92;92022;2;1;1;7;SALENGRO (AVENUE ROGER);48,8083793;2,1872985
25498;202000028340;7;7;2020;14:08;1;92;92062;2;1;1;2;REPUBLIQUE (RUE DE LA) N° 100 A 14;48,8869529;2,2460986
25499;202000028341;6;7;2020;18:30;1;92;92050;2;4;1;3;MARTIN HENRI AVENUE;48,8932751;2,1887147
25500;202000028342;6;7;2020;19:50;1;92;92020;2;1;1;3;EXUPERY AVENUE SAINT;48,8086667;2,2983769
25501;202000028343;6;7;2020;17:30;1;92;92075;1;3;1;3;PIERRE BROSSOLETTE (AVENUE);48,8177000;2,3078000
25502;202000028344;7;7;2020;09:20;1;92;92026;2;6;1;3;JEAN MERMOZ (SQUARE ET PLACE);48,9025731;2,2745776
25503;202000028345;7;7;2020;13:00;1;92;92024;2;1;1;-1;CLAUDE DEBUSSY (AVENUE);48,9103073;2,3111610
25504;202000028346;7;7;2020;17:25;1;92;92023;2;1;1;6;PORTE DE TRIVAUX (RUE DE) N°57 A 197 ET;48,7873400;2,2470260
25505;202000028347;7;7;2020;07:57;1;92;92023;2;6;1;3;Avenue Jean-Baptiste Clément;48,7914880;2,2628400
25506;202000028348;30;7;2020;08:15;1;92;92012;2;4;7;-1;QUATRE SEPTEMBRE (QUAI DU);48,8450906;2,2266223
25507;202000028349;7;7;2020;17:45;1;92;92012;2;2;1;3;ANDRE MORIZET (AVENUE) 1/47 - 2/52;48,8350000;2,2413200
25508;202000028350;3;7;2020;15:50;1;92;92004;2;1;1;3;DOCTEUR DERVAUX ( QUAI DU );48,9116900;2,3008900
25509;202000028351;8;6;2020;15:50;1;974;97415;2;1;8;7;3 Rue de la Pépinière; -20,9794724;55,3205556
25510;202000028352;7;7;2020;18:45;1;35;35016;2;1;1;2;1 Rue de Lassy;47,9848850; -1,9295840
25511;202000028353;7;7;2020;10:55;1;51;51224;1;2;1;3;N4;48,6963228;4,6937431
25512;202000028354;8;7;2020;04:20;3;22;22182;1;1;1;6;Departementale 4;48,5686070; -2,9274740
25513;202000028355;7;7;2020;18:45;1;45;45178;2;1;1;2;Avenue du Vingt Quatre Novembre;48,0023420;2,5437100
25514;202000028356;8;7;2020;14:15;1;34;34152;2;4;1;3;Rue du Mas d'Allegre;43,7833490;3,7596200
25515;202000028357;8;7;2020;12:30;1;49;49092;1;1;7;7;l'angelière;47,1365949; -0,7380356
25516;202000028358;2;7;2020;14:35;1;28;28088;2;6;1;6;Place du 18 Octobre;48,0706310;1,3280470
25517;202000028359;7;7;2020;22:05;3;01;01353;1;1;1;7;D936;45,9738850;4,7845700
25518;202000028360;7;7;2020;16:42;1;21;21247;1;1;1;2;A6;47,4849950;4,1632440
25519;202000028361;8;7;2020;17:01;1;57;57024;1;1;1;3;D2;49,1923060;6,2402560
25520;202000028362;7;7;2020;11:30;1;79;79056;1;2;1;3;;47,0460160; -0,2064700
25521;202000028363;8;7;2020;13:20;1;2A;2A271;2;6;1;2;RT 22;41,9635046;8,8135554
25522;202000028364;7;7;2020;18:20;1;2A;2A271;1;1;1;3;RT 22;41,9599450;8,8063790
25523;202000028365;6;7;2020;16:30;1;32;32027;1;6;7;3;D935;43,6957570; -0,2087350
25524;202000028366;8;7;2020;19:15;2;11;11427;1;1;7;6;D626;43,0665130;2,0959530
25525;202000028367;7;7;2020;21:05;2;49;49069;1;1;7;1;La Coptiere (drain);47,3265560; -1,1998700
25526;202000028368;8;7;2020;13:50;1;42;42137;1;1;1;7;Route de Lavieu;45,5254720;4,0545990
25527;202000028369;7;7;2020;00:50;3;86;86082;2;1;1;1;N10;46,3491160;0,1861180
25528;202000028370;7;7;2020;09:25;1;68;68374;2;1;1;6;12 Rue Herzog;48,0864330;7,3148090
25529;202000028371;8;7;2020;10:10;1;39;39013;2;1;7;6;;46,9031090;5,7733960
25530;202000028372;7;7;2020;12:06;1;25;25471;1;9;1;7;D125;47,3015700;6,6500870
25531;202000028373;7;7;2020;18:40;1;44;44140;1;1;1;6;Le Moulin Beduaud;47,2068140; -1,2107650
25532;202000028374;8;7;2020;00:35;3;29;29284;2;1;1;6;23 Rue du Capitaine le Drezen;47,7971560; -4,2686810
25533;202000028375;7;7;2020;14:30;1;31;31232;2;1;1;2;Avenue du Président Kennedy;43,7662090;1,2975030
25534;202000028376;6;7;2020;12:50;1;38;38075;1;1;1;6;Route du Grésivaudan;45,4501810;5,9999730
25535;202000028377;7;7;2020;17:30;1;06;06150;2;3;1;6;Avenue de la Victoire;43,7454020;7,3989830
25536;202000028379;7;7;2020;17:10;1;73;73019;1;1;7;6;D1006;45,4962070;6,3004191
25537;202000028380;8;7;2020;10:40;1;04;04182;2;1;1;7;Rue de l'église;43,9163050;6,0930290
25538;202000028381;7;7;2020;13:52;1;85;85128;2;1;1;-1;96 Av Mal de Lattre de Tassigny;46,4562700; -1,1556800
25539;202000028382;8;7;2020;14:10;1;87;87154;1;9;1;3;Route de Brigueuil;45,9010520;0,8953210
25540;202000028383;7;7;2020;19:30;1;33;33122;1;1;1;3;Route de Saint-jean-d'Illac;44,7256800; -0,7519800
25541;202000028384;7;7;2020;17:15;1;06;06085;1;1;1;1;976 Route de Vallauris;43,5948510;7,0379870
25542;202000028385;5;7;2020;19:30;1;83;83061;1;1;7;5;Autoroute A8 - PK 140+300 Nord;43,5076630;6,7595740
25543;202000028386;7;7;2020;18:00;1;74;74021;1;1;1;2;A40;46,1619250;6,2644650
25544;202000028387;8;7;2020;06:00;3;973;97305;1;1;1;7;RN1 PK 16;4,9372220; -52,4087760
25545;202000028388;7;7;2020;12:30;1;971;97106;1;1;2;1;Route de Duche;16,1011390; -61,7711930
25546;202000028389;5;7;2020;00:30;3;45;45038;2;1;1;6;Route de Puiseaux;48,1780053;2,2798749
25547;202000028390;8;7;2020;09:50;1;2B;2B332;1;3;1;3;T30;42,6466500;9,0979460
25548;202000028391;8;7;2020;09:50;1;48;48119;1;1;1;1;D906;44,4632670;3,9437270
25549;202000028392;6;7;2020;10:40;1;83;83035;1;6;1;2;Le Castelet;43,2526580;5,7752900
25550;202000028393;7;7;2020;21:30;3;06;06075;1;1;1;1;Avenue Felix Faure;43,8296200;7,2556540
25551;202000028394;8;7;2020;08:20;1;04;04241;1;3;1;3;RD 907 ;43,8526840;5,7285710
25552;202000028395;8;7;2020;13:50;1;13;13116;1;2;1;3;Route de Saint Andiol;43,8376380;4,9264450
25553;202000028396;8;7;2020;16:10;1;67;67131;2;1;1;6;2 Rue des Fusilliers Marins;48,4921760;7,7300830
25554;202000028397;7;7;2020;21:30;2;57;57340;1;1;1;4;D174m;49,0918340;6,9834100
25555;202000028398;8;7;2020;16:20;1;38;38449;1;1;1;1;boulevard de villefontaine;45,6388870;5,1237060
25556;202000028399;7;7;2020;19:00;1;69;69255;1;1;1;3;Route du Pont Pinay;45,7279507;4,6746165
25557;202000028400;6;7;2020;19:20;1;09;09132;1;1;1;7;Triboire;43,1745160;1,7100850
25558;202000028401;7;7;2020;20:05;1;33;33015;1;1;1;6;Goudon;44,8762710; -0,2918140
25559;202000028402;8;7;2020;08:25;1;14;14047;2;1;1;3;Route de Caen;49,2738740; -0,6917040
25560;202000028403;8;7;2020;11:30;1;27;27072;1;2;1;3;D313;49,0944120;1,5601550
25561;202000028404;8;7;2020;14:45;1;27;27081;1;1;1;7;nationale 13;49,0126260;1,2862590
25562;202000028405;7;7;2020;23:00;3;60;60612;1;1;1;1;D1330;49,2255295;2,5829029
25563;202000028406;8;7;2020;09:58;1;60;60009;2;1;1;6;Grande rue;49,4144157;2,1356498
25564;202000028407;7;7;2020;19:15;1;13;13106;1;1;1;2;A7-Sens Lyon vers Marseille;43,3961400;5,3514700
25565;202000028408;7;7;2020;09:50;1;13;13070;1;1;1;2;A50-Sens Aubagne vers Marseille;43,2854000;5,5152000
25566;202000028409;7;7;2020;10:35;1;13;13001;1;1;1;3;A51-Sens Aix en Provence vers Marseille;43,4781070;5,4081890
25567;202000028410;7;7;2020;01:37;3;13;13211;1;1;1;2;A50-Sens Marseille vers Aubagne;43,2936673;5,4721450
25568;202000028411;6;7;2020;14:05;1;13;13055;1;1;1;6;A507 sens Marseille - Aubagne;43,3303131;5,3888637
25569;202000028412;7;7;2020;15:00;1;91;91064;1;1;1;5;RN 118;48,7499000;2,2065300
25570;202000028413;7;7;2020;12:45;1;91;91687;1;1;1;2;AUTOROUTE A6;48,6617000;2,3699000
25571;202000028415;7;7;2020;18:45;1;92;92050;1;1;1;3;A86;48,9167332;2,2217173
25572;202000028416;7;7;2020;08:50;1;92;92036;1;1;1;5;A86;48,9344018;2,2803241
25573;202000028417;7;7;2020;07:40;1;78;78362;1;1;7;6;A13;48,9750910;1,7256900
25574;202000028418;6;7;2020;14:40;1;93;93013;1;1;1;4;AUTOROUTE A1;48,9414200;2,4279400
25575;202000028420;6;7;2020;16:45;1;77;77146;1;1;1;4;A4.Y;48,8310728;2,6401357
25576;202000028421;20;4;2020;06:50;1;69;69387;2;3;1;3;GERLAND (DE)                        (R );45,7364000;4,8396000
25577;202000028422;6;7;2020;18:30;1;69;69386;2;2;1;1;VENDOME                             (R );45,7711700;4,8445300
25578;202000028423;6;7;2020;16:50;1;69;69386;2;2;1;3;BELGES (DES)                        (BD);45,7700583;4,8570292
25579;202000028425;6;7;2020;09:45;1;69;69199;2;9;1;3;SAMPAIX                             (IM);45,7143500;4,8513300
25580;202000028426;5;7;2020;12:25;1;972;97213;1;1;1;3;ROUTE NATIONALE 5;14,5956600; -60,9877600
25581;202000028427;6;7;2020;18:45;4;972;97209;2;1;2;2;RD 41 (ROCADE);14,6132600; -61,0704900
25582;202000028429;6;7;2020;06:50;1;95;95680;2;6;1;-1;ERABLES (AVENUE DES);49,0040710;2,3997030
25583;202000028430;1;7;2020;09:45;1;91;91477;1;1;1;6;MARNIERES (rue des);48,7206900;2,2228400
25584;202000028431;3;7;2020;20:00;1;91;91223;2;1;1;7;PAULIN-HIPPOLYTE (RUE RENE);48,4290200;2,1321800
25585;202000028432;3;7;2020;16:56;1;87;87085;2;1;1;3;DUMAS (AVENUE GEORGES);45,8266000;1,2647100
25586;202000028433;25;6;2020;13:30;1;83;83009;2;6;1;3;BONAPARTE (CORNICHE);43,1354800;5,7539000
25587;202000028434;3;7;2020;12:20;1;80;80021;2;1;1;3;ROBERT LE COQ (RUE);49,9006800;2,2695000
25588;202000028435;3;7;2020;17:50;1;80;80489;2;1;1;2;JACQUES DUCLOS (RUE);49,8697500;2,3690600
25589;202000028436;4;7;2020;23:43;5;78;78646;2;2;1;3;PARIS (AVENUE DE);48,8022700;2,1297200
25590;202000028438;5;7;2020;19:05;1;76;76681;2;2;1;2;CORNEILLE. RUE PIERRE;49,4182000;1,0971500
25591;202000028439;6;7;2020;14:30;1;69;69266;2;1;1;6;COLIN     (Rue);45,7749000;4,8740000
25592;202000028440;6;7;2020;14:05;1;69;69256;2;1;1;6;ROGER SALENGRO                      (R );45,7607200;4,9290700
25593;202000028441;6;7;2020;22:30;5;69;69091;2;1;1;2;HONORE PETETIN ( R );45,5930900;4,7729300
25594;202000028443;4;7;2020;13:38;1;67;67482;2;1;1;3;COMTES (ALLEE DES);48,5840971;7,7146228
25595;202000028444;6;7;2020;14:10;1;67;67180;1;1;1;5;RD 27;48,8680246;7,7642717
25596;202000028445;5;7;2020;23:49;5;66;66136;2;1;1;3;CARSALADE-DU-PONT(AVENUE JULES DE);42,6890180;2,8998390
25597;202000028446;3;7;2020;15:05;1;66;66136;2;1;1;3;CUGNOT (JOSEPH);42,6838000;2,8715000
25598;202000028447;5;7;2020;14:50;1;64;64024;2;1;1;2;ADOUR (AVENUE DE L');43,5271000; -1,5197500
25599;202000028448;6;7;2020;08:10;1;62;62848;2;6;1;3;941 (CD);50,5093335;2,6495133
25600;202000028449;5;7;2020;19:50;1;59;59560;2;1;1;1;RESISTANCE RUE DES MARTYRS DE LA;50,5545400;3,0190300
25601;202000028450;4;7;2020;20:00;1;59;59350;2;2;2;6;NATIONALE RUE N°2 - 178B-1 - 171;50,6346000;3,0568900
25602;202000028451;5;7;2020;16:59;1;57;57019;2;1;1;6;TERRASSES DU SOLEIL (CHEMIN DES);49,2544100;6,1342800
25603;202000028452;2;7;2020;16:25;1;56;56121;2;1;1;6;LENINE ( AVENUE );47,7619500; -3,3784000
25604;202000028453;5;7;2020;10:05;1;50;50203;1;1;3;6;R N 13;49,5989900; -1,5960800
25605;202000028454;6;7;2020;17:50;1;45;45234;2;9;1;2;Place Albert Camus;47,8350200;1,9363100
25606;202000028455;2;7;2020;16:08;1;35;35288;2;2;1;3;91 Boulevard Chateaubriand;48,6584880; -1,9948830
25607;202000028457;6;7;2020;17:15;1;35;35238;1;1;1;7;PREVALAYE (CHEMIN DE LA);48,0903778; -1,7386693
25608;202000028458;6;7;2020;16:40;1;35;35238;2;6;1;3;KENNEDY (COURS JOHN-FITZGERALD);48,1213100; -1,7047480
25609;202000028459;6;7;2020;05:55;1;34;34172;2;1;1;3;BLUM (RUE LEON);43,6079900;3,8905800
25610;202000028460;4;7;2020;23:55;5;34;34172;2;2;1;3;PAVELET (AVENUE DU COLONEL);43,5871700;3,8586500
25611;202000028461;3;7;2020;18:35;1;34;34032;2;1;1;1;FOUR A CHAUX (BD DU);43,3466800;3,2095700
25612;202000028462;6;7;2020;18:35;1;33;33281;2;2;1;3;AVE BON AIR / PISTE CYCLABLE LES ONTINES;44,8261300; -0,6496700
25613;202000028463;4;7;2020;15:00;1;31;31555;1;1;1;3;VA008482 A624;43,6114762;1,3810104
25614;202000028464;6;7;2020;15:50;1;31;31483;2;2;1;3;ARRIEU ANSELME (AVENUE);43,1102450;0,7186890
25615;202000028465;30;6;2020;12:15;1;29;29019;2;2;2;6;Rue Robespierre;48,4073600; -4,4897200
25616;202000028466;2;7;2020;14:50;1;22;22215;2;1;1;1;GRANDE VILLEMAIN (RUE DE LA);48,4853674; -2,8188729
25617;202000028467;6;7;2020;15:40;1;17;17300;2;3;1;3;GRANDES VARENNES   AVENUE DES;46,1675700; -1,1776800
25618;202000028468;4;7;2020;14:20;1;16;16089;2;1;1;-1;Route de Dizedon;45,6665870; -0,3382800
25619;202000028469;1;7;2020;18:30;1;14;14220;2;7;1;6;VICTOR-HUGO (RUE);49,3596600;0,0748300
25620;202000028470;6;7;2020;16:10;1;13;13210;2;4;1;3;JEAN MOULIN (BOULEVARD);43,2818600;5,3992000
25621;202000028471;6;7;2020;16:00;1;13;13204;2;1;1;6;MARÉCHAL JUIN (BOULEVARD);43,3094800;5,4028500
25622;202000028472;6;7;2020;14:15;1;13;13202;2;1;1;2;CAMILLE PELLETAN (AVENUE);43,3036791;5,3737253
25623;202000028473;29;6;2020;09:34;1;11;11262;2;1;1;-1;RAZES (RUE DU);43,1758000;3,0022100
25624;202000028474;14;2;2020;02:20;3;77;77122;1;1;3;6;RN104;48,6558227;2,6137977
25625;202000028475;2;1;2020;17:30;5;93;93051;1;1;1;2;A4;48,8354000;2,5581000
25626;202000028476;17;2;2020;15:30;1;75;75120;2;2;1;3;RUE BELGRAND;48,8646830;2,4041520
25627;202000028477;16;2;2020;17:00;1;75;75116;2;3;1;6;BOULEVARD DELESSERT;48,8596100;2,2877140
25628;202000028478;15;2;2020;18:45;5;75;75116;2;3;1;6;AVENUE DE NEW YORK;48,8633430;2,2963280
25629;202000028480;15;2;2020;12:25;1;75;75116;2;1;1;3;BOULEVARD MURAT;48,8471890;2,2584790
25630;202000028481;17;2;2020;19:40;5;75;75114;2;1;1;7;BOULEVARD BRUNE;48,8248230;2,3180230
25631;202000028482;17;2;2020;18:50;5;75;75112;2;1;2;6;RUE DE BERCY;48,8439930;2,3729720
25632;202000028483;17;2;2020;16:30;1;75;75112;2;1;1;3;COURS DE VINCENNES;48,8475540;2,4018890
25633;202000028484;16;2;2020;23:56;5;75;75111;2;2;8;-1;BOULEVARD DES FILLES DU CALVAIRE;48,8624700;2,3669150
25634;202000028485;16;2;2020;23:15;5;75;75111;2;2;2;3;RUE DE CHARONNE;48,8551170;2,3871370
25635;202000028486;17;2;2020;09:20;1;75;75102;2;4;1;3;AVENUE DE L OPERA;48,8686990;2,3331420
25636;202000028487;17;2;2020;09:20;1;94;94052;2;1;1;6;ANQUETIL (R);48,8423958;2,4864883
25637;202000028488;17;2;2020;08:30;1;94;94052;2;9;1;2;JOINVILLE (AV DE);48,8309049;2,4688252
25638;202000028489;16;2;2020;21:17;5;94;94079;2;3;3;6;ROBERT SCHUMAN (R);48,8228331;2,5422482
25639;202000028490;16;2;2020;21:40;5;94;94002;2;2;3;3;CARNOT (BD);48,8009300;2,4223100
25640;202000028492;17;2;2020;10:00;1;93;93066;2;1;1;2;CAQUET (PLACE);48,9370500;2,3595600
25641;202000028493;17;2;2020;18:18;2;93;93053;2;1;2;6;REPUBLIQUE (BLD DE LA) N°;48,8956700;2,4613700
25642;202000028494;17;2;2020;20:20;5;93;93033;2;1;2;6;DU MARECHAL JOFFRE (AVENUE);48,8619860;2,5788440
25643;202000028496;17;2;2020;06:40;5;92;92078;2;9;8;3;LONGUE BERTRANE (RUE);48,9303130;2,3205680
25644;202000028497;17;2;2020;09:30;1;92;92046;2;1;8;-1;DANTON (RUE);48,8217300;2,2991500
25645;202000028498;17;2;2020;19:14;5;92;92049;2;3;2;7;PIERRE BROSSOLETTE AVENUE DE N° IMPAIRS/ MARX DORMOY (AVENUE);48,8120256;2,3007895
25646;202000028499;17;2;2020;09:58;1;92;92048;2;1;1;2;HNRI BROUSSE (PLACE);48,8078000;2,2417000
25647;202000028500;17;2;2020;19:26;5;92;92026;2;9;1;3;ALBERT GLEIZES (AVENUE);48,8928400;2,2453300
25648;202000028501;14;2;2020;19:00;2;92;92025;2;1;1;7;JEAN JACQUES ROUSSEAU (RUE);48,9323160;2,2635270
25649;202000028502;17;2;2020;15:20;1;63;63307;1;1;2;-1;D2089;45,7089060;3,0696060
25650;202000028503;15;2;2020;08:45;1;38;38199;1;1;1;1;D167;45,4815100;4,9175600
25651;202000028504;17;2;2020;20:10;3;06;06161;1;1;1;-1;Route de Grasse;43,6566330;7,1067170
25652;202000028505;17;2;2020;15:10;1;49;49092;2;1;6;6;Rue de Gasnault;47,2134369; -0,7931371
25653;202000028506;17;2;2020;07:00;2;68;68026;1;3;1;3;D4 PK002.000;48,1344240;7,3441480
25654;202000028508;18;2;2020;10:43;1;972;97205;1;1;1;6;route nationale 2;14,6456970; -61,1387120
25655;202000028509;15;2;2020;04:35;3;77;77022;2;9;1;6;2 Rue Antoine Barye;48,4459690;2,6121760
25656;202000028510;17;2;2020;20:25;3;56;56079;1;1;1;1;La Ville Joubard RN24;47,9484740; -2,5209870
25657;202000028511;17;2;2020;15:20;1;67;67434;2;1;1;6;Rue du Maréchal Foch;48,9397726;7,0864197
25658;202000028512;17;2;2020;17:27;1;76;76281;1;2;1;2;D484;49,5201310;0,5748890
25659;202000028514;18;2;2020;06:50;2;25;25190;2;1;2;1;Rue de Beaucourt;47,4979810;6,9127390
25660;202000028515;17;2;2020;16:10;1;35;35023;1;1;2;6;RN 12 Bédée;48,1862750; -1,9829890
25661;202000028516;18;2;2020;14:00;1;29;29040;2;1;1;1;D85 - 45 Route Touristique;48,3527944; -4,7774101
25662;202000028517;17;2;2020;16:55;1;50;50273;2;2;1;3;D903;49,3073290; -1,4226870
25663;202000028518;27;1;2020;18:00;3;09;09283;1;1;1;2;RN20;42,7246640;1,8251040
25664;202000028519;14;2;2020;18:35;5;60;60245;2;1;1;6;13 Rue Albert 1er;49,6500778;1,7308818
25665;202000028520;18;2;2020;08:00;2;17;17093;2;1;1;3;107 Avenue d'Antioche;45,8905910; -1,2198900
25666;202000028521;18;2;2020;02:25;3;87;87011;1;9;1;6;Grange des Selles;46,0966790;1,0341630
25667;202000028522;17;2;2020;16:15;1;87;87105;1;1;3;6;Picq;45,7457550;1,6025450
25668;202000028523;11;2;2020;18:25;3;01;01451;1;9;2;2;A40;46,2339440;5,2802180
25669;202000028524;18;2;2020;09:06;1;06;06152;1;9;1;3;650 Route des Lucioles;43,6177290;7,0514890
25670;202000028525;17;2;2020;17:55;2;06;06152;1;1;1;7;D98;43,6166680;7,0373060
25671;202000028526;17;2;2020;12:15;1;987;98725;2;1;1;1;RT 2 PK 9.5; -17,5067893; -149,4887862
25672;202000028527;17;2;2020;07:00;1;988;98821;1;1;2;7;RT1; -22,0904120;166,3198760
25673;202000028528;18;2;2020;19:40;3;13;13035;1;2;1;3;Avenue de Lattre de Tassigny;43,6798530;5,0674440
25674;202000028529;18;2;2020;06:39;3;13;13110;1;1;1;1;D6;43,4580590;5,6551590
25675;202000028531;18;2;2020;08:00;2;33;33003;2;1;1;6;81 Avenue du Chemin de la Vie;44,9506260; -0,4874000
25676;202000028532;17;2;2020;17:35;2;59;59357;2;3;1;3;Rue de Mons;50,2943790;3,8609590
25677;202000028533;17;2;2020;20:10;5;59;59249;2;1;1;1;Rue de la Commune de Paris;50,0224550;4,0745650
25678;202000028535;17;2;2020;08:45;1;33;33075;1;1;2;3;ROCADE A 630;44,8898700; -0,6109600
25679;202000028536;16;2;2020;03:50;3;78;78090;1;1;1;6;A13;48,9703000;1,9013000
25680;202000028537;15;2;2020;18:00;1;60;60631;1;1;1;2;AUTOROUTE A1;49,1457300;2,5773500
25681;202000028539;16;2;2020;06:18;1;988;98818;2;1;1;7;MARTINET (RUE HENRI); -22,2595900;166,4748800
25682;202000028540;16;2;2020;17:00;1;69;69386;2;1;1;7;BELGES (DES)                        (BD);45,7750000;4,8480000
25683;202000028541;16;2;2020;04:20;4;69;69383;2;1;1;6;AUBIGNY (D')                        (R );45,7613000;4,8647000
25684;202000028542;16;2;2020;19:50;5;972;97213;1;1;2;6;AUTOROUTE A1;14,6180890; -61,0344500
25685;202000028543;16;2;2020;08:50;1;972;97209;2;3;1;3;BALATA (ROUTE DE);14,6351800; -61,0722600
25686;202000028544;16;2;2020;05:50;2;972;97209;2;1;2;2;BISHOP (Avenue Maurice);14,6090600; -61,0558000
25687;202000028545;16;2;2020;18:35;5;69;69389;2;1;1;6;JAYR                                (QU);45,7785900;4,8079800
25688;202000028546;15;2;2020;19:00;2;69;69382;2;1;1;3;DOCTEUR GAILLETON (DU)              (QU);45,7488200;4,8305700
25689;202000028547;15;2;2020;12:50;1;69;69389;2;1;1;6;SIDOINE APPOLINAIRE                 (AV);45,7700000;4,7900000
25690;202000028548;16;2;2020;14:08;1;2B;2B033;2;1;1;6;AV DE LA LIBERATION;42,6859000;9,4452200
25691;202000028549;15;2;2020;16:15;1;91;91421;2;4;1;3;MARECHAL FOCH (AVENUE DU);48,7087100;2,4639500
25692;202000028550;16;2;2020;18:10;5;91;91174;2;1;1;5;14 Juillet (rue du);48,6152020;2,4837370
25693;202000028551;15;2;2020;01:20;5;91;91425;2;2;1;7;ORLEANS (ROUTE D');48,6390200;2,2678600
25694;202000028552;14;2;2020;19:37;5;91;91347;2;1;1;2;DIVISION LECLERC (AVENUE DE LA);48,6573500;2,2749000
25695;202000028553;16;2;2020;21:55;5;78;78586;2;2;2;6;BERTEAUX (MAURICE) N°44 A 152;48,9383320;2,1706490
25696;202000028554;16;2;2020;13:30;1;77;77284;2;9;1;3;APPEL DU 18 JUIN 1940 (AV.DE L');48,9516100;2,9056300
25697;202000028555;16;2;2020;17:45;1;74;74133;2;3;1;2;ZONE (ROUTE DE);46,1799300;6,2141130
25698;202000028556;15;2;2020;18:10;2;69;69271;2;1;1;6;EUROPE (DE L')                          ;45,7380000;4,9394000
25699;202000028557;15;2;2020;19:10;5;68;68066;2;1;1;6;RUE DIENER ( MARCO);48,0824020;7,3311120
25700;202000028558;10;2;2020;19:20;2;59;59636;2;3;1;3;YPRES RUE D;50,6841600;3,0390830
25701;202000028559;13;2;2020;18:28;2;57;57463;2;1;2;6;LAFAYETTE (RUE );49,1083300;6,1735100
25702;202000028560;16;2;2020;02:27;5;45;45286;2;1;2;6;95 Route de Sandillon;47,8815800;1,9326600
25703;202000028561;16;2;2020;20:18;5;42;42071;2;1;1;6;Avenue de la Libération;46,0173600;4,0914800
25704;202000028562;16;2;2020;14:50;1;38;38185;2;2;1;1;Boulevard Gambetta;45,1877800;5,7235200
25705;202000028563;15;2;2020;12:39;1;37;37261;2;6;1;3;POMPIDOU (AVENUE GEORGES);47,3948540;0,7044834
25706;202000028564;16;2;2020;19:05;5;35;35238;2;9;2;6;TOUR D'AUVERGNE (BD DE LA);48,1056800; -1,6844400
25707;202000028565;16;2;2020;06:00;3;33;33162;2;1;1;6;RUE DES GRAVES;44,8807900; -0,6629200
25708;202000028566;7;2;2020;07:50;2;29;29039;1;1;1;2;D783 - Rue de Pennanguer;47,9030103; -3,9141899
25709;202000028567;16;2;2020;20:30;5;13;13214;2;1;1;2;ST JOSEPH A STE MARTHE (chemin);43,3417000;5,3866300
25710;202000028568;16;2;2020;18:00;2;13;13212;2;3;1;3;WILLIAM BOOTH (AVENUE);43,2934028;5,4398047
25711;202000028569;15;2;2020;16:30;1;13;13213;2;1;1;7;LEPRINCE RINGUIET (rue);43,3443100;5,4424400
25712;202000028570;15;2;2020;18:45;5;13;13215;2;1;1;3;SAINT ANTOINE (AVENUE DE);43,3179500;5,3741400
25713;202000028571;15;2;2020;18:10;2;13;13208;2;1;1;3;MONTREDON (AVENUE DE);43,2422510;5,3691760
25714;202000028574;15;2;2020;20:24;5;75;75120;2;1;2;5;AVENUE GAMBETTA;48,8724940;2,4047070
25715;202000028575;16;2;2020;20:20;5;75;75118;2;3;2;-1;BOULEVARD NEY;48,8980110;2,3424400
25716;202000028576;16;2;2020;15:30;1;75;75115;2;1;1;3;RUE DE LA PROCESSION;48,8369680;2,3089960
25717;202000028577;16;2;2020;15:30;1;75;75107;2;2;1;3;RUE SAINT DOMINIQUE;48,8599500;2,3131100
25718;202000028578;16;2;2020;03:20;3;75;75104;2;7;2;6;QUAI DE GESVRES;48,8571640;2,3474450
25719;202000028579;16;2;2020;10:30;1;94;94074;2;1;1;2;JULIEN DURANTON (avenue);48,7592000;2,4512000
25720;202000028580;16;2;2020;14:40;1;93;93073;2;1;6;6;ROISSY (ROUTE DE);48,9818924;2,5557491
25721;202000028583;16;2;2020;06:00;3;01;01290;1;1;1;2;D1084;45,8724120;5,1560850
25722;202000028584;14;2;2020;07:50;1;06;06114;2;3;1;3;1754 Route de l'Abadie;43,7423290;7,2941650
25723;202000028585;16;2;2020;23:10;5;06;06161;2;3;1;3;Route du Bord de Mer;43,6395150;7,1384150
25724;202000028586;17;2;2020;08:15;1;83;83086;2;1;8;5;Route de Frejus;43,4709890;6,5734080
25725;202000028587;17;2;2020;15:05;1;86;86255;1;1;1;1;D148;46,1580010;0,3309310