;Num_Acc;jour;mois;an;hrmn;lum;dep;com;agg;int;atm;col;adr;lat;long
25726;202000028588;16;2;2020;06:34;3;22;22182;1;1;3;7;pr 70.500 RN12;48,5293510; -2,9097871
25727;202000028589;16;2;2020;18:40;3;76;76516;1;1;3;7;A28;49,7166000;1,4154000
25728;202000028590;8;2;2020;14:00;1;69;69260;2;7;1;6;Chemin du Pelet;45,6520364;4,8130471
25729;202000028591;17;2;2020;06:44;3;03;03086;1;1;2;4;;46,4784945;3,8327928
25730;202000028593;16;2;2020;15:20;1;61;61091;1;1;6;6;D335;48,5807630; -0,4730130
25731;202000028594;16;2;2020;16:25;1;47;47128;2;3;1;3;1 Rue d'Ostande;44,1690690;0,6996600
25732;202000028595;12;2;2020;19:00;2;34;34250;2;1;1;6;D908;43,5307030;2,8517350
25733;202000028596;17;2;2020;09:50;1;68;68225;1;1;2;6;Route de Reguisheim;47,8730420;7,4326310
25734;202000028597;16;2;2020;14:30;1;22;22271;1;3;2;3;D24;48,4801440; -3,1325470
25735;202000028598;17;2;2020;07:20;3;35;35009;1;1;1;2;15 Lieu Dit la Morinais;48,5079540; -1,7408100
25736;202000028599;16;2;2020;17:15;1;03;03120;1;1;1;6;;46,6293749;3,7114856
25737;202000028600;17;2;2020;06:00;3;70;70339;1;1;1;3;RD 486;47,7372450;6,5503410
25738;202000028601;16;2;2020;11:45;1;70;70058;1;1;1;7;7 Rue d'Autet;47,5295830;5,6815359
25739;202000028602;16;2;2020;17:15;1;66;66105;1;1;1;1;106 Lieu Dit los Campeils;42,5745580;2,1128940
25740;202000028603;16;2;2020;03:30;5;54;54465;2;1;1;6;12 Avenue du Général Leclerc;48,4655110;6,2909130
25741;202000028604;16;2;2020;00:38;3;06;06150;1;1;1;7;Avenue de Cap d'Ail;43,7287240;7,3929300
25742;202000028605;17;2;2020;15:25;1;50;50618;2;1;1;1;37 Rue de l'Eglise;49,6756510; -1,3677330
25743;202000028606;13;2;2020;21:45;3;17;17349;1;1;8;6;D109;46,2779710; -0,8500670
25744;202000028607;15;2;2020;01:23;3;10;10130;1;1;1;2;Autoroute A26 Calais Troyes;48,6110050;4,1807270
25745;202000028608;17;2;2020;00:00;3;76;76657;1;9;1;6;A131;49,4892600;0,3792860
25746;202000028609;14;2;2020;12:45;1;973;97309;2;1;1;4;Route Departementale 23;4,9052290; -52,2731420
25747;202000028610;16;2;2020;16:30;1;38;38212;1;1;1;6;Route de l'Oisans;45,1029600;5,9197700
25748;202000028611;16;2;2020;15:45;1;13;13011;1;1;1;6;Chemin Departemental N 5 Marseille à Graveson;43,7289176;4,8144954
25749;202000028612;16;2;2020;20:00;3;91;91634;1;1;3;6;A10, PK 010+400, sens Province-Paris;48,6106680;2,1057700
25750;202000028613;16;2;2020;07:00;2;18;18182;1;1;1;6;Route de Charost;47,0212420;2,1021760
25751;202000028614;14;2;2020;15:30;2;77;77168;1;9;8;-1;A104;48,1758840;2,8717610
25752;202000028615;16;2;2020;15:00;1;2B;2B316;1;1;1;6;Palmento;42,6087590;8,9230010
25753;202000028616;14;2;2020;19:35;3;06;06147;1;1;1;7;529 Avenue du Haut-pays;43,7693930;7,2794830
25754;202000028617;17;2;2020;16:00;1;13;13042;2;1;2;1;D396;43,2868360;5,6246780
25755;202000028618;11;2;2020;13:45;1;71;71481;1;3;2;3;D906;46,1979387;4,7635891
25756;202000028619;17;2;2020;19:45;3;88;88087;1;1;3;2;D460;48,1829990;6,4105220
25757;202000028621;14;2;2020;12:45;1;69;69019;1;3;1;3;41 Route du Pizay;46,1293890;4,7295450
25758;202000028622;16;2;2020;20:00;3;16;16291;1;1;1;2;Ruelle-sur-Touvre;45,6895092;0,2255769
25759;202000028623;16;2;2020;18:45;3;33;33422;1;1;1;5;Avenue du Cap Ferret;44,7946420; -0,8590150
25760;202000028625;12;2;2020;10:05;1;14;14228;1;1;1;6;D7;49,2821820; -0,3806590
25761;202000028627;15;2;2020;19:35;3;13;13071;1;1;1;2;A55-Sens Marseille vers A55-Martigues;43,3993220;5,2913710
25762;202000028628;14;2;2020;18:05;2;13;13070;1;1;1;2;A50-Sens Aubagne vers Marseille;43,2854000;5,5149000
25763;202000028629;15;2;2020;23:15;5;69;69029;1;9;1;-1;RD  383   ;45,7349063;4,9015546
25764;202000028630;11;2;2020;13:23;1;67;67482;1;1;1;2;Autoroute A.35;48,5534430;7,7322396
25765;202000028631;16;2;2020;10:20;1;94;94038;1;1;1;6;AUTOROUTE A6B;48,7825600;2,3471800
25766;202000028632;15;2;2020;21:25;5;91;91570;1;1;2;6;RN 104;48,6253180;2,3148710
25767;202000028633;16;2;2020;16:25;1;92;92036;1;1;1;-1;A86;48,9348119;2,2674993
25768;202000028634;15;2;2020;21:50;4;92;92025;1;1;2;3;A86;48,9217789;2,2264502
25769;202000028635;15;2;2020;22:30;4;94;94028;1;1;1;3;RN406.Y;48,7849919;2,4400690
25770;202000028636;16;2;2020;21:10;5;69;69387;2;2;1;1;MARCEL MERIEUX                      (R );45,7315300;4,8298800
25771;202000028637;15;2;2020;22:35;3;69;69386;2;1;1;6;VITTON                              (CO);45,7700000;4,8585000
25772;202000028638;15;2;2020;12:00;1;69;69383;2;2;1;3;CHAPONNAY                           (R );45,7584000;4,8486500
25773;202000028639;14;2;2020;19:10;5;972;97209;2;1;1;7;BISHOP (Avenue Maurice);14,6094500; -61,0554300
25774;202000028640;14;2;2020;22:00;5;971;97113;2;1;1;6;SECTION MARE-GAILLARD;16,2135100; -61,4395400
25775;202000028641;11;2;2020;20:00;5;95;95572;2;1;1;2;BETHUNES (AVENUE DES);49,0413600;2,1410200
25776;202000028642;15;2;2020;21:52;5;74;74008;2;1;1;3;GENEVE (RUE DE);46,1919000;6,2210000
25777;202000028643;14;2;2020;12:20;1;71;71153;2;1;8;6;Rue Maréchal Foch;46,8031421;4,4510608
25778;202000028644;16;2;2020;00:25;5;64;64102;2;3;1;1;ALLEES MARINES (AVENUE DES);43,5007000; -1,4919000
25779;202000028645;15;2;2020;02:15;5;64;64102;2;1;1;7;NAVARRE (AVENUE HENRI DE);43,4989800; -1,4471200
25780;202000028646;15;2;2020;00:40;4;64;64140;2;1;1;6;BRAMARIE (RUE RAOUL);43,5201000; -1,4869000
25781;202000028647;14;2;2020;23:45;4;64;64024;2;1;1;5;BIARRITZ (AVENUE DE);43,4801700; -1,5215100
25782;202000028648;15;2;2020;18:00;5;62;62108;2;9;2;3;BOULOGNE;50,4144000;1,5717000
25783;202000028649;15;2;2020;07:30;2;38;38318;1;1;5;1;D75;45,5419600;4,9253600
25784;202000028650;15;2;2020;20:24;5;38;38169;1;1;1;6;Rue de l'Argentière;45,2009412;5,6742521
25785;202000028651;15;2;2020;14:20;1;35;35238;2;1;2;2;LIBERTE (BD DE LA);48,1075400; -1,6804700
25786;202000028652;15;2;2020;01:25;5;35;35238;2;1;1;6;FOUGERES (RUE DE);48,1283200; -1,6488200
25787;202000028653;15;2;2020;20:15;5;34;34172;2;1;1;6;MARIE DE MONTPELLIER;43,6013950;3,8993526
25788;202000028654;15;2;2020;15:30;1;34;34172;2;1;1;5;PALAVAS (AVENUE DE);43,5999560;3,8848260
25789;202000028655;16;2;2020;00:50;4;33;33281;2;1;1;6;N°85 AVE DE SAINT-MEDARD;44,8616090; -0,6436700
25790;202000028656;15;2;2020;14:10;1;33;33281;2;4;1;3;AVE DES EYQUEMS / RUE DE L'INDUSTRIE;44,8271200; -0,6170700
25791;202000028657;15;2;2020;16:55;1;27;27681;2;6;1;1;CLEMENCEAU (PONT);49,0947900;1,4862100
25792;202000028658;15;2;2020;11:35;1;14;14118;2;2;1;-1;NOVEMBRE (RUE DU 11);49,1777700; -0,3575500
25793;202000028660;15;2;2020;14:45;1;13;13204;2;1;1;-1;FLAMMARION (BOULEVARD);43,3062360;5,3939880
25794;202000028661;12;2;2020;19:14;5;13;13209;2;3;1;6;MARÉCHAL DE LATTRE (AVENUE);43,5000000;5,4000000
25795;202000028662;5;9;2020;16:50;1;56;56069;2;1;1;6;1 Rue du Général de Gaulle;47,6393800; -3,4545620
25796;202000028663;5;9;2020;19:00;1;27;27448;1;1;1;4;N13;49,0113730;1,3323500
25797;202000028664;7;9;2020;15:15;1;27;27568;1;1;1;1;départementale 830;48,9447610;0,8766640
25798;202000028665;6;9;2020;22:00;3;76;76223;1;1;1;6;D89;49,6177310;0,8310000
25799;202000028666;7;9;2020;13:40;1;76;76660;1;1;1;2;Route des Alizes;49,4785109;0,3081141
25800;202000028667;5;9;2020;21:00;5;60;60644;2;1;1;6;Rue Nationale;49,2820140;1,8273140
25801;202000028669;5;9;2020;17:45;1;13;13056;1;1;1;6;A55-Sens Marseille vers Martigues;43,3983075;5,0468559
25802;202000028670;4;9;2020;17:30;1;13;13210;1;1;1;4;A50-Sens Marseille vers Aubagne;43,3305000;5,3887000
25803;202000028671;6;9;2020;10:04;1;69;69152;1;1;1;7;M7   4.270 A 5.756;45,7115031;4,8250363
25804;202000028672;5;9;2020;04:40;3;57;57463;1;1;1;2;RN 431;49,1193000;6,1757100
25805;202000028673;4;9;2020;13:55;1;67;67152;1;1;1;3;Route Nationale 83;48,5213960;7,6973210
25806;202000028674;6;9;2020;19:35;1;92;92036;1;1;1;4;A86;48,9364850;2,2908425
25807;202000028675;6;9;2020;15:25;1;92;92036;1;1;1;4;A86;48,9359520;2,2870561
25808;202000028677;6;9;2020;19:30;1;93;93078;1;1;1;2;AUTOROUTE A104;48,9697900;2,5035300
25809;202000028679;5;9;2020;11:45;1;92;92036;1;1;1;2;AUTOROUTE A15;48,9428904;2,2886298
25810;202000028680;6;9;2020;19:45;1;94;94052;1;1;1;2;A86 INT;48,8343000;2,4931000
25811;202000028681;6;9;2020;16:00;1;75;75112;1;1;1;5;A4;48,8233800;2,4628370
25812;202000028683;4;9;2020;13:19;1;988;98818;2;3;1;6;AVENUE FOCH/RUE ANATOLE FRANCE; -22,2715000;166,4424800
25813;202000028684;31;8;2020;07:14;1;988;98818;2;6;1;3;ROUTE EXPRESS DU MONT-DORE/RUE JEAN TRANAPE; -22,2463900;166,4715300
25814;202000028685;5;9;2020;15:40;1;974;97416;2;1;2;1;PRESIDENT MITTERAND(AVENUE); -21,3060600;55,4884200
25815;202000028686;5;9;2020;02:00;5;974;97411;2;1;1;6;Avenue Richard Wagner; -20,8969260;55,4812850
25816;202000028687;4;9;2020;19:10;5;974;97411;2;2;2;3;JAURES (BOULEVARD JEAN); -20,8906475;55,4549785
25817;202000028688;4;9;2020;17:48;1;973;97302;1;6;1;3;MARINGOUINS (ROND-POINT);4,9077409; -52,3225057
25818;202000028689;5;9;2020;02:10;3;973;97302;1;6;1;6;Voie Expresse;4,9071200; -52,3219900
25819;202000028690;5;9;2020;15:00;1;69;69386;2;2;1;3;CUVIER                              (R );45,7665800;4,8424200
25820;202000028691;5;9;2020;03:05;5;69;69382;2;2;1;3;JULES COURMONT                      (QU);45,7601542;4,8379188
25821;202000028692;4;9;2020;10:25;1;2B;2B033;2;3;1;3;PLACE D'ARMES;42,6929500;9,4500800
25822;202000028693;5;9;2020;19:40;2;91;91286;1;1;8;6;TUILERIES (AVENUE DES);48,6492300;2,3928800
25823;202000028694;4;9;2020;16:00;1;83;83069;1;1;1;6;NICE (ROUTE DE);43,1301900;6,1683100
25824;202000028696;5;9;2020;08:30;1;77;77083;2;1;1;7;EDOUARD BRANLY (ALLEE);48,8515898;2,5824586
25825;202000028697;4;9;2020;17:08;1;76;76329;2;9;1;3;ABBAYE (RUE DE L');49,5498400;0,4919000
25826;202000028699;5;9;2020;17:00;1;69;69266;2;9;1;6;ALBERT EINSTEIN    (Avenue);45,7843400;4,8866400
25827;202000028700;5;9;2020;23:05;4;68;68224;2;3;1;6;KENNEDY (AVENUE DU PRESIDENT);47,7498100;7,3358900
25828;202000028701;5;9;2020;17:30;1;64;64445;2;4;1;6;ALSACE LORRAINE D';43,3016400; -0,3577500
25829;202000028702;4;9;2020;19:40;1;64;64024;2;1;1;2;VAGUES (AVENUE DES);43,4991500; -1,5418600
25830;202000028703;4;9;2020;22:15;5;62;62108;2;2;1;3;IMPERATRICE;50,4047480;1,5618330
25831;202000028704;4;9;2020;23:05;5;61;61006;2;1;1;5;SEES (ROUTE DE);48,7180800; -0,0085100
25832;202000028705;26;8;2020;15:15;1;60;60175;2;1;1;6;GENERAL DE GAULLE (PLACE DU);49,2629700;2,4692000
25833;202000028706;4;9;2020;23:42;5;59;59350;2;2;1;2;ARRAS RUE D;50,6194900;3,0647400
25834;202000028707;4;9;2020;14:20;1;59;59183;2;6;1;3;RD 601;51,0228000;2,3182000
25835;202000028708;5;9;2020;20:20;2;54;54357;2;6;1;3;LECLERC (RUE DU GENERAL);48,7086277;6,1656623
25836;202000028709;5;9;2020;17:38;1;54;54357;2;3;1;3;SCARPONE (BD DE);48,7057833;6,1623719
25837;202000028710;5;9;2020;15:32;1;54;54547;2;1;1;1;NATIONS (RUE DES);48,6636400;6,1733100
25838;202000028711;5;9;2020;14:57;1;51;51454;2;6;1;3;Rue Francis Garnier;49,2881068;4,0245083
25839;202000028712;5;9;2020;13:20;1;50;50218;2;1;1;1;MATIGNON (AV DES);48,8381000; -1,5836000
25840;202000028713;5;9;2020;16:10;1;45;45234;2;9;1;4;47 Boulevard Marie Stuart;47,9115170;1,9251290
25841;202000028714;5;9;2020;12:45;1;45;45234;2;9;8;2;Rue du Faubourg Saint Jean;47,9070650;1,8883180
25842;202000028715;3;9;2020;20:50;2;39;39198;2;1;1;6;176 Rue Léon Guignard;47,1079510;5,4770390
25843;202000028716;2;9;2020;11:10;1;39;39198;2;1;1;6;47 Avenue du General Eisenhower;47,0967900;5,5013800
25844;202000028717;27;8;2020;10:45;1;39;39198;2;1;1;6;14 Rue Maurice Pagnon;47,0860100;5,4857000
25845;202000028718;5;9;2020;09:10;1;37;37261;2;6;1;3;SAINT-SAUVEUR (ROND POINT);47,3738660;0,6785202
25846;202000028719;4;9;2020;17:30;1;34;34172;2;1;1;7;TURCHINI (AVENUE DU DOYEN);43,6377180;3,8472450
25847;202000028720;5;9;2020;13:40;1;33;33281;2;2;1;3;AVE DE LA SOMME / AVE HENRI VIGNEAU / AVE DE L'ALOUETTE;44,8288800; -0,6644700
25848;202000028721;4;9;2020;19:47;4;33;33069;2;3;1;3;AVE DE TIVOLI / RUE MONTESQUIEU;44,8693100; -0,5973300
25849;202000028722;5;9;2020;10:05;1;33;33281;2;3;1;3;AVE MONTESQUIEU / RUE DE L'EMAILLERIE;44,8463753; -0,6350635
25850;202000028723;5;9;2020;10:15;1;33;33063;2;7;1;3;PCE RAVEZIES / BD GODARD;44,8657400; -0,5763400
25851;202000028724;5;9;2020;15:00;1;33;33009;2;1;1;6;DELATTRE DE TASSIGNY (RUE MAL);44,6607600; -1,1726300
25852;202000028725;5;9;2020;05:41;3;29;29019;2;1;1;6;Rue de l'Anse Saupin;48,3956024; -4,5102818
25853;202000028726;2;9;2020;11:30;1;22;22113;2;1;1;3;DE LA FAYETTE (BOULEVARD);48,7407200; -3,4452300
25854;202000028727;5;9;2020;16:05;1;17;17300;2;1;1;3;CORDELIERS  AVENUE DES;46,1665400; -1,1411500
25855;202000028728;5;9;2020;11:30;1;14;14254;1;1;1;2;Route Nationale 814;49,1514500; -0,4166500
25856;202000028729;5;9;2020;20:45;5;13;13208;2;1;1;6;HENRI FRENAY (ROND-POINT);43,2900000;5,3600000
25857;202000028730;5;9;2020;21:25;5;13;13206;2;2;1;7;GOUFFE (COURS);43,2863800;5,3857100
25858;202000028731;5;9;2020;14:30;1;13;13215;2;3;1;3;SAINT ANTOINE (AVENUE DE);43,3764000;5,3561000
25859;202000028732;5;9;2020;12:50;1;13;13205;2;3;1;3;JEAN MOULIN (BOULEVARD);43,2853650;5,3988150
25860;202000028733;5;9;2020;10:00;1;13;13208;2;1;1;6;PARADIS (RUE);43,2743130;5,3848280
25861;202000028734;4;9;2020;18:20;1;13;13047;2;1;1;6;CRAU AVENUE DE LA;43,5961600;4,9374000
25862;202000028735;5;9;2020;07:55;2;11;11069;1;1;1;7;RD 6113;43,2334300;2,3688400
25863;202000028736;1;9;2020;23:35;5;07;07019;2;9;1;6;LAZUEL ( ROUTE DE );44,6269100;4,3787000
25864;202000028738;5;9;2020;10:20;1;06;06027;2;1;1;7;CHENES AVENUE DES;43,6618000;7,1675500
25865;202000028739;5;9;2020;07:50;1;75;75113;2;1;2;6;BOULEVARD VINCENT AURIOL;48,8309670;2,3569190
25866;202000028740;4;9;2020;23:40;5;75;75105;2;3;1;3;BOULEVARD DE L HOPITAL;48,8432010;2,3641020
25867;202000028741;5;9;2020;00:30;5;75;75120;2;1;1;3;RUE DE MENILMONTANT;48,8678310;2,3862350
25868;202000028742;5;9;2020;17:10;1;75;75120;2;1;1;2;BOULEVARD PERIPHERIQUE;48,8534840;2,4143080
25869;202000028744;5;9;2020;00:50;5;75;75116;2;1;1;3;AVENUE VICTOR HUGO;48,8649190;2,2741410
25870;202000028745;5;9;2020;10:35;1;75;75112;2;3;1;7;AVENUE DAUMESNIL;48,8473440;2,3753230
25871;202000028746;5;9;2020;10:45;1;75;75110;2;1;1;3;RUE DU BUISSON SAINT LOUIS;48,8726200;2,3740030
25872;202000028747;5;9;2020;19:45;2;94;94052;2;1;1;2;Boulevard de Strasbourg;48,8451070;2,4889531
25873;202000028749;5;9;2020;11:20;1;94;94033;2;1;1;3;ERNEST RENAN (AV);48,8560000;2,4650000
25874;202000028750;5;9;2020;19:00;1;94;94001;2;3;1;3;LONGJUMEAU (RTE DE);48,7210090;2,4172370
25875;202000028751;5;9;2020;17:00;1;94;94022;2;2;1;3;DOCTEUR CHARCOT (AV);48,7700260;2,4181020
25876;202000028752;5;9;2020;17:00;1;94;94018;2;1;1;7;GUERIN (R);48,8239160;2,4157250
25877;202000028753;5;9;2020;03:58;5;93;93055;2;1;1;7;JEAN JAURES (AVENUE) (2/74);48,9017700;2,3901300
25878;202000028754;5;9;2020;19:25;1;93;93050;2;1;1;6;HUIT MAI 1945;48,8655600;2,5344900
25879;202000028755;5;9;2020;15:40;1;93;93031;2;3;1;6;SAINT LEU (ROUTE DE) 1 à 157;48,9508816;2,3398324
25880;202000028756;5;9;2020;14:55;1;93;93007;2;1;1;5;VICTOIRE (RUE DE LA);48,9385026;2,4427633
25881;202000028757;5;9;2020;18:00;1;92;92049;2;3;1;3;BROSSOLETTE AVENUE PIERRE;48,8128230;2,3015910
25882;202000028758;5;9;2020;20:20;5;92;92012;2;2;1;3;THIERS (RUE) 67/FIN - 84/FIN;48,8344800;2,2502400
25883;202000028759;5;9;2020;12:50;1;50;50117;1;1;1;1;Avenue de la Libération;48,7339600; -1,5307210
25884;202000028760;5;9;2020;18:09;1;12;12300;1;1;1;6;D922;44,3276170;2,0232980
25885;202000028761;5;9;2020;11:45;1;33;33334;2;1;1;3;74 Route des Graves;44,6877500; -0,4169400
25886;202000028762;6;9;2020;12:50;1;18;18241;1;2;1;3;D920;47,3309650;2,8448640
25887;202000028763;6;9;2020;11:37;1;81;81209;1;1;1;7;rd 54 - pr 020+500;43,5175050;2,4254360
25888;202000028764;6;9;2020;19:20;3;974;97412;2;1;1;6;Rue Charles Baudelaire; -21,3805110;55,6504190
25889;202000028765;5;9;2020;21:05;3;974;97405;1;1;3;5;Rue Augustin Mézino; -21,3641610;55,5404270
25890;202000028766;6;9;2020;05:30;2;972;97222;1;1;1;7;D3;14,6878110; -60,9762450
25891;202000028767;5;9;2020;18:10;1;86;86006;2;1;1;6;D951;46,5606460;0,8597120
25892;202000028768;6;9;2020;09:15;1;83;83048;1;1;1;6;Mas de Gigaro;43,1891690;6,6061900
25893;202000028769;6;9;2020;07:40;1;83;83019;1;1;1;6;Route du Dom;43,1720749;6,3319097
25894;202000028772;6;9;2020;15:00;1;57;57498;1;1;1;7;D17;49,3179470;6,0308930
25895;202000028773;6;9;2020;07:05;1;91;91617;1;1;1;6;Croix de villeroy;48,6417340;2,5213080
25896;202000028774;3;9;2020;12:20;1;56;56003;2;3;1;3;Route de la Lande du Bourg;47,6344240; -2,8231835
25897;202000028775;6;9;2020;02:35;5;74;74288;2;1;1;7;321 Route de Bellegarde;46,1063530;5,9644930
25898;202000028777;6;9;2020;17:10;1;69;69006;2;1;1;1;19 Route de Cublize;45,9835460;4,3406590
25899;202000028779;5;9;2020;16:30;1;34;34119;2;1;1;6;1 Avenue de l'Espinouse;43,5934910;3,1141120
25900;202000028780;6;9;2020;11:00;1;68;68354;1;1;1;6;D10;48,0687310;7,2323510
25901;202000028781;4;9;2020;22:45;3;44;44063;2;7;1;6;Le Gatz;47,0712260; -1,2422590
25902;202000028782;4;9;2020;19:00;1;44;44217;2;2;1;6;RUE ANNE DE BRETAGNE;47,3336680; -1,6966150
25903;202000028783;6;9;2020;09:58;1;38;38457;1;1;1;7;Route de Roybon;45,3118090;5,2652410
25904;202000028784;6;9;2020;17:45;1;38;38128;1;1;1;6;Corps;44,8305220;5,9669120
25905;202000028785;6;9;2020;11:15;1;02;02541;2;1;1;3;6 Rue de Menneville;49,4324360;4,0304250
25906;202000028786;6;9;2020;12:50;1;03;03118;2;2;1;3;;46,0822222;3,1980888
25907;202000028788;6;9;2020;14:25;1;26;26166;1;3;1;3;35 Boulevard Frédéric Mistral;44,7336110;4,8094960
25908;202000028789;6;9;2020;17:30;1;72;72158;1;1;1;6;Lieu dit les aires;48,0588150;0,6381400
25909;202000028790;17;8;2020;06:50;1;83;83125;1;1;1;1;RD 560;43,5015790;5,9066330
25910;202000028791;6;9;2020;12:40;1;60;60560;1;2;1;3;D1324;49,2233160;2,7396770
25911;202000028792;5;9;2020;17:45;1;73;73230;1;1;1;1;D927;45,2616286;6,1958407
25912;202000028793;6;9;2020;11:05;1;18;18001;1;1;1;2;Halte d'Achères les Poteri;47,2908880;2,4511960
25913;202000028794;6;9;2020;20:30;2;16;16148;1;1;1;6;;45,8010120;0,0477650
25914;202000028795;6;9;2020;13:53;1;16;16046;1;9;1;1;Lieu dit Le Pineau;45,4863800;0,0341390
25915;202000028796;5;9;2020;19:00;1;21;21338;1;1;1;7;D6;47,5308388;4,8298497
25916;202000028797;5;9;2020;10:30;1;24;24007;1;2;1;1;route de la chapelle;45,2802920;0,3007080
25917;202000028798;5;9;2020;21:45;3;17;17279;1;1;1;6;D137;45,4354120; -0,5659680
25918;202000028800;6;9;2020;18:20;1;87;87150;1;3;1;3;Grande Rue de la Grenerie;45,6202990;1,1364580
25919;202000028802;5;8;2020;15:15;1;48;48146;1;1;1;7;D986;44,3547340;3,4066410
25920;202000028803;6;9;2020;10:00;1;08;08142;2;9;7;6;1 Rue du Général de Gaulle;49,6947350;4,8746690
25921;202000028805;6;9;2020;06:30;2;02;02290;1;1;1;2;A4;49,0548120;3,3203550
25922;202000028806;5;9;2020;09:20;1;11;11262;1;1;1;6;A 9;43,1639330;2,9961350
25923;202000028807;6;9;2020;15:00;1;38;38530;1;1;1;7;A43;45,6215960;5,1824100
25924;202000028808;5;9;2020;13:50;1;13;13051;1;1;1;2;A7 sens N/S PK 240+000;43,5946280;5,1712560
25925;202000028809;5;9;2020;19:00;3;971;97115;1;3;1;2;Route Nationale 2;16,2675690; -61,6495980
25926;202000028811;5;9;2020;13:00;1;25;25047;1;1;1;6;D19E;47,3423430;6,3806910
25927;202000028812;6;9;2020;18:30;1;57;57058;2;1;1;1;17 Rue de la Liberté;49,1719340;6,9292930
25928;202000028814;5;8;2020;21:53;2;17;17460;1;1;1;2;N150;45,7025290; -0,7245930
25929;202000028815;5;9;2020;06:20;3;33;33056;1;1;1;5;Avenue de Labarde (Pont);44,9333460; -0,5612850
25930;202000028816;5;9;2020;18:35;1;27;27123;1;9;1;2;N13;49,0121290;1,3086350
25931;202000028817;5;9;2020;16:47;1;13;13210;1;1;1;2;S10CD-Sens Aubagne vers Marseille;43,2837975;5,3831050
25932;202000028818;4;9;2020;08:17;1;13;13055;1;1;2;4;A507 sens Marseille - Aubagne;43,2979095;5,4249914
25933;202000028819;4;9;2020;19:20;1;69;69115;1;1;1;4;A6   427.300 A 428.640;45,9694900;4,7285400
25934;202000028820;4;9;2020;11:37;1;67;67482;1;1;1;4;Autoroute A.35;48,5759385;7,7280886
25935;202000028821;5;9;2020;17:00;1;33;33162;1;1;1;2;ROCADE A 630;44,8733800; -0,6383800
25936;202000028822;5;9;2020;15:45;1;93;93013;1;1;1;4;AUTOROUTE A1;48,9402400;2,4227700
25937;202000028823;5;9;2020;08:40;1;95;95394;1;1;8;6;A115;49,0516000;2,1823100
25938;202000028825;5;9;2020;01:00;3;93;93007;1;1;1;3;AUTOROUTE A1;48,9554400;2,4585800
25939;202000028826;4;9;2020;19:00;1;93;93064;1;1;1;4;AUTOROUTE A86;48,8792500;2,4760400
25940;202000028827;5;9;2020;13:30;1;94;94069;1;1;1;3;A4;48,8173704;2,4286140
25941;202000028828;4;9;2020;13:45;1;94;94017;1;1;1;5;A4;48,8274000;2,5250000
25942;202000028829;25;2;2020;09:05;1;75;75112;2;2;1;3;COURS DE VINCENNES;48,8480050;2,3991190
25943;202000028830;25;2;2020;12:31;1;75;75108;2;7;1;3;PLACE DE LA CONCORDE;48,8658670;2,3198960
25944;202000028832;31;8;2020;16:05;1;976;97611;2;4;1;1;les hauts vallons-Credit Agricole ( ront; -12,7566088;45,2293023
25945;202000028833;4;9;2020;06:20;5;974;97416;2;1;2;3;DU LYCEE(RUE); -21,3434300;55,4931200
25946;202000028834;4;9;2020;15:40;1;974;97411;2;9;1;6;PITON (CHEMIN DU); -20,9176100;55,4757000
25947;202000028835;4;9;2020;08:05;1;974;97411;2;3;1;5;DOMENJOD (ROUTE DE); -20,9114000;55,5053000
25948;202000028837;2;9;2020;14:28;1;974;97411;2;2;1;6;COMPAGNIE (DE LA); -20,8781400;55,4497300
25949;202000028838;4;9;2020;18:15;2;974;97407;2;1;1;3;MAHY FRANCOIS (RUE); -20,9377300;55,2910100
25950;202000028839;4;9;2020;07:30;1;973;97302;2;2;1;3;MONTABO (ROUTE DE) 1;4,9350841; -52,2933018
25951;202000028841;3;9;2020;09:05;1;69;69384;2;1;1;4;BIRMINGHAM (DE)                     (AV);45,7747000;4,8119300
25952;202000028842;4;9;2020;16:45;1;2B;2B120;2;1;1;2;VILLAGE (Route du) D364;42,6551000;9,4369100
25953;202000028843;4;9;2020;06:45;1;971;97113;1;1;1;3;RN4 - SECTION RIVIERA;16,2169000; -61,4825000
25954;202000028845;4;9;2020;17:30;1;91;91477;2;1;1;-1;HUIT MAI 1945 (AVENUE DU);48,7078900;2,2405700
25955;202000028846;4;9;2020;14:00;1;91;91223;2;1;1;7;SAINT MICHEL (BOULEVARD);48,4465240;2,1708050
25956;202000028847;3;9;2020;08:50;1;91;91223;1;1;1;7;R.N.20;48,4089100;2,1257700
25957;202000028848;4;9;2020;12:22;1;87;87085;2;2;1;3;TOULOUSE LAUTREC (RUE);45,8512800;1,1665500
25958;202000028850;3;9;2020;08:27;1;87;87085;2;1;1;2;BUXEROLLES (RUE DE);45,8686600;1,2603000
25959;202000028851;3;9;2020;16:40;1;86;86041;2;3;1;6;La Dinière;46,5942900;0,3807500
25960;202000028852;3;9;2020;08:30;1;83;83126;1;1;1;-1;AV DE LA 1ERE ARMEE FRANCAISE;43,1124693;5,8834259
25961;202000028854;2;9;2020;11:40;1;80;80021;2;1;1;3;QUATORZE JUILLET 1789 (AVENUE DU);49,8760739;2,2822180
25962;202000028855;7;4;2020;17:15;1;972;97206;1;1;1;7;Taupiniere;14,4804030; -60,9923490