;Num_Acc;jour;mois;an;hrmn;lum;dep;com;agg;int;atm;col;adr;lat;long
25963;202000028856;7;4;2020;20:15;2;76;76331;2;1;1;6;Route de l'Etablissement;49,6154890;1,1051990
25964;202000028857;6;4;2020;21:50;3;28;28232;1;1;1;6;La Controlerie;48,5341680;0,9329960
25965;202000028858;7;4;2020;18:10;1;74;74264;2;3;1;6;Rue de la Croix;46,0573290;6,5519670
25966;202000028859;8;4;2020;13:10;1;27;27188;1;1;1;2;A13;49,2958820;1,1215930
25967;202000028860;8;3;2020;12:00;1;2B;2B148;1;3;1;3;Strada Di U Pinu;42,5573950;9,5220990
25968;202000028861;7;4;2020;22:10;5;14;14530;2;1;1;6;4 Rue de la Vallée;49,2323340; -0,2619790
25969;202000028862;7;4;2020;15:20;1;94;94073;1;1;1;3;A86 EXT;48,7567507;2,3838486
25970;202000028863;2;1;2020;18:40;5;49;49007;2;1;1;3;GRESILLE AVENUE;47,4595588; -0,5986476
25971;202000028864;2;1;2020;09:05;1;49;49007;2;1;1;-1;BEL AIR;47,4672200; -0,5637800
25972;202000028865;1;1;2020;22:50;5;49;49007;2;1;2;7;MONTAIGNE AVENUE;47,4686200; -0,5312000
25973;202000028866;3;1;2020;18:15;3;35;35051;1;1;2;3;RN157 Cesson-Sévigné;48,1149000; -1,5624000
25974;202000028867;1;1;2020;03:30;5;13;13209;2;1;1;3;SCHLOESING (BOULEVARD);43,2732260;5,4007000
25975;202000028868;27;1;2020;18:40;5;86;86194;2;2;1;3;Rue de la Devinière;46,5670135;0,3763314
25976;202000028869;11;1;2020;20:30;5;30;30011;2;1;1;6;PLACE ROGER ISNARD;43,9586000;4,7680000
25977;202000028870;20;1;2020;16:30;2;78;78440;2;1;1;6;JEAN JAURES  (RUE);48,9904270;1,9086420
25978;202000028871;17;1;2020;18:30;5;64;64284;2;6;2;6;GASTON PHOEBUS;43,2863900; -0,3895800
25979;202000028872;11;1;2020;14:30;5;64;64445;2;1;1;6;GEORGES CLEMENCEAU;43,2954500; -0,3680700
25980;202000028873;17;1;2020;15:35;1;59;59350;2;1;1;6;CHANZY RUE;50,6256779;3,1037879
25981;202000028874;31;1;2020;13:35;1;51;51454;2;1;1;7;Avenue Jean Jaurès;49,2595882;4,0453207
25982;202000028875;6;4;2020;17:20;1;91;91589;2;1;1;6;RENOIR (RUE JEAN);48,6723000;2,3400000
25983;202000028876;1;4;2020;12:12;1;91;91114;2;1;1;2;ROUTE NATIONALE 6;48,6783640;2,4963070
25984;202000028877;5;4;2020;12:31;1;87;87085;1;1;1;2;SCHUMAN (BOULEVARD ROBERT);45,8639700;1,2748100
25985;202000028879;6;4;2020;04:17;5;76;76681;2;1;1;7;GUESDE. RUE JULES;49,3975800;1,0831900
25986;202000028880;6;4;2020;22:00;5;64;64445;2;1;1;6;JEAN JACQUES DE MONAIX;43,3034000; -0,3570100
25987;202000028881;12;3;2020;08:45;1;62;62427;2;1;1;6;DEMARQUETTE (R NAPOLEON);50,4198260;2,9452050
25988;202000028882;6;4;2020;07:00;2;45;45274;1;1;1;7;D951-PR84+700;47,8592000;1,9852000
25989;202000028883;5;4;2020;01:03;5;31;31555;2;1;1;6;AV DE LA GLOIRE;43,6069800;1,4725522
25990;202000028884;4;4;2020;21:49;5;31;31557;2;1;1;6;TARBES (ROUTE DE);43,5772907;1,3259426
25991;202000028885;6;4;2020;16:15;1;29;29232;1;1;1;6;Avenue du Morbihan;47,9793900; -4,0710400
25992;202000028886;6;4;2020;13:15;1;13;13028;2;6;1;3;Rond Point DULAC/ROVARCH;43,1922400;5,6090000
25993;202000028887;6;4;2020;13:10;1;94;94022;2;1;2;3;GAMBETTA (AV);48,7635850;2,4027750
25994;202000028888;2;4;2020;03:35;5;93;93007;2;1;1;6;PETRODVORETZ (RUE);48,9490100;2,4536700
25995;202000028889;4;4;2020;18:15;1;93;93005;2;2;7;6;SEVRAN (CD44) (RUE DE);48,9402381;2,5021954
25996;202000028890;4;4;2020;12:30;1;92;92035;2;2;1;3;Général de Gaulle  ( avenue du );48,9111900;2,2546590
25997;202000028891;7;4;2020;04:30;3;51;51072;1;1;1;7;D980;49,2050071;3,8959435
25998;202000028892;6;4;2020;10:40;1;25;25426;2;1;1;2;Rue des Pessottes;47,3540160;6,7607220
25999;202000028893;6;4;2020;13:30;1;44;44116;2;1;1;1;rue des remparts;47,2841620; -2,0357400
26000;202000028894;6;4;2020;15:45;1;35;35270;2;1;1;6;Lieu dit Villé;48,5649578; -1,5513862
26001;202000028895;28;3;2020;00:35;3;29;29214;1;1;1;6;D143;47,9502920; -4,3539330
26002;202000028896;7;4;2020;08:15;1;06;06105;1;1;1;7;Route de la Colle sur Loup;43,6874100;7,0703190
26003;202000028897;6;4;2020;06:40;3;60;60191;1;1;1;3;D1017;49,5455200;2,7038719
26004;202000028898;6;4;2020;20:30;1;64;64372;1;1;1;6;D7;43,3737590; -0,0841680
26005;202000028899;22;3;2020;15:50;1;10;10262;1;1;1;6;Notre-Dame-des-Vignes (Monument);48,0503090;4,4392920
26006;202000028900;7;4;2020;07:00;1;07;07225;1;1;1;6;Chante-caille;45,2693866;4,6798324
26007;202000028901;6;4;2020;16:35;1;28;28280;1;1;1;6;2 Le Puits Massiot;48,3124670;0,7824920
26008;202000028902;6;4;2020;13:50;1;68;68037;1;1;1;2;A35;47,9585190;7,3681350
26009;202000028903;7;4;2020;18:40;1;49;49041;1;2;1;3;carrefour de gruais;47,3165990;0,0890710
26010;202000028904;6;4;2020;08:51;1;49;49194;1;1;3;7;2 Route de la Reculée;47,4528570; -0,2786170
26011;202000028905;6;4;2020;21:30;3;83;83068;2;9;1;6;36 Route des Oliviers;43,2688820;6,5306050
26012;202000028906;7;4;2020;18:25;1;03;03181;1;1;1;6;5 Lieu Dit Grand Vent;46,3635845;3,6908269
26013;202000028907;3;4;2020;15:45;1;22;22161;1;2;1;3;Avenue Pierre Loti;48,5724740; -3,1351940
26014;202000028908;6;4;2020;16:05;1;92;92019;1;1;2;6;AUTOROUTE A86;48,7606800;2,2844200
26015;202000028909;6;4;2020;07:55;2;95;95678;1;1;1;2;RN 184;49,0731700;2,2340800
26016;202000028910;5;4;2020;16:35;1;69;69259;2;1;1;6;MAURICE THOREZ                      (AV);45,6999000;4,8633000
26017;202000028911;5;4;2020;14:44;1;69;69286;2;1;1;6;EUROPE (DE L')                      (AV);45,8174457;4,9012613
26018;202000028912;5;4;2020;15:55;1;69;69266;2;8;1;3;GEORGE SAND                          (R ;45,7553094;4,8873724
26019;202000028913;5;4;2020;23:15;5;59;59299;2;2;1;1;ECOLES (RUE DES);50,6635500;3,1908300
26020;202000028914;4;4;2020;21:00;1;44;44109;2;2;1;3;Rond-point de Paris;47,2338560; -1,5358900
26021;202000028915;4;4;2020;21:20;3;27;27562;1;1;1;7;D 64E;49,0814000;1,4450000
26022;202000028917;5;4;2020;11:25;1;75;75114;2;2;1;3;RUE HALLE;48,8289200;2,3311540
26023;202000028918;5;4;2020;08:18;1;75;75113;2;7;1;3;PORTE D ITALIE;48,8164490;2,3602900
26024;202000028920;5;4;2020;20:25;2;94;94017;2;2;1;3;REPUBLIQUE (AV DE LA);48,8252961;2,5098816
26025;202000028921;5;4;2020;16:20;1;94;94011;2;1;1;6;GOUTIER.(RUE MICHEL);48,7688335;2,4795188
26026;202000028922;5;4;2020;20:00;1;93;93051;2;2;1;3;MARECHAL JOFFRE (AVENUE);48,8465832;2,5563134
26027;202000028923;4;4;2020;19:50;1;93;93010;2;1;1;6;MOZART (AL.);48,9109190;2,4797520
26028;202000028924;5;4;2020;19:00;1;47;47291;1;9;1;6;Barboulat;44,4939900;0,7301100
26029;202000028925;6;4;2020;09:05;1;41;41252;1;1;1;6;autoroute A10;47,6878250;1,4252610
26030;202000028926;6;4;2020;01:45;3;62;62595;2;1;1;6;Route de Serques;50,7906400;2,1776100
26031;202000028927;15;3;2020;13:00;1;57;57530;1;1;1;3;RD 154 E;49,2121100;6,5216460
26032;202000028928;5;4;2020;16:30;1;80;80630;2;1;1;6;22 Rue Notre-dame;49,7740410;1,9878070
26033;202000028929;5;4;2020;18:45;1;31;31303;1;1;1;2;Chemin Vieux de Berat;43,3659290;1,1974670
26034;202000028930;6;4;2020;14:45;1;14;14456;1;1;1;6;D613;49,1222040; -0,1340760
26035;202000028931;6;4;2020;05:30;3;90;90034;1;1;1;2;D1083;47,6512090;6,9142840
26036;202000028932;6;4;2020;11:25;1;60;60581;2;3;8;1;Rue Mangin;49,5021760;2,4333480
26037;202000028933;5;4;2020;18:00;1;45;45033;1;1;1;7;D123;48,1471223;2,4047416
26038;202000028934;6;4;2020;18:45;1;36;36164;1;1;1;6;D940;46,5350120;1,9885250
26039;202000028935;28;3;2020;18:05;1;04;04134;2;1;1;7;RD 951;44,3408310;6,0276480
26040;202000028936;5;4;2020;18:10;1;27;27428;2;4;1;6;Avenue de la Libération;49,1449270;0,9024130
26041;202000028937;5;4;2020;11:15;1;27;27051;2;2;1;3;2 Rue du Pont aux Chevres;49,0783570;0,7819070
26042;202000028938;5;4;2020;05:30;1;988;98820;1;3;1;6;Tribu de HULUP/OUVEA; -20,6403150;166,5632060
26043;202000028939;3;4;2020;17:35;1;77;77309;1;1;1;7;D97;48,9996200;2,8084230
26044;202000028940;4;4;2020;16:30;1;06;06134;1;1;1;6;Route des Combes;43,7720540;6,7183760
26045;202000028941;5;4;2020;15:45;1;39;39210;1;1;1;6;;46,7527110;5,9333680
26046;202000028942;5;4;2020;20:25;2;21;21464;2;2;1;3;Intersection D974 D25;47,1393961;4,9510039
26047;202000028943;5;4;2020;20:20;2;74;74063;2;1;1;6;669 Route du Roitet;46,2750820;6,8374060
26048;202000028944;4;4;2020;22:00;3;42;42090;1;1;1;7;D103;45,7694600;4,3461850
26049;202000028946;31;3;2020;16:10;1;60;60134;1;9;1;3;D1016;49,3195392;2,4402538
26050;202000028947;5;4;2020;21:10;5;59;59263;2;1;1;6;Rue d'Oisy;50,3135970;3,0973260
26051;202000028948;24;2;2020;21:30;5;69;69029;1;1;1;2;RD383   7.640 A 11.044;45,7350000;4,9015000
26052;202000028950;3;4;2020;11:50;1;91;91174;2;1;1;3;Emile ZOLA (rue);48,6208200;2,4669700
26053;202000028951;4;4;2020;11:10;1;65;65440;2;1;1;6;KENNEDY (AVENUE DU PRESIDENT JOHN);43,2194780;0,0864180
26054;202000028952;3;4;2020;12:10;1;35;35281;2;2;1;3;FUSILLES (RUE DES 25);48,0911700; -1,6967000
26055;202000028953;20;3;2020;16:20;1;11;11262;2;2;1;3;ESCOUTE (PONT DE L');43,1849300;2,9995400
26056;202000028954;4;4;2020;23:10;5;06;06083;2;3;1;6;THIERS (AVENUE);43,7745250;7,4963888
26057;202000028955;4;4;2020;19:50;5;75;75116;2;1;1;3;PORTE DE PASSY;48,8578070;2,2595460
26058;202000028956;4;4;2020;00:09;5;75;75116;2;7;1;6;PLACE VICTOR HUGO;48,8698830;2,2853260
26059;202000028957;4;4;2020;11:23;1;75;75103;2;2;1;3;RUE SAINT MARTIN;48,8684190;2,3552740
26060;202000028958;4;4;2020;12:15;1;94;94038;2;9;7;3;GENERAL DE GAULLE (AV DU);48,7820891;2,3425165
26061;202000028959;4;4;2020;19:15;1;93;93048;2;5;1;3;ARISTIDE BRIAND (BOULEVARD);48,8781000;2,4574000
26062;202000028960;3;4;2020;19:30;1;93;93032;2;2;1;3;R PAUL VAILLANT COUTURIER / R DU CHEMIN DE FER;48,8769400;2,5492300
26063;202000028961;4;4;2020;17:30;1;92;92050;2;1;1;1;AGRICULTURE RUE DE L';48,9094755;2,2246210
26064;202000028962;5;4;2020;00:30;5;60;60176;2;1;1;6;Rue Jean-jacques Rousseau;49,2360480;2,8878610
26065;202000028963;4;4;2020;10:35;1;71;71014;2;3;1;7;Rue de l'Hermitage;46,9612145;4,3217761
26066;202000028964;4;4;2020;20:00;1;63;63415;1;1;1;7;D996;45,5737940;3,3785210
26067;202000028965;4;4;2020;22:25;3;61;61309;1;1;1;6;D9;48,3606900;0,6871980
26068;202000028966;4;4;2020;19:45;1;34;34339;1;1;1;7;Villespassans;43,4030950;2,9624730
26069;202000028968;4;4;2020;11:02;1;29;29212;2;2;1;6;Rue Coat Omnes;48,3835369; -4,6161510
26070;202000028969;5;4;2020;12:10;1;60;60029;1;6;1;3;D3;49,3638460;1,9732050
26071;202000028971;5;4;2020;09:37;1;16;16276;1;1;1;6;Ld Moquechien;45,4465230; -0,1630350
26072;202000028972;3;4;2020;15:05;1;53;53005;1;1;1;6;D 225 PK 18+800;48,1823710; -0,7641000
26073;202000028973;4;4;2020;09:15;1;24;24530;1;1;1;7;RD106;45,3082510;0,6889520
26074;202000028974;4;4;2020;19:30;1;24;24156;1;1;1;6;D710;45,0777970;0,8671260
26075;202000028975;4;3;2020;08:24;1;51;51562;1;1;1;2;A34;49,2114960;4,0785620
26076;202000028976;4;4;2020;18:45;1;27;27091;1;1;1;2;A13;49,3623930;0,8548520
26077;202000028977;5;4;2020;10:30;3;988;98817;1;1;8;6;ROUTE DE LA CORNICHE; -22,2841720;166,6225150
26078;202000028978;4;4;2020;20:00;4;988;98817;2;1;1;6;Rue Catimor; -22,2495410;166,5727670
26079;202000028979;5;4;2020;11:25;1;07;07324;2;3;1;3;Quai Marc Seguin;45,0687410;4,8312890
26080;202000028980;1;4;2020;16:15;1;40;40182;1;3;1;3;D38;44,0838240; -1,1179450
26081;202000028981;3;4;2020;14:40;1;92;92036;1;1;1;2;AUTOROUTE A15;48,9413700;2,2914000
26082;202000028982;2;4;2020;15:20;1;974;97411;2;1;1;3;STADE (RUE DU); -20,9005000;55,4667000
26083;202000028983;3;4;2020;21:10;5;69;69388;2;1;1;2;PIERRE DELORE                       (R );45,7364666;4,8553796
26084;202000028984;1;4;2020;10:45;1;971;97107;2;1;1;6;FRONT DE MER ( BOULEVARD);16,0535482; -61,5616000
26085;202000028985;3;4;2020;06:15;5;95;95585;2;2;1;3;BULLIER (RUE THEODORE);48,9915428;2,3690917
26086;202000028986;3;4;2020;15:10;1;91;91377;2;1;1;6;DE GAULLE (AVENUE DU GENERAL);48,7331300;2,2713900
26087;202000028987;3;4;2020;14:30;1;91;91027;2;9;1;3;JULES VALLES (AVENUE);48,7001220;2,3759910
26088;202000028988;3;4;2020;02:20;5;71;71153;2;1;1;6;Rue du Canada;46,7934941;4,4130544
26089;202000028989;2;4;2020;16:00;1;64;64102;2;1;1;3;ARANCETTE (CHEMIN D');43,4828000; -1,4880000
26090;202000028990;2;4;2020;12:35;1;57;57672;2;1;1;3;LIBERATION (ALLEE DE LA) - PAIR;49,3652000;6,1519000
26091;202000028991;31;3;2020;19:00;1;49;49007;2;1;1;7;DUNANT BOULEVARD;47,4832000; -0,5247900
26092;202000028992;3;4;2020;16:55;1;45;45147;2;8;1;6;Rue Marcelin Berthelot - D97 PR 5+440;47,9420900;1,9202100
26093;202000028993;3;4;2020;04:36;5;44;44109;2;1;1;3;BOULEVARD DES FRERES DE GONCOURT;47,2338500; -1,5641600
26094;202000028994;14;3;2020;05:25;5;41;41018;2;1;1;-1;PONT JACQUES GABRIEL;47,5847600;1,3380200
26095;202000028995;2;4;2020;11:00;1;38;38053;2;1;1;1;Boulevard Saint Michel;45,5892400;5,2761000
26096;202000028996;3;4;2020;23:15;5;34;34172;2;1;1;6;LIBERTE (AVENUE DE LA;43,6087600;3,8454700
26097;202000028997;14;3;2020;00:15;3;33;33167;2;2;1;1;RUE SALVADOR ALLENDE / Parking LIDL;44,8448400; -0,5107500
26098;202000028998;3;4;2020;12:15;1;17;17300;2;1;1;7;FORBIN   COURS;46,1653100; -1,1757900
26099;202000028999;3;4;2020;16:55;1;16;16015;2;1;1;6;Rue de Montbron;45,6489220;0,1751110
26100;202000029000;2;4;2020;15:40;1;13;13019;1;6;1;3;ROUTE D’APT;43,4783080;5,3553190
26101;202000029001;3;4;2020;15:00;1;13;13209;2;1;1;3;MARÉCHAL DE LATTRE (AVENUE);43,2454800;5,4116100
26102;202000029002;2;4;2020;15:53;1;13;13213;2;9;1;3;ESCADRILLE NORMANDIE NIEMEN;43,3412000;5,4098000
26103;202000029004;3;4;2020;16:15;1;75;75111;2;2;1;3;BOULEVARD RICHARD LENOIR;48,8580580;2,3716720
26104;202000029005;3;4;2020;11:10;1;94;94022;2;1;1;2;ALFORTVILLE (AV D);48,7698800;2,4137000
26105;202000029006;26;2;2020;18:15;2;25;25468;1;1;4;7;autoroute A36 PK 104+900 direction BEAUNE;47,3383390;6,2080590
26106;202000029008;3;4;2020;19:00;1;01;01173;2;1;1;6;1248 Rue de la Forêt de Disse;46,3482090;6,0684340
26107;202000029009;31;3;2020;14:35;1;47;47188;1;4;1;7;Croix de Taly;44,5738200;0,4552140
26108;202000029010;3;4;2020;20:10;1;14;14456;2;1;1;6;72 Route de Paris;49,1155050; -0,1592960
26109;202000029011;4;4;2020;14:45;1;36;36058;1;1;1;7;;46,6074070;1,0255000
26110;202000029012;27;3;2020;16:15;1;38;38419;1;1;1;7;D1075;44,8439000;5,6174000
26111;202000029013;4;4;2020;10:00;1;49;49021;1;2;1;3;D59;47,4170250; -0,2039980
26112;202000029014;3;4;2020;20:30;2;30;30137;1;1;1;6;D532;44,2060810;3,9553250
26113;202000029015;3;4;2020;18:00;1;69;69134;1;1;1;7;Terre Noire;45,9292150;4,5941790
26114;202000029016;24;1;2020;09:30;1;13;13005;1;1;1;7;A501-Sens Aubagne vers Pont de l'Etoile;43,3031010;5,5695300
26115;202000029017;1;4;2020;18:50;5;973;97302;2;1;1;3;MONTABO (ROUTE DE) 2;4,9362642; -52,2963470
26116;202000029019;1;4;2020;18:30;1;74;74305;2;1;1;3;BUCHILLONS (AVENUE DES);46,2007165;6,2713043
26117;202000029020;2;4;2020;19:45;1;37;37261;2;9;1;-1;MONTJOYEUX (AVENUE);47,3608654;0,7033441
26118;202000029021;1;4;2020;17:30;1;13;13203;2;1;8;3;PLOMBIERES (BOULEVARD DES);43,3148700;5,3882400
26119;202000029022;2;4;2020;11:10;1;11;11069;1;6;1;3;VILLEMOUSTAUSSOU -ROUTE DE-;43,2357800;2,3634000
26120;202000029023;1;4;2020;12:05;1;75;75112;2;2;1;3;BOULEVARD SOULT;48,8469070;2,4111680
26121;202000029024;2;4;2020;04:00;5;94;94078;2;1;1;4;MELUN (AV DE);48,7240600;2,4448200
26122;202000029025;2;4;2020;20:30;5;92;92072;2;1;1;3;GRANDE RUE;48,8217400;2,2047900
26123;202000029026;1;4;2020;23:15;3;54;54164;1;1;1;6;Ferme de Fanoncourt;48,4129420;6,0404040
26124;202000029027;12;2;2020;08:20;1;33;33315;1;1;1;1;Lieu Dit les Yvonnets;45,0689620; -0,0918490
26125;202000029028;3;4;2020;16:10;1;83;83073;1;1;1;1;Route Nationale 97;43,3751090;6,2983850
26126;202000029029;1;4;2020;18:00;1;82;82101;1;1;1;6;D26bis;44,0816570;0,9904420
26127;202000029030;2;4;2020;09:15;1;33;33028;2;1;1;6;36 Route des Palombieres;44,8058650; -0,3263330
26128;202000029031;2;4;2020;16:45;1;38;38499;1;1;1;1;N85;44,9268000;5,7826600
26129;202000029032;2;4;2020;06:45;1;973;97304;1;1;2;6;Route Degrad Saramaca;5,1506852; -52,6980107
26130;202000029033;2;4;2020;15:00;1;78;78668;1;9;1;7;D89;49,0234590;1,5215760
26131;202000029035;1;4;2020;18:30;1;67;67411;1;1;1;6;D604;48,4906018;7,4346895
26132;202000029038;1;4;2020;15:24;1;13;13055;1;1;1;2;A507 sens Aubagne- Marseille;43,3301060;5,3972180
26133;202000029039;2;4;2020;06:30;2;69;69072;1;1;1;2;M6  ;45,8210138;4,7646815
26134;202000029040;1;4;2020;22:20;3;33;33162;1;1;1;7;ROCADE A 630;44,8667900; -0,6512500
26135;202000029041;2;4;2020;09:00;1;78;78206;1;1;1;2;A13;48,9683300;1,9178900
26136;202000029042;2;4;2020;21:20;3;93;93066;1;1;1;6;AUTOROUTE A1;48,9309500;2,3693100
26137;202000029043;1;4;2020;18:30;4;973;97302;1;1;1;3;ROUTE NATIONALE 1;4,9093123; -52,3239112
26138;202000029044;1;4;2020;13:20;1;69;69259;2;2;1;1;NORBERT KUGLER                      (R );45,7061100;4,8777800
26139;202000029045;31;3;2020;05:15;5;972;97209;2;6;1;7;BEAUSEJOUR JAMBETTE (ROUTE DE );14,6267000; -61,0404000
26140;202000029046;4;8;2020;02:25;5;972;97213;1;1;1;6;Z I LES MANGLES;14,6166271; -61,0172367
26141;202000029047;3;8;2020;11:15;1;972;97209;1;1;1;2;RD 41 (ROCADE);14,6146100; -61,0627100
26142;202000029048;3;8;2020;00:05;5;971;97113;1;9;1;3;RN4-ROND POINT SAINT FELIX;16,2073394; -61,4566237
26143;202000029049;3;8;2020;20:50;1;95;95680;2;9;1;3;JULIEN  BOURSIER (RUE);49,0085371;2,3883015
26144;202000029050;3;8;2020;18:15;1;91;91457;2;3;1;3;RURAL N°22 (CHEMIN);48,5830000;2,2600000
26145;202000029051;3;8;2020;10:35;1;88;88424;2;1;1;-1;AVENUE DU GENERAL DE GAULLE;48,2709000;6,9727000
26146;202000029052;2;8;2020;20:49;1;87;87085;1;1;1;6;RD941 (OUEST);45,8347200;1,2181500
26147;202000029053;4;8;2020;00:05;5;86;86194;2;2;1;3;Avenue John Kennedy;46,5821600;0,3679000
26148;202000029054;2;8;2020;19:55;1;80;80021;2;1;1;6;PIERRE ROLLIN (RUE);49,8763700;2,3134200
26149;202000029055;31;7;2020;16:10;1;80;80021;1;1;1;3;JULES BARNI (RUE);49,8869720;2,3160980
26150;202000029056;31;7;2020;14:23;1;80;80021;2;1;1;6;ALEXANDRE DUMAS (RUE);49,8709800;2,3045300
26151;202000029057;12;7;2020;17:14;1;80;80001;2;1;1;2;GENERAL LECLERC (du);50,1085100;1,8397200
26152;202000029058;5;8;2020;22:50;5;78;78401;2;2;1;3;MAURICE BERTEAUX (RUE);49,0043220;1,9068430
26153;202000029059;4;8;2020;12:10;1;76;76498;2;1;1;2;ALLIES. AVENUE DES;49,4225500;1,0533500
26154;202000029060;1;8;2020;05:25;5;76;76351;2;2;1;6;CHANTIERS (DES);49,4851900;0,1632600
26155;202000029061;4;8;2020;06:30;1;72;72181;2;4;1;3;PREFORTIER (RUE DU);48,0039100;0,1718200
26156;202000029062;4;8;2020;17:26;1;69;69266;2;2;1;3;NICOLAS GARNIER  (Rue);45,7539450;4,9134466
26157;202000029064;4;8;2020;12:05;1;64;64445;2;1;1;3;LEON BLUM;43,3198890; -0,3280780
26158;202000029065;3;8;2020;07:05;1;62;62457;2;9;1;3;GARE (RUE DE LA);50,4535150;2,5332310
26159;202000029066;30;7;2020;17:40;1;62;62178;2;1;1;7;VERDUN;50,4861100;2,5618200
26160;202000029067;4;8;2020;19:30;1;59;59512;2;1;1;6;NATION (PLACE DE LA);50,6998100;3,1827240
26161;202000029068;4;8;2020;08:55;1;59;59350;2;9;7;6;STRASBOURG BOULEVARD;50,6180404;3,0523398
26162;202000029069;22;7;2020;05:00;5;59;59368;2;9;1;2;REPUBLIQUE AVENUE DE LA;50,6503405;3,0801043
26163;202000029070;19;7;2020;01:25;5;59;59009;1;6;1;3;D.6, route express;50,6507000;3,1672000
26164;202000029071;2;8;2020;16:25;1;59;59178;2;1;7;6;HAYEZ (BOULEVARD PAUL);50,3639200;3,0846000
26165;202000029072;2;8;2020;08:00;1;59;59654;2;1;1;1;PONT DES HOUILLERES;50,3819700;3,1009800
26166;202000029073;1;8;2020;05:30;2;59;59486;2;1;1;6;BOIS (RUE DU);50,4348300;3,1446000
26167;202000029074;3;8;2020;17:00;1;56;56162;2;3;1;3;Chemin du Talud;47,7024900; -3,4447600
26168;202000029075;2;8;2020;01:55;5;56;56094;2;1;1;2;Kernours;47,7632100; -3,2971000
26169;202000029076;1;8;2020;18:40;1;56;56162;2;3;1;5;SAINT BIEUZY (RUE DE);47,7337100; -3,4304700
26170;202000029078;4;8;2020;15:50;1;51;51454;2;1;1;2;Route de Witry;49,2698078;4,0727800
26171;202000029079;3;8;2020;08:10;1;50;50602;1;3;1;7;BREQUECAL (RUE DE);49,6270200; -1,5490900
26172;202000029080;4;8;2020;16:55;1;46;46042;2;3;1;1;FONRODENQUE (RUE DE);44,4327320;1,4564090
26173;202000029081;4;8;2020;12:15;1;43;43157;2;1;1;3;10 Boulevard Marechal Joffre;45,0472000;3,8927600
26174;202000029082;4;8;2020;15:00;1;41;41269;2;1;1;1;VERRIER (RUE DU COMMANDANT);47,7987430;1,0631180
26175;202000029083;2;8;2020;15:20;1;38;38169;2;2;1;3;Avenue Jean Jaurès;45,1891000;5,6972600
26176;202000029084;4;8;2020;14:15;1;35;35238;2;6;1;2;ALMA (DE L');48,1043900; -1,6774100
26177;202000029085;3;8;2020;18:35;1;34;34336;2;1;1;3;BEREGOVOY (AVENUE PIERRE);43,3235500;3,2628900
26178;202000029088;3;8;2020;15:00;1;31;31555;2;1;1;-1;AV JEAN RIEUX;43,5983300;1,4567800
26179;202000029089;4;8;2020;15:07;1;30;30189;1;6;1;3;BEAUCAIRE (ROUTE);43,8333000;4,4258000
26180;202000029090;4;8;2020;20:10;1;30;30007;2;1;1;2;MONGE (AVENUE);44,1457000;4,1011000
26181;202000029092;30;7;2020;11:10;1;17;17461;2;9;1;1;ROYAN (DE);45,6442100; -1,0532500
26182;202000029093;3;8;2020;20:05;1;17;17461;2;6;1;3;ROCHE (DE LA);45,6489200; -1,0472500
26183;202000029094;4;8;2020;11:45;1;17;17028;2;6;1;3;GRASSET   AVENUE EDMOND;46,1348690; -1,1204560
26184;202000029095;3;8;2020;18:24;1;17;17200;1;1;1;2;RN237;46,1814721; -1,1411780
26185;202000029096;4;8;2020;17:50;1;14;14243;1;1;1;7;CD 579;49,3997800;0,2175240
26186;202000029097;4;8;2020;16:40;1;14;14437;2;1;1;3;EMILE ZOLA (RUE);49,1727000; -0,3209600
26187;202000029098;2;8;2020;04:40;3;14;14327;1;1;1;6;GAULLE (AVENUE DU GENERAL DE);49,2106000; -0,3446900
26188;202000029099;4;8;2020;07:00;1;13;13056;2;1;1;3;REVEILLA;43,4238100;5,0218200
26189;202000029100;3;8;2020;13:10;1;13;13214;2;6;1;3;SAINTE MARTHE (chemin);43,3294920;5,3881560
26190;202000029101;3;8;2020;11:05;1;13;13210;2;9;1;3;PAUL CLAUDEL (BOULEVARD);43,2690000;5,4200000
26191;202000029102;3;8;2020;08:40;1;13;13206;2;1;1;2;LIEUTAUD (COURS);43,2891959;5,3840622
26192;202000029103;4;8;2020;23:10;5;13;13001;2;1;1;3;PONTIER HENRI (AV);43,5336100;5,4421000
26193;202000029104;4;8;2020;20:50;1;13;13001;2;6;1;2;BROSSOLETTE PIERRE (AV);43,5111700;5,4422400
26194;202000029105;3;8;2020;14:35;1;11;11069;2;1;1;4;LIMOUX -ROUTE DE-;43,2069900;2,3355400
26195;202000029106;3;8;2020;16:55;1;09;09207;2;1;1;3;ARIEGE (RUE DE L');42,9349000;1,6335100
26196;202000029107;2;8;2020;06:16;2;02;02691;2;1;1;2;KENNEDY (RUE DU PST JOHN);49,8586500;3,2777800
26197;202000029108;4;8;2020;22:35;5;75;75105;2;2;1;3;RUE DES ECOLES;48,8491190;2,3466500
26198;202000029109;4;8;2020;14:25;1;75;75119;2;7;1;3;PLACE DE LA PORTE DE PANTIN;48,8896350;2,3957480
26199;202000029111;4;8;2020;10:50;1;75;75116;2;7;1;6;PLACE DU TROCADERO ET DU 11 NOVEMBRE;48,8633730;2,2874940
26200;202000029112;3;8;2020;23:45;5;75;75116;2;7;1;3;PLACE DE COSTA RICA;48,8586790;2,2846370
26201;202000029113;4;8;2020;13:53;1;75;75114;2;1;1;3;AVENUE PAUL VAILLANT COUTURIER;48,8167740;2,3337130