;Num_Acc;jour;mois;an;hrmn;lum;dep;com;agg;int;atm;col;adr;lat;long
26202;202000029114;4;8;2020;11:15;1;75;75113;2;3;1;6;AVENUE D ITALIE;48,8283140;2,3566090
26203;202000029115;3;8;2020;09:00;1;75;75112;2;5;1;3;AVENUE DE SAINT MANDE;48,8446710;2,4057360
26204;202000029118;4;8;2020;15:20;1;75;75108;2;7;1;6;PLACE DE LA CONCORDE;48,8643700;2,3203640
26205;202000029119;4;8;2020;09:40;1;75;75108;2;1;1;6;RUE DE LA VILLE L EVEQUE;48,8714840;2,3205440
26206;202000029121;3;8;2020;12:57;1;75;75108;2;5;1;3;RUE DE ROME;48,8794790;2,3218520
26207;202000029122;3;8;2020;10:45;1;75;75107;2;2;1;3;AVENUE BOSQUET;48,8571170;2,3042910
26208;202000029123;4;8;2020;15:30;1;75;75103;2;3;1;3;BOULEVARD BEAUMARCHAIS;48,8576050;2,3680590
26209;202000029124;4;8;2020;20:06;1;94;94073;2;9;1;1;DOCTEUR MARIE (R DU);48,7462000;2,3728000
26210;202000029126;3;8;2020;15:48;1;94;94060;2;3;1;6;DUNOYER DE SEGONZAC (R);48,7913400;2,5778200
26211;202000029127;4;8;2020;08:50;1;94;94017;2;1;1;3;GENERAL DE GAULLE (AV DU);48,8213750;2,4889400
26212;202000029128;4;8;2020;14:20;1;93;93073;1;1;1;6;CHAPIT RE ( RUE DU);48,9897000;2,5614000
26213;202000029129;4;8;2020;08:44;1;93;93048;2;2;1;1;GABRIEL PERI (AVENUE);48,8572917;2,4400801
26214;202000029130;1;8;2020;00:35;5;92;92078;2;9;1;1;FOND DE LA NOUE (RUE) (N° IMPAIRS);48,9316580;2,3313700
26215;202000029131;2;8;2020;20:15;2;92;92063;2;1;1;7;FOUILLEUSE (AVENUE DE);48,8632150;2,1914077
26216;202000029132;3;8;2020;22:16;5;92;92051;2;3;1;6;VICTOR HUGO (BOULEVARD, N° 9 A 49 ET 16;48,8875094;2,2785200
26217;202000029133;3;8;2020;17:00;1;92;92025;2;2;1;3;Boulevard Charles de Gaulle;48,9146200;2,2290540
26218;202000029134;4;8;2020;09:15;1;92;92025;2;9;1;3;PAUL BERT (RUE);48,9262470;2,2473090
26219;202000029135;31;7;2020;15:30;1;92;92012;2;9;1;2;Boulevard Jean Jaures;48,8424884;2,2384965
26220;202000029136;4;8;2020;13:30;1;92;92004;2;3;1;7;EMILE ZOLA ( RUE );48,9233296;2,2853145
26221;202000029137;5;8;2020;15:20;1;49;49063;1;1;1;2;D751;47,3506360; -0,7460190
26222;202000029139;5;8;2020;02:40;3;35;35258;1;1;1;6;D137;48,3106940; -1,8372920
26223;202000029140;3;8;2020;12:15;1;10;10417;1;1;1;7;D121;48,1982010;3,8233040
26224;202000029141;4;8;2020;14:00;1;974;97422;1;3;1;3;Rue du Général Ailleret; -21,2769980;55,5018940
26225;202000029142;4;8;2020;07:40;1;27;27177;1;1;1;7;D53;48,8710950;1,2536000
26226;202000029143;5;8;2020;20:05;1;60;60176;2;3;1;6;8 Rue des Fossés;49,2358480;2,8849870
26227;202000029144;5;8;2020;07:30;1;34;34270;1;1;1;1;d112;43,5559820;3,8483480
26228;202000029145;4;8;2020;17:35;1;74;74025;1;2;1;3;2844 Route des Voirons;46,2832280;6,3468250
26229;202000029146;4;8;2020;17:45;1;51;51229;2;3;1;3;Route de la Neuville;48,9717785;4,8352140
26230;202000029147;4;8;2020;23:00;3;56;56240;1;1;1;1;Rue des Embruns;47,5027210; -2,7716660
26231;202000029148;31;7;2020;12:10;1;56;56135;1;1;1;7;La Mare Varion;47,7167200; -2,4376340
26232;202000029149;5;8;2020;12:40;1;79;79062;1;1;1;6;;46,8062580; -0,6654880
26233;202000029152;31;7;2020;20:00;1;61;61426;1;1;1;7;D938;48,3463530;0,5304770
26234;202000029153;4;8;2020;20:35;1;61;61486;1;1;1;6;Lieu Dit la Madeleine;48,7699120; -0,7219270
26235;202000029154;5;8;2020;08:30;1;55;55387;1;1;1;6;D618;49,3456060;5,6509640
26236;202000029155;5;8;2020;10:40;1;42;42204;2;6;1;3;Rue Chevalier;45,4213920;4,0631600
26237;202000029158;4;8;2020;21:30;3;34;34147;1;1;1;7;D909;43,4758440;3,2073210
26238;202000029159;2;8;2020;10:00;1;34;34279;1;1;1;1;Route Départementale 136;43,5063790;3,1019850
26239;202000029160;5;8;2020;10:19;1;25;25529;2;1;1;-1;15 Grande Rue (Sancey-le-Long);47,3056920;6,5984200
26240;202000029161;5;8;2020;17:30;1;29;29292;1;3;1;3;D156 - Route de la Mer;47,8893546; -4,3412894
26241;202000029162;5;8;2020;17:50;1;03;03254;1;2;1;3;5 Chemin de Breux;46,3287258;3,2848507
26242;202000029163;4;8;2020;21:20;3;01;01068;1;1;1;1;D1084;46,0776040;5,4602530
26243;202000029164;4;8;2020;10:45;1;26;26368;1;3;1;3;Avenue de la Clairette;44,7058610;5,2597050
26244;202000029165;4;8;2020;08:30;1;72;72381;1;6;1;3;giratoire D23 / D326;47,9385800;0,1115910
26245;202000029166;5;8;2020;14:05;1;60;60643;1;2;1;3;D152;49,5691470;2,5828170
26246;202000029167;3;8;2020;14:00;1;64;64338;2;1;1;-1;11 Allée du Barry;43,3595640; -0,1588510
26247;202000029168;5;8;2020;13:00;1;73;73128;2;1;1;1;Chemin de Fontany;45,7286820;5,9318660
26248;202000029169;5;8;2020;18:50;1;16;16292;2;1;1;3;21 Route de Montjean;46,0287260;0,1920030
26249;202000029170;5;8;2020;10:40;1;16;16213;1;1;7;2;Lieu Dit Parpelat;45,7365900;0,5258310
26250;202000029171;31;7;2020;10:30;1;07;07269;2;1;1;6;La Place;44,9372690;4,3686430
26251;202000029172;3;8;2020;16:45;1;07;07005;1;1;1;1;Chemin de la Quate;44,5456230;4,5726080
26252;202000029173;4;8;2020;18:20;1;53;53127;2;1;7;6;5 Rue de Domfront;48,4396850; -0,5002260
26253;202000029174;3;8;2020;21:20;2;53;53109;1;2;1;3;Monthinault;48,2917560; -0,4907260
26254;202000029175;4;8;2020;15:20;1;21;21282;1;3;1;3;CD 36 route de Toste;47,4684192;4,2168513
26255;202000029176;4;8;2020;19:50;1;24;24355;1;1;1;3;Gaillardou;44,8131140;1,2112690
26256;202000029177;4;8;2020;10:20;1;85;85128;2;6;1;3;Boulevard de l'Océan;46,4508020; -1,1623780
26257;202000029178;4;8;2020;17:00;1;52;52187;1;1;1;7;D16;48,3605830;5,3177910
26258;202000029179;31;7;2020;18:30;1;978;97801;2;1;1;2;route de la savane;18,0891370; -63,0660190
26259;202000029180;5;8;2020;20:15;3;988;98805;2;1;1;6;V.E.2; -22,2143250;166,4651980
26260;202000029181;4;8;2020;15:16;1;72;72165;1;1;1;6;A11;48,0706070;0,4351710
26261;202000029183;4;8;2020;13:10;1;41;41136;2;1;1;3;Rue Pierre Loison;47,6992590;1,5041230
26262;202000029184;3;7;2020;17:50;1;66;66101;1;2;1;3;D612;42,6177177;2,7903382
26263;202000029185;4;8;2020;14:20;1;30;30155;2;1;1;3;D999;43,8299450;4,4595910
26264;202000029186;4;8;2020;22:15;3;05;05053;1;1;1;6;D30;44,3362540;5,7547600
26265;202000029187;5;8;2020;12:30;1;01;01160;1;6;1;3;D35;46,2453040;6,0948910
26266;202000029188;1;8;2020;08:15;1;32;32117;1;3;1;7;16 Avenue des 4 Chenes;43,6658930;0,5579420
26267;202000029189;4;8;2020;00:10;4;29;29120;1;1;1;7;Lieu-dit Kerzouannek;48,2667910; -4,4667740
26268;202000029190;4;8;2020;09:45;1;22;22054;1;1;1;3;Rue de Clairville;48,6285120; -2,4318410
26269;202000029191;4;8;2020;09:30;1;35;35031;1;3;7;1;Haut Champ;48,1749500; -1,4098050
26270;202000029192;5;8;2020;09:15;1;80;80146;2;3;1;1;8 Route Nationale;50,1401160;1,5224030
26271;202000029193;4;8;2020;20:45;1;33;33448;1;1;1;6;AUTOROUTE A 62;44,7205900; -0,5223800
26272;202000029194;3;8;2020;23:02;4;91;91589;1;1;1;5;AUTOROUTE A6;48,6784000;2,3360000
26273;202000029195;3;8;2020;18:56;1;91;91161;1;1;1;5;AUTOROUTE A6;48,7014600;2,3088200
26274;202000029196;31;7;2020;18:35;1;92;92064;1;1;1;3;A13;48,8397154;2,2007579
26275;202000029197;3;8;2020;19:30;1;92;92078;1;1;1;4;AUTOROUTE A86;48,9291700;2,3297000
26276;202000029199;7;5;2020;13:55;1;02;02738;2;1;7;6;GAMBETTA (BOULEVARD);49,6524300;3,2868100
26277;202000029200;18;2;2020;19:30;5;02;02304;2;6;2;6;REPUBLIQUE;49,6623620;3,3658220
26278;202000029201;2;8;2020;22:25;3;974;97416;1;1;1;6;Chemin Maurice Thorez; -21,2741390;55,4718800
26279;202000029202;3;8;2020;22:00;3;974;97407;2;1;1;3;20 DECEMBRE 1948(AVENUE DU); -20,9387300;55,2983500
26280;202000029203;3;8;2020;07:35;1;973;97302;2;3;1;3;CABASSOU (ROUTE DE);4,9199161; -52,3195446
26281;202000029204;3;8;2020;23:10;5;69;69387;2;1;1;7;JEAN JAURES                         (AV);45,7396600;4,8386100
26282;202000029205;3;8;2020;16:45;1;69;69259;2;1;1;6;AMBROISE CROIZAT                    (BD);45,6991100;4,8878100
26283;202000029206;31;7;2020;15:40;1;69;69386;2;9;1;3;THIERS                              (AV);45,7663100;4,8616900
26284;202000029207;2;8;2020;19:35;5;972;97213;1;1;1;1;ROUTE DEPARTEMENTALE 15;14,6150000; -61,0360000
26285;202000029209;3;8;2020;13:00;1;95;95585;2;1;1;3;RUE DU HUIT MAI 1945;48,9778100;2,3699400
26286;202000029210;3;8;2020;22:55;5;91;91286;2;2;1;3;ENCLOS (RUE DES);48,6544200;2,3735000
26287;202000029211;2;8;2020;12:27;1;87;87085;2;3;1;5;GIFFARD (RUE HENRI);45,8858100;1,2666700
26288;202000029212;31;7;2020;09:40;1;83;83129;2;3;1;3;MER (AVENUE DE LA) N° PAIRS;43,0962000;5,8312000
26289;202000029214;1;8;2020;12:40;1;78;78133;2;1;1;1;MUR DU PARC (DU);48,9092000;2,0368000
26290;202000029215;3;8;2020;13:55;1;77;77407;2;1;1;2;FONTAINEBLEAU(AVENUE DE) - D607;48,5294800;2,5453000
26291;202000029216;6;7;2020;00:10;3;77;77186;1;1;1;2;D606 de l'obélisque à limite MORET;48,3798840;2,7778830
26292;202000029217;3;8;2020;23:40;3;77;77070;1;1;1;6;D37;48,7982997;3,1236897
26293;202000029218;1;8;2020;12:00;1;76;76682;1;1;1;7;VILLAGE RUE DU;49,3199634;1,1056633
26294;202000029219;3;8;2020;15:20;1;69;69091;2;1;1;6;PAIX (DE LA) ( R );45,5826938;4,7433830
26295;202000029220;3;8;2020;13:45;1;64;64122;2;1;1;7;MAC CROSKEY ( AVENUE DU GENERAL);43,4926000; -1,5473400
26296;202000029221;3;8;2020;18:05;1;64;64024;2;1;1;1;ADOUR (AVENUE DE L');43,5161100; -1,5015700
26297;202000029222;3;8;2020;16:15;1;64;64102;2;1;1;1;MOULINE DE BACHEFORES (CHEMIN DU);43,4975300; -1,4275000
26298;202000029223;30;7;2020;07:45;1;62;62764;2;6;7;6;FORGE AU FER ( DE LA );50,3011900;2,7865870
26299;202000029224;1;8;2020;18:45;1;49;49007;2;1;1;3;ROE;47,4735200; -0,5539900
26300;202000029225;30;7;2020;20:05;1;49;49246;2;1;1;3;BOUTIN DES VIGNES;47,4378100; -0,5283000
26301;202000029226;31;7;2020;15:37;1;47;47031;1;1;1;3;Avenue de Bigorre;44,1775461;0,6350857
26302;202000029227;31;7;2020;17:45;1;38;38382;1;1;1;4;A48;45,2195000;5,6739900
26303;202000029229;3;8;2020;08:40;1;33;33063;2;2;1;3;RUE DE LALANDE / RUE DE LA MISERICORDE;44,8323900; -0,5751300
26304;202000029230;1;8;2020;11:10;1;31;31555;2;1;1;4;AV CAMILLE PUJOL;43,6007528;1,4629921
26305;202000029231;31;7;2020;14:10;1;31;31555;2;1;1;3;AV PAUL SEJOURNE;43,6059500;1,4280800
26306;202000029232;2;8;2020;01:15;5;30;30189;2;3;1;3;DAYAN GEORGES (AVENUE);43,8205000;4,3407000
26307;202000029233;22;7;2020;18:27;1;22;22278;2;1;1;2;ARMOR (AV. D') COTE IMPAIR;48,5122300; -2,7537200
26308;202000029234;13;7;2020;09:05;1;22;22278;2;1;1;6;SOLIDARITE (DE LA);48,5139700; -2,7402600
26309;202000029235;31;7;2020;20:05;1;21;21390;2;1;1;6;M122A;47,2803800;5,0214400
26310;202000029236;2;8;2020;19:50;1;17;17028;2;2;1;1;GAULLE   AVENUE DU GENERAL DE;46,1333300; -1,1196000
26311;202000029237;3;8;2020;12:15;1;17;17300;2;1;1;4;SARTRE   AVENUE JEAN-PAUL;46,1564500; -1,1274400
26312;202000029238;4;11;2020;18:10;5;81;81099;2;1;1;6;Avenue Charles de Gaulle;43,9017270;1,9025530
26313;202000029239;4;11;2020;09:00;1;87;87156;1;9;1;7;RD 941;45,8437150;1,4077630
26314;202000029240;5;11;2020;18:20;3;76;76001;1;2;1;3;D34;49,5893100;0,6600380
26315;202000029241;18;8;2020;04:20;3;60;60141;1;4;1;1;RD 44;49,2032030;2,4691322
26316;202000029242;4;11;2020;15:15;1;13;13202;1;1;1;-1;A55-Sens Marseille vers Martigues;43,3137000;5,3677750
26317;202000029243;27;10;2020;08:50;2;59;59260;1;1;1;6;AUTOROUTE A16;51,0489710;2,5380360
26318;202000029246;4;11;2020;08:50;1;94;94073;1;9;1;3;A86 EXT;48,7853000;2,3888200
26319;202000029249;3;11;2020;18:50;3;974;97411;1;1;1;5;LITTORAL (ROUTE 1 DU); -20,8798500;55,4040300
26320;202000029250;3;11;2020;07:30;1;974;97411;2;1;1;6;CHAUDRON  (BLD 1 DU); -20,8938820;55,4929150
26321;202000029251;3;11;2020;18:05;5;69;69386;2;5;1;3;VITTON                              (CO);45,7699100;4,8571100
26322;202000029252;3;11;2020;15:45;1;69;69259;2;1;2;1;GAMBETTA                            (R );45,6993500;4,8832700
26323;202000029253;3;11;2020;12:30;1;69;69383;2;3;2;7;JEAN CARDONA                        (R );45,7495738;4,8840957
26324;202000029254;3;11;2020;12:45;1;972;97209;1;1;1;6;SOLEIL LEVANT (BOULEVARD DU);14,6212538; -61,0389742
26325;202000029255;1;11;2020;22:25;5;971;97113;2;1;2;6;BELLE-PLAINE (ROUTE DE);16,2186500; -61,5027700
26326;202000029256;3;11;2020;08:45;1;91;91687;2;1;1;6;MARMONT (AVENUE);48,6662100;2,3759000
26327;202000029257;28;10;2020;08:25;1;83;83069;2;1;1;6;ESCOFFIER (RUE LEON );43,0386310;6,1332350
26328;202000029258;3;11;2020;18:00;5;78;78502;2;1;1;2;VERSAILLES (ROUTE DE);48,8789000;2,1086000
26329;202000029259;31;10;2020;14:30;1;77;77407;2;1;1;6;FONTAINEBLEAU(AVENUE DE);48,5318300;2,5389900
26330;202000029260;2;11;2020;17:22;1;76;76451;2;1;1;-1;MONT AUX MALADES. AVENUE DU;49,4644900;1,0734400
26331;202000029261;3;11;2020;19:00;5;72;72181;1;1;1;6;MESSIAEN OLIVIER (AV) IMPAIRS;48,0158500;0,1518500
26332;202000029262;3;11;2020;11:40;1;69;69029;2;2;2;3;FRANCOIS MITTERRAND                 (AV);45,7380500;4,9226800
26333;202000029263;2;11;2020;10:55;1;67;67482;2;1;1;2;SCHIRMECK (ROUTE DE);48,5626100;7,7003000
26334;202000029264;3;11;2020;16:40;1;64;64445;2;1;2;3;Allees Condorcet;43,3248500; -0,3575400
26335;202000029265;3;11;2020;09:35;1;64;64102;2;3;3;7;FAIENCERIE (IMPASSE DE LA);43,4958000; -1,4912000
26336;202000029266;31;10;2020;17:58;1;63;63113;2;1;1;-1;PUY DE DOME (AVENUE DU);45,7873400;3,0630000
26337;202000029267;29;10;2020;10:55;1;59;59431;2;2;1;-1;ARMENTIERES  (RUE D' );50,6977670;2,8561550
26338;202000029268;1;11;2020;23:25;5;57;57336;2;1;9;6;GARE (RUE DE LA);49,1582800;6,7441200
26339;202000029269;2;11;2020;18:00;5;54;54431;2;3;1;3;D952;48,9292970;6,0379680
26340;202000029270;2;11;2020;17:15;1;54;54498;2;1;1;4;RD 674;48,7165330;6,2577130
26341;202000029271;2;11;2020;10:45;1;54;54395;2;1;1;6;PINCHARD (AVENUE - TAMARIS);48,7030802;6,1544359
26342;202000029272;30;10;2020;10:50;1;49;49007;2;1;2;2;Boulevard du Roi René;47,4689900; -0,5594900
26343;202000029273;21;10;2020;08:50;1;44;44184;2;6;2;6;RD 492 DU RP EINSTEIN AU RP SARRELOUIS;47,2676900; -2,2535000
26344;202000029274;2;11;2020;18:15;5;41;41018;2;3;1;3;LATHAM (RUE) N° PAIRS DU 4 AU 48 INCLUS;47,5996200;1,3081300
26345;202000029275;3;11;2020;09:00;1;35;35051;1;1;1;7;NORMANDIE (PORTE DE);48,1517710; -1,6044440
26346;202000029276;3;11;2020;08:30;1;35;35238;2;1;1;2;SERGENT MAGINOT (AVENUE);48,1099502; -1,6571342
26347;202000029277;3;11;2020;06:50;2;33;33075;2;3;2;3;ALL DU BRION / RUE RAYMOND PEYRAN;44,8749400; -0,6051100
26348;202000029278;3;11;2020;07:20;5;31;31555;1;1;1;2;VA007313 LE CHAPITRE A64 Sortie 38;43,5587500;1,4138200
26349;202000029279;2;11;2020;12:40;1;31;31555;2;2;1;3;RUE DES TROENES;43,6159800;1,4145900
26350;202000029280;3;11;2020;16:45;1;29;29019;2;1;1;6;Rue Jean Jaurès;48,3989664; -4,4726801
26351;202000029281;3;11;2020;10:00;1;27;27701;2;3;1;3;BLANCHE (CH. DE LA VOIE) LOUVIERS A LACS;49,2714300;1,2060700
26352;202000029282;22;10;2020;15:30;1;22;22113;2;1;1;2;CORDIERS (RUE DES);48,7303610; -3,4491945
26353;202000029283;2;11;2020;11:00;1;17;17306;2;4;1;3;EUROPE (COURS DE L');45,6249500; -1,0233400
26354;202000029284;2;11;2020;09:00;1;17;17306;2;1;1;2;ROCHEFORT (DE)  (AVENUE);45,6398130; -1,0248680
26355;202000029285;1;11;2020;13:45;1;14;14167;2;2;1;1;LIBERTE (AVENUE DE LA);49,2022900; -0,2961200
26356;202000029286;2;11;2020;19:50;5;10;10387;2;6;2;2;GEORGES POMPIDOU (RUE);48,2880100;4,0811600
26357;202000029287;3;11;2020;09:40;1;03;03190;2;1;2;3;Rue de Paris;46,5699678;3,3293191
26358;202000029288;2;11;2020;09:25;1;75;75120;2;4;1;6;BOULEVARD PERIPHERIQUE;48,8684920;2,4132270
26359;202000029289;3;11;2020;16:45;1;75;75120;2;3;1;6;RUE DE BAGNOLET;48,8623550;2,4063280
26360;202000029290;2;11;2020;16:10;1;75;75118;2;3;2;3;RUE MARX DORMOY;48,8868310;2,3596380
26361;202000029291;3;11;2020;17:25;2;75;75115;2;1;1;6;RUE LINOIS;48,8472920;2,2847800
26362;202000029292;3;11;2020;11:55;1;75;75115;2;2;1;6;RUE DESAIX;48,8517820;2,2916840
26363;202000029293;3;11;2020;11:45;1;75;75114;2;3;1;6;RUE LECUIROT;48,8291740;2,3206570
26364;202000029294;3;11;2020;21:30;5;75;75113;2;3;1;3;AVENUE D ITALIE;48,8230120;2,3582540
26365;202000029295;3;11;2020;13:25;1;75;75113;2;2;1;3;AVENUE D ITALIE;48,8222060;2,3585200
26366;202000029296;3;11;2020;09:00;1;75;75112;2;1;1;2;BOULEVARD PERIPHERIQUE INTERIEUR SUD;48,8296400;2,4010760
26367;202000029298;3;11;2020;15:25;1;75;75107;2;2;1;2;AVENUE DE LA MOTTE PICQUET;48,8572620;2,3099220
26368;202000029299;3;11;2020;16:50;2;94;94081;2;1;1;5;LUDWIG VAN BEETHOVEN (R);48,7983300;2,3806600
26369;202000029300;3;11;2020;14:05;1;94;94078;2;1;1;1; R DES SAPEURS POMPIERS DE PARIS;48,7261500;2,4504300
26370;202000029301;3;11;2020;10:15;1;94;94068;2;3;1;6;MARIE LOUISE (AV);48,7957839;2,5149733
26371;202000029302;3;11;2020;19:10;5;94;94046;2;1;1;2;FOCH (AV);48,8156180;2,4409180
26372;202000029303;3;11;2020;07:00;2;94;94028;2;9;1;7;SEGUIN(RUE MARC);48,7842420;2,4345460
26373;202000029304;2;11;2020;17:40;5;94;94028;2;3;1;3;FOCH(AVENUE DU MARECHAL);48,7725400;2,4399600
26374;202000029305;2;11;2020;21:10;5;93;93053;2;9;1;3;PIERRE SEMARD (RUE);48,8946880;2,4564456
26375;202000029306;2;11;2020;23:15;5;93;93010;2;1;1;2;ROSNY (AV. DE);48,8947890;2,4705514
26376;202000029307;2;11;2020;07:15;2;92;92048;2;2;1;3;BRUYERES (RUE DES);48,8123489;2,2149226
26377;202000029308;3;11;2020;12:15;1;92;92048;2;1;1;7;PARIS (RUE DE) N° 12 A 164;48,8077143;2,2369355
26378;202000029309;3;11;2020;17:20;5;92;92040;2;1;1;3;GUYNEMER;48,8299100;2,2773300
26379;202000029310;3;11;2020;14:40;1;92;92040;2;2;1;3;PAIX (AVENUE DE LA);48,8166000;2,2750200
26380;202000029311;2;11;2020;06:30;3;68;68310;1;1;1;1;D1b;48,1364520;7,3218510
26381;202000029312;4;11;2020;15:40;1;974;97422;2;3;1;6;171 Rue Jules Bertaut; -21,2820370;55,5142220
26382;202000029313;4;11;2020;11:50;1;83;83070;2;1;1;2;358 avenue du Maréchal Juin;43,1362560;6,3583480
26383;202000029314;4;11;2020;07:50;1;79;79195;2;7;1;6;2 Place Pierre Garnier;46,9550120; -0,5917110
26384;202000029316;3;11;2020;18:20;5;71;71263;2;1;1;3;72 Rue de Beaufort;46,6249870;5,2390520
26385;202000029318;3;11;2020;02:30;3;49;49140;1;1;1;1;D162;47,1757410;0,0258140
26386;202000029320;3;11;2020;14:30;1;29;29165;1;1;1;6;D102 - Lieu Dit Touloupry;47,8375740; -4,2268500
26387;202000029321;3;11;2020;16:00;1;06;06073;1;1;1;7;RM2205 - PR40;44,1904820;7,0319150
26388;202000029322;4;11;2020;16:35;1;973;97309;2;1;2;2;Route de Montjoly;4,9120760; -52,2723990
26389;202000029323;31;10;2020;08:50;1;988;98823;1;1;1;6;Route de Néavin; -21,1662140;165,5043880
26390;202000029324;1;11;2020;17:20;1;988;98817;1;1;1;1;ROUTE DU VALLON DORE; -22,2555930;166,5613500
26391;202000029326;29;10;2020;20:24;3;25;25469;1;1;2;1;D33;47,4966250;6,7375910
26392;202000029327;3;11;2020;11:45;1;89;89030;2;8;1;6;"Départementale D139 - Lieu dit ""LE MAUNOIR""";47,6681760;3,6763329
26393;202000029328;3;11;2020;18:40;2;33;33238;2;1;1;6;9 Cours Mal de Lattre de Tassigny;44,7279200; -0,5982450
26394;202000029329;4;11;2020;13:00;1;35;35244;2;1;1;1;5 Rue de Rennes;48,3758540; -1,4974080
26395;202000029330;30;10;2020;16:00;1;59;59387;2;2;1;3;Rue Emile Zola;50,2868010;3,2635110
26396;202000029331;3;11;2020;21:20;3;59;59523;1;9;9;6;D19;50,5763900;3,1747480
26397;202000029332;2;11;2020;17:00;5;13;13206;1;1;1;6;Tunnel Prado Carénage;43,2705300;5,4213300
26398;202000029333;29;10;2020;18:00;3;69;69278;1;1;1;2;A46N   9.020 A 11.650;45,9069400;4,8379200
26399;202000029334;31;10;2020;23:20;3;59;59009;1;1;1;6;ROUTE NATIONALE 227;50,6382140;3,1427460
26400;202000029335;3;11;2020;17:50;3;91;91216;1;1;1;4;AUTOROUTE A6;48,6865000;2,3264700
26401;202000029336;3;11;2020;12:49;1;94;94038;1;1;1;3;AUTOROUTE A6A;48,7770900;2,3463200
26402;202000029337;3;11;2020;18:20;5;93;93078;1;1;1;4;AUTOROUTE A104;48,9616600;2,5451800
26403;202000029338;2;11;2020;16:45;2;95;95365;1;1;3;6;RN 104;49,0657240;2,4063400
26404;202000029339;3;11;2020;16:00;1;77;77514;1;1;1;4;A104.INT;48,9486702;2,6287130
26405;202000029340;3;11;2020;07:00;2;94;94018;1;1;1;2;A4;48,8245300;2,3939200
26406;202000029342;3;9;2020;15:30;1;27;27681;2;9;1;6;JAURES (BOULEVARD JAURES);49,0957100;1,4642100
26407;202000029343;27;5;2020;22:45;5;75;75116;2;2;1;3;AVENUE DU PRESIDENT WILSON;48,8637640;2,2906930
26408;202000029344;2;11;2020;09:15;1;974;97416;1;9;1;6;DE LA ZONE(ALLEE); -21,3188100;55,4726300
26409;202000029345;1;11;2020;16:30;1;974;97416;2;1;1;7;Chemin Maurice Thorez; -21,2779500;55,4676100
26410;202000029346;2;11;2020;12:10;1;69;69259;2;1;1;3;MARCEL SEMBAT                       (BD);45,7128500;4,8763400
26411;202000029347;2;11;2020;06:35;5;69;69276;2;1;1;7;DEPARTEMENTAL 12                        ;45,6747100;4,8486400
26412;202000029348;2;11;2020;17:00;1;2B;2B033;2;6;1;3;11 - RT;42,6711300;9,4423800
26413;202000029349;2;11;2020;17:50;5;95;95051;2;2;2;1;GENERAL LECLERC (AVENUE);49,0089660;2,1988740
26414;202000029350;29;10;2020;18:25;5;80;80021;2;1;2;6;FEDERES (BOULEVARD DES);49,9009400;2,2987500
26415;202000029351;31;10;2020;02:40;5;76;76341;2;1;1;7;RD 6382;49,5137747;0,1997570
26416;202000029352;1;11;2020;02:15;5;76;76351;1;1;2;6;JULES DURAND (BD);49,4974291;0,1832129
26417;202000029353;1;11;2020;12:40;1;71;71040;2;1;1;6;MARCEL GUEUGNEAU (RUE);46,6993638;4,3928463
26418;202000029354;18;10;2020;18:30;2;68;68066;2;2;1;-1;Route d’Ingersheim;48,0826800;7,3517900
26419;202000029355;31;10;2020;15:00;1;67;67482;2;1;1;5;RHIN TORTU (RUE DU);48,5478000;7,7581300
26420;202000029356;2;11;2020;15:25;1;59;59378;2;1;1;3;Rue Jules Guesde;50,6671100;3,0755900
26421;202000029357;2;11;2020;12:25;1;59;59328;2;6;2;-1;EGALITE AVENUE DE L;50,6563300;3,0341600
26422;202000029358;29;10;2020;13:50;1;56;56036;1;1;1;2;RN 165;47,7748300; -3,3670500
26423;202000029360;2;11;2020;07:03;5;54;54159;2;1;1;7;RD400;48,6178600;6,3523000
26424;202000029361;31;10;2020;05:40;5;50;50129;2;6;1;6;rond point des mielles;49,6446900; -1,5996400
26425;202000029362;30;9;2020;20:42;5;49;49015;2;1;1;7;LURCAT AVENUE JEAN;47,4877800; -0,5868300
26426;202000029363;27;10;2020;13:58;1;47;47032;2;3;1;3;349 Avenue Albert Camus;44,1873660;0,6637580
26427;202000029364;31;10;2020;20:30;5;37;37208;2;1;1;6;GRANDMONT (RUE DE);47,3650268;0,7161605
26428;202000029365;2;11;2020;09:22;1;37;37261;2;2;1;-1;FOURNIER (RUE DU DOCTEUR);47,3853842;0,7016074
26429;202000029366;31;10;2020;18:10;5;37;37261;2;1;2;2;MAGINOT (AV. ANDRE);47,4170598;0,6906633
26430;202000029367;1;11;2020;13:43;1;37;37261;2;1;2;7;ALOUETTE (AVENUE);47,3626249;0,6960229
26431;202000029368;1;11;2020;12:40;1;37;37261;2;1;1;2;CHAUTEMPS (AVENUE CAMILLE);47,3757916;0,7215537
26432;202000029369;2;11;2020;08:05;1;35;35238;1;1;2;4;RN 136;48,0882300; -1,6340100
26433;202000029370;2;11;2020;12:25;1;33;33318;2;2;1;3;AVE DU BOURGAILH / ROCADE A630 Ech13;44,8035400; -0,6621700
26434;202000029371;30;10;2020;19:10;4;31;31555;2;1;1;1;RUE HENRI DESBALS;43,5797500;1,4120400
26435;202000029372;2;11;2020;17:17;2;27;27701;2;3;8;1;avenue des métiers;49,2459000;1,1739000