;Num_Acc;jour;mois;an;hrmn;lum;dep;com;agg;int;atm;col;adr;lat;long
26436;202000029373;2;11;2020;07:35;2;26;26198;2;1;2;3;20 Avenue John Fitzgerald Kennedy;44,5543600;4,7387900
26437;202000029374;29;10;2020;22:50;3;22;22106;1;1;1;2;RN12;48,4966700; -2,7241300
26438;202000029375;2;11;2020;15:20;1;17;17306;2;1;2;6;CHATEAU D'EAU (DU);45,6239200; -1,0353900
26439;202000029376;27;10;2020;07:20;1;13;13108;1;1;1;2;RD 970 ROUTE D'AVIGNON;43,7716200;4,6890100
26440;202000029377;2;11;2020;13:50;1;13;13209;2;3;1;1;VALLON DE TOULOUSE (RUE);43,2680540;5,4183700
26441;202000029378;2;11;2020;10:45;1;13;13203;2;1;1;3;CRIMEE (RUE DE);43,3077720;5,3797830
26442;202000029379;2;11;2020;00:35;5;13;13211;2;1;1;7;MILLIERE (BOULEVARD DE LA );43,2832400;5,4965700
26443;202000029380;30;10;2020;05:15;3;13;13047;1;1;1;7;R.N 569;43,5650700;4,9753900
26444;202000029382;1;11;2020;14:23;1;06;06027;2;1;1;6;COMBES RUE DES;43,6644000;7,1476000
26445;202000029383;29;10;2020;16:30;1;04;04070;2;2;1;3;Allée des fontainiers / rue des charrois;44,0929400;6,2319300
26446;202000029384;2;11;2020;00:55;5;75;75117;2;4;1;6;BOULEVARD PERIPHERIQUE;48,8829940;2,2836200
26447;202000029385;2;11;2020;16:55;3;75;75118;2;3;2;6;BOULEVARD BARBES;48,8852540;2,3495180
26448;202000029386;2;11;2020;09:15;1;75;75118;2;2;1;2;RUE DU POTEAU;48,8977250;2,3375050
26449;202000029387;1;11;2020;13:05;1;75;75116;2;7;1;2;AVENUE GEORGES LAFONT;48,8374930;2,2568030
26450;202000029388;2;11;2020;08:30;1;75;75111;2;3;8;6;PASSAGE CHARLES DALLERY;48,8533040;2,3787270
26451;202000029389;2;11;2020;17:35;2;75;75107;2;2;1;3;PLACE DE L ECOLE MILITAIRE;48,8542710;2,3054490
26452;202000029390;2;11;2020;09:30;1;75;75107;2;3;1;3;RUE DUROC;48,8482960;2,3157650
26453;202000029391;2;11;2020;12:15;1;94;94078;2;2;1;6;PRESIDENT JOHN FITZGERALD KENNEDY (AV DU;48,7313200;2,4588900
26454;202000029392;1;11;2020;22:00;5;94;94046;2;3;2;3;GENERAL LECLERC (AV DU);48,8053800;2,4415700
26455;202000029393;2;11;2020;20:20;5;94;94043;2;1;1;4;FONTAINEBLEAU (AV DE);48,8127500;2,3613700
26456;202000029394;2;11;2020;17:50;5;94;94037;2;1;1;6;GABRIEL PERI (R);48,8100730;2,3497030
26457;202000029396;2;11;2020;08:05;1;94;94017;2;1;1;3;LOUIS TALAMONI (R);48,8129600;2,5133000
26458;202000029397;2;11;2020;13:00;1;94;94078;2;1;1;2;PARIS (R DE);48,7398440;2,4466020
26459;202000029398;2;11;2020;10:00;1;93;93078;2;9;1;2;AV VAUBAN;48,9668200;2,5520900
26460;202000029399;2;11;2020;09:50;1;93;93005;2;1;1;6;PREFET CHALEIL (CD44) (RUE DU);48,9399107;2,5056889
26461;202000029400;2;11;2020;08:54;1;92;92044;2;3;1;6;CARNOT(RUE) 73+ ET 60+;48,8932000;2,2854000
26462;202000029401;3;11;2020;16:30;2;35;35180;1;1;1;1;Lanjouan;48,3021910; -1,9273770
26463;202000029402;3;11;2020;07:05;5;22;22237;2;1;1;6;13 Rue Chateaubriand;48,5307270; -2,2671530
26464;202000029403;1;11;2020;21:55;3;37;37264;1;1;1;7;;47,3277554;0,4726719
26465;202000029404;4;9;2020;00:00;3;59;59485;1;1;2;6;D45;50,1553390;3,4251640
26466;202000029405;2;11;2020;18:00;3;67;67121;1;1;1;2;D208;48,1659240;7,5025620
26467;202000029406;3;11;2020;12:00;1;79;79103;1;1;1;1;;46,7654120; -0,5680270
26468;202000029407;2;11;2020;17:15;2;89;89209;1;3;2;3;D42;48,1641935;2,9437749
26469;202000029408;31;10;2020;15:50;1;46;46145;1;1;1;6;D820;44,9068940;1,4860730
26470;202000029409;2;11;2020;19:10;3;46;46176;1;6;1;6;D802;44,6567940;1,8521620
26471;202000029410;2;11;2020;16:45;1;22;22152;2;6;1;3;Z.a. de Kerfolic;48,7760934; -3,2472699
26472;202000029411;2;11;2020;21:10;3;22;22238;1;1;1;7;Manac'Hti;48,5908730; -3,5660990
26473;202000029412;3;11;2020;12:15;1;44;44211;2;3;1;2;Rue du Rouallo;47,3519080; -2,5079140
26474;202000029413;2;11;2020;12:49;1;29;29279;1;3;1;3;Keridou;48,5762840; -3,9186900
26475;202000029414;1;11;2020;09:00;1;31;31397;1;1;1;6;D632;43,3491633;0,7172251
26476;202000029415;2;11;2020;20:50;3;45;45146;1;1;2;6;D 2020;47,6969100;1,9514680
26477;202000029417;31;10;2020;09:30;1;64;64417;2;3;1;6;23 Rue Clémenceau;43,1796710; -0,2616070
26478;202000029418;30;1;2020;16:55;1;36;36088;2;1;1;6;Rue de l'Egalité;46,9504970;1,9946300
26479;202000029419;2;11;2020;12:40;1;987;98738;2;1;1;3;RT1; -17,6218800; -149,6136460
26480;202000029421;2;11;2020;15:30;1;971;97121;2;1;1;2;Mahault;16,1954090; -61,7817230
26481;202000029422;2;11;2020;17:00;1;78;78562;2;1;1;6;20 Rue Octave Allaire;48,7193280;1,7638690
26482;202000029423;1;11;2020;14:00;1;84;84012;1;1;1;1;D90, route de Lafare;44,1403030;5,0468020
26483;202000029424;3;11;2020;07:50;2;89;89399;1;1;1;6;pk 67+450 a5;48,2591130;3,3261540
26484;202000029425;2;11;2020;20:15;3;54;54090;1;1;2;3;D321;48,7495254;6,1609590
26485;202000029426;28;10;2020;15:40;1;42;42168;1;1;2;7;D62;45,4376780;4,6454790
26486;202000029428;3;11;2020;15:18;1;01;01211;1;1;2;1;D22;46,1292330;5,1915120
26487;202000029429;9;10;2020;16:00;1;59;59178;2;1;1;6;PERRIN (RUE JEAN);50,3974000;3,1034000
26488;202000029430;4;6;2020;12:45;1;01;01451;2;1;1;1;PARIS (ROUTE DE);46,2287520;5,2033480
26489;202000029431;3;6;2020;20:10;1;75;75118;2;1;1;4;PORTE DE CLIGNANCOURT;48,9009840;2,3480380
26490;202000029432;3;6;2020;13:45;1;75;75114;2;1;1;3;PORTE D ORLEANS;48,8198080;2,3270240
26491;202000029433;3;6;2020;18:18;1;75;75113;2;4;1;2;BOULEVARD PERIPHERIQUE EXTERIEUR SUD;48,8186400;2,3706570
26492;202000029434;1;6;2020;18:25;1;75;75105;2;1;1;6;RUE DES FOSSES SAINT BERNARD;48,8483330;2,3545920
26493;202000029435;4;6;2020;13:10;1;75;75120;2;1;1;6;RUE DE BELLEVILLE;48,8723510;2,3778490
26494;202000029436;4;6;2020;16:40;1;75;75118;2;3;8;6;RUE ORDENER;48,8902500;2,3583190
26495;202000029437;4;6;2020;10:05;1;75;75117;2;3;2;6;AVENUE DE CLICHY;48,8929860;2,3160560
26496;202000029439;3;6;2020;23:30;5;75;75108;2;7;3;6;PLACE GABRIEL PERI;48,8753400;2,3248390
26497;202000029440;4;6;2020;12:00;1;75;75114;2;1;2;2;RUE D ALESIA;48,8275690;2,3342550
26498;202000029441;4;6;2020;13:20;1;75;75112;2;1;8;3;AVENUE DE LA PORTE DE VINCENNES;48,8465800;2,4156800
26499;202000029443;3;6;2020;23:14;5;75;75107;2;7;2;7;BOULEVARD DES INVALIDES;48,8505547;2,3145264
26500;202000029444;4;6;2020;14:05;1;75;75102;2;4;1;6;BOULEVARD DE BONNE NOUVELLE;48,8697150;2,3519440
26501;202000029445;2;6;2020;13:30;1;75;75104;2;3;1;3;QUAI DES CELESTINS;48,8511750;2,3624200
26502;202000029446;3;6;2020;20:28;1;94;94078;2;1;1;2;HUIT MAI 1945 (AV DU);48,7279600;2,4457500
26503;202000029447;2;6;2020;19:30;1;94;94041;2;3;1;3;HOCHE (R);48,8120700;2,3712700
26504;202000029448;4;6;2020;17:30;1;94;94028;2;1;2;6;TASSIGNY(AVE DU MARECHAL DE LATTRE DE);48,8008000;2,4505000
26505;202000029450;1;10;2020;08:00;5;93;93008;1;1;2;2;A86;48,9635000;2,5216000
26506;202000029451;3;6;2020;23:30;5;93;93071;2;3;2;3;LIEGEARD (AVENUE);48,9276387;2,5194093
26507;202000029452;1;10;2020;10:15;1;92;92036;1;1;2;3;AUTOROUTE A15;48,9396300;2,2945200
26508;202000029453;4;6;2020;12:35;1;93;93077;2;2;2;3;DETOUCHE (AVENUE);48,8847100;2,5115600
26509;202000029454;1;10;2020;08:40;1;93;93066;1;1;2;3;AUTOROUTE A1;48,9293200;2,3609800
26510;202000029455;2;10;2020;16:30;1;94;94073;1;9;2;3;A86 EXT;48,7702510;2,3831200
26511;202000029456;4;6;2020;12:30;1;93;93027;2;2;2;3;VAILLANT-COUTURIER (AVENUE PAUL);48,9179639;2,4076631
26512;202000029457;25;2;2020;18:00;2;52;52121;2;1;1;2;ROBESPIERRE (RUE);48,1026600;5,1346200
26513;202000029459;4;6;2020;19:15;1;93;93047;2;3;2;3;BD DE L'EUROPE / AV DES MESANGES;48,8967960;2,5637270
26514;202000029460;1;1;2020;20:15;5;93;93031;2;3;2;2;PARIS (RUE DE);48,9539300;2,3108500
26515;202000029462;30;9;2020;17:40;1;974;97416;2;1;1;3;FLAMBOYANTS (CHEMIN) L400; -21,2790200;55,5001800
26516;202000029463;4;6;2020;10:05;1;93;93005;1;1;2;4;R PAUL CEZANNE;48,9547500;2,5101000
26517;202000029464;1;10;2020;18:55;5;973;97302;2;1;1;3;TIGRE (ROUTE DU);4,9145447; -52,3098725
26518;202000029465;5;6;2020;20:30;1;22;22056;2;1;1;7;Rue des Rochers;48,3835610; -1,9811330
26519;202000029466;1;10;2020;13:10;1;973;97302;2;6;7;6;BADUEL (ROUTE DE);4,9331494; -52,3095560
26520;202000029467;3;6;2020;11:07;1;49;49244;1;3;1;3;La Perriere (st Laurent Mo (Saint-Laurent-du-Mottay);47,3625740; -0,9744470
26521;202000029468;4;6;2020;11:35;1;47;47225;1;1;8;6;D656 PK 53+600;44,1550630;0,5511888
26522;202000029469;1;10;2020;22:00;5;69;69383;2;3;1;3;LACASSAGNE                          (AV);45,7463800;4,8857900
26523;202000029470;5;6;2020;17:00;1;62;62008;1;1;1;5;D225;50,7179820;2,1032380
26524;202000029471;1;10;2020;11:05;1;69;69386;2;2;3;3;VITTON                              (CO);45,7702632;4,8607754
26525;202000029472;26;5;2020;02:30;5;33;33287;2;1;1;6;Le Bourg Sud;44,5669800;0,0349300
26526;202000029473;1;10;2020;07:45;1;69;69259;2;1;1;2;MARC SEGUIN                             ;45,7162900;4,8635100
26527;202000029474;3;6;2020;14:27;1;21;21599;1;1;3;3;A31;47,6014030;5,2012320
26528;202000029475;1;10;2020;00:25;5;69;69387;2;8;1;3;TONY GARNIER                        (AV);45,7315200;4,8241600
26529;202000029476;5;6;2020;18:40;1;83;83036;2;1;1;6;Avenue de Saint-raphaël;43,1850490;6,5450780
26530;202000029477;4;6;2020;20:25;1;19;19151;1;1;2;6;A20;45,1060000;1,5163550
26531;202000029479;30;9;2020;11:44;1;972;97209;1;1;1;6;ARAWAKS (AVENUE DES);14,6185300; -61,0402600
26532;202000029480;30;9;2020;08:45;1;69;69389;2;1;1;6;COMBATTANTS D'A.F.N. 1952-1962 (DES)(R );45,7695200;4,7999000
26533;202000029481;4;6;2020;23:40;5;974;97415;2;1;1;7;Rue des Caramboles; -20,9800730;55,3225890
26534;202000029482;1;10;2020;12:55;1;91;91377;2;1;1;2;LONGJUMEAU (RUE DE);48,7279000;2,2799000
26535;202000029483;4;6;2020;17:25;1;19;19028;2;1;2;3;Route du Saut de la Saule;45,3915249;2,4960964
26536;202000029484;4;6;2020;12:20;1;59;59663;1;1;1;2;2689 Route de Bergues;50,9077040;2,4539520
26537;202000029485;1;10;2020;08:25;1;91;91027;2;1;2;5;FRANCOIS MITTERRAND (AVENUE);48,6990400;2,3718400
26538;202000029486;5;6;2020;09:45;1;74;74011;1;1;2;1;D 16;45,9181390;6,1867140
26539;202000029487;22;9;2020;09:40;1;89;89387;2;1;1;3;PONT NEUF (BOULEVARD DU);48,2045100;3,2727000
26540;202000029488;24;9;2020;12:55;1;86;86194;2;1;1;2;Route de Parthenay;46,6019940;0,3151170
26541;202000029489;4;6;2020;19:15;1;79;79062;1;1;8;7;;46,8427280; -0,6750580
26542;202000029490;25;9;2020;14:00;1;83;83137;2;8;1;3;BLONDEL (RUE ANDRE);43,1227430;5,9755650
26543;202000029491;4;6;2020;13:45;1;12;12099;1;4;1;1;D902;43,7990600;2,9388070
26544;202000029492;24;9;2020;18:00;1;83;83126;2;1;8;6;DE GAULLE (AV CHARLES);43,0906300;5,8812100
26545;202000029493;28;9;2020;21:56;5;78;78646;2;2;1;3;ORANGERIE (RUE DE L');48,7996800;2,1244600
26546;202000029494;29;5;2020;08:40;1;68;68059;2;1;1;6;18 Rue de Cernay;47,7230380;7,1547010
26547;202000029495;25;9;2020;13:46;1;78;78646;2;1;2;3;CEINTURE (RUE DE LA);48,8089500;2,1501900
26548;202000029496;3;6;2020;15:40;1;22;22222;2;3;1;3;17 Le Chêne Vert;48,6877360; -2,9310830
26549;202000029497;1;10;2020;22:00;3;78;78440;2;1;1;1;BOUAFLE (ROUTE DE);48,9731790;1,9105380
26550;202000029498;2;6;2020;17:25;1;38;38034;1;3;1;3;Chemin de Pommier;45,3465770;5,0640960
26551;202000029499;25;9;2020;18:14;1;77;77288;2;2;1;3;EDMOND MICHELET (RUE);48,5488500;2,6549700
26552;202000029500;4;6;2020;23:30;3;38;38181;1;1;2;6;Route des Thermes;45,3462340;5,9836330
26553;202000029501;4;6;2020;19:30;2;01;01204;1;1;2;1;D1084;46,1635520;5,6996300
26554;202000029502;30;9;2020;20:25;5;76;76351;2;2;2;2;CALIGNY (DE);49,4932000;0,1007800
26555;202000029503;3;6;2020;12:00;1;01;01321;1;2;1;3;D81;46,1609840;5,3455000
26556;202000029504;25;9;2020;11:50;1;73;73065;1;1;1;4;N201 VOIE RAPIDE URBAINE;45,5757300;5,9270400
26557;202000029505;1;10;2020;15:00;1;69;69264;2;6;8;-1;BURDEAU BD;45,9961100;4,7252900
26558;202000029506;19;5;2020;03:10;3;58;58088;1;1;1;3;d977;47,0236260;3,2120420
26559;202000029507;4;6;2020;17:23;1;50;50405;1;3;1;7;1 Rue Sainte Anne;49,2800890; -1,4218070
26560;202000029508;26;9;2020;10:30;1;69;69264;2;1;2;-1;NATIONALE  R;45,9949600;4,7191100
26561;202000029509;1;10;2020;06:20;3;67;67218;1;1;1;1;23 NOVEMBRE (RUE DU);48,5320900;7,7066100
26562;202000029510;4;6;2020;16:30;1;73;73010;1;1;2;3;D911 Route des Bauges;45,7387770;5,9687520
26563;202000029511;1;10;2020;17:20;1;64;64445;2;6;1;3;Rond Point des Allees de Morlaas;43,3080010; -0,3393190
26564;202000029512;1;10;2020;00:35;5;64;64024;2;1;1;6;ETCHECOPAR (ALLEE);43,4648964; -1,5297389
26565;202000029513;5;6;2020;11:49;1;18;18061;1;2;2;2;RN 151;47,1417120;2,8005640
26566;202000029514;30;9;2020;14:30;1;64;64102;2;3;1;3;LEGION TCHEQUE (AVENUE DE LA);43,4938000; -1,4938000
26567;202000029515;4;6;2020;15:00;1;10;10162;2;4;8;3;Rue des deux Châteaux;48,2157660;4,2123400
26568;202000029516;24;9;2020;15:50;1;63;63032;2;6;1;2;AUBIERE (ROUTE D');45,7484800;3,0943500
26569;202000029517;1;6;2020;10:00;1;07;07011;1;1;1;6;Le Pont de l'Huile;44,7153840;4,3605320
26570;202000029518;30;9;2020;16:25;1;62;62193;2;5;8;3;LHEUREUX (RUE L.);50,9400800;1,8707700
26571;202000029519;28;5;2020;20:00;1;21;21591;1;1;1;7;La Grande Sommière;47,4313100;5,0341440
26572;202000029520;5;6;2020;12:35;1;40;40231;1;1;2;6;D817;43,5620500; -1,1658170
26573;202000029521;1;10;2020;07:45;2;61;61001;2;3;2;3;DENIS PAPIN (RUE);48,4335200;0,0981500
26574;202000029522;4;6;2020;13:40;1;24;24311;1;1;1;1;Saint-Martin-le-Pin;45,5438700;0,6515410
26575;202000029523;29;9;2020;12:15;1;59;59437;1;1;2;1;MONT DE TEMPLEMARS RUE DU;50,5745700;3,0282400
26576;202000029524;29;9;2020;06:55;5;59;59329;2;1;2;6;Rue Faidherbe;50,3518800;3,0617400
26577;202000029526;30;9;2020;17:00;1;59;59017;2;1;1;2;COMINES (RUE DE);50,6809019;2,8799347
26578;202000029527;4;6;2020;15:15;1;27;27261;1;1;1;7;chemin les teurquerines;49,2217180;0,9715550
26579;202000029529;30;5;2020;12:20;1;52;52140;1;1;1;6;D619;48,2223510;4,8488120
26580;202000029530;30;9;2020;13:00;1;56;56098;2;1;1;6;Parking du Mac Donalds;47,7775900; -3,3426700
26581;202000029531;3;6;2020;17:15;1;88;88075;1;1;1;2;Route du Chajoux;48,0136260;6,8891470
26582;202000029534;30;9;2020;19:15;2;54;54395;2;2;8;3;LOBAU (BOULEVARD);48,6915900;6,1927400
26583;202000029535;4;6;2020;11:10;1;74;74264;2;1;2;6;Avenue du Crozet;46,0636180;6,5497320
26584;202000029537;30;9;2020;17:15;1;54;54395;2;1;1;6;JOFFRE (Boulevard);48,6881400;6,1777600
26585;202000029538;15;2;2020;05:10;3;73;73104;1;1;1;4;A43;45,5560190;5,7570510
26586;202000029539;4;6;2020;19:30;3;986;98613;2;1;1;6;Allée Thomas JOHNSTON; -22,2365420;166,4396480
26587;202000029540;30;9;2020;12:14;1;49;49007;2;1;1;7;MONTESQUIEU PASSAGE;47,4722300; -0,5849600
26588;202000029541;1;10;2020;08:52;1;45;45286;2;1;2;3;DE GAULLE (RUE DU GENERAL);47,8896400;1,9236400
26589;202000029543;30;9;2020;10:05;1;44;44184;2;3;1;6;VILLENEUVE (AVENUE DE);47,2812700; -2,2424800
26590;202000029544;4;6;2020;14:00;1;29;29147;1;2;1;6;Route de Concarneau à Plouay;47,8695170; -3,6030650
26591;202000029545;30;9;2020;17:20;1;38;38185;2;7;1;3;Place Gustave Rivet;45,1821000;5,7274000
26592;202000029546;4;6;2020;11:25;1;37;37003;2;1;8;6;33 Quai du Général de Gaulle;47,4109688;0,9760410
26593;202000029547;30;9;2020;09:00;1;38;38151;2;9;1;1;Avenue Victor Hugo;45,1542100;5,7122900
26594;202000029548;5;6;2020;14:30;1;91;91111;2;1;8;6;4 Impasse de Chantereine;48,6466450;2,1201360
26595;202000029549;19;5;2020;17:25;1;91;91129;2;9;1;2;37 Avenue d'Arpajon;48,4903270;2,3507790
26596;202000029550;3;6;2020;13:45;1;78;78128;2;1;1;3;1 rue de la vallée;48,6745410;1,9619610
26597;202000029551;1;10;2020;15:30;1;34;34172;2;2;1;3;8 MAI 1945 (PLACE DU);43,6008900;3,8681700
26598;202000029552;30;9;2020;18:45;1;34;34172;2;1;1;3;PONT JUVENAL (AVENUE DU);43,6055629;3,8875922
26599;202000029553;1;10;2020;21:00;4;33;33063;2;3;2;2;QUAI DE BRAZZA;44,8559600; -0,5496500
26600;202000029554;1;10;2020;23:53;5;29;29232;2;1;3;7;Rue du 19 Mars 1962;47,9888422; -4,1110647
26601;202000029555;29;9;2020;12:50;1;29;29232;2;2;1;6;Rue du Parc;47,9945650; -4,1044250
26602;202000029556;1;10;2020;07:45;2;27;27681;1;1;2;1;RELIGIEUSES (CHEMIN);49,0739700;1,4684200
26603;202000029557;22;5;2020;15:00;1;74;74045;1;1;1;1;Route de l'Épine;45,7962020;6,3674890
26604;202000029558;1;6;2020;11:15;1;07;07032;1;3;1;7;Quartier Taverne;44,6641027;4,5674346
26605;202000029559;30;9;2020;13:00;1;27;27229;2;1;2;4;ALLENDE (BOULEVARD DU PRESIDENT);49,0040681;1,1471511
26606;202000029560;3;6;2020;11:30;1;65;65059;2;1;1;2;17 Route de Toulouse;43,0713880;0,1578000
26607;202000029561;1;10;2020;12:10;1;25;25056;2;1;2;7;FAURE;47,2430600;6,0172100
26608;202000029562;28;9;2020;11:30;1;22;22278;2;1;1;7;BERTHOLLET;48,5031470; -2,7450085
26609;202000029563;5;6;2020;05:45;3;09;09334;2;1;9;6;CD 8;42,7679980;1,5004280
26610;202000029564;30;9;2020;16:15;1;22;22113;2;2;3;3;YAUDET (ROUTE DU);48,7315630; -3,4803110
26611;202000029565;1;10;2020;11:30;1;17;17028;2;1;1;3;SALENGRO   AVENUE ROGER;46,1401000; -1,1330400
26612;202000029566;3;6;2020;19:50;1;35;35066;2;4;2;1;RD 34;48,0404120; -1,6880850
26613;202000029567;1;10;2020;07:05;5;17;17300;2;1;2;7;CIMETIERE   AVENUE DU;46,1642500; -1,1251400
26614;202000029568;1;10;2020;11:05;1;15;15014;2;1;3;6;MILHAUD (AVENUE);44,9227700;2,4378100
26615;202000029569;5;6;2020;08:20;1;27;27234;1;1;1;7;N154;49,0268894;1,1896100
26616;202000029570;1;10;2020;22:10;5;14;14118;2;2;1;1;GUILLOU (BOULEVARD YVES);49,1725100; -0,3812300
26617;202000029571;4;6;2020;22:50;5;60;60342;2;5;1;6;10 Rue du 8 Mai 1945;49,3035892;2,4441238
26618;202000029572;5;6;2020;18:25;1;60;60103;1;1;8;7;route nationale 31;49,4170810;2,2425090
26619;202000029573;1;10;2020;04:55;5;13;13208;2;6;1;3;PIERRE GUERRE (ROND-POINT);43,2503300;5,3887400
26620;202000029574;4;6;2020;06:53;2;13;13085;1;1;3;7;A50-Sens Toulon vers Aubagne;43,2557550;5,5940129
26621;202000029575;1;10;2020;19:00;2;13;13206;2;2;1;3;STANISLAS TORRENTS (RUE);43,2889000;5,3776400
26622;202000029576;4;6;2020;01:53;5;13;13207;1;1;2;6;Tunnel du vieux-port;43,2917770;5,3661570
26623;202000029577;3;6;2020;10:00;1;13;13085;1;1;1;3;Sens Toulon vers Aubagne;43,2483200;5,5984600
26624;202000029579;4;6;2020;05:25;5;33;33063;1;1;2;5;ROCADE A 630;44,8812400; -0,5433200
26625;202000029580;1;10;2020;06:20;5;13;13002;2;1;1;6;GENERAL LECLERC (AVENUE DU);43,3446742;5,4867854
26626;202000029581;4;6;2020;09:50;1;91;91659;1;1;3;3;AUTOROUTE A6;48,5781000;2,4632100
26627;202000029582;4;6;2020;09:20;1;94;94003;1;1;3;7;AUTOROUTE A6A;48,8088600;2,3398000
26628;202000029583;1;10;2020;08:20;1;13;13205;2;1;1;3;JEAN MOULIN (BOULEVARD);43,2890950;5,4000620
26629;202000029584;4;6;2020;11:25;1;78;78646;2;1;1;6;RN12;48,7912390;2,0718330
26630;202000029586;4;6;2020;06:35;1;92;92063;1;9;2;6;A86;48,8728159;2,1569681
26631;202000029587;30;9;2020;17:30;1;10;10387;2;2;1;1;HENRI BARBUSSE (RUE);48,2988820;4,0865690
26632;202000029588;3;6;2020;18:00;1;92;92050;2;1;1;2;A86;48,9073656;2,2124782
26633;202000029589;1;10;2020;15:45;1;06;06088;2;1;1;6;PASTEUR (BD);43,7116400;7,2800900
26634;202000029590;3;6;2020;14:25;1;78;78322;2;1;1;3;RN12 INT;48,7867700;2,1508040
26635;202000029591;30;9;2020;23:10;5;06;06083;1;1;1;3;DE GAULLE (AVENUE GENERAL);43,7600000;7,4800000
26636;202000029592;1;10;2020;12:15;1;02;02408;2;1;2;7;MINIMES (RUE DES);49,5744400;3,6473700
26637;202000029593;4;6;2020;15:55;1;93;93064;1;1;1;6;AUTOROUTE A103;48,8878700;2,4724100
26638;202000029594;1;10;2020;00:55;5;75;75116;2;1;1;2;BOULEVARD PERIPHERIQUE;48,8578070;2,2595460
26639;202000029595;4;6;2020;12:40;1;93;93078;1;1;2;6;AUTOROUTE A104;48,9668900;2,5133000
26640;202000029596;30;9;2020;18:20;1;75;75105;2;4;1;5;QUAI SAINT BERNARD;48,8468380;2,3609930
26641;202000029597;4;6;2020;11:45;1;93;93027;1;1;2;2;AUTOROUTE A86;48,9280800;2,4109100
26642;202000029598;1;10;2020;12:00;1;75;75120;2;7;2;3;PLACE DE LA PORTE DE BAGNOLET;48,8644980;2,4085070
26643;202000029599;4;6;2020;09:00;1;93;93066;1;1;2;7;AUTOROUTE A1;48,9185300;2,3573500
26644;202000029600;1;10;2020;07:18;5;75;75118;2;2;2;3;BOULEVARD NEY;48,8977340;2,3290250
26645;202000029602;3;6;2020;20:40;1;93;93005;1;1;1;7;AUTOROUTE A104;48,9742100;2,4891300
26646;202000029603;1;10;2020;13:45;1;75;75117;2;4;2;3;BOULEVARD BESSIERES;48,8948880;2,3152900
26647;202000029604;3;6;2020;08:20;1;93;93053;1;1;1;2;AUTOROUTE A3;48,8814100;2,4540100
26648;202000029606;1;10;2020;07:05;2;75;75117;2;2;2;3;RUE VERNIER;48,8839740;2,2908790
26649;202000029607;4;6;2020;14:45;1;77;77058;1;1;2;-1;A4;48,8292720;2,7415150
26650;202000029608;1;10;2020;00:30;5;75;75117;2;7;2;2;AVENUE DE NEUILLY;48,8786700;2,2800110
26651;202000029609;3;6;2020;15:00;1;94;94017;1;1;1;7;A4;48,8296000;2,4923100
26652;202000029610;1;10;2020;10:00;1;75;75114;2;1;2;3;AVENUE PAUL VAILLANT COUTURIER;48,8165190;2,3379370
26653;202000029611;3;2;2020;21:45;5;35;35238;2;2;3;6;LIBERTE (BD DE LA);48,1074900; -1,6778300
26654;202000029612;1;10;2020;08:50;1;75;75113;2;3;2;6;RUE ABEL HOVELACQUE;48,8316650;2,3527500
26655;202000029613;26;2;2020;17:55;2;93;93050;2;1;3;3;R LOUIS VANNINI;48,8662700;2,5260600
26656;202000029614;2;6;2020;14:08;1;988;98818;2;1;1;3;RUE JULES GARNIER; -22,2887200;166,4439300
26657;202000029615;1;10;2020;17:05;1;75;75113;2;2;2;6;BOULEVARD MASSENA;48,8240410;2,3770110
26658;202000029616;2;6;2020;11:10;1;974;97409;2;1;1;3;ILE DE FRANCE(AVENUE); -20,9562000;55,6400000
26659;202000029617;1;10;2020;14:40;1;75;75112;2;1;2;3;BOULEVARD DE BERCY;48,8400990;2,3815380
26660;202000029618;2;6;2020;19:45;1;69;69202;2;3;1;2;BARON DU MARAIS (DU)                (BD);45,7353809;4,8047770
26661;202000029619;1;10;2020;14:50;1;75;75111;2;1;8;3;BOULEVARD RICHARD LENOIR;48,8545160;2,3700510
26662;202000029620;3;6;2020;12:00;1;69;69081;2;1;1;6;LIBERATION (DE LA)                      ;45,7755400;4,7782200
26663;202000029621;1;10;2020;17:35;1;75;75119;2;2;8;3;AVENUE DE LA PORTE D AUBERVILLIERS;48,8997170;2,3711280
26664;202000029622;3;6;2020;02:50;3;91;91432;1;1;1;7;D 118;48,7135500;2,3453600
26665;202000029623;3;6;2020;20:10;1;91;91477;2;1;1;6;LEON BOURGEOIS (RUE);48,7011700;2,2339900
26666;202000029624;1;10;2020;11:50;1;75;75110;2;2;8;7;BOULEVARD DE MAGENTA;48,8737630;2,3583290
26667;202000029625;3;6;2020;19:55;1;91;91345;2;1;1;6;PRESIDENT FRANCOIS MITTERAND;48,6967800;2,2948900
26668;202000029626;1;10;2020;18:55;1;75;75108;2;3;1;3;RUE LA BOETIE;48,8730690;2,3115290
26669;202000029627;3;6;2020;13:50;1;91;91161;2;9;1;1;MAZARIN (AVENUE);48,7051400;2,3140600
26670;202000029629;29;5;2020;08:06;1;91;91103;2;1;1;3;FRANCE ANATOLE (RUE);48,6080600;2,3046000
26671;202000029630;1;10;2020;10:15;1;75;75108;2;7;2;7;PLACE DE LA CONCORDE;48,8666580;2,3220090
26672;202000029631;28;5;2020;20:10;1;91;91425;2;1;1;6;FORT PAUL (RUE);48,6441000;2,2632100