;Num_Acc;jour;mois;an;hrmn;lum;dep;com;agg;int;atm;col;adr;lat;long
26673;202000029633;2;6;2020;17:15;1;80;80164;2;1;1;2;MARIUS PETIT (RUE);49,8873800;2,3451400
26674;202000029635;3;6;2020;15:00;1;78;78650;2;7;1;6;REPUBLIQUE (PLACE DE LA);48,8978100;2,1139000
26675;202000029636;3;6;2020;16:50;1;77;77210;2;1;8;6;GARENNE (RUE DE LA );48,3875800;2,9026600
26676;202000029637;1;10;2020;21:20;5;75;75107;2;2;8;3;PONT ALEXANDRE III;48,8628280;2,3134660
26677;202000029638;29;5;2020;15:45;1;76;76486;1;1;1;7;RD 932 (AVENUE DU CIRCUIT);49,3244100;0,9990600
26678;202000029639;1;10;2020;10:25;1;75;75115;2;2;2;3;BOULEVARD DE GRENELLE;48,8525040;2,2905880
26679;202000029640;30;5;2020;17:37;1;76;76681;1;1;1;2;INDUSTRIEL. BOULEVARD (CD 18E);49,4155708;1,1072159
26680;202000029641;1;10;2020;17:00;1;75;75102;2;2;2;7;RUE REAUMUR;48,8681480;2,3436260
26681;202000029642;2;6;2020;14:40;1;76;76681;2;2;1;3;CORNEILLE. RUE PIERRE;49,4181900;1,0971900
26682;202000029643;31;5;2020;17:35;1;74;74218;2;1;1;7;FRESNES (RUE DES);46,3844300;6,5697700
26683;202000029644;30;9;2020;06:45;2;94;94067;2;1;1;3;COMMANDANT RENE MOUCHOTTE (R DU);48,8370000;2,4140000
26684;202000029645;3;6;2020;14:00;1;71;71040;2;1;1;6;Rue des Rompois;46,6896756;4,3846826
26685;202000029646;1;10;2020;19:20;4;94;94046;2;1;1;2;REPUBLIQUE (AV DE LA);48,8040800;2,4369200
26686;202000029647;3;6;2020;08:46;1;68;68066;2;9;1;6;NEUF BRISACH (ROUTE DE);48,0800640;7,3686410
26687;202000029648;30;9;2020;12:44;1;94;94016;2;2;1;3;BEL AIR (R DU);48,7964560;2,3240180
26688;202000029649;2;6;2020;19:55;2;67;67204;2;1;1;3;ALBERT SCHWEITZER (PLACE);48,6219278;7,7673072
26689;202000029650;1;10;2020;14:35;1;94;94065;2;1;2;4;RN 186;48,7540909;2,3508385
26690;202000029651;30;9;2020;11:50;1;94;94028;2;9;1;3;POMPADOUR(CARREFOUR);48,7747170;2,4392220
26691;202000029652;2;6;2020;16:45;1;67;67482;2;1;1;1;REDOUTE (RUE DE LA);48,5333168;7,7754357
26692;202000029654;1;10;2020;05:20;3;94;94022;2;1;3;3;ALLIES (BD DES);48,7647000;2,4054700
26693;202000029655;3;6;2020;13:40;1;64;64348;2;6;2;3;EUROPE DE L';43,3259000; -0,3867000
26694;202000029656;29;9;2020;23:00;5;94;94055;2;2;1;3;PROVINS (RTE DE);48,7955400;2,5502300
26695;202000029658;1;10;2020;13:40;1;93;93078;2;1;1;6;FOUCHET (RUE MAX POL);48,9581440;2,5517553
26696;202000029659;3;6;2020;02:00;5;59;59360;2;1;1;3;JOFFRE RUE DU MARECHAL;50,6165746;3,0051738
26697;202000029660;1;10;2020;18:41;5;93;93049;2;1;1;3;MEAUX (CHEMIN);48,8634946;2,5144784
26698;202000029661;2;6;2020;16:05;1;59;59648;2;1;1;6;CLEMENCEAU RUE;50,5984300;3,0522800
26699;202000029662;3;6;2020;18:30;1;51;51454;2;3;1;2;Route de Witry;49,2671128;4,0655581
26700;202000029663;1;10;2020;21:50;5;93;93007;2;1;1;6;"""JEAN JAURES (AVENUE """"DU 01 AU 19"""")""";48,9246700;2,4707100
26701;202000029664;2;6;2020;17:40;1;51;51172;2;6;1;2;Boulevard d’Alsace Lorraine;49,2197817;4,0409274
26702;202000029665;28;9;2020;18:30;1;92;92063;2;1;1;-1;BONAPARTE (AVENUE NAPOLEON) NORD;48,8762400;2,1706500
26703;202000029666;26;5;2020;17:15;1;50;50129;2;1;1;7;LEMONNIER (AVENUE AMIRAL);49,6339200; -1,6082900
26704;202000029667;30;9;2020;19:30;2;92;92020;2;8;2;6;PARIS AVENUE DE N°2 A82;48,8055250;2,2909930
26705;202000029668;29;5;2020;18:38;1;49;49007;2;1;1;6;MAINE;47,4793200; -0,5460400
26706;202000029669;1;10;2020;10:56;1;92;92020;2;1;2;2;VERDUN AVENUE DE AUTRES N°;48,7950864;2,2739618
26707;202000029670;29;5;2020;13:10;1;49;49007;2;1;1;3;ALLONNEAU(AUGUSTE) BOULEVARD;47,4809000; -0,5274000
26708;202000029671;1;10;2020;15:15;1;92;92026;2;2;2;2;MARECHAL JOFFRE (QUAI DU);48,9029900;2,2835220
26709;202000029672;29;5;2020;15:30;1;49;49007;2;1;1;3;MARCEAU;47,4663300; -0,5593300
26710;202000029673;1;10;2020;13:18;1;92;92026;2;1;2;3;LEONARD DE VINCI;48,8968390;2,2371400
26711;202000029674;29;5;2020;10:45;1;49;49007;2;1;1;6;BRISSAC;47,4641100; -0,5504100
26712;202000029675;22;5;2020;11:53;1;92;92025;2;1;1;6;HENRI BARBUSSE (AV);48,9171190;2,2527110
26713;202000029676;29;5;2020;11:40;1;49;49007;2;1;1;2;MONPLAISIR BOULEVARD;47,4912200; -0,5288000
26714;202000029679;3;6;2020;11:40;1;38;38151;2;1;2;3;Avenue du 8 Mai 1945;45,1451800;5,7166700
26715;202000029680;3;6;2020;01:45;5;37;37150;2;1;1;6;D34;47,3832712;0,4245785
26716;202000029681;4;6;2020;00:10;5;34;34172;2;3;2;3;TOULOUSE (AVENUE DE;43,5952200;3,8618800
26717;202000029682;1;10;2020;11:30;1;92;92044;2;2;2;3;CHARLES PASQUA(QUAI) 2 A 30;48,8966600;2,2732200
26718;202000029683;3;6;2020;20:35;1;33;33522;2;2;1;3;CRS DE LA LIBERATION / AVE ROUL / AVE MARECHAL LECLERC;44,8068600; -0,5917500
26719;202000029684;1;10;2020;19:15;1;92;92012;2;5;1;1;GALLIENI (RUE) 1/53 - 2/48;48,8376000;2,2479000
26720;202000029685;2;10;2020;16:50;1;62;62453;1;1;2;6;D133;50,5437600;2,2041700
26721;202000029686;3;6;2020;11:20;1;33;33039;2;3;1;2;BD ALBERT 1ER / RUE THERESE ET LAURENT PUYOOU;44,8130519; -0,5625983
26722;202000029687;3;9;2020;14:50;1;91;91544;1;1;1;6;D49;48,3666430;2,1394070
26723;202000029688;3;6;2020;10:20;1;33;33318;2;2;1;2;AVE PASTEUR / RUE ANDRE PUJOL;44,8059318; -0,6325860
26724;202000029689;3;6;2020;07:25;1;31;31555;2;1;1;3;RTE D ESPAGNE;43,5669000;1,4249700
26725;202000029690;29;9;2020;07:55;2;57;57604;2;1;2;6;30 Rue de l'Europe;49,4482340;6,3698710
26726;202000029692;2;6;2020;19:00;1;22;22278;2;1;1;3;RIBOT (THEODULE);48,5168345; -2,7773738
26727;202000029693;1;10;2020;10:05;1;21;21247;1;1;2;1;A6;47,4876000;4,1490230
26728;202000029694;3;6;2020;15:20;1;22;22113;1;1;1;5;TREGASTEL (ROUTE DE);48,7662300; -3,4797800
26729;202000029695;3;6;2020;13:40;1;19;19275;2;2;1;3;CARNOT (AVENUE) N° PAIRS;45,5478716;2,3108497
26730;202000029696;30;8;2020;12:10;1;87;87177;1;1;1;-1;D32;45,8429120;1,0954570
26731;202000029697;3;6;2020;06:15;1;17;17461;1;1;1;7;TOURNESOLS (CHEMIN DES);45,6535400; -1,0527300
26732;202000029698;1;10;2020;16:05;1;62;62285;1;1;1;1;D5;50,1863240;2,9014640
26733;202000029699;2;6;2020;10:00;1;14;14366;2;3;1;6;SIX JUIN (AVENUE DU);49,1436000;0,2198200
26734;202000029700;1;10;2020;05:20;5;51;51030;2;1;1;7;Rue des Carelles (Ay);49,0511352;4,0147916
26735;202000029701;3;6;2020;17:30;1;13;13209;2;1;1;3;SORMIOU (CHEMIN DE);43,2324000;5,4000000
26736;202000029702;1;10;2020;11:45;1;19;19273;1;1;8;6;Mathé;45,0657920;1,5627190
26737;202000029703;1;10;2020;16:45;1;19;19276;2;1;8;1;Route de Limoges;45,4349000;1,5646290
26738;202000029704;3;6;2020;07:55;1;13;13212;2;1;1;3;TREVARESSE (TRAV DE LA) ;43,2966770;5,4134430
26739;202000029705;28;9;2020;15:50;1;19;19104;2;3;1;3;Route des Buyses;45,5402210;1,5801910
26740;202000029707;1;10;2020;13:00;1;80;80815;1;1;9;1;chemin communale 11 vron;50,3230940;1,8101050
26741;202000029710;1;10;2020;16:50;1;82;82124;1;2;1;3;Chemin de Beauvillard;43,9973840;1,2536000
26742;202000029711;3;6;2020;14:00;1;06;06027;2;1;1;1;CANNES AVENUE DE (RN7);43,6548900;7,1499800
26743;202000029712;30;9;2020;18:15;2;12;12208;2;1;7;6;65 Boulevard de Verdun;43,9580201;2,8833368
26744;202000029713;2;6;2020;17:30;1;05;05061;1;1;1;3;RN 85;44,5984200;6,0838100
26745;202000029714;1;10;2020;20:50;3;25;25413;1;1;2;6;D389;46,6916850;6,1855990
26746;202000029715;2;6;2020;13:45;1;05;05061;2;6;1;2;COMMANDANT DUMONT ( AVENUE);44,5638100;6,0838200
26747;202000029716;21;9;2020;14:20;1;29;29281;1;1;2;6;Lieu Dit Le Drennec;48,0360640; -3,8392070
26748;202000029717;30;9;2020;18:40;1;31;31210;1;1;1;6;route départementale 622;43,3932300;1,6955420
26749;202000029718;1;6;2020;16:45;1;05;05061;2;9;1;3;PRE DE FOIRE ( RUE DU );44,5549500;6,0746000
26750;202000029719;1;10;2020;19:15;1;31;31118;1;1;2;2;D820;43,7904440;1,3417000
26751;202000029720;3;6;2020;15:00;1;75;75117;2;1;1;4;PORTE D ASNIERES;48,8892370;2,2961540
26752;202000029721;2;6;2020;18:50;1;75;75113;2;1;1;3;PORTE D ITALIE;48,8177380;2,3673380
26753;202000029723;2;10;2020;12:35;1;72;72316;1;1;1;6;D2;48,3186280;0,3935020
26754;202000029724;2;6;2020;19:40;1;75;75113;2;1;1;7;BOULEVARD PERIPHERIQUE INTERIEUR SUD;48,8257910;2,3865890
26755;202000029725;1;10;2020;22:00;3;72;72300;1;1;1;6;Route du Cimetière Américain;48,0578750;0,3548400
26756;202000029726;2;10;2020;15:00;1;50;50310;1;1;1;5;D900;49,1510500; -1,2345590
26757;202000029728;16;8;2020;17:25;1;04;04229;1;1;1;7;RD 53;44,1598260;5,8681370
26758;202000029729;1;10;2020;20:30;3;988;98805;1;1;1;-1;Pointe Apogoti (Construction); -22,1921340;166,4428070
26759;202000029730;1;10;2020;11:45;1;18;18167;1;1;1;-1;A20;47,1159340;1,9084450
26760;202000029731;2;10;2020;00:15;3;78;78455;1;1;2;7;Route Nationale 307;48,8508720;2,0509030
26761;202000029732;2;10;2020;07:45;2;01;01093;1;1;2;1;;46,1389160;4,9760870
26762;202000029733;3;6;2020;18:30;1;75;75120;2;3;1;3;RUE DES PYRENEES;48,8719740;2,3918760
26763;202000029735;3;6;2020;12:30;1;75;75120;2;4;1;6;RUE BELGRAND;48,8646010;2,4059910
26764;202000029736;2;10;2020;15:15;1;74;74159;1;1;1;7;Pratz;46,0012580;6,6303510
26765;202000029737;3;6;2020;02:45;5;75;75120;2;5;1;2;AVENUE GAMBETTA;48,8717270;2,4043770
26766;202000029738;1;10;2020;02:40;3;49;49129;1;1;2;6;A11;47,4984960; -0,5177840
26767;202000029739;2;6;2020;13:45;1;75;75120;2;3;1;3;RUE D AVRON;48,8533370;2,4096900
26768;202000029740;2;10;2020;13:55;1;83;83116;1;1;3;7;D3;43,4681820;5,8398130
26769;202000029741;3;6;2020;16:05;1;75;75119;2;7;1;4;AVENUE MATHURIN MOREAU;48,8780360;2,3706920
26770;202000029742;3;6;2020;12:45;1;75;75119;2;2;1;3;AVENUE DE LA PORTE DE LA VILLETTE;48,8982350;2,3862060
26771;202000029744;3;6;2020;19:43;1;75;75115;2;3;1;3;RUE LUCIEN BOSSOUTROT;48,8367610;2,2740740
26772;202000029745;1;10;2020;06:08;1;971;97116;1;1;8;1;N5;16,3236610; -61,4133810
26773;202000029747;2;10;2020;18:15;2;77;77329;1;2;2;3;D225;48,2404840;2,8091150
26774;202000029748;3;6;2020;12:30;1;75;75113;2;4;1;3;BOULEVARD DE L HOPITAL;48,8388700;2,3609960
26775;202000029750;2;10;2020;19:00;3;84;84003;1;9;3;6;Lieu dit le pont julien;43,8791830;5,3849640
26776;202000029751;3;6;2020;21:35;5;75;75105;2;7;3;2;PONT D AUSTERLITZ;48,8442300;2,3647680
26777;202000029752;2;10;2020;07:20;1;05;05134;1;1;1;1;N94;44,6502840;6,5819260
26778;202000029754;30;9;2020;16:30;1;13;13041;2;1;1;1;D46a;43,4560020;5,4930340
26779;202000029755;2;6;2020;12:30;1;75;75108;2;2;1;4;AVENUE DES CHAMPS ELYSEES;48,8724000;2,2995520
26780;202000029756;18;8;2020;14:00;1;10;10021;2;9;1;3;25 Route de Troyes;48,4471860;4,2507990
26781;202000029757;3;6;2020;14:55;1;75;75107;2;2;1;6;AVENUE CHARLES RISLER;48,8554100;2,3013610
26782;202000029758;3;6;2020;16:45;1;75;75103;2;5;1;6;RUE SAINT MARTIN;48,8648380;2,3533220
26783;202000029759;25;9;2020;17:45;1;68;68309;1;2;2;4;Route départementale 19;47,6692670;7,4587570
26784;202000029760;1;10;2020;20:50;5;68;68185;2;2;2;6;17 Rue Clémenceau;48,2708641;7,2812082
26785;202000029761;3;6;2020;12:40;1;75;75104;2;2;1;6;RUE SAINT ANTOINE;48,8539180;2,3648450
26786;202000029762;30;9;2020;07:35;2;54;54150;2;1;8;6;D90;48,7945420;6,1534010
26787;202000029763;2;10;2020;20:05;3;73;73135;1;1;3;1;D1006;45,3074100;6,3453880
26788;202000029764;1;10;2020;15:45;1;33;33042;1;1;1;1;D1010;44,4404750; -0,8125810
26789;202000029765;3;6;2020;16:00;1;94;94044;2;1;1;1;ALBERT GARRY (R);48,7559430;2,4821320
26790;202000029766;2;10;2020;07:30;3;50;50230;1;2;3;3;La Bihellerie;49,5809880; -1,6620680
26791;202000029767;30;9;2020;11:15;1;14;14228;2;6;1;3;Voie des Alliés;49,2946350; -0,3777350
26792;202000029768;1;10;2020;17:44;1;14;14328;1;4;1;3;D513a;49,2066350; -0,2821360
26793;202000029769;1;10;2020;22:30;3;27;27232;1;1;1;7;Rue du Chateau;49,2977100;1,5171380
26794;202000029770;13;8;2020;15:15;1;27;27287;1;1;3;7;Route de la Bonneville;49,0008870;1,0152640
26795;202000029771;2;10;2020;11:50;1;62;62052;1;1;2;6;Route de Warcove;50,8571624;1,6785573
26796;202000029772;26;9;2020;23:45;5;42;42044;1;1;2;6;RN88;45,3952340;4,3343800
26797;202000029773;21;9;2020;21:55;3;57;57194;1;1;1;7;Autoroute A31;49,4219000;6,1107000
26798;202000029774;1;10;2020;16:20;1;33;33039;1;1;3;5;ROCADE A 630;44,7941600; -0,5397100
26799;202000029775;3;6;2020;21:00;2;94;94038;2;1;3;5;CHEVILLY (R DE);48,7753569;2,3453927
26800;202000029776;29;9;2020;13:20;1;59;59009;1;1;2;6;ROUTE NATIONALE 227;50,6087800;3,1311680
26801;202000029777;29;9;2020;20:05;3;59;59234;1;1;2;6;AUTOROUTE A21;50,4027990;3,0585440
26802;202000029778;28;9;2020;13:30;1;59;59009;1;1;2;7;ROUTE NATIONALE 227;50,6293920;3,1389750
26803;202000029779;3;6;2020;08:30;2;94;94073;2;3;7;3;GENERAL DE GAULLE (AV DU);48,7687050;2,3688310
26804;202000029780;1;10;2020;15:15;1;91;91161;1;1;1;5;AUTOROUTE A6;48,7027000;2,3072000
26805;202000029782;1;10;2020;17:15;1;78;78466;1;9;8;2;A13;48,9257360;1,9974620
26806;202000029783;2;6;2020;20:20;1;94;94002;2;1;1;-1;ETIENNE DOLET (R);48,7928800;2,4255600
26807;202000029784;1;10;2020;09:00;1;78;78571;1;1;3;2;A13;48,8775400;2,0198100
26808;202000029785;2;6;2020;08:45;1;93;93049;2;9;1;3;CHE DE MEAUX / R DU 8 MAI 1945;48,8627520;2,5121913
26809;202000029786;1;10;2020;08:58;1;78;78571;1;1;2;2;A13;48,8703180;2,0289530
26810;202000029787;30;9;2020;21:40;3;95;95241;1;1;1;2;RN 104;49,0555500;2,4233900
26811;202000029788;1;10;2020;12:30;1;93;93078;1;1;1;7;AUTOROUTE A104;48,9635000;2,5216000
26812;202000029789;3;6;2020;15:00;1;93;93048;2;2;1;3;R DE ROSNY / BD DE LA BOISSIERE;48,8712000;2,4709000
26813;202000029790;1;10;2020;19:30;1;94;94018;1;1;1;-1;A4;48,8192054;2,4067968
26814;202000029791;3;6;2020;10:00;1;93;93031;2;3;1;3;AV JEAN JAURES / R DE L'AVENIR;48,9584372;2,3259668
26815;202000029792;1;10;2020;08:30;1;77;77373;1;1;2;4;RN104;48,7651070;2,6148430
26816;202000029793;30;9;2020;20:30;5;94;94042;1;1;8;4;A4;48,8277740;2,4715380
26817;202000029794;3;6;2020;18:30;1;93;93010;2;2;1;3;GALLIENI (AV.) DE 188 A 230;48,9069690;2,4886241
26818;202000029795;30;9;2020;14:00;1;94;94081;1;1;1;-1;A86 INT;48,7737100;2,4020100
26819;202000029796;2;6;2020;16:34;1;93;93010;1;1;1;6;GALLIENI (AV.) CONFORAMA 53;48,9055963;2,4765420
26820;202000029797;30;9;2020;20:30;5;974;97411;2;2;1;3;JAURES (BLD 1 JEAN); -20,8885000;55,4454200
26821;202000029798;30;9;2020;07:45;1;974;97411;1;3;1;6;Rue Saint Jacques; -20,8821060;55,4593890
26822;202000029799;30;9;2020;18:45;2;69;69387;2;2;1;1;DOMER                               (R );45,7476400;4,8502400
26823;202000029800;30;9;2020;15:15;1;69;69386;2;2;1;3;DUQUESNE                            (R );45,7724900;4,8430800
26824;202000029801;30;9;2020;14:25;1;69;69386;2;1;1;6;ACHILLE LIGNON                      (AL);45,7826400;4,8502400
26825;202000029802;30;9;2020;14:30;1;69;69383;2;1;1;2;EUGENIE                             (CO);45,7428300;4,8880800
26826;202000029803;3;6;2020;10:05;1;92;92051;2;1;1;6;CHARLES DE GAULLE (AVENUE, N° 18 A 116);48,8826000;2,2681000
26827;202000029804;2;6;2020;09:45;1;92;92020;2;3;7;6;VANVES BOULEVARD DE N° PAIRS;48,8059280;2,2865640
26828;202000029805;3;6;2020;07:20;1;92;92062;2;1;1;2;DE DION BOUTON (QUAI) DU 29 AU 65;48,8831040;2,2483540
26829;202000029806;31;5;2020;20:10;1;92;92024;2;3;1;3;MARTRE DE (4 A 54);48,8995598;2,3092693
26830;202000029807;3;6;2020;06:00;1;92;92024;2;2;8;3;MARTRE DE (4 A 54);48,9008800;2,3080300
26831;202000029808;2;6;2020;14:40;1;92;92024;2;2;1;4;DOCTEUR EMILE ROUX (RUE DU);48,8977664;2,3078544
26832;202000029809;3;6;2020;14:45;1;92;92007;2;2;1;3;BRIAND (AVENUE ARISTIDE) N° 100 A 160;48,7962760;2,3217580
26833;202000029810;3;6;2020;23:00;5;92;92004;2;7;3;6;REPUBLIQUE ( PLACE DE LA );48,9254348;2,2806338
26834;202000029811;3;6;2020;20:50;2;33;33191;2;2;1;-1;Lieu Dit Cousseau;45,0111490;0,0268270
26835;202000029813;13;10;2020;15:25;1;59;59350;2;1;2;6;CANNES RUE DE;50,6065400;3,0450700
26836;202000029814;12;10;2020;17:50;1;05;05061;2;1;1;3;GEORGES POMPIDOU ( BD);44,5563560;6,0792900
26837;202000029815;11;6;2020;10:00;1;94;94043;2;3;7;6;CONVENTION (R DE LA);48,8121000;2,3568900
26838;202000029816;14;12;2020;21:15;5;974;97411;2;1;1;6;LECONTE DE LISLE (AVENUE); -20,8960400;55,4911300
26839;202000029817;14;12;2020;03:30;5;973;97302;2;6;9;7;REPUBLIQUE (BD DE LA);4,9380449; -52,3226881
26840;202000029818;14;12;2020;18:00;5;69;69259;2;2;1;6;BOULEVARD YVES FARGE;45,6954432;4,8591068
26841;202000029819;14;12;2020;15:15;1;69;69388;2;3;1;2;LEA ET NAPOLEON BULLUKIAN  (R );45,7412800;4,8793800
26842;202000029820;14;12;2020;12:40;1;2B;2B120;2;1;1;3;11 - RT;42,6583000;9,4417100
26843;202000029821;14;12;2020;08:00;1;2B;2B033;2;6;1;6;GIRAUD - BD GENERAL;42,6957300;9,4465400
26844;202000029822;15;12;2020;00:25;5;95;95585;2;6;2;6;PEGUY (AVENUE CHARLES );48,9812204;2,3744255
26845;202000029823;14;12;2020;14:56;1;95;95680;2;1;2;3;PARIS (RUE DE);49,0044800;2,3820600
26846;202000029824;14;12;2020;21:50;5;95;95219;2;1;2;6;GARE (RUE DE LA);48,9800940;2,2700130
26847;202000029825;14;12;2020;21:30;3;95;95218;2;2;3;2;JACQUES DUCLOS (BOULEVARD);49,0209100;2,1004700
26848;202000029827;14;12;2020;16:40;2;91;91421;1;1;1;2;NATIONALE 6 (CES POMPIDOU);48,6926300;2,4500100
26849;202000029829;12;12;2020;12:09;1;87;87085;2;3;1;3;LECLERC (AVENUE DU GENERAL);45,8457200;1,2605100
26850;202000029830;13;12;2020;08:20;1;83;83069;1;1;1;2;GIENS (ROUTE DE );43,0686900;6,1472400
26851;202000029831;14;12;2020;07:45;2;81;81065;1;1;8;1;ALBI (RD612 - RTE D');43,6629000;2,2270200
26852;202000029832;13;12;2020;05:50;4;81;81033;2;4;8;6;RD 90;44,0376017;2,1276846
26853;202000029833;14;12;2020;18:00;2;81;81004;2;1;2;1;THOMAS (AV ALBERT);43,9353936;2,1461642
26854;202000029834;13;12;2020;02:00;5;76;76540;2;2;1;7;GANTERIE. RUE;49,4438500;1,0924800
26855;202000029835;13;12;2020;09:30;1;76;76322;2;1;1;6;PAINLEVE. RUE PAUL;49,4062500;1,0608200
26856;202000029836;13;12;2020;17:13;5;76;76486;2;1;1;6;CORNEILLE. RUE PIERRE ET THOMAS;49,3044800;0,9926700
26857;202000029837;14;12;2020;08:25;1;76;76351;2;1;1;2;LENINGRAD (BD DE);49,5003500;0,1773400
26858;202000029838;13;12;2020;21:55;3;76;76341;1;1;2;6;RD 6382;49,5141789;0,1937790
26859;202000029839;12;12;2020;11:50;1;74;74133;2;1;2;4;INDUSTRIE (RUE DE L');46,1833900;6,2157100
26860;202000029840;13;12;2020;10:05;1;69;69029;2;6;1;3;PIERRE MENDES FRANCE                (AV);45,7246629;4,9151314
26861;202000029841;11;12;2020;09:00;1;69;69256;2;1;3;6;GEORGES DIMITROV                    (AV);45,7783500;4,9290900
26862;202000029842;14;12;2020;08:45;2;67;67482;2;1;1;3;PLAINE DES BOUCHERS (RUE DE LA);48,5692585;7,7367225
26863;202000029843;11;12;2020;14:00;1;67;67447;2;8;2;3;Carrefour Rue de la Glacière Avenue Pierre Mendès-France;48,6047078;7,7589978
26864;202000029844;12;12;2020;09:56;1;66;66141;1;1;1;6;R D 900;42,7536500;2,8956400
26865;202000029845;14;12;2020;18:10;4;64;64284;1;1;1;4;18 JUIN 1940 DU;43,2894900; -0,4029200
26866;202000029846;13;12;2020;17:59;5;64;64102;2;3;1;3;SOULT (AVENUE MARECHAL);43,4840100; -1,4992700
26867;202000029848;12;12;2020;14:07;1;63;63113;2;1;1;2;BERGOUGNAN (AVENUE RAYMOND);45,7843800;3,0669300
26868;202000029849;11;12;2020;16:51;1;63;63113;2;2;1;3;POURCHON (BD MAURICE);45,7925659;3,0916350
26869;202000029850;10;12;2020;18:10;5;59;59230;2;3;1;-1;CLEMENCEAU (AVENUE);50,2599930;3,9983860
26870;202000029851;10;12;2020;15:50;1;59;59211;2;1;1;7;BLANCHE POULE (RUE DE LA);50,3755600;3,0138800
26871;202000029852;11;12;2020;16:50;2;59;59178;2;1;2;6;LAMBRES (RUE DE);50,3606900;3,0755100
26872;202000029853;14;12;2020;07:40;2;57;57463;2;1;1;3;THIONVILLE (ROUTE DE );49,1346800;6,1699700
26873;202000029854;11;12;2020;12:50;1;56;56098;2;4;1;2;JAURES (RUE  JEAN );47,7631400; -3,3619700
26874;202000029856;14;12;2020;12:13;1;50;50218;2;1;8;6;PONT JACQUES (VOIE DU);48,8369800; -1,5987500
26875;202000029857;10;12;2020;17:15;2;49;49099;2;1;1;3;Rue de l’Anjou;47,0778700; -0,8389000
26876;202000029858;30;11;2020;09:20;1;44;44109;2;6;1;-1;BOULEVARD MICHELET;47,2330500; -1,5564100
26877;202000029859;14;12;2020;21:30;3;35;35238;2;6;2;6;LEBON (PHILIPPE);48,1037800; -1,6996800
26878;202000029860;14;12;2020;21:30;5;33;33063;2;2;1;3;AVE DES TROIS CARDINAUX;44,8879500; -0,5572500
26879;202000029861;14;12;2020;16:00;1;33;33063;2;9;1;3;RUE GENERAL DE LARMINAT;44,8333300; -0,5977500
26880;202000029863;14;12;2020;08:50;1;33;33063;2;1;1;3;BD ALFRED DANEY;44,8676400; -0,5716300
26881;202000029864;14;12;2020;08:30;2;33;33069;2;3;1;3;AVE VICTOR HUGO;44,8686400; -0,5918600
26882;202000029865;10;12;2020;11:35;1;32;32013;2;1;3;7;ALSACE (AVENUE);43,6488114;0,5902083
26883;202000029866;13;12;2020;13:20;1;31;31555;2;1;1;3;RUE DU FAUBOURG BONNEFOY;43,6159800;1,4531900
26884;202000029867;13;12;2020;08:50;1;31;31555;1;1;1;2;VA007331 A620;43,5968200;1,3972100
26885;202000029868;11;12;2020;17:20;5;31;31555;2;1;2;2;AV HONORE SERRES;43,6141500;1,4379100
26886;202000029869;10;12;2020;18:15;5;31;31149;2;9;2;6;AV YVES BRUNAUD;43,6156100;1,3430700
26887;202000029870;14;12;2020;08:15;2;29;29232;2;1;2;2;Boulevard Dupleix;47,9950031; -4,0984570
26888;202000029871;14;12;2020;17:25;5;18;18279;2;1;1;2;Av H Brisson après le Pont SNCF;47,2273600;2,0613100
26889;202000029872;11;12;2020;08:20;5;16;16102;2;1;3;5;Giratoire de Crouin;45,6937270; -0,3478540
26890;202000029873;14;12;2020;20:50;5;13;13208;2;1;1;3;PRADO (AVENUE DU);43,2715171;5,3901564
26891;202000029874;14;12;2020;16:20;1;13;13075;2;1;1;6;GEORGES POMPIDOU (AVE);43,3417150;5,4651040
26892;202000029875;14;12;2020;15:45;1;13;13214;2;2;8;3;FONTAINIEU (CHEMIN DE);43,3473570;5,3784310
26893;202000029876;14;12;2020;08:25;1;13;13202;2;1;1;-1;JOLIETTE (QUAI DE LA);43,3030000;5,3600000
26894;202000029877;12;12;2020;13:20;1;11;11262;2;1;1;2;FRANCE (AVENUE ANATOLE);43,1874500;2,9900800
26895;202000029878;12;12;2020;17:55;5;11;11069;2;1;2;7;Rue de la Liberte;43,2157000;2,3506000
26896;202000029879;13;12;2020;11:40;1;10;10357;2;1;1;-1;GENERAL DE GAULLE (RUE DU);48,2971100;4,1323500
26897;202000029880;14;12;2020;07:57;1;06;06088;2;1;1;6;SAINT-LAMBERT (AV.) (JUSQU'AU N° 112);43,7178000;7,2630360
26898;202000029881;14;12;2020;13:30;1;06;06069;2;1;1;7;JEU DE BALLON (BOULEVARD, IMPASSE ET TRA;43,6667000;6,9167000
26899;202000029882;11;12;2020;12:45;1;05;05061;2;1;4;2;LOUIS COMTE ( RUE );44,5540190;6,0712600
26900;202000029883;14;12;2020;18:15;2;75;75120;2;4;1;3;BOULEVARD PERIPHERIQUE;48,8688260;2,4132670
26901;202000029884;14;12;2020;17:50;5;75;75118;2;3;2;6;BOULEVARD NEY;48,8986800;2,3683990
26902;202000029885;14;12;2020;16:20;1;75;75115;2;1;1;6;QUAI ANDRE CITROEN;48,8447720;2,2756460
26903;202000029887;14;12;2020;12:55;1;75;75113;2;2;8;3;AVENUE DE LA PORTE DE VITRY;48,8240860;2,3769310
26904;202000029888;14;12;2020;16:10;1;75;75112;2;2;2;6;AVENUE DU GENERAL MICHEL BIZOT;48,8408850;2,4047020
26905;202000029889;14;12;2020;15:45;1;75;75112;2;1;1;3;RUE DE LYON;48,8508650;2,3701670