;Num_Acc;jour;mois;an;hrmn;lum;dep;com;agg;int;atm;col;adr;lat;long
27142;202000030148;14;1;2020;12:15;1;69;69029;2;9;1;3;CHARLES DE GAULLE                   (RP);45,7253400;4,9332800
27143;202000030149;15;1;2020;16:50;1;64;64189;2;2;1;3;DELAUNAY GABRIEL  (AVENUE);43,3826400; -1,6664700
27144;202000030150;14;1;2020;08:05;1;64;64024;2;1;1;3;BAYONNE (AVENUE DE);43,4808500; -1,5135500
27145;202000030151;14;1;2020;10:26;1;63;63113;2;1;1;6;COTE BLATIN (BD);45,7694400;3,0910500
27146;202000030153;13;1;2020;08:15;2;57;57672;2;1;1;6;CHATEAU GASSION;49,3424400;6,1605700
27147;202000030154;14;1;2020;20:35;5;56;56121;2;1;6;6;BELGIQUE (RUE  DE );47,7605300; -3,3843300
27148;202000030155;14;1;2020;13:30;1;54;54265;2;1;1;6;3 Av des Erables;48,6436291;6,1857377
27149;202000030156;13;1;2020;18:45;2;51;51108;2;1;2;7;Avenue du Général Charles de Gaulle;48,9487790;4,3714541
27150;202000030157;14;1;2020;09:40;1;50;50203;1;1;2;3;VALLEE DE QUINCAMPOI0X;49,6160100; -1,6383200
27151;202000030158;13;1;2020;19:00;5;50;50129;2;3;2;6;NAPOLEON (PLACE);49,6422800; -1,6224300
27152;202000030159;14;1;2020;18:20;3;49;49246;2;1;3;4;MOULIN MARCILLE CHEMIN;47,4365700; -0,4935700
27153;202000030160;14;1;2020;23:10;5;49;49353;2;1;1;-1;JEAN JAURES RUE;47,4445300; -0,5006500
27154;202000030161;14;1;2020;08:58;1;49;49015;2;1;2;7;LANGEVIN RUE PAUL;47,5178600; -0,6084600
27155;202000030162;15;1;2020;17:45;3;45;45234;2;1;1;6;Avenue Montesquieu;47,8362955;1,9333409
27156;202000030164;12;1;2020;11:30;1;45;45285;1;1;1;6;Rue de la Mouchetière;47,9077500;1,8583600
27157;202000030166;6;1;2020;16:25;1;42;42218;2;2;1;6;Rue des Francs Maçons;45,4304800;4,3909700
27158;202000030168;14;1;2020;17:45;5;37;37261;2;1;2;6;ENTRAIGUES (RUE D');47,3845574;0,6672870
27159;202000030169;12;1;2020;08:00;1;37;37261;2;6;1;6;DANIEL MAYER;47,4187063;0,6926977
27160;202000030170;16;1;2020;02:15;5;33;33039;2;6;1;6;RUE DES FRERES LUMIERE / RUE DENIS PAPIN;44,7911190; -0,5350556
27161;202000030171;15;1;2020;22:50;5;33;33039;2;3;1;3;RTE DE TOULOUSE / Parking Auchan;44,7899200; -0,5667100
27162;202000030172;15;1;2020;14:15;1;33;33119;2;2;1;3;RUE ALBERT DUPEYRON / RUE DU DOCTEUR PIERRE MASFRAND;44,8580590; -0,5353500
27163;202000030175;15;1;2020;07:45;2;33;33063;2;3;1;3;RTE DE TOULOUSE / RUE TAREGUA;44,8138969; -0,5729907
27164;202000030176;6;1;2020;14:45;1;33;33522;2;2;9;3;AVE GEORGES CLEMENCEAU / AVE DE BREUIL;44,8031100; -0,5979600
27165;202000030177;15;1;2020;16:30;1;33;33529;1;1;1;5;RN 250 (OUSTALET - BONNEVAL);44,6177700; -1,1336240
27166;202000030178;15;1;2020;15:10;1;33;33529;2;1;2;3;JUILLET (RUE DU 14);44,6308500; -1,1475900
27167;202000030179;14;1;2020;17:20;2;31;31555;2;1;1;3;MAIGNAN (AV EMMANUEL) DU 16AU 134;43,6147500;1,4294500
27168;202000030180;14;1;2020;15:00;1;31;31555;1;1;1;2;24 EMPALOT  (PERIPH OUEST A620);43,5738100;1,4388800
27169;202000030181;9;1;2020;14:35;1;26;26198;2;1;1;6;6 Avenue d’Aygu;44,5550400;4,7492310
27170;202000030182;9;1;2020;18:20;5;22;22278;1;1;2;6;ROSTAND (EDMOND);48,5153000; -2,7359000
27171;202000030183;6;1;2020;08:40;1;18;18205;2;1;1;6;BERRY-BOUY (ROUTE DE);47,0945900;2,3787500
27172;202000030185;15;1;2020;16:50;1;13;13210;2;1;1;6;(RUE) NEGRESKO;43,2696580;5,3902700
27173;202000030186;15;1;2020;06:15;5;13;13208;2;2;1;3;ERNEST DELIBES (PLACE);43,2790840;5,3828840
27174;202000030187;11;1;2020;20:30;5;13;13201;2;1;1;6;CANEBIERE     70 A FIN;43,2984600;5,3842200
27175;202000030188;15;1;2020;14:00;1;13;13047;1;1;8;7;RD 569;43,5347400;4,9746700
27176;202000030189;8;1;2020;11:50;1;13;13047;2;6;1;3;FELIX GOUIN AVENUE;43,4906900;4,9861700
27177;202000030190;10;1;2020;17:00;1;12;12176;1;6;2;7;ROQUE (GIRATOIRE DE LA);44,3819600;2,5938500
27178;202000030191;15;1;2020;21:40;5;06;06088;2;2;1;3;CESSOLE (BD DE) (JUSQU'AU N° 93-110);43,7161000;7,2535000
27179;202000030192;14;1;2020;06:20;5;06;06088;2;1;1;5;PENETRANTE DU PAILLON;43,7304700;7,2842200
27180;202000030193;15;1;2020;15:25;1;06;06069;2;1;1;3;SAINT MATHIEU (ROUTE ET PLACE);43,6565980;6,9327780
27181;202000030194;11;1;2020;10:35;1;04;04112;2;1;1;3;RD 4096;43,8284700;5,7873500
27182;202000030195;15;1;2020;15:50;1;75;75114;2;5;2;3;AVENUE DE LA PORTE DE CHATILLON;48,8226606;2,3146981
27183;202000030196;14;1;2020;23:50;5;75;75105;2;7;1;3;PLACE DU PANTHEON;48,8456902;2,3459051
27184;202000030197;5;7;2020;11:50;1;11;11069;2;1;1;7;VAUBAN;43,2300000;2,3200000
27185;202000030198;4;7;2020;12:20;1;09;09207;1;1;1;2;ROUTE NATIONALE 20;42,9261710;1,6337840
27186;202000030199;6;7;2020;19:50;1;75;75116;2;1;1;3;BOULEVARD PERIPHERIQUE EXTERIEUR OUEST;48,8473350;2,2540690
27187;202000030201;6;7;2020;10:00;1;75;75114;2;1;1;3;BOULEVARD PERIPHERIQUE INTERIEUR SUD;48,8209270;2,3218280
27188;202000030202;3;7;2020;19:35;1;75;75118;2;4;1;4;PORTE DE LA CHAPELLE;48,9010370;2,3587590
27189;202000030203;6;7;2020;08:54;1;75;75120;2;5;1;3;RUE DES PYRENEES;48,8561930;2,4049360
27190;202000030204;6;7;2020;12:30;1;75;75119;2;3;1;6;RUE GASTON TESSIER;48,8959460;2,3739570
27191;202000030205;6;7;2020;09:50;1;75;75118;2;5;1;6;RUE FRANCOEUR;48,8898010;2,3429350
27192;202000030206;6;7;2020;12:10;1;75;75117;2;7;1;3;PLACE DU GENERAL KOENIG;48,8808310;2,2840600
27193;202000030207;6;7;2020;12:45;1;75;75117;2;7;1;7;AVENUE DE VILLIERS;48,8829150;2,3090440
27194;202000030208;6;7;2020;09:40;1;75;75117;2;2;1;3;BOULEVARD BERTHIER;48,8880320;2,2997060
27195;202000030210;6;7;2020;09:10;1;75;75111;2;1;1;2;BOULEVARD VOLTAIRE;48,8592440;2,3777060
27196;202000030211;6;7;2020;20:20;1;75;75110;2;2;1;2;RUE LA FAYETTE;48,8797270;2,3586710
27197;202000030212;6;7;2020;17:50;1;75;75118;2;3;1;1;RUE DE LA GOUTTE D OR;48,8850580;2,3513160
27198;202000030213;6;7;2020;13:40;1;75;75109;2;3;1;3;RUE MONCEY;48,8800630;2,3306570
27199;202000030214;6;7;2020;00:20;5;75;75109;2;4;1;3;BOULEVARD DE CLICHY;48,8838640;2,3285790
27200;202000030215;5;7;2020;13:08;1;75;75108;2;5;1;6;BOULEVARD HAUSSMANN;48,8749460;2,3059890
27201;202000030216;28;6;2020;02:20;5;75;75108;2;2;1;3;BOULEVARD DE COURCELLES;48,8808530;2,3125460
27202;202000030217;6;7;2020;19:15;1;75;75107;2;2;1;3;QUAI D ORSAY;48,8628280;2,3134560
27203;202000030218;6;7;2020;18:50;1;75;75107;2;2;1;3;RUE EBLE;48,8487970;2,3121800
27204;202000030219;5;7;2020;02:35;5;75;75101;2;2;1;1;RUE DE RIVOLI;48,8590930;2,3464340
27205;202000030220;6;7;2020;18:05;1;75;75102;2;3;1;3;RUE ETIENNE MARCEL;48,8650500;2,3440560
27206;202000030221;6;7;2020;07:45;1;75;75104;2;7;1;3;PLACE DU CHATELET;48,8571800;2,3473270
27207;202000030222;5;7;2020;03:55;5;75;75104;2;2;1;6;PONT LOUIS PHILIPPE;48,8543670;2,3549540
27208;202000030223;6;7;2020;11:00;1;94;94037;2;3;1;3;PAUL VAILLANT COUTURIER (AV);48,8167450;2,3337140
27209;202000030224;6;7;2020;02:50;5;94;94041;2;1;1;7;MARCEL HARTMANN (R);48,8084900;2,3815200
27210;202000030225;1;7;2020;19:45;1;94;94033;2;2;1;3;EMILE ZOLA (R);48,8570000;2,4705000
27211;202000030226;6;7;2020;17:15;1;94;94011;2;8;1;3;STAINS(ROUTE DE);48,7797800;2,4926800
27212;202000030227;6;7;2020;18:00;1;94;94054;2;3;1;3;BAS MARIN (R DU);48,7474460;2,3890220
27213;202000030228;6;7;2020;10:10;1;94;94022;2;9;1;6;PARMENTIER (R);48,7583000;2,4096000
27214;202000030229;6;7;2020;16:50;1;94;94017;2;1;1;6;CHATEAU (BD DU);48,8109500;2,5455200
27215;202000030230;6;7;2020;01:00;5;94;94017;2;1;1;3;BENOIT FRACHON (R);48,8206114;2,5266895
27216;202000030231;6;7;2020;17:45;1;93;93078;2;6;1;2;CLEMENCEAU (AVENUE GEORGES);48,9613400;2,5567300
27217;202000030232;6;7;2020;18:30;1;93;93071;2;2;1;2;DE LATTRE DE TASSIGNY (AVENUE);48,9433911;2,5247230
27218;202000030233;6;7;2020;12:15;1;93;93071;2;1;1;2;JOHN F. KENNEDY (AVENUE);48,9385651;2,5132690
27219;202000030234;6;7;2020;19:50;1;93;93055;2;1;1;6;LAMARTINE;48,9098300;2,4112900
27220;202000030235;6;7;2020;11:00;1;93;93055;2;1;1;3;JEAN LOLIVE (AVENUE);48,8937111;2,4155156
27221;202000030236;6;7;2020;16:15;1;93;93014;2;4;1;6;COUBRON (ALLEE DE);48,9133000;2,5541100
27222;202000030237;6;7;2020;18:55;1;92;92046;1;3;1;3;PIERRE BROSSOLETTE (AVENUE);48,8177093;2,3078712
27223;202000030238;6;7;2020;18:45;1;92;92073;2;5;1;2;SELLIER (BOULEVARD HENRI);48,8626980;2,2178470
27224;202000030239;4;7;2020;22:05;2;92;92020;2;1;8;3;VANVES BOULEVARD N° IMPAIRS;48,8066402;2,2858402
27225;202000030240;6;7;2020;17:55;1;92;92044;2;1;1;4;Pont de Levallois;48,9000350;2,2776630
27226;202000030245;6;7;2020;23:40;3;92;92062;2;1;1;7;DEMI-LUNE (ROUTE DE LA);48,8939099;2,2359335
27227;202000030246;6;7;2020;11:55;1;92;92025;2;1;1;6;BOURNARD (RUE DU);48,9229260;2,2553590
27228;202000030247;5;7;2020;22:30;3;92;92025;2;2;1;3;SAINT CLOUD (RUE DE);48,9220660;2,2526490
27229;202000030248;5;7;2020;22:45;5;92;92024;2;2;1;6;JEAN JAURES (BD) DE (1 A 45)   (2 A 54);48,9000200;2,3062400
27230;202000030249;6;7;2020;00:50;5;92;92023;2;1;1;7;JEAN BAPTISTE CLEMENT (AVENUE);48,7959567;2,2675510
27231;202000030250;29;6;2020;09:00;1;92;92004;1;1;1;6;AULAGNIER ( QUAI );48,9190253;2,3212088
27232;202000030251;7;7;2020;04:30;3;52;52294;1;1;1;6;18 Rue du Buisson;48,5468280;4,9099870
27233;202000030252;7;7;2020;07:45;1;80;80779;1;1;1;2;A16;50,0969360;1,8750140
27234;202000030253;3;7;2020;22:50;3;28;28211;1;1;1;7;D955;48,1442730;1,2662490
27235;202000030254;6;7;2020;17:50;1;41;41114;1;1;1;6;A10;47,7581170;1,5525750
27236;202000030255;6;7;2020;18:20;1;77;77406;1;1;1;6;D19;48,8554255;3,1957072
27237;202000030256;7;7;2020;11:00;1;76;76719;1;1;1;2;Route du Bec au Cauchois;49,7443010;0,4926950
27238;202000030257;7;7;2020;00:30;3;82;82190;1;1;1;6;Bouysses;43,8620100;1,2481180
27239;202000030258;6;7;2020;21:15;1;81;81168;1;1;1;7;Chemin de carayrolle;44,1474320;2,1600690
27240;202000030259;7;7;2020;16:15;1;63;63319;1;1;1;7;Lieu Dit le Chomet;45,5548563;3,8867949
27241;202000030261;7;7;2020;12:29;1;41;41115;1;1;1;3;7 Route du Loir;47,8843970;1,1821190
27242;202000030262;6;7;2020;20:52;1;44;44104;1;1;1;6;Bray (Chemin);47,4025900; -0,9657030
27243;202000030263;6;7;2020;19:00;1;38;38409;2;2;1;1;D71a;45,0790290;5,2831790
27244;202000030264;21;6;2020;14:45;1;15;15130;1;1;1;7;D990;45,0627490;3,2178928
27245;202000030265;6;7;2020;18:30;1;01;01056;2;1;7;7;D12b;46,0190990;5,4600400
27246;202000030266;4;7;2020;18:30;1;01;01269;2;1;1;3;28 Route d'Apremont;46,1532070;5,6136600
27247;202000030267;6;7;2020;18:45;1;01;01296;2;1;1;1;Les Barbiers;46,3633660;5,2951960
27248;202000030268;6;7;2020;13:15;1;14;14739;1;3;1;1;Hameau de Vaux le Bisson;49,3373790; -0,4987780
27249;202000030269;6;7;2020;08:45;1;05;05040;1;1;1;7;D3;44,5319810;6,2852200
27250;202000030271;7;7;2020;20:10;1;60;60600;2;1;1;1;Chemin de Capy;49,3012080;2,7297700
27251;202000030272;6;7;2020;16:50;1;60;60216;1;3;1;3;D101;49,4626710;2,4727610
27252;202000030273;7;7;2020;07:25;1;07;07289;1;6;1;2;Route de l'Echelette;44,6256490;4,4186600
27253;202000030274;5;7;2020;17:51;1;40;40046;1;4;7;3;230 Route des Lacs;44,4157910; -1,1564960
27254;202000030275;6;7;2020;15:30;1;40;40135;1;2;1;-1;Route de Capboeuf;44,1485560; -0,5932300
27255;202000030276;4;7;2020;15:00;1;24;24540;1;1;1;7;LIEU DIT TOUT DE BOEUF;45,2877270;0,8298430
27256;202000030278;6;7;2020;23:00;3;28;28393;1;1;1;6;D104;48,6012750;1,3693320
27257;202000030279;3;7;2020;11:05;1;30;30321;2;1;1;1;D6110;43,7781280;4,0863990
27258;202000030280;7;7;2020;13:20;1;30;30123;1;1;1;6;D12;43,7094730;4,1699200
27259;202000030281;7;7;2020;09:15;1;67;67506;2;2;1;3;Rue Jeanne d'Arc;48,6656080;7,7156230
27260;202000030282;6;7;2020;20:16;1;66;66174;2;1;1;1;70 Avenue du Canigou;42,6825140;2,7352310
27261;202000030283;6;7;2020;19:20;1;44;44028;1;1;1;6;La Feliere;47,3475030; -1,3609210
27262;202000030284;2;7;2020;18:00;5;987;98715;2;1;1;5;Aratia Nelson Mandela; -17,5480120; -149,5946400
27263;202000030285;27;6;2020;21:10;5;987;98715;2;9;1;6;Route de Puurai; -17,5582230; -149,5978780
27264;202000030286;5;7;2020;11:00;1;976;97603;1;1;1;6;Route Nationale 3 - Bambo Est; -12,9322080;45,1733890
27265;202000030287;29;6;2020;20:30;2;51;51097;1;1;1;7;A4;49,0325266;4,5594634
27266;202000030288;6;7;2020;18:05;1;68;68278;2;1;1;6;29D rue de mulhouse;47,7477710;7,3991210
27267;202000030289;5;7;2020;03:30;3;987;98722;2;1;1;6;PK 32.300 RT 2 district de MAHAENA, devant la mairie; -17,5914290; -149,3821260
27268;202000030290;7;7;2020;16:55;1;45;45244;2;1;1;3;Rue d'Orléans;47,7675670;2,4782590
27269;202000030291;7;7;2020;10:20;1;05;05134;1;1;1;4;RN 94;44,6457770;6,5755050
27270;202000030292;2;7;2020;05:00;2;25;25632;2;1;2;6;Chemin de la Passerelle;47,4764270;6,7706730
27271;202000030293;6;7;2020;19:25;1;88;88174;1;1;1;2;D36;48,2167310;6,3431670
27272;202000030294;6;7;2020;15:15;1;54;54016;1;3;7;7;D10;48,7669390;5,8782860
27273;202000030295;6;7;2020;15:30;1;01;01160;2;2;1;3;50 Rue de Versoix;46,2577890;6,1141320
27274;202000030296;5;7;2020;13:30;1;69;69254;1;9;1;6;D313;45,9530050;4,4220830
27275;202000030297;5;7;2020;11:00;1;69;69254;1;1;1;3;Croix de la Main - rd 313;45,9604510;4,4155170
27276;202000030298;7;7;2020;11:30;1;09;09214;1;1;1;5;Plaine d'Aubert;42,9698400;1,1092440
27277;202000030300;5;7;2020;22:10;1;86;86049;1;1;1;7;Le Pre Bodin;46,9598700;0,1155710
27278;202000030302;7;7;2020;14:15;1;33;33284;1;1;1;1;82 Avenue Charles de Gaulle;44,5947300; -0,9057930
27279;202000030303;6;7;2020;19:45;1;72;72336;2;6;1;3;Le Clos de la Butte;47,8457830; -0,2977200
27280;202000030304;9;6;2020;18:15;1;27;27188;1;1;1;2;D321;49,3011413;1,0865049
27281;202000030305;7;7;2020;01:40;5;60;60462;2;7;1;2;D1001;49,3291640;2,2000980
27282;202000030306;7;7;2020;19:10;1;80;80291;1;1;1;6;Rue du Faubourg;49,7817910;2,3519110
27283;202000030307;6;7;2020;04:20;3;13;13071;1;1;1;-1;A7-Sens Lyon vers Marseille;43,3902600;5,3501700
27284;202000030308;4;7;2020;22:40;3;83;83137;1;1;1;6;A57;43,1275176;5,9751678
27285;202000030309;6;7;2020;16:50;1;33;33122;1;1;1;4;AUTOROUTE A 63;44,7279500; -0,7291000
27286;202000030310;6;7;2020;13:05;1;78;78431;1;1;1;-1;A13;48,9362190;1,9615190
27287;202000030311;5;7;2020;20:20;1;78;78362;1;1;1;4;A13;48,9758100;1,7232400
27288;202000030312;6;7;2020;17:10;1;95;95256;1;1;1;2;RN 184;49,0580300;2,2090000
27289;202000030313;6;7;2020;10:00;1;93;93066;1;1;1;4;AUTOROUTE A1;48,9193500;2,3575500
27290;202000030314;6;7;2020;10:30;1;93;93053;1;1;1;2;AUTOROUTE A3;48,8950100;2,4713300
27291;202000030315;5;7;2020;23:20;5;93;93066;1;1;1;6;AUTOROUTE A1;48,9061100;2,3586200
27292;202000030316;5;7;2020;19:10;5;988;98818;2;1;1;6;VOIE DE DEGAGEMENT EST; -22,2782100;166,4686000
27293;202000030317;4;7;2020;00:50;5;974;97416;2;1;1;7;HUBERT DE LISLE(BOULEVARD); -21,3435000;55,4686000
27294;202000030318;4;7;2020;17:25;3;974;97416;1;1;1;3;ROLLAND GARROS (CHEMIN) CD29 (2); -21,3377400;55,5397700
27295;202000030319;5;7;2020;13:20;1;974;97411;2;1;1;1;MACE (ROUTE GABRIEL); -20,9085200;55,5031700
27296;202000030320;5;7;2020;09:20;1;973;97302;2;2;1;3;BARTHELEMY (RENE);4,9346298; -52,3306757
27297;202000030321;5;7;2020;18:50;1;69;69383;2;3;1;3;FEUILLAT                            (R );45,7491852;4,8755838
27298;202000030322;5;7;2020;13:10;1;69;69383;2;2;1;3;VILLETTE (DE LA)                    (R );45,7629180;4,8619118
27299;202000030324;5;7;2020;16:30;1;972;97209;2;1;1;1;FONTAINE DIDIER (RUE DE LA);14,6447700; -61,0871600
27300;202000030325;5;7;2020;04:50;5;69;69382;2;2;1;3;PRESIDENT EDOUARD HERRIOT (DU)      (R );45,7633700;4,8342300
27301;202000030326;5;7;2020;15:25;1;69;69389;2;4;1;3;SIDOINE APPOLINAIRE                 (AV);45,7650100;4,8013100
27302;202000030327;5;7;2020;10:10;1;69;69152;2;1;1;1;HAUTE ROCHE (DE)                    (AV);45,7027700;4,8280100
27303;202000030328;5;7;2020;07:00;1;69;69382;2;2;1;3;BAYARD  (CO);45,7430500;4,8233100
27304;202000030329;5;7;2020;19:38;3;971;97101;1;6;1;2;VIEUX BOURG;16,2499000; -61,5291000
27305;202000030330;26;6;2020;17:10;1;971;97113;1;1;1;6;BAS DU FORT;16,2182100; -61,5174200
27306;202000030331;5;7;2020;14:00;1;91;91174;2;1;1;6;QUAI MAUZAISSE;48,6132700;2,4831700
27307;202000030332;6;2;2020;12:28;1;77;77449;2;2;1;3;MERIDIENNE ( BLD DE LA ) - D344;48,8537900;2,7735800
27308;202000030333;5;7;2020;04:30;5;77;77108;2;1;2;1;SEMPIN (CHEMIN DU);48,8950600;2,5910000
27309;202000030334;5;7;2020;14:40;1;69;69029;2;8;1;6;FRANKLIN ROOSEVELT                  (AV);45,7349000;4,9045900
27310;202000030335;4;7;2020;20:35;1;69;69290;2;2;1;3;SALVADOR ALLENDE                    (R );45,7064000;4,9349800
27311;202000030336;5;7;2020;13:35;1;64;64445;2;1;1;7;JACQUES PREVERT;43,3131000; -0,3366000
27312;202000030337;5;7;2020;09:25;1;64;64348;1;6;7;3;boulevard de l'Europe;43,3170300; -0,3951900
27313;202000030338;1;7;2020;18:40;1;59;59356;1;3;1;3;LILLE RUE DE;50,6552500;2,9994000
27314;202000030339;5;7;2020;02:50;5;59;59017;2;3;8;6;LAGRANGE (AVENUE LEO );50,6953126;2,8957566
27315;202000030340;5;7;2020;18:00;1;44;44162;2;2;1;-1;Avenue Sully Prudhomme;47,2350350; -1,5957210
27316;202000030341;5;7;2020;18:55;1;43;43157;2;1;1;6;1 Rue Antoine Martin;45,0383000;3,8840000
27317;202000030342;5;7;2020;23:48;5;42;42044;2;1;1;6;Rue Benoit Frachon;45,4003400;4,3537300
27318;202000030343;5;7;2020;14:45;1;35;35238;1;1;1;7;RN136;48,1404000; -1,6364500
27319;202000030344;5;7;2020;16:58;1;29;29039;2;1;1;6;Rue de Quimper;47,8868677; -3,9196383
27320;202000030346;5;7;2020;19:17;1;17;17291;2;1;1;1;ONZE NOVEMBRE   RUE DU;46,1750700; -1,1149800
27321;202000030347;5;7;2020;19:35;1;13;13215;2;2;1;6;LYON (RUE DE);43,3292147;5,3655625
27322;202000030348;5;7;2020;02:30;5;13;13208;2;1;1;2;POMPIDOU (PROMENADE);43,2639300;5,3738000
27323;202000030349;24;6;2020;22:00;5;13;13208;2;3;1;2;PRADO (AVENUE DU);43,2635930;5,3777980
27324;202000030350;22;6;2020;09:45;1;12;12145;2;1;1;6;REPUBLIQUE (AVENUE DE LA);44,1031300;3,0765100
27325;202000030351;4;7;2020;14:52;1;09;09207;1;1;1;7;ROUTE NATIONALE 20;42,9335500;1,6273100
27326;202000030352;4;7;2020;09:20;1;09;09207;1;1;1;7;ROUTE NATIONALE 20;42,9448600;1,6221700
27327;202000030353;4;7;2020;10:40;1;06;06069;2;1;1;3;MARIGARDE (ROUTE DE LA);43,6814240;6,9589370
27328;202000030354;4;7;2020;12:20;1;01;01053;2;1;1;3;PELOUX ( RUE DU );46,2001000;5,2135000
27329;202000030355;5;7;2020;20:00;1;75;75117;2;1;1;3;ECHANGEUR MAILLOT;48,8804410;2,2816520
27330;202000030356;5;7;2020;05:45;4;75;75111;2;2;1;3;BOULEVARD RICHARD LENOIR;48,8640020;2,3706860
27331;202000030357;4;7;2020;21:46;2;75;75120;2;2;1;6;RUE DES PYRENEES;48,8733590;2,3900210
27332;202000030360;3;7;2020;23:50;5;75;75120;2;3;1;3;RUE D AVRON;48,8515310;2,3995530
27333;202000030361;5;7;2020;22:00;5;75;75119;2;2;1;6;AVENUE DE FLANDRE;48,8883870;2,3741440
27334;202000030362;5;7;2020;02:45;5;75;75119;2;2;1;3;RUE DE MEAUX;48,8827910;2,3756550
27335;202000030363;5;7;2020;17:35;1;75;75118;2;2;1;6;RUE LAGILLE;48,8943430;2,3299270
27336;202000030364;4;7;2020;21:00;2;75;75118;2;2;1;3;RUE MARCADET;48,8910730;2,3442940
27337;202000030365;5;7;2020;17:30;1;75;75117;2;4;1;3;AVENUE DE SAINT OUEN;48,8916090;2,3269590
27338;202000030368;5;7;2020;15:00;1;75;75113;2;7;1;7;RUE BOBILLOT;48,8224960;2,3470060
27339;202000030369;3;7;2020;16:30;1;75;75109;2;2;1;6;BOULEVARD DES CAPUCINES;48,8706820;2,3325220
27340;202000030370;5;7;2020;03:20;5;75;75116;2;7;1;3;PLACE DU PARAGUAY;48,8717830;2,2763850
27341;202000030371;5;7;2020;02:24;5;75;75108;2;3;1;3;BOULEVARD HAUSSMANN;48,8751460;2,3119690
27342;202000030372;5;7;2020;01:10;5;75;75107;2;2;1;3;PONT DE L ALMA;48,8622790;2,3015660
27343;202000030373;5;7;2020;12:50;1;75;75107;2;3;1;7;QUAI ANATOLE FRANCE;48,8611250;2,3241890
27344;202000030374;5;7;2020;06:40;1;75;75104;2;2;1;6;RUE DU RENARD;48,8583580;2,3519340
27345;202000030375;5;7;2020;12:20;1;94;94068;2;1;8;1;SCHAKEN (QU);48,8092000;2,4618800
27346;202000030376;4;7;2020;05:37;2;93;93066;2;1;1;6;JARDIN DE L'ECLUSE;48,9268754;2,3575028
27347;202000030377;5;7;2020;19:30;1;93;93048;1;1;1;6;QUATORZE JUILLET (PLACE DU);48,8589087;2,4420483
27348;202000030378;5;7;2020;13:00;1;93;93010;2;6;1;3;REPUBLIQUE (PL. DE LA);48,8951419;2,4778636
27349;202000030379;5;7;2020;01:03;5;93;93005;2;1;1;6;MARC CHAGALL (BOULEVARD);48,9531506;2,5014490
27350;202000030380;5;7;2020;11:55;1;92;92048;2;1;1;7;HENRI SAVIGNAC (RUE);48,8199680;2,2337030
27351;202000030381;4;7;2020;18:40;5;976;97610;1;1;1;6;longoni; -12,7391700;45,1946030
27352;202000030382;5;7;2020;18:40;1;01;01382;2;2;1;3;46 Route de Relevant;46,0196040;4,9285430
27353;202000030383;5;7;2020;18:10;1;01;01434;1;3;1;5;D2d;45,9674870;5,0743370
27354;202000030384;5;7;2020;02:45;3;62;62794;2;1;1;6;26 Route Nationale;50,7100610;2,1483210
27355;202000030385;6;7;2020;03:30;4;73;73218;1;1;1;6;D55 Route du Mont Clergeon;45,8462830;5,8484710
27356;202000030386;5;7;2020;02:45;3;84;84142;1;2;1;3;Avenue des Sorgues;43,9459520;5,0135800
27357;202000030387;6;7;2020;12:30;1;71;71273;1;1;1;6;CD 281 - CHEMIN DES MACONS;46,6667851;3,7862492
27358;202000030388;6;7;2020;06:55;1;45;45187;2;1;1;6;Faubourg de Montargis;47,8929130;2,5169040
27359;202000030389;5;7;2020;16:15;1;28;28022;1;2;1;1;D939;48,4854670;1,3943410
27360;202000030390;5;7;2020;19:46;1;21;21087;1;1;1;6;A6;47,1054560;4,7130600
27361;202000030391;2;6;2020;17:45;1;29;29204;1;1;1;2;RN 12;48,4991900; -4,1832380
27362;202000030392;14;2;2020;17:39;1;10;10387;2;1;1;7;GEORGES POMPIDOU (RUE);48,2864700;4,0767800
27363;202000030393;15;2;2020;14:35;1;75;75113;2;1;1;2;QUAI D IVRY;48,8266350;2,3889950
27364;202000030394;13;2;2020;23:51;5;75;75105;2;2;8;-1;RUE GAY LUSSAC;48,8425840;2,3429120
27365;202000030395;15;2;2020;16:50;1;75;75120;2;2;1;3;BOULEVARD DAVOUT;48,8534970;2,4106530
27366;202000030396;15;2;2020;02:50;5;75;75119;2;2;1;6;RUE RIQUET;48,8896930;2,3681440
27367;202000030397;14;2;2020;22:30;5;75;75119;2;7;1;6;RUE DE L ARGONNE;48,8923650;2,3853960
27368;202000030398;15;2;2020;12:45;1;75;75114;2;2;1;3;RUE FROIDEVAUX;48,8353390;2,3292390
27369;202000030399;14;2;2020;21:40;5;75;75114;2;2;1;6;BOULEVARD BRUNE;48,8232550;2,3255560
27370;202000030400;14;2;2020;14:55;1;75;75114;2;5;1;6;RUE D ALESIA;48,8305250;2,3192460
27371;202000030401;15;2;2020;10:25;1;75;75111;2;1;1;3;AVENUE DE LA REPUBLIQUE;48,8645300;2,3784990
27372;202000030402;15;2;2020;04:15;5;75;75107;2;2;1;-1;AVENUE DE BRETEUIL;48,8516530;2,3125440
27373;202000030403;15;2;2020;13:40;1;94;94078;2;1;1;3;CARNOT (AV);48,7330000;2,4476000
27374;202000030404;15;2;2020;19:51;5;94;94076;2;2;2;6;STALINGRAD (AV DE);48,7847000;2,3672000
27375;202000030405;15;2;2020;12:00;1;94;94034;2;1;1;2;CERISAIE (AV DE LA);48,7527000;2,3300400
27376;202000030406;15;2;2020;09:35;1;93;93053;2;1;1;6;MARC SANGNIER (RUE);48,8956000;2,4584500
27377;202000030408;15;2;2020;19:05;5;92;92049;2;1;2;6;REPUBLIQUE AVENUE DE LA N°1 A 79;48,8194390;2,3201920