;Num_Acc;jour;mois;an;hrmn;lum;dep;com;agg;int;atm;col;adr;lat;long
27378;202000030409;15;2;2020;19:45;5;92;92035;2;2;2;3;Belgique ( Place de )/ Verdun 1916 ( avenue de)/ Verdun 1916 ( avenue de)/ National ( boulevard );48,9068300;2,2388200
27379;202000030410;15;2;2020;05:05;5;92;92035;2;1;1;6;République ( boulevard de la );48,9072699;2,2414663
27380;202000030411;16;2;2020;20:15;5;974;97415;2;1;1;6;38 Rue Etienne Regnault; -20,9828380;55,3288220
27381;202000030413;15;2;2020;21:15;3;26;26031;1;1;1;7;route d' Espeluche;44,5462120;4,8448740
27382;202000030414;14;2;2020;18:50;2;24;24010;1;1;1;7;Route des Plantes;45,1833750;0,5850970
27383;202000030416;15;2;2020;15:59;1;83;83061;1;1;1;5;A8;43,4687820;6,7291900
27384;202000030417;16;2;2020;19:55;3;60;60570;1;2;3;1;D923;49,2506578;2,0393058
27385;202000030418;16;2;2020;00:05;4;01;01322;1;1;1;1;2016 Route de Lyon;45,9225390;4,8129720
27386;202000030419;11;2;2020;08:20;1;83;83031;2;1;1;1;Taurelle;43,3928900;6,3299250
27387;202000030420;16;2;2020;07:30;2;79;79351;1;1;1;6;;46,4271200; -0,5493160
27388;202000030421;15;2;2020;01:00;3;60;60006;1;2;1;3;D200;49,3196093;2,5886267
27389;202000030422;15;2;2020;02:00;4;80;80568;2;1;3;7;8 Rue d'Enfer;49,8040160;2,9143810
27390;202000030423;16;2;2020;16:54;1;49;49248;1;9;6;6;RD775;47,7571130; -1,1739060
27391;202000030424;16;2;2020;11:20;1;41;41242;2;3;1;6;07 Rue de la Fontaine;47,2796200;1,5634030
27392;202000030425;16;2;2020;00:30;5;34;34304;2;1;1;2;Route de Lodeve;43,7660350;3,3398600
27393;202000030426;16;2;2020;04:00;3;02;02160;1;1;6;6;D977;49,6894820;3,9867500
27394;202000030428;16;2;2020;01:24;5;06;06090;2;1;1;1;87 Route de la Fenerie;43,5914610;6,9293100
27395;202000030429;15;2;2020;14:25;1;60;60024;1;2;1;3;N31;49,4032984;2,6728135
27396;202000030430;16;2;2020;00:50;3;45;45204;1;1;1;6;chemin du colombier;47,7989396;1,8184412
27397;202000030432;14;2;2020;19:15;5;07;07292;2;9;1;3;Avenue de Praperrier;45,1644710;4,6642130
27398;202000030433;14;2;2020;18:40;2;53;53207;1;9;1;3;Rue d'Evron;48,1282310; -0,4436160
27399;202000030434;16;2;2020;15:00;1;40;40047;1;1;1;3;D15;43,5534700; -0,7172010
27400;202000030436;15;2;2020;19:25;3;27;27340;1;1;1;1;D313;49,3738190;0,8087400
27401;202000030437;15;2;2020;05:30;3;37;37145;1;1;8;6;La Chapelle;47,0367290;0,6575828
27402;202000030438;14;2;2020;10:10;1;30;30348;2;1;1;6;Ancienne Route de Nimes Rd 936;44,0537530;4,1306340
27403;202000030439;15;2;2020;17:30;2;67;67174;2;1;1;-1;D642;48,9058590;7,6143840
27404;202000030440;15;2;2020;20:13;5;973;97307;2;2;2;3;10 Rue Acajou;4,8862440; -52,3381220
27405;202000030441;15;2;2020;17:30;1;06;06085;2;6;1;3;Route de la Roquette;43,6118440;6,9685990
27406;202000030443;16;2;2020;06:17;3;30;30268;1;1;2;6;Saint-Jean-de-Valériscle;44,2380050;4,1236930
27407;202000030444;15;2;2020;16:55;1;34;34157;2;1;7;6;9 Avenue General de Gaulle;43,4260190;3,6028370
27408;202000030446;16;2;2020;17:50;1;25;25251;1;1;1;1;D683;47,3411850;6,3153390
27409;202000030447;16;2;2020;04:00;5;71;71448;1;1;1;7;D906;46,3852627;4,8695633
27410;202000030448;14;2;2020;18:50;3;57;57598;1;1;1;-1;D81;49,1330090;7,0111390
27411;202000030449;16;2;2020;10:40;1;42;42066;1;1;1;6;D1089;45,7393637;4,1890754
27412;202000030450;16;2;2020;15:21;1;69;69140;1;2;1;1;Chemin du Chevronnet;45,9021980;4,6765230
27413;202000030451;5;2;2020;19:50;3;81;81038;1;6;1;7;RD968;43,8761100;1,9078340
27414;202000030453;15;2;2020;20:00;5;16;16187;2;2;1;3;Avenue du Stade;45,6565191;0,0843217
27415;202000030454;16;2;2020;01:45;3;49;49349;1;1;1;6;Sèvremoine;47,1505930; -1,1961100
27416;202000030455;16;2;2020;00:05;3;14;14160;1;1;3;2;N158;49,0660289; -0,2930519
27417;202000030456;14;2;2020;15:00;1;76;76563;1;2;1;4;D6015;49,5259880;0,3304910
27418;202000030457;14;2;2020;20:25;3;13;13019;1;1;1;3;A51-Sens Aix en Provence vers Marseille;43,4225610;5,3719520
27419;202000030458;10;2;2020;15:00;1;13;13106;1;1;1;3;A7-Sens Lyon vers Marseille;43,3964050;5,3502670
27420;202000030459;11;2;2020;13:15;1;69;69290;1;1;1;2;A43;45,7079000;4,9556000
27421;202000030460;14;2;2020;09:00;1;78;78640;1;1;8;4;RN12;48,7819240;2,1637500
27422;202000030461;15;2;2020;01:00;4;95;95580;1;1;1;6;AUTOROUTE A1;49,0822000;2,5516000
27423;202000030462;14;2;2020;23:20;5;94;94042;1;1;1;-1;A4;48,8265629;2,4667862
27424;202000030463;31;1;2020;07:40;3;77;77146;1;1;2;4;A4.Y;48,8323722;2,6612390
27425;202000030464;14;2;2020;04:40;5;988;98818;1;3;1;6;ROUTE DE LA BAIE DES DAMES/RUE DU DOCTEUR SCHWEITZER; -22,2364500;166,4386800
27426;202000030465;11;2;2020;11:00;1;988;98818;2;1;2;1;ROUTE STRATEGIQUE - RUE PAUL CACOT; -22,2652300;166,4476900
27427;202000030466;15;2;2020;03:05;3;974;97416;1;1;1;6;km; -21,3122916;55,4955161
27428;202000030467;13;2;2020;19:15;2;974;97416;1;3;1;1;ZONE (ALLEE DE LA); -21,3182100;55,4732400
27429;202000030468;15;2;2020;02:00;5;974;97411;2;2;2;3;Avenue de la Victoire; -20,8766000;55,4479000
27430;202000030469;14;2;2020;14:39;1;973;97302;1;6;1;2;MARINGOUINS (ROND-POINT);4,8968103; -52,3287478
27431;202000030470;14;2;2020;20:30;5;69;69266;2;2;1;2;ANATOLE FRANCE     (Rue);45,7665000;4,8688000
27432;202000030471;14;2;2020;14:15;1;69;69387;2;3;1;3;PRE GAUDRY                          (R );45,7386300;4,8364400
27433;202000030472;14;2;2020;13:00;1;69;69276;2;3;1;3;LYON (DE)                               ;45,6830000;4,8614000
27434;202000030473;14;2;2020;08:30;1;69;69386;2;2;2;6;GARIBALDI                           (R );45,7678412;4,8507298
27435;202000030474;14;2;2020;02:05;5;69;69387;2;2;2;3;SEBASTIEN GRYPHE                    (R );45,7492400;4,8419400
27436;202000030475;11;2;2020;12:15;1;972;97213;1;1;1;7;AUTOROUTE A1;14,6179000; -61,0305000
27437;202000030476;13;2;2020;17:00;1;69;69385;2;1;1;6;ADOLPHE MAX                         (AV);45,7598000;4,8273600
27438;202000030477;14;2;2020;14:15;1;2B;2B033;2;1;1;3;Route Imperiale;42,6647523;9,4376771
27439;202000030478;14;2;2020;21:14;5;2A;2A004;2;8;1;1;NICOLI JEAN COURS;41,9322216;8,7405326
27440;202000030479;13;2;2020;12:15;1;2A;2A004;2;1;1;7;Cours Napoléon;41,9216000;8,7373300
27441;202000030480;14;2;2020;11:30;1;91;91228;2;1;1;6;CROIZAT (RUE AMBROISE);48,6260600;2,4270900
27442;202000030482;13;2;2020;19:00;5;91;91425;2;3;1;3;DOCTEUR OGE (RUE DU);48,6368750;2,2768330
27443;202000030483;13;2;2020;17:21;1;87;87085;1;1;2;6;RD941 (OUEST);45,8370700;1,1951800
27444;202000030484;13;2;2020;15:22;1;87;87085;1;1;2;4;AUTOROUTE A20;45,8562800;1,2806100
27445;202000030485;14;1;2020;08:00;1;30;30351;2;1;1;1;SEMARD AVENUE PIERRE;43,9678000;4,7951000
27446;202000030486;14;2;2020;09:45;1;83;83137;2;1;1;6;15EME CORPS (AVE DU);43,1285490;5,9128090
27447;202000030487;14;2;2020;09:30;1;83;83137;2;3;1;3;LYAUTEY (AVE MARECHAL);43,1285300;5,9218800
27448;202000030488;13;2;2020;10:30;1;83;83062;2;1;8;3;ST JUST (AVENUE LT ANTOINE);43,1433610;6,0176060
27449;202000030489;7;2;2020;19:05;5;83;83050;2;3;1;1;SAINTE BARBE(CHEMIN);43,5290910;6,4854730
27450;202000030490;13;2;2020;07:55;2;80;80674;2;1;2;2;DEFENSE PASSIVE (AVENUE DE LA);49,9077800;2,3218700
27451;202000030491;12;2;2020;10:05;1;80;80021;2;1;1;6;JUST HAUY (RUE);49,8878000;2,3136900
27452;202000030492;7;2;2020;11:35;1;77;77501;1;2;1;1;D 403;48,3348100;2,8670100
27453;202000030493;13;2;2020;20:50;5;76;76157;2;1;1;6;HUGO. RUE VICTOR;49,4460500;1,0360400
27454;202000030494;13;2;2020;16:25;1;71;71306;1;1;3;7;N70;46,6914590;4,3721290
27455;202000030495;14;2;2020;16:00;1;69;69266;2;1;1;3;8 MAI 1945   (Rue du);45,7820000;4,8911000
27456;202000030496;14;2;2020;08:05;2;69;69275;2;1;2;3;ELISEE RECLUS                       (R );45,7599000;4,9607000
27457;202000030497;13;2;2020;18:50;5;69;69264;2;1;2;2;EUROPE L'  AV DE;45,9920000;4,7423000
27458;202000030498;14;2;2020;14:00;1;67;67482;2;1;2;6;LAZARET (RUE DU);48,5639059;7,7533932
27459;202000030499;14;2;2020;01:10;5;67;67482;2;3;1;7;LEICESTER (RUE);48,5784200;7,7720200
27460;202000030500;13;2;2020;20:10;5;67;67482;2;3;2;3;CHARMILLE (RUE DE LA);48,5861600;7,7181500
27461;202000030501;14;2;2020;14:38;1;66;66136;2;1;1;7;RIERE (JEAN);42,6916900;2,8968400
27462;202000030502;13;2;2020;13:50;1;66;66136;2;1;1;1;GAUGUIN (AVENUE PAUL);42,7210000;2,8902700
27463;202000030503;11;2;2020;19:00;4;65;65440;2;1;1;2;MAI 1945 (BOULEVARD DU 08);43,2189200;0,0715910
27464;202000030504;11;2;2020;18:10;2;65;65440;2;1;8;4;AZEREIX (AVENUE D');43,2275500;0,0559800
27465;202000030505;11;2;2020;18:25;5;64;64445;2;1;2;6;POUGUET;43,3216100; -0,3511700
27466;202000030506;13;2;2020;07:00;5;64;64024;2;3;1;3;BIARRITZ (AVENUE DE);43,4802400; -1,5254500
27467;202000030507;12;2;2020;01:18;5;63;63113;2;1;1;7;MERMOZ (AVENUE JEAN);45,7898567;3,1286209
27468;202000030508;12;2;2020;09:49;1;63;63113;2;1;1;-1;RECLUS (AVENUE ELISEE);45,7852800;3,1417800
27469;202000030509;12;2;2020;13:18;1;63;63113;2;1;1;1;MERMOZ (AVENUE JEAN);45,7903200;3,1330800
27470;202000030510;13;2;2020;22:50;5;63;63113;2;5;1;3;FLAUBERT (BD GUSTAVE);45,7641400;3,1260400
27471;202000030511;2;2;2020;17:50;5;62;62765;2;3;1;3;THEROUANE (RUE DE....N°49 A 73 ET 75 A 1;50,7466270;2,2620880
27472;202000030512;13;2;2020;20:15;5;59;59421;2;1;1;3;CONGO (RUE DU);50,6989993;3,1488705
27473;202000030515;13;2;2020;18:16;2;56;56098;2;2;6;3;GRANDE LANDE ( ROUTE DE LA );47,7563600; -3,3361100
27474;202000030516;14;2;2020;18:10;5;51;51454;2;1;1;7;Boulevard Saint Marceaux;49,2553710;4,0463598
27475;202000030517;13;2;2020;08:12;1;51;51454;2;2;2;3;Allée du Vignoble;49,2225327;4,0141559
27476;202000030518;13;2;2020;13:57;1;49;49007;2;1;1;3;GAIN ( LOUIS);47,4684504; -0,5383283
27477;202000030519;13;2;2020;08:37;1;49;49007;2;1;1;7;ESTIENNE D'ORVES BOULEVARD;47,4598700; -0,5199600
27478;202000030520;11;2;2020;08:37;1;49;49007;2;1;1;6;BON PASTEUR BOULEVARD;47,4703500; -0,5699200
27479;202000030521;13;2;2020;19:15;5;45;45234;2;1;3;7;Rue Eugene Vignat;47,9087502;1,9108817
27480;202000030522;14;2;2020;16:50;1;37;37261;2;3;1;3;VARENNES (ALLEE DE);47,3859609;0,6962468
27481;202000030523;14;2;2020;12:40;1;37;37261;2;3;1;3;GUILLAUMET (RUE);47,3816357;0,7051613
27482;202000030525;13;2;2020;17:00;1;34;34336;2;6;1;6;BEREGOVOY (AVENUE PIERRE);43,3206600;3,2791200
27483;202000030526;14;2;2020;19:00;5;33;33013;1;1;1;4;ROUTE NATIONALE 89;44,8677200; -0,4925000
27484;202000030527;14;2;2020;18:15;4;33;33318;2;1;1;6;Avenue du Parc d'Espagne;44,7986400; -0,6814500
27485;202000030528;14;2;2020;17:00;1;33;33162;2;3;1;6;Rue d'Eysines;44,8626900; -0,6531300
27486;202000030529;5;2;2020;18:45;5;33;33281;2;1;1;1;RUE GEORGES OHM;44,8307100; -0,6666800
27487;202000030530;11;2;2020;11:40;1;33;33529;2;1;1;6;AERODROME (AVE DE L');44,6021500; -1,1193900
27488;202000030531;14;2;2020;12:30;1;32;32013;1;3;1;3;R N 21;43,6698800;0,6018900
27489;202000030532;14;2;2020;02:10;5;31;31555;2;1;1;6;31 Chemin des Canalets;43,5627700;1,4443400
27490;202000030533;13;2;2020;14:50;1;31;31555;2;1;1;6;111 Chemin de Lapujade;43,6253200;1,4551000
27491;202000030534;13;2;2020;07:30;3;31;31149;2;1;1;3;ROND POINT DU PETIT PRINCE ;43,6110400;1,3369300
27492;202000030535;14;2;2020;16:45;1;30;30189;1;2;1;2;MAS DE CHEYLON;43,8052300;4,3366100
27493;202000030536;9;2;2020;03:10;5;30;30243;2;1;1;4;GAULLE (AVENUE DU GAL DE);44,0855500;4,0772300
27494;202000030538;20;1;2020;14:50;1;22;22278;2;1;1;6;PROMENADES (ET ALL. DES);48,5132261; -2,7572733
27495;202000030539;12;2;2020;09:30;2;15;15012;1;1;5;3;RD 920;44,8429180;2,4765330
27496;202000030540;14;2;2020;15:05;1;14;14333;1;1;1;3;JUDOVICIE (BOULEVARD);49,4154700;0,2583900
27497;202000030541;21;1;2020;12:45;1;14;14117;2;1;1;1;PONT DE PIERRE (RUE DU);49,2831100; -0,1235900
27498;202000030542;14;2;2020;06:25;5;14;14118;2;1;1;6;TASSIGNY (AVENUE DE LATTRE DE);49,2059300; -0,3785600
27499;202000030543;14;2;2020;10:15;1;13;13106;1;2;1;3;PIGEONNIER (CHEMIN DU);43,4034600;5,3569400
27500;202000030544;14;2;2020;17:15;2;13;13210;2;1;1;2;CAPELETTE (AVENUE DE LA);43,2792070;5,4119970
27501;202000030545;13;2;2020;17:15;2;13;13211;2;1;2;6;VALENTINE (ROUTE DE LA);43,2896130;5,4705300
27502;202000030546;14;2;2020;10:50;1;13;13208;2;3;1;3;PRADO (AVENUE DU);43,2802828;5,3869432
27503;202000030547;14;2;2020;10:45;1;13;13212;2;1;1;6;SAINT JULIEN (AVENUE DE );43,3063600;5,4188800
27504;202000030548;11;2;2020;18:50;5;13;13047;1;9;1;2;D.5;43,4860000;4,9951600
27505;202000030550;12;2;2020;11:45;1;12;12176;2;3;1;1;ESPALION (ROUTE D');44,3760900;2,5925700
27506;202000030551;14;2;2020;15:35;1;10;10387;2;2;8;3;GASTON ROGELIN (RUE);48,3066000;4,0648600
27507;202000030552;13;2;2020;17:38;2;10;10387;2;2;2;3;AMBROISE COTTET (RUE);48,3021000;4,0667000
27508;202000030553;13;2;2020;08:07;1;10;10362;2;1;1;1;LOUIS BLANC (RUE);48,2970880;4,0551410
27509;202000030554;14;2;2020;05:00;5;09;09225;2;1;1;2;MIREPOIX ROUTE DE;43,1040100;1,6244700
27510;202000030555;14;2;2020;20:48;5;06;06083;2;6;1;2;CENTENAIRE (COURS DU);43,7716100;7,4925110
27511;202000030556;13;2;2020;17:40;1;06;06083;2;1;1;6;SOLEIL (PROMENADE DU, N° 850 A 960);43,7712250;7,4960700
27512;202000030557;12;2;2020;10:20;1;06;06123;2;1;1;6;LIBERATION AVENUE DE LA;43,6665000;7,1872000
27513;202000030558;14;2;2020;10:20;1;05;05061;1;1;1;2;RN 94;44,5733000;6,1088800
27514;202000030559;13;2;2020;13:50;1;05;05061;2;1;8;7;JUSTICE ( ROUTE DE  LA );44,5655300;6,1022600
27515;202000030560;12;2;2020;19:00;4;05;05061;2;1;1;4;EMILE DIDIER ( AV );44,5661400;6,0939300
27516;202000030561;14;2;2020;07:20;2;75;75118;2;4;1;-1;PORTE DE CLIGNANCOURT;48,9009740;2,3403670
27517;202000030562;14;2;2020;16:15;1;75;75118;2;3;1;2;AVENUE DE LA PORTE DE CLIGNANCOURT;48,9005060;2,3443830
27518;202000030563;14;2;2020;18:50;5;75;75119;2;2;1;6;RUE RIQUET;48,8896740;2,3681460
27519;202000030564;14;2;2020;12:20;1;75;75119;2;1;1;-1;AVENUE JEAN JAURES;48,8871980;2,3870500
27520;202000030565;13;2;2020;13:53;1;75;75119;2;7;1;2;PLACE DE LA PORTE DE PANTIN;48,8894820;2,3957070
27521;202000030566;14;2;2020;08:50;1;75;75117;2;2;1;3;RUE GUY MOQUET;48,8924420;2,3247890
27522;202000030567;13;2;2020;18:30;5;75;75116;2;2;1;6;AVENUE MOZART;48,8546860;2,2693880
27523;202000030568;14;2;2020;15:15;1;75;75115;2;1;1;-1;RUE DE LA CONVENTION;48,8369480;2,2973970
27524;202000030569;14;2;2020;09:00;1;75;75115;2;5;1;7;AVENUE DE SUFFREN;48,8511360;2,3009650
27525;202000030570;14;2;2020;12:00;1;75;75108;2;7;1;3;PLACE DE LA CONCORDE;48,8653060;2,3205030
27526;202000030571;14;2;2020;08:07;1;75;75108;2;1;1;3;RUE DU HAVRE;48,8746050;2,3268550
27527;202000030572;14;2;2020;21:30;5;75;75101;2;1;1;6;RUE SAINT HONORE;48,8667310;2,3282780
27528;202000030573;14;2;2020;18:00;5;75;75101;2;3;1;3;BOULEVARD DE SEBASTOPOL;48,8629300;2,3506830
27529;202000030574;14;2;2020;14:55;1;75;75103;2;1;1;6;RUE DES VERTUS;48,8647920;2,3581630
27530;202000030575;14;2;2020;03:10;5;94;94081;2;1;1;7;LEON GEFFROY (R);48,7799100;2,4080300
27531;202000030576;14;2;2020;15:45;1;94;94068;2;1;1;3;LOUIS BLANC (AV);48,7973261;2,5019359
27532;202000030578;14;2;2020;13:45;1;94;94041;2;2;8;6;LENINE (R);48,8172700;2,3964200
27533;202000030579;14;2;2020;12:50;1;94;94034;2;1;1;6;DIVISION LECLERC (AV DE LA);48,7590300;2,3223500
27534;202000030580;14;2;2020;21:00;5;94;94028;2;1;1;1;LAFERRIERE(AVENUE);48,8012083;2,4578216
27535;202000030582;13;2;2020;07:00;2;94;94004;2;3;2;3;GENERAL LECLERC (AV DU);48,7468627;2,5101202
27536;202000030583;13;2;2020;09:10;1;94;94002;2;9;1;3;EMILE ZOLA (R);48,7989426;2,4239829
27537;202000030584;14;2;2020;16:00;1;93;93066;2;1;1;2;R CROIZAT AMBROISE;48,9322400;2,3489100
27538;202000030586;13;2;2020;22:40;5;93;93048;2;2;1;3;GABRIEL PERI (AVENUE);48,8575358;2,4399635
27539;202000030587;14;2;2020;20:30;5;93;93046;2;3;1;3;POMMIERS ALLEE DES;48,9088000;2,5366600
27540;202000030588;14;2;2020;16:30;1;93;93008;2;1;1;2;ALLENDE (AVE DU P. SALVADOR);48,9020600;2,4452700
27541;202000030589;1;4;2020;20:04;2;69;69142;2;4;1;3;GENERAL DE GAULLE                   (AV);45,7258800;4,8141200
27542;202000030590;15;3;2020;16:20;1;77;77186;1;1;1;3;RD148 carrefour DIANE à SORQUES;48,3562780;2,7613880
27543;202000030591;31;3;2020;17:40;1;64;64102;2;1;1;6;SAINT FREDERIC (PONT);43,4873000; -1,4624000
27544;202000030592;30;3;2020;22:55;5;62;62194;2;1;1;1;CAVEE ( RUE DE LA );50,4900600;2,4817000
27545;202000030593;31;3;2020;14:15;1;62;62178;2;1;1;6;EVRARD ( FLORENT );50,4880180;2,5500510
27546;202000030594;21;3;2020;14:05;1;49;49007;2;1;1;3;MARIANNE BOULEVARD;47,4512200; -0,5269700
27547;202000030595;1;4;2020;20:33;5;33;33522;2;1;1;3;Route de Toulouse (côté impair);44,8072600; -0,5733500
27548;202000030596;31;3;2020;16:00;1;12;12013;1;4;1;6;Barouillet Haut  LIEU-DIT;44,5366000;2,2430820
27549;202000030597;14;1;2020;03:57;5;75;75119;2;1;1;1;BD PERIPHERIQUE EXTERIEUR;48,8995860;2,3925950
27550;202000030598;1;4;2020;14:25;1;75;75108;2;2;1;3;RUE D ARTOIS;48,8737060;2,3064820
27551;202000030599;30;3;2020;09:30;1;92;92050;2;2;1;3;CHARLES DE GAULLE (BD);48,9179420;2,2239830
27552;202000030600;17;3;2020;15:52;1;59;59499;2;1;1;7;Rue des Bouleaux;50,9437730;2,5383460
27553;202000030601;9;3;2020;14:02;1;38;38529;2;1;2;1;Avenue d'Uriage;45,1152500;5,8081700
27554;202000030602;2;4;2020;00:20;4;79;79208;2;1;1;6;60 Grande Rue;46,6698630; -0,1536600
27555;202000030603;1;4;2020;21:00;3;61;61061;1;1;1;6;Lieu Dit le Moulin Neuf;48,4460910;0,9290960
27556;202000030604;1;4;2020;20:10;1;29;29041;2;1;1;7;D36 - Lieu Dit Saint Hilaire;48,0568860; -3,8269330
27557;202000030605;2;4;2020;18:00;1;70;70257;1;1;1;7;D474;47,4981400;5,9492910
27558;202000030606;1;4;2020;05:30;3;09;09116;1;9;1;7;D626a;43,1322620;1,5481220
27559;202000030607;1;4;2020;17:25;1;17;17394;1;1;1;7;RD 111;46,1219720; -0,6567710
27560;202000030608;1;4;2020;18:00;1;973;97307;2;9;9;2;Route de la Distillerie;4,8747120; -52,3317030
27561;202000030609;2;4;2020;08:30;1;02;02218;1;1;1;6;Autoroute A26;49,5594390;3,8039620
27562;202000030610;30;3;2020;18:15;1;38;38068;1;1;1;1;Route Napoléon;45,1021500;5,7150500
27563;202000030611;23;1;2020;10:00;1;26;26169;1;1;1;5;D844;44,4613000;4,7357590
27564;202000030612;24;1;2020;18:15;5;69;69384;2;2;1;6;DANGON                              (R );45,7772400;4,8203300
27565;202000030613;23;1;2020;12:00;1;69;69382;2;3;1;3;ANTONIN GOURJU                      (PL);45,7590900;4,8299800
27566;202000030614;22;1;2020;18:00;5;69;69389;2;3;1;6;BOURGOGNE (DE)                      (R );45,7792668;4,8018301
27567;202000030615;31;1;2020;13:35;1;59;59028;2;1;8;6;ROUSSEAU (RUE JEAN-JACQUES);50,4085000;3,0778300
27568;202000030616;30;3;2020;21:28;5;988;98818;2;1;1;6;VE1; -22,2579800;166,4467200
27569;202000030618;28;3;2020;20:39;5;63;63113;2;2;1;3;JULIEN (AVENUE);45,7755100;3,0820900
27570;202000030619;28;3;2020;01:31;5;63;63075;2;1;1;6;BERGOUGNAN (AVENUE);45,7796700;3,0683700
27571;202000030620;30;3;2020;21:20;3;35;35241;2;1;1;6;D168;48,6137900; -2,0356500
27572;202000030621;31;3;2020;17:25;1;13;13215;2;9;2;6;DE SAINT LOUIS AU ROVE (chemin);43,3480000;5,3583000
27573;202000030622;31;3;2020;21:20;5;13;13001;2;1;1;7;BERRE (ROUTE DE);43,5308600;5,4159100
27574;202000030623;11;3;2020;17:45;1;07;07008;2;3;1;1;Rue Royale;44,7131740;4,6322170
27575;202000030624;31;3;2020;20:40;5;02;02408;1;6;1;6;RN2;49,5462330;3,6067510
27576;202000030625;30;3;2020;15:40;1;75;75119;2;1;1;7;RUE JACQUES DUCHESNE;48,8994910;2,3740860
27577;202000030626;31;3;2020;17:45;1;93;93077;2;5;1;3;R CIRCULAIRE HENRI JOUSSEAUME / AV DU CAPITAINE LOUYS;48,8837492;2,5144442
27578;202000030627;31;3;2020;15:20;1;93;93046;2;4;1;6;EUROPE BOULEVARD DE L';48,9231400;2,5449000
27579;202000030628;31;3;2020;19:50;1;93;93079;2;3;1;3;Pablo Neruda (rue);48,9569400;2,3434800
27580;202000030629;31;3;2020;18:20;1;92;92048;2;1;1;-1;JEAN JAURES (AVENUE) N° 8 A 72;48,8105190;2,2437140
27581;202000030630;12;2;2020;14:20;1;95;95352;1;1;1;2;RD 922;49,1215580;2,4029370
27582;202000030631;31;3;2020;20:00;3;34;34224;1;1;1;3;Chemin de la Rivière;43,4505820;3,2215910
27583;202000030632;1;4;2020;08:30;1;03;03082;2;1;1;6;87 Rue de la Grange;46,2668675;2,7356592
27584;202000030633;26;2;2020;14:00;1;53;53107;2;1;1;6;Rue du stade;48,4078030; -0,8105210
27585;202000030634;30;3;2020;16:20;1;42;42154;1;1;1;6;A89;45,8486180;4,2193670
27586;202000030635;30;3;2020;08:55;1;73;73296;1;1;1;7;D902;45,5200093;6,9140015
27587;202000030636;30;3;2020;02:40;5;73;73296;2;1;4;7;D87A;45,4682740;6,9053040
27588;202000030637;1;4;2020;08:00;1;69;69094;2;1;1;6;Route de Brindas;45,7374250;4,6916720
27589;202000030638;30;3;2020;20:45;3;13;13005;1;1;1;6;A501-Sens Aubagne vers Pont de l'Etoile;43,2983640;5,5617930
27590;202000030639;30;3;2020;22:50;3;69;69296;1;1;1;2;A7  ;45,6441300;4,8295900
27591;202000030640;30;3;2020;20:50;3;95;95306;1;1;1;3;AUTOROUTE A15;49,0068300;2,1630300
27592;202000030641;30;3;2020;19:00;1;95;95018;1;1;1;2;AUTOROUTE A15;48,9514600;2,2800700
27593;202000030642;31;3;2020;15:50;1;77;77053;1;1;1;6;RN104;48,6842661;2,5993344
27594;202000030643;26;2;2020;17:45;2;94;94073;1;1;2;-1;A86 EXT;48,7709765;2,3890221
27595;202000030644;27;1;2020;07:30;1;971;97107;2;9;1;6;DUMANOIR ( ALLEE );16,0406200; -61,5663000
27596;202000030645;15;1;2020;13:05;1;91;91201;2;3;1;6;MAINVILLE(RUE DE);48,6864800;2,4158200
27597;202000030646;30;3;2020;16:00;1;69;69387;2;2;1;6;DEBOURG                             (AV);45,7314100;4,8334700
27598;202000030647;30;3;2020;07:50;1;971;97101;2;6;1;3;VIEUX BOURG;16,2501200; -61,5292300
27599;202000030648;30;3;2020;21:00;3;78;78227;1;1;1;6;CD 922;49,0142000;1,9373000
27600;202000030649;26;1;2020;02:10;5;73;73065;2;3;1;6;BERNARDINES;45,5666344;5,9149169
27601;202000030651;27;3;2020;16:15;1;67;67482;2;1;1;2;6 Rue du Rhin Tortu;48,5542310;7,7584350
27602;202000030652;29;3;2020;11:30;5;44;44143;2;1;1;6;RUE ERNEST SAUVESTRE;47,1627480; -1,5423050
27603;202000030653;10;3;2020;08:50;1;33;33063;2;2;1;6;19 Cours du Maréchal Gallieni / Rue Gaston Lespault;44,8248400; -0,5903000
27604;202000030654;30;3;2020;00:29;3;13;13002;2;1;1;7;ETIENNE CUCCA-CD908 (AVENUE);43,3584762;5,4925183
27605;202000030655;30;3;2020;15:30;1;06;06123;1;4;1;3;MISTRAL FREDERIC AVENUE;43,6603160;7,1892750
27606;202000030656;29;3;2020;16:00;1;06;06004;2;3;1;6;VALBOSQUET CH.DU;43,6060246;7,0895710
27607;202000030658;24;2;2020;07:40;5;75;75116;2;3;1;6;AVENUE DU PRESIDENT KENNEDY;48,8545480;2,2836200
27608;202000030659;30;3;2020;09:00;1;75;75114;2;1;1;6;AVENUE DE LA PORTE DE CHATILLON;48,8232770;2,3164230
27609;202000030660;30;3;2020;16:30;1;75;75111;2;2;1;6;RUE SAINT MAUR;48,8656550;2,3773460
27610;202000030661;30;3;2020;11:55;1;93;93073;2;4;1;3;AV DU GENERAL DE GAULLE / AV PASTEUR;48,9429650;2,5690890