;Num_Acc;jour;mois;an;hrmn;lum;dep;com;agg;int;atm;col;adr;lat;long
27611;202000030662;30;3;2020;18:05;1;92;92048;2;1;1;7;TRIVAUX (AVENUE DE) N° 6BIS A 8;48,7910000;2,2327000
27612;202000030663;31;3;2020;09:28;1;38;38114;1;1;1;3;D37b;45,4159300;4,7662050
27613;202000030664;26;3;2020;14:27;1;62;62043;2;1;1;3;3627 Chemin du Halage;50,8965886;1,9667912
27614;202000030665;31;3;2020;19:46;2;72;72268;1;9;1;1;Le Petit Plessis;47,8237300;0,2489300
27615;202000030667;31;3;2020;00:30;3;988;98805;1;1;1;7;RM1 NAKUTAKOIN; -22,1614540;166,4449310
27616;202000030668;30;3;2020;17:30;1;60;60028;2;1;1;6;Chemin de la queue de la brosse;49,2253760;2,5509870
27617;202000030669;30;3;2020;17:40;1;33;33063;1;1;2;6;ROCADE A 630;44,8840500; -0,5600300
27618;202000030670;29;3;2020;15:45;1;69;69259;2;3;8;3;PRESIDENT EDOUARD HERRIOT (DU)      (R );45,6947100;4,8759300
27619;202000030671;29;3;2020;05:20;5;69;69259;2;1;1;6;OSCHATZ (D')                        (AV);45,6946000;4,8798000
27620;202000030672;28;3;2020;18:23;1;2B;2B033;2;1;1;3;MACCHIONE - CHEMIN DU;42,6864600;9,4433000
27621;202000030673;26;3;2020;10:00;1;971;97107;2;1;1;6;PAUL LACAVE ( AVENUE );16,0449000; -61,5630000
27622;202000030674;28;3;2020;20:00;2;91;91657;2;1;1;3;HENRI BARBUSSE (AVENUE);48,7002800;2,4203000
27623;202000030675;29;3;2020;14:37;1;37;37261;2;1;1;3;FONTAINE POTTIER (RUE);47,4149628;0,6912589
27624;202000030676;29;3;2020;17:52;1;34;34172;2;1;1;2;PILORY (RUE DU);43,6192000;3,8316200
27625;202000030677;29;3;2020;08:15;1;34;34198;1;1;1;7;D21  ROUTE DE CARNON;43,5589000;3,9631300
27626;202000030678;29;3;2020;05:20;5;75;75119;2;1;1;6;AVENUE JEAN JAURES;48,8829720;2,3709590
27627;202000030679;28;3;2020;14:59;1;75;75118;2;2;1;3;AVENUE DE LA PORTE DE SAINT OUEN;48,8990180;2,3294650
27628;202000030681;29;3;2020;13:45;1;93;93072;2;2;1;3;MAXIME GORKI (BOULEVARD) DES N°89 A ...;48,9497400;2,3860200
27629;202000030683;30;3;2020;19:45;1;95;95313;2;1;1;3;Avenue de Paris;49,1107510;2,2244150
27630;202000030684;10;3;2020;17:30;1;33;33355;1;1;1;1;Moulin de Bouit;44,6685440; -0,3440830
27631;202000030685;30;3;2020;14:00;1;33;33327;2;3;2;6;Cours du Marechal Joffre;44,6477300; -0,3515600
27632;202000030686;30;3;2020;18:50;2;10;10030;1;1;1;2;D610;48,3282950;4,0366170
27633;202000030687;30;3;2020;06:00;1;972;97210;1;1;1;6;Route Perriolat;14,5841650; -60,8753300
27634;202000030688;26;3;2020;16:45;1;74;74293;1;1;1;6;Route des Voirons;46,2703000;6,2822750
27635;202000030689;26;3;2020;17:45;1;31;31157;2;1;1;3;3 Avenue François Mitterrand;43,5364997;1,3446722
27636;202000030691;30;3;2020;14:30;1;72;72085;1;1;7;3;monhodon;47,8571440;0,6348040
27637;202000030692;4;3;2020;10:25;1;43;43012;2;1;1;3;15 Rue des Ollagnieres;45,3737650;4,2101560
27638;202000030693;30;3;2020;14:55;1;85;85034;1;1;1;6;Les Noues;46,6316000; -1,1110300
27639;202000030694;30;3;2020;07:25;2;27;27649;2;1;1;6;1 Grande Rue;49,3516070;1,4281310
27640;202000030696;28;3;2020;18:35;2;21;21021;1;4;1;7;D70;47,3473540;5,1982470
27641;202000030697;30;3;2020;14:40;1;33;33323;1;1;2;6;59 Grande Rue;44,5915700; -0,2059800
27642;202000030699;27;3;2020;22:10;5;972;97209;2;3;1;7;SALVADOR ALLENDE (AVENUE);14,6103400; -61,0454300
27643;202000030700;28;3;2020;16:28;1;83;83009;2;1;1;6;NARON (CHEMIN DE);43,1552500;5,7456900
27644;202000030701;27;3;2020;11:30;1;69;69266;2;2;1;3;EMILE ZOLA     (Cours);45,7705900;4,8737000
27645;202000030704;28;3;2020;15:54;1;38;38151;2;1;1;1;Avenue Salvador Allende;45,1551900;5,7232900
27646;202000030705;28;3;2020;09:00;1;17;17200;1;1;1;6;RN237;46,1796590; -1,1523230
27647;202000030706;25;3;2020;20:30;5;75;75106;2;2;1;3;QUAI DES GRANDS AUGUSTINS;48,8561060;2,3404140
27648;202000030707;27;3;2020;17:15;1;75;75118;2;2;1;3;RUE ORDENER;48,8931030;2,3402140
27649;202000030708;28;3;2020;04:15;5;75;75113;2;7;1;7;RUE DES PEUPLIERS;48,8239600;2,3535570
27650;202000030709;26;3;2020;21:25;5;75;75111;2;2;1;3;RUE MORAND;48,8688370;2,3762990
27651;202000030710;28;3;2020;18:20;1;75;75114;2;4;1;6;RUE VERCINGETORIX;48,8354660;2,3155000
27652;202000030711;27;3;2020;08:00;1;94;94074;2;1;1;7;CHAMP SAINT-JULIEN (AV DU);48,7509857;2,4547442
27653;202000030712;26;3;2020;16:10;1;94;94073;2;9;1;7;ROUTE NATIONALE 186;48,7535010;2,3777599
27654;202000030713;27;3;2020;10:10;1;94;94054;2;2;1;6;CHARLES TILLON (Av);48,7460700;2,3694800
27655;202000030714;27;3;2020;14:20;1;94;94017;2;9;1;6;MONUMENT (R DU);48,8104560;2,5249340
27656;202000030715;27;3;2020;11:30;1;93;93078;2;1;1;6;AV GEORGES CLEMENCEAU;48,9535300;2,5626700
27657;202000030716;26;3;2020;05:35;2;93;93066;2;1;1;3;AV DU PRESIDENT WILSON;48,9067200;2,3579800
27658;202000030717;25;3;2020;23:00;5;93;93066;2;1;1;1;CAQUET (PLACE);48,9375150;2,3598380
27659;202000030718;27;3;2020;12:30;1;93;93049;2;1;1;3;CH DE MEAUX;48,8631800;2,5134500
27660;202000030719;27;3;2020;14:15;1;93;93046;2;2;1;3;VAUBAN AVENUE;48,9176700;2,5229600
27661;202000030720;27;3;2020;15:15;1;93;93047;2;2;1;3;GENERAL DE GAULLE (RUE DU);48,8993580;2,5595100
27662;202000030721;29;3;2020;00:00;3;08;08357;1;1;1;6;Route de Douzy;49,6521610;4,9989300
27663;202000030722;27;3;2020;08:40;1;24;24372;2;1;1;6;Rue des Piqueurs;45,1450830;0,5300210
27664;202000030725;28;3;2020;17:40;1;57;57242;2;1;1;1;50 Rue Louis Jost;49,2738950;6,1341850
27665;202000030726;29;3;2020;12:18;1;74;74011;2;1;1;6;46 Rue des Mouettes;45,9110630;6,1520970
27666;202000030727;27;2;2020;09:40;1;14;14422;1;1;1;6;Mézidon Vallée d'Auge;49,0705340; -0,0116940
27667;202000030728;28;3;2020;21:00;5;50;50236;2;1;1;6;6 Rue des Hauts Vents;49,2868050; -1,5418370
27668;202000030729;28;3;2020;17:40;1;21;21638;2;3;1;6;Route de Langres;47,5185450;5,1791040
27669;202000030730;26;2;2020;16:15;1;85;85128;2;1;1;3;Avenue Marechal Juin;46,4590870; -1,1436350
27670;202000030731;23;3;2020;21:00;3;27;27580;2;1;1;6;Route Nationale;49,3489890;0,9264560
27671;202000030733;28;3;2020;22:45;3;988;98821;1;1;1;6;ROUTE DE BANGOU/PAITA; -22,0454010;166,2654050
27672;202000030734;29;3;2020;01:30;3;06;06065;2;1;1;6;Route de Cagnes;43,7091760;7,1439140
27673;202000030735;29;3;2020;11:57;1;33;33441;2;2;1;1;Piste cyclable D808 / Chemin de Gabaroche;45,1472400; -0,6388320
27674;202000030736;28;3;2020;20:30;3;59;59120;1;2;1;6;Chemin d'Hondeghem;50,7622345;2,5795025
27675;202000030737;28;3;2020;16:45;1;94;94022;1;1;1;-1;A86 INT;48,7764740;2,4152360
27676;202000030739;27;1;2020;07:50;5;77;77058;2;2;2;6;GENETS (BOULEVARD DES) - D5;48,8391463;2,7214091
27677;202000030741;27;3;2020;18:00;1;972;97213;1;9;1;3;PLACE D'ARMES;14,6195200; -60,9945100
27678;202000030743;22;3;2020;19:05;2;56;56121;1;1;1;6;Pénétrante de Lorient RD 465;47,7595000; -3,3836300
27679;202000030744;21;3;2020;11:55;1;56;56083;2;2;1;3;LAVOISIER ( AVENUE );47,7914700; -3,2727200
27680;202000030745;26;3;2020;20:20;5;51;51230;2;7;1;3;Place Léon Bourgeois;49,0462802;3,9549195
27681;202000030746;27;3;2020;08:58;1;37;37261;2;3;1;3;CHURCHILL (BOULEVARD WINSTON);47,3732931;0,6869403
27682;202000030747;27;3;2020;19:35;2;34;34172;2;2;1;1;DOMITIENNE (VOIE);43,6239608;3,8622469
27683;202000030748;27;3;2020;12:53;1;34;34172;2;2;1;3;JUSTICE DE CASTELNAU (AVENUE DE LA);43,6260300;3,8824700
27684;202000030749;26;3;2020;17:37;1;31;31555;2;1;1;6;RUE LOUIS PLANA;43,6128860;1,4825150
27685;202000030750;26;2;2020;17:50;1;14;14271;2;1;1;3;HARCOURT (ROUTE D');49,1626500; -0,3666300
27686;202000030751;3;2;2020;13:40;1;14;14118;2;1;1;6;LECLERC (BOULEVARD MARECHAL);49,1803740; -0,3632360
27687;202000030752;27;3;2020;20:45;3;60;60107;1;1;1;6;D1016;49,3578628;2,4243971
27688;202000030753;28;3;2020;14:40;1;81;81097;1;1;1;6;Lieu dit le Fontas;43,8708740;2,2442250
27689;202000030754;26;2;2020;18:50;3;51;51049;1;1;1;3;D933;48,8700850;3,9757255
27690;202000030755;28;3;2020;12:45;1;80;80190;1;4;1;6;Rue de Frières;50,0631720;1,6338190
27691;202000030756;21;2;2020;16:20;1;80;80761;1;1;1;1;D210 TILLOY LES CONTY;49,7532628;2,1833575
27692;202000030757;27;3;2020;04:20;3;46;46306;1;1;1;6;les igues;44,6908780;1,8566040
27693;202000030758;27;3;2020;21:07;3;47;47038;1;1;1;6;D666;44,3296495;0,3786458
27694;202000030759;27;2;2020;11:55;1;70;70166;1;1;2;1;Comberjon;47,6530010;6,2066420
27695;202000030760;28;3;2020;16:55;3;26;26055;1;1;1;6;Route de Bonneval;44,6370210;5,5768060
27696;202000030761;27;3;2020;23:15;3;54;54080;1;1;1;7;D113;48,5836770;5,8302640
27697;202000030762;27;3;2020;22:40;5;72;72180;2;1;1;7;Rue d'Estournelles de Constant;48,3499950;0,3673630
27698;202000030763;28;3;2020;16:30;1;27;27378;1;1;1;7;D59;48,7808540;1,2205020
27699;202000030764;27;3;2020;17:20;1;78;78043;1;1;1;6;Grille de Maintenon;48,8377740;2,0859860
27700;202000030765;27;3;2020;18:15;1;973;97304;1;1;1;6;18 Route Degrad Saramaca;5,0375740; -52,6904080
27701;202000030766;24;3;2020;07:45;1;91;91359;2;1;7;6;Grande Rue;48,3940990;2,3780040
27702;202000030767;9;2;2020;06:50;3;33;33422;1;1;1;1;Boulac;44,8272190; -0,7624980
27703;202000030768;28;3;2020;04:30;3;60;60446;1;1;1;6;ROUTE NATIONALE 2;49,1508104;2,8308471
27704;202000030769;28;3;2020;02:56;3;60;60060;1;6;1;6;D1001;49,1951390;2,2328420
27705;202000030772;26;3;2020;21:00;5;69;69259;2;3;1;3;CARNOT                              (R );45,7037700;4,8800600
27706;202000030773;23;2;2020;22:13;5;73;73008;2;6;1;3;D991 Bd WILSON / Av TRESSERVE;45,6855704;5,9100411
27707;202000030775;17;3;2020;12:45;1;22;22360;1;1;1;2;RN12;48,4827801; -2,6905919
27708;202000030777;2;9;2020;16:45;1;80;80021;2;1;1;5;ABBEVILLE (RUE D');49,9111600;2,2552100
27709;202000030778;23;3;2020;12:20;1;75;75115;2;2;1;3;BOULEVARD PERIPHERIQUE;48,8326480;2,2798130
27710;202000030779;2;9;2020;11:20;1;80;80021;2;3;1;3;RIOLAN (RUE);49,8887700;2,3165500
27711;202000030780;26;3;2020;15:30;1;75;75114;2;2;1;3;RUE DE L OUEST;48,8367570;2,3207400
27712;202000030781;4;9;2020;15:40;1;79;79329;2;1;1;6;20 Avenue Victor Hugo;46,9842090; -0,2118300
27713;202000030782;4;9;2020;23:40;5;78;78551;2;1;1;7;PONTOISE (DE);48,8998200;2,0934800
27714;202000030785;2;9;2020;22:55;5;78;78172;2;2;1;3;DE GAULLE (BD DU GENERAL);49,0050790;2,0935470
27715;202000030786;24;3;2020;15:55;1;68;68196;2;1;1;6;5 Rue de l'Ecole;47,6034870;7,0548640
27716;202000030787;4;9;2020;20:55;5;77;77118;2;1;1;7;MARGUERITES (ALLEE DES);48,9383180;2,6421900
27717;202000030788;27;3;2020;10:00;1;72;72315;1;1;1;6;66 Rue de Beaumont;48,1830390; -0,1155740
27718;202000030789;4;9;2020;08:35;1;77;77320;2;2;1;6;D 934 (SORTIE COULOMMIERS);48,8254000;3,0377000
27719;202000030790;27;3;2020;09:52;1;09;09155;2;1;1;6;Lagardelle;42,7791040;1,6642210
27720;202000030792;4;9;2020;07:52;1;68;68066;2;1;1;6;LASCH (RUE GEORGES);48,0737600;7,3485200
27721;202000030793;27;3;2020;09:55;1;60;60471;2;2;1;6;Rue de l'Evéché;49,5812120;3,0008530
27722;202000030794;3;9;2020;14:10;1;67;67365;2;1;1;3;RENE CASSIN (ALLEE);48,5530492;7,7117744
27723;202000030795;4;9;2020;15:58;1;66;66136;2;1;1;6;BATLLO QUAI FRANCOIS;42,7021700;2,8939400
27724;202000030796;26;2;2020;10:23;1;28;28280;2;1;1;6;13 Avenue de la République;48,3191040;0,8188490
27725;202000030797;3;9;2020;17:48;1;66;66136;2;1;1;4;SAINT-ROCH (CHEMIN DE);42,6888600;2,9103100
27726;202000030798;3;9;2020;08:20;1;64;64129;2;2;1;3;CHATEAU D'ESTE DU;43,3072300; -0,3824600
27727;202000030799;3;9;2020;18:50;1;64;64122;2;9;1;7;AVENUE DE LA MILADY;43,4667450; -1,5718430
27728;202000030800;4;9;2020;07:40;1;63;63075;2;1;1;6;ROYAT (AVENUE DE);45,7759500;3,0690200
27729;202000030801;3;9;2020;12:35;1;63;63113;2;5;1;-1;MOREL LADEUIL (RUE);45,7737600;3,0753700
27730;202000030802;3;9;2020;22:00;5;61;61006;2;6;1;6;HUGO (BOULEVARD);48,7343600; -0,0217000
27731;202000030803;30;8;2020;00:30;3;57;57606;1;1;1;1;ALTMAYER (RUE DES GENERAUX);49,1364200;6,7385400
27732;202000030804;3;9;2020;18:30;1;56;56121;1;1;1;2;RD 465 Desserte Portuaire;47,7475500; -3,3869400
27733;202000030805;3;9;2020;17:35;1;56;56185;1;1;1;4;RN 165;47,7740300; -3,3687300
27734;202000030806;4;9;2020;17:45;1;54;54395;2;3;1;3;COLLIGNON (Avenue et Pont);48,6891300;6,2012300
27735;202000030807;4;9;2020;13:30;1;54;54395;2;3;1;3;BLANDAN (IMPASSE ET RUE DU SGT);48,6735986;6,1714867
27736;202000030808;3;9;2020;11:30;1;54;54395;2;3;1;3;MOUILLERON (RUE GABRIEL);48,6849401;6,1753866
27737;202000030810;2;9;2020;14:45;1;51;51454;2;3;1;2;Rue du Général Koenig;49,2266045;4,0239776
27738;202000030811;4;9;2020;05:30;5;50;50532;1;2;2;6;NATIONALE (ANCIENNE ROUTE);48,8154000; -1,5453000
27739;202000030812;3;9;2020;17:43;1;49;49007;2;1;1;3;Square Guillaume Barclay;47,4612400; -0,6132500
27740;202000030813;2;9;2020;10:45;1;49;49267;1;1;1;3;RD 347;47,4694100; -0,4470400
27741;202000030814;31;8;2020;21:30;2;49;49246;2;1;1;6;BOUTTON AVENUE;47,4390100; -0,5064200
27742;202000030815;31;8;2020;16:25;1;49;49007;2;1;1;3;SAINT MICHEL BOULEVARD;47,4736600; -0,5386500
27743;202000030816;1;9;2020;09:00;1;49;49007;2;1;1;3;PARMENTIER;47,4529500; -0,5176700
27744;202000030817;1;9;2020;17:10;1;49;49246;2;6;1;3;DAVID D'ANGERS;47,4337100; -0,5297000
27745;202000030818;2;9;2020;19:40;1;49;49246;2;6;1;3;GALLIENI AVENUE;47,4337300; -0,5289300
27746;202000030819;3;9;2020;09:47;1;47;47001;2;3;1;3;SCALIGER (BOULEVARD);44,2067463;0,6140711
27747;202000030820;4;9;2020;17:40;1;45;45302;2;1;1;2;SABLONNIERES (RUE DES);47,9350000;1,8851000
27748;202000030821;4;9;2020;21:14;5;45;45004;2;1;1;3;Rue du Gros Moulin;47,9698200;2,7720700
27749;202000030822;4;9;2020;19:06;1;45;45004;2;1;1;2;ANTIBES (AVENUE D');47,9814800;2,7328800
27750;202000030823;3;9;2020;11:40;1;45;45004;2;3;1;3;Rue de Couleuvreux - D906026;47,9857400;2,7693800
27751;202000030824;3;9;2020;18:25;1;44;44109;2;1;1;3;Rue de Carcouet;47,2231700; -1,5729300
27752;202000030825;3;9;2020;17:40;1;44;44109;2;1;1;6;Boulevard des Anglais;47,2284200; -1,5784500
27753;202000030826;3;9;2020;13:30;1;42;42207;2;1;1;6;Avenue de la Libération;45,4745744;4,5119059
27754;202000030827;4;9;2020;16:50;1;37;37261;2;1;1;6;STENDHAL (AVENUE);47,3684514;0,7083539
27755;202000030828;4;9;2020;08:04;1;37;37261;2;1;1;6;ORATOIRE (RUE DE L');47,4122391;0,6980867
27756;202000030829;4;9;2020;18:15;1;35;35238;2;1;1;5;HORLOGE (DE L');48,1118500; -1,6802100
27757;202000030830;4;9;2020;14:00;1;35;35238;1;1;1;2;PORTE DE LORIENT;48,1124400; -1,7186600
27758;202000030831;4;9;2020;14:20;1;35;35238;2;1;1;7;BOSPHORE (DU);48,0832000; -1,6770000
27759;202000030832;4;9;2020;00:30;3;35;35278;1;1;1;6;ROCADE 13-14;48,1413300; -1,6781100
27760;202000030833;4;9;2020;12:00;1;34;34172;2;1;1;3;RIMBAUD (RUE PAUL);43,6180600;3,8437000
27761;202000030834;4;9;2020;09:00;1;33;33167;2;6;1;2;AVE DU PDT FRANCOIS MITTERRAND / AVE PIERRE MENDES-FRANCE;44,8430400; -0,5113600
27762;202000030835;3;9;2020;22:10;5;33;33063;2;2;1;6;CRS ARISTIDE BRIAND / PCE DE LA VICTOIRE;44,8310700; -0,5735100
27763;202000030836;4;9;2020;04:45;3;31;31555;2;1;1;6;BD DES RECOLLETS;43,5840954;1,4458019
27764;202000030837;4;9;2020;14:10;1;29;29039;2;1;1;-1;Rue Joseph Bigot;47,8863400; -3,9144900
27765;202000030838;4;9;2020;21:10;2;29;29019;2;1;1;-1;Rue de l'Amiral Nicol;48,3767284; -4,5161063
27766;202000030839;4;9;2020;16:25;1;29;29019;2;1;1;3;Avenue Victor le Gorgeu;48,4104641; -4,5157580
27767;202000030840;4;9;2020;00:55;5;29;29019;2;6;2;3;Rond Point de Dun Laoghaire;48,4020246; -4,5022970
27768;202000030841;3;9;2020;11:10;1;29;29019;2;6;2;4;Rue Franklin Roosevelt;48,3828826; -4,4883098
27769;202000030842;4;9;2020;12:20;1;27;27375;1;3;1;5;RD6155;49,2047700;1,1950600
27770;202000030843;4;9;2020;17:30;1;26;26281;2;1;-1;6;FAUBOURG CLERIEUX (RUE);45,0443000;5,0427300
27771;202000030844;4;9;2020;17:40;1;17;17300;2;3;1;1;FRERES JOUSSEAUME   RUE DES;46,1756600; -1,1507400
27772;202000030845;3;9;2020;17:12;1;17;17300;2;2;7;3;VERHAEREN   RUE EMILE;46,1699000; -1,1334000
27773;202000030846;4;9;2020;04:40;5;16;16102;2;1;1;1;Faubourg Saint Martin;45,6892090; -0,3446490
27774;202000030847;4;9;2020;13:45;1;13;13117;2;3;1;3;GUIGOU (BOULEVARD PAUL );43,4389600;5,2544300
27775;202000030848;4;9;2020;23:30;5;13;13204;2;1;1;7;CHAVE (BOULEVARD);43,2961700;5,4034400
27776;202000030849;4;9;2020;21:40;4;13;13216;2;1;1;7;Chemin du Littoral;43,3526200;5,3378400
27777;202000030850;4;9;2020;21:05;5;13;13216;2;1;1;2;ESTAQUE PLAGE;43,3603820;5,2976750
27778;202000030851;4;9;2020;14:40;1;13;13206;2;1;1;3;PIERRE PUGET (COURS);43,2901625;5,3750664
27779;202000030852;2;9;2020;12:30;1;13;13213;2;1;1;3;OLIVES (AVENUE DES);43,3294700;5,4302400
27780;202000030853;3;9;2020;15:00;1;13;13215;2;1;1;3;SAINT LOUIS (AVENUE DE);43,3516700;5,3583700
27781;202000030854;4;9;2020;09:25;1;13;13209;2;1;1;2;SCHLOESING (BOULEVARD);43,2730710;5,4006880
27782;202000030855;3;9;2020;23:35;5;13;13202;2;1;1;7;DUNKERQUE  (BOULEVARD DE);43,3084000;5,3682000
27783;202000030858;4;9;2020;08:12;1;10;10081;2;1;1;6;ROGER SALENGRO (NATIONALE);48,3123400;4,0499800
27784;202000030859;4;9;2020;10:00;1;06;06069;2;1;1;7;SAINT JEAN (CHEMIN, VIEUX CHEMIN ET PLAC;43,6697790;6,9507040
27785;202000030860;4;9;2020;18:40;1;03;03190;2;9;1;6;Rue de Villars;46,5603912;3,3345739
27786;202000030861;4;9;2020;09:30;1;01;01053;2;3;1;1;LYON (AVENUE DE - N° PAIRS);46,1927839;5,2131218
27787;202000030862;2;9;2020;17:50;1;75;75113;2;1;1;2;PORTE D IVRY;48,8182630;2,3694570
27788;202000030863;4;9;2020;17:25;1;75;75112;2;4;1;3;ECHANGEUR BERCY;48,8266640;2,3903910
27789;202000030864;4;9;2020;19:00;1;75;75120;2;2;1;6;RUE DE LAGNY;48,8490390;2,4114670
27790;202000030865;4;9;2020;07:12;1;75;75118;2;2;1;2;RUE DE LA CHAPELLE;48,8984960;2,3590110
27791;202000030867;4;9;2020;19:30;1;75;75117;2;7;1;3;PLACE DU MARECHAL JUIN;48,8845860;2,2976620
27792;202000030868;4;9;2020;16:45;1;75;75116;2;5;1;4;AVENUE KLEBER;48,8650550;2,2887700
27793;202000030869;4;9;2020;00:35;4;75;75101;2;3;1;6;RUE DE RIVOLI;48,8593900;2,3456930
27794;202000030870;3;9;2020;21:45;5;75;75116;2;2;1;3;AVENUE FOCH;48,8726800;2,2845820
27795;202000030871;4;9;2020;14:05;1;75;75115;2;7;1;3;RUE DE VAUGIRARD;48,8395830;2,3012910
27796;202000030872;4;9;2020;13:59;1;75;75113;2;3;1;3;BOULEVARD DE L HOPITAL;48,8357180;2,3586350
27797;202000030873;4;9;2020;16:47;1;75;75110;2;3;1;3;RUE DE DUNKERQUE;48,8802390;2,3536360
27798;202000030874;4;9;2020;11:45;1;75;75109;2;3;1;6;RUE HENRY MONNIER;48,8800100;2,3373460
27799;202000030875;4;9;2020;15:00;1;75;75107;2;3;1;3;BOULEVARD SAINT GERMAIN;48,8581320;2,3235120
27800;202000030876;4;9;2020;15:15;1;75;75102;2;2;1;6;AVENUE DE L OPERA;48,8687740;2,3331310
27801;202000030877;4;9;2020;09:15;1;75;75101;2;7;7;7;RUE DE RIVOLI;48,8624080;2,3362630
27802;202000030878;4;9;2020;18:42;1;94;94046;2;2;1;6;LEON BLUM (AV);48,8005900;2,4351500
27803;202000030879;2;9;2020;09:50;1;94;94041;2;2;1;3;JEAN MAZET (R);48,8145000;2,4071000
27804;202000030880;4;9;2020;09:45;1;94;94021;2;1;1;3;JEAN MERMOZ (BD);48,7726300;2,3394300
27805;202000030881;4;9;2020;09:05;1;94;94065;2;1;7;6;PARAY (CHE DE);48,7454620;2,3475930
27806;202000030882;3;9;2020;18:40;1;94;94028;1;4;1;3;ECHAT(RUE DE L');48,8012400;2,4459400
27807;202000030883;4;9;2020;14:30;1;94;94055;2;1;1;6;GENERAL DE GAULLE (AV DU);48,7863600;2,5382000
27808;202000030884;3;9;2020;15:40;1;94;94019;2;1;1;3;LIBERATION (RTE DE LA);48,8035000;2,5372700
27809;202000030885;4;9;2020;15:45;1;94;94017;2;1;1;6;HENRI-MARIE LE BOURSICAUD (AV);48,8141300;2,5265400
27810;202000030886;4;9;2020;10:45;1;93;93072;2;1;1;-1;AV ARISTIDE BRIAND;48,9608000;2,3818000
27811;202000030887;4;9;2020;12:30;1;93;93070;2;1;1;2;MICHELET (AVE) : DU 1 AU 103;48,9131025;2,3442742
27812;202000030888;4;9;2020;08:30;1;93;93066;2;2;1;3;R DU PORT / R MICHELS CHARLES;48,9359400;2,3439000
27813;202000030889;3;9;2020;20:14;2;93;93066;2;1;1;6;LANGLIER RENAUD;48,9164641;2,3554179
27814;202000030890;3;9;2020;13:00;1;93;93066;2;1;1;3;WILSON (AVENUE DU PRESIDENT);48,9070378;2,3587633
27815;202000030892;4;9;2020;10:20;1;93;93055;2;1;1;6;SCANDICCI;48,8906020;2,3991876
27816;202000030893;4;9;2020;08:00;1;93;93051;2;1;1;3;VICTOR BASCH (AVENUE);48,8352165;2,5637555
27817;202000030895;4;9;2020;22:10;5;92;92050;2;2;1;3;CHATOU ROUTE DE;48,8914957;2,1775085
27818;202000030896;2;9;2020;10:00;1;92;92050;2;4;1;2;PREMIER MAI RUE DU;48,9167659;2,2211882
27819;202000030897;1;9;2020;17:40;1;92;92050;2;3;1;6;HEROLD BOULEVARD;48,8882670;2,2019394
27820;202000030898;4;9;2020;21:00;3;92;92040;2;1;1;3;ARISTIDE BRIAND;48,8213000;2,2548700
27821;202000030899;4;9;2020;12:12;1;92;92040;2;1;1;7;PASTEUR (AVENUE);48,8206100;2,2609000
27822;202000030900;4;9;2020;08:30;1;92;92026;2;3;1;3;FAUVELLES ( RUE DES );48,9003480;2,2306511
27823;202000030901;3;9;2020;09:00;1;92;92025;2;3;1;3;HENRI BARBUSSE (AV);48,9168330;2,2526910
27824;202000030902;4;9;2020;08:30;1;92;92060;2;1;1;3;LA BOURSIDIERE;48,7746879;2,2394474
27825;202000030903;4;9;2020;14:30;1;92;92012;2;3;1;3;REPUBLIQUE (BOULEVARD DE LA) 5/77BIS - 6;48,8309111;2,2579151
27826;202000030904;3;9;2020;11:40;1;92;92014;2;2;7;6;MARECHAL JOFFRE (BD DU) (43 A 97 - 58 A;48,7830846;2,3152184
27827;202000030905;31;8;2020;13:55;1;974;97415;2;3;1;3;18 Rue des Filaos; -21,0151310;55,2608280
27828;202000030906;5;9;2020;08:30;1;974;97422;2;1;3;6;70 Chemin Epidor Hoareau; -21,2502740;55,5056940
27829;202000030907;4;9;2020;16:00;1;62;62038;2;1;1;1;Route des Pélerins;50,8662520;2,0026230
27830;202000030908;4;9;2020;19:00;2;63;63264;1;1;1;7;D983;45,6395480;2,8447080
27831;202000030909;5;8;2020;17:00;1;12;12096;2;1;1;6;Chemin des Petits Arbres;44,5228710;2,7678300
27832;202000030910;4;9;2020;22:50;3;22;22246;1;3;1;7;nationale 12;48,4774969; -2,6160484
27833;202000030911;5;8;2020;14:45;1;37;37141;1;1;1;6;;47,2891448;1,0366250
27834;202000030912;4;9;2020;18:00;1;62;62361;2;1;1;6;Rue de la Blanchisserie;50,2783520;2,2861390
27835;202000030913;4;9;2020;21:50;5;62;62124;2;1;1;1;Route Nationale;50,4907400;1,7274770
27836;202000030915;4;9;2020;17:45;1;74;74225;2;1;1;-1;Rue du Bouchet;45,8687810;5,9357740
27837;202000030916;4;9;2020;21:05;3;82;82087;2;1;1;6;2 place Cote Saint Georges;44,1251207;1,2412332
27838;202000030917;4;9;2020;17:20;1;33;33395;2;1;1;1;Cos Sud;45,2305700; -0,7772480
27839;202000030918;4;9;2020;22:50;3;81;81288;1;1;1;7;D151;43,4428290;2,0407130
27840;202000030919;4;9;2020;19:35;1;11;11165;1;1;1;7;D117;42,8733275;2,1584165
27841;202000030920;5;9;2020;12:10;1;11;11007;1;1;1;7;RD 613 PK 57;42,9436570;2,4347510
27842;202000030921;3;9;2020;16:40;1;63;63072;1;1;1;6;D2089;45,8735770;3,7076070
27843;202000030922;6;8;2020;07:30;1;61;61507;1;1;1;1;La Gastine;48,5502400;0,5834390
27844;202000030924;3;9;2020;14:30;1;55;55148;1;1;1;2;D960;48,5562160;5,5150510
27845;202000030926;4;9;2020;17:10;1;42;42092;1;1;1;7;Route des Brossettes;45,4984810;4,3836310