;Num_Acc;jour;mois;an;hrmn;lum;dep;com;agg;int;atm;col;adr;lat;long
27846;202000030927;5;8;2020;09:25;1;41;41152;1;2;7;3;intersection D923/D13;47,5428500;1,6637620
27847;202000030928;5;9;2020;09:00;1;68;68201;1;3;1;3;D110;47,7498820;7,0010110
27848;202000030929;6;8;2020;10:30;1;25;25332;1;3;1;3; Intersection RD246 et 67 PR 29+600;47,2077580;6,1008240
27849;202000030930;4;9;2020;03:45;3;35;35117;1;1;1;6;D166;48,1387790; -2,2235610
27850;202000030931;4;9;2020;16:15;1;29;29284;2;9;1;6;2 Avenue du Port;47,7935790; -4,2788110
27851;202000030932;5;9;2020;11:43;1;01;01373;2;3;1;3;51 Grande Rue;46,1390770;5,5530520
27852;202000030933;5;9;2020;17:45;1;26;26208;1;1;1;1;110 Chemin de Mirabel;44,7784990;4,9456070
27853;202000030935;1;9;2020;11:15;1;06;06163;2;1;1;6;Route de la PIA;44,0952600;7,6058010
27854;202000030936;5;9;2020;11:40;1;50;50270;1;1;1;2;Le Gibet;49,4936390; -1,4649340
27855;202000030937;4;9;2020;07:48;1;10;10395;2;2;1;3;5 Route d'Ervy;48,0235650;4,0067750
27856;202000030938;5;8;2020;11:10;1;16;16106;2;6;1;7;Lieu dit Serres;46,0034750;0,6737280
27857;202000030939;4;9;2020;17:45;1;07;07199;2;1;1;6;D104;44,4842100;4,2585220
27858;202000030940;5;9;2020;10:00;1;40;40142;1;1;1;2;Route de Taller;43,8580260; -1,0037740
27859;202000030941;5;9;2020;05:50;5;24;24291;1;1;1;7;route de sarlat;45,0640700;1,1771460
27860;202000030942;4;9;2020;16:29;1;87;87111;2;1;1;6;Rue René Lathière;45,7327410;0,8639020
27861;202000030943;5;9;2020;11:20;1;37;37028;1;2;1;3;;46,7936811;0,9604306
27862;202000030944;4;9;2020;20:30;2;37;37045;1;2;1;7;;47,0102923;0,6313116
27863;202000030945;3;9;2020;11:40;1;24;24289;1;2;1;3;D936;44,8527120;0,0476150
27864;202000030946;5;9;2020;10:40;1;38;38339;1;1;1;5;Route de Turitin;45,5975850;5,1652910
27865;202000030948;29;8;2020;16:20;1;06;06088;1;1;3;2;A8 PK 186+000 SUD;43,6696120;7,2011220
27866;202000030949;4;9;2020;13:00;1;06;06104;1;1;1;6;A8 pk 214+000 sud;43,7579100;7,4439190
27867;202000030950;31;8;2020;17:22;1;06;06149;1;1;1;2;A8 PK 202+800 NORD;43,7358290;7,3197910
27868;202000030951;5;9;2020;14:50;1;51;51572;1;1;8;7;A4;49,0392387;4,6341557
27869;202000030952;5;9;2020;14:20;1;45;45012;1;1;1;7;D20-PR 29 + 500;48,2733500;2,2320380
27870;202000030953;4;9;2020;20:00;2;77;77219;1;3;7;1;D216;48,7963200;2,9608150
27871;202000030954;5;9;2020;06:20;3;95;95492;1;1;2;7;RD10;49,0310030;2,4246950
27872;202000030955;5;9;2020;03:00;3;2B;2B079;2;1;1;6;D15a;42,4822450;9,2817150
27873;202000030956;5;9;2020;09:20;1;34;34154;1;1;1;2;D189;43,6034550;3,9625110
27874;202000030957;4;9;2020;08:20;1;71;71090;1;2;1;5;Route de Julienas;46,2238570;4,7455120
27875;202000030958;4;9;2020;00:30;4;57;57724;2;1;1;6;Rue du Docteur Pierre Maurin;49,2648080;6,1074010
27876;202000030959;4;9;2020;21:10;3;57;57561;1;1;1;7;D35;49,0074460;7,2336390
27877;202000030960;4;9;2020;07:45;1;38;38110;1;1;1;7;Route de Communay;45,5878100;4,8680590
27878;202000030961;2;9;2020;12:40;1;69;69243;2;1;1;6;34 boulevard voltaire;45,8938540;4,4359980
27879;202000030963;4;9;2020;19:45;1;85;85083;1;1;1;5;D948;46,9816500; -2,2466800
27880;202000030964;5;8;2020;17:25;1;49;49299;1;1;1;7;D63;47,0936130; -0,9220900
27881;202000030966;5;9;2020;16:10;1;50;50041;2;1;1;3;D318;49,6459440; -1,8504670
27882;202000030967;2;9;2020;09:05;1;22;22343;2;6;1;3;Rue de Lan Ar Cleis;48,7689335; -3,5635727
27883;202000030968;4;9;2020;16:00;1;59;59500;1;1;1;3;D89;50,0985570;3,1313560
27884;202000030970;4;9;2020;14:46;1;13;13055;1;1;1;4;A507 sens Marseille - Aubagne;43,3013000;5,4244000
27885;202000030971;4;9;2020;10:47;1;13;13055;1;1;1;2;A507 sens Aubagne- Marseille;43,3064000;5,4253000
27886;202000030972;9;7;2020;09:45;1;13;13071;1;1;1;3;A7-Sens Lyon vers Marseille;43,4082350;5,2874370
27887;202000030974;3;9;2020;18:45;1;54;54115;1;1;1;3;A 31;48,6944000;6,1037000
27888;202000030975;4;9;2020;15:30;1;33;33192;1;1;1;2;ROCADE A 630;44,7898000; -0,6134800
27889;202000030976;3;9;2020;21:50;2;59;59403;1;1;1;2;AUTOROUTE A23;50,4312270;3,3808550
27890;202000030977;4;9;2020;16:58;1;92;92019;1;1;1;3;RN 385 Extèrieure;48,7607000;2,2529500
27891;202000030978;4;9;2020;08:20;1;94;94037;1;1;1;7;AUTOROUTE A6B;48,8161000;2,3567000
27892;202000030979;4;9;2020;08:25;1;78;78423;1;1;1;4;RN12;48,7955110;2,0457370
27893;202000030980;23;5;2020;17:10;1;36;36081;1;2;1;3;Bord;46,5030380;1,6008930
27894;202000030981;1;11;2020;20:20;5;988;98818;2;3;1;2;ROUTE DE L'ANSE VATA/RUE THOMY CELIERES; -22,2961300;166,4451900
27895;202000030982;1;11;2020;17:30;1;988;98818;2;3;1;3;RUE JACQUES IEKAWE/RUE ULM; -22,2364400;166,4753800
27896;202000030983;31;10;2020;11:35;1;974;97411;2;1;1;6;Avenue Leconte de Lisle; -20,8909300;55,4805900
27897;202000030984;31;10;2020;03:10;5;973;97302;2;1;1;6;PREVOT (ERNEST);4,9337266; -52,3329931
27898;202000030986;1;11;2020;13:35;1;91;91421;1;1;1;7;NATIONALE 6 (GLACIERE);48,7140400;2,4424300
27899;202000030987;1;11;2020;00:15;5;83;83137;2;1;1;6;FORGENTIER (CHEMIN DE);43,1363370;5,8987380
27900;202000030988;1;11;2020;18:22;5;69;69256;2;3;1;6;HENRI BARBUSSE                      (AV);45,7845212;4,9169491
27901;202000030989;1;11;2020;16:30;1;69;69264;2;6;1;6;BURDEAU   BD ( HORS GEANT CASINO);45,9978800;4,7340900
27902;202000030991;1;11;2020;01:50;5;34;34172;2;2;1;6;JUSTICE DE CASTELNAU (AVENUE DE LA);43,6255300;3,8794900
27903;202000030992;22;10;2020;09:30;1;13;13103;2;3;1;6;AVENUE BLUM - LEON;43,6362149;5,1031226
27904;202000030993;1;11;2020;20:00;5;13;13211;2;1;1;6;SAINT MENET (MONTEE);43,2908250;5,4929830
27905;202000030994;1;11;2020;18:25;2;13;13211;2;1;1;6;SAINT LOUP (BOULEVARD DE);43,2824900;5,4320800
27906;202000030995;1;11;2020;16:15;1;13;13001;1;3;1;2;RD 543;43,5146400;5,3510200
27907;202000030996;1;11;2020;17:40;2;06;06088;2;1;1;6;ARSON (RUE);43,7029700;7,2881300
27908;202000030997;1;11;2020;21:00;5;75;75110;2;1;2;6;BOULEVARD DE LA VILLETTE;48,8744490;2,3744030
27909;202000030998;1;11;2020;15:00;1;75;75117;2;7;1;3;PLACE PAUL LEAUTAUD;48,8872030;2,2975130
27910;202000031000;1;11;2020;17:02;2;75;75114;2;2;2;5;BOULEVARD ROMAIN ROLLAND;48,8198590;2,3255080
27911;202000031001;1;11;2020;17:15;1;75;75113;2;4;2;2;ECHANGEUR GENTILLY;48,8168190;2,3441250
27912;202000031002;1;11;2020;13:50;1;94;94076;2;1;2;2;PARIS (AV DE);48,8039400;2,3642200
27913;202000031003;1;11;2020;21:00;5;93;93077;2;1;2;6;RAINCY (AVENUE DU);48,8876700;2,5097800
27914;202000031004;1;11;2020;19:27;3;93;93062;2;1;2;4;RESISTANCE (AVENUE DE LA);48,8974200;2,5158000
27915;202000031005;31;10;2020;22:25;5;93;93077;2;5;2;4;NEUILLY (RUE DE);48,8789697;2,5161740
27916;202000031006;1;11;2020;20:20;5;93;93027;2;2;2;3;VAILLANT-COUTURIER (AVENUE PAUL);48,9248100;2,4150800
27917;202000031007;1;11;2020;05:35;3;93;93010;2;1;2;6;FRANCE (AV. ANATOLE) DE 79 ET 80 A FIN;48,8914576;2,4966044
27918;202000031008;1;11;2020;18:10;3;93;93005;2;1;2;2;EUROPE (CARREFOUR DE L');48,9514157;2,4813562
27919;202000031009;1;11;2020;18:20;4;92;92072;2;1;2;6;SAINT CLOUD (RUE DE);48,8341400;2,2222700
27920;202000031010;1;11;2020;14:00;1;92;92024;2;1;1;2;GUSTAVE EIFFEL (RUE);48,9030800;2,2919400
27921;202000031011;1;11;2020;15:40;1;92;92060;2;4;8;3;ALLIES (PLACE DES);48,7745339;2,2579761
27922;202000031012;2;11;2020;12:45;1;08;08144;1;1;1;1;D30;49,5062490;4,4343270
27923;202000031013;18;10;2020;13:00;1;51;51097;1;1;1;7;D79;49,0838854;4,5386218
27924;202000031014;31;10;2020;02:00;3;84;84027;1;1;1;6;D237;44,0920470;4,7625840
27925;202000031015;2;11;2020;18:30;2;44;44072;1;1;1;2;RN165 - PR63+450;47,4976910; -2,2552870
27926;202000031016;1;11;2020;18:30;3;58;58215;1;9;1;6;A77;47,2801320;2,9723600
27927;202000031017;1;11;2020;18:30;3;59;59094;1;1;2;7;cd 11route de looberghe;50,9260040;2,2401380
27928;202000031018;30;10;2020;21:40;3;67;67025;1;1;1;6;Route du Rhin;48,8502020;8,1030550
27929;202000031019;1;11;2020;07:30;2;2A;2A271;2;1;1;6;Les Terrasses du Parc;41,9518940;8,7916800
27930;202000031020;2;11;2020;17:02;1;71;71225;1;1;1;1;D977;46,7249105;4,7698907
27931;202000031021;25;10;2020;18:15;3;47;47004;1;1;3;1;Padouen;44,2785390;0,3344130
27932;202000031022;1;11;2020;17:30;2;38;38055;1;1;1;6;Route de Morestel;45,6899100;5,5206500
27933;202000031023;2;11;2020;05:25;3;14;14456;2;1;1;6;20 Route de Paris;49,1169760; -0,1679280
27934;202000031024;2;11;2020;15:00;1;14;14639;1;1;1;7;RD50 - Route du Coupe Gorge;49,1388070;0,1017520
27935;202000031025;29;10;2020;16:35;1;973;97306;1;1;1;3;Rue Soeur Madeleine Dauphin;5,5963820; -53,8175580
27936;202000031026;1;11;2020;18:50;3;973;97305;1;1;3;2;N1;4,9164310; -52,3768370
27937;202000031027;2;11;2020;16:00;1;68;68163;2;1;1;7;Rue de l''Europe;47,6728290;7,4984480
27938;202000031028;28;10;2020;18:53;3;46;46323;1;1;8;-1;A20;44,6030150;1,5036170
27939;202000031029;1;11;2020;22:40;5;60;60103;2;1;2;6;40 Rue de la Chaussée;49,4060800;2,2531470
27940;202000031030;29;10;2020;17:50;3;59;59087;1;2;2;3;Rue de la Chapelle;50,6646380;2,4381550
27941;202000031031;30;10;2020;12:31;1;13;13070;1;1;1;3;A50-Sens Aubagne vers Marseille;43,2894183;5,4941466
27942;202000031032;30;10;2020;05:57;3;67;67365;1;1;1;3;Autoroute A.35;48,5345000;7,7009100
27943;202000031033;1;11;2020;19:50;3;93;93053;1;1;2;6;AUTOROUTE A86;48,9006600;2,4625400
27944;202000031034;30;10;2020;16:30;1;94;94028;1;1;1;7;A86 EXT;48,8016000;2,4477000
27945;202000031035;30;10;2020;18:40;5;974;97411;2;1;1;7;FERRY (RUE JULES); -20,8932600;55,4642100
27946;202000031037;31;10;2020;14:06;1;69;69259;2;3;1;3;GABRIEL PERI                        (R );45,7054000;4,8674300
27947;202000031038;30;10;2020;20:05;4;972;97213;2;1;1;2;AUTOROUTE A1;14,6188419; -61,0138607
27948;202000031040;31;10;2020;21:20;5;59;59339;2;2;2;3;WATTRELOS (RUE DE);50,6879140;3,2369310
27949;202000031042;31;10;2020;02:55;4;45;45169;2;1;1;6;255 Route Nationale;47,9330000;1,8320000
27950;202000031043;31;10;2020;19:48;3;45;45208;2;2;1;3;D943 PR 0 + 455;48,0036700;2,7419100
27951;202000031044;31;10;2020;16:30;1;45;45004;2;6;1;2;Avenue d’Antibes;47,9783529;2,7336090
27952;202000031045;30;10;2020;08:05;1;42;42305;2;2;1;6;Rue Victor Hugo;45,4811400;4,4347600
27953;202000031046;31;10;2020;15:30;1;37;37122;2;3;8;3;PLACIER (IMPASSE DU);47,3629982;0,6741450
27954;202000031047;31;10;2020;20:35;5;35;35238;2;2;8;1;VERN (DE);48,0910700; -1,6454100
27955;202000031048;31;10;2020;16:00;1;35;35238;1;1;8;6;Porte de Villejean;48,1242800; -1,7185000
27956;202000031049;31;10;2020;18:50;5;30;30189;2;1;1;2;ALLENDE SALVADOR (RUE);43,8196600;4,3565000
27957;202000031050;31;10;2020;19:05;5;14;14118;2;2;2;3;PIGACIERE (RUE DE LA);49,1882100; -0,3597800
27958;202000031051;31;10;2020;12:58;1;14;14341;1;1;1;1;Route Nationale 158;49,1394000; -0,3354000
27959;202000031052;31;10;2020;13:07;1;13;13212;2;2;1;3;COMTESSE (BOULEVARD DE LA);43,3151537;5,4474280
27960;202000031053;31;10;2020;14:56;1;13;13211;2;1;1;7;DE LA SOLITUDE (TRAVERSE);43,2807500;5,5044400
27961;202000031054;29;10;2020;12:10;1;13;13004;2;4;1;3;AV PRESIDENT SALVADOR ALLENDE;43,6703822;4,6179277
27962;202000031055;31;10;2020;20:45;5;75;75110;2;3;2;1;RUE DU FAUBOURG SAINT MARTIN;48,8804050;2,3642920
27963;202000031056;31;10;2020;16:30;1;75;75110;2;2;2;6;BOULEVARD DE LA CHAPELLE;48,8843080;2,3615170
27964;202000031057;29;10;2020;10:40;1;75;75102;2;7;1;3;PLACE DE LA BOURSE;48,8694690;2,3422960
27965;202000031058;31;10;2020;10:50;1;94;94046;2;3;1;6;REPUBLIQUE (AV DE LA);48,8043080;2,4373810
27966;202000031059;29;10;2020;16:40;1;94;94016;2;9;1;6;63 Avenue du Président Wilson;48,7887200;2,3247300
27967;202000031060;31;10;2020;17:15;2;93;93007;2;1;2;1;CHARLES FLOQUET (AVENUE);48,9404800;2,4509100
27968;202000031061;31;10;2020;05:45;5;93;93007;2;1;1;6;8 MAI 45 (AVENUE DU 1 AU 182);48,9484481;2,4374180
27969;202000031062;31;10;2020;11:30;1;92;92077;2;1;1;1;MARNES (RUE DE);48,8278486;2,1843045
27970;202000031063;31;10;2020;18:45;5;92;92049;2;1;2;3;BRIAND AVENUE ARISTIDE AUTRES N°;48,8184496;2,3256717
27971;202000031064;1;11;2020;17:30;1;974;97415;2;2;1;3;Chaussée Royale; -21,0119309;55,2724904
27972;202000031065;1;11;2020;02:30;3;83;83072;1;1;1;7;Route des Miquelets;43,4850300;6,2880370
27973;202000031067;1;11;2020;08:00;2;30;30151;1;1;8;7;Route departentale 6;44,1317100;4,4102380
27974;202000031068;1;11;2020;11:45;1;65;65436;1;1;1;3;1 Route de Coussan;43,2409210;0,1744460
27975;202000031069;31;10;2020;16:20;1;65;65392;1;1;1;7;D18;43,1528980;0,0756920
27976;202000031070;21;10;2020;13:00;1;33;33140;2;1;1;6;24 Boulevard Victor Hugo;44,7750500; -0,3461100
27977;202000031071;1;11;2020;00:30;5;89;89439;2;1;1;6;35 Rue Bernard Liège;47,9708470;3,7108630
27978;202000031072;1;11;2020;02:00;4;63;63423;2;1;1;6;Route d'Isserteaux;45,6020561;3,4071769
27979;202000031073;1;11;2020;05:00;5;65;65230;2;1;1;6;Route de Loures;43,0169610;0,5997330
27980;202000031074;1;11;2020;15:15;1;54;54047;2;8;2;7;5 Rue du Chanois;48,5417811;5,8452952
27981;202000031075;1;11;2020;13:50;1;60;60390;1;2;2;3;D9;49,5392550;2,1568290
27982;202000031076;29;10;2020;12:09;1;73;73103;1;2;1;3;214 Chemin de la Boisiere;45,6568000;5,9118030
27983;202000031077;25;10;2020;18:55;3;07;07035;1;1;1;6;D533;44,9434780;4,7003990
27984;202000031078;29;10;2020;16:55;1;87;87032;2;1;2;3;36 Avenue Jean Jaures;45,6582370;0,9834857
27985;202000031079;31;10;2020;19:45;3;31;31181;1;1;1;3;68 Chemin Roucade;43,4118440;1,2959580
27986;202000031080;30;10;2020;21:15;3;987;98745;2;1;1;3;Tapuamu; -16,6190993; -151,5437579
27987;202000031081;1;11;2020;18:20;2;974;97408;2;3;1;1;Rue Ho Chi Minh; -20,9656520;55,3407530
27988;202000031082;31;10;2020;09:36;1;77;77001;1;1;7;1;D63;48,3488910;2,5831170
27989;202000031083;30;10;2020;19:40;5;83;83071;1;9;1;6;D98;43,1465620;6,2571050
27990;202000031084;1;11;2020;13:28;1;89;89080;1;1;8;6;BRETELLE AUTOROUTE A 19 B5 B;48,2715970;3,2902340
27991;202000031085;1;11;2020;00:10;3;38;38071;1;1;1;6;Chemin de Font Fraiche;45,0681600;5,7287200
27992;202000031086;31;10;2020;18:28;2;33;33339;2;1;1;6;3 Chemin de la Croix Blanche;45,0374730; -0,5031590
27993;202000031087;31;10;2020;22:20;3;60;60141;2;1;1;6;18 Rue de Creil;49,1948200;2,4655530
27994;202000031088;30;10;2020;14:00;1;13;13214;1;1;1;2;A7-Sens Marseille vers Lyon;43,3209000;5,3779000
27995;202000031089;26;10;2020;10:25;1;01;01049;1;1;2;6;A432N 11.118 A 12.100;45,8310900;5,0269900
27996;202000031090;31;10;2020;15:45;1;93;93027;1;1;1;2;AUTOROUTE A86;48,9261500;2,4193000
27997;202000031091;30;10;2020;17:25;2;92;92036;1;1;1;3;AUTOROUTE A86;48,9390318;2,3061204
27998;202000031092;30;10;2020;12:15;1;93;93064;1;1;1;3;AUTOROUTE A3;48,8856100;2,4722000
27999;202000031093;30;10;2020;07:30;2;94;94073;1;1;1;4;A86 EXT;48,7559300;2,3833400
28000;202000031094;31;10;2020;02:00;5;988;98818;2;2;1;3;ROUTE DE L'ANSE VATA/RUE EDOUARD GLASSER; -22,2925900;166,4472600
28001;202000031095;30;10;2020;11:50;1;974;97411;2;1;1;6;BRASSENS (AVENUE GEORGES); -20,9047000;55,4832800
28002;202000031096;30;10;2020;15:07;1;69;69388;2;2;1;6;PAUL CAZENEUVE                      (R );45,7339247;4,8627517
28003;202000031097;28;10;2020;18:05;5;69;69259;2;1;1;2;OSCHATZ (D')                        (AV);45,6963500;4,8833100
28004;202000031099;29;10;2020;20:10;5;91;91657;2;9;2;3;RUE FREDERIC JOLIOT CURIE;48,7031710;2,4199290
28005;202000031100;6;10;2020;16:50;1;91;91174;2;1;1;3;RUE D ANGOULEME;48,6009600;2,4634100
28006;202000031101;29;10;2020;17:33;1;87;87085;1;1;2;4;AUTOROUTE A20;45,8618500;1,2867200
28007;202000031102;29;10;2020;12:10;1;80;80021;2;1;1;6;JEAN JAURES (RUE);49,8995500;2,2838500
28008;202000031103;29;10;2020;16:55;1;77;77296;2;1;1;3;RD 57;48,6298591;2,5728276
28009;202000031105;29;10;2020;18:20;3;76;76540;2;1;1;6;GAMBETTA. BOULEVARD;49,4378700;1,1054600
28010;202000031106;29;10;2020;18:50;1;76;76305;2;1;1;6;CAMP PHILIP MORIS (RUE);49,5093100;0,2288400
28011;202000031107;29;10;2020;10:05;1;71;71306;2;1;1;2;ANATOLE FRANCE (RUE);46,6887231;4,3490472
28012;202000031108;28;10;2020;18:20;1;66;66136;2;1;1;2;ARGELES SUR MER AVENUE D';42,6816300;2,9116100
28013;202000031109;26;10;2020;21:35;3;66;66136;1;1;1;2;Départementale  617;42,7121700;2,9581200
28014;202000031112;19;10;2020;10:50;1;61;61397;2;1;1;6;FRESNAY (ROUTE DE);48,4201500;0,0783900
28015;202000031115;29;10;2020;16:20;1;59;59569;2;1;1;6;VERDUN (RUE DE);50,3636900;3,1134000
28016;202000031116;19;10;2020;10:58;1;56;56260;2;6;1;6;JUIN(AVENUE DU MARECHAL);47,6386900; -2,7649000
28017;202000031118;29;10;2020;00:40;5;56;56121;2;1;2;6;NAYEL ( ET PLACE AUGUSTE );47,7477800; -3,3635400
28018;202000031119;27;10;2020;17:10;1;56;56121;2;1;8;6;YEQUEL (RUE  LOUIS );47,7551400; -3,3651400
28019;202000031120;29;10;2020;12:50;1;54;54304;2;2;1;3;DEROULEDE (AVENUE PAUL);48,6851685;6,1558487
28020;202000031121;29;10;2020;20:55;5;54;54493;2;3;2;6;LONGWY (RUE DE);49,5301000;5,8188000
28021;202000031122;29;10;2020;17:35;1;52;52121;2;1;1;2;ASHTON UNDER LYNE (AVENUE D');48,0922800;5,1453200
28022;202000031123;28;10;2020;18:40;5;51;51454;2;1;2;4;Boulevard de la Paix;49,2537428;4,0408863
28023;202000031126;13;10;2020;05:50;5;42;42218;1;2;2;2;Boulevard Fauriat;45,4421900;4,4083400
28024;202000031127;30;10;2020;02:10;3;41;41295;2;1;1;7;2 Rue des Bourdettes;47,6065200;1,4055600
28025;202000031130;30;10;2020;14:40;1;33;33063;1;3;1;3;AVE DE LABARDE / ACCES PARKING METRO;44,8917300; -0,5489800
28026;202000031131;15;10;2020;13:34;1;33;33063;2;2;1;3;CRS DU MEDOC;44,8610900; -0,5701400
28027;202000031132;29;10;2020;21:00;5;33;33162;2;1;1;3;AVE DE SAINT-MEDARD;44,8635500; -0,6585900
28028;202000031134;29;10;2020;15:30;1;29;29232;1;1;8;4;RN 165;48,0431900; -4,0702900
28029;202000031135;30;10;2020;08:10;1;27;27375;2;1;1;3;PARIS (CHAUSSEE DE);49,2046200;1,1953800
28030;202000031136;30;10;2020;14:10;1;25;25056;2;1;1;6;BLUM  BOULEVARD LEON (inf 51);47,2554000;6,0193000
28031;202000031137;29;10;2020;16:20;1;25;25056;2;9;1;3;DOLE;47,2287000;5,9872500
28032;202000031138;30;10;2020;11:15;1;17;17300;2;6;1;3;BEAUREGARD   RUE DE;46,1675000; -1,1400000
28033;202000031140;28;10;2020;11:37;1;14;14118;2;2;8;3;BRIAND (BOULEVARD ARISTIDE);49,1784840; -0,3614370
28034;202000031141;30;10;2020;21:35;5;13;13208;2;3;1;3;PRADO (AVENUE DU);43,2799131;5,3871231
28035;202000031142;30;10;2020;08:30;1;13;13210;2;1;1;2;JEAN EUGENE CABASSUD (BOULEVARD);43,2850720;5,4132810
28036;202000031143;30;10;2020;11:35;1;06;06069;2;1;1;6;PROVENCE (AVENUE DE);43,6558000;6,9245000
28037;202000031144;30;10;2020;16:30;2;06;06123;2;1;1;6;BORD DE MER RN 98;43,6566000;7,1788000
28038;202000031145;29;10;2020;18:50;5;05;05061;2;3;1;3;COMMANDANT DUMONT ( AVENUE);44,5672900;6,0833900
28039;202000031146;30;10;2020;17:55;5;75;75118;2;1;1;3;PORTE D AUBERVILLIERS;48,9008440;2,3670720
28040;202000031147;29;10;2020;22:00;4;75;75117;2;4;1;7;PORTE MAILLOT;48,8830340;2,2836640
28041;202000031148;3;8;2020;18:45;2;13;13201;2;9;1;6;CANEBIERE    81 A FIN;43,2986700;5,3842100
28042;202000031149;28;10;2020;06:00;5;75;75113;2;1;1;4;PORTE D ITALIE;48,8177380;2,3673380
28043;202000031150;31;7;2020;09:00;1;13;13075;2;1;1;1;L'ENJOLRAS (AVE DE);43,3389490;5,4536580
28044;202000031151;30;10;2020;15:29;1;75;75115;2;3;1;6;RUE LECOURBE;48,8402820;2,2951860
28045;202000031152;3;8;2020;02:40;5;13;13208;2;1;1;3;MENDES FRANCE (AVENUE);43,2536990;5,3761280
28046;202000031153;30;10;2020;06:50;4;75;75120;2;1;1;6;RUE SERPOLLET;48,8606800;2,4103690
28047;202000031154;3;8;2020;21:10;5;13;13047;2;9;1;6;AVENUE DE LA CRAU;43,5895000;4,9419000
28048;202000031155;30;10;2020;15:30;1;75;75118;2;2;8;6;RUE LAMARCK;48,8911220;2,3293980
28049;202000031157;2;8;2020;18:03;1;10;10387;2;1;1;2;NOES (RUE DES);48,2968000;4,0606000
28050;202000031158;29;10;2020;13:00;1;75;75116;2;1;1;6;AVENUE VICTOR HUGO;48,8647250;2,2736570
28051;202000031159;3;8;2020;11:00;1;06;06123;2;1;1;3;DE GAULLE GENERAL AVENUE;43,6679220;7,1921870
28052;202000031160;30;10;2020;08:45;1;75;75115;2;4;1;7;RUE DU COTENTIN;48,8385240;2,3115380
28053;202000031162;28;10;2020;18:30;5;75;75112;2;1;2;5;QUAI DE BERCY;48,8341220;2,3812950
28054;202000031163;2;8;2020;09:20;1;75;75119;2;1;1;2;BOULEVARD PERIPHERIQUE INTERIEUR NORD  ;48,8977840;2,3937980
28055;202000031164;30;10;2020;14:30;1;75;75111;2;2;1;3;RUE DE CHARONNE;48,8564620;2,3942130
28056;202000031165;29;10;2020;23:50;5;75;75109;2;2;1;6;BOULEVARD HAUSSMANN;48,8736000;2,3283450
28057;202000031166;3;8;2020;17:00;1;75;75119;2;3;1;6;RUE DE BELLEVILLE;48,8746860;2,3877750
28058;202000031169;29;10;2020;12:50;1;75;75108;2;5;1;3;BOULEVARD HAUSSMANN;48,8753140;2,3157870
28059;202000031170;3;8;2020;10:00;1;75;75117;2;4;1;3;RUE DU CAPORAL PEUGEOT;48,8870800;2,2895660
28060;202000031171;27;10;2020;12:20;1;75;75103;2;5;1;7;RUE DE BRETAGNE;48,8619360;2,3645990
28061;202000031172;25;7;2020;17:30;1;75;75117;2;3;8;7;BOULEVARD DES BATIGNOLLES;48,8818700;2,3187180
28062;202000031173;26;7;2020;19:20;1;75;75101;2;3;1;7;RUE DE RIVOLI;48,8632120;2,3338010
28063;202000031174;2;8;2020;18:08;1;75;75116;2;1;1;1;VOIE GEORGES POMPIDOU;48,8403010;2,2680420
28064;202000031175;30;10;2020;18:50;5;94;94068;2;1;1;7;VARENNE (R DE LA);48,8076100;2,4738300
28065;202000031176;3;8;2020;17:05;1;75;75114;2;7;1;2;PLACE DU VINGT CINQ AOUT 1944;48,8230460;2,3254920
28066;202000031177;29;10;2020;14:45;1;94;94068;2;3;1;3;SAINT BENOIT (R);48,8087936;2,5105423
28067;202000031179;3;8;2020;21:25;3;75;75107;2;2;1;7;QUAI BRANLY;48,8589710;2,2933780
28068;202000031180;28;10;2020;17:20;1;94;94041;2;4;8;5;PIERRE BROSSOLETTE (R);48,8170950;2,3815240
28069;202000031182;3;8;2020;17:55;1;75;75107;2;2;1;3;BOULEVARD SAINT GERMAIN;48,8544710;2,3304590
28070;202000031184;3;8;2020;19:40;1;75;75104;2;3;1;7;RUE DE TURENNE;48,8545740;2,3629400
28071;202000031185;30;10;2020;07:01;1;93;93029;2;3;1;6;BOIS D'AMOUR (AVENUE DU);48,9145416;2,4611410
28072;202000031187;29;10;2020;21:55;5;93;93010;2;3;1;3;ALPY (RUE HENRI);48,9013624;2,4890183
28073;202000031188;2;8;2020;19:00;1;94;94068;2;2;1;3;MOULIN (R DU);48,7886982;2,5052315
28074;202000031189;1;8;2020;11:20;1;94;94065;1;1;1;2;CIRCULAIRE (boulevard);48,7538900;2,3574100
28075;202000031190;29;10;2020;17:40;5;92;92046;2;2;1;3;GABRIEL PERI;48,8192000;2,2978000
28076;202000031191;3;8;2020;08:40;1;93;93073;1;1;1;5;CHAPIT RE ( RUE DU);49,0022190;2,5369412
28077;202000031192;30;10;2020;20:55;5;92;92073;2;1;1;3;RATRAIT (RUE DU);48,8771078;2,2294274
28078;202000031193;3;8;2020;17:40;1;93;93066;2;1;1;7;REPUBLIQUE;48,9366652;2,3533134
28079;202000031194;3;8;2020;04:00;5;93;93077;2;1;1;6;R DE LA FOSSE AUX BERGERS;48,8891873;2,4953883
28080;202000031195;3;8;2020;12:35;1;93;93053;2;2;1;6;HENRI BARBUSSE (RUE);48,8924178;2,4558365