;Num_Acc;jour;mois;an;hrmn;lum;dep;com;agg;int;atm;col;adr;lat;long
28081;202000031196;3;8;2020;07:45;1;93;93046;2;3;1;6;R JACOB / R JEAN JACQUES ROUSSEAU;48,9274500;2,5435100
28082;202000031197;3;8;2020;20:30;1;93;93032;2;3;1;3;VIOLETTES (AVENUE DES);48,8946000;2,5467000
28083;202000031198;3;8;2020;14:11;1;93;93027;2;1;1;3;R ROSA PARKS;48,9240100;2,3970600
28084;202000031199;3;8;2020;19:20;1;93;93010;2;1;1;6;AULNAY (ROUTE) COTE PAIRE DE 2 A FIN;48,9108999;2,4806491
28085;202000031200;1;8;2020;13:15;1;93;93007;2;9;1;3;8 MAI 45 (AVENUE DU 1 AU 182);48,9422400;2,4327200
28086;202000031201;3;8;2020;18:45;1;92;92075;2;2;1;6;JEAN JAURES (AVENUE);48,8258300;2,2906400
28087;202000031202;3;8;2020;18:45;1;35;35195;1;1;1;1;La Haute Pilais;48,2888470; -1,6885150
28088;202000031203;4;8;2020;07:00;1;91;91390;1;1;1;1;D49;48,3215450;2,0945130
28089;202000031205;4;8;2020;06:26;2;01;01209;1;1;1;6;D1206;46,1182870;5,8854160
28090;202000031206;3;8;2020;16:15;1;22;22020;1;1;1;7;N12PR 09+800;48,3122030; -2,2412910
28091;202000031208;3;8;2020;20:45;1;56;56054;1;2;1;3;Rue Abbé le Barh;47,6409820; -3,1583527
28092;202000031209;1;8;2020;20:00;1;74;74288;1;1;1;1;Route de Grateloup;46,1124670;5,9702140
28093;202000031210;3;8;2020;12:30;1;82;82117;1;1;1;6;D47;44,3432100;0,9478440
28094;202000031211;2;8;2020;01:00;3;32;32306;1;1;1;6;D123;43,8692660;0,6048500
28095;202000031213;4;8;2020;16:00;1;89;89069;1;1;1;7;D30;48,1022080;3,6748840
28096;202000031214;3;8;2020;19:54;1;61;61323;1;1;1;6;D920;48,4757100;0,9363810
28097;202000031215;4;8;2020;13:05;1;42;42015;1;1;1;7;Route de Charlieu;46,1651200;4,3355490
28098;202000031216;4;8;2020;18:25;1;46;46125;1;1;1;1;D 653;44,7693290;2,0297880
28099;202000031218;31;5;2020;17:55;1;67;67073;2;1;1;7;31 Rue du Hahnenberg;48,2751960;7,3958270
28100;202000031219;3;8;2020;15:15;1;39;39339;2;1;2;1;;46,3587610;5,7882740
28101;202000031220;26;5;2020;17:25;1;01;01173;2;6;1;-1;D1005;46,3340470;6,0597860
28102;202000031221;4;6;2020;15:20;1;50;50420;1;1;1;1;la coquerie;49,0477420; -1,2173150
28103;202000031222;3;6;2020;17:05;1;91;91275;2;1;1;6;129 Route de Chartres;48,6773000;2,1339170
28104;202000031223;31;5;2020;22:10;3;19;19011;1;1;1;7;Avenue du Midi;45,3887164;1,3690004
28105;202000031224;3;6;2020;22:33;3;56;56222;1;1;1;6;Talrun;47,8472950; -2,6934530
28106;202000031225;3;6;2020;20:54;2;56;56097;1;3;8;7;Botlidat;47,7666400; -3,0978000
28107;202000031226;1;8;2020;18:18;1;35;35299;1;1;1;1;Les Nielles;48,6331470; -1,8651630
28108;202000031227;3;6;2020;21:10;2;77;77032;1;1;3;7;D55, PR 033 +982;48,7162520;3,2352160
28109;202000031228;3;6;2020;11:45;1;79;79079;2;4;1;2;Rue du Calvaire;46,9385430; -0,6940510
28110;202000031229;3;8;2020;13:00;1;29;29047;2;1;1;3;3 Rue de la Gare;48,5367980; -4,3736310
28111;202000031230;3;6;2020;23:05;4;2B;2B346;2;6;1;3;Arena;42,5012560;9,4654460
28112;202000031231;4;8;2020;18:30;1;29;29197;1;1;1;2;D784 - Kerouan;48,0106170; -4,4635710
28113;202000031233;4;6;2020;10:00;1;80;80020;1;1;1;3;Allonville;49,9284610;2,3651500
28114;202000031234;4;6;2020;09:20;1;80;80703;1;1;1;1;rd 316;49,8231580;1,7391010
28115;202000031235;3;8;2020;17:20;1;38;38043;1;1;1;7;D1075;45,4445100;5,5644600
28116;202000031236;4;6;2020;15:30;1;81;81145;1;1;8;6;Les Balards;43,8759320;1,8442230
28117;202000031238;4;8;2020;12:30;1;02;02719;2;1;1;6;6 Rue Simon Lambacq;49,5980900;3,2561960
28118;202000031239;4;8;2020;16:40;1;72;72386;2;1;1;7;Avenue Guy Bouriat;48,0120470;0,2666330
28119;202000031240;3;6;2020;17:30;1;12;12239;1;2;1;5;D45;44,4290190;2,9628180
28120;202000031241;3;8;2020;16:40;1;72;72070;1;9;1;7;D101;48,0206750; -0,1252020
28121;202000031242;3;6;2020;09:20;1;41;41275;2;4;7;6;Rue du Vieux Moulin;47,9184270;1,0857050
28122;202000031243;3;8;2020;17:20;1;14;14276;1;2;1;3;D43;48,9698120; -0,2686840
28123;202000031244;29;5;2020;18:30;1;68;68065;1;1;1;6;D32;47,6372730;7,0245550
28124;202000031245;4;8;2020;14:09;1;50;50110;1;1;1;6;Hameau de Cantilly;49,1660730; -0,9410650
28125;202000031246;2;6;2020;10:25;1;35;35223;2;1;1;6;Rue de la Vallée du Cast;48,0062200; -2,0921020
28126;202000031247;4;8;2020;13:30;1;83;83121;2;1;1;6;La Combe;43,5717710;6,2178650
28127;202000031248;1;8;2020;00:30;3;83;83145;1;1;1;6;Route de Brue Auriac;43,5911880;5,9587570
28128;202000031249;4;6;2020;04:45;4;70;70145;2;1;2;6;19 Rue de Boulot;47,3668470;5,9747060
28129;202000031251;25;7;2020;18:45;1;60;60029;2;2;1;3;RD 981 et RD 2;49,3723490;1,9887780
28130;202000031252;4;6;2020;15:00;1;83;83038;1;1;8;1;D955;43,5967410;6,4712480
28131;202000031253;21;5;2020;17:30;1;45;45327;2;1;1;6;31 Rue de Saint-mathurin;47,9717742;2,1097173
28132;202000031254;3;8;2020;22:15;3;45;45175;1;1;1;6;D 15, pk 016+900;47,7301360;1,8030770
28133;202000031255;3;6;2020;18:30;1;45;45212;1;1;2;7;D117 - PR 6 + 615;47,9060944;2,8196617
28134;202000031256;3;8;2020;11:25;1;24;24587;1;3;1;1;Route du Chateau de Montfort;44,8407320;1,2496520
28135;202000031258;2;6;2020;14:50;1;18;18197;2;1;1;7;Chemin des Grainetières;46,7416400;2,5075330
28136;202000031259;4;8;2020;18:20;1;04;04123;1;1;1;1;RD 4075;44,2924360;5,8429110
28137;202000031260;3;6;2020;23:00;5;10;10437;2;1;1;6;36 Rue Roger Dossot;48,1395500;4,3083510
28138;202000031261;4;6;2020;06:55;1;16;16167;2;3;1;3;Ld Faubourg de lOrmeau;45,6857920; -0,1665080
28139;202000031262;3;8;2020;20:30;1;87;87086;1;3;1;5;Ribiere Gagnoux;45,7053140;1,5096680
28140;202000031263;1;8;2020;16:30;1;08;08200;2;1;1;1;Rue Corneille;49,4165940;4,6290020
28141;202000031264;3;6;2020;02:20;3;17;17347;2;3;1;6;17 Rue Bonneterie;45,9423510; -0,5222800
28142;202000031265;3;8;2020;16:05;1;88;88066;1;1;1;6;D14d;48,3782450;6,0791890
28143;202000031266;2;6;2020;21:30;2;37;37085;1;1;1;7;La Barrerie;47,2710671;0,8863332
28144;202000031267;4;8;2020;05:45;2;987;98734;1;1;1;3;PK 35+500 - RT1; -17,7233790; -149,5057300
28145;202000031268;4;6;2020;11:00;1;48;48175;1;1;1;7;D56;44,4661560;3,1423470
28146;202000031269;4;8;2020;10:05;1;72;72124;1;9;1;6;A28;47,8176180;0,3074080
28147;202000031270;2;8;2020;10:50;1;978;97801;2;1;1;3;RN7 - Grand Case;18,0995690; -63,0600270
28148;202000031271;4;8;2020;13:45;1;42;42256;2;1;1;2;25 Chemin Rouge;45,5024578;4,1857625
28149;202000031272;3;8;2020;17:00;1;74;74143;1;1;2;6;N205;45,8916260;6,7913940
28150;202000031274;2;6;2020;20:20;1;67;67329;1;1;1;-1;A 35;48,4433230;7,5028040
28151;202000031275;3;6;2020;18:30;1;44;44213;1;1;1;7;A11;47,4220190; -1,0383800
28152;202000031276;3;8;2020;17:40;1;69;69268;1;9;1;6;Chemin des Balmes;45,6604830;4,7642040
28153;202000031277;4;6;2020;17:40;1;51;51584;1;1;2;6;A4;49,2104658;4,0451553
28154;202000031278;3;6;2020;14:00;1;69;69116;2;2;1;3;RD 306/ chemin de la Bruyère;45,8181680;4,7712850
28155;202000031279;3;8;2020;10:18;1;38;38508;1;1;1;1;A48;45,5190830;5,4094790
28156;202000031280;3;6;2020;06:20;2;27;27258;1;1;1;6;A13;49,3367420;0,4128270
28157;202000031281;21;7;2020;13:20;1;971;97125;1;9;1;3;N4;16,2579590; -61,3062210
28158;202000031282;24;5;2020;17:00;2;987;98729;1;1;9;6;Pk 1 TEMAE - Teavaro; -17,4996810; -149,7678570
28159;202000031283;2;8;2020;17:45;1;95;95040;1;1;1;1;D43;49,0995130;1,8769670
28160;202000031286;4;8;2020;07:30;1;66;66164;1;1;1;1;D117;42,7663830;2,8425510
28161;202000031287;4;6;2020;17:40;1;2B;2B205;2;1;1;6;665 Agianella;42,6966780;9,3598370
28162;202000031288;3;6;2020;06:00;1;13;13013;1;1;1;1;chemin départemental 96;43,4314660;5,5647470
28163;202000031289;3;8;2020;16:40;1;30;30132;2;6;1;3;Giratoire Boulevard Jules CALLON - Boulevard Talabot;44,2098380;4,0297440
28164;202000031290;27;5;2020;08:00;1;13;13066;1;4;1;1;RD30;43,8565236;4,9031738
28165;202000031291;31;7;2020;17:00;1;83;83023;1;6;1;2;DN7;43,4092410;6,0432530
28166;202000031292;4;8;2020;08:10;1;13;13074;1;1;1;6;D96;43,6455630;5,5675360
28167;202000031293;3;6;2020;17:10;1;71;71063;1;1;2;6;Route d’Autun;46,8972850;4,3220470
28168;202000031294;2;8;2020;09:30;1;26;26325;1;1;1;7;A7;45,2999960;4,8203160
28169;202000031295;31;5;2020;12:15;1;67;67052;1;1;1;-1;RD214;48,4511829;7,3545535
28170;202000031296;29;7;2020;17:45;2;71;71176;2;1;7;3;1 Rue Victor Hugo;46,4907062;3,9979414
28171;202000031298;3;6;2020;08:20;1;67;67300;1;6;1;3;D422;48,5328280;7,5131920
28172;202000031299;3;6;2020;11:17;1;67;67112;2;1;1;6;76 route du Général de GAULLE;48,5220050;7,5625640
28173;202000031300;3;8;2020;12:15;1;67;67131;2;9;1;3;17 Rue des Fusiliers Marins;48,4871630;7,7292630
28174;202000031301;4;6;2020;07:52;1;74;74015;1;1;3;1;D6;46,0828090;6,1856030
28175;202000031302;3;8;2020;06:52;2;54;54133;1;1;1;7;RD23F;48,7000170;6,6100630
28176;202000031303;4;6;2020;05:20;3;33;33238;1;1;2;6;160 Avenue de Cadaujac;44,7352180; -0,5785470
28177;202000031304;1;8;2020;17:45;1;54;54258;1;1;1;7;D2;48,6754052;6,5548468
28178;202000031305;31;7;2020;22:45;3;63;63263;1;1;1;7;D68;45,7669338;2,9780689
28179;202000031306;3;8;2020;20:00;1;38;38146;1;1;8;7;D517;45,7178810;5,2566360
28180;202000031307;22;2;2020;22:45;3;33;33351;1;1;1;7;D132;45,2027690; -0,4999420
28181;202000031308;4;6;2020;16:30;1;35;35287;1;2;1;3;Le Foutel;48,6113680; -2,0806630
28182;202000031309;3;8;2020;15:30;1;07;07070;2;1;1;5;D86;44,9728590;4,8518370
28183;202000031310;4;6;2020;16:25;1;60;60489;2;1;3;3;Route Nationale 2;49,1625615;2,8554609
28184;202000031311;31;7;2020;12:10;1;69;69020;2;1;1;-1;361 Allee des Varennes;45,8655917;4,6677667
28185;202000031312;30;7;2020;11:35;1;69;69116;1;1;1;3;Route du Mont Verdun;45,8412080;4,7776470
28186;202000031313;3;8;2020;20:15;1;85;85189;1;1;1;1;Notre-Dame-de-Riez;46,7489110; -1,8692850
28187;202000031314;3;6;2020;07:55;1;13;13215;1;1;1;5;A7-Sens Marseille vers Lyon;43,3759232;5,3598128
28188;202000031316;3;8;2020;14:40;1;13;13215;1;1;1;2;A7-Sens Lyon vers Marseille;43,3804500;5,3500800
28189;202000031317;3;8;2020;14:50;1;33;33550;1;1;1;5;ROCADE A 630;44,7778400; -0,5576100
28190;202000031319;3;8;2020;14:45;1;33;33143;1;1;1;4;AUTOROUTE A 10;44,9754800; -0,4334200
28191;202000031320;3;8;2020;00:05;4;33;33075;1;1;1;6;ROCADE A 630;44,8894400; -0,6175400
28192;202000031321;2;6;2020;17:45;1;78;78043;1;1;1;2;A12 W;48,8347300;2,0870700
28193;202000031322;1;8;2020;00:40;3;62;62186;1;1;1;2;AUTOROUTE A21;50,4351220;2,7249530
28194;202000031323;2;6;2020;19:50;1;95;95277;1;1;1;6; A3;48,9833200;2,5013100
28195;202000031324;3;8;2020;13:54;1;91;91136;1;1;1;2;RN20;48,7055100;2,2874900
28196;202000031325;2;6;2020;17:45;1;95;95572;1;1;1;5; A15;49,0344700;2,1016500
28197;202000031326;2;6;2020;11:08;1;60;60631;1;1;1;3;AUTOROUTE A1;49,1526300;2,5861000
28198;202000031328;2;6;2020;18:20;2;974;97411;2;6;1;3;RIVIERE DES PLUIES (ROUTE DE LA); -20,9021400;55,5032900
28199;202000031329;3;8;2020;08:00;1;94;94015;1;1;1;3;A4;48,8326100;2,5330600
28200;202000031330;2;6;2020;09:30;1;974;97411;2;2;1;3;Boulevard Jean Jaurès; -20,8887000;55,4464100
28201;202000031331;2;8;2020;04:25;5;988;98818;2;1;1;2;BOULEVARD EXTERIEUR; -22,2749000;166,4492800
28202;202000031333;2;6;2020;21:10;2;69;69387;2;2;1;7;Avenue Jean Jaurès;45,7504700;4,8449000
28203;202000031334;2;8;2020;18:30;3;988;98818;2;1;2;1;ROUTE EXPRESS DU MONT DORE; -22,2257600;166,4922100
28204;202000031335;28;5;2020;09:30;1;91;91339;2;2;1;2;BENOIST ROBERT (AVENUE);48,6349400;2,2661700
28205;202000031336;2;8;2020;04:45;5;974;97416;1;1;2;7;LIGNE PARADIS(ROUTE DE LA); -21,2995400;55,4568700
28206;202000031337;29;5;2020;16:30;1;89;89024;2;2;1;3;LYAUTEY (BOULEVARD);47,7952000;3,5506800
28207;202000031338;1;8;2020;11:49;1;69;69388;2;2;7;1;AMBROISE PARE                       (BD);45,7379000;4,8845200
28208;202000031339;2;6;2020;07:06;2;87;87065;1;1;1;6;RD 704A;45,7944200;1,2952800
28209;202000031340;31;5;2020;18:39;1;87;87048;1;1;1;6;VEYRINAS (LIEU DIT);45,7708000;1,2502800
28210;202000031342;30;5;2020;11:18;1;87;87085;2;1;1;2;GIFFARD (RUE HENRI);45,8704444;1,2680572
28211;202000031343;2;8;2020;07:00;1;83;83137;2;1;1;4;JUIN (AVE ALPHONSE);43,1203100;5,9492100
28212;202000031344;29;5;2020;14:51;1;87;87085;2;1;1;6;BAUDIN ( AVENUE) (VC);45,8170000;1,2514000
28213;202000031345;1;8;2020;18:45;1;83;83137;2;1;1;-1;FUSILIERS MARINS (AVE DES);43,1274800;5,9063000
28214;202000031346;31;5;2020;05:22;5;87;87085;2;2;1;3;VIGENAL (BOULEVARD DU);45,8524400;1,2549800
28215;202000031347;2;8;2020;19:20;1;83;83069;2;1;1;2;Avenue Léopold Ritondale;43,1193890;6,1515490
28216;202000031348;29;5;2020;23:10;5;87;87085;2;1;1;7;FOUGERAS (RUE DE);45,8617034;1,2882918
28217;202000031349;1;8;2020;17:40;1;83;83069;2;1;1;2;MARINE (BOULEVARD DE LA);43,0900000;6,1600000
28218;202000031350;1;6;2020;19:10;1;83;83069;1;1;1;1;CRAU (ROUTE DE LA );43,1284200;6,0932000
28219;202000031351;31;7;2020;19:10;1;83;83069;2;3;1;3;MOULIN (AVENUE JEAN);43,1136000;6,1290000
28220;202000031352;1;6;2020;10:50;1;80;80164;2;1;1;3;ROND POINT ACCES ROCADE;49,9040800;2,3630000
28221;202000031353;2;8;2020;16:00;1;77;77058;2;9;1;1;GUTEMBERG  (RUE   );48,8324100;2,7380500
28222;202000031354;1;6;2020;10:10;1;80;80021;2;1;1;3;ROGER DUMOULIN (AVENUE);49,9455300;2,2772400
28223;202000031355;31;5;2020;12:20;1;80;80021;2;1;1;1;DOULLENS (RUE DE);49,9062900;2,3051400
28224;202000031356;29;5;2020;09:10;1;79;79191;2;1;1;6;69 Rue des Sablières;46,3334600; -0,4488700
28225;202000031357;25;7;2020;01:30;5;62;62893;2;2;1;3;MITTERRAND ( Ave. François );50,7735300;1,6123150
28226;202000031358;15;5;2020;16:35;1;77;77320;2;1;1;-1;D216;48,8228600;3,0345900
28227;202000031359;31;7;2020;23:00;3;62;62350;1;1;1;-1;NATIONALE 41 ( EX ROUTE );50,5041000;2,6137000
28228;202000031360;1;6;2020;19:02;1;76;76498;2;1;1;7;JAURES. AVENUE JEAN;49,4271978;1,0655665
28229;202000031361;31;5;2020;15:20;1;76;76165;2;3;1;-1;REPUBLIQUE. RUE DE LA;49,2837882;1,0164347
28230;202000031362;2;8;2020;17:15;1;60;60159;2;9;1;3;carrefour de l'abbaye;49,3924100;2,8022400
28231;202000031363;31;5;2020;23:10;5;76;76305;2;8;1;6;BREQUE (Route de la);49,4900500;0,1963000
28232;202000031364;31;5;2020;02:45;3;76;76270;1;1;1;7;RD 6382;49,5305600;0,1294100
28233;202000031365;28;7;2020;15:55;1;60;60057;2;9;1;3;RD 901;49,4400200;2,1131100
28234;202000031366;1;6;2020;17:24;1;76;76351;2;2;1;3;PIERRE GUINARD;49,4852000;0,1300400
28235;202000031368;1;6;2020;18:20;1;74;74218;2;3;1;3;DRANSE (RUE DU PONT DE);46,3840600;6,5133800
28236;202000031369;2;8;2020;22:15;5;59;59512;2;2;1;3;FOURMIES (BOULEVARD DE);50,6765500;3,1796400
28237;202000031370;2;6;2020;06:50;1;74;74118;1;4;1;3;18 AOUT (RUE DU);46,1693000;6,2058000
28238;202000031371;2;8;2020;17:47;1;37;37261;2;1;1;6;DELPERIER (RUE GEORGES);47,3923562;0,6769765
28239;202000031372;31;5;2020;18:25;1;74;74012;2;1;1;6;ANNEXION (RUE DE L');46,1857900;6,2401700
28240;202000031373;2;8;2020;15:00;1;35;35055;1;9;1;2;BEAULIEU (PORTE DE);48,0988900; -1,6143300
28241;202000031374;1;6;2020;11:10;1;72;72181;2;1;1;-1;CHANZY (RUE) N° PAIRS 36 A N° 138;48,0003600;0,2027800
28242;202000031375;2;8;2020;20:25;1;33;33529;1;4;1;6;PORTES DE L'OCEAN (BD DES);44,6136400; -1,1532500
28243;202000031376;2;6;2020;16:10;1;69;69013;2;1;1;4;JOUX (avenue de);46,0093566;4,7255710
28244;202000031377;1;8;2020;12:25;1;27;27229;2;1;1;2;CHURCHILL (AVENUE WINSTON);49,0170000;1,1700000
28245;202000031378;1;6;2020;17:40;1;67;67482;2;1;1;3;SCHIRMECK (ROUTE DE);48,5643880;7,7054490
28246;202000031379;1;6;2020;17:24;1;66;66136;2;1;1;6;JOFFRE (AVENUE DU MARECHAL CD 88);42,7071600;2,8916100
28247;202000031380;2;8;2020;18:40;1;26;26198;2;1;8;1;2 Boulevard Marre Desmarais;44,5601390;4,7479240
28248;202000031381;1;6;2020;14:00;1;66;66136;2;1;1;2;PANCHOT (AVENUE JULIEN);42,6913700;2,8822200
28249;202000031383;2;6;2020;22:30;5;65;65226;1;1;1;7;OURSBELILLE (ROUTE D');43,2423600;0,0054900
28250;202000031384;1;8;2020;16:30;1;26;26198;2;1;1;2;127 Route de Marseille;44,5417300;4,7466500
28251;202000031385;2;6;2020;09:50;1;65;65331;2;1;1;2;LOURDES (AVENUE DE);43,2107340;0,0478290
28252;202000031386;2;8;2020;09:50;1;21;21166;2;2;8;6;13 Boulevard Maréchal Leclerc;47,2931400;5,0132170
28253;202000031387;28;5;2020;20:00;1;62;62667;2;1;1;6;JOFFRE ( Ave.);50,7071250;1,5742430
28254;202000031388;2;8;2020;18:00;1;17;17380;1;7;1;1;Parking Le Flandre;45,6634280; -1,1351580
28255;202000031389;31;5;2020;12:30;1;59;59178;2;1;1;7;CAMBRAI (PONT DE);50,3559449;3,0820137
28256;202000031390;1;8;2020;11:31;1;17;17300;1;1;1;3;DUMONT   RUE DU GENERAL;46,1598200; -1,1738000
28257;202000031391;30;5;2020;10:00;1;59;59574;2;1;1;-1;CONDORCET(RUE);50,3599000;3,2823000
28258;202000031392;2;8;2020;10:00;1;15;15014;1;1;1;3;BOUDIEU (LIEU DIT) RN 122;44,8966160;2,4058950
28259;202000031393;30;5;2020;16:34;1;56;56121;2;1;1;6;DU GUESCLIN (RUE);47,7404200; -3,3721900
28260;202000031395;2;8;2020;21:10;5;13;13208;2;3;1;3;PRADO (AVENUE DU);43,2668200;5,3825200
28261;202000031396;1;6;2020;16:30;1;54;54304;2;2;1;-1;RESISTANCE (AV. DE LA -IMPAIR-);48,6949500;6,1379400
28262;202000031398;2;6;2020;08:45;1;51;51454;2;1;7;7;Rue Mazarin;49,2136172;4,0267091
28263;202000031399;2;8;2020;18:30;1;13;13206;2;2;1;3;TILSIT (RUE);43,2899470;5,3875840
28264;202000031401;6;3;2020;16:05;1;05;05023;2;1;7;6;PETSCHE (AVENUE MAURICE);44,8956900;6,6324000
28265;202000031402;2;6;2020;09:00;1;44;44162;2;3;1;3;Boulevard Charles de Gaulle;47,2183900; -1,6474400
28266;202000031403;1;8;2020;12:20;1;03;03190;2;3;1;2;Allée des Soupirs;46,5704857;3,3212399
28267;202000031405;2;6;2020;08:10;1;44;44109;2;1;7;6;Rue de la Bourgeonnière;47,2523500; -1,5525200
28268;202000031406;1;8;2020;21:45;3;75;75105;2;1;1;6;QUAI SAINT MICHEL;48,8533750;2,3457190
28269;202000031407;2;6;2020;08:45;1;38;38185;2;2;1;3;Place Jean Racine;45,1672500;5,7414900
28270;202000031408;1;8;2020;07:45;1;75;75117;2;2;1;2;BOULEVARD BERTHIER;48,8901060;2,3037850
28271;202000031409;2;6;2020;08:15;1;37;37261;2;2;1;3;COURTELINE (RUE GEORGES);47,3931728;0,6737959
28272;202000031410;2;8;2020;15:00;1;75;75115;2;4;1;3;RUE DE LA CONVENTION;48,8364530;2,2991330
28273;202000031411;2;6;2020;19:00;1;35;35238;2;1;1;3;BOURGEOIS (BOULEVARD LEON);48,0987300; -1,6543100
28274;202000031413;2;8;2020;15:00;1;75;75113;2;1;1;1;AVENUE D ITALIE;48,8237040;2,3580420
28275;202000031414;2;8;2020;17:50;1;75;75111;2;1;1;6;RUE MERCOEUR;48,8572750;2,3838250
28276;202000031415;2;6;2020;17:00;1;35;35238;2;1;1;2;TILLON (AVENUE CHARLES);48,1250200; -1,7012200
28277;202000031416;2;8;2020;21:15;4;75;75101;2;1;1;7;QUAI DES TUILERIES;48,8632910;2,3225420
28278;202000031417;27;5;2020;19:05;1;33;33529;2;1;1;6;Rue Jean Dagros - piéton traverse des no pairs vers impairs;44,5348200; -1,1578500
28279;202000031419;28;5;2020;09:27;1;32;32013;2;1;1;6;JEAN JAURES (AVENUE);43,6645000;0,5953000
28280;202000031420;2;8;2020;16:40;1;94;94078;2;1;1;2;PRESIDENT JOHN FITZGERALD KENNEDY (AV DU;48,7328100;2,4611000
28281;202000031421;1;6;2020;21:15;5;31;31555;2;1;1;3;158 Rue du Faubourg Bonnefoy;43,6262200;1,4589700
28282;202000031422;1;8;2020;22:10;5;94;94074;2;2;1;1;CHAMP SAINT-JULIEN (AV DU);48,7490800;2,4555300
28283;202000031423;1;8;2020;20:00;1;94;94068;2;2;1;3;GENERAL GIRAUD (BD DU);48,7934260;2,4785820
28284;202000031424;29;5;2020;16:30;1;31;31555;2;1;1;1;BD HENRI GAUSSEN;43,6656500;1,4390000
28285;202000031425;2;8;2020;12:40;1;94;94076;2;1;1;3;MAXIME GORKI (BD);48,7877000;2,3680800
28286;202000031426;29;5;2020;10:20;1;31;31555;1;1;1;2;VA007331 A620;43,6373800;1,4212000
28287;202000031427;2;8;2020;17:30;1;94;94034;2;1;1;7;DIVISION LECLERC (AV DE LA);48,7597820;2,3209370
28288;202000031428;30;5;2020;14:15;1;30;30007;2;1;1;3;SILHOL (MONTEE);44,1289500;4,1025850
28289;202000031429;2;6;2020;10:54;1;25;25462;2;2;1;3;CEZANNE PAUL;46,9166600;6,3385600
28290;202000031430;2;8;2020;20:15;1;94;94017;2;2;1;-1;REPUBLIQUE (AV DE LA);48,8235100;2,5102500
28291;202000031431;29;7;2020;00:50;5;93;93062;2;1;1;6;THIERS (AVENUE);48,9014300;2,5118700
28292;202000031432;2;8;2020;15:55;1;93;93048;2;9;1;6;PRESIDENT WILSON (AVENUE DU);48,8610740;2,4411033
28293;202000031433;30;5;2020;11:10;1;16;16102;2;1;1;6;Avenue Victor Hugo;45,6885980; -0,3148630
28294;202000031434;2;8;2020;00:10;5;93;93048;2;3;1;1;JEAN JAURES (PLACE);48,8626610;2,4415835
28295;202000031435;2;6;2020;17:40;1;14;14699;2;2;7;3;CD 677;49,3402700;0,1033300
28296;202000031436;2;8;2020;12:30;1;93;93079;2;3;1;3;RTE DE SAINT LEU / R JEAN BAPTISTE CLEMENT;48,9527500;2,3374400
28297;202000031437;30;5;2020;17:00;1;14;14221;2;1;7;6;BOUETS (RUE AUX );49,1833000; -0,2667000
28298;202000031438;2;8;2020;11:50;1;93;93057;2;5;1;3;AV ARISTIDE BRIAND / AV JULES GUESDE;48,9105900;2,5123100
28299;202000031439;2;6;2020;14:40;1;13;13054;1;3;1;3;FLORIDES (QRT DES );43,4102740;5,2092420
28300;202000031440;1;8;2020;23:00;5;93;93005;2;1;1;3;WALDECK ROUSSEAU (RUE);48,9284417;2,4820539
28301;202000031441;1;8;2020;23:16;5;93;93001;2;1;1;6;EDOUARD VAILLANT (BLD);48,9183328;2,3978018
28302;202000031442;2;8;2020;21:00;2;92;92019;2;1;1;3;DIVISION LECLERC (AVENUE DE LA);48,7648563;2,2647406
28303;202000031443;2;6;2020;21:30;5;13;13215;2;1;1;1;RUISSEAU MI (RUE);43,3493902;5,3468164
28304;202000031444;2;8;2020;05:00;3;35;35168;1;1;1;6;Trébert;47,9231010; -2,0338710
28305;202000031445;2;6;2020;19:00;1;13;13203;2;1;1;6;BD FERDINAND DE LESSEPS;43,3204140;5,3725580
28306;202000031446;2;6;2020;09:30;1;13;13215;2;1;2;6;HENRI BARNIER (BOULEVARD);43,3719100;5,3480000
28307;202000031447;1;8;2020;11:40;1;71;71147;1;2;7;3;D127;46,5392900;4,6399538
28308;202000031448;3;8;2020;15:45;1;81;81266;2;2;1;3;28 Avenue Jacques Desplas;43,6466580;1,9749370
28309;202000031449;2;6;2020;02:38;5;13;13207;2;1;1;2;Corniche John Fitzgérald Kennedy;43,2771519;5,3569682
28310;202000031451;1;8;2020;09:18;1;45;45158;1;1;1;2;A19-PK 64+200;48,0652090;2,6608880
28311;202000031452;28;5;2020;18:30;1;13;13202;2;2;1;3;DAMES (BOULEVARD DES);43,3030760;5,3665670
28312;202000031453;3;8;2020;08:40;1;28;28398;1;1;1;7;A11;48,2366110;1,0526380
28313;202000031454;3;8;2020;10:45;1;74;74179;1;1;3;3;D1508;45,9947290;6,0126010
28314;202000031455;2;6;2020;08:00;1;12;12145;2;1;1;1;Rue DELMAS ETIENNE;44,1059800;3,0843000
28315;202000031456;2;8;2020;17:15;1;71;71256;1;1;1;7;D678;46,7410646;5,0903081
28316;202000031457;1;6;2020;18:10;1;11;11262;2;3;1;-1;MALATERRE (RUE GASTON);43,1850870;3,0219410
28317;202000031458;3;8;2020;03:50;3;51;51167;1;1;1;1;N4;48,7422050;4,4216217
28318;202000031459;2;6;2020;20:00;1;07;07116;1;1;1;7;RN 102;44,6429915;4,3447774
28319;202000031460;2;6;2020;16:05;1;06;06088;2;1;1;6;JOLY (CORNICHE ANDRE DE);43,7012300;7,2914200
28320;202000031461;1;8;2020;00:00;3;11;11102;1;3;1;3;D118;43,1693013;2,3001552
28321;202000031462;24;7;2020;13:45;1;63;63364;1;1;1;-1;D2089;45,8274072;3,4478738