;Num_Acc;jour;mois;an;hrmn;lum;dep;com;agg;int;atm;col;adr;lat;long
28322;202000031463;2;6;2020;20:52;1;06;06027;2;9;1;3;NICE AVENUE DE (RN7);43,6500000;7,1200000
28323;202000031464;2;8;2020;18:50;1;61;61230;1;2;1;7;D918xD291;48,5836480;0,7085100
28324;202000031465;1;6;2020;11:15;1;06;06123;2;1;1;1;CURIE PIERRE ET MARIE AVENUE;43,6898300;7,1856200
28325;202000031467;30;5;2020;18:20;1;05;05061;2;3;8;3;SAGNIERES ( RUE DES );44,5486900;6,0611400
28326;202000031468;3;8;2020;15:15;1;42;42052;2;1;1;3;34 Rue Dorian;46,1554523;4,1649095
28327;202000031469;2;6;2020;08:30;1;75;75113;2;1;1;3;PORTE D ITALIE;48,8166320;2,3559200
28328;202000031470;2;8;2020;20:20;1;42;42149;2;1;1;7;Chemin d'Urfé;45,6339977;4,2384617
28329;202000031471;30;5;2020;10:00;1;75;75117;2;1;1;2;BD PERIPHERIQUE EXTERIEUR;48,8951580;2,3064100
28330;202000031472;1;6;2020;08:55;1;75;75107;2;4;1;6;AVENUE DE SUFFREN;48,8527970;2,2983560
28331;202000031473;31;7;2020;13:30;1;42;42115;1;4;1;5;Rue de Bramard;45,3174970;4,3571730
28332;202000031474;1;6;2020;01:01;4;75;75116;2;2;1;3;ALLEE DE LONGCHAMP;48,8749220;2,2711250
28333;202000031475;4;7;2020;19:20;1;41;41094;1;2;1;3;Le Gue Fagot;47,4261820;1,4213720
28334;202000031476;2;6;2020;16:45;1;75;75119;2;4;1;4;AVENUE RENE FONCK;48,8796330;2,4083400
28335;202000031477;1;8;2020;18:15;1;34;34186;1;3;1;2;RD 148 PR 12+100;43,6537340;3,3185090
28336;202000031478;2;6;2020;15:25;1;75;75119;2;1;1;-1;BOULEVARD SERURIER;48,8878990;2,3952930
28337;202000031480;2;6;2020;08:20;1;75;75119;2;1;1;3;RUE RIQUET;48,8882840;2,3759560
28338;202000031482;2;6;2020;09:50;1;75;75117;2;3;1;3;BOULEVARD DE COURCELLES;48,8789880;2,3024120
28339;202000031483;8;7;2020;17:15;1;22;22055;2;3;1;6;Boulevard Clémenceau Binic;48,5990260; -2,8248920
28340;202000031484;2;6;2020;11:40;1;75;75113;2;2;1;3;RUE OLIVIER MESSIAEN;48,8304440;2,3783550
28341;202000031485;1;8;2020;15:20;1;31;31308;1;1;1;1;N125;43,0113860;0,6174870
28342;202000031486;2;6;2020;10:10;1;75;75110;2;1;1;3;BOULEVARD DE LA VILLETTE;48,8734520;2,3752290
28343;202000031487;2;6;2020;09:50;1;75;75110;2;3;1;6;RUE EUGENE VARLIN;48,8785820;2,3641970
28344;202000031488;3;8;2020;15:00;1;03;03226;1;1;1;1;;46,3647305;3,8388467
28345;202000031489;20;7;2020;21:47;2;03;03132;1;1;1;6;;46,3859151;3,5612312
28346;202000031490;2;6;2020;08:10;1;75;75109;2;5;7;6;RUE LA FAYETTE;48,8730970;2,3332980
28347;202000031491;2;8;2020;09:45;1;03;03155;1;1;1;6;;46,7136795;2,9250029
28348;202000031493;2;8;2020;19:00;1;01;01124;1;1;1;7;Route des Geordes;46,4588210;5,2293100
28349;202000031494;3;8;2020;01:40;5;26;26054;2;2;1;6;1 Rue du Comtat;44,2987590;4,8720820
28350;202000031495;2;6;2020;09:40;1;75;75108;2;7;1;3;PLACE CHARLES DE GAULLE;48,8741020;2,2958160
28351;202000031496;2;8;2020;20:45;2;72;72067;1;1;1;7;D89;48,1012020;0,4641240
28352;202000031497;3;8;2020;10:45;1;83;83012;1;1;1;7;Route de Brignoles;43,5548010;6,0094810
28353;202000031498;2;6;2020;16:45;1;94;94076;2;1;1;3;EUGENE VARLIN (R);48,7925500;2,3634400
28354;202000031499;2;8;2020;17:40;1;16;16347;1;1;1;7;Lieu dit Fontcharrière;45,2786460;0,1003680
28355;202000031500;2;6;2020;07:46;1;94;94073;2;2;7;3;PERREUX (R DU);48,7660300;2,3905600
28356;202000031501;2;8;2020;17:55;1;21;21087;1;1;1;6;D33;47,1341591;4,6836407
28357;202000031502;1;6;2020;19:48;1;94;94069;2;1;1;3;CHEMIN DE PRESLES (AV DU);48,8158970;2,4622700
28358;202000031503;1;8;2020;19:00;1;04;04025;1;1;1;1;RD 908;44,1414120;6,5920540
28359;202000031504;2;6;2020;14:50;1;93;93070;2;1;1;3;AV GABRIEL-PERI;48,9087000;2,3327000
28360;202000031505;28;7;2020;18:10;1;27;27116;2;1;1;3;Rue de la Cabotière;49,1891070;0,7234410
28361;202000031506;2;6;2020;16:05;1;93;93077;2;1;1;6;GRANDE RUE;48,8819394;2,5222719
28362;202000031507;2;8;2020;18:40;1;30;30043;1;4;7;1;D107;43,7757870;4,2297690
28363;202000031508;2;6;2020;08:45;1;93;93027;2;1;7;6;MASSON (RUE SUZANNE);48,9170938;2,3845011
28364;202000031509;3;8;2020;12:15;1;48;48039;1;1;1;1;RD44 - PK 00+600;44,4499440;3,3709330
28365;202000031510;2;6;2020;13:05;1;93;93057;2;2;1;1;JAURES (AV. JEAN) 1 A 123;48,9079753;2,4953024
28366;202000031511;1;8;2020;15:30;1;987;98752;1;1;1;1;PK 47+800 - RT1 - MATAIEA; -17,7220550; -149,4046530
28367;202000031512;2;6;2020;06:50;2;93;93008;2;3;1;3;R HENRI GAUTIER / R EUGENE HENAFF;48,9040700;2,4292600
28368;202000031513;2;6;2020;11:20;1;92;92050;2;2;1;1;COURBEVOIE RUE DE;48,8938104;2,2120500
28369;202000031514;1;6;2020;20:46;1;92;92036;2;1;1;7;EUGENE DELACROIX (RUE);48,9346097;2,2921756
28370;202000031515;30;5;2020;18:20;1;92;92036;2;9;1;3;LOUIS ROCHE (AVENUE) (2/44);48,9223000;2,3233520
28371;202000031516;30;5;2020;20:50;1;92;92036;2;1;1;7;PRINCIPALE DU PORT (ROUTE) (19/+);48,9398550;2,2879660
28372;202000031517;2;6;2020;08:03;1;92;92035;2;6;7;3;Europe ( rond point de l' );48,9054820;2,2556915
28373;202000031518;30;5;2020;17:10;1;92;92025;2;2;1;3;STALINGRAD (AV DE);48,9356332;2,2609037
28374;202000031519;2;6;2020;09:20;1;92;92012;2;1;1;1;MENUS (RUE DES);48,8471343;2,2347307
28375;202000031520;2;6;2020;22:45;5;37;37150;2;1;1;6;D34;47,3862914;0,4203919
28376;202000031522;3;6;2020;16:40;1;76;76235;2;1;1;7;Rue Abbé Cochet;49,8955900;1,2655980
28377;202000031523;2;6;2020;17:05;1;83;83023;1;1;1;4;A8;43,4218190;6,0714910
28378;202000031524;2;6;2020;20:45;2;68;68253;1;1;1;2;D52;47,7748600;7,5170300
28379;202000031525;1;6;2020;05:10;2;35;35098;1;1;1;6;RN 137 La Dominelais;47,7743330; -1,7032590
28380;202000031526;31;5;2020;17:15;1;68;68043;1;6;1;1;D83;47,8726620;7,2465990
28381;202000031527;2;6;2020;13:40;1;57;57485;1;1;1;1;RD955;48,8140560;6,5343330
28382;202000031528;2;6;2020;10:00;1;56;56018;1;1;1;7;Route de Muzillac;47,5342900; -2,4902760
28383;202000031529;29;5;2020;16:30;1;74;74208;1;1;1;2;2451 Route de Saint Gervais;45,9032740;6,7135350
28384;202000031531;22;5;2020;15:25;1;46;46016;1;1;1;7;Les Bourieres;44,9300660;1,5803360
28385;202000031532;3;6;2020;01:15;5;47;47051;2;6;1;6;RD 813;44,1807420;0,6740710
28386;202000031533;3;6;2020;02:50;3;25;25122;1;1;1;2;D72;46,9482120;6,1797240
28387;202000031534;2;6;2020;16:25;1;44;44015;2;9;1;1;Rue Waldeck Rousseau;47,4766620; -1,7654730
28388;202000031535;25;5;2020;16:40;1;38;38454;1;3;1;3;Chemin de la Plaine;45,1387500;5,3444800
28389;202000031536;3;6;2020;17:40;1;84;84072;1;1;1;3;Route de Carpentras;44,0603290;5,1034500
28390;202000031537;1;6;2020;16:55;1;01;01199;1;1;1;1;route départementale 36;46,0474420;5,3887940
28391;202000031538;3;6;2020;09:55;1;58;58106;2;1;1;6;L'Huis Gally;47,2888870;4,0142800
28392;202000031539;3;6;2020;16:25;1;72;72189;2;9;1;3;Rue de Mamers;48,2537380;0,3156100
28393;202000031540;3;6;2020;17:15;1;14;14302;1;3;1;3;D675 / RD 625;49,2575636;0,0779653
28394;202000031541;2;6;2020;11:20;1;64;64495;1;1;1;2;D918;43,3656760; -1,5980440
28395;202000031542;6;2;2020;17:00;1;73;73247;1;1;1;6;Rue des Messalieres;45,5561130;6,1367170
28396;202000031543;2;6;2020;12:00;1;18;18194;2;2;1;1;Route des Aix;47,1867780;2,6122190
28397;202000031544;2;6;2020;20:40;2;43;43039;2;1;1;7;Ussel;44,8876780;3,8811190
28398;202000031545;2;6;2020;16:55;1;10;10268;2;6;1;2;18 Rue de l'Etape au Vin;48,4929190;3,5020370
28399;202000031546;2;6;2020;19:55;1;27;27627;1;1;1;6;D613;49,1499450;0,5342960
28400;202000031547;3;6;2020;16:20;1;30;30075;2;6;1;6;Route de Sommières;43,8217250;4,2608930
28401;202000031548;3;6;2020;02:15;5;52;52079;2;1;1;6;75 Rue du Général de Gaulle;48,4932250;4,9633800
28402;202000031549;2;6;2020;10:47;1;33;33284;1;1;1;5;A63;44,6608130; -0,8241690
28403;202000031551;3;6;2020;19:40;1;91;91441;1;1;3;6;A6;48,5069590;2,5112770
28404;202000031552;2;6;2020;20:40;1;11;11144;1;1;1;7;D6009;42,8679120;2,9858690
28405;202000031553;3;6;2020;01:30;5;973;97311;1;1;1;1;3273 Avenue Gaston Monnerville;5,4891000; -54,0011850
28406;202000031554;3;6;2020;08:15;1;28;28185;1;1;1;2;N12;48,7722560;1,5442660
28407;202000031555;31;5;2020;16:55;1;45;45315;1;1;1;7;D320 - PR 4+300;47,7300039;2,3572470
28408;202000031556;29;5;2020;17:00;1;91;91587;2;1;1;3;65 Rue de la Division Leclerc;48,6900180;2,2630330
28409;202000031557;31;5;2020;20:45;1;78;78623;1;1;1;1;D34;48,7863470;1,8725140
28410;202000031558;3;6;2020;16:20;1;05;05024;1;1;2;7;Lieu-dit Praboyer;44,4606330;5,5679660
28411;202000031559;2;6;2020;14:50;1;71;71063;2;1;1;1;Route de Marmagne;46,8633283;4,2984402
28412;202000031560;2;6;2020;19:00;1;51;51379;1;1;1;7;D28;49,3029194;3,8107341
28413;202000031561;2;6;2020;19:25;1;68;68287;1;1;1;1;Mittlerer Ferkelweg (Chemin);47,9546790;7,2879590
28414;202000031562;30;9;2020;13:05;1;69;69388;2;3;1;3;MARIUS BERLIET                      (R );45,7390200;4,8665100
28415;202000031563;29;9;2020;14:40;1;972;97209;2;1;2;2;CHATEAUBOEUF (ROUTE DE);14,6188500; -61,0449300
28416;202000031564;29;9;2020;19:10;2;69;69286;2;1;1;7;ROUTE DE GENEVE                     (RO);45,8070020;4,8906877
28417;202000031565;30;9;2020;20:50;5;2B;2B120;2;1;1;6;11 - RT;42,6342700;9,4376800
28418;202000031566;3;9;2020;12:15;1;89;89387;2;1;1;6;GENERAL DUBOIS (RUE DU);48,1929600;3,2809000
28419;202000031567;17;9;2020;07:50;2;84;84031;1;1;1;3;AUBIGNAN CHEMIN LIMITE D';44,0746600;5,0412100
28420;202000031568;8;9;2020;13:50;1;84;84031;1;9;1;3;VELLERON ROUTE DE;44,0328600;5,0389900
28421;202000031569;4;9;2020;16:50;1;84;84080;2;2;1;3;VELLERON ROUTE DE;44,0125600;5,0092600
28422;202000031570;2;9;2020;16:35;1;84;84031;1;1;1;-1;CD 942;44,0453600;5,0062100
28423;202000031571;30;9;2020;17:50;1;83;83137;2;1;1;6;DELESCLUZE (BD);43,1375970;5,9024040
28424;202000031572;29;9;2020;19:35;5;80;80021;2;3;1;3;CHAMP DE TIR (RUE DU);49,9041400;2,2646900
28425;202000031574;24;9;2020;20:55;4;78;78117;2;1;1;3;LOUIS BLERIOT (RUE);48,7868000;2,1330500
28426;202000031575;30;9;2020;07:15;3;77;77450;1;3;1;3;N 19;48,7115000;2,5814300
28427;202000031576;30;9;2020;23:50;5;69;69256;2;1;1;6;EMILE ZOLA                          (R );45,7768339;4,9207020
28428;202000031577;21;9;2020;11:15;1;69;69029;2;3;1;5;FRANKLIN ROOSEVELT                  (AV);45,7382000;4,8946800
28429;202000031578;30;9;2020;18:10;1;67;67482;2;3;2;2;HOPITAL (ROUTE DE L );48,5723000;7,7504500
28430;202000031579;4;9;2020;19:25;1;64;64260;2;1;7;6;GARE (RUE DE LA);43,3569600; -1,7754100
28431;202000031580;29;9;2020;07:50;1;63;63113;2;2;1;3;TORPILLEUR SIROCCO (RUE DU);45,8058800;3,1066900
28432;202000031581;29;9;2020;09:10;1;60;60175;1;1;8;5;RD 201_ACCES 201 PAR BD S.ALLENDE;49,2457000;2,4575000
28433;202000031582;30;9;2020;13:25;1;60;60159;2;6;1;6;SAINT-JOSEPH (Rue);49,4043500;2,8173200
28434;202000031583;25;9;2020;18:00;1;59;59350;2;1;2;6;HUGO VICTOR RUE;50,6318260;3,0074300
28435;202000031584;25;9;2020;11:50;1;58;58194;2;2;1;3;CAMILLE BAYNAC;46,9873000;3,1326000
28436;202000031585;28;9;2020;16:33;1;57;57672;1;1;2;3;KONACKER (Route);49,3624200;6,0854900
28437;202000031586;28;9;2020;16:20;1;56;56121;2;2;1;3;GALLIENI (BD);47,7375300; -3,3781200
28438;202000031587;29;9;2020;16:05;1;54;54395;2;1;1;6;POINCARE (RUE RAYMOND 1-29-2-30);48,6900600;6,1721800
28439;202000031589;29;9;2020;13:00;1;49;49328;2;1;1;6;COURTILLIER (AVENUE);47,2555200; -0,0769700
28440;202000031590;29;9;2020;16:41;1;49;49267;2;1;1;2;MARMITIERE;47,4705600; -0,4916500
28441;202000031591;28;9;2020;09:00;1;49;49267;2;1;1;2;Rue de la Marmitière;47,4705600; -0,4916500
28442;202000031593;30;9;2020;13:55;1;44;44109;2;1;1;6;RUE DU BOIS HERCE;47,2070300; -1,5944900
28443;202000031594;28;9;2020;08:45;1;44;44109;2;6;1;3;Boulevard de la Prairie au Duc;47,2046200; -1,5626200
28444;202000031595;30;9;2020;09:05;1;33;33529;2;1;1;6;27 rue Lagrua;44,6375900; -1,1522200
28445;202000031596;30;9;2020;12:45;1;31;31555;2;1;1;6;RTE DE LAUNAGUET;43,6312200;1,4381500
28446;202000031597;29;9;2020;18:00;1;31;31555;1;1;1;3;VA007331 A620;43,6352417;1,4210719
28447;202000031598;28;9;2020;06:30;5;26;26362;2;1;2;3;D534N;44,9026700;4,8733000
28448;202000031600;30;9;2020;23:50;5;17;17415;2;1;1;7;GASCOGNE RUE DE;45,7346700; -0,6168900
28449;202000031601;30;9;2020;15:20;1;17;17300;2;2;1;3;FERRY   RUE JULES;46,1624000; -1,1669000
28450;202000031602;30;9;2020;18:15;1;15;15014;2;1;1;7;VIALENC (BOULEVARD DU);44,9215900;2,4275500
28451;202000031603;30;9;2020;18:25;1;13;13071;2;1;1;4;PLAN DE CAMPAGNE (AVE. DE );43,4139900;5,3452600
28452;202000031604;1;10;2020;00:05;5;13;13214;2;1;1;2;ALEX ANSALDI (RUE);43,3306600;5,4048700
28453;202000031605;30;9;2020;23:30;5;13;13214;2;1;1;2;BUREL (BOULEVARD);43,3165450;5,3892170
28454;202000031607;29;9;2020;15:20;1;13;13212;2;9;1;6;PEINTRES ROUX (AVENUE DES);43,3004457;5,4767581
28455;202000031608;29;9;2020;17:40;1;13;13204;2;1;1;6;MARÉCHAL FOCH (AVENUE);43,3024700;5,3971300
28456;202000031609;29;9;2020;16:00;1;13;13207;2;1;1;1;ENDOUME (RUE D');43,2888704;5,3662816
28457;202000031610;29;9;2020;13:15;1;13;13210;2;1;1;3;PONT DE VIVAUX (BOULEVARD);43,2796700;5,4183500
28458;202000031611;30;9;2020;19:00;2;13;13001;2;1;1;2;CABASSOL JOSEPH (RUE);43,5259670;5,4487630
28459;202000031612;30;9;2020;13:40;1;13;13001;2;9;1;6;RN 296;43,5351920;5,4311340
28460;202000031613;25;9;2020;14:54;1;12;12146;1;1;8;6;FLAVIN (ROUTE DE);44,3265100;2,5833900
28461;202000031614;29;9;2020;17:24;1;10;10362;2;2;1;3;GENERAL GALLIENI (RUE DU);48,2939680;4,0553590
28462;202000031615;28;9;2020;18:51;3;10;10387;2;1;3;2;MARECHAL DE LATTRE DE TASSIGNY (RUE DU);48,3040300;4,0964500
28463;202000031616;29;9;2020;07:55;1;09;09122;2;1;1;6;MOULIN (RUE JEAN);42,9829520;1,6143210
28464;202000031617;30;9;2020;17:35;1;06;06069;2;6;1;3;SIDI BRAHIM (AVENUE);43,6498930;6,9314100
28465;202000031618;30;9;2020;07:30;1;06;06069;2;1;1;1;DUNANT (AVENUE HENRI);43,6460000;6,9275800
28466;202000031619;29;9;2020;17:15;1;06;06030;2;1;1;1;ST JOSEPH (CHEMIN);43,5645500;6,9776400
28467;202000031620;28;9;2020;14:25;1;06;06004;1;9;1;3;GRASSE RTE DE;43,6018600;7,0840100
28468;202000031621;29;9;2020;23:25;5;75;75117;2;1;1;2;PORTE DE CHAMPERRET;48,8851930;2,2873020
28469;202000031622;29;9;2020;10:40;1;75;75116;2;4;1;2;PORTE D AUTEUIL;48,8516600;2,2523340
28470;202000031623;28;9;2020;14:00;1;75;75118;2;4;1;7;ECHANGEUR CHAPELLE;48,9008560;2,3587800
28471;202000031624;30;9;2020;17:25;1;75;75119;2;3;1;6;RUE SIGMUND FREUD;48,8846840;2,3988380
28472;202000031626;29;9;2020;09:55;1;75;75116;2;5;2;3;AVENUE FERDINAND BUISSON;48,8367310;2,2536860
28473;202000031627;30;9;2020;19:05;1;75;75113;2;2;1;6;RUE GOUTHIERE;48,8210110;2,3507460
28474;202000031628;30;9;2020;17:30;1;75;75112;2;1;1;2;ROUTE DE CEINTURE DU LAC DAUMESNIL;48,8331650;2,4138210
28475;202000031629;30;9;2020;11:20;1;75;75112;2;1;2;3;AVENUE DE SAINT MAURICE;48,8316320;2,4205800
28476;202000031631;30;9;2020;17:00;1;75;75111;2;3;1;6;RUE DE CHARONNE;48,8539250;2,3820310
28477;202000031632;30;9;2020;14:45;1;75;75111;2;4;1;6;BOULEVARD RICHARD LENOIR;48,8568260;2,3704930
28478;202000031633;30;9;2020;09:07;1;75;75108;2;7;2;3;PLACE DE LA CONCORDE,;48,8666580;2,3220090
28479;202000031634;30;9;2020;13:40;1;75;75107;2;2;8;3;QUAI D ORSAY;48,8624720;2,3104050
28480;202000031635;29;9;2020;21:15;5;75;75103;2;2;1;1;RUE SAINT MARTIN;48,8679150;2,3550190
28481;202000031637;30;9;2020;17:45;1;94;94078;2;1;1;7;L'APPEL DU DIX-HUIT JUIN 1940 (AV DE);48,7540746;2,4444640
28482;202000031638;30;9;2020;14:40;1;94;94042;2;1;8;3;GENERAL GALLIENI (AV DU);48,8201290;2,4747950
28483;202000031639;30;9;2020;11:10;1;94;94052;2;1;1;3;STRASBOURG - RPT DU MARECHAL FOCH (BD DE;48,8376440;2,4773450
28484;202000031640;29;9;2020;13:20;1;94;94046;2;1;2;-1;SAINT GEORGES (R);48,8044800;2,4304600
28485;202000031641;29;9;2020;16:40;1;94;94028;2;6;2;2;FOCH(AVENUE DU MARECHAL);48,7845880;2,4365710
28486;202000031642;30;9;2020;21:20;5;93;93027;2;1;1;2;RASPAIL (RUE);48,9242000;2,3957000
28487;202000031643;30;9;2020;12:50;1;93;93077;2;1;8;6;NEUILLY (RUE DE);48,8777097;2,5213874
28488;202000031644;29;9;2020;12:20;1;93;93049;2;2;2;3;ROSNY (AVENUE);48,8708669;2,5123359
28489;202000031645;29;9;2020;07:30;5;93;93063;2;7;2;6;CARNOT PLACE;48,8838637;2,4407499
28490;202000031646;30;9;2020;13:45;1;93;93031;2;1;1;3;MARNE (AVENUE DE LA);48,9580209;2,3256544
28491;202000031647;29;9;2020;13:10;1;93;93029;2;1;2;6;HENRI BARBUSSE (AVE) N°126-280;48,9225153;2,4567895
28492;202000031648;30;9;2020;19:15;2;93;93001;2;1;1;3;REPUBLIQUE (AVE DE LA ) DE 52 A 104;48,9101273;2,3856248
28493;202000031649;30;9;2020;18:41;1;75;75114;2;2;1;6;ADOLPHE PINARD (BOULEVARD);48,8236160;2,3083960
28494;202000031650;30;9;2020;14:00;1;92;92075;2;1;8;3;LYCEE (BOULEVARD DU);48,8223160;2,2848983
28495;202000031651;30;9;2020;13:35;1;92;92073;2;1;8;6;PAIX (PLACE DE LA);48,8646990;2,2048930
28496;202000031652;30;9;2020;20:20;5;92;92062;2;1;1;3;GODEFROY (RUE) PAIR;48,8809780;2,2426870
28497;202000031653;29;9;2020;20:30;5;92;92025;2;1;1;5;STALINGRAD (AV DE);48,9307990;2,2672870
28498;202000031654;30;9;2020;21:25;5;92;92060;2;6;1;3;DESCARTES (AVENUE);48,7763100;2,2499500
28499;202000031655;1;10;2020;11:45;1;37;37058;1;1;1;1;;47,2411119;0,1715173
28500;202000031657;1;10;2020;08:45;1;26;26045;2;1;1;6;120 Route d'Aleyrac;44,5412910;4,9340470
28501;202000031658;1;10;2020;20:15;3;17;17285;1;1;2;1;D128;45,8093160; -0,6500390
28502;202000031659;30;9;2020;17:58;1;81;81250;2;3;1;3;La Poussie Hameau;43,7578480;2,1619570
28503;202000031660;30;9;2020;12:20;1;28;28398;1;1;1;7;2 Rue Saint-lubin;48,2369580;1,0534160
28504;202000031661;25;9;2020;06:50;2;83;83130;1;1;1;3;816 Chemin de Sauvebonne;43,1864866;6,0618251
28505;202000031662;30;9;2020;20:15;3;19;19031;1;1;1;-1;A20;45,1388320;1,4901550
28506;202000031663;1;10;2020;08:45;1;42;42308;1;4;1;6;Route de Saint Paul En Jarez;45,4530878;4,5822547
28507;202000031664;30;9;2020;13:30;1;62;62022;2;1;1;6;4 Route du Mont Evente;50,7326190;1,8017100
28508;202000031665;29;9;2020;20:00;3;51;51662;1;1;2;7;D88;49,2893424;4,1275760
28509;202000031666;1;10;2020;05:00;3;51;51391;1;1;3;1;N31;49,2750882;3,8640137
28510;202000031667;27;9;2020;01:15;5;74;74225;2;2;1;3;Boulevard Louis Dagand;45,8677720;5,9386950
28511;202000031668;30;9;2020;15:50;1;77;77101;2;1;8;3;D75;48,4132940;3,1004410
28512;202000031669;1;10;2020;15:30;1;81;81220;1;1;2;1;la valière;43,7904280;1,6887620
28513;202000031670;1;10;2020;08:30;1;63;63149;1;2;1;3;D224;45,8927260;3,2589910
28514;202000031672;27;9;2020;07:45;2;49;49109;1;1;1;1;"pk 41 proximité lieu dit ""le reve""";47,1299950; -0,6178310
28515;202000031673;1;10;2020;17:35;1;25;25160;1;1;2;1;RD 437 PR 63+950;47,0342010;6,5597610
28516;202000031674;30;9;2020;16:00;1;44;44007;1;1;8;1;la boissiere;47,6420730; -1,9043470
28517;202000031675;30;9;2020;19:50;5;35;35310;2;6;3;3;Rue de Romagné;48,3431220; -1,3066650
28518;202000031676;30;9;2020;10:20;1;29;29163;2;1;2;6;12 Rue des Bruyères;48,5098350; -3,8752866
28519;202000031677;29;9;2020;18:30;1;29;29191;2;2;1;3;Rue Angela Duval;48,5240460; -3,7175550
28520;202000031679;30;9;2020;05:50;5;84;84089;2;6;1;3;Boulevard Jean Guigues;43,6985610;5,5019030
28521;202000031681;1;10;2020;10:15;1;60;60509;2;2;3;6;Rue Louis Pasteur;49,3076650;2,6030410
28522;202000031682;28;9;2020;17:45;1;43;43199;1;1;2;1;Route des Sucs;45,1126940;4,1790320
28523;202000031683;1;10;2020;07:50;2;16;16153;2;1;2;6;24 Avenue Carnot (Gondeville);45,6766660; -0,1755740
28524;202000031684;30;9;2020;17:30;1;24;24038;1;1;1;7;D708;45,2943020;0,3566690
28525;202000031685;9;9;2020;15:30;1;24;24156;2;1;1;7;D45e;45,0598730;0,8660210
28526;202000031686;29;9;2020;22:40;3;28;28280;1;6;1;6;D9;48,3178930;0,7961230
28527;202000031687;1;10;2020;18:15;1;17;17188;1;1;1;3;D939;45,8558890; -0,2488710
28528;202000031688;30;9;2020;17:15;1;30;30341;1;1;1;7;D6572;43,6802250;4,2779300
28529;202000031689;26;9;2020;21:50;3;30;30122;1;1;1;7;D907;43,8917540;4,2321400
28530;202000031690;1;10;2020;04:30;3;53;53009;1;1;9;3;La Maison Neuve;47,9926650; -0,6317140
28531;202000031691;30;9;2020;17:30;1;74;74159;1;1;1;4;Pratz;46,0043250;6,6293910
28532;202000031692;30;9;2020;12:30;1;28;28392;1;1;1;2;Autoroute A10 PK 061+200 Sens 1;48,2329420;1,8493430
28533;202000031693;28;9;2020;17:00;1;17;17299;1;1;1;4;A837;45,9627400; -0,9617650
28534;202000031694;27;9;2020;00:15;3;34;34226;1;1;8;7;Voie communale 8;43,3330130;2,9790120
28535;202000031695;30;9;2020;19:30;3;07;07217;1;1;1;6;;45,0637610;4,7594830
28536;202000031696;30;9;2020;15:50;1;01;01264;2;2;1;5;2210 Route de Trevoux;46,1876740;5,1180410
28537;202000031697;1;10;2020;15:30;1;69;69140;2;9;8;3;Route de Charnay;45,8865280;4,6970630
28538;202000031698;30;9;2020;19:00;1;69;69009;1;6;1;3;Avenue de la 1ere Armee;45,9263080;4,7083930
28539;202000031699;30;9;2020;16:25;1;29;29001;2;2;3;3;D163 - Rue du Roi Gradlon;48,2443087; -4,3161977
28540;202000031700;30;9;2020;20:10;3;13;13026;1;1;1;6;A55-Sens Marseille vers Martigues;43,3877000;5,1446500
28541;202000031701;30;9;2020;21:25;5;33;33039;1;1;1;3;ROCADE A 630;44,8003200; -0,5354800
28542;202000031702;30;9;2020;07:20;3;33;33075;1;1;1;3;ROCADE A 630;44,8897700; -0,6071600
28543;202000031703;30;9;2020;08:10;1;33;33281;1;1;1;2;ROCADE A 630;44,8458300; -0,6706900
28544;202000031704;30;9;2020;18:00;1;92;92063;1;1;1;4;A86;48,8893900;2,1685900
28545;202000031705;30;9;2020;12:15;1;78;78423;1;1;2;6;RN12;48,7954720;2,0462600
28546;202000031708;30;9;2020;09:30;1;95;95252;1;1;2;6;AUTOROUTE A15;48,9765200;2,2360900
28547;202000031710;29;9;2020;08:15;1;972;97213;2;3;2;3;ROUTE DEPARTEMENTALE 15;14,6336073; -61,0085392
28548;202000031711;29;9;2020;17:15;1;69;69389;2;1;1;3;SIDOINE APPOLINAIRE                 (AV);45,7720800;4,7960800
28549;202000031712;23;9;2020;10:05;1;971;97120;2;3;1;3;Amitié des peuples;16,2429000; -61,5396000
28550;202000031713;29;9;2020;13:30;1;95;95268;2;1;2;6;AV DE STALINGRAD;48,9726200;2,4170500
28551;202000031714;29;9;2020;11:50;1;91;91645;2;2;2;3;GEORGES POMPIDOU (AVENUE);48,7546640;2,2745110
28552;202000031715;29;9;2020;07:00;5;91;91064;2;3;2;6;PETIT BIEVRES (RUE DU);48,7539400;2,2157600
28553;202000031716;29;9;2020;11:35;1;91;91161;2;1;2;2;MAZARIN (AVENUE);48,7038000;2,3177400
28554;202000031717;28;9;2020;08:05;1;91;91223;2;6;2;7;LYS (RUE DES);48,4416200;2,1369800
28555;202000031718;28;9;2020;08:50;1;91;91514;1;1;2;4;ROUTE NATIONALE 6;48,6634050;2,5146070
28556;202000031719;23;9;2020;12:30;1;89;89387;2;1;1;5;QUATORZE JUILLET (BOULEVARD);48,1956800;3,2877700
28557;202000031720;28;9;2020;16:26;1;87;87050;2;3;1;3;ALSACE (RUE D');45,8704600;1,2362000
28558;202000031721;28;9;2020;18:44;1;87;87085;1;1;1;6;CARNE (RUE MARCEL);45,8822700;1,1711100
28559;202000031722;28;9;2020;16:55;1;87;87085;2;1;1;3;JOURDAN (PLACE);45,8318800;1,2631100
28560;202000031723;29;9;2020;18:00;1;86;86194;2;1;1;3;Boulevard Anatole France;46,5774000;0,3488000