;Num_Acc;jour;mois;an;hrmn;lum;dep;com;agg;int;atm;col;adr;lat;long
28561;202000031724;28;9;2020;17:30;1;83;83137;2;1;1;6;VIENNE (RUE HENRI);43,1294100;5,9220800
28562;202000031725;29;9;2020;10:15;1;83;83069;1;1;1;3;BORDS DU GAPEAU (CHEMIN DES);43,1258900;6,1711100
28563;202000031726;29;9;2020;06:45;2;83;83069;1;1;1;7;Pierrefeu (ROUTE DE) RD 12;43,1606860;6,1256090
28564;202000031727;28;9;2020;07:30;2;80;80021;2;2;1;3;SAGEBIEN (RUE);49,8782700;2,2909900
28565;202000031728;29;9;2020;23:00;3;77;77513;1;1;1;6;A 140;48,9415000;2,8481700
28566;202000031731;28;9;2020;12:40;1;71;71040;2;1;2;3;MACON (ROUTE DE);46,6914481;4,3911564
28567;202000031732;29;9;2020;19:20;5;69;69266;2;1;1;7;SOIE     (Rue de la);45,7624021;4,9160301
28568;202000031733;29;9;2020;13:45;1;69;69266;2;1;1;6;Rue Jean Jaurès;45,7575100;4,8824100
28569;202000031735;29;9;2020;11:30;1;67;67482;2;8;8;3;JARDINIERS (RUE DES);48,5996339;7,7835230
28570;202000031736;28;9;2020;16:05;1;67;67482;2;3;8;3;BRIGADE ALSACE LORRAINE (RUE DE LA);48,5769900;7,7536600
28571;202000031737;25;9;2020;22:22;5;66;66136;2;3;1;3;SOUVENIRS (ALLEE DES);42,6881273;2,8927282
28572;202000031738;27;9;2020;16:20;1;66;66136;1;1;1;3;PRADES (AVENUE DE ) ST CHARLES;42,6894300;2,8313100
28573;202000031739;29;9;2020;15:05;1;64;64024;2;1;1;3;ESPAGNE (AVENUE D');43,4784900; -1,5218200
28574;202000031740;29;9;2020;08:30;1;64;64024;2;1;1;3;BAB (BOULEVARD DU);43,4885045; -1,5355001
28575;202000031741;29;9;2020;07:20;2;64;64024;2;1;1;7;DOUS BOS (RUE DE);43,4896700; -1,5024600
28576;202000031742;15;9;2020;19:15;1;60;60057;2;1;1;-1;NOTRE DAME DU THIL (RUE);49,4447900;2,0800300
28577;202000031743;25;7;2020;23:00;5;59;59328;2;2;2;6;HIPPODROME AV DE L N°134 AU 240;50,6445659;3,0286404
28578;202000031744;28;9;2020;07:55;2;56;56162;2;1;1;6;DUPUY DE LOME (RUE);47,7442900; -3,3986600
28579;202000031745;29;9;2020;18:55;1;51;51454;2;2;1;3;Avenue du Général de Gaulle;49,2456586;4,0177865
28580;202000031746;12;9;2020;03:47;5;49;49007;2;1;1;6;PARMENTIER;47,4537200; -0,5224700
28581;202000031747;26;9;2020;12:21;1;49;49007;2;1;1;6;VOIE DES BERGES;47,4785800; -0,5527700
28582;202000031748;28;9;2020;08:40;1;49;49267;2;1;1;2;A87N;47,4842100; -0,4984100
28583;202000031749;17;9;2020;15:37;1;49;49007;2;3;1;3;AYRAULT;47,4754000; -0,5487100
28584;202000031750;28;9;2020;13:10;1;34;34172;2;2;1;3;TOULOUSE (AVENUE DE;43,5973821;3,8642371
28585;202000031751;29;9;2020;17:00;1;33;33063;2;1;1;1;QUAI RICHELIEU;44,8391500; -0,5671800
28586;202000031752;28;9;2020;12:10;1;33;33281;2;4;1;3;AVE HENRI VIGNEAU;44,8376100; -0,6672700
28587;202000031754;29;9;2020;12:25;1;33;33009;2;6;1;2;Avenue de la Libération;44,6534700; -1,1591500
28588;202000031755;13;12;2020;00:20;5;93;93005;2;6;1;3;AV ANTOINE BOURDELLE / AV EUGENE SCHUELLER;48,9301200;2,5088900
28589;202000031756;13;12;2020;19:15;5;93;93008;2;2;2;3;VAILLANT (AVENUE EDOUARD);48,9116505;2,4649381
28590;202000031757;13;12;2020;22:00;3;92;92040;2;1;2;7;CHEVALIER DE LA BARRE (DU);48,8216030;2,2796170
28591;202000031758;13;12;2020;21:25;5;92;92012;2;2;2;7;THIERS (RUE) 1/65;48,8354560;2,2495030
28592;202000031759;12;12;2020;17:40;5;92;92002;2;3;1;1;AUGUSTE MOUNIE (RUE);48,7537459;2,3034521
28593;202000031760;8;12;2020;19:22;5;31;31446;2;1;1;3;Avenue Tolosane;43,5484300;1,4718780
28594;202000031761;14;12;2020;14:45;1;974;97412;2;3;2;1; Rue Justinien Vitry; -21,3773090;55,6064790
28595;202000031762;14;12;2020;16:05;1;01;01322;1;2;1;3;route departementale 6;45,9427530;4,8219730
28596;202000031764;13;12;2020;09:50;1;62;62615;1;1;8;6;D304;50,9006650;1,8153830
28597;202000031765;18;11;2020;15:30;1;57;57269;2;3;1;1;Boulevard du Parc;49,2967860;6,2029730
28598;202000031766;13;12;2020;17:20;3;57;57534;1;1;1;3;D155b;49,0738100;6,2147430
28599;202000031767;11;12;2020;17:00;5;51;51507;2;2;2;4;D3;49,0909380;4,9031750
28600;202000031768;14;12;2020;09:30;1;76;76302;2;1;1;6;18 rue Emile Benard;49,6455720;0,3683580
28601;202000031769;13;12;2020;18:30;5;79;79079;2;1;2;-1;25 Rue des Meuniers;46,9513170; -0,7925340
28602;202000031770;14;12;2020;07:45;3;82;82126;1;3;8;3;47 chemin de roc;44,1683130;1,5772930
28603;202000031771;13;12;2020;19:40;3;33;33545;1;1;1;7;Rue du Calvaire;45,2509710; -0,8763530
28604;202000031773;14;12;2020;17:15;2;47;47066;1;3;1;3;D813;44,2437960;0,4186390
28605;202000031774;13;12;2020;18:00;3;41;41151;2;1;2;6;105 Route de Vierzon (Bourré);47,3438060;1,2424120
28606;202000031775;11;12;2020;12:00;1;44;44081;2;1;3;2;7 Rue du Bocage;46,8897510; -1,6031830
28607;202000031776;14;12;2020;10:00;1;31;31345;2;1;1;6;1 b Rue de Torrefarrera;43,3663430;1,4170120
28608;202000031777;14;12;2020;07:30;2;02;02279;1;1;1;1;d 87;49,1100060;3,3203600
28609;202000031778;12;12;2020;22:10;3;03;03217;1;1;8;7;;46,3575564;2,6891361
28610;202000031779;13;12;2020;18:30;3;70;70257;1;1;1;-1;D474;47,4760280;5,9299990
28611;202000031780;13;12;2020;15:30;1;58;58145;1;1;1;6;D17;47,2756370;3,8359670
28612;202000031781;13;12;2020;20:40;3;72;72125;1;1;2;2;D357;47,9457000;0,6555320
28613;202000031782;5;12;2020;22:30;3;27;27214;1;1;1;6;route de rouen;49,2938600;1,4708800
28614;202000031783;14;12;2020;08:30;2;28;28304;1;1;1;1;N154;48,2909030;1,7136960
28615;202000031784;11;12;2020;18:35;2;973;97309;1;1;1;7;Rue du 19 Avril 2000;4,8957100; -52,2927980
28616;202000031785;13;12;2020;22:20;5;973;97309;2;1;1;1;Route de Montabo;4,9143840; -52,2741940
28617;202000031786;13;12;2020;09:00;1;974;97412;2;3;2;1;Rue Justinien Vitry; -21,3773090;55,6064790
28618;202000031787;6;12;2020;22:15;3;974;97415;1;1;1;1;N1a; -21,0713260;55,2261900
28619;202000031789;14;12;2020;12:40;1;28;28285;2;2;8;3;D122.7;48,4641290;1,7025050
28620;202000031790;11;12;2020;19:30;5;45;45089;2;1;2;1;110 Avenue de Gien;47,8929940;2,0480660
28621;202000031791;13;12;2020;07:00;3;77;77257;1;1;2;7;D102;49,0336480;3,0497360
28622;202000031792;14;12;2020;04:00;3;13;13004;1;1;1;6;RN.572;43,6832670;4,5694110
28623;202000031794;11;12;2020;20:50;3;88;88183;2;1;2;6;D53;48,3959080;5,6718310
28624;202000031795;11;12;2020;12:40;1;74;74037;1;3;4;6;Rte de Chez Layat;46,2246330;6,3906690
28625;202000031796;9;12;2020;07:30;5;38;38565;2;1;1;2;Avenue Jacques Prévert;45,2880000;5,6409100
28626;202000031797;11;12;2020;12:00;1;33;33080;1;1;8;1;Avenue de Saint-médard-d'Eyrans;44,7409930; -0,5310370
28627;202000031798;14;12;2020;06:16;3;85;85003;1;1;3;6;L'Herissonnière;46,7690920; -1,5996940
28628;202000031799;8;12;2020;14:15;1;22;22070;2;2;1;6;Rue St Yves;48,5628027; -3,1549509
28629;202000031800;11;12;2020;18:00;3;13;13071;1;1;3;4;A7-Sens Marseille vers Lyon;43,4063000;5,2918590
28630;202000031801;12;12;2020;12:00;1;13;13211;1;1;1;2;A50-Sens Marseille vers Aubagne;43,2924000;5,4782200
28631;202000031802;11;12;2020;14:18;1;13;13071;1;1;1;2;A7-Sens Marseille vers Lyon;43,4057530;5,3374310
28632;202000031803;11;12;2020;00:15;5;13;13202;1;1;1;6;A55-Sens Marseille vers Martigues;43,3328200;5,3785700
28633;202000031804;2;12;2020;17:30;4;69;69266;1;1;2;2;RD383   ;45,7732443;4,9001062
28634;202000031806;13;12;2020;16:00;1;92;92002;1;1;2;7;AUTOROUTE A10;48,7364821;2,3174313
28635;202000031807;12;12;2020;21:10;3;94;94021;1;1;1;2;AUTOROUTE A6B;48,7617000;2,3403000
28636;202000031808;13;12;2020;12:50;1;92;92064;1;1;1;6;A13;48,8385031;2,1923600
28637;202000031810;12;12;2020;15:50;1;92;92063;1;1;2;6;A86;48,8854343;2,1652776
28638;202000031811;13;12;2020;19:00;3;93;93010;1;1;2;4;AUTOROUTE A3;48,9095700;2,4742500
28639;202000031812;13;12;2020;17:30;2;93;93005;1;1;2;2;AUTOROUTE A1;48,9648000;2,4750100
28640;202000031813;13;12;2020;06:00;3;77;77249;1;9;1;6;RN104;48,7342410;2,6107580
28641;202000031814;12;12;2020;12:45;1;988;98818;2;1;2;3;VE1 SENS SUD/NORD; -22,2493400;166,4524200
28642;202000031815;12;12;2020;18:00;1;974;97416;2;3;1;7;GAGARINE (RUE YOURI); -21,3259700;55,4793100
28643;202000031816;12;12;2020;18:25;1;974;97409;2;1;1;6;MASCAREIGNES (Avenue des); -20,9332200;55,6461500
28644;202000031817;12;12;2020;08:55;1;974;97407;2;6;1;3;CARPAYE(AVENUE); -20,9496300;55,3015800
28645;202000031818;12;12;2020;02:10;5;973;97302;1;1;9;3;ROUTE NATIONALE 1;4,9137803; -52,3289260
28646;202000031819;12;12;2020;13:45;1;69;69387;2;1;1;3;LORTET                              (R );45,7432300;4,8349000
28647;202000031820;12;12;2020;15:00;1;69;69383;2;3;2;3;GAMBETTA                            (CO);45,7500200;4,8582600
28648;202000031821;12;12;2020;10:40;1;69;69259;2;3;2;6;AMBROISE CROIZAT                    (BD);45,7004200;4,8875000
28649;202000031822;12;12;2020;14:00;1;972;97213;1;1;1;3;DEPARTEMENTALE 28;14,6336662; -60,9543800
28650;202000031823;11;12;2020;22:10;5;972;97209;2;1;1;7;MONTREDON ( Rue Cécile);14,6114500; -61,0430600
28651;202000031824;12;12;2020;14:40;1;69;69381;2;3;8;3;JEAN MOULIN                         (QU);45,7677700;4,8379600
28652;202000031825;11;12;2020;18:50;5;69;69034;2;1;2;2;PIERRE BRUNIER                      (R );45,7846500;4,8296800
28653;202000031826;12;12;2020;12:10;1;95;95476;2;1;2;6;PUISEUX (RUE DE);49,0616340;2,0579830
28654;202000031828;11;12;2020;12:00;1;91;91434;2;1;2;4;GRIBELETTE (BOULEVARD DE LA);48,6456400;2,3491900
28655;202000031829;12;12;2020;10:20;1;91;91223;2;6;1;3;VICTOIRE (ROND-POINT DE LA);48,4371500;2,1631500
28656;202000031830;12;12;2020;15:38;1;88;88209;2;1;2;1;LORRAINE (RUE DE);48,2093200;6,4411300
28657;202000031831;11;12;2020;18:35;5;78;78123;1;1;2;5;EUROPE BD DE L';48,9369150;2,0383880
28658;202000031832;12;12;2020;14:30;1;69;69029;2;1;8;2;LIONEL TERRAY                       (R );45,7295500;4,8938600
28659;202000031833;11;12;2020;19:38;5;69;69290;2;1;2;4;HEYRIEUX (D')                       (RO);45,6879507;4,9422877
28660;202000031834;12;12;2020;16:35;5;69;69264;2;1;1;6;MONPLAISIR;45,9937222;4,7230641
28661;202000031835;10;12;2020;07:40;2;68;68297;2;1;1;6;HURST ( RUE );47,5860200;7,5610500
28662;202000031836;11;12;2020;19:39;3;68;68154;1;1;2;2;;47,7737300;7,3504900
28663;202000031837;12;12;2020;14:15;1;64;64445;2;3;1;2;18EME REGIMENT D'INFANTERIE DU;43,2979500; -0,3866700
28664;202000031838;11;12;2020;13:50;1;64;64445;2;1;1;3;LOUIS SALLENAVE;43,3172532; -0,3598210
28665;202000031840;12;12;2020;22:35;5;54;54547;2;3;2;-1;CHARMOIS (AVENUE DU);48,6668358;6,1720888
28666;202000031841;12;12;2020;21:00;5;54;54025;2;4;3;3;CHARTREUSE (AVENUE DE LA);48,6592925;6,2592204
28667;202000031842;10;12;2020;16:35;2;52;52448;1;2;1;2;RD384;48,6249100;4,9306600
28668;202000031843;11;12;2020;18:11;5;37;37261;2;3;1;6;COLOMBIER (RUE);47,4224324;0,7059695
28669;202000031844;12;12;2020;20:45;5;33;33063;2;2;3;3;CRS PORTAL;44,8542900; -0,5722400
28670;202000031845;12;12;2020;10:10;1;33;33063;2;3;2;6;AVE LOUIS BARTHOU CAUD;44,8522200; -0,6146400
28671;202000031846;12;12;2020;21:50;5;30;30189;2;2;1;7;BONFA (RUE);43,8268100;4,3611600
28672;202000031848;12;12;2020;23:25;3;17;17291;1;2;8;2;N11;46,1725100; -1,1190200
28673;202000031849;11;12;2020;18:15;5;14;14557;2;1;2;3;OX AND BUCKS (AVENUE);49,3391000;0,0984000
28674;202000031850;12;12;2020;21:20;5;13;13207;2;1;1;6;Corniche John Fitzgérald Kennedy;43,2753860;5,3598460
28675;202000031851;12;12;2020;13:55;1;13;13209;2;9;1;2;SAINTE MARGUERITE (BOULEVARD);43,2651890;5,4089530
28676;202000031852;11;12;2020;16:15;1;01;01014;2;1;6;6;PASTEUR (RUE);46,2750000;5,6739500
28677;202000031853;11;12;2020;12:46;1;75;75112;2;4;1;3;ECHANGEUR BERCY;48,8276520;2,3939820
28678;202000031854;11;12;2020;07:57;5;75;75106;2;2;2;6;BOULEVARD RASPAIL;48,8480910;2,3279330
28679;202000031855;12;12;2020;18:10;5;75;75119;2;1;2;2;RUE DE MEAUX;48,8823550;2,3747750
28680;202000031856;11;12;2020;20:19;5;75;75116;2;1;2;3;BOULEVARD LANNES;48,8658750;2,2709810
28681;202000031857;12;12;2020;19:55;5;75;75115;2;2;2;3;AVENUE DE LA PORTE BRANCION;48,8254430;2,3004320
28682;202000031858;12;12;2020;19:25;5;75;75107;2;1;2;5;QUAI ANATOLE FRANCE;48,8617980;2,3218590
28683;202000031859;12;12;2020;18:45;5;75;75113;2;1;1;6;AVENUE D ITALIE;48,8271000;2,3569850
28684;202000031861;12;12;2020;10:40;1;75;75110;2;1;1;3;BOULEVARD DE STRASBOURG;48,8733670;2,3565280
28685;202000031863;12;12;2020;12:20;1;75;75104;2;1;1;6;RUE SAINT MARTIN;48,8587890;2,3499800
28686;202000031865;12;12;2020;13:50;1;93;93078;2;2;1;3;CLEMENCEAU (AVENUE GEORGES);48,9582348;2,5585283
28687;202000031866;12;12;2020;13:10;1;93;93070;2;1;2;6;ROSIERS(DES) : APRES 61;48,9014300;2,3438100
28688;202000031868;12;12;2020;18:45;5;93;93053;2;3;2;5;PARIS (RUE DE);48,9022364;2,4621573
28689;202000031869;12;12;2020;12:35;1;93;93053;2;2;2;3;JULES AUFFRET (RUE);48,8878500;2,4545100
28690;202000031870;12;12;2020;15:50;1;93;93029;2;1;2;6;JACQUELINE QUATREMAIRE;48,9170893;2,4585538
28691;202000031871;12;12;2020;14:14;1;92;92075;2;1;2;6;JEAN BLEUZEN (RUE);48,8240000;2,2978000
28692;202000031872;12;12;2020;07:45;2;92;92076;2;1;2;1;JARDY;48,8347824;2,1543925
28693;202000031873;12;12;2020;17:27;5;92;92050;2;3;1;6;STALINGRAD RUE DE;48,8931060;2,1979090
28694;202000031874;12;12;2020;17:00;3;92;92023;2;1;2;2;GENERAL EISENHOWER (AVENUE);48,7768700;2,2285600
28695;202000031875;12;12;2020;20:27;5;92;92002;2;1;8;2;DIVISION LECLERC (53 A 217 - 58 A 186);48,7517447;2,3045225
28696;202000031876;13;12;2020;17:50;5;95;95058;2;1;2;1;D929;49,1566056;2,2900790
28697;202000031877;12;12;2020;20:00;3;972;97216;1;1;1;1;N1, PK 40+800;14,8254300; -61,0405430
28698;202000031878;12;12;2020;12:29;1;68;68253;1;1;1;7;D52;47,8040160;7,5328580
28699;202000031879;12;12;2020;10:55;1;69;69100;2;4;9;3;Rue de la Mouche;45,6950690;4,8207574
28700;202000031880;13;12;2020;13:30;1;77;77456;2;3;8;6;Rue de la mairie;48,5093620;3,2819350
28701;202000031881;13;12;2020;14:00;1;2A;2A006;1;1;1;3;CD 81;41,9839110;8,7754960
28702;202000031882;12;12;2020;16:20;1;33;33151;1;1;2;6;Lieu Dit le Gablezac;45,2768480; -0,4362990
28703;202000031883;12;12;2020;17:30;2;63;63242;1;1;8;6;RD 909;45,3988270;3,2680250
28704;202000031884;8;12;2020;18:25;3;63;63239;1;1;1;6;D9;45,7110576;3,3491765
28705;202000031885;9;12;2020;17:10;2;12;12264;2;1;1;6;Avenue Louis Tabardel;44,4033251;2,5994140
28706;202000031886;2;8;2020;10:30;1;34;34025;2;2;1;1;5 Avenue de Servian;43,4108620;3,2558210
28707;202000031887;13;12;2020;10:15;1;22;22157;1;1;2;7;24 la croix neuve;48,2898010; -3,4880840
28708;202000031888;12;12;2020;12:40;1;22;22046;1;1;2;1;D792;48,2434100; -2,5552980
28709;202000031889;12;12;2020;21:25;3;35;35096;1;1;2;6;D95;48,0853040; -1,4010140
28710;202000031890;12;12;2020;15:30;1;35;35099;1;2;1;3;La Rougeraie;48,0648090; -1,5615610
28711;202000031891;12;12;2020;12:15;1;14;14174;2;2;1;3;Avenue de Verdun;48,8500710; -0,5494130
28712;202000031892;13;12;2020;08:40;1;64;64259;1;1;1;6;RD22;43,2991620; -1,2482790
28713;202000031893;12;12;2020;13:00;1;36;36043;1;1;8;1;la vergne;46,5442220;1,9222640
28714;202000031894;13;12;2020;18:30;3;16;16165;1;1;1;6;Lieu dit Les Groies;45,7461240; -0,2014640
28715;202000031895;12;12;2020;22:00;3;24;24214;1;1;1;6;Les Eyssarts;45,5806920;0,5279820
28716;202000031897;13;12;2020;15:00;1;06;06004;1;1;1;3;A8 PK 173.300 SUD;43,6073380;7,0951080
28717;202000031898;12;12;2020;19:30;3;51;51507;1;1;2;7;A4;49,0760594;4,9153219
28718;202000031899;13;12;2020;08:00;2;988;98803;1;1;3;6;Route du Creek Haymes; -21,6608980;165,5361560
28719;202000031900;30;8;2020;17:30;2;988;98811;1;1;1;6;transversale Konetiwaka; -21,0330500;164,9680300
28720;202000031902;11;12;2020;22:15;5;38;38475;2;1;2;7;Rue des Combes;45,6707730;5,1075860
28721;202000031904;13;12;2020;01:47;3;60;60047;1;1;2;7;route 330;49,1738914;2,7000693
28722;202000031905;11;12;2020;17:30;5;62;62318;2;2;2;5;RUE DE LA PIERRE TROUÉE;50,5200880;1,6414740
28723;202000031907;11;12;2020;17:40;3;13;13088;1;1;2;5;A55-Sens Marseille vers Martigues;43,3916760;5,2593170
28724;202000031908;12;12;2020;19:45;3;33;33063;1;1;2;6;;44,8858320; -0,5606600
28725;202000031909;12;12;2020;19:00;3;91;91689;1;1;1;2;AUTOROUTE A6B;48,7391000;2,3199000
28726;202000031910;12;12;2020;14:50;1;77;77251;1;1;2;6;AUTOROUTE A5A;48,6193900;2,5549200
28727;202000031911;12;12;2020;14:40;1;91;91645;1;1;2;6;RN 385 Extèrieure;48,7596000;2,2675000
28728;202000031912;12;12;2020;12:50;1;94;94034;1;1;3;4;AUTOROUTE A86;48,7577300;2,3281000
28729;202000031913;12;12;2020;07:30;3;91;91340;1;1;1;3;RN 104;48,6100000;2,4420000
28730;202000031914;12;12;2020;01:52;5;94;94037;1;1;1;6;AUTOROUTE A6B;48,8164806;2,3578369
28731;202000031915;12;12;2020;12:15;1;78;78133;1;1;1;6;SE A14;48,9133710;2,0436920
28732;202000031916;11;12;2020;13:20;1;92;92036;1;1;2;4;RN315 W;48,9237880;2,3049267
28733;202000031917;12;12;2020;06:00;4;95;95306;1;1;2;2; A15;48,9961300;2,1813300
28734;202000031918;11;12;2020;22:30;3;93;93027;1;1;2;6;BDL;48,9268000;2,4034000
28735;202000031919;12;12;2020;22:20;3;77;77146;1;1;2;-1;RN104.EXT;48,8081800;2,6303700
28736;202000031920;12;12;2020;12:20;1;94;94028;1;9;1;2;A86 INT;48,7763620;2,4332540
28737;202000031921;29;9;2020;19:00;2;78;78372;2;1;8;6;CARNOT (RUE);48,8713000;2,0957000
28738;202000031922;16;9;2020;14:43;1;49;49007;2;1;1;6;LETANDUERE;47,4567100; -0,5539600
28739;202000031923;11;9;2020;11:35;1;49;49267;2;1;1;6;GATS;47,4745400; -0,5156700
28740;202000031924;21;6;2020;11:40;1;30;30028;2;6;1;3;ANCYSE (AVENUE DEL');44,1599700;4,6139400
28741;202000031925;11;10;2020;08:20;1;13;13211;2;6;1;6;PEINTRES ROUX (avenue);43,2976690;5,4791630
28742;202000031926;8;12;2020;15:50;1;974;97409;2;1;3;6;CHEMIN AGENOR; -20,9492674;55,6855655
28743;202000031927;9;12;2020;06:00;1;974;97407;2;1;1;3;Rue du Général de Gaulle; -20,9417200;55,2962600
28744;202000031928;11;12;2020;20:00;5;973;97302;2;1;1;3;ZEPHIR (ROCADE);4,9396483; -52,3053932
28745;202000031929;11;12;2020;15:15;1;973;97302;2;9;1;3;MADELEINE (ROUTE DE LA);4,9107226; -52,3214714
28746;202000031930;11;12;2020;14:07;1;973;97302;2;1;1;3;BADUEL (ROUTE DE);4,9290447; -52,3012304
28747;202000031932;10;12;2020;12:40;1;973;97302;2;1;1;3;MONTABO (ROUTE DE) 1;4,9362874; -52,2964040
28748;202000031933;11;12;2020;21:00;4;69;69386;2;2;2;3;GERMAIN                             (R );45,7600000;4,8600000
28749;202000031934;11;12;2020;15:45;1;69;69383;2;1;1;6;ANDRE PHILIP                        (R );45,7582486;4,8510448
28750;202000031935;11;12;2020;07:50;2;69;69387;2;1;1;2;CHAMBAUD DE LA BRUYERE              (BD);45,7232500;4,8420600
28751;202000031936;11;12;2020;17:50;2;972;97213;2;1;1;2;AUTOROUTE A1;14,6145700; -61,0122800
28752;202000031937;11;12;2020;07:30;1;972;97209;2;1;1;6;ALFASSA (BOULEVARD);14,6018600; -61,0676800
28753;202000031938;1;12;2020;02:20;5;69;69384;2;1;1;6;SERIN (DE)                          (PL);45,7742200;4,8127200
28754;202000031939;11;12;2020;19:05;5;69;69382;2;1;3;6;CHARLEMAGNE                         (CO);45,7412900;4,8197600
28755;202000031940;10;12;2020;12:30;1;69;69382;2;3;1;3;MARECHAL JOFFRE (DU)                (QU);45,7540600;4,8254000
28756;202000031941;11;12;2020;09:40;1;2B;2B033;2;1;1;4;11 - RT;42,6860400;9,4462300
28757;202000031942;11;12;2020;08:15;1;2B;2B033;2;3;1;3;FRANCOIS VITTORI;42,6770700;9,4387800
28758;202000031943;10;12;2020;18:23;5;2B;2B033;2;6;8;6;LUPINO;42,6801100;9,4419800
28759;202000031944;11;12;2020;21:15;5;2A;2A004;2;6;1;-1;CAMPI LOUIS BD;41,9451600;8,7582300
28760;202000031945;11;12;2020;08:10;2;91;91549;2;1;2;6;SEQUIGNY (RUE DE);48,6418600;2,3227100
28761;202000031946;14;1;2020;16:40;1;75;75106;2;1;1;3;RUE DE SEVRES;48,8499663;2,3235971
28762;202000031947;15;1;2020;19:00;5;75;75120;2;4;2;2;BOULEVARD DAVOUT;48,8559058;2,4100595
28763;202000031948;15;1;2020;12:36;1;75;75120;2;2;1;6;AVENUE GAMBETTA;48,8665300;2,3998980
28764;202000031950;15;1;2020;16:00;1;75;75119;2;1;1;3;AVENUE JEAN JAURES;48,8832576;2,3720665
28765;202000031952;15;1;2020;08:20;2;75;75119;2;4;1;3;RUE SIGMUND FREUD;48,8846860;2,3988360
28766;202000031953;15;1;2020;01:40;5;75;75117;2;3;1;3;RUE ANDRE BRECHET;48,8989940;2,3287530
28767;202000031954;15;1;2020;20:20;5;75;75116;2;1;2;6;BOULEVARD DE L AMIRAL BRUIX;48,8767980;2,2828710
28768;202000031955;15;1;2020;13:30;1;75;75116;2;1;8;-1;ALLEE DE LA REINE MARGUERITE;48,8666652;2,2502230
28769;202000031956;15;1;2020;09:45;1;75;75116;2;1;1;2;VOIE GEORGES POMPIDOU;48,8411230;2,2687950
28770;202000031957;15;1;2020;15:15;1;75;75115;2;1;1;6;RUE DE L AVRE;48,8479154;2,2976605
28771;202000031958;15;1;2020;08:45;1;75;75115;2;3;1;6;RUE BRANCION;48,8301880;2,3019142
28772;202000031959;15;1;2020;01:30;5;75;75114;2;1;1;7;RUE D ALESIA;48,8312183;2,3168023
28773;202000031960;15;1;2020;19:40;5;75;75113;2;3;2;6;AVENUE D ITALIE;48,8228133;2,3583700
28774;202000031961;15;1;2020;18:18;5;75;75113;2;3;8;6;RUE RAYMOND ARON;48,8348820;2,3739160
28775;202000031962;15;1;2020;08:05;1;75;75113;2;4;1;2;BOULEVARD DE L HOPITAL;48,8352051;2,3582735
28776;202000031963;15;1;2020;18:50;5;75;75112;2;2;1;6;RUE JOSEPH KESSEL;48,8352980;2,3853465
28777;202000031965;15;1;2020;14:00;1;75;75109;2;1;1;6;RUE DE CAUMARTIN;48,8750817;2,3284645
28778;202000031966;15;1;2020;05:56;5;75;75108;2;1;1;7;PLACE DE LA CONCORDE;48,8655150;2,3196410
28779;202000031967;15;1;2020;19:50;5;75;75104;2;2;2;6;QUAI DE L HOTEL DE VILLE;48,8558976;2,3511731
28780;202000031968;13;1;2020;18:15;5;75;75103;2;1;1;7;RUE CHAPON;48,8634150;2,3560410
28781;202000031970;15;1;2020;10:50;1;75;75104;2;3;1;6;RUE SAINT ANTOINE;48,8546704;2,3627593
28782;202000031971;14;1;2020;20:45;5;75;75104;2;2;2;3;QUAI DE L HOTEL DE VILLE;48,8543687;2,3549385
28783;202000031972;15;1;2020;00:30;5;94;94077;2;6;1;7;PAUL VAILLANT COUTURIER (AV);48,7350000;2,4190000
28784;202000031973;14;1;2020;19:00;5;94;94068;2;1;1;6;VARENNE (R DE LA);48,8094080;2,4717860
28785;202000031974;15;1;2020;19:35;5;94;94015;2;1;2;6;FOUR (R DU);48,8345500;2,5200300
28786;202000031975;15;1;2020;17:55;3;94;94076;2;1;2;6;MAXIME GORKI (R);48,7963000;2,3685300
28787;202000031976;15;1;2020;14:30;1;94;94076;1;1;1;1;STALINGRAD (AV DE);48,7853600;2,3667200
28788;202000031977;15;1;2020;11:35;1;94;94003;2;1;1;6;SIMON (IMP);48,7987300;2,3465200
28789;202000031978;15;1;2020;19:20;5;94;94017;2;9;2;2;ROGER SALENGRO (AV);48,8178300;2,4945400
28790;202000031979;15;1;2020;12:15;1;93;93078;2;2;1;3;LECLERC (AVENUE DU GENERAL);48,9480930;2,5611570
28791;202000031980;15;1;2020;10:00;1;93;93064;2;1;1;3;ALL DE L'ESPERANCE;48,8829000;2,4954000
28792;202000031981;15;1;2020;12:20;1;93;93027;2;9;8;2;PASTEUR (BOULEVARD) DE 40 A +;48,9291700;2,3855700
28793;202000031982;15;1;2020;15:45;1;93;93010;2;1;1;3;BLANQUI (AL. LOUIS-AUGUSTE);48,9205473;2,4572217
28794;202000031983;15;1;2020;11:10;1;93;93010;2;4;1;3;PASTEUR (AV.);48,9030700;2,4831300
28795;202000031984;15;1;2020;16:15;1;93;93005;2;3;1;3;MERCURE (PLACE);48,9580000;2,5031500