;Num_Acc;jour;mois;an;hrmn;lum;dep;com;agg;int;atm;col;adr;lat;long
28796;202000031986;14;1;2020;20:45;5;92;92036;2;3;1;6;GABRIEL PERI (AVENUE) (60/134);48,9163100;2,2958200
28797;202000031988;15;1;2020;09:05;1;92;92012;2;1;1;6;DOME (RUE DU);48,8319560;2,2481560
28798;202000031989;16;1;2020;16:15;1;66;66190;1;1;1;2;A9;42,8538140;2,9413960
28799;202000031990;15;1;2020;14:00;1;17;17194;2;1;1;7;Rue de Chatelaillon;46,1285130; -1,0135830
28800;202000031991;14;1;2020;15:12;1;52;52189;1;1;1;2;A31;47,6606520;5,1750880
28801;202000031992;16;1;2020;16:00;1;29;29302;1;1;3;6;Pont-de-Buis-lès-Quimerch;48,2635560; -4,1136070
28802;202000031993;15;1;2020;21:50;5;971;97133;2;4;1;1;63 Route de Beau Rivage;15,9482900; -61,6963700
28803;202000031994;13;1;2020;18:05;5;22;22185;2;3;2;3;13 Rue de la République;48,3677540; -2,3952190
28804;202000031995;12;1;2020;10:50;1;21;21081;1;5;7;3;D16;47,3676360;4,7750840
28805;202000031996;16;1;2020;12:20;1;37;37261;1;1;1;6;autoroute A10;47,4149482;0,7295823
28806;202000031997;15;1;2020;20:13;3;62;62113;1;1;1;1;D939;50,3497300;2,5333630
28807;202000031998;16;1;2020;11:20;1;62;62434;1;1;1;6;D1;50,1899650;2,5630440
28808;202000031999;16;1;2020;10:50;1;74;74134;2;3;7;6;46 Rue du Chêne;46,1564180;6,6673850
28809;202000032000;16;1;2020;12:30;1;80;80205;1;1;7;1;D216;50,0127310;2,0152830
28810;202000032001;15;1;2020;11:45;1;32;32369;1;1;1;6;D931;43,7838490; -0,0157120
28811;202000032002;16;1;2020;10:30;1;71;71426;1;9;1;2;N80;46,7368738;4,6207535
28812;202000032003;14;1;2020;18:50;5;71;71269;2;1;1;6;Rue de la Liberation;46,7543405;4,8471687
28813;202000032004;16;1;2020;09:18;1;55;55520;1;1;1;6;N4;48,6887980;5,6671450
28814;202000032007;16;1;2020;12:10;1;47;47310;1;1;1;6;Tonneins;44,3641730;0,3383240
28815;202000032008;12;1;2020;16:00;1;41;41177;1;1;2;6;D167;48,0813530;0,8721710
28816;202000032009;16;1;2020;18:30;3;86;86193;1;1;1;6;D16;46,7558211;0,7662141
28817;202000032010;15;1;2020;19:10;3;39;39043;1;1;1;6;Orbagna - Route de Creve-Ceur;46,5802550;5,4558760
28818;202000032011;15;1;2020;00:05;3;44;44178;1;1;2;6;Le Recredit;47,0557420; -1,7496360
28819;202000032012;12;1;2020;10:00;1;29;29184;2;6;2;3;Kroaz Ar Valy;48,6312210; -3,9884170
28820;202000032013;15;1;2020;11:30;1;29;29097;1;1;1;6;D11 - Pont Croix;48,4989721; -4,0585886
28821;202000032014;15;1;2020;19:15;5;29;29160;2;3;1;3;D788 - Rue des Trois Freres le Roy;48,4985744; -4,4274398
28822;202000032015;15;1;2020;18:15;5;31;31107;2;3;1;2;D627;43,2912460;1,2163790
28823;202000032016;15;1;2020;20:45;3;70;70012;1;1;1;6;D434;47,7808140;6,0721500
28824;202000032017;16;1;2020;07:30;2;72;72100;1;6;1;3;La Petite Loge;47,7978470; -0,0468530
28825;202000032019;15;1;2020;08:30;1;10;10209;2;1;1;3;33 Rue de la Jonchère;48,2591820;4,2539860
28826;202000032020;16;1;2020;19:30;3;16;16132;1;3;1;1;Ld Le relais d'Etagnac;45,8932639;0,8031164
28827;202000032021;15;1;2020;14:50;1;53;53170;1;1;1;1;D138;48,3658220; -0,6585380
28828;202000032022;16;1;2020;08:15;2;40;40312;1;3;1;1;1612 Rue des Barthes;43,5209270; -1,4339500
28829;202000032023;16;1;2020;15:05;1;87;87158;2;2;1;3;Avenue Charles de Gaulle;45,7691250;0,9584460
28830;202000032024;15;1;2020;17:40;2;37;37109;1;1;1;7;D3;47,4169608;0,5803694
28831;202000032025;16;1;2020;11:30;1;30;30089;2;9;1;6;D986l;43,8528220;4,5987720
28832;202000032026;15;1;2020;09:50;1;67;67156;1;1;7;4;A35;48,6739920;7,7516860
28833;202000032029;16;1;2020;08:00;1;69;69027;2;1;1;1;3 Route de Lyon;45,6769810;4,7687110
28834;202000032030;16;1;2020;15:06;1;60;60531;1;1;1;4;A1;49,4302914;2,6955664
28835;202000032033;15;1;2020;10:55;1;2B;2B335;1;1;1;6;RT10 - Olmello;42,3288080;9,5377790
28836;202000032034;16;1;2020;17:30;5;67;67474;2;1;1;6;24 Rue de la Dime;48,9404485;7,8826712
28837;202000032035;10;1;2020;21:40;3;55;55304;1;1;1;6;D35;48,8610860;5,0864220
28838;202000032036;15;1;2020;21:10;3;38;38348;1;1;1;3;Avenue de la Vieille Borne;45,5884380;5,2974260
28839;202000032037;16;1;2020;07:15;3;26;26235;1;3;1;3;D59;44,3609130;4,6890020
28840;202000032038;15;1;2020;21:05;3;22;22324;1;1;1;6;D788;48,7744280; -3,4457460
28841;202000032039;16;1;2020;01:15;3;22;22171;1;1;1;7;Les Garennes d'En Haut;48,4244230; -2,8229090
28842;202000032040;15;1;2020;10:40;1;35;35136;2;1;2;3;28 Rue Aristide Briand;47,9591660; -1,4975600
28843;202000032041;16;1;2020;08:05;2;59;59258;1;1;5;1;D90;50,5385720;3,2080050
28844;202000032042;14;1;2020;17:55;3;83;83062;1;1;1;2;A57;43,1436293;6,0204078
28845;202000032043;15;1;2020;07:52;1;33;33192;1;1;1;2;ROCADE A630;44,7862100; -0,5950500
28846;202000032044;15;1;2020;13:00;1;92;92048;1;1;1;6;N118;48,8016140;2,2151550
28847;202000032045;14;1;2020;21:50;3;78;78402;1;1;6;2;A13;48,9639410;1,7861390
28848;202000032046;14;1;2020;18:00;3;93;93005;1;1;1;3;AUTOROUTE A3;48,9544400;2,4736400
28849;202000032047;13;1;2020;05:00;3;93;93005;1;1;1;6;AUTOROUTE A3;48,9579200;2,4731500
28850;202000032048;13;1;2020;16:15;1;92;92036;1;1;1;3;AUTOROUTE A86;48,9389100;2,3055400
28851;202000032049;13;1;2020;11:05;1;93;93078;1;1;1;5;AUTOROUTE A104;48,9674200;2,5106300
28852;202000032050;11;1;2020;17:10;2;77;77083;1;1;1;3;A4.W;48,8308286;2,6075100
28853;202000032052;12;1;2020;17:35;1;974;97416;1;1;1;6;AERODROME (CHEMIN DE L'); -21,3074000;55,4273700
28854;202000032053;11;1;2020;12:05;1;973;97302;2;2;1;5;BARTHELEMY (RENE);4,9336890; -52,3304294
28855;202000032054;13;1;2020;06:45;1;972;97213;1;3;2;3;LONG BOIS (CHEMIN);14,6445480; -60,9910030
28856;202000032056;10;1;2020;11:00;1;972;97209;2;1;1;7;LAMARTINE (RUE);14,6044800; -61,0694400
28857;202000032057;12;1;2020;02:15;5;69;69381;2;9;1;6;DE LATTRE DE TASSIGNY               (PT);45,7954000;4,8189000
28858;202000032058;11;1;2020;09:20;1;69;69384;2;1;1;2;HERBOUVILLE (D')                    (CO);45,7749448;4,8389236
28859;202000032059;12;1;2020;19:20;5;2B;2B033;2;1;1;1;ROUTE ROYALE;42,6799000;9,4283000
28860;202000032060;13;1;2020;15:05;1;971;97120;2;6;1;2;BLANCHARD;16,2236200; -61,5259400
28861;202000032061;12;1;2020;22:52;5;971;97113;1;1;2;6;BAS DU FORT;16,2212300; -61,5214634
28862;202000032062;13;1;2020;12:55;1;2A;2A004;2;1;1;3;MARECHAL JUIN AVENUE;41,9344300;8,7507700
28863;202000032063;10;1;2020;09:43;1;2A;2A004;2;1;2;3;ROUTE DU STILETTO;41,9460900;8,7718400
28864;202000032064;13;1;2020;08:55;1;91;91122;2;2;1;3;HARAS (RUE DES);48,6976630;2,1556640
28865;202000032065;13;1;2020;19:20;5;91;91345;2;9;8;6;L'ABBE PIERRE (AVENUE DE);48,6977110;2,2990600
28866;202000032066;13;1;2020;14:15;1;91;91687;2;1;2;2;GENERAL DE GAULLE (AVENUE DU);48,6798900;2,3803800
28867;202000032067;10;1;2020;11:50;1;91;91552;2;1;2;4;RN 20;48,6040000;2,2486000
28868;202000032068;10;1;2020;08:20;2;91;91552;2;1;2;7;CORBEIL (ROUTE DE);48,5949500;2,2649300
28869;202000032069;9;1;2020;18:00;2;87;87085;2;3;2;6;MIDI (AVENUE DU);45,8265400;1,2575900
28870;202000032070;10;1;2020;16:53;1;87;87085;2;6;1;6;QUEUILLE (PLACE HENRI);45,8147900;1,2691400
28871;202000032071;8;1;2020;22:21;5;87;87085;1;1;1;2;RD941 (OUEST);45,8347700;1,2187200
28872;202000032072;12;1;2020;19:45;5;86;86088;2;1;1;4;N10;46,5467700;0,2981200
28873;202000032073;12;1;2020;00:00;5;80;80489;2;1;1;2;HENRI BARBUSSE (RUE);49,8732800;2,3507400
28874;202000032074;11;1;2020;14:40;1;80;80489;2;1;1;6;AVENUE DE L'ARC;49,8715000;2,3697000
28875;202000032075;9;1;2020;17:30;2;80;80021;2;4;2;3;MARTIN BLEU DIEU (RUE);49,8893800;2,2909500
28876;202000032076;13;1;2020;08:10;2;78;78498;2;1;1;6;FOCH AV n°105;48,9310600;2,0531000
28877;202000032077;9;1;2020;07:28;3;77;77121;1;1;2;1;DEPARTEMENTALE 471 (ROUTE);48,8162000;2,6904000
28878;202000032079;13;1;2020;15:45;1;73;73065;2;1;1;-1;BOIS (RUE DES);45,6037213;5,9124193
28879;202000032080;11;1;2020;07:45;5;73;73065;2;3;1;3;SAINT ANTOINE (RUE);45,5680400;5,9209700
28880;202000032081;11;1;2020;18:45;5;71;71270;2;1;1;7;Route de Lyon;46,2861138;4,8085617
28881;202000032082;10;1;2020;19:25;5;71;71270;2;1;1;2;Route de Bioux;46,2992432;4,8183403
28882;202000032083;9;1;2020;08:50;1;71;71076;2;1;1;6;Rue Thomas Dumorey;46,7757842;4,8578409
28883;202000032084;13;1;2020;16:30;1;69;69266;2;1;1;6;EMILE ZOLA     (Cours);45,7670000;4,8880000
28884;202000032085;12;1;2020;15:07;1;69;69290;2;6;1;1;AVIATION (DE L')                    (R );45,7198093;4,9330045
28885;202000032086;10;1;2020;07:50;3;69;69013;1;1;1;3;D 306;46,0135775;4,7252208
28886;202000032087;10;1;2020;16:15;1;67;67482;2;1;2;2;DOUBS (RUE DU);48,5572800;7,7337850
28887;202000032088;11;1;2020;10:24;1;67;67462;1;1;8;1;RD 424;48,2356605;7,4805655
28888;202000032090;12;1;2020;13:20;1;66;66136;2;1;1;-1;BALEARES ROND POINT ET CITE DES;42,6887700;2,8948000
28889;202000032091;10;1;2020;14:10;1;66;66136;1;1;1;2;R D 900;42,6740090;2,8877010
28890;202000032092;13;1;2020;07:35;5;64;64445;2;3;1;1;PAIX;43,3222100; -0,3668800
28891;202000032093;9;1;2020;05:45;5;63;63113;2;4;1;3;LAFAYETTE (BD);45,7684180;3,1046476
28892;202000032094;11;1;2020;13:30;1;63;63113;2;9;1;4;POCHET LAGAYE/Lafayette;45,7667800;3,1070300
28893;202000032095;11;1;2020;09:55;1;62;62400;2;1;1;3;ZOLA ( EMILE );50,4655990;2,5620790
28894;202000032096;8;1;2020;18:00;3;62;62160;2;2;2;6;PERROCHEL (Rue );50,7215000;1,6069900
28895;202000032097;10;1;2020;17:53;5;57;57306;2;1;1;6;MARNE (RUE DE LA);49,3319000;6,0623700
28896;202000032098;10;1;2020;07:48;5;57;57672;2;1;2;6;ENFANTS DE LA FENSCH (RUE DES);49,3530000;6,1595100
28897;202000032099;8;1;2020;17:40;5;57;57306;2;3;2;6;FOCH (RUE );49,3295600;6,0639600
28898;202000032100;13;1;2020;20:27;5;57;57463;2;2;1;7;FALOGNE (RUE DE LA );49,0942486;6,2388666
28899;202000032101;12;1;2020;18:25;5;56;56098;2;6;1;3;KESLER-DEVILLERS ( AV. );47,7671500; -3,3396400
28900;202000032102;11;1;2020;08:55;1;51;51454;2;1;1;3;Avenue de Champagne;49,2192119;4,0207531
28901;202000032103;11;1;2020;08:55;1;51;51172;2;1;1;7;Avenue des Goisses;49,2154935;4,0586262
28902;202000032104;11;1;2020;08:50;1;51;51108;2;1;1;7;Avenue du 29 Août 1944;48,9460032;4,3739904
28903;202000032105;13;1;2020;16:30;1;45;45234;2;1;2;6;Avenue Montesquieu;47,8352900;1,9358800
28904;202000032106;10;1;2020;13:50;1;38;38169;2;1;1;6;RUE LAZARE HOCHE;45,1993100;5,6884800
28905;202000032107;13;1;2020;18:25;5;37;37261;2;3;1;3;GRAMMONT (AVENUE DE);47,3759184;0,6944865
28906;202000032108;12;1;2020;16:45;1;34;34172;2;1;1;6;POMPIGNANE (AVENUE DE LA);43,6061500;3,8987690
28907;202000032109;12;1;2020;15:20;1;34;34172;2;2;1;3;TOULOUSE (AVENUE DE;43,5973900;3,8641590
28908;202000032110;16;1;2020;06:45;5;34;34172;2;3;1;3;VAL DE MONTFERRAND (AVENUE DU);43,6364940;3,8734630
28909;202000032111;10;1;2020;11:35;1;34;34172;2;1;1;7;FRANKLIN (ROND-POINT BENJAMIN);43,6186200;3,9126100
28910;202000032112;13;1;2020;12:38;1;33;33318;2;3;9;4;RUE JEAN PERRIN / RUE GASPARD MONGE;44,7790100; -0,6599600
28911;202000032113;13;1;2020;13:50;1;33;33039;2;1;1;6;RUE DES FRERES LUMIERE (PARKING);44,7946400; -0,5318600
28912;202000032114;28;2;2020;12:10;1;33;33281;2;6;2;3;AVE DE MAGUDAS / AVE DE LA LIBERATION;44,8561500; -0,6439000
28913;202000032115;13;1;2020;07:50;1;31;31555;1;1;1;2;VA007418 PONT JUMEAUX A620 Sortie 30;43,6095000;1,4134100
28914;202000032116;11;1;2020;15:30;1;31;31069;2;1;1;6;BRASSENS (AV GEORGES);43,6464800;1,3686900
28915;202000032117;11;1;2020;17:30;2;31;31557;2;1;1;6;AV JEAN JAURES;43,5893630;1,3632070
28916;202000032118;11;1;2020;06:00;4;31;31555;2;1;1;6;AV DES ETATS UNIS;43,6570640;1,4206530
28917;202000032119;10;1;2020;17:55;5;31;31555;2;1;1;6;ALL JEAN JAURES;43,6065200;1,4494400
28918;202000032121;10;1;2020;09:55;1;31;31555;2;1;1;6;SEYSSES (RTE DE) DU 263 AU 311;43,5707400;1,4167500
28919;202000032122;10;1;2020;08:55;1;31;31555;1;1;2;4;VA007495 A62;43,6466900;1,4503000
28920;202000032123;10;1;2020;20:26;5;29;29019;2;1;1;5;D5 - Avenue Victor le Gorgeu;48,4105388; -4,5164779
28921;202000032124;12;1;2020;19:50;5;25;25462;1;1;1;1;ROCADE G.POMPIDOU (DU 25 A LA FIN);46,9001400;6,3342400
28922;202000032126;11;1;2020;15:00;1;19;19031;2;1;1;6;FOCH (AVENUE MARECHAL);45,1622499;1,5362289
28923;202000032127;12;1;2020;21:00;5;13;13213;2;9;1;3;ESCADRILLE NORMANDIE NIEMEN;43,3309804;5,4101148
28924;202000032128;10;1;2020;14:00;1;12;12202;2;1;1;6;PAUL RAMADIER (BOULEVARD);44,3604200;2,5727800
28925;202000032129;10;1;2020;08:10;2;12;12174;1;1;1;6;Bretelle sortie RN 88 vers Lachet;44,3275500;2,5579300
28926;202000032130;11;1;2020;11:55;1;12;12145;2;7;1;6;BION MARLAVAGNE (PLACE);44,1024731;3,0770306
28927;202000032131;13;1;2020;12:05;1;11;11069;2;2;1;3;MOLIERE;43,2114000;2,3663000
28928;202000032132;12;1;2020;04:28;5;10;10362;2;1;1;6;SAVIPOL (ZI);48,2928000;4,0177800
28929;202000032134;12;1;2020;18:35;5;09;09122;1;1;1;2;20 (R.N.) TUNNEL;42,9703490;1,6238410
28930;202000032135;7;1;2020;22:45;3;05;05061;1;1;1;7;D 292;44,6029800;6,1405200
28931;202000032136;10;1;2020;17:20;1;05;05061;2;1;8;7;FRANCOIS MITTERAND (AVENUE);44,5444900;6,0619600
28932;202000032137;13;1;2020;08:10;1;75;75116;2;2;1;6;RUE GEORGE SAND;48,8496680;2,2686460
28933;202000032138;12;1;2020;00:26;5;75;75113;2;2;1;3;RUE DE TOLBIAC;48,8269997;2,3664957
28934;202000032139;4;7;2020;20:15;2;84;84091;1;2;7;3;Route des Mians;44,1788650;4,7580460
28935;202000032140;6;7;2020;15:30;1;72;72231;1;1;1;7;Lieu Dit les Foulerets;47,9763850;0,4125130
28936;202000032141;6;7;2020;11:30;1;30;30209;1;1;1;6;D6580;43,9929210;4,7420980
28937;202000032142;5;7;2020;00:45;3;30;30221;1;1;1;6;D980;44,0550000;4,7611980
28938;202000032143;5;7;2020;11:15;1;87;87038;1;2;8;3;Rue du Masdehors;45,9246320;1,2130880
28939;202000032144;6;7;2020;09:40;1;77;77385;1;1;1;2;D222;48,8513701;3,2497438
28940;202000032145;6;7;2020;14:00;1;83;83057;1;1;1;6;D39;43,3607730;6,2468000
28941;202000032146;26;6;2020;01:11;3;57;57314;1;1;1;6;D955;48,6997420;6,9557190
28942;202000032147;30;6;2020;19:10;1;56;56013;1;6;2;3;Les Quatre Chemins;47,6660810; -3,1791900
28943;202000032149;5;7;2020;10:35;1;56;56158;1;6;2;7;Route de Saint Ave;47,7000900; -2,7961400
28944;202000032150;5;7;2020;18:15;1;82;82155;1;1;1;7;D958;44,1578250;1,7241450
28945;202000032151;5;7;2020;17:05;1;81;81008;1;1;1;1;D139;44,0888800;2,1676540
28946;202000032152;3;7;2020;10:50;1;61;61404;1;1;1;7;D930;48,5707610;0,5639450
28947;202000032153;5;7;2020;01:15;3;61;61269;1;1;2;6;D43;48,8488660; -0,3899680
28948;202000032154;5;7;2020;16:50;1;34;34125;1;1;7;3;RD 4;43,6779143;3,5332884
28949;202000032156;4;7;2020;17:50;1;03;03103;2;4;1;6;19 Avenue Honoré Préveraud;46,3456982;3,7931443
28950;202000032157;4;7;2020;17:16;1;70;70103;2;1;1;6;Rue de la Mairie;47,8099190;6,4568550
28951;202000032158;28;6;2020;20:15;3;26;26073;1;1;1;7;Route de Montelimar ;44,4195900;4,8508070
28952;202000032159;6;7;2020;10:00;1;50;50341;2;1;1;6;Rue Monseigneur le Nordez;49,4867580; -1,3768420
28953;202000032160;6;7;2020;15:55;1;90;90052;2;3;1;6;Rue André Maginot;47,7416970;6,8274070
28954;202000032161;6;7;2020;16:10;1;09;09070;1;1;1;4;RN20;42,7806122;1,6954800
28955;202000032162;6;7;2020;17:05;1;18;18138;1;1;1;1;D107;47,1071940;2,2485600
28956;202000032163;5;7;2020;17:40;1;18;18092;1;1;1;1;D66;47,0662710;2,6239460
28957;202000032164;4;7;2020;17:15;1;40;40252;1;1;1;7;605 Route des Pyrénées;43,6836810; -0,5818720
28958;202000032165;2;7;2020;16:18;1;85;85234;2;6;1;3;2 Place du Missenit;46,7910200; -2,0561550
28959;202000032166;4;7;2020;14:30;1;30;30166;1;2;1;3;D502;43,8699000;4,5415700
28960;202000032167;6;7;2020;16:45;1;48;48194;1;1;1;7;D998;44,3331540;3,8800570
28961;202000032168;3;7;2020;21:30;5;85;85058;2;1;1;1;Rue des 3 Boudins;46,4677000; -1,2296700
28962;202000032169;6;7;2020;06:15;2;72;72130;1;1;1;6;A11;47,9848660;0,0588800
28963;202000032170;5;7;2020;05:30;2;28;28121;1;1;1;6;Autoroute A10 PK 073+600 sens Paris-Province;48,1220720;1,8511530
28964;202000032171;6;7;2020;08:35;1;972;97228;1;1;2;-1;Bois Jade;14,7556140; -60,9858680
28965;202000032172;2;7;2020;18:10;1;37;37072;2;1;1;1;48 Rue de Saumur;47,1499310;0,2293280
28966;202000032173;21;5;2020;19:35;1;91;91115;1;1;1;7;139 Route du Marais;48,5812600;2,1560060
28967;202000032174;19;6;2020;09:45;1;66;66008;2;9;1;6;6 Avenue d'Hurth;42,5489980;3,0193730
28968;202000032175;4;7;2020;03:10;3;34;34113;1;1;1;7;D613;43,5092310;3,7216720
28969;202000032176;5;7;2020;23:55;3;54;54338;1;1;2;6;D90;48,7887324;6,1736941
28970;202000032177;5;7;2020;18:50;1;38;38009;2;4;1;1;Route du Dauphiné;45,3473160;4,8853190
28971;202000032178;4;7;2020;23:45;5;69;69019;2;1;1;6;Rue de la Tannerie;46,1102079;4,7511782
28972;202000032179;5;7;2020;20:00;1;69;69154;1;1;1;3;601 Chemin de la Rapaudiere;45,7600060;4,6850450
28973;202000032180;5;7;2020;20:30;2;81;81219;1;1;7;3;Route Départementale 12 - PK 050+500;43,5812010;1,9798300
28974;202000032181;30;6;2020;13:50;1;09;09160;2;1;1;-1;Chemin de Cambiere;42,9304780;1,8373510
28975;202000032182;5;7;2020;20:30;1;17;17199;1;1;1;7;Moulin de Combe;45,2659580; -0,3597650
28976;202000032184;5;7;2020;21:00;2;35;35164;2;3;1;3;Résidence les Primeveres;48,3831410; -1,6050390
28977;202000032185;6;7;2020;10:00;1;80;80342;1;9;1;7;A29;49,8534560;2,7207040
28978;202000032186;6;7;2020;16:00;1;59;59052;2;1;1;6;10 rue jules guesde;50,5190230;2,8916560
28979;202000032187;4;7;2020;23:09;3;13;13022;1;1;1;6;A50-Sens Aubagne vers Toulon;43,2127140;5,5819860
28980;202000032188;3;7;2020;18:08;1;13;13071;1;1;1;7;A7-Sens Lyon vers Marseille;43,4065590;5,2911220
28981;202000032189;30;6;2020;17:45;1;13;13215;1;1;1;4;A7-Sens Lyon vers Marseille;43,3680000;5,3609000
28982;202000032190;30;6;2020;11:19;1;13;13001;1;1;1;6;A51-Sens Marseille vers Aix en Provence;43,4905000;5,4076000
28983;202000032191;4;7;2020;07:50;1;69;69029;1;1;1;3;RD383   7.640 A 11.044;45,7307000;4,8994000
28984;202000032192;4;7;2020;04:35;3;69;69029;1;1;1;6;RD383  ;45,7350636;4,9016297
28985;202000032193;3;7;2020;13:11;1;42;42186;1;9;1;4;A47;45,5251900;4,6009000
28986;202000032194;5;7;2020;15:30;1;91;91659;1;1;1;7;AUTOROUTE A6;48,5904000;2,4465000
28987;202000032195;5;7;2020;18:30;1;92;92078;1;1;1;5;AUTOROUTE A86;48,9294623;2,3279700
28988;202000032196;4;7;2020;17:00;1;94;94033;1;1;1;2;A86.EXT;48,8486000;2,4915600
28989;202000032198;3;7;2020;12:10;1;988;98818;1;1;1;6;AVENUE JAMES COOK; -22,2684400;166,4256700
28990;202000032199;4;7;2020;04:15;5;974;97416;1;1;1;2;ANCIENNE RN 1; -21,3238200;55,4454900
28991;202000032200;4;7;2020;14:45;1;69;69386;2;2;1;3;DUGUESCLIN  (R);45,7670600;4,8476700
28992;202000032201;4;7;2020;11:30;1;69;69199;2;1;1;2;CARNOT                              (R );45,7080000;4,8601000
28993;202000032202;4;7;2020;20:50;2;69;69034;2;1;1;6;WETTE FAYS (DE)                     (CH);45,7888200;4,8552200
28994;202000032203;4;7;2020;18:10;1;69;69149;2;1;1;6;RHONE (DU)                        (R );45,7170800;4,8134400
28995;202000032204;3;7;2020;12:50;1;971;97101;2;1;1;5;BOISRIPEAUX;16,2740900; -61,5060100
28996;202000032205;3;7;2020;20:00;1;91;91432;2;2;1;1;COUR DE FRANCE (AVENUE DE LA);48,6961350;2,3302550
28997;202000032206;3;7;2020;23:30;5;91;91345;2;1;1;1;RAMEAU (RUE);48,6903000;2,3173200
28998;202000032207;4;7;2020;23:50;5;91;91201;2;2;1;3;PAUL LAFARGUE(AVENUE);48,6874100;2,4155870
28999;202000032208;4;7;2020;14:15;1;83;83144;2;9;1;2;NATIONALE 98 (ANCIENNE ROUTE);43,1391000;6,0108800
29000;202000032209;3;7;2020;18:10;1;83;83061;2;1;1;6;RUE GUSTAVE BRET;43,4406900;6,7376800
29001;202000032210;4;7;2020;00:50;3;82;82033;1;1;1;6;LAFRANCAISE D45 (ROUTE DE) ;44,0595500;1,1384000
29002;202000032211;4;7;2020;15:45;1;72;72181;2;3;1;3;MAC JEAN (AV) N° PAIRS 106 A 216;47,9790600;0,2249800
29003;202000032212;3;7;2020;18:30;1;71;71540;2;1;1;6;CHAMP CORDET (AVENUE DU);46,7787210;4,4385691
29004;202000032213;4;7;2020;14:00;1;69;69266;2;1;7;2;RAYMOND POINCARE    (Pont);45,7869000;4,8604000
29005;202000032214;4;7;2020;10:55;1;64;64545;2;1;1;3;CORNICHE (ROUTE DE LA);43,3845600; -1,7201400
29006;202000032215;3;7;2020;23:20;3;59;59352;1;1;1;7;QUESNOY (RUE);50,7367000;3,0683000
29007;202000032216;4;7;2020;19:15;1;54;54526;2;1;1;5;BARTHOU (RUE LOUIS);48,6972279;6,2073880
29008;202000032217;4;7;2020;16:20;1;45;45004;2;3;1;3;D943 - PR 2+715;47,9844730;2,7498620
29009;202000032218;4;7;2020;18:15;1;44;44109;1;1;2;7;11;47,2690645; -1,5605575
29010;202000032219;4;7;2020;21:07;1;42;42095;2;1;1;1;Rue Jean Jaurès;45,3910800;4,2893900
29011;202000032220;4;7;2020;14:40;1;37;37261;2;2;1;2;GIRAUDEAU (RUE);47,3797309;0,6773855
29012;202000032222;4;7;2020;13:20;1;34;34129;1;1;1;3;AGAU (AVENUE DE L');43,5881400;3,9082700
29013;202000032223;4;7;2020;04:45;5;33;33063;2;1;1;7;BD ALBERT 1ER;44,8136262; -0,5660305
29014;202000032224;4;7;2020;03:55;5;33;33063;2;1;1;6;QUAI DE LA MONNAIE;44,8339000; -0,5620800
29015;202000032225;5;7;2020;00:20;5;33;33009;2;1;1;6;53 Boulevard Deganne;44,6551600; -1,1514900
29016;202000032226;3;7;2020;19:00;1;29;29232;2;3;1;6;Avenue Georges Pompidou;47,9828461; -4,0720561
29017;202000032227;4;7;2020;18:50;1;18;18279;2;1;1;1;RIBAUD ( RUE ANDRE );47,2295000;2,0653400
29018;202000032228;4;7;2020;06:42;1;17;17200;1;9;1;6;PUILBOREAU   CHEMIN DE;46,1902200; -1,1344800
29019;202000032229;4;7;2020;20:10;1;13;13214;2;1;1;2;ROLAND DORGELES (BOULEVARD);43,3462902;5,3807178
29020;202000032230;4;7;2020;20:15;1;13;13209;2;3;1;3;SAINTE MARGUERITE (BOULEVARD);43,2602606;5,4157892
29021;202000032231;4;7;2020;13:50;1;13;13204;2;1;1;2;FRANÇOISE DUPARC (BOULEVARD);43,3044730;5,4010150
29022;202000032232;4;7;2020;00:05;3;13;13209;1;1;1;7;COL DE LA GINESTE D559;43,2420565;5,4531177
29023;202000032233;24;6;2020;09:00;1;13;13001;2;2;1;3;LAUVES  (CH DES);43,5589700;5,4427300
29024;202000032235;4;7;2020;16:05;1;10;10387;2;1;8;6;LUCIEN MOREL PAYEN (RUE);48,3054000;4,0902100
29025;202000032236;4;7;2020;17:40;1;06;06088;2;3;1;3;BRANCOLAR (AV.) (A PARTIR DU 51-61);43,7189647;7,2651574
29026;202000032237;4;7;2020;01:30;5;06;06088;2;1;1;5;RISSO (BD);43,7038390;7,2809080
29027;202000032238;4;7;2020;12:50;1;06;06069;2;1;1;1;Avenue Victoria;43,6639100;6,9324200
29028;202000032239;4;7;2020;18:00;1;06;06029;2;1;1;-1;GRAND JAS (AVENUE);43,5625000;7,0017500
29029;202000032240;3;7;2020;19:30;1;75;75112;2;1;1;3;ECHANGEUR BERCY;48,8277650;2,3934860
29030;202000032241;3;7;2020;06:30;1;75;75119;2;4;1;7;PORTE DES LILAS;48,8810750;2,4039730
29031;202000032242;3;7;2020;14:20;1;75;75107;2;4;1;3;BOULEVARD SAINT GERMAIN;48,8599800;2,3217100
29032;202000032243;3;7;2020;00:50;5;75;75105;2;2;1;3;RUE SAINT JACQUES;48,8473560;2,3436540
29033;202000032244;4;7;2020;07:21;1;75;75119;2;2;1;2;AVENUE SIMON BOLIVAR;48,8784100;2,3742520
29034;202000032245;4;7;2020;17:20;1;75;75118;2;7;1;3;PLACE DE LA CHAPELLE;48,8848870;2,3593450