;Num_Acc;jour;mois;an;hrmn;lum;dep;com;agg;int;atm;col;adr;lat;long
29035;202000032247;4;7;2020;12:45;1;75;75117;2;7;1;6;RUE DE SENLIS;48,8873070;2,2978420
29036;202000032248;4;7;2020;18:30;1;75;75115;2;2;1;6;AVENUE EMILE ZOLA;48,8465520;2,2859950
29037;202000032249;3;7;2020;02:40;5;75;75115;2;3;1;6;AVENUE DU MAINE;48,8441630;2,3202290
29038;202000032250;4;7;2020;01:15;5;75;75113;2;1;1;3;AVENUE PIERRE MENDES FRANCE;48,8411820;2,3681510
29039;202000032251;25;6;2020;08:05;1;75;75113;2;1;1;6;RUE JEAN SEBASTIEN BACH;48,8307460;2,3654440
29040;202000032252;4;7;2020;16:45;1;75;75110;2;3;1;3;BOULEVARD DE BONNE NOUVELLE;48,8703640;2,3495800
29041;202000032253;3;7;2020;21:40;2;75;75110;2;2;1;3;RUE LA FAYETTE;48,8789810;2,3557640
29042;202000032254;4;7;2020;16:50;1;75;75107;2;2;1;2;PONT DE L ALMA;48,8624290;2,3016050
29043;202000032256;4;7;2020;18:20;1;75;75104;2;1;1;2;QUAI DES CELESTINS;48,8518200;2,3612760
29044;202000032257;4;7;2020;11:20;1;75;75101;2;1;8;7;RUE DE RIVOLI;48,8649600;2,3283670
29045;202000032258;4;7;2020;20:00;1;94;94046;2;2;1;3;VICTOR BASCH (R);48,8090440;2,4458460
29046;202000032259;4;7;2020;12:00;1;94;94073;2;3;1;1;avenue Franklin Roosevelt;48,7653860;2,3951000
29047;202000032260;4;7;2020;12:30;1;94;94077;2;2;1;5;PAUL DOUMER (AV);48,7402500;2,4232900
29048;202000032261;4;7;2020;19:05;1;93;93053;2;9;8;6;STEPHENSON (SQUARE);48,8874098;2,4627666
29049;202000032262;4;7;2020;15:41;1;93;93027;2;1;1;3;VAILLANT-COUTURIER (AVENUE PAUL);48,9262120;2,4162331
29050;202000032263;4;7;2020;16:25;1;93;93010;2;9;1;3;STAINS (RTE DE);48,9046822;2,4704017
29051;202000032264;4;7;2020;01:05;5;92;92075;2;2;1;3;GUY MOQUET (RUE);48,8146800;2,2967900
29052;202000032265;4;7;2020;17:55;1;92;92064;2;3;8;6;MARIUS FRANAY;48,8501400;2,2213400
29053;202000032266;4;7;2020;16:50;1;92;92025;2;1;1;3;PRESIDENT SALVADOR ALLENDE (RUE DU);48,9222041;2,2358251
29054;202000032267;3;7;2020;23:10;5;92;92024;2;1;1;7;MARTISSOT (RUE);48,9015776;2,3157019
29055;202000032268;3;7;2020;22:15;5;92;92023;2;2;1;3;GENERAL DE GAULLE (AVENUE DU);48,7771016;2,2312653
29056;202000032270;4;7;2020;12:00;1;92;92012;2;1;1;6;REINE (ROUTE DE LA) 1/37- 6/80;48,8391415;2,2461891
29057;202000032271;4;7;2020;11:35;1;92;92012;2;9;8;3;ANDRE MORIZET (AVENUE) - 49/FIN - 54/FIN;48,8370970;2,2361840
29058;202000032273;4;7;2020;19:50;1;01;01004;1;1;1;1;Rue du Prémonin;45,9593620;5,3285840
29059;202000032274;11;6;2020;10:49;1;06;06054;2;3;1;-1;Avenue-jean-moulin;43,7538150;7,3205910
29060;202000032275;4;7;2020;05:55;2;17;17010;1;1;1;6;D137;46,1028870; -1,0942730
29061;202000032276;5;7;2020;20:35;1;95;95480;2;1;1;2;Rue du Général de Gaulle;49,1070040;2,2052800
29062;202000032277;4;7;2020;16:40;1;34;34067;1;9;1;1;Avenue des 2 Ponts;43,9391470;3,6890800
29063;202000032278;5;7;2020;14:53;1;74;74034;1;1;1;1;Col du Corbier (Col de montagne);46,2800250;6,6373090
29064;202000032279;5;7;2020;07:10;1;77;77382;1;9;2;6;A140;48,9012018;2,8898120
29065;202000032280;4;7;2020;17:48;1;71;71543;1;1;1;3;A6;46,5526040;4,9059430
29066;202000032281;5;7;2020;11:25;1;68;68044;1;1;1;7;D148;48,1722680;7,0901300
29067;202000032282;3;7;2020;18:10;3;86;86165;2;2;1;-1;D727A;46,4357900;0,8631560
29068;202000032283;4;7;2020;20:25;1;67;67437;1;1;1;2;41 Route Nationale;48,7294045;7,3876421
29069;202000032284;4;7;2020;16:21;1;22;22225;1;1;1;2;ZI de Bellevue;48,5523390; -3,1197950
29070;202000032285;5;7;2020;09:29;1;06;06130;1;1;1;6;D4;43,6827850;6,8608090
29071;202000032286;5;7;2020;14:12;1;41;41252;1;1;1;6;A10;47,7115090;1,4670100
29072;202000032287;5;7;2020;12:00;1;68;68343;1;1;1;1;Chemin Rural;47,8697550;7,3023140
29073;202000032288;5;7;2020;09:00;1;65;65340;1;2;1;3;Route de Bours;43,2786330;0,1092320
29074;202000032289;5;7;2020;20:00;1;62;62391;1;1;6;6;D187;50,6077890;2,4998940
29075;202000032290;5;7;2020;11:50;1;04;04161;1;1;1;3;RD 900;44,3988660;6,5337540
29076;202000032291;4;7;2020;00:25;3;51;51391;1;1;1;1;N31;49,2776133;3,8463900
29077;202000032292;5;7;2020;11:34;1;51;51576;1;1;1;1;D1;49,0501610;4,1420600
29078;202000032293;4;7;2020;01:42;3;56;56198;2;1;1;6;Saint-Samson;48,0873230; -2,7680000
29079;202000032295;5;7;2020;12:45;1;76;76196;2;6;8;6;Route de Gonneville;49,6433740;0,2621385
29080;202000032296;5;7;2020;05:00;3;76;76258;1;1;2;6;Rd 926;49,6353490;0,6301370
29081;202000032297;4;7;2020;21:30;2;80;80655;1;1;2;6;rue du Cimetière;49,9515114;1,9806716
29082;202000032299;4;7;2020;19:45;1;61;61167;1;2;1;2;D12;48,8484370;0,4992130
29083;202000032300;4;7;2020;22:45;3;61;61414;1;1;1;6;D912;48,5320520;0,5220010
29084;202000032301;4;7;2020;09:30;1;61;61150;2;1;8;6;9 Route de Saint-germain;48,7408130;0,4101370
29085;202000032302;1;7;2020;11:15;1;12;12001;2;7;1;3;Place Marc Robert;44,3575250;2,6802780
29086;202000032303;4;7;2020;11:20;1;47;47081;1;2;1;3;Roussous;44,3385416;0,6234215
29087;202000032304;4;7;2020;13:55;1;47;47012;1;2;1;3;D11;44,2793750;0,1665120
29088;202000032305;5;7;2020;16:45;1;34;34055;1;1;1;6;D922;43,6868900;2,9431450
29089;202000032306;4;7;2020;17:30;1;25;25542;2;1;1;6;2 Rue du Champenatre;47,2368860;5,9360290
29090;202000032307;3;7;2020;18:30;1;25;25133;2;1;1;3;N57;47,3107330;5,9934180
29091;202000032308;4;7;2020;14:45;1;35;35186;1;3;1;1;RD 155;48,5533470; -1,7609880
29092;202000032309;5;7;2020;16:05;1;38;38564;1;1;1;6;D82K;45,4851130;5,7060560
29093;202000032310;5;7;2020;00:55;3;59;59312;1;1;2;7;D644;50,0306190;3,2445820
29094;202000032311;3;7;2020;14:15;1;03;03084;2;1;1;1;Petit Bois;46,4747418;2,8373842
29095;202000032312;4;7;2020;20:10;1;01;01073;2;1;1;6;D37;45,8371010;5,7277610
29096;202000032313;4;7;2020;22:55;3;26;26176;1;1;1;6;1240 Route de la Plaine;44,6105730;4,8859120
29097;202000032314;4;7;2020;09:30;1;58;58253;1;1;1;1;Sainte-Marie;47,1114530;3,4397910
29098;202000032315;5;7;2020;09:40;1;06;06163;1;1;1;3;La Brigue;44,0310610;7,5820280
29099;202000032316;4;7;2020;13:15;1;06;06086;1;1;1;6;D2566;43,9225140;7,4084060
29100;202000032317;5;7;2020;13:13;1;14;14257;2;1;1;1;Rue d'Yverdon;49,1004032; -0,4998631
29101;202000032318;5;7;2020;11:55;1;50;50215;1;1;1;1;RD650;49,1004540; -1,5979960
29102;202000032320;5;7;2020;01:10;5;45;45134;2;1;1;7;51 Cerqueux;47,9681100;1,6215940
29103;202000032321;4;7;2020;20:20;1;43;43213;1;2;1;3;RD44;45,2540070;4,2611180
29104;202000032323;4;7;2020;16:50;1;07;07289;2;3;1;1;1 Rue du Luol;44,6288480;4,4130170
29105;202000032324;3;7;2020;15:35;1;53;53039;1;3;1;3;l'hotellerie;48,1779770; -0,9946650
29106;202000032325;5;7;2020;00:00;3;04;04009;1;1;1;7;RD 22;44,1351671;6,3288199
29107;202000032326;5;7;2020;01:20;3;28;28236;1;4;2;6;110;48,3315010;0,8860780
29108;202000032327;5;7;2020;03:10;5;30;30077;2;1;1;6;La Blaquière (Informations);44,1493420;4,0573130
29109;202000032328;4;7;2020;06:20;2;72;72380;1;1;1;2;A28;48,2422331;0,1655535
29110;202000032329;5;7;2020;13:40;1;24;24337;1;1;1;6;D60;44,6732840;1,0739030
29111;202000032331;26;2;2020;13:45;1;78;78356;2;1;1;6;Avenue de Chevincourt;48,7187830;2,1020260
29112;202000032332;18;3;2020;17:25;1;42;42165;2;1;1;3;790 Route de Montchal;45,7967986;4,3414371
29113;202000032333;26;3;2020;23:30;3;22;22223;1;1;1;7;Leur Min;48,5575020; -3,1976760
29114;202000032334;26;3;2020;18:30;1;93;93010;1;1;1;2;AUTOROUTE A3;48,9062400;2,4721400
29115;202000032335;26;3;2020;16:00;1;92;92036;1;1;1;7;AUTOROUTE A15;48,9370400;2,2948200
29116;202000032336;25;3;2020;14:30;1;94;94017;1;1;1;7;A4;48,8273600;2,5087600
29117;202000032337;24;1;2020;15:17;1;76;76351;2;1;1;6;CAPUCHET (DU);49,5234500;0,1040900
29118;202000032338;20;1;2020;18:40;3;78;78297;1;9;1;-1;RN12;48,7884720;2,0619360
29119;202000032339;24;3;2020;12:50;1;69;69388;2;2;1;3;JOSEPH CHAPELLE                     (R );45,7329918;4,8635827
29120;202000032341;24;3;2020;16:40;1;95;95424;2;1;1;6;LIBÉRATION(AVENUE DE LA);49,0065610;2,1951340
29121;202000032342;24;3;2020;14:10;1;78;78354;2;1;1;6;rue de l'ouest;48,9786810;1,6896160
29122;202000032343;24;3;2020;23:00;5;76;76351;2;4;1;1;DU GUESCLIN;49,4961300;0,1261200
29123;202000032344;25;3;2020;04:55;3;69;69290;1;1;1;1;LYONNAIS (DU)                       (R );45,6973700;4,9082400
29124;202000032345;17;2;2020;10:45;1;40;40088;2;6;2;6;MANOIR (BOULEVARD YVES DU);43,7107000; -1,0424000
29125;202000032346;18;3;2020;16:45;1;40;40279;1;1;8;6;LACS DES (AVENUE);43,7356300; -1,1112900
29126;202000032347;11;3;2020;13:10;1;33;33063;2;1;1;6;5 Rue Permentade;44,8325800; -0,5674600
29127;202000032348;25;3;2020;07:10;1;33;33063;2;1;1;3;BD ALFRED DANEY;44,8743400; -0,5560500
29128;202000032349;25;3;2020;10:25;1;13;13215;2;2;1;3;SAINT ANTOINE A SAINT JOSEPH (CHEMIN DE);43,3492000;5,3753000
29129;202000032350;24;3;2020;17:40;2;13;13201;2;2;1;3;PARADIS (RUE)       1 A 47;43,2914490;5,3776030
29130;202000032351;24;3;2020;11:45;1;10;10081;2;1;1;7;PAUL LANGEVIN (RUE);48,3124800;4,0467600
29131;202000032352;25;3;2020;11:34;1;10;10333;2;1;1;3;AUXERRE (ROUTE);48,2703675;4,0513968
29132;202000032353;25;3;2020;15:28;1;75;75113;2;2;1;3;AVENUE D ITALIE;48,8261810;2,3572760
29133;202000032354;25;3;2020;17:15;1;94;94052;2;1;1;3;HEROS NOGENTAIS (R DES);48,8370297;2,4815944
29134;202000032355;25;3;2020;09:05;1;94;94041;2;2;1;3;GEORGES GOSNAT (AV);48,8123000;2,3865000
29135;202000032356;24;3;2020;17:45;1;95;95056;2;1;1;3;Rue d'Epinay;49,0918730;2,3742060
29136;202000032357;25;3;2020;21:40;3;51;51318;1;1;1;6;D30;49,3021575;4,1922206
29137;202000032358;25;3;2020;17:50;1;51;51030;2;6;1;3;Boulevard Charles de Gaulle;49,0522037;4,0037488
29138;202000032359;26;3;2020;12:45;1;89;89159;1;1;1;6;route de tonnerre - D.944;47,5249680;3,9072700
29139;202000032360;26;3;2020;06:00;3;44;44038;1;1;1;7;Les Chatelliers;47,1372970; -2,0100370
29140;202000032361;26;3;2020;19:30;2;35;35362;1;1;1;6;RD 73;48,4877904; -1,8494246
29141;202000032362;27;2;2020;08:55;1;02;02086;1;1;4;3;D6;49,5809180;3,1971070
29142;202000032364;26;3;2020;13:51;1;17;17047;1;3;1;5;RD 700;45,5754800; -0,4724120
29143;202000032365;7;3;2020;05:50;3;34;34058;1;9;1;6;M610;43,6742040;3,9971350
29144;202000032366;25;3;2020;10:55;1;988;98818;2;4;1;2;VE1/RUE JACQUES IEKAWE; -22,2253500;166,4808500
29145;202000032368;23;3;2020;14:25;1;988;98818;1;1;1;6;RUE JACQUES IEKAWE/PARKING DE CHEVAL DISTRIBUTION; -22,2441400;166,4671800
29146;202000032369;24;3;2020;09:30;1;974;97411;1;1;2;6;MONTAGNE (ROUTE DE LA); -20,8880639;55,4369044
29147;202000032370;8;1;2020;08:44;1;88;88413;2;2;8;6;Rue DAUPHINE;48,2869867;6,9504294
29148;202000032371;24;3;2020;08:30;1;64;64102;2;1;1;7;SOULT (AVENUE MARECHAL);43,4872000; -1,4850000
29149;202000032372;26;2;2020;09:50;1;44;44109;2;1;1;3;BOULEVARD DE CARDIFF;47,1990700; -1,5830400
29150;202000032373;9;2;2020;19:00;5;35;35238;2;2;2;3;JANVIER (AVENUE JEAN);48,1098900; -1,6740000
29151;202000032374;26;1;2020;07:20;5;35;35238;2;3;1;1;VERN (DE);48,0895600; -1,6445400
29152;202000032375;23;3;2020;22:15;3;31;31149;2;1;1;6;Maurice Grynfogel (Bd);43,6150100;1,3402600
29153;202000032376;14;2;2020;17:25;1;31;31483;2;1;1;6;ISLE (AVENUE DE L');43,1095400;0,7257000
29154;202000032377;24;3;2020;22:45;5;14;14366;2;6;1;6;GEORGES POMPIDOU (AVENUE);49,1387000;0,2238200
29155;202000032378;24;3;2020;10:00;1;75;75120;2;2;1;3;RUE PELLEPORT;48,8707820;2,3992260
29156;202000032379;24;3;2020;09:05;1;94;94041;2;1;1;3;VERDUN (AV DE);48,8116269;2,3716038
29157;202000032380;23;3;2020;20:57;5;92;92044;2;1;1;6;Rue Baudin;48,8976230;2,2837460
29158;202000032381;25;3;2020;18:57;1;76;76135;1;9;1;7;Villers-Écalles;49,5481470;0,9216020
29159;202000032384;26;2;2020;20:00;3;51;51088;1;1;1;7;D30;49,3506463;4,0132859
29160;202000032385;16;3;2020;17:15;1;76;76517;1;4;1;3;Rue de la Muette;49,5158365;1,1395705
29161;202000032386;26;2;2020;20:30;5;60;60636;2;1;1;6;Rue des Amours;49,4746990;2,8801990
29162;202000032387;25;3;2020;05:35;2;60;60183;1;4;1;6;D11;49,6959912;2,1724514
29163;202000032388;25;3;2020;17:15;1;08;08381;2;1;1;6;5 Rue de Banogne;49,5118070;4,1301890
29164;202000032389;25;3;2020;17:30;1;13;13113;1;1;2;6;A 51 - PK 25+560 - sens Sisteron/Aix;43,5953486;5,4869207
29165;202000032390;25;3;2020;11:20;1;77;77453;1;1;1;1;D408;48,5461880;2,7816010
29166;202000032391;25;3;2020;15:00;1;70;70024;1;3;1;3;Rue de Champvans;47,3945799;5,5640490
29167;202000032392;22;3;2020;18:40;1;17;17445;1;1;1;6;L'Ombrail;45,6603070; -0,7766600
29168;202000032393;23;3;2020;17:55;1;13;13055;1;1;1;7;A507 sens Marseille - Aubagne;43,2858000;5,4268000
29169;202000032394;22;1;2020;14:55;1;988;98818;1;2;1;3;RUE JACQUES IEKAWE/RUE ARMAND OHLEN; -22,2483900;166,4637700
29170;202000032395;13;1;2020;19:30;5;76;76540;2;2;1;6;COUPERIN. RUE FRANCOIS;49,4498500;1,1384600
29171;202000032396;22;1;2020;17:05;1;35;35238;2;2;1;6;70 GUEHENNO (JEAN);48,1192302; -1,6675272
29172;202000032397;14;1;2020;10:30;1;13;13047;2;1;1;6;ALDERIC CHAVE AVENUE;43,5040900;4,9911700
29173;202000032399;7;1;2020;21:10;3;13;13063;1;1;1;5;MAGELLAN AVENUE;43,6013700;4,9952600
29174;202000032400;23;3;2020;02:27;5;69;69386;2;2;1;6;JULES FAVRE                         (BD);45,7662432;4,8592347
29175;202000032401;20;3;2020;14:10;1;67;67447;2;2;1;3;HAUSBERGEN (ROUTE DE);48,6076700;7,7216700
29176;202000032403;25;2;2020;16:50;1;44;44162;2;1;2;6;RUE OCEANE;47,2250865; -1,6258049
29177;202000032404;14;2;2020;14:15;1;44;44109;2;1;9;6;Mail Pablo Picasso;47,2151000; -1,5367600
29178;202000032405;12;3;2020;13:18;1;31;31044;1;1;1;3;VA007553 A61;43,5919400;1,4941100
29179;202000032406;14;2;2020;10:00;1;92;92050;2;3;8;3;CROIX RUE DE LA/ LENINE VLADIMIR ILITCH AVENUE;48,8880000;2,1957700
29180;202000032407;23;3;2020;14:40;1;06;06069;2;9;8;1;CAPUCINS (CHEMIN ET IMPASSE DES);43,6497000;6,9316000
29181;202000032408;13;2;2020;20:00;5;92;92050;2;1;2;6;HOCHE AVENUE;48,9006960;2,1995930
29182;202000032409;14;2;2020;09:30;1;92;92062;2;1;1;3;DELARIVIERE LEFOULLON (RUE);48,8875559;2,2429356
29183;202000032410;21;3;2020;20:15;3;05;05061;1;1;1;7;D994;44,5500300;6,0284700
29184;202000032411;22;3;2020;20:30;5;75;75103;2;2;1;3;RUE PAYENNE;48,8572400;2,3617710
29185;202000032412;14;2;2020;15:50;1;06;06114;2;1;1;7;2939 Route de l'Abadie;43,7487010;7,2949430
29186;202000032413;21;4;2020;11:30;1;94;94076;2;1;1;-1;JEAN LURCAT (R);48,7850000;2,3709400
29187;202000032414;22;3;2020;15:25;1;94;94028;2;1;1;6;MOZART.(ALLEE);48,7913004;2,4417760
29188;202000032415;14;2;2020;23:15;3;22;22030;1;1;1;7;D767;48,7090450; -3,3829090
29189;202000032416;6;2;2020;21:10;3;19;19248;1;1;1;2;A20-PR 237 - sens Toulouse-Paris;45,4301420;1,5128030
29190;202000032417;21;3;2020;11:20;1;92;92050;2;2;1;3;NATIONAL (BOULEVARD);48,8885014;2,1839806
29191;202000032419;24;3;2020;17:15;1;42;42294;2;1;1;1;500 Route du Bourg;46,0076780;4,1174380
29192;202000032420;14;2;2020;20:15;3;50;50485;1;1;1;6;Carentan-les-Marais;49,3044890; -1,2026270
29193;202000032423;15;2;2020;15:00;1;08;08402;1;1;1;2;A34;49,5760490;4,4800400
29194;202000032424;14;2;2020;22:50;3;2A;2A104;1;1;1;6;T40;41,9127690;8,8511720
29195;202000032425;14;2;2020;20:15;3;22;22175;1;1;1;7;D52;48,4558760; -2,3954920
29196;202000032426;24;3;2020;12:45;1;76;76638;1;1;1;6;D1314;50,0044460;1,4320690
29197;202000032427;14;2;2020;11:35;1;74;74005;1;2;1;1;D903;46,3411265;6,4620445
29198;202000032428;23;3;2020;19:00;1;35;35091;1;1;7;3;Les Champs;48,2058640; -2,1456490
29199;202000032429;15;2;2020;05:30;3;56;56047;1;1;2;6;Crézadio RD17;48,0280500; -2,7924160
29200;202000032430;23;3;2020;16:15;1;58;58247;1;1;1;6;D958;47,0200350;3,3230050
29201;202000032431;15;2;2020;15:15;1;74;74011;1;1;1;3;D5 Route de Naves;45,9284380;6,1774920
29202;202000032432;23;3;2020;19:00;1;18;18058;2;3;1;6;Rue du Génada;46,8568240;2,3168880
29203;202000032433;15;2;2020;15:50;1;33;33514;1;2;1;1;D1215;45,5061500; -1,0929300
29204;202000032434;15;2;2020;00:15;3;32;32306;1;1;1;6;N21;43,8967710;0,6420940
29205;202000032435;15;2;2020;10:05;1;71;71014;2;1;1;6;Rue General Demetz;46,9492660;4,2984252
29206;202000032437;26;2;2020;18:39;5;67;67152;2;9;1;3;angle route de Lyon et rue du Fort;48,5239060;7,6909100
29207;202000032438;20;3;2020;09:30;1;971;97130;1;1;1;7;Route du Sud;15,8440310; -61,6374690
29208;202000032439;13;2;2020;16:45;1;34;34142;2;1;1;6;Rue du Docteur Schweitzer;43,7297550;3,3244800
29209;202000032440;14;2;2020;19:40;3;68;68235;1;1;1;6;RD1Bis;47,9830850;7,4155990
29210;202000032441;23;3;2020;16:40;1;57;57350;2;6;1;3;D657;49,0778580;6,1006630
29211;202000032442;23;3;2020;22:00;5;38;38067;1;1;1;6;Route de Vienne;45,7031700;5,1907500
29212;202000032443;14;2;2020;16:30;1;25;25199;1;1;2;1;Chemin de Montmahoux;46,9947440;6,0525440
29213;202000032444;24;3;2020;09:15;1;85;85003;2;1;1;6;17 Impasse des Petits Moineaux;46,7408620; -1,6038940
29214;202000032445;19;3;2020;15:45;1;13;13071;1;1;1;6;A5501G-Sens Mlle Vieux Port vers A7-Lyon;43,4142649;5,3646399
29215;202000032446;15;2;2020;17:25;1;02;02174;1;1;1;7;RN2, PK 46+600;49,4735340;3,5282420
29216;202000032447;14;2;2020;14:50;1;84;84010;1;1;1;3;Route de Mirabeau (Pont);43,6994590;5,5648960
29217;202000032448;22;3;2020;18:15;3;988;98818;2;3;1;4;OHLEN (RUE ARMAND); -22,2522900;166,4636200
29218;202000032449;15;2;2020;09:53;1;01;01108;1;1;1;6;D86;46,3729190;5,3646827
29219;202000032450;21;3;2020;18:00;1;59;59560;2;1;1;7;TEMPLEMARS ROUTE DE;50,5586138;3,0456430
29220;202000032451;15;2;2020;12:35;1;58;58145;1;1;1;7;rd 944;47,3080010;3,8305810
29221;202000032452;21;3;2020;18:35;1;34;34172;2;1;1;1;PALAVAS (AVENUE DE);43,5948230;3,8884550
29222;202000032454;22;3;2020;00:30;5;18;18033;2;6;1;6;CHARITE (ROUTE DE LA);47,0956700;2,4356200
29223;202000032455;18;1;2020;21:30;3;14;14200;2;1;1;6;D82;49,2766021; -0,5454069
29224;202000032457;12;2;2020;07:45;2;50;50425;1;2;2;6;9 La Regale;49,5128380; -1,6809030
29225;202000032458;15;2;2020;16:40;1;60;60151;1;1;1;6;D66;49,4495236;2,8775340
29226;202000032459;20;3;2020;10:00;1;92;92004;2;1;1;2;FAIDHERBE ( AVENUE );48,9080490;2,2677844
29227;202000032460;15;2;2020;12:30;1;64;64138;2;1;1;6;Rue de l'Egalité;43,2345810; -0,2805640
29228;202000032461;22;3;2020;18:10;1;29;29020;1;1;1;6;N165 - Bretelle sortie Briec;48,0991920; -4,0311240
29229;202000032462;14;2;2020;23:00;3;64;64238;1;1;1;1;Route de Pau;43,2485360; -0,0731380
29230;202000032463;12;2;2020;18:30;3;51;51153;2;3;1;3;Grande Rue;49,0233747;4,0250140
29231;202000032464;15;2;2020;14:10;1;73;73032;1;1;1;1;route de l'énergie;45,6339288;6,4421082
29232;202000032465;22;3;2020;19:50;3;71;71404;1;1;1;2;N80;46,7590770;4,7337560
29233;202000032466;21;3;2020;10:30;1;25;25259;1;1;1;6;Départementale 09;46,8666020;6,1361860
29234;202000032467;15;2;2020;10:00;1;53;53049;1;1;1;6;D9 - La Croix Blanche;48,1562610; -0,6485930
29235;202000032468;23;3;2020;17:30;1;50;50305;1;1;1;6;La Mare;49,5805460; -1,5392820
29236;202000032469;14;2;2020;16:00;1;40;40051;1;4;1;3;1747 Route de Villeneuve;43,8856330; -0,3741670
29237;202000032470;19;3;2020;23:30;3;85;85210;2;1;1;6;Le Gué au Chaud;46,8231160; -1,6180050
29238;202000032471;14;2;2020;13:50;1;24;24153;2;2;1;3;21 Le Bourg;45,0819340;1,3588660
29239;202000032472;22;3;2020;18:40;1;17;17327;2;1;1;6;12 Rue du Marais Poitevin;46,0968920; -0,5895150
29240;202000032473;15;2;2020;14:35;1;85;85232;1;1;1;5;D7;46,6973400; -1,1847300
29241;202000032474;13;2;2020;05:15;3;27;27617;2;1;2;3;28 Rue Saint Adrien;49,3149040;1,5105100
29242;202000032475;23;3;2020;08:10;1;69;69244;2;1;1;2;42 Route de Paris;45,7661270;4,7649990
29243;202000032476;15;2;2020;06:15;3;17;17349;1;3;5;6;D262E1;46,2984780; -0,8909280
29244;202000032477;14;2;2020;12:20;1;23;23189;1;3;8;1;D912;46,0624600;1,6926030
29245;202000032478;22;3;2020;11:15;1;988;98831;1;1;1;2;RT1; -20,8814180;164,6468370
29246;202000032479;14;2;2020;18:45;2;73;73213;1;1;1;2;A43 - pk 97+500 sens Albertville Chambéry;45,5497330;5,9588080
29247;202000032482;15;2;2020;10:25;1;974;97415;1;3;2;3;12 Chemin du Trou de Sable; -21,0990818;55,2426606
29248;202000032483;14;2;2020;18:15;1;973;97309;2;1;1;2;2080 Route des Plages;4,8975870; -52,2617680
29249;202000032484;14;2;2020;09:00;1;74;74250;1;9;1;3;a40;46,0705550;6,3859050
29250;202000032486;22;3;2020;18:15;1;34;34135;1;1;1;7;cd14;43,2575730;3,1601890
29251;202000032487;22;3;2020;02:30;5;13;13055;1;1;1;6;A507 sens Aubagne- Marseille;43,2858950;5,4259110
29252;202000032488;15;2;2020;07:15;2;60;60680;1;1;1;4;A1;49,2782210;2,6959420
29253;202000032489;14;2;2020;11:27;1;30;30258;1;1;1;3;Route de Nimes;43,6962580;4,4252100
29254;202000032491;14;2;2020;22:50;3;11;11300;1;1;1;6;D217;43,3885210;1,9089820
29255;202000032492;15;2;2020;17:45;1;13;13022;1;1;1;7;RD 559;43,2234600;5,5442310
29256;202000032493;21;3;2020;21:45;3;77;77294;1;1;1;6;A104;48,9661857;2,6068511
29257;202000032494;13;2;2020;18:35;5;13;13015;2;3;2;2;Avenue de la Croix d'Or;43,4528327;5,4007013
29258;202000032495;20;3;2020;21:34;5;972;97209;1;9;1;7;BEAUSEJOUR JAMBETTE (ROUTE);14,6433000; -61,0437000
29259;202000032496;15;2;2020;15:10;1;89;89059;1;1;1;7;départementale 47;48,0129230;3,5142300
29260;202000032497;20;3;2020;23:00;5;69;69382;2;1;1;6;VERDUN RAMBAUD                      (VO);45,7503200;4,8230900
29261;202000032499;15;2;2020;05:50;3;68;68130;1;1;1;6;D468;47,9606460;7,5373080
29262;202000032500;21;3;2020;16:00;1;91;91223;2;1;1;1;DE GAULLE (AVENUE CHARLES);48,4225730;2,1527260
29263;202000032502;21;3;2020;13:30;1;72;72181;2;1;1;3;PYRENEES (RUE DES);47,9917700;0,2236400
29264;202000032503;15;2;2020;15:45;1;57;57350;2;1;7;6;Rue de la Moselle;49,0632410;6,0762600
29265;202000032505;20;3;2020;17:00;1;69;69029;2;5;1;3;GENAS (DE)                          (RO);45,7511000;4,9073000
29266;202000032507;21;3;2020;22:25;5;34;34172;2;4;1;6;BOUNIN (RUE JACQUES);43,5899800;3,8630972
29267;202000032508;15;2;2020;15:35;1;42;42147;2;2;1;3;Boulevard Lachèze;45,6048139;4,0666840
29268;202000032509;21;3;2020;04:45;5;29;29039;2;2;1;6;Rue de Kervinou;47,8646700; -3,8841600
29269;202000032510;14;2;2020;15:30;1;81;81105;2;1;1;6;Avenue de l'Amiral Jaures;43,7640050;1,9930100
29270;202000032511;12;3;2020;11:10;1;29;29019;2;8;1;3;Boulevard de Plymouth;48,3866089; -4,5283024
29271;202000032512;15;2;2020;13:15;1;65;65481;2;1;1;6;Rue Ramond;42,8965500;0,0642340
29272;202000032513;12;2;2020;16:45;1;40;40125;1;1;1;7;Départementale 29;43,6262910; -1,0525420
29273;202000032515;21;3;2020;10:20;1;94;94019;2;1;1;6;PLESSIS (RTE DU);48,8036500;2,5518500
29274;202000032516;14;2;2020;18:00;1;85;85088;1;1;1;7;Le Roc;46,7294400; -1,8793500
29275;202000032517;14;2;2020;20:10;3;29;29091;1;3;6;6;Lieu-dit Cleusmeur;48,6301570; -4,3595340
29276;202000032518;21;3;2020;16:15;1;93;93005;2;1;8;2;R PAUL CEZANNE;48,9526100;2,4918200