;Num_Acc;jour;mois;an;hrmn;lum;dep;com;agg;int;atm;col;adr;lat;long
29277;202000032519;15;2;2020;05:15;3;76;76610;2;1;1;6;Rue des Tilleuls;49,6257410;0,7813650
29278;202000032520;20;3;2020;18:30;2;92;92044;2;2;1;3;PDT WILSON(RUE)107A131 ET 110A130;48,8981117;2,2851476
29279;202000032521;15;2;2020;16:20;1;60;60103;1;1;1;7;Rue de Trye;49,3980860;2,2671530
29280;202000032522;13;2;2020;19:00;5;83;83137;1;1;2;2;A50 Accès Tunnel Tube Nord;43,1213200;5,9533100
29281;202000032523;13;2;2020;18:25;3;83;83144;1;1;1;3;A57;43,1334900;5,9847600
29282;202000032524;27;1;2020;11:50;1;51;51649;2;9;1;7;Avenue Jean Jaurès;48,7209512;4,5886393
29283;202000032525;13;2;2020;08:58;1;83;83137;1;1;1;2;A50;43,1213200;5,9533100
29284;202000032526;19;3;2020;19:40;3;74;74184;1;1;1;7;D992;46,0573000;5,9799960
29285;202000032527;16;3;2020;11:45;1;63;63231;1;6;1;6;D2089;45,8700770;3,6280470
29286;202000032528;13;2;2020;08:45;1;69;69382;1;1;1;-1;A 7   ;45,7390700;4,8226200
29287;202000032529;22;3;2020;17:15;1;42;42016;1;1;1;6;Route de Brosseronde;46,1454210;4,0370890
29288;202000032530;9;2;2020;19:30;3;69;69256;1;1;1;2;A42   ;45,8045172;4,9261791
29289;202000032531;22;3;2020;11:15;1;38;38261;2;1;1;-1;D1075;45,6712200;5,4710800
29290;202000032532;14;2;2020;17:00;1;33;33397;1;1;1;5;AUTOROUTE A10;44,9023700; -0,4934600
29291;202000032533;22;3;2020;01:45;3;37;37243;1;1;1;6;129 Route de l'Audeverdière;47,3375696;0,5685946
29292;202000032534;14;2;2020;02:00;3;94;94021;1;1;9;2;AUTOROUTE A6A;48,7704700;2,3455200
29293;202000032535;21;3;2020;17:20;1;06;06152;1;6;1;7;Route des Cretes;43,6209010;7,0352730
29294;202000032536;14;2;2020;07:05;5;92;92047;1;1;8;4;A13;48,8364384;2,1847164
29295;202000032537;20;3;2020;19:35;3;71;71153;2;1;1;6;Rue Chaptal;46,8101088;4,4189392
29296;202000032538;14;2;2020;15:30;1;92;92036;1;1;1;2;AUTOROUTE A86;48,9390900;2,3040200
29297;202000032539;13;2;2020;12:25;1;95;95488;1;1;1;2;AUTOROUTE A15;49,0135100;2,1484400
29298;202000032540;22;3;2020;11:00;1;78;78668;1;1;1;1;RD 37;49,0068060;1,5406390
29299;202000032542;12;2;2020;18:40;3;93;93078;1;1;1;4;AUTOROUTE A104;48,9611800;2,5436500
29300;202000032543;12;2;2020;14:40;1;93;93027;1;1;1;3;AUTOROUTE A86;48,9256900;2,3979400
29301;202000032544;8;2;2020;19:40;3;95;95572;1;1;2;2;RN 184;49,0336800;2,1115000
29302;202000032545;17;1;2020;07:30;2;13;13212;2;3;1;3;BEAUMONT (BOULEVARD);43,3148360;5,4379460
29303;202000032547;20;3;2020;20:09;5;973;97302;1;2;1;3;FELIX EBOUE(ROCADE);4,9295792; -52,3151028
29304;202000032548;13;2;2020;15:50;1;988;98818;2;2;1;3;AVENUE DU MARECHAL FOCH; -22,2743700;166,4428000
29305;202000032549;20;3;2020;10:20;1;971;97113;1;1;2;6;PONT DE POUCET;16,2188700; -61,5030100
29306;202000032550;10;1;2020;17:09;1;976;97611;2;1;1;6;passamanty-M'hogoni (rue); -12,7986000;45,2156700
29307;202000032551;12;2;2020;14:45;1;974;97407;1;1;1;5;OWENS JAMES; -20,9354000;55,3285400
29308;202000032552;19;3;2020;11:00;1;971;97120;2;5;1;3;FRANCOIS ARAGO;16,2389900; -61,5328500
29309;202000032553;12;2;2020;17:15;1;69;69386;2;1;1;6;LAFAYETTE                           (CO);45,7636200;4,8535600
29310;202000032554;12;2;2020;21:20;5;972;97213;1;9;1;2;AUTOROUTE A1;14,6135000; -61,0103000
29311;202000032555;20;3;2020;18:39;2;95;95018;2;2;1;3;GALLIENI (BOULEVARD);48,9427310;2,2430320
29312;202000032556;13;2;2020;13:45;1;972;97209;2;6;7;7;GILBERT GRATIANT (PLACE);14,6035500; -61,0710000
29313;202000032557;18;3;2020;19:00;1;76;76351;2;1;1;5;LENINGRAD (BD DE);49,4986117;0,1585186
29314;202000032558;13;2;2020;07:35;2;69;69152;1;1;1;7; A 450                     ;45,6937600;4,8279600
29315;202000032559;12;2;2020;17:00;1;971;97120;2;1;1;3;CHEMIN NEUF;16,2316248; -61,5315108
29316;202000032560;19;3;2020;14:05;1;74;74012;2;3;1;3;MOLE (RUE DU);46,1974384;6,2370640
29317;202000032561;10;2;2020;19:30;3;95;95427;2;1;3;6;SAINT LEU (ROUTE DE);48,9587400;2,3292700
29318;202000032563;20;3;2020;14:40;1;72;72181;2;1;1;3;COULOMB MICHEL (RUE);47,9707000;0,2137000
29319;202000032564;13;2;2020;10:45;1;91;91174;2;1;3;3;JEAN COCTEAU (RUE);48,6080870;2,4490480
29320;202000032565;20;3;2020;13:36;1;64;64140;2;1;1;3;LATAPPY (RUE SEVERIN);43,5289540; -1,4820100
29321;202000032566;12;2;2020;11:05;1;91;91103;1;1;1;2;CD 19;48,5879100;2,3074700
29322;202000032567;12;2;2020;20:05;5;87;87085;2;1;1;3;COMTE (RUE AUGUSTE);45,8730400;1,2686800
29323;202000032568;19;3;2020;19:15;3;57;57463;2;3;1;1;PLAPPEVILLE (ROUTE DE );49,1254600;6,1591200
29324;202000032570;12;2;2020;15:14;1;87;87085;1;1;1;2;AUTOROUTE A20;45,8752900;1,2878200
29325;202000032571;24;2;2020;16:30;1;57;57591;2;1;1;6;VILLERS (RUE DE);49,2507500;6,0930700
29326;202000032572;13;2;2020;16:45;1;78;78440;2;2;2;1;RÉPUBLIQUE (RUE DE LA);48,9867500;1,9239420
29327;202000032573;12;2;2020;12:12;1;77;77294;2;2;1;6;FRANKLIN ROOSEVELT (AVENUE);48,9538000;2,6004000
29328;202000032574;11;1;2020;02:00;5;77;77152;2;1;1;6;JAURES(AVENUE JEAN) - D372;48,5262100;2,6458100
29329;202000032575;15;3;2020;17:45;1;38;38544;1;1;1;7;Rue Latreille;45,5163300;4,9160100
29330;202000032576;13;2;2020;18:20;5;77;77307;1;1;2;5;RD231;48,8706000;2,7304700
29331;202000032577;1;3;2020;12:25;1;37;37122;2;1;1;6;CHINON (BOULEVARD DE);47,3551154;0,6972465
29332;202000032578;12;2;2020;16:25;1;76;76351;2;6;1;3;Rue des Chargeurs Réunis;49,4853900;0,1368000
29333;202000032579;19;3;2020;10:30;1;27;27375;1;1;1;1;PARIS (CHAUSSEE DE);49,2045200;1,1956400
29334;202000032580;13;2;2020;18:25;5;74;74012;2;6;2;3;18 AOUT 44 (RUE DU);46,1916300;6,2506199
29335;202000032581;21;1;2020;17:20;1;10;10387;2;9;1;3;CHOMEDEY DE MAISONNEUVE (AVE);48,3084680;4,0690430
29336;202000032582;12;2;2020;07:20;1;69;69266;2;1;1;6;GALLINE       (Avenue);45,7762831;4,8685212
29337;202000032583;20;3;2020;15:30;1;75;75116;2;1;1;6;ALLEE DE LA REINE MARGUERITE;48,8634560;2,2481120
29338;202000032584;13;2;2020;09:30;1;69;69115;2;6;8;3;ANSE (route d');45,9730000;4,7173400
29339;202000032585;20;3;2020;07:20;1;75;75116;2;2;1;3;AVENUE THEOPHILE GAUTIER;48,8482270;2,2698940
29340;202000032587;20;3;2020;10:20;1;75;75104;2;3;1;7;RUE VIEILLE DU TEMPLE;48,8572820;2,3573700
29341;202000032589;12;2;2020;20:10;5;62;62041;2;9;1;1;JOUHAUX ( SQUARE LEON );50,2925270;2,7821480
29342;202000032590;20;3;2020;14:20;1;92;92014;2;3;1;3;MARECHAL JOFFRE (BD DU) (1 A 41 - 2 A 56;48,7823054;2,3147696
29343;202000032591;11;2;2020;18:20;5;58;58194;2;1;1;2;PIERRE DE COUBERTIN;46,9856500;3,1593100
29344;202000032592;12;2;2020;11:10;1;57;57368;2;1;1;6;REPUBLIQUE (RUE DE LA );49,3386000;6,0435000
29345;202000032593;12;3;2020;10:35;1;01;01075;1;5;1;1;D75;46,0386544;4,8158723
29346;202000032595;12;2;2020;19:56;1;57;57019;2;2;2;3;CD 47;49,2547500;6,1490500
29347;202000032596;12;2;2020;22:24;3;56;56185;1;1;1;6;RN 165;47,7705100; -3,3785500
29348;202000032597;20;3;2020;17:15;1;73;73270;1;1;1;6;D911;45,5826590;6,1439540
29349;202000032598;13;2;2020;17:00;1;54;54547;2;2;2;3;JAURES (AVENUE JEAN);48,6617722;6,1611608
29350;202000032599;20;3;2020;11:50;1;973;97309;2;1;1;1;RD2;4,8915110; -52,2746002
29351;202000032600;13;2;2020;14:15;1;54;54274;2;6;3;-1;REPUBLIQUE (RUE DE LA);48,6682050;6,2086620
29352;202000032601;25;1;2020;02:35;5;54;54395;2;1;1;2;SAINT LEON (RUE ET EGLISE);48,6892960;6,1724871
29353;202000032602;21;3;2020;13:45;1;60;60019;1;1;1;7;A1;49,5056790;2,7178770
29354;202000032603;13;2;2020;10:20;1;54;54323;2;3;1;2;MERCY (RUE);49,5235430;5,7644530
29355;202000032604;17;3;2020;09:13;1;77;77232;1;1;1;6;RD5-33 Avenue de la Libération;48,9118150;2,8151840
29356;202000032605;12;2;2020;18:32;2;49;49007;2;1;1;3;JUSSIEU;47,4762200; -0,5451000
29357;202000032606;13;2;2020;20:00;5;37;37261;2;2;1;3;LAC (AVENUE DU);47,3637474;0,7000458
29358;202000032607;20;3;2020;17:00;1;34;34039;1;6;1;6;D613;43,4531180;3,6535500
29359;202000032608;21;3;2020;15:30;1;39;39517;1;1;1;1;Proximité du hameau de Treffay;46,7182320;6,0033740
29360;202000032609;18;3;2020;05:46;3;38;38544;2;1;1;2;Boulevard Georges Pompidou;45,5108700;4,8566300
29361;202000032610;17;1;2020;19:30;3;05;05061;2;1;4;4;RN 85;44,6009500;6,0793300
29362;202000032611;19;3;2020;21:50;5;69;69387;2;2;1;3;CLAUDE VEYRON                       (R );45,7469700;4,8564400
29363;202000032612;13;2;2020;20:00;5;37;37261;2;2;8;3;JEMMAPES (RUE);47,4211877;0,6837224
29364;202000032614;19;3;2020;16:30;1;2A;2A004;2;9;1;3;AVENUE DU DOCTEUR NOEL FRANCHINI;41,9364884;8,7535172
29365;202000032615;13;2;2020;07:40;5;35;35238;2;6;2;3;GRIMAULT (BD LEON);48,0914500; -1,6581500
29366;202000032616;18;3;2020;17:40;1;80;80021;2;1;1;3;SAINT FUSCIEN (RUE);49,8846300;2,3039600
29367;202000032617;11;2;2020;18:40;5;34;34003;2;1;1;1;ROCHELONGUE (G14 A O16;43,3066900;3,4758000
29368;202000032618;14;2;2020;00:56;3;33;33075;1;1;2;6;ALL DE LA RESERVE;44,8944900; -0,6030900
29369;202000032619;13;2;2020;18:10;2;33;33318;2;2;1;1;AVE ANTOINE BECQUEREL / RUE GUTENBERG;44,7882900; -0,6463600
29370;202000032620;18;3;2020;09:20;1;76;76484;2;4;1;3;FRATERNITE. AVENUE DE LA;49,3610300;1,0988100
29371;202000032621;13;2;2020;17:45;1;33;33550;2;3;1;2;Rue de Chambery / Rue Fernand Jarnac;44,7638200; -0,5633700
29372;202000032622;5;2;2020;16:30;1;33;33281;2;2;1;3;AVE ARISTIDE BRIAND;44,8231600; -0,6528500
29373;202000032623;15;3;2020;18:45;2;69;69282;2;2;1;3;POMMIER (DE)                        (CH);45,7771800;5,0054000
29374;202000032625;13;2;2020;14:15;1;33;33039;1;1;1;3;RUE DES FRERES LUMIERE;44,7933700; -0,5348400
29375;202000032626;18;3;2020;10:05;1;64;64024;2;3;1;3;PITOYS (ROUTE DE);43,4634000; -1,5069000
29376;202000032627;14;2;2020;13:15;1;33;33522;2;1;1;-1;Boulevard du Président Franklin Roosevelt;44,8179100; -0,5777400
29377;202000032628;19;3;2020;04:15;5;62;62035;2;1;1;6;LABEUVRIERE ( RUE DE );50,5315380;2,6111510
29378;202000032629;13;2;2020;10:00;1;33;33281;2;1;2;3;AVE HENRI BARBUSSE;44,8562600; -0,6408000
29379;202000032632;19;3;2020;18:20;1;45;45234;2;1;1;6;Route d'Olivet;47,8866378;1,9049613
29380;202000032633;12;2;2020;07:40;2;33;33529;2;1;1;2;CAZAUX (BD DE);44,6118300; -1,1340000
29381;202000032634;8;2;2020;05:15;5;33;33529;1;6;1;1;RD 1250 (Camicas - Sortie Dune);44,6224800; -1,1598600
29382;202000032635;19;3;2020;07:30;1;35;35238;2;6;1;3;VALLES (JULES);48,1038000; -1,7118400
29383;202000032636;13;2;2020;12:00;1;31;31555;2;1;1;2;AV DE LYON;43,6155000;1,4525800
29384;202000032637;7;3;2020;14:50;1;33;33119;2;1;1;6;Rue Aristide Briand;44,8616300; -0,5232700
29385;202000032638;12;2;2020;16:15;1;31;31555;2;3;1;3;AV CAMILLE PUJOL;43,6006000;1,4666200
29386;202000032639;9;2;2020;17:10;1;31;31555;2;1;1;3;PORT DE L EMBOUCHURE;43,6105100;1,4147700
29387;202000032641;17;3;2020;10:00;1;31;31555;2;1;1;6;RUE DU LANGUEDOC;43,5967800;1,4456500
29388;202000032642;12;3;2020;18:30;1;29;29019;2;1;1;4;Pont de Recouvrance;48,3843782; -4,4964078
29389;202000032643;11;2;2020;16:30;1;22;22360;1;1;1;4;le perray;48,4804500; -2,7002200
29390;202000032644;6;2;2020;17:15;1;22;22278;2;1;1;2;RIBOT (THEODULE);48,5185830; -2,7830450
29391;202000032646;13;2;2020;11:45;1;17;17415;2;1;1;6;DE GAULLE COURS CHARLES;45,7411500; -0,6255500
29392;202000032647;19;3;2020;19:08;5;06;06088;2;1;1;6;MADELEINE (BD DE LA);43,7037000;7,2346000
29393;202000032648;13;2;2020;08:37;1;17;17300;2;2;3;6;SAUTEL  BOULEVARD ANDRE;46,1681800; -1,1321700
29394;202000032649;18;3;2020;17:25;1;01;01053;1;6;1;7;CHAGNE ( CHEMIN DE LA);46,2034381;5,2739072
29395;202000032650;19;3;2020;20:20;5;75;75115;2;4;1;7;QUAI D ISSY LES MOULINEAUX;48,8354020;2,2668850
29396;202000032651;13;2;2020;07:20;1;13;13201;2;2;1;3;PARADIS (RUE)       1 A 47;43,2922100;5,3772800
29397;202000032652;13;2;2020;01:45;5;13;13206;2;9;1;6;LIEUTAUD (COURS);43,2900000;5,3800000
29398;202000032654;19;3;2020;10:30;1;75;75110;2;3;1;3;BOULEVARD DE LA VILLETTE;48,8743820;2,3741620
29399;202000032655;13;2;2020;02:00;3;13;13047;1;1;1;6;RN 1569;43,5741000;4,9926000
29400;202000032656;19;3;2020;02:10;5;94;94043;2;1;1;6;GABRIEL PERI (R);48,8114558;2,3512100
29401;202000032657;12;2;2020;10:35;1;11;11262;2;1;1;6;LUNES (ROUTE DE);43,1769000;3,0053700
29402;202000032658;17;3;2020;13:45;1;94;94002;2;1;1;3;BLANQUI (QU);48,8009300;2,4223100
29403;202000032659;13;2;2020;18:10;5;75;75114;2;1;1;2;PORTE DE CHATILLON;48,8225610;2,3141690
29404;202000032660;19;3;2020;16:30;1;92;92007;2;9;1;3;BRIAND (AVENUE ARISTIDE) N° 162 A 300;48,7912200;2,3198000
29405;202000032661;13;2;2020;14:25;1;75;75116;2;1;1;3;ECHANGEUR AUTEUIL;48,8524220;2,2525860
29406;202000032662;16;3;2020;15:20;1;37;37074;2;1;2;1;49 Rue de la Hurtauderie;47,2448173;0,1523006
29407;202000032663;13;2;2020;06:10;5;75;75119;2;4;8;-1;PORTE DE LA VILLETTE;48,9003430;2,3804220
29408;202000032664;19;3;2020;15:15;1;972;97225;1;1;1;7;Fond Canonville;14,7737720; -61,2015830
29409;202000032665;19;3;2020;17:15;1;30;30251;1;1;1;6;D138;44,1976590;4,6944560
29410;202000032666;13;3;2020;22:40;3;74;74100;1;1;1;6;D310;46,0151150;5,8903460
29411;202000032667;12;2;2020;20:55;5;75;75113;2;1;1;-1;PORTE D ITALIE;48,8161510;2,3611500
29412;202000032668;19;3;2020;17:45;1;80;80338;2;1;1;7;7 Residence du Vallon;49,8978700;2,5113700
29413;202000032669;13;2;2020;18:00;2;75;75105;2;3;2;2;QUAI SAINT BERNARD;48,8468490;2,3609700
29414;202000032670;17;3;2020;13:55;1;29;29259;1;1;1;6;D58 A - Bel Air;48,6666520; -3,9757690
29415;202000032671;20;3;2020;02:00;3;02;02671;1;1;1;6;D6;49,4947510;3,1702420
29416;202000032672;13;2;2020;10:05;1;75;75119;2;7;2;3;BOULEVARD DE LA VILLETTE;48,8784320;2,3704460
29417;202000032673;13;2;2020;20:15;5;75;75118;2;1;2;6;BOULEVARD DE LA CHAPELLE;48,8839960;2,3515320
29418;202000032674;13;2;2020;11:45;1;75;75118;2;1;1;6;RUE DU POTEAU;48,8971650;2,3380620
29419;202000032675;13;2;2020;17:15;1;75;75116;2;1;2;-1;RUE MOLITOR;48,8452500;2,2614980
29420;202000032677;13;2;2020;09:45;1;75;75112;2;2;3;7;AVENUE LEDRU ROLLIN;48,8486300;2,3725420
29421;202000032678;13;2;2020;09:40;1;75;75110;2;2;3;3;RUE LOUIS BLANC;48,8813290;2,3647160
29422;202000032679;13;2;2020;18:25;5;75;75108;2;1;8;3;RUE DE BERRI;48,8746150;2,3080680
29423;202000032680;13;2;2020;16:05;1;75;75107;2;2;1;3;PORT DE LA BOURDONNAIS;48,8606410;2,2954590
29424;202000032682;13;2;2020;15:25;1;75;75101;2;1;2;6;BOULEVARD DU PALAIS;48,8552190;2,3458030
29425;202000032683;10;2;2020;13:45;1;94;94068;2;2;2;3;ALSACE LORRAINE (R D);48,8050000;2,4770000
29426;202000032684;13;2;2020;03:30;5;94;94065;2;6;1;3;LORRAINE (RUE DE);48,7633421;2,3551274
29427;202000032685;13;2;2020;19:09;5;94;94017;2;1;3;6;REGARD DES LUATS (R DU);48,8201700;2,5316900
29428;202000032686;13;2;2020;09:10;1;93;93073;2;1;2;6;CHAPIT RE ( RUE DU);49,0017881;2,5370300
29429;202000032687;13;2;2020;07:30;5;93;93078;2;6;2;2;BALLANGER (BD ROBERT);48,9615900;2,5562600
29430;202000032688;13;2;2020;07:20;2;93;93073;2;9;2;6;CHAPIT RE ( RUE DU);49,0034241;2,5368129
29431;202000032689;13;2;2020;07:00;5;93;93059;2;3;2;2;PASTEUR (BOULEVARD);48,9655000;2,3636000
29432;202000032690;13;2;2020;09:00;1;93;93051;2;6;2;2;MONT D'EST (BD);48,8431000;2,5478000
29433;202000032691;13;2;2020;16:35;1;93;93050;2;6;1;7;GASTON NAVAILLE (RUE);48,8710963;2,5335449
29434;202000032692;13;2;2020;16:54;1;93;93027;2;2;2;3;PASCAL (RUE);48,9284300;2,4007800
29435;202000032694;13;2;2020;20:30;5;92;92072;2;1;8;3;PAVE DES GARDES (ROUTE DU);48,8127900;2,2158200
29436;202000032695;13;2;2020;10:45;1;92;92064;2;1;2;6;CALVAIRE;48,8465010;2,2187568
29437;202000032696;13;2;2020;10:30;1;92;92062;2;1;1;2;CIRCULAIRE (boulevard);48,8868568;2,2384751
29438;202000032697;13;2;2020;17:58;2;92;92050;2;3;2;3;SADI CARNOT RUE;48,8869290;2,2082870
29439;202000032698;13;2;2020;13:30;1;92;92023;2;2;8;3;GENERAL DE GAULLE (AVENUE DU)/ rue de Versailles;48,7834000;2,2467000
29440;202000032699;13;2;2020;19:05;5;92;92012;2;1;1;2;COURS DE L'ILE SEGUIN;48,8282000;2,2355000
29441;202000032700;2;10;2020;10:00;1;92;92012;2;2;1;3;MEUDON (RUE DE) - COTE PAIR;48,8255880;2,2419040
29442;202000032703;14;2;2020;15:06;1;54;54312;1;1;1;5;RD 910;48,9236980;6,0943870
29443;202000032704;13;2;2020;19:40;3;2A;2A249;1;1;8;1;337 Anelapo E Mezza Bojocca;41,6548297;8,9185583
29444;202000032705;14;2;2020;02:00;3;52;52114;1;1;2;6;D107;48,0376920;4,8815770
29445;202000032706;13;2;2020;22:00;3;60;60016;1;1;1;6;D929;49,3635642;2,3701442
29446;202000032707;14;2;2020;13:35;1;31;31082;1;1;1;3;D826;43,5928250;1,7133520
29447;202000032708;13;2;2020;19:35;3;21;21483;1;1;6;2;A31;47,4661750;5,1828390
29448;202000032709;14;2;2020;15:25;1;71;71270;1;1;1;-1;A6;46,3251980;4,8064010
29449;202000032710;12;2;2020;14:19;1;68;68295;2;3;1;3;1 Rue des Platanes;48,0121980;7,3812250
29450;202000032711;13;2;2020;19:35;3;11;11203;1;1;1;1;D611 - PR 14+500;43,1622740;2,7301240
29451;202000032712;14;2;2020;16:55;1;974;97414;2;9;1;3;Route Nationale 5; -21,2812970;55,4319910
29452;202000032714;13;2;2020;07:05;2;2A;2A271;2;1;1;1;La Casaccia;41,9530599;8,7876465
29453;202000032715;14;2;2020;11:30;1;80;80627;1;1;1;2;D210;49,8012837;2,2165149
29454;202000032716;14;2;2020;06:50;5;49;49347;2;2;1;3;Rue du Bourg-joly;47,6146040; -0,4650520
29455;202000032717;12;2;2020;13:30;1;31;31436;1;1;8;6;Bois de Peyre;43,3273850;1,0598780
29456;202000032718;11;2;2020;21:20;5;02;02810;2;9;1;3;Rue du 18 Juillet;49,2536680;3,0933720
29457;202000032721;25;2;2020;08:50;1;75;75108;2;7;1;3;ROND POINT CHAMPS ELYSEES;48,8694070;2,3109490
29458;202000032722;2;9;2020;06:25;1;988;98818;2;4;1;3;BRETELLE BONAPARTE FOREST; -22,2420200;166,4572900
29459;202000032724;2;9;2020;13:45;1;988;98818;2;6;1;3;ROUTE EXPRESS DU MONT-DORE; -22,2462100;166,4719600
29460;202000032725;2;9;2020;19:00;3;974;97416;1;1;1;6;TOBY LES HAUTS(CHEMIN); -21,2954300;55,4556700
29461;202000032726;1;9;2020;08:20;1;974;97416;2;1;1;2;SAVIGNY (CHEMIN EDOUARD); -21,2973400;55,4926000
29462;202000032728;3;9;2020;07:10;1;974;97411;2;1;1;6;Rue Monthyon; -20,8876600;55,4543600
29463;202000032729;2;9;2020;20:30;3;974;97407;1;1;1;7;ROUTE NATIONALE N° 1; -20,9471600;55,3231600
29464;202000032730;1;9;2020;11:20;1;974;97407;2;6;1;1;MASCAREIGNES(BOULEVARD); -20,9408400;55,3074300
29465;202000032731;3;9;2020;23:10;5;69;69259;2;1;1;6;AMBROISE CROIZAT                    (BD);45,7046900;4,8876100
29466;202000032732;3;9;2020;18:20;1;69;69199;2;1;1;3;JEAN JAURES                         (AV);45,7115300;4,8551200
29467;202000032733;3;9;2020;17:35;1;69;69199;2;1;1;6;REPUBLIQUE (DE LA)                  (R );45,7120300;4,8542500
29468;202000032734;3;9;2020;11:45;1;69;69387;2;2;1;6;CHEVREUL                            (R );45,7486234;4,8397945
29469;202000032735;2;9;2020;18:45;1;69;69383;2;2;1;3;MARIUS VIVIER MERLE                 (BD);45,7536598;4,8592751
29470;202000032736;2;9;2020;15:58;1;69;69383;2;2;1;1;CHAPONNAY                           (R );45,7584300;4,8492700
29471;202000032737;3;9;2020;08:25;1;69;69389;2;1;1;6;GEORGES CLEMENCEAU                  (PT);45,7749100;4,8086800
29472;202000032738;3;9;2020;10:50;1;971;97113;1;1;1;3;BAS DU FORT;16,2178400; -61,5153200
29473;202000032739;2;9;2020;08:30;1;971;97120;2;1;1;6;BD LEGITIMUS;16,2438341; -61,5345848
29474;202000032740;3;9;2020;07:30;1;91;91223;2;1;1;6;LOUIS (AVENUE FREDERIC);48,4289700;2,1667200
29475;202000032741;3;9;2020;18:47;1;88;88160;2;1;1;6;COTE-CABICHE (RUE DE LA );48,1864700;6,4382000
29476;202000032742;3;9;2020;08:04;1;87;87085;2;1;1;6;ROUSSILLON (AVENUE DU);45,8179400;1,2230800
29477;202000032743;3;9;2020;05:00;5;83;83137;2;1;1;7;ARMARIS (BD DES);43,1260530;5,9813420
29478;202000032744;3;9;2020;15:20;1;77;77447;1;1;1;3;C.D 39;48,5367700;2,5578400
29479;202000032745;2;9;2020;12:25;1;76;76216;2;1;1;6;FONTENELLE. RUE DE;49,4762200;1,0535600
29480;202000032746;2;9;2020;20:45;5;76;76451;2;1;1;6;MONT AUX MALADES. AVENUE DU;49,4606600;1,0824500
29481;202000032747;2;9;2020;13:10;1;76;76575;2;1;1;-1;RUE DU CLOS TELLIER;49,3777400;1,1157300
29482;202000032748;3;9;2020;16:00;1;76;76382;1;1;1;2;D6015;49,5777100;0,5152840
29483;202000032749;1;9;2020;22:55;5;71;71153;2;1;1;6;MITTERRAND (AVENUE FRANCOIS);46,8066505;4,4304317
29484;202000032750;3;9;2020;03:20;5;69;69266;2;1;1;6;TOLSTOI    (Cours);45,7636826;4,8709174
29485;202000032751;2;9;2020;21:20;5;69;69256;2;2;1;3;FAVIER                              (R );45,7719400;4,9198700
29486;202000032752;2;9;2020;19:38;1;66;66136;2;1;1;3;REMPARTS-SAINT-JACQUES (DES);42,6969400;2,9019700
29487;202000032753;2;9;2020;08:25;1;65;65440;2;2;1;1;LIBERATION (AVENUE DE LA);43,2440800;0,0673500
29488;202000032754;3;9;2020;15:00;1;64;64445;2;1;1;3;3 Rue Marca;43,2943500; -0,3772530
29489;202000032755;3;9;2020;15:05;1;64;64102;2;3;1;2;LOEB (AVENUE DE L'INTERNE JACQUES);43,4792000; -1,4845000
29490;202000032756;3;9;2020;13:30;1;64;64024;2;1;1;2;SAUBADINE (RUE DE);43,4957000; -1,5320300
29491;202000032757;3;9;2020;12:00;1;64;64024;2;3;1;7;MOULINAOU (ALLEE DU);43,4765800; -1,5099700
29492;202000032758;3;9;2020;10:50;1;64;64024;2;1;1;7;PLAGES (BOULEVARD DES);43,5096500; -1,5295300
29493;202000032759;3;9;2020;09:50;1;64;64102;2;1;1;7;PAULMY (AVENUE DES ALLEES);43,4925600; -1,4808100
29494;202000032760;30;8;2020;08:35;1;63;63113;2;2;1;3;BEAUPEYRAS (RUE DE);45,7946931;3,0825733
29495;202000032761;21;1;2020;17:30;5;62;62250;2;1;5;6;BRIAND (R ARISTIDE);50,4537500;2,9406400
29496;202000032762;3;9;2020;19:30;1;61;61001;2;1;1;2;CLEMENCEAU (COURS);48,4325500;0,0864100
29497;202000032763;3;9;2020;11:02;1;59;59155;2;9;1;6;FURNES - ROUTE;51,0338807;2,4021234
29498;202000032764;28;8;2020;15:10;1;59;59122;2;6;1;3;BART (BOULEVARD JEAN);50,1824180;3,2275400
29499;202000032767;2;9;2020;14:05;1;56;56121;2;1;1;4;MONISTROL (RUE);47,7378300; -3,3819000
29500;202000032768;2;9;2020;12:35;1;56;56121;2;2;1;3;Avenue Chenailler Dit Colonel Morice;47,7365700; -3,3903100
29501;202000032769;3;9;2020;21:45;5;51;51058;1;1;1;7;Rue Saint Remi;49,2227146;3,9937837
29502;202000032770;2;9;2020;23:30;5;50;50173;2;1;1;6;RENAN (RUE ERNEST);49,6494300; -1,6852200
29503;202000032771;31;8;2020;14:38;1;49;49015;1;1;1;2;D775;47,5109400; -0,6182400
29504;202000032774;3;9;2020;16:10;1;35;35238;2;4;1;3;DINAN (DE);48,1172100; -1,6823000
29505;202000032775;2;9;2020;19:35;1;35;35238;2;6;1;3;GAYEULLES (ROND POINT);48,1274191; -1,6524442
29506;202000032777;3;9;2020;16:15;1;34;34172;2;1;1;3;LAVERUNE (ROUTE DE;43,5982400;3,8412300
29507;202000032778;3;9;2020;08:55;1;34;34172;2;1;1;3;LODEVE (AVENUE DE;43,6147750;3,8313954
29508;202000032779;3;9;2020;08:50;1;34;34172;2;1;1;3;POMPIGNANE (AVENUE DE LA);43,6070900;3,8987100
29509;202000032780;2;9;2020;17:30;1;34;34172;2;1;1;2;TOULOUSE (AVENUE DE;43,5991900;3,8660600
29510;202000032781;3;9;2020;23:05;5;33;33063;2;7;1;7;PLACE RAVEZIES / ALL DE BOUTAUT;44,8662300; -0,5757300