;Num_Acc;jour;mois;an;hrmn;lum;dep;com;agg;int;atm;col;adr;lat;long
29747;202000033047;2;8;2020;03:00;3;95;95527;1;1;1;7;AUTOROUTE A1;48,9950600;2,5160800
29748;202000033048;2;8;2020;19:15;1;94;94017;1;1;1;4;A4;48,8268961;2,5128995
29749;202000033050;2;8;2020;17:00;1;77;77237;1;1;1;-1;A4;48,8302090;2,7517960
29750;202000033051;29;10;2020;11:30;1;27;27375;2;1;8;6;JOFFRE (BOULEVARD DU ML);49,2148200;1,1668100
29751;202000033052;1;8;2020;21:50;5;94;94058;1;1;1;4;A86.EXT;48,8482589;2,4916133
29752;202000033053;1;8;2020;18:10;2;974;97411;2;2;1;3;MARIE (RUE SAINTE); -20,8827996;55,4543281
29753;202000033054;1;8;2020;16:15;1;2B;2B033;2;1;1;-1;PAOLI DU NR 21 AU 45 -BLD;42,6995200;9,4497700
29754;202000033055;29;10;2020;18:11;3;26;26362;1;9;1;4;L.A.C.R.A  RN 7 (101);44,9408200;4,9427700
29755;202000033056;31;7;2020;20:50;3;971;97101;1;1;2;6;DOTHEMARE;16,2648800; -61,5112400
29756;202000033057;1;8;2020;21:45;2;91;91345;2;2;1;1;PRESIDENT FRANCOIS MITTERAND;48,6974510;2,2951640
29757;202000033058;29;10;2020;10:50;1;22;22278;2;2;1;-1;FRANCE (AV. DE);48,5120800; -2,7449400
29758;202000033059;1;8;2020;17:20;1;91;91174;2;9;1;5;JOHN KENNEDY (BOULEVARD);48,5845200;2,4764700
29759;202000033060;28;10;2020;10:25;1;22;22106;2;6;1;3;AMBROISE PARE (RUE);48,4994500; -2,7305000
29760;202000033061;1;8;2020;21:55;5;82;82121;2;1;1;3;MOULIN N 20 (AVENUE JEAN);44,0278100;1,3683700
29761;202000033062;29;10;2020;15:15;1;17;17300;2;2;1;3;REMPARTS   CHEMIN DES;46,1583800; -1,1575800
29762;202000033063;29;10;2020;16:45;1;15;15014;2;9;1;3;DELMONT (RUE HENRY);44,9343000;2,4494000
29763;202000033065;31;7;2020;12:55;1;77;77058;2;6;1;3;LAGNY (BOULEVARD DE) - D35;48,8312810;2,7061050
29764;202000033067;29;10;2020;12:45;1;13;13209;2;1;1;6;SCHLOESING (BOULEVARD);43,2730780;5,4006590
29765;202000033068;1;8;2020;16:50;1;72;72181;2;1;1;2;GENESLAY FELIX (AV) N° PAIRS 2 A 144;47,9816200;0,2098400
29766;202000033070;31;7;2020;15:45;1;71;71153;2;1;1;-1;MAZENAY (RUE DE);46,8027147;4,4501729
29767;202000033071;29;10;2020;17:45;2;11;11069;2;1;1;5;MAQUENS -CHEMIN DE-;43,2083500;2,3146700
29768;202000033072;1;8;2020;13:10;1;68;68224;2;1;1;6;ORPHELINS (RUE DES);47,7499400;7,3369200
29769;202000033073;29;10;2020;18:00;1;06;06030;2;1;1;3;CARIMAI (RUE);43,5794800;6,9954500
29770;202000033074;1;8;2020;17:00;1;64;64260;2;1;1;3;TUNNEL (RUE DU);43,3578500; -1,7716200
29771;202000033075;27;10;2020;08:25;1;06;06027;2;1;1;3;PLAGE BOULEVARD DE LA;43,6570700;7,1729200
29772;202000033076;1;8;2020;08:10;1;64;64129;2;1;2;3;CHATEAU D'ESTE DU;43,3067674; -0,3855000
29773;202000033077;28;10;2020;13:30;1;03;03310;2;1;1;6;;46,1441057;3,4147846
29774;202000033078;1;8;2020;10:30;1;64;64024;2;1;2;7;BAHINOS (ROND POINT DE);43,4944000; -1,5188000
29775;202000033079;13;10;2020;11:00;1;02;02691;2;1;3;7;MULHOUSE DE 8 A 125 (RUE DE);49,8513780;3,2975730
29776;202000033080;1;8;2020;17:50;1;57;57463;2;4;1;3;TREVES (BOULEVARD DE );49,1174500;6,1881300
29777;202000033081;1;8;2020;12:20;1;51;51454;2;1;1;3;Boulevard Pommery;49,2535536;4,0542174
29778;202000033083;1;8;2020;13:40;1;51;51108;2;1;1;1;Pénétrante Urbaine;48,9465844;4,3481611
29779;202000033084;29;10;2020;17:00;1;75;75120;2;3;2;6;RUE DES RONDEAUX;48,8631650;2,3976470
29780;202000033086;29;10;2020;09:00;1;75;75120;2;2;1;3;RUE DES PYRENEES;48,8716610;2,3922810
29781;202000033087;1;8;2020;19:00;1;45;45338;1;1;1;6;D2060 PR 30 + 700;47,9833800;2,7047500
29782;202000033088;29;10;2020;10:25;1;75;75119;2;1;8;7;RUE GEORGES AURIC;48,8850860;2,3857360
29783;202000033089;28;7;2020;18:03;1;42;42225;2;6;9;-1;Rond-point du Sardon;45,5199990;4,5937040
29784;202000033090;1;8;2020;07:15;1;42;42183;2;6;1;6;Rue Jean Moulin;45,4052560;4,3717270
29785;202000033091;29;10;2020;14:25;1;75;75117;2;4;1;3;AVENUE DE WAGRAM;48,8753390;2,2961850
29786;202000033092;1;8;2020;22:25;5;35;35238;2;1;1;6;51 Mail François Mitterrand;48,1091837; -1,6901832
29787;202000033093;28;10;2020;14:15;1;75;75116;2;7;1;3;PLACE DU MARECHAL DE LATTRE DE TASSIGNY;48,8721190;2,2754010
29788;202000033094;31;7;2020;16:00;1;34;34172;2;9;1;6;DURAND (RUE MARIE);43,6183719;3,8985948
29789;202000033095;29;10;2020;18:00;5;75;75115;2;1;1;6;RUE OLIVIER DE SERRES;48,8358980;2,2970250
29790;202000033096;28;10;2020;21:30;5;75;75115;2;2;1;7;BOULEVARD GENERAL MARTIAL VALIN;48,8369400;2,2742360
29791;202000033097;1;8;2020;06:05;2;34;34003;1;1;1;3;RD612;43,3011900;3,4619300
29792;202000033099;31;7;2020;20:45;1;25;25031;2;1;1;3;BELFORT (RUE DE);47,4855450;6,8413170
29793;202000033100;29;10;2020;14:55;1;75;75112;2;1;1;2;BOULEVARD DE PICPUS;48,8466870;2,3997530
29794;202000033101;1;8;2020;20:04;1;13;13210;2;1;1;2;ROMAIN ROLLAND (BOULEVARD);43,2775700;5,4204100
29795;202000033102;29;10;2020;01:20;5;75;75110;2;1;3;6;AVENUE CLAUDE VELLEFAUX;48,8727490;2,3698930
29796;202000033103;1;8;2020;15:38;1;13;13214;2;2;1;3;ROLAND DORGELES (BOULEVARD);43,3491638;5,3752407
29797;202000033104;29;10;2020;07:25;2;75;75108;2;1;8;7;PORT DE LA CONFERENCE;48,8641200;2,3027090
29798;202000033105;1;8;2020;02:35;5;13;13208;2;4;1;1;JULES CANTINI (AVENUE);43,2829700;5,3890800
29799;202000033106;28;10;2020;20:50;5;75;75108;2;7;1;3;PLACE BEAUVAU;48,8712070;2,3161580
29800;202000033107;29;10;2020;20:50;5;75;75101;2;3;1;6;RUE DE RIVOLI;48,8591070;2,3464340
29801;202000033108;29;10;2020;17:40;2;75;75101;2;1;8;6;RUE DE RIVOLI;48,8616410;2,3386980
29802;202000033109;1;8;2020;23:25;5;13;13063;2;9;1;3;THEODORE AUBANEL BOULEVARD;43,5878500;5,0003300
29803;202000033111;31;7;2020;19:00;1;13;13047;1;1;1;3;RN 569;43,5577300;4,9757200
29804;202000033112;29;10;2020;08:50;1;75;75104;2;3;1;1;RUE SAINT ANTOINE;48,8547730;2,3624230
29805;202000033113;31;7;2020;06:50;1;08;08105;2;1;1;7;RN 43;49,7340400;4,7203600
29806;202000033114;29;10;2020;07:20;2;94;94074;2;1;1;6;CHAMP SAINT-JULIEN (AV DU);48,7480000;2,4590000
29807;202000033115;1;8;2020;03:19;5;06;06088;2;2;1;5;BARLA (TRAV.);43,7000000;7,2500000
29808;202000033116;29;10;2020;12:50;1;94;94015;2;2;2;6;CHERBOURG (R DE);48,8431200;2,5233720
29809;202000033117;29;10;2020;17:00;1;94;94041;2;1;2;2;GARE (R DE LA);48,8155400;2,3931200
29810;202000033118;1;8;2020;15:45;1;06;06069;2;1;1;1;LECLERC (BOULEVARD DU MARECHAL);43,6504500;6,9208100
29811;202000033119;29;10;2020;09:07;1;94;94041;2;3;1;6;MAURICE THOREZ (AV);48,8177000;2,3755200
29812;202000033120;1;8;2020;06:55;2;06;06069;2;6;1;3;SIDI BRAHIM (AVENUE);43,6498300;6,9314260
29813;202000033122;31;7;2020;13:00;1;75;75112;2;1;1;3;BOULEVARD PERIPHERIQUE;48,8286420;2,3988890
29814;202000033124;1;8;2020;17:25;1;75;75105;2;2;1;3;RUE SAINT JACQUES;48,8495920;2,3448750
29815;202000033125;1;8;2020;15:10;1;75;75106;2;5;1;3;BOULEVARD SAINT GERMAIN;48,8521580;2,3405460
29816;202000033126;29;10;2020;13:25;1;94;94079;2;1;8;7;GENERAL LECLERC (R DU);48,8224800;2,5409000
29817;202000033127;1;8;2020;00:38;5;75;75105;2;2;1;3;RUE SAINT JACQUES;48,8473580;2,3436550
29818;202000033128;29;10;2020;16:29;1;94;94018;2;1;1;2;PARIS (R DE);48,8273100;2,4046400
29819;202000033129;31;7;2020;21:25;2;75;75120;2;2;1;3;RUE DES PYRENEES;48,8716610;2,3922880
29820;202000033130;29;10;2020;10:00;1;93;93066;2;9;1;5;LENINE (AVENUE) NR 2 A 26;48,9402366;2,3679483
29821;202000033131;1;8;2020;20:00;1;75;75118;2;1;1;3;RUE DE CHARTRES;48,8846850;2,3536200
29822;202000033132;29;10;2020;15:30;1;93;93064;2;1;1;3;KENNEDY (AVENUE DU PRESIDENT);48,8778300;2,4869400
29823;202000033133;1;8;2020;15:00;1;75;75119;2;1;1;3;AVENUE DE FLANDRE;48,8911770;2,3761780
29824;202000033134;16;6;2020;10:50;1;93;93048;2;1;1;7;PARIS (RUE DE);48,8555775;2,4222358
29825;202000033137;1;8;2020;14:15;1;75;75116;2;1;1;2;ALLEE DE LONGCHAMP;48,8667940;2,2485250
29826;202000033139;1;8;2020;00:20;5;75;75116;2;1;1;3;ALLEE DE LA REINE MARGUERITE;48,8612240;2,2466350
29827;202000033140;29;10;2020;20:20;5;92;92044;2;1;1;3;GABRIEL PERI(RUE) 51+ ET 48+;48,8933100;2,2866100
29828;202000033141;1;8;2020;14:30;1;75;75114;2;2;1;3;RUE VERCINGETORIX;48,8327430;2,3115570
29829;202000033142;29;10;2020;14:45;1;92;92025;2;3;1;6;PRESIDENT KENNEDY (RUE DU);48,9282320;2,2584230
29830;202000033143;1;8;2020;10:50;1;75;75111;2;2;1;3;RUE LEON FROT;48,8551210;2,3871340
29831;202000033144;29;10;2020;19:00;5;92;92024;2;2;1;3;GENERAL LECLERC (BD DU) DE (61 A 9);48,9026933;2,3135368
29832;202000033145;1;8;2020;14:30;1;75;75107;2;2;1;2;QUAI D ORSAY;48,8623780;2,3092360
29833;202000033146;29;10;2020;09:15;1;92;92024;2;1;1;-1;GEORGES BOISSEAU (RUE);48,9065514;2,3136697
29834;202000033147;1;8;2020;02:10;5;75;75101;2;1;1;6;RUE DE RIVOLI;48,8598220;2,3442490
29835;202000033148;28;10;2020;18:20;5;92;92024;2;2;2;6;LEON GAMBETTA (ALLEES);48,9026920;2,3098570
29836;202000033149;29;7;2020;21:15;2;75;75101;2;2;1;4;BOULEVARD DE SEBASTOPOL;48,8600710;2,3490950
29837;202000033150;23;10;2020;13:55;1;92;92024;2;3;1;3;JEAN JAURES (BD) DE 47 A 109)   (56 A 14;48,9022300;2,3043500
29838;202000033151;1;8;2020;07:10;1;94;94081;2;9;1;3;LEON GEFFROY (R);48,7799000;2,4081400
29839;202000033152;28;10;2020;20:55;5;92;92019;2;1;1;-1;LONGUET JEAN (RUE);48,7682491;2,2799092
29840;202000033153;1;8;2020;19:55;1;94;94058;2;1;1;6;MARECHAL JOFFRE (AV DU);48,8410600;2,5099200
29841;202000033154;30;10;2020;09:20;1;974;97415;2;1;1;6;Rue Kovil; -20,9871060;55,2919310
29842;202000033155;1;8;2020;02:10;5;94;94068;2;2;1;3;REPUBLIQUE (AV DE LA);48,8015300;2,4859800
29843;202000033156;29;10;2020;21:45;3;17;17373;2;1;1;1;Route du Silo;46,1385710; -1,0090580
29844;202000033157;29;10;2020;16:56;1;49;49092;2;9;1;3;Chemillé-en-Anjou;47,2073320; -0,7178990
29845;202000033158;31;7;2020;23:00;5;94;94076;2;5;1;3;STALINGRAD (AV DE);48,7846000;2,3668100
29846;202000033159;29;10;2020;13:00;1;28;28188;1;1;1;6;A11;48,4979310;1,6881070
29847;202000033160;1;8;2020;01:00;5;94;94041;2;2;1;6;GENERAL LECLERC (AV DU);48,8131520;2,3805750
29848;202000033161;1;8;2020;17:30;1;94;94022;2;2;1;6;DOCTEUR ROUX (R DU);48,7710000;2,4035000
29849;202000033162;29;10;2020;11:50;1;51;51585;1;3;2;3;D3;49,0794618;3,6897136
29850;202000033163;31;7;2020;23:47;5;94;94081;2;1;1;7;GROUPE MANOUCHIAN (AV DU);48,7893690;2,4056600
29851;202000033164;28;10;2020;19:40;3;972;97225;1;1;1;-1;D10;14,7547350; -61,1827750
29852;202000033165;1;8;2020;09:45;1;93;93073;2;1;1;3;MARRONNIERS (AVENUE DES);48,9547800;2,5874300
29853;202000033166;1;8;2020;07:30;1;93;93077;2;1;1;6;GRANDE RUE;48,8828600;2,5139700
29854;202000033167;30;10;2020;10:30;1;58;58193;1;1;1;3;Route de la Villeneuve;47,5268950;2,8796410
29855;202000033168;1;8;2020;05:10;5;93;93033;2;1;1;6;HERMANN REGNIER;48,8635800;2,5672800
29856;202000033169;23;10;2020;03:45;3;56;56127;1;1;1;6;La Vigne;48,0969790; -2,2685300
29857;202000033170;1;8;2020;12:00;1;93;93063;2;1;1;1;BERLIOZ AVENUE;48,8718563;2,4427001
29858;202000033171;30;10;2020;07:30;3;56;56185;1;1;1;3;N165;47,7712800; -3,3820500
29859;202000033172;29;10;2020;14:20;1;56;56164;2;1;1;6;Rue de Ker Anna;47,6554980; -2,8683740
29860;202000033173;1;8;2020;06:20;1;93;93001;2;2;1;3;"""LANDY, NR PAIR 20 A 80""";48,9152911;2,3711744
29861;202000033174;29;10;2020;18:30;2;32;32466;1;1;1;1;lieu  dit mournet;43,3902980;0,4728680
29862;202000033175;1;8;2020;19:40;1;93;93047;2;3;1;3;R DU GENERAL DE GAULLE / AV DES ABRICOTS;48,8992500;2,5626000
29863;202000033177;30;10;2020;15:00;1;55;55065;1;1;8;6;RD 946;49,2056330;5,0383200
29864;202000033178;1;8;2020;18:28;1;93;93008;2;3;1;2;AV HENRI BARBUSSE / R DE MONTFORT;48,9087000;2,4283000
29865;202000033179;1;8;2020;13:10;1;92;92051;2;1;1;3;LONGCHAMP (RUE DE);48,8787708;2,2525138
29866;202000033180;29;10;2020;16:46;1;41;41211;1;2;1;3;D976;47,3271960;1,1236020
29867;202000033181;29;10;2020;16:35;1;86;86281;1;1;1;6;D347;46,7256830;0,2129030
29868;202000033182;1;8;2020;15:40;1;92;92026;2;1;1;4;HÔTEL DE VILLE (RUE);48,8950404;2,2567356
29869;202000033183;30;10;2020;01:10;3;22;22163;1;1;2;7;9 Lieu Dit Keroullaire;48,2337570; -3,4678820
29870;202000033184;2;8;2020;10:45;1;87;87002;1;1;1;6;Nouaillas;45,9326020;1,3901780
29871;202000033185;29;10;2020;18:05;2;29;29090;1;2;8;3;4 Route de Parc-Land;48,0913518; -4,2652703
29872;202000033186;29;10;2020;18:52;3;31;31356;1;9;1;3;N224;43,6872120;1,2240420
29873;202000033187;1;7;2020;04:10;1;25;25381;1;1;1;2;a36;47,2776310;5,9805050
29874;202000033188;30;10;2020;11:05;1;15;15260;1;1;1;1;D341;44,6625790;2,4495220
29875;202000033189;31;7;2020;11:55;1;64;64300;1;1;1;-1;RD 817;43,4099420; -0,6084540
29876;202000033190;29;10;2020;17:25;2;58;58151;1;1;1;-1;D34;46,8700500;3,4597060
29877;202000033191;29;10;2020;18:05;3;54;54003;1;1;2;6;D12;48,3645468;6,0009384
29878;202000033192;1;8;2020;23:20;3;58;58044;1;1;1;7;Le Saulois;47,4932510;2,9598230
29879;202000033193;1;8;2020;18:00;1;85;85017;1;1;1;3;D23;46,9070630; -1,1172800
29880;202000033194;29;10;2020;15:30;1;05;05124;1;1;1;3;D314;44,5808700;6,1257790
29881;202000033197;29;10;2020;15:18;1;60;60636;2;3;2;3;Avenue du Gros Grelot;49,4828510;2,8703390
29882;202000033198;29;10;2020;15:10;1;07;07050;1;9;1;3;D104a;44,4138420;4,1488250
29883;202000033199;30;10;2020;01:10;3;21;21659;1;1;2;6;D16;47,4629150;4,8000810
29884;202000033200;28;10;2020;16:00;1;24;24156;2;1;2;1;Les Versannes (Gare);45,0893120;0,8570520
29885;202000033201;28;10;2020;14:26;1;28;28140;2;1;1;3;Avenue de la Prairie;48,6082290;1,6796030
29886;202000033202;29;10;2020;17:50;2;68;68113;1;1;1;4;N83;48,2018520;7,3981760
29887;202000033203;29;10;2020;06:30;3;33;33284;1;1;1;3;A660;44,6240640; -0,8540100
29888;202000033204;28;9;2020;10:15;1;31;31069;1;1;1;3;Route départementale 902;43,6348900;1,3791000
29889;202000033205;30;10;2020;09:55;1;34;34129;1;1;1;7;A709;43,5731540;3,8754960
29890;202000033206;2;8;2020;02:00;5;76;76468;2;1;7;6;238 Route de la Gare;49,5972280;0,4803140
29891;202000033207;30;10;2020;17:00;1;69;69043;1;1;1;3;61 Route des Aqueducs;45,7228629;4,7709386
29892;202000033208;29;9;2020;15:10;1;30;30189;2;1;1;6;GAMBETTA (BD);43,8406400;4,3615600
29893;202000033209;2;8;2020;14:00;1;2B;2B354;1;1;1;6;T20;42,1502990;9,1524630
29894;202000033210;29;10;2020;17:55;2;14;14301;1;1;8;4;A13;49,1674230; -0,2768040
29895;202000033211;29;10;2020;23:50;3;95;95535;1;1;1;6;D28;49,0640320;1,9618450
29896;202000033213;29;9;2020;14:22;1;29;29039;1;6;2;3;Rond Point de Keramporiel;47,9005800; -3,9110300
29897;202000033214;16;10;2020;18:45;5;91;91661;2;1;1;6;30 Domaine des Roches;48,7051540;2,2480690
29898;202000033215;3;6;2020;14:30;1;67;67519;1;2;1;3;RM223;48,6814370;7,8129480
29899;202000033216;29;10;2020;19:55;5;78;78683;2;3;1;3;D191;48,8209790;1,8753250
29900;202000033217;14;4;2020;08:20;1;67;67101;1;6;1;2;D392;48,5235840;7,4982270
29901;202000033218;2;8;2020;12:10;1;11;11397;1;1;1;6;Route des Corbières;43,2055770;2,4315000
29902;202000033219;29;10;2020;19:15;5;58;58117;2;6;2;3;Rue du Pont;47,0123980;3,0784140
29903;202000033220;2;6;2020;11:00;1;69;69086;1;6;1;3;N7 Route de Paris;45,8407260;4,6540460
29904;202000033221;28;9;2020;18:25;1;29;29019;2;3;1;3;Rue Général Paulet;48,4255548; -4,4773840
29905;202000033222;2;6;2020;08:45;1;46;46057;1;1;1;7;D19;44,6724530;2,0261410
29906;202000033223;26;9;2020;14:42;1;29;29019;2;6;1;3;RP de Cadix - Avenue Victor le Gorgeu;48,3986010; -4,4942599
29907;202000033224;29;5;2020;20:45;2;33;33300;1;1;1;7;RD101 _ Route des Lacs;45,2675400; -1,0801600
29908;202000033225;1;8;2020;19:45;2;71;71014;2;1;1;4;Rue des Fusiliers Marins;46,9571252;4,3065917
29909;202000033226;3;6;2020;07:20;1;33;33501;2;3;1;1;Avenue Charles de Gaulle;44,6501900; -0,5961700
29910;202000033228;3;6;2020;00:20;3;22;22143;1;1;1;7;D794;48,5886370; -2,2889970
29911;202000033229;1;8;2020;23:15;5;46;46029;2;1;1;7;33 Rue des Ecoles;44,9261310;1,8507560
29912;202000033230;3;6;2020;09:15;1;27;27188;2;1;1;7;20 Rue du Vauchel;49,3048057;1,0895294
29913;202000033231;31;7;2020;21:50;2;86;86145;1;1;1;1;Lieu dit L'Ansart;46,4637280;0,1935310
29914;202000033232;28;9;2020;18:27;1;23;23096;2;1;1;6;STALINGRAD (RUE DE);46,1748500;1,8736000
29915;202000033233;1;8;2020;20:58;5;68;68374;2;1;6;7;Rue Principale;48,0599550;7,2332740
29916;202000033234;2;8;2020;16:45;1;22;22100;1;1;1;7;21 Le Montrel;48,2744820; -2,6536380
29917;202000033235;26;5;2020;16:25;1;57;57323;2;5;1;3;Route de Thionville;49,3975340;6,1628370
29918;202000033236;2;8;2020;16:30;1;39;39397;2;3;8;3;;46,5234290;5,6163640
29919;202000033238;2;6;2020;06:24;2;13;13019;1;1;2;7;A51-Sens Aix en Provence vers Marseille;43,4202000;5,3675000
29920;202000033239;31;7;2020;10:30;1;25;25021;2;3;1;3;grande rue;47,0317150;5,7786480
29921;202000033240;31;5;2020;16:40;1;59;59195;1;1;1;6;ROUTE DEPARTEMENTALE 552;50,6282970;2,9611990
29922;202000033241;28;9;2020;16:50;1;13;13208;2;1;1;3;PRADO (AVENUE DU);43,2727060;5,3915244
29923;202000033242;2;8;2020;00:30;3;44;44088;1;1;1;6;La Pepiere;47,1062331; -1,4120337
29924;202000033243;30;5;2020;02:30;4;59;59507;1;1;1;2;AUTOROUTE A27;50,5956777;3,1027848
29925;202000033244;31;7;2020;23:00;5;29;29011;2;1;1;6;Chemin de Pont-Aliben;48,4113722; -4,5269854
29926;202000033246;1;8;2020;11:45;1;03;03254;2;6;1;6;Route de Varennes;46,3057581;3,2973518
29927;202000033247;28;9;2020;12:36;1;10;10387;2;6;2;3;ROBERT GALLEY (RUE);48,2895400;4,0671400
29928;202000033248;2;8;2020;12:45;1;15;15205;1;1;8;6;D680;45,1571360;2,5772810
29929;202000033249;2;6;2020;07:40;1;94;94017;1;1;1;4;A4;48,8289035;2,4794072
29930;202000033250;29;9;2020;18:15;1;06;06069;2;9;1;2;SIDI BRAHIM (AVENUE);43,6491900;6,9339940
29931;202000033251;1;8;2020;20:15;1;15;15006;1;1;1;7;RD 22;45,2159360;2,4329350
29932;202000033253;29;9;2020;16:45;1;06;06123;2;1;1;6;PUGETS ROUTE DES;43,6936300;7,1835500
29933;202000033254;2;8;2020;14:00;1;15;15196;1;1;1;5;N122;44,8575300;2,2878010
29934;202000033255;28;5;2020;17:30;1;69;69384;2;3;1;1;PHILIPPE DE LASSALLE                (R );45,7835560;4,8207953
29935;202000033256;28;9;2020;16:35;1;05;05061;2;1;1;3;GEORGES POMPIDOU ( BD);44,5565457;6,0796908
29936;202000033257;28;9;2020;10:57;1;05;05061;2;1;1;6;ELISEE ( RUE DE L' );44,5589048;6,0806014
29937;202000033258;1;6;2020;17:35;1;971;97101;2;1;1;1;DOTHEMARE;16,2690723; -61,5057564
29938;202000033259;2;8;2020;12:40;1;01;01230;1;1;1;5;D975;46,4202350;5,1007890
29939;202000033260;1;8;2020;18:15;1;26;26108;1;1;6;7;D93;44,7400730;5,0023410
29940;202000033261;28;9;2020;09:43;1;05;05061;2;3;1;7;JEAN JAURES ( AVENUE );44,5484100;6,0667900
29941;202000033262;2;8;2020;14:55;1;58;58305;1;1;1;6;D977bis;47,2268470;3,8328900
29942;202000033263;31;5;2020;11:00;1;91;91421;1;1;7;6;CHATEAU (ROUTE FORESTIERE DU);48,6926220;2,4661190
29943;202000033264;29;9;2020;17:15;1;75;75120;2;5;2;1;AVENUE GAMBETTA;48,8683250;2,4014350
29944;202000033266;1;6;2020;19:45;1;91;91174;2;1;1;6;strathkelvin (avenue de );48,6179080;2,4649400
29945;202000033267;1;8;2020;20:00;1;14;14305;2;1;1;5;D513;49,3017120; -0,0397500
29946;202000033268;29;9;2020;09:50;1;75;75120;2;7;2;7;PLACE GAMBETTA;48,8650520;2,3985990
29947;202000033269;1;6;2020;16:00;1;77;77337;2;1;1;6;DEUX PARCS (COURS DES);48,8486000;2,6158000
29948;202000033270;1;8;2020;21:10;1;50;50266;1;1;7;3;Troche;48,9296260; -1,3958380
29949;202000033271;29;9;2020;18:20;1;75;75119;2;2;2;6;BOULEVARD D ALGERIE;48,8836470;2,3969800
29950;202000033272;31;5;2020;19:55;1;69;69029;2;4;1;3;FRANKLIN ROOSEVELT                  (AV);45,7361200;4,9013300
29951;202000033273;2;8;2020;04:30;3;60;60275;1;1;1;6;D95;49,4974866;1,9139471
29952;202000033274;28;9;2020;13:55;1;75;75118;2;1;2;3;AVENUE DE LA PORTE DE MONTMARTRE;48,8985240;2,3368150
29953;202000033275;1;8;2020;01:00;3;45;45313;1;1;1;6;Villesevreux;48,0693470;1,7985280
29954;202000033276;1;6;2020;14:40;1;68;68376;2;2;1;3;Rue de Soultz;47,7984000;7,3131500
29955;202000033277;1;8;2020;14:20;1;18;18289;2;3;1;3;14 Route d'Osmery;46,9721090;2,5880430
29956;202000033278;30;5;2020;11:45;1;65;65286;2;1;1;6;MARQUI (AVENUE ALEXANDRE);43,1030600; -0,0430900
29957;202000033280;1;8;2020;22:52;5;10;10323;2;1;1;6;Rue Herbesace (Pont);48,5081860;3,7455280
29958;202000033281;1;6;2020;17:30;1;64;64024;2;1;1;1;MONTBRUN (AVENUE DE);43,5015000; -1,5040500
29959;202000033282;2;8;2020;12:30;1;07;07165;1;1;8;7;RD 578;44,9257440;4,4777710
29960;202000033283;31;5;2020;19:40;1;59;59324;1;1;1;6;VOIE RAPIDE JEUMONT / MAUBEUGE;50,3060800;4,0878800
29961;202000033284;2;8;2020;10:45;1;53;53121;2;1;1;7;37 Grande Rue;48,4180720; -0,3360920
29962;202000033286;1;6;2020;15:30;1;57;57463;2;1;1;6;LOTHAIRE (RUE );49,1002000;6,1789700
29963;202000033287;29;9;2020;13:10;1;75;75117;2;1;2;2;BOULEVARD DU FORT DE VAUX;48,8919970;2,3019520
29964;202000033288;29;9;2020;10:15;1;75;75117;2;2;8;6;BOULEVARD PEREIRE;48,8875330;2,3074830
29965;202000033289;31;5;2020;20:00;1;57;57751;2;6;1;6;THIONVILLE (AVENUE );49,1518900;6,1581000
29966;202000033290;29;9;2020;19:30;5;75;75116;2;1;1;2;RUE DE LA POMPE;48,8671320;2,2805460
29967;202000033291;1;6;2020;15:55;1;51;51454;2;1;1;6;Rue Blondel;49,2698182;4,0277944
29968;202000033292;2;8;2020;13:00;1;53;53216;2;3;1;2;Rue des Fresnots;48,3493620; -0,5795280
29969;202000033293;1;6;2020;09:40;1;38;38185;2;1;1;-1;Rue Auguste Ravier;45,1830600;5,7381900
29970;202000033294;1;6;2020;18:25;1;35;35278;2;6;7;1;LONGERAIE (RUE DE LA);48,1371400; -1,6894400
29971;202000033295;31;7;2020;16:20;1;40;40194;2;1;1;7;169 Place du Foirail;43,7112770; -0,8401910
29972;202000033296;1;6;2020;21:40;1;34;34129;1;1;1;3;PALAVAS D986 (ROUTE DE);43,5724900;3,8961300
29973;202000033297;29;9;2020;09:40;1;75;75116;2;1;2;3;ALLEE DE LA REINE MARGUERITE;48,8543460;2,2421260
29974;202000033298;2;8;2020;08:15;1;40;40211;1;1;1;3;D17;43,6502210; -1,1803220
29975;202000033299;1;6;2020;06:35;1;34;34172;2;1;1;6;LIBERTE (AVENUE DE LA;43,6093100;3,8378900
29976;202000033300;29;9;2020;09:00;2;75;75115;2;3;2;3;BOULEVARD LEFEBVRE;48,8283630;2,3030460
29977;202000033301;1;6;2020;16:15;1;13;13207;2;1;1;5;Corniche John Fitzgérald Kennedy;43,2883200;5,3529900
29978;202000033302;29;9;2020;09:15;1;75;75115;2;1;2;7;RUE DE LA CROIX NIVERT;48,8471770;2,3004950
29979;202000033303;1;6;2020;14:30;1;13;13211;2;1;1;2;JEAN LOMBARD (AVENUE);43,2889677;5,4321760
29980;202000033304;28;9;2020;21:28;5;75;75115;2;1;1;6;BOULEVARD DE GRENELLE;48,8507290;2,2930850
29981;202000033305;29;9;2020;22:30;5;75;75113;2;7;1;3;PLACE VALHUBERT;48,8436570;2,3650580
29982;202000033306;1;6;2020;11:50;1;13;13202;2;3;1;3;PEYSSONNEL (RUE);43,3153800;5,3681900
29983;202000033307;2;8;2020;04:10;3;24;24156;1;1;1;7;La Petite Veyriere;45,0832560;0,8364740
29984;202000033308;1;6;2020;07:20;1;13;13208;2;1;1;7;GOUDES (CHEMIN DES);43,2300785;5,3548104