;Num_Acc;jour;mois;an;hrmn;lum;dep;com;agg;int;atm;col;adr;lat;long
29985;202000033309;2;8;2020;13:00;1;85;85234;1;1;1;6;Route de la Grande Borderie;46,8325600; -2,0837600
29986;202000033310;29;9;2020;08:50;1;75;75112;2;7;2;7;BOULEVARD DE BERCY;48,8404040;2,3789420
29987;202000033311;1;6;2020;11:35;1;06;06088;2;3;1;-1;SAINT-JOSEPH (AV.);43,7064900;7,2560800
29988;202000033312;28;9;2020;20:45;5;75;75112;2;1;1;2;BOULEVARD DIDEROT;48,8456070;2,3718310
29989;202000033313;29;9;2020;14:40;1;75;75111;2;3;2;3;AVENUE DE LA REPUBLIQUE;48,8667520;2,3668160
29990;202000033314;1;8;2020;18:40;1;85;85232;1;2;1;1;D7;46,6890740; -1,1832190
29991;202000033316;29;9;2020;14:30;1;75;75111;2;2;2;3;BOULEVARD VOLTAIRE;48,8559240;2,3832730
29992;202000033318;31;5;2020;12:41;1;06;06004;2;9;7;7;WILSON BD;43,5782400;7,1192200
29993;202000033319;29;9;2020;07:55;1;75;75111;2;1;2;3;AVENUE PHILIPPE AUGUSTE;48,8503280;2,3947380
29994;202000033320;1;8;2020;17:15;1;48;48012;1;1;1;7;Lieu dit La Fouillouse;44,8443070;3,2046180
29995;202000033321;30;5;2020;11:55;1;05;05061;2;1;1;3;GEORGES POMPIDOU ( BD);44,5577200;6,0817600
29996;202000033322;28;9;2020;13:15;1;75;75109;2;3;1;2;BOULEVARD DE CLICHY;48,8829740;2,3348760
29997;202000033323;29;5;2020;16:45;1;05;05061;2;1;4;2;GEORGES POMPIDOU ( BD);44,5589800;6,0835600
29998;202000033324;28;9;2020;13:15;1;75;75108;2;1;2;7;COURS ALBERT 1ER;48,8646220;2,3064610
29999;202000033325;2;8;2020;02:57;3;19;19201;1;1;1;6;A89;45,5156400;2,3194240
30000;202000033326;31;5;2020;09:40;1;75;75112;2;1;1;3;BD PERIPHERIQUE EXTERIEUR;48,8274660;2,3923120
30001;202000033327;29;9;2020;19:40;5;75;75108;2;1;2;6;PLACE DE LA CONCORDE;48,8656160;2,3217650
30002;202000033328;1;6;2020;18:43;1;75;75119;2;1;1;6;RUE CURIAL;48,8908750;2,3720300
30003;202000033329;31;7;2020;18:35;2;973;97307;1;3;1;3;N1;4,8923590; -52,3484370
30004;202000033332;1;6;2020;15:16;1;75;75119;2;2;1;6;AVENUE SIMON BOLIVAR;48,8778350;2,3740970
30005;202000033333;29;9;2020;08:00;1;94;94081;2;2;3;3;JEAN JAURES (AV);48,7942500;2,4016600
30006;202000033334;31;5;2020;20:45;1;75;75119;2;1;1;3;BOULEVARD SERURIER;48,8782234;2,4033518
30007;202000033335;29;9;2020;07:50;1;94;94067;2;1;2;6;JEANNE D'ARC (R);48,8406310;2,4184140
30008;202000033337;2;8;2020;04:35;3;68;68300;1;1;1;-1;D201;47,7759670;7,3892180
30009;202000033338;1;6;2020;22:00;2;75;75116;2;3;1;6;BOULEVARD MURAT;48,8444020;2,2570430
30010;202000033339;1;6;2020;17:30;1;75;75116;2;2;1;2;AVENUE GEORGES MANDEL;48,8634950;2,2815750
30011;202000033340;29;5;2020;11:00;1;75;75107;2;3;1;3;QUAI BRANLY;48,8574954;2,2910163
30012;202000033341;29;9;2020;16:40;1;94;94074;2;1;2;3;CHAMP SAINT-JULIEN (AV DU);48,7479480;2,4593130
30013;202000033342;1;6;2020;10:00;1;75;75114;2;2;1;2;AVENUE DU GENERAL LECLERC;48,8300600;2,3288180
30014;202000033343;29;9;2020;18:10;2;94;94046;2;1;8;6;PARMENTIER (R);48,8020000;2,4321000
30015;202000033344;29;9;2020;20:00;5;94;94016;2;1;2;4;GABRIEL PERI (R);48,7962000;2,3430000
30016;202000033345;1;6;2020;20:15;2;75;75111;2;4;1;3;RUE FAIDHERBE;48,8533474;2,3827508
30017;202000033346;29;9;2020;09:10;1;94;94041;2;1;8;6;GEORGES GOSNAT (AV);48,8114000;2,3841000
30018;202000033347;2;8;2020;00:20;3;69;69086;1;1;1;5;A89;45,8475160;4,6728370
30019;202000033348;1;6;2020;13:50;1;75;75111;2;4;1;3;BOULEVARD BEAUMARCHAIS;48,8540410;2,3689260
30020;202000033349;29;9;2020;19:30;5;94;94021;2;1;1;2;STALINGRAD (AV DE);48,7698370;2,3678670
30021;202000033350;31;7;2020;18:30;5;987;98745;1;1;1;1;Potouru; -16,6308330; -151,5040280
30022;202000033352;29;9;2020;12:35;1;94;94033;2;1;2;6;CHARLES GARCIA (AV);48,8561500;2,4820900
30023;202000033353;1;8;2020;17:00;1;74;74042;1;1;1;2;A40;46,0703130;6,4321520
30024;202000033354;29;9;2020;06:40;5;94;94033;2;1;2;6;MARECHAL DE LATTRE DE TASSIGNY (AV DU);48,8569560;2,4919130
30025;202000033355;29;9;2020;17:30;1;94;94069;2;9;2;3;EUGENE DELACROIX (R);48,8233240;2,4212080
30026;202000033356;2;8;2020;08:24;1;13;13087;1;1;1;5;A8;43,4697400;5,6546650
30027;202000033357;29;9;2020;08:20;1;94;94017;2;1;2;3;BOIS L ABBE (R DU);48,8107700;2,5409100
30028;202000033358;29;9;2020;14:30;1;94;94075;1;3;2;5;MARECHAL DELATTRE DE TASSIGNY (AV);48,7345840;2,5199300
30029;202000033360;1;6;2020;16:00;1;93;93050;2;3;1;6;HUIT MAI 1945;48,8660800;2,5343000
30030;202000033361;1;8;2020;01:40;5;987;98733;2;3;1;3;Pk 24 entrée servitude VAITUPA; -17,7104670; -149,5835350
30031;202000033362;1;6;2020;18:04;1;93;93046;2;1;1;4;EUROPE BOULEVARD DE L';48,9279952;2,5517529
30032;202000033363;1;8;2020;02:45;3;971;97119;1;1;1;6;Girard;16,3691650; -61,4348600
30033;202000033366;29;9;2020;20:45;5;93;93078;2;1;1;2;TREMBLAY (ROUTE DE);48,9850000;2,5238000
30034;202000033367;30;5;2020;22:40;5;93;93071;2;9;1;3;JEAN HEMMEN (RUE);48,9431600;2,5381100
30035;202000033368;2;8;2020;18:05;1;73;73211;1;1;1;5;D925;45,7138020;6,4429070
30036;202000033370;1;8;2020;12:45;1;33;33394;2;1;1;2;Lieu Dit le Chatelet Sud;44,8973131; -0,1586055
30037;202000033371;1;8;2020;18:00;1;27;27546;1;1;1;1;11 Route de la Vallée;49,0921360;1,1371600
30038;202000033372;1;8;2020;17:00;1;27;27448;2;9;1;3;108 Rue Edouard Isambard;49,0129280;1,3893790
30039;202000033374;1;8;2020;15:05;1;13;13005;1;1;1;7;A502-Sens Aubagne vers Toulon par R.N.;43,2839000;5,5926000
30040;202000033377;31;7;2020;19:10;1;13;13001;1;1;1;2;A51-Sens Marseille vers Aix en Provence;43,5261900;5,4268900
30041;202000033378;31;7;2020;21:10;1;13;13215;1;1;1;3;A7-Sens Marseille vers Lyon;43,3744553;5,3607640
30042;202000033379;1;8;2020;15:29;1;91;91689;1;1;1;3;AUTOROUTE A6B;48,7453580;2,3236160
30043;202000033380;31;7;2020;16:08;1;94;94003;1;1;8;7;AUTOROUTE A6A;48,8082385;2,3401176
30044;202000033381;1;8;2020;14:15;1;93;93010;1;1;1;4;AUTOROUTE A86;48,8980800;2,4696600
30045;202000033382;1;8;2020;14:15;1;95;95306;1;1;1;7;AUTOROUTE A15;48,9960700;2,1840200
30046;202000033383;1;6;2020;20:17;2;92;92050;2;1;1;2;BOUVETS BOULEVARD DES;48,8969994;2,2236224
30047;202000033384;29;9;2020;12:15;1;93;93051;2;4;2;3;EMILE COSSONNEAU (AVE);48,8494600;2,5667000
30048;202000033385;29;9;2020;07:20;5;93;93050;2;2;2;6;LOUIS ARMAND (RUE);48,8650070;2,5202460
30049;202000033386;1;6;2020;20:20;1;92;92048;2;1;1;3;ROBERT SCHUMAN (AVENUE);48,7881000;2,2348000
30050;202000033387;29;9;2020;16:00;1;93;93027;1;1;2;-1;AV ROGER SALENGRO;48,9381200;2,3885200
30051;202000033388;29;9;2020;18:10;1;93;93007;2;1;2;2;8 MAI 45 (AVENUE DU 1 AU 182);48,9419342;2,4322882
30052;202000033389;29;9;2020;17:30;1;93;93005;1;1;1;2;PAUL CEZANNE (RUE);48,9548500;2,5103500
30053;202000033390;1;6;2020;14:50;1;92;92044;2;2;1;3;BAUDIN (RUE) 1A25 ET 2A34;48,8953700;2,2789700
30054;202000033391;29;9;2020;02:52;3;92;92072;2;1;1;6;SAINT CLOUD (RUE DE);48,8295564;2,2240241
30055;202000033392;29;9;2020;10:20;1;92;92064;2;9;2;7;GEORGES CLEMENCEAU;48,8413100;2,2229600
30056;202000033393;26;9;2020;23:57;5;92;92050;2;2;2;3;VAILLANT COUTURIER PAUL RUE;48,8825056;2,2044398
30057;202000033394;1;6;2020;09:30;1;92;92071;2;3;1;6;ROOSEVELT PRESIDENT F (AVE DU);48,7779626;2,3033395
30058;202000033395;1;8;2020;05:45;5;93;93073;1;1;1;2;AUTOROUTE A104;48,9676000;2,5631900
30059;202000033396;29;9;2020;18:10;1;92;92020;2;1;1;6;PINSON RUE FRANCOIS;48,8071808;2,2806431
30060;202000033398;29;9;2020;09:14;1;92;92044;2;1;2;2;LEVALLOIS( PONT DE);48,8995310;2,2781980
30061;202000033399;27;9;2020;18:55;1;92;92025;2;2;8;1;PAUL BERT (RUE);48,9308900;2,2444000
30062;202000033401;30;9;2020;15:20;1;86;86174;2;1;1;2;Avenue de Bordeaux;46,7601190;0,4909930
30063;202000033402;19;9;2020;14:30;1;57;57365;1;1;1;7;D956;49,3996640;6,4222010
30064;202000033403;29;9;2020;22:57;5;21;21642;1;1;1;1;A6;47,4903440;4,1358480
30065;202000033404;30;9;2020;16:55;1;67;67283;2;1;1;3;Rue du Mal de Lattre de Tassigny;48,6911600;7,3804650
30066;202000033405;29;9;2020;16:45;1;26;26333;2;9;1;2;Route de Valence;45,1736270;4,8139000
30067;202000033406;2;6;2020;10:16;1;02;02776;1;1;1;2;A26;50,0010250;3,1794650
30068;202000033407;1;8;2020;16:45;1;77;77249;1;1;1;-1;RN104;48,7324300;2,6099200
30069;202000033408;1;6;2020;14:15;1;972;97210;1;1;1;1;D6;14,5801780; -60,9282020
30070;202000033409;23;9;2020;10:10;1;68;68315;2;3;1;3;70 Route de Guebwiller;47,8922140;7,2260080
30071;202000033410;29;9;2020;19:45;3;60;60279;1;1;2;6;D1324;49,2348366;2,9417459
30072;202000033411;1;8;2020;00:33;3;93;93051;1;1;1;2;A4;48,8340929;2,5827350
30073;202000033412;29;9;2020;23:10;3;85;85215;2;1;1;6;21 Rue des Mauges;46,8547900; -1,1754380
30074;202000033413;1;6;2020;15:45;1;87;87122;1;1;3;7;A20;46,0595640;1,3610600
30075;202000033414;31;7;2020;08:15;1;94;94073;1;1;1;2;A86 EXT;48,7688460;2,3791999
30076;202000033415;11;9;2020;18:32;1;34;34123;1;1;1;-1;N109;43,6070900;3,8192080
30077;202000033416;20;5;2020;15:00;1;64;64445;2;3;1;6;BERLIOZ;43,3117800; -0,3458900
30078;202000033417;30;9;2020;08:25;1;91;91617;2;1;8;1;Route de Lieusaint;48,6353190;2,5292370
30079;202000033418;30;9;2020;15:10;1;51;51662;1;1;1;3;A34;49,2933073;4,1292878
30080;202000033419;2;6;2020;13:50;1;51;51507;2;1;1;7;1 Rue Chanzy;49,0923296;4,8971376
30081;202000033420;29;9;2020;07:45;1;82;82186;2;3;1;3;Residence du Pontus;44,1148780;0,8942160
30082;202000033421;31;7;2020;08:20;1;974;97416;2;1;1;3;PRESIDENT MITTERAND(AVENUE); -21,3445500;55,4841400
30083;202000033422;30;9;2020;15:40;1;63;63211;1;1;1;3;Les Quatre Routes;45,4636000;3,7254000
30084;202000033423;31;5;2020;10:25;1;51;51555;1;1;1;7;D12;48,7418706;4,3089799
30085;202000033424;31;7;2020;13:05;1;974;97411;2;1;1;6;VICTOIRE (AVENUE DE LA); -20,8773431;55,4480892
30086;202000033425;29;9;2020;07:45;1;61;61457;1;1;8;1;D13;48,7803730;0,5534360
30087;202000033426;2;6;2020;09:00;1;74;74208;2;3;1;3;Rue des Prés Moulin;45,9196730;6,7141750
30088;202000033427;31;7;2020;11:55;1;974;97411;2;3;1;5;JAURES (BOULEVARD JEAN); -20,8887800;55,4488370
30089;202000033428;29;9;2020;23:45;3;41;41095;1;1;2;7;Route Nationale 10;47,9082920;1,1893480
30090;202000033429;1;6;2020;16:15;1;76;76132;2;1;1;-1;947 Grand Rue;49,6792780;0,9401040
30091;202000033430;31;7;2020;07:30;1;974;97411;2;1;1;6;BOIS DE NEFLES (RUE DU); -20,8884000;55,4584000
30092;202000033431;29;9;2020;16:45;1;68;68258;1;3;1;1;D2;47,8269290;7,2867340
30093;202000033432;2;6;2020;18:00;1;2B;2B207;1;9;1;2;Lot Ducret;42,4574670;9,5012370
30094;202000033433;31;7;2020;17:25;1;69;69387;2;2;1;3;JULES BRUNARD                       (R );45,7487200;4,8579000
30095;202000033434;27;9;2020;03:49;5;84;84057;1;1;1;6;D102A;43,9283410;5,2524840
30096;202000033436;31;7;2020;07:15;1;972;97213;1;1;2;6;ROUTE NATIONALE 5;14,5940600; -60,9841000
30097;202000033437;29;9;2020;16:30;1;03;03264;2;3;1;3;Rue de Stalingrad;46,0656447;3,4554335
30098;202000033438;1;6;2020;11:15;1;82;82134;1;2;7;5;3755 Route de Montricoux;44,0787760;1,5801220
30099;202000033439;29;9;2020;08:50;1;03;03031;1;1;1;6;;46,4093223;2,7458442
30100;202000033440;31;7;2020;22:30;5;95;95680;2;3;1;6;ALEXIS VARAGNE ( RUE);49,0034000;2,4143300
30101;202000033442;1;6;2020;18:00;1;63;63363;1;1;1;7;La barre;45,8824329;2,7609962
30102;202000033443;2;6;2020;15:01;1;61;61133;1;3;1;6;Lieu Dit le Parquet;48,6207850;0,3356180
30103;202000033444;2;6;2020;16:20;1;55;55348;1;1;1;7;D132;48,5352150;5,2307590
30104;202000033446;1;6;2020;15:00;1;41;41177;1;1;1;7;LA RAITE;48,0671970;0,8735850
30105;202000033447;30;9;2020;12:10;1;72;72057;2;9;1;1;D302;48,0714410;0,7348560
30106;202000033448;31;5;2020;14:15;1;39;39436;1;1;1;7;;46,8896220;5,8935210
30107;202000033449;30;9;2020;17:10;1;50;50419;2;2;3;3;rue du mont saint michel;48,9703160; -1,4680270
30108;202000033450;30;7;2020;19:30;1;91;91021;2;1;1;6;CORNATON ABEL (RUE);48,5874400;2,2514500
30109;202000033451;2;6;2020;12:33;1;25;25463;2;3;7;3;8 Rue d'Alsace;47,3946090;6,7702820
30110;202000033453;1;6;2020;18:15;1;25;25551;1;1;1;7;D134;47,3206430;6,8573140
30111;202000033454;1;6;2020;11:10;1;35;35163;1;1;1;3;Le Bas Montbelleux;48,3021340; -1,1576360
30112;202000033455;1;6;2020;15:25;1;35;35211;2;1;1;6;Rue Chevalier Lancelot du Lac;48,0218980; -2,1718110
30113;202000033456;30;9;2020;17:35;1;60;60686;2;1;1;-1;32 Rue de Précy;49,2090050;2,3948160
30114;202000033457;28;7;2020;04:45;3;89;89387;1;1;1;5;D606;48,1816704;3,3025330
30115;202000033458;1;6;2020;21:10;2;35;35023;1;1;7;1;RN 12;48,1841550; -1,9394680
30116;202000033459;30;7;2020;19:30;2;86;86194;2;1;1;6; Rue du Faubourg du Pont Neuf;46,5727780;0,3586080
30117;202000033460;1;6;2020;16:00;1;38;38453;1;3;1;3;Les Mas;45,0852480;5,3076570
30118;202000033461;31;7;2020;10:05;1;84;84087;2;3;1;6;GAULLE (AVENUE CHARLES DE);44,1362000;4,8025000
30119;202000033462;2;6;2020;13:20;1;02;02651;1;2;1;3;D1032;49,6588220;3,4163190
30120;202000033463;30;7;2020;09:15;1;83;83069;1;9;1;1;MARINE (BOULEVARD DE LA);43,0861000;6,1560000
30121;202000033464;29;9;2020;13:45;1;85;85288;1;1;1;5;La Guerite;46,4774000; -1,6726000
30122;202000033465;1;6;2020;10:00;1;02;02237;2;1;1;7;D12;49,6938620;3,6340120
30123;202000033467;29;9;2020;15:30;1;85;85140;2;1;1;1;Rue du Pin Parasol;46,7465800; -0,8246200
30124;202000033468;27;5;2020;11:45;1;72;72138;1;1;1;6;La Touche;48,2917960;0,0804930
30125;202000033469;29;9;2020;22:10;3;17;17465;2;1;1;6;D939;45,9712190; -0,5631890
30126;202000033470;30;9;2020;08:15;1;08;08363;2;3;2;3;Avenue d'Orzy;49,9350880;4,6510200
30127;202000033471;1;6;2020;18:20;1;50;50145;1;1;1;6;D972;49,0678080; -1,3840370
30128;202000033472;31;7;2020;00:05;5;78;78624;2;6;1;6;RD1;48,9688210;2,0119980
30129;202000033473;31;7;2020;01:10;4;76;76366;2;1;1;7;RN 27 (RUE DU GENERAL DE GAULLE);49,5037300;1,0426100
30130;202000033474;30;7;2020;23:49;5;76;76351;2;3;1;3;RENE COTY;49,4984783;0,1179798
30131;202000033475;30;7;2020;08:50;1;74;74118;1;1;1;2;18 AOUT (RUE DU);46,1681000;6,2014000
30132;202000033476;30;7;2020;21:40;2;72;72181;2;1;1;6;MAURICE TRINTIGNANT (RUE);47,9569500;0,1983200
30133;202000033477;31;5;2020;20:50;1;18;18206;2;2;1;6;Rue des Chaumes;47,1557800;2,3524100
30134;202000033478;30;7;2020;10:55;1;71;71306;2;1;1;6;SAINT VALLIER (RUE DE);46,6668838;4,3715351
30135;202000033479;2;6;2020;15:40;1;16;16287;2;1;1;6;D42;45,5804490;0,0482170
30136;202000033480;29;7;2020;07:35;1;69;69256;2;1;1;3;BOLHEN   (DE)                        (AV;45,7653000;4,9236000
30137;202000033481;29;5;2020;16:00;1;21;21652;1;1;1;7;Voie communale;47,2154073;4,6282110
30138;202000033482;21;7;2020;10:10;1;69;69092;2;3;1;3;TARARE (route de);45,9800000;4,6900000
30139;202000033483;8;7;2020;11:20;1;68;68066;2;1;1;6;FECHT (RUE DE LA);48,0837700;7,3473500
30140;202000033484;31;5;2020;12:07;1;23;23180;1;2;1;3;;45,9780380;2,1868200
30141;202000033485;31;7;2020;11:15;1;64;64483;2;1;1;5;CHANTACO (AVENUE DE );43,3700910; -1,6375980
30142;202000033487;29;9;2020;19:35;3;13;13051;1;1;1;5;D113;43,5764760;5,1509380
30143;202000033488;2;6;2020;09:25;1;73;73241;1;1;1;4;A430, PK133.700;45,6118110;6,2948818
30144;202000033489;27;5;2020;17:10;1;42;42169;2;3;1;1;Rte de Saint Maurice En Gourgois;45,4402810;4,1559650
30145;202000033490;31;5;2020;10:45;1;38;38486;2;9;1;7;Rue de la Liberté;45,1601740;5,6948930
30146;202000033491;1;6;2020;18:25;1;51;51454;1;4;1;7;A344;49,2427840;4,0313710
30147;202000033492;1;6;2020;13:45;1;51;51437;1;1;1;6;A4;49,2228784;3,8175322
30148;202000033493;1;9;2020;16:00;1;67;67348;1;9;3;7;D500;48,4713490;7,5118590
30149;202000033494;1;6;2020;22:40;3;74;74018;1;1;1;6;A40;46,0947150;6,3546420
30150;202000033495;31;5;2020;22:53;3;69;69077;1;1;1;2;A6;46,1473730;4,7696860
30151;202000033496;1;6;2020;01:30;5;971;97125;1;1;1;6;favreau;16,2599780; -61,2923060
30152;202000033497;1;6;2020;19:45;3;971;97117;2;1;1;1;Route de la Source;16,3357390; -61,3611210
30153;202000033498;1;6;2020;10:50;1;77;77244;1;1;1;7;D16;48,2886900;2,5787830
30154;202000033499;30;9;2020;12:20;1;973;97311;1;1;1;6;PK 243;5,4573490; -53,9950470
30155;202000033500;30;9;2020;10:15;1;13;13021;1;2;1;3;D9;43,3394260;5,1637300
30156;202000033501;30;9;2020;16:45;1;77;77001;1;1;1;7;D64;48,3675120;2,5637200
30157;202000033502;30;9;2020;17:15;1;66;66227;1;1;1;1;D39;42,6471700;2,8936530
30158;202000033504;27;9;2020;03:00;3;57;57443;2;2;2;3;2 Rue de la Justice;49,2171840;6,1187730
30159;202000033505;30;9;2020;17:20;1;74;74243;1;1;1;1;Route de Feigères;46,1306110;6,0790420
30160;202000033507;26;9;2020;10:45;1;72;72151;1;1;1;3;1 Chemin de la Roche;47,8508190; -0,3266930
30161;202000033509;29;9;2020;07:20;3;44;44089;1;3;5;-1;Les Chaillereaux;47,3275190; -1,8821600
30162;202000033510;1;6;2020;19:00;1;78;78162;1;1;1;6;D906;48,6820780;1,9996190
30163;202000033511;1;6;2020;21:30;5;83;83068;1;1;1;1;Route du Littoral;43,2708230;6,5732200
30164;202000033512;2;6;2020;09:25;1;52;52449;1;1;1;6;D122;47,8395398;5,3339670
30165;202000033513;1;6;2020;01:15;3;52;52392;1;1;1;6;D35;47,9073818;5,4988881
30166;202000033514;29;9;2020;17:20;1;22;22067;1;1;1;7;2 Pont Glas;48,5458090; -3,1733670
30167;202000033515;30;5;2020;20:00;1;68;68368;2;1;1;6;16 Rue des Jardins;48,0489110;7,2020640
30168;202000033516;30;5;2020;23:30;3;42;42005;2;3;1;1;Rue des Garennes;45,5384590;4,2546220
30169;202000033517;1;6;2020;16:35;1;42;42328;1;1;2;6;Route de Drutel;45,5694790;4,0180460
30170;202000033518;30;9;2020;07:37;3;35;35273;1;1;3;2;D155;48,3851930; -1,2726010
30171;202000033520;31;5;2020;11:50;1;44;44201;2;1;1;3;Route du Lavoir;47,3664430; -1,5229150
30172;202000033521;2;6;2020;14:05;1;38;38535;1;1;1;6;D65;45,7784040;5,2626660
30173;202000033522;1;6;2020;15:00;1;69;69184;1;1;8;1;Rue du Pertuis;45,6038710;4,5610050
30174;202000033524;2;6;2020;09:50;1;81;81076;2;1;1;7;12 Avenue de Castres;43,5683270;1,8884680
30175;202000033525;31;5;2020;09:15;1;31;31433;2;9;7;3;Ancienne Route Impériale;43,5184200;1,3957250
30176;202000033526;2;6;2020;16:48;1;62;62196;1;1;1;7;A16;50,4753475;1,6997097
30177;202000033527;30;9;2020;12:25;1;60;60346;2;1;1;4;Avenue de la Libération;49,1463570;2,4412670
30178;202000033528;1;6;2020;10:30;1;13;13005;1;1;1;2;A50 - Sens Aubagne vers Marseille;43,2898680;5,5531880
30179;202000033529;1;6;2020;20:05;1;33;33281;1;1;1;5;ROCADE A 630;44,8526900; -0,6658700
30180;202000033530;1;6;2020;15:15;1;33;33080;1;1;1;6;AUTOROUTE A 62;44,7588200; -0,5461400
30181;202000033531;1;6;2020;18:10;1;91;91687;1;1;1;3;AUTOROUTE A6;48,6631600;2,3670100
30182;202000033532;31;5;2020;21:30;2;78;78043;1;1;1;6;A13W;48,8471400;2,0791720
30183;202000033534;1;6;2020;17:50;1;94;94017;1;1;1;2;A4;48,8290900;2,4802900
30184;202000033535;29;9;2020;16:10;1;59;59322;2;1;1;6;41 bis Rue Foch;50,2334300;3,3215780
30185;202000033536;12;1;2020;19:45;3;73;73248;1;4;9;6;D110;45,2540855;6,3233088
30186;202000033537;30;9;2020;01:30;5;59;59400;2;1;1;6;pont des morts;50,6453040;2,6385100
30187;202000033538;30;5;2020;21:45;3;974;97416;1;9;1;6;Route de l’Entre Deux; -21,2880000;55,4541700
30188;202000033539;29;9;2020;18:05;1;13;13043;1;1;1;4;A55-Sens Marseille vers Martigues;43,3870190;5,2417280
30189;202000033540;29;9;2020;13:25;1;13;13071;1;1;1;4;A7-Sens Lyon vers Marseille;43,4053000;5,2952000
30190;202000033541;30;5;2020;17:20;1;974;97411;1;3;1;5;LITTORAL (ROUTE 1 DU); -20,8769204;55,4422367
30191;202000033543;29;9;2020;07:50;1;13;13117;1;1;1;3;A7-Sens Lyon vers Marseille;43,4179000;5,2732500
30192;202000033544;11;12;2020;08:15;2;91;91201;2;1;2;6;RUE DU PORT AUX DAMES;48,6784270;2,3901690
30193;202000033545;30;5;2020;01:30;3;974;97411;1;1;1;5;Route du Littoral; -20,8967000;55,3750000
30194;202000033546;27;9;2020;21:53;3;13;13071;1;1;1;7;A7-Sens Lyon vers Marseille;43,4159700;5,2767000
30195;202000033547;11;12;2020;13:42;1;91;91027;1;1;1;2;RTE NATIONALE 7;48,7176800;2,3707900
30196;202000033549;10;12;2020;18:30;5;83;83137;2;9;1;5;STRASBOURG (BD DE );43,1251800;5,9310300
30197;202000033550;28;9;2020;08:30;1;13;13211;1;1;1;7;A50-Sens Aubagne vers Marseille;43,2886300;5,4432000
30198;202000033551;11;12;2020;07:59;1;83;83069;2;1;1;3;OLBIA  (VOIE);43,1146740;6,1354490
30199;202000033552;30;5;2020;15:15;1;69;69034;2;5;1;-1;ARISTIDE BRIAND                     (CO);45,7794700;4,8412800
30200;202000033553;11;12;2020;09:15;1;81;81065;2;1;1;6;place Pierre Fabre;43,6086215;2,2391442
30201;202000033554;28;9;2020;16:13;1;83;83144;1;1;1;3;A57;43,1404831;6,0001445
30202;202000033555;9;12;2020;14:50;1;80;80021;2;1;2;7;CAGNY (RUE DE);49,8802400;2,3217300
30203;202000033556;30;5;2020;19:50;1;69;69385;2;1;1;3;BARTHELEMY BUYER                    (AV);45,7636700;4,7993300
30204;202000033557;26;9;2020;21:00;5;59;59646;1;1;2;6;ROUTE METROPOLITAINE 656;50,6852030;3,1349960
30205;202000033558;29;9;2020;17:50;1;91;91345;1;1;1;7;AUTOROUTE A6;48,6886000;2,3245000
30206;202000033559;11;12;2020;16:30;1;79;79191;2;1;1;-1;16 Rue Voltaire;46,3257100; -0,4547600
30207;202000033560;31;5;2020;07:55;1;971;97101;1;9;2;3;RN11;16,2719500; -61,5154900
30208;202000033561;11;11;2020;22:25;3;78;78646;2;2;1;6;EUROPE (AVENUE DE L');48,8049440;2,1311110
30209;202000033562;1;6;2020;00:20;5;91;91161;2;1;1;3;ROCROI (AVENUE DE);48,6910890;2,3125710
30210;202000033563;29;9;2020;14:00;1;91;91377;1;1;2;4;AUTOROUTE A10;48,7145300;2,2890600
30211;202000033564;29;9;2020;11:25;1;77;77251;1;1;9;7;A5A PARIS / RN104 INT;48,6261686;2,5393743
30212;202000033565;11;12;2020;13:00;1;77;77243;2;3;1;1;GENERAL LECLERC  (AVENUE DU);48,8748100;2,6936300
30213;202000033566;29;9;2020;10:40;1;91;91363;1;1;1;7;RN 104;48,6344000;2,2193000
30214;202000033567;29;9;2020;08:00;1;91;91086;1;1;1;6;RN 104;48,6250600;2,3617600
30215;202000033568;31;5;2020;22:45;5;91;91027;2;9;1;3;BARBUSSE (RUE HENRI);48,7005100;2,3641700
30216;202000033569;10;12;2020;18:25;3;76;76498;2;1;1;4;JACQUARD. RUE;49,4303500;1,0544800
30217;202000033571;10;12;2020;17:45;5;76;76322;2;1;1;6;REPUBLIQUE. RUE DE LA;49,4173098;1,0378622
30218;202000033573;29;9;2020;09:40;1;78;78640;1;1;2;5;A86 EXT;48,7788900;2,2015630
30219;202000033574;11;12;2020;07:25;5;76;76351;2;2;2;3;LOUIS LUMIERE;49,5241500;0,1228670
30220;202000033575;31;5;2020;11:20;1;73;73029;2;6;1;3;STADE (AVENUE DU);45,5642000;5,9439660
30221;202000033576;29;9;2020;21:35;3;93;93010;1;1;1;2;AUTOROUTE A3;48,8978300;2,4698400
30222;202000033577;7;12;2020;15:00;1;71;71076;2;5;1;6;SENTIERS (RUE );46,7960170;4,8542838
30223;202000033578;29;9;2020;16:15;1;95;95582;1;1;2;7;RD 170;48,9642800;2,2688900
30224;202000033579;11;12;2020;07:45;2;69;69013;1;1;1;4;D386;46,0189000;4,7209700
30225;202000033580;31;5;2020;15:40;1;71;71076;2;1;1;3;Avenue Boucicaut;46,7902379;4,8323053
30226;202000033581;29;9;2020;16:00;1;95;95582;1;1;2;2;RD 170;48,9642810;2,2688900
30227;202000033582;10;12;2020;21:25;5;67;67267;2;3;1;3;HOLTZHEIM (RUE DE);48,5544500;7,6770800