;Num_Acc;jour;mois;an;hrmn;lum;dep;com;agg;int;atm;col;adr;lat;long
30697;202000034104;3;7;2020;18:10;1;69;69387;2;2;1;3;GUILLOTIERE (DE LA)                 (GR);45,7521204;4,8466307
30698;202000034105;3;7;2020;09:48;1;69;69386;2;1;1;7;BERGES DU RHONE (SECT. PUVIS DE CHAVANNE;45,7825900;4,8477700
30699;202000034106;3;7;2020;13:25;1;69;69383;2;1;1;3;LAFAYETTE                           (CO);45,7636500;4,8623600
30700;202000034107;3;7;2020;12:15;1;972;97213;1;1;1;2;AUTOROUTE A1;14,6183000; -61,0197800
30701;202000034108;3;7;2020;14:20;1;972;97209;1;9;1;3;RD 13;14,6147000; -61,0503000
30702;202000034109;3;7;2020;14:50;1;972;97209;1;3;1;3;FONTAINE DIDIER (RUE DE LA);14,6311200; -61,0798600
30703;202000034110;2;7;2020;19:20;5;972;97209;2;1;1;6;BALATA (ROUTE DE);14,6820000; -61,0840000
30704;202000034112;3;7;2020;01:40;5;69;69382;2;2;1;3;CORDELIERS (DES)                    (PL);45,7635500;4,8381100
30705;202000034113;3;7;2020;23:25;5;95;95585;2;1;1;1;COQUETIERS (RUE DES);48,9838550;2,3893760
30706;202000034114;2;7;2020;11:20;1;91;91223;2;6;1;3;VICTOIRE (ROND-POINT DE LA);48,4374100;2,1631500
30707;202000034115;3;7;2020;11:57;1;87;87085;1;1;1;-1;AUTOROUTE A20;45,8379400;1,2818600
30708;202000034116;3;7;2020;17:35;1;86;86194;2;2;1;3;Avenue du 8 Mai 1945;46,5604400;0,3139500
30709;202000034117;23;6;2020;09:50;1;84;84087;1;1;1;3;LYON (ROUTE DE);44,1598600;4,7962200
30710;202000034119;28;6;2020;20:00;1;83;83129;2;3;1;3;SEVERIN SAURIN (RUE);43,0874900;5,8374600
30711;202000034120;2;7;2020;18:05;1;80;80021;2;1;1;2;PAIX (AVENUE DE LA);49,9116300;2,3017200
30712;202000034121;3;7;2020;15:00;1;79;79191;2;2;1;3;140 Avenue Saint Jean d'Angely;46,3158600; -0,4656300
30713;202000034122;2;7;2020;22:45;5;79;79081;2;6;1;3;168 Rue du Stade;46,3507000; -0,3775100
30714;202000034123;2;7;2020;00:25;5;78;78123;2;2;1;3;EUROPE (RN 190) AVENUE DE L';48,9434900;2,0297100
30715;202000034124;3;7;2020;07:10;2;77;77053;1;9;1;3;CHEVRY (ROUTE DE) - D216;48,7130100;2,6403300
30716;202000034125;2;7;2020;16:50;1;76;76575;2;1;1;3;HOTEL FORMULE 1 (AV. DES CANADIENS);49,4001100;1,0639100
30717;202000034126;3;7;2020;09:25;1;76;76351;2;2;1;3;BOUGAINVILLE;49,4984100;0,1255400
30718;202000034127;2;7;2020;21:56;5;69;69275;2;2;1;3;JEAN JAURES                         (AV);45,7710000;4,9601000
30719;202000034129;2;7;2020;19:50;1;67;67482;2;1;1;3;SCHIRMECK (ROUTE DE);48,5641680;7,7053830
30720;202000034130;1;7;2020;18:15;1;67;67482;2;1;1;6;COLMAR (AVENUE DE);48,5548100;7,7454890
30721;202000034131;3;7;2020;18:06;1;64;64483;2;1;1;2;ITHURRALDE ANDRE (AVENUE);43,3965500; -1,6458300
30722;202000034132;1;7;2020;23:30;5;63;63063;2;2;1;-1;FOURCHES (RUE DES);45,8180300;3,1071200
30723;202000034133;2;7;2020;18:00;1;60;60159;2;1;1;3;passage Frédéric Chopin;49,4091110;2,8060617
30724;202000034134;3;7;2020;17:50;1;59;59636;2;6;1;3;MARQUETTE RUE DE;50,6849124;3,0608685
30725;202000034135;3;7;2020;11:20;1;59;59220;2;2;1;3;FAUBOURG D'ARRAS RUE;50,6040000;3,0567600
30726;202000034136;2;7;2020;12:15;1;59;59350;2;3;1;3;KENNEDY AVENUE;50,6328300;3,0722900
30727;202000034137;2;7;2020;20:45;1;59;59569;2;1;1;1;GAUGUIN (PAUL);50,3477088;3,1027688
30728;202000034138;25;6;2020;10:45;1;56;56260;2;1;1;2;MURAILLES(RUE DES GRANDES);47,6644600; -2,7615500
30729;202000034139;2;7;2020;16:50;1;54;54395;2;1;1;3;KELLER (RUE CHARLES);48,7030998;6,1752438
30730;202000034140;3;7;2020;15:50;1;51;51454;2;1;1;2;Boulevard Albert 1er;49,2710019;4,0112541
30731;202000034141;2;7;2020;15:40;1;50;50129;2;1;1;6;NORMANDIE (AVENUE DE);49,6276900; -1,6250800
30732;202000034142;30;6;2020;19:10;1;50;50129;2;4;2;6;GAULLE (PLACE GENERAL DE);49,6385700; -1,6226200
30733;202000034143;1;7;2020;15:30;1;49;49328;2;6;2;7;DE LATTRE DE TASSIGNY (BLD);47,2600400; -0,0892500
30734;202000034144;3;7;2020;01:38;5;44;44109;2;9;1;2;BOULEVARD JULES VERNE;47,2471400; -1,5228800
30735;202000034145;3;7;2020;12:00;1;42;42186;2;1;1;7;Cours de Verdun;45,5282794;4,6152844
30736;202000034146;3;7;2020;08:25;1;41;41018;2;1;2;3;ORLEANS (RUE CHARLES D');47,5832600;1,3208200
30737;202000034147;3;7;2020;21:00;1;35;35238;2;6;1;3;LOBINEAU;48,0989934; -1,6842390
30738;202000034148;3;7;2020;12:25;1;35;35051;2;1;1;3;BRAY (RUE DE);48,1080900; -1,6138500
30739;202000034149;3;7;2020;08:40;1;35;35238;2;1;1;7;LEROUX (BD OSCAR);48,0915000; -1,6647000
30740;202000034150;3;7;2020;12:45;1;34;34172;2;1;1;1;EUROPE (AVENUE DE L');43,6321300;3,8223800
30741;202000034151;3;7;2020;10:00;1;34;34172;2;9;1;1;ADAM (PLACE EDOUARD);43,6067500;3,8759500
30742;202000034152;29;6;2020;22:35;5;33;33318;2;1;1;1;160 Avenue du Général Leclerc;44,7852300; -0,6827700
30743;202000034153;2;7;2020;17:35;1;31;31483;2;1;1;6;6 bis Rue Charles Baudelaire;43,1141016;0,7082178
30744;202000034155;3;7;2020;02:05;5;29;29232;2;6;1;6;D785 - Rond Point de Ludugris;47,9797187; -4,1226264
30745;202000034156;3;7;2020;17:30;1;29;29039;2;2;1;2;D783 - Beuzec;47,8813391; -3,9099670
30746;202000034157;16;6;2020;18:40;1;27;27375;2;1;1;7;SAINT PIERRE (ROUTE DE);49,2249800;1,1819200
30747;202000034158;30;6;2020;20:00;1;27;27375;1;1;1;6;RD313;49,2283200;1,1478000
30748;202000034159;4;7;2020;01:05;5;26;26362;2;1;1;3;11 Allée André Boulle;44,9525840;4,9321670
30749;202000034161;30;6;2020;07:40;1;22;22278;2;1;1;6;GALLOIS (DES);48,4959809; -2,7457595
30750;202000034162;2;7;2020;12:10;1;16;16089;2;1;1;3;AVENUE DE BARBEZIEUX ;45,6794600; -0,3283300
30751;202000034164;3;7;2020;19:30;1;13;13210;2;2;1;3;ROMAIN ROLLAND (BOULEVARD);43,2768275;5,4190489
30752;202000034165;3;7;2020;18:00;1;13;13203;2;1;1;2;BD FERDINAND DE LESSEPS;43,3202000;5,3717960
30753;202000034166;3;7;2020;16:15;1;13;13202;2;2;1;6;FAUCHIER (RUE);43,3035868;5,3689528
30754;202000034167;3;7;2020;01:50;5;13;13208;2;6;1;-1;PRADO JACQUES CHIRAC (ROND POINT);43,2723200;5,3912600
30755;202000034168;1;7;2020;08:50;1;13;13204;2;1;1;5;FRANÇOISE DUPARC (BOULEVARD);43,3031200;5,4005900
30756;202000034169;2;7;2020;08:30;1;13;13063;2;9;1;6;CHARLES DE GAULLE AVENUE;43,5846000;5,0018600
30757;202000034170;3;7;2020;18:35;1;13;13005;2;1;1;6;ROUGIER (RUE ELZEARD);43,2939300;5,5693300
30758;202000034171;1;7;2020;13:15;1;13;13001;2;9;1;3;GALICE (RTE DE);43,5246900;5,3906900
30759;202000034172;2;7;2020;13:55;1;13;13001;1;2;1;3;RD 7;43,4894700;5,4079300
30760;202000034173;2;7;2020;18:15;1;11;11262;2;9;1;6;REPUBLIQUE (COURS DE LA);43,1827600;3,0053900
30761;202000034175;1;7;2020;16:15;1;11;11069;1;1;1;7;ROCADE SUD RD 6161;43,2008406;2,3703110
30762;202000034176;4;7;2020;00:01;5;10;10387;2;2;1;3;GENERAL LECLERC (RUE DU);48,3081900;4,0561500
30763;202000034177;2;7;2020;16:25;1;10;10343;2;1;1;3;SAPINS (AVENUE);48,2799600;4,0873900
30764;202000034178;2;7;2020;08:42;1;10;10325;2;1;1;3;GUSTAVE EIFFEL (RUE);48,2657600;4,0786900
30765;202000034179;2;7;2020;07:18;1;10;10297;2;3;1;2;TIRVERTS (RUE);48,3156000;4,0822000
30766;202000034180;2;7;2020;13:20;1;06;06029;2;1;1;6;PANTIERO (PROMENADE DE LA);43,5514000;7,0154000
30767;202000034181;3;7;2020;00:45;5;06;06004;2;4;1;3;GREC AV.JULES;43,5952400;7,1148410
30768;202000034182;30;6;2020;15:50;1;04;04112;1;1;1;2;RD 6;43,8275100;5,7554800
30769;202000034183;30;6;2020;15:25;1;04;04112;2;1;1;3;Rue des Entrepreneurs;43,8208120;5,7948243
30770;202000034184;11;5;2020;11:15;1;03;03095;2;9;1;6;Avenue Gilbert Roux;46,1378848;3,4364355
30771;202000034186;3;7;2020;14:15;1;75;75117;2;1;1;2;PORTE DE CLICHY;48,8964620;2,3100570
30772;202000034187;3;7;2020;10:10;1;75;75113;2;4;1;7;QUAI D IVRY;48,8247240;2,3844490
30773;202000034188;2;7;2020;22:50;5;75;75104;2;2;1;6;BOULEVARD BOURDON;48,8529260;2,3684220
30774;202000034189;3;7;2020;18:01;1;75;75105;2;5;1;-1;RUE MONGE;48,8489290;2,3498280
30775;202000034191;3;7;2020;07:25;1;75;75119;2;1;1;6;PASSAGE DES MAUXINS;48,8775040;2,4044650
30776;202000034192;3;7;2020;18:15;1;75;75118;2;1;1;6;BOULEVARD DE CLICHY;48,8835170;2,3338540
30777;202000034193;3;7;2020;19:00;1;75;75116;2;3;1;3;ALLEE DU BORD DE L EAU;48,8674830;2,2330130
30778;202000034194;3;7;2020;10:00;1;75;75116;2;7;1;3;PLACE DU MARECHAL DE LATTRE DE TASSIGNY;48,8716940;2,2757950
30779;202000034195;2;7;2020;18:40;1;75;75116;2;1;1;3;ROUTE DE SEVRES A NEUILLY;48,8616620;2,2378960
30780;202000034196;2;7;2020;13:05;1;75;75116;2;1;1;4;AVENUE FOCH;48,8728230;2,2859870
30781;202000034197;2;7;2020;09:00;1;75;75116;2;4;1;3;VOIE GEORGES POMPIDOU;48,8528490;2,2815990
30782;202000034198;3;7;2020;17:45;1;75;75115;2;2;1;6;RUE D ORADOUR SUR GLANE;48,8321180;2,2806140
30783;202000034199;3;7;2020;16:55;1;75;75115;2;1;1;6;RUE MADEMOISELLE;48,8434010;2,2997730
30784;202000034200;2;7;2020;09:20;1;75;75114;2;1;1;-1;RUE VICTOR SCHOELCHER;48,8361360;2,3307490
30785;202000034201;3;7;2020;18:45;1;75;75112;2;1;1;6;AVENUE DAUMESNIL;48,8382040;2,4265610
30786;202000034202;3;7;2020;11:55;1;75;75111;2;3;1;6;AVENUE DE LA REPUBLIQUE;48,8666350;2,3673170
30787;202000034203;3;7;2020;02:35;5;75;75111;2;2;1;-1;BOULEVARD RICHARD LENOIR;48,8639990;2,3706780
30788;202000034204;3;7;2020;02:25;5;75;75117;2;7;1;3;PLACE CHARLES DE GAULLE;48,8740280;2,2942430
30789;202000034205;3;7;2020;18:58;1;94;94081;2;1;1;1;REPUBLIQUE (AV DE LA);48,8020600;2,3978000
30790;202000034207;3;7;2020;18:45;1;94;94068;2;2;1;1;MARNE (BD DE LA);48,7894100;2,5115500
30791;202000034208;3;7;2020;12:00;1;94;94068;2;2;1;3;DIDIER (AV);48,7974700;2,5087700
30792;202000034209;3;7;2020;14:45;1;94;94043;2;6;1;2;FONTAINEBLEAU (AV DE);48,8096400;2,3625400
30793;202000034210;3;7;2020;14:00;1;94;94043;1;9;1;2;GABRIEL PERI (R);48,8102800;2,3498500
30794;202000034211;3;7;2020;19:20;1;94;94011;2;9;1;3;LYS.(AVENUE DES);48,7708570;2,4912970
30795;202000034212;2;7;2020;11:30;1;94;94019;2;4;1;3;LIBERATION - CAR DE PINCE-VENT (AV DE LA;48,7992928;2,5443435
30796;202000034213;3;7;2020;17:15;1;94;94004;2;1;1;3;VALENTON (R DE);48,7480720;2,5118140
30797;202000034214;3;7;2020;08:15;1;94;94071;2;7;1;3;PARIS (R DE);48,7745600;2,5108600
30798;202000034215;2;7;2020;23:30;5;93;93073;2;1;1;2;CHAPIT RE ( RUE DU);49,0032725;2,5368290
30799;202000034216;3;7;2020;18:00;1;93;93066;2;1;1;5;ORNANO (BOULEVARD);48,9157200;2,3442000
30800;202000034217;2;7;2020;18:50;1;93;93066;2;1;1;3;Avenue Paul Vaillant-Couturier;48,9300000;2,3620000
30801;202000034218;3;7;2020;13:00;1;93;93077;2;1;1;6;AV LAGACHE;48,8825600;2,5248600
30802;202000034219;3;7;2020;17:35;1;93;93031;2;1;1;1;GALLIENI (AVENUE);48,9642392;2,2986413
30803;202000034220;3;7;2020;10:30;1;93;93031;2;1;1;3;AV DE LA REPUBLIQUE;48,9500000;2,3285000
30804;202000034221;3;7;2020;08:30;1;93;93029;2;1;1;3;HENRI BARBUSSE (AVE) N°2-124;48,9200078;2,4517219
30805;202000034222;2;7;2020;18:15;1;93;93027;2;1;1;6;QUINET (RUE EDGAR);48,9283400;2,3944100
30806;202000034224;2;7;2020;10:10;1;92;92049;2;1;8;7;MARNE AVENUE DE LA;48,8133000;2,3045500
30807;202000034225;3;7;2020;13:00;1;92;92035;2;1;1;-1;République ( boulevard de la );48,9061000;2,2506100
30808;202000034226;3;7;2020;19:35;1;92;92024;2;3;1;2;MARTRE (RUE) DE (59 A 109)   (58 A 120);48,9021000;2,3070400
30809;202000034227;3;7;2020;18:00;1;92;92024;2;1;1;3;VICTOR HUGO (BD);48,8980727;2,3115445
30810;202000034228;3;7;2020;09:45;1;92;92024;2;3;8;6;BATELIER (RUE DES) DE (21 ET PLUS)   (2;48,9068214;2,3042294
30811;202000034229;3;7;2020;07:45;1;92;92024;2;1;1;3;CLICHY (QUAI DE) DE (8 A 60);48,9041522;2,2914798
30812;202000034230;3;7;2020;11:30;1;92;92023;2;9;1;6;BOSSUET (RUE);48,7882801;2,2359592
30813;202000034231;3;7;2020;08:45;1;92;92023;2;6;1;3;JEAN BAPTISTE CLEMENT (AVENUE);48,7989800;2,2680100
30814;202000034232;3;7;2020;13:15;1;38;38157;1;1;1;1;D538;45,4966310;4,9323680
30815;202000034233;4;7;2020;06:00;2;66;66136;1;1;1;2;29 Rue Honore de Balzac;42,6995560;2,9029390
30816;202000034234;3;7;2020;07:30;1;17;17245;2;2;1;3;RD107 x RD110;46,1715100; -1,0038640
30817;202000034235;4;7;2020;16:00;1;83;83023;1;1;7;6;Autoroute A8 PK 78.7195;43,4191074;6,1136127
30818;202000034236;4;7;2020;16:30;1;85;85233;2;1;1;2;154 Route Nationale;46,5239700; -1,0825300
30819;202000034238;4;7;2020;10:50;1;60;60088;2;1;1;7;D609;49,2247170;2,2050120
30820;202000034239;3;7;2020;18:15;1;69;69283;2;3;1;3;Route de Saint Priest;45,6814119;4,9489122
30821;202000034240;3;7;2020;18:10;1;84;84037;2;1;1;6;Chemin des Consuls;44,0564670;4,8336460
30822;202000034241;27;6;2020;19:30;1;83;83019;1;1;1;2;Avenue Lou Mistraou;43,1440690;6,3263010
30823;202000034242;3;7;2020;10:55;1;36;36200;1;1;1;7;A20;46,6138960;1,5336230
30824;202000034243;4;7;2020;14:50;1;12;12063;1;1;1;2;La Cavalerie;44,0102170;3,1433720
30825;202000034244;3;7;2020;17:34;1;30;30226;1;1;1;5;N86;44,2270730;4,6336130
30826;202000034245;4;7;2020;02:30;3;22;22032;1;1;1;7;La Ville Es Chevets;48,2821650; -2,1903030
30827;202000034246;3;7;2020;17:20;1;19;19214;1;1;1;7;D980;45,1340110;2,1740060
30828;202000034247;3;7;2020;18:00;1;56;56002;2;9;7;3;La Vieille Poste;47,5591900; -2,5023750
30829;202000034248;4;7;2020;01:10;3;74;74103;1;1;1;2;Route de Sallanches;45,9166350;6,6482900
30830;202000034249;29;6;2020;20:45;2;74;74011;2;6;1;6;03 RUE DU PRE DE LA SALLE;45,9158690;6,1473310
30831;202000034251;4;7;2020;19:30;1;33;33482;1;2;1;6;Lieu Dit Pitot;44,6858720; -0,1075030
30832;202000034252;11;6;2020;19:30;1;61;61375;1;1;1;2;RD 958;48,6637270;0,0207820
30833;202000034253;3;7;2020;16:20;1;49;49008;1;1;1;1;La Kiriaie D923;47,5725686; -1,0201208
30834;202000034254;2;7;2020;22:00;5;49;49259;2;2;1;3;4 Avenue d'Angers;47,3572891; -0,6559213
30835;202000034255;4;7;2020;08:05;1;12;12069;1;1;1;3;D999;43,8762110;2,6746770
30836;202000034256;4;7;2020;17:00;1;42;42229;1;1;1;7;RD 485 - Lieu dit Montveneur;46,1759167;4,3908608
30837;202000034257;4;7;2020;18:30;1;44;44128;1;1;2;3;Greneux;47,5466591; -1,8652294
30838;202000034259;3;7;2020;21:10;2;38;38189;1;1;1;1;D518Z;45,6388300;5,0624500
30839;202000034260;19;3;2020;22:00;3;72;72169;1;1;1;6;A11.1;47,9562490;0,0675920
30840;202000034261;20;3;2020;05:57;2;60;60312;1;1;5;6;5 Les Prairies;49,5800858;1,7572954
30841;202000034262;19;3;2020;21:00;3;40;40017;1;1;1;7;Route du Cap de Gascogne;43,7221610; -0,6039430
30842;202000034263;16;3;2020;09:30;1;67;67506;2;6;1;7;Route de Strasbourg;48,6615600;7,7205510
30843;202000034264;20;3;2020;01:05;3;57;57495;1;1;1;2;A4;49,1337810;6,5436240
30844;202000034265;17;3;2020;20:45;3;33;33049;1;1;1;2;RN89 - (1er impact pris en compte et pas fin de course du VU retourné sur TPC);44,8811800; -0,3564800
30845;202000034266;18;3;2020;14:20;1;67;67482;1;1;1;6;Autoroute A.35;48,5811760;7,7240370
30846;202000034267;18;3;2020;06:50;2;62;62193;1;1;1;2;AUTOROUTE A16;50,9399965;1,8331681
30847;202000034268;19;3;2020;11:00;1;91;91340;1;1;1;2;RN 104;48,6098800;2,4424200
30848;202000034269;18;3;2020;07:50;1;974;97416;2;1;1;6;MAURICE THOREZ(CHEMIN); -21,2782900;55,4671100
30849;202000034271;18;3;2020;19:15;5;974;97407;2;2;1;3;CARPAYE(AVENUE); -20,9455400;55,2982600
30850;202000034272;6;2;2020;15:35;1;69;69259;2;1;1;3;REPUBLIQUE (DE LA)                  (AV);45,7069972;4,8718786
30851;202000034273;18;3;2020;18:40;2;972;97209;2;1;1;3;CLUNY (ROUTE DE);14,6123900; -61,0794300
30852;202000034274;18;3;2020;15:45;1;91;91691;2;1;1;2;MARCEAU BAILLIOTI(RUE);48,7070300;2,4963500
30853;202000034275;12;3;2020;15:00;1;91;91521;2;1;1;6;GRIGNY (ROUTE DE);48,6512740;2,4030600
30854;202000034276;16;3;2020;22:13;5;85;85191;2;3;1;3;Boulevard Aristide Briand;46,6670400; -1,4304100
30855;202000034277;18;3;2020;11:05;1;77;77243;2;1;1;6;TANNEURS  (RUE DES  );48,8791200;2,7042700
30856;202000034278;17;3;2020;11:50;1;71;71306;2;2;1;3;Rue de Semard;46,6711664;4,3797488
30857;202000034279;18;3;2020;16:50;1;69;69256;2;2;1;3;EMILE ZOLA                          (R );45,7772321;4,9196325
30858;202000034280;7;3;2020;11:20;1;59;59507;2;1;1;2;JAURES JEAN AVENUE.;50,5986770;3,0810470
30859;202000034281;11;3;2020;05:50;5;59;59569;2;1;2;6;MOCHE (RUE ALCIDE);50,3657800;3,1174100
30860;202000034282;6;3;2020;10:00;1;59;59327;2;1;1;6;Rue de Montozon;50,3906791;3,1620087
30861;202000034283;13;3;2020;08:40;1;58;58194;2;6;1;3;ORDRE NATIONAL DU MERITE;46,9928000;3,1677000
30862;202000034284;16;3;2020;19:40;3;55;55302;1;1;1;2;RN935;48,7470740;5,2066080
30863;202000034285;13;3;2020;16:00;1;31;31555;2;1;1;7;RUE DE L AUDE;43,5821700;1,4804900
30864;202000034286;18;3;2020;17:50;1;29;29232;2;1;1;6;Rue de Rozarguer;47,9704900; -4,1139600
30865;202000034287;13;3;2020;15:40;1;24;24322;2;3;1;2;Rue Victor Hugo;45,1906110;0,7097620
30866;202000034288;18;3;2020;22:00;5;17;17300;2;9;1;7;BRIQUETERIE   RUE DE LA;46,1616000; -1,1656000
30867;202000034290;30;1;2020;15:51;1;10;10297;2;1;2;6;MARC VERDIER (RUE);48,3266800;4,1104600
30868;202000034291;16;3;2020;19:40;3;05;05061;2;1;1;-1;STE MARGUERITE ( ROUTE DE );44,5195800;6,0642500
30869;202000034292;16;3;2020;11:30;1;05;05061;2;6;1;3;VICTOR HUGO ( COURS  );44,5619500;6,0777600
30870;202000034293;18;3;2020;11:00;1;75;75117;2;7;1;3;PLACE DES TERNES;48,8784110;2,2983960
30871;202000034294;18;3;2020;21:40;5;75;75115;2;3;1;3;BOULEVARD DE GRENELLE;48,8517750;2,2916910
30872;202000034295;17;3;2020;13:45;1;94;94028;2;9;1;3;FOCH(AVENUE DU MARECHAL);48,7780900;2,4384300
30873;202000034296;17;3;2020;13:00;1;93;93061;2;3;1;3;R PERI GABRIEL / R GARIBALDI;48,8870600;2,4080300
30874;202000034297;17;3;2020;11:25;1;92;92050;2;2;1;3;LENINE VLADIMIR ILITCH/ FOCH MARECHAL PLACE DU AVENUE;48,8882600;2,1941900
30875;202000034298;18;3;2020;13:30;1;92;92048;2;1;1;6;MARCEL ALLEGOT (RUE);48,8211710;2,2276370
30876;202000034299;3;5;2020;14:15;1;92;92019;2;1;1;7;SALENGRO ROGER (RUE);48,7723963;2,2753822
30877;202000034300;19;3;2020;13:35;1;11;11148;1;1;1;7;A61;43,1687070;2,7099540
30878;202000034302;18;3;2020;18:20;2;971;97132;1;1;1;-1;L'ermitage;15,9984290; -61,6398020
30879;202000034303;18;3;2020;22:00;3;38;38284;1;1;1;6;Route de Beaurepaire;45,3909500;5,2050000
30880;202000034304;19;3;2020;12:15;1;01;01291;2;1;1;6;Route de Bolozard;46,2447260;4,9816670
30881;202000034305;18;3;2020;17:00;1;60;60481;2;1;1;3;Rue de la Forêt;49,2927140;2,8585960
30882;202000034306;19;3;2020;07:49;5;73;73104;1;1;1;2;autoroute A 43, PK 74.350 sens Lyon-Chambéry;45,5540950;5,7486710
30883;202000034307;13;3;2020;13:35;1;41;41220;2;9;1;6;5 Avenue de Sologne;47,7177060;1,6168520
30884;202000034308;17;3;2020;15:15;1;11;11315;1;1;1;7;D206;43,2715420;2,5766158
30885;202000034309;19;3;2020;12:00;1;81;81140;1;1;1;6;Lieu dit Bataille;43,6711930;1,8405000
30886;202000034310;17;3;2020;09:00;1;56;56007;2;1;1;6;26 Rue Martin Luther King;47,6744110; -3,0034840
30887;202000034311;19;2;2020;11:40;1;33;33550;1;9;1;2;ROCADE A 630;44,7845300; -0,5417900
30888;202000034313;9;1;2020;14:10;1;09;09122;2;7;1;3;LAQUIERE (RUE);42,9628800;1,6083300
30889;202000034314;6;1;2020;08:53;1;09;09122;1;1;1;2;BERT (RUE PAUL);42,9822290;1,6132410
30890;202000034315;18;3;2020;08:10;1;988;98818;2;1;1;3;RUE EDOUARD GLASSER; -22,2929000;166,4481500
30891;202000034316;17;3;2020;17:40;1;988;98818;2;3;1;3;BAIE DES DAMES (ROUTE DE LA); -22,2347600;166,4426100
30892;202000034317;17;3;2020;11:35;1;988;98818;2;1;1;6;RUE ANATOLE FRANCE; -22,2715100;166,4424800
30893;202000034318;17;3;2020;09:00;1;973;97302;2;1;1;3;MADELEINE (ROUTE DE LA);4,9271207; -52,3247480
30894;202000034319;16;3;2020;01:40;3;972;97209;1;1;1;7;RD 41 (ROCADE);14,6090700; -61,0667000
30895;202000034320;17;3;2020;11:00;1;91;91687;2;1;1;6;GENERAL DE GAULLE (AVENUE DU);48,6802000;2,3804900
30896;202000034321;17;3;2020;04:25;5;91;91347;2;1;1;6;CIMETIERE DES BOURGUIGONS (CHEMIN DU);48,6409900;2,2850000
30897;202000034322;13;3;2020;18:30;1;85;85194;1;1;1;3;Rue de la Bonne Vierge;46,5118400; -1,8174600
30898;202000034323;16;3;2020;14:20;1;80;80131;1;1;1;3;MONTDIDIER (RUE DE);49,8370200;2,4104900
30899;202000034324;13;3;2020;23:45;5;78;78168;2;5;1;3;Route nationale 10;48,7486500;1,9249500
30900;202000034325;28;2;2020;11:45;1;76;76351;2;3;2;6;MARECHAL JOFFRE (RUE);49,4989000;0,1197300
30901;202000034326;17;3;2020;07:00;1;69;69282;2;6;1;3;JEAN JAURES                         (R );45,7783000;5,0217000
30902;202000034327;16;3;2020;13:30;1;67;67482;2;3;1;3;KOENIGSHOFFEN (RUE DE);48,5804529;7,7276513
30903;202000034328;15;3;2020;02:40;5;64;64122;2;1;1;7;IMPERATRICE (AVENUE DE L');43,4881800; -1,5533400
30904;202000034329;17;3;2020;09:59;1;64;64102;2;1;8;6;AMADE  (ROND POINT);43,5023500; -1,4789900
30905;202000034330;17;3;2020;06:45;2;64;64024;2;9;2;1;ADOUR (AVENUE DE L');43,5210800; -1,5029400
30906;202000034331;16;3;2020;08:52;1;63;63113;2;2;2;3;BEAUPEYRAS (RUE DE);45,7947500;3,0825700
30907;202000034332;15;3;2020;09:36;1;63;63113;2;3;1;-1;FONTAINE DU LARGE (RUE DE LA);45,7927900;3,0916600
30908;202000034333;16;3;2020;14:05;1;62;62193;2;3;1;3;JACQUARD (BOULEVARD);50,9486700;1,8539900
30909;202000034334;17;3;2020;16:10;1;60;60159;2;1;1;3;GAMBETTA (BD);49,4127800;2,8142800
30910;202000034335;17;3;2020;10:50;1;59;59599;2;1;1;-1;DRON (AVENUE GUSTAVE);50,7189690;3,1636680
30911;202000034336;13;3;2020;09:10;1;59;59178;2;6;1;3;HERILLIER (PLACE L');50,3629800;3,0781200
30912;202000034338;15;3;2020;18:30;1;37;37122;2;1;1;-1;LAVOISIER (RUE);47,3465104;0,6548812
30913;202000034339;17;3;2020;20:30;3;35;35051;1;1;1;6;RN136;48,1497600; -1,6083800
30914;202000034340;15;3;2020;01:56;5;35;35238;2;9;1;7;GAYEULLES (AVENUE DES);48,1374200; -1,6522400
30915;202000034341;17;3;2020;17:25;1;33;33063;2;2;1;1;PCE DES MARTYRS DE LA RESISTANCE / RUE DU MANEGE;44,8419800; -0,5845200
30916;202000034342;16;3;2020;17:45;1;31;31555;2;1;2;3;BD DE SUISSE;43,6218200;1,4250000
30917;202000034343;16;3;2020;14:00;1;31;31555;2;1;1;3;BD JEAN BRUNHES;43,6012400;1,4202500
30918;202000034344;16;3;2020;08:40;1;31;31557;2;2;1;3;GASCOGNE (AV DE);43,5870600;1,3450700
30919;202000034346;17;3;2020;07:45;1;17;17274;2;6;1;2;REPUBLIQUE   ROND-POINT DE LA;46,1530300; -1,1119700
30920;202000034348;17;3;2020;10:25;1;13;13047;2;1;1;6;BAUMES RUE DES;43,5099200;4,9826000
30921;202000034349;14;3;2020;11:40;1;13;13004;1;1;1;1;RTE DE FONTVIEILLE RAPHELE;43,7060070;4,6584000
30922;202000034350;14;3;2020;17:22;1;11;11262;2;6;1;3;ELYSIQUES (VOIES DES);43,1849100;2,9791700
30923;202000034351;16;3;2020;18:50;1;75;75120;2;2;1;-1;RUE D AVRON;48,8518366;2,4013825
30924;202000034352;17;3;2020;04:30;5;75;75117;2;3;1;6;BOULEVARD DES BATIGNOLLES;48,8819070;2,3188860
30925;202000034353;16;3;2020;01:15;5;75;75116;2;2;1;6;AVENUE GEORGES MANDEL;48,8635020;2,2815760
30926;202000034354;17;3;2020;11:30;1;94;94077;2;2;1;6;HENRI GILBERT (AV);48,7353000;2,4243000
30927;202000034355;16;3;2020;18:25;2;94;94069;2;2;1;3;GRAVELLE (AV DE);48,8241000;2,4227800