;Num_Acc;jour;mois;an;hrmn;lum;dep;com;agg;int;atm;col;adr;lat;long
30928;202000034356;16;3;2020;18:20;2;94;94017;2;1;1;6;GALLIENI (QU);48,8111800;2,4952800
30929;202000034357;16;3;2020;17:59;1;93;93066;2;1;1;3;R PAUL ELUARD;48,9394200;2,3449900
30930;202000034358;17;3;2020;12:00;1;92;92078;2;1;1;1;JEAN MOULIN (AVENUE) (1 AU 81);48,9403790;2,3288770
30931;202000034359;11;3;2020;20:19;5;92;92044;2;2;1;2;ARISTIDE BRIAND(RUE) 1 A 49 ET 2 A 52;48,8907200;2,2843590
30932;202000034360;16;3;2020;23:40;5;92;92040;2;4;1;3;GARIBALDI (BOULEVARD);48,8212220;2,2613510
30933;202000034361;16;3;2020;15:30;1;92;92036;2;1;1;3;MARCEL PAUL (AVENUE) (1/103);48,9433930;2,3032740
30934;202000034362;16;3;2020;16:40;1;41;41167;2;1;1;6;rue du vieux moulin;47,4973660;1,1753440
30935;202000034363;5;3;2020;15:40;1;74;74068;1;3;3;1;8 Rue du Mont Blanc;46,0614910;5,8679230
30936;202000034365;17;3;2020;07:40;2;61;61464;1;1;1;6;D958;48,6179560;0,1511420
30937;202000034367;18;3;2020;14:50;1;66;66202;2;1;1;1;D618;42,4982900;2,0026180
30938;202000034368;17;3;2020;12:20;1;18;18015;1;1;1;6;Route de Ménétréol;47,4681370;2,3714160
30939;202000034369;17;3;2020;16:30;1;17;17003;2;1;1;6;6 Rue de Saint-christophe;46,1180070; -0,9341340
30940;202000034370;18;3;2020;07:30;1;68;68015;1;1;1;4;A36;47,7897760;7,4466710
30941;202000034372;18;3;2020;15:50;1;03;03056;1;1;1;7;Clos Bargeon;46,0888720;3,5504060
30942;202000034373;15;3;2020;17:15;1;33;33433;2;3;1;2;Chemin de Loustalot / chemin Louis Aragon;44,9099700; -0,4382100
30943;202000034374;16;3;2020;08:20;1;33;33096;1;1;2;4;AUTOROUTE A10;44,8885800; -0,5047300
30944;202000034375;17;3;2020;11:58;1;91;91161;1;1;1;4;AUTOROUTE A6;48,7101000;2,3079000
30945;202000034376;16;3;2020;09:35;1;93;93048;1;1;1;3;AUTOROUTE A86;48,8649600;2,4821000
30946;202000034377;14;3;2020;21:10;3;93;93006;1;1;1;2;AUTOROUTE A3;48,8691800;2,4295400
30947;202000034378;17;3;2020;15:00;1;94;94074;1;1;1;7;RN406.Y;48,7659690;2,4582200
30948;202000034379;14;3;2020;22:10;3;77;77438;1;1;1;6;A104;48,8662469;2,6701001
30949;202000034380;4;1;2020;15:35;1;974;97407;2;1;3;6;Boulevard de la Marine; -20,9500000;55,2929700
30950;202000034381;14;1;2020;18:35;5;78;78440;2;1;1;6;8 MAI 1945 (PLACE DU);48,9934390;1,9130140
30951;202000034382;10;1;2020;08:45;2;78;78238;1;2;1;-1;CD 113;48,9598940;1,8714980
30952;202000034383;6;1;2020;17:02;1;24;24037;2;1;1;6;PLACE GAMBETTA;44,8538000;0,4825100
30953;202000034384;16;3;2020;19:34;1;974;97416;2;3;1;-1;EMBERIQUES (IMPASSE); -21,2904100;55,4567800
30954;202000034385;16;3;2020;14:20;1;974;97411;2;9;1;2;BOIS DE NEFLES (RUE DU); -20,9020000;55,4773000
30955;202000034386;16;3;2020;10:40;1;69;69386;2;2;1;6;DUQUESNE                            (R );45,7726000;4,8442000
30956;202000034387;15;3;2020;20:45;5;972;97209;1;1;1;3;AUTOROUTE (A1);14,6181800; -61,0366100
30957;202000034388;16;3;2020;11:33;2;69;69384;2;1;1;6;DENFERT ROCHEREAU                   (R );45,7770000;4,8266800
30958;202000034389;15;1;2020;15:50;1;69;69385;2;1;1;3;POINT DU JOUR (DU)                  (AV);45,7563913;4,7999623
30959;202000034390;16;3;2020;12:25;1;91;91174;2;9;1;2;JEAN JAURES (BOULEVARD);48,6056030;2,4666910
30960;202000034391;16;3;2020;05:35;5;91;91103;2;1;1;1;GAYOT (RUE DU LIEUTENANT);48,5980120;2,2936680
30961;202000034392;13;3;2020;17:14;1;87;87085;2;1;1;2;DUTREIX (RUE ARMAND);45,8315400;1,2364800
30962;202000034393;7;3;2020;23:45;5;81;81060;2;1;1;6;25 Avenue de Rodez;44,0551700;2,1621200
30963;202000034394;12;3;2020;16:55;1;78;78158;2;1;1;6;DEBASSEUX (AVENUE);48,8167800;2,1360900
30964;202000034395;15;3;2020;15:45;1;76;76540;2;1;1;7;GUILLAUME LE CONQUERANT. RAMPE;49,4410500;1,0815000
30965;202000034396;14;3;2020;17:53;1;66;66136;1;1;1;-1;D914;42,6731900;2,8895900
30966;202000034397;15;3;2020;16:58;1;65;65047;1;1;1;1;SPORTS (AVE DES);43,2397000;0,1167400
30967;202000034398;13;3;2020;09:00;1;64;64445;2;1;8;6;PRESIDENT KENNEDY DU;43,3100900; -0,3660200
30968;202000034399;15;3;2020;14:30;1;63;63164;1;1;1;3;MENETROL (ROUTE DE);45,8413171;3,1437154
30969;202000034400;13;3;2020;01:20;3;56;56098;1;1;1;6;Route des Sternes;47,7732742; -3,3605222
30970;202000034402;15;3;2020;16:25;1;49;49007;2;1;1;7;ROE;47,4722400; -0,5527100
30971;202000034403;10;3;2020;16:25;1;46;46224;2;1;1;-1;PILLAT (AVENUE CHARLES);44,4711000;1,4150700
30972;202000034404;16;3;2020;17:00;1;37;37122;2;1;2;3;CHINON (BOULEVARD DE);47,3552740;0,6977510
30973;202000034405;15;3;2020;19:40;5;34;34172;2;1;1;3;CARRIEU (RUE MARIUS);43,6171400;3,8425400
30974;202000034406;16;3;2020;16:25;1;33;33522;2;2;1;2;BD GEORGE V / RUE DE LA LIBERTE;44,8213100; -0,5831500
30975;202000034407;16;3;2020;14:50;1;33;33522;2;3;1;6;92 Cours Maréchal Gallieni;44,8232490; -0,5929990
30976;202000034408;16;3;2020;08:00;1;33;33069;2;3;1;3;AVE DE LA LIBERATION-CH. DE GAULLE / RUE JACQUES GERALD;44,8560900; -0,5965000
30977;202000034409;12;3;2020;10:50;1;33;33063;2;2;1;3;Avenue du Maréchal de Lattre de Tassigny / Rue Soubiras (Caudéran);44,8570300; -0,6199000
30978;202000034410;15;3;2020;08:50;1;31;31555;1;9;1;3;Rd Pt Firmin Pons;43,5694200;1,3739700
30979;202000034412;13;3;2020;17:40;1;31;31555;2;1;1;-1;RTE D ALBI;43,6349100;1,4637200
30980;202000034413;16;3;2020;06:55;5;31;31483;2;1;1;7;BOULOGNE (AVENUE DE);43,1178380;0,7134150
30981;202000034414;14;3;2020;13:50;1;22;22278;2;1;1;3;ATLANTIQUE (BD) N°1 A 56/69;48,5190810; -2,7858478
30982;202000034415;13;3;2020;16:40;3;19;19152;1;1;1;-1;la bastière D.940;45,0149683;1,8092680
30983;202000034416;16;3;2020;05:10;3;17;17415;1;1;1;6;Route de Varzay;45,7332700; -0,6644700
30984;202000034418;15;3;2020;20:20;3;14;14574;1;1;1;6;D.613 ( LISIEUX);49,1267400;0,2174900
30985;202000034419;16;3;2020;16:40;1;13;13002;2;1;1;7;CANTON VERT (AVENUE DU);43,3417492;5,4717216
30986;202000034421;16;3;2020;07:30;1;06;06123;2;1;1;6;CURIE PIERRE ET MARIE AVENUE;43,6962100;7,1843300
30987;202000034422;15;3;2020;00:40;5;06;06027;2;1;1;5;PLAGE BOULEVARD DE LA;43,6567000;7,1644000
30988;202000034423;14;3;2020;17:30;1;06;06123;2;1;1;6;R.N. 7;43,6603780;7,1819920
30989;202000034424;14;3;2020;10:00;1;05;05061;2;3;1;3;BELLEVUE (BOULEVARD);44,5615500;6,0949900
30990;202000034425;13;3;2020;09:15;1;03;03310;2;1;1;6;Rue des Alpes;46,1306606;3,4168506
30991;202000034426;16;3;2020;16:30;1;75;75119;2;2;1;6;RUE PETITOT;48,8763590;2,3931180
30992;202000034427;16;3;2020;20:25;3;75;75117;2;2;1;3;AVENUE DE LA PORTE DE CLICHY;48,8944440;2,3134920
30993;202000034428;16;3;2020;14:10;1;75;75116;2;3;1;3;BOULEVARD DE BEAUSEJOUR;48,8573040;2,2692970
30994;202000034429;16;3;2020;14:34;1;75;75110;2;1;1;3;RUE DU FAUBOURG SAINT DENIS;48,8804660;2,3576990
30995;202000034430;16;3;2020;17:30;1;94;94043;2;1;1;4;FONTAINEBLEAU (AV DE);48,8090500;2,3629500
30996;202000034431;15;3;2020;16:35;1;94;94076;2;9;1;3;PARIS (AV DE);48,8062782;2,3635465
30997;202000034432;14;3;2020;12:00;1;94;94076;2;1;2;2;PRESIDENT ALLENDE (AV DU);48,7952100;2,3537700
30998;202000034433;15;3;2020;20:10;5;94;94028;2;1;1;7;PASTEUR VALERY RADOT(IMPASSE ET RUE);48,7892900;2,4424000
30999;202000034434;15;3;2020;20:40;3;93;93066;2;1;1;3;FRANCE ANATOLE (BOULEVARD) NR AUTRES;48,9277237;2,3529268
31000;202000034435;16;3;2020;10:50;1;93;93048;2;1;1;6;GENERAL DE GAULE (PLACE DU);48,8684154;2,4338697
31001;202000034436;15;3;2020;20:40;5;92;92078;2;8;1;3;VERDUN (AVENUE) (IMPAIRS 27 AU 73);48,9348700;2,3266300
31002;202000034437;13;3;2020;17:10;1;92;92063;2;1;1;6;DIX-HUIT JUIN 1940 (AVENUE DU) SUD;48,8674410;2,1977404
31003;202000034438;16;3;2020;01:45;5;92;92049;2;1;1;7;ARNOUX AVENUE MAURICE AUTRES N°;48,8139240;2,3103656
31004;202000034440;16;3;2020;14:07;1;92;92023;2;1;1;3;ALEXANDRE BARBEROUX (RUE);48,8086382;2,2678030
31005;202000034441;17;3;2020;10:40;1;63;63116;2;1;1;6;113 Avenue Etienne Clémentel;45,9820820;3,0880840
31006;202000034442;16;3;2020;14:30;1;67;67324;1;1;1;5;Départementale 1062;48,9688010;7,5802120
31007;202000034443;11;3;2020;12:30;1;2B;2B167;1;1;1;2;D451;42,5364260;8,8467730
31008;202000034445;14;3;2020;07:00;2;80;80211;1;1;1;7;route départementale 8;49,7504583;2,1621281
31009;202000034446;17;3;2020;11:55;1;65;65019;1;2;1;3;Intersection d935/chemin de compostelle;43,1485380;0,0918390
31010;202000034447;17;3;2020;11:30;1;12;12120;1;1;1;5;N88;44,3706670;2,8414670
31011;202000034448;13;3;2020;22:30;3;47;47006;1;1;1;6;Route de Thoumet;44,4051590;0,6348790
31012;202000034449;16;3;2020;14:30;1;29;29045;1;1;7;1;Lieu-dit Lavallot;48,4330230; -4,2767180
31013;202000034450;16;3;2020;19:40;3;68;68094;1;3;1;2;D463;47,5489720;7,4361240
31014;202000034451;3;9;2020;21:50;3;69;69120;1;1;1;6;Chemin du Drivon;45,7847940;4,4124110
31015;202000034452;3;9;2020;10:45;1;44;44195;2;6;1;3;Giratoire de LAVAU;47,3608010; -1,9557430
31016;202000034453;28;8;2020;19:50;1;44;44073;1;2;1;1;D16;47,4275650; -1,6024160
31017;202000034454;18;8;2020;13:40;1;60;60002;1;1;1;7;D1001;49,3707350;2,1551440
31018;202000034455;4;9;2020;00:00;3;59;59139;1;1;2;6;D45;50,1405820;3,4197840
31019;202000034456;3;9;2020;16:30;1;59;59482;2;1;8;2;Rue de la Belle Croix;50,7118770;2,9985970
31020;202000034457;29;8;2020;04:30;3;13;13033;1;1;2;7;A55-Sens Martigues vers Marseille;43,3795550;5,2058970
31021;202000034458;3;9;2020;20:25;2;33;33249;1;1;1;4;ROUTE NATIONALE 230;44,8788400; -0,5095200
31022;202000034459;25;8;2020;12:01;1;59;59155;1;1;6;6;AUTOROUTE A16;51,0149820;2,3895970
31023;202000034460;1;9;2020;13:30;1;59;59646;1;1;1;6;AUTOROUTE A22;50,6683190;3,1151910
31024;202000034461;3;9;2020;20:20;2;91;91553;1;1;1;3;RN 104;48,6314800;2,4941300
31025;202000034462;3;9;2020;19:38;2;91;91345;1;1;1;3;AUTOROUTE A6;48,6913800;2,3223600
31026;202000034463;3;9;2020;16:15;1;78;78043;1;1;1;2;A12 Y;48,8325600;2,0841500
31027;202000034464;3;9;2020;14:15;1;78;78073;1;1;1;6;N12Y;48,7969460;2,0219720
31028;202000034465;3;9;2020;08:45;1;92;92036;1;1;1;3;A86;48,9344081;2,2702786
31029;202000034466;3;9;2020;09:00;1;95;95351;1;1;1;4;RN 104;49,0312500;2,4938600
31030;202000034467;2;9;2020;21:55;3;95;95306;1;1;1;5;A15;49,0092900;2,1572400
31031;202000034468;2;9;2020;23:45;3;95;95582;1;1;1;6; A15;48,9698600;2,2496600
31032;202000034469;2;9;2020;17:00;1;93;93008;1;1;1;2;AUTOROUTE A86;48,9114600;2,4404500
31033;202000034470;2;9;2020;11:00;1;93;93010;1;1;1;2;AUTOROUTE A3;48,9019600;2,4703400
31034;202000034471;3;9;2020;21:30;3;77;77122;1;1;1;2;RN104;48,6596260;2,6131470
31035;202000034472;3;9;2020;18:00;1;75;75112;1;1;1;2;A4;48,8251710;2,4640200
31036;202000034473;3;9;2020;17:30;1;94;94028;1;1;1;2;A86 EXT;48,7916209;2,4409774
31037;202000034474;3;9;2020;15:30;1;94;94046;1;1;1;-1;A86 EXT;48,8074506;2,4489937
31038;202000034475;2;9;2020;08:40;1;94;94028;1;1;1;3;A86 EXT;48,7916209;2,4409774
31039;202000034476;31;8;2020;02:40;5;988;98818;2;1;1;6;PROMENADE PIERRE VERNIER; -22,3090300;166,4517700
31040;202000034477;31;8;2020;08:20;1;974;97411;1;1;8;6;Route Jules Reydellet; -20,9291240;55,4929090
31041;202000034478;1;9;2020;22:10;3;973;97302;2;1;1;1;TROUBIRAN (CHEMIN DE);4,9261373; -52,3036122
31042;202000034479;1;9;2020;16:10;1;69;69388;2;1;1;6;CHALLEMEL LACOUR                    (R );45,7292700;4,8474000
31043;202000034480;2;9;2020;17:00;1;69;69286;1;1;1;6;MONT BLANC (DU)                     (AV);45,8113509;4,8945294
31044;202000034481;2;9;2020;07:00;1;69;69389;2;3;1;3;RAOUL CARRIE                        (QU);45,8015171;4,8383613
31045;202000034482;1;9;2020;12:30;1;91;91471;2;4;1;2;DIMANCHERIE (AVENUE DE LA);48,6922000;2,1754300
31046;202000034483;1;9;2020;18:20;1;91;91114;2;6;1;3;TALMA (RUE);48,6940400;2,5022400
31047;202000034484;30;8;2020;12:10;1;91;91103;1;1;1;6;CD 19;48,6034900;2,3199200
31048;202000034486;1;9;2020;23:50;5;83;83137;2;9;1;3;COLLET (AVE AMIRAL);43,1291600;5,9242000
31049;202000034487;22;8;2020;16:05;1;83;83123;2;1;1;4;TOULON (ANCIEN CHEMIN DE);43,1420000;5,7787400
31050;202000034488;2;9;2020;08:10;1;83;83069;2;9;1;2;OLBIA  (VOIE);43,1170000;6,1440000
31051;202000034489;28;8;2020;18:45;1;83;83061;2;2;1;3;AVENUE ANDRÉ CITROËN;43,4396700;6,7160340
31052;202000034490;2;9;2020;14:00;1;76;76217;2;1;1;3;POURVILLE (ROUTE DE);49,9218400;1,0567800
31053;202000034491;2;9;2020;09:00;1;69;69266;2;1;1;6;SERENITE     (Rue de la);45,7700000;4,8984400
31054;202000034492;1;9;2020;19:45;1;66;66136;2;1;1;3;R D 900;42,6784800;2,8810200
31055;202000034493;4;8;2020;04:00;2;62;62413;2;1;1;6;LENS (RTE DE);50,4396600;2,8809370
31056;202000034495;1;9;2020;11:30;1;59;59350;2;2;1;5;TURENNE RUE;50,6271000;3,0392100
31057;202000034496;31;8;2020;23:25;5;59;59276;2;1;1;7;CROIZAT (BOULEVARD AMBROISE);50,3446200;3,1530400
31058;202000034497;1;9;2020;18:30;1;54;54395;2;3;1;2;BOUFFLERS (AVENUE) DE 2 AU 72);48,6892358;6,1615410
31059;202000034499;1;9;2020;15:35;1;52;52121;2;1;1;3;39 ALPHANDERY (RUE) PAIR;48,1063000;5,1358200
31060;202000034500;31;8;2020;19:00;1;50;50602;2;1;1;1;ARTISANS (RUE DES);49,6365200; -1,5889500
31061;202000034501;2;9;2020;17:32;1;45;45147;2;2;1;1;Rue André Dessaux;47,9340184;1,8962286
31062;202000034502;31;8;2020;16:50;1;44;44184;2;1;1;2;RD 492 DU RP OCÉANIS AU RP EINSTEIN;47,2637300; -2,2587200
31063;202000034503;2;9;2020;09:35;1;44;44109;2;1;1;6;Route de Saint Joseph;47,2437000; -1,5338200
31064;202000034504;31;8;2020;11:50;1;37;37261;2;1;7;3;BORDIERS (RUE DES);47,4280220;0,6725930
31065;202000034505;2;9;2020;13:00;1;35;35238;2;2;1;3;TROIS CROIX (BD DES);48,1278400; -1,6833200
31066;202000034507;2;9;2020;07:30;1;35;35238;2;1;1;6;Passage Aristide Briand;48,1100300; -1,6600800
31067;202000034508;1;9;2020;21:05;5;35;35238;2;3;1;3;BULGARIE (BD DE);48,0847000; -1,6569700
31068;202000034509;31;8;2020;18:15;1;34;34032;2;3;1;-1;MOULIN JEAN (AV);43,3540300;3,2353300
31069;202000034510;2;9;2020;09:45;1;33;33550;2;2;1;3;AVE DES PYRENEES / Bretelle Sortie E18 Rocade A630;44,7786100; -0,5660900
31070;202000034511;20;8;2020;06:50;1;33;33162;2;2;1;6;AVE DE L'HIPPODROME;44,8613100; -0,6420600
31071;202000034512;2;9;2020;17:35;1;31;31483;2;1;1;6;BOUGUES  VICTOR(RUE);43,1064100;0,7317900
31072;202000034513;2;9;2020;14:15;1;26;26362;2;1;1;3;94 Avenue de Romans;44,9345000;4,9064000
31073;202000034515;28;8;2020;17:00;1;22;22215;2;1;1;6;COUBERTIN (RUE PIERRE DE);48,4972800; -2,7651500
31074;202000034516;2;9;2020;17:15;1;17;17200;2;2;1;3;CLAVIER   AVENUE DU;46,1809300; -1,1672800
31075;202000034517;2;9;2020;15:30;1;13;13216;2;1;1;3;LITTORAL (CHEMIN DU);43,3484670;5,3434370
31076;202000034518;1;9;2020;14:30;1;13;13210;2;1;1;2;JEAN EUGENE CABASSUD (BOULEVARD);43,2834000;5,4129000
31077;202000034519;2;9;2020;09:00;1;13;13207;2;3;1;3;SAINT EUGEN (PLACE);43,2843210;5,3581810
31078;202000034520;2;9;2020;07:00;1;13;13213;2;1;1;3;CROIX ROUGE (AVENUE);43,3334600;5,4398450
31079;202000034521;1;9;2020;23:15;5;13;13209;2;1;1;7;AGUILLON (BOULEVARD);43,2649600;5,4098300
31080;202000034522;1;9;2020;18:00;1;11;11069;2;1;1;2;MELLIES JEAN;43,2061100;2,3170600
31081;202000034523;1;9;2020;12:34;1;11;11069;2;1;1;1;MOULIN JEAN -AVENUE-;43,2089300;2,3695500
31082;202000034524;2;9;2020;18:10;1;06;06123;2;1;1;3;GERBAULT ALAIN PROMENADE;43,6734100;7,1898100
31083;202000034526;2;9;2020;07:40;1;01;01053;2;3;1;3;VOLTAIRE ( BD ) IMPAIR;46,2006398;5,2204424
31084;202000034527;2;9;2020;09:50;1;75;75113;2;1;1;3;QUAI D IVRY;48,8262150;2,3877800
31085;202000034528;31;8;2020;08:30;1;75;75114;2;1;1;3;BOULEVARD PERIPHERIQUE;48,8211650;2,3205140
31086;202000034529;2;9;2020;21:20;5;75;75118;2;2;1;3;RUE PAJOL;48,8912690;2,3632740
31087;202000034530;2;9;2020;17:40;1;75;75116;2;3;1;2;RUE DES VIGNES;48,8568000;2,2740120
31088;202000034531;2;9;2020;17:30;1;75;75116;2;3;1;3;AVENUE ALBERT DE MUN;48,8620500;2,2932210
31089;202000034532;2;9;2020;14:25;1;75;75116;2;7;1;2;PLACE CHARLES DE GAULLE;48,8740380;2,2942450
31090;202000034533;2;9;2020;19:00;1;75;75115;2;1;1;3;BOULEVARD GARIBALDI;48,8456690;2,3089680
31091;202000034534;2;9;2020;17:00;1;75;75115;2;2;1;3;AVENUE DE LA PORTE BRANCION;48,8258360;2,3003890
31092;202000034535;1;9;2020;00:25;5;75;75115;2;2;1;3;RUE DE LA CONVENTION;48,8367530;2,2980840
31093;202000034536;2;9;2020;17:00;1;75;75113;2;2;1;3;RUE DU CHATEAU DES RENTIERS;48,8251400;2,3698020
31094;202000034537;2;9;2020;08:34;1;75;75113;2;3;1;6;AVENUE D ITALIE;48,8274290;2,3568780
31095;202000034538;2;9;2020;17:45;1;75;75112;2;2;1;3;RUE TAINE;48,8385650;2,3931700
31096;202000034539;2;9;2020;14:20;1;75;75112;2;3;1;3;AVENUE DAUMESNIL;48,8381010;2,3996540
31097;202000034540;2;9;2020;11:45;1;75;75112;2;1;1;3;RUE DE CHARENTON;48,8347880;2,3933570
31098;202000034541;2;9;2020;18:55;1;75;75111;2;1;1;3;BOULEVARD VOLTAIRE;48,8641560;2,3694680
31099;202000034542;2;9;2020;14:15;1;75;75109;2;3;1;3;RUE LAFFITTE;48,8729990;2,3376570
31100;202000034543;2;9;2020;17:10;1;75;75108;2;7;1;3;PLACE DE LA CONCORDE;48,8668700;2,3211490
31101;202000034544;2;9;2020;22:30;5;75;75101;2;3;1;7;RUE DE RIVOLI;48,8612530;2,3398140
31102;202000034545;2;9;2020;14:41;1;75;75101;2;3;1;7;RUE DE RIVOLI;48,8614770;2,3391310
31103;202000034546;2;9;2020;22:40;5;94;94068;2;1;1;6;Rue Baratte Cholet;48,7978850;2,4857940
31104;202000034547;2;9;2020;20:10;3;94;94046;2;1;1;2;REPUBLIQUE (AV DE LA);48,8024300;2,4336200
31105;202000034548;2;9;2020;17:10;1;94;94046;2;2;1;3;GAMBETTA (AV);48,8099400;2,4435300
31106;202000034549;1;9;2020;23:32;5;94;94076;2;1;1;3;PARIS (AV DE);48,8041000;2,3641000
31107;202000034550;2;9;2020;19:30;1;94;94002;2;1;1;1;PIERRE COSMI (QU);48,8147640;2,4115840
31108;202000034551;1;9;2020;11:20;1;94;94002;2;1;1;2;ETIENNE DOLET (R);48,7921500;2,4256900
31109;202000034553;2;9;2020;15:00;1;93;93048;2;1;1;1;ETIENNE MARCEL (RUE);48,8574300;2,4240800
31110;202000034554;2;9;2020;19:30;1;92;92073;2;1;1;3;ROOSVELT (AVENUE FRANKLIN);48,8733420;2,2214370
31111;202000034555;2;9;2020;16:21;1;92;92051;2;1;1;2;ROULE (AVENUE DU, N° 29 A 91 ET 30 A 86);48,8826470;2,2768440
31112;202000034558;2;9;2020;08:15;1;92;92025;2;2;1;3;PAUL BERT (RUE);48,9274100;2,2470200
31113;202000034560;3;9;2020;09:20;1;11;11156;1;1;1;7;D203;43,3204295;2,2770989
31114;202000034561;1;9;2020;20:34;4;22;22213;2;1;1;7;Rue du Pont Saint-hubert;48,5342420; -1,9785870
31115;202000034562;24;8;2020;11:05;1;11;11418;1;1;1;2;A 61 , PK 299.500;43,2436080;2,0765450
31116;202000034563;3;9;2020;19:35;2;67;67362;1;1;1;7;D159;48,2487870;7,3564250
31117;202000034564;3;9;2020;07:50;1;26;26337;1;1;1;2;autoroute du Soleil;44,7283590;4,7876630
31118;202000034565;2;9;2020;20:15;1;62;62408;2;1;1;6;Route de Guines;50,9023290;1,8809370
31119;202000034566;2;9;2020;19:30;1;62;62208;2;4;1;6;Chemin d'Estree Wamin;50,2771330;2,3696090
31120;202000034567;14;2;2020;15:45;1;03;03158;1;1;1;7;;46,4846124;2,6557068
31121;202000034568;27;8;2020;13:45;1;57;57118;2;1;1;7;Rue de l'Ecole;49,3479410;6,3550330
31122;202000034569;14;2;2020;14:00;1;15;15188;1;1;1;6;RD250;45,0235210;3,1207940
31123;202000034570;1;9;2020;20:45;2;51;51391;1;2;1;3;N31;49,2735469;3,8823650
31124;202000034571;13;2;2020;18:30;3;01;01408;1;1;2;1;D42;46,2511140;5,4239310
31125;202000034572;1;9;2020;09:10;1;51;51518;1;1;1;7;D944;49,3102146;3,9845072
31126;202000034573;3;9;2020;13:20;1;56;56072;1;3;1;1;lieu-dit Keriffé;48,1009500; -2,7915570
31127;202000034574;14;2;2020;05:10;3;50;50064;1;1;1;6;D330;49,3978200; -1,4554740
31128;202000034575;14;2;2020;04:40;3;60;60667;1;1;2;6;D123;49,3110561;2,7472992
31129;202000034576;2;9;2020;20:50;2;74;74178;1;1;1;6;D910;45,9615210;5,9402940
31130;202000034577;2;9;2020;17:45;1;82;82152;1;2;7;3;Lieu Dit Las Parets;44,0210660;1,0754850
31131;202000034579;3;9;2020;07:45;2;33;33140;1;1;1;6;69 Route de la Forêt;44,7836600; -0,3256700
31132;202000034580;12;2;2020;18:30;5;18;18075;2;1;1;1;Impasse des Crots Jaunes;47,0314260;3,0278050
31133;202000034581;14;2;2020;16:45;1;04;04141;1;1;1;7;RD 950;44,0118095;5,6976835
31134;202000034582;31;8;2020;13:35;1;71;71269;2;1;1;6;D 906;46,7543690;4,8466930
31135;202000034583;22;1;2020;16:20;2;28;28136;1;1;7;2;D309.4;48,7081530;1,4167860
31136;202000034584;13;2;2020;15:45;1;87;87078;1;1;2;7;Le Chene Vert;45,9772810;0,9449740
31137;202000034585;3;9;2020;08:35;1;89;89283;1;2;1;3;D85;47,6433740;3,3846530
31138;202000034586;14;2;2020;18:30;3;87;87109;1;1;1;6;Oradour-Saint-Genest;46,2592440;1,0380150
31139;202000034587;11;2;2020;00:40;3;10;10083;1;1;2;6;Autoroute A5 de Melun à Langres;48,1874340;4,2800330
31140;202000034588;2;9;2020;20:32;2;63;63258;1;1;1;5;D906;45,6981157;3,5906628
31141;202000034589;1;9;2020;20:15;2;61;61484;1;1;1;7;78 Le Genetet;48,3053490;0,7143630
31142;202000034590;3;9;2020;02:15;3;12;12208;1;1;1;6;D54;43,9884920;2,7772240
31143;202000034591;14;2;2020;08:50;1;60;60030;1;1;8;7;Autoroute A16;49,3453029;2,1073678
31144;202000034592;2;9;2020;15:15;1;12;12076;1;1;1;7;D606;44,5831780;2,3730470
31145;202000034593;13;2;2020;12:50;1;67;67106;1;1;8;6;A35;48,7729625;7,9413546
31146;202000034594;11;2;2020;18:00;2;34;34159;1;1;1;2;D612;43,5252150;3,8178780
31147;202000034595;2;9;2020;08:35;2;44;44015;2;1;7;6;Avenue de la République;47,4739880; -1,7635120
31148;202000034596;9;2;2020;10:24;1;06;06152;1;1;1;-1;Route de Biot;43,6427060;7,0252260
31149;202000034597;13;2;2020;11:24;1;79;79125;1;9;6;7;;46,2369570; -0,4348200
31150;202000034598;13;2;2020;19:45;5;973;97360;2;1;1;3;97 Avenue Francois Mitterand;5,1624810; -54,3379710
31151;202000034599;2;9;2020;18:00;1;29;29049;2;1;1;3;2 Rue Pierre Loti;47,9948110; -3,8884900
31152;202000034600;4;8;2020;10:20;1;38;38439;1;1;1;3;Rue du Vieux Moulin;45,3683376;6,0005275
31153;202000034601;2;9;2020;20:15;1;02;02286;1;1;1;6;Route de Foucommé;49,9880520;3,7384790
31154;202000034602;14;2;2020;06:10;5;42;42056;1;1;2;5;D1086;45,4183240;4,7379720
31155;202000034603;14;2;2020;09:45;1;988;98831;1;1;1;6;ROUTE TERRITORIALE N°1; -20,8857610;164,6597360
31156;202000034604;2;9;2020;16:45;1;15;15248;1;1;1;3;Départementale 134;45,0541970;2,9211400
31157;202000034605;14;2;2020;07:35;3;33;33203;1;1;5;3;Route de Vendays;45,2014500; -1,0734800
31158;202000034606;1;9;2020;10:18;1;70;70408;1;1;1;7;D12;47,2874610;5,5919420
31159;202000034607;3;9;2020;16:34;1;58;58142;1;1;1;6;D18;46,9588600;3,7553290
31160;202000034608;3;9;2020;12:45;1;58;58232;2;1;1;3;15 Rue Francois Mitterrand;47,0057960;3,3923770
31161;202000034609;3;9;2020;19:25;1;58;58072;1;1;1;6;RD 13;46,9370190;3,2147880
31162;202000034610;12;2;2020;19:35;3;91;91207;1;1;1;4;N20;48,5853370;2,2338510
31163;202000034611;14;2;2020;11:30;1;2A;2A247;2;3;1;6;Rue Renuccio- Della - Rocca;41,5990730;9,2730620
31164;202000034612;12;2;2020;20:10;5;83;83019;2;1;1;6;Avenue des Lauriers;43,1227785;6,3563449
31165;202000034613;14;2;2020;11:00;1;89;89111;1;1;1;6;A5;48,2384150;3,4568530