;Num_Acc;jour;mois;an;hrmn;lum;dep;com;agg;int;atm;col;adr;lat;long
31166;202000034615;2;9;2020;12:40;1;60;60129;1;1;1;3;D145;49,5260172;3,0257979
31167;202000034617;14;2;2020;15:00;1;55;55122;1;1;1;6;Départementale 958;48,7431440;5,5713130
31168;202000034618;3;9;2020;12:00;1;04;04217;2;3;1;3;RD 17 / Place du mitan;44,1362570;6,1325760
31169;202000034620;3;9;2020;17:15;1;82;82033;1;1;7;6;A62 - PK 169+300;44,0553330;1,1024740
31170;202000034621;3;9;2020;11:10;1;13;13001;1;1;1;2;A8;43,5117750;5,4500660
31171;202000034622;2;9;2020;15:20;1;37;37173;1;1;1;1;;47,1465636;1,2967177
31172;202000034623;13;2;2020;17:40;2;42;42323;1;1;6;1;Rue Charles Nungesser;45,5580260;4,3082210
31173;202000034624;3;9;2020;18:20;2;38;38173;1;1;1;6;D1091;45,0407300;6,1244900
31174;202000034625;3;9;2020;17:00;1;30;30326;1;1;1;2;A9;44,0056110;4,7083070
31175;202000034626;14;2;2020;18:30;2;31;31395;1;1;1;1;Chemin de Barrada;43,4663680;1,2625690
31176;202000034627;2;9;2020;18:30;2;973;97304;2;1;1;3;16 Avenue Gaston Monnerville;5,1669421; -52,6510119
31177;202000034628;14;2;2020;16:00;1;50;50554;2;1;1;6;Rue Jeanne Paisnel;48,6819260; -1,3375160
31178;202000034629;3;9;2020;14:15;1;2B;2B205;1;1;1;1;Marines du Soleil;42,6956640;9,3328640
31179;202000034630;3;9;2020;01:25;3;2A;2A139;1;1;1;6;T10;41,6663560;9,3070610
31180;202000034631;29;8;2020;20:04;2;84;84036;1;1;1;2;3 Lotissement Parc des Felibres;43,9307860;4,9427440
31181;202000034632;13;2;2020;22:30;3;35;35012;1;1;2;6;La Haute Loutrais;47,8497230; -1,7190150
31182;202000034633;14;2;2020;14:20;1;60;60612;2;1;1;6;19 Avenue Félix Vernois;49,2065637;2,5786248
31183;202000034634;23;8;2020;16:10;1;04;04062;1;1;1;7;RD 900;44,4559770;6,7441250
31184;202000034635;14;2;2020;03:28;3;60;60504;1;3;1;6;D125;49,3417252;2,1996807
31185;202000034637;14;2;2020;03:00;3;60;60009;1;1;1;7;RD927;49,3870418;2,1000419
31186;202000034638;2;9;2020;18:00;1;21;21021;2;4;1;2;56 Rue de Dijon;47,3459944;5,1865618
31187;202000034639;14;2;2020;18:45;5;59;59080;2;1;1;3;rue albert ricquier;50,4590853;3,2868379
31188;202000034640;2;9;2020;16:21;1;68;68063;1;1;8;7;Rue de Mulhouse;47,7958090;7,1574020
31189;202000034641;12;2;2020;18:00;3;13;13071;1;1;1;2;A55 - Sens Marseille vers Martigues;43,3982862;5,2879424
31190;202000034643;13;2;2020;14:45;1;13;13055;1;1;1;7;A507 sens Marseille - Aubagne;43,2964590;5,4246080
31191;202000034644;3;9;2020;07:00;1;63;63141;1;1;1;6;Route de la Baraque;45,7858600;3,0406700
31192;202000034645;12;2;2020;07:30;1;13;13202;1;1;1;4;TVPCM-Sens Saint Victor vers Les Ports;43,2939070;5,3643000
31193;202000034646;12;2;2020;14:00;1;69;69199;1;1;1;-1;RD383 ;45,7014400;4,8454400
31194;202000034647;3;9;2020;17:00;1;42;42132;1;1;1;7;Route du Bourg;45,3862970;4,7258060
31195;202000034648;13;2;2020;12:30;1;91;91521;1;1;2;7;RN 104;48,6362000;2,4028000
31196;202000034649;2;9;2020;14:45;1;38;38109;2;1;1;3;Rue Cote Blanche;45,7007130;5,2164190
31197;202000034650;13;2;2020;11:05;1;91;91617;1;1;2;5;RN 104;48,6375000;2,5353000
31198;202000034651;3;9;2020;12:15;1;38;38442;1;1;1;7;D520b;45,3506900;5,7846100
31199;202000034652;12;2;2020;16:45;1;91;91471;1;1;1;6;RN 118;48,7156000;2,1731000
31200;202000034653;13;2;2020;19:30;3;78;78423;1;1;1;4;RN12;48,7933800;2,0523800
31201;202000034655;12;2;2020;08:50;1;95;95572;1;1;1;3;AUTOROUTE A15;49,0344900;2,1016100
31202;202000034656;11;2;2020;20:15;3;93;93063;1;1;1;2;AUTOROUTE A3;48,8774500;2,4448600
31203;202000034657;3;9;2020;06:55;1;26;26085;1;3;1;3;N 7;44,5044560;4,7438510
31204;202000034658;13;2;2020;19:35;3;94;94079;1;1;2;3;A4;48,8271600;2,5247300
31205;202000034659;29;8;2020;12:35;1;01;01276;1;9;1;7;Rue Henri Jomain;45,8268050;5,0675950
31206;202000034660;13;2;2020;18:45;3;93;93051;1;1;2;2;A4;48,8354100;2,5674200
31207;202000034661;21;8;2020;18:30;1;69;69140;2;1;7;3;D30;45,8976705;4,7009804
31208;202000034662;13;2;2020;16:00;1;94;94073;1;1;1;2;A86 INT;48,7715133;2,3920170
31209;202000034663;1;9;2020;15:20;1;09;09160;1;1;1;6;Avenue de Belesta;42,9234860;1,8687700
31210;202000034664;13;2;2020;06:20;3;77;77449;1;1;1;2;A4;48,8336962;2,7968183
31211;202000034665;3;9;2020;09:10;1;64;64422;2;1;1;7;Rue Alfred de Vigny;43,1917820; -0,6127670
31212;202000034666;12;2;2020;23:30;5;974;97416;2;3;1;1;DELISLES (ROUTE HUBERT) CD3; -21,3435000;55,4743000
31213;202000034667;3;9;2020;13:50;1;50;50099;2;1;1;-1;22 Route de Saint-côme;49,3090950; -1,2545120
31214;202000034668;11;2;2020;17:30;1;974;97416;1;1;2;7;DES ASSISES(CHEMIN); -21,2843700;55,4669000
31215;202000034669;10;2;2020;10:30;1;974;97411;2;2;1;3;Rue de Paris; -20,8838486;55,4503967
31216;202000034670;11;2;2020;11:00;1;974;97411;2;3;1;3;Rue de Paris; -20,8839528;55,4504204
31217;202000034671;11;2;2020;11:25;1;974;97407;2;1;1;6;VERGES(AVENUE); -20,9396400;55,3044400
31218;202000034672;2;9;2020;16:00;1;13;13215;1;1;1;7;A7-Sens Marseille vers Lyon;43,3580400;5,3628000
31219;202000034673;12;2;2020;16:30;1;973;97302;2;1;1;3;BADUEL (ROUTE DE);4,9357000; -52,3131000
31220;202000034675;11;2;2020;12:40;1;973;97302;1;6;1;3;CRIQUE FOUILLEE (ROND POINT);4,8970086; -52,3284066
31221;202000034676;31;8;2020;16:00;1;59;59143;1;1;1;6;AUTOROUTE A25;50,6644170;2,8855600
31222;202000034677;12;2;2020;09:00;1;69;69387;2;2;1;1;BERTHELOT                           (AV);45,7434000;4,8472000
31223;202000034678;11;2;2020;11:00;1;69;69381;2;1;1;6;TERRAILLE                           (R );45,7687000;4,8355000
31224;202000034679;12;2;2020;18:45;1;2A;2A004;2;3;1;1;AMIRAUTE PORT BD CHARLES BONAPARTE;41,9315400;8,7403500
31225;202000034680;21;8;2020;00:50;3;59;59509;1;1;1;6;AUTOROUTE A21;50,3993070;3,1063060
31226;202000034681;11;2;2020;18:30;2;95;95277;1;1;1;4;route departementale 317;48,9810180;2,4672590
31227;202000034682;2;9;2020;08:36;1;91;91363;1;1;1;4;RN 104;48,6526790;2,1814840
31228;202000034683;11;2;2020;23:59;3;91;91103;1;1;1;7;CD 19;48,5945700;2,3117300
31229;202000034684;11;2;2020;13:55;1;90;90010;2;3;2;6;MONTBELIARD (FAUBOURG DE);47,6328100;6,8599200
31230;202000034685;11;2;2020;19:30;5;87;87085;2;2;1;3;PETINIAUD BEAUPEYRAT (RUE);45,8259400;1,2507500
31231;202000034686;12;2;2020;15:05;1;83;83034;2;1;1;2;CD559;43,1116868;6,0520389
31232;202000034687;2;9;2020;08:35;1;94;94065;1;1;1;4;AUTOROUTE A86;48,7548400;2,3460300
31233;202000034688;11;2;2020;16:35;1;76;76157;1;1;1;1;SAHURS. ROUTE DE (CD 351);49,4316000;1,0133700
31234;202000034689;2;9;2020;07:00;1;91;91286;1;1;1;3;AUTOROUTE A6;48,6558800;2,3785700
31235;202000034690;11;2;2020;13:40;1;71;71306;2;1;1;3;Quai Jules Chagot;46,6776001;4,3649444
31236;202000034691;2;9;2020;10:35;1;92;92025;1;1;1;4;A86;48,9185500;2,2233900
31237;202000034692;12;2;2020;15:15;1;69;69266;2;1;1;6;8 MAI 1945   (Rue du);45,7789000;4,8918300
31238;202000034693;2;9;2020;08:00;1;78;78007;1;1;1;4;A13 Y;48,8946900;2,0075050
31239;202000034694;11;2;2020;17:20;2;67;67482;2;1;6;3;DROITS DE L HOMME (ALLEE DES);48,5966450;7,7757140
31240;202000034695;11;2;2020;09:20;1;67;67482;2;1;6;2;HOPITAL (ROUTE DE L );48,5725071;7,7502474
31241;202000034696;11;2;2020;17:40;1;66;66136;2;3;1;3;SOUBIELLE (AVENUE DU COMMANDANT);42,7033013;2,8846683
31242;202000034697;2;9;2020;07:15;1;92;92025;1;1;1;3;A86;48,9335186;2,2533307
31243;202000034698;11;2;2020;12:05;1;64;64445;2;1;2;6;PAUL ET HENRI COURTEAULT;43,3102000; -0,3599400
31244;202000034699;10;2;2020;17:53;1;63;63113;2;1;1;6;LAENNEC (RUE);45,7907200;3,1125900
31245;202000034700;2;9;2020;18:00;1;93;93053;1;1;1;4;AUTOROUTE A3;48,8838500;2,4599500
31246;202000034701;7;2;2020;13:00;1;62;62548;2;1;1;3;AVENUE DE CALAIS;50,9472800;1,9315340
31247;202000034702;12;2;2020;19:30;5;59;59350;2;1;1;2;ALSACE BOULEVARD D;50,6180200;3,0713700
31248;202000034703;2;9;2020;10:30;1;95;95527;1;1;1;3; A3;48,9870819;2,5051041
31249;202000034704;23;1;2020;16:30;1;59;59350;2;2;1;3;FOCH RUE DU MARECHAL;50,6352500;3,0581100
31250;202000034705;2;9;2020;06:40;2;93;93078;1;1;1;4;AUTOROUTE A104;48,9691200;2,5057300
31251;202000034707;18;6;2020;05:00;2;69;69163;1;1;1;6;A466;45,9256713;4,7594001
31252;202000034708;12;2;2020;22:40;5;57;57463;2;1;1;6;AMPHITHEATRE (AVENUE DE L');49,1107769;6,1833065
31253;202000034709;11;2;2020;08:30;1;56;56260;2;1;8;2;PONTIVY(BOULEVARD DE);47,6800100; -2,7709600
31254;202000034710;12;2;2020;14:00;1;51;51454;2;1;1;4;Avenue de Champagne;49,2348800;4,0412400
31255;202000034711;30;6;2020;16:30;1;91;91549;1;6;1;6;FOSSE AUX LEUX (RUE DE LA);48,6202930;2,3380930
31256;202000034712;12;2;2020;08:00;2;51;51172;2;1;8;2;Avenue Nicéphore Niépce;49,2212577;4,0642085
31257;202000034713;11;2;2020;16:29;1;49;49007;2;1;1;5;MIRABEAU;47,4604600; -0,5516400
31258;202000034715;12;2;2020;16:10;1;45;45234;2;1;1;3;Rue Jousselin;47,9021900;1,9312500
31259;202000034716;11;2;2020;13:35;1;45;45208;2;2;1;3;D163 PR 0+1;47,9982800;2,7463920
31260;202000034717;30;8;2020;14:04;1;988;98818;2;1;1;6;COOK (AVENUE JAMES); -22,2668300;166,4146900
31261;202000034718;12;2;2020;08:01;1;44;44109;2;1;1;2;PORTE DE LA CHAPELLE;47,2583738; -1,5555847
31262;202000034719;28;8;2020;20:35;5;988;98818;2;3;3;1;VOIE DE DEGAGEMENT EST/RUE CHARLEROI; -22,2789100;166,4626100
31263;202000034721;12;2;2020;17:50;1;35;35278;1;1;1;3;RN 136 PORTE DE MAUREPAS;48,1416000; -1,6707000
31264;202000034722;12;2;2020;15:20;1;35;35238;2;6;1;7;VITRE (BLD DE);48,1225700; -1,6512500
31265;202000034723;27;8;2020;14:57;1;988;98818;2;3;1;3;RUE PELATAN/RUE AMPERE; -22,2309900;166,4495900
31266;202000034724;1;9;2020;17:05;1;974;97416;1;3;1;3;Route de la Ligne Paradis; -21,3034500;55,4602000
31267;202000034725;12;2;2020;12:30;1;33;33063;2;3;1;3;AVE DES QUARANTES JOURNAUX / AVE MARCEL DASSAULT;44,8834079; -0,5715453
31268;202000034726;1;9;2020;15:58;1;974;97411;2;1;1;1;PONT (RUE DU); -20,8782954;55,4454620
31269;202000034727;12;2;2020;11:40;1;33;33063;2;2;1;3;BD ANTOINE GAUTIER / RUE GENERAL DE LARMINAT;44,8333600; -0,5986000
31270;202000034728;12;2;2020;08:54;2;33;33063;2;1;2;6;CRS DE VERDUN;44,8509500; -0,5744000
31271;202000034729;12;2;2020;16:50;1;32;32013;1;1;1;5;ROCADE (RN 124 OUEST);43,6654000;0,5702000
31272;202000034730;31;8;2020;10:20;1;973;97302;2;1;7;2;BRUTUS (CITE);4,9343038; -52,3172808
31273;202000034731;11;2;2020;17:30;1;31;31555;1;1;1;5;VA007331 A620;43,6238400;1,4179600
31274;202000034732;1;9;2020;21:50;5;69;69387;2;2;1;3;MARCEL MERIEUX                      (R );45,7343101;4,8296352
31275;202000034733;17;1;2020;17:00;2;27;27229;2;1;2;6;POLITZER (RUE GEORGES);49,0066800;1,1465300
31276;202000034734;1;9;2020;14:20;1;69;69387;2;1;1;6;GAMBETTA                            (CO);45,7556400;4,8421000
31277;202000034735;12;2;2020;17:15;1;25;25056;2;1;8;2;RELANCONS CHEMIN DES;47,2714700;6,0447800
31278;202000034736;1;9;2020;11:45;1;69;69386;2;1;1;6;JULES FAVRE                         (BD);45,7653500;4,8589600
31279;202000034737;12;2;2020;12:30;1;14;14118;2;2;1;3;LEROY (BOULEVARD);49,1717900; -0,3485700
31280;202000034739;11;2;2020;12:20;1;13;13117;1;9;1;3;CD20 E;43,4234557;5,2402478
31281;202000034742;12;2;2020;20:25;5;13;13215;2;1;1;3;SAINT ANTOINE (AVENUE DE);43,3849000;5,3586000
31282;202000034743;12;2;2020;16:15;1;13;13202;2;2;1;3;PARIS (BOULEVARD DE);43,3000000;5,4000000
31283;202000034744;12;2;2020;12:50;1;13;13215;2;1;1;6;BOSPHORE (BOULEVARD DU);43,3719440;5,3649360
31284;202000034745;12;2;2020;02:50;5;13;13209;2;1;1;6;AVIATEUR LE BRIX (RUE);43,2634500;5,4043900
31285;202000034746;12;2;2020;10:30;1;13;13001;2;9;1;7;MARSEILLE (ROUTE DE );43,4796900;5,4146600
31286;202000034747;3;2;2020;10:50;1;13;13001;2;1;1;3;PICASSO PABLO (AV);43,5288900;5,4161050
31287;202000034748;12;2;2020;15:46;1;10;10387;2;1;2;2;PASTEUR (RUE);48,2993000;4,0658700
31288;202000034750;12;2;2020;07:25;2;03;03262;1;3;1;1;;46,3744890;2,5923552
31289;202000034751;12;2;2020;18:50;1;75;75116;2;1;1;2;PORTE MAILLOT;48,8763230;2,2785250
31290;202000034752;14;1;2020;08:15;1;75;75120;2;1;1;2;BD PERIPHERIQUE EXTERIEUR;48,8651730;2,4134290
31291;202000034753;12;2;2020;09:50;1;75;75106;2;1;1;3;QUAI MALAQUAIS;48,8578320;2,3357680
31292;202000034754;12;2;2020;20:40;5;75;75120;2;1;1;6;RUE D AVRON;48,8522480;2,4035910
31293;202000034755;12;2;2020;11:30;1;75;75120;2;1;1;6;RUE DU PRESSOIR;48,8690050;2,3830890
31294;202000034756;12;2;2020;13:25;1;75;75119;2;3;1;3;RUE MANIN;48,8843440;2,3913020
31295;202000034757;11;2;2020;12:30;1;75;75118;2;3;1;2;RUE DE LA CHAPELLE;48,8933170;2,3596210
31296;202000034758;12;2;2020;15:40;1;75;75117;2;1;1;3;AVENUE DES TERNES;48,8794900;2,2905720
31297;202000034759;12;2;2020;12:40;1;75;75117;2;4;1;3;RUE DE PONT A MOUSSON;48,8981430;2,3240390
31298;202000034760;12;2;2020;09:10;1;75;75116;2;7;1;2;AVENUE D IENA;48,8679960;2,2960150
31299;202000034761;11;2;2020;22:28;5;75;75115;2;3;8;-1;BOULEVARD VICTOR;48,8334880;2,2865880
31300;202000034762;12;2;2020;11:40;1;75;75114;2;2;1;2;RUE D ALESIA;48,8274820;2,3348190
31301;202000034763;12;2;2020;09:45;1;75;75113;2;1;1;6;AVENUE DE CHOISY;48,8299460;2,3569720
31302;202000034764;12;2;2020;15:00;1;75;75111;2;1;1;6;CITE DE LA ROQUETTE;48,8550330;2,3739690
31303;202000034765;12;2;2020;00:55;5;75;75110;2;2;1;3;BOULEVARD DE MAGENTA;48,8785340;2,3540540
31304;202000034766;12;2;2020;13:55;1;75;75108;2;1;1;3;AVENUE HOCHE;48,8772870;2,3031660
31305;202000034768;12;2;2020;11:15;1;75;75101;2;3;1;-1;QUAI DU LOUVRE;48,8590330;2,3398920
31306;202000034770;11;2;2020;07:20;5;94;94046;2;3;2;6;PIERRE CURIE (R);48,8123740;2,4282710
31307;202000034771;11;2;2020;13:20;1;94;94003;2;9;1;3;LAPLACE (AV);48,8084230;2,3317770
31308;202000034772;12;2;2020;14:50;1;94;94034;2;1;1;2;EDOUARD HERRIOT (AV);48,7542200;2,3268700
31309;202000034773;12;2;2020;07:15;5;94;94071;2;1;1;6;GARE (PL DE LA);48,7710000;2,5080000
31310;202000034774;12;2;2020;15:30;1;93;93051;2;1;1;-1;NEUILLY (ROUTE);48,8492855;2,5371980
31311;202000034775;12;2;2020;21:10;5;93;93048;2;1;1;6;PARIS (RUE DE);48,8563472;2,4266294
31312;202000034776;12;2;2020;18:00;1;93;93031;2;9;1;3;AV DU DIX HUIT JUIN 1940;48,9524900;2,3072600
31313;202000034777;12;2;2020;12:05;1;93;93031;2;1;1;3;SAINT LEU (ROUTE DE) 1 à 157;48,9499900;2,3411000
31314;202000034778;9;2;2020;13:30;1;93;93029;2;9;6;6;ROGER SALENGRO N° 94 - FIN;48,9161538;2,4363179
31315;202000034779;12;2;2020;15:18;1;93;93013;2;2;1;6;LECLERC (AVENU DE LA DIVISION);48,9332000;2,4242000
31316;202000034780;12;2;2020;17:00;1;93;93008;2;6;1;6;PROMENADE JEAN ROSTAND / AV PAUL VAILLANT COUTURIER;48,9081142;2,4530883
31317;202000034781;12;2;2020;11:35;1;92;92064;2;1;1;6;DOCTEUR DESFOSSEZ;48,8428383;2,2204292
31318;202000034782;12;2;2020;06:45;5;92;92033;2;3;1;6;MARQUIS DE MORES;48,8512828;2,1922816
31319;202000034783;11;2;2020;17:00;1;92;92050;2;9;2;6;HAUTES PATURES RUE DES;48,9187029;2,2214306
31320;202000034784;12;2;2020;18:40;5;92;92026;2;6;1;6;JEAN MERMOZ (SQUARE ET PLACE);48,9025100;2,2747800
31321;202000034785;10;2;2020;14:30;1;92;92025;2;2;2;3;RENOUILLERS  (RUE DES);48,9238960;2,2405570
31322;202000034786;12;2;2020;11:09;1;08;08145;1;1;1;4;RN 8043;49,6755570;5,0127270
31323;202000034787;12;2;2020;20:05;5;69;69277;2;6;1;3;Route de Lyon;45,7332310;4,9925350
31324;202000034788;13;2;2020;18:00;1;974;97405;2;3;1;3;Rue Mahe de Labourdonnais; -21,3563720;55,5657360
31325;202000034790;13;2;2020;18:50;2;974;97414;1;1;1;3;24 Rue Leconte de Lisle; -21,2790470;55,4133220
31326;202000034791;12;2;2020;18:05;2;41;41259;1;2;1;3;D917;47,7714400;0,9698610
31327;202000034792;12;2;2020;14:15;1;79;79190;1;1;1;6;;46,6681990; -0,4409500
31328;202000034793;13;2;2020;18:10;2;79;79213;1;1;1;1;;46,6227170; -0,2412490
31329;202000034794;13;2;2020;07:50;2;79;79285;1;1;3;3;;46,6031540; -0,2873450
31330;202000034795;12;2;2020;10:45;1;79;79109;1;1;1;1;Rue du Puits Japie;46,3722200; -0,4234500
31331;202000034796;10;2;2020;08:25;1;32;32172;1;1;1;7;Saint-Jean-le-Comtal;43,5675190;0,5261850
31332;202000034797;13;2;2020;16:30;1;63;63148;1;1;1;3;D210;45,8901454;3,2349365
31333;202000034798;13;2;2020;07:20;1;42;42181;1;1;1;1;Rue Jean Jaures;45,9871900;4,2154620
31334;202000034799;13;2;2020;00:30;3;22;22229;1;1;2;7;D 790;48,2883310; -3,2396780
31335;202000034800;12;2;2020;06:00;5;44;44036;2;6;8;6;Place Charles de Gaulle;47,7182830; -1,3722220
31336;202000034801;31;1;2020;16:30;1;31;31522;1;1;1;6;D3;43,2962540;0,8231270
31337;202000034802;12;2;2020;19:00;3;38;38269;2;1;1;1;Boulevard Frejus Michon;44,9098610;5,7826760
31338;202000034803;12;2;2020;08:00;1;03;03157;1;2;1;3;;46,2270508;3,5179324
31339;202000034804;13;2;2020;15:15;1;01;01304;2;1;1;5;Route de Bourg;46,0576950;5,3323390
31340;202000034805;12;2;2020;17:50;2;70;70369;1;1;2;7;D258;47,6290920;5,7932709
31341;202000034806;12;2;2020;17:40;2;26;26013;1;1;1;7;D64;44,3699210;5,2594790
31342;202000034807;12;2;2020;22:45;3;50;50648;1;1;2;6;Carrefour des Vergers;49,4961950; -1,5145760
31343;202000034808;13;2;2020;17:30;1;64;64331;2;1;1;6;place du marcadieu;43,4496830; -0,1119930
31344;202000034809;11;2;2020;08:15;2;36;36010;1;1;6;7;Lieu-dit la baronnerie;46,8747344;1,0922948
31345;202000034811;12;2;2020;11:45;1;987;98725;2;1;1;2;pont de tuauru; -17,5625910; -149,4760510
31346;202000034812;12;2;2020;21:30;5;971;97107;1;2;1;3;Doyon;16,0764520; -61,5621980
31347;202000034813;13;2;2020;11:42;1;89;89399;1;1;3;4;A5;48,2431820;3,3603680
31348;202000034814;13;2;2020;18:00;3;26;26367;1;1;1;1;RD 538;44,3723370;5,1111530
31349;202000034815;11;2;2020;19:15;3;69;69188;1;1;1;5;D313;45,9216925;4,4723654
31350;202000034816;13;2;2020;08:00;2;72;72025;1;1;3;3;D323;47,6930460; -0,1288860
31351;202000034817;12;2;2020;14:10;1;27;27676;1;1;1;1;D135;49,2327810;1,3807260
31352;202000034818;12;2;2020;16:55;1;60;60141;2;1;1;6;Avenue du Maréchal Joffre;49,1896310;2,4628794
31353;202000034819;12;2;2020;14:24;1;60;60682;2;2;1;3;Villers Saint Frambourg-Ognon;49,2545012;2,6533270
31354;202000034821;12;2;2020;13:00;1;13;13215;1;1;1;2;A7-Sens Lyon vers Marseille;43,3649769;5,3604222
31355;202000034822;12;2;2020;18:20;1;33;33249;1;1;1;2;ROCADE A 630;44,8835700; -0,5200300
31356;202000034823;12;2;2020;12:55;1;94;94065;1;1;1;2;AUTOROUTE A106;48,7456000;2,3601000
31357;202000034825;12;2;2020;09:55;1;94;94034;1;1;1;2;AUTOROUTE A86;48,7614000;2,3158800
31358;202000034826;12;2;2020;10:00;1;92;92050;1;1;1;2;A86;48,9179053;2,2225480
31359;202000034827;10;2;2020;19:25;3;78;78402;1;1;1;4;A13;48,9638860;1,7922220
31360;202000034829;10;2;2020;12:20;1;75;75119;2;4;1;4;PORTE DES LILAS;48,8810310;2,4041290
31361;202000034830;11;2;2020;06:52;5;75;75113;2;4;2;6;PORTE D ITALIE;48,8157730;2,3607040
31362;202000034831;11;2;2020;11:47;1;75;75120;2;3;1;6;RUE DES LYANES;48,8626900;2,4066730
31363;202000034832;11;2;2020;18:15;2;75;75119;2;7;2;3;PLACE DU MAQUIS DU VERCORS;48,8781430;2,4093520
31364;202000034833;8;2;2020;21:25;5;75;75119;2;2;8;3;RUE DE CRIMEE;48,8921760;2,3750800
31365;202000034835;11;2;2020;09:45;1;75;75117;2;1;8;7;BOULEVARD BERTHIER;48,8936400;2,3119300
31366;202000034836;10;2;2020;20:30;5;75;75112;2;1;3;2;AVENUE DU TREMBLAY;48,8341300;2,4548590
31367;202000034837;30;7;2020;10:00;1;64;64140;2;1;1;5;SAINT GOBAIN (QUAI);43,5146600; -1,4887000
31368;202000034838;31;7;2020;22:20;5;59;59043;1;1;1;6;BELLE CROIX (RUE DE LA);50,7168784;2,6931041
31369;202000034839;29;7;2020;11:35;1;58;58194;2;1;1;2;RESISTANCE (SQUARE);46,9923600;3,1597000
31370;202000034840;31;7;2020;07:50;1;56;56260;1;1;1;2;RN 165 -SENS NANTES / LORIENT-;47,6698000; -2,7421600
31371;202000034841;30;7;2020;10:17;1;56;56121;2;9;1;3;LE SANT (RUE  GEORGES );47,7397800; -3,3908700
31372;202000034842;27;7;2020;10:05;1;55;55043;2;1;1;7;DE GAULLE (GENERAL);49,1721066;5,3830906
31373;202000034843;30;7;2020;16:08;1;54;54483;1;1;1;1;ROSIERES (ROUTE DE);48,6240000;6,3163000
31374;202000034844;30;7;2020;10:00;1;49;49328;2;1;1;2;CADRE NOIR (PONT DU) N 347;47,2659000; -0,0927600
31375;202000034845;31;7;2020;05:33;5;49;49007;2;1;1;3;ESTIENNE D'ORVES BOULEVARD;47,4556700; -0,5298800
31376;202000034846;31;7;2020;17:00;1;45;45068;2;1;1;6;VIEUX RANG DE LANGLEE (RUE DU);48,0219000;2,7202000
31377;202000034847;30;7;2020;14:10;1;44;44184;2;1;7;2;RD 492 DU RP EINSTEIN AU RP SARRELOUIS;47,2660000; -2,2556000
31378;202000034848;31;7;2020;16:00;5;44;44109;2;1;1;7;Rue du Port Durand;47,2529293; -1,5301734
31379;202000034850;30;7;2020;18:40;1;38;38185;2;1;1;3;Boulevard Clemenceau;45,1836800;5,7387300
31380;202000034851;31;7;2020;16:10;1;37;37261;2;1;1;3;TANNEURS (RUE DES);47,3959157;0,6806541
31381;202000034852;29;7;2020;12:20;1;37;37233;2;3;1;3;POMPIDOU (AVENUE GEORGES);47,3819004;0,7121789
31382;202000034853;31;7;2020;21:15;1;34;34172;2;1;1;5;HEIDELBERG (AVENUE DE);43,6213602;3,8151942
31383;202000034854;31;7;2020;21:10;2;33;33063;2;3;1;3;Quai de Bacalan;44,8588300; -0,5567100
31384;202000034855;6;7;2020;15:05;1;33;33063;2;1;1;6;QUAI LOUIS XVIII;44,8432300; -0,5698700
31385;202000034856;30;7;2020;10:25;1;33;33550;2;3;1;1;Rue du Docteur Schweitzer;44,7738800; -0,5315600
31386;202000034857;31;7;2020;04:00;5;33;33063;2;3;1;2;ALL DE BOUTAUT;44,8676700; -0,5758500
31387;202000034858;31;7;2020;09:35;1;33;33529;2;3;1;1;EUROPE (RUE DE L');44,6166400; -1,1133700
31388;202000034859;31;7;2020;07:55;1;31;31555;2;1;1;3;PONT MONTAUDRAN;43,5985100;1,4565600
31389;202000034860;30;7;2020;19:45;1;31;31555;2;1;1;3;RTE D AGDE;43,6264000;1,4764100
31390;202000034861;30;7;2020;01:40;4;31;31149;2;1;1;6;AMPERE (AVENUE ANDRE MARIE);43,6111800;1,3058800
31391;202000034864;31;7;2020;14:50;1;27;27229;2;1;1;3;HUGO (RUE VICTOR);49,0220700;1,1431800
31392;202000034865;31;7;2020;10:29;1;17;17300;2;1;1;6;SAUTEL  BOULEVARD ANDRE;46,1668900; -1,1363500
31393;202000034866;30;7;2020;14:47;1;17;17200;2;1;1;2;HUIT MAI 1945   AVENUE DU;46,1792479; -1,1531495
31394;202000034867;30;7;2020;02:10;5;13;13026;2;1;1;6;VALAMPE (bld de la);43,3885250;5,1468340
31395;202000034868;31;7;2020;20:40;2;13;13213;2;1;1;1;CHARLES SUSINI (TRAVERSE);43,3405200;5,4124700
31396;202000034869;28;7;2020;21:40;5;13;13206;2;2;1;3;LAFON (RUE);43,2912000;5,3808000
31397;202000034870;30;7;2020;19:45;1;13;13212;2;1;1;3;SAINT JEAN DU DESERT (chemin);43,2945900;5,4161660
31398;202000034871;30;7;2020;14:30;1;13;13209;2;1;1;1;REDON (BOULEVARD DU);43,2510740;5,4220200
31399;202000034872;31;7;2020;05:50;2;13;13001;1;1;1;1;BERRE (ROUTE DE);43,5377100;5,3819700
31400;202000034873;30;7;2020;20:40;2;11;11262;2;3;1;3;1848 (BOULEVARD);43,1918600;3,0147800
31401;202000034874;30;7;2020;05:30;2;11;11397;1;1;1;7;RD 6113;43,2044870;2,4164570
31402;202000034875;31;7;2020;07:36;1;10;10333;2;1;1;6;NOTRE DAME DES PRES (RUE DE);48,2895000;4,0451000
31403;202000034876;28;7;2020;16:55;1;06;06104;2;9;1;3;LODOLA (AVENUE DE LA);43,7648100;7,4808700