;Num_Acc;jour;mois;an;hrmn;lum;dep;com;agg;int;atm;col;adr;lat;long
31404;202000034877;28;7;2020;15:07;1;02;02408;1;1;1;5;RN2;49,5606770;3,6404000
31405;202000034878;31;7;2020;15:05;1;75;75105;2;3;1;6;RUE CUJAS;48,8483320;2,3415260
31406;202000034879;30;7;2020;20:30;1;75;75106;2;1;1;6;RUE DE TOURNON;48,8502370;2,3372010
31407;202000034880;31;7;2020;12:10;1;75;75120;2;1;1;-1;RUE DES FRERES FLAVIEN;48,8773920;2,4115320
31408;202000034881;30;7;2020;20:30;1;75;75120;2;3;1;4;AVENUE DU DOCTEUR GLEY;48,8772020;2,4100320
31409;202000034882;31;7;2020;19:13;1;75;75119;2;2;1;3;PLACE DE LA PORTE DE PANTIN;48,8897550;2,3957060
31410;202000034883;31;7;2020;00:30;5;75;75119;2;4;1;2;BOULEVARD SERURIER;48,8904210;2,3964240
31411;202000034884;31;7;2020;00:01;5;75;75117;2;3;1;1;AVENUE DE CLICHY;48,8866080;2,3260020
31412;202000034885;31;7;2020;17:30;1;75;75116;2;1;1;3;ALLEE DE LA REINE MARGUERITE;48,8491420;2,2420510
31413;202000034886;31;7;2020;07:15;1;75;75116;2;1;1;6;RUE AMIRAL HAMELIN;48,8663650;2,2924380
31414;202000034887;30;7;2020;23:20;5;75;75117;2;2;9;6;AVENUE NIEL;48,8796430;2,2947100
31415;202000034888;31;7;2020;13:10;1;75;75115;2;3;1;7;RUE DU DOCTEUR FINLAY;48,8529100;2,2866420
31416;202000034889;31;7;2020;08:05;1;75;75115;2;2;1;3;RUE LECOURBE;48,8450040;2,3106510
31417;202000034890;31;7;2020;08:43;1;75;75113;2;1;1;6;RUE BRUNESEAU;48,8248600;2,3879780
31418;202000034891;30;7;2020;11:27;1;75;75113;2;1;1;3;QUAI D AUSTERLITZ;48,8430290;2,3663690
31419;202000034892;31;7;2020;18:55;1;75;75112;2;3;1;2;BOULEVARD DE LA BASTILLE;48,8514600;2,3692250
31420;202000034893;31;7;2020;17:10;1;75;75107;2;1;1;6;QUAI BRANLY;48,8591010;2,2936270
31421;202000034894;30;7;2020;20:20;1;75;75107;2;1;1;3;QUAI BRANLY;48,8585100;2,2927350
31422;202000034895;31;7;2020;10:05;1;75;75107;2;3;7;3;QUAI D ORSAY;48,8627490;2,3116540
31423;202000034896;31;7;2020;01:59;5;75;75107;2;7;1;3;RUE DE L UNIVERSITE;48,8607430;2,3187540
31424;202000034897;28;7;2020;09:30;1;75;75101;2;3;1;7;RUE DES BOURDONNAIS;48,8607090;2,3457780
31425;202000034898;31;7;2020;12:00;1;94;94080;2;5;1;3;FELIX FAURE (R);48,8475600;2,4524900
31426;202000034899;31;7;2020;10:50;1;94;94046;2;1;1;3;REPUBLIQUE (AV DE LA);48,8052800;2,4394400
31427;202000034900;31;7;2020;09:15;1;94;94003;2;1;1;6;PRESIDENT NELSON MANDELA (AV);48,8122300;2,3281900
31428;202000034901;31;7;2020;18:55;1;94;94041;2;1;1;6;PAUL VAILLANT COUTURIER (BD);48,8179900;2,3983200
31429;202000034902;31;7;2020;09:00;1;94;94077;2;1;1;6;REPUBLIQUE (AV DE LA);48,7314300;2,4148500
31430;202000034903;31;7;2020;14:40;1;94;94017;2;1;1;1;GENERAL DE GAULLE (AV DU);48,8251120;2,5013440
31431;202000034904;31;7;2020;13:40;1;94;94017;2;1;1;6;LUCIE (QU);48,8299220;2,5023820
31432;202000034905;31;7;2020;10:30;1;94;94017;2;1;1;6;PETIT BOIS (R DU);48,8193400;2,4989710
31433;202000034906;30;7;2020;05:40;5;94;94017;2;2;1;2;STALINGRAD - PONT DE NOGENT (BD DE);48,8294070;2,4931690
31434;202000034907;31;7;2020;07:50;1;93;93066;2;9;1;6;CASANOVA DANIELLE NR 2 A 50 ET 1 A 19;48,9297182;2,3601852
31435;202000034908;29;7;2020;13:20;1;93;93066;2;1;1;4;LENINE (AVENUE) NR 28 A 62 ET 13 A 41;48,9409634;2,3670157
31436;202000034909;31;7;2020;16:30;1;93;93051;2;1;1;2;PAUL PAMBRUN (BOULEVARD);48,8503200;2,5529700
31437;202000034911;30;7;2020;18:00;1;93;93045;2;2;1;2;R DE PARIS / R FRANCINE FROMOND;48,8790500;2,4130700
31438;202000034912;31;7;2020;17:34;1;93;93014;2;2;8;5;COTEAU (AVENUE DU);48,9144700;2,5456800
31439;202000034913;30;7;2020;23:47;5;93;93008;2;9;1;3;PICASSO (RUE PABLO);48,9090600;2,4490400
31440;202000034914;31;7;2020;14:00;1;92;92033;2;1;1;6;GRANDE RUE;48,8443000;2,1884400
31441;202000034915;28;7;2020;22:10;2;92;92050;2;1;1;3;CLEMENCEAU GEORGES AVENUE N° PAIR;48,8863041;2,2111546
31442;202000034916;31;7;2020;14:50;1;92;92044;2;1;1;3;CHARLES PASQUA (QUAI) 58 A90;48,9017512;2,2861401
31443;202000034917;31;7;2020;07:30;1;92;92040;2;2;1;-1;ERNEST RENAN;48,8269710;2,2792230
31444;202000034918;30;7;2020;17:25;1;92;92036;2;1;1;3;PIERRE DE COUBERTIN PROLONGE;48,9264870;2,2847120
31445;202000034919;1;8;2020;05:00;3;26;26231;1;1;1;6;1640 Route des Balmes;45,0898910;5,0088540
31446;202000034920;1;8;2020;02:30;3;77;77415;1;1;1;5;A4;48,9405220;3,0327215
31447;202000034922;16;7;2020;18:30;1;85;85159;2;1;1;1;D949  - PK 15200 croissant;46,4723100; -1,0409700
31448;202000034923;31;7;2020;17:00;1;35;35014;1;1;1;6;La Haute Perauderie;48,0052850; -1,2746070
31449;202000034926;31;7;2020;16:00;1;30;30221;1;1;1;1;N 580;44,0385840;4,7287560
31450;202000034928;31;7;2020;09:40;1;47;47108;1;1;1;5;Au Luc;44,4874510;0,1294330
31451;202000034929;1;8;2020;12:35;1;41;41278;1;1;1;1;N10;47,6556140;0,9576880
31452;202000034930;31;7;2020;18:10;1;77;77022;2;1;1;7;2 Grande Rue;48,4429710;2,6121870
31453;202000034931;1;8;2020;15:45;1;56;56251;2;3;1;3;Rue Gabriel de Goulaine;47,6290840; -2,6674710
31454;202000034932;31;7;2020;19:30;1;56;56053;1;1;1;6;Lieu Dit Villemaigre;47,7382130; -2,6095110
31455;202000034933;1;8;2020;16:55;1;74;74109;1;9;7;2;Rue des Nants;46,0888650;5,8357290
31456;202000034934;30;7;2020;22:15;3;2A;2A006;2;1;1;7;Ficciolosa;41,9739075;8,7425657
31457;202000034935;1;8;2020;16:50;1;2B;2B150;1;3;1;3;Salduccio;42,5662540;8,8204600
31458;202000034936;1;8;2020;19:15;1;32;32210;1;1;1;6;D121;43,5612840;1,1280780
31459;202000034937;1;8;2020;01:15;3;49;49069;1;1;1;1;10 Rue de l'Etang;47,2784500; -1,1743030
31460;202000034938;1;8;2020;09:20;1;12;12291;1;1;1;6;Vezouillac;44,2112800;3,0765470
31461;202000034939;1;8;2020;12:49;1;47;47301;1;1;2;6;D933;44,5591630;0,3087760
31462;202000034940;31;7;2020;17:35;1;41;41280;1;2;1;3;Avenue du Val du Cher;47,2862760;1,7694640
31463;202000034941;1;8;2020;03:15;3;68;68060;1;1;1;6;D483;47,7334280;7,1329490
31464;202000034942;31;7;2020;07:30;1;39;39470;1;4;7;3;;46,4675610;6,0685300
31465;202000034943;31;7;2020;19:30;1;25;25424;1;3;1;3;RD32 - VANCLANS;47,1001140;6,3484670
31466;202000034944;1;8;2020;15:20;1;25;25561;1;1;1;6;D107e1;47,1687690;5,9058810
31467;202000034945;1;8;2020;10:20;1;35;35297;2;1;1;3;8 Route de St Onen la Chapelle;48,1833030; -2,1850400
31468;202000034946;31;7;2020;20:15;1;29;29069;1;1;2;1;D105 - Route de Pont Cabioch;48,4025885; -4,5444197
31469;202000034948;31;7;2020;17:30;1;38;38001;1;1;1;1;Rue Victor Hugo;45,5525180;5,5847560
31470;202000034949;31;7;2020;14:45;1;01;01306;2;1;1;6;93 Grande Rue;46,2602510;4,8878220
31471;202000034950;25;7;2020;13:25;1;66;66025;2;9;1;6;30 Avenue des Guinguettes;42,4332840;1,9460280
31472;202000034952;1;8;2020;08:50;1;18;18231;1;1;1;6;D951;46,7310220;2,5906060
31473;202000034953;19;7;2020;18:10;1;10;10287;1;1;1;2;D43;48,2714330;4,3694040
31474;202000034954;31;7;2020;21:20;2;16;16181;1;1;1;6;Lieu dit Chez Redon;46,0446420;0,6633850
31475;202000034955;30;7;2020;13:40;1;53;53262;1;1;1;7;D20;48,0749110; -0,5513550
31476;202000034956;1;8;2020;02:30;3;24;24504;1;1;1;7;D43;45,2008120;0,3902960
31477;202000034957;31;7;2020;17:00;1;17;17223;1;1;1;7;D739;45,8717580; -0,2318240
31478;202000034958;1;8;2020;14:30;1;48;48016;1;1;1;-1;N106;44,4765050;3,4653010
31479;202000034959;28;9;2020;09:50;1;33;33063;2;9;1;2;BD ALIENOR D'AQUITAINE/BD ALFRED DANEY/RUE LUCIEN FAURE;44,8701400; -0,5665900
31480;202000034960;1;8;2020;08:00;1;48;48016;1;1;1;7;D986;44,4668970;3,4585050
31481;202000034961;1;8;2020;11:05;1;52;52332;2;4;1;3;D107 - EPINANT;47,9990530;5,4587780
31482;202000034962;28;9;2020;08:20;1;33;33522;2;3;1;3;AVE PIERRE CORNEILLE;44,7884260; -0,5869370
31483;202000034963;31;7;2020;18:20;1;49;49301;1;1;1;2;RN249 ;47,0952020; -1,0106460
31484;202000034964;28;9;2020;15:15;1;32;32013;2;1;1;2;CORPS FRANC POMMIES (AVENUE DU);43,6284200;0,5793700
31485;202000034965;1;8;2020;01:15;3;80;80160;1;1;1;2;Viaduc de l'Avre (Pont);49,8532769;2,3562455
31486;202000034966;25;9;2020;18:15;1;31;31555;2;1;1;3;AV DU GENERAL EISENHOWER;43,5603200;1,3937500
31487;202000034967;1;8;2020;06:30;2;01;01254;1;1;1;6;A40;46,1659810;5,2998730
31488;202000034968;25;9;2020;13:20;1;31;31555;2;1;2;2;BD DE STRASBOURG;43,6071000;1,4471200
31489;202000034969;31;7;2020;01:00;3;18;18038;1;1;1;6;A71;46,7930380;2,4137310
31490;202000034970;27;9;2020;08:00;1;29;29232;2;2;1;1;Rue de Benodet;47,9870300; -4,1079900
31491;202000034971;1;8;2020;03:45;3;17;17038;1;1;1;2;N10;45,1739220; -0,3312740
31492;202000034972;28;9;2020;07:50;1;26;26362;2;1;2;2;37 Rue Jean Jaurès;44,9280800;4,9062500
31493;202000034973;31;7;2020;16:10;1;77;77069;1;2;7;2;D637;48,4574160;2,5879130
31494;202000034974;28;9;2020;18:35;1;17;17200;2;1;1;2;CRAPAUDIERES   AVENUE DES;46,1724200; -1,1741300
31495;202000034975;1;8;2020;10:46;1;77;77437;1;1;1;1;D401;49,0423690;2,7723530
31496;202000034976;28;9;2020;10:20;1;17;17028;2;1;1;2;GRASSET   AVENUE EDMOND;46,1312900; -1,0991650
31497;202000034977;1;8;2020;00:10;3;77;77393;1;1;1;2;N4;48,6875090;2,9646030
31498;202000034978;28;9;2020;19:38;1;14;14030;2;1;1;7;CD N°126;49,2092838; -0,4222172
31499;202000034979;28;9;2020;12:25;1;14;14327;2;3;1;3;PARC SAINT ANDRE (AVENUE DU);49,2049578; -0,3489017
31500;202000034980;27;9;2020;10:00;1;14;14118;2;1;1;6;FALAISE (RUE DE  - 90 PAIR 95 IMPAIR);49,1686800; -0,3518900
31501;202000034981;31;7;2020;19:00;1;78;78590;1;1;1;6;D91;48,6804580;1,9654770
31502;202000034982;28;9;2020;12:15;1;13;13212;2;9;1;3;24 AVRIL 15 (AVENUE DU);43,3077400;5,4268600
31503;202000034984;1;8;2020;11:50;1;05;05063;1;1;1;6;D1091;45,0378690;6,2127900
31504;202000034985;25;9;2020;13:30;1;13;13202;2;1;1;6;PARIS (BOULEVARD DE);43,3117180;5,3692060
31505;202000034986;31;7;2020;16:30;1;67;67101;1;1;1;5;D1420;48,5183751;7,4793536
31506;202000034987;28;9;2020;12:42;1;09;09225;1;1;1;3;MIREPOIX ROUTE DE;43,1018200;1,6351200
31507;202000034988;1;8;2020;15:00;1;73;73242;1;1;1;6;D926;45,1976430;6,2796310
31508;202000034989;1;8;2020;11:35;1;69;69167;1;1;1;7;D504;46,0136990;4,5862770
31509;202000034990;28;9;2020;06:00;5;09;09225;2;1;2;3;FOIX AVENUE DE;43,1071800;1,6182500
31510;202000034991;1;8;2020;19:50;2;69;69154;1;1;8;6;Route de la Luere;45,7623290;4,6329500
31511;202000034992;28;9;2020;12:15;1;06;06088;2;1;1;6;RAIBERTI (R.);43,7110000;7,2641100
31512;202000034993;31;7;2020;11:10;1;44;44195;2;6;1;3;Le Bas Matz;47,3705050; -1,9518700
31513;202000034994;27;9;2020;14:40;1;06;06027;2;9;1;3;BONAPARTE RUE;43,6601140;7,1501810
31514;202000034995;25;9;2020;18:55;3;03;03095;1;1;2;3;;46,1538243;3,4918788
31515;202000034996;31;7;2020;23:35;5;22;22343;2;7;1;3;Rue de Trozoul;48,7722140; -3,5782570
31516;202000034997;1;8;2020;16:30;1;60;60141;2;1;1;7;D 1016 Chantilly;49,2010140;2,4606590
31517;202000034998;28;9;2020;15:55;1;75;75120;2;1;1;4;PORTE DE VINCENNES;48,8483160;2,4147680
31518;202000034999;27;9;2020;08:15;1;75;75118;2;1;2;6;ECHANGEUR CHAPELLE;48,9002730;2,3592460
31519;202000035000;31;7;2020;02:35;5;13;13055;2;1;1;7;A507 sens Aubagne- Marseille;43,3356000;5,3994000
31520;202000035001;27;9;2020;03:35;5;75;75120;2;1;2;6;PORTE DE BAGNOLET;48,8661300;2,4128200
31521;202000035003;27;9;2020;23:57;5;75;75106;2;2;2;3;BOULEVARD SAINT GERMAIN;48,8520950;2,3403020
31522;202000035005;28;9;2020;16:25;1;75;75119;2;1;2;6;BOULEVARD MACDONALD;48,8987980;2,3757930
31523;202000035006;31;7;2020;16:25;1;33;33003;1;1;1;4;AUTOROUTE A 10;44,9368900; -0,4670600
31524;202000035007;28;9;2020;08:50;1;75;75117;2;2;3;7;BOULEVARD DE COURCELLES;48,8808490;2,3125420
31525;202000035008;31;7;2020;15:40;1;92;92064;1;1;1;6;A13;48,8392111;2,2186213
31526;202000035009;28;9;2020;10:00;1;75;75117;2;2;2;7;RUE DE ROME;48,8840330;2,3185170
31527;202000035010;31;7;2020;09:20;1;92;92050;1;1;1;6;A86;48,8921883;2,1806615
31528;202000035011;31;7;2020;09:00;1;93;93064;1;1;1;3;AUTOROUTE A86;48,8612100;2,4841000
31529;202000035012;28;9;2020;08:25;1;75;75114;2;3;2;6;BOULEVARD RASPAIL;48,8405690;2,3301100
31530;202000035013;30;7;2020;23:10;5;94;94028;2;1;1;2;RN406.W;48,7766802;2,4422998
31531;202000035014;28;9;2020;10:00;1;75;75113;2;2;2;2;AVENUE DES GOBELINS;48,8358400;2,3525020
31532;202000035015;27;4;2020;11:15;1;64;64445;2;2;2;6;LILAS DES;43,3162000; -0,3397400
31533;202000035018;28;9;2020;10:15;1;75;75105;2;1;2;2;PONT D AUSTERLITZ;48,8447000;2,3655550
31534;202000035019;12;2;2020;09:45;1;25;25056;2;3;1;3;ROUSSEL RUE ROMAIN;47,2578800;6,0325100
31535;202000035020;28;9;2020;08:15;1;75;75111;2;3;2;3;AVENUE DE LA REPUBLIQUE;48,8666450;2,3672900
31536;202000035021;17;5;2020;20:15;2;34;34088;1;1;1;7;piste DFCI;43,5975020;3,6715790
31537;202000035022;28;9;2020;16:30;1;75;75110;2;1;1;2;BOULEVARD DE LA VILLETTE;48,8731590;2,3755690
31538;202000035023;28;9;2020;18:20;1;75;75108;2;1;1;2;RUE CLAPEYRON;48,8817670;2,3239830
31539;202000035024;30;7;2020;17:45;2;988;98818;2;3;2;2;PROMENADE PIERRE VERNIER/ROUTE DU OUEN TORO; -22,3079900;166,4515900
31540;202000035025;28;9;2020;01:15;5;75;75115;2;7;2;3;PLACE CHARLES MICHELS;48,8467730;2,2856480
31541;202000035026;30;7;2020;23:20;5;974;97416;2;3;1;3;HUBERT DE LISLE(BOULEVARD); -21,3436260;55,4692930
31542;202000035027;30;7;2020;10:10;1;974;97411;2;1;1;2;LECONTE DE LISLE (AVENUE); -20,8935600;55,4854000
31543;202000035028;28;9;2020;13:45;1;94;94081;2;2;2;3;Av Rouget de l'Isle;48,7781669;2,3964471
31544;202000035029;29;7;2020;17:40;1;974;97411;2;3;1;3;MONDON (RUE MONSEIGNEUR); -20,8950000;55,4602200
31545;202000035030;28;9;2020;16:10;1;94;94078;2;1;1;2;PRESIDENT JOHN FITZGERALD KENNEDY (AV DU;48,7369220;2,4686080
31546;202000035031;26;7;2020;01:45;3;974;97407;2;4;1;6;MARINE(BOULEVARD); -20,9469400;55,2821100
31547;202000035032;27;9;2020;01:05;5;94;94068;2;1;3;5;BAC (AV DU);48,7912000;2,5200200
31548;202000035035;29;7;2020;21:50;5;973;97302;2;3;1;3;STE THERESE(CITE ANATOLE);4,9171904; -52,3178172
31549;202000035036;30;7;2020;22:40;5;69;69259;2;1;1;6;CLOS VERGER (DU)                    (R );45,7230500;4,8944300
31550;202000035037;7;7;2020;21:45;5;69;69199;2;9;1;6;YVES FARGE                          (BD);45,6953000;4,8591000
31551;202000035038;30;7;2020;16:40;1;69;69387;2;1;1;-1;CHAMBAUD DE LA BRUYERE              (BD);45,7233200;4,8421100
31552;202000035039;28;9;2020;11:00;1;94;94016;2;3;2;6;ESTIENNE D ORVES (R D);48,7921180;2,3203550
31553;202000035040;30;7;2020;11:20;1;972;97213;2;1;1;2;AUTOROUTE A1;14,6081000; -61,0049000
31554;202000035041;28;9;2020;06:55;5;94;94021;2;1;2;6;STALINGRAD (AV DE);48,7764200;2,3674500
31555;202000035042;29;7;2020;13:42;1;972;97209;2;9;1;2;BISHOP (Avenue Maurice);14,6100700; -61,0546100
31556;202000035043;28;9;2020;12:10;1;94;94055;2;1;2;1;MAURICE SCHUMAN;48,7784000;2,5342000
31557;202000035044;30;7;2020;15:40;1;91;91377;2;1;1;1;JUIN (AVENUE DU MARECHAL);48,7200300;2,2839900
31558;202000035045;28;9;2020;08:10;1;93;93071;2;3;2;6;JOHN F. KENNEDY (AVENUE);48,9396840;2,5127278
31559;202000035047;28;7;2020;19:00;1;91;91182;2;1;1;1;DELOUVRIER (AVENUE PAUL);48,6231520;2,4180020
31560;202000035048;30;7;2020;12:10;1;83;83069;2;3;1;3;GODILLOT  ( AVENUE ALEXIS );43,1169010;6,1225660
31561;202000035049;27;7;2020;08:35;1;81;81004;2;6;1;3;TEYSSIER (AV DU COLONEL);43,9212340;2,1676150
31562;202000035050;29;7;2020;08:45;1;80;80674;2;1;1;6;CORBIE (RUE DE);49,9016180;2,3294880
31563;202000035052;30;7;2020;11:20;1;77;77058;2;6;1;-1;GENETS (BOULEVARD DES) - D406;48,8353800;2,7222500
31564;202000035053;29;7;2020;17:10;1;76;76540;2;2;1;3;BICHERAY. AVENUE DU COMMANDANT;49,4496600;1,0505500
31565;202000035054;29;10;2020;23:15;3;74;74239;1;1;1;7;CD909;45,9103840;6,4193310
31566;202000035055;29;10;2020;23:40;5;74;74302;2;1;1;6;départementale 909;45,9068830;6,3628860
31567;202000035056;29;7;2020;12:00;1;76;76575;2;2;1;3;FERBER. RUE DU CAPITAINE;49,3955400;1,0775400
31568;202000035057;29;10;2020;17:10;1;81;81140;1;1;1;6;D112;43,6918860;1,7945800
31569;202000035058;28;9;2020;16:05;1;93;93048;2;2;8;3;COLMET LEPINAY (RUE);48,8549702;2,4429379
31570;202000035059;29;7;2020;17:30;1;76;76351;2;2;1;3;GRAND HAMEAU (Avenue du );49,5242500;0,0968600
31571;202000035060;28;9;2020;08:30;1;93;93074;2;1;1;3;MEAUX RUE DE;48,9353000;2,5711900
31572;202000035061;23;10;2020;19:30;3;33;33367;1;1;2;5;D672;44,6031260; -0,1918530
31573;202000035062;28;7;2020;12:20;1;76;76351;1;1;1;3;LENINGRAD (BD DE);49,5003500;0,1793000
31574;202000035063;28;7;2020;12:50;1;76;76351;2;1;1;6;JULES DURAND (BD);49,4894700;0,1547900
31575;202000035064;28;9;2020;20:00;4;93;93029;2;3;1;3;EDOUARD VAILLANT N° 1-97;48,9284900;2,4304500
31576;202000035065;28;10;2020;19:00;3;60;60107;1;1;1;2;D1016;49,3473533;2,4304354
31577;202000035066;29;10;2020;12:40;1;80;80685;1;1;1;6;A1;49,7096550;2,7722880
31578;202000035067;29;7;2020;20:40;3;74;74218;1;1;1;3;PAYS DE GAVOT (ROUTE DU)  RD11;46,3848750;6,5616870
31579;202000035068;27;9;2020;16:30;1;93;93001;2;1;1;3;REPUBLIQUE (AVE DE LA ) 43/106 =>;48,9082505;2,3874717
31580;202000035070;1;9;2020;15:40;1;92;92078;2;1;1;7;VERDUN (AVENUE) (IMPAIRS JJAURES>A86);48,9344720;2,3206870
31581;202000035071;30;7;2020;13:20;1;69;69264;2;6;1;-1;SAVOYE CLAUDIUS   R;45,9936500;4,7344400
31582;202000035072;29;10;2020;16:35;1;33;33487;1;1;1;4;AUTOROUTE A 10;44,9512300; -0,4612900
31583;202000035073;28;9;2020;14:10;1;92;92047;2;1;2;7;JARDY;48,8276644;2,1515731
31584;202000035074;29;10;2020;00:10;5;33;33063;1;1;1;6;ROCADE A 630;44,8839020; -0,5580440
31585;202000035076;28;9;2020;09:50;1;92;92048;2;1;2;6;MARCEL ALLEGOT (RUE);48,8208500;2,2280600
31586;202000035077;29;10;2020;18:30;3;91;91377;1;1;1;3;AUTOROUTE A10;48,7146300;2,2901700
31587;202000035078;26;7;2020;23:45;5;65;65226;1;6;1;6;ROND POINT AUTOROUTE;43,2231680;0,0261850
31588;202000035079;28;9;2020;10:10;1;92;92044;2;3;2;3;CHARLES PASQUA (QUAI) 58 A90;48,9016300;2,2866600
31589;202000035080;29;10;2020;19:00;3;78;78640;1;1;1;2;A86 EXT;48,7796780;2,1907370
31590;202000035081;29;7;2020;11:09;1;64;64445;2;1;1;2;JEAN MERMOZ;43,3193100; -0,3786230
31591;202000035082;28;9;2020;06:55;5;92;92040;2;1;3;2;ARISTIDE BRIAND;48,8213196;2,2523947
31592;202000035083;29;10;2020;07:47;2;92;92036;1;1;8;-1;A86;48,9374713;2,2956603
31593;202000035084;28;7;2020;07:15;1;58;58194;2;6;1;3;RENE MARLIN (CARREFOUR);46,9998000;3,1555000
31594;202000035085;26;9;2020;08:20;1;92;92035;2;2;1;2;République ( boulevard de la );48,9057884;2,2531012
31595;202000035086;29;10;2020;19:30;3;95;95582;1;1;1;2; A15;48,9756750;2,2398580
31596;202000035087;29;7;2020;19:49;1;56;56121;2;6;1;3;FAOUEDIC ( AVE DU );47,7477000; -3,3651000
31597;202000035089;28;9;2020;09:15;1;92;92012;2;1;2;6;GEORGES ASKINAZI (ALLEE);48,8256321;2,2361895
31598;202000035090;29;10;2020;19:30;3;95;95582;1;1;1;4;A15;48,9756750;2,2398580
31599;202000035091;20;7;2020;18:30;1;54;54526;2;1;1;2;JAURES (BOULEVARD JEAN);48,6896218;6,2102848
31600;202000035092;28;9;2020;02:40;5;92;92012;2;9;2;7;POINT DU JOUR (QUAI DU);48,8324242;2,2597993
31601;202000035093;28;7;2020;17:20;1;54;54395;2;2;1;6;DUROC (RUE DU GENERAL);48,6722950;6,1727580
31602;202000035094;29;10;2020;18:00;3;93;93066;1;1;1;2;A86;48,9253623;2,3393889
31603;202000035095;27;9;2020;21:00;5;974;97415;2;4;1;6;63 Rue Jacques Aubert; -21,0484380;55,2639130
31604;202000035096;29;7;2020;10:45;1;50;50002;2;1;1;3;PERIERS (ROUTE DE);49,1157400; -1,1348500
31605;202000035097;29;10;2020;18:00;3;93;93007;1;1;1;2;AUTOROUTE A3;48,9345212;2,4807377
31606;202000035098;29;7;2020;19:55;1;50;50203;1;1;1;7;VENTE (ROUTE DE LA);49,6015030; -1,5826470
31607;202000035099;27;9;2020;16:45;1;22;22003;2;1;1;1;Les Fontenelles;48,4462910; -2,1229360
31608;202000035100;29;7;2020;20:30;1;49;49007;2;1;1;6;Avenue Pasteur;47,4770100; -0,5317000
31609;202000035102;28;9;2020;18:45;2;01;01443;1;1;3;5;;45,9801440;5,0135850
31610;202000035103;29;7;2020;17:44;1;49;49007;2;1;1;3;COUBERTIN BOULEVARD;47,4606500; -0,5326800
31611;202000035104;29;10;2020;12:05;1;93;93010;1;1;1;3;AUTOROUTE A3;48,9123000;2,4761000
31612;202000035105;29;10;2020;10:00;1;92;92078;1;1;8;6;AUTOROUTE A86;48,9288920;2,3305548
31613;202000035106;30;7;2020;18:00;1;45;45302;2;6;1;3;Rue Nationale 20;47,9467931;1,8930402
31614;202000035107;30;7;2020;08:40;1;45;45068;1;1;1;3;LAC (RUE DU);48,0262200;2,7241200
31615;202000035108;4;9;2020;18:20;1;33;33072;1;2;1;3;D116;44,5245690; -0,1686300
31616;202000035109;28;10;2020;22:00;3;93;93006;1;1;1;2;AUTOROUTE A3;48,8678500;2,4279900
31617;202000035110;28;7;2020;16:28;1;41;41018;2;1;1;2;MARE (RUE DE LA);47,5974500;1,3244300
31618;202000035111;30;7;2020;08:00;1;35;35238;2;2;1;1;LORIENT (DE);48,1079150; -1,7029200
31619;202000035112;5;9;2020;13:07;1;68;68300;2;3;1;3;2 Rue de l'Aquitaine;47,7768690;7,3900380
31620;202000035113;27;9;2020;09:45;1;14;14380;1;1;1;6;Loucelles;49,2346970; -0,5828650
31621;202000035114;28;10;2020;09:00;1;95;95154;1;1;1;3; A1;49,0493300;2,5470400
31622;202000035115;30;7;2020;08:20;1;35;35238;2;6;1;3;Rue de Saint-Brieuc;48,1093100; -1,6977200
31623;202000035116;27;9;2020;16:40;1;59;59448;1;2;3;3;41 Route des Plages;50,9375130;2,5854070
31624;202000035117;28;9;2020;16:30;1;68;68315;2;4;1;7;11, Place du 4 Février;47,8823390;7,2250060
31625;202000035118;29;10;2020;08:50;1;94;94017;1;1;1;4;A86.INT;48,8302764;2,4868936
31626;202000035119;26;9;2020;16:47;1;57;57602;1;1;1;7;Route Départementale 55 H;49,2676090;6,2368440
31627;202000035120;28;10;2020;06:30;2;77;77514;1;1;1;-1;A104;48,9496630;2,6289740
31628;202000035121;29;9;2020;09:30;1;51;51493;1;6;1;6;D944;49,2277529;4,0991905
31629;202000035122;24;8;2020;12:50;1;84;84007;2;1;1;3;PIOT (parking de l'ile);43,9453400;4,7938900
31630;202000035123;29;9;2020;14:15;1;74;74234;1;1;1;4;Route des Esserieux;45,7812920;6,3121600
31631;202000035125;28;9;2020;19:10;2;77;77020;1;2;2;-1;N4 / D75a;48,6925750;3,1860570
31632;202000035126;28;10;2020;14:10;1;974;97411;2;6;2;3;Route de la Rivière des Pluies; -20,9021110;55,5028010
31633;202000035127;28;9;2020;06:33;3;76;76138;1;2;2;3;D151;49,6587370;1,1818050
31634;202000035128;28;9;2020;14:55;1;80;80368;2;6;1;7;Rue Henri Barbusse;50,0822570;1,5435840
31635;202000035129;28;10;2020;10:00;1;974;97411;2;3;1;5;AUBERT (RUE PIERRE); -20,8918900;55,4955200
31636;202000035130;22;9;2020;07:30;2;81;81070;2;3;1;3;Avenue Jean Berenguier;43,8185430;1,7286570
31637;202000035131;27;10;2020;15:50;1;974;97411;2;1;1;6;Avenue Leconte de Lisle; -20,8911945;55,4804045
31638;202000035132;29;9;2020;05:40;2;11;11262;1;1;1;7;D13;43,2191260;3,0110690
31639;202000035134;28;10;2020;16:08;1;973;97302;2;1;1;6;DE GAULLE (AVENUE);4,9389642; -52,3308420
31640;202000035135;29;9;2020;17:15;1;71;71367;1;3;1;6;Route de Louhans;46,6446277;5,3018757
31641;202000035136;28;9;2020;17:45;1;63;63265;1;1;2;6;59 Route de Lezoux;45,8612350;3,4445950