;Num_Acc;jour;mois;an;hrmn;lum;dep;com;agg;int;atm;col;adr;lat;long
31642;202000035137;28;10;2020;19:25;5;69;69383;2;2;1;3;FELIX FAURE                         (AV);45,7552800;4,8726200
31643;202000035138;28;9;2020;14:35;1;63;63338;1;1;2;5;D2144;46,1448770;2,8548510
31644;202000035140;25;9;2020;13:27;1;61;61100;1;4;3;2;D930;48,7257370;0,6222940
31645;202000035141;25;10;2020;20:00;4;972;97209;1;1;1;6;VICTOR CORIDUN (AVENUE);14,6066800; -61,0468600
31646;202000035142;29;9;2020;01:00;3;68;68374;1;1;2;6;D417;48,0633390;7,2407630
31647;202000035143;28;9;2020;18:00;2;39;39307;1;1;3;6;;46,5035040;5,6926460
31648;202000035144;28;10;2020;13:50;1;69;69389;2;3;1;3;DOCKS (DES)                         (R );45,7853800;4,8105400
31649;202000035145;29;9;2020;07:15;2;31;31392;1;3;5;3;d2;43,4765250;1,7076870
31650;202000035146;27;10;2020;18:00;5;971;97120;2;3;1;-1;NELSON MANDELA;16,2409912; -61,5318114
31651;202000035147;27;10;2020;13:20;1;971;97101;2;1;1;7;GENERAL DE GAULLE;16,2581817; -61,5266050
31652;202000035148;28;9;2020;16:40;1;50;50210;1;1;1;3;31 Rue du Château;49,2547780; -1,3861980
31653;202000035149;28;10;2020;10:24;1;2A;2A004;2;2;1;6;MADAME MERE BD;41,9143300;8,7248500
31654;202000035150;28;9;2020;15:05;1;23;23228;1;1;8;1;D941;45,9469910;2,2331910
31655;202000035151;29;9;2020;07:10;5;87;87154;2;1;1;3;10 Rue Fresnel;45,9013430;0,9338160
31656;202000035152;28;10;2020;17:00;2;95;95582;2;1;2;3;BD GABRIEL PERI;48,9671480;2,2622380
31657;202000035153;28;9;2020;07:00;2;19;19176;1;1;2;7;a89 PK 236+000;45,3741809;1,9660807
31658;202000035154;28;10;2020;19:30;5;91;91477;2;4;1;3;MARCEAU (RUE);48,7055600;2,2137000
31659;202000035155;28;9;2020;14:28;1;49;49349;1;1;1;7;Sèvremoine;47,1451160; -1,1888840
31660;202000035156;28;10;2020;22:30;3;91;91114;1;1;1;6;RTE NATIONALE 6;48,6826940;2,4909190
31661;202000035157;29;9;2020;16:26;1;06;06084;1;6;1;-1;644 Chemin de Castellaras;43,6339300;6,9841430
31662;202000035158;28;9;2020;15:30;1;973;97309;2;1;1;3;Route de Montjoly (rd1);4,9233950; -52,2830480
31663;202000035160;29;9;2020;10:27;1;66;66213;1;1;1;2;D612a;42,6612670;2,8229280
31664;202000035162;26;10;2020;22:15;5;89;89387;2;3;2;3;PIERRE CASTETS (RUE);48,2047130;3,2951870
31665;202000035163;28;9;2020;11:50;1;69;69121;1;1;3;3;a89;45,8493840;4,6720000
31666;202000035164;1;6;2020;10:05;1;83;83067;1;1;1;3;D97;43,3458340;6,2964210
31667;202000035165;29;9;2020;17:35;1;31;31037;1;1;1;3;333 Les Bourrasses;43,3693546;1,7748182
31668;202000035166;31;5;2020;19:00;1;56;56068;1;1;1;6;Les Aulnaies;47,9921330; -2,5204610
31669;202000035167;18;9;2020;08:45;1;38;38140;1;1;1;6;A41;45,2744680;5,9031350
31670;202000035168;30;5;2020;10:20;1;56;56036;2;1;1;6;Place Louis le Laennec;47,8103910; -3,3405570
31671;202000035169;31;5;2020;17:25;1;74;74097;1;1;1;6;Route des Bauges;45,7605250;6,0553870
31672;202000035170;31;5;2020;19:35;2;2B;2B121;1;1;1;6;D81;42,4231400;8,7223720
31673;202000035172;29;9;2020;07:30;2;60;60424;1;1;2;4;A1;49,4576820;2,7024170
31674;202000035173;27;10;2020;08:20;1;86;86194;2;1;2;2;Avenue de la Libération;46,5706700;0,3247900
31675;202000035174;31;5;2020;17:05;1;32;32212;2;1;1;1;D931;44,0388300;0,4808020
31676;202000035175;27;10;2020;16:00;1;85;85194;1;6;2;3;RD 760;46,5278400; -1,7534000
31677;202000035176;10;9;2020;12:00;1;987;98750;1;1;1;6;PK 43,5 EST OPOA; -16,8374680; -151,4031660
31678;202000035177;31;5;2020;21:40;2;71;71168;1;1;1;6;Route de la Chize;46,8318850;5,1860522
31679;202000035178;31;5;2020;19:20;1;89;89464;2;1;7;6;8 Rue Joubert;48,0820930;3,2934900
31680;202000035179;29;9;2020;17:15;1;77;77283;1;1;9;3;D405;49,0787850;3,0293080
31681;202000035180;27;10;2020;20:45;5;83;83137;2;2;1;5;MOULINS (AVE DES DE 328 A FIN;43,1402331;5,9131205
31682;202000035181;31;5;2020;11:15;1;89;89151;1;2;1;3;RUE DES FOURNEAUX;48,1282814;3,1998163
31683;202000035182;28;9;2020;19:00;1;78;78368;1;1;1;3;17 bis Route de Mantes;48,9040150;1,8646940
31684;202000035183;28;10;2020;15:20;1;83;83069;1;1;1;-1;MARAIS (ROUTE DES);43,0798400;6,1270200
31685;202000035185;28;10;2020;08:55;1;81;81004;2;1;1;1;MILLAU (RTE DE) DU N° 32 A LA FIN;43,9299200;2,1880400
31686;202000035186;29;9;2020;16:00;1;34;34145;1;3;1;3;Avenue du Vidourle;43,6917540;4,1624020
31687;202000035187;31;5;2020;15:30;1;68;68218;1;1;1;7;Rue de Galfingue;47,7236210;7,2561910
31688;202000035188;28;9;2020;21:00;3;83;83053;1;1;1;6;Dn8;43,1584630;5,8358110
31689;202000035189;27;10;2020;19:35;5;80;80021;2;1;2;3;ABBEVILLE (RUE D');49,9105300;2,2568200
31690;202000035190;31;5;2020;22:35;3;68;68374;2;1;1;6;10 Rue des Prés;48,0744700;7,2869720
31691;202000035191;27;10;2020;08:45;1;80;80021;2;1;1;3;SAINT HONORE (RUE);49,8879100;2,2884900
31692;202000035192;27;9;2020;16:30;1;83;83053;1;1;1;1;Route d'Evenos;43,1784480;5,8501120
31693;202000035193;31;5;2020;20:20;1;39;39088;1;1;1;7;;46,6225330;5,4857610
31694;202000035194;13;8;2020;22:41;5;77;77111;2;3;1;6;RUE HADDOCK;48,8587400;2,7757200
31695;202000035196;27;10;2020;18:15;5;72;72181;2;1;2;1;CLEMENCEAU GEORGES ( BD) N° IMP;47,9785100;0,2137800
31696;202000035197;1;6;2020;01:55;5;31;31490;2;1;1;6;25 Départementale 820;43,7443398;1,3686091
31697;202000035198;8;10;2020;19:15;2;72;72181;2;1;1;6;HONGRIE (RUE DE);47,9942500;0,2341200
31698;202000035200;27;9;2020;14:30;1;06;06070;1;1;1;7;Route de Gentelly;43,7966530;6,9220670
31699;202000035201;1;6;2020;10:55;1;66;66063;1;1;1;1;RD 900;42,4847730;2,8361460
31700;202000035202;29;9;2020;16:20;1;68;68154;2;4;8;6;44 Rue de Riedisheim;47,7615130;7,3641390
31701;202000035203;30;5;2020;16:00;1;54;54360;1;4;1;7;D10;48,7667550;5,8434610
31702;202000035205;27;9;2020;13:00;1;74;74249;1;1;2;1;560 Piolan;46,3736120;6,6424640
31703;202000035206;29;9;2020;07:20;2;74;74128;1;3;1;6;566 Route de la Vallée Verte;46,1639900;6,3645490
31704;202000035207;21;10;2020;06:30;5;69;69266;2;1;6;-1;EMILE ZOLA     (Cours);45,7658300;4,8998000
31705;202000035210;20;9;2020;15:50;1;49;49035;1;1;1;3;D102e;47,4471110; -0,6181270
31706;202000035211;26;10;2020;20:30;5;69;69266;2;2;1;3;ALSACE   (Rue d');45,7711000;4,8699400
31707;202000035212;28;9;2020;03:55;5;14;14047;2;1;1;7;15 Avenue Georges Clémenceau;49,2788650; -0,6991120
31708;202000035213;28;10;2020;20:53;3;65;65100;1;1;1;2;BOURS (ROUTE DE);43,2695942;0,0796364
31709;202000035214;31;5;2020;22:50;3;72;72241;1;1;1;6;Rue de Saussay;48,0748500;0,4116400
31710;202000035215;25;10;2020;17:25;5;59;59152;2;3;2;3;REPUBLIQUE (RUE DE LA);50,7628870;3,0029400
31711;202000035217;29;9;2020;09:15;1;60;60589;1;6;1;2;D44;49,2108160;2,4444580
31712;202000035218;28;9;2020;09:10;1;60;60282;1;1;2;7;D 1016;49,2081210;2,4627400
31713;202000035219;31;5;2020;17:15;1;50;50256;1;1;1;7;D999;48,6495330; -1,1373850
31714;202000035220;28;9;2020;17:15;1;13;13215;1;1;1;4;A7-Sens Marseille vers Lyon;43,3703630;5,3611440
31715;202000035221;1;6;2020;11:07;1;50;50410;1;1;1;1;Ballant - Vessey;48,5396540; -1,4266400
31716;202000035222;28;9;2020;13:00;1;69;69297;1;1;2;-1;A7   15.770 A 20.110;45,6020200;4,7968100
31717;202000035225;28;9;2020;18:15;1;33;33063;1;1;1;3;ROCADE A 630;44,8841300; -0,5579800
31718;202000035226;27;10;2020;19:10;5;59;59324;2;1;2;1;LEON BLUM (RUE);50,2956300;4,0895100
31719;202000035227;1;6;2020;10:25;1;16;16287;1;6;1;3;Ld Chantoiseau;45,5775230;0,0339250
31720;202000035228;30;5;2020;17:40;1;21;21439;1;1;1;6;D977bis;47,2643856;4,6485257
31721;202000035229;20;10;2020;16:15;1;59;59360;2;1;8;6;FOCH RUE DU MARECHAL;50,6152470;3,0181930
31722;202000035230;26;10;2020;08:30;2;59;59017;2;3;3;6;SANGNIER (AVENUE MARC );50,6951609;2,8817057
31723;202000035231;25;9;2020;09:05;1;33;33063;1;1;1;4;ROCADE A 630;44,8871800; -0,5708100
31724;202000035232;7;10;2020;18:10;1;58;58194;2;1;1;4;TREIZIEME DE LIGNE;46,9936000;3,1379000
31725;202000035233;26;9;2020;00:15;3;59;59256;1;1;2;5;AUTOROUTE A23;50,5723840;3,1548895
31726;202000035234;31;5;2020;20:00;1;04;04230;1;1;1;1;RD 6;43,8278400;5,9428740
31727;202000035235;26;10;2020;17:55;5;57;57666;2;1;1;6;Avenue du 14 Juillet 1789;49,3485200;6,1310100
31728;202000035236;24;9;2020;18:00;1;59;59646;1;1;1;6;ROUTE NATIONALE 356;50,6656660;3,1143050
31729;202000035237;31;5;2020;18:30;1;85;85031;1;1;1;1;D26;46,7814300; -0,9427300
31730;202000035238;28;9;2020;14:35;1;78;78322;1;1;2;3;RN12;48,7867810;2,1505590
31731;202000035239;31;5;2020;16:30;1;17;17140;2;1;1;7;RD 126 - Rue de la Paix;45,9350350; -1,2575910
31732;202000035240;28;9;2020;09:30;1;78;78640;1;1;1;4;RN12 EXT;48,7820400;2,1652400
31733;202000035241;27;9;2020;23:00;3;78;78297;1;1;3;6;RN12;48,7894600;2,0697400
31734;202000035243;28;10;2020;18:10;5;54;54547;1;1;1;2;RD93A;48,6685192;6,1898690
31735;202000035244;28;9;2020;14:30;1;95;95252;1;1;2;3;AUTOROUTE A15;48,9765140;2,2359970
31736;202000035247;27;9;2020;21:45;3;92;92036;1;1;2;3;AUTOROUTE A15;48,9392100;2,2943400
31737;202000035248;28;10;2020;10:25;1;50;50129;2;2;2;3;MENDES FRANCE (BOULEVARD);49,6345800; -1,6260400
31738;202000035249;1;6;2020;11:00;1;87;87203;1;1;1;4;Les Petites Maisons;45,6239580;1,4248110
31739;202000035250;23;10;2020;14:05;1;49;49007;2;1;1;7;LETANDUERE;47,4644200; -0,5554000
31740;202000035252;1;6;2020;08:55;1;74;74264;2;1;1;6;Avenue de la Colombière;46,0526990;6,5447940
31741;202000035253;22;10;2020;22:56;5;49;49007;2;1;1;7;JUSSIEU;47,4767100; -0,5463100
31742;202000035254;31;5;2020;22:30;3;64;64445;1;1;1;5;A64;43,3386630; -0,3699300
31743;202000035255;27;9;2020;15:17;1;988;98818;2;1;1;1;ROUTE DU SUD N-1 (ROUTE PROVINCIALE); -22,2243100;166,4828900
31744;202000035256;21;10;2020;07:10;2;49;49007;2;1;1;7;PATTON AVENUE;47,4732700; -0,5955500
31745;202000035257;1;6;2020;15:30;1;49;49266;1;1;1;6;A11;47,4372490; -0,7710520
31746;202000035259;27;9;2020;14:35;1;974;97416;1;1;1;6;RN1; -21,3000600;55,4238000
31747;202000035260;2;10;2020;23:30;3;49;49007;2;2;2;3;ESTIENNE D'ORVES BOULEVARD;47,4556600; -0,5298600
31748;202000035261;1;6;2020;15:25;1;14;14286;1;1;1;2;A29;49,3659420;0,2195120
31749;202000035262;27;9;2020;19:29;3;974;97411;1;1;1;3;LITTORAL (ROUTE 1 DU); -20,8863000;55,3912000
31750;202000035263;31;5;2020;06:00;2;988;98827;1;3;8;7;RT1/RM5 RTE DE GOHAPIN; -21,3244500;165,1521100
31751;202000035264;27;9;2020;16:00;1;69;69259;2;1;2;6;MARCHE (DU)                         (PL);45,6960785;4,8772662
31752;202000035265;28;10;2020;10:03;1;38;38169;2;2;2;3;A.BRIAND;45,1890800;5,6989100
31753;202000035267;27;9;2020;00:35;5;69;69152;2;1;2;1;HENRI MOISSAN                       (R );45,7045000;4,8288300
31754;202000035268;31;5;2020;20:15;1;28;28096;1;1;1;6;21.6;48,8823350;1,4945910
31755;202000035269;28;10;2020;08:30;1;38;38185;2;1;1;6;Rue Albert Recoura;45,1785800;5,7424500
31756;202000035270;28;10;2020;16:10;1;35;35238;2;1;1;6;ECHANGE (D');48,1150000; -1,6825800
31757;202000035271;1;6;2020;19:45;1;45;45142;2;1;1;1;Route de Nestin;47,9379623;2,1538470
31758;202000035272;23;9;2020;16:00;1;69;69382;2;3;1;3;DOCTEUR GAILLETON (DU)              (QU);45,7497800;4,8312400
31759;202000035273;1;6;2020;17:10;1;77;77327;2;1;7;2;63 Rue du Général Leclerc;48,5561830;3,0108200
31760;202000035274;27;9;2020;05:00;5;2A;2A004;1;1;2;6;ILES SANGUINAIRES ROUTE DES;41,9088510;8,7143716
31761;202000035275;31;5;2020;21:00;2;95;95610;1;1;1;7;D51;49,0934789;1,9114159
31762;202000035276;27;10;2020;19:45;5;33;33550;2;1;1;3;RTE DE TOULOUSE;44,7894100; -0,5667300
31763;202000035277;26;9;2020;18:30;1;95;95063;2;2;1;2;AV GABRIEL PERI;48,9289000;2,2142400
31764;202000035278;1;6;2020;15:42;1;91;91180;1;2;1;3;16 Rue de la Borde;48,4370100;2,4788710
31765;202000035279;11;1;2020;18:40;4;75;75119;2;1;1;3;BD PERIPHERIQUE EXTERIEUR;48,8953707;2,3947770
31766;202000035280;28;10;2020;12:10;1;33;33167;2;2;8;3;RTE DE LATRESNE;44,8216000; -0,5140200
31767;202000035281;11;1;2020;15:20;1;75;75116;2;1;1;3;BD PERIPHERIQUE EXTERIEUR;48,8458296;2,2548485
31768;202000035282;30;5;2020;14:05;1;78;78548;1;1;1;1;D91;48,7108720;2,0017330
31769;202000035283;27;9;2020;07:47;1;83;83137;2;1;1;3;INFANTERIE DE MARINE (AVE D');43,1175400;5,9358900
31770;202000035285;1;6;2020;13:15;1;05;05117;1;1;9;7;D994;44,4037410;5,5261230
31771;202000035286;25;10;2020;11:01;1;33;33063;2;8;2;3;PCE BIR HAKEIM;44,8364900; -0,5657200
31772;202000035287;29;5;2020;09:25;1;13;13031;2;1;1;6;12 rn96;43,3761500;5,6063050
31773;202000035288;11;1;2020;16:50;1;75;75120;2;1;1;4;BD PERIPHERIQUE INTERIEUR;48,8744254;2,4108285
31774;202000035289;12;1;2020;02:29;5;75;75119;2;1;1;6;AVENUE JEAN JAURES;48,8828680;2,3705280
31775;202000035290;11;1;2020;13:05;1;75;75120;2;2;1;3;RUE PIXERECOURT;48,8725996;2,3961092
31776;202000035291;12;1;2020;10:05;1;75;75116;2;1;1;7;RUE SPONTINI;48,8685964;2,2775696
31777;202000035293;11;1;2020;22:15;5;75;75115;2;2;1;1;PONT DE GRENELLE;48,8495695;2,2812921
31778;202000035294;10;1;2020;22:40;5;75;75115;2;1;1;6;BOULEVARD DE GRENELLE;48,8496517;2,2964517
31779;202000035295;27;10;2020;18:10;2;31;31555;2;1;1;3;AV DE LARDENNE;43,5929400;1,3949600
31780;202000035296;26;9;2020;15:27;1;78;78124;2;2;1;5;TONKIN (RUE DU);48,9161480;2,1945480
31781;202000035297;12;1;2020;12:15;1;75;75114;2;4;1;3;AVENUE DU MAINE;48,8350073;2,3239397
31782;202000035298;28;10;2020;17:20;1;29;29051;1;1;1;4;N165 - Ergué-Gabéric;48,0003800; -4,0508300
31783;202000035299;12;1;2020;18:50;5;75;75112;2;2;1;6;AVENUE LEDRU ROLLIN;48,8496123;2,3742761
31784;202000035300;25;9;2020;18:00;1;77;77186;2;1;2;2;MARECHAL DE LATTRE DE TASSIGNY (BOULEVAR;48,4099400;2,6908560
31785;202000035301;12;1;2020;04:47;5;75;75112;2;1;1;6;QUAI DE BERCY;48,8414645;2,3727540
31786;202000035302;1;6;2020;14:45;1;08;08328;1;1;7;7;voie verte;49,7978600;4,7593760
31787;202000035303;11;7;2020;15:50;1;69;69256;2;1;1;6;FRANKLIN ROOSEVELT                  (R );45,7465274;4,9330442
31788;202000035304;28;10;2020;16:50;1;24;24145;2;9;1;3;ROQUE (AVENUE  DE LA);44,8506200;0,5323300
31789;202000035305;11;1;2020;23:35;5;75;75109;2;2;1;6;RUE DU HELDER;48,8710783;2,3347968
31790;202000035306;28;10;2020;02:57;3;17;17200;1;1;2;7;105;46,1919100; -1,1428300
31791;202000035307;31;5;2020;11:30;1;68;68171;1;1;1;7;D430;47,9618530;6,9966820
31792;202000035308;27;10;2020;12:20;1;17;17028;2;1;3;4;GAULLE   AVENUE DU GENERAL DE;46,1303600; -1,1170900
31793;202000035309;31;5;2020;14:25;1;68;68028;1;1;1;1;D42;48,2236360;7,3140410
31794;202000035310;12;1;2020;12:12;1;75;75108;2;7;1;3;PLACE DE LA CONCORDE;48,8666666;2,3220178
31795;202000035311;23;8;2020;15:40;1;69;69266;2;1;1;2;LEON BLUM      (Rue);45,7605900;4,9051400
31796;202000035312;12;1;2020;02:15;5;75;75108;2;2;1;6;AVENUE DES CHAMPS ELYSEES;48,8705166;2,3052532
31797;202000035313;27;9;2020;20:32;5;64;64445;2;2;1;3;MONTPENSIER;43,2992500; -0,3712700
31798;202000035314;12;1;2020;01:40;5;75;75108;2;7;1;3;AVENUE MARCEAU;48,8661175;2,2996610
31799;202000035315;26;9;2020;18:50;1;62;62160;2;1;2;6;WICARDENNE (Rue de);50,7284530;1,6205102
31800;202000035318;27;9;2020;17:00;1;34;34172;2;1;1;2;MARCHE GARE (AVENUE DU);43,5855900;3,8781000
31801;202000035319;12;1;2020;15:25;1;75;75104;2;2;1;3;QUAI DE L HOTEL DE VILLE;48,8543687;2,3549395
31802;202000035320;22;10;2020;20:15;5;15;15014;2;1;1;6;LESCUDILLIERS (BOULEVARD DE);44,9140500;2,4321200
31803;202000035321;27;9;2020;03:40;3;33;33063;2;3;2;6;QUAI RICHELIEU;44,8389200; -0,5680700
31804;202000035322;12;1;2020;11:30;1;75;75101;2;1;1;6;RUE DES INNOCENTS;48,8604290;2,3478840
31805;202000035323;28;10;2020;18:45;2;13;13213;2;3;1;1;SAINT JUST (AVENUE DE);43,3160300;5,4039270
31806;202000035324;11;1;2020;21:00;5;94;94078;2;1;8;6;CHOISY (AV DE);48,7496600;2,4342800
31807;202000035325;28;10;2020;17:00;1;13;13214;2;1;1;6;Chemin de Sainte Marthe;43,3255810;5,3880980
31808;202000035326;27;9;2020;15:50;1;33;33529;2;6;1;3;DE GAULLE ( AVE CHARLES) 01 AU 85;44,6370500; -1,1287900
31809;202000035327;12;1;2020;01:10;4;94;94028;1;1;1;2;FOCH(AVENUE DU MARECHAL);48,7823600;2,4371900
31810;202000035328;26;9;2020;20:28;3;30;30189;2;1;1;3;LIBERTE (AVENUE);43,8222000;4,3559000
31811;202000035329;28;10;2020;13:00;1;13;13211;2;9;1;6;SABLIERE (ROUTE DE LA);43,2942493;5,4803791
31812;202000035330;12;1;2020;17:35;5;94;94017;2;1;1;2;REPUBLIQUE (AV DE LA);48,8170700;2,5117700
31813;202000035331;27;9;2020;18:45;1;13;13212;2;1;1;3;ALPES (BOULEVARD DES);43,3026820;5,4149030
31814;202000035332;31;5;2020;17:50;1;55;55183;1;1;1;-1;D19;49,3138757;5,3339186
31815;202000035333;27;10;2020;16:50;1;13;13210;2;1;1;6;CAPELETTE (AVENUE DE LA);43,2807100;5,4075900
31816;202000035334;12;1;2020;20:59;5;93;93055;2;3;1;3;GABRIELLE JOSSERAND;48,9037100;2,3945800
31817;202000035335;25;10;2020;06:30;2;13;13204;2;1;1;6;ALEX. FLEMING (BOULEVARD);43,3155800;5,4016600
31818;202000035336;27;9;2020;12:00;1;13;13211;2;3;1;-1;SAINT LOUP (BOULEVARD DE);43,2816881;5,4275499
31819;202000035337;12;1;2020;12:15;1;93;93051;2;1;1;3;MEDERIC (AVENUE);48,8301300;2,5604500
31820;202000035339;29;5;2020;00:10;3;38;38349;1;1;1;7;Route de l'Ecluse;45,3133930;4,7991630
31821;202000035340;27;9;2020;18:10;1;06;06088;2;1;1;3;GAMBETTA (A PARTIR DU N° 63-74);43,7048200;7,2561100
31822;202000035341;12;1;2020;14:30;1;93;93048;2;1;1;4;R DE PARIS;48,8558200;2,4232200
31823;202000035342;27;9;2020;15:55;1;06;06069;2;1;1;3;CARNOT (BOULEVARD ET TRAVERSE);43,6564200;6,9226900
31824;202000035343;27;10;2020;10:00;1;13;13002;2;3;1;3;GÉNÉRAL DE GAULLE (AVENUE DU);43,3389410;5,4804900
31825;202000035345;11;1;2020;06:10;5;02;02131;1;1;1;6;5 Route de Soissons;49,3942170;3,3685970
31826;202000035346;27;9;2020;11:20;1;75;75120;2;1;2;6;PORTE DE BAGNOLET;48,8659680;2,4126050
31827;202000035347;30;5;2020;11:30;1;01;01376;2;1;1;6;1 Place d'Arménie;45,8252600;4,9817370
31828;202000035348;11;1;2020;11:50;1;37;37010;1;2;7;3;RD 46;47,5549056;0,9212915
31829;202000035349;20;10;2020;18:00;2;07;07186;1;1;1;1;COTE DU BARON;44,6984100;4,5824400
31830;202000035350;13;1;2020;16:20;1;26;26116;1;1;1;5;Donzère;44,4343470;4,6916940
31831;202000035351;26;9;2020;18:35;1;75;75113;2;1;1;2;PORTE D ITALIE;48,8167070;2,3651070
31832;202000035352;28;10;2020;14:55;1;06;06069;2;1;1;2;SIDI BRAHIM (AVENUE);43,6490900;6,9343300
31833;202000035353;25;9;2020;15:45;1;75;75119;2;1;1;2;PORTE DE LA VILLETTE;48,9002830;2,3833670
31834;202000035354;12;1;2020;15:00;1;01;01194;1;1;1;2;D131;45,9956610;4,7524440
31835;202000035355;28;10;2020;10:00;1;06;06027;2;3;1;3;NICE AVENUE DE (RN7);43,6589230;7,1627430
31836;202000035356;13;1;2020;03:30;3;22;22193;1;1;1;7;Rn 12 pr 32+800;48,4341260; -2,4687380
31837;202000035357;9;1;2020;23:10;3;34;34259;1;1;1;6;N109;43,6305720;3,7667370
31838;202000035358;28;10;2020;07:05;2;75;75113;2;4;8;3;QUAI D IVRY;48,8259130;2,3868710
31839;202000035360;9;1;2020;23:28;5;57;57067;2;2;2;3;Rue des Fauvettes;49,3136460;6,1920510
31840;202000035361;27;10;2020;23:47;5;75;75116;2;1;2;3;BOULEVARD PERIPHERIQUE;48,8649100;2,2676040
31841;202000035362;8;1;2020;02:00;3;51;51244;1;1;2;7;D79;48,7913172;4,3637322
31842;202000035363;26;9;2020;23:00;5;75;75120;2;3;2;6;AVENUE CARTELLIER;48,8641070;2,4131740
31843;202000035364;27;9;2020;06:00;5;75;75118;2;2;2;3;BOULEVARD NEY;48,8987180;2,3703630
31844;202000035365;13;1;2020;09:00;1;56;56078;2;6;2;3;Rue de Kerbastic;47,7928668; -3,4915522
31845;202000035366;31;5;2020;17:20;1;01;01249;1;1;1;2;Route du Mas-rillier;45,8353879;4,9188324
31846;202000035367;27;10;2020;16:35;1;75;75117;2;4;1;4;BOULEVARD PERIPHERIQUE;48,8844490;2,2861050
31847;202000035368;12;1;2020;17:50;2;76;76211;1;3;2;6;D149;49,9118176;1,5571774
31848;202000035369;27;9;2020;14:30;1;75;75116;2;1;2;3;CARREFOUR DE LONGCHAMP;48,8636070;2,2398570
31849;202000035370;13;1;2020;06:50;2;2A;2A104;1;1;1;6;Saint Jean de Pisciatello;41,9142240;8,8469880
31850;202000035371;27;10;2020;12:10;1;75;75120;2;1;2;3;BOULEVARD PERIPHERIQUE;48,8590330;2,4141100
31851;202000035372;9;12;2020;18:05;5;22;22113;2;4;1;6;TREGUIER (RUE DE);48,7324190; -3,4563720
31852;202000035373;28;10;2020;17:25;5;75;75117;2;2;8;-1;AVENUE DE LA PORTE D ASNIERES;48,8918350;2,3015550
31853;202000035374;10;12;2020;21:15;5;18;18033;2;1;2;3;VILLENEUVE (CHEMIN DE);47,0617800;2,3586900
31854;202000035375;13;1;2020;08:10;1;82;82018;1;1;1;3;304 Chemin de Martel;44,1054950;1,5097400
31855;202000035376;27;9;2020;01:00;5;75;75116;2;2;3;2;AVENUE MOZART;48,8572960;2,2730430
31856;202000035377;13;1;2020;00:30;3;33;33193;1;1;1;6;50 Route de l'Ocean;45,4341770; -1,1445340
31857;202000035378;27;9;2020;19:45;4;75;75115;2;2;2;3;AVENUE DE LOWENDAL;48,8494150;2,3037930
31858;202000035379;10;12;2020;17:30;5;18;18033;2;3;2;3;SAINT-MICHEL (RTE DE);47,1082500;2,4309600
31859;202000035380;12;1;2020;21:20;5;33;33395;2;1;1;7;15 Route de Blanquet;45,2339160; -0,7874570
31860;202000035382;26;10;2020;20:04;5;75;75116;2;2;1;3;AVENUE DE NEUILLY;48,8784390;2,2798310
31861;202000035383;26;9;2020;22:10;5;75;75114;2;2;2;3;BOULEVARD BRUNE;48,8246450;2,3195200
31862;202000035384;13;1;2020;17:30;2;81;81188;1;1;1;6;D622;43,7086854;2,7908658
31863;202000035385;28;10;2020;12:50;1;75;75113;2;1;1;6;RUE REGNAULT;48,8247580;2,3772760
31864;202000035386;27;9;2020;03:46;5;75;75113;2;2;2;6;BOULEVARD DE L HOPITAL;48,8437040;2,3645700
31865;202000035387;10;12;2020;07:40;5;17;17300;2;1;2;3;LECLERC   AVENUE DU GENERAL;46,1622880; -1,1565660
31866;202000035389;13;1;2020;12:15;1;71;71014;2;2;8;2;Route d’Arnay;46,9578850;4,3060890
31867;202000035390;26;9;2020;23:25;5;75;75112;2;3;1;6;AVENUE DAUMESNIL;48,8381020;2,3996440
31868;202000035391;9;12;2020;09:40;1;13;13054;2;9;1;1;RAUMARTIN (AV DU );43,4096200;5,2547300
31869;202000035392;5;1;2020;19:36;5;44;44196;2;1;1;6;D17;47,5518905; -2,0786531
31870;202000035393;31;5;2020;22:25;3;01;01202;1;1;1;7;D1075;45,9214530;5,3403640
31871;202000035394;28;10;2020;14:00;1;75;75108;2;7;8;3;PLACE DE LA CONCORDE;48,8660650;2,3209740
31872;202000035395;10;12;2020;12:30;1;13;13215;2;1;2;3;SAINT ANTOINE A SAINT JOSEPH (CHEMIN DE);43,3648200;5,3615500
31873;202000035396;27;9;2020;05:15;5;75;75111;2;3;2;6;AVENUE PARMENTIER;48,8630830;2,3761580
31874;202000035397;11;1;2020;15:30;1;35;35360;2;3;2;6;5 Rue du Mée;48,1144300; -1,2058120
31875;202000035398;1;6;2020;16:00;1;69;69220;1;1;8;3;Route de Sainte-foy l'Argentière;45,7333595;4,4680378
31876;202000035400;10;12;2020;13:00;1;13;13208;2;3;2;3;LOUIS REGE (RUE);43,2810717;5,3893572
31877;202000035401;28;10;2020;16:30;1;75;75107;2;2;2;2;QUAI BRANLY;48,8606270;2,2954910
31878;202000035402;12;1;2020;21:00;3;35;35104;1;1;1;6;RD 4;48,5101030; -1,6889640
31879;202000035403;27;9;2020;02:20;5;75;75103;2;2;2;3;BOULEVARD DE SEBASTOPOL;48,8644300;2,3515170
31880;202000035404;13;1;2020;20:30;3;29;29267;1;1;3;6;D72 -Rte de Chateauneuf;48,1629500; -3,8702440