;Num_Acc;jour;mois;an;hrmn;lum;dep;com;agg;int;atm;col;adr;lat;long
31881;202000035405;26;9;2020;19:50;5;75;75102;2;1;1;3;BOULEVARD DES ITALIENS;48,8718100;2,3390390
31882;202000035406;10;12;2020;10:30;1;13;13206;2;1;2;7;GUADELOUPE (IMPASSE DE LA);43,2800000;5,3700000
31883;202000035407;24;9;2020;20:32;5;75;75102;2;1;2;6;RUE DANIELLE CASANOVA;48,8681320;2,3309210
31884;202000035408;12;1;2020;20:50;3;29;29160;1;3;1;1;D59;48,4743360; -4,3911520
31885;202000035409;27;9;2020;13:15;1;94;94028;1;1;2;7;ECHAT(RUE DE L');48,7998730;2,4469760
31886;202000035410;26;9;2020;13:20;1;94;94077;2;1;1;3;PAUL VAILLANT COUTURIER (AV);48,7351400;2,4181100
31887;202000035411;4;1;2020;14:40;1;02;02714;1;1;1;2;N31;49,3732170;3,4582130
31888;202000035412;31;5;2020;19:50;1;69;69112;1;1;1;1;D70;45,8054360;4,6646350
31889;202000035413;25;10;2020;14:50;1;75;75107;2;1;2;7;QUAI BRANLY;48,8586120;2,2928780
31890;202000035414;10;12;2020;12:20;1;13;13005;2;1;8;3;Route de Marseille;43,2847400;5,5495100
31891;202000035415;27;9;2020;22:10;5;94;94018;2;9;2;3;CARRIERES (QU DES);48,8187910;2,4095830
31892;202000035416;1;6;2020;10:30;1;14;14724;1;1;1;5;3 Les Boursiers;49,2561149; -0,1327731
31893;202000035417;12;1;2020;11:55;1;84;84148;2;1;7;6;3 Le Cours;44,0579660;5,2331420
31894;202000035418;27;9;2020;12:00;1;93;93066;2;3;8;2;R CROIZAT AMBROISE / R CHARLES CHRISTOFLE;48,9302000;2,3504000
31895;202000035419;28;10;2020;18:45;3;75;75101;2;2;1;6;RUE DE RIVOLI;48,8604340;2,3423240
31896;202000035420;28;10;2020;16:50;2;75;75104;2;2;2;7;RUE DES ARCHIVES;48,8575140;2,3542410
31897;202000035421;9;12;2020;14:40;1;11;11262;2;1;1;-1;CARNOT (AVENUE);43,1926972;3,0085635
31898;202000035422;27;9;2020;14:30;1;93;93047;2;2;2;3;GABRIEL PERI  (AVENUE);48,8902347;2,5520269
31899;202000035423;8;12;2020;17:30;1;11;11262;2;1;1;-1;CUXAC (ROUTE DE);43,2004800;3,0138000
31900;202000035424;1;6;2020;09:00;1;60;60346;2;6;1;1;Rue des Marais;49,1533590;2,4291910
31901;202000035425;31;5;2020;12:55;1;13;13055;1;1;1;2;A507 sens Marseille - Aubagne;43,3297000;5,4126000
31902;202000035427;13;1;2020;13:30;1;05;05164;1;1;1;5;N94;44,5355450;6,3857980
31903;202000035428;30;5;2020;16:13;1;67;67152;1;1;1;2;Route Nationale 83;48,5227600;7,6962900
31904;202000035429;27;9;2020;09:45;1;93;93008;2;1;2;3;TARRAL (RUE GEORGES);48,9080994;2,4706996
31905;202000035430;8;12;2020;19:50;5;10;10387;2;1;8;4;COMTES DE CHAMPAGNE (QUAI DES);48,2987600;4,0778400
31906;202000035431;12;1;2020;15:43;1;50;50235;1;1;1;3;Le Cocuet;49,4087530; -1,7405660
31907;202000035432;31;5;2020;17:10;1;91;91687;1;1;1;5;AUTOROUTE A6;48,6599000;2,3732000
31908;202000035433;27;9;2020;13:30;1;93;93005;2;9;1;3;MITRY [CD115] (ROUTE DE);48,9464732;2,5107805
31909;202000035434;9;12;2020;11:53;1;10;10081;2;1;8;6;GENERAL SARRAIL (AVE);48,3031600;4,0292400
31910;202000035435;27;9;2020;22:10;5;92;92048;2;9;2;3;PARIS (RUE DE) N° 12 A 164;48,8124500;2,2445210
31911;202000035437;27;9;2020;19:50;5;92;92040;2;1;2;2;BOURGAIN (AVENE);48,8215870;2,2657880
31912;202000035438;27;9;2020;16:20;1;92;92060;2;6;2;3;DESCARTES (AVENUE);48,7763282;2,2496532
31913;202000035439;28;9;2020;07:15;1;974;97415;2;3;1;3;Rue Gabriel Martin; -20,9773186;55,3255928
31914;202000035440;28;9;2020;04:15;3;974;97415;2;1;1;6;Route de Cambaie; -20,9613090;55,2938680
31915;202000035441;13;1;2020;08:20;2;60;60471;2;2;2;3;Rue Jean Abel Lefranc;49,5826360;2,9986006
31916;202000035442;30;5;2020;15:45;1;91;91216;1;1;1;2;AUTOROUTE A6;48,6837400;2,3287000
31917;202000035443;10;12;2020;23:50;5;06;06027;2;1;1;3;GAUDE AVENUE DE LA;43,6779000;7,1510000
31918;202000035446;9;12;2020;15:13;1;05;05061;1;3;1;3;RN 85;44,6248131;6,0831035
31919;202000035447;27;9;2020;13:50;1;35;35176;2;2;1;3;Rue Pitrel;47,8310740; -1,7959700
31920;202000035448;28;10;2020;16:40;1;94;94067;2;2;2;3;GALLIENI (AV);48,8464200;2,4175000
31921;202000035449;12;1;2020;17:45;2;64;64477;1;1;1;7;Route d'Ispéguy, Départementale 949;43,1776040; -1,3926060
31922;202000035450;10;12;2020;18:15;5;75;75119;2;1;1;3;AVENUE JEAN JAURES;48,8878820;2,3896460
31923;202000035451;31;5;2020;14:50;1;92;92023;1;1;1;2;RN385;48,7768071;2,2306989
31924;202000035452;27;10;2020;14:55;1;94;94002;2;3;2;3;R CHARLES DE GAULLE;48,8145040;2,4125130
31925;202000035453;28;10;2020;13:55;1;94;94033;2;9;1;6;PAUL LANGEVIN (R);48,8547660;2,4792110
31926;202000035454;10;12;2020;13:20;1;75;75118;2;2;1;3;AVENUE DE LA PORTE DE SAINT OUEN;48,8977390;2,3290310
31927;202000035455;11;1;2020;19:00;3;40;40044;1;1;1;5;1114 Route Nationale N°117;43,5491140; -1,3229490
31928;202000035456;26;9;2020;19:15;1;35;35356;1;1;1;6;la martinais;48,2568990; -1,7516110
31929;202000035457;31;5;2020;19:40;1;95;95018;1;1;1;4;AUTOROUTE A15;48,9497706;2,2805053
31930;202000035458;11;1;2020;21:00;5;85;85105;2;1;1;6;7 Rue de la Rivière;46,3734460; -0,9241140
31931;202000035459;27;9;2020;01:45;5;95;95229;2;1;2;1;Grande Rue;49,0295080;2,3634280
31932;202000035460;29;5;2020;18:45;1;95;95277;1;1;1;4; A3;48,9739100;2,4886500
31933;202000035461;11;1;2020;15:40;1;48;48092;2;1;7;6;1 avenue du Maréchal Alphonse Juin;44,5581590;3,2900220
31934;202000035462;12;1;2020;23:50;3;52;52172;1;1;1;6;D13;48,4167330;4,9166730
31935;202000035463;27;10;2020;19:05;5;94;94055;2;1;2;6;PINCE VENT (AV DE);48,7893420;2,5487650
31936;202000035464;28;9;2020;08:00;1;43;43095;1;1;2;1;RN102;45,1509210;3,6541990
31937;202000035465;10;12;2020;12:50;1;75;75112;2;2;1;3;AVENUE LEDRU ROLLIN;48,8458730;2,3676710
31938;202000035466;27;9;2020;18:55;1;17;17196;1;1;1;6;D732;45,5710420; -0,6441750
31939;202000035467;10;12;2020;17:30;2;75;75111;2;2;1;3;BOULEVARD DE CHARONNE;48,8503100;2,3986050
31940;202000035468;28;9;2020;01:50;3;71;71270;1;1;8;7;A40 PK 206+800 sens Macon/Genève;46,3512031;4,8268553
31941;202000035470;9;1;2020;18:40;3;68;68253;1;1;1;5;A36;47,7875560;7,4598880
31942;202000035471;28;10;2020;10:30;1;93;93073;2;1;8;3;VAILLANT (BOULEVARD CHARLES);48,9439000;2,5732000
31943;202000035472;27;9;2020;12:15;1;83;83085;1;1;1;2;Route de Callas;43,5157860;6,5655540
31944;202000035473;31;5;2020;12:30;1;94;94033;1;1;1;2;A86.EXT;48,8542817;2,4895683
31945;202000035474;3;1;2020;17:15;1;987;98715;1;1;1;7;RT5; -17,5845220; -149,5685780
31946;202000035475;30;5;2020;20:45;1;94;94017;1;1;1;2;A4;48,8300000;2,4900000
31947;202000035476;9;1;2020;01:30;3;34;34340;1;1;1;2;Autoroute A9 - PK 75+300;43,7182909;4,1402340
31948;202000035477;28;10;2020;18:10;4;93;93005;2;1;2;6;EDGAR DEGAS (RUE);48,9565435;2,4953908
31949;202000035478;27;9;2020;20:45;3;34;34014;1;1;2;7;Avenue de Montpellier;43,6945630;3,8994600
31950;202000035479;10;12;2020;07:55;2;75;75111;2;2;1;3;BOULEVARD RICHARD LENOIR;48,8663450;2,3688560
31951;202000035480;31;5;2020;04:45;5;988;98818;2;3;3;1;RUE JACQUES IEKAWE/RUE DE CASTELLANE; -22,2371800;166,4745500
31952;202000035481;12;1;2020;09:50;1;988;98813;1;3;1;3;RT1/RM8; -21,8194000;165,8678700
31953;202000035482;29;5;2020;06:55;1;988;98818;2;1;1;3;RUE AUGUSTE BRUN; -22,2764700;166,4416700
31954;202000035484;30;5;2020;18:50;5;974;97416;1;1;1;7;DIAGONALE(CHEMIN); -21,3028300;55,4723700
31955;202000035485;11;1;2020;17:55;3;78;78398;1;1;1;2;D155;48,7634740;1,8258650
31956;202000035486;30;5;2020;22:00;5;69;69276;2;1;1;3;HECTOR BERLIOZ                          ;45,6679534;4,8529456
31957;202000035487;13;1;2020;10:45;1;2B;2B042;2;1;1;3;T11;42,5710970;9,4419340
31958;202000035488;28;10;2020;20:40;5;93;93070;2;9;8;6;LANDY(RUE):N° 1 AU 43;48,9140100;2,3444400
31959;202000035489;26;9;2020;19:36;2;57;57733;2;1;2;6;10 Route de Luttange;49,3065600;6,2636390
31960;202000035490;28;10;2020;13:00;1;93;93051;2;3;1;3;Rue des Ormes;48,8451500;2,5276600
31961;202000035491;13;1;2020;07:50;1;84;84132;1;2;1;3;Route de Fontaine de Vaucluse;43,9035240;5,0144750
31962;202000035492;26;9;2020;03:10;5;79;79337;2;1;1;6;2 Rue de la Mairie;46,2955380; -0,6368560
31963;202000035493;28;10;2020;14:05;1;93;93048;2;1;1;6;JEAN LOLIVE (RUE);48,8672600;2,4293000
31964;202000035494;12;1;2020;16:50;4;54;54463;1;2;2;7;Les 4 Vents;48,7956500;6,0149840
31965;202000035495;30;5;2020;15:10;1;69;69388;2;1;1;4;VIENNE (DE)                         (RO);45,7210000;4,8541900
31966;202000035496;27;9;2020;21:00;3;80;80530;1;1;3;6;D120;49,9395380;2,5323920
31967;202000035497;10;12;2020;08:45;2;75;75109;2;2;1;3;BOULEVARD DE ROCHECHOUART;48,8836110;2,3495140
31968;202000035498;30;5;2020;10:00;1;972;97209;2;9;1;3;CHATEAUBOEUF (ROUTE DE);14,6175531; -61,0468244
31969;202000035499;9;12;2020;09:20;1;75;75109;2;2;1;3;RUE DE TREVISE;48,8759400;2,3455480
31970;202000035500;29;5;2020;20:45;5;972;97209;1;1;1;2;AUTOROUTE (A1);14,6182400; -61,0376900
31971;202000035501;29;5;2020;20:00;1;69;69389;2;1;1;6;AUGUSTE ISAAC                       (R );45,7865755;4,8076769
31972;202000035502;10;12;2020;16:45;5;75;75108;2;3;1;4;AVENUE DES CHAMPS ELYSEES;48,8719260;2,3009290
31973;202000035503;28;9;2020;10:35;1;93;93027;2;4;1;3;LECLERC (AVENUE DU GENERAL);48,9270100;2,3795100
31974;202000035504;28;10;2020;19:40;5;93;93047;2;1;1;6;EUROPE (BOULEVARD DE L');48,8952458;2,5703619
31975;202000035506;28;10;2020;07:00;2;92;92078;2;6;1;7;CHARLES DE GAULLE (BD)(72 AU 308);48,9413366;2,3221855
31976;202000035507;13;1;2020;16:00;1;26;26220;1;1;1;3;D94;44,3720800;5,1548860
31977;202000035508;30;5;2020;10:00;1;69;69384;2;9;1;3;ESSES (DES)                         (MO);45,7742400;4,8130500
31978;202000035509;28;9;2020;13:15;1;69;69248;1;1;2;1;D504;46,0409370;4,3087920
31979;202000035510;10;12;2020;10:50;1;75;75116;2;1;1;3;AVENUE RAYMOND POINCARE;48,8687020;2,2856030
31980;202000035511;28;10;2020;16:42;1;92;92040;2;1;2;2;GAMBETTA (BOULEVARD);48,8272466;2,2785218
31981;202000035512;29;5;2020;16:50;1;69;69034;2;1;1;6;PIERRE TERRASSE                     (AV);45,7986265;4,8493682
31982;202000035513;13;1;2020;14:05;1;69;69163;1;1;1;5;Route de varennes;45,9179576;4,7748953
31983;202000035514;28;10;2020;11:00;1;92;92036;2;1;1;-1;CAMELINAT (BOULEVARD) (1/47);48,9278600;2,2978990
31984;202000035515;27;9;2020;21:55;3;89;89418;1;1;8;7;RD 35;47,8481132;3,9381748
31985;202000035516;12;1;2020;21:30;3;17;17219;1;1;2;6;D728;45,8276500; -1,0942080
31986;202000035517;26;9;2020;09:30;1;63;63125;1;1;3;6;Lieu-dit TARRAGNAT;45,7785390;3,5389710
31987;202000035518;30;5;2020;08:50;1;971;97101;1;1;1;6;CHAUVEL;16,2392349; -61,5231586
31988;202000035519;28;9;2020;15:00;1;63;63380;1;1;2;3;D996;45,5895819;2,9691132
31989;202000035521;23;9;2020;14:50;1;49;49149;1;2;2;3;D176;47,3350930; -0,3030680
31990;202000035523;20;10;2020;16:50;1;92;92036;2;1;2;7;GENEAL DE GAULLE (AVENUE) (1/41);48,9333070;2,3067630
31991;202000035524;29;5;2020;03:10;5;95;95063;2;1;1;7;RUE VILLENEUVE;48,9255624;2,2155740
31992;202000035525;9;12;2020;08:40;1;75;75107;2;5;1;6;AVENUE DE LA MOTTE PICQUET;48,8511100;2,3009330
31993;202000035526;28;10;2020;19:45;5;92;92025;2;1;1;1;STALINGRAD (AV DE);48,9356900;2,2609800
31994;202000035527;30;5;2020;16:45;1;91;91377;2;1;1;3;MARTYRS DE SOWETO (AVENUE DES);48,7352000;2,2710000
31995;202000035528;10;12;2020;15:45;1;94;94081;2;3;1;6;MOULIN DE SAQUET (AV DU);48,7900000;2,3800000
31996;202000035529;28;10;2020;09:00;1;92;92012;2;1;1;3;PIERRE GRENIER (AVENUE);48,8257475;2,2486755
31997;202000035530;9;12;2020;22:30;5;94;94081;2;3;1;3;PRESIDENT SALVADOR ALLENDE (AV DU);48,7959070;2,4127250
31998;202000035531;13;1;2020;15:54;1;60;60398;2;9;2;3;1 Rue de la Petite Couture;49,1775630;2,2865410
31999;202000035532;28;10;2020;15:00;1;92;92002;2;6;1;3;PRESIDENT KENNEDY (2 A 48);48,7405955;2,3021212
32000;202000035533;8;12;2020;20:15;5;94;94081;2;2;8;3;MOULIN DE SAQUET (AV DU);48,7907728;2,3809808
32001;202000035534;1;12;2020;14:50;1;94;94052;2;1;1;3;Boulevard de Strasbourg;48,8451070;2,4889530
32002;202000035535;10;12;2020;15:55;1;94;94076;2;1;1;2;MAXIME GORKI (BD);48,7933700;2,3691200
32003;202000035536;10;12;2020;12:45;1;94;94003;2;9;1;6;PAUL VAILLANT COUTURIER (AV);48,7993600;2,3442700
32004;202000035537;28;10;2020;18:00;3;60;60107;1;1;2;4;D1016;49,3479297;2,4301108
32005;202000035538;25;10;2020;16:25;1;57;57210;2;1;1;7;79 Rue de l'Hôtel de Ville;48,8454640;7,0123190
32006;202000035540;29;10;2020;10:00;1;28;28424;1;2;2;3;D126;48,1738060;1,1525880
32007;202000035541;8;12;2020;13:46;1;94;94033;2;7;1;2;VINCENNES (BD DE);48,8441500;2,4635300
32008;202000035542;29;10;2020;13:50;1;11;11172;1;1;1;3;610;43,2654269;2,7174759
32009;202000035543;28;10;2020;19:25;3;11;11111;1;2;1;2;D6113;43,2105310;2,8275020
32010;202000035544;12;1;2020;22:15;3;80;80288;1;1;1;4;A1;49,8779710;2,8365830
32011;202000035545;28;10;2020;14:30;1;52;52432;1;1;1;6;Aire de Val de Gris (Aire de repos);47,9428110;5,3020620
32012;202000035546;28;10;2020;19:05;3;74;74026;1;1;2;3;RD 1508;45,9605550;6,0349920
32013;202000035547;30;5;2020;18:45;1;91;91223;2;1;1;4;MAI 1945 (AVENUE DU 8);48,4407900;2,1434500
32014;202000035549;29;10;2020;06:30;3;57;57106;1;1;1;6;D918;49,2975980;6,5851660
32015;202000035550;29;10;2020;17:50;5;57;57155;2;1;2;6;55 Avenue Charles de Gaulle;49,1085820;6,4131260
32016;202000035551;29;10;2020;09:25;1;56;56159;1;1;9;6;D774;47,7753290; -2,3863400
32017;202000035552;29;10;2020;18:00;2;56;56195;2;3;1;6;Rue de Nantes;47,5185510; -2,3017890
32018;202000035554;29;10;2020;15:00;1;80;80428;2;1;8;1;6 Rue de Feuilleres;49,9539540;2,8511450
32019;202000035555;28;10;2020;17:50;2;33;33485;2;2;1;3;Rue Churchill-roosevelt;44,8201350; -0,1354250
32020;202000035556;12;1;2020;19:46;3;13;13085;1;1;1;3;A50-Sens Toulon vers Aubagne;43,2484033;5,5964703
32021;202000035557;9;12;2020;21:20;5;94;94075;2;1;1;6;Rue Félix Faure;48,7220300;2,5366700
32022;202000035558;30;5;2020;19:15;1;83;83123;2;1;1;6;LOUIS BLANC (RUE);43,1183000;5,8016100
32023;202000035559;29;5;2020;20:40;2;83;83069;1;1;1;7;ALMANARRE (ROUTE DE L');43,0840900;6,1134500
32024;202000035560;28;10;2020;21:30;3;81;81148;1;1;1;6;D8;44,0459410;1,8887040
32025;202000035561;9;12;2020;09:14;1;94;94028;2;9;1;6;SAUSSURE(R);48,7696590;2,4710460
32026;202000035562;10;12;2020;12:10;1;94;94079;2;1;7;6;AUGUSTE RODIN (AV);48,8326150;2,5518030
32027;202000035563;9;12;2020;20:31;5;94;94019;2;1;1;2;FUSILLES DE CHATEAUBRIAND (R DES);48,7992500;2,5430200
32028;202000035564;10;12;2020;19:30;5;94;94018;2;1;1;2;ARTHUR CROQUETTE (R);48,8196730;2,4138640
32029;202000035565;11;1;2020;14:30;1;13;13106;1;1;1;2;A51-Sens Marseille vers Aix en Provence;43,4054240;5,3604770
32030;202000035566;10;12;2020;10:10;1;94;94017;2;1;1;4;REPUBLIQUE (AV DE LA);48,8199000;2,5111600
32031;202000035567;11;1;2020;11:50;1;13;13005;1;1;1;2;A502-Sens Aubagne vers Toulon par R.N.;43,2828115;5,5794480
32032;202000035568;29;10;2020;18:50;3;11;11259;1;1;1;1;RD 629;43,2760260;2,2324880
32033;202000035569;30;5;2020;17:54;1;78;78440;2;1;1;2;EUROPE (AVENUE DE L');48,9738710;1,9172760
32034;202000035571;9;12;2020;21:00;5;94;94075;2;2;1;5;MARECHAL DE LATTRE DE TASSIGNY (AV);48,7273400;2,5354000
32035;202000035574;12;1;2020;06:25;3;69;69297;1;1;1;6;A7   ;45,6085000;4,8036520
32036;202000035575;29;5;2020;22:55;5;69;69266;2;3;1;3;FLEURS        (Rue des);45,7536800;4,8952300
32037;202000035576;30;5;2020;14:25;1;64;64445;2;1;1;2;SIMIN PALAY;43,3096800; -0,3312000
32038;202000035577;30;5;2020;14:50;1;64;64024;2;1;1;2;UNION (RUE DE L');43,4855900; -1,5043000
32039;202000035578;30;5;2020;14:15;1;64;64024;2;1;1;7;BAYONNE (AVENUE DE);43,4829800; -1,5037800
32040;202000035580;7;1;2020;06:50;3;67;67152;1;1;1;4;Route Nationale 83;48,5244243;7,6957365
32041;202000035581;10;12;2020;10:10;1;94;94071;2;1;1;1;WINSTON CHURCHILL (R);48,7676060;2,5247460
32042;202000035583;29;5;2020;12:30;1;64;64024;2;1;1;3;LAPORTE (AVENUE JEAN LEON);43,4908400; -1,4983800
32043;202000035584;29;10;2020;07:15;2;55;55573;1;1;8;7;RD 29;48,6738040;5,6099150
32044;202000035585;29;5;2020;11:15;1;64;64102;2;1;1;2;ALLEES MARINES (AVENUE DES);43,4989600; -1,4887600
32045;202000035586;29;10;2020;08:22;1;86;86281;1;1;2;1;D347;46,7133850;0,2248760
32046;202000035587;30;5;2020;10:10;1;56;56260;2;1;1;6;LE BRIX(RUE JOSEPH);47,6590300; -2,7588800
32047;202000035588;28;10;2020;21:20;3;39;39478;1;1;3;6;;46,3813690;5,8041070
32048;202000035589;9;12;2020;08:00;1;94;94004;2;2;1;1;GENERAL LECLERC (AV DU);48,7544700;2,5060300
32049;202000035590;30;5;2020;08:30;1;54;54395;2;2;1;3;METZ (RUE DE);48,7002300;6,1725300
32050;202000035591;12;1;2020;07:25;3;33;33080;1;1;1;6;AUTOROUTE A 62;44,7370100; -0,5339300
32051;202000035592;12;1;2020;04:18;3;91;91377;1;1;1;6;AUTOROUTE A10;48,7194600;2,2934600
32052;202000035593;11;1;2020;23:09;3;94;94034;1;1;1;7;AUTOROUTE A6B;48,7549200;2,3325900
32053;202000035594;12;1;2020;21:30;3;94;94022;1;1;1;2;A86 EXT;48,7765300;2,4198800
32054;202000035595;11;1;2020;14:20;1;75;75118;2;4;1;3;ECHANGEUR CHAPELLE;48,9003991;2,3624843
32055;202000035596;29;10;2020;09:30;1;02;02363;2;9;1;1;13 Rue Saint-georges;49,5206360;3,2693930
32056;202000035597;11;1;2020;17:40;5;75;75117;2;3;1;6;AVENUE DE LA PORTE DE CLICHY;48,8954096;2,3116721
32057;202000035598;29;10;2020;17:50;3;03;03166;1;1;1;2;;46,1287166;3,1671713
32058;202000035599;29;10;2020;12:20;1;15;15038;1;1;2;6;Les Rebeyres;45,3939370;2,5379060
32059;202000035600;28;10;2020;16:45;1;01;01269;2;1;2;6;4 Route de La-cluse;46,1573210;5,6039390
32060;202000035601;28;10;2020;21:40;3;58;58085;1;1;1;6;D977;47,4354900;3,4176800
32061;202000035602;28;10;2020;13:17;1;60;60223;1;1;2;5;D1017;49,4193770;2,6340370
32062;202000035603;11;1;2020;21:00;5;75;75120;2;2;1;3;AVENUE DE LA PORTE DES LILAS;48,8777771;2,4081784
32063;202000035604;10;1;2020;11:35;1;75;75118;2;1;2;3;RUE D AUBERVILLIERS;48,8983130;2,3705310
32064;202000035605;28;5;2020;08:15;1;52;52448;2;9;1;2;VERGY (RUE DE);48,6343200;4,9380500
32065;202000035606;11;1;2020;00:30;5;75;75117;2;3;1;6;BOULEVARD DES BATIGNOLLES;48,8816749;2,3177641
32066;202000035607;9;12;2020;17:30;5;93;93070;2;3;1;6;GABRIEL-PERI (AV);48,9085910;2,3326899
32067;202000035609;30;5;2020;15:20;1;51;51454;2;6;1;2;Rond Point de Champagne;49,2135668;4,0152836
32068;202000035610;29;5;2020;18:50;1;51;51454;2;1;1;2;Avenue Nicéphore Niepce;49,2286957;4,0676347
32069;202000035611;30;5;2020;12:35;1;45;45274;2;1;1;6;Rue Jehan du Lys;47,8910900;1,9701200
32070;202000035612;10;12;2020;11:30;1;93;93066;2;1;1;6;GARENNE;48,9421113;2,3850849
32071;202000035614;29;10;2020;08:25;1;64;64145;2;9;1;3;route de pau;43,1940740; -0,2717720
32072;202000035615;29;5;2020;18:30;1;34;34172;2;8;1;-1;LODEVE (AVENUE DE;43,6103750;3,8562120
32073;202000035616;28;10;2020;18:15;2;18;18206;1;1;1;5;Route d'Orléans;47,1943790;2,3251530
32074;202000035617;30;5;2020;21:25;2;33;33063;2;3;1;6;QUAI DES CHARTRONS / CRS DE LA MARTINIQUE;44,8526000; -0,5677000
32075;202000035618;29;10;2020;09:05;1;10;10288;1;1;2;6;RD671;48,0033620;4,4743970
32076;202000035619;7;12;2020;08:30;1;93;93066;2;1;1;4;"""STRASBOURG, NR 1 A 71 ET 2 A 34""";48,9358200;2,3670400
32077;202000035620;30;5;2020;21:05;1;33;33522;2;2;1;3;RUE DE LA VIEILLE TOUR / RUE PIERRE NOAILLES;44,8082634; -0,6003304
32078;202000035621;11;1;2020;15:30;1;75;75116;2;3;1;4;AVENUE DE NEW YORK;48,8632061;2,2961761
32079;202000035622;28;10;2020;23:10;4;04;04214;1;1;1;6;RD 19;44,0683780;6,3835290
32080;202000035623;10;1;2020;08:10;1;75;75116;2;4;8;3;ALLEE DE LONGCHAMP;48,8769984;2,2769237
32081;202000035624;10;1;2020;09:40;1;75;75116;2;1;2;3;AVENUE DU MAHATMA GANDHI;48,8767330;2,2662520
32082;202000035625;29;10;2020;16:30;1;04;04094;1;3;1;5;RD 4 (lieu dit Bagatelle) / Ch du pas;43,7528759;5,8046551
32083;202000035626;10;1;2020;18:30;5;75;75115;2;3;2;3;RUE LECOURBE;48,8354161;2,2810699
32084;202000035627;30;5;2020;08:00;1;33;33281;2;3;1;3;CHEM DE LA PROCESSION / RUE FRANCOIS GIRARDON;44,8202400; -0,6928100
32085;202000035629;30;5;2020;18:40;1;33;33009;2;2;1;3;BALESTE MARICHON (RUE);44,6603400; -1,1886400
32086;202000035630;29;10;2020;17:40;2;80;80160;1;1;2;5;A29;49,8532249;2,3559056
32087;202000035631;30;5;2020;10:20;1;27;27554;2;1;1;6;MAIRIE (RUE DELA);49,1092900;1,4397100
32088;202000035632;30;5;2020;20:30;1;13;13216;2;1;1;6;ESTAQUE PLAGE;43,3598900;5,3161700
32089;202000035633;25;10;2020;19:50;3;06;06018;1;1;8;6;Route des Colles;43,6158750;7,0830920
32090;202000035634;11;1;2020;13:40;1;75;75114;2;2;1;6;RUE D ALESIA;48,8293001;2,3226671
32091;202000035635;22;10;2020;16:00;1;987;98722;2;3;1;1;PK 17 - RT2; -17,5914290; -149,3821260
32092;202000035636;11;1;2020;11:50;1;75;75113;2;2;1;3;RUE THOMAS MANN;48,8296059;2,3792361
32093;202000035637;10;12;2020;07:50;1;93;93064;2;1;1;6;AV JEAN JAURES;48,8687200;2,4860400
32094;202000035638;11;1;2020;11:30;1;75;75113;2;1;1;3;AVENUE D ITALIE;48,8291887;2,3563339
32095;202000035639;10;12;2020;16:30;2;93;93048;2;2;1;3;VALMY (RUE DE);48,8508600;2,4185700
32096;202000035640;30;5;2020;12:00;1;13;13212;2;1;1;6;LOUIS MAZAUDIER (RUE);43,3100000;5,4180000
32097;202000035641;11;1;2020;02:25;5;75;75112;2;1;1;3;RUE DE LYON;48,8500131;2,3705201
32098;202000035642;29;10;2020;17:55;5;77;77343;1;1;1;1;D401;49,0231800;3,0763440
32099;202000035644;28;10;2020;17:35;2;83;83112;2;1;1;1;D559;43,1808890;5,6810050
32100;202000035645;9;12;2020;13:00;1;93;93048;2;2;2;3;CARNOT (RUE);48,8571859;2,4411565
32101;202000035646;30;5;2020;07:20;1;13;13213;2;1;1;4;CHEMIN DU MERLAN A LA ROSE ;43,3310000;5,4070000
32102;202000035647;9;12;2020;16:38;5;93;93063;2;1;1;3;BRANLY BD EDOUARD;48,8740614;2,4405091
32103;202000035649;30;5;2020;17:50;1;06;06088;2;1;1;3;DUFY (RUE RAOUL);43,6803060;7,2157500
32104;202000035650;29;10;2020;16:45;1;83;83143;2;1;1;6;Chemin du Serre;43,4360860;6,0565460
32105;202000035651;31;5;2020;01:30;5;06;06027;2;1;1;6;ZIEM AVENUE;43,6648920;7,1623170
32106;202000035652;29;10;2020;15:40;1;13;13110;2;9;1;3;178 Route de Pourrières;43,4507710;5,6906090
32107;202000035653;30;5;2020;14:32;1;75;75116;2;4;1;3;BD PERIPHERIQUE INTERIEUR;48,8439745;2,2549412
32108;202000035654;29;10;2020;15:00;1;03;03298;1;1;2;5;;46,3243333;3,3719691
32109;202000035656;10;12;2020;11:00;1;92;92051;2;1;8;6;VILLIERS (RUE DE, N° 21 A 59);48,8880766;2,2818748
32110;202000035657;30;5;2020;19:45;1;75;75107;2;1;1;6;BOULEVARD RASPAIL;48,8519063;2,3267259
32111;202000035658;29;10;2020;13:15;1;74;74040;2;1;1;-1;617 Avenue du Fer à Cheval;46,1670150;6,3295680
32112;202000035659;25;10;2020;20:20;3;69;69160;1;1;1;3;D385;46,1391810;4,4473390
32113;202000035660;8;12;2020;18:00;2;92;92050;2;2;1;3;SEINE BOULEVARD DE;48,8996842;2,1950428
32114;202000035661;30;5;2020;15:15;1;75;75105;2;2;1;3;RUE GEOFFROY SAINT HILAIRE;48,8411840;2,3559590
32115;202000035662;11;1;2020;20:15;5;75;75110;2;4;1;6;BOULEVARD DE MAGENTA;48,8782962;2,3544157