;Num_Acc;jour;mois;an;hrmn;lum;dep;com;agg;int;atm;col;adr;lat;long
32116;202000035663;11;1;2020;12:05;1;75;75110;2;1;1;3;BOULEVARD SAINT MARTIN;48,8685679;2,3582151
32117;202000035664;10;1;2020;13:39;1;75;75110;2;1;2;-1;BOULEVARD DE MAGENTA;48,8824090;2,3505700
32118;202000035665;6;12;2020;22:15;5;92;92050;2;1;1;3;REPUBLIQUE AVENUE DE LA;48,9121873;2,2236666
32119;202000035667;10;12;2020;06:50;5;92;92023;2;2;1;1;GENERAL DE GAULLE (AVENUE DU);48,7863886;2,2540117
32120;202000035669;30;5;2020;18:20;1;75;75119;2;3;1;3;RUE DE BELLEVILLE;48,8725342;2,3785561
32121;202000035670;26;9;2020;00:40;3;42;42044;1;1;2;-1;RN88;45,3946500;4,3314300
32122;202000035671;30;5;2020;21:15;2;75;75117;2;7;1;2;AVENUE CARNOT;48,8742800;2,2945460
32123;202000035672;28;10;2020;15:15;1;33;33039;1;1;1;2;ROCADE A 630;44,7964100; -0,5385500
32124;202000035673;30;5;2020;13:55;1;75;75117;2;2;1;3;RUE DE COURCELLES;48,8815520;2,3006755
32125;202000035674;6;12;2020;15:20;1;92;92009;2;2;1;2;EUROPE (AVENUE);48,9071100;2,2638600
32126;202000035675;10;12;2020;18:30;5;62;62504;2;1;1;2;8 rue de leuline;50,7357630;2,1756260
32127;202000035676;30;5;2020;12:15;1;75;75116;2;3;1;3;AVENUE DE LA GRANDE ARMEE;48,8748276;2,2917277
32128;202000035677;7;12;2020;08:00;1;974;97422;1;9;1;6;Rue des Poinsetias; -21,2484670;55,5252750
32129;202000035678;11;12;2020;12:32;1;67;67153;1;1;1;6;rd 632;48,7849960;7,5019560
32130;202000035680;30;5;2020;14:50;1;75;75114;2;1;1;3;AVENUE DU GENERAL LECLERC;48,8236447;2,3256404
32131;202000035681;10;12;2020;18:20;3;22;22227;1;1;2;7;RN12 PR 123+500;48,5674920; -3,5816720
32132;202000035682;22;10;2020;06:50;3;59;59435;1;1;1;5;AUTOROUTE A23;50,4949938;3,2120982
32133;202000035683;11;1;2020;17:35;2;75;75104;2;1;1;7;BOULEVARD DE SEBASTOPOL;48,8602203;2,3491686
32134;202000035684;11;12;2020;07:30;3;76;76244;1;1;2;3;AUTOROUTE a28 pk 061+500;49,7069560;1,3757260
32135;202000035685;30;5;2020;13:00;1;75;75114;2;3;1;3;BOULEVARD JOURDAN;48,8223779;2,3291271
32136;202000035686;11;12;2020;07:30;2;15;15055;1;9;4;2;A75 PK 087+200;45,0874110;3,1174030
32137;202000035687;11;12;2020;05:45;3;37;37266;1;1;2;6;barrière de péage de VEIGNE (37) A85 PK103+800 vers BOURGES;47,3119576;0,7353865
32138;202000035688;30;5;2020;21:10;1;75;75112;2;2;1;3;BOULEVARD PONIATOWSKI;48,8318200;2,3977200
32139;202000035689;10;12;2020;15:50;1;83;83067;1;1;1;5;D97;43,3399430;6,2959760
32140;202000035690;10;12;2020;18:45;3;04;04161;1;1;1;6;RD 900;44,4007427;6,4999279
32141;202000035691;30;5;2020;16:57;1;75;75112;2;2;1;3;RUE DE WATTIGNIES;48,8351784;2,3987763
32142;202000035692;28;10;2020;14:35;2;93;93051;1;1;1;2;A4;48,8400000;2,5500000
32143;202000035693;30;5;2020;14:35;1;75;75110;2;7;1;6;PLACE JACQUES BONSERGENT;48,8710682;2,3611258
32144;202000035694;28;10;2020;08:00;1;95;95277;1;1;1;-1; A3;48,9744000;2,4891000
32145;202000035695;30;5;2020;10:15;1;75;75110;2;1;1;3;QUAI DE JEMMAPES;48,8766840;2,3652830
32146;202000035696;11;1;2020;12:25;1;94;94043;2;1;1;2;FONTAINEBLEAU (AV DE);48,8114800;2,3621100
32147;202000035697;11;12;2020;12:45;1;82;82013;1;1;8;6;D928;43,8700350;0,9632134
32148;202000035698;28;10;2020;01:30;3;93;93007;1;1;2;7;AUTOROUTE A3;48,9195786;2,4789097
32149;202000035699;11;1;2020;11:00;1;94;94019;2;1;1;6;MARECHAL LECLERC (AV DU);48,7964592;2,5317085
32150;202000035700;11;1;2020;11:35;1;94;94017;2;1;1;3;BEARN (VLA);48,8079300;2,5517620
32151;202000035702;10;12;2020;21:47;3;82;82125;1;1;2;6;1979 Route de Montbartier;43,9388240;1,2432040
32152;202000035703;30;5;2020;09:10;1;75;75110;2;2;1;3;BOULEVARD DE LA VILLETTE;48,8736396;2,3750159
32153;202000035704;10;1;2020;23:45;5;93;93066;2;9;1;4;FRANCE ANATOLE (BOULEVARD) NR AUTRES;48,9217550;2,3457877
32154;202000035705;28;10;2020;19:20;5;77;77169;1;1;1;-1;A4.Y;48,8329200;2,5951700
32155;202000035706;28;10;2020;07:30;1;988;98818;2;1;1;6;AVENUE BONAPARTE; -22,2335100;166,4665300
32156;202000035707;10;1;2020;23:30;3;93;93074;1;1;2;5;Route Nationale 3;48,9347900;2,6029800
32157;202000035708;27;10;2020;13:15;1;988;98818;2;6;1;2;VE1/RUE BERTHELOT; -22,2604100;166,4446200
32158;202000035709;11;1;2020;13:50;1;93;93031;2;2;1;6;RTE D'ARGENTEUIL / R DE LILLE;48,9600978;2,2918736
32159;202000035710;10;12;2020;20:34;3;49;49378;1;1;1;6;D 347;47,3018100; -0,0373690
32160;202000035711;27;10;2020;14:20;1;974;97416;2;2;1;3;Rue Rodier; -21,3383600;55,4772300
32161;202000035712;11;1;2020;09:20;1;93;93010;2;6;1;6;R JULES GUESDE / R AUGUSTE POLISSARD;48,9032784;2,4802217
32162;202000035713;21;10;2020;19:45;3;974;97416;1;1;1;1;CD 26; -21,3016700;55,4330000
32163;202000035714;11;1;2020;20:43;5;92;92072;2;2;1;-1;GRANDE RUE/ LECLERC (AVENUE DE LA DIVISION);48,8264150;2,2192830
32164;202000035715;27;10;2020;18:00;5;69;69383;2;2;1;3;LAC (DU)                            (R );45,7561426;4,8548960
32165;202000035717;27;10;2020;12:17;1;69;69388;2;9;1;6;11 NOVEMBRE 1918 (DU)               (PL);45,7366500;4,8692100
32166;202000035718;27;10;2020;08:15;1;69;69386;2;1;1;2;VENDOME                             (R );45,7653600;4,8457300
32167;202000035719;11;12;2020;17:20;2;12;12068;1;1;8;7;RD997;44,3246310;2,3408390
32168;202000035720;30;5;2020;16:00;1;75;75109;2;4;1;6;RUE LA FAYETTE;48,8760260;2,3445350
32169;202000035721;22;10;2020;13:30;1;972;97213;1;1;1;2;AUTOROUTE A1;14,6174161; -61,0169506
32170;202000035722;11;1;2020;16:30;1;92;92051;2;1;1;2;CHARLES DE GAULLE (AVENUE,N°118 A 192 +;48,8841670;2,2625340
32171;202000035723;27;10;2020;12:50;1;972;97209;1;1;3;7;AUTOROUTE (A1);14,6162800; -61,0434400
32172;202000035725;27;10;2020;12:30;1;69;69385;2;3;1;3;MENIVAL (DE)                        (AV);45,7559000;4,7880000
32173;202000035726;11;1;2020;11:30;1;92;92035;2;1;1;3;Général Leclerc ( avenue du );48,9124000;2,2492400
32174;202000035727;26;10;2020;11:25;1;69;69202;2;1;8;6;RAZES (DES)                         (CH);45,7351600;4,7817800
32175;202000035728;27;10;2020;09:50;1;971;97120;2;2;1;6;HANNE (BOULEVARD);16,2409100; -61,5351800
32176;202000035729;30;5;2020;20:30;1;75;75101;2;2;1;3;QUAI FRANCOIS MITTERRAND;48,8601128;2,3333437
32177;202000035730;26;10;2020;21:25;5;95;95424;2;1;1;1;GÉNÉRAL DE GAULLE(RUE DU);48,9978580;2,1952130
32178;202000035731;29;5;2020;19:30;1;75;75103;2;4;1;3;BOULEVARD BEAUMARCHAIS;48,8575990;2,3680630
32179;202000035734;11;1;2020;18:20;5;92;92012;2;3;1;3;VICTOR GRIFFUELHES (RUE) - COTE IMPAIR;48,8297100;2,2422100
32180;202000035735;10;12;2020;13:50;1;29;29160;2;1;7;6;D788 - ;48,4935552; -4,4317237
32181;202000035736;30;5;2020;16:10;1;75;75102;2;4;1;3;RUE DU LOUVRE;48,8658543;2,3433805
32182;202000035737;30;5;2020;21:50;2;94;94081;2;3;1;3;COLONEL FABIEN (AV DU);48,7825600;2,3808700
32183;202000035738;10;12;2020;17:20;2;29;29075;2;1;1;6;Rue de Paris;48,4355974; -4,3952082
32184;202000035739;11;12;2020;07:00;4;72;72179;1;1;1;-1;D23;47,8364930; -0,0649090
32185;202000035741;11;12;2020;01:50;3;72;72248;1;1;3;6;Le Petit Pre du Bourg;47,8365090;0,4342770
32186;202000035743;10;12;2020;09:45;1;06;06113;1;3;1;3;Route des Cabrolles;43,7968160;7,4786700
32187;202000035744;30;5;2020;15:33;1;94;94073;2;1;1;1;ALOUETTES (R DES);48,7531200;2,3791100
32188;202000035745;10;12;2020;11:05;1;14;14453;1;3;2;3;Route départementale 613;49,3114830; -0,8302250
32189;202000035746;11;12;2020;11:20;1;05;05092;1;1;4;7;D246;44,4919750;6,0143920
32190;202000035748;11;12;2020;07:45;2;16;16002;2;1;2;1;Rue de la Mairie;46,0784550;0,1993040
32191;202000035749;11;1;2020;04:00;4;33;33138;1;1;1;6;11 Lieu Dit Troquereau sur l'Isle;45,0282990; -0,0627530
32192;202000035750;2;1;2020;10:00;1;40;40304;2;1;1;6;Avenue Paul Lahary (Pont);43,6607460; -1,4321690
32193;202000035751;29;5;2020;18:45;1;94;94033;2;1;1;6;NEUILLY (AV DE);48,8482000;2,4911000
32194;202000035752;12;1;2020;11:30;1;83;83085;1;1;1;-1;1069 Route de Trans;43,4960530;6,5215220
32195;202000035754;30;5;2020;18:47;1;93;93078;2;1;1;6;AV DES BLES;48,9489926;2,5518186
32196;202000035755;11;1;2020;15:25;1;12;12169;2;3;7;3;02 avenue sauveterre de rouergue;44,1992340;2,3405940
32197;202000035756;8;12;2020;12:50;1;24;24077;1;1;1;1;N21;44,9418760;0,5680600
32198;202000035757;30;5;2020;20:40;1;93;93072;2;2;1;1;LOUIS BORDES (RUE);48,9558000;2,3832200
32199;202000035758;10;1;2020;15:55;1;35;35024;2;3;1;3;1 Rue de la Forge;48,1861630; -1,6310500
32200;202000035760;30;5;2020;06:15;1;93;93070;2;1;1;2;ALBERT-DHALENNE (RUE);48,9157851;2,3309299
32201;202000035761;10;12;2020;16:45;1;37;37216;1;3;2;6;Les Picaults;47,1560761;0,5638094
32202;202000035762;30;5;2020;21:20;1;93;93066;2;1;1;3;WILSON (AVENUE DU PRESIDENT);48,9140843;2,3581939
32203;202000035763;11;1;2020;20:30;3;19;19025;1;1;1;6;D7;45,4088370;1,2804250
32204;202000035764;9;12;2020;16:25;2;37;37273;2;3;8;2;;47,3858207;0,7854298
32205;202000035765;30;5;2020;19:30;1;93;93010;2;3;1;3;AV HENRI BARBUSSE / R HENRI ALPY;48,9014000;2,4890400
32206;202000035766;11;12;2020;12:30;1;30;30272;1;1;2;6;D999;43,9732450;3,6876940
32207;202000035767;30;5;2020;18:20;1;92;92026;2;9;1;3;PRESIDENT KRUGER;48,8982586;2,2550701
32208;202000035768;10;12;2020;16:00;1;973;97307;1;1;1;2;La Matourienne (Pont);4,8351870; -52,3320870
32209;202000035769;10;12;2020;01:00;3;01;01067;1;1;1;6;A40 pk 131.800;46,1130793;5,4779183
32210;202000035770;29;5;2020;22:30;5;92;92012;2;1;1;-1;PARIS (RUE DE) 97BIS/FIN - 116/FIN;48,8414720;2,2387450
32211;202000035771;10;12;2020;19:45;3;18;18255;1;1;2;2;A71;47,0473140;2,3274480
32212;202000035772;12;1;2020;07:10;3;56;56164;1;1;2;1;Lieu Dit Lezunan;47,6829570; -2,8354170
32213;202000035774;30;5;2020;20:10;1;92;92014;2;3;7;3;BIEVRE (RUE DE LA);48,7807120;2,3206750
32214;202000035775;31;5;2020;12:50;1;54;54110;1;1;1;7;D83;48,6989640;6,2921080
32215;202000035776;7;12;2020;08:45;1;78;78196;1;1;1;2;D30;48,8607730;1,9689670
32216;202000035777;12;1;2020;06:40;3;77;77239;1;1;1;1;D231;48,6785664;3,1120493
32217;202000035778;10;12;2020;21:55;3;69;69250;1;1;2;2;A89;45,8202350;4,7117720
32218;202000035779;12;1;2020;17:15;2;76;76222;1;1;1;6;410 Route de Sainte Marguerite;49,4910590;0,8615660
32219;202000035780;11;12;2020;11:55;1;69;69050;1;1;8;4;RD 385 ;45,8698570;4,6541260
32220;202000035781;30;5;2020;20:00;1;62;62066;2;1;1;1;17 Rue de Beaulieu;50,4764310;2,0985190
32221;202000035782;8;1;2020;19:40;3;79;79031;1;1;1;1;Route de Chizé;46,1658340; -0,4358390
32222;202000035784;12;1;2020;11:00;1;49;49086;1;1;1;6;D167;47,2148350; -0,4311720
32223;202000035785;11;12;2020;09:57;1;27;27263;1;1;1;2;Autoroute A13 - Pk 147+600;49,3839510;0,5912020
32224;202000035786;11;12;2020;12:30;1;971;97119;2;1;1;6;RN 6 - Lieu dit DEVILLE MAISONCELLE;16,3763090; -61,4761450
32225;202000035787;4;11;2020;14:55;1;21;21515;1;3;8;3;Route de Couternon;47,3205983;5,1243902
32226;202000035788;10;1;2020;11:00;1;35;35095;2;1;1;6;Rue des Ponts;48,5490290; -1,7578490
32227;202000035789;12;1;2020;02:00;3;29;29269;1;1;1;6;D6;47,9311370; -3,6158410
32228;202000035790;1;12;2020;18:05;4;91;91587;1;1;1;6;N20;48,6882370;2,2862080
32229;202000035791;12;1;2020;15:20;1;15;15085;1;1;7;6;"Lieu dit ""Combemaury""";44,8565056;2,5101670
32230;202000035792;11;12;2020;09:04;1;66;66190;2;1;2;1;Route d'Opoul;42,8334320;2,9156310
32231;202000035793;11;12;2020;06:45;3;70;70528;1;1;2;3;pk 5 D474;47,4292690;5,6593410
32232;202000035794;31;5;2020;11:25;1;01;01105;1;1;1;2;D43;45,9047100;4,8772850
32233;202000035795;11;12;2020;09:45;1;68;68001;2;3;2;3;42 Rue d'Alsace;48,0014050;7,5572790
32234;202000035796;29;5;2020;17:55;1;62;62229;1;3;7;3;D341;50,6473920;2,1804430
32235;202000035797;31;5;2020;15:15;1;26;26107;1;1;1;6;Route de la Haute Herbasse;45,1849620;5,0851520
32236;202000035799;31;5;2020;18:35;1;06;06161;1;1;7;7;Route de Grasse;43,6571340;7,1079130
32237;202000035800;11;12;2020;17:20;5;67;67067;2;2;2;6;Rue du Plan d'Eau;48,7096610;7,7108310
32238;202000035801;11;1;2020;16:00;1;14;14143;2;3;1;3;1 Route de Saint Lô (caumont);49,0881656; -0,8166142
32239;202000035802;29;5;2020;09:58;1;31;31389;1;9;1;1;16 Route de Toulouse;43,6328990;1,5201070
32240;202000035803;11;12;2020;17:20;3;63;63470;1;1;2;1;rd 986,;45,8827120;3,0571230
32241;202000035804;12;1;2020;13:15;1;73;73128;1;4;1;7;Route du Bois de Crin;45,7262240;5,9187400
32242;202000035805;30;5;2020;17:00;1;972;97204;1;1;2;1;N2;14,7009920; -61,1811710
32243;202000035806;11;12;2020;07:10;2;73;73075;1;1;1;6;D202 Rte des Molettes;45,4524620;6,0618460
32244;202000035807;29;5;2020;15:00;1;29;29204;1;1;1;2;N12;48,4997480; -4,1816290
32245;202000035808;12;1;2020;02:05;3;21;21412;1;1;1;6;D18;46,9563270;4,8163110
32246;202000035809;9;12;2020;16:00;1;38;38382;2;5;1;3;Route de Lyon;45,2426840;5,6706190
32247;202000035810;12;1;2020;02:15;5;27;27100;2;1;1;2;Route d'Honfleur;49,3661820;0,4036950
32248;202000035811;31;5;2020;11:40;1;60;60448;1;1;1;7;D936;49,1252020;3,0699490
32249;202000035812;11;1;2020;18:05;5;17;17350;1;6;1;6;D939;45,9382040; -0,4815130
32250;202000035813;12;1;2020;18:15;3;37;37002;1;1;8;7;D49;47,4183099;0,4288723
32251;202000035815;31;5;2020;10:30;1;30;30175;1;1;1;7;Route de Barjac;44,2749700;4,4107960
32252;202000035816;11;1;2020;16:00;1;30;30336;1;1;1;7;D183;43,8438390;4,6320150
32253;202000035817;11;12;2020;07:45;2;81;81198;1;3;3;3;D84;43,8475349;2,0662129
32254;202000035818;31;5;2020;17:00;1;83;83026;1;1;1;-1;;43,4117349;6,2200534
32255;202000035819;12;1;2020;02:30;3;978;97801;2;1;1;1;Route nationale 7 - Rambaud;18,0816150; -63,0686470
32256;202000035821;31;5;2020;11:40;1;19;19107;1;1;1;3;1 Dautrement;45,1020001;1,3873061
32257;202000035822;31;5;2020;03:30;3;76;76380;1;1;1;7;3 Avenue des Canadiens;49,7940000;0,9803000
32258;202000035823;11;1;2020;17:55;2;987;98714;1;1;2;6;RT 101; -16,5273900; -151,7289310
32259;202000035824;10;12;2020;16:10;1;33;33067;1;1;2;1;D134;45,0549850; -0,5455510
32260;202000035827;10;1;2020;16:10;1;974;97415;2;3;1;3;Rue du Général de Gaulle; -21,0520726;55,2277440
32261;202000035828;29;5;2020;16:05;1;69;69248;1;1;1;7;D504;46,0107268;4,3147063
32262;202000035829;9;12;2020;12:40;1;60;60446;2;1;1;6;12 Rue de Lizy;49,1378820;2,8096120
32263;202000035830;11;1;2020;18:30;3;45;45042;1;1;1;6;D961;47,8387482;2,4333206
32264;202000035831;30;5;2020;12:00;1;32;32252;2;3;1;6;17 Avenue du 11 Novembre;43,4301100;0,3064370
32265;202000035832;10;12;2020;11:50;1;60;60404;2;1;1;6;93 rue paul faure;49,3148614;2,4718113
32266;202000035833;3;1;2020;19:01;5;77;77153;2;1;2;6;1 Rue du Général de Gaulle - D401;49,0510130;2,6708650
32267;202000035834;11;1;2020;21:10;3;77;77141;1;1;1;7;D96;48,8438402;2,8462859
32268;202000035835;30;5;2020;16:30;1;11;11319;1;1;1;3;Cubserviès;43,3931520;2,3749780
32269;202000035836;11;1;2020;17:00;2;84;84003;2;1;7;1;Avenue de Marseille;43,8758970;5,3776060
32270;202000035837;11;12;2020;13:09;1;60;60639;2;1;2;3;D 1001;49,4530610;2,0992790
32271;202000035838;31;5;2020;14:35;1;71;71310;2;1;1;6;Avenue de la République;46,7498948;4,4686730
32272;202000035839;12;1;2020;18:45;2;83;83115;1;1;1;2;;43,3137742;6,6636780
32273;202000035840;11;12;2020;16:30;1;80;80049;1;1;2;1;D 329;49,6222320;2,5506680
32274;202000035841;31;5;2020;16:00;1;89;89015;1;1;1;6;CD237;47,5906438;3,7498476
32275;202000035842;11;1;2020;10:20;1;13;13042;2;6;1;3;Rond Point des Charrons;43,2974110;5,6236030
32276;202000035843;31;5;2020;14:20;1;89;89118;1;3;1;6;Cd 85;47,6989170;3,5640550
32277;202000035844;8;12;2020;17:00;2;59;59400;2;1;5;6;34 rue thiers 59660;50,6450450;2,6386280
32278;202000035845;11;1;2020;19:10;3;68;68072;1;3;1;2;D201;47,6955570;7,4224200
32279;202000035846;30;5;2020;21:40;2;63;63023;1;1;1;7;La Graviere Haute;45,6000568;3,5606478
32280;202000035847;10;12;2020;14:44;1;13;13211;1;4;2;2;A50-Sens Marseille vers Aubagne;43,2914100;5,4829900
32281;202000035848;9;1;2020;07:40;2;67;67458;2;2;1;1;Rue de Niederbronn;48,8307770;7,7431280
32282;202000035849;9;12;2020;07:20;3;13;13215;1;1;1;3;A7-Sens Marseille vers Lyon;43,3544200;5,3632600
32283;202000035850;30;5;2020;19:30;1;41;41043;1;2;7;5;17 Route Nationale;47,2808450;1,4808260
32284;202000035851;12;1;2020;06:15;3;73;73285;1;1;1;1;D902;45,6080030;6,8425940
32285;202000035852;10;12;2020;05:00;3;13;13215;1;1;1;5;A7-Sens Lyon vers Marseille;43,3775930;5,3575020
32286;202000035853;29;5;2020;15:50;1;22;22034;1;1;1;7;Bardérou;48,6599870; -3,3381700
32287;202000035854;8;1;2020;18:35;5;73;73054;2;1;1;6;grande rue;45,6169410;6,7670660
32288;202000035855;31;5;2020;02:40;3;31;31523;2;1;1;6;558 Avenue de Saint-girons;43,0954400;0,9529240
32289;202000035856;11;1;2020;16:15;1;31;31420;1;6;7;3;D4;43,4920610;1,4037430
32290;202000035859;12;1;2020;06:10;5;60;60409;1;9;1;6;D1016;49,2885781;2,4617635
32291;202000035860;10;12;2020;10:05;1;33;33550;1;1;2;5;AUTOROUTE A 62;44,7630600; -0,5478700
32292;202000035861;11;1;2020;14:45;1;13;13019;1;1;1;4;A51-Sens Aix en Provence vers Marseille;43,4238916;5,3742729
32293;202000035862;30;5;2020;15:30;1;02;02642;1;1;1;6;D520;49,7237510;4,2033220
32294;202000035863;9;12;2020;20:45;3;59;59124;1;1;1;2;AUTOROUTE A27;50,6027891;3,2693794
32295;202000035864;30;5;2020;07:50;1;03;03297;1;1;1;7;Lieu Dit les Fontaines;46,5301539;2,6394444
32296;202000035865;11;1;2020;02:40;5;13;13055;1;1;1;3;A507 sens Marseille - Aubagne;43,2915000;5,4243200
32297;202000035866;9;12;2020;18:00;3;59;59378;1;1;1;2;ROUTE DEPARTEMENTALE 652;50,6845680;3,1075410
32298;202000035867;25;5;2020;12:15;1;72;72143;1;1;1;3;D304;47,8768940;0,4306980
32299;202000035868;10;12;2020;15:50;1;91;91182;1;1;1;3;AUTOROUTE A6;48,6231500;2,4212500
32300;202000035869;10;12;2020;08:25;2;91;91659;1;1;1;3;AUTOROUTE A6;48,5867000;2,4513000
32301;202000035870;11;1;2020;13:50;1;78;78524;1;1;1;6;A13;48,8399507;2,1153939
32302;202000035871;10;12;2020;06:50;3;92;92064;1;1;1;2;A13;48,8370300;2,1875100
32303;202000035872;10;1;2020;14:20;1;92;92025;1;1;1;4;A86;48,9225112;2,2270876
32304;202000035873;11;1;2020;15:10;1;95;95277;1;1;1;6;A3;48,9817728;2,5010447
32305;202000035874;9;12;2020;18:45;3;92;92036;1;1;1;5;AUTOROUTE A15;48,9436400;2,2877400
32306;202000035875;11;1;2020;14:30;1;95;95061;1;1;1;7;RN 104;49,0675600;2,2557900
32307;202000035876;9;12;2020;21:00;5;95;95607;1;1;1;7; A115;49,0289700;2,2031600
32308;202000035878;10;12;2020;06:30;3;95;95572;1;1;1;7; A15;49,0323200;2,1059900
32309;202000035879;11;1;2020;04:25;3;95;95488;1;1;1;2; A15;49,0123200;2,1503800
32310;202000035880;31;5;2020;19:45;1;14;14174;1;1;7;5;D184a;48,8341567; -0,6065816
32311;202000035881;9;12;2020;22:35;3;95;95582;1;1;5;6;RD 170;48,9636900;2,2651400
32312;202000035882;31;5;2020;11:45;1;14;14570;1;1;1;1;DÉPARTEMENTALE 164, SAINT PIERRE DE MAILLOC;49,0700240;0,2914890
32313;202000035884;30;5;2020;19:30;1;45;45062;2;1;1;6;D2020 - PR 19+200;47,9887639;1,8823745
32314;202000035885;31;5;2020;14:50;1;85;85108;1;1;7;6;;46,9254800; -1,3651300
32315;202000035886;31;5;2020;19:30;1;48;48034;1;1;1;7;D32;44,3825890;3,2809480
32316;202000035887;10;12;2020;18:00;2;93;93051;1;1;1;4;A4;48,8355582;2,5652771
32317;202000035888;11;1;2020;03:10;3;93;93053;1;1;1;2;AUTOROUTE A3;48,8808900;2,4528800
32318;202000035889;10;12;2020;00:40;5;94;94042;1;1;1;3;A4;48,8284100;2,4755290
32319;202000035890;31;5;2020;18:30;1;13;13044;1;1;1;2;D69;43,6179730;5,0335610
32320;202000035892;31;5;2020;14:00;1;91;91649;1;1;1;4;D31;48,5427510;2,3527690
32321;202000035893;30;5;2020;11:00;1;976;97603;1;1;1;6;N3; -12,8874520;45,2120100
32322;202000035894;25;11;2020;11:00;1;974;97416;1;9;1;3;CONCESSION CONDE(CHEMIN); -21,2981400;55,4984200
32323;202000035895;10;1;2020;19:00;3;95;95582;1;1;1;2;A115;48,9818893;2,2412217
32324;202000035896;10;1;2020;18:10;3;95;95572;1;1;1;2; A15;49,0358500;2,0965500
32325;202000035897;8;12;2020;08:35;1;974;97416;1;9;1;2;Route Nationale 3; -21,3287600;55,4716900
32326;202000035898;10;1;2020;14:50;1;93;93066;1;1;8;6;AUTOROUTE A1;48,9281100;2,3579800
32327;202000035899;9;12;2020;08:20;1;974;97416;2;1;1;6;HUBERT DE LISLE(BOULEVARD); -21,3436200;55,4695200
32328;202000035900;11;1;2020;19:00;3;77;77363;1;1;1;2;A104;48,9221342;2,6303049
32329;202000035901;11;1;2020;11:45;1;77;77294;1;1;1;2;A104;48,9616820;2,6166690
32330;202000035902;8;12;2020;16:30;1;974;97411;2;9;2;2;BRASSENS (AVENUE GEORGES); -20,9019900;55,4801700
32331;202000035903;10;1;2020;17:40;5;75;75118;2;1;1;3;BD PERIPHERIQUE INTERIEUR;48,9006720;2,3684330
32332;202000035904;10;1;2020;18:30;5;75;75120;2;1;1;3;BD PERIPHERIQUE INTERIEUR;48,8651553;2,4132150
32333;202000035905;9;12;2020;18:30;5;69;69388;2;1;1;3;MARIUS BERLIET                      (R );45,7381500;4,8673900
32334;202000035906;9;1;2020;17:15;2;75;75116;2;4;2;4;BD PERIPHERIQUE INTERIEUR;48,8596127;2,2630792
32335;202000035907;9;12;2020;13:50;1;69;69259;2;1;1;6;AMBROISE CROIZAT                    (BD);45,7025500;4,8877000
32336;202000035908;9;12;2020;10:30;1;69;69199;2;1;1;6;ROBERT REYNIER                      (R );45,7083100;4,8609700
32337;202000035909;10;1;2020;18:54;2;75;75120;2;3;1;-1;BOULEVARD MORTIER;48,8698138;2,4089696
32338;202000035910;9;12;2020;06:35;5;69;69386;2;3;1;3;LAFAYETTE                           (CO);45,7636700;4,8637700
32339;202000035911;10;1;2020;09:30;1;75;75112;2;2;1;3;AVENUE DU TRONE;48,8481010;2,3991390
32340;202000035912;9;12;2020;13:20;1;69;69385;2;3;1;3;AQUEDUCS (DES)                      (R );45,7591300;4,7919200
32341;202000035913;9;12;2020;06:10;5;95;95018;2;1;1;6;JAURES (AVENUE JEAN);48,9398033;2,2287333
32342;202000035914;9;1;2020;00:42;5;75;75108;2;2;1;3;BOULEVARD HAUSSMANN;48,8741102;2,3246150
32343;202000035915;8;12;2020;17:45;3;91;91469;1;2;1;3;D721;48,3998300;2,1747100
32344;202000035916;10;1;2020;17:55;5;75;75106;2;2;2;3;BOULEVARD RASPAIL;48,8455844;2,3286460
32345;202000035917;9;12;2020;13:00;1;77;77181;2;1;2;6;CARNOT (RUE);48,8217485;2,7068307
32346;202000035918;10;1;2020;15:10;1;75;75120;2;2;1;3;RUE RAMPONEAU;48,8719067;2,3826878
32347;202000035919;8;12;2020;07:30;3;76;76575;2;3;1;6;LORRAINE. RUE DE;49,3742840;1,1027100
32348;202000035920;10;1;2020;16:30;1;75;75118;2;7;1;3;BOULEVARD ORNANO;48,8956433;2,3462933
32349;202000035921;8;12;2020;12:50;1;71;71153;2;1;2;6;CORDERIE (RUE DE LA);46,8057314;4,4137660
32350;202000035922;10;1;2020;19:15;5;75;75108;2;3;1;6;AVENUE DE WAGRAM;48,8754390;2,2962684
32351;202000035923;8;12;2020;09:00;1;71;71153;2;1;2;6;LAMINEURS (RUE DES);46,8044647;4,4371247
32352;202000035924;8;12;2020;17:45;5;67;67218;2;3;8;3;LIXENBUHL (RUE);48,5300800;7,7225900
32353;202000035925;10;1;2020;12:00;1;75;75117;2;2;1;6;RUE LANTIEZ;48,8958507;2,3245139
32354;202000035926;10;1;2020;07:20;5;75;75117;2;2;1;6;BOULEVARD BERTHIER;48,8943922;2,3133414