;Num_Acc;jour;mois;an;hrmn;lum;dep;com;agg;int;atm;col;adr;lat;long
32355;202000035927;8;12;2020;17:25;5;67;67482;2;4;8;3;BORDEAUX (PLACE DE);48,5937041;7,7585271
32356;202000035928;10;1;2020;13:45;1;75;75116;2;7;1;3;PLACE DU TROCADERO ET DU 11 NOVEMBRE;48,8631020;2,2864839
32357;202000035929;9;12;2020;17:35;5;65;65100;2;3;1;3;PIC DU MIDI (AVENUE DU);43,2658300;0,0397800
32358;202000035930;10;1;2020;12:03;1;75;75116;2;1;2;6;RUE DES BELLES FEUILLES;48,8663540;2,2824853
32359;202000035931;8;12;2020;18:40;5;64;64445;2;3;1;3;EDOUARD VII;43,2974090; -0,3584900
32360;202000035932;9;1;2020;07:20;5;75;75116;2;3;2;3;AVENUE PAUL DOUMER;48,8612840;2,2842200
32361;202000035933;9;12;2020;08:50;1;64;64024;2;1;3;7;BAB (BOULEVARD DU);43,4979300; -1,4950200
32362;202000035935;10;1;2020;11:00;1;75;75115;2;1;8;7;BOULEVARD VICTOR;48,8347270;2,2827659
32363;202000035936;9;12;2020;13:08;1;63;63113;2;2;1;3;MAYER (BD DANIEL);45,7924700;3,0916000
32364;202000035937;10;1;2020;07:25;5;75;75115;2;3;2;7;RUE DE LA CROIX NIVERT;48,8446210;2,2969100
32365;202000035938;10;1;2020;04:55;5;75;75115;2;2;2;3;RUE DE LA CONVENTION;48,8392657;2,2919765
32366;202000035939;8;12;2020;17:46;2;63;63113;2;1;1;2;LAGARLAYE (RUE DE);45,7737100;3,0818700
32367;202000035940;5;12;2020;15:55;1;63;63014;2;1;1;6;Parking Auchan sud;45,7527800;3,1270200
32368;202000035941;10;1;2020;12:57;1;75;75113;2;3;8;3;QUAI D AUSTERLITZ;48,8430734;2,3663312
32369;202000035942;3;11;2020;09:00;1;62;62427;2;1;1;2;MELUSINE (R);50,4155400;2,9646500
32370;202000035943;9;1;2020;17:40;2;75;75112;2;2;2;3;BOULEVARD PONIATOWSKI;48,8334763;2,4021119
32371;202000035944;10;1;2020;09:30;1;75;75112;2;2;1;6;RUE TAINE;48,8385560;2,3931770
32372;202000035945;9;12;2020;08:10;2;51;51454;2;2;8;3;Rue Regnesson;49,2783846;4,0129237
32373;202000035946;10;1;2020;03:59;5;75;75112;2;2;2;3;AVENUE LEDRU ROLLIN;48,8458310;2,3676500
32374;202000035947;7;12;2020;12:50;1;50;50203;2;4;1;3;de la Banque à Genets (Avenue);49,6127700; -1,6181800
32375;202000035949;9;1;2020;18:15;2;75;75112;2;2;2;6;BOULEVARD DE LA BASTILLE;48,8464380;2,3668731
32376;202000035950;8;12;2020;08:35;2;44;44109;2;3;8;3;CHEMIN DE LA BONNETIERE;47,2283200; -1,4953900
32377;202000035951;7;12;2020;16:50;1;38;38544;2;2;1;6;Rue Vimaine;45,5153100;4,8648200
32378;202000035952;9;12;2020;08:06;2;37;37214;2;6;1;-1;BORDIERS (RUE DES);47,4190429;0,6739758
32379;202000035953;9;12;2020;07:39;2;37;37261;2;1;1;7;BREGUET (RUE LOUIS);47,4193100;0,6909954
32380;202000035954;9;12;2020;13:55;1;35;35051;1;6;1;2;LONGCHAMPS (PORTE DES);48,1409500; -1,6283700
32381;202000035955;9;12;2020;13:40;1;35;35278;2;6;1;3;Rond-Point d'Uttenreuth;48,1585460; -1,6872770
32382;202000035956;9;12;2020;00:50;5;31;31555;2;1;1;7;CHE DU PONT DE RUPE;43,6569200;1,4132300
32383;202000035957;4;12;2020;16:45;1;28;28134;2;1;1;6;DUBOIS (BOULEVARD);48,7374300;1,3752000
32384;202000035958;8;12;2020;13:30;1;28;28134;2;1;1;6;COUDERC (RUE ROGER);48,7528500;1,3495300
32385;202000035959;8;12;2020;17:45;2;17;17380;1;6;2;2;D25;45,6622700; -1,0617000
32386;202000035960;9;12;2020;11:06;1;17;17300;2;1;1;3;SCHWEITZER   RUE DU DOCTEUR ALB;46,1584000; -1,1455200
32387;202000035961;9;12;2020;08:00;1;15;15012;2;9;9;2;RD 920;44,8512290;2,4554780
32388;202000035962;9;12;2020;16:00;1;13;13215;2;1;1;6;MADRAGUE VILLE (chemin de la);43,3472900;5,3553000
32389;202000035963;9;12;2020;10:00;1;13;13206;2;1;1;3;COLONEL EDON (PLACE DU);43,2863700;5,3699500
32390;202000035964;8;12;2020;19:25;5;13;13212;2;1;1;2;LA MARTINE (TRAVERSE);43,3014000;5,4635000
32391;202000035965;8;12;2020;13:10;1;10;10357;2;3;8;3;GENERAL DE GAULLE (RUE DU);48,2968100;4,1332400
32392;202000035966;9;12;2020;12:00;1;07;07102;2;1;1;3;REPUBLIQUE (AV. DE LA) [DU N° AU N°];44,9333200;4,8792100
32393;202000035967;9;12;2020;08:35;1;06;06069;2;1;1;2;MISTRAL (AVENUE ET PLACE FREDERIC);43,6393800;6,9127700
32394;202000035968;9;12;2020;18:25;5;06;06123;2;3;1;3;VESPINS ROUTE DES;43,6600470;7,1880250
32395;202000035969;7;12;2020;08:35;1;02;02738;2;2;5;3;EGALITE (DE L');49,6591300;3,2791800
32396;202000035970;9;12;2020;19:20;2;75;75116;2;1;1;5;ECHANGEUR MUETTE;48,8665240;2,2687920
32397;202000035971;9;12;2020;17:00;2;75;75114;2;1;1;2;PORTE DE VANVES;48,8240040;2,3076690
32398;202000035972;9;12;2020;14:15;1;75;75114;2;1;1;5;PORTE DE CHATILLON;48,8226000;2,3142350
32399;202000035973;9;12;2020;08:00;2;75;75114;2;4;1;3;PORTE DE VANVES;48,8239830;2,3076780
32400;202000035974;8;12;2020;22:55;5;75;75117;2;1;1;-1;PORTE DE CLICHY;48,8979210;2,3134410
32401;202000035976;8;12;2020;11:56;1;75;75112;2;2;1;6;QUAI DE LA RAPEE;48,8434280;2,3707060
32402;202000035977;8;12;2020;11:55;1;75;75120;2;1;1;6;ALLEE ALQUIER DEBROUSSE;48,8613370;2,4088260
32403;202000035980;9;12;2020;08:45;1;75;75112;2;2;1;3;RUE DE LYON;48,8479980;2,3714330
32404;202000035981;9;12;2020;09:20;1;75;75107;2;1;1;3;RUE DE L UNIVERSITE;48,8581120;2,3268450
32405;202000035982;9;12;2020;20:00;5;75;75104;2;2;1;3;BOULEVARD MORLAND;48,8489360;2,3645210
32406;202000035983;9;12;2020;17:39;5;75;75103;2;1;1;6;RUE DEBELLEYME;48,8619850;2,3634760
32407;202000035984;9;12;2020;14:15;1;75;75101;2;3;8;2;QUAI DE LA MEGISSERIE;48,8582660;2,3433720
32408;202000035985;8;12;2020;18:10;5;75;75101;2;1;1;2;BOULEVARD DE SEBASTOPOL;48,8597910;2,3488910
32409;202000035986;9;12;2020;20:10;4;94;94074;2;1;8;2;HENRI BARBUSSE (AV);48,7663990;2,4414020
32410;202000035987;9;12;2020;09:00;1;94;94052;2;1;1;3;STRASBOURG (BD DE);48,8409470;2,4822710
32411;202000035988;3;7;2020;21:00;1;02;02238;2;3;1;3;Rue de Versigny;49,6109850;3,5101290
32412;202000035989;3;7;2020;19:50;1;01;01343;1;1;1;3;PK 31+900, RD 80;46,2648820;4,9533750
32413;202000035990;4;7;2020;10:10;1;54;54504;1;1;1;7;D57 PK 8+369;49,3995790;5,8890150
32414;202000035991;4;7;2020;11:00;1;83;83012;2;1;1;3;Rue Pierre Curie;43,5541040;6,0093020
32415;202000035992;3;7;2020;18:36;1;64;64106;1;2;1;3;D933;43,3068180; -1,0097550
32416;202000035994;4;7;2020;11:15;1;53;53140;1;1;1;6;D275;48,1224880; -0,6933830
32417;202000035995;3;7;2020;14:10;1;27;27563;2;2;1;3;1 Rue des Forges;49,3708707;0,5231411
32418;202000035996;4;7;2020;14:15;1;17;17313;1;4;1;1;D 131;45,7666511; -0,4662420
32419;202000035997;4;7;2020;11:15;1;48;48131;1;1;1;7;D996;44,1916170;3,2223790
32420;202000035998;4;7;2020;10:00;1;10;10442;1;1;1;7;A26;48,4609130;4,1592690
32421;202000036000;3;7;2020;23:55;5;978;97801;2;1;1;1;Rue Coralita;18,0674730; -63,0340150
32422;202000036001;3;7;2020;12:00;1;978;97801;2;1;1;1;Devant le n°61 - Route de Cul de Sac;18,0995180; -63,0314830
32423;202000036005;3;7;2020;23:00;3;34;34157;1;1;1;6;Avenue de Villeveyrac;43,4426920;3,6009940
32424;202000036006;3;7;2020;14:35;1;83;83107;1;1;1;2;Route Depart 8 Col du Bougnon;43,3656560;6,6745380
32425;202000036007;3;7;2020;19:40;1;70;70528;2;1;1;2;Rue de l'Eglise;47,4199720;5,7032230
32426;202000036008;4;7;2020;16:10;1;70;70262;1;1;1;6;RN19;47,6664350;6,3783359
32427;202000036009;4;7;2020;14:15;1;71;71360;2;1;7;3;rue de la poste;46,3226257;4,7435442
32428;202000036010;3;7;2020;23:00;3;54;54336;1;1;1;7;rue sans nom;48,5876510;6,0728650
32429;202000036011;4;7;2020;15:45;1;03;03102;1;4;1;7;Les Petits Prélots;46,5054164;3,6584711
32430;202000036012;4;7;2020;17:40;1;01;01142;2;1;7;3;1121 Rue de Genève;45,8508880;5,0759810
32431;202000036013;3;7;2020;18:10;1;69;69249;1;1;1;6;LA MARTINIERE D EN HAUT;45,6713140;4,6058460
32432;202000036014;3;7;2020;17:00;1;31;31381;1;6;1;7;17 Route de Montbrun;43,4560640;1,5555710
32433;202000036015;27;6;2020;10:20;1;31;31395;2;1;1;1;33 Avenue Roger Tissandié;43,4610990;1,3371420
32434;202000036016;3;7;2020;20:40;1;85;85112;1;3;1;3;La Saint Pierre;46,5842910; -1,7619540
32435;202000036018;4;7;2020;13:00;1;60;60065;1;1;2;3;Rue de Noailles;49,3399340;2,2099630
32436;202000036019;3;7;2020;19:30;1;59;59581;2;1;1;1;88 Rue du Saule;50,7024070;2,7746060
32437;202000036020;30;6;2020;07:13;2;13;13005;1;9;1;2;A501-Sens Pont de l'Etoile vers Aubagne;43,3033100;5,5694200
32438;202000036021;1;7;2020;15:35;1;83;83069;1;1;1;1;RN98;43,1231200;6,0968600
32439;202000036022;1;7;2020;23:30;3;59;59507;1;1;1;4;AUTOROUTE A1;50,6074542;3,0961771
32440;202000036023;3;7;2020;19:30;1;91;91064;1;1;1;3;RN 118;48,7547000;2,2236000
32441;202000036024;3;7;2020;16:50;1;91;91570;1;1;1;2;RN 104;48,6254000;2,3359000
32442;202000036025;3;7;2020;07:35;1;91;91286;1;1;1;3;AUTOROUTE A6;48,6462000;2,3882000
32443;202000036026;3;7;2020;04:50;2;91;91617;1;1;1;7;RN 104;48,6324000;2,5291000
32444;202000036027;2;7;2020;23:38;5;94;94065;1;1;1;3;AUTOROUTE A86;48,7547500;2,3440000
32445;202000036028;2;7;2020;23:50;5;94;94034;1;9;1;2;AUTOROUTE A86;48,7554400;2,3430700
32446;202000036029;2;7;2020;11:25;1;78;78140;1;1;1;3;A13;48,9587780;1,9331830
32447;202000036030;3;7;2020;20:00;1;95;95527;1;1;1;3; A1;48,9886340;2,5093020
32448;202000036031;3;7;2020;12:45;1;93;93005;1;1;1;2;AUTOROUTE A1;48,9611800;2,4689700
32449;202000036033;3;7;2020;16:30;1;94;94017;1;1;1;-1;A4;48,8292500;2,4993400
32450;202000036034;3;7;2020;09:10;1;77;77468;1;1;1;2;A104;48,8476848;2,6620341
32451;202000036035;29;1;2020;09:45;1;86;86066;2;4;1;1;Rue de la Grande eau;46,8212500;0,5487000
32452;202000036036;1;7;2020;11:50;1;987;98735;2;3;1;3;CHESSE ( RUE); -17,5290246; -149,5611477
32453;202000036037;1;7;2020;11:20;1;974;97416;2;1;1;7;PERE MAITRE(RUE DU); -21,2847100;55,4683900
32454;202000036038;1;7;2020;10:35;1;974;97416;2;1;1;6;FOUR A CHAUX(RUE DU); -21,3416900;55,4725100
32455;202000036039;2;7;2020;15:10;1;973;97302;1;1;1;3;LEBLOND (ROND POINT);4,9215409; -52,3297477
32456;202000036040;2;7;2020;16:32;1;973;97302;2;1;1;5;MADELEINE (ROUTE DE LA);4,9172800; -52,3214200
32457;202000036041;2;7;2020;13:58;1;973;97302;1;6;1;2;MARINGOUINS (ROND-POINT);4,9071806; -52,3226582
32458;202000036042;2;7;2020;18:15;1;69;69383;2;9;1;3;FEUILLAT                            (R );45,7444600;4,8745900
32459;202000036043;2;7;2020;00:15;5;69;69199;2;1;1;6;MATHIEU DUSSURGEY                   (R );45,7122084;4,8602882
32460;202000036044;20;6;2020;19:00;1;69;69384;2;1;1;2;PHILIPPE DE LASSALLE                (R );45,7748100;4,8211400
32461;202000036045;1;7;2020;11:45;1;69;69152;2;1;1;2;EUROPE (DE L')                      (BD);45,6976000;4,8248000
32462;202000036046;2;7;2020;08:25;1;69;69034;2;1;1;2;GENERAL DE GAULLE                   (AV);45,8083000;4,8564000
32463;202000036047;30;6;2020;20:10;1;69;69382;2;1;1;3;BELLECOUR                           (PL);45,7587000;4,8309000
32464;202000036048;18;6;2020;16:40;1;89;89387;2;2;1;3;VERDUN (BOULEVARD DE);48,2017424;3,2977826
32465;202000036049;17;6;2020;10:55;1;89;89387;2;1;1;6;JEAN JAURES (PLACE);48,1994000;3,2841000
32466;202000036050;1;7;2020;22:30;5;87;87085;2;2;1;3;PISSARO (RUE CAMILLE);45,8547400;1,2737600
32467;202000036051;1;7;2020;19:15;1;83;83141;1;9;1;3;ARCS(ROUTE DES);43,4894200;6,4837500
32468;202000036052;30;6;2020;23:47;5;78;78646;1;1;1;6;SAINT CYR (ROUTE DE);48,8023900;2,1125100
32469;202000036053;29;6;2020;18:15;1;77;77169;2;1;1;3;BRIARDE (ALLEE DE LA);48,8205100;2,6130000
32470;202000036054;1;7;2020;22:11;5;76;76231;2;6;1;3;JAURES. RUE JEAN;49,2870000;1,0088000
32471;202000036055;1;7;2020;10:00;1;76;76402;2;1;2;5;RN 27 (ROUTE DE DIEPPE);49,5221000;1,0400000
32472;202000036057;2;7;2020;12:15;1;71;71059;2;1;1;1;CREUSOT (RUE DU);46,8017086;4,4748881
32473;202000036058;1;7;2020;08:55;1;71;71076;2;1;1;6;MATHIAS (PLACE);46,7858571;4,8581334
32474;202000036059;1;7;2020;21:45;5;67;67482;2;7;1;3;VIEUX MARCHE AUX VINS (PETITE RUE DU);48,5838500;7,7414800
32475;202000036060;1;7;2020;16:30;1;67;67482;2;1;1;3;RENARDS (RUE DES);48,5928124;7,7186699
32476;202000036062;2;7;2020;10:35;1;66;66136;2;1;1;6;LANGUEDOC (AVENUE DU CD 88);42,7253500;2,8874700
32477;202000036063;1;7;2020;12:19;1;66;66136;2;1;1;6;SAINT CHARLES (ROCADE);42,6973360;2,8608670
32478;202000036064;2;7;2020;09:25;1;64;64284;2;1;2;4;18 JUIN 1940 DU;43,2799300; -0,3900300
32479;202000036065;2;7;2020;11:05;1;64;64102;2;1;2;2;SOULT (AVENUE MARECHAL);43,4855410; -1,4922410
32480;202000036066;30;6;2020;20:15;1;64;64102;2;6;1;3;ALSACE LORRAINE (BOULEVARD);43,4916000; -1,4641000
32481;202000036067;28;6;2020;17:25;1;62;62193;2;1;1;3;LOIRE (QUAI DE LA);50,9624600;1,8626900
32482;202000036068;30;6;2020;17:45;1;60;60665;1;1;1;7;RN 1031;49,4210500;2,7956700
32483;202000036069;2;7;2020;20:30;1;59;59599;2;2;1;3;MALCENSE (RUE DE LA);50,7293600;3,1643900
32484;202000036070;1;7;2020;13:35;1;56;56098;2;1;1;6;LUMIERE (RUE  DES FRERES );47,7669600; -3,3301700
32485;202000036071;30;6;2020;15:20;1;56;56098;2;3;1;3;JAURES (RUE  JEAN );47,7688100; -3,3524500
32486;202000036072;30;5;2020;04:10;5;54;54036;2;1;1;6;LIBERATION (RUE DE LA);49,2868400;5,9636500
32487;202000036073;30;6;2020;13:50;1;50;50475;2;2;8;3;COTENTIN (avenue du);49,1286000; -1,0938000
32488;202000036074;29;6;2020;17:00;1;50;50173;2;2;1;6;SALENGRO (RUE ROGER);49,6504100; -1,6514600
32489;202000036075;1;7;2020;09:38;1;49;49007;2;1;1;3;LARREY;47,4793000; -0,5556000
32490;202000036076;2;7;2020;17:30;1;45;45286;2;9;8;3;D951 PR 89 + 560-Route de Sandillon;47,8837922;1,9306004
32491;202000036077;18;5;2020;21:50;5;43;43157;2;1;1;2;BERTRAND (BD. PRESIDENT);45,0371561;3,8877439
32492;202000036078;2;7;2020;09:00;1;38;38185;2;2;1;3;Rue Nicolas Chorier;45,1859400;5,7165300
32493;202000036079;2;7;2020;17:50;1;33;33063;2;6;1;3;Cours Charles Bricaud;44,8885000; -0,5600800
32494;202000036080;2;7;2020;17:05;1;33;33529;2;1;1;2;CUREPIPE (BD DE) DU 01 ET +;44,6377100; -1,1342200
32495;202000036082;1;7;2020;14:35;1;31;31555;2;1;1;3;AV JEAN ZAY;43,6520430;1,4254020
32496;202000036083;2;7;2020;22:35;2;27;27701;1;1;1;7;RD 6015;49,2443500;1,1935900
32497;202000036084;25;6;2020;11:00;1;27;27375;2;2;1;6;BEAULIEU (RUE DE);49,2089100;1,1574900
32498;202000036085;30;6;2020;18:05;1;27;27229;2;1;1;6;VERNON (RUE DE);49,0300000;1,1614000
32499;202000036086;30;6;2020;13:00;1;25;25056;2;3;1;2;LABBE RUE;47,2394600;6,0121700
32500;202000036088;2;7;2020;20:30;1;14;14118;2;1;1;-1;PIGACIERE (RUE DE LA);49,1882900; -0,3597800
32501;202000036089;1;7;2020;14:26;1;14;14271;2;1;1;2;HARCOURT (AVENUE D');49,1574500; -0,3687900
32502;202000036090;1;7;2020;23:00;3;13;13103;1;1;1;2;RN 113;43,6200700;5,0914000
32503;202000036093;2;7;2020;00:30;5;13;13214;2;3;1;3;SAINTE MARTHE (chemin);43,3235810;5,3890450
32504;202000036094;1;7;2020;14:00;1;10;10387;2;2;1;3;PAIX (RUE DE LA);48,3050600;4,0661500
32505;202000036095;2;7;2020;20:00;1;09;09122;2;1;1;1;LAKANAL (AVENUE);42,9630300;1,6040400
32506;202000036096;2;7;2020;14:30;1;06;06088;2;1;1;3;ROQUEBILLIERE (R. DE);43,7087080;7,2876490
32507;202000036097;2;7;2020;01:32;5;06;06088;2;9;1;6;VOIE RAPIDE;43,6845980;7,2334280
32508;202000036099;1;7;2020;17:53;1;05;05023;2;4;1;1;SAVOIE (AVENUE DE);44,9166100;6,6224100
32509;202000036100;2;7;2020;13:50;1;75;75116;2;1;1;4;BOULEVARD PERIPHERIQUE;48,8729060;2,2744470
32510;202000036101;1;7;2020;17:30;1;75;75115;2;1;1;3;PORTE DE LA PLAINE;48,8278800;2,2913900
32511;202000036102;1;7;2020;08:30;1;75;75117;2;1;1;3;BOULEVARD PERIPHERIQUE EXTERIEUR OUEST;48,9001880;2,3207810
32512;202000036103;2;7;2020;12:35;1;75;75105;2;2;1;3;RUE DAUBENTON;48,8411200;2,3526300
32513;202000036104;1;7;2020;09:10;1;75;75105;2;1;1;1;RUE DES FOSSES SAINT MARCEL;48,8390430;2,3561390
32514;202000036105;2;7;2020;19:10;1;75;75118;2;1;1;6;RUE RIQUET;48,8901370;2,3606310
32515;202000036106;2;7;2020;20:20;1;75;75114;2;4;1;6;AVENUE DU MAINE;48,8302610;2,3258920
32516;202000036107;2;7;2020;15:35;1;75;75114;2;2;1;6;RUE MOUTON DUVERNET;48,8324220;2,3258620
32517;202000036108;2;7;2020;08:16;1;75;75114;2;7;8;3;PLACE VICTOR ET HELENE BASCH;48,8278520;2,3270570
32518;202000036109;1;7;2020;17:45;1;75;75114;2;1;3;7;AVENUE DU GENERAL LECLERC;48,8316570;2,3301990
32519;202000036110;2;7;2020;17:40;1;75;75113;2;3;1;2;AVENUE D ITALIE;48,8283160;2,3566150
32520;202000036111;2;7;2020;10:30;1;75;75101;2;2;1;7;RUE DE RIVOLI;48,8591080;2,3464310
32521;202000036112;1;7;2020;09:00;1;75;75104;2;2;1;2;QUAI DE L HOTEL DE VILLE;48,8543680;2,3549340
32522;202000036113;1;7;2020;07:40;1;94;94068;2;2;2;1;LOUIS BLANC (AV);48,7890680;2,4952770
32523;202000036115;2;7;2020;19:15;1;94;94003;2;1;1;3;AUGUSTE DELAUNE (R);48,8019800;2,3382700
32524;202000036116;2;7;2020;08:00;1;94;94076;2;1;2;4;PRESIDENT ALLENDE (AV DU);48,7973200;2,3489020
32525;202000036117;2;7;2020;08:45;2;94;94022;2;2;8;6;ANATOLE FRANCE (AV);48,7604900;2,4116490
32526;202000036118;2;7;2020;17:10;1;93;93078;2;1;1;3;AV DES NATIONS;48,9728300;2,5108400
32527;202000036119;30;6;2020;13:30;1;93;93066;2;1;1;6;MOCQUET GUY;48,9411054;2,3619584
32528;202000036120;2;7;2020;13:35;1;93;93053;2;2;1;3;ANATOLE FRANCE (RUE);48,8883998;2,4504838
32529;202000036121;2;7;2020;07:45;1;93;93048;2;1;1;2;R DE PARIS;48,8567300;2,4285000
32530;202000036122;2;7;2020;15:40;1;93;93046;2;9;1;3;JEAN JAURES BOULEVARD;48,9211595;2,5257617
32531;202000036123;2;7;2020;17:45;1;93;93010;2;9;1;3;GROSLAY (CHEM. DE);48,9115858;2,4749583
32532;202000036124;2;7;2020;12:05;1;93;93001;2;9;1;3;R GUYARD DELALAIN ;48,9106338;2,3874729
32533;202000036125;2;7;2020;10:03;1;92;92073;2;7;2;7;CROIX-DU-ROY (CARREFOUR DE LA);48,8617417;2,2123866
32534;202000036126;2;7;2020;11:00;1;92;92051;2;1;1;2;CHARLES DE GAULLE (AVENUE, N°27 A 129);48,8818900;2,2687200
32535;202000036128;2;7;2020;11:50;1;92;92049;2;1;8;6;BRIAND AVENUE ARISTIDE N°2 A 114;48,8139200;2,3257700
32536;202000036129;2;7;2020;15:30;1;92;92044;2;1;1;1;CHARLES PASQUA (QUAI) 58 A90;48,9007300;2,2840600
32537;202000036130;2;7;2020;10:25;1;92;92036;2;2;1;3;PIERRE DE COUBERTIN PROLONGE;48,9260928;2,2845675
32538;202000036131;2;7;2020;19:00;1;92;92032;2;1;1;3;LECCLERC GENERAL (AVENUE DU);48,7938700;2,2730800
32539;202000036132;2;7;2020;05:00;5;92;92007;2;2;1;3;SANGNIER (RUE MARC) N° IMPAIRS;48,7976300;2,3095700
32540;202000036133;2;7;2020;19:40;1;92;92002;2;3;1;3;ARISTIDE BRIAND (AVENUE);48,7623846;2,3085545
32541;202000036134;1;7;2020;22:05;5;92;92014;2;9;1;7;GENERAL LECLERC (AV.) (1 A 55BIS - 2 A 4;48,7853492;2,3176244
32542;202000036135;3;7;2020;19:30;1;54;54250;1;1;1;3;D80;48,6584240;6,3534240
32543;202000036136;2;7;2020;17:40;1;01;01007;1;2;1;3;D1075;46,0248000;5,3389260
32544;202000036138;2;7;2020;04:25;3;36;36235;1;2;1;3;;47,1394100;1,4913940
32545;202000036139;24;6;2020;13:30;1;974;97422;2;1;1;3;Chemin des Longoses; -21,2360610;55,5052160
32546;202000036140;2;7;2020;23:40;3;01;01354;1;6;1;4;D35;46,2521230;6,0447760
32547;202000036141;3;7;2020;06:35;1;76;76584;1;1;1;7;A28 vers Rouen pk 055.100;49,7487808;1,4787877
32548;202000036142;2;7;2020;15:25;1;974;97410;2;1;1;7;260 Route Nationale 2; -21,0922020;55,7479370
32549;202000036143;2;7;2020;15:30;1;47;47191;1;2;1;3;D143;44,4759460;0,1076640
32550;202000036144;2;7;2020;17:45;1;74;74105;1;9;1;3;D1005;46,2988930;6,2813100
32551;202000036145;27;5;2020;16:30;1;74;74173;2;1;1;1;Route Nationale;45,8687020;6,6282320
32552;202000036146;8;6;2020;08:00;1;76;76361;1;1;1;7;Route d'Etretat;49,6116130;0,1550306
32553;202000036147;3;7;2020;10:30;1;2A;2A271;2;1;1;3;Pernicaggio;41,9545790;8,7979080
32554;202000036148;3;7;2020;12:45;1;11;11205;1;4;1;7;D511;43,3318290;2,4062230
32555;202000036150;3;7;2020;10:15;1;42;42097;1;3;1;3;Route Departementale 1082;45,4886590;4,3295410
32556;202000036152;30;6;2020;10:30;1;31;31324;1;1;8;6;22 Avenue de Palaminy;43,1972450;1,0354400
32557;202000036153;3;7;2020;08:30;1;72;72028;1;2;1;3;Croisement D216 et route du gite du Biou;47,7593710;0,4069230
32558;202000036154;3;7;2020;06:45;1;64;64018;1;1;1;5;RD11;43,3352410; -1,0482660
32559;202000036155;3;7;2020;02:00;5;64;64238;1;1;8;7;D817;43,2483230; -0,0827780
32560;202000036156;3;7;2020;11:00;1;64;64037;1;1;1;7;Route de Parbayse - PR 001.225;43,3378070; -0,5188550
32561;202000036157;2;7;2020;16:00;1;27;27627;1;1;1;6;Rd613;49,1501210;0,5358840
32562;202000036158;1;7;2020;20:10;1;17;17248;1;1;1;7;RD 730;45,5184233; -0,7559732
32563;202000036159;2;7;2020;07:30;1;973;97307;1;1;1;5;route nationale 1;4,8918560; -52,3457120
32564;202000036160;3;7;2020;10:50;1;24;24091;2;1;1;6;La Touille;44,8003560;1,2037110
32565;202000036161;3;7;2020;15:35;1;01;01331;1;1;1;3;A40;46,1062680;5,4518800
32566;202000036162;3;7;2020;12:45;1;53;53267;1;1;1;6;A81;48,0513920; -0,4614690
32567;202000036163;2;7;2020;08:10;1;77;77327;2;5;1;-1;D619 / D56 / D419;48,5618400;3,0133440
32568;202000036165;3;7;2020;14:00;1;988;98811;2;3;1;6;RT1/CR22; -21,0831790;164,8768150
32569;202000036166;29;6;2020;11:45;1;971;97117;2;3;1;3;Rue Sainte Anne;16,3300050; -61,3429141
32570;202000036167;3;7;2020;14:45;1;45;45191;1;3;1;3;D2152;48,2660730;2,3679780
32571;202000036168;27;6;2020;18:40;1;77;77376;2;1;1;7;Ruelle de la Mairie;48,9278070;2,7723630
32572;202000036169;2;7;2020;16:00;1;77;77360;1;3;1;3;D112;48,7300180;3,0013600
32573;202000036170;29;6;2020;20:30;1;84;84081;2;2;1;3;Avenue du General Leclerc;43,9341050;4,9016400
32574;202000036171;3;7;2020;15:30;1;04;04128;1;1;1;3;RD 907;43,8485910;5,7178370
32575;202000036172;3;7;2020;21:40;5;04;04019;2;3;1;1;D9 / Ch des gentianes;44,3879240;6,6385720
32576;202000036173;1;7;2020;21:00;1;13;13096;1;1;1;6;D85a;43,4922300;4,4391520
32577;202000036174;1;7;2020;14:30;1;13;13027;2;6;1;1;Boulevard Joliot Curie;43,8828000;4,8625070
32578;202000036175;2;7;2020;17:40;1;67;67127;1;1;1;2;D45;48,5732465;7,5390101
32579;202000036176;1;7;2020;19:15;1;54;54034;1;1;1;3;D10a;48,7541230;5,9415440
32580;202000036177;2;7;2020;18:15;1;74;74018;2;1;1;2;Chemin du Clos Scotti;46,0889550;6,3527960
32581;202000036178;3;7;2020;00:45;3;73;73015;1;1;3;7;RD 90 - PR 15 - MERIBEL MOTTARET;45,3835253;6,5753650
32582;202000036179;3;7;2020;08:15;1;38;38540;2;1;1;1;Rue Castiglion Fibocchi;45,2734300;5,6151900
32583;202000036180;4;3;2020;18:00;1;44;44029;2;6;1;3;D7;47,2730110; -1,3317280
32584;202000036181;13;3;2020;21:21;3;44;44023;1;1;1;6;La Vigne;47,4216080; -1,8440570
32585;202000036182;15;3;2020;14:45;1;36;36031;1;2;1;3;;46,9045420;1,4223700
32586;202000036183;16;3;2020;09:10;1;30;30112;2;1;1;6;671 Avenue des Lens;43,9121310;4,1946960
32587;202000036184;17;3;2020;16:20;1;973;97307;1;1;1;4;CD 6;4,7949040; -52,3583940
32588;202000036185;14;3;2020;15:30;1;34;34255;1;1;1;1;D127e5;43,6851090;3,7970530
32589;202000036186;16;3;2020;21:20;3;68;68015;1;1;1;2;A36;47,7884790;7,4545670
32590;202000036187;16;3;2020;03:30;3;51;51454;1;1;1;2;A344;49,2255411;4,0606075
32591;202000036188;16;3;2020;16:35;1;29;29233;2;4;1;6;D16 - Rue d'Armorique;47,8580830; -3,5653910
32592;202000036189;11;3;2020;13:15;1;13;13041;2;9;1;2;Avenue d'Arménie;43,4529810;5,4524270