;Num_Acc;jour;mois;an;hrmn;lum;dep;com;agg;int;atm;col;adr;lat;long
32593;202000036190;16;3;2020;22:45;3;26;26362;1;1;1;6;Autoroute du soleil;44,9240270;4,8783160
32594;202000036191;15;3;2020;16:20;1;67;67205;2;1;1;7;1 rue de la république;48,7026517;7,7946647
32595;202000036193;17;3;2020;06:10;2;01;01202;1;1;1;6;D20;45,8799260;5,3375480
32596;202000036194;16;3;2020;08:10;1;22;22081;2;1;1;3;Rue d'Eole;48,4840450; -2,6532410
32597;202000036195;17;3;2020;15:10;1;60;60045;2;1;1;7;Rue d'Ognon;49,2249622;2,6620734
32598;202000036196;16;3;2020;08:05;1;13;13202;1;1;1;7;A55-Sens Marseille vers Martigues;43,3306300;5,3548300
32599;202000036197;15;3;2020;20:15;3;78;78322;1;1;1;-1;RN12;48,7818900;2,1624800
32600;202000036198;15;3;2020;19:00;5;976;97611;2;4;1;3;m'tsapere-Yahari ( rue ); -12,7887300;45,2224200
32601;202000036199;15;3;2020;16:30;1;69;69387;2;2;1;3;PASTEUR                             (R );45,7487600;4,8369400
32602;202000036200;15;3;2020;16:40;1;69;69386;2;1;1;3;VITTON                              (CO);45,7694800;4,8509800
32603;202000036201;15;3;2020;14:45;1;69;69034;2;1;1;6;GARE DE CUIRE (DE LA)               (R );45,7859700;4,8315100
32604;202000036202;15;3;2020;07:00;2;69;69389;2;1;1;6;BARTHELEMY BUYER                    (AV);45,7636000;4,7982000
32605;202000036203;15;3;2020;16:58;1;95;95268;2;6;1;3;RUE DES ACACIAS;48,9716900;2,4021000
32606;202000036204;15;3;2020;05:45;5;95;95197;2;6;1;3;CHARLES DE GAULLE  AVENUE;48,9795998;2,3167546
32607;202000036205;15;3;2020;12:20;1;91;91434;2;2;1;3;PAUL VAILLANT COUTURIER (AVENUE);48,6524560;2,3525990
32608;202000036206;13;3;2020;14:25;1;83;83061;2;3;1;5;RUE GUSTAVE BRET;43,4372750;6,7375106
32609;202000036207;15;3;2020;03:00;5;74;74012;2;1;1;6;THONON (ROUTE DE);46,1920500;6,2521600
32610;202000036208;14;3;2020;21:30;5;69;69266;2;3;1;-1;4 AOUT 1789    (Rue du);45,7646000;4,8908000
32611;202000036209;15;3;2020;12:55;1;69;69092;2;1;1;-1;SAULE D'OINGT (route du);45,9807000;4,6646200
32612;202000036210;13;3;2020;18:00;1;69;69013;2;1;1;4;JOUX (avenue de);46,0088769;4,7256710
32613;202000036211;14;3;2020;16:50;1;60;60159;2;2;1;3;SOLFERINO;49,4189779;2,8243919
32614;202000036212;15;3;2020;14:00;1;35;35238;2;2;1;3;21 rue Charles Laurent;48,1235300; -1,6842900
32615;202000036213;15;3;2020;20:00;5;33;33013;1;9;1;5;ROUTE NATIONALE 89 / ROCADE N230 -E26-;44,8686700; -0,5026400
32616;202000036214;15;3;2020;17:10;1;27;27375;2;2;1;3;MITTERAND (AVENUE FRANCOIS);49,2231000;1,1730000
32617;202000036215;15;3;2020;07:50;1;14;14304;1;1;1;7;CD 579;49,3720774;0,2237174
32618;202000036216;15;3;2020;23:00;5;13;13209;2;1;1;7;AUGUSTIN AUBERT (RUE);43,2686600;5,4029800
32619;202000036217;15;3;2020;01:16;5;13;13047;2;9;1;3;BAUMES RUE DES;43,5097530;4,9812480
32620;202000036218;15;3;2020;03:08;3;06;06069;2;1;1;7;CHATEAU FOLIE (CHEMIN DE);43,6434800;6,9173900
32621;202000036219;15;3;2020;01:12;5;75;75105;2;2;1;3;BOULEVARD SAINT MICHEL;48,8513851;2,3431960
32622;202000036220;14;3;2020;23:48;5;75;75113;2;1;1;6;BOULEVARD VINCENT AURIOL;48,8321370;2,3603890
32623;202000036221;15;3;2020;16:15;1;75;75120;2;1;1;2;BOULEVARD DAVOUT;48,8597360;2,4096090
32624;202000036222;15;3;2020;21:00;5;75;75119;2;3;1;3;AVENUE JEAN JAURES;48,8851730;2,3793700
32625;202000036223;15;3;2020;20:40;5;75;75116;2;2;1;6;RUE CHARDON LAGACHE;48,8414980;2,2638490
32626;202000036224;15;3;2020;00:50;5;75;75114;2;2;1;6;AVENUE RENE COTY;48,8299100;2,3341870
32627;202000036225;15;3;2020;11:30;1;75;75111;2;1;1;3;RUE DE LA ROQUETTE;48,8534810;2,3705090
32628;202000036227;15;3;2020;16:30;1;94;94078;2;1;1;6;FRANCIS MARTIN (R);48,7374500;2,4525700
32629;202000036228;15;3;2020;16:50;1;94;94018;2;2;1;1;PARIS (R DE);48,8259200;2,4069100
32630;202000036230;15;3;2020;18:15;1;93;93078;2;1;1;3;LUMIERE (AVENUE AUGUSTE);48,9483923;2,5620112
32631;202000036232;15;3;2020;15:10;1;93;93072;2;1;7;1;MAXIME GORKI (BOULEVARD) N°72 AU 80;48,9447929;2,3867521
32632;202000036233;15;3;2020;12:30;1;93;93048;2;2;1;-1;REPUBLIQUE (RUE DE LA);48,8527800;2,4181000
32633;202000036235;15;3;2020;03:30;5;93;93057;2;1;1;6;TRESOR PERDU (AL. DU);48,9048900;2,5105700
32634;202000036236;15;3;2020;13:50;1;93;93008;2;6;1;2;ROND POINT REPIQUET;48,9141470;2,4315575
32635;202000036237;15;3;2020;01:00;5;93;93007;2;9;8;3;MASSENET (AVENUE);48,9398405;2,4655784
32636;202000036238;15;3;2020;10:35;1;92;92048;2;3;1;3;TERRE NEUVE (RUE);48,8078000;2,2350000
32637;202000036239;15;3;2020;16:20;1;92;92009;2;1;1;1;Pierre Joigneaux ( rue );48,9107950;2,2584620
32638;202000036240;15;3;2020;16:08;1;92;92024;2;4;1;3;MARTRE (RUE) DE (59 A 109)   (58 A 120);48,9014000;2,3077000
32639;202000036241;15;3;2020;17:30;1;51;51295;1;1;1;7;D14;48,6934062;4,5087537
32640;202000036243;15;3;2020;14:55;1;67;67362;1;3;1;3;D159;48,2486920;7,3551516
32641;202000036245;15;3;2020;10:15;1;84;84071;1;1;1;3;300 Chemin du Carraire;43,8475140;5,1236090
32642;202000036246;15;3;2020;15:25;1;71;71131;2;1;1;7;Rue des Halles;46,8861954;5,0417274
32643;202000036247;15;3;2020;17:35;1;82;82115;2;1;1;6;D35;43,9702930;1,5836740
32644;202000036248;14;3;2020;14:55;1;32;32277;2;3;1;3;Voie communale 1;43,4826840;0,8656850
32645;202000036249;16;3;2020;17:15;1;89;89462;2;1;1;7;Rue de la Foncée;47,7380820;3,0885260
32646;202000036250;15;3;2020;19:15;2;63;63214;1;1;1;7;Rue du Colonel Gaspard;45,6843173;3,1791942
32647;202000036252;16;3;2020;12:45;1;68;68270;2;1;1;4;88 Rue Principale;47,7801670;7,2788930
32648;202000036253;15;3;2020;16:30;1;25;25387;1;4;1;3;D437;47,2940460;6,8147850
32649;202000036254;15;3;2020;10:25;1;25;25222;1;1;1;2;N57;47,1397890;6,2767770
32650;202000036255;15;3;2020;16:40;1;02;02261;2;1;1;7;Rue de Crécy;49,7003160;3,6823510
32651;202000036256;14;3;2020;08:00;2;14;14203;1;1;8;6;D49;49,2330750; -0,0688580
32652;202000036258;19;2;2020;17:00;1;82;82033;1;1;1;2;AUTOROUTE A62;44,0494580;1,0870460
32653;202000036259;16;3;2020;14:01;1;68;68015;1;1;1;4;A36;47,7890770;7,4507580
32654;202000036261;15;3;2020;16:45;1;987;98729;1;1;1;1;RT 91- pk 13; -17,5331890; -149,8386110
32655;202000036262;14;3;2020;17:45;3;971;97129;1;9;1;7;ravine chaude;16,3040220; -61,7027810
32656;202000036263;15;3;2020;17:00;1;77;77474;1;1;1;7;1 Chemin de l'Hermitage;48,9450290;2,8084500
32657;202000036264;5;3;2020;21:00;2;77;77192;2;2;1;3;D436;48,7068220;2,8700920
32658;202000036265;15;3;2020;16:45;1;78;78230;1;1;1;1;Rue du Bec de Géline;48,9393200;1,8351360
32659;202000036266;15;3;2020;15:50;1;11;11275;1;1;1;6;D624;43,2908730;1,8844340
32660;202000036267;15;3;2020;15:30;1;06;06157;1;1;1;1;Route de Coursegoules;43,7349490;7,1049360
32661;202000036268;15;3;2020;17:25;1;13;13007;1;1;1;7;3275 Route de la Sainte Baume;43,3474497;5,6587545
32662;202000036270;12;3;2020;09:30;1;13;13097;1;1;1;4;Rue d'Arles;43,6319880;4,7902570
32663;202000036272;13;3;2020;16:15;1;54;54196;1;2;1;3;Route de Vittel;48,5599550;6,1852600
32664;202000036273;14;3;2020;10:50;1;69;69179;1;1;1;1;D34;45,5986770;4,7063700
32665;202000036274;16;3;2020;12:45;1;33;33413;2;3;2;5;RD20 / 20 Chemin de Dagen;44,8479620; -0,3298150
32666;202000036275;16;3;2020;09:50;1;33;33268;2;1;2;1;D2;45,0358320; -0,6687100
32667;202000036276;15;3;2020;02:30;3;49;49138;1;1;1;1;Passage au-dessus de l'A85 (Beaufort en Vallée);47,4428190; -0,1758670
32668;202000036277;25;2;2020;16:35;1;42;42097;1;1;1;2;A72;45,5140600;4,3009700
32669;202000036278;15;3;2020;15:40;1;94;94037;1;1;1;2;AUTOROUTE A6B;48,8079700;2,3475200
32670;202000036279;14;3;2020;21:10;3;91;91064;1;1;2;3;RN 118;48,7583000;2,2241000
32671;202000036280;15;3;2020;16:25;1;78;78545;1;1;1;6;A12 Y;48,8170480;2,0639950
32672;202000036281;15;3;2020;06:00;5;78;78646;1;9;1;5;RN12;48,7897240;2,1266020
32673;202000036282;15;3;2020;15:15;1;77;77059;1;1;1;-1;A104;48,8415339;2,6636544
32674;202000036283;14;3;2020;14:55;1;94;94033;1;1;2;3;A86.EXT;48,8514099;2,4897804
32675;202000036284;10;1;2020;17:00;5;92;92024;2;2;1;3;CLICHY (QUAI DE) DE (8 A 60);48,9084600;2,3001920
32676;202000036285;13;1;2020;17:30;5;92;92024;2;1;1;2;MARTRE (RUE) DE (59 A 109)   (58 A 120);48,9010459;2,3079116
32677;202000036287;14;3;2020;17:45;1;69;69386;2;1;1;6;SEZE (DE)                           (R );45,7683200;4,8480800
32678;202000036288;14;3;2020;16:45;1;69;69259;2;2;1;1;Boulevard du Docteur Coblod;45,7031200;4,8877300
32679;202000036289;14;3;2020;14:50;1;69;69142;2;1;1;4;STEPHANE DECHANT                    (R );45,7232580;4,8121079
32680;202000036290;13;3;2020;18:00;1;971;97113;1;1;1;2;MONTAUBAN (SECTEUR);16,2139200; -61,5011400
32681;202000036291;14;3;2020;04:25;3;88;88519;1;1;1;7;RN 59;48,3357800;6,8937100
32682;202000036293;14;3;2020;05:40;3;83;83069;1;1;1;6;PIERREFEU (ROUTE DE) RD 12;43,1669000;6,1202000
32683;202000036294;13;3;2020;19:57;5;79;79191;2;1;1;6;Boulevard de l'Atlantique;46,3341700; -0,4755000
32684;202000036295;14;3;2020;13:20;1;78;78586;2;3;1;6;JAURES (AVENUE JEAN) N° PAIR;48,9392000;2,1585000
32685;202000036296;14;3;2020;09:50;1;77;77495;2;1;1;3;ANNA LINDH (AVENUE) - D82;48,5687200;2,6276300
32686;202000036297;14;3;2020;21:10;3;77;77288;1;9;1;1;D606;48,5336720;2,6544814
32687;202000036298;14;3;2020;01:50;5;77;77221;2;6;1;6;DEUX CHATEAUX (AVENUE DES ) - D217B;48,8522503;2,7173225
32688;202000036299;10;3;2020;17:50;1;77;77131;2;2;8;3;JEHAN DE BRIE (AVENUE) - D402;48,8182864;3,0880437
32689;202000036303;14;3;2020;21:40;5;69;69266;2;2;1;3;PAUL KRUGER      (Avenue);45,7540800;4,9056100
32690;202000036304;14;3;2020;12:35;1;69;69266;2;2;1;3;ANATOLE FRANCE     (Rue);45,7673300;4,8738800
32691;202000036305;14;3;2020;21:10;5;64;64024;2;6;1;7;BAYONNE (AVENUE DE);43,4831214; -1,5028803
32692;202000036306;14;3;2020;13:15;1;59;59431;2;3;2;3;ARMENTIERES  (RUE D' );50,6992120;2,8523270
32693;202000036307;12;3;2020;13:10;1;50;50218;2;1;1;3;SAINT PAUL (RUE);48,8357890; -1,5892499
32694;202000036308;14;3;2020;04:45;5;44;44109;2;1;2;-1;RUE DE LA MONTAGNE;47,2110900; -1,5825700
32695;202000036309;14;3;2020;11:15;1;37;37208;2;1;1;4;DOUMER (BOULEVARD PAUL);47,3685041;0,7279686
32696;202000036310;14;3;2020;08:10;1;34;34172;2;3;1;3;GRASSET (AVENUE DU PROFESSEUR);43,6216300;3,8686600
32697;202000036311;14;3;2020;07:50;1;34;34172;2;1;1;2;VALERY (BOULEVARD PAUL;43,5899200;3,8556700
32698;202000036312;13;3;2020;11:43;1;34;34172;2;9;1;-1;FLANDRES-DUNKERQUE (PLACE);43,5897788;3,8558364
32699;202000036313;15;3;2020;00:10;5;33;33192;2;4;1;3;RUE DE LOUSTALOT / PCE DES AUGUSTINS;44,7726100; -0,6160600
32700;202000036314;13;3;2020;12:15;1;33;33281;1;3;1;2;Avenue René Cassin / A630 Mérignac -E11-;44,8322100; -0,6743700
32701;202000036315;14;3;2020;10:45;1;29;29019;2;1;1;3;Rue du Huit Mai 1945;48,4112945; -4,4724701
32702;202000036316;14;3;2020;18:40;2;25;25056;2;1;1;3;DOLE RUE DE (entre 82 et 185);47,2312100;5,9963200
32703;202000036317;14;3;2020;08:45;1;13;13215;2;1;1;3;SAINT LOUIS (AVENUE DE);43,3484070;5,3589630
32704;202000036318;14;3;2020;21:10;5;06;06027;2;3;1;3;TUILIERES AVENUE DES;43,6667500;7,1584600
32705;202000036319;14;3;2020;04:34;5;03;03101;2;6;1;6;Avenue Ambroise Croizat;46,3700332;2,5724719
32706;202000036320;14;3;2020;01:00;5;75;75112;2;4;1;3;ECHANGEUR BERCY;48,8279040;2,3945220
32707;202000036321;13;3;2020;17:50;5;75;75112;2;1;1;3;PORTE DE CHARENTON;48,8309270;2,4029910
32708;202000036322;13;3;2020;10:30;1;75;75118;2;4;1;7;ECHANGEUR CHAPELLE;48,9008930;2,3639030
32709;202000036323;12;3;2020;09:30;1;75;75112;2;1;1;4;PORTE DOREE;48,8335690;2,4083410
32710;202000036324;14;3;2020;03:00;4;75;75116;2;1;1;6;ALLEE DU BORD DE L EAU;48,8544190;2,2261820
32711;202000036325;13;3;2020;04:00;5;75;75112;2;1;1;6;QUAI DE LA RAPEE;48,8432750;2,3704160
32712;202000036326;14;3;2020;00:50;5;75;75120;2;7;2;3;PLACE DE LA PORTE DE MONTREUIL;48,8539070;2,4130070
32713;202000036327;13;3;2020;04:10;5;75;75119;2;1;1;6;AVENUE SIMON BOLIVAR;48,8763970;2,3788830
32714;202000036328;14;3;2020;15:05;1;75;75114;2;4;8;2;RUE DE LA GAITE;48,8405240;2,3242770
32715;202000036329;13;3;2020;02:15;5;75;75112;2;3;1;2;QUAI DE BERCY;48,8305400;2,3861070
32716;202000036330;13;3;2020;11:05;1;75;75109;2;3;1;6;RUE DE LA TOUR D AUVERGNE;48,8797040;2,3412350
32717;202000036331;14;3;2020;15:00;1;94;94069;2;1;2;7;BIR HAKEIM (QU DE);48,8139760;2,4609110
32718;202000036332;14;3;2020;14:30;1;94;94058;2;3;1;3;GENERAL DE GAULLE (AV DU);48,8408110;2,5065000
32719;202000036333;14;3;2020;20:05;5;94;94043;2;9;1;3;CHARLES GIDE (AV);48,8065071;2,3508868
32720;202000036335;14;3;2020;10:50;1;93;93078;2;1;2;4;BD ROGER BALLANGER;48,9579400;2,5465200
32721;202000036336;13;3;2020;23:20;5;93;93048;2;1;1;-1;ARISTIDE BRIAND (BOULEVARD);48,8723255;2,4531171
32722;202000036337;14;3;2020;20:00;5;93;93029;2;1;1;6;AV JEAN JAURES;48,9189000;2,4535000
32723;202000036338;14;3;2020;21:42;5;93;93007;2;9;1;6;ROME (AVENUE DE);48,9265418;2,4784170
32724;202000036339;14;3;2020;15:20;1;93;93005;2;9;2;6;R JACQUES DUCLOS;48,9468656;2,4930071
32725;202000036340;14;3;2020;15:25;1;92;92025;2;3;1;6;CHARLES DE GAULLE (BD);48,9178943;2,2240646
32726;202000036341;13;3;2020;12:14;1;92;92007;2;1;1;6;FOCH MARECHAL (AVENUE DU);48,7928409;2,2983786
32727;202000036342;14;3;2020;11:25;1;92;92012;2;2;2;6;CHARLES DE GAULLE (AVENUE) - COTE PAIR;48,8503190;2,2378190
32728;202000036343;14;3;2020;18:20;1;92;92014;2;1;2;2;GENERAL LECLERC (AV.) (1 A 55BIS - 2 A 4;48,7804100;2,3157200
32729;202000036344;15;3;2020;14:00;1;60;60646;2;2;1;3;Rue de Calais;49,4799654;2,0448603
32730;202000036345;11;3;2020;09:55;1;12;12197;2;1;1;6;16 Avenue de la Vallée du Tarn;44,0308820;2,5354010
32731;202000036346;15;3;2020;14:30;1;60;60069;2;3;1;1;Rue de la Libération;49,1578230;2,9525430
32732;202000036347;14;3;2020;17:50;1;62;62611;2;2;1;3;intersection D5 et D34;50,2456218;2,8163114
32733;202000036348;15;3;2020;19:30;3;83;83096;1;1;1;1;Dn7;43,4664770;5,7931750
32734;202000036349;14;3;2020;17:55;1;51;51367;1;1;2;-1;D9;48,9396670;4,0320830
32735;202000036350;14;3;2020;16:45;1;59;59157;1;1;2;7;D936;50,2324380;4,1712110
32736;202000036351;15;3;2020;07:10;2;56;56144;1;1;1;6;RD17;47,9682884; -2,8242243
32737;202000036352;14;3;2020;10:50;1;56;56206;1;3;1;3;RD 126;47,6913945; -2,7277203
32738;202000036353;15;3;2020;01:45;3;80;80215;2;1;1;6;3 Rue de Maison-roland;50,1431060;2,0114900
32739;202000036354;15;3;2020;12:00;1;81;81182;1;1;1;7;LA RAYNALIÉ;43,7261890;2,3160770
32740;202000036356;13;3;2020;18:50;1;32;32297;1;3;1;3;D39;43,5144130;0,9547860
32741;202000036357;15;3;2020;16:30;1;42;42282;1;1;1;6;Route de Thiers;45,9024768;3,8178342
32742;202000036358;15;3;2020;04:00;3;39;39297;1;1;1;7;;46,4702370;5,9428230
32743;202000036359;15;3;2020;09:20;1;44;44083;1;2;7;3; Les Brosses;46,9967060; -1,6630840
32744;202000036360;14;3;2020;04:50;3;29;29095;2;1;2;6;Route de l'Echangeur;48,4686250; -4,3728800
32745;202000036361;14;3;2020;22:40;3;38;38409;1;3;1;6;Inter D71 et D17A;45,1060700;5,2764600
32746;202000036362;13;3;2020;16:40;1;15;15215;1;1;7;2;départementale 17;44,9587550;2,4771810
32747;202000036364;15;3;2020;10:15;1;01;01001;2;1;1;3;Lot les Muriers;46,1500520;4,9227820
32748;202000036365;15;3;2020;10:15;1;70;70219;1;1;1;7;D9;47,5417800;6,3494310
32749;202000036366;14;3;2020;19:20;5;54;54015;2;4;2;7;4 Rue de l'Africo;49,3361960;5,8798960
32750;202000036367;13;2;2020;21:45;3;06;06032;1;1;1;6;D37;43,7277080;7,3947970
32751;202000036368;15;3;2020;11:55;1;05;05040;1;1;1;1;N94;44,5385960;6,2912930
32752;202000036369;15;3;2020;13:44;1;60;60509;2;1;1;7;Avenue d'Auvelais;49,3109704;2,6058049
32753;202000036370;1;9;2020;07:50;1;69;69387;2;2;1;3;DEBOURG                             (AV);45,7308500;4,8352500
32754;202000036371;1;9;2020;09:00;1;69;69381;2;1;1;6;JEAN MOULIN                         (QU);45,7675000;4,8378000
32755;202000036372;1;9;2020;07:00;1;971;97101;2;6;1;3;DOTHEMARE;16,2650452; -61,5113997
32756;202000036373;1;9;2020;00:10;4;971;97113;1;1;1;2;RN4 - SECTION RIVIERA;16,2189400; -61,5025500
32757;202000036374;1;9;2020;09:25;1;2A;2A004;2;1;1;3;ILES SANGUINAIRES ROUTE DES;41,9063000;8,6688000
32758;202000036375;31;8;2020;17:50;1;91;91692;2;1;1;3;OCEANIE (AVENUE DE L');48,6771700;2,1973900
32759;202000036376;1;9;2020;12:55;1;91;91161;2;6;1;5;DIEMA (CARREFOUR DE);48,7079790;2,3105380
32760;202000036377;1;9;2020;16:50;1;91;91174;2;1;1;3;LEON CASSE(PLACE);48,6038800;2,4695800
32761;202000036378;31;8;2020;19:15;1;83;83129;2;1;1;-1;GUILLEMARD (AV ROBERT) N° PAIRS;43,0795100;5,8179800
32762;202000036379;1;9;2020;09:40;1;83;83069;2;9;1;3;PETIT (ROND POINT HENRI);43,1135590;6,1237840
32763;202000036380;31;8;2020;19:40;1;76;76540;2;1;1;7;JUIFS. RUE AUX;49,4420300;1,0923300
32764;202000036381;1;8;2020;05:45;2;76;76481;2;2;1;3;JARDINETS (IMPASSE DES);49,5524800;0,1176300
32765;202000036382;31;8;2020;17:30;1;76;76351;2;2;1;6;LOUIS BRINDEAU;49,4911500;0,1053300
32766;202000036383;30;7;2020;10:50;1;76;76384;2;1;1;6;RD 173 (RUES DU BECQUET/DESGENETAIS);49,5210000;0,5330000
32767;202000036384;31;8;2020;14:55;1;67;67482;2;1;8;2;VOSGES (AVENUE DES);48,5890536;7,7532339
32768;202000036385;31;8;2020;10:20;1;64;64445;2;9;1;6;PAIX;43,3188000; -0,3468800
32769;202000036386;1;9;2020;15:54;1;64;64102;2;3;1;3;LOUIS DE FOIX (AVENUE);43,5090800; -1,4676400
32770;202000036387;1;9;2020;12:00;1;64;64102;2;1;1;2;BEYRIS (GIRATOIRE);43,4782100; -1,4921000
32771;202000036388;31;8;2020;12:04;1;63;63113;2;1;2;-1;MARIVAUX (RUE);45,7697747;3,0957308
32772;202000036389;25;8;2020;05:00;5;62;62413;2;1;2;6;VALOIS (CHE.);50,4546500;2,8984600
32773;202000036390;1;9;2020;13:50;1;59;59043;2;1;1;1;LOCRE (ROUTE DE);50,7532000;2,7480900
32774;202000036391;30;8;2020;02:00;5;57;57647;2;1;1;6;GAULLE (RUE CHARLES DE);49,3228400;6,0786300
32775;202000036392;30;8;2020;01:30;5;54;54395;2;1;1;6;POINCARE (RUE RAYMOND 1-29-2-30);48,6888427;6,1679059
32776;202000036393;31;8;2020;17:55;1;51;51454;2;2;1;2;Rue Goiot;49,2452683;4,0448646
32777;202000036394;31;8;2020;14:05;1;51;51454;2;6;1;3;Avenue Christophe Colomb;49,2286384;4,0369259
32778;202000036395;28;8;2020;20:38;1;44;44184;1;1;1;1;RD 492 DU PONT BD HÔPITAL A ÉCHANGEUR CR;47,2808600; -2,2489100
32779;202000036397;31;8;2020;06:45;5;44;44132;2;1;1;6;OCEANIDES (BOULEVARD DES);47,2690000; -2,3500000
32780;202000036399;1;9;2020;22:25;5;42;42071;2;2;1;6;Rue Vauban;46,0249050;4,0903211
32781;202000036400;1;9;2020;06:50;1;38;38229;2;1;1;6;N87;45,1942036;5,7821193
32782;202000036401;1;9;2020;09:35;1;37;37122;2;6;1;2;CUGNOT (RUE JOSEPH);47,3458839;0,6441302
32783;202000036402;31;8;2020;19:17;1;37;37261;2;1;1;4;HEURTELOUP (BOULEVARD);47,3904201;0,6912471
32784;202000036403;1;9;2020;14:30;1;35;35238;2;3;1;3;ARMORIQUE (BD D');48,1305200; -1,6763600
32785;202000036404;31;8;2020;18:45;1;31;31555;2;3;1;3;RUE DES FONTAINES;43,6030800;1,4107600
32786;202000036405;31;8;2020;20:00;1;31;31555;1;1;1;-1;VA007331 A620;43,6159000;1,4182800
32787;202000036406;31;8;2020;17:45;1;31;31555;2;1;1;3;AV DU GENERAL EISENHOWER;43,5600065;1,3948506
32788;202000036408;29;8;2020;07:08;2;29;29232;1;1;1;1;D783 - Route de Brest;48,0089600; -4,0825800
32789;202000036409;1;9;2020;21:00;1;29;29151;2;1;1;6;Rue de Straja;48,5876541; -3,8113787
32790;202000036410;31;8;2020;16:00;1;25;25388;2;1;8;3;HOLLANDE (RUE DE LA PETITE);47,5025000;6,7920000
32791;202000036411;30;8;2020;20:15;1;22;22106;2;2;1;3;RENNES (RUE DE);48,4904500; -2,7001900
32792;202000036412;1;9;2020;16:53;1;17;17300;2;1;1;2;SAINTONGE   RUE ALPHONSE DE;46,1638700; -1,1986700
32793;202000036413;1;9;2020;14:10;1;14;14118;2;1;1;2;MONTALIVET (COURS);49,1794800; -0,3463800
32794;202000036414;1;9;2020;21:30;3;13;13117;1;1;1;2;ROUTE NATIONALE 113 - LA GARE;43,4463580;5,2398310
32795;202000036415;1;9;2020;16:30;1;13;13214;2;1;1;3;ROLAND DORGELES (BOULEVARD);43,3462499;5,3808627
32796;202000036416;1;9;2020;14:00;1;13;13209;2;9;1;3;MORGIOU (chemin de );43,2438898;5,4059802
32797;202000036417;1;9;2020;08:55;1;13;13005;1;1;1;1;RN 96 (ROUTE NATIONALE );43,3152650;5,5798713
32798;202000036418;28;8;2020;12:30;1;12;12100;2;1;3;2;MONTPLAISIR (RUE DE);44,5386256;2,3144563
32799;202000036419;7;10;2020;17:40;1;07;07019;2;1;1;6;LE MOULON (QUARTIER);44,6089200;4,4089500
32800;202000036420;31;8;2020;04:50;5;06;06088;2;1;1;6;DE LATTRE DE TASSIGNY (ESPL. MAL);43,7000000;7,2500000
32801;202000036422;31;8;2020;13:05;1;06;06123;2;1;1;3;CAHUZAC COMMANDANT RUE;43,6605000;7,1867700
32802;202000036423;31;8;2020;19:15;1;05;05061;2;6;1;-1;VEYNES ( AVENUE DE  );44,5578500;6,0687900
32803;202000036425;1;9;2020;15:00;1;75;75120;2;3;1;3;RUE DES PYRENEES;48,8719790;2,3918630
32804;202000036426;1;9;2020;10:00;1;75;75119;2;2;1;6;RUE CURIAL;48,8932680;2,3731330
32805;202000036427;1;9;2020;10:15;1;75;75117;2;1;1;-1;BOULEVARD MALESHERBES;48,8885820;2,3043420
32806;202000036428;31;8;2020;16:35;1;75;75117;2;7;1;2;AVENUE DES TERNES;48,8794330;2,2908380
32807;202000036431;31;8;2020;12:50;1;75;75116;2;3;1;3;AVENUE DU PRESIDENT KENNEDY;48,8526880;2,2807310
32808;202000036432;1;9;2020;13:15;1;75;75113;2;2;1;3;QUAI D AUSTERLITZ;48,8418910;2,3678720
32809;202000036433;31;8;2020;18:40;1;75;75112;2;3;1;6;RUE DORIAN;48,8465680;2,3925010
32810;202000036434;1;9;2020;14:10;1;75;75111;2;3;1;3;RUE DE LA ROQUETTE;48,8587600;2,3846550
32811;202000036435;1;9;2020;16:05;1;75;75108;2;3;1;6;RUE DE COURCELLES;48,8754060;2,3088220
32812;202000036436;1;9;2020;10:15;1;75;75108;2;2;1;3;Place de la Concorde;48,8656340;2,3206520
32813;202000036437;31;8;2020;18:40;1;94;94081;2;1;1;6;PAUL VAILLANT COUTURIER (AV);48,7944600;2,3968800
32814;202000036438;31;8;2020;14:15;1;94;94068;2;3;1;3;CHAMPIGNY (BD DE);48,8087077;2,5094211
32815;202000036439;1;9;2020;14:20;1;94;94076;2;1;1;7;JEAN LURCAT (R);48,7882000;2,3684000
32816;202000036440;1;9;2020;18:25;1;94;94041;2;1;1;7;GEORGES GOSNAT (AV);48,8127800;2,3873700
32817;202000036441;31;8;2020;20:50;5;94;94028;2;1;1;7;FRANCE LIBRE(AVENUE DE LA);48,7796600;2,4550400
32818;202000036442;31;8;2020;11:30;1;93;93073;2;1;1;6;ROISSY (ROUTE DE);48,9837586;2,5397227
32819;202000036443;1;9;2020;08:30;1;93;93014;2;2;1;6;ROBERT BESSON (ALLEE);48,8992500;2,5329400
32820;202000036445;31;8;2020;09:20;1;92;92064;2;1;1;7;MARCEL DASSAULT;48,8535100;2,2226470
32821;202000036446;31;8;2020;10:50;1;92;92064;2;1;1;7;MAGENTA PLACE;48,8423490;2,2074380
32822;202000036447;6;8;2020;18:15;1;92;92063;2;6;1;2;BRU (PLACE DU DOCTEUR JEAN);48,8762249;2,2011535
32823;202000036448;1;9;2020;00:15;5;92;92051;2;9;1;2;CHARLES DE GAULLE (AVENUE, N°27 A 129);48,8819904;2,2689300
32824;202000036449;30;8;2020;04:03;5;92;92050;2;1;1;7;PICASSO PABLO AVENUE;48,8883565;2,2265974
32825;202000036450;1;9;2020;10:30;1;92;92049;2;1;1;6;REPUBLIQUE AVENUE DE LA N°81 A FIN;48,8146427;2,3172489