;Num_Acc;jour;mois;an;hrmn;lum;dep;com;agg;int;atm;col;adr;lat;long
32826;202000036453;1;9;2020;18:50;1;92;92040;2;1;1;3;FRERES VOISIN (BOULEVARD DES);48,8278112;2,2690619
32827;202000036454;30;8;2020;18:50;1;92;92014;2;1;1;-1;GENERAL LECLERC (AV.) (57 A 135 - 50 A 1;48,7815000;2,3162200
32828;202000036455;1;9;2020;12:00;1;65;65472;1;2;1;1;D935 PR 12+240;43,4994770;0,0042780
32829;202000036456;16;8;2020;09:40;1;86;86174;1;1;1;7;D23;46,7395910;0,5076300
32830;202000036457;2;9;2020;08:50;1;06;06026;2;1;1;6;358 Avenue de la Plantade;43,6561630;6,8723990
32831;202000036458;2;9;2020;10:30;1;23;23090;1;1;1;2;Lot de Senoueix;45,8182270;1,9955960
32832;202000036459;1;9;2020;21:15;3;57;57163;1;1;1;6;Route forestière des russes;48,6026370;7,2552470
32833;202000036461;6;8;2020;01:15;5;76;76400;2;1;1;6;Rue du Moulin à Vent;49,8280590;0,9092370
32834;202000036462;22;8;2020;18:00;2;33;33473;2;1;1;1;Rue Jacques Vergeron;45,1388020; -0,4433100
32835;202000036463;2;9;2020;11:45;1;71;71014;1;1;1;1;D680;46,9294305;4,3652549
32836;202000036464;16;8;2020;09:15;1;71;71576;1;1;8;3;D906;46,5308806;4,9211356
32837;202000036465;2;9;2020;17:25;1;76;76619;2;2;1;3;6 Rue Vallee Tournee;49,9931330;1,3544080
32838;202000036466;1;9;2020;21:50;3;61;61414;1;1;1;6;Route d'Alencon;48,5284710;0,5290390
32839;202000036467;2;9;2020;14:40;1;49;49112;1;1;1;3;D347;47,1816260; -0,1328280
32840;202000036468;28;8;2020;21:30;3;42;42185;1;1;2;1;Rue de la loire;45,5878312;4,2635509
32841;202000036469;2;9;2020;10:40;1;47;47138;1;3;1;3;Bayssieres;44,2930150;0,7523700
32842;202000036470;2;9;2020;13:45;1;39;39353;1;1;1;7;;46,3362640;5,4345310
32843;202000036471;1;9;2020;07:50;1;44;44050;1;1;1;6;125 route de pontchateau;47,4230184; -2,1483797
32844;202000036472;25;8;2020;12:00;1;29;29235;2;1;1;6;64 Boulevard Léopold Maissin;48,3944510; -4,4070680
32845;202000036473;1;9;2020;13:40;1;31;31451;2;1;1;1;Chemin d'En Couyoulet;43,4660720;1,9901940
32846;202000036474;2;9;2020;01:11;3;31;31358;1;1;1;6;17 Route des Crêtes;43,7411700;1,5654690
32847;202000036475;1;9;2020;19:30;2;15;15136;1;1;1;7;la calmette;44,7089260;2,3140600
32848;202000036476;2;9;2020;12:15;1;58;58189;2;2;1;3;Route des Bertranges;47,2232170;3,1118800
32849;202000036477;16;8;2020;22:50;3;58;58121;2;1;1;6;Avenue de la République;47,0499200;3,0950650
32850;202000036478;5;8;2020;17:45;1;72;72132;2;9;1;6;Rue de Paris;48,1853830;0,6576290
32851;202000036479;29;8;2020;16:43;1;72;72071;2;1;1;6;2 Avenue de Tours;47,6902410;0,4259000
32852;202000036480;6;8;2020;11:15;1;14;14754;1;1;1;2;D27;49,2999420;0,0252990
32853;202000036481;2;9;2020;11:00;1;60;60233;2;1;1;2;11 Avenue Henri Demont;49,6489340;1,8418340
32854;202000036482;1;9;2020;09:35;1;53;53039;1;1;1;5;le haut plessis;48,1691190; -0,9494700
32855;202000036484;1;9;2020;19:10;2;21;21584;1;1;1;1;D977bis;47,2761720;4,2045880
32856;202000036485;2;9;2020;13:10;1;04;04036;1;4;1;3;RD 900 / Impasse du grand pré;44,1568930;6,3000800
32857;202000036486;1;9;2020;21:15;5;85;85221;2;1;1;6;16 Rue de la Marne;46,8995060; -1,9879620
32858;202000036487;1;9;2020;11:00;1;27;27284;2;3;1;-1;Rue de Dieppe;49,2819380;1,7830340
32859;202000036488;31;8;2020;12:40;1;87;87126;1;1;1;2;2 Rue des Plats;45,8451480;0,8526430
32860;202000036489;30;8;2020;17:20;1;52;52524;1;1;1;5;route nationale 67;48,2649410;5,1228480
32861;202000036490;1;8;2020;04:30;2;987;98752;1;1;1;7;pk 44+800 mataiea; -17,7585570; -149,4177920
32862;202000036491;1;9;2020;12:30;1;24;24538;1;1;1;1;17 Campagne;44,8146320;0,9957860
32863;202000036492;31;8;2020;08:00;1;24;24184;1;2;1;3;Florimont;44,7005080;1,2289020
32864;202000036493;2;9;2020;17:15;1;26;26088;1;1;1;6;A49;45,0244780;5,0843310
32865;202000036495;1;9;2020;13:00;1;13;13051;1;9;1;3;D113;43,5877270;5,1234780
32866;202000036496;2;9;2020;20:10;5;69;69244;2;2;1;3;Chemin Finat Duclos;45,7582640;4,7517640
32867;202000036498;31;8;2020;16:53;1;69;69018;1;1;1;7;D337, Pk 17+200, sens Chenelette / Cercié;46,1575590;4,5818620
32868;202000036499;2;9;2020;12:00;1;95;95119;1;1;1;1;D14;49,1915768;1,7144036
32869;202000036500;1;9;2020;21:00;1;84;84036;2;9;1;3;957 Chemin Donne;43,9292640;4,9580790
32870;202000036502;1;9;2020;19:00;1;81;81248;1;1;7;2;D631;43,7610830;1,8642640
32871;202000036503;30;8;2020;09:30;1;33;33498;1;1;1;3;D108;44,5670700; -0,7955400
32872;202000036504;11;2;2020;11:20;1;75;75112;2;4;1;6;QUAI DE LA RAPEE;48,8434440;2,3706800
32873;202000036505;1;9;2020;23:30;5;56;56152;2;3;1;6;Lieu Dit Rosboscere;47,3443810; -3,1686760
32874;202000036506;2;9;2020;18:20;1;60;60589;1;6;1;7;RD 1016;49,2062990;2,4629550
32875;202000036507;11;2;2020;10:00;1;75;75112;2;1;1;7;ECHANGEUR BERCY;48,8264410;2,3904680
32876;202000036508;2;9;2020;15:20;1;60;60361;1;2;1;3;D121;49,2232250;1,9140757
32877;202000036510;1;9;2020;19:50;1;80;80685;2;1;1;7;18 Avenue Jean Jaurès;49,7017800;2,7880060
32878;202000036511;1;9;2020;17:10;1;59;59400;1;1;1;1;D23C;50,6302590;2,6503550
32879;202000036512;11;2;2020;21:58;5;75;75111;2;2;2;-1;BOULEVARD VOLTAIRE;48,8553160;2,3842910
32880;202000036513;11;2;2020;11:15;1;75;75111;2;1;1;2;RUE DU CHEMIN VERT;48,8599060;2,3773330
32881;202000036514;31;8;2020;19:15;1;13;13216;1;1;1;2;A55-Sens Martigues vers Marseille;43,3668800;5,3291310
32882;202000036515;11;2;2020;09:25;1;75;75111;2;3;1;3;RUE DE MONTREUIL;48,8509610;2,3964880
32883;202000036516;31;8;2020;18:45;1;13;13019;1;1;1;4;A51-Sens Marseille vers Aix en Provence;43,4234570;5,3738460
32884;202000036517;10;2;2020;15:20;1;75;75109;2;7;3;2;PLACE DE L OPERA;48,8706230;2,3320920
32885;202000036518;1;9;2020;08:15;1;13;13071;1;1;1;3;A7-Sens Lyon vers Marseille;43,4171500;5,2750300
32886;202000036520;31;8;2020;08:50;1;13;13001;1;1;1;2;A51-Sens Aix en Provence vers Marseille;43,5116060;5,4214580
32887;202000036521;1;9;2020;16:20;1;69;69275;1;1;1;3;RN346   29.300 A 34.350;45,7774300;4,9728900
32888;202000036522;27;8;2020;17:05;1;54;54232;1;1;1;5; A 31;48,6893000;5,9790900
32889;202000036524;10;2;2020;11:25;1;75;75101;2;3;1;6;RUE SAINT DENIS;48,8595240;2,3479310
32890;202000036525;1;9;2020;12:50;1;33;33075;1;1;1;3;ROCADE A 630;44,8896700; -0,6056200
32891;202000036527;11;2;2020;14:00;1;94;94076;2;1;1;6;TOLSTOI (R);48,7982871;2,3533876
32892;202000036528;1;9;2020;19:50;3;77;77251;1;1;1;3;AUTOROUTE A5A;48,6192200;2,5518000
32893;202000036529;10;2;2020;08:15;1;94;94076;2;1;1;3;FRANCOIS BILLOUX (R);48,8015950;2,3551420
32894;202000036531;1;9;2020;08:50;1;78;78297;1;1;1;2;RN12;48,7893070;2,0694760
32895;202000036532;11;2;2020;18:30;5;94;94028;2;1;2;6;KENNEDY.(BOULEVARD JOHN);48,7768000;2,4638000
32896;202000036534;10;2;2020;08:50;1;94;94028;2;1;2;2;Av du Mal de Lattre de Tassigny;48,7978134;2,4559762
32897;202000036535;1;9;2020;16:50;1;95;95607;1;1;1;2; A115;49,0170000;2,2145300
32898;202000036536;11;2;2020;19:00;5;94;94069;2;4;2;6;SAINT MAURICE DU VALAIS (AV);48,8170000;2,4580000
32899;202000036537;1;9;2020;09:30;1;95;95394;1;1;1;7;AUTOROUTE A115;49,0492600;2,1817800
32900;202000036538;11;2;2020;09:39;1;93;93077;2;1;2;2;ROSNY (AVENUE DE);48,8848100;2,5065600
32901;202000036539;1;9;2020;09:15;1;93;93078;1;1;1;2;AUTOROUTE A104;48,9585500;2,5334600
32902;202000036540;11;2;2020;13:30;1;93;93051;2;1;1;-1;MONT D'EST (BD);48,8427000;2,5485000
32903;202000036541;31;8;2020;23:50;3;93;93053;1;1;1;3;AUTOROUTE A3;48,8829300;2,4574200
32904;202000036542;10;2;2020;16:15;1;93;93079;2;3;3;3;JEAN ALLEMANE;48,9600310;2,3505870
32905;202000036543;31;8;2020;17:30;1;95;95277;1;1;1;4;A3;48,9731500;2,4874200
32906;202000036544;11;2;2020;13:10;1;92;92072;2;1;1;3;SAINT CLOUD (RUE DE);48,8286000;2,2247900
32907;202000036545;31;8;2020;10:00;1;93;93027;1;1;1;3;AUTOROUTE A86;48,9245200;2,3900700
32908;202000036546;1;9;2020;19:45;1;94;94042;1;1;1;5;A4;48,8283680;2,4755836
32909;202000036547;11;2;2020;18:30;5;92;92012;2;2;3;6;REINE (ROUTE DE LA) 39/107 BIS;48,8400243;2,2357699
32910;202000036548;1;9;2020;18:30;1;94;94022;1;1;1;4;A86 EXT;48,7763931;2,4213824
32911;202000036549;1;9;2020;15:30;1;94;94028;1;1;1;7;A86 INT;48,7894964;2,4402226
32912;202000036550;1;9;2020;10:00;1;94;94065;1;1;1;4;A86 INT;48,7536900;2,3567200
32913;202000036552;20;6;2020;18:45;1;74;74010;1;1;1;-1;Chemin des Natais (Seynod);45,8680260;6,0868010
32914;202000036553;27;8;2020;13:20;1;988;98818;2;2;1;3;RUE DE LA REPUBLIQUE/RUE DU GENERAL MANGIN; -22,2688300;166,4396800
32915;202000036554;11;2;2020;03:45;3;47;47293;1;1;1;6;"""dumas"" ";44,1582560;0,6917100
32916;202000036555;31;8;2020;16:00;1;974;97416;2;1;1;3;HUBERT DE LISLE(BOULEVARD); -21,3435000;55,4760000
32917;202000036556;11;2;2020;11:55;1;83;83136;1;1;1;6;D84;43,4627940;6,2816260
32918;202000036557;31;8;2020;07:27;1;974;97411;2;1;2;7;MONNERVILLE (BOULEVARD GASTON); -20,8969100;55,4474100
32919;202000036558;10;2;2020;23:10;5;40;40065;2;1;1;7;8 Boulevard des Cigales;43,6352990; -1,4265920
32920;202000036560;10;2;2020;14:50;1;21;21599;1;1;1;2;A31;47,5872166;5,2096827
32921;202000036561;31;8;2020;19:15;2;69;69386;2;2;1;3;MONTGOLFIER                         (R );45,7722665;4,8528015
32922;202000036562;9;2;2020;10:30;1;68;68076;1;1;1;7;Mittelfeld;48,0986374;7,5055648
32923;202000036563;31;8;2020;05:00;5;69;69259;2;3;1;6;FRANCIS DE PRESSENSE                (AV);45,7218000;4,8666100
32924;202000036564;9;2;2020;09:30;1;972;97207;2;1;1;3;Rue de l'Abbe Dumauze;14,5748410; -60,9879080
32925;202000036565;31;8;2020;15:00;1;972;97213;1;1;1;2;ROUTE NATIONALE 5;14,5947831; -60,9842777
32926;202000036566;9;2;2020;18:45;4;972;97225;1;1;1;-1;69 Jardin des Plantes;14,7505120; -61,1672080
32927;202000036567;30;8;2020;21:20;5;971;97113;2;9;1;3;MONTAUBAN (SECTEUR);16,2123600; -61,5002000
32928;202000036568;31;8;2020;17:23;1;95;95063;2;1;1;3;AV GABRIEL PERI;48,9362900;2,2074300
32929;202000036569;12;2;2020;11:45;1;26;26339;1;1;1;2;autoroute A7;44,5860510;4,8025700
32930;202000036570;31;8;2020;12:27;1;87;87085;2;1;1;3;LANDOUGE (AVENUE DE);45,8428100;1,1937300
32931;202000036572;30;8;2020;23:30;5;85;85194;2;2;1;2;Rue des Sauniers;46,4999800; -1,7992300
32932;202000036573;10;2;2020;08:20;1;60;60088;1;9;6;4;Départementale 105;49,1997342;2,1637201
32933;202000036574;30;8;2020;12:40;1;83;83126;2;1;1;3;IVALDI (AV JEAN BAPTISTE);43,0907800;5,8813100
32934;202000036575;9;2;2020;14:55;1;64;64061;2;6;1;3;cd 32;43,3990570; -0,5701690
32935;202000036577;30;8;2020;01:10;5;80;80021;2;1;1;2;DELIVRANCE (RUE DE LA);49,8858200;2,3284000
32936;202000036578;11;2;2020;02:14;3;35;35066;1;9;2;7;N137 échangeur Chartres de Bretagne;48,0395570; -1,6864440
32937;202000036579;21;8;2020;18:00;1;76;76540;2;2;1;6;LYONS LA FORET. RUE DE;49,4364400;1,1338400
32938;202000036580;10;2;2020;23:00;3;87;87019;1;1;2;2;A20, sens surd/nord PK194+350;45,7476420;1,3396450
32939;202000036581;10;2;2020;19:30;3;76;76244;1;1;2;6;A28;49,7155620;1,4132830
32940;202000036582;30;8;2020;04:35;5;76;76447;2;2;2;3;COMMUNE 1871 (DE LA);49,5450000;0,1886300
32941;202000036583;29;8;2020;00:20;5;76;76351;2;1;2;-1;GEORGES LAFAURIE (RUE);49,5013000;0,1141000
32942;202000036584;8;2;2020;11:55;1;51;51278;1;1;8;7;D944;49,0824789;4,2808800
32943;202000036585;11;2;2020;07:40;2;30;30096;1;3;1;1;Route de Saint Gely;44,2116410;4,4946420
32944;202000036586;31;8;2020;16:40;1;74;74010;2;2;1;3;BARATTES (AVENUE DES);45,9071700;6,1407100
32945;202000036587;30;8;2020;21:20;5;69;69266;2;1;1;2;ROGER SALENGRO     (Avenue);45,7806000;4,8836700
32946;202000036588;27;8;2020;11:00;1;69;69266;2;3;1;-1;POUDRETTE     (Rue de la);45,7645000;4,9191400
32947;202000036589;30;8;2020;12:45;1;67;67447;2;1;2;6;BARRAGE (RUE DU);48,6040354;7,7507812
32948;202000036590;10;2;2020;07:10;2;30;30034;1;9;1;1;Route départementale 38;43,7618310;4,5250580
32949;202000036591;30;8;2020;10:45;1;67;67482;2;3;2;6;FINKWILLER (QUAI);48,5787588;7,7448366
32950;202000036592;11;2;2020;00:30;3;03;03086;1;1;2;1;;46,4718366;3,8693947
32951;202000036593;29;8;2020;00:40;5;67;67482;2;1;1;1;LA WANTZENAU (ROUTE DE);48,6145882;7,7842641
32952;202000036594;31;8;2020;09:38;1;66;66136;2;1;1;2;PANCHOT (AVENUE JULIEN);42,6853540;2,8673787
32953;202000036595;28;7;2020;15:50;1;62;62570;1;2;1;3;RD 40;50,3946353;2,8648279
32954;202000036596;30;8;2020;19:45;2;62;62108;2;1;8;3;QUETTIER;50,4111300;1,5755700
32955;202000036597;9;2;2020;22:30;4;57;57661;1;1;6;6;1 Route de Wissembourg;49,0518940;7,6041640
32956;202000036598;28;8;2020;14:16;1;56;56098;2;6;1;2;LECLERC (AVENUE  GENERAL );47,7630800; -3,3495500
32957;202000036599;28;8;2020;11:30;1;56;56083;2;6;1;2;POMPIDOU ( AVENUE GEORGES );47,7998100; -3,2606000
32958;202000036600;31;8;2020;12:40;1;51;51454;2;7;1;7;Place des Combattants d'A.F.N;49,2197574;4,0207598
32959;202000036601;28;8;2020;16:40;1;49;49007;2;1;1;3;FAURE QUAI;47,4823100; -0,5498800
32960;202000036602;28;8;2020;14:10;1;49;49007;2;1;1;7;HAUTE DES BANCHAIS;47,4837000; -0,5138100
32961;202000036604;6;2;2020;16:00;1;56;56177;1;1;1;2;Route de Sainte Anne d'Auray;47,7644950; -3,0000240
32962;202000036605;8;2;2020;18:30;5;59;59282;1;1;1;3;1307 Route de Dunkerque;50,8154630;2,4819520
32963;202000036606;10;2;2020;02:45;5;74;74267;2;1;3;-1;931 Route d'Albertville;45,8826890;6,1418770
32964;202000036607;7;2;2020;09:05;1;78;78647;1;1;1;7;Rue de la Libération;48,9335550;1,6743370
32965;202000036608;8;2;2020;05:20;3;76;76381;1;1;6;6;D7;49,7953940;1,6252900
32966;202000036609;9;2;2020;19:10;3;79;79351;1;1;6;6;;46,4448360; -0,5673840
32967;202000036610;12;2;2020;16:30;1;80;80281;1;1;1;7;D46;50,0826370;2,0287733
32968;202000036611;11;2;2020;13:35;1;80;80672;1;1;6;6;Rue des Celtes;49,9784445;2,5693461
32969;202000036612;11;2;2020;03:45;3;82;82023;1;1;1;6;D928;43,9452680;1,1455930
32970;202000036614;7;2;2020;17:15;1;63;63287;1;3;1;3;D999/D727 rte Vernet;45,5225350;3,3025230
32971;202000036615;11;2;2020;22:50;3;49;49155;1;1;1;6;Le Lion-d'Angers;47,6102532; -0,7055174
32972;202000036616;9;2;2020;23:40;3;49;49002;1;1;1;6;D155;47,3182210;0,0091840
32973;202000036617;31;1;2020;14:00;1;12;12286;1;1;1;6;RD 999;43,9225340;2,8227570
32974;202000036618;11;2;2020;17:45;1;42;42300;1;1;2;1;Route des Forest;46,1001600;4,2938730
32975;202000036620;12;2;2020;06:50;3;39;39328;1;1;2;6;;46,5031300;5,7154440
32976;202000036621;9;2;2020;18:40;3;29;29004;1;8;6;7;D106 - Lieu Dit Kernabat;47,9090540; -3,6237130
32977;202000036625;11;2;2020;16:52;1;85;85190;1;1;8;2;D753;46,9545400; -1,4710500
32978;202000036626;10;2;2020;12:00;1;70;70421;2;1;1;6;Rue Gilberte Lavaire;47,6908790;6,0382260
32979;202000036627;9;2;2020;08:00;1;58;58037;1;1;1;1;Chaume des Bruyeres;47,2705960;3,9111540
32980;202000036628;9;2;2020;14:10;1;66;66147;1;1;1;5;N320;42,5655030;1,7779400
32981;202000036629;11;2;2020;06:58;2;06;06059;2;1;1;3;AVENUE RAYMOND POINCARE;43,7232730;7,3799800
32982;202000036630;10;2;2020;10:07;1;06;06150;2;3;1;3;297 Route de Nice;43,7443010;7,3940670
32983;202000036631;12;2;2020;14:15;1;14;14177;1;1;1;6;D48;49,1859030;0,2095970
32984;202000036632;9;2;2020;01:15;3;14;14708;1;1;1;6;D193;49,0700370; -0,6915220
32985;202000036633;12;2;2020;13:15;1;09;09139;1;1;1;5;RN20  lieu-dit les maisons cantonières;42,6047470;1,8134950
32986;202000036634;11;2;2020;16:50;1;73;73171;2;1;2;6;D1006  - 11 Quai de l'Isère;45,4989030;6,0597380
32987;202000036635;12;2;2020;14:05;1;43;43141;2;1;1;-1;9 Avenue du 19 Mars 1962;45,1856250;4,3130510
32988;202000036636;10;2;2020;04:45;5;04;04006;2;1;3;7;L'Aiguille (Cinéma);44,2915990;6,5667930
32989;202000036638;10;2;2020;20:00;3;27;27638;2;1;6;6;Rue Francois Mitterrand;49,2536820;0,9248900
32990;202000036639;11;2;2020;09:00;1;27;27226;1;1;6;1;D14B;49,3014250;1,6437650
32991;202000036640;11;2;2020;09:00;1;27;27056;2;3;7;3;Avenue Lottin de Laval;49,0968820;0,6041620
32992;202000036641;12;2;2020;04:30;5;987;98734;2;1;1;1;pk 34.200; -17,7233790; -149,5057300
32993;202000036642;8;2;2020;22:40;3;987;98752;1;1;2;7;RT1 PK 53+800; -17,7220550; -149,4046530
32994;202000036643;10;2;2020;20:55;3;77;77295;1;9;3;-1;A5 pk 09+600;48,5692904;2,7544465
32995;202000036644;12;2;2020;18:31;2;38;38095;1;1;1;7;A49;45,1319400;5,3116400
32996;202000036646;12;2;2020;06:40;1;973;97309;2;3;1;1;Route de Montjoly;4,9177360; -52,2772190
32997;202000036647;10;2;2020;16:44;1;01;01213;1;1;1;7;A42;45,9459730;5,2976950
32998;202000036648;12;2;2020;15:20;1;66;66012;2;1;1;7;616 Route Nationale;42,7029238;2,8288532
32999;202000036649;11;2;2020;07:40;3;17;17339;1;1;8;1;D142;45,4653980; -0,4452040
33000;202000036650;10;2;2020;17:43;2;69;69248;2;1;1;1;Rue de la Roche;46,0329790;4,2819480
33001;202000036652;10;2;2020;18:40;5;33;33005;2;1;1;-1;9 Avenue de Bordeaux;44,7425540; -1,0976990
33002;202000036653;9;2;2020;10:50;1;988;98822;1;3;1;7;tribu de Tieti - PR 137; -20,9164700;165,3042500
33003;202000036654;6;2;2020;21:00;5;974;97418;2;1;1;3;5 Rue Fleur de Jade; -20,9174900;55,5294720
33004;202000036655;9;2;2020;22:00;5;973;97311;2;3;1;4;5 rue Rivierez;5,4998476; -54,0295494
33005;202000036656;11;2;2020;09:20;1;971;97125;1;2;1;4;Saint Jacques;16,2675890; -61,3200290
33006;202000036657;9;2;2020;16:15;1;45;45210;2;1;6;6;Chemin des Lorrains;47,8666380;2,8305780
33007;202000036658;10;2;2020;15:20;1;95;95012;1;1;2;6;Sente du Petit Roconval;49,1058770;1,6335190
33008;202000036659;7;2;2020;17:20;1;66;66227;1;1;1;7;D39;42,6410800;2,9063800
33009;202000036660;30;1;2020;19:15;5;30;30307;2;1;2;6;Rue Jean Delpuech;44,1934210;4,0434730
33010;202000036661;8;2;2020;18:10;5;34;34057;2;9;2;6;Avenue Roger Salengro;43,6325490;3,8964070
33011;202000036662;8;2;2020;09:30;1;83;83115;2;6;1;3;Avenue Raoul Nordling;43,3005870;6,6254850
33012;202000036663;10;2;2020;17:50;2;83;83068;2;1;1;1;RD558;43,2732120;6,5202520
33013;202000036665;11;2;2020;11:00;1;13;13041;1;1;1;-1;D7N route de luynes;43,4718260;5,4444120
33014;202000036667;11;2;2020;15:40;1;21;21261;1;1;1;6;Rue de la Chassagne;47,2669343;5,1611645
33015;202000036668;11;2;2020;21:00;3;21;21209;2;1;1;7;D108;47,3258425;5,1426830
33016;202000036669;11;2;2020;08:50;2;67;67442;1;3;6;1;12 Rue Froehn;48,5946130;7,5044220
33017;202000036670;9;2;2020;03:20;5;57;57190;2;1;1;6;35 Rue de Lorraine;49,0594100;6,5504320
33018;202000036671;10;2;2020;07:50;1;03;03086;1;1;6;7;;46,4726347;3,8638848
33019;202000036672;2;1;2020;15:30;1;73;73243;1;1;1;6;D 912;45,5854035;5,9790454
33020;202000036673;11;2;2020;19:45;5;38;38401;2;3;8;3;Rue Alsace Lorraine;45,5620000;5,4351100
33021;202000036675;12;2;2020;08:10;1;38;38565;2;6;1;6;D1075;45,2962790;5,6287120
33022;202000036676;12;2;2020;16:00;1;01;01342;2;1;1;5;D61;45,8940250;5,0501770
33023;202000036677;7;2;2020;21:20;3;81;81099;1;1;1;6;78 Route de Montauban;43,9042860;1,8657340
33024;202000036678;8;2;2020;09:00;1;47;47157;2;8;1;3;Rue Albert Camus;44,4975650;0,1774760
33025;202000036679;11;2;2020;06:15;3;33;33293;1;1;2;5;PK 42+250 RN89 sens Bordeaux/ Libourne;44,8774800; -0,4108700
33026;202000036680;12;2;2020;09:40;1;85;85298;1;3;1;2;;46,5933310; -1,7578550
33027;202000036681;8;2;2020;16:50;1;53;53158;2;3;7;6;3 Rue de Bretagne;48,0056260; -0,9603790
33028;202000036682;11;2;2020;07:40;3;22;22134;1;1;3;6;52 Route de Tréguier;48,7838495; -3,3953269
33029;202000036683;6;2;2020;12:25;1;27;27165;2;6;1;3;D840;48,9520640;0,9460470
33030;202000036684;23;1;2020;07:45;2;62;62318;2;2;1;3;Route de Fromessent;50,5170350;1,6647400
33031;202000036685;7;2;2020;14:40;1;59;59091;1;1;1;2;RD642;50,7301600;2,5697390
33032;202000036686;8;2;2020;20:40;3;13;13211;1;1;1;7;A50-Sens Marseille vers Aubagne;43,2926000;5,4771000
33033;202000036687;11;2;2020;08:55;1;13;13055;1;1;1;4;A507 sens Aubagne- Marseille;43,3300110;5,3935780
33034;202000036688;8;2;2020;00:50;3;62;62637;1;1;1;2;AUTOROUTE A1;50,4626130;2,9747200
33035;202000036689;11;2;2020;09:15;1;91;91182;1;1;1;4;AUTOROUTE A6;48,6288200;2,4115900
33036;202000036690;11;2;2020;09:03;1;94;94021;1;1;1;3;AUTOROUTE A6A;48,7623700;2,3410700
33037;202000036692;11;2;2020;21:05;3;78;78524;1;1;1;2;A13;48,8397990;2,1164540
33038;202000036693;10;2;2020;23:00;4;93;93007;1;1;6;2;AUTOROUTE A1;48,9548400;2,4575100
33039;202000036694;10;2;2020;08:00;2;93;93066;1;1;1;3;AUTOROUTE A1;48,9287000;2,3590200
33040;202000036695;10;2;2020;11:00;1;94;94017;1;1;1;7;A4;48,8287204;2,4770220
33041;202000036697;9;2;2020;23:30;3;94;94079;1;1;3;2;A4;48,8347257;2,5370878
33042;202000036698;11;2;2020;09:45;1;988;98818;2;2;1;2;RUE JACQUES IEKAWE/AVENUE KOENIG; -22,2351800;166,4775300
33043;202000036699;11;2;2020;10:45;1;988;98818;2;6;3;7;RUE ROGER GERVOLINO/RUE MAX FROUIN; -22,2498400;166,4705700
33044;202000036700;10;2;2020;17:00;1;974;97411;2;1;1;3;Avenue Marcel Hoarau; -20,9035900;55,4919700
33045;202000036702;10;2;2020;19:30;2;973;97302;1;6;1;3;CRIQUE FOUILLEE (ROND POINT);4,8965168; -52,3287714
33046;202000036703;9;2;2020;22:15;5;69;69385;2;9;6;7;QUARANTAINE (DE LA)                 (R );45,7521800;4,8217700
33047;202000036704;9;2;2020;05:30;2;971;97113;1;1;1;6;RN4 - SECTION RIVIERA;16,2176381; -61,4932305
33048;202000036705;7;2;2020;10:02;1;971;97120;2;1;1;6;QUAI LEFEVRE;16,2412000; -61,5379700
33049;202000036706;8;2;2020;19:45;5;971;97113;1;1;1;1;SECTION MATHURIN;16,2232400; -61,5052000
33050;202000036707;10;2;2020;12:05;1;2A;2A004;2;1;2;3;CAMPI LOUIS BD;41,9440469;8,7552940
33051;202000036708;9;2;2020;06:45;3;95;95488;1;1;1;5;A15;49,0105567;2,1542790
33052;202000036709;9;2;2020;20:00;5;95;95018;2;2;6;3;VERDUN (AVENUE DE);48,9548859;2,2423559
33053;202000036710;10;2;2020;12:20;1;91;91477;2;1;1;2;GENERAL DE GAULLE (AVENUE DU);48,7146000;2,2486000
33054;202000036711;11;2;2020;00:45;5;91;91691;2;9;6;6;HENRI BARBUSSE(RUE)DU N°39 AU N°79;48,7079510;2,4932110
33055;202000036712;9;2;2020;10:10;1;91;91433;1;1;1;6;RD 191;48,4343500;2,1902400
33056;202000036713;10;2;2020;12:30;1;91;91201;2;1;6;6;HENRI BARBUSSE(BOULEVARD);48,6914200;2,4119200
33057;202000036715;8;2;2020;14:35;1;85;85194;2;6;8;7;Boulevard du Vendée Globe (Olonne-sur-Mer);46,5140600; -1,7682800
33058;202000036716;7;2;2020;13:00;1;84;84007;1;1;1;2;AMANDIER (Avenue de l');43,9473200;4,8558900
33059;202000036717;9;2;2020;18:50;5;83;83123;2;1;1;2;Route de Bandol;43,1312020;5,7814710
33060;202000036718;7;2;2020;09:30;1;80;80021;2;1;1;6;BEAUVILLE NORD (BOULEVARD DE);49,9064800;2,3180800
33061;202000036719;10;2;2020;09:15;1;78;78440;2;1;1;7;RÉPUBLIQUE (RUE DE LA);48,9857630;1,9118820
33062;202000036720;9;2;2020;01:20;5;76;76351;2;3;1;3;MICHEL FERE (QUAI);49,4885900;0,1112400
33063;202000036721;10;2;2020;14:05;1;74;74012;2;1;1;4;EUROPE (AVENUE DE L');46,1831200;6,2324000
33064;202000036722;8;2;2020;12:35;1;71;71306;2;1;1;6;Avenue des Alouettes;46,6803051;4,3643396