;Num_Acc;jour;mois;an;hrmn;lum;dep;com;agg;int;atm;col;adr;lat;long
33065;202000036723;10;2;2020;08:40;1;69;69256;2;3;1;6;POUDRETTE (DE LA)                   (CH);45,7505797;4,9185500
33066;202000036724;8;2;2020;10:10;1;68;68066;2;1;1;6;LOGELBACH ( RUE DU);48,0819960;7,3478610
33067;202000036725;7;2;2020;17:30;1;66;66136;1;1;1;1;Chemin de Neguebous;42,7120890;2,8736800
33068;202000036726;10;2;2020;07:20;5;66;66136;2;3;1;3;JULIEN PANCHOT (AVENUE);42,6928600;2,8859000
33069;202000036727;9;2;2020;16:20;1;66;66136;2;1;1;7;POINCARE (BOULEVARD HENRI);42,6915900;2,8933100
33070;202000036728;10;2;2020;19:00;5;64;64445;2;9;2;3;LEON BERARD;43,3115700; -0,3655800
33071;202000036729;10;2;2020;08:20;1;64;64445;2;1;1;3;GRAMONT;43,2964200; -0,3742800
33072;202000036730;10;2;2020;16:00;1;64;64024;2;1;8;1;BAYONNE (AVENUE DE);43,4806800; -1,5137700
33073;202000036731;10;2;2020;17:00;1;62;62193;2;4;6;1;CASTRES (CHEMIN);50,9396700;1,8820500
33074;202000036732;9;2;2020;18:50;3;59;59599;2;2;3;6;URSULINES (RUE DES);50,7189910;3,1550150
33075;202000036733;10;2;2020;11:30;1;59;59599;2;1;1;6;ROUSSEL (PLACE CHARLES ET ALBERT);50,7212400;3,1583100
33076;202000036734;9;2;2020;19:25;5;59;59654;2;3;6;1;DUBOIS (RUE CELESTIN);50,3817500;3,1078700
33077;202000036735;7;2;2020;14:20;1;57;57630;2;1;7;2;SARREGUEMINES;48,7506200;7,0685200
33078;202000036736;8;2;2020;15:55;1;56;56121;2;1;1;3;MONISTROL (RUE);47,7338800; -3,3849800
33079;202000036737;8;2;2020;11:50;1;56;56121;2;6;1;3;CHAZELLES ( COURS LOUIS  DE );47,7568400; -3,3646200
33080;202000036738;7;2;2020;10:15;1;55;55545;2;1;1;7;GARIBALDI ( AVENUE );49,1649000;5,3823000
33081;202000036739;10;2;2020;23:05;5;51;51454;2;2;2;3;Rue de Courcelles;49,2632510;4,0157030
33082;202000036740;10;2;2020;17:30;2;51;51055;2;6;3;2;Route de Betheny;49,2762944;4,0555513
33083;202000036741;10;2;2020;08:00;1;50;50502;2;1;2;6;TORTERON (rue);49,1146200; -1,0958560
33084;202000036742;9;2;2020;19:15;5;50;50203;2;1;6;6;LUCET (RUE);49,6230400; -1,6121500
33085;202000036743;8;2;2020;16:14;1;49;49007;2;1;2;-1;PAUL BERT;47,4652463; -0,5499714
33086;202000036744;7;2;2020;07:07;5;49;49007;2;1;1;3;SCHWEITZER;47,4818200; -0,5230200
33087;202000036745;8;2;2020;07:48;2;49;49007;2;1;3;3;DAVIERS BOULEVARD;47,4785500; -0,5562200
33088;202000036746;10;2;2020;18:40;5;45;45208;2;1;8;6;6 AV ADOLPHE COCHERY;48,0019770;2,7365960
33089;202000036747;4;2;2020;20:40;5;44;44109;2;9;1;3;Boulevard de Launay;47,2103800; -1,5730300
33090;202000036748;9;2;2020;22:20;3;41;41018;2;1;6;7;CITES UNIES (BOULEVARD DES);47,6098400;1,3392900
33091;202000036750;9;2;2020;06:25;5;38;38516;2;1;1;6;Boulevard de la Chantourne;45,1989700;5,7553900
33092;202000036751;7;2;2020;16:15;1;35;35288;2;1;1;6;DUFRESNE MARION (RUE);48,6455000; -2,0101900
33093;202000036755;10;1;2020;02:30;5;75;75109;2;5;2;2;RUE DU FAUBOURG POISSONNIERE;48,8796730;2,3495310
33094;202000036756;10;1;2020;09:35;1;75;75108;2;1;2;3;RUE DU FAUBOURG SAINT HONORE;48,8724722;2,3117970
33095;202000036757;10;1;2020;10:00;1;75;75107;2;2;1;2;QUAI BRANLY;48,8605430;2,2956380
33096;202000036758;10;1;2020;02:40;5;75;75104;2;2;2;2;BOULEVARD DE SEBASTOPOL;48,8595129;2,3487702
33097;202000036759;10;1;2020;14:45;1;94;94081;2;1;1;3;PAUL VAILLANT COUTURIER (AV);48,7960000;2,3980000
33098;202000036760;10;1;2020;21:45;5;94;94076;2;1;1;-1;STALINGRAD (AV DE);48,7855900;2,3668500
33099;202000036761;10;1;2020;07:30;5;94;94016;2;3;8;6;ARISTIDE BRIAND (AV);48,7998600;2,3234500
33100;202000036762;9;1;2020;12:35;1;94;94041;2;1;2;3;JEAN COMPAGNON (QU);48,8197000;2,3970000
33101;202000036763;10;1;2020;16:20;1;94;94073;2;1;1;6;LUXEMBOURG (AV DU);48,7564900;2,3740500
33102;202000036764;10;1;2020;07:50;2;94;94069;2;1;2;3;MARECHAL LECLERC (R DU);48,8182800;2,4221800
33103;202000036765;10;1;2020;12:00;1;94;94017;2;1;8;3;LOUIS TALAMONI (R);48,8131100;2,5122500
33104;202000036766;10;1;2020;07:00;5;94;94044;2;6;2;3;ALBERT GARRY (R);48,7568700;2,4833200
33105;202000036767;10;1;2020;00:20;5;94;94081;2;1;2;4;JULES GUESDE (QU);48,7823589;2,4171606
33106;202000036768;9;1;2020;23:35;5;93;93073;2;1;2;4;CHAPIT RE ( RUE DU);49,0034733;2,5367700
33107;202000036769;10;1;2020;18:10;5;93;93072;2;1;2;6;PARMENTIER (RUE) COTE N° PAIRS;48,9714750;2,3755031
33108;202000036770;10;1;2020;15:45;1;93;93070;2;1;1;4;AV MICHELET;48,9091465;2,3440016
33109;202000036772;10;1;2020;17:30;2;93;93048;2;1;1;6;BD CHANZY;48,8582300;2,4353900
33110;202000036774;10;1;2020;08:30;2;93;93010;2;2;8;3;AV DE ROSNY / AV GALLIENI;48,9038960;2,4706750
33111;202000036775;10;1;2020;17:40;5;92;92073;2;1;1;7;DASSAULT (QUAI MARCEL);48,8611200;2,2250700
33112;202000036776;9;1;2020;13:55;1;92;92073;2;1;2;6;JAURES (AVENUE JEAN);48,8638653;2,2087348
33113;202000036777;10;1;2020;09:25;1;92;92048;2;2;2;7;GARDES (ROUTE DES) N° 5 A 51;48,8188300;2,2344600
33114;202000036778;10;1;2020;08:00;2;92;92036;2;1;2;3;MARCEL PAUL (AVENUE) (52/102);48,9415120;2,3030260
33115;202000036779;9;1;2020;16:55;1;92;92036;2;9;2;6;LOUIS CALMEL (RUE) (60/106);48,9242230;2,2885750
33116;202000036780;10;1;2020;20:30;5;92;92035;2;2;2;3;Voltaire ( rue );48,9047800;2,2491700
33117;202000036781;10;1;2020;12:00;1;92;92026;2;1;1;2;PAIX;48,9012860;2,2631840
33118;202000036782;10;1;2020;21:20;5;92;92014;2;1;1;2;BIEVRE (RUE DE LA);48,7811040;2,3193480
33119;202000036783;9;1;2020;09:42;1;92;92002;2;1;2;3;CHATENAY (RUE DE);48,7576630;2,2927830
33120;202000036784;10;1;2020;13:15;1;86;86107;1;1;1;7;Route d'Usson;46,3501378;0,6780253
33121;202000036785;11;1;2020;01:00;3;22;22019;2;1;1;7;D65;48,5756670; -3,0032770
33122;202000036786;11;1;2020;02:45;5;74;74191;2;1;1;6;69 Avenue de Joux Plane;46,1754060;6,7098290
33123;202000036787;8;1;2020;20:45;5;84;84137;2;3;1;1;665 Avenue Marcel Pagnol;44,2446190;5,0893490
33124;202000036788;8;1;2020;18:45;3;972;97225;1;1;1;1;D10;14,7702140; -61,1992760
33125;202000036789;11;1;2020;15:00;1;59;59266;1;1;1;1;Route de Seclin;50,5416420;2,9986860
33126;202000036790;11;1;2020;11:15;1;60;60176;2;1;1;6;Rue Nationale;49,2348320;2,8873570
33127;202000036791;11;1;2020;20:15;4;72;72350;2;1;1;6;32 Rue du 11 Novembre;47,8852480;0,2725170
33128;202000036792;10;1;2020;19:30;3;30;30151;1;1;1;6;D6;44,1330610;4,4067730
33129;202000036793;11;1;2020;13:25;1;61;61464;1;1;1;7;A28;48,5927390;0,1871540
33130;202000036794;10;1;2020;20:30;3;83;83073;1;1;8;6;Dn7;43,3959470;6,2923200
33131;202000036795;10;1;2020;22:20;3;49;49304;1;1;1;6;Route de LONGUÉ - RD214;47,3244470; -0,1445760
33132;202000036796;10;1;2020;16:40;1;12;12082;1;1;1;1;D55;43,9277840;3,3096400
33133;202000036797;11;1;2020;15:20;1;46;46303;1;1;1;6;D17;44,5999230;1,6681450
33134;202000036798;10;1;2020;19:40;3;47;47011;1;4;1;1;D656;44,3721330;0,9820740
33135;202000036800;11;1;2020;00:15;3;29;29130;2;3;1;3;1 Route de Kerfily;48,3745340; -4,6453810
33136;202000036802;10;1;2020;18:30;5;38;38389;2;1;8;6;Avenue du Stade;45,5555450;5,0800050
33137;202000036803;10;1;2020;18:25;3;38;38399;1;9;1;1;D518;45,5037300;5,1179300
33138;202000036804;11;1;2020;01:50;3;38;38130;1;1;1;6;Avenue Jongkind;45,3964400;5,2439000
33139;202000036805;10;1;2020;23:15;3;38;38450;1;1;1;1;D45;45,2836400;5,5330100
33140;202000036806;11;1;2020;14:15;1;38;38272;1;1;1;6;Chemin du Moulin;45,2034400;5,3113400
33141;202000036807;10;1;2020;21:35;3;83;83032;1;1;5;6;Route de Brignoles;43,4656690;6,1400640
33142;202000036808;10;1;2020;19:54;3;60;60264;1;1;1;7;D93;49,3782670;2,0793870
33143;202000036809;10;1;2020;20:10;3;45;45279;1;9;5;6;Rue de Conflans;47,9534401;2,7937493
33144;202000036811;8;1;2020;08:00;4;53;53146;1;6;2;6;N162 pk 54.760;48,1957510; -0,6667400
33145;202000036812;10;1;2020;18:15;5;21;21574;2;1;1;1;3 Rue de Fontaine;47,5240190;5,4281420
33146;202000036813;11;1;2020;11:50;1;04;04166;2;3;1;3;RD 11 / Rue Hilarion Bourret;43,8154557;6,0947581
33147;202000036814;10;1;2020;18:00;3;37;37085;1;1;1;6;D943;47,2412483;0,8621646
33148;202000036815;10;1;2020;17:25;2;06;06018;2;6;2;7;Route du Pin Montard;43,6210280;7,0635560
33149;202000036816;10;1;2020;21:00;3;49;49129;1;1;1;4;A11;47,4959530; -0,5224930
33150;202000036817;6;1;2020;07:20;5;45;45232;1;1;1;7;A71 -  PK105+780 - Sens PARIS vers PROVINCE;47,8418710;1,8636680
33151;202000036818;11;1;2020;10:10;1;974;97415;2;3;1;3;Rue du Général de Gaulle; -21,0520730;55,2277440
33152;202000036819;11;1;2020;06:30;1;973;97312;1;1;1;7;N1;5,1847163; -52,9145941
33153;202000036822;10;1;2020;21:15;3;42;42304;1;1;9;1;Rte des Monts;45,5563110;4,2178590
33154;202000036823;11;1;2020;09:20;1;38;38557;2;1;8;6;Rue des Mésanges;45,7856900;5,1059500
33155;202000036824;11;1;2020;16:17;1;26;26084;1;1;1;7;Route de la Croix de Collet;45,0143450;4,9622390
33156;202000036825;10;1;2020;14:30;1;44;44026;2;6;1;3;Rue Petit Breton;47,2940830; -1,4880790
33157;202000036826;10;1;2020;18:20;3;29;29042;1;1;1;2;Étang du Fret;48,2822930; -4,5063690
33158;202000036827;11;1;2020;12:30;1;60;60540;1;1;1;6;D200;49,3431130;2,7379200
33159;202000036828;10;1;2020;13:15;1;13;13055;1;9;1;3;A507 sens Marseille - Aubagne;43,3081200;5,4249200
33160;202000036829;7;1;2020;11:30;1;13;13070;1;1;1;-1;A50-Sens Aubagne vers Marseille;43,2850510;5,5175960
33161;202000036830;9;1;2020;09:00;1;83;83123;1;1;1;3;A50;43,1293100;5,8168300
33162;202000036831;10;1;2020;09:30;1;94;94065;1;1;8;3;AUTOROUTE A106;48,7612700;2,3451100
33163;202000036832;10;1;2020;07:30;3;91;91645;1;1;2;2;RN 385 Extèrieure;48,7599000;2,2681400
33164;202000036833;10;1;2020;05:20;5;94;94037;1;1;2;7;AUTOROUTE A6A;48,8151300;2,3363800
33165;202000036834;10;1;2020;17:40;4;78;78466;1;1;1;4;A13;48,9279870;1,9902330
33166;202000036835;10;1;2020;18:00;2;95;95394;1;1;1;4;RN 184;49,0517900;2,1824500
33167;202000036836;7;1;2020;09:00;1;95;95392;1;1;1;3;RN 184;49,0665500;2,2160400
33168;202000036837;10;1;2020;10:00;1;93;93005;1;1;2;4;AUTOROUTE A3;48,9680200;2,4778700
33169;202000036838;10;1;2020;00:10;3;93;93053;1;1;1;6;AUTOROUTE A103;48,8887000;2,4728000
33170;202000036839;9;1;2020;17:30;4;95;95491;1;1;2;6; A115;49,0035000;2,2459600
33171;202000036840;9;1;2020;13:08;1;93;93053;1;1;8;7;AUTOROUTE A3;48,8979500;2,4693900
33172;202000036841;9;1;2020;08:15;3;95;95572;1;1;2;6;AUTOROUTE A15;49,0320400;2,1067700
33173;202000036842;9;1;2020;00:15;3;93;93063;1;1;1;6;AUTOROUTE A3;48,8784300;2,4471400
33174;202000036843;8;1;2020;11:00;1;92;92049;2;1;8;1;BRIAND (AVENUE ARISTIDE);48,8181470;2,3254500
33175;202000036844;9;1;2020;12:20;1;974;97411;2;1;1;7;Route de Bois de nèfles; -20,9025000;55,4779000
33176;202000036845;8;1;2020;08:30;1;974;97411;2;1;1;3;DIERX (LEON); -20,8900000;55,4611000
33177;202000036846;9;1;2020;15:01;1;973;97302;2;1;1;3;MONTABO (ROUTE DE) 1;4,9316956; -52,2905231
33178;202000036847;9;1;2020;10:40;1;973;97302;2;1;1;3;MADELEINE (ROUTE DE LA);4,9314284; -52,3265076
33179;202000036848;8;1;2020;19:15;5;972;97209;2;1;1;7;RD 41 (ROCADE);14,6147200; -61,0529500
33180;202000036849;9;1;2020;08:55;1;69;69382;2;1;1;5;PERRACHE                            (QU);45,7410000;4,8240000
33181;202000036850;9;1;2020;15:25;1;2A;2A004;2;1;1;1;BONAPARTE LUCIEN  COURS;41,9095576;8,7203476
33182;202000036851;9;1;2020;13:20;1;91;91377;2;9;8;3;BUISSON AUX FRAISES (RUE DU);48,7213000;2,2868000
33183;202000036852;3;1;2020;08:35;1;91;91377;2;1;1;6;MARTYRS DE SOWETO (AVENUE DES);48,7187545;2,2494611
33184;202000036853;8;1;2020;16:30;1;91;91457;1;6;1;2;CD 19;48,5742100;2,2600800
33185;202000036854;9;1;2020;13:08;1;87;87085;1;1;1;4;AUTOROUTE A20;45,8466100;1,2771100
33186;202000036855;7;1;2020;18:53;5;87;87085;2;2;2;5;REVOLUTION (AVENUE DE LA);45,8212496;1,2628772
33187;202000036856;6;1;2020;08:50;1;86;86194;2;1;1;6;Avenue Mozart;46,5617653;0,3727414
33188;202000036857;31;5;2020;19:45;5;988;98817;2;3;1;6;RP2/RUE DES TIARES; -22,2823110;166,5854410
33189;202000036858;9;1;2020;07:40;5;85;85191;2;1;1;6;Avenue Gambetta;46,6720800; -1,4347200
33190;202000036859;5;1;2020;17:15;5;83;83069;2;1;1;6;MARINE (BOULEVARD DE LA);43,0915010;6,1618050
33191;202000036860;30;5;2020;13:55;1;988;98802;1;3;3;6;PR 55+950 RT1; -21,9757230;166,1973090
33192;202000036861;9;1;2020;08:35;1;80;80021;2;1;1;3;MARCHE LANSELLES (RUE DU );49,8957400;2,2977900
33193;202000036862;30;5;2020;14:50;1;974;97422;1;1;1;7;Ancienne Route Nationale 3; -21,1721610;55,5856650
33194;202000036863;8;1;2020;16:55;1;79;79191;2;7;8;2;10 Place Saint-Jean;46,3213040; -0,4648500
33195;202000036864;31;5;2020;18:00;1;974;97406;2;1;1;6;340 Rue de la République; -21,1428550;55,6212100
33196;202000036866;31;5;2020;19:55;2;77;77508;1;1;1;7;D231;48,8064680;2,8424980
33197;202000036867;31;5;2020;03:15;5;83;83054;2;6;1;6;D97 rond-point Bir Hakeim;43,1596760;6,0414400
33198;202000036868;9;1;2020;12:45;1;78;78498;2;1;2;2;EISENHOWER AV DU GENERAL;48,9258900;2,0517900
33199;202000036869;30;5;2020;14:45;1;05;05118;1;1;1;6;D948;44,2052569;5,8899249
33200;202000036870;31;5;2020;16:30;1;13;13014;1;1;1;1;D21;43,5127360;5,1254650
33201;202000036872;30;5;2020;14:25;1;57;57289;1;1;1;3;89 Rue Principale;49,0876890;7,0403640
33202;202000036873;8;1;2020;19:50;5;77;77152;2;1;2;3;PORET(RUE DU CPT BERNARD DE)LE RESTE;48,5153600;2,6271900
33203;202000036874;31;5;2020;01:30;3;73;73150;1;1;1;6;D220;45,5624680;6,7000670
33204;202000036875;7;1;2020;05:50;5;76;76540;2;1;1;6;BOISGUILBERT. QUAI DE;49,4424600;1,0773100
33205;202000036876;30;5;2020;19:20;1;01;01049;2;1;7;6;917 Route Nationale;45,8450585;5,0360801
33206;202000036877;9;1;2020;17:56;5;74;74010;2;1;1;5;ROCADE (BOULEVARD DE LA);45,9054000;6,1136000
33207;202000036879;8;1;2020;15:08;1;72;72181;1;1;2;3;PATTON GENERAL RTE ST-AUBIN A AV RUBILLA;48,0105700;0,1711200
33208;202000036880;31;5;2020;09:50;1;81;81105;2;6;7;7;Chemin de la Redondie;43,7623700;1,9698840
33209;202000036881;9;1;2020;14:55;1;71;71270;2;2;1;3;Rue des Anémones;46,3097711;4,8268421
33210;202000036882;9;1;2020;05:55;5;70;70388;2;1;2;3;ORY Noel (RUE);47,6154700;6,1424400
33211;202000036883;30;5;2020;15:45;1;17;17237;1;1;1;1;RD 3;45,8722470; -1,0647730
33212;202000036884;9;1;2020;08:45;1;67;67482;2;3;1;3;BAN DE LA ROCHE (RUE DU);48,5788000;7,7285100
33213;202000036885;31;5;2020;14:30;1;33;33284;2;2;1;3;Rue des Navarries;44,6065100; -0,9331700
33214;202000036886;9;1;2020;15:51;1;67;67180;2;9;1;3;BISCHWILLER (ROUTE DE);48,8039044;7,8100237
33215;202000036887;29;5;2020;15:00;1;35;35047;1;6;1;2;route départementale 34;48,0620644; -1,7553678
33216;202000036888;9;1;2020;22:15;5;65;65433;2;3;2;3;BARBUSSE (AVENUE HENRI);43,2112420;0,0980170
33217;202000036889;8;1;2020;17:00;1;64;64102;2;1;1;4;AVRIL (AVENUE DU 14);43,5045000; -1,4482000
33218;202000036890;8;1;2020;11:30;1;64;64140;2;3;1;1;DOUANE (QUAI DE LA);43,5224000; -1,4899300
33219;202000036891;30;5;2020;22:30;3;27;27008;1;1;1;6;Route du Manoir;49,3213859;1,1860916
33220;202000036892;2;1;2020;17:00;1;62;62666;2;3;1;3;DE GAULLE (R DU GAL);50,4741900;2,8840830
33221;202000036893;9;1;2020;20:36;3;56;56260;2;6;2;-1;POMPIDOU(GIRATOIRE);47,6660000; -2,7702500
33222;202000036894;9;1;2020;16:50;1;54;54395;2;1;1;2;boulevard Albert 1er;48,6975784;6,1670128
33223;202000036896;8;1;2020;08:00;2;54;54304;2;1;1;6;POINCARE (RUE RAYMOND);48,6815000;6,1613000
33224;202000036897;30;5;2020;04:10;3;13;13005;1;1;1;6;A50-Sens Marseille vers Aubagne;43,2876190;5,5446730
33225;202000036898;9;1;2020;19:35;5;51;51454;2;6;2;7;Rue Francis Garnier;49,2878615;4,0241131
33226;202000036899;8;1;2020;20:35;5;45;45232;2;1;2;2;Avenue de Sologne;47,8674700;1,9125100
33227;202000036900;7;1;2020;10:30;2;44;44184;1;1;2;-1;;47,2887446; -2,2423166
33228;202000036901;9;1;2020;17:45;5;37;37261;2;1;1;6;MAGINOT (AV. ANDRE);47,4224510;0,6967655
33229;202000036902;7;1;2020;08:30;2;37;37261;2;1;2;7;ENTRAIGUES (RUE D');47,3881520;0,6891796
33230;202000036903;9;1;2020;08:00;5;37;37122;2;1;1;-1;JAURES (BOULEVARD JEAN);47,3487045;0,6627033
33231;202000036904;9;1;2020;09:15;1;35;35238;2;6;2;6;GUERIN (ALPHONSE);48,1092089; -1,6594921
33232;202000036905;9;1;2020;00:39;5;35;35238;2;9;8;6;passage Aristide Briand;48,1100970; -1,6640700
33233;202000036907;9;1;2020;08:00;1;34;34172;2;4;1;3;MAURIN (AVENUE DE;43,5874600;3,8720600
33234;202000036908;8;1;2020;10:10;1;30;30189;2;9;7;6;LECLERC GENERAL (AVENUE);43,8274900;4,3744500
33235;202000036909;9;1;2020;18:10;4;30;30007;2;1;1;6;GRABIEUX (QUAI DU);44,1408800;4,0876200
33236;202000036910;8;1;2020;11:53;1;29;29232;2;1;1;3;Avenue Pierre Mendes-france;47,9781700; -4,1222500
33237;202000036912;8;1;2020;07:20;5;29;29019;2;6;2;3;Avenue Victor le Gorgeu;48,4019632; -4,5025700
33238;202000036913;4;1;2020;10:20;1;27;27375;2;1;1;6;CLEMENCEAU (BOULEVARD GEORGES);49,2101000;1,1690000
33239;202000036914;9;1;2020;16:30;1;17;17299;2;1;3;3;BACHELARD AVENUE VICTOR-LOUIS;45,9522300; -0,9533100
33240;202000036915;9;1;2020;19:45;3;14;14079;1;2;1;3;TOURGEVILLE (ROUTE DE);49,3240000;0,0364900
33241;202000036916;9;1;2020;18:30;5;14;14220;2;1;1;6;REPUBLIQUE (AVENUE DE LA);49,3598707;0,0814853
33242;202000036917;9;1;2020;11:00;1;13;13117;1;1;1;2;STADIUM (CD9);43,4435710;5,2970150
33243;202000036918;8;1;2020;15:45;1;13;13056;1;9;1;2;RD 49;43,3519300;5,0546300
33244;202000036920;9;1;2020;13:35;1;13;13204;2;2;1;3;MARÉCHAL FOCH (AVENUE);43,3027430;5,3964960
33245;202000036921;30;5;2020;04:00;3;60;60494;1;1;1;2;AUTOROUTE A1;49,1142100;2,5542200
33246;202000036922;8;1;2020;13:00;1;13;13204;2;2;1;1;FRANÇOISE DUPARC (BOULEVARD);43,3094140;5,4029040
33247;202000036923;7;1;2020;12:10;1;12;12202;2;1;1;6;MONTPELLIER (AVENUE DE);44,3556329;2,5768529
33248;202000036924;7;1;2020;10:55;1;12;12202;2;3;1;6;GALLY (BOULEVARD);44,3493900;2,5723700
33249;202000036925;9;1;2020;19:15;5;10;10387;2;1;2;6;Avenue Pasteur,;48,3007580;4,0646890
33250;202000036926;8;1;2020;18:11;5;10;10387;2;1;2;6;LUCIEN MOREL PAYEN (RUE);48,3060100;4,0920600
33251;202000036927;8;1;2020;08:13;2;10;10387;2;6;2;3;PREIZE (RUE DE);48,3082000;4,0681100
33252;202000036929;29;5;2020;19:00;1;93;93064;1;1;1;7;AUTOROUTE A86;48,8818200;2,4731200
33253;202000036930;29;5;2020;15:50;1;95;95572;1;1;1;7;RN 184;49,0520200;2,1499300
33254;202000036931;29;5;2020;18:00;1;95;95277;1;1;1;2;RD 170 ;48,9774700;2,4628400
33255;202000036932;29;5;2020;19:00;1;75;75112;1;1;1;2;A4;48,8199621;2,4599397
33256;202000036933;29;5;2020;17:00;1;94;94042;1;1;1;6;A4;48,8285467;2,4757460
33257;202000036934;17;3;2020;00:28;3;78;78551;1;9;1;6;RN 184;48,9819400;2,0861910
33258;202000036935;9;1;2020;20:45;5;06;06088;2;4;1;1;DESAMBROIS (AV.);43,7052100;7,2717600
33259;202000036936;29;5;2020;07:10;1;988;98818;2;3;1;2;RUE DU 18 JUIN/RUE DES TOURS; -22,2703900;166,4638800
33260;202000036937;29;5;2020;16:00;1;973;97302;2;1;1;6;MADELEINE (ROUTE DE LA);4,9128300; -52,3208500
33261;202000036938;29;5;2020;19:05;1;69;69387;2;2;1;3;JEAN JAURES                         (AV);45,7437500;4,8409400
33262;202000036939;29;5;2020;17:02;1;69;69383;2;1;1;4;PAUL BERT                           (R );45,7570500;4,8562200
33263;202000036940;29;5;2020;09:10;1;69;69386;2;2;1;-1;MARECHAL LYAUTEY (DU)               (PL);45,7692105;4,8411096
33264;202000036942;28;5;2020;20:04;1;69;69382;2;3;1;3;BELLECOUR                           (PL);45,7587800;4,8309000
33265;202000036943;21;5;2020;11:00;1;69;69034;2;1;1;7;MARGNOLLES (DE)                     (R );45,7833400;4,8344100
33266;202000036944;28;5;2020;07:40;1;69;69202;2;1;1;6;COMMANDANT CHARCOT (DU)             (R );45,7444559;4,7840926
33267;202000036945;9;1;2020;13:14;1;06;06088;2;1;1;6;GARNIER (BD JOSEPH);43,7100900;7,2599200
33268;202000036946;29;5;2020;08:15;1;971;97101;1;1;1;6;RN1 ROCADE DE CHAUVEL;16,2457000; -61,5249000
33269;202000036947;9;1;2020;10:10;1;06;06159;1;1;1;3;CORNE D OR (BOULEVARD DE LA);43,7103600;7,3139900
33270;202000036948;29;5;2020;18:00;1;95;95585;2;9;1;3;Rue du 8 MAI 1945 ;48,9782632;2,3675714
33271;202000036951;28;5;2020;21:50;2;91;91589;2;7;1;6;CHAMBERLAIN (RUE);48,6764200;2,3466700
33272;202000036953;29;5;2020;16:07;1;91;91223;1;1;1;3;R.N.20;48,4296000;2,1623600
33273;202000036954;9;1;2020;18:20;5;75;75120;2;2;2;6;RUE DES AMANDIERS;48,8683071;2,3881859
33274;202000036955;29;5;2020;18:00;1;91;91027;2;1;1;3;MORANGIS (AVENUE DE);48,7056000;2,3564500
33275;202000036957;28;5;2020;06:39;1;90;90010;2;3;1;3;JOFFRE (BOULEVARD MARECHAL);47,6413900;6,8571300
33276;202000036958;28;5;2020;19:10;1;80;80489;2;1;1;3;VILLE IDEALE (AVENUE DE LA );49,8677400;2,3688200
33277;202000036960;28;5;2020;07:50;1;80;80021;2;1;1;3;ROUEN (RUE DE);49,8861000;2,2737100
33278;202000036961;1;1;2020;04:20;5;75;75117;2;2;1;-1;RUE DE ROME;48,8856740;2,3168239
33279;202000036963;8;1;2020;16:00;1;75;75116;2;5;2;6;AVENUE MARCEAU;48,8696868;2,2982360
33280;202000036964;29;5;2020;09:30;1;76;76216;2;1;1;7;DIEPPE. ROUTE DE (RN 27);49,4709500;1,0498700
33281;202000036965;8;1;2020;18:55;5;75;75115;2;1;1;5;RUE DE LOURMEL;48,8485800;2,2905600
33282;202000036966;29;5;2020;07:45;1;76;76351;2;6;1;3;COCHET;49,5055600;0,1010300
33283;202000036967;8;1;2020;09:40;1;75;75115;2;3;1;3;RUE EMERIAU;48,8487210;2,2852180
33284;202000036968;28;5;2020;13:06;1;67;67482;2;1;1;6;LA FONTAINE (BOULEVARD);48,5916470;7,7040220
33285;202000036969;9;1;2020;09:00;1;75;75114;2;2;2;3;BOULEVARD BRUNE;48,8261581;2,3127535
33286;202000036970;28;5;2020;20:05;2;66;66136;2;1;1;6;DE BONNEFOY ( RUE LOUIS);42,7178000;2,8871300
33287;202000036971;9;1;2020;20:15;3;75;75114;2;1;2;2;BD PERIPHERIQUE INTERIEUR;48,8167140;2,3402980
33288;202000036972;9;1;2020;08:00;5;75;75113;2;2;8;6;AVENUE DES GOBELINS;48,8333963;2,3542124
33289;202000036973;8;1;2020;23:30;5;75;75112;2;4;1;3;ROUTE DE LA FERME;48,8262220;2,4627440
33290;202000036974;1;1;2020;01:00;5;75;75112;2;4;1;6;RUE CROZATIER;48,8493978;2,3796461
33291;202000036975;9;1;2020;20:00;5;75;75103;2;3;2;6;BOULEVARD DU TEMPLE;48,8646655;2,3658072
33292;202000036976;9;1;2020;14:24;1;75;75109;2;4;1;2;RUE DU FAUBOURG MONTMARTRE;48,8766598;2,3394610
33293;202000036977;29;5;2020;15:20;1;64;64545;1;1;1;2;Route de la Corniche;43,3848900; -1,7198400
33294;202000036979;9;1;2020;08:50;1;75;75107;2;2;2;7;AVENUE BOSQUET;48,8588040;2,3035141
33295;202000036980;9;1;2020;13:30;1;75;75103;2;3;1;6;RUE DU GRENIER SAINT LAZARE;48,8628574;2,3533405
33296;202000036981;9;1;2020;20:00;5;75;75101;2;3;1;6;RUE DE RIVOLI;48,8643920;2,3301088
33297;202000036982;8;1;2020;21:30;5;94;94081;2;1;1;2;YOURI GAGARINE (AV);48,7868271;2,3910265
33298;202000036983;28;5;2020;17:40;1;64;64129;2;1;7;2;BAYONNE DE;43,3051400; -0,4019800
33299;202000036984;9;1;2020;21:04;5;94;94080;2;1;2;6;LAGNY (R DE);48,8489000;2,4255000
33300;202000036985;8;1;2020;20:50;5;94;94078;2;1;1;2;PIERRE SEMARD (PL);48,7293100;2,4464900