;Num_Acc;jour;mois;an;hrmn;lum;dep;com;agg;int;atm;col;adr;lat;long
33301;202000036986;6;1;2020;18:00;5;94;94037;2;1;1;7;DOCTEUR TENINE (R DU);48,8152795;2,3474640
33302;202000036987;9;1;2020;17:10;5;94;94041;2;1;2;6;VICTOR HUGO (R);48,8180200;2,3826900
33303;202000036991;8;1;2020;11:39;1;94;94028;2;1;1;6;TASSIGNY(AVE DU MARECHAL DE LATTRE DE);48,7953300;2,4587700
33304;202000036992;9;1;2020;18:05;5;94;94017;2;9;2;6;JEAN JAURES (R);48,8140100;2,5092400
33305;202000036993;8;1;2020;15:00;1;94;94002;2;3;8;3;CAMELIAS (R DES);48,8007300;2,4254330
33306;202000036994;9;1;2020;17:40;5;93;93066;2;1;2;6;R DU PORT;48,9359100;2,3440800
33307;202000036995;28;5;2020;15:45;1;64;64125;2;1;1;2;ESPAGNE (AVENUE D');43,4290100; -1,6008900
33308;202000036996;9;1;2020;18:55;5;93;93064;2;1;2;3;AV DU PRESIDENT JOHN KENNEDY;48,8781100;2,4878600
33309;202000036997;9;1;2020;08:30;2;93;93048;2;3;2;6;RESISTANCE (AVENUE DE LA);48,8618500;2,4367200
33310;202000036998;9;1;2020;20:00;5;93;93031;2;9;2;1;PARIS (RUE DE);48,9542416;2,3099594
33311;202000036999;9;1;2020;16:10;1;93;93010;2;9;2;3;QUATORZE-JUILLET (AV. DU);48,9294160;2,4975710
33312;202000037000;28;5;2020;10:30;1;63;63193;2;2;1;6;TREILLE (RUE DE LA);45,7699100;3,1944500
33313;202000037001;29;5;2020;00:52;5;63;63113;2;1;1;6;CHARRAS (AVENUE);45,7795400;3,0973500
33314;202000037002;29;5;2020;05:03;3;62;62525;1;1;1;6;BRUYERES (RTE DES...DE 31 A 95 ET 26 A 6;50,7271165;2,2463135
33315;202000037003;28;5;2020;19:45;1;62;62688;2;1;1;6;CHEMIN BLANC;50,4181300;1,6167000
33316;202000037004;29;5;2020;17:50;1;59;59286;2;1;1;6;JOFFRE RUE DU MARECHAL;50,6069200;2,9848300
33317;202000037005;28;5;2020;20:12;1;59;59648;2;2;1;5;CLEMENCEAU RUE;50,5995900;3,0532100
33318;202000037006;27;5;2020;18:00;1;57;57630;2;3;1;3;SARREGUEMINES;48,7463100;7,0630100
33319;202000037007;26;5;2020;16:50;1;56;56260;2;1;1;7;165  SENS LORIENT/NANTES (bretelle RN);47,6680000; -2,7712000
33320;202000037008;27;5;2020;20:00;1;56;56260;2;3;1;2;RICHEMONT(RUE);47,6564300; -2,7662400
33321;202000037009;29;5;2020;16:00;1;54;54395;2;1;1;2;MILLENAIRE (BOULEVARD DU);48,6776695;6,2079681
33322;202000037010;29;5;2020;00:30;3;54;54253;1;6;1;6;DEPARTEMENTALE 136;49,1892710;5,8933960
33323;202000037011;28;5;2020;13:25;1;53;53130;2;1;1;3;CHAPLET ( BOULEVARD FREDERIC );48,0661200; -0,7825300
33324;202000037012;21;5;2020;20:30;1;49;49007;2;1;1;7;RECULEE PROMENADE;47,4869800; -0,5499300
33325;202000037013;28;5;2020;14:57;1;49;49353;2;1;1;3;FOUCAUDIERE;47,4578000; -0,5148900
33326;202000037014;29;5;2020;12:00;1;45;45234;2;1;1;2;131 Rue du Faubourg Bannier;47,9158219;1,8991166
33327;202000037015;28;5;2020;19:45;1;42;42183;2;2;1;3;Avenue Maurice Thorez;45,4055500;4,3666800
33328;202000037016;28;5;2020;11:35;1;37;37208;2;1;1;3;BEAUGAILLARD (AVENUE);47,3588615;0,7218559
33329;202000037017;29;5;2020;10:40;1;37;37261;2;1;1;-1;REMPART (RUE DU);47,3922011;0,7029779
33330;202000037018;29;5;2020;07:45;1;37;37261;2;1;1;2;SAVONNIERES (ROUTE DE);47,3692619;0,6690981
33331;202000037019;29;5;2020;07:45;1;37;37214;2;1;1;2;MURIER (RUE DU);47,4217774;0,6630115
33332;202000037020;29;5;2020;08:20;1;35;35238;2;1;1;3;BEL AIR (DE);48,0937900; -1,6461500
33333;202000037021;29;5;2020;22:20;3;33;33281;1;1;1;6;CHEM DE LA PRINCESSE;44,8002600; -0,7045400
33334;202000037022;29;5;2020;20:45;1;33;33063;2;1;1;6;RUE HIPPOLYTE MINIER;44,8238000; -0,5675200
33335;202000037023;15;5;2020;18:30;1;33;33069;2;1;1;3;5  CRS LOUIS BLANC;44,8649700; -0,5992700
33336;202000037024;28;5;2020;20:15;1;31;31555;2;1;1;6;58 Avenue Jean Rieux;43,5962200;1,4623300
33337;202000037025;25;5;2020;15:48;1;31;31555;2;9;1;3;Avenue des Etats Unis;43,6479300;1,4220000
33338;202000037026;29;5;2020;20:20;1;30;30189;2;1;1;3;MENDES FRANCE PIERRE (AVENUE);43,8254000;4,3780200
33339;202000037027;29;5;2020;16:45;1;30;30189;2;1;1;6;PERRIER GENERAL (RUE);43,8386700;4,3574900
33340;202000037028;29;5;2020;13:50;1;29;29232;1;1;1;2;Route de Brest;48,0111503; -4,0796962
33341;202000037029;29;5;2020;09:25;1;29;29019;2;1;1;2;Pont de l'Harteloire;48,3927781; -4,4997923
33342;202000037030;23;5;2020;14:40;1;28;28220;2;1;1;6;BIENFAISANCE(RUE);48,4288020;1,4746270
33343;202000037031;28;5;2020;18:20;1;25;25462;2;1;1;6;LA FONTAINE;46,9084900;6,3535800
33344;202000037033;29;5;2020;16:10;1;14;14243;2;9;1;3;HOUSSAUE (AVENUE CHARLES);49,3899350;0,2048970
33345;202000037034;29;5;2020;17:15;1;13;13209;2;1;1;1;SAINTE MARGUERITE (BOULEVARD);43,2657600;5,4085500
33346;202000037035;29;5;2020;07:40;1;13;13208;2;1;1;6;PERIER (BOULEVARD);43,2797700;5,3866700
33347;202000037036;24;5;2020;18:55;1;13;13201;2;1;1;6;BELGES (QUAI DES);43,2954400;5,3743900
33348;202000037037;29;5;2020;01:54;5;13;13208;2;1;1;6;PARADIS (RUE);43,2747500;5,3847700
33349;202000037038;28;5;2020;11:00;1;13;13208;2;1;1;3;BARRAL (BOULEVARD);43,2648540;5,3937750
33350;202000037039;28;5;2020;09:45;1;13;13047;2;3;1;6;CAPELETTE ROUTE DE LA;43,4964000;4,9798000
33351;202000037040;29;5;2020;13:20;1;13;13001;2;6;1;-1;ISAAC JULES (AV);43,5427100;5,4549600
33352;202000037041;28;5;2020;21:00;2;11;11069;1;1;1;7;RD 6113;43,2050500;2,4054800
33353;202000037042;29;5;2020;19:40;2;06;06069;2;1;2;6;DRAGUIGNAN (ROUTE DE) - D2562-;43,6452100;6,8945640
33354;202000037043;28;5;2020;15:15;1;06;06027;2;1;1;2;BESSET AVENUE CYRILLE;43,6630200;7,1547400
33355;202000037044;28;5;2020;19:50;1;75;75114;2;1;1;2;BOULEVARD PERIPHERIQUE;48,8240040;2,3076690
33356;202000037045;29;5;2020;00:02;5;75;75119;2;1;1;6;BD PERIPHERIQUE EXTERIEUR;48,8989038;2,3934398
33357;202000037046;29;5;2020;08:55;1;75;75118;2;2;1;3;BOULEVARD NEY;48,8987158;2,3703678
33358;202000037047;29;5;2020;09:50;1;75;75117;2;4;1;3;AVENUE MAC MAHON;48,8773025;2,2944366
33359;202000037049;29;5;2020;18:00;1;75;75116;2;1;1;3;AVENUE VICTOR HUGO;48,8683340;2,2821910
33360;202000037050;27;5;2020;19:40;1;75;75116;2;2;1;2;AVENUE MARCEAU;48,8685350;2,2989090
33361;202000037051;29;5;2020;15:20;1;75;75114;2;4;1;3;AVENUE DU MAINE;48,8314607;2,3253810
33362;202000037052;29;5;2020;20:20;1;75;75113;2;1;1;-1;BOULEVARD DU GENERAL D ARMEE JEAN SIMON;48,8262700;2,3835470
33363;202000037053;29;5;2020;18:30;1;75;75112;2;1;1;3;ROUTE DE LA PYRAMIDE;48,8397910;2,4371170
33364;202000037054;28;5;2020;14:05;1;75;75112;2;1;1;2;BOULEVARD DIDEROT;48,8466300;2,3805480
33365;202000037055;29;5;2020;20:15;1;75;75110;2;2;1;3;RUE DU FAUBOURG SAINT MARTIN;48,8815943;2,3657459
33366;202000037056;29;5;2020;13:40;1;75;75110;2;2;1;3;BOULEVARD DE STRASBOURG;48,8754819;2,3578143
33367;202000037057;29;5;2020;20:05;1;75;75109;2;2;1;6;RUE DE LA CHAUSSEE D ANTIN;48,8742890;2,3327440
33368;202000037058;17;5;2020;17:20;1;75;75107;2;5;1;3;RUE DUPONT DES LOGES;48,8596570;2,3013390
33369;202000037059;29;5;2020;11:20;1;75;75107;2;2;1;2;QUAI D ORSAY;48,8628330;2,3134560
33370;202000037060;29;5;2020;13:17;1;75;75103;2;2;1;6;RUE DE TURBIGO;48,8659130;2,3581180
33371;202000037061;29;5;2020;15:35;1;75;75104;2;1;1;6;RUE SAINT ANTOINE;48,8536300;2,3670502
33372;202000037062;23;5;2020;13:00;1;75;75101;2;2;1;6;RUE DE RIVOLI;48,8598850;2,3439870
33373;202000037063;29;5;2020;00:25;5;94;94068;2;3;1;3;GENERAL GIRAUD (BD DU);48,7980400;2,4744200
33374;202000037064;27;5;2020;12:20;1;94;94041;2;1;1;3;PAUL VAILLANT COUTURIER (BD);48,8191300;2,3966900
33375;202000037065;27;5;2020;15:00;1;94;94002;2;2;1;3;JEAN BAPTISTE CLEMENT (QU);48,7982000;2,4205800
33376;202000037066;29;5;2020;15:00;1;93;93071;2;1;1;6;VICTOR HUGO (AVENUE);48,9310193;2,5279713
33377;202000037067;29;5;2020;18:22;1;93;93070;2;1;1;3;MICHELET(AV):N°1AU 103;48,9129503;2,3442167
33378;202000037068;28;5;2020;19:25;1;93;93066;2;2;1;6;R CASANOVA DANIELLE / COURS HENRI BARBUSSE;48,9265700;2,3659500
33379;202000037069;28;5;2020;20:40;5;93;93064;2;1;1;3;AV DU GENERAL DE GAULLE;48,8791732;2,4783529
33380;202000037070;29;5;2020;08:40;1;93;93053;2;2;1;3;ROGER SALENGRO (BLD);48,8795500;2,4486900
33381;202000037071;29;5;2020;17:40;1;93;93048;2;9;1;6;GABRIEL PERI (AVENUE);48,8580000;2,4372700
33382;202000037073;29;5;2020;17:15;1;93;93045;2;2;7;-1;R DE PARIS / AV GEORGES CLEMENCEAU;48,8814600;2,4214900
33383;202000037074;29;5;2020;23:00;5;93;93010;2;1;1;6;VILLEMOMBLE (RTE DE) DE 27 A FIN;48,8934143;2,4817207
33384;202000037075;29;5;2020;00:50;5;93;93055;2;1;1;3;AV JEAN JAURES;48,9073000;2,3960000
33385;202000037076;28;5;2020;19:35;1;92;92022;2;1;1;3;PAVE DES GARDES (ROUTE DU);48,8081700;2,1937100
33386;202000037077;29;5;2020;13:45;1;92;92048;2;2;7;1;GARDES (ROUTE DES) N° 5 A 51;48,8188276;2,2346566
33387;202000037078;29;5;2020;19:55;1;92;92040;2;1;1;6;GALLIENI (BOULEVARD);48,8283340;2,2675120
33388;202000037079;28;5;2020;17:35;1;92;92036;2;2;1;3;MARCEL PAUL (AVENUE) (1/103);48,9364540;2,3039200
33389;202000037080;29;5;2020;14:15;1;92;92035;2;3;1;2;Général de Gaulle  ( avenue du );48,9125831;2,2537878
33390;202000037082;27;5;2020;15:56;1;25;25009;1;1;1;1;17 Grande Rue;47,2644440;6,3256900
33391;202000037083;29;5;2020;08:30;2;49;49110;1;1;7;1;D192;47,5576390; -0,3988440
33392;202000037084;30;5;2020;16:30;1;31;31116;2;1;1;1;Rue du Pont Faure;43,6930540;1,4291514
33393;202000037085;30;5;2020;18:50;1;31;31423;1;1;7;6;500 Route de l'Isle En Dodon;43,4065990;1,0500100
33394;202000037086;29;5;2020;22:45;3;35;35085;1;2;1;3;La galonniere;48,3699570; -1,7627580
33395;202000037087;29;5;2020;16:20;1;74;74112;1;1;1;-1;D1508;45,9386500;6,0677580
33396;202000037088;29;5;2020;10:50;1;974;97414;2;1;1;2;3 Avenue Principale; -21,2829460;55,3989350
33397;202000037090;30;5;2020;05:00;3;65;65447;1;1;1;7;D28;43,1903620;0,2612530
33398;202000037091;28;5;2020;20:20;1;87;87021;2;1;1;3;21 Rue du Boucheron;45,7679980;1,2098100
33399;202000037092;29;5;2020;21:25;3;34;34077;1;1;1;3;2 Rue des Sophoras;43,6469372;3,8879317
33400;202000037093;30;5;2020;10:55;1;57;57295;1;3;7;3;RD 38;48,7956910;6,6062590
33401;202000037094;30;5;2020;14:15;1;74;74242;2;3;1;1;Route de l'Eglise;45,8322160;6,1619350
33402;202000037095;30;5;2020;10:36;1;67;67434;1;1;1;1;D23;48,9368740;7,0738210
33403;202000037096;29;4;2020;02:55;3;76;76421;1;4;1;7;372 Rue du Carreau;49,5514744;0,4316313
33404;202000037097;30;5;2020;15:30;1;2B;2B318;1;1;1;4;RT 10;42,4393020;9,5141820
33405;202000037098;30;5;2020;13:00;1;63;63357;1;1;7;6;D127;45,4665719;3,1270909
33406;202000037099;29;5;2020;15:55;1;61;61230;1;1;1;7;D11;48,5510750;0,7792570
33407;202000037100;29;5;2020;21:25;1;61;61063;1;2;1;3;D924;48,7022770; -0,3516270
33408;202000037102;30;5;2020;08:40;1;49;49223;2;1;1;3;Route de Nantes;47,3953640; -0,5567780
33409;202000037103;29;5;2020;15:00;1;47;47287;1;1;7;1;D656;44,1435370;0,4391530
33410;202000037104;29;5;2020;14:00;1;47;47168;2;3;1;1;Avenue Joliot Curie;44,6009970;0,3635620
33411;202000037105;30;4;2020;07:10;2;41;41166;1;2;2;3;D30;47,4052620;1,3687420
33412;202000037106;28;5;2020;16:30;1;68;68195;2;1;1;-1;Rue de Morschwiller;47,7568320;7,2750950
33413;202000037107;29;5;2020;17:40;1;25;25349;2;2;1;3;Grande Rue;47,1447810;6,4987670
33414;202000037108;30;5;2020;18:20;1;31;31224;1;5;1;3;Rue Lesponne;43,0609870;0,5922320
33415;202000037109;28;5;2020;08:50;1;38;38397;1;1;1;1;Route de Lancey;45,2408370;5,8515390
33416;202000037110;29;5;2020;20:20;1;15;15185;1;1;1;6;D3;45,3266550;2,6008840
33417;202000037111;30;5;2020;15:30;1;66;66124;1;1;1;1;D10;42,4985070;2,0560530
33418;202000037112;30;5;2020;19:15;1;60;60465;1;1;1;6;GR124;49,5426379;2,2227121
33419;202000037113;29;5;2020;15:23;1;60;60074;2;1;1;6;63 Grande Rue;49,2178900;2,3639390
33420;202000037114;30;5;2020;17:45;1;64;64274;1;1;1;7;D15 ;43,1749820; -1,2862160
33421;202000037115;29;5;2020;12:45;1;10;10080;1;1;1;2;D444;48,0333420;4,1343050
33422;202000037116;29;5;2020;10:45;1;40;40152;2;1;1;7;310 route du Souquet;43,9678940; -1,0533140
33423;202000037117;16;5;2020;01:40;3;24;24288;1;1;1;7;D11;44,9016120;0,1342940
33424;202000037118;29;5;2020;14:15;1;24;24270;1;1;7;6;D6089;45,1201845;0,9539732
33425;202000037119;29;5;2020;13:30;1;04;04137;1;1;1;5;RD 951;44,2690510;6,0046290
33426;202000037122;28;7;2020;07:35;1;34;34032;2;1;1;6;VERDUN (BD DE);43,3367800;3,2187500
33427;202000037123;30;5;2020;15:15;1;88;88302;1;1;1;2;4 La Roche des Chenes;47,9176870;6,7928820
33428;202000037124;30;7;2020;14:50;1;33;33281;2;1;1;6;SUR PARKING MERIGNAC-SOLEIL;44,8294700; -0,6554700
33429;202000037125;29;5;2020;10:25;1;88;88079;2;9;7;6;Rue Sainte-anne;48,2084800;5,8351940
33430;202000037127;30;5;2020;13:25;1;77;77100;1;1;1;6;A5;48,5120549;2,8276221
33431;202000037128;30;7;2020;02:20;4;31;31069;1;1;1;2;VA001490 A621;43,6308200;1,3821300
33432;202000037129;29;5;2020;20:15;1;69;69242;1;1;7;6;A6;46,1172060;4,7632030
33433;202000037130;29;7;2020;14:18;1;31;31555;1;1;1;3;VA007331 A620;43,5745745;1,4474541
33434;202000037131;28;5;2020;17:45;5;987;98747;1;1;1;1;RT.4 à hauteur du PK1+500 à TARAVAO; -17,7331872; -149,3152475
33435;202000037133;30;7;2020;19:13;1;29;29039;2;2;1;3;Rue Jules Ferry;47,8720509; -3,9085750
33436;202000037134;29;5;2020;05:35;1;77;77367;1;2;1;3;D405;49,0472000;2,9970150
33437;202000037135;29;7;2020;21:55;1;29;29019;2;3;1;3;Rue Jean Jaurès;48,3983300; -4,4736600
33438;202000037136;30;5;2020;16:00;1;77;77370;1;2;1;3;D225;48,2516890;2,7616050
33439;202000037137;28;7;2020;15:15;1;27;27229;2;1;1;3;ALLENDE (BOULEVARD DU PRESIDENT);49,0043960;1,1474480
33440;202000037138;29;7;2020;09:05;1;18;18279;2;1;7;2;PASTEUR ( RUE );47,2202500;2,0825800
33441;202000037139;29;5;2020;17:05;1;95;95054;1;1;1;5;D43;49,1547186;1,8823274
33442;202000037140;30;7;2020;17:56;1;17;17274;2;1;1;6;CHATEAU   RUE DU;46,1546200; -1,0954300
33443;202000037141;29;5;2020;15:00;1;2B;2B148;1;1;2;2;Lucciana;42,5273260;9,4558810
33444;202000037142;29;7;2020;20:50;1;13;13026;2;1;1;6;ECRINS (rue des);43,3887700;5,1737100
33445;202000037143;30;7;2020;18:25;1;13;13205;2;1;1;2;BAILLE (BOULEVARD);43,2886706;5,3940606
33446;202000037144;30;5;2020;02:30;3;84;84138;1;1;1;6;D142;44,3712290;4,9569900
33447;202000037145;30;7;2020;13:45;1;13;13210;2;2;1;3;PAUL CLAUDEL (BOULEVARD);43,2690439;5,4204214
33448;202000037146;30;5;2020;12:20;1;83;83042;1;6;1;2;32 Avenue des Narcisses;43,2580340;6,5627000
33449;202000037147;30;7;2020;09:20;1;13;13201;2;3;1;3;FRANCIS DAVSO (RUE );43,2927990;5,3747860
33450;202000037149;29;7;2020;16:30;1;13;13201;2;2;1;3;BERNEX (RUE)    IMPAIRS;43,3006400;5,3883900
33451;202000037150;26;5;2020;16:20;1;67;67101;2;3;1;3;Grand'Rue;48,5244350;7,4911950
33452;202000037151;28;5;2020;23:15;3;42;42326;1;1;1;6;Route de Roisey;45,3756340;4,6730090
33453;202000037152;29;5;2020;20:30;1;42;42065;1;8;1;6;3115 Route de Feurs;45,7553970;4,2312270
33454;202000037153;30;7;2020;10:45;1;13;13005;2;3;1;3;CD 2 (CAMP MAJOR);43,2923800;5,5558200
33455;202000037154;29;5;2020;19:16;1;01;01262;1;1;1;1;Route de Saint Andre de Corcy;45,8742530;5,0426120
33456;202000037155;29;5;2020;22:00;2;29;29001;1;1;1;6;Lieu-dit Pen Ar Prat;48,2632840; -4,3044090
33457;202000037156;30;5;2020;07:42;1;27;27275;2;6;1;3;D6015;49,1572960;1,3486350
33458;202000037157;30;7;2020;15:26;1;10;10362;1;1;1;4;ROCADE OUEST (RD 610);48,2915400;4,0350700
33459;202000037158;30;7;2020;07:15;1;10;10081;1;1;7;6;NECKARBISCHOFSHEIM (CD);48,3094700;4,0226400
33460;202000037160;30;7;2020;20:40;1;09;09225;1;9;1;3;ROUTE NATIONALE 20;43,1363000;1,6203000
33461;202000037161;30;5;2020;11:39;1;80;80685;2;1;1;6;Rue de Paris;49,6976400;2,7898000
33462;202000037162;29;7;2020;20:23;5;08;08105;2;3;1;3;WARCQ;49,7600000;4,7000000
33463;202000037164;30;7;2020;08:56;1;06;06088;2;3;1;6;CESSOLE (BD DE) (A PARTIR DU 101-114);43,7111500;7,2555700
33464;202000037165;29;5;2020;09:10;1;13;13055;1;1;1;7;A507 sens Marseille - Aubagne;43,3299899;5,3926432
33465;202000037166;29;7;2020;17:15;1;06;06104;2;3;1;3;VERDUN (AVENUE DE, N° 131 ET +);43,7608340;7,4708230
33466;202000037168;27;7;2020;18:20;1;75;75114;2;1;1;4;BOULEVARD PERIPHERIQUE;48,8164610;2,3416710
33467;202000037169;30;7;2020;17:10;1;75;75119;2;2;1;6;RUE DE CRIMEE;48,8830070;2,3855440
33468;202000037170;29;7;2020;22:20;3;75;75117;2;1;1;6;RUE BRUNEL;48,8771310;2,2885280
33469;202000037171;30;7;2020;19:50;1;75;75116;2;1;1;3;BOULEVARD PERIPHERIQUE INTERIEUR OUEST;48,8681400;2,2700000
33470;202000037172;29;7;2020;09:55;1;75;75116;2;4;1;3;VOIE GEORGES POMPIDOU;48,8490990;2,2765500
33471;202000037173;30;7;2020;18:45;2;75;75115;2;3;1;3;RUE MADEMOISELLE;48,8436340;2,2964850
33472;202000037174;29;7;2020;18:30;1;75;75115;2;1;1;6;RUE DE LA CONVENTION;48,8385000;2,2936320
33473;202000037176;30;7;2020;13:25;1;75;75114;2;4;1;-1;RUE LIARD;48,8214510;2,3424860
33474;202000037177;30;7;2020;17:10;1;75;75113;2;1;1;-1;BOULEVARD KELLERMANN;48,8193200;2,3576300
33475;202000037178;30;7;2020;15:35;1;75;75113;2;2;1;3;PORTE D IVRY;48,8197130;2,3729280
33476;202000037179;30;7;2020;12:30;1;75;75112;2;2;1;6;BOULEVARD DIDEROT;48,8461240;2,3760010
33477;202000037180;29;7;2020;12:24;1;75;75112;2;3;1;7;BOULEVARD PONIATOWSKI;48,8342980;2,4044180
33478;202000037181;28;7;2020;13:00;1;75;75112;2;1;1;6;BOULEVARD PONIATOWSKI;48,8302160;2,3930720
33479;202000037183;30;7;2020;16:15;1;75;75109;2;3;1;3;RUE LA FAYETTE;48,8741110;2,3371730
33480;202000037184;26;7;2020;15:30;1;75;75109;2;2;1;6;RUE RICHER;48,8740260;2,3453540
33481;202000037185;30;7;2020;13:30;1;75;75109;2;3;1;3;BOULEVARD POISSONNIERE;48,8709200;2,3467750
33482;202000037186;30;7;2020;21:30;5;75;75101;2;4;1;3;AVENUE DE L OPERA;48,8677500;2,3335730
33483;202000037187;30;7;2020;19:10;1;94;94015;2;1;1;6;COULONS (R DES);48,8369255;2,5250506
33484;202000037189;29;7;2020;20:25;2;94;94028;2;9;1;4;HALPERN.(AVENUE BERNARD);48,7929300;2,4435800
33485;202000037190;30;7;2020;12:00;1;94;94059;2;1;1;3;MAURICE BERTEAUX (AV);48,8127020;2,5668260
33486;202000037191;30;7;2020;15:15;1;94;94018;2;1;1;-1;BERCY (QU DE);48,8254730;2,3931090
33487;202000037192;30;7;2020;09:50;1;94;94018;2;2;1;6;WINSTON CHURCHILL (AV);48,8245500;2,4054500
33488;202000037194;29;7;2020;18:59;1;93;93053;2;1;1;3;BREMENT (RUE DE) 109 A 235 - 110 A ...;48,8882485;2,4595731
33489;202000037195;30;7;2020;18:15;1;93;93010;2;1;1;6;BLUM (AV. LEON);48,9152464;2,4789602
33490;202000037197;8;12;2020;15:25;1;94;94042;2;9;1;6;PRESIDENT JOHN KENNEDY (AV DU);48,8166790;2,4660720
33491;202000037198;9;12;2020;21:32;5;94;94016;2;1;1;6;MARCEL BONNET (R);48,7957100;2,3263000
33492;202000037199;29;7;2020;18:30;1;93;93001;2;4;1;1;LUCIEN LEFRANC (QUAI);48,9124000;2,3731000
33493;202000037200;9;12;2020;11:40;1;94;94003;2;3;1;3;LAPLACE (AV);48,8078600;2,3334900
33494;202000037201;30;7;2020;13:06;1;92;92072;2;1;1;3;GRANDE RUE;48,8247250;2,2139010
33495;202000037202;9;12;2020;21:45;5;94;94021;2;9;9;3;STALINGRAD (AV DE);48,7716300;2,3670600
33496;202000037203;28;7;2020;00:32;5;92;92063;2;2;1;3;COLMAR (AVENUE DE);48,8871800;2,1795200
33497;202000037204;9;12;2020;09:20;1;94;94021;2;1;1;2;D'AVIGNON (RUE) MIN;48,7624900;2,3509700
33498;202000037205;30;7;2020;19:45;1;92;92050;2;2;1;1;POINCARE RAYMOND RUE;48,8880479;2,1903965
33499;202000037206;9;12;2020;17:10;5;94;94022;2;7;1;3;DOCTEUR ROUX (R DU);48,7710300;2,4035200
33500;202000037207;19;11;2020;16:20;1;93;93066;2;1;2;6;DESNOS ROBERT;48,9406000;2,3714200
33501;202000037208;9;12;2020;08:35;1;93;93062;2;6;1;6;GAMBETTA (ALLEE);48,8948813;2,5133653
33502;202000037209;8;12;2020;21:25;5;93;93051;2;1;1;3;MEDERIC (AVENUE);48,8293820;2,5723536
33503;202000037210;27;7;2020;18:40;1;92;92024;2;1;1;2;ASNIERES (ROUTE D');48,9018900;2,2911200
33504;202000037211;9;12;2020;07:25;2;93;93027;2;1;1;2;SALENGRO (AVENUE ROGER);48,9388700;2,3878500
33505;202000037212;9;12;2020;06:00;5;93;93008;2;1;1;6;ROME (RUE DE);48,9104549;2,4693499
33506;202000037213;30;7;2020;08:55;1;92;92004;2;3;1;3;MENIL;48,9252319;2,2759496
33507;202000037214;31;7;2020;15:20;1;14;14764;1;1;1;1;D511;48,8795900; -0,4005290
33508;202000037215;9;12;2020;11:35;1;93;93007;2;2;8;5;HENRI BARBUSSE (AVENUE);48,9413691;2,4638593
33509;202000037216;30;7;2020;18:47;1;68;68112;2;1;1;3;Route d'Issenheim;47,9019730;7,2323080
33510;202000037217;7;12;2020;18:10;5;92;92078;2;9;1;3;GALLIENI (BD) (1 A 79 ET 22 A 102);48,9267550;2,3291470
33511;202000037218;31;7;2020;16:50;1;81;81238;1;3;1;3;D612;43,4831620;2,4735760
33512;202000037219;12;6;2020;09:00;1;92;92040;2;1;2;6;JEAN JACQUES ROUSSEAU;48,8218355;2,2537476
33513;202000037220;8;12;2020;22:00;4;92;92025;2;1;1;6;CERISIERS (DES) (RUE   VILLA);48,9200077;2,2554870
33514;202000037221;30;7;2020;17:45;1;85;85159;2;2;7;1;Rue Victor Hugo;46,4710900; -1,0248300
33515;202000037222;9;12;2020;13:30;1;92;92004;2;2;1;3;ALBERT 1ER;48,9145623;2,2831614
33516;202000037223;31;7;2020;17:30;1;974;97412;1;1;1;6;168 Rue Jean de Cambiaire; -21,3546720;55,6058680
33517;202000037224;22;10;2020;18:30;1;51;51224;1;2;1;3;N4/D58E2;48,6962246;4,6936381
33518;202000037225;5;12;2020;15:10;1;972;97216;1;1;1;2;RN1;14,8276590; -61,0336880
33519;202000037226;31;7;2020;16:45;1;71;71167;2;1;1;1;3 Route de Verjux;46,8359470;4,9921010
33520;202000037227;8;12;2020;13:15;1;27;27507;2;1;1;6;40 Rue de Mousseaux;48,9068910;1,2836240
33521;202000037228;9;12;2020;10:30;1;23;23101;1;1;2;7;Le breuil RD16;46,2680110;1,9312490
33522;202000037229;31;7;2020;18:00;1;63;63427;1;1;4;7;A89;45,9627550;3,0253600
33523;202000037230;10;12;2020;07:50;2;2B;2B150;1;1;2;6;route territoriale 30;42,5894890;8,8359260
33524;202000037232;9;12;2020;12:45;1;32;32090;1;1;2;6;D39;43,5597600;1,0063650
33525;202000037233;30;7;2020;13:00;1;83;83031;1;1;1;3;Chemin des Ribbas;43,4058350;6,3535580
33526;202000037234;8;12;2020;22:00;3;11;11262;1;1;1;6;D6009;43,2219400;3,0425690
33527;202000037235;31;7;2020;10:30;1;56;56070;1;3;1;3;Le Bas de la Lande;47,9521710; -2,5664230
33528;202000037236;8;12;2020;12:50;1;63;63023;1;1;4;1;D996;45,6034700;3,5097460
33529;202000037237;30;7;2020;16:00;1;78;78565;2;4;1;6;Chemin de Saint-Prix;48,8816440;1,7333720
33530;202000037238;10;12;2020;13:00;1;63;63273;2;2;2;3;rue de bellerive;45,7282700;3,2271430
33531;202000037240;31;7;2020;00:50;3;80;80571;1;1;1;6;D920;49,7634430;2,4371190
33532;202000037241;28;11;2020;11:40;1;22;22152;2;9;7;6;Z.a. de Kerfolic;48,7772550; -3,2459770
33533;202000037242;30;7;2020;21:45;3;80;80779;1;2;1;1;Rue de Caours;50,1155700;1,8889940
33534;202000037243;9;12;2020;19:30;3;31;31383;1;1;1;6;RD15;43,7800360;1,5271190
33535;202000037245;29;7;2020;18:30;1;80;80649;2;1;1;1;5 Avenue Henri Renard;50,3205290;1,5600480
33536;202000037246;31;7;2020;19:00;1;32;32147;1;1;1;6;Gimont;43,6190010;0,8681950
33537;202000037248;10;12;2020;16:00;1;60;60560;1;2;1;3;D1324;49,2233080;2,7395440