;Num_Acc;jour;mois;an;hrmn;lum;dep;com;agg;int;atm;col;adr;lat;long
33538;202000037249;30;7;2020;18:05;1;11;11272;2;4;1;3;Rue la Captorta;43,1733382;2,3886440
33539;202000037250;7;12;2020;07:10;3;43;43152;1;1;4;3;D136;45,0612300;3,8631110
33540;202000037251;10;12;2020;06:55;3;07;07089;1;1;5;6;Route départementale 820;45,3097665;4,7525015
33541;202000037252;31;7;2020;09:45;1;71;71442;2;3;7;6;Rue du Lieutenant Chauveau;46,8460089;4,6349014
33542;202000037253;1;12;2020;07:08;3;24;24584;1;1;2;7;Le Montarut;44,9484940;0,0683750
33543;202000037254;30;7;2020;15:57;1;63;63006;1;1;1;7;D23;45,3512061;3,0535252
33544;202000037255;9;12;2020;23:45;5;971;97121;1;1;1;6;Lieu Dit Baillargent;16,2575680; -61,8043180
33545;202000037256;31;7;2020;07:30;1;61;61290;1;1;1;6;Haut Palais;48,6763970; -0,2504110
33546;202000037257;9;12;2020;19:45;5;77;77128;2;1;5;7;Route de Crecy;48,8773860;2,8682310
33547;202000037258;26;7;2020;15:00;1;55;55467;1;1;1;6;D11 PK 1+980;48,8104530;5,4884860
33548;202000037259;8;12;2020;13:50;1;2B;2B042;2;1;1;6;route de la gare;42,5628800;9,4452170
33549;202000037260;20;7;2020;17:00;1;46;46115;1;1;1;7;D673 PK 13;44,8584700;1,9222210
33550;202000037261;10;12;2020;18:45;3;66;66164;1;1;2;1;D12 proximité intresection VINGRAU;42,7928180;2,8822800
33551;202000037262;30;7;2020;15:00;1;47;47065;1;1;1;1;Le Bosc;44,3726830;0,4287800
33552;202000037263;10;12;2020;01:05;3;84;84074;1;1;1;6;D32;43,7530200;5,1809070
33553;202000037264;25;7;2020;22:58;3;34;34332;1;1;1;7;Chemin Saint Louis;43,3031950;3,4329060
33554;202000037266;31;7;2020;11:30;1;22;22041;1;1;1;7;Pen An Guer;48,6647490; -3,2452800
33555;202000037267;10;12;2020;11:25;1;09;09044;1;1;2;1;route départementale 11 PK 3+500;43,0177880;1,5289660
33556;202000037268;31;7;2020;14:00;1;39;39368;2;3;1;6;Morez - 12 Avenue Charles de Gaulle;46,5239880;6,0223420
33557;202000037269;10;12;2020;16:00;1;44;44025;1;3;1;-1;Rue de l'Indève;47,4193000; -1,9755970
33558;202000037270;30;7;2020;20:30;1;35;35194;1;1;7;6;33 Route de la Robiquette;48,1366080; -1,2638480
33559;202000037271;10;12;2020;05:20;3;60;60700;1;1;1;6;D1001;49,3963120;2,1395440
33560;202000037272;30;7;2020;23:40;3;29;29101;2;1;1;6;16 Route des Anges;48,5980810; -4,5643880
33561;202000037273;9;12;2020;18:00;3;59;59482;1;1;1;6;Hameau du Chien;50,7116660;3,0261705
33562;202000037274;31;7;2020;17:20;1;38;38182;1;1;7;3;D1085;45,3662800;5,4175400
33563;202000037275;4;12;2020;08:55;1;13;13211;1;1;2;4;A50-Sens Aubagne vers Marseille;43,2909400;5,4500800
33564;202000037276;30;7;2020;20:19;2;03;03126;1;1;1;6;Route de Brugheas;46,0801530;3,4364651
33565;202000037277;9;12;2020;17:45;5;33;33550;1;1;1;2;ROCADE A 630;44,7867800; -0,5415300
33566;202000037278;31;7;2020;17:30;1;58;58215;1;1;1;3;D38;47,2712950;3,0004260
33567;202000037279;8;12;2020;08:12;3;59;59574;1;1;2;6;AUTOROUTE A 21;50,3572280;3,2624210
33568;202000037280;31;7;2020;03:30;3;60;60591;2;6;1;6;Chemin de la Fontaine Qui Bout;49,4221690;1,9784720
33569;202000037281;3;12;2020;08:25;3;59;59205;1;1;1;6;AUTOROUTE A 21;50,3275080;3,3364390
33570;202000037282;31;7;2020;14:18;1;73;73010;1;1;1;3;D1201 - 2080 Rue du Revard;45,7680840;5,9382550
33571;202000037283;9;12;2020;07:45;2;91;91689;1;1;1;2;AUTOROUTE A6;48,7346000;2,3164400
33572;202000037284;31;7;2020;09:10;1;07;07185;1;1;1;3;D115 pk 9;45,1378560;4,6452000
33573;202000037285;9;12;2020;12:10;1;92;92047;1;1;1;6;A13;48,8336666;2,1639026
33574;202000037286;31;7;2020;19:55;1;53;53174;1;3;1;2;lieu-dit la couture;48,3221310; -0,6469540
33575;202000037287;29;7;2020;18:15;1;53;53097;2;1;1;3;38 Rue Sainte Suzanne;48,1514650; -0,3964450
33576;202000037288;9;12;2020;07:43;2;78;78423;1;1;5;6;N12W;48,7968310;2,0219920
33577;202000037289;9;12;2020;10:30;1;95;95582;1;1;2;6;RD 170;48,9633000;2,2661200
33578;202000037290;9;12;2020;07:30;3;93;93010;1;1;1;2;AUTOROUTE A3;48,9010500;2,4701000
33579;202000037291;8;12;2020;19:00;4;93;93053;1;1;1;2;AUTOROUTE A3;48,8794700;2,4501300
33580;202000037292;30;7;2020;19:45;1;40;40313;1;1;1;6;Route de Mugron;43,8190770; -0,8016370
33581;202000037293;8;12;2020;18:10;5;95;95018;1;1;1;2; A15;48,9523900;2,2797600
33582;202000037294;30;7;2020;20:30;1;24;24188;1;1;1;6;La Tridarie;45,1106490;1,0000780
33583;202000037295;8;12;2020;15:30;1;93;93066;1;1;1;7;AUTOROUTE A1;48,9103300;2,3579700
33584;202000037296;31;7;2020;03:50;3;27;27333;2;2;1;6;D3;49,3342080;1,6604860
33585;202000037298;29;7;2020;14:45;1;87;87051;1;1;7;1;D43;45,5836690;1,5915210
33586;202000037299;30;7;2020;18:58;1;37;37001;1;1;1;2;RD 750 ABILLY;46,9145873;0,7205909
33587;202000037300;31;7;2020;08:45;1;30;30003;1;1;1;6;D62;43,5660420;4,1646770
33588;202000037301;7;12;2020;20:00;5;93;93066;1;1;1;2;AUTOROUTE A1;48,9193600;2,3575400
33589;202000037303;7;12;2020;09:15;1;93;93007;1;1;1;2;AUTOROUTE A3;48,9359000;2,4805200
33590;202000037304;30;9;2020;21:30;3;19;19148;1;1;1;6;Départementale 982;45,2897730;2,2891040
33591;202000037305;18;9;2020;11:55;1;02;02691;2;1;1;6;FONTAINE-COUPE (RUE);49,8485900;3,2975400
33592;202000037306;31;7;2020;01:20;3;30;30055;1;1;1;6;D6;44,1244870;4,2360130
33593;202000037307;8;12;2020;21:23;5;988;98818;2;2;1;3;AVENUE DU MARECHAL FOCH/AVENUE VICTOIRE HENRI LAFLEUR; -22,2743300;166,4428100
33594;202000037308;31;7;2020;10:45;1;31;31341;1;1;1;1;1543 Route de Toulouse;43,7348170;1,3166110
33595;202000037309;30;7;2020;21:05;2;58;58296;1;1;1;1;N7;46,6941150;3,2119670
33596;202000037310;8;12;2020;17:00;1;973;97302;2;3;1;3;MADELEINE (ROUTE DE LA);4,9128757; -52,3208763
33597;202000037311;30;7;2020;08:25;1;78;78009;1;1;1;6;A10;48,4827080;1,9124790
33598;202000037312;30;7;2020;13:20;1;11;11202;2;1;1;7;Avenue de Septimanie;42,8597420;3,0411640
33599;202000037313;30;7;2020;14:55;1;988;98811;1;3;1;2;RT1/ROUTE DE LA NEA; -21,0563480;164,8459800
33600;202000037314;24;9;2020;19:45;3;12;12025;1;1;2;7;D32;43,8364460;2,7448230
33601;202000037315;26;9;2020;22:20;3;46;46324;1;1;2;6;Route départementale D12;44,5842280;1,3922220
33602;202000037316;31;7;2020;16:20;1;976;97608;2;1;1;1;Boulevard des Amoureux; -12,7891080;45,2798470
33603;202000037318;21;1;2020;21:25;5;973;97302;2;2;1;3;MIRZA (CITE);4,9358644; -52,3246890
33604;202000037319;8;12;2020;12:15;1;973;97302;2;1;1;2;MONTABO (ROUTE DE) 2;4,9380236; -52,2991276
33605;202000037320;31;7;2020;01:15;3;971;97116;1;3;1;3;N5;16,3213600; -61,4207300
33606;202000037321;26;7;2020;07:00;1;28;28371;1;1;7;2;D 116;48,8451890;1,3947920
33607;202000037322;8;12;2020;19:10;5;69;69386;2;2;2;3;MICHEL RAMBAUD                      (R );45,7690300;4,8605000
33608;202000037324;25;9;2020;11:00;1;41;41214;2;3;8;3;D19;47,9257540;1,2071870
33609;202000037325;8;12;2020;13:35;1;69;69383;2;1;2;6;ESPERANCE (DE L')                   (R );45,7575452;4,8747531
33610;202000037326;7;12;2020;11:00;1;69;69386;2;2;1;6;VIABERT (DE LA)                     (R );45,7663000;4,8618700
33611;202000037327;8;12;2020;15:15;1;972;97209;1;1;1;4;AUTOROUTE (A1);14,6159300; -61,0439400
33612;202000037328;8;12;2020;07:20;1;972;97209;2;1;1;1;MFME (RTE DE LA);14,6339300; -61,0356600
33613;202000037329;27;9;2020;15:15;1;35;35169;1;1;1;3;L'Emeheuc;47,9642320; -2,0160610
33614;202000037330;31;7;2020;00:38;3;66;66037;1;1;1;1;D81;42,6659020;3,0329990
33615;202000037331;27;9;2020;17:15;1;29;29146;2;1;1;7;Lieu-dit Méros (Chemin);47,9060992; -3,8853192
33616;202000037332;7;12;2020;07:22;1;971;97101;2;1;1;6;MARECHAL LECLERC;16,2569669; -61,5297782
33617;202000037333;30;7;2020;22:10;3;84;84003;1;9;1;1;D900 -- Lieu dit Pont Julien;43,8791830;5,3849640
33618;202000037334;7;12;2020;05:50;2;971;97120;2;3;1;6;Amitié des peuples;16,2441400; -61,5412700
33619;202000037335;30;7;2020;15:20;1;71;71223;1;1;1;1;D3;46,9777405;4,1699380
33620;202000037336;7;12;2020;17:05;1;91;91103;2;3;1;6;RUE DU MESNIL;48,6122200;2,2979800
33621;202000037337;31;7;2020;10:25;1;71;71169;1;2;1;3;Route du Moulin Satin;46,3120193;4,7566703
33622;202000037338;27;9;2020;19:05;3;70;70563;1;1;1;7;D9;47,5790340;6,2471760
33623;202000037339;30;7;2020;17:24;1;67;67338;2;1;1;1;Rue de Colmar;48,3592560;7,6893360
33624;202000037341;28;9;2020;08:00;1;14;14092;2;1;1;6;Rue Val Es Dunes;49,1218280; -0,2986100
33625;202000037342;24;9;2020;07:00;2;14;14456;2;1;1;6;Rue Pierre Cingal;49,1129520; -0,1644570
33626;202000037343;31;7;2020;16:10;1;42;42168;1;1;1;7;D63;45,4128900;4,6236240
33627;202000037344;28;9;2020;10:40;1;50;50484;2;1;7;6;Rue du Bassin;48,5781120; -1,0918360
33628;202000037345;30;7;2020;22:20;3;69;69136;1;1;1;6;Route Departementale 42;45,6518180;4,7488830
33629;202000037346;4;12;2020;12:05;1;91;91471;2;9;7;3;MONTHLERY (ROUTE DE);48,6975400;2,1893990
33630;202000037347;30;7;2020;17:30;1;09;09241;1;1;1;6;cd 23 BANAT;42,8514910;1,5577840
33631;202000037348;8;12;2020;16:55;2;91;91421;2;1;1;6;MAINVILLE (RUE DE);48,6973100;2,4528900
33632;202000037349;8;12;2020;10:40;1;91;91215;2;1;1;6;AV DU HUIT MAI 1945;48,6980200;2,5216500
33633;202000037351;8;12;2020;16:35;1;91;91286;2;1;1;6;MURIERS (RUE DES);48,6559400;2,3824000
33634;202000037352;24;7;2020;16:40;1;47;47157;1;1;1;1;D813;44,5166400;0,1247980
33635;202000037353;28;9;2020;16:00;1;60;60233;2;3;1;3;50 Rue de la Maladrerie;49,6429110;1,8539880
33636;202000037354;6;2;2020;07:47;2;72;72154;2;1;1;6;Boulevard de la République;47,6989380; -0,0695280
33637;202000037355;5;12;2020;19:00;3;80;80021;2;2;2;3;PAUL SAUTAI (RUE);49,8857500;2,3024800
33638;202000037356;31;7;2020;18:30;1;56;56023;1;1;1;6;Kerstran;47,6906000; -3,0333500
33639;202000037357;5;12;2020;18:30;5;80;80021;2;1;2;6;FLATTERS (RUE);49,8950200;2,2992400
33640;202000037358;30;7;2020;18:30;1;22;22076;1;1;1;3;D17;48,5528230; -2,3654506
33641;202000037359;5;12;2020;15:40;1;80;80021;2;1;2;3;EUROPE (AVENUE DE L');49,9235200;2,3052100
33642;202000037360;31;7;2020;09:30;1;60;60446;1;1;1;7;départementale 922;49,1401601;2,7891829
33643;202000037361;28;9;2020;16:30;1;64;64060;1;1;1;4;D2;43,3293620; -0,4793430
33644;202000037362;31;7;2020;18:00;1;60;60551;1;1;1;7;RD110;49,2883860;2,3826440
33645;202000037363;24;9;2020;14:10;1;18;18141;2;1;1;1;Rue Maurice Gorse;47,1523550;2,2000770
33646;202000037364;27;9;2020;06:20;3;18;18041;1;1;3;6;Les Perouses;46,6315840;2,5448800
33647;202000037365;31;7;2020;07:45;1;60;60089;1;2;1;3;D153;49,2226430;1,8850990
33648;202000037367;26;9;2020;17:50;1;36;36192;2;6;1;3;26 Avenue Charles de Gaulle;46,6333995;1,4276193
33649;202000037368;27;9;2020;15:30;1;40;40312;2;1;1;3;Boulevard de la Yayi;43,5467740; -1,4608200
33650;202000037369;30;7;2020;17:40;1;13;13216;1;1;1;7;A55-Sens Marseille vers Martigues;43,3590310;5,3441850
33651;202000037370;4;12;2020;23:44;3;80;80164;2;1;1;7;RD929;49,9222862;2,3736048
33652;202000037371;27;9;2020;21:50;3;27;27428;1;1;2;6;D840;49,1458500;0,9136730
33653;202000037372;30;7;2020;17:20;1;13;13055;1;1;1;4;A507 sens Marseille - Aubagne;43,2900005;5,4243506
33654;202000037373;26;9;2020;14:15;1;17;17187;2;3;8;3;D148;45,4405010; -0,5135200
33655;202000037375;26;9;2020;16:45;1;87;87028;1;1;1;7;C203 - Reculat;46,2233150;0,9385590
33656;202000037376;10;9;2020;16:00;1;08;08178;1;1;1;1;D946;49,6444920;4,1727340
33657;202000037377;8;12;2020;16:20;1;79;79191;2;3;1;3;64 Rue de Cholette;46,3417300; -0,4573500
33658;202000037378;2;7;2020;13:05;1;24;24073;1;2;8;2;D29e2;44,8694430;0,8101560
33659;202000037379;8;12;2020;15:40;1;79;79191;2;1;1;6;181 Avenue de Paris;46,3276000; -0,4482200
33660;202000037380;29;7;2020;18:40;1;13;13026;1;1;1;4;A55-Sens Marseille vers Martigues;43,3729900;5,1906000
33661;202000037381;16;8;2020;02:58;3;977;97701;2;1;1;7;rt210 entre le rond point de la tourmente et l'oeuf;17,9064670; -62,8476760
33662;202000037382;28;7;2020;15:20;1;83;83144;1;1;1;5;A57;43,1334900;5,9847600
33663;202000037383;7;12;2020;17:00;2;77;77285;2;1;1;6;LIBERATION (AVENUE DE LA);48,5476700;2,6396600
33664;202000037384;27;9;2020;17:40;2;77;77031;1;1;2;6;N4;48,6843380;2,9385320
33665;202000037385;15;10;2020;19:41;5;95;95210;2;1;2;3;DE GAULLE (RUE DU GENERAL);48,9718000;2,3085000
33666;202000037386;2;7;2020;22:25;5;33;33080;2;3;1;6;Avenue du General de Gaulle;44,7520330; -0,5337970
33667;202000037387;2;7;2020;22:30;3;49;49162;2;1;1;7;lieu dit le moulin moine;47,2014530; -0,9685460
33668;202000037388;23;10;2020;13:05;1;91;91216;2;1;1;6;PETIT VAUX  (GARE);48,6758400;2,3339100
33669;202000037389;3;7;2020;12:15;1;60;60009;2;1;1;6;rue de la mairie;49,4045440;2,1115960
33670;202000037390;3;7;2020;08:35;1;02;02701;2;1;1;6;155 Route Nationale;48,9751960;3,3059140
33671;202000037391;8;12;2020;00:30;5;77;77018;1;1;8;6;AV PAUL SERAMY;48,8500990;2,8062670
33672;202000037392;28;7;2020;12:45;1;83;83123;1;1;1;5;A50;43,1293100;5,8168300
33673;202000037393;26;9;2020;17:00;1;78;78590;1;1;2;3;Départementale 202, route des ESSARTS;48,6933680;1,9625190
33674;202000037394;27;10;2020;10:25;1;91;91421;2;1;1;6;REPUBLIQUE (AVENUE DE LA);48,7038100;2,4611800
33675;202000037395;2;7;2020;17:25;1;62;62589;1;2;1;1;Chaussée Brunehaut;50,3451463;2,6943074
33676;202000037396;26;10;2020;12:25;1;91;91027;2;2;1;3;RTE NATIONALE 7;48,7160900;2,3712400
33677;202000037397;24;10;2020;18:20;1;86;86158;1;1;1;-1;N147;46,6320430;0,2923770
33678;202000037398;27;10;2020;08:40;1;83;83144;2;9;7;6;TREMOLIERE (AVE);43,1364900;5,9813100
33679;202000037399;2;7;2020;06:45;2;59;59010;1;1;1;6;D630;50,1590650;3,1234000
33680;202000037400;14;10;2020;12:15;1;83;83129;2;1;1;3;SEVERIN SAURIN (RUE);43,0924600;5,8388100
33681;202000037402;7;12;2020;18:50;5;77;77320;2;1;1;5;MARECHAL LECLERC (AVENUE DU);48,8212200;3,0468400
33682;202000037403;26;9;2020;18:15;1;78;78601;1;1;1;7;Nationale 10;48,5798440;1,8315840
33683;202000037405;2;7;2020;15:55;1;13;13106;1;1;1;2;A7-Sens Marseille vers Lyon;43,3953760;5,3506200
33684;202000037406;25;7;2020;08:15;1;69;69287;1;1;1;2;A43   9.894 A 13.029;45,6841800;5,0058700
33685;202000037407;1;7;2020;17:45;1;13;13001;1;1;1;2;A51-Sens Aix en Provence vers Marseille;43,5078390;5,4122250
33686;202000037408;28;9;2020;15:40;1;26;26002;1;1;2;5;Autoroute du Soleil;45,2432890;4,8393060
33687;202000037409;30;7;2020;08:00;1;33;33249;1;1;1;3;ROUTE NATIONALE 230;44,8803700; -0,5106000
33688;202000037410;1;7;2020;23:30;5;69;69259;2;1;1;3;RD383;45,7207925;4,8828363
33689;202000037411;26;10;2020;08:10;1;80;80021;2;1;1;3;ALPHONSE FIQUET (PLACE);49,8907500;2,3065500
33690;202000037413;5;12;2020;16:00;1;76;76540;2;2;1;3;BELGES. BOULEVARD DES;49,4427100;1,0845900
33691;202000037414;30;7;2020;15:25;1;91;91161;1;1;1;3;AUTOROUTE A6;48,7108000;2,3074000
33692;202000037415;25;10;2020;02:00;5;80;80021;2;1;1;3;ALBERT 1ER (MAIL);49,8888800;2,2989900
33693;202000037416;7;12;2020;08:45;2;76;76540;2;2;1;6;ELBEUF. RUE D';49,4257600;1,0826300
33694;202000037417;24;10;2020;14:25;1;80;80021;2;1;2;3;ROCADE NORD RN 1;49,9269800;2,3050200
33695;202000037418;28;9;2020;18:20;1;38;38537;1;1;3;1;D1006;45,6285010;5,1590410
33696;202000037419;30;7;2020;20:35;1;78;78206;1;1;1;3;A13;48,9535100;1,9400090
33697;202000037420;3;12;2020;14:58;1;73;73065;2;1;1;7;BOISSE (AVENUE DE LA);45,5749200;5,9164400
33698;202000037421;27;10;2020;06:40;3;78;78007;1;1;1;2;CD 30 (CH.DEPARTEMENTAL);48,9019500;2,0057700
33699;202000037422;1;7;2020;08:45;1;67;67447;1;1;1;6;Autoroute A.4;48,6028000;7,7306900
33700;202000037423;28;9;2020;14:50;1;69;69010;2;1;3;1;98 rue gabriel péri;45,8289829;4,6094306
33701;202000037424;2;7;2020;07:45;1;33;33366;1;1;1;7;AUTOROUTE A 10;44,9873500; -0,4274800
33702;202000037425;29;7;2020;10:15;1;78;78322;1;1;1;5;RN12;48,7872290;2,1485290
33703;202000037426;2;7;2020;20:40;1;91;91363;1;1;1;7;RN 104;48,6382000;2,2026000
33704;202000037427;27;10;2020;11:50;1;77;77186;2;4;2;2;GRANDE (RUE);48,4078900;2,7038100
33705;202000037428;2;8;2020;21:00;2;33;33051;2;2;1;3;44 avenue raymond pointcarré;44,6558700; -0,9871500
33706;202000037430;25;9;2020;15:00;1;14;14488;2;2;1;3;Rue de l'Yser;49,2743826; -0,2534217
33707;202000037431;27;9;2020;20:45;3;22;22090;2;1;1;1;Rue du Lavoir;48,7719626; -3,3700015
33708;202000037432;26;9;2020;22:50;5;13;13055;1;1;1;6;A507 sens Aubagne- Marseille;43,2940690;5,4245350
33709;202000037433;26;9;2020;07:20;2;13;13005;1;1;1;2;A501-Sens Aubagne vers Pont de l'Etoile;43,2977580;5,5611430
33710;202000037434;21;9;2020;16:00;1;13;13026;1;1;1;3;A55-Sens Martigues vers Marseille;43,3796200;5,1633600
33711;202000037435;27;9;2020;16:20;1;33;33550;1;1;1;2;ROCADE A 630;44,7840800; -0,5901500
33712;202000037436;27;9;2020;17:05;1;92;92002;1;1;8;6;RN 385 Extèrieure;48,7599773;2,2795987
33713;202000037437;27;9;2020;10:04;1;91;91174;1;1;2;6;RN 104;48,6276700;2,4742900
33714;202000037438;27;9;2020;13:55;1;91;91136;1;1;2;7;AUTOROUTE A10;48,7107400;2,2878500
33715;202000037439;27;9;2020;04:45;3;91;91179;1;1;3;7;RN 337;48,5568000;2,4947000
33716;202000037440;26;9;2020;20:15;3;91;91064;1;1;2;2;RN 118;48,7688000;2,2298000
33717;202000037441;27;9;2020;05:10;3;78;78206;1;1;2;2;A13;48,9471710;1,9473130
33718;202000037442;27;9;2020;18:07;1;93;93027;1;1;1;2;AUTOROUTE A86;48,9269300;2,4200100
33719;202000037443;27;9;2020;17:35;1;93;93066;1;1;1;4;AUTOROUTE A1;48,9148700;2,3579500
33720;202000037444;27;9;2020;14:30;1;92;92078;1;1;1;6;AUTOROUTE A86;48,9300400;2,3257000
33721;202000037446;27;9;2020;13:50;1;95;95582;1;1;2;6; A115;48,9749700;2,2416900
33722;202000037447;27;9;2020;10:30;1;95;95572;1;1;2;6;RN 184;49,0331840;2,1094620
33723;202000037448;27;9;2020;10:00;1;93;93027;1;1;2;6;AUTOROUTE A86;48,9264869;2,4025770
33724;202000037449;29;7;2020;07:40;1;92;92036;1;1;1;3;RN315 W;48,9318406;2,3020910
33725;202000037450;4;12;2020;20:00;5;68;68224;2;3;2;1;BAN (RUE DU);47,7768392;7,3194217
33726;202000037451;2;7;2020;19:05;1;94;94034;1;1;1;4;AUTOROUTE A86;48,7600000;2,3210000
33727;202000037452;27;9;2020;10:10;1;92;92078;1;1;3;6;AUTOROUTE A86;48,9290700;2,3300500
33728;202000037453;27;9;2020;05:20;3;95;95572;1;9;2;6;RN 184;49,0346640;2,1139300
33729;202000037454;30;7;2020;21:30;1;92;92078;1;1;1;3;AUTOROUTE A86;48,9316200;2,3223800
33730;202000037455;27;9;2020;03:00;3;92;92036;1;1;2;6;AUTOROUTE A86;48,9384500;2,3133100
33731;202000037456;2;7;2020;09:30;1;92;92002;1;1;1;2;AUTOROUTE A86;48,7632690;2,3059569
33732;202000037457;26;10;2020;05:10;5;67;67482;2;3;2;3;HAGUENAU (PLACE DE);48,5921080;7,7440700
33733;202000037458;1;7;2020;20:05;1;91;91570;1;1;1;7;RN 104;48,6250800;2,3320300
33734;202000037459;8;12;2020;14:30;1;68;68224;2;1;1;3;ILLBERG (RUE DE L');47,7403000;7,3204100
33735;202000037460;7;12;2020;15:20;1;66;66136;2;9;1;2;ALBERT MARCELLIN;42,6918500;2,8895800
33736;202000037461;6;12;2020;17:45;5;66;66136;2;1;1;6;CONFLENT (BOULEVARD DU);42,6963700;2,8801700
33737;202000037462;6;12;2020;11:20;1;66;66136;2;1;1;3;CAMBRES AVENUE PIERRE;42,6906900;2,9012300
33738;202000037463;2;7;2020;19:20;1;95;95582;1;1;1;4;AUTOROUTE A15;48,9760300;2,2373300
33739;202000037464;26;9;2020;18:15;1;93;93008;1;1;1;1;AUTOROUTE A86;48,9089275;2,4490592
33740;202000037466;26;9;2020;04:25;3;95;95488;1;1;1;4; A15;49,0129500;2,1495300
33741;202000037467;2;7;2020;13:00;1;93;93066;1;1;1;4;AUTOROUTE A1;48,9193700;2,3575500
33742;202000037468;26;9;2020;19:30;2;77;77373;1;1;8;7;RN104;48,7616060;2,6159100
33743;202000037469;2;7;2020;08:30;1;95;95582;1;1;2;3;AUTOROUTE A15;48,9685214;2,2516783
33744;202000037470;26;9;2020;13:40;1;94;94046;1;1;1;2;A86 EXT;48,8089200;2,4492200
33745;202000037471;26;9;2020;13:00;1;974;97411;2;6;1;3;BRASSENS (AVENUE GEORGES); -20,9016600;55,4802700
33746;202000037473;30;7;2020;18:00;1;95;95572;1;1;1;4;RN 184;49,0340400;2,1116700
33747;202000037474;8;12;2020;15:00;1;64;64348;2;6;1;3;EUROPE DE L';43,3262000; -0,3869100
33748;202000037475;1;7;2020;07:10;1;95;95491;1;1;1;2; A115;48,9980800;2,2466000
33749;202000037476;25;9;2020;23:45;3;974;97407;2;1;1;1;Route Coeur Saignant; -20,9521300;55,3054500
33750;202000037477;30;7;2020;18:20;1;93;93066;1;1;1;5;AUTOROUTE A86;48,9225700;2,3519000
33751;202000037478;30;7;2020;16:00;1;93;93005;1;1;1;3;AUTOROUTE A3;48,9692500;2,4815400
33752;202000037479;30;7;2020;14:30;1;92;92036;1;1;1;4;AUTOROUTE A86;48,9386500;2,3105800
33753;202000037480;30;7;2020;08:15;1;93;93066;1;1;1;3;AUTOROUTE A1;48,9139000;2,3577400
33754;202000037481;29;7;2020;17:45;1;93;93006;1;1;1;3;AUTOROUTE A3;48,8662700;2,4156000
33755;202000037482;30;7;2020;19:20;1;77;77122;1;1;1;2;RN104;48,6564300;2,6132700
33756;202000037483;30;7;2020;06:20;1;94;94015;1;1;1;7;A4;48,8294500;2,5283700
33757;202000037484;30;11;2020;04:25;5;64;64132;2;1;1;6;ALBERT 1ER;43,2831800; -0,3434000
33758;202000037485;24;10;2020;15:00;1;67;67118;2;1;1;3;ROMAINS (ROUTE DES);48,5823405;7,6922276
33759;202000037486;29;7;2020;19:30;1;77;77363;1;1;1;-1;A104;48,9297101;2,6282238
33760;202000037487;26;10;2020;14:30;1;67;67462;2;4;1;3;DIEWEG (AU);48,2672090;7,4428600
33761;202000037488;29;7;2020;18:45;1;77;77363;1;1;1;2;A104;48,9302800;2,6281400
33762;202000037489;26;10;2020;18:52;1;63;63113;2;1;1;3;CARNOT (AVENUE);45,7762300;3,0971100
33763;202000037490;29;7;2020;08:30;1;77;77055;1;1;1;3;A104;48,9007728;2,6528461
33764;202000037491;23;10;2020;14:36;1;63;63113;2;2;1;3;DE GAULLE (BD CHARLES);45,7715546;3,0832401
33765;202000037492;1;7;2020;18:40;1;94;94028;1;9;8;4;RN406.Y;48,7833000;2,4667000
33766;202000037493;26;9;2020;21:00;5;69;69383;2;1;1;1;CREQUI (DE)                         (R );45,7536400;4,8488800
33767;202000037494;2;12;2020;17:15;5;62;62200;2;1;8;6;CD 941;50,5112300;2,7381500
33768;202000037495;29;7;2020;08:10;1;94;94018;1;1;1;3;A4;48,8248600;2,3934400
33769;202000037498;23;9;2020;18:00;1;69;69389;2;2;1;3;PIERRE TERMIER                      (R );45,8018400;4,8385600
33770;202000037499;1;7;2020;18:00;1;94;94028;1;1;2;3;A86 EXT;48,7817400;2,4410800
33771;202000037500;10;10;2020;01:40;5;59;59386;2;2;1;3;ABBAYE RUE DU PONT DE L;50,6658600;3,0640300
33772;202000037501;23;10;2020;20:20;5;59;59527;2;3;1;3;CARNOT SADI RUE;50,6652000;3,0596800
33773;202000037502;27;9;2020;00:40;5;2A;2A004;2;6;2;6;NICOLI JEAN COURS;41,9341257;8,7509635
33774;202000037503;24;10;2020;19:50;5;54;54395;2;2;1;5;AUXONNE (RUE D');48,7006420;6,1685264
33775;202000037504;7;12;2020;17:50;3;60;60057;2;1;1;4;rue de Pontoise;49,4147190;2,0889920
33776;202000037505;17;2;2020;18:55;5;28;28134;2;3;2;6;RN 12 (ZONE COMMERCIALE);48,7463000;1,3536900
33777;202000037506;26;10;2020;07:55;1;49;49099;1;1;2;7;TESSOUALLE (AVENUE DE LA);47,0337000; -0,8643600
33778;202000037507;7;12;2020;17:20;5;59;59273;2;1;1;6;HUGO (RUE VICTOR);51,0047200;2,1137400
33779;202000037508;29;7;2020;12:35;1;974;97411;1;1;1;1;MICHEL (CHEMIN JOSE); -20,8964900;55,4039700
33780;202000037509;19;10;2020;17:56;1;49;49007;2;1;1;2;MADELEINE;47,4635200; -0,5416900