;Num_Acc;jour;mois;an;hrmn;lum;dep;com;agg;int;atm;col;adr;lat;long
33781;202000037510;17;10;2020;02:00;5;49;49007;2;1;1;6;ROI RENE BOULEVARD;47,4693600; -0,5604900
33782;202000037511;29;7;2020;21:20;1;69;69386;2;2;1;3;GARIBALDI                           (R );45,7693000;4,8504000
33783;202000037512;27;10;2020;09:20;1;44;44184;2;1;2;2;COUBERTIN (AVENUE PIERRE DE);47,2747600; -2,2300100
33784;202000037513;1;7;2020;16:45;1;94;94065;1;1;2;2;A86 INT;48,7534000;2,3783000
33785;202000037514;29;7;2020;19:00;1;69;69386;2;1;1;6;DUQUESNE                            (R );45,7724000;4,8426100
33786;202000037515;7;12;2020;08:35;5;56;56121;2;6;2;2;FRANCE ( AVE ANATOLE );47,7453800; -3,3678900
33787;202000037516;16;1;2020;07:20;4;24;24102;1;1;1;3;ALISIERS( ALLEE);45,2124140;0,6464540
33788;202000037517;29;7;2020;14:30;1;69;69259;2;2;1;-1;JEAN JAURES                         (AV);45,7035400;4,8797100
33789;202000037518;27;10;2020;07:00;3;44;44184;2;1;3;2;PERTUIS (AVENUE DU);47,2795800; -2,2010100
33790;202000037519;29;7;2020;08:55;1;69;69259;1;9;1;2;LAURENT BONNEVAY                    (BD);45,7197100;4,8803300
33791;202000037520;2;7;2020;01:15;3;974;97416;1;1;2;6;ARCHAMBAUD (RUE); -21,3269700;55,4836000
33792;202000037521;26;9;2020;07:20;5;91;91589;2;2;1;6;DUNANT (RUE HENRI);48,6807590;2,3426650
33793;202000037522;29;11;2020;14:20;1;54;54483;2;1;1;1;FRANCE (RUE ANATOLE);48,6319100;6,3053800
33794;202000037523;29;7;2020;08:20;1;69;69386;2;1;1;3;VITTON                              (CO);45,7697600;4,8547900
33795;202000037524;27;10;2020;09:00;1;44;44114;2;3;1;3;AVENUE DE LA PRAUDIERE;47,2590811; -1,5810217
33796;202000037525;27;10;2020;19:10;5;35;35051;2;9;2;3;TAILLIS (ROND-POINT DU);48,1115500; -1,6208200
33797;202000037526;23;10;2020;10:10;1;34;34301;2;1;1;2;RD2 Route de Balaruc;43,4138370;3,6959280
33798;202000037527;26;9;2020;15:50;1;91;91570;2;1;1;3;GAMBETTA (RUE + PTT);48,6337800;2,3096300
33799;202000037528;29;7;2020;21:45;5;69;69389;2;2;1;3;ROSA PARKS                        (AV);45,7867200;4,7883000
33800;202000037529;7;12;2020;19:07;5;49;49007;2;1;2;6;JEAN XXIII AVENUE;47,4476700; -0,5625600
33801;202000037530;29;7;2020;18:00;1;69;69382;2;1;1;2;DENUZIERE                           (R );45,7463000;4,8209000
33802;202000037531;27;10;2020;13:00;1;33;33119;2;3;2;2;BD ENTRE DEUX MERS;44,8465800; -0,5366900
33803;202000037532;26;10;2020;09:10;1;31;31555;1;1;2;6;VA007355 PURPAN A620 Sortie 29;43,6042700;1,4038200
33804;202000037533;7;12;2020;08:40;2;44;44184;2;3;2;1;LEFERME (BOULEVARD PAUL);47,2840300; -2,2014600
33805;202000037534;1;7;2020;15:10;1;974;97411;2;2;1;3;ROSTAND (RUE EDMOND); -20,8863800;55,4698100
33806;202000037535;26;9;2020;02:20;3;91;91691;2;1;1;1;CD 94;48,7070300;2,4968800
33807;202000037536;30;7;2020;00:20;5;2B;2B033;1;3;1;2;11 - RT;42,6600000;9,4434000
33808;202000037537;26;9;2020;15:00;1;91;91479;2;1;1;4;FONTAINEBLEAU (ROUTE DE);48,7161600;2,3708300
33809;202000037538;29;7;2020;16:52;1;2B;2B033;2;1;1;3;SAMPIERO CORSO - AV;42,6737000;9,4428000
33810;202000037539;25;9;2020;18:13;1;79;79191;2;2;1;3;Route d'Aiffres;46,3140500; -0,4499100
33811;202000037540;8;12;2020;10:05;1;44;44109;2;1;1;3;ORRION ( BD HENRY );47,2338100; -1,5616100
33812;202000037541;21;10;2020;15:30;1;31;31557;2;1;1;6;DOUMERGUE (RUE GASTON);43,5873700;1,3549100
33813;202000037542;27;10;2020;23:34;5;29;29232;2;1;1;7;29 Rue du Frugy;47,9880347; -4,1066001
33814;202000037543;27;10;2020;14:00;1;29;29232;2;1;2;6;Rue Jean Jaures;47,9935612; -4,0972343
33815;202000037545;27;10;2020;11:25;1;29;29232;1;1;2;6;D34 - Boulevard Louis Le Guennec;47,9841700; -4,1127200
33816;202000037546;15;10;2020;16:40;1;29;29019;2;1;1;6;Rue Jules Lesven;48,4105800; -4,4861100
33817;202000037547;27;10;2020;09:50;1;27;27299;2;3;2;3;BRIAND (AVENUE ARISTIDE);49,0498100;1,1642600
33818;202000037548;4;11;2020;18:50;5;44;44109;2;1;1;6;ALLEE BEAU RIVAGE;47,2042908; -1,5390741
33819;202000037549;29;7;2020;11:00;1;91;91216;1;1;1;6;BALLAINVILLIERS (RUE);48,6715400;2,3049100
33820;202000037550;5;12;2020;10:45;1;40;40192;2;1;3;6;VICTOR HUGO;43,8931800; -0,4998600
33821;202000037552;26;7;2020;09:20;1;91;91471;2;2;1;3;FERME (RUE DE LA);48,6847900;2,1836100
33822;202000037553;8;12;2020;12:10;1;37;37208;2;1;1;6;GRANDMONT (RUE DE);47,3650813;0,7167619
33823;202000037554;29;7;2020;09:35;1;91;91434;2;3;1;6;COMPIEGNE (VOIE DE);48,6524620;2,3564120
33824;202000037555;27;10;2020;23:45;5;25;25056;2;2;1;6;CRAS RUE DES;47,2608300;6,0420600
33825;202000037556;30;6;2020;12:20;1;974;97411;1;4;1;3;Rue du Général de Gaulle; -20,8854800;55,4578600
33826;202000037557;26;9;2020;19:50;5;77;77337;2;6;1;3;PIERRE CARLE (BOULEVARD) - D10P;48,8518400;2,6211100
33827;202000037560;25;9;2020;09:30;1;76;76540;1;1;2;4;GRAND COURS. AVENUE DU;49,4274300;1,1035900
33828;202000037561;3;12;2020;18:25;5;37;37122;2;6;1;7;DOUZILLIERE (RUE DE LA);47,3390653;0,6531266
33829;202000037562;29;7;2020;14:35;1;91;91174;2;9;1;2;PARIS (RUE);48,6047000;2,4674400
33830;202000037563;26;10;2020;12:00;1;15;15014;2;1;1;3;avenue des volontaires;44,9152000;2,4403600
33831;202000037564;4;12;2020;17:45;5;37;37261;2;4;1;7;CLOCHEVILLE (RUE DE);47,3920178;0,6863895
33832;202000037565;29;7;2020;12:05;1;91;91174;2;1;1;6;JEAN COCTEAU (RUE);48,6080500;2,4489860
33833;202000037566;27;10;2020;22:50;1;14;14118;1;1;2;3;BAYEUX (RUE DU143 IMPAIR . 160 PAIR;49,1832500; -0,3857100
33834;202000037567;27;10;2020;16:00;2;13;13215;2;1;7;3;LE CHATELIER;43,3470900;5,3684300
33835;202000037568;29;7;2020;16:00;1;91;91114;2;1;1;2;VERDUN;48,7087200;2,5105600
33836;202000037569;4;12;2020;12:25;1;37;37208;2;1;1;3;GRANGES (RUE DES);47,3683837;0,7195479
33837;202000037570;25;9;2020;07:47;1;74;74012;2;3;2;3;PASTEUR (AVENUE);46,1929500;6,2374300
33838;202000037571;1;7;2020;08:55;1;69;69387;2;1;1;3;TONY GARNIER                        (AV);45,7309800;4,8241500
33839;202000037572;27;10;2020;13:05;1;13;13212;2;1;1;2;BOISERAIE (RUE);43,2976643;5,4217261
33840;202000037573;29;7;2020;10:13;1;87;87085;2;1;1;6;BEAUBREUIL (AVENUE DE);45,8809200;1,2947400
33841;202000037574;25;9;2020;17:30;1;72;72181;2;1;1;2;LAIGNE RUE DE N° PAIRS 206 A 258;47,9739000;0,2109000
33842;202000037575;11;7;2020;00:40;5;86;86066;2;7;1;3;Rue Gaudeau Lerpinière;46,8177790;0,5425660
33843;202000037576;29;6;2020;16:30;1;972;97209;2;1;1;2;RAVINE VILAINE (CHEMIN DEPARTEMENTAL DE);14,6279500; -61,0600800
33844;202000037577;27;10;2020;08:25;1;13;13210;2;1;1;3;FLORIAN ( ROND POINT);43,2850000;5,4250000
33845;202000037578;25;9;2020;06:30;5;72;72181;2;3;1;3;SEMARD PIERRE (RUE);47,9959000;0,2077700
33846;202000037579;29;7;2020;16:20;1;83;83069;2;1;1;6;FRANKLIN (RUE);43,1218840;6,1290080
33847;202000037582;21;6;2020;20:10;5;971;97101;2;1;1;6;ACHILLE RENE BOISNEUF (RUE);16,2729200; -61,5050600
33848;202000037583;8;12;2020;17:35;5;35;35238;2;1;1;3;ROOSEVELT (BD FRANKLIN);48,0972500; -1,6577100
33849;202000037584;8;12;2020;11:05;1;35;35238;2;1;1;6;SAINT-HELIER;48,1033700; -1,6626000
33850;202000037586;8;12;2020;08:25;1;35;35051;2;1;2;1;PARES (RUE DES VAUX);48,1126619; -1,6269985
33851;202000037587;1;7;2020;16:45;1;2A;2A004;2;1;1;2;ILES SANGUINAIRES ROUTE DES;41,9090703;8,7190614
33852;202000037588;30;11;2020;11:45;1;34;34172;2;1;1;3;MONTASINOS (RUE DE;43,6298000;3,8795000
33853;202000037589;28;7;2020;21:25;1;78;78361;2;7;1;7;BOULEVARD SULLY 1;48,9968300;1,6764500
33854;202000037590;27;9;2020;01:35;3;71;71189;1;1;3;7;RD 978 B;46,7614985;4,8781031
33855;202000037591;26;10;2020;13:40;1;13;13213;2;9;1;3;JEAN PAUL SARTRE (AVENUE);43,3141400;5,4061500
33856;202000037592;4;11;2020;16:00;1;34;34172;2;1;1;3;SAINT VINCENT DE PAUL (RUE);43,6214050;3,8752400
33857;202000037593;27;10;2020;16:30;1;13;13047;1;1;1;1;D.16;43,5248800;5,0083400
33858;202000037594;27;10;2020;11:55;1;13;13005;2;9;1;6;RN 8;43,2856700;5,5547000
33859;202000037595;27;10;2020;21:00;5;13;13001;2;1;1;2;BELGES (AV DES);43,5252000;5,4443800
33860;202000037596;26;10;2020;13:20;1;13;13001;2;1;1;5;RD 543;43,4920820;5,3506260
33861;202000037597;26;10;2020;10:45;1;13;13001;2;9;8;3;BOIS DE L'AUNE (ROTONDE DU);43,5244800;5,4156000
33862;202000037598;24;10;2020;14:40;1;12;12202;2;1;1;7;VIEUX CHENES (RUE DES);44,3591600;2,5857400
33863;202000037599;27;10;2020;09:10;1;07;07316;1;1;1;-1;LONES (PONT DES);44,9199000;4,8624000
33864;202000037600;27;10;2020;19:20;5;06;06088;2;3;1;3;ITALIE (R. D');43,7025900;7,2625310
33865;202000037602;27;10;2020;11:20;1;06;06069;2;1;1;3;DRAGUIGNAN (ROUTE DE) - D2562-;43,6442490;6,8990000
33866;202000037603;23;10;2020;11:50;1;06;06123;1;1;2;3;PUGETS MOYENNE CORNICHE DES;43,6997150;7,1759270
33867;202000037604;26;9;2020;00:25;5;69;69266;2;6;2;2;CHARLES DE GAULLE   (Rond-point);45,7848200;4,8642100
33868;202000037605;1;7;2020;15:35;1;91;91377;2;4;2;2;BOEUFS (CHEMIN DES);48,7247000;2,2553000
33869;202000037606;26;10;2020;12:17;1;05;05061;2;3;8;3;PROVENCE (ALLEE DE);44,5462400;6,0638700
33870;202000037607;27;10;2020;12:00;1;75;75119;2;3;2;7;BOULEVARD MACDONALD;48,8970040;2,3924160
33871;202000037609;28;7;2020;14:15;1;76;76540;2;2;1;3;NEUFCHATEL. ROUTE DE (RN 28);49,4505500;1,0986900
33872;202000037610;30;6;2020;08:52;1;87;87085;2;1;1;2;BLANC LOUIS (BOULEVARD);45,8283400;1,2615600
33873;202000037611;25;9;2020;12:50;1;64;64102;2;1;3;2;HENRI DE NAVARRE (AVENUE);43,5074200; -1,4449300
33874;202000037612;27;9;2020;23:40;5;59;59328;2;3;2;3;BOIS RUE DU;50,6452100;3,0379900
33875;202000037613;29;7;2020;18:36;1;74;74119;2;3;1;3;BISSINGES (ROUTE DE) A PARTIR DES BOCQUI;46,3977000;6,5740000
33876;202000037614;26;9;2020;16:50;1;54;54375;1;1;2;7;RD 958  ;48,8993100;5,9933100
33877;202000037615;27;10;2020;20:35;5;75;75118;2;7;2;6;RUE MARX DORMOY;48,8902310;2,3599210
33878;202000037616;9;7;2020;19:15;1;65;65417;2;1;1;1;PASTEUR (RUE);43,2297000;0,0928000
33879;202000037617;26;9;2020;15:44;1;54;54184;2;1;1;2;AGINCOURT  (ANCIENNE ROUTE D');48,7116500;6,2391100
33880;202000037618;8;12;2020;14:25;1;33;33063;2;3;1;3;BD ALBERT 1ER (2-198) PAIRS;44,8143400; -0,5705900
33881;202000037619;1;7;2020;19:44;1;83;83137;2;1;7;3;FOCH (AVE DU MARECHAL);43,1270440;5,9211870
33882;202000037620;27;10;2020;14:00;1;75;75118;2;3;2;3;BOULEVARD BARBES;48,8871710;2,3495740
33883;202000037621;26;9;2020;14:00;1;45;45208;2;2;1;3;Avenue de Lattre de Tassigny;48,0013600;2,7243500
33884;202000037622;29;7;2020;17:20;1;64;64483;2;1;1;2;HABAS MATHIEU OU PERE (AVENUE DE);43,3890600; -1,6498200
33885;202000037623;26;9;2020;17:00;1;35;35051;2;2;1;3;BUTTES DE COESMES (AVENUE DES);48,1271500; -1,6288400
33886;202000037624;1;7;2020;12:40;1;83;83137;2;1;1;6;CHARCOT (QUAI JEAN);43,1276700;5,8996000
33887;202000037625;8;12;2020;08:00;1;33;33281;2;2;1;3;AVE MONTESQUIEU;44,8463900; -0,6350900
33888;202000037626;27;9;2020;02:45;5;33;33063;2;1;1;2;RUE DE LA BENAUGE;44,8403000; -0,5557900
33889;202000037627;27;10;2020;08:45;1;75;75118;2;3;1;3;RUE ORDENER;48,8938230;2,3350750
33890;202000037628;23;9;2020;08:26;1;29;29019;2;6;1;3;Avenue Victor le Gorgeu;48,4007433; -4,4997479
33891;202000037629;30;11;2020;01:15;5;31;31555;2;1;1;3;CURIE (BD PIERRE) DU 1AU 145;43,6261700;1,4371100
33892;202000037630;27;10;2020;09:00;1;75;75117;2;4;1;6;AVENUE DE CLICHY;48,8912530;2,3190890
33893;202000037631;29;7;2020;21:15;1;64;64102;1;1;1;6;JOUANDIN (AVENUE);43,5019200; -1,4538800
33894;202000037632;30;6;2020;19:10;1;83;83129;2;1;1;2;ROUVEAU (RUE DU);43,1162760;5,8100800
33895;202000037633;7;12;2020;22:40;5;30;30189;2;1;1;3;KENNEDY (AVENUE);43,8262200;4,3323700
33896;202000037635;30;6;2020;12:45;1;79;79081;2;6;1;2;Rue André Bellot;46,3456500; -0,3994900
33897;202000037636;29;7;2020;15:15;1;64;64024;2;3;1;1;MONTBRUN (AVENUE DE);43,5032900; -1,5096900
33898;202000037637;26;9;2020;18:30;1;14;14118;2;1;8;6;ORATOIRE (RUE DE L');49,1808300; -0,3605300
33899;202000037638;8;12;2020;07:30;2;26;26281;2;1;2;6;DORMOY MARX (BOULEVARD);45,0476300;5,0548400
33900;202000037639;7;12;2020;07:55;2;19;19031;2;3;1;3;PASTEUR (AVENUE);45,1676700;1,5314900
33901;202000037640;8;12;2020;10:40;1;17;17306;2;1;1;3;PAPIN DENIS;45,6325400; -0,9920300
33902;202000037641;8;12;2020;19:50;5;17;17028;2;2;1;3;MAILLES   RUE DES COTTES;46,1415190; -1,1214700
33903;202000037642;8;12;2020;18:00;5;14;14118;2;1;8;3;BRETAGNE (RUE DE );49,1823400; -0,3789600
33904;202000037644;8;12;2020;21:00;5;13;13213;2;6;1;3;BACHAGA BOUALAM (ROND POINT);43,3391600;5,4204100
33905;202000037645;8;12;2020;20:08;5;13;13209;2;1;1;7;MARÉCHAL DE LATTRE (AVENUE);43,2492200;5,4056300
33906;202000037646;1;7;2020;12:48;1;76;76484;1;1;2;1;D 13;49,3453200;1,0753600
33907;202000037647;30;6;2020;14:23;1;76;76552;2;1;1;7;OCTEVILLE;49,5158000;0,0856000
33908;202000037648;8;12;2020;09:45;1;13;13208;2;1;1;3;PARADIS (RUE);43,2759690;5,3841580
33909;202000037649;26;10;2020;13:15;1;75;75116;2;3;1;4;ALLEE DU BORD DE L EAU;48,8534560;2,2264190
33910;202000037650;1;7;2020;20:55;2;69;69266;2;2;8;3;TOLSTOI    (Cours);45,7616273;4,8820110
33911;202000037651;29;7;2020;13:40;1;64;64140;2;2;1;3;POLITZER (RUE GEORGES);43,5159000; -1,4853000
33912;202000037652;27;10;2020;20:50;5;75;75114;2;1;2;7;AVENUE DENFERT ROCHEREAU;48,8357380;2,3338860
33913;202000037653;25;11;2020;16:30;1;13;13209;2;9;1;-1;MAZARGUES (AVENUE DE);43,2598080;5,3940780
33914;202000037654;7;12;2020;21:19;5;13;13206;2;2;2;1;BRETEUIL (RUE);43,2900000;5,3750000
33915;202000037655;18;6;2020;15:30;1;69;69256;2;2;1;3;FRANKLIN ROOSEVELT                  (R );45,7678700;4,9366500
33916;202000037656;7;12;2020;17:30;5;13;13208;2;1;2;3;ANDRE ZENATTI (AVENUE);43,2462828;5,3880362
33917;202000037657;30;6;2020;17:40;1;69;69290;2;3;1;3;ST BONNET DE MURE (DE)              (CH);45,6915623;4,9681789
33918;202000037659;29;11;2020;14:45;1;13;13005;2;1;1;2;ESPILLIERES (CHEMIN DES);43,2820324;5,5728069
33919;202000037660;8;12;2020;11:10;1;09;09225;2;3;3;3;PORTAIL ROUGE RUE DU;43,1171000;1,6136000
33920;202000037662;26;9;2020;22:45;5;13;13215;2;2;1;3;SAINT ANTOINE A SAINT JOSEPH (CHEMIN DE);43,3603300;5,3638500
33921;202000037663;8;12;2020;19:16;5;06;06088;2;2;1;3;ROUX (R. DR EMILE);43,6753100;7,2271500
33922;202000037664;25;9;2020;14:40;1;13;13214;2;2;1;3;ROLAND DORGELES (BOULEVARD);43,3484240;5,3764690
33923;202000037665;8;12;2020;19:50;3;06;06069;1;1;1;7;PEGOMAS (ROUTE DE);43,6218740;6,9251890
33924;202000037666;30;6;2020;17:20;1;69;69092;2;1;1;4;GAP (avenue Alfred);46,0082100;4,7185100
33925;202000037667;2;12;2020;16:55;2;02;02691;2;3;1;6;JOLIOT-CURIE (AV. FREDERIC);49,8598700;3,2939000
33926;202000037668;27;10;2020;11:00;1;75;75114;2;2;2;6;RUE BENARD;48,8317630;2,3219840
33927;202000037669;26;9;2020;19:02;1;10;10333;2;1;1;3;PRESIDENT WILSON (RUE);48,2893600;4,0644300
33928;202000037670;29;7;2020;12:30;1;64;64102;2;2;1;3;BOUFFLERS (ALLEES);43,4914000; -1,4694000
33929;202000037671;30;6;2020;16:50;1;64;64129;2;6;1;3;PLAINE;43,2997800; -0,3989100
33930;202000037672;17;11;2020;18:10;5;02;02691;2;3;1;3;NOIRMONT (CHEMIN);49,8473500;3,2685900
33931;202000037673;27;10;2020;20:05;5;75;75113;2;7;2;6;AVENUE D ITALIE;48,8309560;2,3555790
33932;202000037674;1;7;2020;19:19;1;64;64024;2;1;1;7;FRANÇOIS DOMAIN (PONT);43,4943900; -1,5280300
33933;202000037675;8;12;2020;19:00;3;75;75120;2;4;1;3;PORTE DE BAGNOLET;48,8648350;2,4137150
33934;202000037676;1;7;2020;17:10;1;64;64102;2;1;1;3;ALSACE LORRAINE (BOULEVARD);43,4952100; -1,4698100
33935;202000037677;29;7;2020;18:30;1;62;62193;2;3;1;3;DE GAULLE (BOULEVARD GENERAL);50,9627100;1,8421000
33936;202000037678;26;9;2020;12:17;1;10;10325;2;3;1;3;PARMENTIER (RUE);48,2626000;4,0655000
33937;202000037679;8;12;2020;08:50;1;75;75116;2;1;1;3;PORTE DAUPHINE;48,8721120;2,2738190
33938;202000037681;27;10;2020;16:45;1;75;75113;2;1;8;6;RUE DE PATAY;48,8247270;2,3759120
33939;202000037682;27;7;2020;14:40;1;62;62764;2;1;1;-1;GRENIER ( RESIDENCE HENRI );50,3057910;2,7875570
33940;202000037683;25;9;2020;22:55;5;07;07186;2;1;1;6;CHOMERAC (AVENUE DE)  DU 1 AU 27 ET DU 2;44,7340650;4,5961820
33941;202000037684;7;12;2020;18:15;5;75;75114;2;1;1;3;PORTE D ORLEANS;48,8216480;2,3178870
33942;202000037685;1;7;2020;20:25;1;59;59183;2;1;1;3;PERES ACHILLE;51,0080478;2,3321786
33943;202000037686;29;7;2020;08:15;1;59;59193;2;1;1;3;Seclin, rue de;50,5847115;3,0122334
33944;202000037687;7;12;2020;15:00;1;75;75117;2;2;8;6;AVENUE DES TERNES;48,8800010;2,2883690
33945;202000037688;25;9;2020;23:45;5;06;06088;2;2;1;1;CESSOLE (BD DE) (JUSQU'AU N° 93-110);43,7101700;7,2619500
33946;202000037689;27;7;2020;16:30;1;59;59178;2;1;1;4;CLOCHETTE (RUE DE LA);50,3714900;3,0986500
33947;202000037691;26;9;2020;10:30;1;01;01053;2;2;1;3;Avenue Amedée Mercier;46,2036000;5,2426000
33948;202000037692;8;12;2020;17:13;5;75;75120;2;2;1;6;RUE DES PYRENEES;48,8514860;2,4062850
33949;202000037693;23;7;2020;20:30;2;58;58194;2;1;1;3;CHAMP DE FOIRE AUX MOUTONS (PLACE);46,9882000;3,1651000
33950;202000037694;27;10;2020;10:30;1;75;75113;2;3;1;3;BOULEVARD DE L HOPITAL;48,8388710;2,3609910
33951;202000037695;26;9;2020;08:00;1;01;01451;2;6;8;2;MAJORNAS ( RUE DE );46,2274000;5,2193000
33952;202000037696;8;12;2020;14:30;1;75;75116;2;7;1;3;PLACE CHARLES DE GAULLE;48,8737200;2,2941000
33953;202000037697;27;7;2020;16:45;1;56;56098;2;1;1;6;KESLER-DEVILLERS ( AV. );47,7686700; -3,3449700
33954;202000037698;1;7;2020;23:07;5;54;54547;2;1;1;7;HORTENSIAS (ALLEE DES);48,6650183;6,1886877
33955;202000037699;26;9;2020;12:00;1;75;75120;2;1;1;2;PORTE DE BAGNOLET;48,8617120;2,4136970
33956;202000037700;28;7;2020;20:51;1;51;51454;2;3;1;3;Rue du Colonel Fabien;49,2492094;4,0166193
33957;202000037701;25;9;2020;18:45;2;75;75117;2;1;1;3;BOULEVARD PERIPHERIQUE;48,8993110;2,3183800
33958;202000037702;27;10;2020;11:35;1;75;75111;2;1;2;6;IMPASSE DELEPINE;48,8531550;2,3895900
33959;202000037703;28;7;2020;15:48;1;49;49353;2;1;1;3;VAILLANT;47,4504100; -0,4896700
33960;202000037704;7;12;2020;22:05;5;75;75115;2;2;1;3;BOULEVARD DE GRENELLE;48,8489750;2,2978250
33961;202000037706;29;7;2020;01:35;3;47;47323;1;1;1;6;SENGRUERE;44,4060520;0,7566300
33962;202000037707;30;6;2020;21:09;1;54;54483;2;1;1;6;D 400;48,6357400;6,2875900
33963;202000037708;25;9;2020;10:50;1;75;75117;2;4;1;5;PORTE D ASNIERES;48,8901070;2,2978960
33964;202000037709;8;12;2020;16:05;1;75;75113;2;2;1;6;RUE DE TOLBIAC;48,8261090;2,3440530
33965;202000037710;27;10;2020;12:00;1;75;75110;2;1;2;3;RUE DU FAUBOURG DU TEMPLE;48,8690970;2,3683420
33966;202000037711;29;7;2020;11:20;1;45;45284;1;1;1;4;D2060 - 92+10;47,9247100;1,9775500
33967;202000037712;8;12;2020;17:40;5;75;75111;2;1;1;6;AVENUE DE LA REPUBLIQUE;48,8650340;2,3757770
33968;202000037713;26;9;2020;20:00;5;75;75112;2;1;1;6;RUE CLAUDE DECAEN;48,8344180;2,4010120
33969;202000037714;26;6;2020;08:30;1;49;49267;2;1;1;4;PIE HARDIE;47,4715935; -0,4557746
33970;202000037715;1;7;2020;08:45;1;45;45302;2;1;1;3;Rue des Bruères;47,9501000;1,9034000
33971;202000037716;26;9;2020;06:13;5;75;75116;2;1;1;6;PORT DEBILLY;48,8616900;2,2931290
33972;202000037717;29;7;2020;14:30;5;44;44162;2;6;1;2;Rue Christophe Colomb;47,2249030; -1,6222630
33973;202000037718;1;7;2020;07:20;1;45;45208;2;1;1;3;Rue de la Sirene;48,0003717;2,7280067
33974;202000037719;7;12;2020;15:57;1;75;75107;2;3;1;5;QUAI ANATOLE FRANCE;48,8610910;2,3241520
33975;202000037720;27;10;2020;14:10;1;75;75109;2;5;2;6;RUE AUBER;48,8730590;2,3282970
33976;202000037721;25;9;2020;18:50;2;75;75118;2;5;1;3;RUE DE CLIGNANCOURT;48,8917140;2,3487390
33977;202000037722;25;9;2020;04:02;5;75;75112;2;2;2;3;AVENUE DAUMESNIL;48,8349560;2,4198210
33978;202000037723;30;6;2020;21:00;2;45;45208;2;4;1;4;Avenue du Général de Gaulle;48,0062401;2,7391464
33979;202000037724;26;9;2020;13:50;1;75;75117;2;1;1;2;BOULEVARD PERIPHERIQUE;48,8893710;2,2960980
33980;202000037725;1;7;2020;19:55;1;35;35238;2;2;1;1;GALLET (AVENUE DU);48,1296000; -1,6430100
33981;202000037727;27;10;2020;12:20;1;75;75109;2;1;2;6;RUE D ATHENES;48,8780420;2,3289120
33982;202000037730;26;9;2020;20:55;5;75;75116;2;2;2;3;RUE DE BOULAINVILLIERS;48,8514710;2,2782470
33983;202000037731;26;10;2020;15:13;1;75;75108;2;7;1;3;PLACE DE LA CONCORDE;48,8658430;2,3198850
33984;202000037732;30;6;2020;12:15;1;33;33281;2;3;1;3;AVE DE VERDUN / ACCES PARKING;44,8393400; -0,6307100
33985;202000037733;26;9;2020;14:15;1;75;75116;2;1;1;2;VOIE GEORGES POMPIDOU;48,8499160;2,2775910
33986;202000037734;7;12;2020;12:50;1;94;94068;2;2;1;3;CHAMPIGNY (BD DE);48,8060000;2,5090000
33987;202000037735;3;12;2020;20:40;5;94;94068;2;1;2;6;ALMA (AV DE L);48,7869330;2,4952350
33988;202000037736;30;6;2020;16:35;1;33;33529;2;3;1;3;FOIX (RUE GASTON) DU 38 ET +;44,6293200; -1,1415100
33989;202000037737;26;9;2020;21:15;5;75;75115;2;2;2;3;RUE DE SEVRES;48,8451450;2,3110980
33990;202000037738;8;12;2020;08:30;1;94;94076;2;9;1;3;PARIS (AV DE);48,8057300;2,3637000
33991;202000037739;26;10;2020;12:45;1;75;75107;2;2;1;3;AVENUE DE BRETEUIL;48,8516420;2,3125340
33992;202000037740;27;10;2020;13:10;1;75;75104;2;3;2;6;RUE DE LOBAU;48,8553250;2,3527550
33993;202000037741;26;9;2020;11:15;1;75;75110;2;1;1;7;BOULEVARD DE MAGENTA;48,8693880;2,3622400
33994;202000037742;8;12;2020;16:30;1;94;94077;2;1;1;1;VOEUX SAINT GEORGES (R DES);48,7312230;2,4383490
33995;202000037745;8;12;2020;00:00;5;94;94004;2;9;1;1;BREVANNES (R DE);48,7689000;2,5195000
33996;202000037746;27;10;2020;20:40;5;94;94046;2;1;2;2;REPUBLIQUE (AV DE LA);48,8043520;2,4375870
33997;202000037747;26;9;2020;19:40;2;75;75108;2;2;2;3;AVENUE MARCEAU;48,8724930;2,2962110
33998;202000037748;8;12;2020;07:55;5;94;94071;2;9;1;6;PRESIDENT JOHN KENNEDY (AV DU);48,7689000;2,5195000
33999;202000037749;27;10;2020;17:20;5;94;94003;2;4;2;3;GENERAL MALLERET JOINVILLE (AV DU);48,8039090;2,3424260
34000;202000037750;1;7;2020;11:55;1;31;31555;2;1;1;3;AV SALVADOR ALLENDE;43,6599200;1,4223000
34001;202000037752;26;9;2020;00:55;5;75;75108;2;7;1;6;PLACE DE LA MADELEINE;48,8693320;2,3247110
34002;202000037753;27;10;2020;11:40;1;94;94043;2;1;8;6;FONTAINEBLEAU (AV DE);48,8127200;2,3617400
34003;202000037754;17;11;2020;17:08;2;93;93064;2;1;8;1;MONTGOLFIER (RUE J ET E);48,8848104;2,4893256
34004;202000037755;25;9;2020;15:00;1;75;75102;2;3;2;7;BOULEVARD DES ITALIENS;48,8712820;2,3359610
34005;202000037756;8;12;2020;13:39;1;93;93048;2;6;1;7;FRANCOIS MITTERAND (PLACE);48,8650976;2,4432832
34006;202000037757;29;6;2020;18:35;1;30;30189;2;6;1;3;LECLERC GENERAL (AVENUE);43,8275900;4,3745800
34007;202000037758;27;10;2020;07:00;5;94;94073;2;1;1;-1;VERSAILLES (AV DE);48,7603100;2,3997200
34008;202000037759;8;12;2020;08:10;2;93;93031;2;1;1;6;FOCH (BOULEVARD);48,9477284;2,3323739