;Num_Acc;jour;mois;an;hrmn;lum;dep;com;agg;int;atm;col;adr;lat;long
34009;202000037760;25;9;2020;10:00;1;75;75102;2;4;2;7;BOULEVARD DES ITALIENS;48,8719970;2,3399310
34010;202000037761;26;10;2020;10:30;1;94;94028;2;1;1;6;LACHARRIERE.(RUE DU GENERAL);48,7856100;2,4653800
34011;202000037762;8;12;2020;12:50;1;93;93027;2;1;1;6;FERRY (RUE JULES);48,9269670;2,3929852
34012;202000037763;26;9;2020;21:05;5;94;94081;2;2;2;3;ANATOLE FRANCE (AV);48,8010000;2,4020000
34013;202000037764;27;10;2020;18:18;3;94;94017;2;1;2;3;Rue Louis Talamoni;48,8131400;2,5126000
34014;202000037765;8;12;2020;07:25;5;93;93027;2;6;1;2;R WALDECK ROCHET / AV JEAN MERMOZ;48,9322700;2,3994100
34015;202000037768;8;12;2020;08:05;2;93;93005;2;1;8;6;CAMILLE PELLETAN (RUE);48,9394448;2,4947927
34016;202000037769;27;10;2020;13:35;1;93;93027;2;1;2;3;AV JEAN JAURES;48,9244900;2,4023100
34017;202000037770;26;9;2020;16:30;1;94;94041;2;3;1;6;PIERRE ET MARIE CURIE (R);48,8160000;2,3771400
34018;202000037771;1;7;2020;08:55;1;17;17300;2;1;1;2;ROBINET   AVENUE LEOPOLD;46,1651800; -1,1367700
34019;202000037772;27;10;2020;10:40;1;93;93064;2;9;2;3;DE GAULLE (AV DU GENERAL) 58/49 - FIN;48,8763688;2,4807535
34020;202000037773;8;12;2020;15:15;1;92;92022;2;1;1;3;SALENGRO (AVENUE ROGER);48,8177940;2,1966581
34021;202000037775;1;7;2020;14:10;1;14;14220;2;2;1;3;REPUBLIQUE (AVENUE DE LA);49,3589100;0,0782749
34022;202000037776;8;12;2020;17:55;5;92;92062;2;1;1;4;DE DION BOUTON (QUAI) DU 1 AU 28;48,8818500;2,2469400
34023;202000037777;26;9;2020;15:22;1;93;93077;2;1;1;2;GRANDE RUE;48,8826427;2,5173456
34024;202000037778;27;10;2020;17:00;1;93;93048;2;2;2;3;COLMET LEPINAY (RUE);48,8549620;2,4429558
34025;202000037779;26;10;2020;10:10;1;93;93061;2;1;1;2;R D'ESTIENNE D'ORVES;48,8855460;2,4028540
34026;202000037780;26;9;2020;00:00;5;93;93051;2;1;8;1;FORT (AVE);48,8338500;2,5609400
34027;202000037781;4;12;2020;18:55;5;92;92036;2;3;1;3;THOMAS EDISON (RUE);48,9329330;2,3128680
34028;202000037782;27;10;2020;19:20;5;92;92046;2;3;2;6;AVAULEE (RUE);48,8166160;2,2925040
34029;202000037783;5;12;2020;02:50;5;92;92024;2;6;1;7;CLAUDE DEBUSSY (AVENUE);48,9106435;2,3125872
34030;202000037784;29;6;2020;17:50;1;13;13102;2;3;1;3;ROBERT FERRISSE (BD );43,4189000;5,2439700
34031;202000037785;26;9;2020;20:35;3;93;93006;2;2;1;3;AV STALINGRAD / R DES RIGONDES;48,8710910;2,4310865
34032;202000037786;7;12;2020;15:07;1;92;92071;2;1;1;6;LAKANAL (RUE);48,7800200;2,3022300
34033;202000037787;26;9;2020;08:05;1;93;93014;2;1;1;2;COUBRON (ALLEE DE);48,9116033;2,5498948
34034;202000037788;7;12;2020;15:20;1;92;92071;2;1;1;6;HONNEUR (ALLEE D');48,7752024;2,3054911
34035;202000037789;27;10;2020;13:57;1;92;92062;2;9;2;3;LAFARGUES (RUE PAUL);48,8866102;2,2455161
34036;202000037790;30;6;2020;15:25;1;13;13019;1;1;1;3;D543;43,4736600;5,3550900
34037;202000037791;8;12;2020;07:40;2;92;92004;2;1;1;6;EMILE ZOLA ( RUE );48,9245259;2,2841471
34038;202000037792;1;7;2020;22:40;5;13;13204;2;2;1;3;SAKAKINI (BOULEVARD);43,2998511;5,4009303
34039;202000037793;26;9;2020;09:25;1;93;93010;2;2;1;3;GALLIENI (AV.) DE 177 A 211;48,9070129;2,4886930
34040;202000037794;8;12;2020;11:15;1;92;92002;2;2;1;6;JEAN MOULIN (RUE);48,7530871;2,3067230
34041;202000037795;27;10;2020;21:00;5;92;92020;2;2;2;3;VERDUN AVENUE DE N°1 A 45;48,8024272;2,2863370
34042;202000037796;8;12;2020;13:30;1;974;97415;2;2;1;6;Rue Rhin et Danube; -21,0089760;55,2707680
34043;202000037797;26;6;2020;19:00;2;93;93001;2;1;8;3;AV JEAN JAURES;48,9153706;2,4046429
34044;202000037798;1;7;2020;16:45;1;13;13209;2;1;1;3;AVIATEUR LE BRIX (RUE);43,2634020;5,4045040
34045;202000037801;27;9;2020;13:30;1;63;63307;1;1;2;1;D2089;45,7127200;3,0731680
34046;202000037802;27;10;2020;18:50;5;92;92040;2;2;2;3;GABRIEL PERI;48,8173462;2,2737506
34047;202000037803;7;12;2020;16:00;1;33;33225;1;1;2;5;D1116;44,5612580; -0,3789850
34048;202000037805;27;9;2020;18:45;1;37;37148;1;1;8;1;;46,9586618;0,4790769
34049;202000037806;27;10;2020;18:30;5;92;92040;2;1;2;6;PAUL-VAILLANT COUTURIER (PLACE);48,8283807;2,2797757
34050;202000037807;27;10;2020;19:00;5;92;92024;2;1;2;5;CLICHY (QUAI DE) DE (8 A 60);48,9080200;2,2989300
34051;202000037808;27;9;2020;16:35;1;81;81052;1;1;2;1;D999;43,9163200;2,2365330
34052;202000037809;7;12;2020;06:20;2;974;97422;2;1;1;7;Rue Maurice Ravel; -21,2480930;55,5195280
34053;202000037810;9;12;2020;04:48;3;67;67102;1;1;1;7;D79 PR 6+150;48,6451030;7,5805230
34054;202000037811;26;9;2020;12:35;1;28;28018;1;1;1;7;A11;48,2042390;0,9114630
34055;202000037813;27;10;2020;19:30;3;92;92023;2;1;2;6;JEAN BAPTISTE CLEMENT (AVENUE);48,7914600;2,2630200
34056;202000037815;1;7;2020;08:50;1;13;13001;1;2;1;3;RD9;43,4932190;5,3713580
34057;202000037816;28;10;2020;18:10;5;08;08362;2;1;1;3;3 Bd de la 2e Div d'Infanterie;49,5068750;4,3651450
34058;202000037817;6;12;2020;22:46;5;67;67220;2;1;1;2;14 Rue de Duntzenheim;48,7357080;7,5228290
34059;202000037818;27;9;2020;12:10;1;83;83148;1;1;1;1;Route de Lorgues;43,4276040;6,4135410
34060;202000037819;29;6;2020;09:25;1;12;12202;2;1;8;6;Boscary Monsservin (Avenue);44,3608900;2,5605200
34061;202000037820;26;9;2020;20:15;3;01;01419;1;1;2;2;D89;46,2376100;6,0051440
34062;202000037821;27;9;2020;11:10;1;76;76126;1;9;6;6;A28;49,6774180;1,3388510
34063;202000037822;8;12;2020;14:56;1;87;87148;1;1;1;6;autoroute A20, PK 197+200;45,7247870;1,3464690
34064;202000037823;1;7;2020;10:10;1;07;07102;2;6;1;2;DES FREYDIERES (rond-point);44,9160000;4,8571000
34065;202000037825;9;12;2020;13:11;1;74;74005;1;1;1;1;Route Departementale 903;46,3162280;6,4414640
34066;202000037826;26;9;2020;04:57;3;36;36101;1;1;1;6;;46,6935190;1,5840050
34067;202000037827;15;6;2020;09:00;1;06;06083;2;6;1;7;CAREI (VAL DU);43,7892000;7,4926000
34068;202000037828;28;10;2020;07:05;2;28;28403;1;1;1;2;D935;48,3790720;1,4943770
34069;202000037829;27;10;2020;11:00;1;74;74010;2;1;1;6;29 Rue des Mouettes;45,9098720;6,1489000
34070;202000037830;8;12;2020;17:45;3;41;41123;1;1;1;1;D110;47,8295290;1,4157240
34071;202000037831;6;12;2020;16:20;1;83;83026;1;1;1;1;Colle d'Anclavier;43,4211340;6,1979200
34072;202000037832;28;10;2020;12:50;1;2B;2B096;2;1;1;7;6 Avenue de la République;42,3127310;9,1508870
34073;202000037833;8;12;2020;18:15;3;33;33363;1;1;1;3;hauteur du n°04, RD.14;44,7698576; -0,4307680
34074;202000037834;2;7;2020;01:15;5;06;06069;1;1;1;7;BELLETRUD (BOULEVARD DU DOCTEUR);43,6651290;6,8931130
34075;202000037835;28;10;2020;09:35;1;2B;2B207;1;1;1;7;Route d'Orezza;42,4465780;9,4773820
34076;202000037836;7;12;2020;10:30;1;61;61342;1;6;1;3;D926;48,7478560;0,5947420
34077;202000037837;28;10;2020;09:30;1;82;82155;1;1;5;6;D958;44,1571000;1,7191000
34078;202000037838;8;12;2020;15:56;1;86;86076;1;1;1;1;N149;46,6328730;0,2354350
34079;202000037839;27;10;2020;13:10;1;11;11258;2;1;1;1;chemin 442;43,2268340;2,9395940
34080;202000037840;1;7;2020;09:00;1;06;06004;2;3;7;5;DELMAS BD PIERRE;43,5808300;7,0980500
34081;202000037841;1;12;2020;18:10;3;22;22387;1;1;1;7;Hent Park An Itron;48,6046660; -3,4635550
34082;202000037842;26;9;2020;11:15;1;41;41020;1;9;1;6;Les Bardouillieres;47,8244860;0,7563710
34083;202000037843;27;10;2020;15:45;1;63;63407;1;1;2;1;D983;45,6088089;2,8253853
34084;202000037844;30;6;2020;17:55;1;75;75106;2;2;1;2;QUAI DE CONTI;48,8560630;2,3404750
34085;202000037845;26;9;2020;20:00;3;59;59622;1;1;2;6;D74;50,2203920;3,3933970
34086;202000037846;27;10;2020;20:15;3;49;49267;1;1;3;1;D116;47,4867630; -0,4828570
34087;202000037847;1;7;2020;10:00;1;75;75119;2;1;1;-1;AVENUE JEAN JAURES;48,8838700;2,3743830
34088;202000037848;26;9;2020;19:35;2;77;77416;1;2;2;3;D209;48,6154630;3,1028060
34089;202000037849;1;7;2020;16:30;1;75;75118;2;2;2;2;RUE DAMREMONT;48,8961280;2,3381300
34090;202000037850;27;10;2020;21:10;3;22;22046;1;3;8;3;D76;48,2595630; -2,5261100
34091;202000037851;1;7;2020;14:00;1;75;75117;2;3;2;6;AVENUE DES TERNES;48,8782980;2,2957000
34092;202000037852;27;10;2020;18:30;3;02;02057;1;1;2;7;D932;49,9979740;3,3446070
34093;202000037853;27;9;2020;18:05;1;63;63179;1;1;3;1;Le Perrier;45,6118283;3,7198123
34094;202000037854;1;7;2020;09:35;1;75;75117;2;3;1;2;BOULEVARD DES BATIGNOLLES;48,8835300;2,3268610
34095;202000037855;5;8;2020;17:50;1;61;61168;2;2;1;3;Boulevard de la Forêt d’Andaine;48,5890740; -0,3657510
34096;202000037856;1;7;2020;16:10;1;75;75116;2;1;2;2;AVENUE DE NEW YORK;48,8635570;2,2975630
34097;202000037857;27;10;2020;16:30;1;54;54135;2;9;1;6;Rue de la Marosse;48,5305063;5,8954632
34098;202000037858;30;6;2020;15:40;1;75;75114;2;3;1;3;RUE D ALESIA;48,8298370;2,3211760
34099;202000037859;27;10;2020;10:15;1;24;24520;1;1;2;1;Route d'Alsace;44,9189600;1,2052560
34100;202000037860;26;9;2020;17:45;2;47;47252;1;2;3;5;D911;44,3883710;0,5890130
34101;202000037861;30;6;2020;00:20;5;75;75114;2;1;1;-1;AVENUE RENE COTY;48,8325240;2,3329330
34102;202000037862;28;10;2020;06:45;1;04;04121;2;1;1;7;RD 17;44,0294130;6,1726960
34103;202000037863;27;10;2020;18:00;3;04;04110;1;2;1;3;RN 85 (SARL Baptiste);44,0364590;6,1114190
34104;202000037864;1;7;2020;11:15;1;75;75111;2;3;1;6;RUE SAINT SEBASTIEN;48,8624040;2,3737020
34105;202000037865;27;9;2020;03:20;3;39;39530;1;1;2;7;Thoirette;46,2694580;5,5379350
34106;202000037866;1;7;2020;19:35;1;75;75109;2;2;1;2;BOULEVARD HAUSSMANN;48,8722550;2,3382980
34107;202000037867;27;10;2020;14:25;1;85;85156;1;2;2;3;La Poiraudière;46,5048730; -1,4270530
34108;202000037868;26;9;2020;22:30;3;25;25157;1;1;2;1;RN57, PR 80+300;46,8232190;6,3704820
34109;202000037869;27;10;2020;11:35;1;85;85004;2;1;3;6;34 Rue Nationale;46,4080500; -1,4037800
34110;202000037872;23;10;2020;20:55;3;04;04112;1;1;2;6;A 51 sortie 18;43,8068760;5,8167670
34111;202000037873;1;7;2020;11:40;1;75;75117;2;3;1;3;AVENUE DE CLICHY;48,8938010;2,3146070
34112;202000037874;27;9;2020;09:38;1;29;29126;1;1;1;6;Lieu-dit Moulin du Vern;48,5569243; -4,4014374
34113;202000037875;28;10;2020;01:00;3;65;65127;1;1;2;6;A64;43,1015230;0,3402330
34114;202000037876;30;6;2020;16:55;1;75;75108;2;7;1;3;PLACE CHARLES DE GAULLE;48,8735360;2,2958430
34115;202000037877;1;7;2020;18:45;1;75;75107;2;5;2;7;QUAI ANATOLE FRANCE;48,8623960;2,3198280
34116;202000037878;28;10;2020;17:38;2;01;01007;1;1;2;2;A42 - sens LYON/GENEVE - PK 044+200;45,9982730;5,3128770
34117;202000037879;27;10;2020;15:30;1;987;98729;2;1;1;1;RT 91 PAOPAO PK 9 + 300; -17,5421280; -149,8953260
34118;202000037880;27;9;2020;15:10;1;03;03080;1;1;3;5;Route de Gannat;46,1048769;3,2714946
34119;202000037881;1;7;2020;21:50;1;75;75101;2;2;1;3;QUAI FRANCOIS MITTERRAND;48,8601010;2,3333380
34120;202000037883;30;6;2020;19:37;1;75;75103;2;3;1;2;BOULEVARD DE SEBASTOPOL;48,8619850;2,3501890
34121;202000037884;26;9;2020;13:20;1;15;15127;1;1;3;6;N122;45,2256810;3,1226120
34122;202000037885;28;10;2020;13:30;1;77;77190;1;1;1;3;D12;48,5223180;2,9720160
34123;202000037886;1;7;2020;19:45;1;93;93051;2;6;1;2;MARNOIS (NR 1 A 19);48,8412000;2,5597000
34124;202000037887;27;9;2020;19:45;3;01;01266;1;1;3;6;D28;46,3317360;5,1033210
34125;202000037888;11;10;2020;20:00;3;84;84004;1;1;1;1;Route de Caromb;44,1029260;5,0526700
34126;202000037889;27;9;2020;09:15;1;50;50403;1;1;1;6;Village Gavron;49,1578040; -1,5677080
34127;202000037890;1;7;2020;18:45;1;93;93031;2;1;2;3;SAINT LEU (ROUTE DE) > 159;48,9542578;2,3349334
34128;202000037891;27;10;2020;16:30;1;83;83107;1;1;1;1;Dn7;43,4618830;6,6557930
34129;202000037892;1;7;2020;19:40;1;93;93001;2;4;1;1;AV DE LA REPUBLIQUE / R DES CITES;48,9079428;2,3879353
34130;202000037893;27;10;2020;18:40;5;13;13081;2;6;1;3;Avenue Charles de Gaulle;43,4918330;5,2297440
34131;202000037894;26;9;2020;23:25;3;43;43051;1;1;1;6;Les Bruyères;45,0803235;4,3218098
34132;202000037895;26;6;2020;15:10;1;92;92063;2;1;1;6;FOUILLEUSE (AVENUE DE);48,8622479;2,1956002
34133;202000037896;27;10;2020;11:00;1;13;13031;2;1;1;6;D96;43,3742860;5,6068900
34134;202000037897;26;9;2020;15:10;1;36;36232;1;2;1;3;La Morandiere;46,8002360;1,3960900
34135;202000037898;1;7;2020;09:56;1;92;92040;2;1;1;6;AUGUSTE GERVAIS;48,8234000;2,2731800
34136;202000037899;26;9;2020;18:50;2;07;07142;1;1;4;1;N102;44,7656580;3,9141580
34137;202000037900;27;10;2020;17:10;1;26;26235;1;3;1;1;D59;44,3678270;4,6623230
34138;202000037901;30;6;2020;18:20;1;92;92078;2;2;1;3;GALLIENI (BOULEVARD) (1/19);48,9249550;2,3253700
34139;202000037902;25;9;2020;19:00;1;07;07199;1;1;1;3;Route de Ribeyre Bouchet;44,4847070;4,2420880
34140;202000037903;25;10;2020;16:45;1;64;64430;2;6;2;6;1 Impasse Bel Air;43,4898873; -0,7697779
34141;202000037904;1;7;2020;09:30;1;92;92035;2;1;1;1;République ( boulevard de la );48,9065900;2,2469300
34142;202000037905;27;9;2020;02:30;3;85;85190;1;1;1;6;La Dorinière;46,9159540; -1,4964580
34143;202000037906;23;8;2020;01:05;3;60;60138;1;1;1;6;D1330;49,2154110;2,6022360
34144;202000037907;27;9;2020;15:15;1;85;85175;1;1;1;6;D48;46,5877000; -1,1898500
34145;202000037908;27;10;2020;20:30;3;13;13071;1;1;1;2;A51-Sens Aix en Provence vers Marseille;43,4159010;5,3649290
34146;202000037909;1;7;2020;09:30;1;92;92012;2;3;1;6;PARIS (RUE DE) 1/97 - 2/114;48,8411551;2,2401897
34147;202000037910;26;9;2020;19:02;1;17;17339;1;1;2;7;D134;45,4596340; -0,4577350
34148;202000037911;27;10;2020;16:45;1;13;13071;1;1;1;4;A7-Sens Lyon vers Marseille;43,4032390;5,3445700
34149;202000037912;1;7;2020;08:05;1;92;92012;2;2;1;6;ANDRE MORIZET (AVENUE) 1/47 - 2/52;48,8349139;2,2414108
34150;202000037913;27;10;2020;18:27;1;13;13005;1;1;1;3;A50-Sens Aubagne vers Marseille;43,2864400;5,5092200
34151;202000037914;26;9;2020;23:23;3;30;30350;2;1;1;6;Route de Paillerols;43,9930540;3,6186650
34152;202000037915;27;10;2020;17:12;1;13;13071;1;1;1;4;A51-Sens Aix en Provence vers Marseille;43,4115577;5,3641119
34153;202000037916;1;7;2020;18:45;1;80;80498;1;1;1;1;au sentier d'acheux;50,0697560;2,5750060
34154;202000037917;26;9;2020;20:15;3;24;24293;1;1;2;6;La Lénotte;44,7939270;1,0093050
34155;202000037918;27;10;2020;18:30;3;13;13106;1;1;1;2;A7-Sens Lyon vers Marseille;43,3854000;5,3507000
34156;202000037919;30;6;2020;15:45;1;974;97422;2;1;1;6;Rue Marius et Ary Leblond; -21,2774130;55,5245430
34157;202000037921;27;9;2020;00:45;3;13;13051;1;1;1;2;D113;43,5957827;5,1050857
34158;202000037922;27;9;2020;17:01;1;01;01049;1;1;3;6;A42;45,8327350;5,0249280
34159;202000037923;1;7;2020;16:15;1;69;69277;1;1;1;4;D147;45,7393320;5,0241610
34160;202000037924;27;10;2020;18:50;5;33;33550;1;1;3;4;ROCADE A 630;44,7819000; -0,5836600
34161;202000037925;27;10;2020;14:30;1;33;33249;1;1;2;2;ROUTE NATIONALE 230;44,8696200; -0,5048200
34162;202000037927;30;6;2020;08:00;1;83;83085;1;1;1;1;D25;43,5116620;6,5661550
34163;202000037928;2;7;2020;02:14;3;41;41252;1;1;1;6;A10;47,6817960;1,4113940
34164;202000037929;2;7;2020;13:30;1;83;83070;2;1;1;3;Avenue du Président Vincent Auriol;43,1315110;6,3631060
34165;202000037930;26;9;2020;23:50;5;971;97103;1;4;8;6;N2;16,2506980; -61,5908900
34166;202000037931;27;10;2020;13:00;1;33;33448;1;1;2;6;AUTOROUTE A 62;44,7104900; -0,5137900
34167;202000037932;1;7;2020;20:30;2;34;34076;1;1;7;6;A75;43,6471240;3,4494980
34168;202000037933;26;9;2020;18:30;5;971;97112;1;1;2;1;Route de la Treille;15,8915339; -61,3124629
34169;202000037934;1;7;2020;13:55;1;37;37179;1;1;1;6;A10;47,4551869;0,7535509
34170;202000037935;27;9;2020;08:25;1;971;97129;2;3;1;3;RN 2 BÉBEL;16,3322135; -61,6962683
34171;202000037936;2;7;2020;18:40;1;69;69046;2;1;1;6;rue des gobins ( à hauteur du numéro 18 --pharmacie);45,6505926;4,7926269
34172;202000037937;26;10;2020;16:30;1;33;33162;1;1;2;5;ROCADE A 630;44,8622730; -0,6571010
34173;202000037939;30;6;2020;18:20;1;74;74263;2;1;1;3;Route de Pérrignier;46,3332780;6,3877860
34174;202000037940;13;9;2020;17:20;1;74;74080;1;1;1;7;D909;45,8765650;6,4529230
34175;202000037941;27;10;2020;17:00;1;91;91312;1;1;2;5;RD 444;48,7312200;2,2497500
34176;202000037942;1;7;2020;12:00;1;57;57193;2;1;1;1;29 Rue des Jardins;49,2236620;6,2142220
34177;202000037943;27;9;2020;16:15;1;38;38565;1;1;2;7;D520a;45,2986130;5,6376270
34178;202000037944;2;7;2020;08:45;1;51;51030;2;1;1;7;13 Boulevard Charles de Gaulle;49,0511875;4,0079576
34179;202000037945;27;10;2020;14:00;1;91;91228;1;1;2;3;RN 104;48,6133000;2,4310000
34180;202000037946;26;9;2020;12:20;1;14;14328;1;1;1;1;D513 A;49,2132870; -0,2604770
34181;202000037947;28;6;2020;16:30;1;67;67435;1;6;2;7;37 Rue de Burbach;48,8957170;7,0758180
34182;202000037948;26;10;2020;19:30;5;94;94034;1;9;1;3;AUTOROUTE A6B;48,7530000;2,3310000
34183;202000037949;26;9;2020;20:45;5;60;60589;2;1;3;6;rue de la liberté;49,2433100;2,4696820
34184;202000037950;26;10;2020;15:29;1;91;91340;1;1;1;2;AUTOROUTE A6;48,6115000;2,4319000
34185;202000037951;1;7;2020;18:10;1;65;65125;2;1;8;6;32 Rue des Pyrénées;43,1462210;0,3730790
34186;202000037952;27;10;2020;19:37;5;78;78043;1;1;2;4;A12 W;48,8364750;2,0893720
34187;202000037953;20;9;2020;00:45;4;62;62170;1;1;1;2;CD 301;50,4359150;2,6689910
34188;202000037954;1;7;2020;11:33;1;33;33394;1;3;1;3;D243;44,9055800; -0,1730400
34189;202000037955;22;9;2020;12:45;1;13;13005;1;1;1;2;A502-Sens Aubagne vers Toulon par R.N.;43,2833900;5,5751220
34190;202000037956;27;10;2020;17:20;3;92;92051;1;1;3;-1;RN13;48,8823920;2,2681260
34191;202000037957;22;9;2020;12:15;1;13;13203;1;1;1;7;A557-Liaison A7 Marseille-A55 Marseille;43,3173160;5,3639320
34192;202000037958;27;10;2020;11:50;1;78;78423;1;9;1;3;RN12;48,7959240;2,0434400
34193;202000037960;25;9;2020;04:30;3;69;69259;1;1;2;2;RD383   11.750 A 14.250;45,7167600;4,8526600
34194;202000037962;1;7;2020;09:30;1;47;47179;2;7;1;6;Place du Marche;44,4833790;0,9439980
34195;202000037963;26;10;2020;18:30;3;78;78640;1;1;1;3;N118;48,7783880;2,2223460
34196;202000037964;21;9;2020;16:15;1;69;69029;2;1;1;5;RD383   7.640 A 11.044;45,7463000;4,9069100
34197;202000037965;2;7;2020;17:20;1;34;34180;1;1;1;1;D609;43,5912980;3,4532310
34198;202000037966;27;10;2020;12:45;1;95;95394;1;1;1;2;RN 184;49,0515120;2,1929210
34199;202000037967;22;9;2020;14:40;1;67;67482;1;1;1;2;Autoroute A.35;48,5697140;7,7315390
34200;202000037969;26;9;2020;15:40;1;78;78640;1;1;1;2;A86 EXT;48,7774750;2,2210670
34201;202000037971;1;7;2020;18:25;1;68;68207;2;1;1;-1;4 Rue de Lubbon;47,5928120;7,4652420
34202;202000037972;27;10;2020;20:15;5;94;94069;1;9;2;7;A4;48,8173200;2,4284930
34203;202000037973;25;9;2020;20:15;3;78;78133;1;1;1;4;A13;48,8940700;2,0078830
34204;202000037975;27;10;2020;17:30;1;93;93051;1;9;2;3;A4;48,8361144;2,5545797
34205;202000037976;26;9;2020;16:45;1;92;92036;1;1;1;2;AUTOROUTE A15;48,9417503;2,2906414
34206;202000037977;1;7;2020;16:05;1;29;29217;2;1;1;6;11 rue emile bernard;47,8583221; -3,7519417
34207;202000037978;26;9;2020;05:30;5;93;93066;1;1;1;7;AUTOROUTE A1;48,9043400;2,3584600
34208;202000037979;1;7;2020;19:30;1;72;72165;1;1;1;6;1124 Route de la Chapelle-saint-rémy;48,0879935;0,4299387
34209;202000037980;25;9;2020;23:30;3;93;93066;1;1;1;6;AUTOROUTE A1;48,9190400;2,3572900
34210;202000037981;27;6;2020;14:30;1;06;06111;1;1;1;-1;D130;44,0863210;7,0889710
34211;202000037982;26;10;2020;17:10;1;77;77169;1;1;1;3;RN104;48,8171500;2,6198000
34212;202000037983;2;7;2020;13:45;1;64;64420;1;1;2;1;Côte de Camptort;43,3288300; -0,7188430
34213;202000037984;26;10;2020;10:45;1;77;77121;1;1;1;2;A104;48,8360000;2,6653000
34214;202000037985;25;9;2020;16:45;1;988;98818;2;3;1;3;ROUTE DE LA BAIE DES DAMES/RUE JOULE; -22,2354700;166,4443300
34215;202000037986;2;7;2020;08:55;1;64;64256;1;1;2;1;CD 21 - lieu dit pignadas;43,4242040; -1,3171580
34216;202000037987;23;8;2020;10:21;1;69;69264;2;9;1;6;FRANS ROUTE DE;45,9845508;4,7364596
34217;202000037988;25;9;2020;10:30;1;974;97411;2;3;1;3;JAURES (BLD 1 JEAN); -20,8884200;55,4464000
34218;202000037989;26;10;2020;15:40;1;974;97416;1;2;2;3;Chemin Ringuin; -21,3265120;55,4977370
34219;202000037990;1;7;2020;13:15;1;43;43162;2;3;1;3;Rue Henri Pontvianne;45,2114200;4,0322670
34220;202000037991;25;9;2020;07:55;1;974;97409;2;1;1;6;CLOVIS(RUELLE); -20,9453500;55,6491200
34221;202000037992;30;6;2020;16:40;1;07;07197;1;3;1;2;RD578A;45,2140640;4,6603150
34222;202000037993;26;10;2020;13:25;1;972;97213;1;9;1;2;Z I LES MANGLES;14,6174300; -61,0196000
34223;202000037994;25;9;2020;14:04;1;973;97302;2;1;1;3;MERE THERESA (rue);4,9270940; -52,3140568
34224;202000037995;2;7;2020;09:40;1;07;07181;2;9;1;6;Avenue Jean-claude Dupau;44,7477020;4,7459450
34225;202000037996;24;10;2020;21:15;4;972;97209;1;6;1;6;RN9;14,6046500; -61,0423100
34226;202000037997;24;9;2020;22:20;4;973;97302;2;1;1;1;BOUDINOT (AUGUSTE) CITE THEMIRE;4,9353600; -52,3191100
34227;202000037998;1;7;2020;19:45;1;17;17434;1;6;1;6;RD939;46,0994238; -0,7320701
34228;202000037999;23;10;2020;22:55;5;972;97209;2;1;1;-1;BISHOP (Avenue Maurice);14,6090657; -61,0557175
34229;202000038000;25;9;2020;20:30;5;69;69387;2;1;2;3;UNIVERSITE (DE L')                  (R );45,7493866;4,8416580
34230;202000038001;29;6;2020;06:30;2;06;06030;2;2;1;-1;Avenue du Campon;43,5827170;7,0096180
34231;202000038002;24;10;2020;20:20;4;2B;2B033;2;6;1;5;SAMPIERO CORSO - AV;42,6709300;9,4435100
34232;202000038003;25;9;2020;19:40;5;69;69387;2;1;1;6;DEBOURG                             (AV);45,7315000;4,8297600
34233;202000038004;2;7;2020;15:53;1;74;74081;2;3;1;3;1 Place Charles de Gaulle;46,0601150;6,5803240
34234;202000038005;22;10;2020;11:50;1;971;97101;1;1;1;7;MORNE LACROSSE;16,2297000; -61,5278100
34235;202000038006;25;9;2020;17:30;1;69;69199;2;1;1;6;JEAN JAURES                         (AV);45,7099918;4,8551579
34236;202000038007;26;10;2020;15:35;1;95;95585;2;1;1;6;BROSSELETTE (RUE PIERRE);48,9931100;2,3766300
34237;202000038008;25;9;2020;14:50;1;69;69387;2;1;2;3;YVES FARGES                         (BD);45,7403600;4,8317000
34238;202000038009;25;10;2020;20:54;3;95;95500;2;1;2;6;105 Boulevard Jacques Tête;49,0633670;2,1025490
34239;202000038010;2;7;2020;10:40;1;86;86241;1;1;1;7;D22;46,9287020;0,6948102
34240;202000038011;23;9;2020;17:20;1;69;69387;2;1;1;3;TONY GARNIER                        (AV);45,7279300;4,8242600
34241;202000038012;1;7;2020;01:00;3;11;11202;1;1;1;7;D627;42,9056910;3,0200140
34242;202000038013;19;10;2020;14:40;1;91;91021;1;1;1;3;RTE NATIONALE 20 DEVIATION;48,5965500;2,2439100
34243;202000038015;24;9;2020;07:35;1;972;97209;1;1;1;7;RAVINE VILAINE (CHEMIN DEPARTEMENTAL DE);14,6538300; -61,0579300
34244;202000038016;2;7;2020;15:30;1;988;98830;1;1;7;6;RPN10; -20,8302560;165,2560040
34245;202000038017;25;9;2020;04:35;5;69;69382;2;2;2;3;JULES COURMONT                      (QU);45,7635706;4,8384350
34246;202000038018;1;7;2020;23:00;3;91;91315;2;1;1;6;Route du Bouchet;48,5228830;2,3500850
34247;202000038019;26;10;2020;18:00;5;91;91201;2;2;1;3;RUE PIERRE BROSSOLETTE;48,6839300;2,4151810