;Num_Acc;jour;mois;an;hrmn;lum;dep;com;agg;int;atm;col;adr;lat;long
34248;202000038020;25;9;2020;10:00;1;69;69389;2;1;1;3;ST CYR (DE)                         (R );45,7811416;4,8071839
34249;202000038021;22;6;2020;10:45;1;34;34090;2;6;1;6;D613;43,6410920;3,9403900
34250;202000038023;30;6;2020;15:38;1;84;84019;2;6;1;2;Avenue Jean Giono;44,2850900;4,7507720
34251;202000038025;23;10;2020;18:57;1;87;87085;2;2;1;3;VANTEAUX (BOULEVARD DE);45,8209100;1,2303600
34252;202000038026;25;9;2020;22:40;5;2A;2A004;2;3;6;3;Boulevard Tino Rossi;41,9076059;8,6793538
34253;202000038027;2;7;2020;16:20;1;05;05136;1;3;2;3;N94;44,7006200;6,6093550
34254;202000038028;23;10;2020;11:18;1;87;87085;2;1;1;3;TOULOUSE (RUE DE);45,8020900;1,2936800
34255;202000038029;1;7;2020;11:45;1;67;67154;2;1;1;7;19 Rue des Primevères;48,3756940;7,7060670
34256;202000038030;22;10;2020;17:55;1;83;83141;1;3;1;3;ARCS(ROUTE DES);43,4890723;6,4836826
34257;202000038032;26;10;2020;16:15;1;82;82121;2;3;2;6;SARRAIL (RUE DU GENERAL);44,0168400;1,3484000
34258;202000038033;23;10;2020;07:50;2;80;80021;2;1;1;6;QUATORZE JUILLET 1789 (AVENUE DU);49,8714500;2,2805000
34259;202000038034;1;7;2020;22:20;3;74;74220;1;1;8;1;Route d'Annemasse;46,1479380;6,2614450
34260;202000038035;26;10;2020;15:35;1;78;78486;1;1;1;6;RN 10;48,6772400;1,8409200
34261;202000038036;1;7;2020;13:45;1;74;74080;2;1;1;3;Route de l'Etale;45,8950150;6,4267500
34262;202000038037;26;10;2020;10:35;1;77;77445;2;1;1;6;BLUM (AVENUE LEON);48,5966500;2,5817600
34263;202000038038;24;10;2020;11:28;1;76;76498;2;2;2;2;GIRARDIN. BOULEVARD STANISLAS;49,4159300;1,0565400
34264;202000038039;2;7;2020;17:30;1;26;26206;2;1;2;1;D125;44,8365630;4,9819990
34265;202000038040;25;10;2020;20:30;5;76;76231;2;1;1;6;CARNOT. COURS;49,2869500;1,0163900
34266;202000038041;2;7;2020;12:15;1;69;69121;2;1;1;2;Route de Lyon;45,8564420;4,6966710
34267;202000038042;24;10;2020;11:00;1;76;76540;2;1;1;4;NANSEN. RUE FRIDTJOF;49,4450600;1,0638700
34268;202000038043;2;7;2020;19:30;1;81;81105;2;3;1;3;28 bis Rue Cardinal Roques;43,7615974;2,0136646
34269;202000038044;24;10;2020;15:55;1;74;74012;2;3;1;5;ARVE (QUAI D');46,1845300;6,2287000
34270;202000038045;24;10;2020;19:10;5;74;74012;2;1;1;3;LECLERC (AVENUE DU MARECHAL);46,1911600;6,2506600
34271;202000038046;24;10;2020;10:05;1;67;67218;2;1;1;6;LYON (RTE DE);48,5241329;7,7078098
34272;202000038048;23;10;2020;20:00;5;67;67204;2;3;2;3;REPUBLIQUE (RUE DE LA);48,6236300;7,7550200
34273;202000038049;2;7;2020;13:45;1;85;85015;1;2;1;3;La Vivantière;46,8162500; -1,4916000
34274;202000038050;25;10;2020;14:30;1;64;64260;1;2;9;3;FIGUIERS (RUE DES);43,3713300; -1,7744800
34275;202000038051;26;10;2020;18:20;5;59;59350;2;1;1;6;LEGRAND PIERRE RUE;50,6324101;3,0922671
34276;202000038052;2;7;2020;15:50;1;85;85302;1;1;1;1;D160;46,9636600; -0,9734400
34277;202000038053;24;10;2020;14:00;1;59;59378;2;1;1;2;MENIN RUE DE;50,6773300;3,0816900
34278;202000038054;1;7;2020;07:40;2;76;76532;1;1;2;2;D41;49,6128558;1,3260949
34279;202000038055;9;10;2020;12:25;1;58;58194;2;2;1;3;CAMILLE BAYNAC;46,9873000;3,1350000
34280;202000038057;1;7;2020;17:50;1;62;62356;1;1;1;1;D57 E2;50,4393590;2,6075360
34281;202000038058;24;10;2020;23:20;3;56;56036;1;1;3;4;RN 165;47,7923500; -3,3075800
34282;202000038059;30;6;2020;07:00;1;59;59599;1;1;1;3;ROUTE DEPARTEMENTALE 656;50,7394140;3,1550690
34283;202000038060;25;10;2020;20:20;5;54;54304;2;2;3;6;RHIN (AV. DU);48,6993816;6,1372280
34284;202000038062;26;10;2020;17:30;1;53;53130;1;1;7;5;ELAIN (BOULEVARD PIERRE);48,0850300; -0,7855500
34285;202000038063;25;10;2020;19:50;5;50;50173;2;4;3;6;GUERRY (RUE);49,6456800; -1,6659700
34286;202000038064;1;7;2020;17:50;1;91;91477;1;1;2;2;AUTOROUTE A126;48,7226480;2,2340960
34287;202000038065;1;7;2020;09:30;1;93;93066;1;1;1;3;AUTOROUTE A1;48,9217000;2,3571600
34288;202000038066;17;10;2020;01:05;5;49;49007;2;1;1;3;Boulevard du Roi René;47,4693600; -0,5604900
34289;202000038067;17;10;2020;16:42;1;49;49007;1;1;1;7;ATLANTIQUE  AVENUE DE L';47,4650700; -0,5771200
34290;202000038068;1;7;2020;17:45;1;93;93051;1;1;1;2;A4;48,8362535;2,5518790
34291;202000038069;6;6;2020;06:15;2;68;68278;2;1;1;7;;47,7509060;7,3841480
34292;202000038070;16;10;2020;08:20;1;49;49007;2;1;1;-1;CUL D'ANON CHEMIN;47,4757606; -0,5153744
34293;202000038071;28;6;2020;10:50;1;974;97416;1;9;1;3;Chemin des Assises; -21,2878600;55,4629700
34294;202000038072;16;10;2020;08:30;1;49;49007;2;1;1;2;TOUCHERONDE;47,4542700; -0,5323600
34295;202000038073;30;6;2020;12:45;1;974;97416;2;1;1;2;HUBERT DE LISLE(BOULEVARD); -21,3436000;55,4698600
34296;202000038074;26;10;2020;17:15;1;37;37261;2;1;1;4;DANIEL MAYER;47,4188500;0,6971400
34297;202000038075;30;6;2020;14:05;1;973;97302;2;1;1;3;MONTABO (ROUTE DE) 2;4,9422136; -52,3051357
34298;202000038077;30;6;2020;09:30;1;69;69388;2;2;1;2;MARIUS BERLIET                      (R );45,7390300;4,8665000
34299;202000038078;30;6;2020;06:15;1;69;69383;2;2;1;3;PAUL BERT                           (R );45,7561100;4,8727400
34300;202000038079;30;6;2020;18:30;1;69;69389;2;1;1;2;AUTOROUTE A6                        (XX);45,7667200;4,7915100
34301;202000038080;30;6;2020;17:00;1;69;69149;2;1;1;2;RHONE (DU)                        (R );45,7170650;4,8135080
34302;202000038081;30;6;2020;07:00;1;69;69034;2;1;1;3;GEORGES CLEMENCEAU                  (QU);45,7945651;4,8280872
34303;202000038082;28;6;2020;19:55;1;69;69152;2;2;1;3;EUROPE (DE L')                      (BD);45,6976300;4,8247000
34304;202000038083;21;6;2020;00:15;5;91;91471;2;1;1;6;GUY MOQUET (RUE);48,7003900;2,1891200
34305;202000038084;30;6;2020;18:50;1;91;91657;1;4;1;2;LONGUERAIE (RUE DE LA ) FOSSE MONTALBOT;48,7164800;2,4374900
34306;202000038086;30;6;2020;16:09;1;87;87085;2;1;1;6;AMPHITHEATRE (RUE DE);45,8310800;1,2518100
34307;202000038087;30;6;2020;10:30;1;87;87085;2;6;1;6;TARRADE (AVENUE ADRIEN);45,8400300;1,2573200
34308;202000038088;29;6;2020;21:15;1;82;82121;2;1;1;2;DOUMERC (BOULEVARD BLAISE);44,0183150;1,3632570
34309;202000038089;30;6;2020;09:10;1;80;80021;2;1;1;3;FAUBOURG DE HEM (RUE DU);49,9044500;2,2735300
34310;202000038090;28;6;2020;18:45;1;80;80021;2;1;1;2;BOURGOGNE (AVENUE DE);49,9156500;2,2515100
34311;202000038091;30;6;2020;19:40;1;78;78224;1;1;1;3;NOISY (ROUTE DE);48,8604010;2,0689740
34312;202000038092;30;6;2020;11:45;1;78;78224;2;1;1;3;JEAN MERMOZ (RUE);48,8692300;2,0720200
34313;202000038093;29;6;2020;11:45;1;74;74012;2;3;1;3;VERDUN (AVENUE DE);46,1902970;6,2425850
34314;202000038094;29;6;2020;18:11;1;68;68066;1;1;8;-1;D13;48,0560010;7,3987760
34315;202000038095;29;6;2020;22:25;3;67;67482;1;1;1;7;ROHRSCHOLLEN (ROUTE DU);48,5131700;7,7877600
34316;202000038096;29;6;2020;15:15;1;67;67482;2;3;3;-1;SENGENWALD (RUE);48,5773500;7,7521400
34317;202000038097;29;6;2020;09:45;1;67;67482;2;2;2;3;GRAVIERE (RUE DE LA);48,5606733;7,7620375
34318;202000038098;30;6;2020;19:57;1;64;64483;2;1;1;3;ERROMARDIE (CHEMIN D');43,3974200; -1,6443000
34319;202000038099;25;6;2020;10:40;1;62;62239;2;1;1;6;EUROPE (BOULEVARD DE L');50,9339397;1,8055249
34320;202000038100;27;6;2020;10:45;1;57;57441;2;1;1;6;LUXEMBOURG (RUE DU);49,3736300;6,1694000
34321;202000038102;27;6;2020;22:17;3;57;57019;1;1;1;7;CD 112F;49,2460400;6,1455700
34322;202000038103;14;3;2020;20:45;3;45;45228;1;1;1;6;Route de Nesploy - D30 PR14+30;48,0191660;2,3319799
34323;202000038104;2;2;2020;14:40;1;64;64317;1;1;1;-1;D918;43,3547820; -1,4223970
34324;202000038105;14;3;2020;19:30;3;43;43025;1;1;1;1;D42;45,2784500;4,1117410
34325;202000038106;15;3;2020;01:00;3;04;04158;1;1;1;7;RD 11;43,7100830;6,0444650
34326;202000038107;14;3;2020;14:45;1;27;27018;1;1;1;7;Cote de Routot;49,3120860;0,6545450
34327;202000038109;15;3;2020;15:55;1;01;01031;1;1;1;6;A404;46,2478491;5,6238747
34328;202000038110;13;3;2020;19:35;3;13;13037;1;1;1;3;N RD 113;43,5478720;5,1831170
34329;202000038112;15;3;2020;06:55;1;06;06027;1;1;1;5;A8, pk 181.300 direction NICE;43,6596140;7,1503190
34330;202000038113;15;3;2020;08:05;1;971;97134;2;2;1;3;Avenue du General de Gaulle;16,0593720; -61,7667410
34331;202000038114;15;3;2020;15:05;1;95;95040;1;1;1;1;D43;49,0984450;1,8786730
34332;202000038116;14;3;2020;03:30;5;84;84105;2;1;1;7;Route Departementale 174;43,8650110;5,4261520
34333;202000038117;15;3;2020;00:15;5;84;84092;2;1;1;6;540 Chemin des Broutières;43,9717540;4,8566440
34334;202000038118;14;3;2020;16:40;1;13;13041;2;1;1;3;Boulevard Paul Cezanne;43,4514289;5,4719776
34335;202000038119;14;3;2020;15:15;1;68;68001;1;4;1;6;Route de Volgelsheim;48,0070980;7,5556860
34336;202000038120;14;3;2020;21:00;3;63;63213;1;1;1;6;Route de Riom;45,8220480;3,2316540
34337;202000038121;14;3;2020;17:15;1;38;38565;2;1;1;7;Avenue Henri Chapays;45,2980080;5,6359770
34338;202000038122;14;3;2020;17:20;1;69;69254;1;1;1;6;Chemin de la Piaffe;45,9556699;4,4215035
34339;202000038123;15;3;2020;15:00;1;69;69249;1;1;1;6;D311;45,6737899;4,6102417
34340;202000038124;15;3;2020;17:20;1;79;79049;1;1;1;7;;46,8705600; -0,4982900
34341;202000038125;15;3;2020;16:20;1;64;64067;1;1;1;6;54, Quartier Lous Mats;43,2634210; -0,2938040
34342;202000038126;15;3;2020;09:10;1;49;49258;1;2;1;3;D146 (La Renaudière);47,1374830; -1,0456110
34343;202000038128;15;3;2020;15:15;1;59;59482;2;1;1;7;122 Rue du Marechal Foch;50,7089464;3,0095853
34344;202000038129;14;3;2020;02:50;3;13;13001;1;1;1;2;A51-Sens Aix en Provence vers Marseille;43,5019075;5,3549571
34345;202000038130;13;3;2020;21:20;5;13;13055;1;1;1;2;A507 sens Marseille - Aubagne;43,3084420;5,4248860
34346;202000038131;14;3;2020;05:15;3;69;69295;1;1;1;-1;A46S   53.980 A 57.400;45,6123864;4,8747325
34347;202000038133;14;3;2020;15:35;1;91;91589;1;1;1;4;AUTOROUTE A6;48,6740400;2,3428000
34348;202000038134;14;3;2020;11:05;1;91;91086;1;1;1;7;RN 104;48,6238000;2,3844200
34349;202000038136;14;3;2020;12:55;1;78;78498;1;1;1;6;A13;48,9138190;2,0055210
34350;202000038137;13;3;2020;17:05;1;78;78133;1;1;1;2;A13;48,8861960;2,0124290
34351;202000038138;13;3;2020;20:20;5;93;93008;1;1;1;2;AUTOROUTE A86;48,9141200;2,4323400
34352;202000038140;14;3;2020;05:00;3;93;93027;1;1;2;6;AUTOROUTE A86;48,9233700;2,3833700
34353;202000038142;13;3;2020;17:20;1;93;93078;1;1;1;4;AUTOROUTE A104;48,9666600;2,5131400
34354;202000038143;13;3;2020;12:30;1;95;95365;1;1;1;6;RN 104;49,0656900;2,4064300
34355;202000038144;14;3;2020;20:20;3;94;94017;1;1;8;2;A4;48,8263105;2,5198193
34356;202000038145;13;3;2020;21:40;5;94;94052;1;1;1;6;A4;48,8262700;2,4657800
34357;202000038146;9;1;2020;09:30;1;13;13210;2;1;1;6;FLORIAN (AVENUE);43,2824700;5,4273300
34358;202000038147;14;3;2020;03:10;5;988;98818;1;1;1;6;VE1 SENS SUD/NORD HT PONT KOWE KARA; -22,2336900;166,4576500
34359;202000038148;13;3;2020;09:55;1;974;97411;2;1;1;6;MONTHYON (RUE); -20,8875574;55,4547873
34360;202000038149;11;3;2020;13:30;1;974;97407;2;1;1;6;Rue du Général de Gaulle; -20,9409500;55,2957600
34361;202000038150;13;3;2020;19:15;2;69;69388;2;1;1;2;ALBERT THOMAS                       (CO);45,7490300;4,8611500
34362;202000038151;13;3;2020;19:50;5;69;69387;2;1;1;3;JEAN JAURES                         (AV);45,7305031;4,8331199
34363;202000038152;13;3;2020;15:00;1;69;69387;2;3;1;1;CHALLEMEL LACOUR                    (R );45,7292700;4,8460600
34364;202000038153;13;3;2020;00:20;5;69;69034;2;6;1;6;GENERAL DE GAULLE                   (AV);45,8078400;4,8561800
34365;202000038154;13;3;2020;18:20;5;69;69382;2;2;1;2;MARECHAL JUIN                       (PT);45,7632100;4,8316600
34366;202000038156;12;3;2020;20:55;5;2A;2A004;2;1;1;1;T21;41,9297500;8,7608500
34367;202000038157;28;1;2020;15:00;1;91;91692;2;1;1;7;JARDINS FAMILIAUX;48,6735300;2,1801500
34368;202000038159;27;2;2020;08:10;1;91;91521;2;1;3;6;BROSSOLETTE (RUE PIERRE) N°1 A 81;48,6475980;2,4072860
34369;202000038160;13;3;2020;18:25;1;91;91174;2;1;1;3;JOHN KENNEDY (BOULEVARD);48,5812470;2,4762550
34370;202000038161;13;3;2020;16:00;1;91;91021;2;1;1;6;JEAN JAURES (PASSAGE);48,5890000;2,2460000
34371;202000038162;13;3;2020;01:45;3;91;91103;1;6;1;6;CD 19;48,5947400;2,3116500
34372;202000038164;13;3;2020;16:15;1;86;86194;2;1;1;6;Avenue Winston Churchill;46,5915133;0,3555552
34373;202000038165;13;3;2020;00:04;5;83;83137;2;3;1;3;FOCH (AVE DU MARECHAL);43,1268170;5,9228450
34374;202000038168;12;3;2020;17:30;1;77;77258;1;6;1;2;SOUBRIARDE (AVENUE DE LA) - D10P;48,8324500;2,6426800
34375;202000038170;13;3;2020;13:45;1;77;77243;2;3;1;1;GENERAL LECLERC  (AVENUE DU) - D418;48,8765499;2,6995447
34376;202000038171;12;3;2020;18:05;1;76;76540;2;5;1;3;BRIAND. AVENUE ARISTIDE;49,4345100;1,1060900
34377;202000038172;12;3;2020;15:25;1;76;76305;2;1;2;1;Allée Victor Hugo;49,5054000;0,2319000
34378;202000038173;13;3;2020;07:55;1;76;76217;2;2;2;3;CORMORANS (DES);49,9302200;1,0973500
34379;202000038174;13;3;2020;17:45;1;74;74012;2;6;1;3;LEMAN (AVENUE DU);46,1828030;6,2461970
34380;202000038175;13;3;2020;16:04;1;72;72181;1;1;1;6;PREMIERE DIVISION FRANCAISE (BD);48,0236000;0,2274000
34381;202000038176;12;3;2020;11:32;1;72;72181;2;1;1;4;COURBOULAY PAUL (RUE);48,0020200;0,1912300
34382;202000038177;12;3;2020;07:45;1;71;71040;2;1;1;4;Route de Mâcon;46,6941928;4,3914602
34383;202000038178;12;3;2020;13:45;1;67;67043;2;2;2;3;BISCHWILLER (ROUTE DE);48,6157963;7,7531020
34384;202000038179;13;3;2020;10:35;1;67;67180;2;1;1;3;BITCHE (ROUTE DE);48,8226280;7,7710040
34385;202000038180;13;3;2020;21:09;3;64;64445;2;3;1;-1;LIEGE DE;43,3006300; -0,3751700
34386;202000038181;14;3;2020;00:37;5;64;64122;2;1;1;-1;PETITES SOEURS DES PAUVRES (RUE DES;43,4810000; -1,5488800
34387;202000038182;13;3;2020;17:20;1;64;64024;2;1;1;7;ALBERT LE BARRILLIER (RUE);43,4847300; -1,5135700
34388;202000038183;10;3;2020;08:05;1;62;62400;2;1;2;3;PREMIER MAI ( DU );50,4740726;2,5819368
34389;202000038184;7;3;2020;05:45;3;61;61117;1;1;2;6;ALPES MANCELLES (RUE DES);48,4266000;0,0230700
34390;202000038185;12;3;2020;19:20;3;59;59153;2;9;8;7;RUE YVON BOUTON;50,4543600;3,5857600
34391;202000038186;12;3;2020;19:30;5;59;59574;2;1;1;2;PASTEUR LOUIS (RUE);50,3623600;3,2797900
34392;202000038187;11;3;2020;17:30;1;58;58194;2;3;1;2;EPERON;46,9917500;3,1791000
34393;202000038189;11;3;2020;14:30;1;54;54096;1;1;1;7;D27;49,4465000;5,9030000
34394;202000038190;13;3;2020;17:20;1;51;51454;2;2;1;3;Boulevard Charles Arnould;49,2664820;4,0152746
34395;202000038191;13;3;2020;09:00;1;51;51454;2;1;1;3;Avenue Salvador Allende Gossens;49,2838080;4,0152815
34396;202000038192;13;3;2020;17:15;1;45;45234;2;1;1;6;Rue Saint Marceau;47,8912100;1,9059000
34397;202000038193;13;3;2020;07:50;1;45;45285;2;1;1;7;Rue Ernest et Isabelle Lancelot;47,9102900;1,8701100
34398;202000038194;13;3;2020;09:54;1;45;45208;2;1;1;6;RUE EMILE MENGIN - D943;48,0056615;2,7414022
34399;202000038195;12;3;2020;10:00;1;44;44184;2;1;1;3;GAUTIER (RUE HENRI) DU 27 AU 91;47,2806000; -2,2044000
34400;202000038196;8;3;2020;18:05;1;42;42103;1;1;1;7;Route de Combérigol;45,5067017;4,5555955
34401;202000038197;13;3;2020;17:20;1;42;42187;2;1;1;6;Rue Nicolas Cugnot;46,0440300;4,0608600
34402;202000038198;12;3;2020;12:15;1;42;42316;2;1;1;6;Rue Pasteur;45,3987700;4,2631600
34403;202000038199;13;3;2020;21:30;5;37;37122;2;1;1;6;MARTYRS (RUE DES);47,3561346;0,6673202
34404;202000038200;13;3;2020;08:00;1;37;37122;2;1;1;2;RD 86 DE MONTS à TOURS;47,3370632;0,6648126
34405;202000038201;12;3;2020;17:50;1;35;35288;2;1;1;3;SILLON (DU) CHAUSSEE;48,6542300; -2,0089700
34406;202000038202;12;3;2020;21:00;5;34;34172;2;1;1;6;BLANC (BOULEVARD LOUIS);43,6147740;3,8786420
34407;202000038204;13;3;2020;16:30;1;33;33162;2;9;1;4;RTE DE LACANAU;44,8857200; -0,6656600
34408;202000038205;13;3;2020;16:25;1;33;33281;2;1;1;6;AVE FRANCOIS MITTERRAND;44,8266800; -0,6203200
34409;202000038206;13;3;2020;13:20;1;33;33119;2;8;1;6;AVE GEORGES CLEMENCEAU;44,8504800; -0,5089400
34410;202000038207;13;3;2020;10:20;1;33;33065;1;2;1;1;Quai de la Souys / Route du Bord de l'Eau;44,8149200; -0,5276200
34411;202000038208;7;2;2020;14:52;1;32;32013;2;1;1;7;DARWIN;43,6317400;0,5898500
34412;202000038210;13;3;2020;01:09;5;30;30189;2;1;1;6;FONTAINE (QUAI);43,8384700;4,3515600
34413;202000038211;13;3;2020;20:00;5;29;29019;2;6;2;3;Rue Amiral Romain Desfossés;48,4263800; -4,4778300
34414;202000038212;13;3;2020;11:32;1;29;29019;2;2;1;6;29 Rue Robespierre;48,4132388; -4,4912977
34415;202000038213;13;3;2020;17:40;1;26;26362;2;2;1;3;1 Rue de Coulmiers;44,9260130;4,9010610
34416;202000038214;13;3;2020;16:30;1;24;24145;2;1;1;3;ROUTE DE LA NAUVE;44,8527000;0,5368800
34417;202000038215;13;3;2020;09:45;1;22;22360;1;1;1;7;RN12;48,4871000; -2,7179000
34418;202000038216;7;3;2020;09:20;1;22;22187;1;1;1;7;RN12;48,5462200; -2,7834100
34419;202000038217;14;3;2020;01:20;3;14;14118;2;1;1;-1;CD 405;49,1704300; -0,3844100
34420;202000038218;12;3;2020;08:15;1;13;13103;2;1;1;4;AVENUE BOREL -GEORGES;43,6404950;5,0801970
34421;202000038219;13;3;2020;20:56;5;13;13211;2;2;1;2;SAINT LOUP (BOULEVARD DE);43,2858450;5,4425620
34422;202000038220;13;3;2020;18:10;2;13;13201;2;1;1;3;GARIBALDI (BOULEVARD) N° IMPAIRS;43,2969594;5,3811714
34423;202000038221;12;3;2020;19:50;5;13;13204;2;2;1;6;FRANCOISE DUPARC (BOULEVARD);43,3067000;5,4009000
34424;202000038222;11;3;2020;18:45;2;13;13204;2;1;1;7;PIERRE ROCHE (RUE);43,3095200;5,4023400
34425;202000038223;12;3;2020;13:32;1;11;11069;1;1;1;2;SAINT HILAIRE -ROUTE DE-;43,1943000;2,3484400
34426;202000038224;13;3;2020;14:25;1;10;10387;2;1;1;2;KLEBER (RUE);48,3035000;4,0859000
34427;202000038225;12;3;2020;13:32;1;10;10297;2;2;1;3;DANTON (RUE);48,3218000;4,0993000
34428;202000038226;12;3;2020;15:35;1;07;07331;2;3;1;3;ANTRAIGUES (FAUBOURG D');44,6689450;4,3653840
34429;202000038227;11;3;2020;16:20;1;05;05061;2;1;1;2;FOREST D'ENTRAIS ( RUE  DU );44,5658400;6,0869500
34430;202000038228;12;3;2020;15:45;1;75;75118;2;1;1;3;RUE DE LA CHAPELLE;48,8946860;2,3594130
34431;202000038229;12;3;2020;00:21;5;75;75117;2;4;1;1;AVENUE DE SAINT OUEN;48,8906880;2,3266520
34432;202000038230;13;3;2020;21:10;5;75;75120;2;1;1;6;RUE DE BAGNOLET;48,8609080;2,4049180
34433;202000038231;13;3;2020;20:20;5;75;75120;2;4;1;3;AVENUE DE LA PORTE DES LILAS;48,8776010;2,4083490
34434;202000038232;13;3;2020;09:55;1;75;75118;2;3;1;3;RUE DE L EVANGILE;48,8943320;2,3659770
34435;202000038233;12;3;2020;20:15;5;75;75118;2;2;1;3;BOULEVARD BARBES;48,8895060;2,3496490
34436;202000038234;13;3;2020;07:00;1;75;75116;2;2;1;3;ALLEE DE LONGCHAMP;48,8676620;2,2508940
34437;202000038235;13;3;2020;10:45;1;75;75115;2;2;1;3;AVENUE EMILE ZOLA;48,8464140;2,2831340
34438;202000038236;13;3;2020;18:15;1;75;75111;2;5;1;3;AVENUE PHILIPPE AUGUSTE;48,8582680;2,3898300
34439;202000038237;13;3;2020;02:55;5;75;75111;2;3;1;6;BOULEVARD DES FILLES DU CALVAIRE;48,8616230;2,3670990
34440;202000038238;13;3;2020;14:10;1;75;75110;2;2;1;3;RUE DU FAUBOURG SAINT MARTIN;48,8816110;2,3658030
34441;202000038239;13;3;2020;08:59;1;75;75107;2;2;1;3;AVENUE DU MARECHAL GALLIENI;48,8599440;2,3131020
34442;202000038240;13;3;2020;15:50;1;75;75104;2;3;1;3;RUE SAINT ANTOINE;48,8539490;2,3647560
34443;202000038241;13;3;2020;14:50;1;75;75104;2;3;1;2;RUE DE RIVOLI;48,8569660;2,3537240
34444;202000038242;13;3;2020;09:30;1;75;75104;2;4;1;2;BOULEVARD MORLAND;48,8489280;2,3645150
34445;202000038243;13;3;2020;09:55;1;75;75101;2;3;1;5;RUE DE L ECHELLE;48,8631930;2,3337900
34446;202000038244;13;3;2020;08:45;1;94;94080;2;1;1;2;CARNOT (AV);48,8421000;2,4337000
34447;202000038245;12;3;2020;20:30;5;94;94068;2;1;1;2;FOUR (R DU);48,8112100;2,4696400
34448;202000038246;11;3;2020;23:25;5;94;94068;2;1;1;6;GAMBETTA (AV);48,7957000;2,4940000
34449;202000038247;12;3;2020;23:05;5;94;94046;2;2;1;3;GENERAL LECLERC (AV DU);48,8058000;2,4410200
34450;202000038248;13;3;2020;13:35;1;94;94017;2;9;1;3;PROFESSEUR PAUL MILLIEZ (R DU);48,8157900;2,5331200
34451;202000038249;13;3;2020;08:45;1;93;93078;2;9;1;2;BECQUEREL (AVENUE HENRI);48,9569025;2,5551534
34452;202000038250;13;3;2020;09:40;1;93;93055;2;1;1;1;JEAN JAURES (AVENUE) (76/128);48,9036500;2,3921700
34453;202000038251;13;3;2020;16:30;1;93;93051;2;1;1;6;YVRIS (AVE);48,8235296;2,5793802
34454;202000038253;13;3;2020;10:15;1;93;93048;2;1;1;6;HENRI BARBUSSE (BOULEVARD);48,8672764;2,4422475
34455;202000038254;12;3;2020;20:00;5;93;93061;2;1;1;6;R GABRIEL PERI;48,8884700;2,4089700
34456;202000038255;12;3;2020;17:25;1;93;93047;2;1;1;6;R DE COUBRON;48,9028610;2,5761200
34457;202000038256;12;3;2020;17:45;1;93;93057;2;2;1;3;BRIAND ( AV. ARISTIDE) 134 A 212;48,9097634;2,5073355
34458;202000038257;13;3;2020;17:20;1;93;93001;2;1;1;2;R DES CITES ;48,9076560;2,3878890
34459;202000038258;13;3;2020;15:30;1;92;92064;2;3;1;3;MARCEL DASSAULT;48,8566000;2,2233000
34460;202000038259;12;3;2020;15:30;1;92;92063;2;1;1;6;COLMAR (AVENUE DE);48,8869430;2,1705884
34461;202000038260;13;3;2020;16:55;1;92;92009;2;1;1;3;HENRI LITOLFF ( RUE );48,9179699;2,2623836
34462;202000038261;13;3;2020;15:00;1;01;01299;1;1;1;6;D70;46,0229670;5,0940300
34463;202000038262;14;3;2020;16:14;1;42;42068;2;1;1;6;Route de Saint Victor;46,0261553;4,2672655
34464;202000038263;9;3;2020;17:30;1;83;83091;2;1;1;3;Rue Jules Favre;43,2257240;6,1452690
34465;202000038264;13;3;2020;19:10;3;76;76006;1;1;1;1;D88;49,6861890;0,8320750
34466;202000038265;13;3;2020;17:00;1;79;79062;2;3;1;3;Boulevard Georges Pompidou;46,8297840; -0,6728190
34467;202000038267;13;3;2020;18:30;5;2B;2B050;2;3;1;3;T30;42,5523410;8,7644130
34468;202000038268;14;3;2020;04:00;3;71;71014;1;1;1;6;Route de Saulieu;46,9722810;4,2944960
34469;202000038269;13;3;2020;16:45;1;63;63397;1;1;1;7;Chez Courtet;45,6250490;2,7076870
34470;202000038270;13;3;2020;17:00;1;49;49373;2;1;1;6;Rue du Stade (Saint Hilaire du Bois);47,1261480; -0,5499230
34471;202000038272;13;3;2020;14:30;1;12;12010;1;3;1;3; Lieu dit Recoules;44,3109210;2,8090880
34472;202000038273;14;3;2020;08:45;1;34;34114;2;1;7;6;Boulevard de l'Esplanade;43,6522410;3,5536010
34473;202000038274;14;3;2020;06:30;2;34;34193;1;1;1;6;D176;43,4555440;2,8443180
34474;202000038275;12;3;2020;21:10;5;29;29041;2;6;1;3;D36 - Rue Pen Pave;48,0611372; -3,8305525
34475;202000038276;12;3;2020;12:10;1;38;38075;1;3;1;-1;D1090;45,4595700;5,9968500
34476;202000038277;14;3;2020;00:30;3;26;26118;1;1;1;6;Route de Saint Sorlin;45,2994780;4,9401780
34477;202000038278;13;3;2020;13:00;1;14;14098;1;1;1;7;Rue de Marchanville (Cheux);49,1796240; -0,5367530
34478;202000038279;14;3;2020;11:30;1;30;30269;1;1;1;6;Départementale 260;44,1283830;3,8533690
34479;202000038280;13;3;2020;07:45;1;91;91159;1;1;1;1;D74;48,5274520;2,4654330
34480;202000038281;13;3;2020;23:45;3;74;74252;1;1;1;7;Route Départementale 206 - Lieu-Dit Agy;46,0763723;6,6099498