;Num_Acc;jour;mois;an;hrmn;lum;dep;com;agg;int;atm;col;adr;lat;long
34481;202000038282;11;3;2020;11:50;1;971;97103;2;3;1;1;Boulevard de la Pointe Jarry;16,2512850; -61,5544330
34482;202000038283;14;3;2020;12:10;1;60;60424;1;1;1;6;A1;49,4597786;2,7037242
34483;202000038284;13;3;2020;23:30;3;29;29230;1;1;2;6;Lieu Dit Restrenot;47,9688360; -3,5315900
34484;202000038285;14;3;2020;15:15;1;33;33214;1;1;1;3;RD6E1;45,0198000; -1,1776900
34485;202000038287;14;3;2020;13:30;1;83;83077;2;1;1;3;D554;43,2728740;5,9744540
34486;202000038288;13;3;2020;16:30;1;86;86090;1;1;1;7;D14;47,0307829; -0,0130112
34487;202000038289;14;3;2020;14:15;1;33;33146;1;1;1;6;D2e7;45,1155190; -0,7464875
34488;202000038290;13;3;2020;20:00;3;33;33435;2;1;1;5;RD1113;44,5667400; -0,2335400
34489;202000038291;13;3;2020;19:30;3;50;50519;1;1;1;6;9 Village la Haute Lande;49,5587850; -1,6579000
34490;202000038292;14;3;2020;01:20;3;60;60500;1;1;2;6;N2;49,0987104;2,7390954
34491;202000038293;14;3;2020;19:15;5;60;60551;1;1;1;1;D110;49,2861579;2,3816057
34492;202000038294;13;3;2020;20:10;3;02;02818;1;1;1;3;D842;48,9878780;3,2614800
34493;202000038295;12;3;2020;11:10;1;13;13202;1;1;1;4;A55-Sens Martigues vers Marseille;43,3089000;5,3665300
34494;202000038296;17;2;2020;17:00;1;69;69388;1;1;1;2;RD383;45,7916000;4,8150700
34495;202000038297;31;8;2020;17:40;1;38;38151;2;2;1;2;Avenue Edmond Esmonin;45,1593500;5,7240900
34496;202000038299;31;8;2020;18:10;1;35;35238;1;1;1;2;Rue Jean Guéhenno;48,1184300; -1,6692500
34497;202000038300;31;8;2020;07:20;1;35;35238;1;1;1;3;RN136;48,1362900; -1,7044000
34498;202000038301;25;8;2020;08:00;1;33;33063;2;3;1;3;RUE MAC CARTHY CAUD;44,8386300; -0,6209700
34499;202000038302;30;8;2020;23:10;5;33;33063;2;3;1;2;CHARTRONS (QUAI DES);44,8525600; -0,5677400
34500;202000038303;31;8;2020;15:20;1;33;33529;2;6;1;3;BISCAROSSE (AVE DE) JUSQU'A DUNE;44,5979500; -1,1964300
34501;202000038304;30;8;2020;07:16;2;31;31555;1;1;2;6;VA007331 A620;43,5684400;1,4205400
34502;202000038305;29;8;2020;19:40;1;31;31555;1;1;1;6;CHE DE FENOUILLET;43,6593900;1,4092600
34503;202000038306;29;8;2020;19:00;1;31;31557;2;2;1;3;PETIT TRAIN (RUE DU);43,5782700;1,3229200
34504;202000038307;29;8;2020;14:30;1;31;31557;1;1;1;6;D980;43,5848400;1,3628140
34505;202000038308;29;8;2020;01:45;5;30;30007;2;1;2;6;SERRES (AVE OLIVIER DE);44,1044650;4,0849550
34506;202000038309;31;8;2020;22:50;5;29;29019;2;2;1;2;Rue du Château;48,3831439; -4,4912733
34507;202000038310;31;8;2020;07:50;1;26;26198;2;3;1;3; 43 Chemin des Grèzes;44,5472230;4,7340810
34508;202000038311;31;8;2020;22:25;5;25;25056;2;2;1;3;JOUCHOUX RUE AUGUSTE;47,2382500;5,9880800
34509;202000038312;31;8;2020;16:00;1;25;25056;2;2;1;3;BD WINSTON CHURCHILL;47,2474490;5,9988570
34510;202000038313;28;8;2020;16:20;1;21;21231;2;2;1;3;Boulevard Thiers;47,3220130;5,0516410
34511;202000038314;31;8;2020;17:20;1;17;17300;2;2;1;3;GAMBETTA   AVENUE;46,1616700; -1,1455100
34512;202000038315;31;8;2020;11:58;1;14;14327;2;1;1;2;COLOMBELLES CD226 (ROUTE DE);49,2152000; -0,3364500
34513;202000038316;31;8;2020;13:08;1;10;10297;2;1;1;3;NARCISSE HAUTELIN (RUE);48,3186450;4,1005280
34514;202000038317;1;9;2020;01:15;5;06;06123;2;1;1;6;PLATEAUX FLEURIS CHEMIN DES;43,6733000;7,1790000
34515;202000038318;31;8;2020;17:45;1;75;75120;2;1;1;4;BOULEVARD PERIPHERIQUE;48,8747450;2,4105430
34516;202000038319;31;8;2020;16:00;1;75;75118;2;1;1;2;BOULEVARD PERIPHERIQUE;48,9008960;2,3440140
34517;202000038320;30;8;2020;05:47;5;75;75112;2;1;1;6;QUAI DE LA RAPEE;48,8435360;2,3700520
34518;202000038321;31;8;2020;19:40;1;75;75120;2;2;1;6;RUE DES PYRENEES;48,8655130;2,3980080
34519;202000038322;31;8;2020;14:10;1;75;75119;2;7;1;3;AVENUE DE LA PORTE DE PANTIN;48,8897190;2,3966720
34520;202000038323;31;8;2020;20:35;5;75;75117;2;2;1;3;RUE DE TOCQUEVILLE;48,8875260;2,3074960
34521;202000038324;31;8;2020;08:50;1;75;75117;2;1;1;3;RUE DE ROME;48,8828740;2,3196830
34522;202000038325;30;8;2020;09:55;1;75;75117;2;3;2;3;BOULEVARD D AURELLE DE PALADINES;48,8819090;2,2833860
34523;202000038326;31;8;2020;01:50;5;75;75116;2;7;1;6;PLACE DU TROCADERO ET DU 11 NOVEMBRE;48,8625290;2,2868230
34524;202000038327;31;8;2020;16:45;1;75;75115;2;2;1;3;RUE LECOURBE;48,8404760;2,2957250
34525;202000038328;31;8;2020;10:35;1;75;75115;2;2;1;3;RUE DU COTENTIN;48,8386730;2,3145740
34526;202000038329;31;8;2020;08:30;1;75;75115;2;3;1;4;RUE SAINT CHARLES;48,8473870;2,2861800
34527;202000038330;31;8;2020;09:00;1;75;75115;2;1;1;3;RUE SAINT CHARLES;48,8471080;2,2859560
34528;202000038331;30;8;2020;13:20;1;75;75115;2;1;1;3;BOULEVARD PASTEUR;48,8442350;2,3113150
34529;202000038332;31;8;2020;10:10;1;75;75113;2;2;1;7;QUAI FRANCOIS MAURIAC;48,8322340;2,3797660
34530;202000038333;31;8;2020;19:40;1;75;75111;2;3;1;6;AVENUE LEDRU ROLLIN;48,8547390;2,3781490
34531;202000038334;31;8;2020;10:00;1;75;75111;2;1;1;2;AVENUE PARMENTIER;48,8648260;2,3748680
34532;202000038335;31;8;2020;12:20;1;75;75110;2;3;1;3;AVENUE PARMENTIER;48,8707700;2,3704770
34533;202000038336;30;8;2020;22:30;5;75;75108;2;2;1;3;AVENUE HOCHE;48,8752200;2,2984970
34534;202000038337;31;8;2020;02:15;5;75;75104;2;7;1;3;QUAI DE GESVRES;48,8571820;2,3473350
34535;202000038338;31;8;2020;06:45;2;94;94081;2;1;1;3;LUCIEN FRANCAIS (AV);48,7873000;2,3865000
34536;202000038339;31;8;2020;14:41;1;94;94054;2;1;1;2;VICTOIRE (AV DE LA);48,7642000;2,4059000
34537;202000038340;31;8;2020;18:55;1;94;94017;2;9;1;6;REPUBLIQUE (AV DE LA);48,8230400;2,5103300
34538;202000038342;31;8;2020;16:25;1;93;93071;2;1;1;3;JOHN F. KENNEDY (AVENUE);48,9393700;2,5126800
34539;202000038343;31;8;2020;16:27;1;93;93062;2;3;1;3;CLEMENCET (ALLEE);48,8890000;2,5151000
34540;202000038344;31;8;2020;16:50;1;93;93049;2;1;8;6;BD GALLIENI;48,8532500;2,5154300
34541;202000038345;31;8;2020;17:22;1;93;93048;2;3;1;6;IRENEE LECOQ (RUE);48,8722100;2,4502500
34542;202000038346;30;8;2020;10:30;1;93;93048;2;1;2;3;RESISTANCE (AVENUE DE LA);48,8629100;2,4366300
34543;202000038347;31;8;2020;18:10;1;93;93013;2;2;1;3;AV DU GENERAL LECLERC / R DE L'ABBE NOIR;48,9405700;2,4314000
34544;202000038348;31;8;2020;08:15;1;92;92078;2;7;1;3;VERDUN (AVENUE) (PAIRS 2 A 38);48,9355432;2,3325723
34545;202000038349;28;8;2020;23:30;5;92;92036;2;2;1;3;DEQUEVAUVILLIERS (BOULEVARD);48,9461434;2,3044857
34546;202000038350;25;6;2020;23:45;5;92;92024;2;1;1;7;PONT DE CLICHY;48,9091840;2,2996940
34547;202000038352;1;9;2020;16:40;1;63;63257;1;2;1;3;D553;45,7362985;2,8673154
34548;202000038353;31;8;2020;14:10;1;63;63290;1;1;8;1;D90;45,9086140;2,9050250
34549;202000038354;1;9;2020;13:50;1;01;01209;1;1;1;7;1206;46,1200430;5,8899150
34550;202000038355;25;8;2020;11:17;1;06;06130;1;1;1;2;D5;43,7090900;6,8643520
34551;202000038356;31;8;2020;23:50;3;51;51532;1;1;1;7;D22;49,1554969;3,9682408
34552;202000038359;31;8;2020;07:05;2;56;56078;1;2;1;3;Rue de Saint-maurice;47,7949140; -3,5089890
34553;202000038360;31;8;2020;18:50;1;74;74164;1;1;1;7;Route du Môle;46,1044150;6,4832210
34554;202000038362;31;8;2020;20:30;1;77;77321;2;1;1;6;15 Route de Montereau - D142;48,4101320;3,2310960
34555;202000038363;29;7;2020;20:22;2;79;79171;1;1;1;6;;46,9980800; -0,2847600
34556;202000038364;1;9;2020;01:30;3;2B;2B242;2;1;1;2;T10;42,3946420;9,5307520
34557;202000038365;22;8;2020;17:15;1;32;32096;2;1;1;1;Avenue des Landes;43,9557520; -0,0381300
34558;202000038366;1;9;2020;10:15;1;61;61472;1;1;1;1;La Croix Biette;48,7633040; -0,0277550
34559;202000038367;26;8;2020;23:00;4;49;49248;2;1;1;7;Rue de la Liberation (Le Tremblay);47,6785540; -1,0150020
34560;202000038368;5;8;2020;22:47;5;41;41059;2;4;1;6;2 Rue de la Fonderie;47,4194350;1,4287380
34561;202000038369;31;8;2020;17:45;1;29;29095;1;2;1;2;St Elven;48,4622421; -4,3674870
34562;202000038370;28;8;2020;18:07;1;84;84107;2;6;1;7;D30;44,0279550;5,4952450
34563;202000038371;30;8;2020;08:00;2;15;15087;1;1;8;7;D920;44,7709130;2,4601100
34564;202000038372;31;8;2020;14:00;1;70;70257;1;1;8;6;D3;47,5170850;5,9324460
34565;202000038373;1;9;2020;10:50;1;06;06007;2;1;1;3;Route de Cannes;43,6077740;6,9155130
34566;202000038374;30;8;2020;11:38;1;83;83082;1;9;1;7;Route Departementale 955;43,6345220;6,4817190
34567;202000038375;29;8;2020;14:15;1;45;45067;2;1;1;7;Rue du Genevret;47,8818620;1,7699950
34568;202000038376;31;8;2020;15:00;1;18;18015;2;1;1;-1;57 Avenue du Parc des Sports;47,4863810;2,4437920
34569;202000038377;1;9;2020;06:30;3;10;10382;1;9;1;3;D439;48,4267300;3,4441490
34570;202000038378;31;8;2020;18:40;1;28;28422;1;1;1;7;D29;48,2845920;1,6117720
34571;202000038379;30;8;2020;06:30;3;17;17353;1;1;1;1;route impériale;45,9864370; -1,0112570
34572;202000038380;1;9;2020;00:55;3;37;37108;1;1;1;6;Le Bas Puits Bertin;47,1322848;1,0481408
34573;202000038381;31;8;2020;18:40;1;30;30228;1;2;1;3;D418;43,9423060;4,3220470
34574;202000038382;1;9;2020;13:50;1;03;03186;1;1;1;4;A71;46,3302079;2,9598740
34575;202000038383;1;9;2020;15:34;1;79;79276;1;1;1;2;;46,3833800; -0,2056240
34576;202000038385;24;8;2020;14:50;1;972;97230;2;1;1;3;Cite Beausejour;14,7432290; -60,9459020
34577;202000038386;1;9;2020;17:45;1;78;78616;1;1;1;7;D45;48,8768100;1,8136990
34578;202000038387;31;8;2020;18:25;1;34;34327;1;4;1;4;RD 65;43,6627030;3,9790460
34579;202000038388;30;8;2020;11:40;1;83;83027;1;1;1;7;Chemin de Cuges;43,2092070;5,7505810
34580;202000038389;1;9;2020;16:00;1;05;05079;1;1;1;1;D1091;45,0419470;6,4220020
34581;202000038390;30;8;2020;23:30;3;13;13100;1;1;1;6;D99;43,7858280;4,8620400
34582;202000038391;29;8;2020;23:25;5;13;13041;2;2;1;3;Avenue des Aires;43,4542740;5,4767490
34583;202000038392;31;8;2020;21:45;3;57;57669;1;1;1;6;23 Rue de Folkling;49,1311590;6,8886800
34584;202000038393;10;8;2020;18:00;2;42;42122;1;1;3;3;Route de Saint Antheme;45,5760480;4,0621880
34585;202000038394;1;9;2020;16:00;1;69;69062;1;2;1;3;D2;45,6242950;4,4805010
34586;202000038395;6;8;2020;18:00;2;81;81219;2;1;7;1;5 Avenue de Vielmur;43,5741770;2,0117210
34587;202000038396;31;8;2020;14:48;1;17;17336;1;1;1;1;Route de Saintes;45,7612210; -0,6909100
34588;202000038397;31;8;2020;18:10;1;33;33444;1;1;7;2;D1113;44,5741600; -0,1725090
34589;202000038398;31;8;2020;20:00;1;72;72378;1;1;1;1;D306;47,8138270; -0,2663790
34590;202000038399;31;8;2020;08:55;1;44;44172;2;6;1;3;Rond Point des Bornes;47,2750470; -1,4685820
34591;202000038400;31;8;2020;20:00;1;76;76758;2;2;1;-1;Rue Saint-françois;49,6163370;0,7597300
34592;202000038401;31;8;2020;15:10;1;13;13214;1;1;1;2;A7-Sens Lyon vers Marseille;43,3259230;5,3782790
34593;202000038402;31;8;2020;09:00;1;13;13215;1;1;1;4;A55-Sens Martigues vers Marseille;43,3363800;5,3503000
34594;202000038403;31;8;2020;12:45;1;33;33397;1;1;1;3;AUTOROUTE A 10;44,9139100; -0,4806100
34595;202000038404;31;8;2020;09:00;1;33;33075;1;1;1;2;ROCADE A 630;44,8879700; -0,5805300
34596;202000038405;31;8;2020;05:03;3;91;91363;1;1;1;6;RN 104;48,6379000;2,2034000
34597;202000038406;30;8;2020;21:00;5;78;78238;1;1;1;6;A13;48,9696860;1,8672380
34598;202000038407;31;8;2020;17:30;1;95;95277;1;1;1;2;RD 170B7;48,9748600;2,4860600
34599;202000038408;30;8;2020;17:30;1;69;69383;2;1;1;-1;BONNEL (DE)                         (R );45,7613598;4,8419315
34600;202000038409;27;8;2020;09:50;1;972;97213;1;5;1;3;VIEUX CHEMIN CALIFORNIE (RUE DU);14,6096300; -61,0283000
34601;202000038410;28;8;2020;22:05;4;972;97213;2;1;1;2;CASE NEGRE (RUE);14,6205652; -60,9891844
34602;202000038411;22;8;2020;05:10;5;69;69034;2;1;1;-1;DU BAC A TRAILLE                    (CH);45,7910300;4,8681200
34603;202000038413;30;8;2020;10:50;1;91;91174;2;9;8;6;Darblay (avenue);48,6138480;2,4800250
34604;202000038414;30;8;2020;21:15;5;83;83069;2;1;1;2;DENIS (AVENUE ALPHONSE);43,1213500;6,1375900
34605;202000038415;30;8;2020;18:15;2;83;83069;2;1;1;6;LOUBES (ROUTE DES);43,1131930;6,1030070
34606;202000038416;29;8;2020;14:57;1;77;77296;1;9;1;-1;D 306;48,6058100;2,5824500
34607;202000038417;30;8;2020;17:45;1;69;69266;2;1;1;3;ROGER SALENGRO     (Avenue);45,7761000;4,8710000
34608;202000038418;30;8;2020;16:00;1;69;69266;2;3;1;3;8 MAI 1945   (Rue du);45,7795100;4,8917700
34609;202000038420;30;8;2020;10:30;1;64;64024;2;1;2;3;LAPORTE (AVENUE JEAN LEON);43,4878629; -1,5005148
34610;202000038421;30;8;2020;01:35;5;64;64024;2;3;1;1;MER (BOULEVARD DE LA);43,4935000; -1,5455000
34611;202000038422;29;8;2020;20:20;2;64;64102;2;1;2;7;AQUITAINE (AVENUE DE L');43,4866489; -1,4676501
34612;202000038423;30;8;2020;12:30;1;45;45234;2;1;2;6;Rue du Canon;47,8989400;1,8963400
34613;202000038424;30;8;2020;17:27;1;37;37208;2;1;2;-1;CORMERY (RUE DE);47,3474917;0,7346729
34614;202000038425;30;8;2020;15:50;1;37;37122;2;9;3;6;PERIPHERIQUE OUEST;47,3474670;0,6460164
34615;202000038426;30;8;2020;17:05;1;37;37261;2;1;1;4;PROUDHON (AVENUE);47,3936508;0,6637463
34616;202000038427;30;8;2020;04:15;5;29;29232;2;1;1;7;Rue du 19 Mars 1962;47,9887411; -4,1111618
34617;202000038428;30;8;2020;20:10;1;26;26362;2;6;1;1;Avenue de Marseille;44,9053120;4,8829830
34618;202000038429;30;8;2020;00:35;5;18;18033;2;1;1;6;CASTORS (RUE DES);47,0758900;2,3765200
34619;202000038430;28;8;2020;12:45;1;15;15014;2;9;1;2;CÔTE DE LASCANAUX (RN120);44,9225850;2,4274680
34620;202000038431;29;8;2020;08:25;1;13;13214;2;1;1;1;ARNAVAUX (AVENUE DES);43,3321783;5,3815171
34621;202000038432;30;8;2020;06:33;5;10;10387;2;1;2;7;GEORGES POMPIDOU (RUE);48,2962000;4,0940000
34622;202000038433;30;8;2020;17:05;1;06;06088;2;1;1;1;MADELEINE (BD DE LA);43,7001000;7,2382000
34623;202000038434;30;8;2020;12:45;1;06;06069;2;1;1;4;CHENES (CHEMIN DES);43,6410460;6,9145790
34624;202000038435;30;8;2020;15:15;1;75;75114;2;1;1;7;PORTE DE GENTILLY;48,8165810;2,3389390
34625;202000038436;30;8;2020;10:00;1;75;75120;2;4;2;6;ECHANGEUR BAGNOLET;48,8612300;2,4137570
34626;202000038437;29;8;2020;17:00;1;75;75119;2;1;2;6;BOULEVARD PERIPHERIQUE EXTERIEUR NORD  ;48,8821140;2,4016940
34627;202000038438;29;8;2020;15:00;1;75;75105;2;5;1;2;RUE GAY LUSSAC;48,8412660;2,3435970
34628;202000038439;29;8;2020;22:30;5;75;75118;2;7;1;2;RUE ORDENER;48,8906490;2,3545320
34629;202000038440;30;8;2020;16:10;1;75;75117;2;1;1;7;BOULEVARD GOUVION SAINT CYR;48,8828860;2,2871750
34630;202000038441;30;8;2020;03:00;5;75;75117;2;3;1;3;AVENUE DE CLICHY;48,8919260;2,3179350
34631;202000038442;29;8;2020;21:45;5;75;75107;2;7;1;2;PLACE LEON PAUL FARGUE;48,8468640;2,3167120
34632;202000038443;30;8;2020;02:40;5;75;75107;2;2;1;6;QUAI BRANLY;48,8624680;2,3016100
34633;202000038444;30;8;2020;14:10;1;94;94003;2;1;2;5;DOCTEUR DURAND (AV DU);48,8046500;2,3294000
34634;202000038445;30;8;2020;12:35;1;94;94073;2;1;8;3;LUXEMBOURG (AV DU);48,7570350;2,3737190
34635;202000038446;30;8;2020;11:10;1;94;94034;2;2;2;6;DIVISION LECLERC (AV DE LA);48,7586440;2,3240330
34636;202000038447;30;8;2020;19:25;2;94;94022;2;1;2;2;VICTOR HUGO (AV);48,7701100;2,4253900
34637;202000038448;30;8;2020;08:00;2;94;94017;2;2;2;3;MAURICE THOREZ (AV);48,8150160;2,5380600
34638;202000038449;30;8;2020;21:25;3;93;93073;1;1;2;7;CHAPIT RE ( RUE DU);49,0034339;2,5367413
34639;202000038450;30;8;2020;17:00;1;93;93073;1;1;1;7;RTE DU PERIPHERIQUE SUD;48,9896000;2,5622000
34640;202000038451;30;8;2020;11:45;1;93;93027;2;2;2;7;SUD (ALLEE DU);48,9194600;2,3841000
34641;202000038452;30;8;2020;02:45;5;93;93057;2;1;1;6;BRIAND ( AV. ARISTIDE) 238 A 308;48,9105600;2,5131700
34642;202000038453;30;8;2020;19:10;1;92;92078;2;1;1;1;MARC SANGNIER (AVENUE);48,9297100;2,3259000
34643;202000038454;29;8;2020;16:50;1;92;92025;2;2;2;1;KLEBER (AV);48,9343200;2,2558790
34644;202000038455;30;8;2020;01:20;5;92;92060;2;6;1;-1;PAUL LANGEVIN (AVENUE) (RD 2);48,7763700;2,2499600
34645;202000038456;30;8;2020;19:40;1;92;92012;2;1;1;6;REINE (ROUTE DE LA) 1/37- 6/80;48,8394880;2,2421410
34646;202000038457;30;8;2020;10:50;1;08;08119;1;1;1;2;D977;49,6694630;4,8889670
34647;202000038458;5;8;2020;10:30;1;24;24442;2;6;1;1;Rue Bertran de Born;45,1222100;0,4957530
34648;202000038459;30;8;2020;00:30;4;95;95313;1;6;1;6;Avenue de Paris;49,1037690;2,2491560
34649;202000038460;30;8;2020;11:40;1;84;84091;1;1;1;7;Route Nationale 7;44,1647210;4,7682270
34650;202000038461;30;8;2020;09:30;1;76;76516;1;1;3;7;A28;49,7190133;1,4213397
34651;202000038462;30;8;2020;20:00;2;57;57226;2;1;1;6;Rue de l'Eglise;49,3558730;5,9941950
34652;202000038463;28;8;2020;13:15;1;57;57334;1;1;1;7;D45;48,6854080;7,1826980
34653;202000038464;30;8;2020;10:27;1;56;56252;2;1;1;6;Rue de la Mairie;47,5260360; -2,6471470
34654;202000038465;31;8;2020;16:20;1;2A;2A130;1;1;8;3;Lieu Dit Tinarella;41,8818680;8,9541820
34655;202000038466;29;8;2020;17:00;1;71;71014;1;1;1;7;D680;46,9296473;4,3645481
34656;202000038467;31;8;2020;14:30;1;63;63430;2;2;8;3;45 Avenue Léo Lagrange;45,8485020;3,5331770
34657;202000038468;30;8;2020;11:55;1;63;63040;2;1;1;3;D 997B - route de Clermont;45,7353958;3,3358100
34658;202000038469;30;7;2020;21:10;1;76;76711;2;1;1;3;Avenue du Marechal Foch;50,0642980;1,3794390
34659;202000038470;30;8;2020;11:35;1;12;12254;1;1;1;1;route départementale  901;44,4260570;2,5292370
34660;202000038473;27;8;2020;08:55;1;29;29162;2;1;1;6;Place Charles de Gaulle;48,2257340; -3,9701520
34661;202000038474;20;8;2020;15:55;1;29;29290;1;1;1;1;Lieu Dit Pen Ar Valy;48,5536240; -4,5581620
34662;202000038475;29;8;2020;14:40;1;29;29168;1;3;1;3;74 Rue des Langoustiers;48,0373539; -4,7141109
34663;202000038476;31;8;2020;13:15;1;31;31487;2;1;1;6;Terme de Debat;43,1600050;0,6960120
34664;202000038477;31;8;2020;07:10;2;31;31345;1;1;1;1;D820;43,4039480;1,4288400
34665;202000038478;13;6;2020;00:04;3;72;72158;1;1;1;6;Le Gue Long;48,0438970;0,6198810
34666;202000038479;31;8;2020;09:50;1;05;05010;1;1;1;-1;D1075;44,5520990;5,7733150
34667;202000038480;31;8;2020;14:30;1;64;64275;2;5;1;3;D22;43,1729550; -1,2197610
34668;202000038481;29;8;2020;18:20;1;64;64014;1;1;1;1;D20;43,3165290; -1,4900640
34669;202000038482;28;8;2020;14:45;1;64;64035;1;1;2;1;D255;43,4381190; -1,5496840
34670;202000038483;28;8;2020;11:15;1;43;43213;1;1;2;3;D451;45,2565520;4,2765360
34671;202000038484;31;8;2020;12:25;1;43;43211;2;1;8;6;85 Rue Nationale;45,2182940;4,1337780
34672;202000038485;29;8;2020;05:45;3;36;36096;1;1;1;6;La Gabriere;46,7488740;1,1604950
34673;202000038486;30;8;2020;15:15;1;21;21599;2;1;1;7;Rue Henri Jevain;47,5843621;5,1827802
34674;202000038487;28;8;2020;16:10;1;40;40233;1;1;2;6;Route de Mimbaste;43,6222790; -0,9962180
34675;202000038488;31;8;2020;16:30;1;04;04124;1;1;1;7;Rte de Saint Laurent;43,7358600;6,0790630
34676;202000038489;30;8;2020;19:45;1;85;85284;2;2;1;3;1 Rue de l'Ocean;46,7960900; -1,9004500
34677;202000038490;31;8;2020;14:50;1;85;85076;2;1;1;6;Rue du Président Auguste Durand;47,0737600; -1,2522500
34678;202000038491;15;8;2020;09:30;1;30;30341;1;6;1;7;Mas Saint-laurent;43,5720900;4,3074990
34679;202000038492;30;8;2020;15:00;1;77;77453;1;1;3;-1;Châtillon-la-Borde (Embranchement d'autoroute);48,5393410;2,7956772
34680;202000038493;1;2;2020;21:55;5;33;33063;2;2;2;3;BD ANTOINE GAUTIER / RUE GENERAL DE LARMINAT / BD GEORGES POMPIDOU;44,8333400; -0,5985500
34681;202000038494;28;1;2020;08:50;2;33;33522;2;2;1;6;Cours de la Libération;44,8106070; -0,5914620
34682;202000038495;9;2;2020;03:15;5;31;31555;2;4;1;3;RUE DU POLE;43,6473400;1,4201300
34683;202000038496;10;2;2020;18:25;1;29;29019;2;2;1;3;147 Rue du Guelmeur;48,3928500; -4,4620900
34684;202000038498;10;2;2020;09:05;1;25;25462;2;2;6;3;HUGO VICTOR;46,9087100;6,3477100
34685;202000038499;8;2;2020;15:15;1;25;25056;2;3;1;3;16 Rue de la Cassotte;47,2466700;6,0306100
34686;202000038501;7;2;2020;20:00;5;13;13071;1;1;1;3;CD 6;43,4111380;5,3289830
34687;202000038502;10;2;2020;16:30;1;13;13213;2;2;1;3;ALBERT EINSTEIN (RUE);43,3392220;5,4393740
34688;202000038504;10;2;2020;10:45;1;13;13203;2;1;1;6;BELLE DE MAI (RUE);43,3179600;5,3740300
34689;202000038505;10;2;2020;06:50;2;13;13209;2;1;1;1;LUDOVIC LEGRE (AVENUE);43,2512000;5,3991000
34690;202000038506;9;2;2020;12:20;1;11;11069;2;2;1;3;MONTREAL -ROUTE DE -;43,2113510;2,3264837
34691;202000038507;8;2;2020;16:47;1;09;09225;2;1;1;3;FOIX AVENUE DE;43,1009419;1,6231656
34692;202000038508;8;2;2020;18:10;2;09;09207;2;1;1;6;CAUSSOU (CH DE);42,9425230;1,6315440
34693;202000038509;9;2;2020;10:39;1;08;08105;2;1;8;6;CARNOT AVENUE;49,7419000;4,7263000
34694;202000038510;8;2;2020;15:35;1;05;05061;2;4;1;3;SOLEIL ( RUE DU );44,5407100;6,0571500
34695;202000038513;10;2;2020;19:15;5;75;75119;2;2;2;6;BOULEVARD MACDONALD;48,8987320;2,3711100
34696;202000038515;10;2;2020;09:43;1;75;75118;2;4;1;6;BOULEVARD BARBES;48,8844860;2,3494880
34697;202000038516;10;2;2020;09:15;1;75;75117;2;2;1;7;RUE DE TOCQUEVILLE;48,8832740;2,3127200
34698;202000038517;10;2;2020;14:15;1;75;75116;2;7;2;7;PLACE CLEMENT ADER;48,8513440;2,2784890
34699;202000038518;9;2;2020;11:30;1;75;75116;2;3;1;2;BOULEVARD LANNES;48,8645160;2,2698260
34700;202000038519;10;2;2020;17:00;2;75;75107;2;1;6;1;AVENUE DE SUFFREN;48,8520130;2,2995720
34701;202000038520;10;2;2020;15:00;1;75;75115;2;3;3;6;AVENUE FELIX FAURE;48,8373960;2,2796090
34702;202000038521;10;2;2020;06:45;4;75;75115;2;7;3;6;PLACE DES INSURGES DE VARSOVIE;48,8277320;2,2922100
34703;202000038522;10;2;2020;09:00;1;75;75114;2;5;1;6;BOULEVARD DU MONTPARNASSE;48,8419130;2,3296060
34704;202000038523;8;2;2020;22:25;5;75;75113;2;4;8;6;BOULEVARD AUGUSTE BLANQUI;48,8297090;2,3494050
34705;202000038524;10;2;2020;11:11;1;75;75108;2;7;1;3;PLACE CHARLES DE GAULLE;48,8735210;2,2958440
34706;202000038525;10;2;2020;02:30;5;75;75108;2;3;6;3;AVENUE DE FRIEDLAND;48,8742300;2,2995420
34707;202000038526;8;2;2020;14:45;1;94;94003;2;1;1;2;LAPLACE (AV);48,8082850;2,3320400
34708;202000038527;10;2;2020;19:45;5;94;94028;2;1;2;6;CHOISY(ROUTE DE);48,7833500;2,4472200
34709;202000038528;10;2;2020;16:30;1;93;93066;2;3;2;6;CITE DANIELLE CASANOVA;48,9276956;2,3638012
34710;202000038529;10;2;2020;12:40;1;93;93048;2;1;1;2;ARISTE HEMARD (RUE);48,8595534;2,4376076
34711;202000038530;10;2;2020;19:50;5;93;93032;2;2;3;5;R PAUL VAILLANT COUTURIER / AV DE VERSAILLES;48,8769300;2,5491000
34712;202000038531;9;2;2020;22:30;5;93;93027;2;1;2;1;CURIE (RUE PIERRE);48,9214742;2,3813545
34713;202000038532;10;2;2020;11:20;1;92;92026;2;1;6;2;ROUEN;48,8968670;2,2412710
34714;202000038533;9;2;2020;18:15;1;92;92025;2;3;1;-1;BOURNARD (RUE DU);48,9235947;2,2597262
34715;202000038534;10;2;2020;17:12;1;92;92032;2;3;2;7;FOCH MARECHAL (AVENUE DU);48,7936718;2,2974394
34716;202000038535;10;2;2020;19:05;5;92;92007;2;1;2;6;VAILLANT-COUTURIER (AVENU PAUL);48,7903936;2,3145425
34717;202000038537;10;2;2020;08:40;1;33;33075;1;1;2;3;ROCADE A 630;44,8889900; -0,6181000
34718;202000038538;5;2;2020;15:10;1;59;59431;1;1;1;6;AUTOROUTE A25;50,6917478;2,8154612