;Num_Acc;jour;mois;an;hrmn;lum;dep;com;agg;int;atm;col;adr;lat;long
34719;202000038539;10;2;2020;13:50;1;91;91286;1;1;1;4;AUTOROUTE A6;48,6569800;2,3772630
34720;202000038540;10;2;2020;18:45;5;92;92050;1;1;3;2;A86;48,9038215;2,2068111
34721;202000038541;9;2;2020;19:30;3;93;93053;1;1;3;2;AUTOROUTE A3;48,8872255;2,4739409
34722;202000038542;9;2;2020;09:50;1;95;95678;1;1;6;2;RN 104;49,0694900;2,2483900
34723;202000038543;9;2;2020;00:45;3;93;93005;1;1;1;6;AUTOROUTE A1;48,9618000;2,4670000
34724;202000038544;8;2;2020;22:45;3;95;95277;1;1;2;6;AUTOROUTE A104;48,9727179;2,4850190
34725;202000038545;8;2;2020;23:00;3;95;95306;1;1;1;7;AUTOROUTE A15;49,0026100;2,1700200
34726;202000038546;10;2;2020;05:30;5;94;94073;1;1;1;4;A86 EXT;48,7718385;2,3942454
34727;202000038547;10;2;2020;08:22;1;988;98818;2;3;2;3;ENTREE LE SURF/PROMENADE ROGER LAROQUE; -22,3031800;166,4364700
34728;202000038548;8;2;2020;19:50;5;988;98818;2;3;1;3;ROUTE DE L'ANSE VATA/RUE ANGE BERLIOZ; -22,2803500;166,4485800
34729;202000038549;9;2;2020;20:57;5;976;97611;2;3;1;3;kaweni-Poste ( rue de la ); -12,7779000;45,2283600
34730;202000038550;6;2;2020;14:50;1;974;97416;1;9;2;3;CONCESSION CONDE(CHEMIN); -21,2987000;55,4974200
34731;202000038551;9;2;2020;08:40;1;974;97411;2;1;1;2;PROVIDENCE (BOULEVARD DE LA); -20,8909100;55,4531500
34732;202000038552;9;2;2020;11:30;1;974;97407;1;9;1;4;ROUTE NATIONALE N° 1; -20,9563400;55,3104500
34733;202000038553;9;2;2020;19:30;5;69;69388;2;1;1;6;PIERRE DELORE                       (R );45,7360900;4,8559000
34734;202000038555;8;2;2020;22:00;5;69;69384;2;1;1;6;ESSES (DES)                         (MO);45,7731819;4,8154128
34735;202000038556;9;2;2020;14:55;1;69;69034;2;1;1;1;ARISTIDE BRIAND                     (CO);45,7830000;4,8441000
34736;202000038557;8;2;2020;11:50;1;69;69381;2;9;1;6;CROIX ROUSSE (DE LA)                (BD);45,7741700;4,8292300
34737;202000038558;9;2;2020;10:00;1;69;69034;2;1;1;3;GENERAL LECLERC                     (AV);45,8037000;4,8611000
34738;202000038559;7;2;2020;15:00;1;78;78517;1;1;1;2;RN 10;48,6742700;1,8399300
34739;202000038560;9;2;2020;06:05;5;77;77293;2;1;1;6;HAUTE (RUE) - D29;48,3611900;3,0843190
34740;202000038561;20;1;2020;09:50;1;73;73008;2;1;1;6;GARIBALDI BOULEVARD A PARTIR DU CHEMIN D;45,6969264;5,8954781
34741;202000038562;9;2;2020;14:30;1;65;65100;1;3;1;3;BOURS (ROUTE DE);43,2680390;0,0764670
34742;202000038563;9;2;2020;14:45;1;64;64189;2;1;1;1;ANTHONIOZ DE GAULLE GENEVIEVE (AVENUE);43,3832400; -1,6667000
34743;202000038564;9;2;2020;06:00;5;64;64024;2;1;1;1;BAB (BOULEVARD DU);43,4905800; -1,5336600
34744;202000038565;9;2;2020;05:30;5;51;51454;2;1;1;2;Avenue d’Epernay;49,2449802;4,0125117
34745;202000038566;9;2;2020;03:00;3;37;37122;2;1;1;6;ROUTE DE SAVONNIERES;47,3678190;0,6448085
34746;202000038567;9;2;2020;21:00;5;37;37261;2;2;6;3;HEURTELOUP (BOULEVARD);47,3927571;0,7011246
34747;202000038568;8;2;2020;11:25;1;34;34172;2;1;2;-1;ASSAS (AVENUE D');43,6151200;3,8639600
34748;202000038570;9;2;2020;12:30;1;33;33063;2;8;1;3;Quai de Bacalan;44,8567400; -0,5616000
34749;202000038571;9;2;2020;19:55;3;33;33009;2;6;1;6;RD217E1 / Avenue du Golf;44,6460700; -1,1899000
34750;202000038572;8;2;2020;18:25;3;33;33529;2;1;2;2;PYLA (BD DU);44,6335600; -1,1713200
34751;202000038573;8;2;2020;20:38;5;32;32013;2;1;1;2;SADI-CARNOT (BOULEVARD);43,6476400;0,5887400
34752;202000038574;9;2;2020;17:03;1;29;29232;2;1;2;6;Vieille Route de Rosporden;47,9860900; -4,0537100
34753;202000038575;8;2;2020;11:20;1;29;29232;1;1;1;6;69 Route de Benodet;47,9848593; -4,1057350
34754;202000038576;8;2;2020;09:50;1;29;29232;1;1;1;3;92 Route de Benodet;47,9825100; -4,1030500
34755;202000038577;7;2;2020;17:00;2;25;25056;2;2;1;3;ROUTE DE GRAY;47,2445600;5,9930300
34756;202000038578;9;2;2020;11:00;1;13;13117;1;1;1;2;STADIUM (CD9);43,4323000;5,2778800
34757;202000038580;9;2;2020;09:45;1;13;13213;2;1;1;6;PALAMA (CHEMIN DE);43,3671460;5,4432740
34758;202000038581;9;2;2020;01:20;5;13;13211;2;1;1;2;EMMANUEL ALLARD (RUE);43,2901600;5,4416100
34759;202000038582;7;2;2020;15:40;1;11;11262;2;1;1;2;LECLERC (AVENUE DU GENERAL);43,1755000;2,9932300
34760;202000038584;8;2;2020;17:00;1;03;03185;2;6;1;3;Avenue Albert Thomas;46,3575618;2,5853690
34761;202000038585;30;1;2020;18:23;5;03;03185;2;1;2;6;rue de Blanzat n° 32;46,3509833;2,5997708
34762;202000038587;8;2;2020;11:00;1;75;75106;2;1;1;2;BOULEVARD SAINT GERMAIN;48,8540290;2,3322760
34763;202000038588;9;2;2020;20:30;5;75;75120;2;2;2;6;RUE DES PYRENEES;48,8591400;2,4021120
34764;202000038589;9;2;2020;15:34;1;75;75120;2;3;6;3;BOULEVARD DE BELLEVILLE;48,8676830;2,3825110
34765;202000038590;9;2;2020;20:15;5;75;75119;2;3;2;3;AVENUE DE LA PORTE DE LA VILLETTE;48,8997790;2,3879860
34766;202000038591;9;2;2020;14:25;1;75;75117;2;3;6;-1;AVENUE DES TERNES;48,8804650;2,2863630
34767;202000038594;9;2;2020;21:10;5;93;93053;2;2;2;3;DIX HUIT AVRIL 1944 (RUE DU);48,8871000;2,4559000
34768;202000038595;9;2;2020;12:10;1;93;93033;2;1;1;2;MARECHAL JOFFRE (AVENUE);48,8632827;2,5763327
34769;202000038596;9;2;2020;19:00;5;92;92026;2;3;2;3;VERDUN (DE 62 A FIN);48,9027110;2,2585500
34770;202000038597;9;2;2020;19:15;5;92;92012;2;2;2;6;CARNOT (RUE);48,8341795;2,2396834
34771;202000038598;9;2;2020;09:25;1;13;13070;1;1;1;3;A50-Sens Marseille vers Aubagne;43,2847600;5,5189930
34772;202000038599;9;2;2020;06:20;3;13;13211;1;1;1;2;A50-Sens Marseille vers Aubagne;43,2908000;5,4864400
34773;202000038600;9;2;2020;09:00;1;13;13071;1;1;1;7;A7-Sens Marseille vers Lyon;43,4149255;5,2786519
34774;202000038601;8;2;2020;16:00;1;13;13215;1;1;1;4;A7-Sens Lyon vers Marseille;43,3679220;5,3607290
34775;202000038602;9;2;2020;06:00;3;69;69290;1;9;1;6;A43  ;45,7075000;4,9563000
34776;202000038603;20;1;2020;19:45;3;69;69272;1;1;1;2;A 46;45,5921000;4,8405000
34777;202000038604;9;2;2020;03:40;3;91;91174;1;1;1;6;RN 104;48,6108200;2,4449400
34778;202000038605;9;1;2020;08:15;5;93;93005;2;1;2;6;BD GEORGES BRAQUE;48,9568838;2,4791986
34779;202000038606;9;2;2020;19:00;1;92;92064;1;1;2;4;A13;48,8369940;2,1873551
34780;202000038607;9;1;2020;14:15;1;92;92078;2;3;8;3;VIEUX CHEMIN DE ST DENIS (AVENUE)/ MARC SAGNIER (AVENUE);48,9296820;2,3262560
34781;202000038608;9;2;2020;19:30;3;92;92036;1;1;2;5;A86;48,9361027;2,2878975
34782;202000038609;9;1;2020;19:24;1;92;92046;2;3;1;-1;GABRIEL PERI (BD);48,8191790;2,3029840
34783;202000038610;9;2;2020;08:00;3;78;78431;1;1;3;2;A13;48,9410940;1,9531500
34784;202000038611;9;1;2020;12:35;1;92;92075;2;6;2;6;ANTOINE FRATACCI (RUE);48,8205000;2,2905000
34785;202000038612;7;1;2020;19:10;5;92;92072;2;1;2;4;TROYON (RUE);48,8244400;2,2287800
34786;202000038613;9;2;2020;07:00;5;94;94042;1;1;1;5;A4;48,8272864;2,4692556
34787;202000038614;7;1;2020;16:20;1;92;92064;1;1;2;6;A13;48,8494300;2,2181000
34788;202000038615;8;2;2020;23:00;3;77;77175;1;1;1;-1;RN104;48,6653863;2,6131551
34789;202000038616;9;1;2020;09:40;1;92;92062;2;1;2;-1;PUTEAUX (PONT DE);48,8773614;2,2438060
34790;202000038617;8;2;2020;16:30;1;94;94073;1;1;2;3;A86 INT;48,7696556;2,3800081
34791;202000038618;9;1;2020;08:30;2;92;92051;2;1;2;3;VICTOR HUGO (BOULEVARD, N° 9 A 49 ET 16;48,8907123;2,2757547
34792;202000038619;8;1;2020;22:30;5;92;92051;2;5;1;3;RICHARD WALLACE (BOULEVARD);48,8761960;2,2465580
34793;202000038620;7;2;2020;19:00;3;77;77169;1;1;1;4;A4.Y;48,8317200;2,6013170
34794;202000038621;9;1;2020;12:15;1;92;92026;2;1;2;2;COLOMBES;48,9043636;2,2559264
34795;202000038622;9;2;2020;05:10;2;988;98818;2;2;1;3;RUE JULES FERRY/AVENUE JAMES COOK; -22,2675200;166,4374200
34796;202000038623;7;1;2020;21:30;5;92;92025;2;2;1;3;GABRIEL PERI (RUE)/  RD CHARLES DE GAULLE (BD);48,9144370;2,2289590
34797;202000038624;8;2;2020;08:40;1;974;97416;1;2;1;3;GRANDS FONDS (CHEMIN); -21,3066000;55,4207500
34798;202000038625;9;1;2020;17:40;5;92;92012;2;1;2;6;REPUBLIQUE (BOULEVARD DE LA) 5/77BIS - 6;48,8324840;2,2509150
34799;202000038626;7;2;2020;17:00;1;974;97407;1;1;1;2;ROUTE DU SACRE COEUR; -20,9589100;55,3200000
34800;202000038627;9;1;2020;09:30;1;92;92012;2;1;2;7;GENERAL LECLERC (AVENUE DU) 1/33 - 2/58;48,8328920;2,2407570
34801;202000038628;9;1;2020;08:50;1;92;92012;2;1;8;6;JEAN JAURES (BOULEVARD) 63/215 - 70/208;48,8358042;2,2423106
34802;202000038629;7;2;2020;21:29;5;973;97302;2;1;1;1;MONTABO (ROUTE DE) 2;4,9410593; -52,3028612
34803;202000038630;7;1;2020;17:23;3;91;91340;2;2;2;3;Avenue des Parcs;48,6035190;2,4258340
34804;202000038631;8;2;2020;14:00;1;973;97302;2;1;1;3;14 ET 22 JUIN 1962;4,9334486; -52,3270011
34805;202000038632;9;1;2020;19:55;5;26;26353;2;1;1;6;RN7;44,6618930;4,7899170
34806;202000038633;8;2;2020;14:40;1;69;69383;2;2;1;6;COMMANDANT FUZIER (DU)              (R );45,7553400;4,8475700
34807;202000038634;8;1;2020;17:30;2;33;33171;1;1;1;3;1 Fosses;44,5951400;0,0543200
34808;202000038635;31;1;2020;01:05;3;972;97209;2;9;1;6;RD 41 (ROCADE);14,6098700; -61,0688200
34809;202000038636;8;2;2020;16:00;1;69;69382;2;3;1;1;BAYARD                              (CO);45,7451300;4,8181800
34810;202000038637;9;1;2020;19:45;3;10;10281;2;2;2;3;1 Rue Royale;48,3690230;3,9010680
34811;202000038638;9;1;2020;07:10;1;974;97422;2;1;1;7;D12; -21,2887130;55,5237710
34812;202000038639;8;2;2020;14:10;1;69;69389;2;1;1;2;ST CYR (DE)                         (R );45,7833700;4,8077100
34813;202000038640;8;2;2020;14:15;1;69;69286;2;1;1;6;EUROPE (DE L')                      (AV);45,8139800;4,8942000
34814;202000038641;9;1;2020;22:30;3;38;38133;1;1;2;-1;Route de Chartreuse;45,3653200;5,6214500
34815;202000038642;8;2;2020;23:25;5;91;91434;2;2;8;6;PAILLARD (RUE);48,6606600;2,3475800
34816;202000038644;8;2;2020;07:20;5;91;91174;2;9;1;6;DARBLAY  (avenue);48,6139600;2,4775200
34817;202000038645;8;2;2020;16:45;1;83;83144;2;1;1;6;IKEA (GRANDE SURFACE);43,1412347;6,0114419
34818;202000038646;10;1;2020;08:00;3;79;79123;1;1;1;1;;46,7322010; -0,6709190
34819;202000038648;10;1;2020;12:45;1;2B;2B207;2;9;1;3;Musoleo;42,4480030;9,5069830
34820;202000038649;8;2;2020;21:00;5;77;77514;2;1;8;1;JEAN JAURES (RUE) - D105;48,9387260;2,6042080
34821;202000038650;8;2;2020;15:40;1;71;71270;2;1;1;2;Rue de la Liberté;46,3166849;4,8226874
34822;202000038651;9;1;2020;17:20;1;33;33544;1;2;2;3;D1215;45,5350170; -1,0992470
34823;202000038652;7;1;2020;15:45;1;32;32163;1;1;7;2;D373;43,5853606;0,0288275
34824;202000038653;10;1;2020;15:25;1;89;89197;2;2;1;1;Rue du Moulin (Guillon);47,5116840;4,0917310
34825;202000038654;7;1;2020;15:10;1;63;63178;2;1;1;7;26 Boulevard Triozon Bayle;45,5426385;3,2508398
34826;202000038655;9;1;2020;13:18;1;25;25259;2;2;1;6;29 Grande Rue;46,8567310;6,1619780
34827;202000038656;8;2;2020;17:40;5;69;69266;2;2;1;3;ROGER SALENGRO     (Avenue);45,7804200;4,8829900
34828;202000038657;10;1;2020;07:50;5;44;44003;2;6;1;3;434 Rue Francois Rene Chateaubriand;47,3771490; -1,1809740
34829;202000038658;9;1;2020;18:20;2;29;29076;1;1;3;2;D68;48,4537840; -4,6248360
34830;202000038659;7;2;2020;16:25;1;69;69091;2;1;1;3;JEAN LIGONNET ( R );45,5920000;4,7703000
34831;202000038660;8;1;2020;07:30;5;31;31424;2;6;1;6;Rue des Ecoles;43,5666040;1,2974790
34832;202000038661;27;1;2020;11:35;1;68;68166;2;1;1;2;MULHOUSE (FAUBOURG DE);47,7812800;7,3298100
34833;202000038662;27;1;2020;10:30;1;68;68166;2;6;1;3;RICHWILLER (RUE DE);47,7892000;7,3151700
34834;202000038663;9;1;2020;17:45;3;14;14431;1;2;1;3;1 Rue du Puits;49,0483110; -0,1110430
34835;202000038664;7;2;2020;12:15;1;67;67180;1;6;1;3;SCHIRRHEIN (ROUTE DE);48,8005150;7,8397021
34836;202000038665;10;1;2020;14:45;1;45;45281;1;1;2;1;route de montargis;48,0404742;3,0334787
34837;202000038666;8;2;2020;18:45;2;64;64445;2;1;1;3;BUROS DE;43,3116400; -0,3512300
34838;202000038667;10;1;2020;16:15;1;16;16140;2;3;1;6;Ld La Gagnarderie;45,8812860;0,1830990
34839;202000038668;8;2;2020;21:30;5;64;64140;2;1;8;7;LATAPPY (RUE SEVERIN);43,5288686; -1,4824033
34840;202000038669;10;1;2020;18:20;5;53;53096;2;1;1;6;1 Avenue de la Libération;48,3000390; -0,9367720
34841;202000038670;8;2;2020;14:20;1;64;64102;2;2;1;3;HENRI DE NAVARRE (AVENUE);43,4940300; -1,4530700
34842;202000038671;6;1;2020;10:00;1;37;37179;1;6;1;3;Rue de l'Aviation;47,4487397;0,7266287
34843;202000038672;8;2;2020;16:30;1;60;60159;2;1;1;6;SOLFERINO;49,4184000;2,8249900
34844;202000038673;10;1;2020;15:12;1;88;88430;1;1;3;2;A31;48,1923990;5,7727010
34845;202000038674;5;1;2020;17:00;2;69;69244;2;6;1;6;Avenue Charles de Gaulle;45,7507030;4,7653740
34846;202000038676;8;2;2020;08:10;1;44;44109;2;1;3;6;Boulevard Jean Ingres;47,2223700; -1,5969200
34847;202000038677;9;1;2020;21:20;3;988;98811;1;1;1;1;R.T.1; -21,0878400;164,8814500
34848;202000038678;8;2;2020;05:30;5;39;39198;2;1;1;1;15 Rue du Mont Roland;47,0919670;5,4906330
34849;202000038679;10;1;2020;09:30;1;95;95141;1;1;2;2;RD 14;49,1440230;1,8051530
34850;202000038680;8;2;2020;16:55;1;37;37122;1;1;2;4;RD 37;47,3719369;0,6535630
34851;202000038681;10;1;2020;08:10;2;91;91041;1;1;2;1;D19;48,5679950;2,2274840
34852;202000038682;8;2;2020;10:40;1;35;35189;1;9;2;3;RD 137;48,1544300; -1,7019600
34853;202000038683;9;1;2020;12:45;1;91;91540;2;1;2;-1;Rue Charles de Gaulle;48,5536890;2,1251390
34854;202000038684;8;2;2020;02:50;5;35;35238;2;1;1;6;38 LIBERTE (BD DE LA);48,1079500; -1,6819300
34855;202000038685;10;1;2020;07:35;1;66;66217;2;1;1;-1;rue de lorraine;42,6131300;2,8103700
34856;202000038688;9;2;2020;01:15;5;29;29232;1;1;1;3;263 Route de Bénodet;47,9691996; -4,0853550
34857;202000038689;8;2;2020;06:55;5;27;27299;2;1;2;6;BRIAND (AVENUE ARISTIDE);49,0414500;1,1592200
34858;202000038690;8;2;2020;13:45;1;13;13205;2;1;1;7;EDMOND DANTES (RUE);43,2988200;5,3957100
34859;202000038691;7;2;2020;13:30;1;13;13028;2;1;1;6;PUITS DE BRUNET (CHEMIN DU);43,1866370;5,6003810
34860;202000038692;9;1;2020;17:15;2;86;86062;2;1;2;6;Allée du Haut Poitou;46,6501184;0,3635407
34861;202000038694;8;2;2020;12:23;1;09;09225;2;1;1;3;DELCASSE BOULEVARD;43,1144793;1,6139090
34862;202000038695;9;1;2020;07:45;3;33;33448;1;1;1;5;AUTOROUTE A 62;44,7184800; -0,5207500
34863;202000038696;7;2;2020;22:40;5;75;75120;2;1;1;2;PORTE DE MONTREUIL;48,8509350;2,4154350
34864;202000038697;9;1;2020;11:00;1;94;94003;1;1;1;3;AUTOROUTE A6A;48,8098400;2,3389900
34865;202000038699;9;1;2020;07:50;3;91;91689;1;1;8;5;AUTOROUTE A6A;48,7439000;2,3232000
34866;202000038700;7;2;2020;15:30;1;75;75116;2;1;1;2;PORTE DE PASSY;48,8566240;2,2575090
34867;202000038701;9;1;2020;09:12;1;92;92036;1;1;1;3;A86;48,9347100;2,2819600
34868;202000038702;8;2;2020;07:30;2;75;75105;2;2;1;3;QUAI SAINT MICHEL;48,8530900;2,3468430
34869;202000038703;9;1;2020;09:00;2;92;92051;1;1;2;-1;RN13;48,8861200;2,2558300
34870;202000038704;9;1;2020;09:05;2;92;92051;1;1;2;-1;N13;48,8861200;2,2558300
34871;202000038705;8;2;2020;19:12;5;75;75119;2;3;1;6;AVENUE JEAN JAURES;48,8866070;2,3847970
34872;202000038706;8;1;2020;12:30;1;78;78490;1;1;2;3;RN12 INT;48,7997770;1,9846020
34873;202000038707;7;2;2020;23:45;5;75;75116;2;3;1;6;AVENUE DE LA PORTE DE SAINT CLOUD;48,8386520;2,2517690
34874;202000038709;7;2;2020;17:00;1;75;75116;2;5;1;3;AVENUE DU PRESIDENT KENNEDY;48,8513420;2,2784920
34875;202000038711;8;2;2020;01:28;5;75;75115;2;1;1;6;BOULEVARD DE GRENELLE;48,8511680;2,2923380
34876;202000038712;8;1;2020;16:45;2;93;93039;1;1;2;2;AUTOROUTE A86;48,9273100;2,3334000
34877;202000038713;8;2;2020;20:45;5;75;75112;2;3;2;2;ROUTE DU PARC;48,8241910;2,4228000
34878;202000038714;8;2;2020;21:00;5;75;75111;2;4;2;3;AVENUE DE LA REPUBLIQUE;48,8665100;2,3679780
34879;202000038715;8;1;2020;08:00;2;95;95277;1;1;1;5;AUTOROUTE A1;48,9799623;2,4973498
34880;202000038716;7;2;2020;15:00;1;75;75109;2;1;1;6;RUE AUBER;48,8734390;2,3276330
34881;202000038717;9;1;2020;20:00;5;94;94015;1;1;2;7;A4;48,8294536;2,5282723
34882;202000038718;9;1;2020;17:15;2;94;94017;1;1;2;7;A4;48,8284417;2,5027316
34883;202000038719;8;2;2020;18:00;2;75;75108;2;3;2;7;AVENUE DES CHAMPS ELYSEES;48,8713900;2,3027820
34884;202000038720;9;1;2020;08:30;1;94;94017;1;1;2;3;A4;48,8272000;2,5098000
34885;202000038721;9;1;2020;07:55;2;94;94033;1;1;2;4;A86.EXT;48,8506813;2,4908082
34886;202000038722;8;2;2020;17:50;2;75;75108;2;1;2;3;AVENUE HOCHE;48,8770410;2,3027620
34887;202000038723;8;1;2020;16:00;1;94;94033;1;1;1;2;A86.INT;48,8520234;2,4897043
34888;202000038724;8;2;2020;06:50;5;75;75108;2;7;8;-1;PLACE DE LA CONCORDE;48,8648840;2,3211890
34889;202000038725;8;1;2020;15:00;1;77;77122;1;1;2;2;RN104;48,6632470;2,6134160
34890;202000038726;8;2;2020;15:45;1;75;75101;2;2;2;6;QUAI FRANCOIS MITTERRAND;48,8601170;2,3333320
34891;202000038727;8;1;2020;06:15;3;94;94017;1;1;1;2;A4;48,8302200;2,4886400
34892;202000038728;7;2;2020;10:00;1;94;94068;2;7;1;2;8 MAI 1945 (CARR DU);48,8019090;2,4920340
34893;202000038729;7;2;2020;21:30;5;94;94042;2;1;1;1;GENERAL GALLIENI (AV DU);48,8198900;2,4791600
34894;202000038730;7;1;2020;10:40;1;94;94056;2;3;8;3;VARENNE JARCY (R DE);48,6938900;2,5569300
34895;202000038731;8;2;2020;22:38;5;94;94076;2;1;2;7;MAXIME GORKI (BD);48,7876214;2,3677727
34896;202000038732;8;1;2020;11:55;1;974;97407;1;3;1;-1;D12; -20,9396950;55,3031430
34897;202000038734;8;1;2020;13:35;1;69;69383;2;2;1;3;PINEL                               (BD);45,7389994;4,8920724
34898;202000038735;8;2;2020;07:30;5;94;94073;2;1;1;6;FONTAINEBLEAU (AV DE);48,7621000;2,3684500
34899;202000038736;8;1;2020;18:30;5;69;69389;2;1;1;3;FRERE BENOIT (DU)                   (R );45,7643900;4,7954200
34900;202000038738;7;2;2020;22:20;5;94;94071;2;4;1;3;MAURICE BERTEAUX (R);48,7719676;2,5197691
34901;202000038739;8;1;2020;16:00;1;91;91174;2;3;1;6;08 MAI 1945 (AVENUE);48,6109600;2,4568400
34902;202000038740;8;2;2020;04:20;5;93;93048;2;1;1;6;BD THEOPHILE SUEUR;48,8588041;2,4668650
34903;202000038742;8;2;2020;11:00;1;93;93077;2;1;1;6;RTE DE NOISY (PARKING JUSQU'AU 45 ET 50);48,8821600;2,4962100
34904;202000038743;7;2;2020;23:30;5;93;93048;2;3;1;6;SAINT DENIS (RUE);48,8696073;2,4598367
34905;202000038744;8;1;2020;19:04;5;78;78551;2;9;2;6;VIDAL (RAYMOND);48,8956900;2,0812400
34906;202000038745;8;1;2020;18:35;3;77;77118;1;1;2;2;ROUTE NATIONALE 3;48,9438219;2,6685907
34907;202000038748;8;2;2020;18:10;5;93;93005;2;1;2;6;CROIX BLANCHE (PONT DE LA);48,9319564;2,5048466
34908;202000038749;7;1;2020;13:45;1;76;76351;2;1;1;6;RD 6015;49,5001700;0,1764900
34909;202000038750;7;2;2020;17:30;5;92;92064;2;1;1;1;REPUBLIQUE;48,8546100;2,2119700
34910;202000038751;8;1;2020;07:00;5;69;69266;2;1;1;6;ANTONIN PERRIN     (Rue);45,7572000;4,8853000
34911;202000038752;7;1;2020;10:55;1;67;67043;2;1;1;3;ROBERTSAU (RUE DE LA);48,6135390;7,7551840
34912;202000038753;7;2;2020;11:55;1;92;92024;2;2;1;3;CLICHY (QUAI DE) DE (104 A 202)/ MARTRE (RUE) DE (111 A 119) (122 A 144;48,9087800;2,2998600
34913;202000038754;8;1;2020;10:00;1;64;64483;2;1;1;6;LARRAMENDY PIERRE (AVENUE);43,3857200; -1,6628600
34914;202000038756;9;2;2020;14:10;1;30;30202;2;1;1;5;14 Rue du Marechal Juin;44,2506250;4,6436440
34915;202000038757;7;1;2020;12:05;1;64;64445;2;1;1;2;TOURASSE;43,3112200; -0,3547700
34916;202000038758;8;2;2020;21:15;4;76;76728;1;1;1;6;Rue de l'Eglise;49,4897662;0,9997846
34917;202000038759;7;2;2020;12:20;1;16;16317;1;1;1;1;Ld Vallée des Barons;45,9403770; -0,0090550
34918;202000038760;8;1;2020;16:25;1;64;64102;2;3;1;3;JACQUES LOEB (AVENUE DE L'INTERNE);43,4791200; -1,4843300
34919;202000038761;9;2;2020;01:00;3;17;17172;1;1;5;6;14 Lieu Dit Billeride;45,5401280; -0,6546200
34920;202000038762;8;1;2020;09:35;1;64;64024;2;6;1;2;DOUANE (ROND POINT DE LA);43,5012000; -1,5274000
34921;202000038763;8;2;2020;15:55;1;81;81036;2;1;1;3;D54;43,4976900;2,4005310
34922;202000038764;8;1;2020;15:50;1;62;62193;2;9;1;-1;FOUR A CHAUX (RUE DU);50,9464300;1,8585000
34923;202000038765;8;1;2020;07:34;5;59;59560;1;9;2;-1;R.D. 549;50,5549400;3,0418300
34924;202000038766;7;2;2020;11:55;1;88;88009;2;1;1;2;260 Rue de Saint-dié;48,1905560;6,9518300
34925;202000038767;3;1;2020;14:55;1;59;59286;2;1;2;6;VANDERHAGEN ALBERT RUE;50,6119900;2,9759100
34926;202000038768;7;1;2020;18:25;3;56;56121;2;1;2;1;WINTER (RUE INGENIEUR GENERAL );47,7369000; -3,3642200
34927;202000038770;9;2;2020;01:40;5;69;69260;2;1;1;1;Chemin de la Rossignole;45,6415840;4,8089590
34928;202000038771;7;1;2020;10:25;1;56;56121;2;1;2;3;MULLER ( DU COLONEL JEAN );47,7663300; -3,4012000
34929;202000038772;4;2;2020;10:50;1;83;83140;1;1;1;4;DN7;43,4057100;5,9276930
34930;202000038773;6;1;2020;19:00;5;50;50502;2;2;2;6;MARECHAL LECLERC;49,1150900; -1,0851000
34931;202000038774;9;2;2020;01:00;3;56;56024;1;1;1;7;D2;48,0626360; -2,7210690
34932;202000038775;3;1;2020;19:15;5;50;50173;2;2;1;3;SEMBAT (RUE MARCEL);49,6585700; -1,6909600
34933;202000038776;8;2;2020;01:05;3;56;56102;1;9;2;6;RN 24 - échangeur 20;47,9570900; -2,5690630
34934;202000038777;7;1;2020;15:05;1;49;49007;2;1;1;7;ATLANTIQUE  AVENUE DE L';47,4697600; -0,5917100
34935;202000038778;7;2;2020;19:00;3;56;56135;1;2;1;7;La Mare Varion;47,7156270; -2,4407140
34936;202000038779;7;1;2020;07:47;3;49;49353;2;1;1;6;REPUBLIQUE AVENUE;47,4504300; -0,5040900
34937;202000038780;7;1;2020;18:26;5;49;49007;2;1;2;2;Avenue de l'Atlantique;47,4688680; -0,5876450
34938;202000038781;8;2;2020;14:00;1;74;74255;1;3;7;-1;Route d'Hauteville;45,8825360;5,9531840
34939;202000038782;6;1;2020;19:12;5;47;47201;2;2;1;3;PYRENEES (AVENUE DES);44,1848000;0,6030500
34940;202000038783;8;1;2020;13:50;1;45;45286;2;2;2;3;Rue des Varennes - Rue de la cossonière;47,8832000;1,9225800
34941;202000038784;8;1;2020;11:50;1;45;45285;2;1;1;6;Rue des Diamants;47,9218400;1,8769800
34942;202000038785;8;1;2020;11:45;1;45;45285;2;1;2;6;Rue des Champs Frais;47,9062658;1,8746642
34943;202000038786;7;1;2020;19:00;5;42;42187;2;2;8;3;Boulevard Louis-auguste Blanqui;46,0236800;4,0600500
34944;202000038787;7;1;2020;16:42;1;38;38544;2;1;1;6;Place Saint Maurice;45,5243500;4,8721800
34945;202000038788;7;1;2020;08:25;2;37;37214;1;9;8;2;RD 37;47,4258971;0,6361100
34946;202000038789;8;1;2020;07:45;5;35;35238;2;2;2;3;PARIS (RUE DE);48,1124700; -1,6662100
34947;202000038790;8;1;2020;15:05;1;34;34172;2;3;1;3;ROQUETURIERE (RUE DE LA);43,6310254;3,8851427
34948;202000038791;8;1;2020;18:15;5;33;33281;2;3;1;3;AVE DE L'ALOUETTE / RUE DU PRADAS;44,8265610; -0,6638900
34949;202000038792;8;1;2020;09:40;1;33;33281;2;2;1;2;AVE DE MAGUDAS / AVE DE LA FORET;44,8561800; -0,6462800
34950;202000038793;8;1;2020;17:45;2;33;33529;2;3;1;3;BISSERIE (AVE DE);44,6243500; -1,1360200
34951;202000038794;7;1;2020;09:08;1;30;30189;2;1;1;1;NEPER (RUE);43,8269000;4,3273000
34952;202000038795;8;1;2020;14:05;1;30;30028;2;1;1;6;ROUTE DE NIMES;44,1411640;4,6135180