;Num_Acc;jour;mois;an;hrmn;lum;dep;com;agg;int;atm;col;adr;lat;long
34953;202000038796;8;1;2020;19:40;5;28;28085;2;1;1;1;CHASLES (BOULEVARD);48,4422572;1,4886743
34954;202000038797;8;1;2020;07:50;2;26;26057;1;6;1;2;D2532 N;45,0191140;5,0338190
34955;202000038798;7;1;2020;11:56;1;25;25056;2;9;1;6;7 Rue de Savoie;47,2206540;5,9616390
34956;202000038799;7;1;2020;11:23;1;23;23096;2;1;8;6;MANOUVRIER (AVENUE);46,1690900;1,8755400
34957;202000038800;8;1;2020;18:40;5;14;14118;2;1;1;2;RN 814;49,2002800; -0,3698900
34958;202000038801;8;1;2020;16:00;1;13;13216;2;1;1;3;PASSET (CHEMIN DU);43,3611190;5,3367570
34959;202000038802;8;1;2020;08:20;2;13;13206;2;1;1;-1;NOTRE DAME (BOULEVARD);43,2838700;5,3752200
34960;202000038803;7;1;2020;18:40;3;11;11069;1;1;1;4;RD 6161 - Rocade Ouest;43,2204500;2,3239600
34961;202000038804;7;1;2020;16:20;1;06;06088;2;3;1;5;ANGLAIS (DU N° 1 AU N° 43);43,6947600;7,2611800
34962;202000038805;8;1;2020;17:25;5;06;06104;2;3;1;6;SOLEIL (PROMENADE DU, N° 2 A 848));43,7653730;7,4880250
34963;202000038806;8;1;2020;11:15;1;75;75113;2;1;1;3;BD PERIPHERIQUE INTERIEUR;48,8212060;2,3778900
34964;202000038807;8;1;2020;09:50;1;75;75117;2;1;1;4;BD PERIPHERIQUE EXTERIEUR;48,8890100;2,2946760
34965;202000038808;8;1;2020;07:45;5;75;75112;2;2;8;6;QUAI DE BERCY;48,8385043;2,3759359
34966;202000038809;8;1;2020;17:45;5;75;75119;2;4;1;3;AVENUE RENE FONCK;48,8797792;2,4083709
34967;202000038811;7;1;2020;05:20;5;75;75119;2;3;2;3;AVENUE JEAN JAURES;48,8872250;2,3871660
34968;202000038812;8;1;2020;16:00;1;75;75118;2;1;1;6;RUE MARX DORMOY;48,8874899;2,3597890
34969;202000038813;8;1;2020;15:10;1;75;75118;2;7;8;6;RUE ORDENER;48,8904086;2,3558274
34970;202000038814;8;1;2020;16:20;2;75;75116;2;1;1;3;AVENUE KLEBER;48,8718250;2,2935905
34971;202000038815;8;1;2020;10:05;1;75;75114;2;2;8;6;RUE D ALESIA;48,8318201;2,3141374
34972;202000038818;8;1;2020;08:22;1;75;75113;2;5;1;3;AVENUE DES GOBELINS;48,8368020;2,3518740
34973;202000038820;8;1;2020;07:30;5;75;75110;2;2;1;3;BOULEVARD DE LA VILLETTE;48,8720200;2,3768340
34974;202000038821;8;1;2020;09:05;1;75;75107;2;2;1;6;BOULEVARD DES INVALIDES;48,8468630;2,3167140
34975;202000038822;8;1;2020;08:35;2;75;75104;2;5;8;3;QUAI DE L HOTEL DE VILLE;48,8543610;2,3549370
34976;202000038823;8;1;2020;15:45;1;75;75101;2;3;8;6;RUE DE RIVOLI;48,8593360;2,3456827
34977;202000038824;8;1;2020;08:15;1;94;94041;2;2;8;3;VERDUN (AV DE);48,8089000;2,3732700
34978;202000038825;8;1;2020;20:05;5;94;94038;2;1;1;3;FLOUQUET (AV);48,7724094;2,3235670
34979;202000038827;8;1;2020;09:51;1;94;94073;2;1;1;6;CIMETIERE PARISIEN (ESP DU);48,7630420;2,3805650
34980;202000038828;7;1;2020;17:15;1;94;94011;2;3;1;6;LECLERC.(AVENUE DU MARECHAL);48,7738000;2,4877000
34981;202000038829;7;1;2020;15:30;1;94;94022;2;3;2;3;JULES FERRY (R);48,7596600;2,4129300
34982;202000038830;8;1;2020;13:00;1;94;94004;2;2;2;6;GENERAL LECLERC (AV DU);48,7449700;2,5117000
34983;202000038831;8;1;2020;13:35;1;93;93066;2;1;8;-1;R DU LANDY;48,9144908;2,3401693
34984;202000038832;7;1;2020;10:30;1;93;93055;2;9;8;6;EDOUARD VAILLANT DU 64/130;48,9034200;2,3921700
34985;202000038833;8;1;2020;16:10;1;93;93050;2;2;1;6;AMIRAL CORBET (RUE);48,8551300;2,5333600
34986;202000038834;8;1;2020;16:40;1;93;93048;2;1;8;6;R DE STALINGRAD;48,8589000;2,4431000
34987;202000038835;8;1;2020;13:40;1;93;93048;2;3;2;3;PRESIDENT SALVADOR ALLENDE (AVENUE DU);48,8754000;2,4617000
34988;202000038836;8;1;2020;15:30;1;93;93010;2;3;1;3;AV DU 14 JUILLET / ALL DES PLATANES;48,9147000;2,4918000
34989;202000038837;8;1;2020;18:50;2;93;93008;2;3;2;6;R PIERRE SEMARD / R DE CARENCY;48,9112500;2,4466000
34990;202000038838;5;1;2020;20:45;5;92;92050;2;5;1;1;CLEMENCEAU GEORGES AVENUE N°IMPAIR;48,8860500;2,2137800
34991;202000038839;8;1;2020;16:35;2;92;92044;2;2;2;6;LOUIS ROUQUIER(RUE)47A111 ET 50A104;48,8917542;2,2893141
34992;202000038840;7;1;2020;19:50;5;92;92036;2;2;1;7;FELICIE (RUE);48,9324490;2,2986450
34993;202000038841;8;1;2020;17:30;5;92;92060;2;1;8;1;MOULIN DE LA TOUR (BOULEVARD DU);48,7888200;2,2662600
34994;202000038842;8;1;2020;13:20;1;92;92012;2;9;2;6;GENERAL LECLERC (AVENUE DU) 35/FIN - 60/;48,8300127;2,2325428
34995;202000038844;8;1;2020;17:45;1;17;17404;1;2;1;5;D6;45,6135510; -0,6634880
34996;202000038845;9;1;2020;17:30;1;64;64117;2;9;1;6;chemin du bateau;43,3771300; -0,5763010
34997;202000038846;8;1;2020;17:55;3;54;54590;1;1;5;3;D618;49,4863840;5,6093820
34998;202000038847;5;1;2020;10:05;1;974;97423;1;9;1;7;N1; -21,1201020;55,2607660
34999;202000038848;8;1;2020;18:10;3;85;85109;1;3;2;2;Avenue de l'Europe;46,8837670; -1,0267950
35000;202000038849;8;1;2020;19:40;5;62;62036;2;1;2;6;634 Rue d'Heuchin;50,4533440;2,2628780
35001;202000038850;8;1;2020;20:25;5;59;59335;2;2;2;3;Rue Paul Davaine;50,4795250;3,4096330
35002;202000038851;8;1;2020;12:20;1;56;56137;1;1;2;7;Lieu dit Calan;47,7491760; -2,6912760
35003;202000038852;8;1;2020;10:00;1;79;79196;2;1;1;6;Place des Marronniers;46,9516040; -0,0813940
35004;202000038853;9;1;2020;17:20;3;80;80832;1;2;2;3;D941;50,1671060;2,0119570
35005;202000038854;9;1;2020;14:58;1;11;11024;1;1;1;4;D6009;43,1150910;2,9509740
35006;202000038855;8;1;2020;18:20;5;71;71190;2;1;8;6;Rue Roger Salengro;46,9910467;4,5130890
35007;202000038856;5;1;2020;15:00;1;61;61486;1;1;1;6;D22;48,7320870; -0,7063090
35008;202000038857;7;1;2020;07:35;2;25;25440;1;1;1;5;D41;47,0008460;6,3069680
35009;202000038858;8;1;2020;16:35;1;44;44072;1;1;2;6;D83;47,4084207; -2,3551189
35010;202000038860;8;1;2020;21:10;5;29;29172;2;1;8;6;6 Route de Ploeven;48,1767260; -4,2283630
35011;202000038861;8;1;2020;19:00;3;31;31345;1;1;1;7;Route des Pyrénées;43,3644060;1,4207860
35012;202000038862;8;1;2020;14:45;1;03;03200;1;1;1;4;La plaine Fragny;46,5644792;3,3000155
35013;202000038863;8;1;2020;16:00;1;06;06079;2;1;1;3;335 Avenue de Cannes;43,5429440;6,9369640
35014;202000038864;7;1;2020;21:45;3;09;09131;1;1;9;7;Garanou;42,7667030;1,7445020
35015;202000038865;9;1;2020;19:30;3;60;60604;1;1;1;1;D315;49,6968210;1,8641830
35016;202000038866;9;1;2020;08:50;1;64;64493;2;1;7;6;Avenue Frederic de Saint Jaymes;43,3271270; -1,0324010
35017;202000038867;7;1;2020;20:15;3;07;07082;1;1;8;6;RD 578;44,8651900;4,3618410
35018;202000038869;9;1;2020;15:45;1;37;37272;1;1;2;6;La Févraie;47,3330224;0,4977031
35019;202000038870;9;1;2020;09:10;1;48;48009;1;1;1;7;RD 809;44,6881500;3,2803280
35020;202000038872;6;1;2020;18:00;3;34;34294;1;1;1;5;Autoroute A9 pk 78.000 sens 2;43,7082710;4,1240030
35021;202000038873;8;1;2020;20:10;5;987;98733;1;1;8;3;RT 1; -17,6923010; -149,5837590
35022;202000038874;1;1;2020;22:30;3;988;98815;2;3;1;6;C.R.2; -21,5751720;168,0851360
35023;202000038875;8;1;2020;16:45;1;988;98832;1;1;1;6;Route de Yaté; -22,1528600;166,8375900
35024;202000038876;8;1;2020;17:40;2;971;97104;1;1;1;1;49 Chemin de Montval;16,0493580; -61,7321280
35025;202000038877;9;1;2020;17:50;3;77;77264;1;1;2;1;Route de Coulommiers - RD402;48,7186800;2,9653080
35026;202000038878;28;5;2020;15:20;1;33;33366;1;1;1;5;AUTOROUTE A 10;44,9968700; -0,4267300
35027;202000038879;28;5;2020;20:10;1;59;59350;1;1;1;2;ROUTE NATIONALE 356;50,6380590;3,0896570
35028;202000038880;29;5;2020;18:50;1;92;92050;1;1;1;7;A86;48,9024900;2,2042740
35029;202000038881;28;5;2020;20:40;2;78;78043;1;1;1;3;A12 Y;48,8346640;2,0868480
35030;202000038882;27;5;2020;20:15;1;78;78007;1;9;1;6;A13 Y;48,8946880;2,0075610
35031;202000038883;29;5;2020;09:15;1;95;95212;1;1;1;4;AUTOROUTE A1;49,0248600;2,5358400
35032;202000038884;28;5;2020;18:00;1;95;95277;1;1;1;3; A3;48,9738000;2,4883700
35033;202000038885;28;5;2020;10:20;1;95;95277;1;1;1;5; A3;48,9738100;2,4883710
35034;202000038886;27;5;2020;23:00;3;95;95252;1;1;1;4; A15;48,9781900;2,2315100
35035;202000038887;22;5;2020;08:45;1;988;98818;2;3;1;2;PROMENADE ROGER LAROQUE/ANSE-VATA; -22,3029200;166,4451400
35036;202000038888;28;5;2020;15:20;1;974;97411;2;1;1;6;BALSAMINES (ALLEE DES); -20,9167000;55,4876000
35037;202000038889;28;5;2020;15:08;1;973;97302;2;1;1;3;BADUEL (ROUTE DE);4,9287882; -52,2947502
35038;202000038891;28;5;2020;06:25;1;971;97120;2;1;1;6;BD LEGITIMUS;16,2443500; -61,5343840
35039;202000038893;28;5;2020;10:00;1;95;95127;2;1;1;6;PRIEURE (RUE DU);49,0335900;2,0692700
35040;202000038894;28;5;2020;16:50;1;91;91174;2;1;1;2;JEAN JAURES (BOULEVARD);48,6068100;2,4657700
35041;202000038895;28;5;2020;14:40;1;91;91174;2;1;1;2;MAURICE RIQUIEZ (QUAI);48,6124800;2,4870000
35042;202000038896;27;5;2020;17:40;1;88;88413;2;1;1;7;RUE DES 3 VILLES;48,2902300;6,9432800
35043;202000038897;28;5;2020;08:17;1;87;87065;2;6;1;3;TOULOUSE (RUE DE);45,8039700;1,2917700
35044;202000038899;28;5;2020;04:40;5;80;80256;2;1;1;6;LOUIS PASTEUR (AVENUE);49,9150200;2,2315300
35045;202000038900;28;5;2020;14:10;1;80;80001;2;1;1;3;ROUEN (de);50,0964800;1,8290100
35046;202000038901;28;5;2020;14:10;1;78;78146;2;2;1;2;JULES FERRY (RUE);48,9043000;2,1426000
35047;202000038902;27;5;2020;21:20;1;76;76351;2;2;1;3;BOIS AU COQ (AVENUE);49,5185000;0,1167000
35048;202000038903;28;5;2020;20:25;2;73;73008;2;3;7;3;D991 GOLF AVENUE DU;45,6693269;5,9085203
35049;202000038905;26;5;2020;16:30;1;69;69256;2;1;1;-1;MAURICE THOREZ                      (AV);45,7817000;4,9133000
35050;202000038906;28;5;2020;04:40;5;69;69264;2;3;1;1;BRAUN THEODORE  AV;45,9796800;4,7394800
35051;202000038907;27;5;2020;21:00;2;67;67204;2;1;1;6;RAYMOND POINCARE (RUE);48,6266000;7,7500200
35052;202000038908;27;5;2020;21:00;2;66;66136;1;1;1;6;Départementale  617;42,7107200;2,9723100
35053;202000038909;28;5;2020;18:20;1;65;65440;2;1;1;3;GARIGLIANO (BOULEVARD);43,2457300;0,0634300
35054;202000038910;27;5;2020;08:10;1;64;64445;2;3;1;3;HONORE BARADAT;43,3050100; -0,3644400
35055;202000038911;27;5;2020;12:00;1;63;63164;1;1;1;3;CEBAZAT (ROUTE DE);45,8242089;3,1332788
35056;202000038914;28;5;2020;08:39;1;60;60057;2;2;1;1;BINET  (RUE);49,4219500;2,0795600
35057;202000038916;5;3;2020;17:44;1;54;54525;1;1;2;1;DEPARTEMENTAL 27A (CHEMIN);49,4506500;5,8837100
35058;202000038917;27;5;2020;10:05;1;54;54578;2;2;1;3;LECLERC (AVENUE DU GENERAL);48,6745267;6,1510912
35059;202000038918;28;5;2020;09:45;1;53;53130;2;1;1;6;BAS DES BOIS ( RUE DU );48,0587000; -0,7624400
35060;202000038921;28;5;2020;21:40;1;41;41269;2;9;1;3;FATON (RUE DU DOCTEUR);47,7954200;1,0746600
35061;202000038922;28;5;2020;16:25;1;37;37261;2;1;1;6;PIERRE (RUE DE LA);47,4057221;0,6832265
35062;202000038923;28;5;2020;13:45;1;35;35238;2;1;1;6;PAVIE (AUGUSTE);48,1049900; -1,6417100
35063;202000038924;28;5;2020;12:20;1;34;34108;1;1;1;3;RD 612;43,4480700;3,7622200
35064;202000038925;28;5;2020;08:45;1;34;34172;2;1;1;3;MOULIN DE SEMALEN (RUE DU);43,6125000;3,8938200
35065;202000038927;13;5;2020;11:45;1;33;33063;2;4;2;6;PCE NANSOUTY / CRS DE LA SOMME;44,8202100; -0,5723700
35066;202000038928;27;5;2020;14:30;1;31;31555;1;1;1;3;VA007553 A61;43,5613300;1,4939300
35067;202000038929;25;5;2020;13:40;1;31;31555;1;1;1;7;A624 (PURPAN);43,6103400;1,3748700
35068;202000038930;28;5;2020;20:38;1;30;30189;2;2;1;3;RICHELIEU (RUE);43,8402800;4,3666500
35069;202000038931;27;5;2020;20:20;1;29;29039;2;4;1;1;Boulevard Bougainville;47,8702983; -3,9227872
35070;202000038933;28;5;2020;20:15;1;27;27681;2;1;1;6;SENTIER SOUS LE PARC (RUE DU);49,0856400;1,4733400
35071;202000038934;26;5;2020;16:10;1;22;22360;1;1;1;1;MARE DU GUE (RUE DE LA);48,4760000; -2,7509000
35072;202000038935;28;5;2020;11:54;1;17;17274;1;1;1;7;D 111;46,1635700; -1,0687000
35073;202000038936;18;5;2020;18:45;1;14;14118;2;2;1;3;PIGACIERE (RUE DE LA);49,1882200; -0,3595200
35074;202000038937;28;5;2020;21:10;2;13;13203;2;9;1;1;STRASBOURG (BOULEVARD);43,3089200;5,3780300
35075;202000038938;28;5;2020;19:00;1;13;13216;2;1;1;6;ESTAQUE PLAGE;43,3589570;5,2924430
35076;202000038940;17;4;2020;11:50;1;13;13001;2;1;1;7;PAGNOL MARCEL (AV);43,5245550;5,4235620
35077;202000038941;27;5;2020;11:00;1;09;09122;2;1;1;7;ESPAGNE (ROUTE D');42,9461670;1,6274340
35078;202000038942;26;5;2020;18:04;1;08;08105;2;1;1;3;BOUTET C. AVENUE;49,7800000;4,7100000
35079;202000038943;27;5;2020;17:15;1;07;07070;2;1;1;3;COLONNEL ROUSSET (AVENUE DU);44,9666650;4,8497700
35080;202000038944;28;5;2020;14:00;1;06;06083;2;2;1;3;COTY (COURS RENE, SENS MONT/MER);43,7755000;7,4886000
35081;202000038945;28;5;2020;12:20;1;06;06069;2;9;1;3;Rd point des Quatre Chemins;43,6374400;6,9411500
35082;202000038946;28;5;2020;08:30;1;06;06029;2;1;1;3;MIDI (BOULEVARD DU);43,5419500;6,9618300
35083;202000038947;26;5;2020;07:50;1;06;06027;2;1;1;4;BIR HAKEIM RUE;43,6530000;7,1530000
35084;202000038948;28;5;2020;14:56;1;05;05061;2;1;1;2;GEORGES POMPIDOU ( BD);44,5577100;6,0819600
35085;202000038949;28;5;2020;12:10;1;01;01053;2;3;1;3;BELGES (AVENUE DES);46,2072400;5,2329900
35086;202000038950;26;5;2020;12:44;1;75;75106;2;2;1;6;RUE DU VIEUX COLOMBIER;48,8513040;2,3328460
35087;202000038951;28;5;2020;16:50;1;75;75105;2;1;1;2;BOULEVARD DE L HOPITAL;48,8411190;2,3626590
35088;202000038952;28;5;2020;09:40;1;75;75106;2;2;1;6;RUE DE FLEURUS;48,8470440;2,3315850
35089;202000038953;27;5;2020;08:25;1;75;75106;2;5;1;6;BOULEVARD SAINT MICHEL;48,8503006;2,3426360
35090;202000038954;28;5;2020;17:20;1;75;75120;2;3;1;3;RUE DES PYRENEES;48,8504930;2,4064030
35091;202000038955;28;5;2020;10:20;1;75;75120;2;2;1;3;RUE DES PYRENEES;48,8576380;2,4039040
35092;202000038956;28;5;2020;11:50;1;75;75118;2;1;1;6;BOULEVARD DE LA CHAPELLE;48,8844680;2,3582960
35093;202000038957;28;5;2020;17:00;1;75;75117;2;2;1;3;BOULEVARD PEREIRE;48,8837320;2,2953060
35094;202000038958;27;5;2020;12:10;1;75;75117;2;7;1;3;PLACE DE LA PORTE MAILLOT;48,8773961;2,2840498
35095;202000038959;28;5;2020;13:50;1;75;75114;2;2;1;-1;RUE RAYMOND LOSSERAND;48,8309470;2,3122950
35096;202000038961;27;5;2020;20:30;1;75;75114;2;4;1;2;BOULEVARD RASPAIL;48,8405743;2,3301140
35097;202000038962;28;5;2020;07:30;1;75;75112;2;2;1;3;QUAI DE BERCY;48,8337210;2,3824850
35098;202000038964;27;5;2020;19:00;1;75;75109;2;1;1;3;RUE LA FAYETTE;48,8770100;2,3482630
35099;202000038965;28;5;2020;17:30;1;75;75108;2;5;1;3;RUE D AMSTERDAM;48,8778490;2,3269650
35100;202000038966;28;5;2020;23:00;5;75;75107;2;2;1;1;QUAI D ORSAY;48,8625650;2,3104160
35101;202000038967;28;5;2020;13:35;1;75;75101;2;7;1;3;RUE DE RIVOLI;48,8626980;2,3353930
35102;202000038969;28;5;2020;22:00;2;94;94074;2;9;1;1;COLONEL FABIEN (R);48,7449452;2,4696369
35103;202000038970;27;5;2020;21:59;5;94;94015;2;1;1;5;147 Boulevard Pasteur;48,8354270;2,5261250
35104;202000038972;27;5;2020;12:50;1;94;94041;2;1;1;3;GASTON CORNAVIN (R);48,8103000;2,3819900
35105;202000038973;28;5;2020;14:55;1;94;94059;2;2;1;3;HUGUENOTS (AV DES);48,8204300;2,5583000
35106;202000038974;28;5;2020;15:45;1;94;94017;2;1;1;1;GENERAL DE GAULLE (AV DU);48,8253810;2,5021810
35107;202000038976;28;5;2020;02:00;3;93;93071;2;3;1;4;LIVRY (AVENUE DE);48,9297404;2,5406430
35108;202000038977;28;5;2020;17:30;1;93;93066;2;1;1;6;JAURES JEAN;48,9366800;2,3608800
35109;202000038979;28;5;2020;12:49;1;93;93055;2;1;1;-1;JEAN JAURES (AVENUE) (76/128);48,9064600;2,3952400
35110;202000038980;28;5;2020;08:35;1;93;93057;2;1;1;2;AV ARISTIDE BRIAND;48,9076627;2,4923737
35111;202000038981;28;5;2020;20:30;1;92;92046;2;1;1;6;Charles de gaulle;48,8216288;2,2976488
35112;202000038982;28;5;2020;16:25;1;92;92075;2;1;1;6;ERNEST LAVAL (RUE);48,8199550;2,2924410
35113;202000038983;27;5;2020;21:55;5;92;92049;2;1;1;6;JAURES AVENUE JEAN N°53 A FIN;48,8153970;2,3100110
35114;202000038984;27;5;2020;08:30;1;92;92020;2;9;7;3;VANVES BOULEVARD N° IMPAIRS;48,8070400;2,2854700
35115;202000038985;28;5;2020;15:10;1;92;92048;2;1;1;7;MAL DE LATTRE DE TASSIGNY (AVENUE);48,7868693;2,2312012
35116;202000038987;28;5;2020;20:15;1;92;92035;2;1;1;6;Gare des Vallées ( place de la );48,9134000;2,2577000
35117;202000038988;27;5;2020;10:00;1;92;92014;2;1;1;-1;LEON BLOY (RUE);48,7873202;2,3209584
35118;202000038989;28;5;2020;17:15;1;50;50027;1;3;1;3;La Moelle;48,6991610; -1,4203050
35119;202000038990;13;4;2020;02:00;3;51;51065;1;6;1;6;N4;48,7344218;4,5560836
35120;202000038991;29;5;2020;06:30;2;40;40296;2;1;1;7;D 89 entrée d'agglomération du penon;43,7077800; -1,4221290
35121;202000038992;29;5;2020;12:00;1;46;46148;1;2;1;3;Piboulède;44,3351340;1,5998630
35122;202000038993;29;5;2020;18:05;1;12;12033;2;1;1;6;Allee Denys Puech;44,4743350;2,7263720
35123;202000038994;28;5;2020;15:05;1;06;06064;1;1;1;7;120 Chemin de la Halte;43,7682870;7,1780070
35124;202000038995;28;5;2020;10:00;1;74;74256;2;1;1;6;Route du Fayet;45,9315730;6,6344390
35125;202000038996;28;5;2020;23:10;3;80;80782;1;1;1;2;Vaux-en-Amiénois;49,9569360;2,2288510
35126;202000038997;25;5;2020;18:10;1;32;32301;1;1;1;6;Chemin de Saint-louis;43,6531630;0,4783180
35127;202000038998;29;5;2020;19:00;1;55;55307;1;1;1;7;Louvemont-Côte-du-Poivre;49,2401580;5,3911540
35128;202000038999;28;5;2020;05:20;2;49;49331;1;1;1;6;Le Pont de Montreuil (Châtelais);47,7317601; -0,9228315
35129;202000039000;28;5;2020;15:20;1;49;49060;1;1;1;6;Bellevigne-les-Châteaux;47,2099480; -0,0545240
35130;202000039001;27;5;2020;18:50;1;46;46334;1;1;1;-1;Impasse du Domaine;44,7426450;1,4238130
35131;202000039002;29;5;2020;15:45;1;39;39279;1;1;1;6;;46,6883870;5,4736600
35132;202000039003;27;5;2020;11:15;1;39;39114;1;1;1;1;Chemin des Granges Bernard;46,7756190;5,6583340
35133;202000039004;29;5;2020;15:00;1;44;44087;1;1;1;1;RD95 route de challans;46,9763410; -1,8067199
35134;202000039005;29;5;2020;18:10;1;29;29075;2;1;1;2;Boulevard François Mitterrand;48,4190480; -4,4419260
35135;202000039006;29;5;2020;14:15;1;03;03307;2;1;1;7;1 Rue du Pigeonnier;46,3478780;3,2530367
35136;202000039007;28;5;2020;18:20;1;03;03083;1;1;1;1;Les Taxins;46,3389792;3,2994121
35137;202000039008;27;5;2020;11:15;1;01;01163;1;1;1;6;Route de Jayat;46,3673720;5,1543470
35138;202000039009;28;5;2020;22:55;3;54;54363;1;1;1;6;Route Départementale 24;49,3728240;5,8167060
35139;202000039010;28;5;2020;10:20;1;06;06079;2;1;1;6;Av Mal de Lattre de Tassigny;43,5504420;6,9470790
35140;202000039011;29;5;2020;16:34;1;50;50457;1;1;1;6;D2;49,4206540; -1,4974670
35141;202000039014;28;5;2020;20:40;1;37;37007;1;1;1;7;D115;47,0780137;0,2442022
35142;202000039015;29;5;2020;20:10;1;91;91405;1;1;1;6;D837;48,4056420;2,5164970
35143;202000039018;22;5;2020;13:40;1;34;34165;1;3;1;3;D2;43,5132960;3,6778020
35144;202000039019;28;5;2020;15:50;1;06;06134;1;1;1;1;route départementale 6085 PK 10+500;43,7557190;6,7202550
35145;202000039020;28;5;2020;07:55;2;13;13064;1;6;1;6;ROND POINT CD 99 MOLLEGES GARE;43,7882670;4,9539650
35146;202000039021;29;5;2020;15:45;1;89;89055;1;1;1;2;RD 84;48,0087739;3,6153764
35147;202000039022;27;5;2020;08:45;1;67;67519;2;3;7;3;Rue de Limoges;48,6512240;7,8260740
35148;202000039023;26;5;2020;09:20;1;69;69010;2;1;1;6;Place de la Liberté;45,8352620;4,6178470
35149;202000039024;29;5;2020;08:30;1;81;81039;2;6;7;6;5 Route de Lavaur;43,7551480;1,9020300
35150;202000039025;29;5;2020;18:15;1;33;33056;1;1;7;1;avenue du général de gaulle;44,9003590; -0,6401250
35151;202000039026;26;5;2020;14:30;1;33;33051;2;1;1;6;route des lacs;44,6369330; -0,9669260
35152;202000039027;29;5;2020;11:20;1;27;27196;1;1;1;-1;D77;49,2974930;1,1693360
35153;202000039028;28;5;2020;13:15;1;76;76057;2;1;1;2;Avenue de la Porte Océane;49,5489020;0,9533910
35154;202000039029;28;5;2020;18:30;1;62;62318;2;1;1;6;Rue du Port;50,5134026;1,6369010
35155;202000039030;27;5;2020;17:45;1;13;13055;1;9;1;2;A507 sens Aubagne- Marseille;43,3215000;5,4228500
35156;202000039031;27;5;2020;12:40;1;83;83126;1;1;1;3;A50;43,1198434;5,8539426
35157;202000039032;24;5;2020;14:17;1;69;69266;1;1;1;6;RD 383   ;45,7761000;4,8975000
35158;202000039034;27;5;2020;08:45;1;92;92036;1;1;1;2;AUTOROUTE A15;48,9447200;2,2853000
35159;202000039035;26;5;2020;22:00;3;60;60494;1;1;1;6;AUTOROUTE A1;49,1274000;2,5579600
35160;202000039036;27;5;2020;07:30;1;94;94046;1;1;1;4;A86 EXT;48,8060164;2,4486524
35161;202000039037;10;2;2020;19:00;5;60;60057;2;2;3;6;FITZGERALD J.KENNEDY (AV)-AV P M CURIE;49,4084700;2,1122600
35162;202000039038;15;3;2020;16:55;1;30;30007;2;2;1;1;HUIT MAI 1945 (QUAI DU);44,1337700;4,0782100
35163;202000039039;23;5;2020;18:30;3;974;97416;1;1;1;1;DIAGONALE(CHEMIN); -21,3028100;55,4723200
35164;202000039040;18;5;2020;17:50;2;974;97416;2;1;1;2;CONCESSION CONDE(CHEMIN); -21,2967800;55,5005600
35165;202000039041;27;5;2020;06:00;3;974;97416;2;9;1;3;Route de l’Entre Deux; -21,2880000;55,4541700
35166;202000039042;27;5;2020;19:25;1;69;69199;2;1;1;6;46 Avenue Jean Jaurès;45,7117700;4,8550500
35167;202000039043;27;5;2020;03:00;5;69;69387;2;1;1;6;TONY GARNIER                        (AV);45,7280000;4,8237000
35168;202000039044;27;5;2020;11:05;1;971;97113;1;1;1;6;GRAND BAIE ( RN4);16,2178991; -61,5107882
35169;202000039045;21;5;2020;18:45;1;95;95585;2;1;1;6;VALERY (AVEUE PAUL);48,9786700;2,3839300
35170;202000039046;27;5;2020;15:20;1;95;95598;2;1;1;1;CARNOT    RUE;48,9874800;2,2962700
35171;202000039048;27;5;2020;12:49;1;91;91549;2;2;1;1;GEORGES PITARD (AVENUE);48,6501730;2,3143970
35172;202000039049;27;5;2020;12:42;1;91;91692;2;9;1;3;CD35;48,6746000;2,1797200
35173;202000039050;27;5;2020;14:10;1;91;91223;1;1;1;3;R.N.20;48,4366300;2,1704200
35174;202000039052;26;5;2020;20:20;1;91;91174;2;1;1;4;JEAN JAURES (BOULEVARD);48,6187300;2,4527400
35175;202000039053;8;12;2020;16:48;2;22;22037;2;1;1;2;Hent An 19 a Viz Meurzh 1962;48,4606460; -3,4225630
35176;202000039054;26;5;2020;17:31;1;78;78646;2;3;1;3;REPUBLIQUE (BOULEVARD DE LA);48,8050700;2,1523100
35177;202000039055;8;12;2020;14:06;1;29;29024;2;1;1;6;Rue des Martyrs;48,2766598; -3,5696121
35178;202000039056;8;12;2020;17:35;5;31;31107;2;1;8;3;Route de l'Arize;43,2979090;1,2193000
35179;202000039057;8;12;2020;07:15;3;85;85151;1;1;9;3;d160;46,9881060; -0,9385050
35180;202000039058;9;12;2020;09:30;1;06;06032;2;1;1;6;83 Avenue du Trois Septembre;43,7230760;7,3973260
35181;202000039059;27;5;2020;12:25;1;78;78551;2;4;1;3;POISSY (DE);48,8998300;2,0883500
35182;202000039060;27;5;2020;01:15;4;78;78551;1;1;1;2;RD 190;48,9202000;2,0589000
35183;202000039061;22;5;2020;16:55;1;78;78423;2;1;1;6;MONT DORE (RUE DU);48,7684710;2,0528840
35184;202000039063;8;12;2020;17:22;2;40;40245;2;1;1;6;Rue Laubaner;44,0338360; -0,3220430
35185;202000039064;27;5;2020;15:10;1;74;74012;2;1;1;4;DE GAULLE (AVENUE CHARLES);46,1857700;6,2475400
35186;202000039065;26;5;2020;08:15;1;74;74305;2;1;1;6;ESPERANCE (RUE DE);46,2004700;6,2499300
35187;202000039067;26;5;2020;08:20;1;69;69266;2;2;1;3;POIZAT      (Rue);45,7581800;4,8932900
35188;202000039068;8;12;2020;11:40;1;04;04209;2;1;1;-1;Allee de Verdun;44,1951170;5,9438400