;Num_Acc;jour;mois;an;hrmn;lum;dep;com;agg;int;atm;col;adr;lat;long
35189;202000039069;27;5;2020;06:30;1;69;69256;2;2;1;3;ROGER SALENGRO                      (R );45,7588000;4,9287100
35190;202000039070;9;12;2020;07:45;3;85;85018;1;1;1;5;Le Grand Quairuy;46,8892200; -2,0718460
35191;202000039071;27;5;2020;00:01;5;67;67447;2;3;1;7;LAUTERBOURG (RUE DE);48,6102120;7,7394500
35192;202000039072;9;12;2020;03:00;3;85;85024;1;1;1;7;D21 A;46,9518030; -1,8938000
35193;202000039073;27;5;2020;19:25;1;64;64445;2;2;7;3;GASTON PHOEBUS;43,2973207; -0,3873378
35194;202000039074;8;12;2020;17:00;2;67;67108;2;3;1;1;2 Rue Victor Hugo;48,5342050;7,5942720
35195;202000039075;7;12;2020;04:45;3;63;63181;1;1;8;6;A71;46,0287010;3,1166142
35196;202000039077;8;12;2020;22:10;5;74;74208;1;1;4;6;N205;45,9099730;6,7118100
35197;202000039078;25;5;2020;11:05;1;63;63113;2;1;1;2;LOUCHEUR (BD LOUIS);45,7625200;3,0974300
35198;202000039079;21;5;2020;01:42;5;60;60057;2;3;1;6;AMIENS (RUE D') - PAIR-;49,4378400;2,0879300
35199;202000039080;8;12;2020;19:15;3;38;38537;1;1;3;2;A43;45,6411080;5,1468370
35200;202000039081;26;5;2020;17:30;1;54;54431;2;1;1;1;RIOLLES (BOULEVARD DE);48,8996800;6,0552000
35201;202000039083;27;5;2020;05:00;2;50;50129;2;1;1;7;ABBAYE (RUE DE L');49,6463600; -1,6419900
35202;202000039084;8;12;2020;17:14;1;971;97134;1;1;1;1;Route de Rocroy;16,0477310; -61,7604160
35203;202000039085;21;5;2020;06:15;1;50;50129;2;3;1;6;HUGO (RUE VICTOR);49,6201700; -1,6586200
35204;202000039086;8;12;2020;12:05;1;91;91315;1;2;1;3;Route Départementale 31;48,5105350;2,3557730
35205;202000039087;20;5;2020;04:30;5;49;49328;1;6;1;5;D347;47,2860123; -0,0492132
35206;202000039088;9;12;2020;08:30;1;83;83059;1;1;1;1;Route Départementale 554;43,3335870;6,0707720
35207;202000039089;27;5;2020;10:50;1;42;42095;2;6;1;3;Boulevard Saint Charles;45,3886100;4,2801300
35208;202000039090;26;5;2020;12:55;1;37;37122;2;1;1;7;BEAULIEU (RUE DE);47,3623922;0,6605801
35209;202000039091;8;12;2020;16:15;1;21;21295;1;1;2;1;RD 974 PK 36+600;47,2118605;4,9724398
35210;202000039092;27;5;2020;15:00;1;35;35238;2;2;1;3;MIRABEAU;48,1235143; -1,6457679
35211;202000039093;8;12;2020;19:10;3;08;08263;1;1;1;-1;A34;49,7377390;4,7873940
35212;202000039094;9;12;2020;07:30;2;54;54043;2;9;1;1;78 Rue Jacques Callot;48,5874600;6,0967400
35213;202000039095;8;12;2020;20:30;3;54;54196;1;1;2;2;chemin de pulligny;48,5568980;6,1732860
35214;202000039096;9;12;2020;17:15;3;73;73135;1;1;2;5;D1006;45,3149910;6,3347660
35215;202000039097;8;12;2020;16:20;1;01;01297;1;3;1;5;D84C;45,8756680;5,0892020
35216;202000039098;8;12;2020;12:10;1;79;79049;1;1;1;1;;46,8225950; -0,5200210
35217;202000039099;8;12;2020;20:45;3;85;85214;1;1;1;1;D760;46,5469520; -1,7336300
35218;202000039100;9;12;2020;08:25;2;29;29058;1;9;8;1;Lieu dit Pont Veo;47,9112515; -4,0173655
35219;202000039101;8;12;2020;09:45;1;22;22077;1;1;2;7;.;48,5602960; -2,4381600
35220;202000039102;29;7;2020;16:30;1;42;42127;2;9;1;3;Rue des Buttes;46,0628200;4,0594800
35221;202000039103;8;12;2020;17:45;5;59;59419;2;3;5;3;D938;50,5205622;3,2768921
35222;202000039105;8;12;2020;07:28;2;13;13071;1;1;2;4;A7-Sens Marseille vers Lyon;43,4077500;5,2888700
35223;202000039106;29;7;2020;17:00;1;35;35238;2;1;1;6;163 Rue Eugène Pottier;48,1028100; -1,7117400
35224;202000039107;7;12;2020;20:30;5;13;13210;1;1;2;2;A50-Sens Marseille vers Aubagne;43,2835900;5,4015000
35225;202000039108;29;7;2020;17:50;1;35;35051;2;9;1;3;Rue de la Châtaigneraie;48,1210500; -1,6287500
35226;202000039109;7;12;2020;08:30;1;13;13081;1;1;1;4;A7-Sens Lyon vers Marseille;43,4882700;5,2404700
35227;202000039110;29;7;2020;09:53;1;33;33162;2;1;1;3;AV DU MEDOC;44,8778000; -0,6237000
35228;202000039111;17;7;2020;17:05;1;33;33281;2;1;1;4;AVE DE MAGUDAS;44,8586100; -0,6714600
35229;202000039112;8;12;2020;08:02;1;33;33003;1;1;1;2;AUTOROUTE A 10;44,9337600; -0,4678600
35230;202000039113;16;7;2020;16:35;1;33;33063;2;2;1;3;RUE NAUJAC / RUE MALLERET;44,8479600; -0,5858800
35231;202000039115;29;7;2020;02:00;5;31;31555;2;1;1;6;BD GRIFFOUL DORVAL;43,5946300;1,4569000
35232;202000039116;28;7;2020;14:45;1;31;31069;2;1;1;6;GRENADE (ROUTE DE);43,6497600;1,3821000
35233;202000039117;29;7;2020;13:10;1;30;30007;2;1;1;6;SAUVAGES (RUE);44,1224100;4,0791000
35234;202000039119;29;7;2020;18:40;1;29;29232;1;6;1;2;D765 - Route de Rosporden;47,9810800; -4,0269900
35235;202000039120;28;7;2020;17:40;1;29;29232;1;6;1;2; D365 - Avenue du Morbihan ;47,9796900; -4,0790200
35236;202000039121;29;7;2020;15:25;1;29;29039;1;2;1;7;RD 783;47,8743600; -3,8984200
35237;202000039122;29;7;2020;12:50;1;27;27562;2;1;1;6;FERRY (RUE ET PLACE JULES);49,0994000;1,4491700
35238;202000039123;10;7;2020;17:39;1;22;22113;1;3;1;3;CROAS BODIOU (LIEU-DIT);48,7489900; -3,4860000
35239;202000039124;25;7;2020;17:50;1;18;18033;2;1;1;-1;MITTERRAND (AVENUE FRANCOIS);47,0871700;2,3872200
35240;202000039125;8;12;2020;07:15;3;91;91286;1;1;1;5;AUTOROUTE A6;48,6475600;2,3868300
35241;202000039126;29;7;2020;10:55;1;17;17306;2;1;1;1;GAMBETTA;45,6226120; -1,0309150
35242;202000039127;29;7;2020;21:05;1;17;17300;2;1;1;3;CRAPAUDIERES   AVENUE DES;46,1725300; -1,1742300
35243;202000039128;8;12;2020;07:15;5;91;91549;1;1;1;2;RN 104;48,6250000;2,3410000
35244;202000039129;7;12;2020;22:30;5;94;94034;1;1;1;2;AUTOROUTE A86;48,7592100;2,3233300
35245;202000039130;29;7;2020;18:20;1;17;17300;2;2;1;3;LEMOYNE D'IBERVILLE   RUE;46,1617060; -1,2108680
35246;202000039131;8;12;2020;18:20;5;92;92064;2;1;1;3;A13;48,8454630;2,2232242
35247;202000039132;27;7;2020;17:30;1;16;16102;2;2;1;3;Rue Montesquieu;45,6808300; -0,3359000
35248;202000039133;8;12;2020;16:20;1;78;78646;1;1;1;2;RN12;48,7933040;2,0758720
35249;202000039134;8;12;2020;10:10;1;92;92036;1;1;8;4;A86;48,9374713;2,2956603
35250;202000039135;28;7;2020;09:55;1;14;14366;2;1;1;6;SAINTE THERESE (AVENUE);49,1423684;0,2314093
35251;202000039136;8;12;2020;09:10;1;78;78043;1;1;1;3;A12 W;48,8351280;2,0876850
35252;202000039137;29;7;2020;21:50;3;13;13071;2;9;1;1;D113 AGAVON;43,4165591;5,2787536
35253;202000039139;8;12;2020;08:10;1;78;78007;1;1;1;4;A13;48,8980700;2,0060020
35254;202000039140;29;7;2020;23:20;5;10;10387;2;5;1;3;MARGUERITE FLAVIEN BUFFARD (RUE);48,3038600;4,0617100
35255;202000039141;8;12;2020;18:15;3;94;94073;1;1;1;4;A86 INT;48,7709388;2,3875608
35256;202000039142;29;7;2020;14:20;1;75;75114;2;1;1;3;BOULEVARD PERIPHERIQUE;48,8228470;2,3128650
35257;202000039143;6;12;2020;11:50;1;974;97411;2;1;1;6;BERTHO (RUE JEAN); -20,8927500;55,4888000
35258;202000039144;29;7;2020;09:00;1;75;75119;2;1;1;3;BOULEVARD PERIPHERIQUE;48,9006060;2,3739330
35259;202000039145;7;12;2020;09:20;1;69;69387;2;1;1;3;JEAN JAURES                         (AV);45,7268400;4,8310300
35260;202000039146;29;7;2020;18:20;1;75;75119;2;7;1;2;PLACE AUGUSTE BARON;48,9001550;2,3873030
35261;202000039148;29;7;2020;13:20;1;75;75119;2;3;1;2;AVENUE CORENTIN CARIOU;48,8958480;2,3835500
35262;202000039149;4;12;2020;17:10;4;69;69034;2;1;1;3;COSTE                               (R );45,7912599;4,8371537
35263;202000039150;29;7;2020;12:45;1;75;75119;2;1;1;3;BOULEVARD DE LA VILLETTE;48,8797930;2,3704180
35264;202000039151;29;7;2020;10:00;1;75;75119;2;1;1;3;BOULEVARD MACDONALD;48,8974120;2,3888370
35265;202000039152;6;12;2020;17:30;2;971;97101;2;1;1;1;GRAND CAMP(SECTION);16,2503700; -61,5324100
35266;202000039153;4;12;2020;21:50;5;89;89387;2;1;1;6;ERNEST LANDRY (QUAI);48,1972000;3,2765100
35267;202000039154;28;7;2020;01:45;5;75;75116;2;2;1;2;BOULEVARD EXELMANS;48,8453370;2,2586810
35268;202000039155;4;12;2020;08:10;5;76;76681;2;2;1;6;JAURES. AVENUE JEAN;49,4145600;1,0915800
35269;202000039156;28;7;2020;09:06;1;75;75115;2;2;1;6;BOULEVARD LEFEBVRE;48,8286450;2,3014220
35270;202000039157;29;7;2020;17:55;1;75;75113;2;1;1;3;AVENUE DES GOBELINS;48,8342050;2,3536560
35271;202000039158;4;12;2020;15:20;1;76;76351;2;4;1;6;DRAPIERS (DES);49,4872800;0,1090100
35272;202000039159;28;7;2020;21:10;2;75;75112;2;1;1;7;PONT MORLAND;48,8469330;2,3662400
35273;202000039160;4;12;2020;14:50;1;76;76351;2;3;2;3;FELIX FAURE;49,5020350;0,1171750
35274;202000039162;29;7;2020;19:30;1;75;75108;2;7;1;3;PLACE DE L ALMA;48,8646650;2,3013280
35275;202000039163;1;12;2020;19:35;5;74;74012;2;3;2;2;PASTEUR (AVENUE);46,1925900;6,2389400
35276;202000039165;5;12;2020;13:50;1;67;67482;2;3;1;3;BROGLIE (PLACE);48,5845500;7,7485700
35277;202000039166;28;7;2020;23:45;5;94;94068;2;3;1;3;VARENNE (R DE LA);48,8074000;2,4744000
35278;202000039167;7;12;2020;09:20;1;64;64445;2;3;3;3;HENRI  IV;43,2946300; -0,3728200
35279;202000039168;29;7;2020;18:45;1;94;94046;2;1;1;3;JEAN JAURES (R);48,7890304;2,4355102
35280;202000039170;7;12;2020;14:45;1;64;64102;2;6;3;2;PAULMY (AVENUE DES ALLEES);43,4885800; -1,4826700
35281;202000039172;7;12;2020;10:30;1;64;64102;2;1;3;2;MAI 1945 (AVENUE DU 8);43,4590800; -1,4955600
35282;202000039173;3;12;2020;17:55;5;62;62160;2;6;2;6;MARIETTE (Bld Auguste );50,7269210;1,6165350
35283;202000039174;29;7;2020;04:30;5;94;94022;2;2;1;3;LEON GOURDAULT (AV);48,7641700;2,4055000
35284;202000039175;28;7;2020;20:20;1;94;94002;2;2;1;3;VAILLANT COUTURIER (R);48,8103120;2,4169660
35285;202000039178;29;7;2020;15:30;1;93;93066;2;9;1;1;GORKI MAXIME;48,9441454;2,3868495
35286;202000039179;28;7;2020;14:30;1;93;93066;2;1;1;3;"""BROSSOLETTE PIERRE, NR IMPAIRS""";48,9416525;2,3487145
35287;202000039180;28;7;2020;12:50;1;93;93066;2;3;1;1;DIDEROT;48,9359843;2,3776335
35288;202000039181;3;12;2020;17:25;2;59;59560;2;1;3;6;LILLE ROUTE DE;50,5590200;3,0347500
35289;202000039182;29;7;2020;19:00;1;93;93064;2;1;1;3;ALSACE-LORRAINE (BOULEVARD);48,8846764;2,4834767
35290;202000039184;29;7;2020;16:30;1;93;93049;2;9;1;6;GENERAL DE GAULLE (RUE);48,8615541;2,5061987
35291;202000039185;6;12;2020;20:45;5;54;54357;2;2;1;3;LAFAYETTE (RUE);48,7085030;6,1717500
35292;202000039186;29;7;2020;14:20;1;93;93046;2;1;1;2;ARISTIDE BRIAND AVENUE;48,9116860;2,5197497
35293;202000039187;6;12;2020;18:10;5;51;51454;2;2;5;3;Rue Emile Zola;49,2667066;4,0274857
35294;202000039188;28;7;2020;20:40;1;93;93007;2;9;1;6;DESCARTES (CITE);48,9510700;2,4422400
35295;202000039189;4;12;2020;07:35;5;50;50129;2;2;2;-1;TOUR CARREE (RUE);49,6421300; -1,6253300
35296;202000039190;28;11;2020;14:30;1;50;50203;2;1;1;2;ROUGES TERRES (LES);49,6096000; -1,6002400
35297;202000039191;26;7;2020;05:18;5;92;92044;2;2;1;3;CARNOT(RUE) 73+ ET 60+;48,8926463;2,2858948
35298;202000039192;5;12;2020;20:00;5;49;49007;2;2;2;3;Rue Saint-Léonard;47,4600200; -0,5242400
35299;202000039193;28;7;2020;17:00;1;87;87038;1;1;1;6;Blemont;45,9353710;1,2461540
35300;202000039194;7;12;2020;20:23;5;45;45234;2;1;8;3;Avenue Roger Secretain;47,8840800;1,8982100
35301;202000039195;7;12;2020;10:15;1;45;45232;2;1;1;2;Avenue de Sologne;47,8700700;1,9119400
35302;202000039196;7;12;2020;19:00;5;44;44114;2;1;2;2;ROUTE DE RENNES;47,2537100; -1,5764100
35303;202000039197;7;12;2020;19:30;5;41;41226;2;1;1;1;CARTIER (RUE JACQUES);47,8109600;1,0718800
35304;202000039198;2;12;2020;08:30;5;40;40192;2;2;1;3;JUIN (V DU MARECHAL);43,8984000; -0,4874400
35305;202000039199;4;12;2020;17:40;5;40;40192;1;1;2;6;VIGNAU (AV DU);43,8771200; -0,4635600
35306;202000039200;6;12;2020;01:35;5;38;38185;2;2;1;3;Boulevard Jean Pain;45,1894300;5,7419200
35307;202000039201;30;11;2020;08:25;1;37;37122;2;9;1;7;VERDUN (RUE DE);47,3469774;0,6654400
35308;202000039203;7;12;2020;18:20;3;35;35238;1;1;1;4;RN136;48,1318900; -1,7087300
35309;202000039204;7;12;2020;16:15;1;35;35238;2;1;8;6;MALAKOFF;48,1064700; -1,6931100
35310;202000039205;19;7;2020;01:00;3;33;33221;1;1;1;3;1 Les Granges Sud;44,5648810;0,0416550
35311;202000039207;29;7;2020;16:33;1;01;01143;1;1;1;1;D984c;46,3586020;6,1300010
35312;202000039208;30;11;2020;11:30;1;33;33200;2;1;9;1;AVE PASTEUR;44,8800500; -0,6849300
35313;202000039209;29;7;2020;19:30;1;85;85082;1;1;1;3;LA MEILLERAIE, D752;46,9000400; -0,8985500
35314;202000039210;6;12;2020;10:15;1;31;31555;2;1;1;2;RUE CLAIRE PAUILHAC;43,6108095;1,4452949
35315;202000039211;6;12;2020;02:30;4;31;31555;1;1;2;3;VA007331 A620;43,5754800;1,4408700
35316;202000039212;29;7;2020;10:45;1;56;56123;1;4;1;1;Kermoblo;47,6942520; -2,3084590
35317;202000039213;4;12;2020;21:10;5;31;31555;2;1;1;3;Place de la patte d'oie;43,5963300;1,4228800
35318;202000039214;28;7;2020;20:50;1;74;74289;1;1;1;6;D910;45,8854080;5,9388240
35319;202000039215;29;11;2020;09:30;1;27;27375;1;1;1;2;SAINT PIERRE (ROUTE DE);49,2430190;1,1983580
35320;202000039216;30;7;2020;08:00;1;76;76651;2;2;1;3;1360 Route de l'Aerodrome;49,8386740;0,6622480
35321;202000039217;26;11;2020;15:50;1;22;22187;1;1;1;6;RN12;48,5427800; -2,7671400
35322;202000039218;30;7;2020;21:00;1;79;79079;1;1;1;2;Lieu Dit le Puy Riou;46,9169610; -0,7607330
35323;202000039219;7;12;2020;20:25;5;17;17300;2;2;2;3;ORBIGNY   RUE ALCIDE D';46,1631800; -1,1458100
35324;202000039220;29;7;2020;17:40;1;2B;2B050;1;1;1;3;T30;42,5578060;8,7959930
35325;202000039221;5;12;2020;11:35;1;17;17274;1;1;1;7;D108;46,1605300; -1,0820100
35326;202000039222;30;7;2020;10:00;1;55;55543;2;1;1;6;37 rue de tronville;48,7041740;5,2983180
35327;202000039224;27;7;2020;19:24;1;49;49050;1;6;1;1;Lieu Dit la Gonorderie;47,3440353; -0,4368198
35328;202000039225;6;12;2020;06:55;3;14;14437;2;1;2;6;ECHANGEUR N° 6 ( VALLEE DES JARDINS );49,1665800; -0,3033700
35329;202000039226;18;7;2020;08:24;1;44;44069;1;6;1;3;rd 774;47,3275450; -2,4156300
35330;202000039228;21;7;2020;18:00;1;38;38500;1;1;1;1;D1092;45,1791690;5,3767560
35331;202000039229;2;12;2020;10:05;1;14;14118;2;1;1;6;FALAISE (RUE DE  - 90-142 IMPAIR - 95);49,1690500; -0,3526500
35332;202000039230;30;7;2020;06:40;1;03;03250;1;1;7;6;;46,2218142;3,7579804
35333;202000039231;4;12;2020;19:30;5;13;13117;2;6;1;3;ROND POINT DE PIERRE PLANTEE;43,4466400;5,2483000
35334;202000039232;24;7;2020;15:30;1;03;03292;1;4;1;3;Le Bois de l'Espau;46,4167243;3,0561162
35335;202000039233;7;12;2020;17:50;5;13;13208;2;1;2;6;PRADO (AVENUE DU);43,2772926;5,3888015
35336;202000039234;19;7;2020;08:00;1;26;26183;2;1;7;6;1175 avenue des 3 becs ;44,7107410;5,0901490
35337;202000039235;7;12;2020;17:00;5;13;13208;2;6;2;5;HAMBOURG (BOULEVARD);43,2400000;5,3800000
35338;202000039236;7;12;2020;16:20;2;13;13203;2;1;1;2;PLOMBIERES (BOULEVARD DES);43,3156610;5,3856270
35339;202000039237;30;7;2020;10:40;1;14;14494;1;1;1;2;D400;49,2714630; -0,1036140
35340;202000039238;7;12;2020;13:00;1;13;13211;2;1;1;-1;CAMOINS (AVENUE DES);43,3002358;5,5028039
35341;202000039239;7;12;2020;12:15;1;13;13002;2;1;1;6;AUBAGNENS (AVENUE DES);43,3274510;5,4816504
35342;202000039240;29;7;2020;12:15;1;14;14370;2;2;1;7;Route de Balleroy;49,2202740; -0,8706930
35343;202000039241;29;7;2020;18:08;1;50;50215;1;1;7;7;D74;49,1028340; -1,5278110
35344;202000039242;24;11;2020;08:22;1;11;11262;2;1;1;7;MISTRAL (BOULEVARD FREDERIC);43,1882200;3,0042000
35345;202000039243;30;7;2020;12:00;1;83;83082;1;1;1;6;D955;43,6347170;6,4827374
35346;202000039244;7;12;2020;14:40;1;07;07102;2;3;1;3;CAMUS (RUE ALBERT);44,9388755;4,8760374
35347;202000039245;30;7;2020;15:10;1;83;83007;2;1;1;-1;Route de Villecroze;43,6192000;6,2226930
35348;202000039246;7;12;2020;15:00;1;06;06069;1;1;1;3;Pénétrante;43,6303500;6,9473200
35349;202000039247;30;7;2020;17:00;1;83;83046;1;1;1;6;D13;43,5359080;6,1397840
35350;202000039248;7;12;2020;10:40;1;06;06069;2;1;1;3;MADELEINE;43,6552900;6,9382700
35351;202000039249;30;7;2020;16:15;1;60;60040;1;1;1;6;D75;49,4073274;2,5751893
35352;202000039250;29;7;2020;00:20;3;45;45146;1;1;1;7;D2020-53+870;47,6879040;1,9588170
35353;202000039251;7;12;2020;14:40;1;75;75116;2;4;1;4;PORTE DAUPHINE;48,8696760;2,2712350
35354;202000039252;29;7;2020;11:45;1;64;64368;1;1;1;1;D11;43,3867120; -1,0969380
35355;202000039253;7;12;2020;18:25;5;75;75106;2;4;1;6;RUE D ASSAS;48,8450600;2,3323010
35356;202000039254;30;7;2020;03:30;3;64;64538;1;1;1;6;Lasse;43,1340320; -1,2671180
35357;202000039255;7;12;2020;18:40;5;75;75112;2;1;1;2;BOULEVARD PERIPHERIQUE EXTERIEUR NORD  ;48,8458310;2,4144450
35358;202000039256;29;7;2020;16:45;1;18;18197;2;1;1;1;Avenue de la Vigne du Prince;46,7288970;2,4945560
35359;202000039257;7;12;2020;19:20;5;75;75117;2;3;1;3;BOULEVARD PEREIRE;48,8877650;2,3063100
35360;202000039258;30;7;2020;12:50;1;10;10323;2;6;1;7;rond point des anciens combattants d'afrique du nord;48,5139890;3,7253520
35361;202000039259;7;12;2020;18:25;5;75;75114;2;4;1;6;RUE FRIANT;48,8270150;2,3249180
35362;202000039260;30;7;2020;11:00;1;07;07255;2;1;1;2;Avenue Louis Blanchon;44,7514970;4,6897750
35363;202000039261;25;7;2020;10:10;1;21;21519;1;4;1;2;Route Dijon;47,7832920;4,8518170
35364;202000039262;30;7;2020;12:00;1;40;40175;2;1;1;3;Route du stade;43,8251230; -0,3720970
35365;202000039263;30;7;2020;13:20;1;40;40312;2;1;1;2;Boulevard de la Yayi;43,5481280; -1,4608380
35366;202000039264;29;7;2020;08:45;1;24;24520;2;1;1;-1;7 rue du 26ème Régiment d'infanterie;44,8773580;1,2312410
35367;202000039265;7;12;2020;18:00;5;75;75112;2;5;1;3;AVENUE DE SAINT MANDE;48,8446760;2,4057240
35368;202000039268;23;7;2020;10:00;1;85;85004;1;1;1;6;D747;46,3937000; -1,4000000
35369;202000039269;7;12;2020;16:45;1;75;75110;2;1;1;6;RUE LOUIS BLANC;48,8792080;2,3686000
35370;202000039270;7;12;2020;17:50;5;75;75110;2;3;1;3;BOULEVARD DE STRASBOURG;48,8733630;2,3565190
35371;202000039271;30;7;2020;16:00;1;27;27083;1;3;1;3;D92;49,2540530;0,7590330
35372;202000039272;30;7;2020;09:45;1;27;27207;1;1;1;2;D138;49,1312120;0,4671340
35373;202000039273;29;7;2020;16:00;1;27;27032;2;1;1;6;24 bis rue des chenes - D32;48,9286250;1,1402930
35374;202000039274;7;12;2020;17:35;5;75;75109;2;7;1;6;BOULEVARD DE CLICHY;48,8836160;2,3326730
35375;202000039275;30;7;2020;11:15;1;52;52486;1;1;1;7;D155;47,9040370;5,1236310
35376;202000039276;7;12;2020;13:50;1;75;75108;2;2;1;6;AVENUE MATIGNON;48,8717680;2,3141680
35377;202000039277;7;12;2020;15:45;1;94;94080;2;1;1;2;VICTOR BASCH (R);48,8475000;2,4274400
35378;202000039278;30;7;2020;07:30;1;52;52251;2;2;1;2;17 Route de Paris;48,1353850;5,0842030
35379;202000039279;6;12;2020;15:40;1;94;94068;2;3;1;3;BAC (AV DU);48,7975000;2,5039000
35380;202000039280;29;7;2020;10:15;1;46;46220;1;1;1;2;A20;44,8692380;1,5060280
35381;202000039282;26;7;2020;23:18;3;40;40209;1;1;1;2;A63;43,5744450; -1,4284590
35382;202000039283;7;12;2020;07:45;5;94;94076;2;1;1;3;MAXIME GORKI (BD);48,7967000;2,3681200
35383;202000039284;30;7;2020;13:15;1;18;18140;1;1;1;6;A20;47,1388840;1,9630340
35384;202000039285;24;7;2020;21:30;3;38;38048;1;1;1;6;Chemin de Vignieu;45,5785550;5,1278590
35385;202000039286;7;12;2020;15:25;1;93;93073;2;2;1;3;COLONGO (RUE PIERRE);48,9387000;2,5816800
35386;202000039287;30;7;2020;15:35;1;988;98816;1;1;1;1;RT1 - PK 127+030; -21,7062000;165,7091470
35387;202000039289;7;12;2020;21:20;5;93;93070;2;4;1;2;CAPITAINE-GLARNER (AV);48,9072500;2,3264000
35388;202000039291;7;12;2020;21:25;5;93;93045;2;1;1;2;R DE PARIS;48,8785879;2,4114459
35389;202000039292;29;7;2020;18:50;1;973;97305;1;1;1;1;PK 14.5;4,9268640; -52,3924260
35390;202000039293;7;12;2020;09:00;1;93;93063;2;2;5;6;R MARCEL ETHIS / R JEAN JAURES;48,8783000;2,4454600
35391;202000039294;28;7;2020;11:30;1;971;97129;2;1;1;6;Desbonnes;16,3296301; -61,7535101
35392;202000039295;5;12;2020;11:40;1;93;93032;2;3;1;3;RAMBOUILLET   (AVENUE DE);48,8760600;2,5446300
35393;202000039296;7;12;2020;12:20;1;92;92046;2;2;1;3;PIERRE BROSSOLETTE (AVENUE);48,8115225;2,3002278
35394;202000039297;7;12;2020;10:20;1;92;92044;2;1;8;3;CHARLES PASQUA (QUAI) 58 A90;48,9014756;2,2852421
35395;202000039298;19;7;2020;17:10;1;44;44020;1;1;1;4;;47,1737460; -1,6126840
35396;202000039299;6;12;2020;15:00;1;92;92024;2;2;1;3;MARTRE DE (4 A 54);48,9009006;2,3080531
35397;202000039300;29;7;2020;16:50;1;29;29147;1;1;1;5;N165 - Quimperlé;47,8698533; -3,5945414
35398;202000039302;30;7;2020;16:20;1;45;45049;1;2;1;3;Route de la Prevotee-chemin de la Tuilerie;47,8533780;2,3545570
35399;202000039303;8;12;2020;12:45;1;62;62364;1;3;5;3;RD928;50,5059790;2,1312670
35400;202000039304;30;7;2020;18:20;1;04;04069;1;1;1;7;RD 102;43,8690142;6,5746622
35401;202000039305;4;12;2020;15:45;1;49;49355;1;1;1;3;La ménardière;47,1002780; -0,7738490
35402;202000039306;7;12;2020;19:40;3;52;52114;1;1;1;6;A5 PK 200+080;48,0547990;4,9618770
35403;202000039307;8;12;2020;10:45;1;35;35139;1;1;8;2;Route nationale 137;47,9669390; -1,6917230
35404;202000039308;30;7;2020;00:22;5;04;04019;2;1;1;7;RD 9 (11 Avenue Ernest Pellotier);44,3876571;6,6397141
35405;202000039309;8;12;2020;16:25;1;15;15207;1;1;4;7;A75 - PK 078.350 - sens nord vers sud;45,1668590;3,1581110
35406;202000039310;30;7;2020;08:05;1;67;67329;1;2;7;1;D426;48,4512680;7,5212360
35407;202000039311;8;12;2020;07:30;3;62;62754;1;1;5;1;D9;50,1754000;2,8423100
35408;202000039312;29;7;2020;19:20;1;03;03102;2;3;1;3;361 Rue de 7 Fons;46,5236275;3,6862916
35409;202000039313;29;7;2020;20:30;1;07;07247;1;2;1;2;rn 102 saint jean le centenier;44,5786160;4,5263990
35410;202000039314;8;12;2020;16:00;1;77;77022;2;2;7;6;1 Avenue du général de Gaulle - D64;48,4463880;2,6016780
35411;202000039316;8;12;2020;10:40;1;83;83116;2;9;2;6;235 Avenue Gabriel Péri;43,4537370;5,8557590
35412;202000039317;29;7;2020;11:01;1;86;86222;1;3;1;-1;D20;46,6810260;0,3885390
35413;202000039318;7;12;2020;15:15;1;2B;2B281;1;1;8;3;RD 80;42,8015020;9,4904870
35414;202000039319;30;7;2020;11:00;1;64;64376;2;3;1;3;5 Rue du Moulin;43,2657630; -0,3162930
35415;202000039320;8;12;2020;12:45;1;33;33485;1;2;1;3;Route de Saint-Pey, D936 E7;44,8487600; -0,1099600
35416;202000039321;30;7;2020;14:20;1;44;44195;2;1;1;1;La Gouairie;47,3510940; -1,9142390
35417;202000039322;8;12;2020;17:55;5;32;32107;2;1;1;6;Boulevard Saint-jacques;43,9564990;0,3653330
35418;202000039323;27;7;2020;16:00;1;22;22143;1;1;1;2;Moulin de la Mer;48,6073200; -2,2785040
35419;202000039324;7;12;2020;13:30;1;61;61038;2;1;1;1;Rue Apollo XI;48,3724730;0,5685960
35420;202000039325;29;7;2020;14:30;1;22;22054;2;9;1;7;56 Rue des Hôpitaux;48,6312530; -2,4518720
35421;202000039326;7;12;2020;22:50;3;86;86263;1;1;3;6;D741;46,5037170;0,3623830
35422;202000039327;30;7;2020;16:00;1;76;76057;2;3;1;3;1 Rue Pierre et Marie Curie;49,5436330;0,9551740
35423;202000039328;7;12;2020;17:45;5;68;68135;1;4;1;3;D105;47,5881190;7,5459980
35424;202000039329;29;7;2020;16:00;1;59;59224;2;1;1;6;Rue Louis Chantreau;50,2657020;3,2121970
35425;202000039330;7;12;2020;18:10;3;22;22158;1;6;2;7;N164;48,2004220; -2,8909490
35426;202000039331;26;7;2020;19:10;1;13;13071;1;1;7;2;A55 - Sens Marseille vers Martigues;43,3843020;5,3127480
35427;202000039332;4;12;2020;13:40;1;22;22283;1;1;4;1;Convenant Trémeur;48,6755610; -3,1492800