;Num_Acc;jour;mois;an;hrmn;lum;dep;com;agg;int;atm;col;adr;lat;long
35428;202000039333;8;12;2020;09:40;1;29;29162;1;1;2;7;D785 - Lieu Dit le Grand Pont;48,2898750; -3,9500140
35429;202000039334;28;7;2020;14:00;1;83;83137;1;1;1;2;A57;43,1213200;5,9533100
35430;202000039335;7;12;2020;07:35;2;31;31118;1;1;2;3;D29;43,7932010;1,3531210
35431;202000039336;29;7;2020;17:11;1;33;33080;1;1;1;5;AUTOROUTE A 62;44,7382500; -0,5345600
35432;202000039337;7;12;2020;17:00;2;38;38538;2;2;8;2;Rue Paul Crétien;45,2154750;5,8619170
35433;202000039338;7;12;2020;20:57;5;02;02614;2;9;5;6;D57;49,9024480;3,2176010
35434;202000039340;7;12;2020;18:30;5;06;06032;2;1;1;2;avenue prince rainier III de Monaco;43,7254520;7,4067700
35435;202000039341;29;7;2020;05:00;3;94;94003;1;1;1;7;AUTOROUTE A6B;48,7990600;2,3438800
35436;202000039342;7;12;2020;17:10;5;05;05115;1;1;1;6;Les combes du seigneur;44,4668700;6,1787100
35437;202000039344;8;12;2020;06:30;2;50;50082;1;1;1;6;Le Pommeret le Vretot (Le Vrétot);49,4688550; -1,7191000
35438;202000039345;29;7;2020;00:10;4;78;78140;1;1;1;7;A13;48,9610390;1,9301590
35439;202000039347;27;7;2020;12:45;1;92;92036;1;1;1;2;A86;48,9339888;2,2774024
35440;202000039348;8;12;2020;19:30;5;60;60333;2;1;5;6;Avenue Tristan Klingsor;49,4474804;1,9005656
35441;202000039349;7;12;2020;07:30;2;36;36064;1;1;8;2;;46,8290468;1,7980400
35442;202000039350;8;12;2020;09:00;1;85;85023;1;1;1;2;RD 19;46,5395280; -1,1945490
35443;202000039351;25;5;2020;19:01;1;42;42218;2;2;1;3;Rue Edouard Martel;45,4240200;4,3751500
35444;202000039352;8;12;2020;00:15;3;28;28025;1;1;1;1;RD2020;48,2575540;1,9664240
35445;202000039353;28;4;2020;06:54;1;42;42218;2;2;1;7;Rue Camélinat;45,4447800;4,3842900
35446;202000039354;7;12;2020;09:42;2;17;17197;2;1;3;6;Boulevard Rene Gautret;45,4483980; -0,4374900
35447;202000039355;7;12;2020;17:20;5;52;52247;2;1;1;6;Rue de Corrupt;48,2083590;5,5597420
35448;202000039356;26;2;2020;14:40;1;17;17306;2;2;1;3;PONTAILLAC (DE) (AVENUE);45,6225900; -1,0409700
35449;202000039358;8;12;2020;04:50;3;53;53007;1;1;9;2;A81;48,0701320; -0,5633990
35450;202000039360;2;12;2020;10:30;1;06;06149;1;1;1;2;A8 PK 204.500 chaussée nord;43,7433520;7,3368930
35451;202000039361;28;7;2020;08:25;1;69;69276;2;1;1;2;ONZE NOVEMBRE 1918                 R;45,6692000;4,8505000
35452;202000039364;8;12;2020;08:05;1;971;97107;1;1;1;3;bel air;16,0880680; -61,5632200
35453;202000039365;27;7;2020;10:15;1;69;69389;2;3;1;6;GARE D'EAU (DE LA)                  (QU);45,7809400;4,8083200
35454;202000039366;6;12;2020;21:45;5;972;97228;2;1;1;6;Boulevard Antonin Jerome Mercan;14,7736430; -60,9895280
35455;202000039367;27;7;2020;09:50;1;69;69382;2;9;1;6;REPUBLIQUE (DE LA)                  (R );45,7637500;4,8358200
35456;202000039368;8;12;2020;07:35;5;95;95199;2;6;1;1;1 Avenue Jean Jaurés;49,0296450;2,3301740
35457;202000039370;28;7;2020;16:30;1;95;95268;2;1;1;3;RD 84A;48,9648423;2,4175911
35458;202000039371;28;7;2020;19:00;1;91;91421;1;1;1;6;NATIONALE 6 (PARTIE FORET);48,6900560;2,4658220
35459;202000039372;8;12;2020;07:25;2;13;13049;1;1;2;-1;D17d;43,6963300;5,0790380
35460;202000039373;27;7;2020;14:00;1;91;91228;2;1;1;6;MITTERAND (BD FRANCOIS);48,6250740;2,4240650
35461;202000039375;28;7;2020;21:06;1;91;91657;2;2;1;3;PAUL VAILLANT COUTURIER (AVENUE);48,6966000;2,4359400
35462;202000039376;6;12;2020;15:48;1;57;57205;2;1;1;6;D23;49,2191890;6,6378880
35463;202000039378;6;7;2020;16:40;1;84;84007;2;1;1;4;MORIERES (Route de );43,9510200;4,8296800
35464;202000039379;6;12;2020;11:15;1;22;22376;2;1;1;1;14 rue Bellevue;48,2080498; -2,7918193
35465;202000039380;27;7;2020;21:35;1;82;82121;1;1;1;6;SAINT-MARTIAL D 8 (ROUTE DE);44,0070125;1,3913745
35466;202000039381;8;12;2020;17:55;5;27;27025;2;1;1;-1;D316;49,0923750;1,2740920
35467;202000039382;28;7;2020;01:20;5;80;80001;2;1;1;3;CHARTREUX (des);50,1183520;1,8379730
35468;202000039383;8;12;2020;08:45;1;27;27539;2;1;5;6;Rue des Etangs;49,1126400;1,3948880
35469;202000039384;28;7;2020;17:55;1;77;77243;2;1;1;6;STADE  (AVENUE DU);48,8733700;2,7217200
35470;202000039386;27;7;2020;17:30;1;76;76451;2;9;1;3;CD 31 (CHEMIN DE CLERES);49,4572945;1,0947892
35471;202000039387;7;12;2020;17:20;1;33;33162;1;1;2;2;ROCADE A 630;44,8779800; -0,6303600
35472;202000039388;4;12;2020;19:20;5;59;59646;1;1;1;2;ROUTE DEPARTEMENTALE 652;50,6828460;3,1163210
35473;202000039389;27;7;2020;08:08;1;76;76351;2;2;1;2;BIGNE A FOSSE;49,5236900;0,1126000
35474;202000039390;27;7;2020;19:52;1;71;71153;2;1;1;7;EUROPE (AVENUE DE L');46,8083058;4,4204371
35475;202000039391;7;12;2020;08:00;1;78;78423;1;1;1;-1;RN12;48,7943370;2,0501450
35476;202000039392;27;7;2020;17:15;1;64;64445;2;1;7;4;EUROPE DE L';43,3295000; -0,3535000
35477;202000039393;7;12;2020;18:30;3;77;77373;1;1;2;7;RN104;48,7739780;2,6118710
35478;202000039394;23;6;2020;10:35;1;64;64445;2;3;1;6;CAMOU;43,2998000; -0,3792400
35479;202000039395;7;12;2020;01:05;4;988;98818;2;4;1;6;VE1/VE1 direction MONT-DORE; -22,2244000;166,4677900
35480;202000039396;27;7;2020;16:05;1;64;64122;2;1;7;1;GRAMMONT (AVENUE - IMPASSE);43,4739000; -1,5547700
35481;202000039398;5;12;2020;21:47;4;973;97302;2;3;1;3;BADUEL (ROUTE DE);4,9342455; -52,3110281
35482;202000039399;27;7;2020;21:50;2;64;64024;2;1;1;3;ESPAGNE (AVENUE D');43,4803100; -1,5154300
35483;202000039400;6;12;2020;10:45;1;69;69383;2;1;1;5;FELIX FAURE                         (AV);45,7546900;4,8677900
35484;202000039401;23;7;2020;18:40;1;63;63113;2;2;1;4;MITTERRAND (BD FRANCOIS);45,7708658;3,0874170
35485;202000039402;6;12;2020;03:00;3;972;97213;1;1;1;2;AUTOROUTE A1;14,6166000; -61,0159300
35486;202000039403;6;12;2020;02:15;5;972;97209;2;9;1;6;AVE CAMILLE DARSIERES;14,5960100; -61,0592800
35487;202000039404;28;7;2020;14:15;1;61;61001;2;6;1;3;BASINGSTOKE (AVENUE DE);48,4446100;0,0991310
35488;202000039407;27;7;2020;16:20;1;59;59646;2;6;1;5;JAURES (RUE JEAN);50,6792800;3,1361670
35489;202000039408;5;12;2020;12:30;1;91;91479;2;1;1;2;AV DE VERDUN;48,7056580;2,3599130
35490;202000039409;10;7;2020;01:24;3;57;57631;2;1;1;7;GROSBLIEDERSTROFF (RUE) A1-A2;49,1140000;7,0459000
35491;202000039410;5;12;2020;18:30;5;77;77152;1;3;2;3;DEPARTEMENTALE 142;48,5085600;2,6028000
35492;202000039411;26;7;2020;17:53;1;54;54304;2;9;1;3;RESISTANCE (AV. DE LA -IMPAIR-);48,6947210;6,1272115
35493;202000039412;1;12;2020;14:35;1;77;77320;1;1;8;2;D 934 (SORTIE MOUROUX AERODROME);48,8310700;3,0150200
35494;202000039413;27;7;2020;14:50;1;54;54395;2;3;1;6;POIREL (RUE VICTOR);48,6908736;6,1763871
35495;202000039414;6;12;2020;14:50;1;69;69282;2;3;8;2;JEAN JAURES                         (R );45,7741600;5,0181400
35496;202000039415;6;12;2020;02:05;5;69;69029;2;1;1;6;JEAN VOILLOT                        (R );45,7329600;4,9018000
35497;202000039416;27;7;2020;20:45;2;50;50129;2;4;2;3;NORMANDIE (AVENUE);49,6269400; -1,6354500
35498;202000039417;5;12;2020;16:49;2;69;69091;1;1;1;3;MORNANT (DE) (RTE);45,5882900;4,7362900
35499;202000039418;28;7;2020;00:41;3;49;49015;2;1;1;3;MENDES FRANCE AVENUE PIERRE;47,4939500; -0,5788700
35500;202000039419;27;7;2020;22:42;3;49;49007;2;1;2;7;MEIGNANNE;47,4764200; -0,5665000
35501;202000039420;6;12;2020;21:07;5;65;65440;2;1;2;2;DREYT (RUE GASTON);43,2321000;0,0652500
35502;202000039421;6;12;2020;17:45;5;59;59599;2;1;1;6;GAND (RUE DE);50,7332200;3,1611700
35503;202000039422;27;7;2020;09:15;1;49;49007;2;1;1;3;LA ROCHEFOUCAULT PLACE;47,4745300; -0,5589300
35504;202000039423;27;7;2020;07:45;1;49;49007;2;1;1;3;RABELAIS;47,4590560; -0,5453464
35505;202000039424;6;12;2020;07:41;3;56;56260;1;1;1;6;RN 165 -SENS NANTES / LORIENT-;47,6657700; -2,7248500
35506;202000039425;28;7;2020;22:06;5;44;44109;2;1;1;6;Boulevard Henry Orrion;47,2331000; -1,5584000
35507;202000039426;6;12;2020;13:37;1;54;54483;2;3;1;5;VILLE EN VERMOIS (ROUTE DE);48,6210380;6,2830370
35508;202000039427;27;7;2020;19:10;1;44;44132;2;1;2;3;PETIT CANON (AVENUE DU);47,2556750; -2,3036900
35509;202000039428;5;12;2020;20:00;5;33;33281;2;1;8;3;AVE DE L'YSER;44,8416400; -0,6662400
35510;202000039429;11;7;2020;00:11;5;42;42218;2;2;1;3;Rue du Lieutenant Morin;45,4366600;4,3925700
35511;202000039430;16;6;2020;18:29;1;42;42218;2;4;1;6;Boulevard Jules Janin;45,4486420;4,3905473
35512;202000039431;6;12;2020;10:52;1;29;29039;2;3;1;1;Rue de Quimper;47,8863248; -3,9196921
35513;202000039432;28;7;2020;13:50;1;42;42127;1;6;1;6;Route de Bonvert;46,0833367;4,0740676
35514;202000039433;6;12;2020;20:00;5;27;27229;2;1;2;6;ARGENCE (RUE D');49,0343430;1,1635700
35515;202000039434;28;7;2020;20:25;1;37;37261;2;2;1;3;DE LATTRE DE TASSIGNY (BOULEVARD DE);47,3835971;0,6961958
35516;202000039435;28;7;2020;15:30;1;35;35278;1;1;1;6;ROCADE 14-13b;48,1417340; -1,6707610
35517;202000039438;15;7;2020;19:10;1;33;33162;2;2;1;3;AVE DU TAILLAN-MEDOC / RUE DU 19 MARS 1962 / RUE ANDRE BLANC;44,8771400; -0,6424800
35518;202000039439;26;7;2020;21:45;5;33;33063;2;5;1;3;RUE CAMILLE GODARD / RUE DU JARDIN PUBLIC;44,8550400; -0,5738600
35519;202000039440;26;7;2020;18:40;1;33;33063;2;3;1;6;CRS VICTOR HUGO / RUE DU MIRAIL;44,8350405; -0,5713249
35520;202000039441;28;7;2020;17:30;1;33;33529;2;1;1;2;LECLERC (AVE DU GAL) DU 02 ET +;44,6384500; -1,1449700
35521;202000039442;28;7;2020;10:15;1;31;31555;2;1;1;6;ALL JULES GUESDE;43,5931100;1,4445100
35522;202000039443;28;7;2020;02:00;5;31;31555;2;1;2;6;ALL CHARLES DE FITTE;43,6007400;1,4286800
35523;202000039444;27;7;2020;16:12;1;31;31555;2;3;1;3;AV DE GRANDE BRETAGNE;43,6038500;1,4070000
35524;202000039447;28;7;2020;15:10;1;29;29019;2;8;1;6;D205 - Boulevard de l'Europe;48,4163900; -4,4679600
35525;202000039449;27;7;2020;15:10;1;29;29019;2;1;1;1;D3 - Rue de Kervao;48,4233800; -4,5101900
35526;202000039450;28;7;2020;12:05;1;27;27681;2;2;1;2;CHAMBRAY (ROUTE DE);49,0935900;1,4618700
35527;202000039451;28;7;2020;07:40;1;17;17333;2;2;1;3;TOURTET (AV. LT COLONEL);45,6088400; -0,9945500
35528;202000039452;28;7;2020;14:40;1;17;17300;1;1;1;3;DELMAS   BOULEVARD EMILE;46,1605630; -1,2203380
35529;202000039453;26;7;2020;20:45;1;14;14366;2;1;1;2;HERBET FOURNET (BOULEVARD);49,1587713;0,2276489
35530;202000039454;29;7;2020;23:50;5;13;13208;2;1;1;1;PERIER (BOULEVARD);43,2781560;5,3765400
35531;202000039455;28;7;2020;16:00;1;13;13202;2;2;1;6;MADRAGUE (TRAVERSE);43,3304290;5,3590600
35532;202000039456;28;7;2020;09:00;1;13;13209;1;1;1;3;COL DE LA GINESTE D559;43,2469640;5,4521390
35533;202000039457;28;7;2020;07:00;2;13;13209;2;1;1;3;MORGIOU (chemin de );43,2345700;5,4114700
35534;202000039458;28;7;2020;09:10;1;11;11069;1;1;2;1;MINERVOISE -ROUTE-;43,2246000;2,3683000
35535;202000039459;19;7;2020;23:00;5;08;08105;2;3;1;3;FOREST AVENUE;49,7700000;4,7200000
35536;202000039460;27;7;2020;12:10;1;06;06027;2;1;1;6;NICE AVENUE DE (RN7);43,6555100;7,1528600
35537;202000039461;28;7;2020;02:24;5;06;06004;2;2;1;-1;PEYREGOUE CH.DE LA;43,5837000;7,1064700
35538;202000039462;25;9;2020;22:40;3;91;91421;2;1;1;7;REPUBLIQUE (AVENUE DE LA);48,7003800;2,4671300
35539;202000039463;25;9;2020;18:40;1;91;91027;2;9;1;3;VOIE VERTE (RUE DE LA);48,6988900;2,3619800
35540;202000039464;24;9;2020;17:40;1;91;91339;1;1;1;2;BENOIST ROBERT (AVENUE);48,6200000;2,2600000
35541;202000039465;24;9;2020;09:00;1;87;87085;2;2;2;3;BORIE (BOULEVARD DE LA);45,8399400;1,2344100
35542;202000039466;24;9;2020;22:53;5;87;87085;2;3;2;2;RUBEN (AVENUE ERNEST);45,8235400;1,2511500
35543;202000039467;24;9;2020;12:02;1;87;87085;1;1;2;6;AUTOROUTE A20;45,8589100;1,2843200
35544;202000039468;25;9;2020;08:40;1;83;83137;2;3;8;3;BROSSET (BD GENERAL);43,1290700;5,9059700
35545;202000039469;25;9;2020;20:05;2;82;82121;2;1;1;3;BRIAND (RUE ARISTIDE);44,0164570;1,3465936
35546;202000039470;24;9;2020;17:40;1;80;80021;2;1;1;3;EDOUARD LUCAS (RUE);49,8980800;2,2701140
35547;202000039471;21;9;2020;12:55;1;78;78498;2;2;1;3;SAINT LOUIS RUE;48,9299350;2,0369280
35548;202000039472;23;9;2020;12:20;1;78;78498;2;2;1;6;DEVAUX BD;48,9327000;2,0501000
35549;202000039473;24;9;2020;15:40;1;77;77122;2;1;8;6;CHENE(RUE DU) - D48;48,6615300;2,5821900
35550;202000039474;25;9;2020;06:05;5;77;77284;2;9;1;3;BAYARD (BD.DU CHEVALIER);48,9544300;2,9144800
35551;202000039475;25;9;2020;04:10;5;76;76575;1;2;1;3;LENINE. BOULEVARD;49,3679200;1,1106700
35552;202000039476;24;9;2020;16:40;1;76;76351;2;2;2;6;JULES TELLIER;49,4984500;0,1269400
35553;202000039478;25;9;2020;12:00;1;73;73065;1;1;2;3;N201 VOIE RAPIDE URBAINE;45,5788729;5,9170121
35554;202000039479;24;9;2020;22:10;3;71;71497;1;1;9;1;Route Départementale 906;46,3465919;4,8484898
35555;202000039480;24;9;2020;17:50;1;71;71153;2;1;8;3;PRESIDENT WILSON (RUE DU);46,7985021;4,4363094
35556;202000039481;16;6;2020;12:15;1;55;55029;2;1;1;7;POPEY ( RUE DE );48,7693800;5,1742700
35557;202000039482;25;9;2020;15:45;1;69;69266;2;2;1;6;POUDRETTE     (Rue de la);45,7605180;4,9205695
35558;202000039483;29;6;2020;13:57;1;54;54395;2;2;1;3;TIERCELINS (RUE DES);48,6904614;6,1883502
35559;202000039485;28;6;2020;13:40;1;50;50602;2;3;1;1;EST (BOULEVARD DE L');49,6364800; -1,5961400
35560;202000039486;22;9;2020;07:00;2;69;69282;2;6;8;-1;REPUBLIQUE (DE)                     (R );45,7680800;4,9915800
35561;202000039487;29;6;2020;20:48;2;49;49007;2;1;1;3;FOCH BOULEVARD;47,4683400; -0,5501400
35562;202000039488;25;9;2020;08:30;1;69;69266;2;1;8;3;EMILE ZOLA     (Cours);45,7704284;4,8745946
35563;202000039489;29;6;2020;10:32;1;49;49007;2;1;1;3;BEAUSSIER BOULEVARD;47,4687700; -0,6002400
35564;202000039490;24;9;2020;09:00;1;69;69256;2;3;2;3;PAUL MARCELLIN                      (AV);45,7740600;4,9323200
35565;202000039491;26;6;2020;16:08;1;47;47001;2;1;1;6;SCALIGER (BOULEVARD);44,2075200;0,6164500
35566;202000039492;29;6;2020;14:30;1;38;38185;2;1;1;6;Cours de la Libération;45,1681700;5,7122600
35567;202000039493;25;9;2020;07:30;1;69;69264;2;3;1;6;Boulevard Louis Blanc;45,9847900;4,7204900
35568;202000039494;29;6;2020;10:00;1;38;38151;2;1;1;-1;Avenue de Grugliasco;45,1507000;5,7101000
35569;202000039495;24;9;2020;16:48;1;67;67180;2;1;1;6;FERME FALK (RUE DE LA);48,8098429;7,7840495
35570;202000039496;30;6;2020;14:10;1;37;37261;2;1;1;6;CHEVALLIER (RUE AUGUSTE);47,3775228;0,6795630
35571;202000039498;27;6;2020;10:00;1;35;35288;2;3;1;6;52 Rue de la Balue;48,6265300; -2,0019800
35572;202000039499;23;9;2020;17:35;1;66;66136;2;1;1;6;GIRAL (ALLEE AIME);42,7152800;2,8936100
35573;202000039500;25;6;2020;17:50;1;35;35115;2;1;1;2;12 Boulevard de Saint Germain;48,3572411; -1,2045008
35574;202000039501;22;9;2020;11:10;1;64;64483;2;1;2;6;HUGO VICTOR (BOULEVARD);43,3874800; -1,6615600
35575;202000039502;30;6;2020;20:30;1;34;34172;2;1;1;2;TOULOUSE (AVENUE DE;43,6004200;3,8675100
35576;202000039503;25;9;2020;23:00;5;64;64445;2;1;2;7;PHILIPPON;43,3256200; -0,3604700
35577;202000039504;30;6;2020;16:02;1;34;34172;2;1;1;7;APOTHICAIRES (AVENUE DES);43,6418992;3,8349856
35578;202000039505;1;9;2020;20:05;1;64;64445;2;1;7;7;LEON BERARD;43,3132000; -0,3690600
35579;202000039506;23;9;2020;16:07;1;63;63113;2;2;1;6;FALLIERES (RUE ARMAND);45,7893025;3,0627836
35580;202000039507;30;6;2020;09:00;1;34;34172;2;1;1;3;LIBERTE (AVENUE DE LA;43,6119000;3,8248600
35581;202000039508;23;9;2020;08:45;1;62;62193;2;6;2;3;ST EXUPERY (AVENUE);50,9464600;1,8936600
35582;202000039509;30;6;2020;08:45;1;33;33063;2;1;1;2;AVE DU MAL DE LATTRE DE TASSIGNY CAUD;44,8596747; -0,6321660
35583;202000039510;25;9;2020;10:00;1;62;62041;2;1;2;6;DUMETZ ( DU COMMANDANT );50,2833400;2,7845600
35584;202000039511;23;6;2020;17:15;1;33;33281;2;1;1;3;AVE FRANCOIS MITTERRAND;44,8119384; -0,7109778
35585;202000039512;24;9;2020;21:15;5;60;60159;2;3;1;3;PARIS (DE);49,4114000;2,8183700
35586;202000039513;28;6;2020;05:00;5;33;33063;2;1;1;6;RUE GIACOMO MATTEOTI;44,8320000; -0,5437000
35587;202000039514;24;9;2020;07:40;1;59;59017;2;1;1;6;DEPORTES (RUE DES);50,6857426;2,8915983
35588;202000039515;30;6;2020;11:30;1;29;29232;2;1;2;7;Avenue Leon Blum;47,9835500; -4,0755700
35589;202000039516;24;9;2020;17:40;1;58;58194;2;1;1;2;BERNARD PALISSY;46,9856000;3,1745000
35590;202000039517;25;9;2020;10:15;1;54;54395;2;1;1;2;CHARLES V (BOULEVARD);48,7000000;6,1761300
35591;202000039518;29;6;2020;13:20;1;29;29232;2;3;1;2;Rue Saint Marc;47,9963200; -4,1096600
35592;202000039519;24;6;2020;08:05;1;17;17306;2;1;1;6;Rue Gambetta;45,6240600; -1,0289800
35593;202000039520;1;7;2020;00:00;4;14;14118;2;1;1;6;LEBISEY (RUE DE);49,1947630; -0,3563340
35594;202000039522;4;9;2020;17:00;1;54;54547;2;1;1;4;BELGIQUE (RUE DE);48,6659000;6,1709800
35595;202000039523;30;6;2020;20:03;1;13;13210;2;1;1;6;L ARMEE D AFRIQUE (CHEMIN DE L');43,2867570;5,4141780
35596;202000039524;25;9;2020;17:35;1;51;51454;2;1;3;7;Rue de Solférino;49,2662312;4,0507993
35597;202000039526;30;6;2020;18:50;1;13;13214;2;1;1;1;DANIELLE CASANOVA PROLONGE (BD);43,3287090;5,3755090
35598;202000039527;25;9;2020;08:20;1;51;51454;2;2;1;7;Boulevard Lundy;49,2581431;4,0383072
35599;202000039528;30;6;2020;17:15;1;13;13213;2;1;1;3;ALPHONSE DAUDET (RUE);43,3215900;5,4117500
35600;202000039530;24;9;2020;09:30;1;50;50173;2;2;2;3;SALINE (BOULEVARD DE LA);49,6539000; -1,6490900
35601;202000039531;30;6;2020;15:50;1;13;13202;2;3;1;2;LITTORAL (CHEMIN DU);43,3278694;5,3549453
35602;202000039532;22;9;2020;20:30;2;49;49007;2;1;1;3;LAFAYETTE PLACE;47,4624993; -0,5538225
35603;202000039533;29;6;2020;19:00;1;13;13203;2;4;1;6;BELLE DE MAI (RUE);43,3096220;5,3825350
35604;202000039534;24;9;2020;07:10;2;49;49007;2;6;1;3;CHAUVIRE RUE ET SQUARE;47,4718400; -0,5671400
35605;202000039535;29;6;2020;14:42;1;10;10387;2;5;1;3;MARECHAL DE LATTRE DE TASSIGNY (RUE DU);48,3053800;4,0925300
35606;202000039536;25;9;2020;06:20;5;46;46042;1;1;9;3;départementale 653 (cahors - montcuq);44,4146800;1,4343700
35607;202000039537;1;2;2020;19:45;3;06;06088;2;1;1;6;MADELEINE (BD DE LA);43,7034000;7,2350000
35608;202000039539;30;6;2020;07:05;1;06;06069;2;6;1;6;SEMARD (AVENUE PIERRE);43,6559700;6,9247200
35609;202000039540;25;9;2020;16:25;1;37;37261;2;1;2;7;ROND POINT EMMAUS;47,4301551;0,7052488
35610;202000039541;30;6;2020;00:04;5;06;06069;2;1;1;1;Route de Cannes;43,6449000;6,9410000
35611;202000039544;25;9;2020;08:00;1;37;37261;2;9;1;6;HEURTELOUP (BOULEVARD);47,3921288;0,7004766
35612;202000039545;28;6;2020;11:00;1;06;06027;2;1;1;3;PLAGE BOULEVARD DE LA;43,6496000;7,1510000
35613;202000039546;24;9;2020;22:53;3;37;37195;2;1;8;7;PROUDHON (AVENUE);47,3893324;0,6470353
35614;202000039549;29;6;2020;09:35;1;04;04112;1;4;1;1;RD 907 / RD 6;43,8323464;5,7622939
35615;202000039550;24;9;2020;17:15;1;37;37122;2;2;1;1;JAURES (BOULEVARD JEAN);47,3477029;0,6556795
35616;202000039551;30;6;2020;19:50;1;75;75117;2;1;1;3;PORTE DE CHAMPERRET;48,8851930;2,2873020
35617;202000039552;24;9;2020;13:00;1;37;37261;2;1;2;7;CHEVALLIER (RUE AUGUSTE);47,3839814;0,6782207
35618;202000039553;30;6;2020;14:35;1;75;75119;2;1;1;3;PORTE DE PANTIN;48,8917770;2,3955620
35619;202000039554;24;9;2020;09:00;1;37;37214;1;1;9;4;RD 37;47,4273739;0,6381326
35620;202000039555;30;6;2020;13:15;1;75;75120;2;1;1;5;BOULEVARD PERIPHERIQUE INTERIEUR NORD  ;48,8772180;2,4089280
35621;202000039556;24;9;2020;14:10;1;35;35288;2;6;2;6;DEMALVILLAIN LEONCE (BOULEVARD);48,6317360; -2,0010030
35622;202000039557;29;6;2020;11:40;1;75;75120;2;4;1;4;PORTE DE MONTREUIL;48,8491450;2,4151400
35623;202000039558;25;9;2020;22:20;5;35;35238;2;1;1;6;BRETAGNE (PLACE DE);48,1092930; -1,6845560
35624;202000039559;29;6;2020;22:40;5;75;75114;2;7;1;7;PLACE DENFERT ROCHEREAU;48,8339330;2,3313480
35625;202000039560;25;9;2020;15:05;1;35;35238;1;1;2;2;PORTE DE VILLEJEAN;48,1322100; -1,7082000
35626;202000039561;30;6;2020;18:30;1;75;75118;2;2;1;6;RUE LABAT;48,8894890;2,3495940
35627;202000039562;25;9;2020;08:15;1;35;35238;2;1;2;3;MONTS D'ARREE (AVENUE DES);48,1356922; -1,6601126
35628;202000039563;30;6;2020;00:35;5;75;75118;2;2;1;6;BOULEVARD NEY;48,8987140;2,3703600
35629;202000039564;25;9;2020;20:13;5;34;34172;2;1;2;6;FLAHAULT (AVENUE CHARLES;43,6191500;3,8658400
35630;202000039565;30;6;2020;17:20;1;75;75117;2;1;8;2;BOULEVARD BERTHIER;48,8940380;2,3130370
35631;202000039566;25;9;2020;09:40;1;34;34172;2;1;1;-1;FLAHAULT (AVENUE CHARLES;43,6236900;3,8621800
35632;202000039567;30;6;2020;09:30;1;75;75117;2;1;1;2;RUE FLOREAL;48,9002740;2,3200650
35633;202000039568;22;9;2020;17:55;1;34;34172;2;3;1;1;NIMES (AVENUE DE);43,6235300;3,8922100
35634;202000039569;24;9;2020;17:10;1;34;34336;1;1;1;7;SERIGNAN (ANCIENNE ROUTE DE);43,3082200;3,2783500
35635;202000039570;30;6;2020;00:10;5;75;75113;2;2;1;3;RUE DE TOLBIAC;48,8259440;2,3452140
35636;202000039571;26;9;2020;00:50;5;33;33069;2;2;8;2;ALL DE BOUTAUT / RUE RIGAL;44,8687200; -0,5761200
35637;202000039572;30;6;2020;19:45;1;75;75112;2;3;1;3;AVENUE DAUMESNIL;48,8399490;2,4321400
35638;202000039573;25;9;2020;23:50;5;33;33192;2;1;2;6;RUE DES AUBEPINES;44,7891200; -0,6087700
35639;202000039574;30;6;2020;14:40;1;75;75112;2;4;1;6;RUE RONDELET;48,8471490;2,3850010
35640;202000039575;30;6;2020;13:50;1;75;75111;2;1;8;3;RUE DE MONTREUIL;48,8512160;2,3978550
35641;202000039576;25;9;2020;19:00;1;33;33063;2;2;2;4;RUE STEHELIN CAUD / RUE DELACROIX / RUE CARTON;44,8570500; -0,6321800
35642;202000039577;30;6;2020;09:30;1;75;75111;2;3;8;3;BOULEVARD BEAUMARCHAIS;48,8594770;2,3676150
35643;202000039578;24;9;2020;19:40;5;33;33063;2;1;3;6;BD MARECHAL LECLERC;44,8302000; -0,5967300
35644;202000039579;30;6;2020;09:25;1;75;75110;2;2;1;3;RUE LA FAYETTE;48,8807230;2,3624200
35645;202000039580;30;6;2020;14:55;1;75;75108;2;5;8;7;RUE DE SAINT PETERSBOURG;48,8806980;2,3247830
35646;202000039581;30;6;2020;09:00;1;75;75108;2;2;1;2;RUE DU FAUBOURG SAINT HONORE;48,8765480;2,3016930
35647;202000039582;29;6;2020;16:50;1;75;75108;2;1;1;1;COURS ALBERT 1ER;48,8645680;2,3088170
35648;202000039583;30;6;2020;16:45;1;75;75114;2;1;1;5;RUE DE GERGOVIE;48,8346510;2,3130700
35649;202000039584;24;9;2020;01:45;5;33;33522;2;1;1;6;Boulevard GEORGE V;44,8220200; -0,5841300
35650;202000039585;30;6;2020;14:00;1;75;75101;2;2;1;6;RUE DES PETITS CHAMPS;48,8669780;2,3358740
35651;202000039586;15;9;2020;17:30;1;33;33281;1;2;1;5;AVE DE LA GRANGE NOIRE  / AVE MAURICE LEVY;44,8507300; -0,6784700
35652;202000039587;29;6;2020;15:30;1;94;94068;2;3;1;6;LIBERATION (AV DE LA);48,8071800;2,4755300
35653;202000039589;30;6;2020;19:40;1;94;94043;2;2;1;-1;SEVERINE (R);48,8081200;2,3570200
35654;202000039590;25;9;2020;14:15;1;33;33009;2;2;3;2;GAMBETTA (AVE) DU 30 ET +;44,6585700; -1,1682800
35655;202000039591;30;6;2020;10:20;1;94;94021;2;1;1;2;STALINGRAD (AV DE);48,7694540;2,3678930
35656;202000039592;24;9;2020;16:25;1;31;31557;2;1;1;3;LARRAMET (CH DE);43,5607100;1,3516900