;Num_Acc;jour;mois;an;hrmn;lum;dep;com;agg;int;atm;col;adr;lat;long
35657;202000039593;30;6;2020;13:55;1;94;94028;2;1;1;3;PARIS.(RUE DE);48,7949840;2,4594300
35658;202000039594;24;9;2020;19:00;1;31;31555;2;1;1;3;RUE EMILE HEYBRARD;43,6081900;1,4092200
35659;202000039595;29;6;2020;12:30;1;94;94028;2;1;1;2;Avenue du Maréchal Foch;48,7812800;2,4376000
35660;202000039596;24;9;2020;17:24;1;31;31555;2;1;1;6;LARDENNE (AV DE);43,5928600;1,4033300
35661;202000039597;30;6;2020;00:00;5;93;93066;2;1;1;5;CACHIN MARCEL (AVENUE);48,9385608;2,3702948
35662;202000039598;30;6;2020;10:20;1;93;93053;2;1;1;6;ANATOLE FRANCE (RUE);48,8847739;2,4415290
35663;202000039599;24;9;2020;15:30;1;31;31555;1;1;1;4;VA007331 A620;43,5993900;1,3972700
35664;202000039600;30;6;2020;18:30;1;93;93049;2;2;1;6;MARECHAL FOCH (AVENUE) F.BUISSON->PL J.M;48,8635000;2,5012000
35665;202000039603;30;6;2020;20:45;1;93;93010;2;9;1;-1;GALLIENI (AV.) DE 177 A 211;48,9066572;2,4853115
35666;202000039604;25;9;2020;13:55;1;30;30189;1;9;1;1;PUITS DE ROULLE (CHEMIN OU IMPASSE);43,8301300;4,3326600
35667;202000039606;24;9;2020;09:00;1;30;30189;2;3;1;3;AERODROME (CHEMIN);43,8516000;4,4079000
35668;202000039607;29;6;2020;20:30;1;93;93007;2;2;1;3;CONCORDE (RUE DE LA);48,9373505;2,4631798
35669;202000039608;25;9;2020;20:00;2;29;29039;2;3;1;3;Avenue Alain le Lay;47,8774237; -3,9138114
35670;202000039609;29;6;2020;19:24;1;93;93001;2;2;1;3;R ANDRE KARMAN / R DES ECOLES;48,9061000;2,3842000
35671;202000039610;25;9;2020;17:15;1;29;29039;1;2;1;3;D44 - Chemin de Langoat;47,9207976; -3,9171946
35672;202000039611;29;6;2020;18:40;1;93;93001;2;2;1;3;R DU GOULET / R VILLEBOIS MAREUIL;48,9121300;2,3774500
35673;202000039612;25;9;2020;12:35;1;29;29019;2;3;1;3; Rue de Gouesnou;48,4063918; -4,4676382
35674;202000039613;30;6;2020;22:00;2;92;92051;2;2;1;3;SEINE (PORTE DE LA);48,8762000;2,2464000
35675;202000039614;26;9;2020;01:09;5;25;25056;2;1;8;6;ALLENDE  BOULEVARD SALVADOR;47,2181900;5,9682000
35676;202000039615;30;6;2020;17:10;1;92;92062;2;1;1;6;JAURES (RUE JEAN) DU 165 AU 99;48,8818000;2,2390000
35677;202000039616;30;6;2020;17:35;1;92;92007;2;1;1;3;DORMOY AVENUE MARX N°2 A 100;48,8101100;2,3144300
35678;202000039617;29;6;2020;19:10;1;92;92036;2;4;1;1;PRINCIPALE DU PORT (ROUTE) (19/+);48,9407430;2,2923330
35679;202000039618;24;9;2020;14:15;1;24;24322;2;3;1;3;POMPIDOU (AVENUE GEORGES);45,1884000;0,7226500
35680;202000039620;25;9;2020;21:15;5;17;17291;2;3;1;3;LOGIS   RUE DU;46,1885000; -1,1216600
35681;202000039621;30;6;2020;18:30;1;92;92026;2;3;1;3;JOFFRE ( DE 52 A FIN ET DE 61 A FIN );48,9005890;2,2752570
35682;202000039622;24;9;2020;14:30;1;14;14366;2;3;1;7;HENRY CHERON (RUE);49,1459600;0,2271700
35683;202000039623;28;6;2020;14:40;1;92;92025;2;1;1;2;CHARLES DE GAULLE (BD);48,9148300;2,2284140
35684;202000039624;25;9;2020;19:40;2;13;13203;2;1;1;3;NATIONAL (BOULEVARD);43,3019900;5,3872600
35685;202000039625;30;6;2020;11:20;1;92;92024;2;1;1;3;FOURNIER (RUE);48,9063470;2,2971260
35686;202000039626;25;9;2020;17:50;1;13;13213;2;1;1;6;ALBERT EINSTEIN (RUE);43,3333494;5,4307484
35687;202000039627;30;6;2020;20:16;1;92;92023;2;9;1;7;BOURGEOIS (VILLA);48,8004450;2,2689320
35688;202000039628;25;9;2020;13:15;1;13;13206;2;2;1;3;BONS ENFANT (RUE DES);43,2893000;5,3883000
35689;202000039629;1;7;2020;10:20;1;91;91086;1;1;1;4;38 Rue Napoleon Bonaparte;48,6141410;2,3909170
35690;202000039630;1;7;2020;16:10;1;10;10248;1;1;1;2;D'141;48,3027800;3,9740680
35691;202000039631;11;9;2020;21:00;5;13;13203;2;2;1;3;BRIANCON (BOULEVARD);43,3164531;5,3684507
35692;202000039632;1;7;2020;08:30;1;974;97422;1;1;7;6;Rue des Palmiers; -21,2922590;55,5263290
35693;202000039633;11;9;2020;21:00;5;13;13203;2;1;1;3;BRIANCON (BOULEVARD);43,3168060;5,3692750
35694;202000039634;1;7;2020;16:00;1;974;97401;1;1;1;3;59 Chemin Dep 11 le Brule; -21,2528770;55,3482520
35695;202000039635;25;9;2020;00:10;5;13;13210;2;1;1;6;PAUL CLAUDEL (BOULEVARD);43,2681500;5,4167100
35696;202000039636;1;7;2020;02:50;3;26;26353;1;1;1;2;1145 Route Nationale 7;44,6648380;4,7915840
35697;202000039637;30;6;2020;19:45;2;63;63048;1;1;1;6;D2089;45,6482321;2,6038805
35698;202000039638;24;9;2020;21:00;5;13;13205;2;2;1;3;SAKAKINI (BOULEVARD);43,2958400;5,4002600
35699;202000039639;24;9;2020;10:40;1;13;13207;2;1;1;6;Corniche John Fitzgérald Kennedy;43,2837301;5,3500489
35700;202000039640;16;6;2020;17:30;1;57;57690;2;6;1;3;Rue du Wenheck;49,0941910;6,7173400
35701;202000039641;30;6;2020;13:00;1;76;76454;1;1;8;6;A29;49,7379880;1,5453600
35702;202000039642;24;9;2020;16:50;1;11;11069;2;1;8;6;CHEMIN D'HERMINIS - GREZES -;43,2246800;2,2850900
35703;202000039644;25;9;2020;18:55;1;07;07281;2;1;1;2;GROSS-UMSTADT (AVENUE DE);44,9410311;4,8625965
35704;202000039645;28;6;2020;12:00;1;30;30030;1;1;1;6;D981;44,0601440;4,2625670
35705;202000039646;22;9;2020;08:45;1;07;07052;1;1;2;1;;44,9394940;4,7628650
35706;202000039647;29;6;2020;19:00;1;51;51237;1;3;7;1;D934;48,7209240;3,5369430
35707;202000039651;23;9;2020;06:55;2;75;75117;2;4;1;6;BOULEVARD PERIPHERIQUE;48,8830460;2,2836770
35708;202000039652;29;6;2020;10:50;1;32;32389;1;1;1;2;51 Route de Tarbes;43,5020130;0,3949820
35709;202000039653;30;6;2020;15:30;1;12;12238;1;1;1;6;Départementale 911;44,2378200;2,9602150
35710;202000039654;25;9;2020;10:42;1;75;75113;2;2;8;3;PORTE D ITALIE;48,8160370;2,3601140
35711;202000039655;29;6;2020;15:00;1;39;39449;1;3;1;7;;47,1532760;5,4870240
35712;202000039656;25;9;2020;22:00;5;75;75119;2;1;1;3;RUE CURIAL;48,8903960;2,3718080
35713;202000039657;25;6;2020;15:16;1;44;44005;1;1;1;6;La Biche;47,1547770; -1,8783830
35714;202000039658;25;9;2020;08:10;1;75;75119;2;2;2;3;AVENUE JEAN JAURES;48,8827640;2,3702930
35715;202000039659;30;6;2020;18:05;1;15;15138;1;1;1;3;départementale 3;45,1140420;2,8605600
35716;202000039660;25;9;2020;06:25;5;75;75119;2;1;1;6;BOULEVARD MACDONALD;48,8975910;2,3862260
35717;202000039661;1;7;2020;09:40;1;01;01034;2;1;1;6;57 Rue Saint Jean;45,7577140;5,6881390
35718;202000039662;1;7;2020;01:00;5;70;70429;2;1;1;6;12 Rue Ruffier d'Epenoux;47,6710950;6,1642960
35719;202000039663;25;9;2020;12:40;1;75;75116;2;3;2;3;AVENUE DE VERSAILLES;48,8491040;2,2754490
35720;202000039664;25;9;2020;12:00;1;75;75116;2;1;2;6;RUE PERGOLESE;48,8749460;2,2837010
35721;202000039665;28;6;2020;11:30;1;26;26005;1;9;1;3;24 bis route d'Aiguebelle ;44,4964900;4,7885800
35722;202000039666;25;9;2020;11:20;1;75;75116;2;2;2;2;AVENUE MOZART;48,8546840;2,2693870
35723;202000039668;25;9;2020;19:00;1;75;75115;2;3;1;6;RUE LECOURBE;48,8431870;2,3046170
35724;202000039669;1;7;2020;02:15;5;53;53010;2;9;1;6;17 Route d'Evron;48,1552950; -0,3255800
35725;202000039670;25;9;2020;12:05;1;75;75115;2;1;3;6;BOULEVARD DE GRENELLE;48,8497100;2,2963360
35726;202000039671;30;6;2020;22:00;3;24;24581;1;1;1;6;1245 Route de Perigueux;45,0294000;0,5549280
35727;202000039672;25;9;2020;08:20;1;75;75115;2;3;2;6;RUE DE VAUGIRARD;48,8435670;2,3146620
35728;202000039673;20;6;2020;17:45;1;24;24312;1;1;1;1;Route de Pomarede;45,1001300;0,8045660
35729;202000039674;24;9;2020;14:15;1;75;75115;2;3;2;1;AVENUE EMILE ZOLA;48,8462200;2,2794160
35730;202000039675;29;6;2020;22:00;3;04;04244;2;1;1;6;Chemin de Femuy;44,1153940;6,0074990
35731;202000039676;25;9;2020;13:30;1;75;75114;2;1;3;2;RUE DELAMBRE;48,8413680;2,3256340
35732;202000039678;29;6;2020;13:30;1;87;87095;1;9;1;6;Les trois fonds;45,5433890;1,4546800
35733;202000039679;25;9;2020;07:15;2;75;75114;2;1;2;6;RUE DELAMBRE;48,8416650;2,3277730
35734;202000039680;25;9;2020;15:18;1;75;75110;2;1;1;6;BOULEVARD DE LA VILLETTE;48,8728650;2,3758000
35735;202000039681;30;6;2020;16:30;1;37;37028;1;1;1;1;Cinge;46,8090992;0,9705439
35736;202000039682;24;9;2020;22:00;5;75;75109;2;2;2;6;RUE DE DOUAI;48,8812090;2,3361620
35737;202000039683;1;7;2020;06:00;3;37;37001;1;1;1;3;57 Route du Blanc;46,9623654;0,7054625
35738;202000039684;30;6;2020;10:51;1;63;63164;1;9;1;6;A71 , péage clermont-barrière , parking;45,8395566;3,1607887
35739;202000039685;25;9;2020;13:20;1;75;75117;2;1;2;3;BOULEVARD DE COURCELLES;48,8790520;2,3026690
35740;202000039686;29;6;2020;11:30;1;976;97607;1;1;1;3;N2; -12,8393140;45,1605780
35741;202000039687;29;6;2020;14:50;1;95;95039;2;1;1;6;30 Rue des Gords;49,0658220;2,1581972
35742;202000039689;25;9;2020;08:59;1;75;75108;2;1;2;7;AVENUE DES CHAMPS ELYSEES;48,8698180;2,3072750
35743;202000039690;28;6;2020;17:45;1;91;91661;2;2;1;3;19 Rue de Villiers;48,6972030;2,2467090
35744;202000039691;25;9;2020;09:10;1;75;75103;2;3;8;7;BOULEVARD BEAUMARCHAIS;48,8569480;2,3682270
35745;202000039692;30;6;2020;18:30;1;2A;2A247;1;9;1;6;T10;41,5978487;9,2669289
35746;202000039693;24;9;2020;18:25;1;75;75101;2;2;3;7;RUE DE L AMIRAL DE COLIGNY;48,8609090;2,3408520
35747;202000039694;1;7;2020;01:30;3;83;83042;1;1;1;7;D98;43,2425920;6,5309970
35748;202000039695;25;9;2020;13:00;1;94;94074;2;1;2;1;FERME (COUR DE LA);48,7700700;2,4416700
35749;202000039696;1;7;2020;13:00;1;83;83106;1;1;1;5;route departementale 43;43,3230230;6,0782290
35750;202000039697;25;9;2020;09:40;1;94;94078;2;3;2;7;THIMONNIER (R);48,7512600;2,4456600
35751;202000039698;1;7;2020;13:15;1;05;05134;1;1;1;4;N94;44,6397350;6,5686760
35752;202000039699;24;9;2020;13:15;1;94;94042;2;1;1;6;GENERAL GALLIENI (AV DU);48,8200780;2,4766830
35753;202000039700;25;9;2020;09:10;1;94;94046;2;1;2;7;GENERAL DE GAULLE (AV DU);48,8139900;2,4209400
35754;202000039701;1;7;2020;07:15;1;13;13092;1;1;1;4;D10;43,5356770;5,0474770
35755;202000039702;25;9;2020;22:30;5;94;94076;2;1;1;3;PARIS (AV DE);48,8065100;2,3633700
35756;202000039704;25;9;2020;07:45;1;94;94028;2;3;2;3;MATISSE(RUE HENRI);48,7825200;2,4586700
35757;202000039705;30;6;2020;15:15;1;73;73064;2;2;1;6;D1006 Avenue de chambery;45,5483690;5,9853280
35758;202000039706;25;9;2020;08:30;1;94;94069;2;1;2;1;SAINT MAURICE DU VALAIS (AV);48,8171000;2,4593710
35759;202000039708;24;9;2020;21:00;5;94;94002;2;2;2;-1;VICTOR HUGO (R);48,8050700;2,4157200
35760;202000039709;25;9;2020;14:00;1;93;93078;2;6;2;3;BD ROBERT BALLANGER / RTE DES PETITS PONTS;48,9611400;2,5565100
35761;202000039711;25;9;2020;15:00;1;93;93073;2;1;2;3;CHAPIT RE ( RUE DU);49,0062972;2,5578444
35762;202000039712;30;6;2020;18:50;1;09;09199;1;1;1;3;Montaut;43,2133626;1,6312649
35763;202000039714;25;9;2020;14:30;1;93;93064;2;1;2;6;MANOUCHIAN (RUE MISSAK);48,8641400;2,4966900
35764;202000039715;29;6;2020;16:30;1;33;33256;1;1;1;5;Chemin du Roy;44,9814200; -0,5925900
35765;202000039716;30;6;2020;12:45;1;85;85222;2;1;1;6;Quai Marcel Bernard;46,6955360; -1,9412700
35766;202000039717;25;9;2020;17:00;1;93;93046;2;1;8;3;JEAN JAURES BOULEVARD;48,9202327;2,5266699
35767;202000039718;1;7;2020;01:15;5;85;85097;2;1;2;7;Rue de la Frèrie;46,9383800; -1,0610400
35768;202000039719;25;9;2020;08:40;1;93;93074;2;1;2;2;R ALEXANDRE BOUCHER;48,9342000;2,5664500
35769;202000039720;1;7;2020;00:00;3;50;50444;1;1;2;6;Les Rouges Terres;49,0529758; -0,9260267
35770;202000039721;24;9;2020;18:10;1;93;93032;2;4;2;6;R DU GENERAL LECLERC / R DE LA MAISON ROUGE;48,8901374;2,5392589
35771;202000039722;30;6;2020;18:05;1;50;50099;2;3;8;6;1 Rue de l'Abreuvoir;49,3049260; -1,2456450
35772;202000039723;25;9;2020;15:10;1;93;93031;2;2;2;6;JOFFRE (AVENUE);48,9616276;2,2949474
35773;202000039724;25;9;2020;14:55;1;93;93027;2;1;2;7;SALENGRO (AVENUE ROGER);48,9380000;2,3883000
35774;202000039725;24;9;2020;21:55;3;93;93027;1;1;2;7;SALENGRO (AVENUE ROGER);48,9376200;2,3888200
35775;202000039726;23;6;2020;15:30;1;76;76203;1;3;7;3;D6015;49,6120860;0,8402130
35776;202000039727;25;9;2020;16:30;1;93;93047;2;1;1;6;BARGUE  (BOULEVARD);48,9006500;2,5573700
35777;202000039728;30;6;2020;20:00;1;13;13055;1;1;1;2;A507 sens Marseille - Aubagne;43,3261400;5,4211400
35778;202000039729;25;9;2020;10:55;1;93;93047;2;1;2;6;PECHES  (AVENUE DES);48,8984297;2,5604281
35779;202000039730;25;9;2020;18:20;1;93;93007;2;2;8;4;ARISTIDE BRIAND (AVENUE COTE IMPAIRS);48,9453100;2,4511600
35780;202000039731;25;9;2020;17:05;1;93;93005;2;1;2;6;CAMILLE PELLETAN (RUE);48,9439546;2,4953951
35781;202000039733;30;6;2020;05:53;2;13;13117;1;1;1;2;A7-Sens Marseille vers Lyon;43,4299000;5,2601000
35782;202000039735;25;9;2020;09:10;1;93;93001;2;2;2;6;R CHAPON / R DU COMMANDANT L'HERMINIER;48,9150900;2,3861100
35783;202000039736;29;6;2020;18:30;1;13;13106;1;1;1;4;A51-Sens Aix en Provence vers Marseille;43,4032500;5,3569100
35784;202000039737;25;9;2020;08:05;2;92;92064;2;1;2;7;LOUIS LOUCHEUR;48,8601002;2,2133893
35785;202000039739;25;9;2020;09:05;1;92;92051;2;9;9;3;CHARLES DE GAULLE (AVENUE, N°27 A 129);48,8802589;2,2737944
35786;202000039740;25;9;2020;13:10;1;92;92049;2;1;2;7;DORMOY AVENUE MARX N°2 A 100;48,8097700;2,3225800
35787;202000039741;29;6;2020;08:54;1;91;91687;1;1;1;4;AUTOROUTE A6;48,6639100;2,3658600
35788;202000039742;25;9;2020;19:45;5;92;92012;2;6;1;2;MARECHAL DE LATTRE DE TASSIGNY (AVENUE);48,8407283;2,2281432
35789;202000039743;30;6;2020;18:10;1;92;92063;1;1;1;3;A86;48,8892800;2,1684600
35790;202000039744;24;9;2020;12:00;1;92;92012;2;1;8;7;REINE (ROUTE DE LA) 1/37- 6/80;48,8391572;2,2461838
35791;202000039746;25;9;2020;07:40;2;92;92004;2;1;8;-1;MARNE   ( AVENUE DE LA );48,9072505;2,2829028
35792;202000039749;11;8;2020;11:28;1;974;97415;1;1;1;7;Route du Maïdo; -21,0260370;55,3224920
35793;202000039750;29;6;2020;10:20;1;95;95572;1;1;1;4;RN 184;49,0350900;2,1150100
35794;202000039751;24;9;2020;17:50;1;49;49082;1;1;8;6;D961;47,3208250; -0,7421510
35795;202000039752;26;9;2020;17:15;1;2A;2A272;2;1;6;6;D69;41,6246180;8,9807220
35796;202000039753;29;6;2020;09:00;1;93;93078;1;1;1;5;AUTOROUTE A104;48,9672500;2,5120600
35797;202000039754;25;9;2020;20:30;3;62;62811;1;1;1;6;D190;50,6384660;2,2391300
35798;202000039755;30;6;2020;17:15;1;94;94073;1;1;1;-1;A86 INT;48,7716646;2,3931443
35799;202000039756;26;9;2020;06:35;3;42;42176;2;1;1;6;Route de Renaison;46,0483580;3,9773830
35800;202000039758;26;9;2020;18:00;1;62;62408;1;1;3;6;D231;50,8614140;1,8327160
35801;202000039759;30;6;2020;11:30;1;94;94028;1;1;1;5;A86 EXT;48,8001614;2,4465546
35802;202000039760;21;6;2020;20:45;1;77;77294;1;1;2;6;A104;48,9670192;2,6049477
35803;202000039761;29;6;2020;19:30;1;69;69259;2;1;1;3;MARCEL SEMBAT                       (BD);45,7136000;4,8778000
35804;202000039762;25;9;2020;23:40;3;77;77398;1;1;2;7;D6;48,8599720;3,2901480
35805;202000039763;29;6;2020;12:50;1;69;69276;1;1;1;3;312                                     ;45,6767200;4,8488300
35806;202000039765;29;6;2020;18:30;1;69;69384;2;1;1;1;JOSEPH GILLET                       (QU);45,7850200;4,8156900
35807;202000039766;23;9;2020;13:30;1;19;19123;2;3;1;3;61 Avenue Pierre et Marie Curie;45,1681090;1,5548340
35808;202000039767;28;6;2020;20:00;1;69;69034;2;1;1;3;ST CLAIR (DE)                       (GR);45,7865500;4,8496500
35809;202000039769;27;6;2020;23:15;5;971;97101;2;1;1;5;PERRIN (SECTEUR);16,2378323; -61,5316451
35810;202000039770;25;9;2020;21:03;5;74;74225;2;3;2;1;Rue de la Foret;45,8670660;5,9360010
35811;202000039772;26;9;2020;04:30;3;33;33382;1;1;3;6;D250;45,1212380; -0,5251180
35812;202000039774;26;9;2020;12:00;1;71;71254;1;2;1;3;Route de Pierre;46,9167360;5,2488660
35813;202000039775;29;6;2020;13:37;1;95;95127;1;1;1;2;RN 14;49,0548448;2,0541243
35814;202000039777;29;6;2020;08:15;1;91;91549;2;1;1;3;BRETIGNY (AVENUE DE);48,6332380;2,3300340
35815;202000039778;26;9;2020;09:06;1;71;71378;2;1;8;6;Rue de Fagot;46,8762730;4,7456750
35816;202000039780;25;9;2020;17:15;1;63;63258;1;1;2;7;D906;45,6788400;3,6293510
35817;202000039781;29;6;2020;09:40;1;91;91345;2;1;1;6;Yvette rue de l';48,6945430;2,2921030
35818;202000039782;26;9;2020;04:50;5;55;55117;2;1;8;6;8 Route de Clermont;49,1168260;5,0965080
35819;202000039783;29;6;2020;08:40;1;91;91201;2;3;1;3;GENERAL DE GAULLE(BOULEVARD);48,6864800;2,4042200
35820;202000039784;1;7;2020;17:40;1;91;91021;2;1;1;4;JEAN JAURES (PASSAGE);48,5875220;2,2448480
35821;202000039785;26;9;2020;10:00;1;55;55127;1;1;3;6;D183;48,8329200;5,4522500
35822;202000039786;25;9;2020;07:25;2;12;12076;1;4;3;6;D901;44,6244500;2,3640310
35823;202000039787;27;6;2020;19:55;1;91;91103;2;3;2;3;SAUSAIE (RUE DE LA);48,5906200;2,2989500
35824;202000039788;26;9;2020;10:30;1;42;42082;1;1;2;6;D8;45,9057070;4,0085560
35825;202000039789;17;8;2020;21:15;3;86;86298;1;1;1;7;3 Rue du Bas Villiers;46,7200050;0,5503030
35826;202000039790;26;6;2020;18:50;1;88;88160;2;2;1;3;SEROT (Q. COLONEL-);48,1768600;6,4501800
35827;202000039791;26;9;2020;01:00;5;34;34109;2;1;1;7;Avenue de Roujan;43,5113320;3,2742640
35828;202000039792;28;6;2020;18:55;1;87;87085;1;1;1;7;SAINT GENCE (RUE DE) (RD218);45,8664000;1,1965200
35829;202000039793;28;6;2020;20:54;2;87;87085;2;3;2;6;CHURCHILL WINSTON (PLACE);45,8286800;1,2560000
35830;202000039794;25;9;2020;10:30;1;39;39470;1;1;2;3;;46,4939460;6,0443040
35831;202000039796;25;9;2020;21:40;3;44;44091;1;1;1;6;La Rouillais;47,5944320; -1,7104660
35832;202000039798;26;9;2020;14:30;1;03;03057;2;2;1;3;;46,6692878;3,5270323
35833;202000039799;26;9;2020;15:30;1;15;15266;1;1;2;1;36 Route de Semilhac;44,9219910;2,5143560
35834;202000039800;27;6;2020;17:16;1;87;87114;2;1;1;3;Rue Joseph Leyssene;45,8389700;1,3010400
35835;202000039801;26;9;2020;17:35;1;60;60617;2;3;6;6;Rue de Beaurains;49,6147644;2,9610664
35836;202000039803;26;9;2020;15:55;1;16;16023;1;1;1;6;Lieu dit es Chirons;45,9063600;0,2569630
35837;202000039804;18;8;2020;15:30;1;07;07330;1;1;1;3;;44,4097270;4,4069500
35838;202000039805;25;9;2020;15:50;1;28;28339;1;2;1;3;D125.2;48,4190830;1,2305760
35839;202000039807;26;9;2020;05:30;2;95;95042;2;1;1;6;Rue Jean Nicolas;49,0640890;2,2996830
35840;202000039808;26;9;2020;04:35;3;07;07241;1;1;1;1;D103;44,5565236;4,4544685
35841;202000039809;26;9;2020;14:25;1;86;86088;1;1;1;7;Échangeur N10 / A10;46,5448690;0,2980420
35842;202000039811;26;9;2020;11:05;1;988;98803;1;4;1;6;RPS20/RM2; -21,5907640;165,4217000
35843;202000039813;26;9;2020;03:45;5;91;91661;2;6;1;6;D59;48,7038730;2,2557270
35844;202000039814;26;9;2020;09:30;1;06;06065;2;3;1;1;Route de Cagnes;43,7160450;7,1533900
35845;202000039815;26;9;2020;13:45;1;73;73187;1;1;2;3;RN 90;45,5465158;6,4668745
35846;202000039816;26;9;2020;09:37;1;26;26064;1;1;1;6;2020 Route de Malissard;44,8988120;4,9852290
35847;202000039817;28;6;2020;01:34;5;86;86194;2;3;1;5;Rue de Bonneuil Matours;46,5942000;0,3807900
35848;202000039818;26;6;2020;18:00;1;85;85194;2;9;1;3;Rue des Plesses;46,4932200; -1,7492800
35849;202000039819;26;6;2020;10:20;1;85;85194;2;2;1;3;Rue Jean Nicot;46,5009300; -1,7856200
35850;202000039820;26;6;2020;12:05;1;83;83123;2;1;1;3;GARE (ROUTE);43,1210100;5,8174900
35851;202000039821;29;6;2020;02:00;5;80;80632;2;1;1;6;ROUEN (ROUTE DE);49,8773700;2,2522500
35852;202000039822;26;6;2020;09:40;1;80;80021;2;1;1;3;IRLANDE (AVENUE D');49,8714100;2,2954300
35853;202000039823;26;6;2020;16:50;1;79;79191;2;1;1;1;Boulevard Willy Brandt;46,3288600; -0,4977300
35854;202000039824;28;6;2020;18:20;1;78;78646;1;1;1;7;CLEMENT ADER (AVENUE);48,7916200;2,1156000
35855;202000039825;29;6;2020;18:32;1;78;78440;2;1;1;6;avenue de la République;48,9867360;1,9235930
35856;202000039826;29;6;2020;13:20;1;77;77037;2;4;7;1;GRES (REU DES);48,4739500;2,7050500
35857;202000039827;26;6;2020;16:50;1;76;76319;1;1;1;7;MARITIME. BOULEVARD;49,3555326;0,9876741
35858;202000039828;29;6;2020;21:56;5;74;74298;2;3;1;3;LIVRON (ROUTE DE);46,1857660;6,2515750
35859;202000039829;28;6;2020;20:35;1;71;71076;2;1;2;3;MESSAGERIES (QUAI DES );46,7802989;4,8565560
35860;202000039830;29;6;2020;19:00;1;69;69266;2;3;1;6;FRANCIS DE PRESSENSE    (Rue);45,7718800;4,8723600
35861;202000039831;29;6;2020;10:30;1;69;69264;2;1;1;3;NATIONALE  R;45,9864100;4,7182000
35862;202000039832;27;6;2020;22:45;4;66;66136;2;1;1;6;PAYRA (JEAN);42,7021600;2,8933500
35863;202000039833;26;6;2020;22:25;4;62;62907;2;1;9;5;DARCHICOURT (AV FERNAND );50,4853700;2,9976600
35864;202000039834;29;6;2020;09:35;1;56;56121;2;1;1;2;LANVEUR ( ET PL. DE );47,7433000; -3,3897200
35865;202000039835;28;6;2020;05:05;5;50;50602;1;6;1;6;RN 13;49,6486000; -1,5913700
35866;202000039836;27;6;2020;00:20;4;50;50129;2;2;1;3;ATLANTIQUE (BOULEVARD DE L');49,6322500; -1,6233800
35867;202000039837;27;6;2020;22:00;4;50;50203;1;3;1;6;de la Banque à Genets (Avenue);49,6105000; -1,6169000
35868;202000039838;26;6;2020;18:30;1;49;49328;2;1;1;6;DE GAULLE (AVENUE DU GENERAL);47,2649608; -0,0723982
35869;202000039840;26;6;2020;08:25;1;49;49007;2;1;1;6;LAREVELLIERE;47,4718200; -0,5367300
35870;202000039841;26;6;2020;13:30;5;44;44184;1;1;1;1;Rue des Noisetiers;47,2604300; -2,2552450
35871;202000039842;29;6;2020;15:00;1;44;44190;2;1;1;3;RUE MAURICE DANIEL;47,2055000; -1,5095200
35872;202000039843;30;6;2020;00:50;5;42;42095;2;1;1;7;Rue de la Tour de Varan;45,3911100;4,2830500
35873;202000039845;27;6;2020;03:00;5;34;34032;2;1;1;6;TOURVENTOUSE (BOULEVARD DE);43,3407200;3,2091100
35874;202000039846;29;6;2020;21:50;1;33;33281;2;2;1;3;AVE D'ARES / RUE GENERAL GOURAUD / RUE DE BERLET;44,8386376; -0,6188649
35875;202000039847;29;6;2020;20:00;1;33;33550;2;3;1;2;RTE DE TOULOUSE / RUE AURELIE DUCROS;44,7833166; -0,5661317
35876;202000039848;29;6;2020;18:10;1;33;33529;2;2;1;3;DE GAULLE (AVE CHARLES) 87 ET +;44,6371700; -1,1287800
35877;202000039849;29;6;2020;17:55;1;33;33529;2;2;1;3;PAPIN (RUE DENIS);44,6079300; -1,1252100
35878;202000039850;28;6;2020;08:00;1;31;31555;2;1;1;7;FITTE (ALL CHARLES DE) DU 2AU 76;43,6006100;1,4287300
35879;202000039851;27;6;2020;15:30;1;31;31555;1;1;1;3;24 EMPALOT  (PERIPH OUEST A620);43,5752800;1,4404800
35880;202000039854;26;10;2020;07:10;1;37;37261;2;1;8;2;MIRABEAU (PONT);47,3980545;0,6995867
35881;202000039855;25;10;2020;17:45;1;37;37261;2;1;2;1;FLORENCE (AVENUE DE);47,3743767;0,7179810
35882;202000039856;26;10;2020;07:50;1;35;35238;2;2;1;3;FOUGERES (ROUTE DE);48,1318985; -1,6355271
35883;202000039857;24;10;2020;16:40;1;34;34172;2;1;1;7;CINQUANTE SIXIEME REGIMENT D'ARTILLERIE;43,6012245;3,8626027
35884;202000039858;24;10;2020;00:05;1;34;34032;2;1;1;3;RD 612;43,3533700;3,2506500
35885;202000039859;27;10;2020;00:15;5;33;33063;2;2;3;7;BD ALBERT 1ER;44,8135100; -0,5647100
35886;202000039860;26;10;2020;08:40;1;33;33529;2;6;2;2;PYLA (BD DU);44,6337500; -1,1686700
35887;202000039861;26;10;2020;00:10;5;31;31555;2;1;3;2;RTE DE SEYSSES;43,5774500;1,4222100
35888;202000039862;25;10;2020;20:45;5;31;31555;2;1;1;3;STRASBOURG (BD DE) DU 1AU 33;43,6087400;1,4455200
35889;202000039863;25;10;2020;16:38;1;31;31555;2;1;1;6;Chemin de Tissié;43,5935400;1,3934500
35890;202000039864;25;10;2020;14:35;1;31;31555;2;1;1;3;RUE JEAN PHILIPPE RAMEAU;43,6188500;1,4237900