;Num_Acc;jour;mois;an;hrmn;lum;dep;com;agg;int;atm;col;adr;lat;long
35891;202000039865;26;10;2020;07:45;2;29;29051;1;1;2;1;D15 - Avenue de Garsalec;48,0143639; -4,0070260
35892;202000039866;26;10;2020;12:55;1;29;29039;1;1;2;2;D70 - La Boissiere;47,9188833; -3,9033061
35893;202000039867;25;10;2020;11:27;1;16;16102;2;3;1;6;Av Victor HUGO;45,6886100; -0,3149310
35894;202000039868;26;10;2020;10:50;1;13;13211;2;1;1;3;VALENTINE (ROUTE DE LA);43,2893000;5,4659000
35895;202000039869;26;10;2020;14:48;1;13;13063;2;1;1;7;RENE CASSIN ROND POINT;43,5987000;5,0056000
35896;202000039870;24;10;2020;11:55;1;11;11069;2;6;1;-1;Avenue du Président Franklin Roosevelt ;43,2260700;2,3320500
35897;202000039871;26;10;2020;13:13;1;10;10362;2;2;1;1;BENOIT MALON (RUE);48,2930000;4,0612000
35898;202000039872;25;10;2020;11:00;1;05;05061;1;1;1;7;FAUVINS ( ROUTE  DES );44,5682200;6,1281800
35899;202000039873;22;10;2020;17:04;1;05;05061;2;1;2;7;PROVENCE ( AVENUE DE );44,5408400;6,0574300
35900;202000039874;21;10;2020;19:05;4;05;05061;2;1;1;3;PROVENCE (AVENUE DE);44,5392900;6,0557100
35901;202000039875;23;10;2020;05:30;5;75;75114;2;1;1;3;BOULEVARD PERIPHERIQUE;48,8202740;2,3243970
35902;202000039876;25;10;2020;19:50;5;75;75114;2;4;2;6;AVENUE DU MAINE;48,8361840;2,3234770
35903;202000039877;26;10;2020;21:00;5;75;75118;2;5;1;3;AVENUE DE LA PORTE DE CLIGNANCOURT;48,9006960;2,3442680
35904;202000039878;26;10;2020;17:15;1;75;75118;2;1;8;6;RUE BELLIARD;48,8974220;2,3436710
35905;202000039879;26;10;2020;14:45;1;75;75117;2;2;1;6;BOULEVARD DU FORT DE VAUX;48,8918200;2,3015780
35906;202000039880;25;10;2020;20:41;5;75;75115;2;2;8;5;RUE DE LA CONVENTION;48,8434350;2,2827420
35907;202000039882;26;10;2020;08:45;1;75;75112;2;1;1;3;AVENUE DAUMESNIL;48,8431240;2,3839860
35908;202000039883;26;10;2020;19:15;5;75;75107;2;2;1;3;PONT DE L ALMA;48,8628780;2,3017120
35909;202000039884;26;10;2020;16:14;1;75;75107;2;1;1;7;RUE DU BAC;48,8571670;2,3276190
35910;202000039885;26;10;2020;16:50;2;75;75104;2;2;1;6;BOULEVARD HENRI IV;48,8508080;2,3614340
35911;202000039887;25;10;2020;20:45;5;94;94068;2;7;2;3;JEAN MOULIN (PL);48,7979600;2,5026700
35912;202000039888;26;10;2020;20:45;5;94;94081;2;1;1;6;ROUGET DE L ISLE (AV);48,7796700;2,3956800
35913;202000039889;26;10;2020;16:40;1;94;94041;2;1;1;3;Quai Auguste Deshaies;48,8153100;2,4089600
35914;202000039890;26;10;2020;02:14;5;94;94065;2;3;2;3;rue d'auvergne;48,7603000;2,3544100
35915;202000039891;26;10;2020;09:05;1;94;94054;2;1;1;2;Route Charles Tillon;48,7415800;2,3862500
35916;202000039893;26;10;2020;08:15;1;93;93070;2;1;1;3;MICHELET(AV):N°1AU 103;48,9050537;2,3441496
35917;202000039895;25;10;2020;00:40;5;93;93027;2;1;2;2;RATEAU (RUE);48,9251886;2,4008958
35918;202000039897;25;10;2020;17:40;5;93;93001;2;9;3;6;DANIELLE CASANOVA (RUE)  59 =>;48,9186602;2,3923066
35919;202000039898;24;10;2020;14:25;1;92;92022;2;1;2;6;PAVE DES GARDES (ROUTE DU);48,8076440;2,1895520
35920;202000039899;21;10;2020;11:30;1;92;92063;2;1;1;6;POMPIDOU (AVENUE DU PRESIDENT);48,8671387;2,2002556
35921;202000039900;26;10;2020;18:20;2;92;92040;2;1;1;7;FRERES VOISIN (BOULEVARD DES);48,8278310;2,2707870
35922;202000039901;26;10;2020;17:40;2;92;92040;2;1;1;2;RODIN (BOULEVARD);48,8173877;2,2556573
35923;202000039902;23;10;2020;12:05;1;92;92036;2;2;1;3;EUGENE VARLIN (RUE) (2);48,9331590;2,2941400
35924;202000039903;26;10;2020;19:30;5;92;92078;2;1;1;2;VERDUN (AVENUE) (PAIRS 92 ET PLUS);48,9348900;2,3251500
35925;202000039904;26;10;2020;18:45;2;92;92012;2;1;1;6;GENERAL LECLERC (AVENUE DU) 1/33 - 2/58;48,8327329;2,2408474
35926;202000039905;26;10;2020;08:30;1;92;92012;2;1;1;-1;REINE (ROUTE DE LA) 39/107 BIS;48,8398634;2,2377402
35927;202000039906;26;10;2020;06:50;2;92;92012;2;1;1;7;GENERAL LECLERC (AVENUE DU) 35/FIN - 60/;48,8306700;2,2343600
35928;202000039907;26;10;2020;11:00;1;86;86174;1;1;2;7;D21;46,7963470;0,5014470
35929;202000039909;26;10;2020;19:00;3;19;19162;1;1;2;1;A20;45,3424410;1,5715710
35930;202000039910;24;10;2020;19:10;1;62;62397;2;6;1;3;Rue Narcisse Boulanger;50,8687160;1,8738850
35931;202000039911;26;10;2020;16:45;1;41;41149;2;3;1;3;Avenue Gambetta;47,7573080;0,8711710
35932;202000039912;25;10;2020;15:35;1;76;76670;1;4;1;3;RD925;49,7669630;0,4163220
35933;202000039913;24;10;2020;18:30;2;61;61464;1;6;2;7;D438;48,6243570;0,1809530
35934;202000039914;27;10;2020;07:25;2;49;49125;1;2;2;3;D70;47,2679020; -0,3743510
35935;202000039915;26;10;2020;18:00;3;86;86286;1;1;8;6;Lieu Dit la Balbiniere;46,8870860;0,1390780
35936;202000039916;22;10;2020;10:51;1;68;68183;1;1;1;1;D9b;47,5031270;7,4466710
35937;202000039917;26;10;2020;17:34;2;35;35360;2;6;2;6;route de Janzé;48,1094450; -1,2157580
35938;202000039918;27;10;2020;14:00;1;50;50064;1;1;2;6;D15;49,3882920; -1,4633400
35939;202000039919;17;10;2020;09:30;1;50;50029;2;1;7;6;15 Rue Pierre Crestey;48,5993420; -0,8329600
35940;202000039920;26;10;2020;08:00;2;16;16072;1;1;2;1;lieu dit Le Pont des Tempes;45,5128050;0,1667690
35941;202000039921;26;10;2020;17:38;2;85;85047;2;8;2;3;Chemin de Baudu;46,8265260; -1,8802070
35942;202000039922;27;10;2020;09:50;1;52;52140;1;1;1;1;D203;48,2469330;4,8884140
35943;202000039923;27;10;2020;08:45;1;08;08363;1;1;1;-1;Route d'Anchamps;49,9294980;4,6419940
35944;202000039924;25;10;2020;10:30;1;88;88012;1;1;1;1;D42;48,1356210;6,5153650
35945;202000039925;26;10;2020;18:40;2;45;45345;1;1;1;7;A77 - PK36+600;47,9502100;2,6729120
35946;202000039926;26;10;2020;19:10;3;64;64061;1;1;2;7;A64;43,3998040; -0,5518850
35947;202000039927;27;10;2020;13:20;1;2B;2B057;1;1;1;3;T10;42,2485580;9,5455310
35948;202000039928;27;10;2020;02:00;3;17;17184;1;1;2;6;D733;45,7984540; -0,9360690
35949;202000039929;26;10;2020;15:45;1;50;50099;2;2;2;3;Rue du Grand Valnoble;49,3031120; -1,2431640
35950;202000039930;26;10;2020;15:00;1;29;29006;2;6;1;7;Rue de Kerguélen;47,8768126; -4,1129694
35951;202000039931;27;10;2020;06:45;2;60;60028;1;1;1;5;D1330;49,2181318;2,5598814
35952;202000039932;26;10;2020;16:55;1;59;59593;1;1;8;3;D61;50,2244250;3,2782330
35953;202000039933;26;10;2020;16:37;1;13;13211;1;1;1;3;A50-Sens Aubagne vers Marseille;43,2929800;5,4551700
35954;202000039934;16;10;2020;16:37;1;13;13211;1;1;1;4;A50-Sens Marseille vers Aubagne;43,2920200;5,4525200
35955;202000039935;26;10;2020;06:30;3;91;91377;1;1;1;6;AUTOROUTE A10;48,7112600;2,2892000
35956;202000039936;26;10;2020;17:40;1;92;92036;1;1;1;4;AUTOROUTE A15;48,9441530;2,2863669
35957;202000039937;25;10;2020;03:12;5;988;98818;2;1;1;6;ROUTE EXPRESS DU MONT DORE; -22,2459700;166,4695500
35958;202000039938;25;10;2020;00:05;3;974;97416;1;1;1;7;RN1 (ROUTE NATIONALE); -21,3139000;55,4391000
35959;202000039939;25;10;2020;17:39;1;974;97416;1;1;1;7;Rue Émilien Adam de Villiers; -21,3107300;55,4341800
35960;202000039940;24;10;2020;19:05;5;974;97416;2;1;1;2;EUGENE DAYOT(RUE); -21,3249000;55,4821200
35961;202000039941;25;10;2020;07:50;1;974;97416;2;6;1;1;GENERAL DE GAULLE(AVENUE); -21,3556000;55,5163500
35962;202000039942;25;10;2020;13:40;1;971;97101;2;6;1;3;BOULEVARD DES HEROS;16,2476400; -61,5271900
35963;202000039943;25;10;2020;17:10;2;971;97107;2;1;1;6;ELIE CHAUFFREIN ( RUE );16,0479440; -61,5623200
35964;202000039945;25;10;2020;16:15;1;2A;2A004;2;1;8;2;RECCO ABBE BOULEVARD;41,9385000;8,7411000
35965;202000039946;22;9;2020;21:40;5;86;86194;2;9;1;3;Avenue du 11 Novembre;46,5672500;0,3658900
35966;202000039947;25;10;2020;18:20;5;83;83137;2;1;1;6;RIVIERE (QUAI COMMANDANT);43,1394300;5,9095900
35967;202000039948;25;10;2020;17:15;2;64;64102;2;9;3;2;NAVARRE (AVENUE HENRI DE);43,5013000; -1,4458100
35968;202000039949;25;10;2020;18:10;3;35;35238;1;9;2;3;PORTE DE CLEUNAY;48,1021200; -1,7160800
35969;202000039950;25;10;2020;23:15;5;33;33063;2;6;1;6;AVE DES TROIS CARDINAUX;44,8875300; -0,5493700
35970;202000039951;24;10;2020;12:37;1;29;29151;2;1;1;7;Avenue de Wurselen;48,5834191; -3,8148415
35971;202000039952;22;10;2020;10:00;1;22;22113;2;9;8;3;DE BROGLIE (RUE DE);48,7591000; -3,4704200
35972;202000039954;24;10;2020;13:30;1;13;13047;2;1;1;6;PASSE PIERRE ALL‚E DE LA;43,5004500;4,9681100
35973;202000039955;25;10;2020;17:30;5;75;75106;2;4;3;6;RUE CASSETTE;48,8510820;2,3306660
35974;202000039956;25;10;2020;18:00;5;75;75120;2;1;3;6;RUE DES PYRENEES;48,8727620;2,3908230
35975;202000039957;25;10;2020;00:50;3;75;75119;2;1;2;6;BOULEVARD DE LA VILLETTE;48,8805270;2,3704150
35976;202000039958;25;10;2020;21:30;3;75;75116;2;1;1;6;ALLEE DU BORD DE L EAU;48,8688680;2,2383430
35977;202000039959;25;10;2020;20:33;5;75;75112;2;1;2;6;AVENUE LEDRU ROLLIN;48,8489350;2,3730780
35978;202000039960;25;10;2020;12:25;1;75;75112;2;1;2;3;AVENUE DU GENERAL MICHEL BIZOT;48,8341580;2,4001220
35979;202000039961;25;10;2020;20:30;5;75;75111;2;1;8;3;BOULEVARD DE BELLEVILLE;48,8713230;2,3775290
35980;202000039963;25;10;2020;21:30;5;75;75101;2;1;1;6;SOUTERRAIN TRANSIT HALLES;48,8622190;2,3441330
35981;202000039964;25;10;2020;10:45;1;94;94080;2;1;2;2;PARIS (AV DE);48,8452841;2,4310732
35982;202000039965;25;10;2020;18:00;2;93;93070;2;1;2;6;GABRIEL-PERI (AV);48,9065400;2,3320200
35983;202000039966;25;10;2020;20:50;5;93;93048;2;3;2;6;PAUL DOUMER (RUE);48,8591587;2,4568423
35984;202000039968;25;10;2020;17:50;5;93;93006;2;1;2;2;FRATERNITE RUE DE LA;48,8593000;2,4233700
35985;202000039969;24;10;2020;21:30;5;93;93063;2;1;1;3;VAILLANT-COUTURIER AV. PAUL;48,8849698;2,4332541
35986;202000039970;25;10;2020;19:30;5;93;93031;2;2;2;6;AV GALLIENI / R DE ST GRATIEN;48,9633700;2,2974500
35987;202000039971;25;10;2020;00:50;5;93;93029;2;1;2;6;JEAN JAURES (AVENUE);48,9174439;2,4562535
35988;202000039972;25;10;2020;19:53;5;93;93007;2;2;2;5;DE LA REPUBLIQUE (AVENUE);48,9356396;2,4754742
35989;202000039974;25;10;2020;17:20;2;92;92048;2;1;3;6;BANES (RUE) N° 3 A 19;48,8082250;2,2399880
35990;202000039975;25;10;2020;11:30;1;92;92044;2;2;2;7;BAUDIN (RUE) 27A83 ET 36 A84;48,8973311;2,2829742
35991;202000039976;24;10;2020;23:40;5;92;92044;2;4;1;7;MAL JUIN(PLACE DU);48,8979118;2,2803206
35992;202000039977;25;10;2020;17:59;2;92;92024;2;2;2;3;GENERAL LECLERC (BD DU) (9 A 59)   (4 A;48,9021017;2,3142656
35993;202000039978;22;10;2020;15:10;1;35;35180;1;1;1;3;La Tannerie;48,2962920; -1,9352190
35994;202000039980;16;10;2020;09:54;1;2A;2A158;1;1;1;7;D268;41,6992109;9,0923142
35995;202000039982;26;10;2020;09:40;1;17;17183;1;1;2;2;D730;45,5868040; -0,8535000
35996;202000039983;25;10;2020;14:15;1;31;31409;2;1;1;6;Avenue d'Occitanie;43,5004450;1,5082650
35997;202000039984;25;10;2020;10:30;1;974;97412;1;1;1;6;Rue Marius et Ary Leblond; -21,3718890;55,6124010
35998;202000039985;25;10;2020;18:15;2;35;35225;1;1;2;1;Pilleverte;48,4345110; -1,9334860
35999;202000039986;25;10;2020;18:30;3;38;38113;1;1;1;1;D1075;44,8260400;5,6144900
36000;202000039988;24;10;2020;17:20;2;59;59331;1;1;1;7;Route d'Happegarbes;50,1235500;3,6695410
36001;202000039989;26;10;2020;09:00;1;56;56131;1;1;7;6;Kerhouat;48,0098400; -3,4368270
36002;202000039990;26;10;2020;10:15;1;74;74208;1;1;2;1;Avenue de Saint Martin;45,9193110;6,6789260
36003;202000039991;26;10;2020;19:50;3;76;76469;1;1;1;2;Rue du Tilleul;49,4858060;1,4557260
36004;202000039992;25;10;2020;16:40;1;2B;2B342;2;2;1;3;T10;41,9254620;9,3906070
36005;202000039993;26;10;2020;08:40;1;2B;2B305;2;1;1;2;74 Route du Cap;42,7293610;9,4598190
36006;202000039994;21;9;2020;09:00;1;80;80368;2;1;1;6;Rue du 8 Mai 1945;50,0877370;1,5521840
36007;202000039995;25;10;2020;19:40;3;32;32132;1;1;3;1;lieu dit les moulins rouges;43,8464980;0,6873110
36008;202000039996;25;10;2020;17:24;2;39;39068;1;1;6;2;;46,2725760;5,7875900
36009;202000039997;25;10;2020;13:04;1;25;25178;1;2;1;3;CROISÉE DES ROUTES;47,3541490;6,5022810
36010;202000039998;26;10;2020;03:00;5;29;29069;2;3;1;7;Rue Charles de Gaulle;48,4206690; -4,5537702
36011;202000039999;25;10;2020;15:05;1;01;01208;1;1;8;3;D992;45,8095980;5,7763200
36012;202000040000;23;10;2020;14:00;1;14;14654;1;1;1;7;D102;48,9640210; -0,0022620
36013;202000040001;23;10;2020;15:14;1;73;73298;2;8;1;3;Impasse du Bebier PN37;45,6476023;6,4402233
36014;202000040003;26;10;2020;16:20;1;04;04209;2;4;1;6;D53 (Av du Jabron) / Lot Montcalm;44,1871260;5,9407363
36015;202000040004;24;10;2020;11:00;1;987;98752;2;1;1;6;PK 46.800; -17,7627061; -149,3954166
36016;202000040005;26;10;2020;14:50;1;77;77279;1;1;1;2;A5;48,3785195;3,0103533
36017;202000040006;25;10;2020;12:40;1;13;13069;1;6;1;3;D572;43,6262980;5,1509790
36018;202000040007;19;9;2020;05:14;3;38;38400;1;1;2;6;A48;45,3339980;5,5855550
36019;202000040008;25;10;2020;19:00;4;974;97420;2;1;1;6;Avenue Pierre Mendès France; -20,9050080;55,6057440
36020;202000040009;24;10;2020;14:55;1;77;77283;1;1;8;4;D405;49,0635190;3,0125280
36021;202000040010;22;10;2020;16:30;1;83;83053;1;1;1;3;Route des Gorges;43,1584160;5,8358380
36022;202000040011;26;10;2020;10:05;1;04;04092;1;1;2;7;RD4085;43,8272440;6,5671550
36023;202000040012;26;10;2020;07:35;1;89;89257;2;1;8;7;Rue Victor Hugo;47,9603520;3,5276090
36024;202000040013;17;10;2020;16:50;1;67;67520;2;3;1;1;Rue de la Haul;48,6405090;7,4525820
36025;202000040015;26;10;2020;17:48;3;74;74175;1;1;3;6;D1005;46,4061290;6,7296410
36026;202000040016;25;10;2020;16:50;1;73;73030;2;6;1;3;Route de la Trousse;45,5695338;5,9758669
36027;202000040017;26;10;2020;08:00;2;17;17393;1;4;2;7;Route de la Jacqueline;45,6648060; -0,8893350
36028;202000040018;26;10;2020;01:30;5;22;22162;2;1;1;6;1 Rue Guillardon;48,7577080; -3,0032530
36029;202000040019;24;10;2020;16:40;1;62;62443;2;1;1;7;Rue Arthur Lamendin;50,4421160;2,6545980
36030;202000040021;25;10;2020;05:50;3;91;91340;1;1;2;7;RN 104;48,6088100;2,4365000
36031;202000040022;25;10;2020;20:40;5;78;78238;1;1;1;4;A13;48,9701000;1,8701000
36032;202000040023;25;10;2020;21:40;3;93;93053;1;1;2;7;AUTOROUTE A86;48,9004000;2,4697900
36033;202000040024;25;10;2020;18:30;3;60;60494;1;1;2;3;AUTOROUTE A1;49,1317094;2,5602770
36034;202000040026;24;10;2020;20:00;5;93;93006;1;1;1;2;AUTOROUTE A3;48,8657716;2,4174963
36035;202000040027;25;10;2020;12:30;1;93;93010;1;9;2;2;AUTOROUTE A3;48,8920000;2,4732000
36036;202000040028;24;10;2020;20:20;3;93;93078;1;1;2;4;AUTOROUTE A104;48,9584243;2,5335100
36037;202000040029;24;10;2020;19:30;3;93;93006;1;1;1;4;AUTOROUTE A3;48,8669025;2,4253006
36038;202000040030;24;10;2020;12:30;1;95;95572;1;1;1;2; A15;49,0322160;2,1129430
36039;202000040031;25;10;2020;20:50;3;77;77175;1;1;8;6;RN104;48,6701150;2,6118170
36040;202000040032;24;10;2020;11:00;1;94;94028;1;1;1;2;A86 EXT;48,8030108;2,4483130
36041;202000040034;24;10;2020;11:00;1;988;98818;2;3;1;3;RUE CECILE PERONNET/RUE AYMARD; -22,2614100;166,4644900
36042;202000040035;5;10;2020;13:05;1;988;98818;2;2;1;6;AVENUE DE LA VICTOIRE H. LA FLEUR/RUE DU DOCTEUR LE SCOUR; -22,2744100;166,4456400
36043;202000040036;24;10;2020;19:22;5;976;97611;2;1;1;3;mamoudzou centre-Haladi Selemani ( rue ); -12,7804910;45,2300348
36044;202000040037;24;10;2020;12:05;1;69;69386;2;2;1;3;JEAN BROQUIN                        (R );45,7682000;4,8631900
36045;202000040038;24;10;2020;12:45;1;69;69388;1;1;1;2;Avenue Jean Mermoz;45,7356627;4,8716611
36046;202000040040;24;10;2020;11:10;1;69;69199;2;1;1;6;JEAN JAURES                         (AV);45,7128300;4,8547100
36047;202000040041;23;10;2020;16:30;1;69;69259;2;1;2;4;FRANCIS DE PRESSENSE                (AV);45,7204200;4,8677240
36048;202000040042;24;10;2020;15:00;1;91;91103;1;1;2;5;DEVI DU CD 19;48,6043700;2,3205000
36049;202000040043;24;10;2020;22:30;5;91;91657;2;1;1;6;RUE HENRI ROSSIGNOL;48,7049500;2,4104700
36050;202000040044;24;10;2020;12:30;1;91;91223;1;1;2;3;R.D.20;48,4025200;2,1202700
36051;202000040045;14;10;2020;14:06;1;88;88413;2;1;1;7;Rue de LA BOLLE;48,2853600;6,9362000
36052;202000040046;24;10;2020;16:33;1;83;83137;2;1;1;6;ARMARIS (BD DES);43,1318800;5,9823400
36053;202000040047;23;10;2020;11:55;1;82;82121;2;1;2;3;DAGUERRE (RUE JEAN);43,9777047;1,3313037
36054;202000040048;21;2;2020;13:50;1;69;69296;1;1;2;6;A7;45,6570985;4,8401986
36055;202000040049;11;3;2020;04:55;4;69;69142;2;1;1;5;A7   ;45,7278700;4,8165500
36056;202000040050;13;3;2020;16:55;1;33;33162;1;1;2;4;ROCADE A 630;44,8622400; -0,6571100
36057;202000040051;13;3;2020;17:00;1;91;91136;1;1;1;3;AUTOROUTE A126;48,7156000;2,2682000
36058;202000040052;13;3;2020;08:53;1;78;78466;1;1;1;2;A13;48,9347520;1,9665770
36059;202000040053;12;3;2020;18:50;3;93;93007;1;1;1;5;AUTOROUTE A3;48,9180800;2,4783900
36060;202000040054;12;3;2020;17:50;1;93;93005;1;1;1;2;AUTOROUTE A3;48,9680300;2,4778700
36061;202000040055;12;3;2020;10:10;1;95;95527;1;1;1;6;A3;48,9891000;2,5104570
36062;202000040056;12;3;2020;07:45;1;93;93010;1;1;1;3;AUTOROUTE A3;48,9023200;2,4705500
36063;202000040057;10;3;2020;20:30;3;95;95365;1;1;1;2;RN 104;49,0596900;2,4184500
36064;202000040058;13;3;2020;19:20;3;77;77249;1;1;1;-1;RN104;48,7474435;2,6137645
36065;202000040059;13;3;2020;16:25;1;94;94017;1;9;1;-1;A4;48,8298100;2,4979700
36066;202000040060;12;1;2020;09:50;1;77;77487;2;1;1;1;SEINE (DE);48,5226660;2,6767800
36067;202000040061;7;1;2020;10:10;1;59;59569;2;1;1;6;VERDUN (RUE DE);50,3636750;3,1132722
36068;202000040062;5;1;2020;08:20;1;49;49328;1;1;1;7;FLEURET (ROND-POINT DU) N 347;47,2864000; -0,0486000
36069;202000040063;12;3;2020;20:30;3;69;69199;1;1;3;7;Avenue des Frères Perret;45,6885000;4,8465000
36070;202000040064;12;2;2020;17:20;1;69;69383;2;3;1;2;LAFAYETTE                           (PT);45,7636000;4,8459000
36071;202000040065;12;3;2020;12:10;1;69;69199;2;1;1;6;VALENCE (DE)                        (R );45,6958389;4,8555493
36072;202000040066;11;3;2020;21:10;3;69;69388;2;2;1;3;FRERES LUMIERE (DES)                (AV);45,7440300;4,8704600
36073;202000040068;11;3;2020;12:30;1;972;97209;2;1;1;7;CLUNY (ROUTE DE);14,6159300; -61,0823500
36074;202000040069;12;3;2020;19:20;2;69;69034;2;1;2;6;STRASBOURG (DE)                     (RO);45,7926630;4,8695610
36075;202000040070;11;3;2020;15:10;1;971;97101;2;3;1;5;CHAZEAU;16,2815700; -61,4911600
36076;202000040071;11;3;2020;16:00;1;971;97101;1;1;1;5;PERRIN (SECTEUR);16,2936900; -61,5112500
36077;202000040072;12;3;2020;09:20;1;95;95127;1;1;1;3;RN 14 (PROLONGEMENT A15);49,0560470;2,0471810
36078;202000040073;12;3;2020;08:20;1;91;91174;2;1;1;3;LISSES (ROUTE DE);48,6101400;2,4620600
36079;202000040074;11;3;2020;16:51;1;91;91103;2;1;1;6;COMMUNE DE PARIS (RUE DE LA);48,5870000;2,3000000
36080;202000040075;11;3;2020;15:00;1;91;91339;2;1;1;4;RN 20;48,6350000;2,2660000
36081;202000040076;12;3;2020;08:54;1;87;87085;2;2;1;3;PONT NEUF;45,8260300;1,2680200
36082;202000040077;10;3;2020;12:04;1;87;87085;2;1;2;1;SAGNES (RUE DES);45,8779100;1,2932000
36083;202000040078;12;3;2020;07:30;1;83;83090;2;9;1;2;NATIONALE 8 (ROUTE);43,1356100;5,8520800
36084;202000040079;12;3;2020;02:05;5;83;83090;2;1;1;6;NATIONALE 8 (ROUTE);43,1349400;5,8530000
36085;202000040081;12;3;2020;07:50;1;77;77037;2;1;1;6;GARE (PLACE DE LA);48,4752300;2,6920800
36086;202000040082;23;1;2020;09:05;1;76;76351;2;3;1;6;SAULES (DES);49,5097600;0,1530500
36087;202000040083;10;3;2020;15:50;1;74;74133;2;1;1;-1;GENOT (RUE DU LIEUTENANT Y.);46,1832620;6,1978580
36088;202000040084;12;3;2020;08:21;1;74;74093;2;1;1;6;REPUBLIQUE (AVENUE DE LA);45,9081300;6,1033000
36089;202000040085;11;3;2020;19:46;3;72;72181;1;1;1;4;TOURS (RTE) LIGNE DROITE DES HUNAUDIERES;47,9519700;0,2297800
36090;202000040086;11;3;2020;18:10;1;72;72181;2;1;1;2;BOLLEE (AV) N° PAIRS 64 A 146;48,0008300;0,2115100
36091;202000040087;11;3;2020;18:31;1;66;66136;2;1;1;2;PRADES (AVENUE DE ) ST CHARLES;42,6967600;2,8649500
36092;202000040088;11;3;2020;19:35;5;64;64445;2;1;1;3;ALSACE LORRAINE D';43,3052700; -0,3731400
36093;202000040089;11;3;2020;17:10;1;64;64024;2;1;1;6;Rue de Mirambeau;43,4751000; -1,5098000
36094;202000040090;9;3;2020;04:55;5;63;63113;2;1;1;-1;FLAUBERT (BD GUSTAVE);45,7607600;3,1284100
36095;202000040091;12;3;2020;18:15;1;61;61001;2;1;1;6;JEAN HENRI FABRE (RUE  );48,4114000;0,0933500
36096;202000040092;12;3;2020;09:30;1;59;59295;1;1;1;1;CD 916;50,7262900;2,5141400
36097;202000040093;11;3;2020;09:10;1;54;54575;1;1;2;3;D26B;49,4780000;5,8564000
36098;202000040094;12;3;2020;17:15;1;51;51454;2;1;1;2;Route de Witry;49,2697980;4,0727544
36099;202000040095;12;3;2020;01:40;5;50;50129;2;1;3;6;ERMITAGE (RUE DE L');49,6363400; -1,6136600
36100;202000040096;11;3;2020;20:20;5;49;49267;2;1;1;3;JAUDETTE;47,4638400; -0,4909400
36101;202000040097;11;3;2020;08:13;1;49;49007;2;1;1;1;BOREAU;47,4756700; -0,5456200
36102;202000040098;11;3;2020;08:13;1;49;49246;2;1;1;3;RD 112 - CHAUVIN AVENUE;47,4336100; -0,5301400
36103;202000040100;6;3;2020;17:10;1;35;35206;1;3;1;3;RD 837;48,0627350; -1,6994940
36104;202000040101;12;3;2020;19:00;3;34;34129;1;1;1;4;AGAU (AVENUE DE L');43,5906500;3,9084200
36105;202000040102;12;3;2020;13:35;1;34;34172;2;1;1;7;POSEIDON (RUE);43,6074800;3,8941400
36106;202000040104;26;2;2020;06:50;2;31;31555;2;1;2;5;337 Route de Launaguet;43,6567300;1,4381100
36107;202000040105;12;3;2020;18:59;1;29;29232;2;6;1;6;D34 - Route de Benodet;47,9633827; -4,0838018
36108;202000040109;11;3;2020;08:35;1;27;27229;2;1;8;6;RUGBY (RUE DE);49,0086100;1,1597900
36109;202000040111;11;3;2020;18:25;2;26;26198;2;1;1;3;KENNEDY(Avenue John F.);44,5533400;4,7472300
36110;202000040112;6;3;2020;17:00;1;18;18033;2;1;1;3;TURLY (RUE DE);47,1007300;2,4217500
36111;202000040115;12;3;2020;01:40;5;13;13203;2;3;1;6;FÉLIX PYAT (RUE);43,3207900;5,3747200
36112;202000040116;11;3;2020;18:15;1;13;13208;2;1;1;3;PRADO (AVENUE DU);43,2659000;5,3810000
36113;202000040117;11;3;2020;13:56;1;13;13207;2;1;1;1;Corniche John Fitzgérald Kennedy;43,2777000;5,3559000
36114;202000040118;11;3;2020;09:00;1;13;13204;2;1;1;6;BLANCARDE (BOULEVARD);43,3028911;5,4002638
36115;202000040119;12;3;2020;06:55;2;13;13005;2;1;1;3;MERMOZ (RUE JEAN);43,2858200;5,5762600
36116;202000040120;11;3;2020;20:37;3;13;13001;1;1;1;3;R.N 7;43,5579000;5,4162000
36117;202000040121;10;3;2020;16:45;1;11;11262;2;1;1;7;CARNOT (AVENUE);43,1938200;3,0097500
36118;202000040122;11;3;2020;14:30;1;09;09122;2;1;1;4;BOUYCHERES (COURS);42,9663620;1,6094259
36119;202000040123;12;3;2020;07:40;1;04;04112;1;3;1;3;Chemin Leon Foucault / Ch des Chaurannes;43,8378274;5,8268899
36120;202000040124;12;3;2020;18:20;2;01;01053;2;2;1;3;MAIL (AVENUE DU );46,2016260;5,2074570
36121;202000040125;12;3;2020;16:20;1;75;75113;2;1;1;2;QUAI D IVRY;48,8256750;2,3866930
36122;202000040126;10;3;2020;17:40;1;75;75119;2;1;1;5;PORTE DE PANTIN;48,8936100;2,3952870
36123;202000040128;12;3;2020;10:20;1;75;75120;2;2;1;6;RUE DES ORTEAUX;48,8565610;2,4022490
36124;202000040129;11;3;2020;17:00;1;75;75118;2;3;1;3;RUE DU DEPARTEMENT;48,8857520;2,3649870