;Num_Acc;jour;mois;an;hrmn;lum;dep;com;agg;int;atm;col;adr;lat;long
36125;202000040130;12;3;2020;18:45;5;75;75116;2;7;1;3;AVENUE MARCEAU;48,8661530;2,2996000
36126;202000040133;12;3;2020;16:50;1;75;75114;2;1;1;6;AVENUE DE LA PORTE DE CHATILLON;48,8233400;2,3165860
36127;202000040134;12;3;2020;08:10;1;75;75113;2;3;2;3;RUE DE TOLBIAC;48,8259370;2,3527570
36128;202000040135;12;3;2020;07:15;1;75;75113;2;2;2;3;BOULEVARD VINCENT AURIOL;48,8363920;2,3713510
36129;202000040136;12;3;2020;15:50;1;75;75112;2;1;1;3;SOUTERRAIN QUAI DE LA RAPEE;48,8435640;2,3702180
36130;202000040137;12;3;2020;20:00;5;75;75110;2;1;1;6;BOULEVARD DE MAGENTA;48,8697240;2,3619580
36131;202000040138;12;3;2020;15:40;1;75;75110;2;3;1;6;BOULEVARD DE LA CHAPELLE;48,8837250;2,3512560
36132;202000040139;11;3;2020;22:00;5;75;75110;2;7;8;3;PLACE DE VALENCIENNES;48,8785340;2,3540380
36133;202000040140;12;3;2020;01:00;5;75;75109;2;2;1;3;BOULEVARD POISSONNIERE;48,8707050;2,3478820
36134;202000040142;10;3;2020;08:30;1;75;75108;2;2;2;6;AVENUE MONTAIGNE;48,8670290;2,3063010
36135;202000040143;11;3;2020;16:35;1;75;75107;2;3;1;2;AVENUE DE LA MOTTE PICQUET;48,8559650;2,3080340
36136;202000040144;12;3;2020;10:45;1;75;75104;2;3;1;6;RUE SAINT ANTOINE;48,8547850;2,3624150
36137;202000040145;11;3;2020;23:20;5;75;75101;2;5;1;6;RUE DE RIVOLI;48,8588008;2,3474576
36138;202000040146;12;3;2020;09:00;1;75;75103;2;4;1;7;RUE DU TEMPLE;48,8671680;2,3628100
36139;202000040147;12;3;2020;13:55;1;94;94058;2;1;1;2;LEDRU ROLLIN (AV);48,8384740;2,4949803
36140;202000040148;12;3;2020;08:35;1;94;94042;2;3;1;-1;EUROPE (BD DE L);48,8137500;2,4651500
36141;202000040149;12;3;2020;09:00;1;94;94046;2;1;1;6;VICTOR HUGO (R);48,8002500;2,4365100
36142;202000040150;12;3;2020;21:30;5;94;94016;2;3;1;6;CAMILLE DESMOULINS (R);48,7947800;2,3350600
36143;202000040151;12;3;2020;10:45;1;94;94076;2;1;2;2;MAXIME GORKI (BD);48,7970500;2,3676700
36144;202000040153;12;3;2020;02:30;5;94;94075;2;2;1;3;MARECHAL DE LATTRE DE TASSIGNY (AV);48,7273586;2,5359696
36145;202000040154;12;3;2020;19:10;5;93;93064;2;4;1;6;AV DU PDT JOHN KENNEDY / R DU CLOS BARON;48,8782500;2,4884000
36146;202000040155;12;3;2020;12:25;1;93;93001;2;1;1;3;AV JEAN JAURES;48,9073000;2,3960900
36147;202000040157;12;3;2020;08:14;1;92;92049;2;1;2;6;JAURES PLACE JEAN;48,8162000;2,3116000
36148;202000040158;12;3;2020;09:20;1;92;92040;2;1;2;3;VERDUN (AVENUE DE) DU 152 AU 226;48,8184849;2,2525540
36149;202000040160;12;3;2020;15:50;1;92;92025;2;3;1;3;CHARLES DE GAULLE (BD);48,9162110;2,2264740
36150;202000040161;12;3;2020;16:20;1;92;92023;2;6;1;6;EUGENE BEAUJARD (CARREFOUR)/ PORTE DE TRIVAUX (RUE DE) N°57 A 197 ET;48,7896400;2,2524200
36151;202000040162;12;3;2020;20:10;5;92;92012;2;1;1;3;JEAN BAPTISTE CLEMENT (AVENUE) 49/FIN -;48,8428590;2,2315255
36152;202000040163;26;2;2020;14:00;1;49;49244;1;2;1;3;Lieu Dit la Motte (Saint-Laurent-du-Mottay);47,3725640; -0,9534670
36153;202000040166;12;3;2020;23:00;3;33;33021;1;1;1;6;D10;44,5069660; -0,1553750
36154;202000040167;10;3;2020;07:15;2;35;35286;1;1;1;1;La Croix;48,3961584; -1,6559992
36155;202000040168;12;3;2020;17:00;1;57;57015;1;1;2;3;D22;49,0623380;6,7513560
36156;202000040169;13;3;2020;12:00;1;35;35165;2;1;1;3;10 Grande Rue;47,9491600; -1,3623960
36157;202000040170;13;3;2020;15:28;1;44;44137;1;1;1;-1;RN 165  -  PK 40+300;47,3946890; -1,9996830
36158;202000040171;12;3;2020;12:32;1;40;40295;1;1;1;-1;RD10E;44,3760619; -0,8410277
36159;202000040172;13;3;2020;12:10;1;56;56125;1;1;1;6;Kergurhan;48,0729750; -3,0760860
36160;202000040173;3;2;2020;14:20;1;56;56047;1;3;1;1;Le Salut;48,0590080; -2,7786340
36161;202000040174;13;3;2020;19:25;2;79;79202;2;2;1;3;Boulevard de l'Europe;46,6522490; -0,2280310
36162;202000040175;13;3;2020;12:30;1;2B;2B049;1;1;1;3;D81;42,5156390;8,6905290
36163;202000040176;13;3;2020;16:15;1;60;60102;2;3;1;1;48 Rue de la Libération;49,3014460;2,5301570
36164;202000040177;13;3;2020;14:40;1;80;80761;1;1;1;4;Départementale 8;49,7628606;2,1663237
36165;202000040178;12;3;2020;23:40;3;29;29140;1;1;1;7;Chemin de la Pointe;48,3446760; -4,3254863
36166;202000040179;13;3;2020;14:45;1;68;68270;2;3;1;3;2 Rue de Kingersheim;47,7886810;7,2915960
36167;202000040180;12;3;2020;18:20;1;44;44175;1;2;1;2;D47;47,3836850; -2,3152830
36168;202000040182;10;3;2020;19:50;5;01;01093;2;2;1;2;Route de Belleville;46,1165470;4,9465220
36169;202000040183;12;3;2020;17:20;1;14;14726;1;3;1;1;D56;48,8691270; -0,6934190
36170;202000040184;12;3;2020;19:30;3;50;50490;1;1;6;6;D650;49,3769800; -1,7382320
36171;202000040185;13;3;2020;07:50;1;50;50069;1;2;1;4;19 Route de l'Epine;48,7880930; -1,2676120
36172;202000040186;12;3;2020;16:13;1;73;73274;1;1;1;5;D912;45,4243440;5,8640030
36173;202000040188;13;3;2020;18:35;1;21;21527;1;1;1;6;D906;46,9379622;4,6838216
36174;202000040189;11;3;2020;16:30;1;40;40110;2;1;1;7;Route de la Chalosse;43,6399970; -0,3781810
36175;202000040190;11;3;2020;08:00;1;88;88438;1;1;2;1;D32;48,3266060;6,7874250
36176;202000040191;7;3;2020;18:00;1;67;67008;1;1;1;7;A352;48,5187592;7,5182889
36177;202000040192;13;3;2020;06:00;3;39;39434;1;1;1;5;;46,8458640;5,7032540
36178;202000040193;11;3;2020;00:10;1;66;66172;1;1;1;7;D5;42,7273870;2,8506090
36179;202000040194;13;3;2020;08:25;1;57;57413;1;1;1;3;A4;49,1374310;6,6388320
36180;202000040195;12;3;2020;11:30;1;971;97103;2;1;1;6;rue de la république;16,2655470; -61,5874100
36181;202000040197;12;3;2020;08:30;1;971;97118;1;1;1;7;Route de la Traversee;16,1758940; -61,6990470
36182;202000040198;13;3;2020;09:15;1;977;97701;2;9;1;1;saint jean;17,9028940; -62,8391250
36183;202000040199;12;3;2020;18:45;1;95;95641;1;1;1;7;D9;49,0606370;2,5528840
36184;202000040200;12;3;2020;13:15;1;34;34056;1;9;1;7;D32;43,4310600;3,4373040
36185;202000040202;13;3;2020;14:50;1;68;68012;2;1;1;3;34 Grand Rue;47,7745680;7,1293010
36186;202000040203;12;3;2020;15:00;1;54;54557;2;1;8;3;89 Chemin de la Poste;48,6932220;6,0312120
36187;202000040204;13;3;2020;16:00;1;57;57481;1;9;1;6;Route de Moyeuvre;49,2363610;6,0319020
36188;202000040205;11;3;2020;12:30;1;03;03102;2;2;1;3;589 Rue du Port;46,5244149;3,6890286
36189;202000040206;12;3;2020;17:50;1;64;64230;1;1;1;7;RN 134;43,2193270; -0,4000510
36190;202000040207;3;3;2020;02:47;3;33;33272;1;1;8;6;nationale 10;45,0609270; -0,3979650
36191;202000040210;12;3;2020;09:15;1;94;94034;1;1;1;4;AUTOROUTE A86;48,7616500;2,3156900
36192;202000040211;12;3;2020;05:20;3;91;91086;1;1;2;2;RN 104;48,6239800;2,3737600
36193;202000040213;12;3;2020;07:40;1;78;78029;1;1;1;3;A13W;48,9644710;1,8455730
36194;202000040214;8;3;2020;21:15;3;95;95582;1;1;1;4;RD 170;48,9671500;2,2735100
36195;202000040215;8;3;2020;20:20;3;95;95582;1;1;1;6;AUTOROUTE A115;48,9736300;2,2452100
36196;202000040216;12;3;2020;14:45;1;94;94069;1;1;1;2;A4;48,8167000;2,4333000
36197;202000040217;12;3;2020;08:30;1;94;94017;1;1;1;3;A4;48,8291401;2,4803800
36198;202000040218;11;3;2020;16:00;1;77;77249;1;1;1;2;RN104;48,7316626;2,6092624
36199;202000040219;11;3;2020;12:00;1;94;94069;1;1;1;5;A4;48,8175409;2,4350450
36200;202000040220;7;1;2020;16:20;1;974;97409;2;1;1;3;137 Chemin du volcan; -21,2096770;55,5910590
36201;202000040221;6;1;2020;15:10;1;50;50218;2;1;1;-1;WINSTON CHURCHILL (RUE);48,8362580; -1,5794900
36202;202000040222;12;3;2020;07:10;1;988;98818;2;3;1;1;RUE AUGUSTE BENEBIG; -22,2677000;166,4559200
36203;202000040223;11;3;2020;17:00;1;988;98818;2;3;1;3;GERVOLINO (RUE ROGER) / MARTINET (RUE HENRI); -22,2644900;166,4719400
36204;202000040224;11;3;2020;10:55;1;974;97411;2;1;1;6;Rue Monthyon; -20,8873700;55,4556580
36205;202000040225;11;3;2020;09:15;1;974;97411;2;1;1;4;RAMBAUD (LEOPOLD); -20,8858400;55,4749300
36206;202000040226;10;3;2020;19:00;5;974;97411;2;1;1;6;BEARN (RUE DU); -20,9032600;55,4886200
36207;202000040227;11;3;2020;18:36;2;69;69199;2;3;1;3;COMMUNE DE PARIS 1871 (DE LA)       (R );45,7095000;4,8627200
36208;202000040228;11;3;2020;16:27;1;69;69388;2;3;1;3;ETATS UNIS (DES)                    (BD);45,7333900;4,8646000
36209;202000040229;11;3;2020;10:20;1;69;69259;2;1;1;6;MARTYRS DE LA RESISTANCE (DES)      (AV);45,6913212;4,8707271
36210;202000040231;11;3;2020;08:32;1;69;69386;2;3;1;3;Rue Molière;45,7333900;4,8646000
36211;202000040232;10;3;2020;12:00;1;972;97209;2;3;1;6;RAVINE VILAINE (CHEMIN DEPARTEMENTAL DE);14,6354300; -61,0596400
36212;202000040233;9;3;2020;13:00;1;972;97209;2;1;1;1;RD 41 (ROCADE);14,6143100; -61,0703000
36213;202000040234;25;2;2020;20:30;5;972;97209;2;1;1;1;REDOUTE (ROUTE DE LA);14,6256000; -61,0605100
36214;202000040235;11;3;2020;18:22;5;69;69382;2;1;1;1;ANCIENNE PREFECTURE (DE L')         (R );45,7609396;4,8328693
36215;202000040236;11;3;2020;18:10;1;69;69034;2;1;1;6;CREPIEUX (DE)                       (CH);45,8009493;4,8546595
36216;202000040237;11;3;2020;14:00;1;69;69382;2;1;1;-1;BARRE (DE LA)                       (R );45,7577961;4,8346745
36217;202000040238;30;8;2020;02:55;3;35;35266;2;6;1;6;La Frogerais;48,0180410; -1,6603970
36218;202000040239;30;8;2020;03:15;3;45;45146;1;1;1;6;Autouroute A71 - P.K. 118+700 - Sens 2;47,7215350;1,8901740
36219;202000040240;31;8;2020;10:40;1;13;13051;1;1;1;2;A7;43,5856240;5,2030460
36220;202000040241;30;8;2020;03:00;4;987;98753;1;1;1;6;RT 301; -23,3990630; -149,4950440
36221;202000040242;30;8;2020;20:30;5;986;98613;2;1;1;7;RT1; -22,2803870;166,4489430
36222;202000040243;25;8;2020;14:45;1;974;97418;1;1;2;-1;Route de la Ressource; -20,9298750;55,5362470
36223;202000040244;30;8;2020;21:45;5;973;97305;1;2;1;1;N1;4,9203220; -52,3844430
36224;202000040246;30;8;2020;19:45;2;2A;2A247;1;1;1;1;Route de Palombaggia;41,5868090;9,3016970
36225;202000040247;30;8;2020;18:45;1;84;84065;2;3;1;3;Rue du Portail;43,7458790;5,3122180
36226;202000040248;31;8;2020;11:35;1;83;83027;1;1;1;2;D66;43,2011680;5,7332810
36227;202000040249;12;8;2020;15:28;1;06;06147;1;1;1;3;2054 Route de Levens;43,8155530;7,2653630
36228;202000040250;28;8;2020;00:00;3;73;73015;1;1;1;6;D90 ROUTE DE MOTTARET;45,3841500;6,5747810
36229;202000040252;31;8;2020;12:10;1;81;81011;1;3;1;3;route de Sainte Cécile;43,7276770;1,8306830
36230;202000040253;31;8;2020;13:30;1;65;65295;1;1;1;7;Route de Gavarnie;42,8523650; -0,0065450
36231;202000040254;30;8;2020;14:05;1;56;56176;2;1;1;6;1 Rue André Ampère;47,6711600; -2,9614190
36232;202000040255;30;8;2020;16:35;1;13;13055;1;1;1;2;A507 sens Aubagne- Marseille;43,3299000;5,4000000
36233;202000040256;29;8;2020;15:25;1;13;13216;1;1;2;6;A55-Sens Marseille vers Martigues;43,3391500;5,3486200
36234;202000040257;28;8;2020;13:05;1;13;13211;1;1;1;5;A50-Sens Marseille vers Aubagne;43,2864400;5,5083700
36235;202000040258;30;8;2020;20:57;2;94;94034;1;1;2;6;AUTOROUTE A86;48,7566170;2,3329750
36236;202000040260;29;8;2020;23:37;3;91;91235;1;1;2;6;RN 104;48,6262880;2,3527160
36237;202000040261;30;8;2020;11:20;1;78;78646;1;1;2;6;RN12;48,7894300;2,1274060
36238;202000040262;30;8;2020;10:30;1;92;92050;1;1;2;6;A14;48,9012000;2,2058000
36239;202000040264;30;8;2020;19:20;1;93;93027;1;1;2;6;BDL;48,9258600;2,4001600
36240;202000040265;30;8;2020;20:00;3;93;93005;1;1;2;2;AUTOROUTE A1;48,9605600;2,4679800
36241;202000040266;30;8;2020;13:30;1;95;95582;1;1;1;6; A9015036;48,9639600;2,2684100
36242;202000040267;30;8;2020;03:45;3;95;95212;1;1;1;6;RN 104;49,0329400;2,5426700
36243;202000040269;29;8;2020;16:30;1;93;93053;1;1;3;7;AUTOROUTE A103;48,8896938;2,4729458
36244;202000040270;30;8;2020;12:30;1;77;77373;1;1;1;6;RN104;48,7711180;2,6119320
36245;202000040271;16;1;2020;04:10;5;60;60057;2;2;5;6;8 MAI 1945 (AVENUE DU);49,4412800;2,0952600
36246;202000040272;28;8;2020;11:20;1;973;97302;2;1;1;3;MONTABO (ROUTE DE) 1;4,9306160; -52,2905660
36247;202000040273;26;8;2020;18:30;1;69;69384;2;1;1;-1;BIRMINGHAM (DE)                     (AV);45,7747000;4,8131500
36248;202000040274;28;8;2020;17:50;1;971;97101;1;4;1;1;CARAQUE;16,2504888; -61,4883451
36249;202000040275;29;8;2020;16:18;1;95;95539;1;1;2;5;RD 301;48,9932000;2,3607000
36250;202000040276;29;8;2020;22:50;5;95;95428;2;1;1;3;RD 124 ;49,0007400;2,3202900
36251;202000040277;28;8;2020;20:19;1;91;91691;2;2;1;3;PAUL DOUMER(RUE);48,7179400;2,5138400
36252;202000040278;29;8;2020;17:05;1;91;91433;1;6;1;6;R.N. 20;48,4379800;2,1636700
36253;202000040279;21;8;2020;08:50;1;83;83123;2;1;1;6;GARE (ROUTE);43,1216740;5,8188930
36254;202000040280;29;8;2020;02:50;3;78;78384;1;1;8;7;BOIS DE MEDAN (ROUTE DU);48,9551600;1,9805500
36255;202000040281;29;8;2020;00:20;5;77;77404;2;1;1;1;RUE VICTOR HUGO;48,5270273;3,2614035
36256;202000040282;29;8;2020;09:55;1;74;74298;2;1;1;3;TANINGES (ROUTE DE );46,1858900;6,2753200
36257;202000040284;28;8;2020;21:00;2;65;65047;2;1;1;6;BOIS (RUE DU);43,2430200;0,1025300
36258;202000040285;29;8;2020;01:45;5;59;59350;2;3;1;2;ERFURT PONT;50,6399300;3,0766200
36259;202000040286;29;8;2020;15:10;1;56;56260;2;1;1;6;BOUCICAUT (RUE ARISTIDE);47,6707100; -2,7914000
36260;202000040287;30;8;2020;00:15;5;44;44109;2;3;8;3;RUE DE L'HOTEL DE VILLE;47,2179100; -1,5534500
36261;202000040288;29;8;2020;18:35;1;41;41295;2;1;2;2;RUE PIERRE GILLES DE GENNES;47,5699300;1,3741100
36262;202000040289;29;8;2020;22:40;5;35;35238;2;2;1;3;HERMINE (DE L');48,1117500; -1,6801700
36263;202000040290;29;8;2020;20:00;1;35;35238;2;9;1;2;MONNAIE ( DE LA);48,1113200; -1,6844800
36264;202000040291;29;8;2020;02:40;5;35;35238;2;3;1;6;VERN (DE);48,0962376; -1,6522378
36265;202000040292;29;8;2020;01:27;5;34;34172;2;1;2;6;FABRE DE MORLHON (BOULEVARD JACQUES);43,5889800;3,8895800
36266;202000040293;29;8;2020;22:40;5;33;33063;2;2;1;3;JARDIN PUBLIC (RUE DU);44,8593600; -0,5711800
36267;202000040294;29;8;2020;22:10;5;30;30189;2;1;1;3;FONTAINE (QUAI);43,8388500;4,3526600
36268;202000040296;29;8;2020;10:00;1;26;26198;2;1;8;6;20 rue Pierre Julien ;44,5562520;4,7500410
36269;202000040297;29;8;2020;13:00;1;25;25056;2;1;1;2;RUE DE BELFORT;47,2597500;6,0464100
36270;202000040298;29;8;2020;16:34;1;17;17300;2;6;1;3;REPUBLIQUE   BOULEVARD DE LA;46,1399700; -1,1450400
36271;202000040299;29;8;2020;08:25;1;17;17291;1;1;1;2;N11;46,1725400; -1,1190200
36272;202000040300;28;8;2020;16:40;1;15;15014;1;1;2;6;BRIAND (AVENUE ARISTIDE);44,9243040;2,4716470
36273;202000040301;15;8;2020;21:50;5;13;13043;2;1;1;7;LOUBATIER (CHE DU );43,3956000;5,2444000
36274;202000040302;29;8;2020;23:00;5;13;13204;2;1;1;3;CHARTREUX (AVENUE DES);43,3112800;5,4010600
36275;202000040303;29;8;2020;12:30;1;13;13204;2;1;2;6;LIBERATION (BOULEVARD);43,3015890;5,3929400
36276;202000040304;29;8;2020;06:10;5;13;13212;2;1;8;6;POILUS (AVENUE DES);43,3154430;5,4616510
36277;202000040305;29;8;2020;00:25;5;13;13204;2;1;8;-1;SAINT JUST (AVENUE DE);43,3126000;5,4016000
36278;202000040306;28;8;2020;11:40;1;13;13005;1;3;1;3;LONGUELANCE (CHEMIN DE );43,3178200;5,5797600
36279;202000040307;29;8;2020;19:55;2;06;06088;2;1;2;5;MARNE (AV. DE LA);43,7260400;7,2697700
36280;202000040308;29;8;2020;21:55;5;06;06069;1;1;2;3;DRAGUIGNAN (ROUTE DE) - D2562-;43,6429660;6,9084170
36281;202000040309;29;8;2020;14:55;1;06;06123;2;1;3;3;ISCLES CHEMIN DES;43,7008000;7,1848200
36282;202000040311;29;8;2020;00:15;5;75;75115;2;3;1;6;BOULEVARD DE GRENELLE;48,8498040;2,2960290
36283;202000040312;27;8;2020;14:30;1;75;75115;2;1;1;3;RUE LINOIS;48,8480410;2,2836050
36284;202000040313;29;8;2020;21:40;5;75;75113;2;1;9;6;RUE DE TOLBIAC;48,8257580;2,3492350
36285;202000040314;29;8;2020;19:08;1;75;75113;2;4;1;3;BOULEVARD DE L HOPITAL;48,8399860;2,3617690
36286;202000040315;29;8;2020;14:20;1;75;75110;2;1;3;2;RUE DU FAUBOURG SAINT MARTIN;48,8831020;2,3676440
36287;202000040316;29;8;2020;17:30;1;75;75107;2;2;2;3;RUE SAINT DOMINIQUE;48,8598040;2,3181540
36288;202000040317;29;8;2020;10:30;1;75;75102;2;7;1;3;PLACE DE L OPERA;48,8706260;2,3320780
36289;202000040319;29;8;2020;07:10;1;75;75101;2;3;1;1;QUAI FRANCOIS MITTERRAND;48,8601110;2,3333320
36290;202000040320;29;8;2020;04:15;3;94;94028;1;1;1;4;POMPADOUR(ROUTE DE LA);48,7771600;2,4420600
36291;202000040321;28;8;2020;18:50;1;94;94002;2;2;1;6;EMILE ZOLA (R);48,7982600;2,4206200
36292;202000040322;29;8;2020;17:45;1;93;93059;2;2;2;6;ETIENNE DOLET (RUE);48,9664000;2,3661000
36293;202000040323;29;8;2020;15:05;1;93;93066;2;4;3;3;GENIN;48,9308204;2,3529900
36294;202000040325;29;8;2020;10:30;1;93;93057;2;1;1;6;BRIAND (AV. ARISTIDE) 214A 236;48,9103495;2,5110643
36295;202000040326;29;7;2020;18:00;1;87;87157;1;3;1;3;Saint-Laurent-les-Églises;45,9706010;1,4826820
36296;202000040327;28;8;2020;19:00;1;68;68005;1;1;1;6;D11.8;48,1081190;7,2362030
36297;202000040328;28;8;2020;09:35;1;68;68277;2;1;1;6;5 Route de Colmar;48,1642310;7,3057980
36298;202000040329;29;8;2020;15:35;1;28;28286;2;2;1;3;Rue des Tilleuls;48,3873800;1,2966330
36299;202000040330;30;8;2020;14:30;1;974;97412;2;1;1;3;Rue Jules Hoareau; -21,3506320;55,6124710
36300;202000040331;29;8;2020;03:20;3;972;97234;1;1;1;1;Rue du Bateau;14,6684030; -61,1555190
36301;202000040332;29;8;2020;14:40;1;62;62645;2;1;6;6;275 Rue Marcel Dalle;50,9827350;2,0566320
36302;202000040333;29;8;2020;17:10;1;46;46103;1;2;1;-1;D19;44,3104760;1,4328470
36303;202000040334;28;8;2020;12:15;1;69;69283;1;9;2;1;983 Rue des Albatros;45,6797210;4,9577470
36304;202000040335;30;8;2020;12:55;1;44;44033;1;1;1;6;La Chapelle-Launay;47,3894520; -1,9871310
36305;202000040336;30;8;2020;07:10;2;44;44089;1;1;1;6;N165 - PK 29.300;47,3499310; -1,8751320
36306;202000040337;28;8;2020;23:47;5;62;62376;1;2;1;3;D182;50,5623390;2,6033630
36307;202000040338;30;8;2020;10:25;1;57;57540;2;1;2;2;Rue du General Rottenbourg;48,7632270;7,2604290
36308;202000040339;30;8;2020;15:45;1;74;74173;1;1;2;6;1775 Route du Leutaz;45,8300430;6,5965910
36309;202000040340;30;8;2020;17:45;1;79;79157;1;1;2;4;;47,0103350; -0,1969600
36310;202000040341;29;8;2020;16:25;1;19;19030;1;1;3;6;A89;45,1690660;1,3245500
36311;202000040342;30;8;2020;01:40;3;89;89237;1;1;1;6;D100;47,6137819;3,6757958
36312;202000040343;30;8;2020;11:00;1;63;63465;1;3;1;3;D205;45,4240200;3,8901470
36313;202000040344;27;8;2020;09:00;1;42;42248;2;7;7;6;Rue d'Urfé;45,9144000;3,8461750
36314;202000040345;29;8;2020;08:05;1;86;86180;1;1;1;7;Route de Poitiers;46,5226330;0,4091280
36315;202000040346;31;7;2020;14:30;1;34;34335;2;1;1;7;Avenue Jean Jaurès;43,6176330;3,1174040
36316;202000040347;29;8;2020;03:20;3;22;22229;1;1;2;7;Les Isles;48,2683660; -3,2760230
36317;202000040349;29;8;2020;23:50;3;29;29145;1;1;1;7;D765 - Menez Nevez;48,0508620; -4,4440980
36318;202000040350;30;8;2020;03:00;5;38;38249;2;1;2;6;Rue General de Gaulle;45,2266190;5,8027640
36319;202000040351;30;8;2020;02:50;3;03;03312;1;1;1;6;;46,4905369;2,8978531
36320;202000040352;30;8;2020;06:15;2;72;72183;1;1;1;7;La Parrerie;47,7029750;0,5290390
36321;202000040354;29;8;2020;17:30;1;60;60319;1;1;2;7;lieu dit le chêne poulleux;49,3649570;1,9425630
36322;202000040355;24;8;2020;14:15;1;64;64013;1;1;1;7;D422;43,2185000; -1,1784550
36323;202000040356;30;8;2020;08:20;3;64;64452;2;1;8;7;2 Chemin de la Carrere;43,3116510; -0,0565690
36324;202000040357;29;8;2020;18:30;1;10;10323;2;2;1;3;Avenue Diderot;48,5163340;3,7149020
36325;202000040358;30;8;2020;02:10;3;10;10317;1;1;1;7;RD 17;47,9762630;4,3871610
36326;202000040359;30;8;2020;10:35;1;07;07038;1;1;8;7;D19;44,6360780;4,0915700
36327;202000040360;30;8;2020;04:30;3;85;85280;1;1;1;6;Route du Molin;46,8699590; -1,9333300
36328;202000040361;28;8;2020;13:24;1;28;28401;2;3;1;6;29 Rue Emile Richard;48,4597540;0,9913770
36329;202000040362;28;8;2020;04:35;3;17;17340;1;1;1;6;D911;46,0842750; -0,7750510
36330;202000040363;29;8;2020;11:10;1;30;30053;2;1;1;2;d8;43,9769270;4,2077420
36331;202000040364;30;8;2020;11:29;1;48;48146;1;1;1;7;D986;44,3606790;3,4058580
36332;202000040365;29;8;2020;13:20;1;67;67506;1;1;1;6;A35;48,6739680;7,7423829
36333;202000040366;28;8;2020;14:00;1;01;01024;1;1;3;3;A40;46,2614270;5,1687940
36334;202000040367;30;8;2020;05:15;3;95;95580;1;1;1;1;RD 317;49,0849940;2,5299186
36335;202000040368;17;8;2020;15:20;1;13;13103;1;1;1;2;A54;43,6274520;5,1062230
36336;202000040369;30;8;2020;01:00;3;988;98823;1;1;1;7;RT3 Tribu de Monéo; -21,1710100;165,5139300
36337;202000040370;29;8;2020;21:00;3;973;97306;1;1;2;7;Route Nationale N 1 PK 241;5,4628960; -53,8920270
36338;202000040371;30;8;2020;18:05;1;77;77476;1;1;8;1;D401;49,0412720;2,9556660
36339;202000040372;30;8;2020;09:50;1;34;34209;1;3;1;7;D37;43,2892330;3,3626100
36340;202000040373;29;8;2020;17:15;1;13;13015;2;1;2;3;AVENUE PIERRE BROSSOLETTE;43,4571320;5,4129120
36341;202000040374;29;8;2020;23:35;5;13;13109;2;1;1;6;664 Avenue Paul Julien;43,5106450;5,4880760
36342;202000040376;29;8;2020;14:20;1;88;88273;1;1;1;6;D66;48,2346430;6,5093350
36343;202000040377;29;8;2020;14:10;1;57;57663;2;1;1;3;289 Rue de Metz;49,2271480;6,1669890
36344;202000040379;29;8;2020;17:00;1;17;17336;2;2;1;3;Rue des Grands Maurices;45,7692740; -0,7181350
36345;202000040380;29;8;2020;10:25;1;17;17240;2;2;1;3;Avenue de la République;45,2821300; -0,3969940
36346;202000040381;29;8;2020;16:30;1;85;85151;2;7;1;6;13 Rue Dauphine;46,9919930; -0,9541140
36347;202000040382;28;8;2020;12:35;1;29;29058;1;1;1;3;D45 - Route de Beg-meil;47,8828880; -4,0053270
36348;202000040383;17;8;2020;18:40;1;80;80025;2;1;1;7;Route de Vron;50,3413810;1,8349020
36349;202000040384;28;8;2020;10:20;1;62;62505;1;1;3;6;autoroute A 16;50,8471390;1,7191460
36350;202000040385;28;8;2020;19:30;1;13;13203;1;1;1;3;A7-Sens Lyon vers Marseille;43,3238000;5,3782000
36351;202000040386;29;8;2020;03:45;3;13;13071;1;1;1;-1;A55 - Sens Marseille vers Martigues;43,3975900;5,2983390
36352;202000040387;29;8;2020;15:17;1;91;91689;1;1;2;4;AUTOROUTE A6;48,7288600;2,3144000
36353;202000040388;29;8;2020;00:50;3;91;91689;1;1;1;2;AUTOROUTE A6;48,7268816;2,3135977
36354;202000040389;29;8;2020;11:00;1;92;92062;1;1;1;7;RN1014 W;48,8875650;2,2514370
36355;202000040390;29;8;2020;04:50;3;78;78321;1;1;1;2;RN12 EXT;48,7990010;1,9197030
36356;202000040391;28;8;2020;15:10;1;78;78640;1;1;1;5;A86 EXT;48,7775620;2,2197010
36357;202000040392;29;8;2020;18:25;1;95;95572;1;1;8;-1; A15;49,0346700;2,1002500
36358;202000040393;29;8;2020;14:45;1;95;95424;1;1;3;7; A15;48,9898361;2,1985679
36359;202000040394;29;8;2020;08:00;1;93;93027;1;1;1;2;AUTOROUTE A1;48,9339700;2,3833900
36360;202000040395;6;9;2020;02:00;3;94;94018;1;1;1;3;A4;48,8174000;2,4218000
36361;202000040396;29;8;2020;20:10;2;94;94018;1;1;2;2;A4;48,8232003;2,3958043
36362;202000040397;29;8;2020;08:00;1;94;94028;1;1;1;7;RN406.Y;48,7766802;2,4422998
36363;202000040398;26;2;2020;17:55;1;94;94028;2;3;8;3;BORDIERES(RUE DES);48,8004200;2,4512900
36364;202000040399;28;8;2020;13:30;1;974;97416;1;9;1;3;DELISLES (ROUTE HUBERT) CD3; -21,3119400;55,5433500