;Num_Acc;jour;mois;an;hrmn;lum;dep;com;agg;int;atm;col;adr;lat;long
36365;202000040400;28;8;2020;14:15;1;974;97411;2;1;1;6;Rue des Jacinthes; -20,9104600;55,4817100
36366;202000040401;27;8;2020;07:25;1;974;97411;2;1;1;6;MALARTIC (RUE); -20,8868200;55,4521800
36367;202000040403;28;8;2020;14:30;1;972;97209;2;3;1;3;TOUSSAINT LOUVERTURE (RUE);14,6081700; -61,0681300
36368;202000040404;28;8;2020;18:00;1;69;69081;2;1;3;2;PROFESSEUR PAUL SANTY (DU)   AL;45,7700000;4,7700000
36369;202000040405;27;8;2020;12:23;1;69;69384;2;1;1;1;CANUTS (DES)                        (BD);45,7799216;4,8274192
36370;202000040406;27;8;2020;12:10;1;87;87085;1;1;1;2;RN520;45,8913300;1,2842900
36371;202000040407;28;8;2020;17:45;1;86;86194;2;3;1;2;Rocade Ouest;46,6086626;0,3429018
36372;202000040408;28;8;2020;13:45;1;83;83069;2;1;1;3;TOULON (VIEUX CHEMIN DE);43,1233600;6,1012400
36373;202000040409;28;8;2020;12:30;1;83;83069;2;6;1;3;DECUGIS (AVENUE ALFRED);43,1163900;6,1467400
36374;202000040410;27;8;2020;07:15;1;77;77337;1;1;1;6;D199 - MARNE VPN (ROUTE DE LA);48,8462233;2,6301431
36375;202000040411;28;8;2020;14:55;1;77;77040;1;2;1;-1;D607;48,5126100;2,5689400
36376;202000040413;27;8;2020;22:20;5;74;74008;2;1;1;3;HELVETIE (RUE DE L');46,1944300;6,2241700
36377;202000040414;26;8;2020;19:20;1;71;71306;2;1;1;-1;LUCY (RUE DE);46,6661548;4,3332367
36378;202000040415;28;8;2020;19:10;1;69;69256;2;1;2;4;8 MAI 1945 (DU)                     (AV);45,7869100;4,9194200
36379;202000040416;28;8;2020;17:46;1;69;69290;2;2;3;3;TEMPS MODERNES (DES)            (AV);45,7112300;4,9123000
36380;202000040417;28;8;2020;13:00;1;69;69290;2;4;3;3;ST BONNET DE MURE (DE)              (CH);45,6919900;4,9669600
36381;202000040418;28;8;2020;13:50;1;69;69091;1;1;2;3;NEUVE (RTE);45,5656500;4,7758300
36382;202000040419;28;8;2020;10:15;1;65;65440;2;1;3;6;GONNES (RUE DE);43,2285600;0,0750400
36383;202000040420;28;8;2020;13:50;1;64;64024;2;1;2;2;BARRE (PROMENADE DE LA);43,5087357; -1,5216535
36384;202000040421;27;8;2020;15:34;1;63;63113;2;2;1;5;lafayette/sablon;45,7735700;3,0900000
36385;202000040422;27;8;2020;16:50;1;62;62119;2;9;8;6;AIRE ( RUE D' );50,5389614;2,6293676
36386;202000040423;27;8;2020;13:25;1;56;56162;2;3;2;3;PINS (RUE DES);47,7322500; -3,4325300
36387;202000040424;28;8;2020;11:50;1;54;54184;2;1;1;2;BRIGACHTAL (AVENUE DE);48,7032892;6,2290066
36388;202000040425;28;8;2020;07:50;1;54;54526;2;2;1;3;JAURES (BOULEVARD JEAN);48,6883399;6,2097269
36389;202000040426;27;8;2020;08:30;1;54;54395;2;1;1;3;VINGT SIXIEME R.I. (BOULEVARD DU 2 A 44);48,6960054;6,1897344
36390;202000040427;27;8;2020;14:30;1;46;46042;2;1;1;3;RACINE (RUE JEAN);44,4617300;1,4522300
36391;202000040428;28;8;2020;13:45;1;45;45302;1;9;1;2;Route d’Ormes;47,9523000;1,8575000
36392;202000040429;28;8;2020;10:20;1;45;45285;2;1;1;2;Rue Charles Beauhaire;47,9151201;1,8680476
36393;202000040430;8;2;2020;15:00;1;74;74011;2;1;1;2;rue de Verdun;45,9070510;6,1588080
36394;202000040431;7;2;2020;18:00;3;47;47185;2;3;1;5;17 Rue des Coccinelles;44,4871300;0,9663570
36395;202000040432;8;2;2020;09:50;1;29;29160;1;3;1;6;Lieu-dit Pellan;48,5237390; -4,4229840
36396;202000040434;9;2;2020;19:15;3;38;38449;2;1;1;6;D1006;45,6604400;5,1025000
36397;202000040435;9;2;2020;03:50;5;02;02352;2;1;1;6;9 Route Nationale;50,0042190;3,2480100
36398;202000040437;8;2;2020;14:30;1;01;01245;1;1;1;5;D 979;46,1644880;5,3973340
36399;202000040438;8;2;2020;07:30;2;70;70060;1;1;1;7;Route communale 3;47,3179810;5,8400920
36400;202000040440;7;2;2020;16:20;1;06;06102;1;1;1;6;M66;44,0708290;7,1453670
36401;202000040441;7;2;2020;19:20;3;50;50111;1;2;1;3;Les Petites Landes;49,0359410; -1,2979050
36402;202000040442;8;2;2020;18:30;5;90;90009;2;3;1;4;41 Rue du Docteur Julg;47,4911670;6,9219370
36403;202000040443;9;2;2020;06:05;3;64;64268;2;1;5;6;Place de Mendy;43,1745120; -0,9164360
36404;202000040444;8;2;2020;20:00;5;18;18160;2;1;1;6;62 Grande Rue;46,9968640;2,8241760
36405;202000040445;7;2;2020;16:30;1;40;40287;1;1;1;6;RD 46;44,5013420; -1,0514260
36406;202000040446;8;2;2020;19:40;3;28;28305;1;2;8;3;Bullainville;48,1856700;1,4989260
36407;202000040447;8;2;2020;17:00;1;37;37085;1;1;2;2;La Grande Couture;47,2197056;0,8890701
36408;202000040448;8;2;2020;17:45;1;30;30085;1;1;1;1;D3;43,9665810;4,4805770
36409;202000040449;29;1;2020;18:50;5;33;33122;1;1;1;1;Avenue Salvador Allende;44,7811760; -0,6877810
36410;202000040450;9;2;2020;02:30;5;06;06085;2;1;1;7;Avenue Notre-dame de Vie;43,6002850;7,0035410
36411;202000040452;9;2;2020;17:05;1;83;83035;1;1;1;1;412 Montée du Vieux Camp;43,2337520;5,7659390
36412;202000040453;8;2;2020;17:15;2;83;83055;1;1;1;7;D562;43,5877620;6,6700150
36413;202000040454;25;1;2020;17:54;5;68;68021;2;3;1;3;D66;47,6385450;7,5132750
36414;202000040455;9;2;2020;18:30;3;73;73006;1;1;1;1;N90 Aime-la-Plagne;45,5524537;6,6359400
36415;202000040456;9;2;2020;00:10;3;01;01313;1;1;1;2;Prévessin-Moëns;46,2541630;6,0591420
36416;202000040457;8;2;2020;11:45;1;69;69037;2;1;1;7;le lozet;46,0220140;4,5005970
36417;202000040458;9;2;2020;10:45;1;09;09334;1;1;1;3;D208;42,7636810;1,4954710
36418;202000040459;8;2;2020;18:45;3;33;33248;2;4;2;6;16 Rue Maxime Hostein;45,0732200; -0,7906500
36419;202000040460;9;2;2020;01:50;3;27;27242;1;9;6;6;D23;48,9738650;0,7869280
36420;202000040461;7;2;2020;15:56;1;27;27684;2;1;1;2;Route nationale 13;49,0151240;1,1930250
36421;202000040462;9;2;2020;10:00;1;60;60282;1;1;1;1;;49,2060754;2,4613986
36422;202000040463;9;2;2020;08:30;1;60;60355;1;1;6;7;Route nationale 31;49,4124885;2,2122284
36423;202000040464;7;2;2020;13:00;1;13;13071;1;1;1;2;A55- Sens Marseille vers Martigues;43,3758010;5,3190020
36424;202000040465;6;2;2020;23:54;3;13;13215;1;1;1;3;A7-Sens Lyon vers Marseille;43,3789471;5,3548422
36425;202000040466;4;2;2020;19:00;3;69;69290;1;9;3;4;A 43   ;45,7052800;4,9608100
36426;202000040467;8;2;2020;08:00;1;33;33063;1;1;2;6;ROCADE A 630;44,8829800; -0,5612800
36427;202000040468;8;2;2020;17:25;1;91;91174;1;1;3;3;RN 104;48,6113000;2,4471000
36428;202000040469;8;2;2020;05:45;4;91;91589;1;1;1;4;AUTOROUTE A6;48,6789300;2,3345600
36429;202000040470;7;2;2020;19:45;3;94;94034;1;1;1;7;AUTOROUTE A86;48,7562000;2,3360000
36430;202000040471;7;2;2020;13:40;1;93;93030;1;1;1;2;AUTOROUTE A1;48,9396800;2,4209200
36431;202000040472;7;2;2020;12:20;1;60;60505;1;1;1;5;AUTOROUTE A1;49,1695800;2,5994900
36432;202000040473;7;2;2020;12:15;1;988;98818;2;3;1;3;ROUTE DE LA BAIE DES DAMES/RUE HENRI SIMONIN; -22,2347800;166,4425900
36433;202000040474;6;2;2020;20:35;5;988;98818;2;1;2;6;VE1 SENS SUD/NORD; -22,2496100;166,4504100
36434;202000040475;7;2;2020;07:50;1;974;97409;2;3;1;3;Avenue Ile de France; -20,9581480;55,6497990
36435;202000040476;7;2;2020;18:14;1;973;97302;2;1;1;3;BADUEL (ROUTE DE);4,9309260; -52,3058224
36436;202000040477;7;2;2020;14:17;1;973;97302;2;3;1;-1;RABAN (ROUTE DE);4,9335556; -52,3133111
36437;202000040478;7;2;2020;08:10;1;973;97302;2;1;1;6;CABASSOU (ROUTE DE);4,9171583; -52,3123884
36438;202000040479;7;2;2020;08:30;1;972;97209;2;1;1;6;GOUVENEUR GENERAL F. EBOUE (AVENUE);14,6050000; -61,0660000
36439;202000040480;7;2;2020;21:00;5;69;69389;2;9;1;-1;ARLOING                             (QU);45,7724000;4,8110300
36440;202000040481;4;2;2020;20:20;5;69;69149;2;2;2;3;GRANDE RUE                          (GR);45,7173600;4,8095700
36441;202000040482;4;2;2020;19:10;5;69;69381;2;1;9;7;POUTEAU                             (R );45,7717700;4,8331500
36442;202000040484;7;2;2020;13:00;1;2A;2A004;2;2;1;3;MARECHAL JUIN AVENUE;41,9387803;8,7509350
36443;202000040485;6;2;2020;19:36;5;91;91223;2;9;1;1;BRIERES LES SCELLES (ROUTE DE);48,4527290;2,1671590
36444;202000040486;6;2;2020;17:05;1;91;91223;2;1;1;2;HENRI IV (BOULEVARD);48,4343180;2,1546300
36445;202000040487;6;2;2020;19:40;5;91;91201;2;2;1;3;PIERRE BROSSOLETTE (RUE);48,6889300;2,4222800
36446;202000040488;7;2;2020;21:10;5;91;91174;2;9;1;4;PATTON (PONT);48,6134300;2,4841700
36447;202000040489;7;2;2020;13:15;1;91;91347;2;1;1;6;MORT RU (VOIE DU);48,6522530;2,2754620
36448;202000040490;6;2;2020;22:35;5;87;87085;2;1;1;2;LIBERATION (AVENUE DE LA);45,8341300;1,2598200
36449;202000040491;6;2;2020;08:05;1;86;86194;2;1;1;6;Rue de l’Intendant le Nain;46,5921068;0,3403386
36450;202000040492;7;2;2020;23:10;4;85;85191;2;1;1;6;Rue Olof Palme;46,6482600; -1,4153100
36451;202000040493;7;2;2020;12:55;1;83;83069;2;1;1;2;NOCART (AVENUE);43,1204200;6,1353800
36452;202000040494;7;2;2020;18:55;5;82;82121;2;1;1;3;MOULIN N 2020 (AVENUE JEAN);44,0266500;1,3668510
36453;202000040495;5;2;2020;17:05;1;80;80021;2;1;1;3;CHATEAU MILAN (RUE DU);49,9025700;2,2850400
36454;202000040496;4;2;2020;19:05;5;77;77373;2;1;1;6;REPUBLIQUE (AV. DE LA);48,8016600;2,6061300
36455;202000040498;5;2;2020;23:45;5;76;76540;2;1;1;6;GAMBETTA. BOULEVARD LEON;49,4414500;1,1126500
36456;202000040499;6;2;2020;14:30;1;76;76351;2;2;1;3;FOCH (AVENUE);49,4934500;0,1036900
36457;202000040500;7;2;2020;21:10;3;69;69277;1;1;1;2;MEYZIEU (DE)                            ;45,7085000;5,0288000
36458;202000040501;7;2;2020;12:49;3;64;64483;2;3;2;-1;CHANTACO (AVENUE DE );43,3800300; -1,6400200
36459;202000040502;6;2;2020;16:10;1;64;64445;2;9;1;3;OLOF PALME;43,3311700; -0,3581300
36460;202000040503;7;2;2020;17:15;1;64;64102;2;3;1;5;SOULT (AVENUE MARECHAL);43,4857400; -1,4912200
36461;202000040504;7;2;2020;16:30;1;64;64102;2;1;1;4;SOULT (AVENUE MARECHAL);43,4842300; -1,4983600
36462;202000040505;6;2;2020;20:30;5;64;64102;2;3;1;3;ETCHEVERRY (RUE DENIS);43,4948000; -1,4673700
36463;202000040506;7;2;2020;07:47;2;63;63063;1;3;1;3;VERTE (RUE)/rondeau;45,8382118;3,1224706
36464;202000040507;5;2;2020;20:25;5;63;63113;2;1;1;3;BARBIER DAUBREE (AVENUE);45,7870500;3,0921000
36465;202000040508;6;2;2020;18:55;5;60;60382;2;5;1;6;BARTHOU (RUE LOUIS);49,4267230;2,8170200
36466;202000040509;7;2;2020;14:25;1;59;59009;2;3;1;-1;LILLE, rue de;50,6270100;3,1413900
36467;202000040510;7;2;2020;16:45;2;57;57463;2;1;-1;7;FALOGNE (RUE DE LA );49,0981400;6,2404000
36468;202000040511;5;12;2020;19:05;5;22;22113;2;1;2;1;BIENFAISANCE (RUE DE LA);48,7293500; -3,4527100
36469;202000040512;25;1;2020;16:45;2;54;54099;1;6;5;2;906 (RD);49,2551000;5,9486300
36470;202000040513;5;12;2020;17:50;3;13;13117;1;9;1;4;LA BASTIDE BLANCHE CD 9;43,4275920;5,2660750
36471;202000040514;6;12;2020;17:30;5;13;13210;2;1;1;3;PONT DE VIVAUX (BOULEVARD);43,2815300;5,4270200
36472;202000040515;6;2;2020;20:27;3;49;49007;2;1;1;3;MONTESQUIEU PASSAGE;47,4734100; -0,5797400
36473;202000040516;6;12;2020;14:50;1;13;13206;2;3;1;3;PRADO (AVENUE DU);43,2840060;5,3848110
36474;202000040517;7;2;2020;07:55;2;47;47032;2;6;1;3;ANATOLE FRANCE;44,1978900;0,6465300
36475;202000040518;6;12;2020;16:15;1;13;13028;2;6;1;3;DULAC (AVENUE GUILLAUME);43,1989824;5,6166640
36476;202000040519;7;2;2020;16:00;1;45;45004;1;1;1;6;D2060 - PR 22+885;48,0051459;2,8049221
36477;202000040521;6;12;2020;18:18;5;06;06088;2;2;1;3;ARSON (RUE);43,7007300;7,2867400
36478;202000040522;11;1;2020;11:15;1;43;43157;2;1;2;6;4 Rue Montferrand;45,0466100;3,8815300
36479;202000040523;6;12;2020;18:25;5;04;04070;2;1;1;6;RD 19 (bd Thiers);44,0907020;6,2329029
36480;202000040524;24;11;2020;13:50;1;75;75119;2;1;1;6;BOULEVARD PERIPHERIQUE;48,9003090;2,3779940
36481;202000040526;6;12;2020;09:39;1;75;75120;2;3;1;3;AVENUE DE LA PORTE DE BAGNOLET;48,8647830;2,4101700
36482;202000040527;6;12;2020;12:30;1;75;75118;2;7;1;3;RUE DE LA CHAPELLE;48,8950800;2,3593830
36483;202000040528;2;2;2020;07:15;5;33;33032;2;6;1;6;QUAI DE VIAL;44,9150000; -0,5420000
36484;202000040529;6;12;2020;20:20;5;75;75116;2;2;8;3;RUE CLAUDE TERRASSE;48,8395830;2,2633240
36485;202000040530;7;2;2020;07:15;3;31;31149;2;1;1;1;16 Chemin de Garrabot;43,5982100;1,3041900
36486;202000040532;6;2;2020;23:10;5;31;31555;2;2;1;3;RUE DE LA REPUBLIQUE;43,5989000;1,4366200
36487;202000040533;6;12;2020;14:10;1;75;75112;2;2;1;6;AVENUE DAUMESNIL;48,8446060;2,3809420
36488;202000040534;6;2;2020;19:55;5;31;31555;2;1;1;3;66 BOULEVARD MATABIAU;43,6159300;1,4393300
36489;202000040535;6;12;2020;11:45;1;75;75112;2;1;8;6;BOULEVARD DE PICPUS;48,8466890;2,3997360
36490;202000040536;31;1;2020;19:15;3;31;31555;1;1;1;2;VA007331 A620;43,5662200;1,4835900
36491;202000040537;6;12;2020;11:40;1;75;75111;2;3;1;2;RUE DE LA ROQUETTE;48,8589540;2,3852800
36492;202000040538;7;2;2020;08:35;1;31;31565;2;1;1;3;Route de Barbazan;43,0915000;0,6944000
36493;202000040539;6;12;2020;13:50;1;75;75110;2;2;1;3;BOULEVARD DE MAGENTA;48,8773600;2,3551020
36494;202000040540;6;2;2020;18:47;5;29;29232;2;1;1;3;Quai de l'Odet;47,9921100; -4,1094000
36495;202000040541;6;12;2020;15:20;1;75;75104;2;3;8;7;RUE DE TURENNE;48,8554950;2,3636310
36496;202000040542;7;2;2020;11:00;1;28;28209;2;1;1;6;PAIX (AVENUE DE LA );48,4697000;1,4808400
36497;202000040543;6;12;2020;20:30;5;93;93066;2;1;1;-1;HUIT MAI 1945 (PLACE);48,9392800;2,3553800
36498;202000040544;10;1;2020;21:30;5;27;27229;2;2;1;3;BUZOT (RUE);49,0264100;1,1572300
36499;202000040545;6;12;2020;19:20;5;93;93062;2;1;1;5;ALL DE MONTFERMEIL;48,8955813;2,5254719
36500;202000040546;7;2;2020;11:40;1;26;26362;1;1;1;6;FAUCONNIERES ROUTE DE;44,9459200;4,9430900
36501;202000040547;6;12;2020;13:05;1;93;93074;1;1;8;3;Route Nationale 3;48,9337112;2,5862821
36502;202000040548;7;2;2020;17:25;1;25;25462;2;1;1;6;Rue Montrieux;46,9013520;6,3574040
36503;202000040549;6;12;2020;14:00;1;93;93005;2;1;1;6;ANDRE CITROEN (BOULEVARD);48,9588348;2,4858760
36504;202000040550;5;2;2020;08:00;1;21;21278;2;6;1;3;MORVAN (DU) (RUE);47,3406432;5,0344393
36505;202000040551;6;12;2020;18:15;5;92;92026;2;1;1;2;PONT DE LEVALLOIS;48,9013286;2,2762061
36506;202000040552;6;2;2020;10:02;1;21;21054;2;1;1;4;11 Rue du Faubourg Bretonnière;47,0215940;4,8329268
36507;202000040553;6;12;2020;06:50;5;92;92019;2;1;1;7;DIVISION LECLERC (AVENUE DE LA);48,7632000;2,2771300
36508;202000040554;6;2;2020;16:10;1;19;19031;2;2;1;-1;ROOSEVELT (AVENUE DU PRESIDENT);45,1592100;1,5304100
36509;202000040555;7;12;2020;01:15;3;35;35008;1;1;2;6;Le Haut Fourneau;47,9652170; -1,1619120
36510;202000040556;6;2;2020;23:55;3;16;16150;1;1;1;6;Ld La Pointe des Bordons;45,6606465; -0,2972061
36511;202000040557;6;2;2020;19:05;3;15;15014;2;3;1;6;ABBE DE PRADT (RUE DE);44,9095690;2,4306360
36512;202000040558;29;9;2020;09:45;1;72;72155;2;1;1;5;RD 338;47,8632000;0,2525000
36513;202000040559;7;12;2020;12:40;1;85;85215;1;1;2;6;Le Creux Sec;46,8728470; -1,2000590
36514;202000040560;7;2;2020;15:55;1;14;14220;2;1;1;2;REPUBLIQUE (AVENUE DE LA);49,3557600;0,0697400
36515;202000040561;6;2;2020;08:00;2;14;14366;2;7;1;6;GEORGES CLEMENCEAU (PLACE);49,1475500;0,2276700
36516;202000040562;5;12;2020;11:15;1;51;51440;1;1;1;3;D20;49,3003743;4,3049188
36517;202000040563;7;2;2020;20:45;5;13;13211;2;2;1;3;SAINT LOUP (BOULEVARD DE);43,2840110;5,4355680
36518;202000040564;24;11;2020;10:00;1;12;12198;1;1;1;7;Route de Prèvinquières;44,3240250;2,2494510
36519;202000040565;7;2;2020;13:30;1;13;13201;2;9;1;-1;CANEBIERE     70 A FIN;43,2967330;5,3786830
36520;202000040566;7;12;2020;10:20;1;12;12162;1;1;2;1;D 911;44,2945560;2,4094480
36521;202000040567;7;12;2020;15:30;1;68;68349;2;1;1;6;Boulevard d'Alsace;47,6117620;7,5747510
36522;202000040568;7;2;2020;05:00;5;13;13210;2;1;1;2;JEAN MOULIN (BOULEVARD);43,2871040;5,4002640
36523;202000040569;5;2;2020;07:40;1;13;13214;2;1;1;2;PLOMBIERES (BOULEVARD DES);43,3190140;5,3786830
36524;202000040570;1;12;2020;19:55;4;44;44188;1;3;1;3;D61;47,0352370; -1,6840710
36525;202000040571;6;12;2020;09:30;1;35;35068;1;1;2;3;N157;48,0967500; -1,4075410
36526;202000040572;7;2;2020;22:45;3;13;13047;1;1;1;6;SAINT CHAMAS ROUTE DE;43,5300000;5,0120000
36527;202000040573;6;2;2020;13:40;1;11;11069;2;1;1;2;PAPIN DENIS -BD-;43,2076400;2,3155840
36528;202000040574;7;12;2020;18:05;5;31;31224;2;1;2;6;Avenue de Luchon;43,0745470;0,5850770
36529;202000040575;7;2;2020;03:30;5;10;10387;2;1;1;6;PASTEUR (RUE);48,3009200;4,0645000
36530;202000040576;7;12;2020;07:20;3;38;38561;1;1;1;6;Route de Marcilloles;45,3272890;5,1962970
36531;202000040577;6;2;2020;22:30;5;10;10081;2;3;7;3;MYOSOTIS (RUE DES);48,3104500;4,0276800
36532;202000040579;22;11;2020;17:40;3;38;38442;1;1;8;7;Route du Charmant Som;45,3041400;5,7567900
36533;202000040580;7;2;2020;13:30;1;01;01451;1;1;1;1;BRESSE (AVENUE DE );46,2227900;5,2062300
36534;202000040581;7;2;2020;08:55;1;75;75117;2;1;1;2;PORTE DE CHAMPERRET;48,8864230;2,2892970
36535;202000040582;6;12;2020;17:50;3;72;72241;1;3;1;3;Intersection D.20 et C.401;48,0575740;0,3787490
36536;202000040583;6;2;2020;09:40;1;75;75117;2;4;1;7;PORTE DE SAINT OUEN;48,9003550;2,3222390
36537;202000040584;7;12;2020;17:30;2;50;50082;2;2;1;6;Rte de Saint Sauveur le Vicomte;49,4672180; -1,6335240
36538;202000040585;5;2;2020;01:14;5;75;75107;2;1;1;7;PLACE JOFFRE;48,8527140;2,3031340
36539;202000040586;7;2;2020;10:00;1;75;75119;2;1;1;3;RUE DE CRIMEE;48,8883670;2,3793960
36540;202000040588;7;2;2020;16:10;1;75;75117;2;2;1;3;AVENUE DE VILLIERS;48,8819510;2,3135700
36541;202000040589;7;12;2020;08:15;2;60;60030;1;1;5;1;Route Départementale 927;49,3252133;2,0862526
36542;202000040590;7;2;2020;08:30;1;75;75117;2;1;1;6;RUE CARDINET;48,8919840;2,3098510
36543;202000040592;6;2;2020;23:25;5;75;75117;2;2;1;3;RUE BAYEN;48,8821530;2,2916930
36544;202000040593;5;12;2020;20:00;3;987;98729;1;1;1;1;RT91 route du belvédère en dessus du sofitel; -17,5331890; -149,8386110
36545;202000040594;7;2;2020;11:20;1;75;75115;2;2;1;6;RUE DU HAMEAU;48,8351330;2,2890270
36546;202000040595;6;12;2020;02:40;5;988;98815;2;1;1;7;Tribu de Tadine; -21,5467400;167,8823000
36547;202000040596;7;2;2020;22:00;5;75;75114;2;3;1;6;RUE DE LA TOMBE ISSOIRE;48,8320680;2,3353530
36548;202000040597;7;12;2020;22:00;3;988;98817;1;3;2;6;PK 13 route de la corniche; -22,2758230;166,6224610
36549;202000040598;7;2;2020;12:30;1;75;75115;2;2;1;2;RUE LECOURBE;48,8426060;2,3026950
36550;202000040599;6;12;2020;20:30;3;976;97607;1;1;1;1;Route Nationale - Ironi Be; -12,8345440;45,1882480
36551;202000040600;7;2;2020;11:00;1;75;75109;2;1;1;-1;RUE MONCEY;48,8799330;2,3295440
36552;202000040601;7;2;2020;10:30;1;75;75108;2;2;1;3;RUE CAMBACERES;48,8732360;2,3179450
36553;202000040602;6;12;2020;17:35;1;974;97422;2;3;1;3;Rue Jean de Fos du Rau; -21,2206920;55,5599550
36554;202000040603;22;11;2020;02:00;3;973;97305;1;1;2;1;RN1 PK 19.950;4,9625223; -52,4341393
36555;202000040604;7;2;2020;09:00;1;75;75108;2;2;1;3;COURS ALBERT 1ER;48,8646140;2,3103230
36556;202000040605;6;12;2020;12:22;1;971;97107;1;1;1;7;morne salé;15,9996360; -61,6039470
36557;202000040606;7;2;2020;12:45;1;75;75107;2;2;1;3;PONT ALEXANDRE III;48,8628370;2,3134850
36558;202000040607;7;12;2020;07:40;2;95;95142;2;1;5;3;Rue de Marines;49,1580110;1,9428530
36559;202000040608;6;12;2020;21:12;3;2B;2B354;2;1;2;1;RT 20;42,1705330;9,1719530
36560;202000040609;7;2;2020;19:20;5;75;75104;2;4;1;3;BOULEVARD HENRI IV;48,8522310;2,3659700
36561;202000040611;7;2;2020;15:15;1;75;75103;2;3;1;6;RUE BEAUBOURG;48,8620280;2,3539260
36562;202000040612;7;12;2020;17:30;3;57;57209;1;1;1;2;JEAN MONNET;49,0319700;6,5972260
36563;202000040613;7;2;2020;19:20;5;75;75101;2;1;1;3;BOULEVARD DE SEBASTOPOL;48,8621520;2,3502420
36564;202000040614;6;2;2020;23:35;5;75;75101;2;1;1;7;PLACE DU PONT NEUF;48,8569330;2,3413730
36565;202000040615;7;12;2020;07:30;2;63;63284;1;6;1;3;D1093;45,7927961;3,2268745
36566;202000040616;5;12;2020;18:04;3;33;33496;2;1;2;6;29 Avenue de la Tour;44,8485980; -0,3970630
36567;202000040617;7;2;2020;09:40;1;94;94080;2;1;1;3;Avenue de Paris;48,8452080;2,4319470
36568;202000040619;7;2;2020;12:00;1;94;94052;2;1;1;6;STRASBOURG (BD DE);48,8359000;2,4748000
36569;202000040620;7;2;2020;13:02;1;94;94003;2;1;7;5;ASPASIE JULES CARON (R);48,8009600;2,3323500
36570;202000040621;7;2;2020;05:13;5;94;94011;2;6;1;6;Avenue Jean Rostand;48,7683200;2,4873600
36571;202000040622;7;12;2020;08:20;2;14;14658;1;1;5;5;D524;48,8308120; -1,0771370
36572;202000040623;10;2;2020;17:30;1;94;94077;2;1;2;2;VOEUX SAINT GEORGES (R DES);48,7310930;2,4370980
36573;202000040624;7;12;2020;12:15;1;14;14047;2;1;5;1;rue des fossés fondues;49,2692820; -0,6814210
36574;202000040625;6;12;2020;09:10;1;29;29103;2;1;1;6;Rue Théodore Botrel;48,4436040; -4,2580120
36575;202000040626;7;2;2020;16:55;1;94;94079;2;1;1;5;ANDRE ROUY (R);48,8223700;2,5535500
36576;202000040627;7;12;2020;07:40;3;76;76678;1;1;5;3;D915;49,6362730;1,4476100
36577;202000040628;7;2;2020;19:30;5;94;94018;2;1;1;2;CARRIERES (QU DES);48,8180400;2,4147200
36578;202000040629;4;2;2020;13:00;1;94;94018;2;2;1;6;PARIS (R DE);48,8215000;2,4137400
36579;202000040630;6;2;2020;19:50;5;94;94069;2;1;1;3;REPUBLIQUE (QU DE LA);48,8178773;2,4238694
36580;202000040631;5;12;2020;20:30;3;13;13071;1;1;1;4;A7-Sens Marseille vers Lyon;43,4069200;5,3273400
36581;202000040632;7;2;2020;18:00;5;94;94017;2;9;1;3;CHARLES BAUDIN (AV);48,8175600;2,5551900
36582;202000040633;4;12;2020;16:30;1;13;13215;1;1;2;2;A7-Sens Lyon vers Marseille;43,3647000;5,3604000
36583;202000040634;7;2;2020;17:30;1;94;94071;2;1;1;6;PENDANTS (R DES);48,7727060;2,5280370
36584;202000040635;5;12;2020;12:10;1;13;13005;1;1;2;6;A501-Sens Aubagne vers Pont de l'Etoile;43,2886300;5,5498800
36585;202000040636;7;2;2020;09:45;1;93;93066;2;1;1;3;"""LANDY RD 20, NR IMPAIRS 146 A 254""";48,9150399;2,3501683
36586;202000040638;7;2;2020;12:35;1;93;93055;2;1;1;6;JEAN JAURES (AVENUE) ;48,9036200;2,3921500
36587;202000040639;7;2;2020;14:14;1;93;93048;2;7;1;6;PAUL VAILLANT COUTURIER (BOULEVARD);48,8627651;2,4416526
36588;202000040640;7;2;2020;08:39;1;93;93045;2;2;1;1;SABLONS RUE DES;48,8822000;2,4233000
36589;202000040641;6;12;2020;15:45;1;33;33096;1;1;1;6;AUTOROUTE A 10;44,8885200; -0,5045400
36590;202000040642;7;2;2020;09:05;1;93;93045;2;1;1;3;Boulevard Eugène Decros;48,8822916;2,4149930
36591;202000040643;6;12;2020;01:25;3;78;78043;1;1;2;7;A12 Y;48,8414000;2,0941000
36592;202000040644;7;2;2020;22:00;5;93;93027;2;3;1;3;PASTEUR (BOULEVARD) DE 1 A 39;48,9209800;2,3831100
36593;202000040646;6;12;2020;19:10;3;95;95563;1;1;1;6; A115;49,0115000;2,2254000
36594;202000040647;7;2;2020;15:20;1;93;93007;2;2;1;6;"""JEAN BART (AVENUE """"COTE IMPAIRS"""")""";48,9224500;2,4695300
36595;202000040648;6;12;2020;11:20;1;93;93010;1;1;1;2;AUTOROUTE A3;48,9027700;2,4707900
36596;202000040649;6;2;2020;10:05;1;92;92075;2;4;1;2;LARMEROUX (RUE)/ PAIX (AVENUE DE LA);48,8148000;2,2781600
36597;202000040651;6;2;2020;15:25;1;92;92022;2;1;1;6;FRANCE (RUE ANATOLE);48,8047200;2,1881700
36598;202000040652;6;12;2020;14:30;1;94;94069;1;1;1;2;A4;48,8168253;2,4461100