;Num_Acc;jour;mois;an;hrmn;lum;dep;com;agg;int;atm;col;adr;lat;long
36599;202000040653;5;2;2020;11:34;1;92;92022;2;1;1;6;CARNOT (RUE);48,8114760;2,1886110
36600;202000040654;7;2;2020;12:55;1;92;92033;2;9;1;1;RAYMOND POINCARE;48,8431169;2,1735086
36601;202000040656;7;2;2020;19:00;5;92;92051;2;1;1;6;CHARTRES (RUE DE );48,8801880;2,2795522
36602;202000040657;4;12;2020;07:50;1;974;97411;2;9;1;7;JAURES (BOULEVARD JEAN); -20,9231600;55,5014800
36603;202000040659;5;12;2020;02:00;4;973;97302;1;1;1;6;ROUTE NATIONALE 3;4,9019800; -52,3123800
36604;202000040661;5;12;2020;16:45;1;972;97209;1;1;1;2;PROFESSEUR RAYMOND GARCIN (RUE DU);14,6246900; -61,0786500
36605;202000040662;6;2;2020;17:28;1;92;92007;2;1;1;4;DORMOY AVENUE MARX N°102 A FIN;48,8096600;2,3224600
36606;202000040663;5;12;2020;08:15;1;972;97209;1;1;1;6;FONTAINE DIDIER (RUE DE LA);14,6433400; -61,0858700
36607;202000040664;7;2;2020;09:45;1;92;92026;1;6;1;2;ABREUVOIR;48,8921600;2,2535600
36608;202000040665;6;2;2020;13:35;1;92;92024;2;2;1;6;GENERAL LECLERC (BD DU) (9 A 59)   (4 A;48,9021166;2,3143148
36609;202000040666;5;12;2020;01:00;3;972;97209;2;4;1;-1;RN9;14,6142700; -61,0412400
36610;202000040667;7;2;2020;17:20;1;92;92023;2;1;8;6;DIVISION LECLERC (RUE DE LA);48,7957000;2,2701000
36611;202000040668;26;9;2020;15:30;1;01;01112;1;1;3;5;D12;46,1047800;5,5488680
36612;202000040670;3;12;2020;22:40;5;972;97209;2;1;1;3;CHATEAUBOEUF (ROUTE DE);14,6187900; -61,0450300
36613;202000040671;25;9;2020;21:00;3;69;69039;1;1;2;1;D385;45,9928702;4,5036551
36614;202000040672;5;12;2020;14:25;1;69;69382;2;2;1;3;DENUZIERE                           (R );45,7449900;4,8198700
36615;202000040673;25;9;2020;18:35;2;69;69227;1;1;2;4;D311;45,6645565;4,5803564
36616;202000040674;7;2;2020;12:25;1;92;92012;2;3;1;3;PARIS (RUE DE) 97BIS/FIN - 116/FIN;48,8416410;2,2358630
36617;202000040675;19;9;2020;15:20;1;27;27448;2;1;1;-1;14 Rue Pasteur;49,0183500;1,3745730
36618;202000040676;8;2;2020;10:00;1;12;12300;2;1;1;7;107 avenue du Quercy;44,3559970;2,0269950
36619;202000040677;26;9;2020;15:10;1;60;60639;2;1;1;7;Route de l'Aéorport;49,4605410;2,1131620
36620;202000040678;7;2;2020;23:15;5;86;86183;2;1;1;6;105 Route Nationale Dix;46,9673440;0,6077780
36621;202000040679;25;9;2020;19:00;1;59;59477;2;8;2;7;96 Rue Victor Hugo;50,5161140;2,9047730
36622;202000040681;25;9;2020;08:15;1;13;13071;1;1;2;3;A51-Sens Aix en Provence vers Marseille;43,4191290;5,3670000
36623;202000040682;4;12;2020;07:15;1;971;97120;2;2;1;2;BD LEGITIMUS;16,2441617; -61,5343783
36624;202000040683;8;2;2020;18:40;3;60;60010;1;1;8;7;D121;49,2224969;2,1015552
36625;202000040684;24;9;2020;18:20;1;13;13071;1;1;1;4;A7-Sens Marseille vers Lyon;43,4044610;5,3005560
36626;202000040686;5;12;2020;13:50;1;78;78133;2;1;8;1;CHATAIGNERAIE (ALLEE DE LA);48,9029000;2,0448500
36627;202000040687;5;12;2020;17:35;5;71;71306;2;1;1;7;BARBES (RUE);46,6689491;4,3660875
36628;202000040688;23;9;2020;17:15;1;13;13055;1;1;1;2;A507 sens Marseille - Aubagne;43,2948036;5,4245960
36629;202000040689;7;2;2020;18:20;3;38;38332;1;1;1;-1;Route de Maubec;45,3418800;5,4883200
36630;202000040690;7;2;2020;15:35;1;08;08062;1;1;1;2;A34/n51;49,5225930;4,4090440
36631;202000040691;5;12;2020;06:35;3;71;71486;1;1;5;2;RN 70 (ROUTE EXPRESS);46,6495935;4,3290685
36632;202000040692;11;9;2020;15:45;1;69;69199;1;1;1;2;RD383   14.250 A 18.000;45,7076100;4,8436000
36633;202000040693;5;12;2020;06:15;3;71;71306;1;1;1;7;RN 70 (ROUTE EXPRESS);46,6702478;4,3431081
36634;202000040694;25;9;2020;17:16;1;91;91689;1;1;2;4;AUTOROUTE A6B;48,7433940;2,3215200
36635;202000040695;7;2;2020;22:15;3;15;15259;1;1;1;6;A75;45,1331289;3,1375610
36636;202000040696;8;2;2020;02:27;3;22;22305;1;1;2;6;Les Bois;48,2725400; -2,1549730
36637;202000040697;25;9;2020;16:15;1;91;91345;1;1;8;2;AUTOROUTE A6;48,6897290;2,3235590
36638;202000040698;5;12;2020;22:20;5;69;69266;2;1;1;2;EMILE ZOLA     (Cours);45,7708000;4,8660600
36639;202000040699;5;12;2020;01:35;5;65;65440;2;1;1;6;CARNOT (RUE);43,2209900;0,0705700
36640;202000040701;7;2;2020;14:20;1;83;83130;2;1;1;1;1 Rue de Bruxelles;43,1983720;6,0477160
36641;202000040702;4;12;2020;19:15;5;64;64335;2;3;2;3;JEAN JAURES;43,3171100; -0,4296500
36642;202000040703;25;9;2020;07:49;1;94;94076;1;1;2;2;AUTOROUTE A6A;48,7926600;2,3447300
36643;202000040704;25;9;2020;08:45;1;94;94037;1;1;2;3;AUTOROUTE A6A;48,8139600;2,3363700
36644;202000040706;7;2;2020;13:15;1;80;80373;2;1;1;6;Rue Charles de Gaulle;49,9872720;1,5549750
36645;202000040707;5;12;2020;06:00;5;59;59512;2;1;1;3;MA CAMPAGNE (RUE);50,6753100;3,1958200
36646;202000040708;8;2;2020;20:00;5;11;11170;2;1;1;6;Boulevard de la Corderie;43,1083270;3,0927800
36647;202000040710;5;12;2020;14:20;1;59;59017;2;1;1;6;BLUM  (AVENUE LEON);50,6997000;2,8884500
36648;202000040711;7;2;2020;22:30;3;63;63033;1;1;1;7;D94;46,0047460;3,3746454
36649;202000040712;1;12;2020;18:20;5;59;59431;2;1;8;6;ARMENTIERES  (RUE D' );50,6993200;2,8521000
36650;202000040713;25;9;2020;15:30;1;92;92036;1;1;3;2;AUTOROUTE A15;48,9379500;2,2979300
36651;202000040714;4;12;2020;15:05;1;56;56121;2;6;8;3;BLUM ( BD LEON );47,7472500; -3,3764600
36652;202000040715;7;2;2020;18:45;3;39;39485;1;1;1;7;Saint Julien;46,4060020;5,4502530
36653;202000040716;25;9;2020;16:30;1;95;95365;1;1;2;3;RN 104;49,0669400;2,4016040
36654;202000040717;3;12;2020;15:36;1;56;56162;2;1;3;1;MOULIN DU TER (RUE DU );47,7374900; -3,4001900
36655;202000040718;7;2;2020;17:15;2;25;25321;1;1;1;4;Les Combottes;47,0535020;6,6609330
36656;202000040719;25;9;2020;15:25;1;95;95018;1;1;1;3; A15;48,9628610;2,2657140
36657;202000040720;2;12;2020;17:10;2;56;56121;2;6;1;1;FRANCE ( AVE ANATOLE );47,7455700; -3,3679900
36658;202000040721;7;2;2020;18:50;3;35;35018;2;2;1;3;Lieu Dit Belle Place;48,4369040; -1,1061870
36659;202000040722;25;9;2020;15:00;1;95;95256;1;1;1;6;RN 184;49,0563270;2,2047330
36660;202000040723;8;2;2020;15:40;1;29;29115;1;2;1;1;Lieu-dit Croas Ar Hars;48,2940870; -3,9122270
36661;202000040724;5;12;2020;10:47;1;45;45285;2;3;1;6;Rue Charles Beauhaire-rue Bernard million ;47,9115380;1,8777950
36662;202000040725;25;9;2020;13:10;1;95;95018;1;1;3;6;A15;48,9595700;2,2722200
36663;202000040726;25;9;2020;08:30;2;95;95572;1;1;2;7;A15;49,0324000;2,1102000
36664;202000040727;5;12;2020;20:44;5;45;45208;2;2;1;3;Rue Paul Doumer - rue Emile Mengin;48,0036300;2,7419900
36665;202000040728;8;2;2020;12:05;1;90;90045;1;1;1;6;D463;47,5088850;6,9602570
36666;202000040730;24;9;2020;21:50;3;95;95582;1;1;2;2;AUTOROUTE A15;48,9685345;2,2512837
36667;202000040731;5;12;2020;15:30;1;35;35278;1;6;2;1;Porte de Maurepas;48,1429370; -1,6630580
36668;202000040732;25;9;2020;10:45;1;77;77169;1;1;1;-1;RN104;48,8249370;2,6157440
36669;202000040733;22;1;2020;12:20;1;07;07213;1;1;2;3;charrus;44,5084420;4,1382840
36670;202000040734;20;7;2020;21:30;3;974;97416;1;1;1;6;Ancienne RN1; -21,3126250;55,4369900
36671;202000040735;5;12;2020;20:19;5;33;33063;2;2;2;2;AVE DE LAROQUE;44,8740400; -0,5760400
36672;202000040736;8;2;2020;10:15;1;28;28378;1;1;2;6;D9;48,2819580;0,8493160
36673;202000040737;10;3;2020;13:00;1;62;62427;2;1;1;6;SAINTE HENRIETTE (CITE);50,4181640;2,9661580
36674;202000040738;5;12;2020;12:30;1;33;33200;2;9;2;3;AVE PASTEUR / AVE DE L'AIGLON;44,8668800; -0,6684500
36675;202000040739;6;2;2020;17:10;1;17;17140;1;2;1;3;Route de la Forêt;45,8920690; -1,2738830
36676;202000040740;24;9;2020;17:20;1;976;97611;2;1;1;6;mamoudzou centre-Papaye (square); -12,7844210;45,2268080
36677;202000040741;7;2;2020;19:10;3;87;87112;1;9;1;1;Les Thermes;45,6833300;1,0065470
36678;202000040742;24;9;2020;16:40;1;974;97416;2;9;1;2;RN3 (3); -21,3179200;55,4904100
36679;202000040743;8;2;2020;16:15;1;48;48080;2;7;1;6;1 Quai du Langouyrou;44,7260830;3,8570060
36680;202000040744;30;11;2020;12:30;1;29;29019;2;5;1;3;D205 - Boulevard de l’Europe;48,4161100; -4,4680600
36681;202000040745;24;9;2020;07:30;1;974;97411;2;1;1;3;BRASSENS (AVENUE GEORGES); -20,9034500;55,4879200
36682;202000040746;7;2;2020;11:00;1;987;98734;2;1;1;2;PK 34+600 RT 01; -17,7233790; -149,5057300
36683;202000040748;24;9;2020;20:45;5;69;69383;2;2;1;3;STE MARIE                           (R );45,7512700;4,8938900
36684;202000040749;24;9;2020;13:20;1;972;97209;2;9;1;3;GEORGES GRATIANT (AVENUE);14,6125000; -61,0407600
36685;202000040750;5;12;2020;14:40;1;27;27681;2;3;2;3;LE TELLIER (RUE PIERRE);49,0866300;1,4883000
36686;202000040751;22;9;2020;16:30;1;972;97209;2;2;1;3;LEOPOLD SEDAR SENGOR (AVENUE);14,6135900; -61,0467900
36687;202000040752;23;9;2020;23:45;5;69;69384;2;9;1;5;JOSEPH GILLET                       (QU);45,7758664;4,8103566
36688;202000040753;5;11;2020;16:25;1;22;22113;1;1;1;6;KER AN FAOUT (CHEMIN DE);48,7646600; -3,4788500
36689;202000040754;23;9;2020;20:35;5;2A;2A004;2;8;1;3;NAPOLEON COURS APRES BEVERINI;41,9258852;8,7382346
36690;202000040755;17;9;2020;20:25;1;95;95585;2;1;1;1;DIVISION LECLERC (AVENUE DE LA);48,9865900;2,3720200
36691;202000040756;5;12;2020;16:30;1;13;13117;2;1;1;4;Route Departementale 113;43,4331160;5,2570430
36692;202000040757;24;9;2020;14:00;1;91;91549;2;1;8;3;RD 117;48,6439780;2,3344050
36693;202000040758;5;12;2020;14:50;1;13;13002;2;1;8;1;DES TERMES (ROUTE) RD 908;43,3679179;5,5254487
36694;202000040760;5;12;2020;15:30;1;13;13209;2;1;1;3;ROMAIN ROLLAND (BOULEVARD);43,2737200;5,4138800
36695;202000040761;19;9;2020;11:25;1;89;89387;2;1;1;3;VOULX (ROUTE DE);48,1978300;3,2652400
36696;202000040762;5;12;2020;13:15;1;13;13203;2;1;1;5;PLOMBIERES (BOULEVARD DES);43,3186600;5,3793900
36697;202000040763;22;9;2020;09:19;1;87;87085;2;2;1;3;CHURCHILL WINSTON (PLACE);45,8326400;1,2518700
36698;202000040764;5;12;2020;14:30;1;13;13005;2;1;8;1;SAINT JEAN DE GARGUIER (CHEMIN);43,3047500;5,6024300
36699;202000040765;23;9;2020;07:40;2;86;86066;1;6;1;3;Le Pautron;46,7858950;0,5468570
36700;202000040766;18;11;2020;11:15;1;13;13004;2;4;1;3;RUE MIREILLE;43,6745000;4,6385300
36701;202000040767;23;9;2020;14:40;1;84;84007;2;1;1;-1;C.De GAULLE (Rocade);43,9293700;4,8169300
36702;202000040768;25;9;2020;00:25;5;82;82033;2;1;2;6;MARECHAL LECLERC (AVENUE DU) ;44,0503900;1,1018400
36703;202000040769;4;12;2020;16:00;1;09;09225;2;1;1;4;FOIX AVENUE DE;43,1007989;1,6231955
36704;202000040770;24;9;2020;16:25;1;78;78029;2;1;2;6;GARE (RUE DE LA);48,9718200;1,8485900
36705;202000040771;24;9;2020;17:00;1;77;77258;2;3;2;2;BRIE VPO (ROUTE DE LA BRIE);48,8388700;2,6262500
36706;202000040772;4;12;2020;15:20;1;01;01289;1;2;1;5;Route de Lent;46,1648600;5,2207500
36707;202000040773;24;9;2020;15:59;1;77;77083;2;1;2;1;ALBERT SCHWEITZER (RUE);48,8541700;2,5774000
36708;202000040774;5;12;2020;16:20;2;75;75116;2;4;1;7;ECHANGEUR MAILLOT;48,8767790;2,2788310
36709;202000040775;24;9;2020;15:35;1;77;77506;1;1;2;1;D148;48,3137500;2,8020100
36710;202000040776;4;12;2020;18:20;5;75;75118;2;1;2;3;BOULEVARD PERIPHERIQUE;48,9009310;2,3452970
36711;202000040778;5;12;2020;10:50;1;75;75120;2;1;8;3;RUE D AVRON;48,8522120;2,4033930
36712;202000040779;23;9;2020;15:52;1;76;76351;2;1;1;6;VALLEE (RUE DE LA);49,4981000;0,1612000
36713;202000040780;23;9;2020;18:15;1;74;74281;2;1;1;-1;GENEVE (AVE DE) JUSQUE CROISEE ANTHY;46,3545624;6,4456523
36714;202000040781;23;9;2020;07:45;2;74;74012;2;1;2;3;ARVE (QUAI D');46,1840400;6,2298400
36715;202000040782;23;9;2020;18:05;1;72;72181;2;1;2;3;BOLLEE (AV) N° PAIRS 64 A 146;48,0020100;0,2089600
36716;202000040783;22;9;2020;12:15;1;69;69275;2;1;1;6;ALSACE (D')                         (R );45,7677000;4,9556400
36717;202000040784;5;12;2020;14:55;1;75;75115;2;3;1;3;BOULEVARD GARIBALDI;48,8477900;2,3024940
36718;202000040785;24;9;2020;07:30;1;69;69266;2;1;8;3;CONDORCET    (Avenue);45,7773600;4,8670500
36719;202000040786;23;9;2020;16:15;1;69;69275;2;1;1;6;EMILE ZOLA                          (R );45,7639800;4,9561800
36720;202000040787;23;9;2020;15:28;1;66;66136;2;1;1;6;SAINT-ASSISCLE (BOULEVARD DE);42,6977100;2,8780200
36721;202000040788;23;8;2020;07:25;2;62;62250;2;1;1;6;GARE D'HARNES (R DE LA);50,4456480;2,9200240
36722;202000040789;17;8;2020;12:20;1;62;62628;2;1;1;3;RD 262;50,4326400;2,8655600
36723;202000040791;23;9;2020;10:10;1;56;56185;1;1;8;6;RN 165;47,7709800; -3,3781600
36724;202000040792;23;9;2020;08:00;2;56;56121;2;3;2;2;KERGUESTENEN (RUE  DE );47,7514100; -3,3928900
36725;202000040794;22;9;2020;04:05;5;50;50129;2;3;1;6;TOUR CARREE (RUE);49,6409500; -1,6230700
36726;202000040795;23;9;2020;12:15;1;49;49007;2;2;1;3;MAINE;47,4783300; -0,5469700
36727;202000040797;23;9;2020;18:30;1;44;44114;1;1;1;-1;Route de Basse Indre;47,2672100; -1,6220700
36728;202000040798;18;9;2020;15:45;1;44;44109;2;1;1;6;Boulevard Pasteur;47,2127200; -1,5810400
36729;202000040799;18;9;2020;12:57;1;37;37261;2;2;1;3;MALRAUX (QUAI ANDRE);47,3975083;0,6994517
36730;202000040800;4;12;2020;13:00;1;75;75115;2;2;1;6;RUE DE LA CROIX NIVERT;48,8459480;2,2987030
36731;202000040801;24;9;2020;17:20;1;35;35238;2;1;1;6;CANADA (AVENUE DU);48,0854710; -1,6822940
36732;202000040802;24;9;2020;14:30;1;35;35238;1;9;2;4;RN136 porte de Lorient;48,1110000; -1,7181000
36733;202000040803;24;9;2020;17:36;1;33;33063;2;1;3;3;RUE DE LA BENAUGE;44,8395793; -0,5585347
36734;202000040804;24;9;2020;17:00;1;33;33063;2;1;1;6;RUE LAJAUNIE;44,8544800; -0,5438900
36735;202000040807;24;9;2020;23:05;5;30;30189;2;1;2;-1;TRIAIRE SERGENT (BOULEVARD);43,8258800;4,3555900
36736;202000040808;24;9;2020;21:20;5;29;29232;2;1;3;6;Rue du Frugy;47,9881200; -4,1055300
36737;202000040809;5;12;2020;18:35;5;75;75113;2;3;2;6;RUE DE TOLBIAC;48,8259550;2,3527720
36738;202000040810;24;9;2020;07:20;5;29;29019;2;3;2;1;Rue Marcellin Duval;48,4144412; -4,4868042
36739;202000040811;5;12;2020;16:45;5;75;75113;2;1;2;6;RUE PINEL;48,8342640;2,3588570
36740;202000040812;24;9;2020;08:00;2;22;22278;2;6;3;-1;71° RI (DU);48,5108770; -2,7591890
36741;202000040814;5;12;2020;17:00;5;75;75103;2;1;2;6;RUE VIEILLE DU TEMPLE;48,8591290;2,3594370
36742;202000040815;19;9;2020;15:30;1;22;22106;2;3;1;3;EIFFEL (RUE GUSTAVE);48,5003800; -2,7359800
36743;202000040816;5;12;2020;09:20;2;75;75103;2;2;1;-1;RUE REAUMUR;48,8659740;2,3537790
36744;202000040817;24;9;2020;17:20;1;17;17300;2;1;3;6;GRASSET   AVENUE EDMOND (159);46,1641200; -1,1750600
36745;202000040818;7;11;2020;15:20;1;94;94081;2;1;1;3;HENRI BARBUSSE (AV);48,7927700;2,3906400
36746;202000040819;5;12;2020;13:00;1;94;94073;2;1;1;6;Boulevard du Nord;48,7593049;2,3710643
36747;202000040820;23;9;2020;16:23;1;16;16015;2;1;1;1;PERGAUD (RUE LOUIS);45,6412900;0,1316900
36748;202000040821;5;12;2020;14:50;1;94;94002;2;3;1;6;LATERAL (CHE);48,8147000;2,4166700
36749;202000040822;22;9;2020;12:40;1;14;14366;1;3;1;3;LIVAROT (CD579 ROUTE DE);49,1300680;0,2251210
36750;202000040823;4;12;2020;19:15;5;94;94002;2;2;2;3;BLANQUI (QU);48,7981900;2,4204200
36751;202000040824;24;9;2020;17:05;1;13;13117;2;6;2;3;LA BASTIDE BLANCHE CD 9;43,4311253;5,2655217
36752;202000040825;19;9;2020;04:40;5;13;13209;2;1;1;3;LA PUGETTE (BOULEVARD);43,2682120;5,4003360
36753;202000040826;4;12;2020;23:15;5;93;93066;2;2;2;3;WILSON (AVENUE DU PRESIDENT);48,9065415;2,3587832
36754;202000040827;5;12;2020;19:05;5;93;93031;2;1;2;6;RTE DE SAINT LEU;48,9530300;2,3367700
36755;202000040828;24;9;2020;18:15;1;13;13214;2;3;8;3;SAINTE MARTHE (chemin);43,3436200;5,3853470
36756;202000040829;5;12;2020;17:40;5;92;92073;2;1;3;3;DUCLAUX (RUE EMILE);48,8779258;2,2340123
36757;202000040830;24;9;2020;15:50;1;13;13208;2;2;8;3;ROUET (RUE DU);43,2761821;5,3948826
36758;202000040831;5;12;2020;11:25;1;92;92035;2;1;8;6;Aigle ( rue de l' );48,9033333;2,2443491
36759;202000040833;24;9;2020;13:15;1;13;13212;2;1;1;3;24 AVRIL 15 (AVENUE DU);43,3078000;5,4290000
36760;202000040834;5;12;2020;11:35;1;92;92060;2;9;1;3;LEON BLUM (AVENUE) (RD 75);48,7748900;2,2547600
36761;202000040835;24;9;2020;06:45;5;13;13213;2;1;1;6;ALBERT EINSTEIN (RUE);43,3392550;5,4391550
36762;202000040836;4;12;2020;22:50;5;92;92012;2;2;1;1;MEUDON (RUE DE) - COTE PAIR;48,8255200;2,2419300
36763;202000040838;23;9;2020;20:45;5;13;13205;2;1;1;3;SAINT JEAN DU DESERT (CHEMIN);43,2936000;5,4070000
36764;202000040839;23;9;2020;14:15;1;13;13047;1;1;1;5;AVENUE DE LA CRAU;43,5919550;4,9403300
36765;202000040840;23;9;2020;11:45;1;13;13047;2;1;1;6;FREDERIC MISTRAL BOULEVARD;43,5147530;4,9890590
36766;202000040841;5;12;2020;17:20;3;2A;2A071;1;1;3;1;Celaccia;41,7397610;8,9279040
36767;202000040842;23;9;2020;14:20;1;13;13005;1;3;1;3;RD 43 C;43,3056200;5,5921700
36768;202000040843;5;12;2020;14:50;1;83;83057;1;1;2;3;A8;43,4064190;6,1891650
36769;202000040844;6;12;2020;16:45;1;974;97412;2;1;1;1;Chemin de Cap Blanc; -21,3112600;55,6399990
36770;202000040845;4;12;2020;17:35;3;51;51093;1;1;1;7;D951;48,9901940;3,8876690
36771;202000040846;6;12;2020;04:15;3;60;60102;1;1;2;6;D200;49,3114687;2,5498990
36772;202000040847;20;9;2020;03:35;3;12;12174;1;1;3;6;RN88 (ROCADE);44,3341570;2,5548970
36773;202000040848;6;12;2020;04:22;3;80;80637;1;1;1;6;D40;50,1400280;1,7639600
36774;202000040849;23;11;2020;19:00;5;80;80282;2;3;1;6;Rue de la Gatelette;50,0529020;1,8766180
36775;202000040850;24;9;2020;12:33;1;06;06088;2;1;1;2;MERCANTOUR (BD);43,7137410;7,1871800
36776;202000040852;2;12;2020;14:30;1;89;89378;1;2;1;1;D957;47,5078530;3,9348860
36777;202000040853;5;12;2020;18:00;3;42;42136;1;1;1;7;Route de Saint Bonnet;45,6968280;3,9786820
36778;202000040854;24;9;2020;19:05;2;01;01344;2;1;2;6;TREVOUX (AVENUE DE);46,2003300;5,1950300
36779;202000040856;23;9;2020;17:55;1;75;75118;2;1;1;3;BOULEVARD PERIPHERIQUE;48,9008990;2,3616080
36780;202000040857;23;9;2020;18:04;1;75;75119;2;1;8;2;BOULEVARD PERIPHERIQUE;48,8828090;2,4008190
36781;202000040858;6;12;2020;06:40;5;44;44005;1;1;1;6;D751;47,1155840; -1,9509420
36782;202000040859;24;9;2020;19:01;5;75;75112;2;1;3;2;BOULEVARD PERIPHERIQUE EXTERIEUR SUD;48,8359170;2,4122570
36783;202000040860;5;12;2020;08:50;1;84;84052;1;1;2;6;D 956 PK 9 + 500;43,7689710;5,6046370
36784;202000040861;24;9;2020;18:35;1;75;75119;2;1;2;6;RUE CURIAL;48,8925770;2,3727960
36785;202000040862;5;12;2020;13:40;1;90;90097;2;1;1;7;D437;47,5724760;6,8607960
36786;202000040863;24;9;2020;15:00;1;75;75119;2;4;2;3;AVENUE SIMON BOLIVAR;48,8759890;2,3813130
36787;202000040865;24;9;2020;19:05;2;75;75117;2;2;2;7;AVENUE DE CLICHY;48,8897130;2,3217140
36788;202000040866;24;9;2020;08:45;1;75;75117;2;5;1;3;AVENUE DE VILLIERS;48,8830650;2,3083480
36789;202000040867;5;12;2020;02:30;3;53;53165;1;1;1;7;Grugé;47,8445610; -1,0114770
36790;202000040868;9;1;2020;17:55;5;2B;2B042;2;1;1;6;28 Rue des Alouettes;42,5507960;9,4422360
36791;202000040869;24;9;2020;02:10;5;75;75116;2;7;1;2;PLACE DE LA PORTE MAILLOT;48,8781960;2,2811480
36792;202000040871;9;1;2020;13:50;1;84;84078;1;9;1;3;Quartier les genestes;44,2423940;4,7346160
36793;202000040872;8;1;2020;17:30;3;06;06157;2;1;1;3;1055 Avenue Rhin et Danube;43,7253070;7,0943040
36794;202000040873;24;9;2020;09:25;1;75;75115;2;3;1;6;RUE DE JAVEL;48,8444410;2,2846710
36795;202000040874;6;12;2020;04:00;3;85;85095;1;1;8;6;Le Rorthais;46,8562440; -1,7625550
36796;202000040875;8;1;2020;18:02;3;04;04245;2;1;1;6;RD 4096 Av des Farigoules num 402;43,8753039;5,8435267
36797;202000040876;22;9;2020;22:35;5;75;75115;2;7;1;-1;RUE LINOIS;48,8491640;2,2817880
36798;202000040877;24;9;2020;19:15;1;35;35210;1;1;1;3;Lieu dit Beauséjour;48,1632520; -1,7706440
36799;202000040878;5;12;2020;17:35;3;68;68278;1;1;1;6;Rue de Zimmersheim;47,7281820;7,3806240
36800;202000040879;5;1;2020;14:45;1;13;13022;1;1;1;7;CD 59 A;43,2244660;5,5516860
36801;202000040880;24;9;2020;19:50;3;75;75114;2;1;2;4;BOULEVARD PERIPHERIQUE;48,8209270;2,3218280
36802;202000040881;6;12;2020;18:40;3;13;13018;1;1;1;2;A7 - Pk 202+000 - Sens S/N;43,8714160;4,9568940
36803;202000040882;8;1;2020;12:20;1;71;71024;1;2;2;2;D982;46,2956083;4,0402719
36804;202000040883;24;9;2020;19:05;2;75;75113;2;5;2;6;BOULEVARD DE L HOPITAL;48,8365690;2,3592960
36805;202000040884;5;12;2020;12:50;1;971;97117;1;1;1;1;Chemin Departemental 117 de Ste Marie d'Arles;16,3022398; -61,3286448
36806;202000040885;8;1;2020;09:52;1;74;74018;1;1;7;1;D19;46,0959940;6,3417830
36807;202000040886;24;9;2020;16:30;1;75;75112;2;1;1;6;PASSAGE DRIANCOURT;48,8493270;2,3806500
36808;202000040887;6;12;2020;15:45;1;971;97131;2;1;1;6;Rue du Fort Napoleon;15,8727892; -61,5818593
36809;202000040888;7;1;2020;11:35;1;85;85222;2;6;8;3;Avenue de la Liberté;46,6923590; -1,9259220
36810;202000040889;24;9;2020;19:20;5;75;75111;2;1;2;3;RUE ALEXANDRE DUMAS;48,8540870;2,3949800
36811;202000040890;3;1;2020;18:40;3;44;44215;2;6;2;6;Route du vignoble - Rue des Rochais;47,1759530; -1,5003510
36812;202000040891;8;1;2020;08:00;5;56;56176;2;1;2;6;11 Rue de Lann Guerban;47,6817480; -2,9617030
36813;202000040892;6;12;2020;13:20;1;95;95254;1;1;1;1;CD 28;49,1251180;1,9821740
36814;202000040893;24;9;2020;19:50;5;75;75111;2;2;3;6;BOULEVARD VOLTAIRE;48,8637670;2,3701110
36815;202000040894;9;1;2020;08:50;1;22;22198;1;1;8;1;5 Route de Trégastel;48,7799176; -3,4883020
36816;202000040895;9;1;2020;19:00;3;35;35012;1;2;3;5;Les Riais;47,8458470; -1,6635850
36817;202000040897;9;1;2020;14:30;1;76;76578;1;2;2;3;D1;49,6524000;1,4276470
36818;202000040898;24;9;2020;00:40;5;75;75111;2;2;8;3;RUE FAIDHERBE;48,8525000;2,3832000
36819;202000040899;24;9;2020;14:30;1;75;75118;2;4;2;3;RUE CUSTINE;48,8893250;2,3446830
36820;202000040900;2;1;2020;11:35;1;62;62444;2;2;1;3;Hameau de Rameseau;50,8910350;1,7358720
36821;202000040902;6;12;2020;12:10;1;13;13109;1;1;1;6;RD7N;43,5099410;5,5033826
36822;202000040903;30;11;2020;07:55;2;57;57061;2;1;1;6;rue de la gare;49,1378240;6,8286090
36823;202000040904;8;1;2020;08:25;1;91;91161;1;1;8;3;AUTOROUTE A6;48,7010819;2,3096852
36824;202000040905;24;9;2020;08:35;1;75;75110;2;2;1;6;BOULEVARD DE STRASBOURG;48,8710190;2,3552190
36825;202000040906;28;7;2020;07:00;1;75;75117;2;1;1;3;ECHANGEUR SAINT OUEN;48,9004880;2,3220650
36826;202000040907;24;9;2020;08:30;1;75;75108;2;2;1;3;AVENUE DE FRIEDLAND;48,8743980;2,3010700
36827;202000040908;8;1;2020;08:35;1;78;78007;1;1;1;4;A13W;48,8953100;2,0071300
36828;202000040909;5;12;2020;15:35;1;13;13216;1;1;1;7;A55-Sens Martigues vers Marseille;43,3510396;5,3477453
36829;202000040912;4;12;2020;22:20;3;13;13005;1;1;2;4;A50-Sens Marseille vers Aubagne;43,2875150;5,5425170
36830;202000040913;28;7;2020;19:07;1;75;75118;2;4;1;6;BOULEVARD DE CLICHY;48,8834210;2,3343050
36831;202000040914;24;9;2020;02:30;5;75;75102;2;3;8;7;RUE DAUNOU;48,8699910;2,3305230
36832;202000040915;4;12;2020;14:00;1;13;13015;1;1;1;4;A51-Sens Aix en Provence vers Marseille;43,4610000;5,4050000