;Num_Acc;jour;mois;an;hrmn;lum;dep;com;agg;int;atm;col;adr;lat;long
36833;202000040916;7;1;2020;18:00;3;78;78073;1;1;1;4;A12 Y;48,8024700;2,0474000
36834;202000040918;7;1;2020;20:00;3;95;95018;1;1;1;6;AUTOROUTE A15;48,9629500;2,2682900
36835;202000040919;7;1;2020;16:00;1;92;92078;1;1;1;7;AUTOROUTE A86;48,9304400;2,3244000
36836;202000040920;24;9;2020;20:45;5;94;94044;2;3;2;3;VERDUN (AV DE);48,7497100;2,4810100
36837;202000040921;28;7;2020;06:32;2;75;75118;2;2;1;3;RUE DOUDEAUVILLE;48,8884750;2,3535670
36838;202000040922;28;7;2020;09:10;1;75;75117;2;2;1;6;RUE POUCHET;48,8915590;2,3184760
36839;202000040923;28;7;2020;09:00;1;75;75117;2;7;1;3;PLACE DU MARECHAL JUIN;48,8853080;2,2969110
36840;202000040924;24;9;2020;14:30;1;94;94068;2;4;3;3;REMISES (R DES);48,8041130;2,4717300
36841;202000040928;5;12;2020;18:55;3;33;33013;1;1;2;3;ROUTE NATIONALE 230;44,8543500; -0,5054000
36842;202000040929;24;9;2020;20:10;5;94;94041;2;3;2;1;REPUBLIQUE (AV DE LA);48,8024300;2,3973500
36843;202000040930;28;7;2020;21:15;5;75;75115;2;7;1;3;PLACE DUPLEIX;48,8506640;2,2956280
36844;202000040931;24;9;2020;17:30;1;94;94041;2;1;8;6;STALINGRAD (BD DE);48,8030500;2,3780100
36845;202000040932;28;7;2020;17:20;1;75;75115;2;4;1;2;RUE DE LA CONVENTION;48,8380710;2,2945930
36846;202000040933;24;9;2020;11:05;1;94;94041;2;1;1;3;DANIELLE CASANOVA (AV);48,8131800;2,3855200
36847;202000040934;7;1;2020;01:30;3;92;92036;1;1;1;6;AUTOROUTE A86;48,9325900;2,3219700
36848;202000040935;23;7;2020;21:00;2;75;75114;2;1;1;3;BOULEVARD ARAGO;48,8344840;2,3340200
36849;202000040936;5;12;2020;17:30;3;91;91340;1;1;2;4;AUTOROUTE A6;48,6020800;2,4380900
36850;202000040937;8;1;2020;20:00;5;94;94017;1;1;1;3;A4;48,8271602;2,5103399
36851;202000040938;28;7;2020;18:55;1;75;75113;2;3;1;2;RUE DE TOLBIAC;48,8260650;2,3552040
36852;202000040939;5;12;2020;00:20;3;92;92036;1;1;2;6;A86;48,9357475;2,2624784
36853;202000040940;25;8;2020;00:00;5;94;94046;2;2;2;2;REPUBLIQUE (AV DE LA);48,8058200;2,4409870
36854;202000040941;28;7;2020;18:40;1;75;75110;2;4;1;-1;BOULEVARD DE MAGENTA;48,8731820;2,3588430
36855;202000040942;22;9;2020;23:10;5;94;94041;2;9;1;3;VERDUN (AV DE);48,8090000;2,3730000
36856;202000040943;6;1;2020;14:40;1;92;92023;2;1;1;2;HENRI BARBUSSE (AVENUE);48,8107930;2,2583440
36857;202000040944;4;12;2020;19:10;3;78;78073;1;1;2;4;N12Y;48,7969350;2,0218970
36858;202000040945;28;7;2020;03:40;5;75;75108;2;7;1;3;PONT DE L ALMA;48,8645250;2,3013270
36859;202000040947;5;12;2020;01:30;3;93;93064;1;1;1;6;AUTOROUTE A86;48,8989100;2,4692600
36860;202000040948;28;7;2020;10:25;1;75;75116;2;2;1;6;AVENUE PAUL DOUMER;48,8583230;2,2749380
36861;202000040949;6;1;2020;16:30;1;973;97302;2;1;1;1;BADUEL (ROUTE DE);4,9343893; -52,3114443
36862;202000040950;4;12;2020;23:15;3;95;95582;1;1;1;6; A15;48,9639519;2,2631139
36863;202000040951;20;9;2020;00:30;3;94;94073;1;1;8;2;RN 186;48,7730954;2,4014654
36864;202000040952;27;7;2020;22:59;5;75;75108;2;2;1;-1;BOULEVARD HAUSSMANN;48,8750330;2,3091910
36865;202000040953;7;1;2020;07:40;1;973;97302;1;3;1;3;MADELEINE (ROUTE DE LA);4,9114501; -52,3214436
36866;202000040954;22;9;2020;08:20;1;94;94033;2;9;1;3;MARAIS (R DES);48,8581163;2,4918070
36867;202000040955;28;7;2020;08:55;1;75;75107;2;7;1;6;QUAI D ORSAY;48,8627930;2,3116600
36868;202000040956;4;12;2020;20:15;3;60;60138;1;1;2;4;AUTOROUTE A1;49,2151400;2,6263600
36869;202000040958;28;7;2020;09:00;1;75;75104;2;7;1;3;PLACE DU CHATELET;48,8571810;2,3473310
36870;202000040959;7;1;2020;20:15;5;69;69259;2;3;1;6;PIERRE SEMARD                       (AV);45,7061800;4,8779200
36871;202000040960;24;9;2020;10:20;1;94;94004;2;9;1;3;GENERAL LECLERC (AV DU);48,7498120;2,5080860
36872;202000040961;5;12;2020;02:35;3;94;94017;1;1;2;6;A4;48,8269200;2,5235300
36873;202000040964;3;10;2020;18:15;1;974;97416;2;1;1;6;HUBERT DE LISLE(BOULEVARD); -21,3437900;55,4775100
36874;202000040966;23;9;2020;14:10;1;94;94071;2;2;8;3;CHARLES DE GAULLE (R);48,7657000;2,5336000
36875;202000040967;28;7;2020;16:30;1;94;94046;2;1;1;3;JEAN JAURES (R);48,7881800;2,4351200
36876;202000040968;12;8;2020;10:04;1;87;87085;1;1;1;6;AUTOROUTE A20;45,9087500;1,2923100
36877;202000040969;24;9;2020;20:15;5;93;93048;2;1;2;3;FRANKLIN (RUE);48,8620446;2,4436183
36878;202000040970;28;7;2020;14:15;1;94;94041;2;9;1;6;MAURICE GUNSBOURG (R);48,8122400;2,4046900
36879;202000040971;7;1;2020;12:55;1;2A;2A004;2;3;8;3;NAPOLEON III AVENUE PAIR;41,9257673;8,7344008
36880;202000040972;28;7;2020;10:45;1;94;94021;2;1;1;1;HELENE BOUCHER (R);48,7697700;2,3369510
36881;202000040973;25;8;2020;16:15;1;83;83144;2;1;1;6;LAVOISIER (AVE / IMP);43,1370100;6,0002500
36882;202000040974;24;9;2020;15:00;1;93;93046;2;2;2;3;CARNOT ALLEE;48,9104472;2,5245470
36883;202000040975;28;7;2020;22:30;5;94;94028;2;9;1;6;BROSSOLETTE(AVENUE PIERRE);48,7934000;2,4611000
36884;202000040976;30;9;2020;10:07;1;68;68256;2;1;1;6;RICHWILLER (RUE DE);47,7745100;7,2946400
36885;202000040977;24;9;2020;17:45;2;93;93079;2;8;2;-1;DIVISION LECLERC (AV);48,9547623;2,3438819
36886;202000040978;27;7;2020;17:45;1;94;94028;2;1;1;6;BROSSOLETTE(AVENUE PIERRE);48,7903200;2,4633700
36887;202000040980;7;1;2020;16:00;1;91;91421;2;1;1;-1;REPUBLIQUE (AVENUE DE LA);48,7002800;2,4675800
36888;202000040981;29;9;2020;09:00;1;44;44162;2;1;5;6;BOULEVARD MARCEL PAUL;47,2237200; -1,6390100
36889;202000040982;24;9;2020;07:10;2;93;93031;2;3;1;6;MARNE (AVENUE DE LA);48,9582882;2,3255578
36890;202000040983;6;1;2020;14:50;1;91;91021;2;4;1;3;VERDUN (AVENUE DE);48,5845200;2,2443000
36891;202000040984;28;7;2020;18:10;1;94;94071;2;3;1;3;18 R MAURICE BERTEAUX;48,7738160;2,5172720
36892;202000040985;28;9;2020;10:45;1;44;44162;2;1;1;4;BOULEVARD SALVADOR ALLENDE;47,2180000; -1,6152300
36893;202000040987;7;1;2020;14:00;1;83;83069;2;1;1;6;MILLET (AVENUE ERNEST);43,1180000;6,1270000
36894;202000040988;24;9;2020;07:20;1;93;93030;2;2;1;3;CROIZAT (AVENUE AMBROISE);48,9564100;2,4160400
36895;202000040989;28;7;2020;19:40;1;93;93064;2;1;7;6;PERI (BOULEVARD GABRIEL) 39 / 44 - FIN;48,8784940;2,4730082
36896;202000040990;26;2;2020;09:07;5;92;92044;2;2;1;7;BAUDIN (RUE) 27A83 ET 36 A84;48,8959660;2,2772220
36897;202000040991;6;1;2020;17:30;3;83;83069;1;1;1;1;ROUTE DEPARTEMENTALE 12;43,2054400;6,1362300
36898;202000040993;24;9;2020;17:15;1;93;93057;2;2;8;3;AV ARISTIDE BRIAND / ALL EMILE ZOLA;48,9091815;2,5033215
36899;202000040994;28;7;2020;12:20;1;93;93063;2;1;1;3;AV GASTON ROUSSEL;48,8935000;2,4367600
36900;202000040995;7;1;2020;18:45;5;77;77284;2;2;1;6;BRIAND (RUE ARISTIDE) - D405;48,9562387;2,8821228
36901;202000040996;5;12;2020;02:55;3;988;98818;2;1;1;6;LEVESQUE (RUE EUGENE); -22,2324000;166,4617600
36902;202000040997;27;7;2020;18:10;1;93;93006;2;1;1;6;BROSSOLETTE PIERRE;48,8700000;2,4269000
36903;202000040998;3;12;2020;17:25;1;988;98818;2;1;1;5;VE1 SENS SUD/NORD; -22,2333000;166,4577000
36904;202000040999;28;7;2020;00:50;5;93;93014;2;9;1;4;GAGARINE (BOULEVARD);48,9048800;2,5462500
36905;202000041000;24;9;2020;09:00;1;93;93010;2;1;1;4;GALLIENI (AV.) DE 111 A 175;48,9063808;2,4827960
36906;202000041001;6;1;2020;07:13;5;74;74012;2;3;1;3;ARVE (QUAI D');46,1852600;6,2259100
36907;202000041002;5;12;2020;01:15;5;974;97416;2;9;1;6;Boulevard Bank; -21,3312730;55,4767620
36908;202000041003;28;7;2020;08:15;1;93;93001;2;1;1;6;CHARRON (RUE);48,9146000;2,3842400
36909;202000041004;24;9;2020;15:50;1;93;93001;2;1;2;2;CHARRON (RUE);48,9146136;2,3842933
36910;202000041005;6;1;2020;09:25;1;71;71499;2;1;1;6;Rue Jean Zay;46,6486952;4,3000788
36911;202000041006;4;12;2020;06:05;1;974;97416;2;1;1;1;ANCIENNE RN 1; -21,3173600;55,4431000
36912;202000041007;28;7;2020;17:01;1;92;92072;2;1;1;3;EUROPE (AVENUE DE L');48,8232200;2,2098000
36913;202000041008;6;1;2020;15:00;1;71;71306;2;1;1;7;N70/E607;46,6904526;4,3692202
36914;202000041009;28;7;2020;11:30;1;92;92044;2;1;1;7;PDT WILSON(RUE)107A131 ET 110A130;48,8970392;2,2860414
36915;202000041010;4;12;2020;10:25;1;974;97407;2;3;1;3;ROUTE DU SACRE COEUR; -20,9568900;55,3139000
36916;202000041011;24;9;2020;17:20;1;92;92075;2;2;8;3;PIERRE BROSSOLETTE (AVENUE);48,8198315;2,3107807
36917;202000041012;4;12;2020;12:30;1;973;97302;2;1;1;2;MADELEINE (ROUTE DE LA);4,9318400; -52,3265300
36918;202000041013;6;1;2020;17:20;2;71;71153;2;3;1;3;Rue Maréchal Foch;46,8035344;4,4523673
36919;202000041014;24;9;2020;20:30;5;92;92076;2;2;2;3;LA CELLE SAINT CLOUD;48,8447398;2,1731263
36920;202000041015;28;7;2020;12:45;1;92;92036;2;1;1;3;LOUISE MICHEL (PAIRS);48,9221960;2,3200960
36921;202000041016;4;12;2020;08:20;1;69;69383;2;1;8;7;MARECHAL DE SAXE                    (AV);45,7633541;4,8450083
36922;202000041017;26;7;2020;02:16;5;92;92024;2;1;1;3;GENNEVILLIERS (PONT DE);48,9120745;2,3116614
36923;202000041018;24;9;2020;20:05;5;92;92064;2;1;2;7;MONT VALERIEN;48,8527700;2,2161400
36924;202000041019;7;1;2020;15:45;1;69;69029;2;9;7;6;PARC (DU)                           (R );45,7303483;4,8913554
36925;202000041020;4;12;2020;07:30;2;69;69383;2;2;2;3;DOCTEUR LONG (DU)                   (CO);45,7510054;4,8891330
36926;202000041021;6;1;2020;11:30;1;69;69290;1;6;1;3;GRENOBLE (DE)  -  RN 6              (RO);45,7182700;4,9548400
36927;202000041022;24;9;2020;12:35;1;92;92064;2;1;2;6;MARECHAL FOCH;48,8479460;2,2053620
36928;202000041023;28;7;2020;16:10;1;60;60609;1;1;1;7;D501;49,4585710;1,9572830
36929;202000041024;4;1;2020;11:57;2;66;66136;1;1;1;-1;SAUVY (ALFRED);42,6705450;2,8591060
36930;202000041025;4;12;2020;15:09;1;972;97213;1;1;1;7;ROUTE DEPARTEMENTALE 3;14,6175000; -60,9952200
36931;202000041026;24;9;2020;18:50;5;75;75116;2;2;3;3;PUTEAUX (PONT DE);48,8761650;2,2462800
36932;202000041027;28;7;2020;19:00;1;86;86190;1;9;1;2;N147;46,3737530;0,7596870
36933;202000041028;3;12;2020;19:10;3;972;97213;1;1;1;3;ROUTE DEPARTEMENTALE 14;14,6226400; -61,0188700
36934;202000041029;4;1;2020;19:36;1;66;66136;2;1;1;3; DALBIEZ (AVENUE VICTOR);42,6877600;2,8826000
36935;202000041030;23;9;2020;07:30;2;92;92036;2;8;1;7;BASSIN N°6 (ROUTE DU);48,9430617;2,2939780
36936;202000041031;28;7;2020;14:12;1;86;86092;1;3;1;3;D1;46,9282860;0,5910730
36937;202000041032;5;1;2020;07:58;2;66;66136;2;1;1;7;SAUVY (ALFRED);42,6799100;2,8978000
36938;202000041034;6;1;2020;08:52;1;64;64024;2;1;5;6;BUTTE AUX CAILLES (ROND POINT DE LA);43,4971600; -1,5099600
36939;202000041035;23;9;2020;20:30;5;92;92036;2;3;1;6;GENERAL DE GAULLE (AVENUE) (PAIRS);48,9337691;2,3133904
36940;202000041036;4;12;2020;18:40;5;69;69081;2;1;2;7;GRANDVAUX (DE)                 CH;45,7733000;4,7737700
36941;202000041037;28;7;2020;20:30;1;52;52235;1;1;1;7;Route Nationale 4, PK 5+500;48,6504900;4,8485330
36942;202000041038;24;9;2020;20:35;3;92;92026;2;1;2;3;RÉPUBLIQUE ( DE 82 A FIN );48,9026581;2,2547550
36943;202000041039;4;12;2020;18:40;5;69;69152;2;1;8;6;EUROPE (DE L')                      (BD);45,7013500;4,8222300
36944;202000041040;24;9;2020;21:00;5;92;92012;2;1;2;6;Avenue du General Leclerc;48,8308492;2,2352132
36945;202000041041;3;12;2020;19:20;5;69;69389;2;1;1;6;CLAIRE (DE LA)                      (R );45,7785200;4,8025300
36946;202000041042;27;7;2020;22:24;3;57;57065;1;1;1;6;D79;48,9393930;6,7091280
36947;202000041043;24;9;2020;14:15;1;92;92012;2;1;8;2;GENERAL LECLERC (AVENUE DU) 1/33 - 2/58;48,8327990;2,2410980
36948;202000041044;4;12;2020;11:55;1;69;69034;2;1;3;6;CANUTS (DES)                        (BD);45,7829600;4,8296900
36949;202000041045;24;9;2020;17:10;1;92;92002;2;1;8;2;DOCTEUR TENINE (AVENUE DU);48,7633641;2,3107589
36950;202000041046;6;1;2020;17:55;5;57;57463;2;2;5;6;PAIXHANS (BOULEVARD );49,1224645;6,1829649
36951;202000041048;25;9;2020;07:08;3;14;14251;1;1;2;1;D6;48,9729430; -0,4438090
36952;202000041049;29;7;2020;00:02;3;57;57625;1;3;1;3;D674;48,7922770;6,4875130
36953;202000041050;3;12;2020;16:15;1;971;97113;2;1;1;6;RN4 - SECTION RIVIERA;16,2179324; -61,4876133
36954;202000041051;6;1;2020;16:35;1;54;54395;2;1;1;6;ARC (RUE JEANNE D' N;48,6878000;6,1706000
36955;202000041052;29;7;2020;10:41;1;41;41296;1;1;1;7;A71;47,6445750;1,9434500
36956;202000041053;6;1;2020;12:08;1;54;54547;2;2;1;6;FORET DE HAYE (RUE DE LA);48,6533603;6,1354879
36957;202000041054;28;7;2020;14:05;1;28;28253;1;1;1;6;Route nationale 10;48,3521000;1,4407320
36958;202000041055;6;1;2020;15:05;1;54;54493;2;1;1;6;NONNEL (RUE DE);49,5342000;5,8236000
36959;202000041056;29;7;2020;15:10;1;50;50607;1;1;1;7;A84 PR 184+500;48,7864530; -1,2653370
36960;202000041057;24;9;2020;11:30;1;86;86111;1;1;2;1;D910;46,8645050;0,5573950
36961;202000041059;29;8;2020;15:25;1;95;95445;1;1;2;3;D64;49,0940347;2,2730792
36962;202000041060;24;9;2020;11:50;1;10;10003;1;1;1;6;RD 660, PR n° 24 + 700;48,2608020;3,7391920
36963;202000041061;6;1;2020;15:13;1;49;49007;2;1;1;3;MAINE;47,4783100; -0,5470200
36964;202000041062;24;9;2020;21:20;3;01;01288;1;1;3;6;D884;46,1774090;5,9228540
36965;202000041063;24;9;2020;04:30;3;14;14650;1;1;1;7;RD675 PK 087.650;49,0298000; -0,7791000
36966;202000041064;22;9;2020;11:25;1;34;34064;1;1;1;6;A75;43,8887380;3,2892040
36967;202000041065;6;1;2020;18:15;5;48;48095;2;1;1;6;PIENCOURT (ALLEE);44,5203989;3,5036773
36968;202000041066;29;7;2020;18:30;1;83;83092;2;1;1;1;Route de Gonfaron;43,3145350;6,2692810
36969;202000041067;7;1;2020;07:25;5;45;45302;1;6;1;3;Rue du Veau;47,9389800;1,8694460
36970;202000041068;23;7;2020;09:00;1;62;62452;2;1;1;-1;36 Rue de Saintes;50,6957240;2,2817000
36971;202000041069;26;7;2020;16:15;1;51;51549;1;2;1;3;D994;48,9461175;4,7332044
36972;202000041070;28;7;2020;14:35;1;74;74256;2;6;1;3;Avenue André Lasquin;45,9508440;6,6348300
36973;202000041071;29;7;2020;17:00;1;76;76159;2;2;1;3;Avenue de Maximiliansau;49,7916510;0,6335810
36974;202000041072;21;9;2020;14:45;1;56;56133;1;1;1;1;Rue des Freres Entremont;47,8099550; -2,3391810
36975;202000041073;7;1;2020;09:40;1;44;44184;2;6;2;2;RD 492/BD SARRELOUIS;47,2715427; -2,2497617
36976;202000041074;28;7;2020;19:25;1;32;32269;1;1;1;6;D151;43,7951680;0,8269360
36977;202000041075;6;1;2020;17:27;1;44;44109;1;1;1;3;Bd de la Prairie de Mauves;47,2217400; -1,5090100
36978;202000041076;29;7;2020;11:30;1;11;11440;1;2;1;3;D110;43,0849140;2,4896480
36979;202000041077;24;9;2020;17:35;1;76;76397;2;1;3;3;65 Route de Newton Longville;49,7969120;1,1054530
36980;202000041078;6;1;2020;11:40;1;42;42183;1;1;1;2;RD 201;45,4050115;4,3762949
36981;202000041079;28;7;2020;20:50;1;63;63448;1;9;1;1;losemont;45,4652966;3,4704484
36982;202000041080;25;9;2020;11:00;1;65;65231;1;1;3;1;90 Route d'Espagne;43,0668580;0,3726770
36983;202000041081;7;1;2020;22:30;5;34;34172;2;9;1;3;LODEVE (ROUTE DE);43,6157500;3,8212500
36984;202000041082;24;9;2020;18:10;1;32;32462;1;2;1;4;Au Petit Carlat;43,7480800;0,3373250
36985;202000041083;7;1;2020;17:40;2;33;33063;2;6;2;3;ALL DE BOUTAUT / AVE MARCEL DASSAULT;44,8772300; -0,5769150
36986;202000041084;24;9;2020;21:40;3;11;11191;1;1;2;6;Route départemantale 613;42,9620070;2,5707610
36987;202000041085;23;9;2020;15:07;1;71;71056;2;1;1;6;Rue de la Creusette;46,6434547;5,1795010
36988;202000041086;25;9;2020;12:05;1;42;42274;1;1;1;1;D8;45,9066984;4,0020812
36989;202000041087;24;7;2020;18:30;1;46;46231;2;3;1;3;7 Rue de la Cale;44,5028520;1,1379740
36990;202000041088;7;1;2020;18:00;5;33;33119;2;3;1;3;AVE HUBERT DUBEDOUT / RUE PAUL VALERY;44,8474600; -0,5077800
36991;202000041089;6;1;2020;08:12;2;31;31483;1;1;5;2;GAMBETTA (BOULEVARD);43,0973800;0,7109190
36992;202000041090;28;7;2020;17:15;1;47;47274;1;3;1;3;D813;44,1493960;0,7565980
36993;202000041091;28;7;2020;18:50;1;44;44072;2;1;1;6;Le Bignon d'Hoscas;47,4196820; -2,2877530
36994;202000041092;25;7;2020;19:40;1;44;44199;1;1;1;6;Landasson;47,7302890; -1,2751870
36995;202000041093;29;7;2020;19:20;2;13;13027;1;3;1;3;rd 34;43,8954490;4,8189000
36996;202000041094;17;9;2020;08:20;1;68;68050;1;2;1;3;D32;47,6522430;7,0467750
36997;202000041095;7;1;2020;16:00;1;29;29232;2;1;2;7;Route de Brest;47,9993100; -4,0916600
36998;202000041097;7;1;2020;18:29;3;29;29039;1;1;2;1;RD 783;47,8833200; -3,9116400
36999;202000041098;6;1;2020;12:20;1;28;28085;2;1;1;6;COURTILLE (BOULEVARD DE LA);48,4444700;1,4962900
37000;202000041099;20;9;2020;02:00;3;22;22344;1;1;1;6;4 Renun;48,3313800; -3,4885560
37001;202000041100;27;7;2020;14:20;1;84;84089;2;1;1;5;D973;43,6838610;5,4843070
37002;202000041101;6;1;2020;15:30;1;22;22278;2;1;1;2;35 rue de cornouaile;48,5165416; -2,7878451
37003;202000041102;25;9;2020;12:20;1;25;25190;2;1;1;1;Rue de la Feschotte du Haut;47,5060590;6,9142530
37004;202000041103;29;7;2020;17:50;1;03;03146;2;1;1;1;le bourg;46,6758507;3,0521429
37005;202000041104;29;7;2020;09:00;1;15;15221;1;2;1;1;Puy d'Ytrac;44,9057130;2,3267200
37006;202000041105;29;7;2020;11:00;1;66;66052;1;1;1;6;N116;42,6135137;2,4110558
37007;202000041106;28;7;2020;14:15;1;14;14726;2;3;1;7;4 Rue 11e Div Blindee Britannique;48,8530610; -0,6769790
37008;202000041107;29;7;2020;19:15;1;50;50049;1;2;1;3;D130;49,3848520; -1,6343240
37009;202000041108;29;7;2020;07:10;1;43;43267;1;4;7;3;D103;45,1985280;3,9244470
37010;202000041109;6;1;2020;12:30;1;13;13054;2;1;1;6;LIBERATION (AV DE LA );43,4189900;5,2164500
37011;202000041110;25;9;2020;06:45;5;25;25578;2;1;8;3;31 Grande Rue;47,1478310;6,3413000
37012;202000041111;6;1;2020;06:55;1;13;13071;2;9;1;3;VIEILLE ROUTE DE LA GAVOTTE;43,3932800;5,3410700
37013;202000041112;7;1;2020;22:05;5;13;13208;2;1;1;7;TUNNEL PRADO SUD;43,2747700;5,3945900
37014;202000041113;15;8;2020;22:20;3;44;44048;1;1;1;6;Bois de la Motte;47,3747630; -1,2403070
37015;202000041114;29;7;2020;18:40;1;10;10034;2;2;1;6;Avenue du Général Leclerc;48,1148280;4,3769040
37016;202000041115;7;1;2020;21:10;5;13;13213;2;1;1;6;POILUS (AVENUE DES);43,3256315;5,4515402
37017;202000041116;15;8;2020;11:38;1;31;31092;1;1;1;7;Muna;42,8991460;0,6309950
37018;202000041117;29;7;2020;08:30;1;21;21684;2;3;1;3;Chemin de la Barretiere;47,0256360;4,8845530
37019;202000041118;7;1;2020;16:20;1;13;13002;2;1;1;2;SALVADOR ALLENDE (avenue);43,3527320;5,4821150
37020;202000041119;25;9;2020;09:20;1;38;38070;1;1;2;2;D10A;45,2805600;5,9208000
37021;202000041120;7;1;2020;07:30;1;13;13208;2;1;1;6;PARADIS (RUE);43,2756290;5,3842810
37022;202000041121;26;7;2020;19:50;2;24;24172;1;1;1;1;D47;44,9450580;1,0538560
37023;202000041122;7;1;2020;07:45;2;13;13002;2;1;1;6;SALVATORE ALLENDE (BOULEVARD);43,3520700;5,4792300
37024;202000041123;28;7;2020;16:00;1;27;27219;2;1;1;1;Rue René Lothon;49,1786110;0,8664660
37025;202000041124;25;8;2020;13:20;1;13;13045;1;1;1;2;Route des Palunettes;43,8842150;4,7917990
37026;202000041125;24;9;2020;15:15;1;70;70232;1;1;2;2;D56;47,6543460;5,9960890
37027;202000041126;27;7;2020;09:35;1;28;28023;1;2;1;3;D106.4;48,5221760;1,6473050
37028;202000041127;24;9;2020;11:05;1;26;26357;1;1;1;3;Route de Valreas;44,2959340;4,9431610
37029;202000041128;29;7;2020;16:00;1;30;30280;1;1;1;3;D25;43,9390690;3,6804630
37030;202000041129;29;7;2020;10:50;1;30;30346;1;3;1;3;La Bégude Poulon (Restaurant);43,9600620;4,5184030
37031;202000041130;25;9;2020;12:50;1;72;72064;1;4;1;3;D303;47,8599080;0,7451390
37032;202000041131;28;7;2020;17:20;1;88;88461;1;1;7;7;D14;48,1806850;5,8501230
37033;202000041132;25;9;2020;11:50;1;60;60063;1;1;3;7;Grande Rue de Vaux;49,3747100;2,0499270
37034;202000041133;28;7;2020;15:30;1;45;45189;1;1;1;2;A19, PK 46+10;48,0442950;2,8916830
37035;202000041134;7;1;2020;08:20;1;06;06088;2;1;8;6;VEROLA (AV. AUGUSTE);43,7110000;7,1937000
37036;202000041135;29;7;2020;07:09;1;65;65010;1;1;1;6;A64;43,1997400;0,1534920
37037;202000041136;28;7;2020;21:35;5;978;97801;2;3;1;3;8 Au Rambaud;18,0818900; -63,0680890
37038;202000041137;6;1;2020;12:00;1;06;06069;2;9;1;3;SIDI BRAHIM (AVENUE);43,6496410;6,9322540
37039;202000041138;27;7;2020;23:15;3;978;97801;1;1;1;1;N7;18,0835270; -63,0258880
37040;202000041139;27;7;2020;03:00;3;42;42282;1;1;1;6;A89;45,8733680;3,8487340
37041;202000041141;28;7;2020;15:00;1;57;57419;1;1;1;6;Autoroute A4;49,0731000;6,9038000
37042;202000041142;1;1;2020;03:05;5;75;75118;2;1;1;4;BD PERIPHERIQUE INTERIEUR;48,9009540;2,3466667
37043;202000041143;23;9;2020;09:05;1;07;07050;1;3;1;1;Le coussillon;44,4136200;4,1468560
37044;202000041144;28;7;2020;10:20;1;69;69077;1;1;1;-1;A6;46,1444880;4,7688940
37045;202000041145;7;1;2020;13:50;1;75;75105;2;1;1;3;BOULEVARD DE L HOPITAL;48,8406080;2,3622780
37046;202000041146;24;9;2020;09:15;1;24;24011;2;1;2;-1;31 Route de Limoges;45,2136960;0,8315210
37047;202000041147;7;1;2020;09:35;1;75;75106;2;1;1;4;RUE DE VAUGIRARD;48,8464190;2,3247400
37048;202000041148;7;1;2020;17:10;2;75;75119;2;1;1;3;BOULEVARD MACDONALD;48,8974840;2,3897140
37049;202000041149;24;9;2020;20:45;3;85;85006;1;2;1;3;L'Hommelet;46,7847810; -1,7330340
37050;202000041150;7;1;2020;14:00;1;75;75118;2;1;8;3;RUE CAULAINCOURT;48,8849999;2,3299399
37051;202000041151;29;7;2020;15:25;1;60;60172;2;1;1;7;grande rue;49,1433132;2,4681473
37052;202000041152;6;1;2020;18:35;5;75;75118;2;1;1;2;AVENUE DE LA PORTE DES POISSONNIERS;48,8991529;2,3524114
37053;202000041153;24;9;2020;14:20;1;17;17256;1;1;2;7;D230;45,8556540; -0,4805870
37054;202000041154;7;1;2020;19:45;5;75;75117;2;1;2;6;BOULEVARD DE REIMS;48,8895275;2,2980818
37055;202000041156;25;9;2020;01:15;3;87;87149;1;1;3;6;D61;46,2492430;1,3073750
37056;202000041157;6;1;2020;16:30;1;75;75115;2;1;1;7;BOULEVARD GARIBALDI;48,8470985;2,3039933
37057;202000041159;7;1;2020;17:45;5;75;75113;2;2;1;6;BOULEVARD MASSENA;48,8188898;2,3595410
37058;202000041160;29;7;2020;10:30;1;33;33199;2;1;1;3;119 Route des Lacs;44,6260900; -1,1103300
37059;202000041161;7;1;2020;15:50;1;75;75113;2;2;1;3;BOULEVARD DU GENERAL JEAN SIMON;48,8240310;2,3770195
37060;202000041162;7;1;2020;00:01;5;75;75112;2;1;2;3;BOULEVARD PONIATOWSKI;48,8291034;2,3898706
37061;202000041164;7;1;2020;19:05;5;75;75111;2;3;2;3;AVENUE DE LA REPUBLIQUE;48,8637940;2,3822947
37062;202000041165;7;1;2020;09:50;1;75;75110;2;2;1;3;RUE DE LA GRANGE AUX BELLES;48,8737140;2,3649010
37063;202000041166;28;7;2020;17:30;1;77;77527;2;1;1;7;34 Rue de la Libération;48,6932480;3,0094170
37064;202000041167;17;9;2020;18:55;1;52;52423;1;1;1;7;D674;48,2618840;5,3515860
37065;202000041168;7;1;2020;14:45;1;75;75108;2;2;1;6;AVENUE DELCASSE;48,8726051;2,3147728
37066;202000041169;7;1;2020;12:10;1;75;75108;2;1;1;6;AVENUE MARCEAU;48,8659288;2,2997171
37067;202000041170;7;1;2020;08:53;1;75;75108;2;7;1;2;PLACE DU CANADA;48,8646018;2,3103341
37068;202000041172;28;7;2020;19:10;1;95;95489;1;1;1;2;1 Rue de Paris;49,0141740;2,3515030
37069;202000041173;25;9;2020;00:15;3;31;31212;1;1;3;3;A68;43,7199990;1,5675460
37070;202000041174;7;1;2020;10:00;1;75;75110;2;7;1;3;BOULEVARD SAINT MARTIN;48,8679509;2,3623805