;Num_Acc;jour;mois;an;hrmn;lum;dep;com;agg;int;atm;col;adr;lat;long
37071;202000041175;25;9;2020;19:30;2;65;65127;1;9;3;6;A64;43,1032580;0,3368790
37072;202000041176;29;7;2020;14:24;1;83;83133;1;1;1;3;D37;43,5727430;6,8049570
37073;202000041177;6;1;2020;18:20;5;75;75102;2;2;1;6;BOULEVARD DE SEBASTOPOL;48,8662310;2,3525315
37074;202000041178;24;9;2020;12:12;1;40;40227;1;1;2;5;D834;44,2887840; -0,7685170
37075;202000041179;7;1;2020;08:35;1;75;75101;2;2;1;3;AVENUE VICTORIA;48,8577217;2,3477764
37076;202000041180;25;9;2020;05:00;5;77;77185;1;1;1;2;A6;48,4258080;2,5402880
37077;202000041181;29;7;2020;12:00;1;04;04062;1;1;1;6;RD 900;44,4714131;6,7637214
37078;202000041182;6;1;2020;20:20;5;75;75111;2;2;1;6;AVENUE DE LA REPUBLIQUE;48,8659682;2,3708446
37079;202000041183;29;7;2020;15:00;1;54;54505;1;1;1;7;D59;48,6170520;6,0689590
37080;202000041184;25;9;2020;12:50;1;34;34182;2;6;6;7;d13;43,4274680;3,4088650
37081;202000041186;28;7;2020;14:55;1;81;81112;1;4;1;7;Route de Marssac;43,9209800;2,0260010
37082;202000041187;29;7;2020;12:15;1;09;09074;1;1;1;6;D7;43,0185490;1,9686560
37083;202000041189;6;1;2020;12:10;1;94;94028;2;9;1;1;MAURIAC.(RUE FRANCOIS);48,7856375;2,4535840
37084;202000041190;25;9;2020;12:55;1;84;84055;2;1;1;2;Route de Caumont;43,9482810;4,9405540
37085;202000041191;6;1;2020;16:50;1;94;94019;2;1;1;6;COEUILLY (AV DE);48,8025400;2,5383100
37086;202000041192;29;7;2020;11:50;1;79;79049;2;1;1;2;16 Rue du Petit Patis;46,8477620; -0,4858880
37087;202000041193;4;1;2020;11:00;1;94;94019;2;9;1;-1;BORDES (R DES);48,7980667;2,5512904
37088;202000041194;25;9;2020;13:20;1;13;13015;2;3;1;2;Avenue de Provence;43,4498310;5,4267120
37089;202000041196;28;7;2020;17:35;1;79;79184;2;4;1;3;Route de Saint-maixent;46,3633440; -0,1148410
37090;202000041197;24;9;2020;22:00;3;13;13041;1;1;1;2;D6;43,4703550;5,4699250
37091;202000041198;29;7;2020;00:49;3;17;17064;2;1;1;2;1 Route de Taupignac;45,6755228; -1,0566818
37092;202000041199;7;1;2020;05:45;5;93;93071;2;4;8;6;AV DU GENERAL LECLERC / AV DE LATTRE DE TASSIGNY;48,9398510;2,5233950
37093;202000041200;25;9;2020;19:50;3;55;55122;1;1;2;6;Route de Chonville;48,7510820;5,5548980
37094;202000041201;29;7;2020;20:45;1;64;64230;1;1;1;7;N134;43,1748570; -0,4346250
37095;202000041202;7;1;2020;13:40;1;93;93071;2;1;1;6;DUMONT D'URVILLE (AVENUE);48,9463891;2,5222015
37096;202000041203;25;9;2020;12:10;1;38;38146;1;1;1;6;VC La Gagne;45,7078400;5,2978780
37097;202000041204;28;7;2020;22:10;5;85;85300;2;1;1;7;Rue de Lattre de Tassigny;46,6860810; -1,5122030
37098;202000041205;29;8;2020;22:55;3;26;26064;1;1;1;7;D236;44,8849800;4,9919840
37099;202000041206;7;1;2020;19:30;5;93;93062;2;1;2;-1;AV THIERS;48,8960900;2,5256000
37100;202000041207;27;7;2020;17:15;1;72;72154;1;1;1;1;Chemin de la Landelière;47,6853150; -0,0211520
37101;202000041208;7;1;2020;09:00;1;93;93051;2;1;1;6;DOCTEUR JEAN VAQUIER;48,8478800;2,5562900
37102;202000041209;22;7;2020;11:50;1;44;44198;1;1;1;3;A83;47,1590670; -1,5132160
37103;202000041210;28;7;2020;12:25;1;44;44026;1;6;1;7;Route de Paris;47,2756110; -1,4683060
37104;202000041211;6;1;2020;11:15;1;93;93048;2;1;1;2;BD DE VERDUN;48,8569300;2,4672300
37105;202000041212;29;7;2020;07:45;1;14;14258;1;1;1;6;D511;48,9122340; -0,1991270
37106;202000041213;7;1;2020;08:20;1;93;93014;2;1;8;3;ALL DE MONTFERMEIL;48,8991400;2,5429200
37107;202000041215;3;7;2020;13:40;1;29;29042;1;3;1;2;D887 - Route de Chateaulin;48,2456820; -4,3870160
37108;202000041216;7;1;2020;18:00;5;92;92040;2;9;8;7;ARISTIDE BRIAND;48,8212566;2,2556091
37109;202000041217;28;7;2020;20:50;2;59;59136;1;1;1;2;Rd 643;50,1089920;3,5187150
37110;202000041218;7;1;2020;08:40;1;92;92036;2;1;1;-1;LAURENT CELY (AVENUE) (1/143);48,9321000;2,3018800
37111;202000041219;28;7;2020;18:00;1;13;13026;1;1;1;2;A55-Sens Martigues vers Marseille;43,3903300;5,1357000
37112;202000041220;7;1;2020;11:15;1;92;92026;2;1;1;3;VERDUN (DE 62 A FIN);48,9027200;2,2585000
37113;202000041221;27;7;2020;13:21;1;13;13055;1;1;1;4;A507 sens Aubagne- Marseille;43,3022300;5,4255200
37114;202000041222;2;1;2020;11:50;1;92;92012;2;1;1;7;VICTOR HUGO (AVENUE) 49/FIN - 60/FIN;48,8396220;2,2471280
37115;202000041223;7;1;2020;09:30;1;92;92036;2;1;2;4;BAS ( RUE DES );48,9203210;2,2886109
37116;202000041224;8;1;2020;11:55;1;60;60387;1;1;2;1;D901;49,5846486;1,9533085
37117;202000041225;27;7;2020;08:15;1;13;13202;1;1;1;2;A55-Sens Marseille vers Martigues;43,3097000;5,3683000
37118;202000041226;27;7;2020;19:20;1;83;83137;1;1;1;2;BRETELLE17  ACCES TOULON CENTRE N -T;43,1213200;5,9533100
37119;202000041227;27;7;2020;17:40;1;42;42044;1;1;1;2;RN88;45,3952900;4,3366300
37120;202000041228;28;7;2020;18:40;1;33;33192;1;1;1;3;AUTOROUTE A 63;44,7811800; -0,6365700
37121;202000041229;28;7;2020;15:11;1;91;91689;1;1;1;2;AUTOROUTE A6B;48,7462500;2,3258500
37122;202000041230;8;1;2020;13:24;1;01;01361;1;1;1;1;D65;45,8449860;5,1904550
37123;202000041232;6;1;2020;18:15;3;63;63001;1;3;1;3;D51;46,0151037;3,2110146
37124;202000041233;28;7;2020;19:22;1;92;92050;1;1;1;4;A14;48,9001500;2,2101500
37125;202000041234;7;1;2020;17:10;4;67;67214;2;1;8;6;ROUTE DES ROMAINS;48,6193012;7,5901209
37126;202000041235;27;7;2020;20:00;1;75;75116;1;1;1;4;A13Y;48,8481920;2,2526270
37127;202000041236;5;1;2020;12:30;1;974;97410;1;1;3;3; RN3 - Route des plaines; -21,1048710;55,6675580
37128;202000041237;8;1;2020;08:20;2;44;44203;1;1;2;-1;Le Temple-de-Bretagne;47,3233410; -1,7775960
37129;202000041238;27;7;2020;10:00;1;78;78029;1;1;1;5;A13W;48,9664400;1,8529300
37130;202000041239;7;1;2020;16:20;1;71;71398;1;1;8;1;Route d’Oslon;46,7699880;4,9776050
37131;202000041240;28;7;2020;13:00;1;95;95572;1;1;1;5;AUTOROUTE A15;49,0269747;2,1298922
37132;202000041241;5;1;2020;15:30;1;63;63198;1;1;1;2;A89 PK 346.600;45,9358097;2,9618068
37133;202000041242;8;1;2020;10:00;1;77;77006;1;1;2;6;D409;48,4010596;2,5499744
37134;202000041243;28;7;2020;09:25;1;95;95500;1;1;7;2;AUTOROUTE A15;49,0402850;2,0831547
37135;202000041244;8;1;2020;17:10;2;77;77109;1;1;2;1;D231;48,6151300;3,2001190
37136;202000041245;7;1;2020;07:34;3;79;79235;1;2;5;7;1 Lieu Dit Puy Jourdain;46,8975460; -0,7923000
37137;202000041246;27;7;2020;19:45;1;93;93064;1;1;1;4;AUTOROUTE A86;48,8775817;2,4773694
37138;202000041248;27;7;2020;20:45;2;60;60612;1;1;1;7;AUTOROUTE A1;49,2053900;2,6110900
37139;202000041249;26;2;2020;10:23;1;973;97302;2;2;1;3;GOINET (LIEUTENANT);4,9396804; -52,3306918
37140;202000041251;7;1;2020;14:00;1;29;29093;1;1;2;6;96 Lieu-dit Kerlouron Bihan;48,5682090; -4,4369430
37141;202000041252;7;1;2020;12:50;1;29;29075;2;3;2;3;28 Rue Amiral Guépratte;48,4347618; -4,3987898
37142;202000041253;23;2;2020;04:45;4;973;97302;1;1;1;2;ROUTE NATIONALE 1;4,9081578; -52,3229671
37143;202000041254;8;1;2020;08:50;1;02;02741;1;1;2;1;D1029;49,8390030;3,4692310
37144;202000041255;22;2;2020;05:45;2;63;63113;2;3;1;2;DUMAS (BD J.BAPTISTE);45,7869200;3,0880100
37145;202000041256;8;1;2020;14:50;1;03;03258;1;1;2;1;97 Rue de Vichy;46,1737726;3,3985573
37146;202000041257;8;1;2020;07:45;3;03;03040;1;1;5;5;Les Bassettes;46,5355172;3,3192283
37147;202000041258;7;1;2020;16:30;1;01;01068;1;1;1;6;D1084;46,0711390;5,4840450
37148;202000041259;20;2;2020;08:00;1;63;63113;2;4;1;1;CHAPPE (RUE);45,7870995;3,1257984
37149;202000041261;25;7;2020;16:00;1;988;98818;2;4;1;3;IEKAWE (RUE JACQUES); -22,2252100;166,4809100
37150;202000041262;26;7;2020;17:30;1;974;97416;2;1;1;6;Chemin Andinaik; -21,2995000;55,4989000
37151;202000041263;8;2;2020;08:00;1;60;60164;2;1;2;3;26 Rue des Routis;49,4089550;1,8339310
37152;202000041264;26;7;2020;18:25;2;974;97407;2;9;1;6;CHENIER ANDRE(PLACE); -20,9366700;55,2989700
37153;202000041265;8;1;2020;07:30;5;10;10287;2;9;2;6;D79;48,3387560;4,3487480
37154;202000041266;27;7;2020;01:40;3;973;97302;1;1;1;7;Voie Expresse;4,9161963; -52,3306489
37155;202000041268;8;1;2020;07:30;5;16;16023;2;1;2;6;3 Route de la Garenne;45,9165654;0,2439266
37156;202000041269;27;7;2020;11:25;1;972;97209;2;1;1;1;ENTRAIDE (ROUTE DE L');14,6206641; -61,0550689
37157;202000041270;7;1;2020;11:50;1;21;21425;2;1;1;6;5, Chemin des Nymphes;47,6262639;4,3487900
37158;202000041271;27;7;2020;20:40;1;69;69389;2;1;1;3;MARIETTON                           (R );45,7763600;4,7973500
37159;202000041272;7;1;2020;17:30;1;40;40230;2;1;1;6;Avenue Robert Labeyrie;43,7856910; -0,9304180
37160;202000041273;26;7;2020;21:00;1;69;69286;2;3;1;6;EUROPE (DE L')                      (AV);45,8120000;4,8893300
37161;202000041274;7;1;2020;21:50;4;24;24520;2;1;2;1;6 Rue du Commandant Cousteau;44,8618630;1,2393550
37162;202000041275;27;7;2020;18:11;1;2B;2B033;2;1;1;4;11 - RT;42,6945000;9,4523000
37163;202000041276;8;1;2020;15:50;1;30;30294;2;5;1;1;11 Chemin des Sports;44,1378090;4,1288580
37164;202000041277;27;7;2020;10:15;1;2B;2B033;1;1;1;4;11 - RT;42,6638100;9,4425400
37165;202000041278;7;1;2020;20:10;3;80;80724;1;1;2;1;A16;49,8629380;2,2177200
37166;202000041280;27;7;2020;18:01;1;2A;2A004;2;1;1;6;LEVIE JEAN JEROME AVENUE;41,9264800;8,7385600
37167;202000041282;6;1;2020;19:15;2;13;13007;1;1;1;7;A52;43,3600340;5,6154120
37168;202000041283;27;7;2020;14:55;1;95;95018;1;1;1;3;CORMEILLES (ROUTE DE);48,9625700;2,2180900
37169;202000041284;8;1;2020;04:32;3;33;33205;1;9;5;6;A62;44,6036500; -0,3685700
37170;202000041285;26;7;2020;19:20;1;91;91228;2;2;1;3;MITTERAND (BD FRANCOIS);48,6251000;2,4238400
37171;202000041286;7;1;2020;17:00;3;55;55347;1;1;1;1;D34;49,0450608;5,4143301
37172;202000041287;25;7;2020;20:40;1;91;91521;2;3;1;3;LIBERATION (AVENUE DE LA) N°2 A 26;48,6538300;2,4118100
37173;202000041288;26;7;2020;21:40;5;91;91347;2;1;1;6;DIVISION LECLERC (AVENUE DE LA);48,6522400;2,2728400
37174;202000041289;7;1;2020;21:45;5;60;60142;2;1;2;3;Rue de Paris;49,1252600;2,5334710
37175;202000041291;7;1;2020;21:15;3;988;98821;1;1;1;6;RT1; -22,0579500;166,2502800
37176;202000041292;24;7;2020;22:30;5;86;86194;2;2;1;3;D162;46,5855600;0,3662200
37177;202000041293;8;1;2020;07:35;3;77;77232;1;1;2;2;D27;48,9168740;2,8134780
37178;202000041294;24;7;2020;08:28;1;84;84087;2;6;7;3;SYRAH (GIRATOIRE);44,1120500;4,8506500
37179;202000041296;27;7;2020;10:00;1;83;83137;2;1;1;6;LECLERC (AVE GENERAL);43,1257000;5,9283600
37180;202000041297;8;1;2020;12:30;1;84;84047;1;2;1;-1;D4;43,8890120;5,3377810
37181;202000041298;26;7;2020;08:05;1;83;83069;2;1;7;3;Route de l’Almanarre;43,0907780;6,1293460
37182;202000041299;5;1;2020;16:40;1;13;13022;2;1;1;2;D141;43,2076410;5,5597400
37183;202000041300;26;7;2020;16:40;1;80;80021;2;1;1;3;ILE DE FRANCE (RUE DE L');49,9140100;2,2462700
37184;202000041301;7;1;2020;14:45;1;89;89080;1;1;2;7;A5;48,2730920;3,2832950
37185;202000041302;22;7;2020;13:15;1;78;78126;2;1;1;2;VERDUN (AVENUE DE );48,8354100;2,1320000
37186;202000041303;7;1;2020;21:54;3;57;57622;1;1;1;2;D643;49,1810510;6,0412060
37187;202000041304;7;1;2020;22:05;5;64;64067;2;1;1;2;24 Route du Pont;43,2462550; -0,3025110
37188;202000041305;24;7;2020;08:30;1;78;78361;2;5;1;2;AVENUE DE LA DIVISION LECLERC;48,9901700;1,7113000
37189;202000041306;6;1;2020;18:45;5;33;33056;2;1;1;3;75 AVE DU XI NOVEMBRE;44,9091300; -0,6232900
37190;202000041307;26;7;2020;18:45;1;77;77305;2;1;1;-1;CLOMARTS (RUE DES);48,3895037;2,9689564
37191;202000041309;27;7;2020;11:15;1;77;77186;2;2;1;6;GRANDE (RUE);48,4051950;2,7014080
37192;202000041311;8;1;2020;06:10;5;27;27016;2;1;9;2;35 Place Nicolas Poussin;49,2465630;1,4178440
37193;202000041312;27;7;2020;08:45;1;76;76351;2;1;1;6;WINSTON CHURCHILL;49,4929800;0,1323800
37194;202000041314;25;7;2020;20:05;1;76;76305;1;1;2;6;RD 6382;49,4986400;0,1979400
37195;202000041315;8;1;2020;19:00;3;60;60199;1;2;2;3;D930;49,6128312;2,1707624
37196;202000041316;25;7;2020;17:25;1;74;74013;2;1;1;2;GENEVE (AVE DE) JUSQUE CROISEE ANTHY;46,3490000;6,4310200
37197;202000041317;7;1;2020;11:45;1;13;13215;1;1;1;2;A7-Sens Marseille vers Lyon;43,3374534;5,3769981
37198;202000041318;7;1;2020;09:10;1;13;13215;1;1;1;3;A7-Sens Lyon vers Marseille;43,3598500;5,3619800
37199;202000041319;27;7;2020;16:45;1;74;74012;2;1;1;3;GENEVE (RUE DE);46,1927139;6,2306951
37200;202000041320;6;1;2020;18:15;3;13;13215;1;1;1;2;A7-Sens Lyon vers Marseille;43,3902787;5,3509270
37201;202000041321;27;7;2020;19:00;1;69;69256;2;1;1;6;GABRIEL PERI                        (AV);45,7712900;4,9083000
37202;202000041322;7;1;2020;18:50;3;42;42044;1;1;1;-1;RN88;45,3881360;4,3053250
37203;202000041323;24;6;2020;17:42;1;66;66136;2;1;1;1;BOURRAT BOULEVARD JEAN;42,7005400;2,9025400
37204;202000041324;24;7;2020;16:46;1;66;66136;2;1;1;1;MAILLOLES (CHEMIN);42,6841869;2,8784776
37205;202000041325;20;7;2020;09:05;1;64;64445;2;1;1;6;Allee de Morlaas;43,3045000; -0,3490300
37206;202000041326;7;7;2020;16:55;1;64;64445;2;2;1;6;DESPOURRINS;43,2999300; -0,3670300
37207;202000041327;7;1;2020;18:45;3;91;91553;1;1;2;4;RN 104;48,6288000;2,4814000
37208;202000041328;27;7;2020;15:30;1;64;64102;2;3;1;3;HENRI DE NAVARRE (AVENUE);43,5085000; -1,4444000
37209;202000041329;25;7;2020;22:35;2;63;63113;2;9;1;2;PUY DE DOME (AVENUE DU);45,7879000;3,0578000
37210;202000041330;20;7;2020;16:00;1;62;62178;2;6;1;3;EVRARD ( FLORENT );50,4853100;2,5464000
37211;202000041331;22;7;2020;14:00;1;54;54270;2;3;1;3;rue Jean Jaurès;49,4975040;5,8640270
37212;202000041332;25;7;2020;09:40;1;49;49246;2;1;1;6;DAVID D'ANGERS;47,4376800; -0,5318000
37213;202000041333;27;7;2020;19:11;1;37;37233;2;1;1;7;MOULIN (PONT JEAN);47,3853066;0,7288077
37214;202000041334;27;7;2020;12:05;1;37;37261;2;1;1;3;GRAMMONT (AVENUE DE);47,3857369;0,6907400
37215;202000041335;7;1;2020;10:00;1;94;94003;1;1;1;3;AUTOROUTE A6A;48,8033100;2,3421100
37216;202000041336;27;7;2020;19:20;1;35;35051;1;6;1;7;LONGCHAMPS (PORTE DES);48,1405800; -1,6266600
37217;202000041339;7;1;2020;19:00;3;78;78646;1;1;2;3;RN12 INT;48,7938800;2,0762700
37218;202000041340;8;7;2020;09:00;1;33;33063;2;2;1;3;RUE MALLERET;44,8479500; -0,5858700
37219;202000041342;5;7;2020;23:15;5;33;33063;2;3;1;7;RUE DU MIRAIL / RUE CAUSSEROUGE;44,8331700; -0,5709600
37220;202000041344;6;1;2020;08:10;2;95;95488;1;1;1;6;AUTOROUTE A15;49,0128700;2,1492900
37221;202000041345;5;7;2020;18:50;1;33;33063;2;3;1;3;AVE DE MERIGNAC / RUE MAC CARTHY;44,8385900; -0,6210400
37222;202000041346;4;1;2020;22:40;3;95;95203;1;1;1;7;RD 170;48,9775100;2,2860400
37223;202000041347;16;7;2020;14:35;1;33;33063;2;4;1;-1;BD DU PRESIDENT WILSON / RUE DE LA LIBERTE;44,8420700; -0,5995100
37224;202000041348;5;1;2020;01:00;5;93;93066;1;1;1;4;AUTOROUTE A1;48,9226700;2,3572800
37225;202000041349;7;1;2020;09:50;1;94;94028;1;1;1;7;A86 EXT;48,7941122;2,4417939
37226;202000041350;6;7;2020;12:10;1;33;33281;2;2;1;3;AVE DE LA LIBERATION / PCE JEAN JAURES;44,8510900; -0,6446800
37227;202000041351;7;1;2020;08:30;1;77;77337;1;1;1;2;A4;48,8301655;2,6152881
37228;202000041352;27;7;2020;05:30;5;33;33529;2;6;1;6;RD650 / Rue de Bordes;44,6371700; -1,1290400
37229;202000041353;7;1;2020;08:15;2;94;94018;1;1;1;7;A4;48,8204863;2,4013860
37230;202000041354;27;7;2020;10:10;1;31;31555;2;1;1;3;RUE ANDRE ETCHEVERLEPO;43,6393600;1,4598000
37231;202000041355;6;1;2020;18:15;3;77;77058;1;1;1;2;A4;48,8290044;2,7378711
37232;202000041357;6;1;2020;11:30;1;973;97302;2;2;1;3;FELIX EBOUE(ROCADE);4,9309260; -52,3132467
37233;202000041358;25;7;2020;21:15;1;31;31555;1;1;1;3;CHE DES ETROITS;43,5677000;1,4397300
37234;202000041359;6;1;2020;11:00;1;69;69383;2;2;1;6;LACASSAGNE                          (AV);45,7506979;4,8739515
37235;202000041360;25;7;2020;08:50;1;31;31555;2;1;1;6;RUE DU FERETRA;43,5814200;1,4437700
37236;202000041361;6;1;2020;16:00;1;972;97209;2;1;1;3;AUTOROUTE (A1);14,6182700; -61,0358700
37237;202000041362;25;7;2020;07:45;1;31;31555;1;1;1;2;VA007331 A620;43,5908700;1,3994300
37238;202000041363;6;1;2020;09:10;1;69;69034;2;1;1;6;GENERAL DE GAULLE                   (AV);45,8086000;4,8565000
37239;202000041364;25;7;2020;07:35;1;31;31557;2;1;1;6;AV JEAN JAURES;43,5887400;1,3601200
37240;202000041365;5;1;2020;21:00;5;69;69384;2;2;1;3;MAIL (DU)                           (R );45,7771968;4,8331841
37241;202000041366;27;7;2020;19:20;1;17;17415;2;2;1;3;YSER 1 A 35 QUAI DE L';45,7471000; -0,6304700
37242;202000041367;5;1;2020;10:25;1;2A;2A004;2;6;1;3;T21;41,9335502;8,7543297
37243;202000041369;27;7;2020;02:00;5;13;13202;2;1;1;6;DUNKERQUE  (BOULEVARD DE);43,3108360;5,3689390
37244;202000041371;6;1;2020;09:20;1;91;91432;2;1;7;2;PASCAL (AVENUE BLAISE);48,6955300;2,3363900
37245;202000041372;27;7;2020;15:40;1;13;13207;2;4;1;1;Corniche John Fitzgérald Kennedy;43,2906200;5,3554400
37246;202000041373;6;1;2020;07:45;2;91;91691;2;9;1;6;RIVES DE L'YERRES;48,7151800;2,4786100
37247;202000041374;3;1;2020;18:08;3;91;91223;1;1;1;7;C.D. 21;48,4175350;2,1313809
37248;202000041377;26;7;2020;08:00;1;13;13206;2;2;1;3;FRIEDLAND (RUE);43,2858800;5,3900100
37249;202000041379;23;7;2020;14:45;1;06;06083;2;1;1;2;SOLEIL (PROMENADE DU, N° 1294 ET +);43,7740840;7,5026040
37250;202000041380;25;7;2020;19:30;1;06;06069;2;1;1;3;FONT VIEILLE (CHEMIN);43,6420530;6,9805720
37251;202000041381;26;7;2020;03:35;5;04;04112;2;1;1;7;RD 5 (9 bd Elémir Bourges);43,8314200;5,7829000
37252;202000041382;27;7;2020;08:00;1;02;02738;2;1;1;-1;GAMBETTA (BOULEVARD);49,6550000;3,2963000
37253;202000041383;27;7;2020;01:20;5;01;01053;2;2;1;3;Avenue Jean-Marie Verne;46,1953700;5,2252300
37254;202000041384;27;7;2020;09:20;1;75;75120;2;1;1;2;BOULEVARD PERIPHERIQUE;48,8748760;2,4106970
37255;202000041385;27;7;2020;08:10;1;75;75120;2;1;1;6;ECHANGEUR BAGNOLET;48,8644550;2,4136330
37256;202000041386;26;7;2020;00:01;5;75;75113;2;1;2;2;BOULEVARD PERIPHERIQUE;48,8176140;2,3674690
37257;202000041387;27;5;2020;19:25;1;34;34172;2;9;1;3;FRANKLIN (ROND POINT BENJAMIN);43,6190000;3,9128100
37258;202000041388;27;5;2020;15:52;1;34;34172;2;1;1;3;COMEDIE (PLACE DE LA);43,6091400;3,8802700
37259;202000041389;27;5;2020;12:30;1;34;34172;2;3;1;3;MILHAUD (BOULEVARD BENJAMIN);43,6111900;3,8576000
37260;202000041390;26;5;2020;10:50;1;33;33281;2;2;1;1;AVE DES FRERES ROBIN/SON / AVE DU TRUC;44,8495900; -0,6560200
37261;202000041391;21;5;2020;22:44;5;33;33318;2;6;1;1;AVE DE SAIGE / RUE EDOUARD HERRIOT;44,7899600; -0,6345500
37262;202000041392;15;5;2020;14:20;1;33;33063;2;8;1;2;QUAI DES CHARTRONS / CRS DU MEDOC;44,8556900; -0,5635400
37263;202000041393;26;5;2020;20:20;1;31;31555;2;3;1;-1;CHE DE LAPUJADE;43,6275800;1,4564000
37264;202000041395;16;5;2020;11:15;1;30;30243;1;3;1;3;MOULIN (AVENUE J.);44,0720290;4,0814240
37265;202000041396;26;5;2020;21:00;1;29;29019;1;1;1;6;Route de Traon Bihan;48,4384498; -4,4891092
37266;202000041397;26;5;2020;19:00;1;29;29019;2;6;1;2;Rue Général Paulet - Bld Europe;48,4154575; -4,4753787
37267;202000041398;23;5;2020;20:30;1;25;25056;2;2;2;3;CHURCHILL BD WINSTON (entre 12 ET 19);47,2474200;5,9989500
37268;202000041399;20;5;2020;10:45;1;22;22113;1;1;1;7;KERILLIS HUELLAN (RUE);48,7288000; -3,4817000
37269;202000041400;25;5;2020;16:50;1;18;18033;2;6;1;3;VERLAINE (RUE PAUL);47,1006400;2,4164100
37270;202000041401;27;5;2020;14:55;1;14;14118;2;2;1;3;TOURAINE (RUE DE);49,1946900; -0,3974100
37271;202000041402;27;5;2020;21:50;5;13;13210;2;1;1;2;MARCEL ACHILLE (BOULEVARD);43,2793810;5,4259370
37272;202000041403;27;5;2020;20:40;1;13;13208;2;1;1;2;MONTREDON (AVENUE DE);43,2391890;5,3657890
37273;202000041404;27;5;2020;18:50;2;13;13201;2;1;1;3;LIBERTE (BOULEVARD DE LA);43,3008000;5,3815000
37274;202000041405;27;5;2020;17:45;1;13;13213;2;1;1;5;JEAN PAUL SARTRE (AVENUE);43,3208035;5,4164765
37275;202000041406;25;5;2020;17:35;1;13;13211;2;3;1;2;WILLIAM BOOTH (AVENUE);43,2960601;5,4477902
37276;202000041407;26;5;2020;11:20;1;13;13001;2;9;1;-1;BLUM LEON (AV);43,5238000;5,4295640
37277;202000041408;27;5;2020;02:30;5;06;06088;2;2;1;3;GOUNOD (RUE);43,7018230;7,2608040
37278;202000041409;27;5;2020;13:10;1;06;06069;2;1;1;6;ROUQUIER (BOULEVARD EMMANUEL);43,6335940;6,9393170
37279;202000041410;27;5;2020;16:00;1;75;75113;2;1;1;4;BD PERIPHERIQUE EXTERIEUR;48,8182630;2,3694570
37280;202000041411;26;5;2020;18:20;1;75;75120;2;1;1;2;PORTE DE BAGNOLET;48,8678450;2,4132410
37281;202000041413;27;5;2020;16:45;1;75;75119;2;1;1;3;RUE DE BELLEVILLE;48,8757850;2,4009810
37282;202000041414;27;5;2020;09:10;1;75;75115;2;1;1;6;BOULEVARD LEFEBVRE;48,8301110;2,2950760
37283;202000041415;26;5;2020;22:00;2;75;75114;2;2;1;3;RUE D ALESIA;48,8293090;2,3226490
37284;202000041416;27;5;2020;14:34;1;75;75113;2;1;1;6;BOULEVARD VINCENT AURIOL;48,8316500;2,3589220
37285;202000041417;26;5;2020;19:20;1;75;75112;2;2;1;6;AVENUE DES MINIMES;48,8404390;2,4365620
37286;202000041418;26;5;2020;09:56;1;75;75112;2;2;1;6;BOULEVARD DIDEROT;48,8462740;2,3774520
37287;202000041419;26;5;2020;23:20;5;75;75110;2;3;1;3;AVENUE PARMENTIER;48,8717060;2,3697680
37288;202000041421;27;5;2020;09:20;1;75;75104;2;1;1;6;VOIE GEORGES POMPIDOU;48,8504566;2,3611394
37289;202000041422;27;5;2020;09:05;1;94;94065;2;1;1;3;CHARLES LINDBERGH (AV);48,7529600;2,3496200
37290;202000041423;27;5;2020;13:40;1;94;94017;2;1;1;3;ROGER SALENGRO (AV);48,8198500;2,4828600
37291;202000041424;26;5;2020;16:45;1;94;94075;2;1;1;6;MANDRES (R DE);48,7154010;2,5372590
37292;202000041425;26;5;2020;16:00;1;93;93066;2;1;7;6;MERMOZ JEAN;48,9414522;2,3540461
37293;202000041426;27;5;2020;00:35;5;93;93007;2;3;1;3;ISAAC NEWTON (RUE);48,9441400;2,4722800
37294;202000041427;27;5;2020;08:50;1;93;93046;2;3;1;-1;AV ARISTIDE BRIAND / AV SULLY;48,9122900;2,5216500
37295;202000041428;26;5;2020;18:30;1;93;93027;2;6;1;4;PLACE DU 8 MAI 1945;48,9205900;2,4107900
37296;202000041430;27;5;2020;19:15;1;92;92064;2;1;1;3;CARNOT;48,8486900;2,2239600
37297;202000041431;25;5;2020;16:50;1;92;92063;2;1;1;6;DOUMER (AVENUE PAUL) EST;48,8827481;2,1884831
37298;202000041432;25;5;2020;16:50;1;92;92062;1;1;1;2;DE DION BOUTON (QUAI) DU 29 AU 65;48,8811245;2,2457667
37299;202000041433;25;5;2020;16:00;1;92;92050;2;1;1;2;boulevard Aimé Césaire;48,8928860;2,2274566
37300;202000041434;27;5;2020;09:15;1;92;92036;2;3;1;3;GABRIEL PERI (AVENUE) (60/134);48,9187850;2,2954390
37301;202000041435;26;5;2020;15:30;1;92;92036;2;1;1;6;LUCIEN LANTERNIER (AVENUE) (19/65);48,9318530;2,2894320
37302;202000041436;25;5;2020;20:20;1;92;92036;2;2;1;3;GABRIEL PERI (AVENUE) (136/164);48,9219500;2,2948160
37303;202000041437;27;5;2020;20:06;1;92;92026;2;3;1;6;PRÉSIDENT PAUL DOUMER (QUAI DU);48,8901352;2,2562890
37304;202000041438;26;5;2020;11:00;1;92;92004;2;1;1;2;Quai du Docteur Dervaux;48,9066100;2,2909300
37305;202000041439;26;5;2020;10:20;1;92;92004;2;2;1;3;DOCTEUR DERVAUX  ( QUAI DU );48,9049070;2,2877890
37306;202000041441;27;5;2020;16:45;1;44;44180;1;1;1;7;Les Six Chemins (Maumusson);47,4713050; -1,1119110