;Num_Acc;jour;mois;an;hrmn;lum;dep;com;agg;int;atm;col;adr;lat;long
37307;202000041442;27;5;2020;15:45;1;62;62447;2;1;1;2;31 Rue d'Arras;50,3741660;2,0399930
37308;202000041443;28;5;2020;15:30;1;87;87181;1;1;7;1;Col de la Roche (Selle);46,0417180;1,4958350
37309;202000041444;28;5;2020;17:15;1;51;51195;1;1;1;1;N44;48,7756500;4,5886370
37310;202000041445;20;5;2020;19:30;1;28;28269;1;1;1;7;D114;48,3984370;1,4876770
37311;202000041447;27;5;2020;19:30;1;50;50543;1;1;1;2;47 Rue des Estuaires;48,6449430; -1,3449690
37312;202000041448;28;5;2020;06:50;1;50;50393;1;1;1;1;D258;48,9312260; -1,1710520
37313;202000041450;28;5;2020;02:15;5;59;59525;2;1;1;6;Rue Sadi Carnot;50,0873020;4,0035120
37314;202000041451;28;5;2020;14:20;1;19;19155;1;1;1;1;D32;45,3742920;1,8025620
37315;202000041453;26;5;2020;16:00;1;74;74108;1;1;1;3;D1508;45,8248520;6,2084510
37316;202000041454;28;5;2020;17:00;1;77;77239;1;2;1;3;N4/ rue du Corbier;48,6882790;3,1252064
37317;202000041455;24;5;2020;19:45;1;80;80051;1;1;1;1;D13;50,0350090;1,8256620
37318;202000041456;26;5;2020;13:50;1;82;82085;1;1;1;6;RD108;43,9967510;1,2720750
37319;202000041457;28;5;2020;10:20;1;82;82048;1;2;1;3;Chemin des Boulbènes;43,8549930;1,2723860
37320;202000041459;28;5;2020;14:40;1;32;32462;1;1;1;6;N124;43,7500520;0,2802960
37321;202000041460;25;5;2020;09:50;1;71;71263;2;1;1;6;Rue de Bram;46,6283502;5,2173815
37322;202000041461;27;5;2020;20:29;1;12;12036;1;2;1;3;D98;44,8409900;2,7365350
37323;202000041463;28;5;2020;10:20;1;44;44069;1;6;1;7;Chemin du Ros Madeleine;47,3134130; -2,4054050
37324;202000041464;27;5;2020;10:30;1;44;44173;1;2;1;3;La Chambaudiere;47,0862201; -1,3886118
37325;202000041465;28;5;2020;01:30;5;29;29105;2;2;1;6;D35 - Rue de l'Arvor;48,5149880; -4,0757950
37326;202000041466;27;5;2020;10:43;1;29;29093;2;1;1;6;46 Rue des Abers;48,5690400; -4,4113540
37327;202000041467;22;5;2020;07:00;1;01;01350;1;3;1;2;Route de Bourg;46,2846760;5,2902240
37328;202000041468;28;5;2020;17:30;1;05;05132;2;3;1;7;Rue du Rocher Roux;44,6838700;6,0773570
37329;202000041469;23;5;2020;17:30;1;50;50082;2;2;1;1;6 Route de Portbail;49,4653040; -1,6382180
37330;202000041470;28;5;2020;19:00;1;60;60064;2;3;1;3;2 Rue du Huit Mai 1945;49,4162220;3,0086980
37331;202000041471;18;5;2020;11:50;1;18;18052;1;1;1;6;D953;46,7449120;2,6707080
37332;202000041472;28;5;2020;06:00;2;16;16143;1;1;1;1;Ld Roumaliac;45,5398120;0,1719990
37333;202000041474;25;5;2020;09:05;1;34;34337;1;6;1;7;D986;43,5399080;3,8982470
37334;202000041475;27;5;2020;11:22;1;69;69299;1;1;1;6;A432;45,7078884;5,0996226
37335;202000041476;21;5;2020;17:00;1;74;74196;1;1;1;1;D119;46,0516790;6,5740460
37336;202000041477;28;5;2020;10:55;1;973;97305;1;2;1;1;PK 17.100 route nationale 1;4,9465750; -52,4202780
37337;202000041478;27;5;2020;16:15;1;977;97701;2;1;1;1;Quartier Flamand;17,9160430; -62,8551440
37338;202000041479;27;5;2020;20:38;2;28;28377;1;1;1;6;D21.7;48,8223310;1,3652100
37339;202000041480;28;5;2020;15:30;1;77;77099;1;2;1;3;D207a - D40;48,1626830;2,7056840
37340;202000041481;27;5;2020;16:30;1;78;78030;1;1;7;3;D61;48,6802370;1,8937360
37341;202000041482;27;5;2020;15:20;1;30;30258;2;6;1;6;40 Avenue Pierre Subleyras;43,6820760;4,4295720
37342;202000041483;27;5;2020;20:15;1;34;34039;1;1;1;7;D613;43,4526230;3,6528250
37343;202000041484;27;5;2020;13:49;1;34;34162;1;9;1;3;D32;43,4924090;3,4702210
37344;202000041485;27;5;2020;19:55;1;25;25377;1;1;1;7;Route de Clerval;47,4309580;6,3777570
37345;202000041486;26;5;2020;17:30;1;67;67154;1;3;1;5;D468;48,3775970;7,6899250
37346;202000041487;27;5;2020;22:30;3;63;63150;1;1;1;1;D455;45,8992177;3,0708385
37347;202000041488;22;5;2020;20:45;2;42;42285;1;2;7;3;Clos Maillot;45,5752660;4,0973910
37348;202000041489;14;5;2020;09:55;1;64;64496;2;1;1;6;Avenue du Labourd;43,4761470; -1,4566060
37349;202000041490;28;5;2020;08:15;1;40;40283;1;3;1;3;Route de Buglose;43,7632300; -1,0023630
37350;202000041491;26;5;2020;20:30;2;76;76250;2;1;1;7;Route Saint Jacques;49,5669930;0,3111260
37351;202000041492;27;5;2020;16:35;1;59;59268;2;3;1;2;Rue du Grand Chemin;50,6284930;2,7409170
37352;202000041493;20;5;2020;16:35;1;83;83027;1;1;1;2;A50;43,1699868;5,7700268
37353;202000041494;24;5;2020;15:15;1;42;42218;1;1;1;5;RN88;45,4325300;4,4167200
37354;202000041495;27;5;2020;19:55;1;33;33039;1;1;1;2;ROCADE A 630;44,7994500; -0,5358800
37355;202000041496;26;5;2020;23:20;5;92;92050;1;1;1;2;A14;48,8959652;2,2251861
37356;202000041497;26;5;2020;15:15;1;78;78297;1;1;1;6;RN12;48,7884820;2,0678020
37357;202000041498;26;5;2020;09:30;1;93;93048;1;1;1;2;AUTOROUTE A3;48,8730100;2,4352700
37358;202000041499;26;5;2020;09:13;1;92;92036;1;1;1;7;AUTOROUTE A15;48,9390019;2,2956662
37359;202000041500;26;5;2020;21:00;3;94;94065;1;1;1;2;A86 INT;48,7544000;2,3504000
37360;202000041501;24;5;2020;03:10;5;94;94018;1;1;1;6;A4;48,8248625;2,3928937
37361;202000041502;29;1;2020;15:54;1;05;05061;2;3;7;6;ST MENS ( RUE DE );44,5593300;6,0857000
37362;202000041503;16;1;2020;18:45;2;69;69029;1;1;1;2;RD 383  ;45,7353921;4,9018915
37363;202000041504;26;5;2020;13:10;1;974;97416;2;1;1;2;LEBLOND 2 (RUE MARIUS ET ARY); -21,0046300;55,2753600
37364;202000041505;25;5;2020;10:05;1;974;97416;2;1;1;2;PERE MAITRE(RUE DU); -21,2843800;55,4668930
37365;202000041506;25;5;2020;09:15;1;974;97411;2;6;1;3;JAURES (BOULEVARD JEAN); -20,9009000;55,4968000
37366;202000041508;26;5;2020;22:30;5;69;69387;2;2;1;-1;GAMBETTA                            (CO);45,7544000;4,8455000
37367;202000041509;26;5;2020;16:30;1;69;69386;2;2;1;3;MICHEL RAMBAUD                      (R );45,7689600;4,8605700
37368;202000041510;26;5;2020;15:10;1;69;69388;2;3;1;3;VIENNE (DE)                         (RO);45,7240100;4,8541100
37369;202000041511;26;5;2020;06:00;2;69;69383;2;2;1;3;GARIBALDI                           (R );45,7571200;4,8527300
37370;202000041512;25;5;2020;20:18;1;69;69259;2;3;1;1;Avenue Charles de Gaulle;45,7193759;4,8883459
37371;202000041513;26;5;2020;13:21;1;972;97213;1;1;1;3;VIEUX CHEMIN CALIFORNIE (RUE DU);14,6205850; -61,0314950
37372;202000041514;26;5;2020;01:40;5;2A;2A004;1;1;1;6;ALATA ROUTE;41,9418300;8,7356300
37373;202000041515;26;5;2020;20:41;5;95;95306;2;1;1;6;ARGENTEUIL(RUE D');48,9900300;2,1678600
37374;202000041516;26;5;2020;18:20;1;91;91477;2;2;1;3;HUIT MAI 1945 (AVENUE DU);48,7097600;2,2431200
37375;202000041517;22;5;2020;15:50;1;91;91339;2;1;1;3;BENOIST ROBERT (AVENUE);48,6365000;2,2668000
37376;202000041518;26;5;2020;09:05;1;88;88413;2;1;1;3;QUAI CARNOT;48,2843500;6,9539800
37377;202000041519;25;5;2020;16:35;1;87;87085;2;1;1;4;BORIE (BOULEVARD DE LA);45,8431400;1,2389100
37378;202000041521;25;5;2020;09:41;1;87;87085;2;1;1;6;DUTREIX (RUE ARMAND);45,8314000;1,2385400
37379;202000041522;23;5;2020;09:20;1;78;78646;2;3;1;5;ETATS UNIS (AVENUE DES);48,8113200;2,1514700
37380;202000041523;16;5;2020;19:05;1;77;77288;2;1;1;6;ANTOINE DE SAINT EXUPERY(AVENUE);48,5511500;2,6547300
37381;202000041524;25;5;2020;20:40;1;76;76540;2;1;1;6;LA FAYETTE. RUE;49,4309200;1,0864200
37382;202000041525;26;5;2020;09:20;1;76;76351;2;1;1;3;BOIS AU COQ (AVENUE);49,5197000;0,1153000
37383;202000041526;25;5;2020;17:15;1;76;76351;2;2;1;1;RAYMOND GUENOT;49,4943000;0,1037000
37384;202000041527;23;5;2020;22:20;5;76;76351;1;6;1;6;LOUIS BLANC;49,5078000;0,1338000
37385;202000041528;24;5;2020;12:10;1;67;67180;2;1;8;6;PREFET LEZAY-MARNEZIA (RUE DU);48,7989540;7,7825460
37386;202000041529;23;5;2020;12:19;1;66;66136;1;1;1;3;ARCADES (RD POINT);42,6742540;2,8876800
37387;202000041531;26;5;2020;10:50;1;64;64260;2;1;1;3;ALLEES (RUE DES);43,3565650; -1,7743680
37388;202000041534;20;5;2020;19:10;1;60;60057;2;1;7;1;MARECHAL LECLERC (RUE DU);49,4334700;2,0774100
37389;202000041535;26;5;2020;10:25;1;59;59230;2;1;1;3;CLEMENCEAU (AVENUE);50,2600592;4,0036323
37390;202000041536;25;5;2020;09:45;1;56;56260;2;2;1;3;RESISTANCE(BLD DE LA) 4 A DDASS;47,6461700; -2,7802700
37391;202000041537;26;5;2020;13:35;1;51;51454;2;1;1;3;Boulevard de la Paix;49,2517888;4,0418080
37392;202000041538;24;5;2020;23:20;5;50;50602;2;4;1;-1;GAULLE (RUE DU GENERAL DE);49,6395000; -1,5696500
37393;202000041539;24;5;2020;11:05;1;40;40088;2;9;1;2;HUGO (AVENUE VICTOR);43,7030100; -1,0530400
37394;202000041541;26;5;2020;17:15;1;35;35115;2;1;1;3;COINTAT (BD MICHEL);48,3436385; -1,1754229
37395;202000041542;26;5;2020;10:15;1;34;34108;1;1;1;5;RD 600;43,4307000;3,7213200
37396;202000041543;26;5;2020;23:34;5;34;34172;2;2;1;2;JUSTICE DE CASTELNAU (AVENUE DE LA);43,6259700;3,8821200
37397;202000041544;26;5;2020;08:00;1;33;33063;2;2;1;3;PONT JACQUES CHABAN-DELMAS / QUAI DE BACALAN;44,8601600; -0,5536000
37398;202000041545;26;5;2020;07:35;1;33;33162;2;2;1;1;AVE DU TAILLAN-MEDOC / RUE DU BRETEIL / RUE PAUL DUMONT;44,8797600; -0,6475500
37399;202000041546;15;5;2020;18:30;1;33;33063;2;3;1;3;ALL DE TOURNY / RUE GOBINEAU;44,8436651; -0,5751517
37400;202000041548;25;5;2020;11:20;1;29;29232;2;1;1;2;Route de Benodet;47,9863104; -4,1072711
37401;202000041550;26;5;2020;13:15;1;22;22113;2;1;1;6;MORLAIX (ROUTE DE);48,7217710; -3,4818570
37402;202000041551;22;5;2020;20:45;1;22;22113;2;6;1;3;ROND POINT COPPENS;48,7353990; -3,4372508
37403;202000041552;26;5;2020;17:45;1;14;14167;2;2;1;3;JEAN JAURES (RUE );49,2012500; -0,3009400
37404;202000041553;26;5;2020;05:50;3;13;13103;1;1;1;2;ROUTE DE JEAN MOULIN-RN 538;43,6729000;5,0922900
37405;202000041554;27;5;2020;00:00;5;13;13210;2;1;1;6;OCTROI (PLACE GARE DE L');43,2815300;5,4268500
37406;202000041556;26;5;2020;14:20;1;13;13206;2;1;1;6;SYLVABELLE (RUE);43,2894000;5,3793000
37407;202000041557;25;5;2020;16:50;1;13;13004;2;9;1;6;AV DES ALYSCAMPS;43,6750519;4,6325196
37408;202000041558;25;5;2020;16:19;1;10;10387;2;1;7;2;PASTEUR (RUE);48,2989100;4,0661300
37409;202000041559;25;5;2020;18:25;1;07;07281;1;1;1;7;C.D. 287 (VERS ST ROMAIN DE LERPS);44,9473800;4,8293800
37410;202000041560;25;5;2020;17:20;1;07;07102;2;1;1;6;REPUBLIQUE (AV. DE LA) [DU N° AU N°];44,9364800;4,8729900
37411;202000041561;25;5;2020;18:50;1;07;07102;2;1;1;2;BEAUCAIRE (AVENUE DE);44,9310000;4,8569900
37412;202000041562;26;5;2020;11:30;1;06;06069;2;1;1;2;Route de la Paoute;43,6324410;6,9576130
37413;202000041563;25;5;2020;10:40;1;06;06029;2;1;7;2;LECLERC (SQUARE GENERAL);43,5483000;7,0119200
37414;202000041564;26;5;2020;11:50;1;06;06027;2;1;1;-1;RENOIR AVENUE AUGUSTE;43,6640000;7,1520000
37415;202000041565;26;5;2020;08:45;1;75;75106;2;3;1;6;RUE NOTRE DAME DES CHAMPS;48,8464550;2,3273270
37416;202000041566;26;5;2020;18:55;1;75;75120;2;1;1;7;RUE DES PYRENEES;48,8578860;2,4036360
37417;202000041567;25;5;2020;21:00;2;75;75119;2;2;1;6;BOULEVARD SERURIER;48,8796100;2,3996780
37418;202000041568;26;5;2020;08:50;1;75;75118;2;4;1;3;BOULEVARD ORNANO;48,8973270;2,3448590
37419;202000041569;26;5;2020;10:05;1;75;75117;2;2;1;2;BOULEVARD BESSIERES;48,8942870;2,3137800
37420;202000041570;26;5;2020;17:40;1;75;75116;2;1;1;3;AVENUE DU PRESIDENT KENNEDY;48,8535320;2,2821600
37421;202000041572;26;5;2020;18:00;1;75;75115;2;2;1;3;RUE DE LA CROIX NIVERT;48,8399780;2,2903520
37422;202000041573;26;5;2020;19:11;1;75;75114;2;1;7;3;BOULEVARD BRUNE;48,8265910;2,3106570
37423;202000041575;26;5;2020;20:10;2;75;75108;2;2;1;3;RUE D ANJOU;48,8707380;2,3213730
37424;202000041578;26;5;2020;16:45;1;75;75102;2;5;1;3;BOULEVARD DES CAPUCINES;48,8699180;2,3280340
37425;202000041579;25;6;2020;18:45;1;31;31555;2;1;1;3;AV RAYMOND NAVES;43,5951500;1,4843600
37426;202000041581;27;6;2020;03:55;3;22;22360;2;6;1;6;GUERNEAU (RUE DU);48,4780708; -2,7679467
37427;202000041582;29;6;2020;19:25;1;21;21231;2;1;1;6;26 Rue Chevreul;47,3084400;5,0394600
37428;202000041583;29;6;2020;20:50;1;21;21054;2;2;1;3;Rue Gustave Eiffel;47,0395290;4,8456600
37429;202000041584;29;6;2020;22:30;5;14;14118;2;1;1;6;CHEMIN VERT (RUE DU - N°79);49,1898900; -0,3908000
37430;202000041585;27;6;2020;19:25;1;30;30032;1;1;1;1;saint gilles route de D38;43,7946300;4,5953500
37431;202000041586;28;6;2020;12:58;1;13;13056;1;1;1;6;ROUTE DE SAINT PIERRE;43,3875600;5,0631700
37432;202000041587;29;6;2020;21:00;1;13;13215;2;1;1;6;VALLON DES TUVES;43,3706400;5,3693700
37433;202000041588;28;6;2020;23:00;5;13;13208;2;1;1;6;ANDRE ZENATTI (AVENUE);43,2463280;5,3881270
37434;202000041589;29;6;2020;00:10;5;13;13212;2;1;1;7;PEINTRES ROUX (AVENUE DES);43,3056330;5,4704160
37435;202000041590;28;6;2020;18:00;1;11;11262;2;3;1;3;FRANCE (AVENUE ANATOLE);43,1870200;2,9908300
37436;202000041591;29;6;2020;15:30;1;06;06088;2;1;1;6;GAIRAUT (AV. DE);43,7322500;7,2583300
37437;202000041592;19;6;2020;16:50;1;06;06088;2;1;1;3;GENDARMERIE (R. DE LA);43,7112000;7,2802000
37438;202000041593;29;6;2020;17:20;1;06;06027;2;1;1;2;CAMPANETTE CHEMIN DE LA;43,6753200;7,1638900
37439;202000041594;28;6;2020;10:00;1;05;05061;1;1;1;5;RN 85;44,5262390;6,0483000
37440;202000041595;29;6;2020;00:25;5;75;75118;2;1;1;5;PORTE DE CLIGNANCOURT;48,9010410;2,3507640
37441;202000041596;27;6;2020;09:45;1;75;75113;2;1;1;2;BOULEVARD PERIPHERIQUE;48,8215800;2,3791310
37442;202000041598;29;6;2020;08:20;1;75;75119;2;1;1;7;RUE DE LORRAINE;48,8863250;2,3824640
37443;202000041599;29;6;2020;12:05;1;75;75113;2;4;1;6;RUE DU DOCTEUR BOURNEVILLE;48,8190700;2,3579820
37444;202000041601;29;6;2020;06:50;1;75;75112;2;3;1;6;BOULEVARD SOULT;48,8372830;2,4082930
37445;202000041602;29;6;2020;07:25;1;75;75112;2;7;1;6;BOULEVARD DE REUILLY;48,8395570;2,3954810
37446;202000041603;22;6;2020;11:25;1;75;75111;2;2;1;6;RUE BOULLE;48,8568890;2,3722100
37447;202000041604;29;6;2020;12:40;1;75;75111;2;2;1;6;RUE DE LA ROQUETTE;48,8593390;2,3868600
37448;202000041606;29;6;2020;16:30;1;75;75107;2;1;1;7;QUAI D ORSAY;48,8622600;2,3037420
37449;202000041607;28;6;2020;12:27;1;75;75107;2;1;1;6;RUE DE L UNIVERSITE;48,8611530;2,3061750
37450;202000041608;28;6;2020;22:45;5;75;75101;2;7;1;3;QUAI FRANCOIS MITTERRAND;48,8601140;2,3333470
37451;202000041609;29;6;2020;12:05;1;75;75103;2;1;1;3;RUE COMMINES;48,8622250;2,3663900
37452;202000041610;29;6;2020;08:20;1;75;75103;2;1;1;6;RUE REAUMUR;48,8650460;2,3579670
37453;202000041611;29;6;2020;15:52;1;94;94074;1;1;1;4;VASCO DE GAMA;48,7673100;2,4522400
37454;202000041612;29;6;2020;09:00;1;94;94033;2;3;1;7;NEUILLY (R DE);48,8474090;2,4786620
37455;202000041613;28;6;2020;23:20;5;94;94028;2;1;1;5;FOCH(AVENUE DU MARECHAL);48,7776800;2,4385700
37456;202000041614;29;6;2020;11:55;1;94;94022;2;9;1;6;LEON GOURDAULT (AV);48,7632970;2,4063630
37457;202000041615;28;6;2020;22:50;5;94;94019;2;1;1;3;MARECHAL LECLERC (AV DU);48,7963500;2,5325700
37458;202000041617;29;6;2020;09:50;1;93;93078;2;9;1;6;BALLANGER (BD ROBERT);48,9514300;2,5259000
37459;202000041618;29;6;2020;20:00;1;93;93053;2;1;1;3;ROSNY (AVENUE DE) N° 53 A 243;48,8917196;2,4710097
37460;202000041619;29;6;2020;10:55;1;93;93053;2;9;1;3;JEAN JAURES (RUE);48,8916240;2,4546938
37461;202000041620;29;6;2020;09:00;1;93;93015;2;2;1;3;PLACE DU PRESIDENT WILSON;48,9154600;2,5794100
37462;202000041621;28;6;2020;20:45;1;93;93008;2;1;1;6;SEMARD (AVENUE PIERRE);48,9084900;2,4456600
37463;202000041622;28;6;2020;17:30;1;93;93008;2;6;1;6;VAILLANT COUTURIER (AVENUE PAUL);48,9081108;2,4530183
37464;202000041623;28;6;2020;22:50;5;93;93001;2;1;1;3;AV DE LA REPUBLIQUE ;48,9096300;2,3862300
37465;202000041625;29;6;2020;15:20;1;92;92048;2;3;1;6;DUMONT D'URVILLE (RUE);48,8189022;2,2294146
37466;202000041626;26;6;2020;23:10;5;92;92036;2;2;1;3;GRESILLONS (AVENUE DES) (103/139);48,9176020;2,3081700
37467;202000041627;28;6;2020;04:22;5;92;92025;2;1;1;6;COLBERT  55 A 113   42 A 102 (RUE);48,9129580;2,2355150
37468;202000041628;29;6;2020;15:45;1;92;92002;2;3;1;1;PRESIDENT KENNEDY (50 A LA FIN);48,7368650;2,2937290
37469;202000041629;28;6;2020;18:20;5;974;97415;2;2;1;5;Rue Saint Louis; -21,0055860;55,2773670
37470;202000041630;30;6;2020;20:00;1;34;34225;1;2;1;3;Lieu dit Les champs blancs;43,3646270;3,0878020
37471;202000041631;29;6;2020;16:40;1;17;17152;1;1;1;7;Rue du Branchereau;45,5408450; -0,8206540
37472;202000041632;30;6;2020;13:35;1;54;54146;1;1;1;6;A31;48,5926824;5,8878565
37473;202000041633;30;6;2020;07:50;1;28;28234;1;1;1;1;D23;48,3640190;1,2466050
37474;202000041634;4;6;2020;14:55;1;14;14061;1;3;2;3;D53;48,9631660; -0,8163950
37475;202000041635;29;6;2020;17:50;1;38;38105;2;1;1;3;Route de Chartreuse;45,4085900;5,5614300
37476;202000041636;29;6;2020;10:30;1;971;97109;2;1;1;1;RN1, Avenue du General de Gaulle;15,9997030; -61,6942510
37477;202000041637;29;6;2020;18:15;1;30;30287;1;2;1;3;615 Chemin du Vignarès;44,1978740;4,5391900
37478;202000041638;28;6;2020;18:50;1;62;62559;1;1;1;7;D15;50,1991670;3,0893980
37479;202000041639;30;6;2020;12:20;1;56;56169;2;1;1;6;Place de l'Eglise;47,6969990; -3,2508510
37480;202000041640;24;6;2020;04:20;3;2A;2A323;1;1;1;6;T20;42,0217850;8,8983040
37481;202000041642;30;6;2020;10:00;1;89;89309;2;9;1;3;Rue des Renardiéres;48,2937458;3,1952874
37482;202000041643;26;6;2020;18:00;1;61;61292;1;1;1;6;67 Lieu Dit le Pont;48,7926450; -0,6626770
37483;202000041644;29;6;2020;10:10;1;46;46029;2;1;1;2;Avenue de la République;44,9257740;1,8447700
37484;202000041645;26;6;2020;17:20;1;86;86149;2;2;2;1;D52/D20;46,9203180;0,0606660
37485;202000041646;30;6;2020;08:20;1;39;39579;1;1;1;6;;46,2998720;5,7211630
37486;202000041647;29;6;2020;03:00;3;39;39269;1;1;3;6;;46,3821810;5,7111950
37487;202000041648;30;6;2020;07:00;1;25;25152;1;3;1;1;Grange de la Foret (Bouclans);47,2138730;6,1879960
37488;202000041650;30;6;2020;14:30;1;38;38263;1;1;1;6;Route de Chatain;45,2846500;5,4450500
37489;202000041651;30;6;2020;08:45;1;38;38027;2;1;1;3;Route Nationale 90;45,4322100;5,9991900
37490;202000041652;30;6;2020;16:05;1;02;02719;2;3;1;3;2 Rue Achille Chemin;49,5958800;3,2464300
37491;202000041653;29;6;2020;18:45;1;02;02128;2;1;1;6;Rue Porte de Reims;49,5241310;3,6647770
37492;202000041655;30;6;2020;17:35;1;15;15127;1;1;1;1;Lieu-dit AUROUZE;45,2394660;3,1492250
37493;202000041656;28;5;2020;19:00;2;15;15267;1;3;1;4;22 Route de Tulle;44,9352940;2,3938860
37494;202000041658;29;6;2020;07:30;1;14;14493;2;1;1;6;24 Rue Grande;49,0535320; -0,0637510
37495;202000041660;30;6;2020;12:05;1;60;60109;1;2;1;3;départementale 124;49,6590198;1,8784659
37496;202000041661;30;6;2020;08:55;1;45;45272;2;6;1;3;D8014 - 0+1;47,8440222;1,9459506
37497;202000041662;29;6;2020;09:30;1;18;18197;2;1;7;6;29 Avenue Jean Jaurès;46,7241240;2,4989660
37498;202000041663;29;6;2020;22:55;3;07;07254;1;1;1;6;Passe Laigue;44,6542150;4,4191650
37499;202000041664;28;6;2020;11:19;1;21;21092;2;1;1;7;Rue de la Forge;47,1325480;4,7762090
37500;202000041665;30;6;2020;19:48;1;40;40224;2;1;7;6;3 Rue Gambetta;43,5441700; -1,1054710
37501;202000041666;29;6;2020;19:30;1;85;85051;1;1;1;1;Le Champ du Loup;46,6619260; -1,0705660
37502;202000041667;28;6;2020;11:30;1;88;88377;2;2;1;1;1 Rue du Bois;47,9867330;5,9739550
37503;202000041668;29;6;2020;18:30;1;35;35210;2;1;1;6;Boulevard de la Giraudais;48,1379910; -1,7684290
37504;202000041669;26;5;2020;17:30;1;06;06085;2;1;1;6;1064 Avenue Saint Martin;43,6113160;6,9779120
37505;202000041672;30;6;2020;08:45;1;63;63014;1;1;1;2;A75;45,7456624;3,1455226
37506;202000041673;27;6;2020;07:25;2;17;17226;1;1;1;2;A10;45,9157510; -0,5832200
37507;202000041674;30;6;2020;06:00;1;38;38053;1;1;1;2;A43;45,6002670;5,2700300
37508;202000041675;30;6;2020;01:00;5;60;60494;2;1;1;1;Route de Mortefontaine;49,1057670;2,5909300
37509;202000041676;29;6;2020;10:00;1;78;78003;1;1;1;6;A11;48,5380180;1,8813400
37510;202000041677;27;6;2020;19:00;3;987;98729;2;1;1;7;pk 16.5 HAAPITI; -17,5916670; -149,8222730
37511;202000041678;29;6;2020;20:00;4;988;98808;1;1;1;7;Route de Néaoua; -21,3002100;165,6382080
37512;202000041679;29;6;2020;01:00;3;974;97415;1;1;1;6;Route Nationale 1; -21,0166480;55,2556060
37513;202000041680;30;6;2020;10:30;1;971;97108;1;1;1;3;N9;15,9021210; -61,2501100
37514;202000041681;25;6;2020;14:45;1;45;45324;1;3;1;7;D13 PR 16+50;47,7404879;2,1625960
37515;202000041683;30;6;2020;06:40;1;77;77147;1;1;1;7;La Croix-en-Brie;48,6089370;3,0719230
37516;202000041684;29;6;2020;19:05;1;77;77328;2;1;7;1;Rue de la Grange aux Dimes;48,3149470;2,4093960
37517;202000041686;30;6;2020;09:45;1;48;48119;1;1;1;6;D906;44,4864300;3,9283310
37518;202000041687;27;6;2020;04:06;5;34;34344;2;1;1;6;Avenue du Général LECLERC;43,5613110;4,0964730
37519;202000041689;29;6;2020;17:46;1;13;13027;1;3;1;3;Route de la Crau;43,8808590;4,8321390
37520;202000041690;30;6;2020;08:30;1;89;89295;2;3;1;3;Route des Terres et Vignes;47,8168091;3,5556634
37521;202000041691;29;6;2020;21:15;2;68;68036;1;1;1;7;chemin privé ouvert au public;48,0546810;7,5106350
37522;202000041692;17;6;2020;16:50;1;74;74094;1;1;1;3;Route des Chasseurs;46,2037710;6,2843620
37523;202000041693;25;6;2020;17:35;1;74;74056;1;1;2;-1;960 Route des Gaillands;45,9155570;6,8491660
37524;202000041694;29;6;2020;12:26;1;38;38068;1;1;1;2;RN85;45,1011230;5,7157230
37525;202000041695;29;6;2020;19:20;1;26;26206;1;3;7;3;D538A;44,8222430;5,0025240
37526;202000041696;27;6;2020;17:15;1;44;44025;1;1;8;-1;Les Rotis;47,4368110; -1,9257400
37527;202000041697;28;6;2020;22:40;5;69;69259;1;1;1;2;RD 383  ;45,7197792;4,8797169
37528;202000041698;29;6;2020;19:25;1;33;33003;1;1;1;5;AUTOROUTE A 10;44,9369100; -0,4670600
37529;202000041700;29;6;2020;08:13;1;91;91521;1;1;1;7;RD 31;48,6496600;2,3843600
37530;202000041701;29;6;2020;09:17;1;91;91064;1;1;1;2;RN 118;48,7536600;2,2234700
37531;202000041702;29;6;2020;09:30;1;95;95582;1;1;1;5;A15;48,9654200;2,2598900
37532;202000041703;28;6;2020;22:00;2;94;94046;1;1;1;-1;A86 EXT;48,7978000;2,4450000
37533;202000041704;3;3;2020;11:00;1;03;03265;1;1;1;7;;46,4611445;3,7428293
37534;202000041705;28;6;2020;18:00;5;988;98818;2;2;1;3;RUE BOUGAINVILLE; -22,2786000;166,4510700
37535;202000041706;28;6;2020;06:30;2;974;97411;1;1;8;6;RN2 - Virage de la Jamaïque; -20,8859690;55,4989170
37536;202000041707;28;6;2020;15:10;1;69;69276;2;3;1;2;LYON (DE)                               ;45,6762200;4,8609000
37537;202000041708;28;6;2020;03:20;5;69;69386;2;1;1;3;VAUBAN                              (R );45,7661000;4,8567000
37538;202000041710;27;6;2020;23:10;5;69;69149;2;3;1;3;JEAN JAURES                         (AV);45,7115404;4,8199474
37539;202000041711;28;6;2020;15:06;1;91;91421;1;1;1;3;NATIONALE 6 (REVEIL MATIN);48,7200600;2,4428100
37540;202000041713;28;6;2020;09:50;1;91;91201;2;2;1;7;PORT AUX CERISES (RUE DU);48,6908700;2,4094200
37541;202000041714;27;6;2020;15:45;1;83;83137;2;1;1;7;REPUBLIQUE (AVE DE LA);43,1212500;5,9302000
37542;202000041715;28;6;2020;18:45;1;83;83069;2;6;1;3;DECUGIS (AVENUE ALFRED);43,1160000;6,1460000
37543;202000041716;28;6;2020;06:19;2;78;78172;2;1;1;6;REPUBLIQUE (QUAI DE LA);48,9912380;2,0891330