;Num_Acc;jour;mois;an;hrmn;lum;dep;com;agg;int;atm;col;adr;lat;long
37776;202000041973;28;8;2020;16:35;1;33;33529;2;1;1;1;ARCACHON (BD D');44,6377900; -1,1716800
37777;202000041975;27;8;2020;09:40;1;30;30007;2;6;1;3;TALABOT (BOULEVARD);44,1252930;4,0912690
37778;202000041976;28;8;2020;04:45;3;29;29019;2;1;1;6;13 Rue Inkermann;48,4000608; -4,4688461
37779;202000041977;19;8;2020;18:00;1;29;29019;2;1;1;3;107 Rue Hoche;48,4053764; -4,4723458
37780;202000041978;28;8;2020;16:25;1;25;25204;2;1;2;6;RUE DE BESANCON;46,9222600;6,3425300
37781;202000041979;28;8;2020;18:40;1;25;25056;2;9;1;2;RUE THOMAS EDISON;47,2332000;5,9745700
37782;202000041980;27;8;2020;19:40;1;21;21054;2;1;1;4;3 Rue du Faubourg Saint-Nicolas;47,0279400;4,8397000
37783;202000041981;27;8;2020;12:20;1;17;17333;2;6;1;3;SUZAC (AVENUE DE);45,5896769; -0,9872246
37784;202000041982;28;8;2020;16:24;1;17;17028;1;1;1;2;N137;46,1488300; -1,1109300
37785;202000041983;28;8;2020;09:20;1;13;13201;2;1;1;6;PAVILLON (RUE)      1 A 11;43,2955300;5,3774400
37786;202000041984;29;8;2020;00:15;3;13;13001;1;9;1;3;GARDANNE (ROUTE DE );43,4801500;5,4232100
37787;202000041985;28;8;2020;16:34;1;10;10387;2;1;1;4;CARNOT (RUE);48,2971630;4,0746260
37788;202000041986;28;8;2020;15:20;1;06;06088;2;2;1;5;HUGO (BD VICTOR);43,6978000;7,2577000
37789;202000041987;26;8;2020;17:40;1;06;06027;2;9;1;2;CANNES AVENUE DE (RN7);43,6527800;7,1439400
37790;202000041988;28;8;2020;22:24;5;06;06155;2;1;1;5;ROUSTAN AV.ET BD DES FRERES;43,5674000;7,0793700
37791;202000041989;28;8;2020;21:26;5;06;06004;2;1;1;6;REIBAUD AV.;43,5807700;7,1170100
37792;202000041990;27;8;2020;20:18;2;05;05061;2;6;1;-1;VEYNES ( AVENUE DE  );44,5578500;6,0687900
37793;202000041991;27;8;2020;11:15;1;03;03023;2;2;1;3;Rue de Sevigne;46,1130786;3,4005901
37794;202000041992;27;8;2020;19:25;1;01;01053;2;1;1;1;D117A;46,1983100;5,2693300
37795;202000041993;27;8;2020;14:30;1;75;75101;2;3;1;3;QUAI DE L HORLOGE;48,8569040;2,3434510
37796;202000041994;28;8;2020;09:50;1;75;75119;2;3;1;6;RUE DE L ATLAS;48,8741400;2,3756800
37797;202000041995;28;8;2020;20:50;5;75;75118;2;5;1;3;RUE SIMART;48,8904300;2,3484570
37798;202000041996;28;8;2020;11:50;1;75;75117;2;2;1;6;RUE DE ROME;48,8840270;2,3185070
37799;202000041997;28;8;2020;16:30;1;75;75116;2;4;1;2;AVENUE DE NEW YORK;48,8632410;2,2960090
37800;202000041998;27;8;2020;19:55;1;75;75114;2;1;1;3;AVENUE DU MAINE;48,8299660;2,3260040
37801;202000041999;28;8;2020;09:15;1;75;75111;2;1;1;-1;AVENUE PHILIPPE AUGUSTE;48,8571420;2,3904770
37802;202000042000;28;8;2020;17:20;1;75;75110;2;3;8;6;RUE DU FAUBOURG SAINT DENIS;48,8784730;2,3566820
37803;202000042001;28;8;2020;17:35;1;75;75110;2;2;8;3;BOULEVARD DE MAGENTA;48,8715290;2,3603330
37804;202000042002;27;8;2020;16:40;1;75;75108;2;7;8;3;PLACE CHARLES DE GAULLE;48,8732910;2,2955510
37805;202000042003;28;8;2020;06:15;2;75;75102;2;5;1;6;RUE ETIENNE MARCEL;48,8648180;2,3450920
37806;202000042004;28;8;2020;12:45;1;94;94076;2;3;1;3;AMBROISE CROIZAT (R);48,8015486;2,3600729
37807;202000042005;28;8;2020;13:50;1;94;94073;2;1;8;3;LUXEMBOURG (AV DU);48,7581620;2,3729670
37808;202000042006;27;8;2020;16:20;1;94;94028;2;3;1;3;GAULLE(AVENUE DU GENERAL DE);48,7958390;2,4475360
37809;202000042008;28;8;2020;00:25;5;93;93007;2;3;1;3;SAINT-JUST (CITE);48,9396100;2,4559700
37810;202000042009;28;8;2020;19:55;2;93;93049;2;1;2;6;JEAN JAURES (AVENUE);48,8600489;2,5077856
37811;202000042010;28;8;2020;19:25;1;93;93049;2;2;2;5;BD GALLIENI / R DU CANAL;48,8526020;2,5120610
37812;202000042011;28;8;2020;12:50;1;93;93045;2;3;8;6;AV DU MARECHAL JUIN / R ROMAIN ROLLAND;48,8795000;2,4220000
37813;202000042012;28;8;2020;19:20;1;93;93057;2;1;2;1;JAURES (AV. JEAN) 1 A 123;48,9073583;2,4967074
37814;202000042013;28;8;2020;19:00;1;92;92076;2;7;2;3;BOULEVARD DE LA REPUBLIQUE;48,8372991;2,1527580
37815;202000042014;28;8;2020;15:00;1;92;92049;2;1;8;7;PERI RUE GABRIEL N°1 A 35;48,8176151;2,3247175
37816;202000042015;28;8;2020;01:20;1;92;92049;2;3;8;-1;PIERRE BROSSOLETTE (AV);48,8162552;2,3059118
37817;202000042016;28;8;2020;09:40;1;92;92044;2;2;8;3;VIC. HUGO(RUE)091A113 ET 112A146;48,8982796;2,2943402
37818;202000042017;28;8;2020;20:00;2;92;92062;2;9;8;1;ACACIA (IMMEUBLE);48,8836144;2,2249407
37819;202000042018;28;8;2020;21:40;5;92;92026;2;3;1;5;PRÉSIDENT PAUL DOUMER (QUAI DU);48,8901325;2,2562568
37820;202000042019;28;8;2020;00:46;5;92;92024;2;2;1;3;JEAN JAURES (BD) DE (1 A 45)   (2 A 54);48,9000253;2,3062163
37821;202000042020;28;8;2020;15:00;1;92;92002;2;1;1;2;VELPEAU (RUE);48,7601292;2,3041666
37822;202000042021;18;8;2020;19:00;5;974;97415;2;3;1;3;Chaussee Royale; -21,0113000;55,2738480
37823;202000042022;29;8;2020;06:58;2;76;76517;1;1;2;6;A28;49,5312740;1,2081820
37824;202000042023;29;8;2020;03:40;5;09;09105;2;1;8;6;Route de Toulouse;43,1476540;1,3008280
37825;202000042024;29;8;2020;15:00;1;36;36237;1;4;1;4;D956;47,0708620;1,5924570
37826;202000042025;22;8;2020;21:30;3;81;81222;1;1;1;6;D631;43,7701410;2,1725360
37827;202000042026;28;8;2020;21:15;1;974;97422;2;1;1;6;171 Rue Jules Bertaut; -21,2887130;55,5237710
37828;202000042028;28;8;2020;15:00;1;83;83048;1;1;1;3;D93;43,1998470;6,6022480
37829;202000042029;29;8;2020;10:46;1;42;42284;2;1;1;1;Rue Louis Joubert;46,0848110;3,9812092
37830;202000042030;28;8;2020;05:00;5;72;72008;2;1;3;2;96 Boulevard Pierre Lefaucheux;47,9521960;0,1806740
37831;202000042031;28;8;2020;19:28;1;34;34163;1;1;3;6;A750;43,6305240;3,6883110
37832;202000042032;29;8;2020;09:27;1;62;62070;1;2;1;3;D83;50,3877680;2,4590680
37833;202000042033;28;8;2020;21:45;3;83;83116;1;1;1;1;Route Nationale 7;43,4344380;5,8796950
37834;202000042034;28;8;2020;14:40;1;76;76196;2;2;1;3;Rue des Chataîgniers;49,6269965;0,2622293
37835;202000042035;29;8;2020;10:39;1;82;82134;2;2;1;1;2 RUE DU TEMPLE;44,0753570;1,5211210
37836;202000042036;28;8;2020;09:55;1;89;89246;2;3;1;3;Rue du Vau Renard;47,6258060;3,9732530
37837;202000042037;28;8;2020;19:00;1;89;89155;1;4;1;1;D85;47,7035380;3,6136870
37838;202000042038;29;8;2020;16:10;1;63;63028;1;1;1;7;D47;45,4829010;2,6157600
37839;202000042039;28;8;2020;15:25;1;41;41161;1;1;1;1;D2020;47,5176060;2,0356040
37840;202000042040;28;8;2020;06:45;2;22;22101;1;1;1;1;COAT AR ROCH;48,7377700; -3,2706320
37841;202000042041;26;8;2020;05:30;3;29;29174;1;1;1;6;D57 - Pennaguer;47,9228547; -4,2807417
37842;202000042042;28;8;2020;21:00;3;38;38343;1;1;3;2;933 Route d'Aoste;45,5462300;5,6516650
37843;202000042043;29;8;2020;20:52;1;02;02104;1;9;8;7;D225;49,3810670;3,8505690
37844;202000042044;29;8;2020;17:30;1;03;03093;1;1;1;7;;46,1777895;3,4415709
37845;202000042045;28;8;2020;19:00;1;15;15025;1;1;2;1;D926;45,1013730;2,8879770
37846;202000042046;29;8;2020;11:50;1;15;15092;1;1;8;6;Suc de Mouleyres;45,4154690;2,5026990
37847;202000042047;29;8;2020;10:15;1;70;70273;1;1;1;6;Départementale 118;47,4977490;6,5214590
37848;202000042049;28;8;2020;22:00;3;26;26208;1;1;3;2;Route de Die;44,8147080;4,9236990
37849;202000042050;29;8;2020;11:30;1;05;05068;1;1;3;1;D900b;44,5023520;6,0812760
37850;202000042051;28;8;2020;18:45;1;50;50518;1;1;2;2;D33;48,7964690; -1,1416490
37851;202000042052;27;8;2020;12:15;1;83;83002;1;1;1;1;RD71;43,7537370;6,3027190
37852;202000042054;29;8;2020;12:20;1;43;43167;2;1;1;7;Lieu Dit Bonneval;45,0880070;3,5490830
37853;202000042055;28;8;2020;21:10;2;16;16104;1;1;1;5;Lieu dit La Renarde;46,0437900;0,2211410
37854;202000042056;28;8;2020;19:20;1;53;53225;1;1;3;7;D123;48,2119050; -0,8093670
37855;202000042057;28;8;2020;09:50;1;40;40259;1;2;1;3;2664 Avenue des Pyrénées;43,8131550; -0,2965070
37856;202000042058;29;8;2020;09:40;1;24;24323;1;5;1;3;Palisse;45,2674870;0,2345320
37857;202000042059;29;8;2020;03:45;3;04;04045;1;1;2;6;RD 4100;43,8567800;5,6063320
37858;202000042060;29;8;2020;16:50;1;04;04004;1;1;2;7;RD 952;43,7826776;5,9923205
37859;202000042061;28;8;2020;09:00;1;04;04031;2;1;1;7;RD 8;43,9261870;6,1235740
37860;202000042062;29;8;2020;09:15;1;17;17293;1;1;1;1;Départementale 115;46,1343390; -0,7873470
37861;202000042064;28;8;2020;15:40;1;48;48050;1;1;2;6;D998;44,3386750;3,5968640
37862;202000042065;26;8;2020;23:30;3;34;34337;2;1;1;6;Le Pont de Villeneuve;43,5199130;3,8771600
37863;202000042066;28;8;2020;15:30;1;987;98715;1;4;1;3;RT 1 - PK 5+500; -17,5706650; -149,6150480
37864;202000042067;28;8;2020;12:30;1;976;97602;1;1;1;5;N1; -12,7309920;45,1306990
37865;202000042068;28;8;2020;13:36;1;30;30189;1;1;1;7;Rue Clovis;43,8096320;4,3451360
37866;202000042070;26;7;2020;07:30;1;987;98729;1;1;1;6;RT 91; -17,5331890; -149,8386110
37867;202000042071;28;8;2020;21:30;3;988;98803;1;1;2;6;R.T.3; -21,4489240;165,4730660
37868;202000042072;28;8;2020;16:30;1;33;33245;1;1;1;1;D10e14;44,8038400; -0,4498200
37869;202000042073;28;8;2020;21:30;3;33;33203;1;1;2;6;Lieu Dit Lagunan;45,1936280; -0,9374810
37870;202000042074;29;8;2020;14:15;1;77;77175;1;1;1;1;D619;48,6313420;2,6446900
37871;202000042076;28;8;2020;17:00;1;2B;2B314;1;1;1;6;Le Relais de Saleccia (Bar);42,6644030;9,2075940
37872;202000042077;29;8;2020;02:20;3;2A;2A247;1;1;1;1;T10;41,4906709;9,2443907
37873;202000042078;18;8;2020;07:00;2;11;11322;1;1;1;6;D6009;42,9901740;2,9722630
37874;202000042079;25;7;2020;21:00;2;84;84053;1;4;1;3;Route de Grignan;44,3973330;4,9200300
37875;202000042080;29;8;2020;02:10;5;05;05073;2;1;2;6;Route de Gap;44,3291210;5,8339280
37876;202000042081;28;8;2020;20:30;3;38;38068;1;1;3;3;Les Iles;45,1071770;5,7112580
37877;202000042082;28;8;2020;22:20;3;26;26182;1;3;3;1;D538;44,3292280;5,1040290
37878;202000042083;29;8;2020;07:59;1;07;07279;1;1;2;1;D86;44,4155210;4,6539870
37879;202000042084;28;8;2020;20:15;3;69;69107;1;1;1;1;2273 route de lyon;46,0380250;4,4904520
37880;202000042085;26;8;2020;22:40;5;81;81271;2;9;1;1;Avenue des Terres Noires;43,7697230;1,6721370
37881;202000042086;28;8;2020;15:46;1;09;09194;2;1;3;1;11 Lotissement la Marinade;43,0863400;1,8661420
37882;202000042087;29;8;2020;11:00;1;14;14325;2;1;2;1;Rue Amiral Wietzel;49,2944080; -0,2928700
37883;202000042088;5;8;2020;16:25;1;22;22162;2;1;1;3;Rue de Poulgoic;48,7846570; -3,0487010
37884;202000042089;28;8;2020;08:45;1;76;76244;2;6;2;6;RD 928 RD915;49,6943160;1,3652340
37885;202000042090;25;8;2020;08:25;1;13;13215;1;1;1;6;A7-Sens Marseille vers Lyon;43,3471070;5,3722280
37886;202000042092;28;8;2020;18:55;1;33;33063;1;1;1;2;ROCADE A 630;44,8812200; -0,5438600
37887;202000042093;26;8;2020;04:30;5;33;33550;1;1;1;2;ROCADE A 630;44,7778900; -0,5572700
37888;202000042094;28;5;2020;18:25;1;91;91286;1;1;1;5;AUTOROUTE A6;48,6553300;2,3792000
37889;202000042095;27;8;2020;21:38;3;91;91174;1;1;8;-1;RN 104;48,6220400;2,4631400
37890;202000042096;28;8;2020;14:10;1;78;78640;1;1;2;4;A86 EXT;48,7772300;2,2236260
37891;202000042097;28;8;2020;13:45;2;93;93029;1;1;1;2;AUTOROUTE A86;48,9183200;2,4289400
37892;202000042098;28;8;2020;05:20;3;95;95582;1;1;1;2; A15;48,9721600;2,2477700
37893;202000042099;27;8;2020;21:40;3;95;95572;1;1;2;5;A901507;49,0323000;2,1094000
37894;202000042100;28;8;2020;19:40;3;77;77294;1;1;8;2;A104;48,9667590;2,6055650
37895;202000042101;28;8;2020;18:00;1;77;77181;1;1;1;-1;A4;48,8307620;2,6932870
37896;202000042102;24;8;2020;11:00;1;94;94081;1;1;1;6;A86 INT;48,7741496;2,4071918
37897;202000042103;20;6;2020;11:40;1;74;74010;2;1;1;6;24 Chemin de Périaz (Seynod);45,8766920;6,0894340
37898;202000042104;27;8;2020;09:28;1;974;97411;2;9;1;3;VINH-SAN (BLD 3 DU PRINCE); -20,8875700;55,4417000
37899;202000042106;27;8;2020;23:55;5;69;69383;2;3;1;-1;VILLEROY                            (R );45,7556200;4,8475300
37900;202000042107;27;8;2020;17:53;1;69;69387;2;1;1;1;BERTHELOT                           (AV);45,7473800;4,8351500
37901;202000042108;27;8;2020;23:10;1;972;97213;2;9;1;2;MAHAULT;14,6184600; -61,0048600
37902;202000042109;27;8;2020;04:45;5;972;97209;2;1;2;7;RAVINE VILAINE (CHEMIN DEPARTEMENTAL DE);14,6299500; -61,0598840
37903;202000042110;27;8;2020;17:40;1;69;69384;2;1;1;3;PHILIPPE DE LASSALLE                (R );45,7759558;4,8209281
37904;202000042111;27;8;2020;13:15;1;69;69286;2;2;1;5;ROUTE DE STRASBOURG D 483           (RO);45,8138700;4,8882300
37905;202000042112;26;8;2020;08:10;1;69;69381;2;1;1;6;LOUIS PRADEL                        (PL);45,7685600;4,8368600
37906;202000042113;26;8;2020;22:05;5;2A;2A004;2;9;1;3;BONAPARTE CHARLES  BD;41,9284151;8,7401224
37907;202000042114;27;8;2020;18:45;1;95;95268;2;7;1;3;PL ROGER SALENGRO;48,9738000;2,3897000
37908;202000042115;27;8;2020;18:05;1;91;91687;2;1;1;1;VICTOR SCHOELCHER (AVENUE);48,6536000;2,3701900
37909;202000042116;27;8;2020;09:00;1;87;87085;2;2;1;3;BROGLIE (AVENUE LOUIS DE);45,8827200;1,2866200
37910;202000042117;23;8;2020;09:20;1;84;84007;1;1;1;3;MISTRAL7  (Parking C.Commercial);43,9225121;4,8647118
37911;202000042118;26;8;2020;14:45;1;80;80021;2;1;1;2;AMONT (PORT D');49,8948000;2,3087100
37912;202000042119;26;8;2020;11:20;1;80;80021;2;1;1;1;JEAN DE LA FONTAINE ( RUE );49,9119300;2,2570100
37913;202000042121;26;8;2020;15:10;1;67;67482;2;1;1;2;BALE (RUE DE);48,5663101;7,7663845
37914;202000042122;26;8;2020;12:00;1;67;67482;2;1;1;7;SCHNOKELOCH (RUE DU);48,5787524;7,7142281
37915;202000042123;27;8;2020;15:10;1;64;64102;2;6;1;3;MAI 1945 (AVENUE DU 8);43,4633000; -1,4957300
37916;202000042125;26;8;2020;10:19;1;57;57508;2;1;1;6;VOSGES (RUE DES);49,3440000;6,0480000
37917;202000042126;26;8;2020;20:07;2;54;54482;2;2;1;3;BARROIS (PLACE GERARD);48,6995080;6,2043639
37918;202000042127;26;8;2020;13:55;1;54;54526;2;2;1;3;DANTON (RUE);48,6756631;6,2189450
37919;202000042128;26;8;2020;09:45;1;54;54547;2;1;1;3;LECLERC (AVENUE DU GENERAL);48,6677463;6,1677316
37920;202000042129;26;8;2020;08:00;1;54;54395;2;2;1;3;OUDINOT (RUE DU MAL);48,6773977;6,1865379
37921;202000042130;27;8;2020;15:42;1;51;51474;2;2;1;3;Rue du Moulin de l’Archeveque;49,2636101;3,9835122
37922;202000042131;27;8;2020;08:15;1;51;51454;2;1;1;3;Rue Gaston Boyer;49,2605049;4,0220912
37923;202000042132;27;8;2020;10:10;1;45;45308;1;1;1;7;Rue de la Clef;47,9323500;1,9701000
37924;202000042133;26;8;2020;12:15;1;45;45208;2;1;1;6;Place de la République;47,9958800;2,7335700
37925;202000042134;27;8;2020;12:15;1;44;44162;2;1;1;3;RUE VASCO DE GAMA;47,2203500; -1,6236200
37926;202000042135;24;8;2020;14:55;1;44;44143;2;6;1;-1;RUE VICTOR HUGO;47,1887700; -1,5513100
37927;202000042136;24;8;2020;18:45;1;42;42071;2;2;7;3;Avenue de la République;46,0277100;4,0872400
37928;202000042137;17;8;2020;13:50;1;33;33119;2;2;1;3;RUE ARISTIDE BRIAND;44,8591500; -0,5240400
37929;202000042139;26;8;2020;02:00;5;33;33063;2;2;1;3;RUE JUDAIQUE ;44,8407800; -0,5920700
37930;202000042140;28;8;2020;02:15;3;33;33529;1;1;1;6;RD1250 (BONNEVAL - LA HUME) - Z.A.;44,6172000; -1,1147000
37931;202000042141;27;8;2020;13:50;1;32;32013;2;3;1;3;SADI-CARNOT (BOULEVARD);43,6431209;0,5867456
37932;202000042142;27;8;2020;08:00;1;31;31555;2;1;1;3;BD SILVIO TRENTIN;43,6234600;1,4271200
37933;202000042143;27;8;2020;00:21;5;30;30189;2;6;1;7;TRINTIGNANT MAURICE (AVENUE);43,8134600;4,3406400
37934;202000042144;26;8;2020;11:15;1;29;29232;1;1;1;4;D785 - Boulevard de Poulguinan;47,9843600; -4,1134700
37935;202000042145;26;8;2020;17:45;2;26;26362;2;9;1;3;37 Rue Gaspard Monge;44,9122510;4,8816630
37936;202000042147;27;8;2020;20:35;2;18;18279;2;1;1;1;GRELET (RUE ET IMPASSE DU);47,2300000;2,0500000
37937;202000042148;26;8;2020;17:45;1;15;15014;2;6;1;3;TRICOT (CARREFOUR);44,9109400;2,4518000
37938;202000042149;27;8;2020;18:30;1;14;14341;1;1;2;-1;RN814;49,1466337; -0,3459879
37939;202000042150;27;8;2020;17:15;1;14;14301;2;3;2;2;LIBERTE (RUE DE LA);49,1857200; -0,2870600
37940;202000042151;27;8;2020;10:45;1;13;13209;2;1;1;2;GAYE (BOULEVARD DE LA);43,2601200;5,4157400
37941;202000042152;26;8;2020;16:15;1;13;13215;2;1;1;-1;SAINT ANTOINE (AVENUE DE);43,3844600;5,3586000
37942;202000042153;26;8;2020;02:40;5;13;13207;2;2;1;3;PIERRE PUGET (COURS);43,2904000;5,3759300
37943;202000042154;25;8;2020;12:30;1;11;11262;2;2;1;3;MARCORIGNAN (ROUTE DE);43,2001000;2,9696300
37944;202000042155;20;8;2020;11:05;1;11;11262;2;3;1;1;CARNOT (AVENUE);43,1909300;3,0067500
37945;202000042156;23;8;2020;17:20;1;07;07186;2;1;1;1;;44,7318600;4,5936800
37946;202000042157;27;8;2020;12:21;1;06;06069;2;1;1;5;Route de Cannes;43,6343300;6,9518480
37947;202000042158;11;3;2020;09:10;1;69;69286;2;1;1;6;EUROPE (DE L')                      (AV);45,8186600;4,9049700
37948;202000042161;10;3;2020;21:00;5;2A;2A004;2;3;1;3;PIETRI NICOLAS AVENUE;41,9165276;8,7230735
37949;202000042162;6;3;2020;22:00;5;91;91687;2;3;1;3;MARMONT (AVENUE);48,6671580;2,3770590
37950;202000042163;11;3;2020;15:10;1;91;91201;2;6;1;6;FETES(ROND POINT DES);48,6862750;2,3965090
37951;202000042164;11;3;2020;20:15;5;90;90010;2;5;8;1;JOFFRE (BOULEVARD MARECHAL);47,6414590;6,8571850
37952;202000042165;10;3;2020;15:30;1;80;80021;2;1;1;6;VALLEE (RUE DE LA );49,8921800;2,3080800
37953;202000042166;10;3;2020;15:10;1;80;80021;2;1;1;4;VIGNACOURT (RUE DE);49,9060410;2,2894210
37954;202000042168;11;3;2020;19:05;1;77;77118;2;4;1;-1;RD 34-DEUX PARCS (COURS DES);48,9410000;2,6660000
37955;202000042169;5;2;2020;18:30;3;77;77186;1;1;1;3;D606 de l'obélisque à limite MORET;48,3961716;2,7282894
37956;202000042170;10;3;2020;19:20;5;76;76410;1;1;2;7;D86;49,4738100;1,0290400
37957;202000042171;10;3;2020;20:50;3;73;73029;1;2;1;3;D1006 rte de Challes;45,5680907;5,9405629
37958;202000042172;10;3;2020;17:10;1;72;72181;2;1;1;6;CHAMPION HENRI (RUE) N° PAIRS;47,9824700;0,2292900
37959;202000042173;11;3;2020;21:55;5;69;69266;2;2;1;3;ALSACE   (Rue d');45,7709500;4,8698000
37960;202000042174;11;3;2020;17:20;1;69;69029;2;1;1;4;DROITS DE L'HOMME (DES)             (BD);45,7300700;4,9296100
37961;202000042175;28;2;2020;22:49;5;68;68066;2;9;1;3;DE GAULLE (AVENUE DU GENERAL);48,0773370;7,3480420
37962;202000042176;10;3;2020;19:20;5;67;67482;2;1;2;1;PAUL DOPFF (RUE) ;48,5584200;7,7739500
37963;202000042177;10;3;2020;19:20;1;67;67482;2;1;2;6;LANGUEDOC (RUE DU);48,5488200;7,7418100
37964;202000042180;10;3;2020;16:47;1;63;63113;2;4;1;3;BERGOUGNAN (AVENUE RAYMOND);45,7833100;3,0703400
37965;202000042181;10;3;2020;14:53;1;63;63075;2;1;1;4;21 DUCLAUX (BD);45,7748136;3,0739517
37966;202000042182;7;3;2020;03:10;5;63;63113;2;2;1;3;Lafayette /sablon;45,7735700;3,0900000
37967;202000042183;29;2;2020;19:35;5;59;59507;2;1;2;1;EUROPE, Boulevard de;50,5977821;3,1014436
37968;202000042184;11;3;2020;09:10;1;59;59540;2;9;2;6;REPUBLIQUE;51,0272810;2,3302340
37969;202000042185;10;3;2020;07:45;1;54;54547;2;6;3;3;BOURGOGNE (AVENUE DE);48,6506612;6,1475922
37970;202000042186;10;3;2020;07:40;1;54;54395;2;1;3;6;PINCHARD (RUE RAYMOND LIMITE NCY);48,6970100;6,1427600
37971;202000042187;11;3;2020;09:30;1;51;51454;2;3;1;7;Rue de Neufchatel;49,2717253;4,0263420
37972;202000042188;11;3;2020;08:55;1;45;45232;2;3;2;3;Rue de Normandie;47,8432778;1,9181029
37973;202000042189;10;3;2020;10:00;1;34;34032;2;1;8;7;HORT DE MONSEIGNEUR (RUE DE L');43,3524200;3,2323800
37974;202000042190;11;3;2020;13:45;1;34;34003;1;1;1;1;RD612;43,3043200;3,4544200
37975;202000042191;11;3;2020;05:55;5;33;33318;2;3;2;3;Rue Antoine Becquerel / A630 Pessac -E14-;44,7894000; -0,6480000
37976;202000042192;11;3;2020;17:00;1;33;33529;2;1;1;6;PYLA (BD DU);44,6337100; -1,1690500
37977;202000042193;11;3;2020;07:30;1;30;30007;2;1;1;3;ANDUZE (VIEILLE ROUTE D');44,1023300;4,0749700
37978;202000042194;19;2;2020;09:01;1;29;29019;2;2;1;1;Boulevard de l'Europe;48,4130982; -4,4961056
37979;202000042196;10;3;2020;12:30;1;19;19031;2;1;1;3;KENNEDY (AVENUE JOHN);45,1514190;1,5411088
37980;202000042197;11;3;2020;00:45;4;17;17300;2;1;2;6;MONNET   AVENUE JEAN;46,1429000; -1,1538000
37981;202000042198;11;3;2020;09:00;1;14;14118;2;1;1;2;ECHANGEUR N° 5 ( COTE DE NACRE );49,2032600; -0,3613600
37982;202000042199;11;3;2020;15:40;1;13;13210;2;1;1;6;JEAN EUGENE CABASSUD (BOULEVARD);43,2851130;5,4129400
37983;202000042200;11;3;2020;12:59;1;13;13206;2;2;1;3;ITALIE (RUE D');43,2895700;5,3823900
37984;202000042201;11;3;2020;08:05;1;13;13201;2;3;1;2;CANEBIERE     70 A FIN;43,2976846;5,3810563
37985;202000042202;11;3;2020;19:20;5;13;13005;2;1;1;4;AVELANEDE (CHEMIN DE L');43,2927050;5,5879720
37986;202000042203;10;3;2020;17:40;1;11;11069;2;1;1;6;IENA -ALLEE D'- N° IMPAIRS JUSQU'AU 51;43,2109960;2,3449240
37987;202000042204;9;3;2020;21:40;5;10;10357;2;9;1;7;GENERAL DE GAULLE (RUE DU);48,2959100;4,1329600
37988;202000042205;11;3;2020;17:55;1;07;07281;2;1;1;3;GROSS-UMSTADT (AVENUE DE);44,9428400;4,8593100
37989;202000042206;11;3;2020;14:15;1;06;06088;2;3;1;3;SAINT-AUGUSTIN (AV. DE);43,6738000;7,2222000
37990;202000042207;9;3;2020;19:14;5;06;06088;2;9;1;5;DESAMBROIS (AV.);43,7045300;7,2735700
37991;202000042208;10;3;2020;17:00;1;05;05061;2;6;1;3;Place Frederic Euzieres;44,5566818;6,0769548
37992;202000042209;11;3;2020;07:30;1;75;75115;2;1;1;2;PORTE D ISSY;48,8348400;2,2640670
37993;202000042210;11;3;2020;12:00;1;75;75117;2;7;1;3;PLACE DU MARECHAL JUIN;48,8853080;2,2969090
37994;202000042211;11;3;2020;09:05;1;75;75116;2;5;1;3;AVENUE D IENA;48,8678970;2,2956810
37995;202000042212;11;3;2020;07:20;1;75;75115;2;3;1;7;RUE FRANQUET;48,8327600;2,3070600
37996;202000042213;10;3;2020;14:15;1;75;75115;2;2;8;6;RUE LECOURBE;48,8384780;2,2890120
37997;202000042214;11;3;2020;09:05;1;75;75113;2;1;1;3;QUAI D AUSTERLITZ;48,8401130;2,3703100
37998;202000042215;10;3;2020;14:15;1;75;75113;2;3;1;3;RUE DE TOLBIAC;48,8268200;2,3650410
37999;202000042216;11;3;2020;14:35;1;75;75112;2;4;1;3;AVENUE COURTELINE;48,8440310;2,4134580
38000;202000042217;11;3;2020;09:30;1;75;75111;2;4;1;6;AVENUE DE LA REPUBLIQUE;48,8667360;2,3667980
38001;202000042218;11;3;2020;21:05;5;75;75110;2;2;1;3;BOULEVARD DE LA CHAPELLE;48,8843110;2,3593660
38002;202000042219;11;3;2020;11:56;1;75;75109;2;2;1;3;RUE SAINT LAZARE;48,8761610;2,3311080
38003;202000042220;11;3;2020;09:59;1;75;75107;2;2;1;3;AVENUE DE LA MOTTE PICQUET;48,8572650;2,3099360
38004;202000042221;10;3;2020;23:50;5;75;75104;2;1;1;6;QUAI HENRI IV;48,8493770;2,3618290
38005;202000042222;11;3;2020;13:00;1;75;75103;2;2;1;2;RUE SAINT MARTIN;48,8684290;2,3552750
38006;202000042223;11;3;2020;19:22;5;75;75102;2;2;8;6;BOULEVARD POISSONNIERE;48,8709890;2,3459940
38007;202000042224;11;3;2020;09:00;1;94;94081;2;7;1;3;Place de l’Eglise;48,7911000;2,3940000
38008;202000042225;10;3;2020;17:10;1;94;94080;2;1;1;6;LIBERATION (BD DE LA);48,8477900;2,4461300
38009;202000042226;11;3;2020;16:30;1;94;94078;2;1;1;2;PARIS (R DE);48,7500000;2,4400000
38010;202000042227;11;3;2020;20:05;5;94;94046;2;1;1;6;JOFFRE (AV);48,8157000;2,4456000