;Num_Acc;jour;mois;an;hrmn;lum;dep;com;agg;int;atm;col;adr;lat;long
38011;202000042228;11;3;2020;17:55;5;94;94076;2;1;1;3;PAUL VAILLANT COUTURIER (AV);48,7945610;2,3590130
38012;202000042229;9;3;2020;14:11;1;94;94033;2;1;1;2;Avenue de Lattre de Tassigny;48,8596000;2,4900000
38013;202000042230;9;3;2020;09:00;1;94;94033;2;1;1;6;DALAYRAC (R);48,8476300;2,4672000
38014;202000042231;10;3;2020;11:40;1;93;93078;2;2;8;1;AV GEORGES CLEMENCEAU / AV CHARLES DE GAULLE;48,9581763;2,5585021
38015;202000042232;10;3;2020;20:20;5;93;93005;2;1;1;4;LEON JOUHAUX (RUE);48,9529043;2,4836177
38016;202000042234;11;3;2020;15:10;1;92;92078;2;1;1;3;RENIERS (AVENUE CHEMIN);48,9325120;2,3223110
38017;202000042235;11;3;2020;17:15;1;92;92064;2;1;1;6;ANDRE CHEVRILLON;48,8465535;2,2199124
38018;202000042236;11;3;2020;08:52;1;92;92050;2;3;1;3;GARENNE RUE DE LA;48,8987530;2,2255740
38019;202000042237;11;3;2020;09:15;1;92;92020;2;9;1;3;REPUBLIQUE AV. AUTRES N° ET METRO;48,8053000;2,2980000
38020;202000042238;11;3;2020;18:00;2;92;92040;2;1;1;3;GALLIENI (BOULEVARD);48,8282080;2,2675240
38021;202000042239;11;3;2020;11:45;1;92;92025;2;1;1;5;AGENT SARRE (AV DE L');48,9246940;2,2658370
38022;202000042240;11;3;2020;09:34;1;92;92024;2;1;1;2;MARTRE (RUE) DE (59 A 109)   (58 A 120);48,9010780;2,3078860
38023;202000042241;11;3;2020;16:05;1;92;92007;2;1;1;6;BRIAND (AVENUE ARISTIDE) N° 2 A 98;48,7997300;2,3231400
38024;202000042242;11;3;2020;10:37;1;92;92007;2;1;1;6;CLOS LA PAUME (RUE DU);48,7970049;2,3071384
38025;202000042243;11;1;2020;15:15;1;92;92004;2;9;1;2;DOCTEUR DERVAUX  ( QUAI DU );48,9050991;2,2879181
38026;202000042244;11;3;2020;09:00;1;95;95430;1;1;1;6;Croix de Montsoult;49,0654280;2,3292090
38027;202000042245;7;3;2020;08:15;1;49;49244;2;2;1;3;RD 131 / Rue de la Guimonière - La Pommeraye;47,3501490; -0,8501100
38028;202000042246;9;3;2020;17:00;1;2A;2A211;1;1;2;6;RT 40;41,7941320;8,9804110
38029;202000042247;11;3;2020;18:10;1;86;86221;1;1;1;4;D129;46,7920200;0,3630440
38030;202000042248;11;3;2020;13:15;1;34;34342;1;1;1;4;D986;43,7420380;3,7704080
38031;202000042249;12;3;2020;18:35;2;83;83086;1;1;1;3;Route de Callas;43,4865710;6,5671850
38032;202000042250;12;3;2020;13:05;1;01;01033;2;1;1;1;37 Rue Joseph Marion;46,1049700;5,8372270
38033;202000042251;12;3;2020;12:10;1;30;30221;2;1;1;6;Rue du Pavillon;44,0510640;4,7795370
38034;202000042252;10;3;2020;15:00;1;21;21315;1;1;2;1;M971;47,3679320;4,9665850
38035;202000042253;12;3;2020;06:45;2;62;62198;1;1;1;1;route départementale 75;50,3782584;2,6127697
38036;202000042254;11;3;2020;16:50;1;74;74043;1;3;1;3;Avenue des Fully;46,2663840;6,3293640
38037;202000042255;12;3;2020;14:15;1;79;79061;1;1;1;2;2 Route de Melle;46,2556650; -0,2077600
38038;202000042256;12;3;2020;18:50;2;82;82018;2;2;1;3;INTERSECTION D95 / D64;44,0890110;1,5354730
38039;202000042257;12;3;2020;09:00;1;71;71482;1;1;1;6;La Crote;46,8083236;4,3285097
38040;202000042258;27;2;2020;07:15;2;86;86281;1;2;2;3;D7;46,7603150;0,1707070
38041;202000042259;11;3;2020;19:15;3;34;34310;1;1;1;2;RD 19;43,4256220;3,1558230
38042;202000042260;10;3;2020;14:00;1;44;44084;1;2;8;3;Le Chemin Noir;47,2232260; -1,3652870
38043;202000042261;10;3;2020;07:53;1;02;02426;1;1;1;7;D71;49,9365850;3,3062900
38044;202000042262;15;2;2020;12:35;1;54;54102;1;2;7;1;Carrefour D118 A -  RD 904;48,7150060;5,8755830
38045;202000042263;3;3;2020;10:00;1;21;21568;2;1;8;6;3 Rue du 8 Mai 1945;47,6404180;4,2964270
38046;202000042264;7;3;2020;00:00;3;40;40055;1;1;1;1;Route de Grenade;43,8349760; -0,4698800
38047;202000042265;11;3;2020;21:15;3;04;04188;1;1;1;1;RD 13;43,8984800;5,8042680
38048;202000042266;12;3;2020;17:30;1;23;23189;1;1;2;7;Montarichard;46,0125000;1,7194460
38049;202000042269;5;3;2020;14:20;1;13;13001;1;1;1;3;A8,;43,5175750;5,4312590
38050;202000042270;10;3;2020;17:45;1;69;69190;2;1;8;3;Rue M. Mérieux;45,7729000;4,7039000
38051;202000042271;6;3;2020;16:10;1;34;34327;1;1;1;6;63 Rue de la Monnaie;43,6627570;3,9789340
38052;202000042272;11;3;2020;18:45;2;84;84004;2;1;1;2;542 Avenue Anselme Mathieu;44,1058190;5,0252150
38053;202000042274;6;2;2020;14:50;1;07;07152;1;1;1;5;;45,0354810;4,8257660
38054;202000042275;9;3;2020;20:40;3;49;49194;1;1;2;1;16 Route de la Couture;47,4772460; -0,2938200
38055;202000042276;11;3;2020;23:20;5;80;80033;1;1;6;6;A1;49,8886420;2,8385930
38056;202000042277;7;3;2020;23:15;3;83;83047;1;1;1;4;A570;43,1345800;6,0471600
38057;202000042278;11;3;2020;08:35;1;67;67152;1;1;2;6;Route Nationale 83;48,5303367;7,6932001
38058;202000042279;11;3;2020;09:25;1;33;33013;1;1;1;4;ROUTE NATIONALE 230;44,8462100; -0,5022900
38059;202000042280;10;3;2020;16:30;1;59;59195;1;1;2;4;AUTOROUTE A25;50,6277660;2,9603560
38060;202000042281;11;3;2020;16:01;1;94;94021;1;1;1;7;AUTOROUTE A6B;48,7709000;2,3458000
38061;202000042283;11;3;2020;08:45;1;78;78640;1;1;1;3;N118;48,7814760;2,2228950
38062;202000042284;26;2;2020;13:20;1;92;92050;1;1;2;-1;A86;48,9162739;2,2212872
38063;202000042285;10;3;2020;08:50;1;93;93027;1;1;2;2;AUTOROUTE A86;48,9278500;2,4095800
38064;202000042286;9;3;2020;10:45;1;60;60631;1;1;1;3;AUTOROUTE A1;49,1456200;2,5775200
38065;202000042287;9;1;2020;11:30;1;89;89387;2;1;1;6;PIERRE DE COUBERTIN (1 AVENUE);48,1919700;3,2993100
38066;202000042288;10;3;2020;17:45;1;974;97411;2;3;1;3;Boulevard Gabriel Macé; -20,8735500;55,4468600
38067;202000042289;10;3;2020;14:15;1;69;69199;2;3;1;3;MATHIEU DUSSURGEY                   (R );45,7123000;4,8625000
38068;202000042291;9;3;2020;11:50;1;972;97213;1;1;1;4;AUTOROUTE A1;14,6162000; -61,0153000
38069;202000042292;10;3;2020;15:50;1;69;69286;2;9;1;3;ROUTE DE STRASBOURG                 (RO);45,8132400;4,8874600
38070;202000042293;10;3;2020;15:48;1;69;69286;1;1;8;6;MERCIERES (DES)                     (R );45,8150000;4,8765000
38071;202000042294;10;3;2020;08:50;1;69;69142;2;1;2;3;FONTANIERES (DE)                     (CH;45,7355000;4,8099000
38072;202000042295;23;1;2020;15:30;1;971;97107;2;3;1;3;FLAMBOYANTS ( ALLEE DES );16,0518600; -61,5649100
38073;202000042296;9;3;2020;20:50;5;91;91549;2;1;1;1;REPUBLIQUE (AVENUE DE LA);48,6449600;2,3344800
38074;202000042297;6;3;2020;10:30;1;91;91223;1;1;2;2;RD 191;48,4501200;2,0922000
38075;202000042298;10;3;2020;05:30;5;91;91425;2;2;2;2;NATIONALE 20 (ROUTE);48,6403900;2,2684300
38076;202000042299;9;3;2020;20:45;5;91;91021;2;1;1;3;RN 20;48,5833000;2,2500000
38077;202000042300;10;3;2020;09:10;1;87;87085;2;1;2;2;PALAIS (ROUTE DU);45,8521400;1,3022400
38078;202000042301;10;3;2020;15:30;1;83;83090;2;1;1;3;SIX-FOURS (CHEMIN DE);43,1239700;5,8425400
38079;202000042302;9;3;2020;08:10;1;83;83137;2;1;1;3;BRIAND (AVE ARISTIDE DE 1 A 1219;43,1267737;5,9012139
38080;202000042303;9;3;2020;09:40;1;83;83129;2;1;1;3;MER (AVENUE DE LA) N°IMPAIRS;43,1042900;5,8182100
38081;202000042304;10;3;2020;13:50;1;83;83069;2;1;1;3;GODILLOT  ( AVENUE ALEXIS );43,1169000;6,1227000
38082;202000042305;9;3;2020;10:35;1;79;79191;2;1;1;6;107 Avenue de Paris;46,3261900; -0,4519500
38083;202000042306;9;3;2020;20:40;5;78;78350;1;2;2;5;SAINT GERMAIN (ROUTE DE);48,8721000;2,1105000
38084;202000042307;10;3;2020;18:00;1;77;77284;2;1;8;6;DUNANT (AVENUE HENRI);48,9463200;2,8968200
38085;202000042308;9;3;2020;17:35;1;74;74012;2;1;1;3;VERDUN (AVENUE DE);46,1860000;6,2425600
38086;202000042309;9;3;2020;18:05;1;74;74012;2;1;1;7;PETIT MALBRANDE (RUE DU);46,1902700;6,2385000
38087;202000042310;9;3;2020;17:51;1;72;72181;2;1;2;2;GENESLAY FELIX (AV) N° IMP 1 A 151;47,9827200;0,2104600
38088;202000042311;9;3;2020;05:15;5;72;72181;2;2;1;3;EICHTHAL (RUE D');47,9997700;0,1858000
38089;202000042312;9;3;2020;17:20;1;71;71270;2;1;1;6;Route de Lyon;46,2897073;4,8123493
38090;202000042313;10;3;2020;05:46;5;69;69256;2;2;2;3;MAURICE AUDIN                       (R );45,7773300;4,9196500
38091;202000042314;10;3;2020;17:40;1;69;69096;2;1;1;2;BERTHELOT (MARCELIN) (AV);45,5984200;4,7836100
38092;202000042315;9;3;2020;20:00;5;67;67482;2;1;1;6;FRANÇOIS MITTERRAND (AVENUE);48,5863125;7,6959411
38093;202000042316;6;2;2020;08:05;1;67;67462;2;3;7;6;PRESIDENT POINCARE (RUE DU);48,2572050;7,4544780
38094;202000042317;10;3;2020;07:50;1;67;67180;2;2;2;3;COLONEL ANDRE (RUE DU);48,8054284;7,7794622
38095;202000042318;9;3;2020;17:50;1;66;66136;2;1;1;2;Départementale 914;42,6731900;2,8895900
38096;202000042320;9;3;2020;16:52;1;64;64102;2;1;1;6;Avenue Louis de Foix;43,5065000; -1,4673000
38097;202000042321;20;2;2020;17:30;1;62;62464;1;6;3;1;VERMELLES (RTE DE);50,4868520;2,8076930
38098;202000042322;10;3;2020;10:30;1;62;62178;2;1;2;6;REPUBLIQUE ( DE LA );50,4779800;2,5365790
38099;202000042323;10;3;2020;21:40;5;62;62160;2;9;2;2;PIPOTS (Rue des);50,7231084;1,6085023
38100;202000042324;8;3;2020;13:00;1;58;58194;2;1;1;3;JEAN GEORGES;46,9845000;3,1601000
38101;202000042325;10;3;2020;16:55;1;57;57630;2;1;1;6;IMLING (ROUTE D');48,7202500;7,0365200
38102;202000042326;9;3;2020;11:00;1;51;51454;2;3;1;3;Boulevard Saint Marceaux;49,2519092;4,0430909
38103;202000042328;9;3;2020;20:38;5;49;49007;2;1;2;1;RONCERAY BOULEVARD;47,4744400; -0,5602000
38104;202000042329;9;3;2020;07:29;2;49;49007;2;1;1;3;RABELAIS;47,4583500; -0,5450400
38105;202000042331;9;3;2020;23:20;3;44;44184;2;1;1;7;PICHON (RUE ADRIEN);47,2395500; -2,2820600
38106;202000042332;10;3;2020;13:00;1;41;41018;2;1;2;6;FRANCE (AVENUE DE)  1;47,5989400;1,3184300
38107;202000042333;7;3;2020;20:10;5;38;38185;2;1;1;6;Avenue Edmond Esmonin;45,1593500;5,7263900
38108;202000042334;10;3;2020;16:10;1;37;37261;2;1;2;6;MONGE (AVENUE);47,3556149;0,7030499
38109;202000042335;10;3;2020;10:20;1;37;37261;2;1;2;6;CHEVALLIER (RUE AUGUSTE);47,3748992;0,6788916
38110;202000042336;10;3;2020;08:40;1;37;37261;2;1;8;6;BERANGER (BOULEVARD);47,3899605;0,6877534
38111;202000042338;9;3;2020;08:15;1;34;34172;2;1;1;-1;ONZE NOVEMBRE (PLACE DU);43,6145400;3,8831700
38112;202000042340;10;3;2020;21:35;5;33;33119;1;3;1;2;Boulevard de l'Entre-Deux-Mers / Boulevard Joliot Curie;44,8465180; -0,5376400
38113;202000042341;6;3;2020;20:10;5;31;31555;2;1;2;6;51 Route de Narbonne;43,5706800;1,4546300
38114;202000042342;10;3;2020;15:00;1;29;29232;2;1;2;2;Avenue de la Liberation;47,9923875; -4,0787816
38115;202000042343;28;1;2020;17:59;5;29;29039;1;5;2;7;D22 - Rue de Kerose;47,8741278; -3,8983011
38116;202000042344;9;3;2020;10:30;1;27;27528;2;6;1;3;VILLAGE (CHAUSSEE DU);49,2632600;1,2115400
38117;202000042345;22;2;2020;16:30;1;22;22278;2;6;1;3;AURORE (RD PT DE L');48,5132300; -2,7382300
38118;202000042347;7;3;2020;12:55;1;19;19031;2;1;1;3;SEMARD (AVENUE PIERRE) JUSQU'A N° 73 - 6;45,1569447;1,5218496
38119;202000042348;6;3;2020;16:00;1;19;19031;2;1;3;6;ROCHE (RUE MARCELIN);45,1647920;1,5264480
38120;202000042349;25;9;2020;17:28;1;69;69176;1;1;3;1;D30;45,6929730;4,6999070
38121;202000042350;25;9;2020;16:00;1;69;69040;2;1;1;2;30 Avenue Général de Gaulle;45,8061960;4,7812160
38122;202000042351;24;9;2020;08:50;1;61;61104;1;4;3;3;D51;48,6111360; -0,2556630
38123;202000042353;24;9;2020;16:55;1;13;13210;1;1;1;2;Tunnel Prado Carénage;43,2350980;5,3775390
38124;202000042354;24;9;2020;08:25;1;33;33063;1;1;2;7;AUTOROUTE A 10;44,8838700; -0,5569800
38125;202000042355;23;9;2020;22:00;3;59;59343;1;1;3;6;AUTOROUTE A1;50,5891511;3,0964413
38126;202000042356;24;9;2020;19:00;1;94;94021;1;1;2;3;AUTOROUTE A6B;48,7604813;2,3391834
38127;202000042357;24;9;2020;12:45;1;94;94076;1;1;1;2;AUTOROUTE A6B;48,7930959;2,3450828
38128;202000042358;24;9;2020;13:50;1;92;92002;1;1;2;4;AUTOROUTE A10;48,7305148;2,3081803
38129;202000042359;24;9;2020;06:50;2;91;91377;2;9;1;6;RN20;48,7191000;2,2989000
38130;202000042360;24;9;2020;07:48;1;94;94038;1;1;1;3;AUTOROUTE A6A;48,7774452;2,3466316
38131;202000042361;24;9;2020;00:01;5;94;94037;1;1;1;5;AUTOROUTE A6A;48,8147544;2,3361929
38132;202000042362;23;9;2020;14:50;1;91;91174;1;1;1;2;RN 104;48,6120000;2,4488000
38133;202000042363;24;9;2020;16:40;1;92;92050;1;1;1;2;A86;48,9181388;2,2227647
38134;202000042364;24;9;2020;13:45;1;92;92047;1;1;2;3;A13;48,8329115;2,1582349
38135;202000042366;24;9;2020;14:20;1;93;93053;1;1;2;2;AUTOROUTE A103;48,8880800;2,4723300
38136;202000042367;24;9;2020;15:20;1;92;92078;1;1;2;2;AUTOROUTE A86;48,9297500;2,3275900
38137;202000042368;24;9;2020;15:00;1;93;93008;1;1;2;2;AUTOROUTE A86;48,9067400;2,4573700
38138;202000042369;24;9;2020;13:34;3;93;93008;1;1;1;3;AUTOROUTE A86;48,9089500;2,4490600
38139;202000042370;23;9;2020;16:50;1;93;93053;1;1;2;7;AUTOROUTE A103;48,8882600;2,4724500
38140;202000042371;23;9;2020;15:15;1;92;92036;1;1;8;2;AUTOROUTE A86;48,9391000;2,3054000
38141;202000042372;24;9;2020;15:30;1;77;77337;1;1;2;7;A4;48,8299810;2,6185550
38142;202000042374;24;9;2020;00:50;3;94;94018;1;1;2;7;A4;48,8173000;2,4551000
38143;202000042375;23;9;2020;18:30;2;77;77438;1;1;2;-1;A104;48,8667900;2,6703780
38144;202000042376;6;1;2020;11:05;1;91;91114;2;9;1;3;ROUTE NATIONALE 6;48,7126519;2,4422282
38145;202000042377;5;1;2020;16:40;1;86;86027;2;1;1;2;Rocade Ouest;46,5777303;0,3149700
38146;202000042378;21;7;2020;13:40;1;76;76351;2;3;1;6;SAINTE ADRESSE (DE);49,4995300;0,0934700
38147;202000042379;1;1;2020;04:40;3;84;84007;1;1;1;1;TARASCON ( Avenue de);43,9220876;4,8092714
38148;202000042381;5;1;2020;10:25;1;83;83129;2;1;1;3;GUILLEMARD (AV ROBERT) N° PAIRS;43,0790200;5,8175800
38149;202000042382;3;1;2020;21:30;5;80;80021;2;1;1;6;ORATOIRE (RUE DE L');49,8933300;2,3045900
38150;202000042383;23;9;2020;16:40;1;974;97416;1;1;1;5;ANCIENNE RN 1; -21,3230200;55,4450200
38151;202000042384;23;9;2020;14:30;1;973;97302;2;1;1;3;RABAN (ROUTE DE);4,9357789; -52,3146200
38152;202000042385;6;1;2020;09:15;2;78;78551;2;2;1;7;RN 184;48,9394470;2,0958830
38153;202000042386;23;9;2020;20:50;5;69;69383;2;2;1;1;FELIX FAURE                         (AV);45,7530000;4,8536000
38154;202000042387;23;9;2020;16:15;1;69;69388;2;3;1;3;HERIDEAUX (DES)                     (R );45,7399700;4,8609300
38155;202000042388;5;1;2020;09:55;1;77;77053;2;3;1;6;MONGAZON (RUE DE);48,6912300;2,6166600
38156;202000042389;25;7;2020;20:45;1;75;75118;2;4;1;6;RUE JEAN COTTIN;48,8953280;2,3622170
38157;202000042390;6;1;2020;08:45;1;77;77237;2;1;1;2;LAGNY  (RUE DE  ) - RD10;48,8428450;2,7505950
38158;202000042391;22;9;2020;16:10;1;972;97209;2;6;1;1;RAVINE VILAINE (CHEMIN DEPARTEMENTAL DE);14,6447900; -61,0592600
38159;202000042392;24;9;2020;00:35;5;69;69382;2;9;1;3;AUGUSTE COMTE                       (R );45,7543000;4,8309000
38160;202000042393;26;7;2020;22:55;5;75;75105;2;7;1;3;PONT D AUSTERLITZ;48,8442300;2,3647710
38161;202000042394;6;1;2020;09:10;1;77;77237;1;4;1;2;D10;48,8295050;2,7557550
38162;202000042395;23;9;2020;12:20;1;2A;2A004;1;1;1;4;T20;41,9439819;8,8109794
38163;202000042396;27;7;2020;03:10;5;75;75120;2;7;1;6;PLACE AUGUSTE METIVIER;48,8632400;2,3882600
38164;202000042397;6;1;2020;08:50;2;77;77037;2;1;5;6;MOREAU DES TOURS (RUE);48,4695364;2,6959255
38165;202000042398;23;9;2020;15:10;1;95;95539;2;1;2;3;RHIN ET DANUBE (AVENUE );49,0030600;2,3593500
38166;202000042399;5;1;2020;18:27;5;76;76351;2;2;1;3;LENINGRAD (BD DE);49,4987400;0,1592600
38167;202000042400;27;7;2020;16:50;1;75;75119;2;3;1;3;AVENUE JEAN JAURES;48,8845380;2,3769320
38168;202000042401;22;9;2020;19:35;2;95;95197;2;3;1;3;SAINT-DENIS (ROUTE);48,9654450;2,3196060
38169;202000042402;23;9;2020;05:45;3;91;91223;1;1;1;6;R.D.20;48,4115800;2,1272600
38170;202000042404;3;1;2020;18:10;5;67;67482;2;1;1;6;JEAN JAURES (AVENUE);48,5704300;7,7612400
38171;202000042405;22;9;2020;07:00;2;91;91333;2;3;1;6;F.F.I. (PLACE DES);48,6147900;2,2624100
38172;202000042407;6;1;2020;19:05;5;64;64260;2;6;1;3;HAPETENIA (RUE DE);43,3532819; -1,7714167
38173;202000042409;6;1;2020;17:30;1;64;64483;2;1;1;2;ASCAIN (ROUTE D');43,3750300; -1,6377400
38174;202000042410;6;1;2020;16:55;1;64;64102;2;6;1;7;giratoire des casques;43,5080200; -1,4881000
38175;202000042411;22;9;2020;12:02;1;87;87114;2;3;2;3;BLUM (AVENUE LEON-);45,8323900;1,3036900
38176;202000042412;3;1;2020;23:03;3;63;63164;1;1;1;6;Malintrat ( route de );45,8142200;3,1589000
38177;202000042413;18;9;2020;17:40;1;87;87085;2;1;1;6;DUSSOUBS (PLACE DENIS);45,8329800;1,2557500
38178;202000042415;5;1;2020;10:55;1;63;63113;2;2;1;3;BLANZAT (RUE DE);45,7878372;3,0844307
38179;202000042416;27;9;2020;00:15;5;86;86194;2;1;1;3;Avenue John Kennedy;46,5894190;0,3599310
38180;202000042417;27;7;2020;09:00;1;75;75108;2;1;1;3;RUE DE VIENNE;48,8776040;2,3222900
38181;202000042418;6;1;2020;09:50;1;59;59350;2;1;7;6;GRAND BUT RUE DU;50,6512600;2,9750600
38182;202000042419;23;7;2020;09:55;1;75;75107;2;1;1;3;QUAI BRANLY;48,8587020;2,2929960
38183;202000042420;3;1;2020;22:30;3;49;49267;2;1;1;2;PUITS DES BOIS LIEU DIT;47,4736400; -0,4658500
38184;202000042421;23;9;2020;21:30;5;83;83069;2;3;1;3;DE LATTRE DE TASSIGNY(BLD);43,1240400;6,1476500
38185;202000042422;27;7;2020;18:25;1;75;75103;2;1;7;6;RUE DE TURBIGO;48,8865830;2,3610410
38186;202000042423;23;9;2020;16:25;1;83;83069;2;1;1;3;PERE ETERNEL (CHEMIN DU);43,1248000;6,1503000
38187;202000042424;6;1;2020;10:40;1;37;37261;2;3;1;6;ORATOIRE (RUE DE L');47,4123098;0,6963585
38188;202000042426;26;7;2020;09:10;1;94;94067;2;3;1;4;GENERAL DE GAULLE (AV DU);48,8463800;2,4177340
38189;202000042427;27;7;2020;21:27;2;94;94078;2;1;1;6;PRESIDENT JOHN FITZGERALD KENNEDY (AV DU;48,7353000;2,4651400
38190;202000042428;22;9;2020;10:52;1;80;80021;2;1;1;6;VALLEE (RUE DE LA );49,8922600;2,3080000
38191;202000042429;6;1;2020;18:40;3;35;35051;1;1;1;2;RN136;48,1063900; -1,5996600
38192;202000042430;22;9;2020;18:30;1;80;80021;2;3;1;3;VULFRAN WARME (RUE);49,8873900;2,3069700
38193;202000042431;27;7;2020;20:25;1;94;94017;2;9;1;5;STALINGRAD (BD DE);48,8173588;2,5092334
38194;202000042432;21;9;2020;17:00;1;72;72181;2;1;1;6;MARIETTE (RUE DE LA) N° IMP 87 ET >;47,9990100;0,2085800
38195;202000042433;4;1;2020;13:15;1;34;34108;1;1;1;1;MONTPELLIER (ROUTE DE);43,4703110;3,7673750
38196;202000042434;22;9;2020;19:45;1;71;71153;2;1;1;-1;Industrie ( Boulevard de l');46,7893400;4,4443000
38197;202000042435;27;7;2020;10:50;1;94;94058;2;2;1;7;MONTAIGNE (AV);48,8390258;2,5086325
38198;202000042436;6;1;2020;08:15;1;33;33281;2;2;5;3;AVE MONTESQUIEU / RUE DU JARD;44,8471000; -0,6389700
38199;202000042437;23;9;2020;21:20;5;69;69266;2;2;1;3;ANTOINE PRIMAT     (Rue);45,7581700;4,8933100
38200;202000042438;27;7;2020;05:07;3;94;94021;2;9;1;6;Boulevard du Delta;48,7586400;2,3429000
38201;202000042439;22;9;2020;17:30;1;67;67482;2;1;1;1;GERSTHEIM (RUE DE);48,5667000;7,7810200
38202;202000042441;27;7;2020;09:05;1;94;94079;2;3;7;6;ROBERT SCHUMAN (R);48,8228300;2,5423500
38203;202000042442;5;1;2020;02:40;5;31;31555;2;1;1;6;BD DE LA MARQUETTE;43,6143900;1,4333000
38204;202000042443;27;7;2020;12:50;1;94;94018;2;2;1;3;PARIS (R DE);48,8258900;2,4069100
38205;202000042444;22;9;2020;12:35;1;67;67482;2;3;1;3;BALE (RUE DE);48,5694500;7,7631100
38206;202000042445;2;1;2020;13:55;1;30;30189;2;3;1;3;MARTEL CHARLES (RUE);43,8301000;4,3590000
38207;202000042446;27;7;2020;09:15;1;94;94069;2;3;1;3;SAINT MAURICE DU VALAIS (AV);48,8167000;2,4597800
38208;202000042447;22;9;2020;06:20;3;67;67462;1;4;1;3;EPFIG (ROUTE D);48,2853400;7,4580300
38209;202000042448;23;9;2020;17:45;1;65;65251;2;7;1;3;PYRENEES (RUE DES);43,2170000;0,0714000
38210;202000042449;27;7;2020;15:30;1;93;93039;2;1;1;4;CITE MARCEL PAUL;48,9203700;2,3282300
38211;202000042450;6;1;2020;16:40;1;27;27681;2;9;1;3;JAURES (BOULEVARD JAURES);49,0957500;1,4647300
38212;202000042451;27;7;2020;05:00;5;93;93066;2;2;1;3;MOULIN JEAN (AVE) NR 10 A 20 ET  13 A 17;48,9420004;2,3653726
38213;202000042452;6;1;2020;21:10;5;17;17300;2;9;1;7;CARNOT   AVENUE;46,1649000; -1,1836000
38214;202000042453;6;1;2020;21:15;5;17;17291;2;9;1;3;RN 237;46,1736230; -1,1224480
38215;202000042454;27;7;2020;09:25;1;93;93051;2;2;1;3;EMILE COSSONNEAU (AVE);48,8490000;2,5697000
38216;202000042455;26;7;2020;19:25;1;93;93048;2;1;1;6;PARIS (RUE DE);48,8562814;2,4262819
38217;202000042456;6;1;2020;15:30;1;15;15014;2;1;1;2;GAULLE (AVENUE CHARLES DE);44,9097550;2,4247690
38218;202000042457;23;9;2020;09:23;1;65;65417;2;1;1;2;MITTERRAND (AVENUE FRANCOIS);43,2297860;0,0956900
38219;202000042458;27;7;2020;16:15;1;93;93046;2;1;1;1;ROBERT SCHUMANN BOULEVARD;48,9297143;2,5528674
38220;202000042459;16;8;2020;09:33;1;64;64483;2;1;1;3;ERROMARDIE (CHEMIN D');43,3975700; -1,6441100
38221;202000042461;22;9;2020;08:54;1;64;64102;2;1;2;2;MAI 1945 (AVENUE DU 8);43,4683400; -1,4907800
38222;202000042462;27;7;2020;10:10;1;93;93057;2;3;1;2;BRIAND ( AV.  ARISTIDE) 93 A 175;48,9095271;2,5048737
38223;202000042463;6;1;2020;13:45;1;14;14215;2;2;1;3;GROSSE TOUR (RUE DE LA );49,1898000; -0,2656000
38224;202000042464;13;9;2020;17:10;1;63;63113;2;2;1;3;BERTHELOT (BOULEVARD);45,7785575;3,0721596
38225;202000042465;27;7;2020;20:00;1;93;93001;2;2;1;3;WALDECK ROCHET (RUE);48,9127114;2,3678284
38226;202000042466;12;9;2020;14:50;1;62;62033;1;3;1;3;LILLE (RTE DE);50,4521386;2,8742509
38227;202000042467;27;7;2020;10:00;1;92;92064;2;9;1;7;CARNOT;48,8459580;2,2232516
38228;202000042468;18;9;2020;21:30;5;62;62427;2;1;1;6;SEMARD (PL. PIERRE );50,4173140;2,9521040
38229;202000042469;22;9;2020;21:05;5;56;56162;2;1;2;6;SABLES BLANCS (BD DES);47,7280000; -3,4940400
38230;202000042470;6;1;2020;08:45;1;13;13056;2;4;1;1;ZOLA (Boulevard Emile);43,3994800;5,0586600
38231;202000042471;26;7;2020;19:30;1;92;92063;2;2;1;3;JUIN (AVENUE DU MARECHAL);48,8819300;2,1836600
38232;202000042472;23;9;2020;18:00;1;51;51454;2;1;1;1;Rue du Colonel Fabien;49,2503813;4,0204256
38233;202000042473;27;7;2020;18:30;1;92;92062;2;1;1;1;PARVIS (LE);48,8900000;2,2400000
38234;202000042474;7;1;2020;01:05;5;13;13213;2;9;1;3;FRAIS VALLON (AVENUE);43,3250965;5,4235186
38235;202000042475;6;1;2020;11:40;1;13;13202;2;1;1;3;LAZARET (QUAI DU);43,3110900;5,3673600
38236;202000042476;26;7;2020;00:45;5;92;92014;2;7;2;3;GENERAL LECLERC (AV.) (135 A FIN - 134 A;48,7767600;2,3140100
38237;202000042477;22;9;2020;18:00;1;51;51454;2;3;1;5;Rue de la 12e Escadre d’Aviation;49,2841010;4,0325960
38238;202000042479;28;7;2020;05:40;2;18;18287;1;1;1;7;117 Route de Saint Bouize;47,2821110;2,8624530
38239;202000042480;23;9;2020;10:05;1;45;45234;2;1;1;3;Place du General de Gaulle;47,9011900;1,9020400
38240;202000042481;25;7;2020;21:45;2;18;18272;2;1;1;1;13 Route de Montigny;47,2580250;2,7550420
38241;202000042483;22;9;2020;13:35;1;45;45068;2;2;1;3;Avenue Jean Jaurès;48,0129400;2,7336400
38242;202000042484;28;7;2020;10:16;1;64;64243;1;1;1;1;D945;43,4670300; -0,5237390
38243;202000042485;4;9;2020;19:30;2;42;42071;2;3;1;6;Avenue de la République;46,0282200;4,0846300
38244;202000042487;5;1;2020;18:10;5;03;03310;2;1;1;6;111 Boulevard des Etats-unis;46,1258524;3,4172912