;Num_Acc;jour;mois;an;hrmn;lum;dep;com;agg;int;atm;col;adr;lat;long
38245;202000042488;27;7;2020;18:15;1;64;64254;1;1;1;5;RD 945, Pk 009+200;43,5024020; -0,5851510
38246;202000042489;6;1;2020;17:30;2;75;75119;2;1;1;-1;BD PERIPHERIQUE INTERIEUR;48,8788743;2,4079384
38247;202000042490;23;9;2020;09:00;1;37;37208;2;1;1;-1;DE GAULLE (AV. DU GAL);47,3542540;0,7209468
38248;202000042491;16;7;2020;18:00;1;62;62454;2;3;1;3;Rue Neuve;50,5651570;2,6144770
38249;202000042492;11;9;2020;13:52;1;37;37261;2;1;1;6;HEURTELOUP (BOULEVARD);47,3908342;0,6942279
38250;202000042493;6;1;2020;10:10;1;75;75116;2;4;1;4;BD PERIPHERIQUE EXTERIEUR;48,8409446;2,2539033
38251;202000042494;23;9;2020;11:45;1;35;35238;2;6;2;7;GUILLOUX (LOUIS);48,1093500; -1,6975400
38252;202000042495;28;7;2020;04:19;5;91;91363;2;1;1;7;99 Rue Alfred Dubois;48,6398540;2,2416350
38253;202000042496;28;7;2020;12:40;1;06;06095;2;1;1;6;Avenue de Peygros;43,6258790;6,8766050
38254;202000042497;6;1;2020;06:50;2;75;75114;2;1;1;3;BP PERIPHERIQUE INTERIEUR;48,8167880;2,3389350
38255;202000042498;22;9;2020;16:40;1;34;34172;2;2;2;6;SAINT CLEOPHAS (RUE);43,5978300;3,8711800
38256;202000042499;21;7;2020;15:39;1;58;58086;1;6;1;6;Cosne-Cours-sur-Loire;47,3829290;2,9242730
38257;202000042500;25;7;2020;17:45;1;34;34032;2;1;7;6;ORNANO COLONEL D' (AV);43,3388400;3,2097700
38258;202000042501;5;1;2020;03:05;5;75;75117;2;1;1;2;BD PERIPHERIQUE INTERIEUR;48,8989860;2,3172920
38259;202000042503;27;7;2020;17:30;1;61;61205;1;1;1;6;A28;48,8608120;0,3800260
38260;202000042505;4;1;2020;12:20;1;75;75120;2;1;1;4;BD PERIPHERIQUE INTERIEUR;48,8563440;2,4139230
38261;202000042506;28;7;2020;14:45;1;77;77065;1;1;7;1;22 Route de Melun - D372;48,4644120;2,5359210
38262;202000042507;23;9;2020;12:35;1;33;33063;2;2;1;2;RUE GENERAL DE LARMINAT / PCE GAVINIES;44,8334100; -0,5942300
38263;202000042508;5;1;2020;03:48;3;75;75116;2;1;1;6;ECHANGEUR PASSY;48,8596820;2,2625450
38264;202000042509;27;7;2020;17:05;1;19;19209;1;1;1;7;La Font de Granier RD160;45,5977901;1,8681264
38265;202000042510;6;1;2020;09:50;1;75;75106;2;3;1;3;RUE DE RENNES;48,8456761;2,3256093
38266;202000042511;27;7;2020;18:00;1;74;74164;2;1;1;3;Avenue de la Gare;46,0891970;6,5073290
38267;202000042512;22;9;2020;18:50;1;31;31555;2;2;1;3;AV DE LESPINET;43,5836700;1,4639600
38268;202000042513;6;1;2020;12:10;1;75;75120;2;4;1;2;AVENUE IBSEN;48,8656560;2,4118710
38269;202000042514;27;7;2020;21:00;3;76;76181;1;1;1;6;781 Route du Mont aux Roux;49,6213620;0,6331430
38270;202000042515;6;1;2020;18:30;5;75;75119;2;1;1;-1;AVENUE JEAN JAURES;48,8866405;2,3849867
38271;202000042516;22;9;2020;16:55;1;31;31555;2;3;1;3;RUE BERTRAND GRIL;43,5871600;1,4595700
38272;202000042517;27;7;2020;20:00;2;76;76395;1;1;1;7;RD 323;49,8950210;0,9594150
38273;202000042519;27;7;2020;12:15;1;41;41099;1;1;1;-1;A85;47,3359730;1,5888120
38274;202000042520;19;9;2020;18:45;1;31;31555;1;1;1;4;VA007331 A620;43,6284500;1,4202300
38275;202000042521;6;1;2020;16:00;1;75;75117;2;2;1;4;BOULEVARD DE REIMS;48,8918190;2,3015850
38276;202000042522;28;7;2020;08:50;1;71;71008;1;1;1;6;D16;46,2283337;4,3665561
38277;202000042523;6;1;2020;09:00;1;75;75117;2;3;1;6;RUE ERNEST GOUIN;48,8939504;2,3175748
38278;202000042525;27;7;2020;20:30;1;89;89155;1;1;1;1;D 606;47,7187959;3,6137843
38279;202000042526;23;9;2020;16:50;1;30;30189;2;2;1;3;TALABOT (BOULEVARD);43,8369400;4,3711400
38280;202000042527;5;1;2020;00:20;5;75;75116;2;3;1;3;BOULEVARD LANNES;48,8688430;2,2735020
38281;202000042528;18;9;2020;12:15;1;30;30189;2;9;1;1;JAURES JEAN (BOULEVARD);43,8283000;4,3529000
38282;202000042529;6;1;2020;13:40;1;75;75115;2;5;1;6;RUE DE DANTZIG;48,8299869;2,2957012
38283;202000042530;23;9;2020;01:20;5;29;29232;2;1;2;6;D765 - Route de Douarnenez;47,9991600; -4,1151900
38284;202000042531;28;7;2020;13:30;1;49;49272;1;3;1;1;Carrefour des Granges;47,3408860; -0,1817689
38285;202000042532;6;1;2020;08:40;2;75;75106;2;2;1;6;BOULEVARD DU MONTPARNASSE;48,8455328;2,3191643
38286;202000042533;28;7;2020;09:30;1;12;12170;1;1;1;1;Lieu-dit Le cabanou;44,5171639;2,0904691
38287;202000042534;23;9;2020;11:55;1;27;27681;2;1;1;6;GENERAL DE GAULLE (PLACE DU);49,0916100;1,4850700
38288;202000042536;27;7;2020;16:45;1;39;39478;1;1;1;7;;46,4180950;5,8620840
38289;202000042537;6;1;2020;13:00;1;75;75113;2;3;1;-1;BOULEVARD MASSENA;48,8218490;2,3704310
38290;202000042539;28;7;2020;16:45;1;44;44213;1;1;1;7;D25;47,4445170; -1,0788060
38291;202000042540;6;1;2020;20:45;5;75;75112;2;1;1;3;BD PERIPHERIQUE EXTERIEUR;48,8441793;2,4141115
38292;202000042541;27;7;2020;15:45;1;29;29184;1;3;1;7;Keranton Izella;48,6104505; -3,9434061
38293;202000042542;6;1;2020;16:30;1;75;75112;2;2;1;6;RUE DE WATTIGNIES;48,8351730;2,3987762
38294;202000042543;23;9;2020;17:24;1;14;14118;2;1;8;3;CLEMENCEAU (AVENUE GEORGES);49,1895800; -0,3453580
38295;202000042545;6;1;2020;10:25;1;75;75112;2;4;1;3;BOULEVARD DE REUILLY;48,8393690;2,3939427
38296;202000042546;23;9;2020;09:30;1;14;14118;2;1;1;6;HASTINGS (RUE D');49,1848700; -0,3803300
38297;202000042548;6;1;2020;10:45;1;75;75109;2;5;1;6;RUE D ATHENES;48,8778618;2,3269612
38298;202000042549;26;7;2020;14:45;1;84;84148;1;1;1;6;D942;44,0555140;5,2442600
38299;202000042550;5;1;2020;00:40;5;75;75109;2;3;1;-1;RUE BLANCHE;48,8806360;2,3314570
38300;202000042551;23;9;2020;17:30;1;13;13210;2;1;1;2;CAPELETTE (AVENUE DE LA);43,2810430;5,4062400
38301;202000042552;28;7;2020;16:30;1;06;06062;1;1;1;6;D6204;44,0101350;7,5574280
38302;202000042553;23;9;2020;19:10;2;13;13063;2;1;1;6;ARLEQUIN ALLEE DE;43,5938600;5,0102600
38303;202000042554;6;1;2020;18:00;5;75;75107;2;3;1;3;QUAI BRANLY;48,8574970;2,2910221
38304;202000042555;28;7;2020;18:00;1;06;06105;2;1;1;6;Route Departementale 2085;43,6660390;7,0513550
38305;202000042557;5;1;2020;18:00;5;75;75107;2;2;1;3;PONT DE LA CONCORDE;48,8625910;2,3190250
38306;202000042558;27;7;2020;01:30;3;14;14085;1;1;1;6;RD 534;49,2740237;0,3383249
38307;202000042559;23;9;2020;18:20;1;13;13028;2;1;1;2;VIEUX MOULINS (AVENUE DES );43,1872900;5,6272300
38308;202000042560;6;1;2020;08:26;1;75;75101;2;1;1;7;VOIE GEORGES POMPIDOU;48,8586109;2,3407710
38309;202000042561;27;7;2020;12:30;1;14;14670;2;1;1;2;RUE DE BRETTEVILLE;49,2326520; -0,5185520
38310;202000042562;6;1;2020;11:05;1;94;94077;2;1;1;6;VIEILLE EGLISE (PL DE LA);48,7330000;2,4080000
38311;202000042563;22;9;2020;12:30;1;09;09225;2;1;8;2;BERNARD SAISSET RUE;43,1031900;1,6231300
38312;202000042564;28;7;2020;17:15;1;18;18206;1;1;1;7;Route d'Orléans;47,1954900;2,3234960
38313;202000042565;6;1;2020;09:45;1;94;94016;2;1;7;6;GALLIENI (R);48,7957900;2,3325700
38314;202000042566;26;7;2020;06:15;2;43;43165;1;1;1;6;Route de Coindet;45,1419650;4,0124020
38315;202000042567;19;9;2020;21:00;5;09;09122;2;1;1;2;FAURE (COURS GABRIEL);42,9639000;1,6067800
38316;202000042568;23;9;2020;12:10;1;07;07281;2;1;1;3;GROSS-UMSTADT (AVENUE DE);44,9451000;4,8555000
38317;202000042569;6;1;2020;07:10;2;94;94022;2;3;1;6;GENERAL LECLERC (AV);48,7624370;2,4066320
38318;202000042571;6;1;2020;17:25;2;94;94059;2;1;1;6;MAURICE BERTEAUX (AV);48,8075200;2,5703300
38319;202000042572;21;6;2020;19:00;2;06;06104;1;1;1;6;TURBIE (ROUTE DE LA);43,7651100;7,4508300
38320;202000042573;28;7;2020;06:15;1;21;21584;1;1;7;3;D980;47,2652370;4,2217970
38321;202000042574;23;9;2020;18:05;1;06;06069;1;1;1;3;POMPIDOU (AVENUE GEORGES) -RD 6085;43,6460000;6,9392000
38322;202000042575;6;1;2020;17:50;5;93;93073;2;1;1;3;AV DU GENERAL POUDEROUX;48,9659000;2,5690000
38323;202000042576;26;7;2020;16:00;1;24;24082;1;9;1;3;Bos de Bazet;44,8262760;1,2870100
38324;202000042577;27;7;2020;07:30;1;04;04124;1;1;1;7;RD 11;43,7687890;6,1060760
38325;202000042578;6;1;2020;15:20;1;93;93064;2;1;1;2;REPUBLIQUE (AVENUE DE LA);48,8675900;2,4848300
38326;202000042579;23;9;2020;10:45;1;06;06069;2;6;1;3;RAYBAUD (AVENUE FELIX)  - D609-;43,6407570;6,9116600
38327;202000042581;26;7;2020;10:30;1;04;04008;1;1;1;7;RN 202;43,9522157;6,6853521
38328;202000042582;6;1;2020;15:35;1;93;93062;2;3;7;6;AV DE LA RESISTANCE / ALL DE VERDUN;48,8959400;2,5144500
38329;202000042583;22;9;2020;22:06;5;75;75119;2;1;1;3;PORTE DE PANTIN;48,8900690;2,3962740
38330;202000042584;27;7;2020;23:15;3;04;04122;1;1;1;7;RN 85;44,0435740;6,0637400
38331;202000042585;27;7;2020;12:40;1;85;85022;1;1;1;6;D91;46,4522700; -1,4600500
38332;202000042586;6;1;2020;08:25;1;93;93055;2;1;1;-1;JEAN LOLIVE (AVENUE)(75/105.88/106);48,8919600;2,4074900
38333;202000042587;22;9;2020;15:45;1;75;75120;2;1;1;5;PORTE DE BAGNOLET;48,8669420;2,4132200
38334;202000042588;23;9;2020;00:30;5;75;75106;2;1;1;6;RUE VISCONTI;48,8557160;2,3362990
38335;202000042589;27;7;2020;18:35;1;85;85190;1;1;1;5;La Sauvinière;46,9477350; -1,4874570
38336;202000042591;28;7;2020;14:30;1;88;88304;2;9;1;6;32 Rue de l'Abbe Germini;48,3036370;6,1342570
38337;202000042593;6;1;2020;16:30;1;93;93048;2;1;1;3;BD ARISTIDE BRIAND;48,8784864;2,4577063
38338;202000042594;5;1;2020;02:39;5;93;93063;2;3;1;3;R FLOREAL / R DE NOISY LE SEC;48,8781800;2,4271400
38339;202000042596;23;9;2020;18:20;1;75;75119;2;7;2;3;PLACE AUGUSTE BARON;48,9009250;2,3889280
38340;202000042597;6;1;2020;09:50;1;93;93010;2;1;1;6;ZOLA (RUE EMILE);48,9109367;2,4909161
38341;202000042598;26;7;2020;21:30;5;973;97309;2;4;1;6;5 Route des Plages;4,9120760; -52,2723990
38342;202000042599;23;9;2020;16:45;1;75;75119;2;2;1;3;BOULEVARD MACDONALD;48,8987050;2,3711630
38343;202000042601;27;7;2020;16:00;1;72;72080;1;1;1;7;Autoroute A11- PK 131+200;48,1473000;0,6824000
38344;202000042602;23;9;2020;12:05;1;75;75119;2;3;1;6;RUE REBEVAL;48,8741900;2,3774180
38345;202000042603;27;7;2020;11:15;1;974;97420;2;1;1;6;Rue des Artisans; -20,9307390;55,6374590
38346;202000042604;6;1;2020;13:45;1;93;93005;2;2;1;1;ANATOLE FRANCE (AVENUE);48,9374773;2,4946786
38347;202000042605;23;9;2020;07:50;1;75;75119;2;3;1;3;AVENUE JEAN JAURES;48,8845440;2,3769120
38348;202000042606;6;1;2020;15:35;1;92;92078;2;1;1;7;CLAUDE DEBUSSY (RUE);48,9303050;2,3307530
38349;202000042607;26;7;2020;17:05;1;971;97104;2;1;1;-1;Chemin des Pyrenees;16,0304650; -61,7429280
38350;202000042608;23;9;2020;01:00;5;75;75118;2;7;1;3;BOULEVARD BARBES;48,8915620;2,3495970
38351;202000042610;22;9;2020;14:50;1;75;75116;2;3;1;3;RUE RAYNOUARD;48,8540410;2,2779020
38352;202000042611;23;9;2020;17:45;1;75;75115;2;1;2;3;AVENUE DU MAINE;48,8440000;2,3202910
38353;202000042612;23;9;2020;18:45;2;75;75114;2;1;2;6;AVENUE RENE COTY;48,8304680;2,3339720
38354;202000042613;28;7;2020;11:20;1;26;26041;1;1;1;5;Aurotroute du Soleil ;45,2087904;4,8701080
38355;202000042615;27;7;2020;09:50;1;25;25043;1;1;1;1;1 Rue de Chataillon;47,4893110;6,7767190
38356;202000042617;2;1;2020;18:33;5;92;92063;2;2;1;3;COLMAR (AVENUE DE);48,8871800;2,1795400
38357;202000042618;28;7;2020;10:30;1;73;73116;1;1;1;7;Rue des Chasseurs Alpins;45,2567370;6,2717370
38358;202000042619;6;1;2020;10:30;1;92;92062;2;1;1;6;GODEFROY (RUE) DU 1 AU 17;48,8809700;2,2427291
38359;202000042620;22;9;2020;04:00;5;75;75114;2;2;1;4;BOULEVARD ADOLPHE PINARD;48,8223780;2,3142480
38360;202000042621;27;7;2020;11:45;1;38;38565;1;1;1;6;Route de Voiron;45,3129200;5,6223100
38361;202000042623;27;7;2020;16:15;1;26;26064;1;6;1;6;D538;44,8922240;5,0166430
38362;202000042624;23;9;2020;22:25;5;75;75112;2;4;3;6;AVENUE DE SAINT MAURICE;48,8275650;2,4193860
38363;202000042625;6;1;2020;11:40;1;92;92012;2;2;1;3;ANDRE MORIZET (AVENUE) - 49/FIN - 54/FIN;48,8390300;2,2320100
38364;202000042626;23;9;2020;15:15;1;75;75112;2;1;3;1;RUE DE REUILLY;48,8425360;2,3923040
38365;202000042627;23;9;2020;14:40;1;75;75112;2;3;3;6;AVENUE DAUMESNIL;48,8402900;2,3927610
38366;202000042628;28;7;2020;09:15;1;69;69095;1;1;1;5;Route de Chazelles sur Lyon;45,6539420;4,4139830
38367;202000042629;28;7;2020;14:15;1;81;81104;1;1;1;1;A68;43,7906140;1,7466970
38368;202000042630;23;9;2020;00:35;5;75;75112;2;2;1;3;COURS DE VINCENNES;48,8471630;2,4062420
38369;202000042631;28;7;2020;14:15;1;85;85222;1;2;1;3;Rue du Pont Jaunay;46,6746370; -1,9139280
38370;202000042632;22;9;2020;17:10;1;75;75112;2;1;1;7;BOULEVARD DIDEROT;48,8463360;2,3780790
38371;202000042633;28;7;2020;09:30;1;22;22054;1;3;1;3;D34;48,6144310; -2,4706550
38372;202000042634;28;7;2020;19:20;1;76;76718;1;1;7;7;D6015;49,6165220;0,7126310
38373;202000042635;28;7;2020;14:45;1;80;80185;1;4;1;1;D186 / D5186 champien;49,6930810;2,8508770
38374;202000042636;3;1;2020;09:35;1;92;92012;2;1;1;3;GENERAL LECLERC (AVENUE DU) 1/33 - 2/58;48,8320472;2,2385466
38375;202000042637;28;7;2020;09:20;1;59;59237;2;1;7;6;Route Nationale;50,7536990;2,6462080
38376;202000042639;6;1;2020;16:45;5;67;67445;2;1;5;5;24 Rue de Selestat;48,2827240;7,4276290
38377;202000042640;23;9;2020;18:00;1;75;75111;2;1;2;4;BOULEVARD DE CHARONNE;48,8546810;2,3956180
38378;202000042641;6;1;2020;11:45;1;19;19031;1;1;1;2;A20;45,1506510;1,4844450
38379;202000042642;23;9;2020;14:10;1;75;75111;2;2;8;3;RUE OBERKAMPF;48,8650260;2,3746730
38380;202000042643;23;9;2020;11:40;1;75;75110;2;1;1;3;RUE LA FAYETTE;48,8800600;2,3598890
38381;202000042644;23;9;2020;16:30;1;75;75108;2;1;1;6;BOULEVARD DES BATIGNOLLES;48,8813310;2,3173040
38382;202000042645;23;9;2020;16:40;1;75;75104;2;3;2;6;RUE SAINT ANTOINE;48,8533630;2,3675940
38383;202000042646;27;7;2020;14:38;1;57;57757;1;1;1;5;Autoroute A31;49,3363000;6,1855000
38384;202000042647;7;1;2020;09:10;1;62;62649;1;1;1;6;La Briqueterie d'Hénu;50,1540960;2,5142300
38385;202000042649;5;1;2020;16:50;2;2A;2A104;1;9;1;5;route territoriale 40;41,9108750;8,8557970
38386;202000042650;23;9;2020;10:45;1;94;94078;2;6;1;6;PARIS (R DE);48,7296380;2,4468540
38387;202000042651;23;9;2020;16:00;1;94;94015;2;1;1;3;GENERAL GALLIENI (BD DU);48,8450000;2,5270000
38388;202000042652;5;1;2020;11:40;1;80;80192;1;1;1;7;Rue d'Etinehem;49,9157060;2,6591920
38389;202000042653;22;9;2020;09:35;1;94;94046;2;1;1;3;PROFESSEUR CADIOT (AV DU);48,8055600;2,4315300
38390;202000042655;5;1;2020;06:10;5;61;61015;2;1;1;7;D8;48,6109670;0,2324960
38391;202000042656;23;9;2020;11:45;1;94;94081;2;4;1;6;GABRIEL PERI (R);48,8013200;2,3986100
38392;202000042657;27;7;2020;08:30;1;33;33550;1;1;1;6;AUTOROUTE A 62;44,7721400; -0,5553800
38393;202000042658;27;7;2020;09:15;1;91;91345;1;1;1;4;AUTOROUTE A6;48,6894000;2,3243000
38394;202000042659;27;7;2020;04:50;3;78;78133;1;1;1;6;A13;48,8934520;2,0082300
38395;202000042660;27;7;2020;14:51;1;93;93053;1;1;1;3;AUTOROUTE A3;48,8821388;2,4551985
38396;202000042661;23;9;2020;21:22;5;94;94073;2;1;2;7;LUXEMBOURG (AV DU);48,7585300;2,3727220
38397;202000042662;6;1;2020;04:45;3;55;55458;1;1;5;2;D603;49,1653830;5,7406070
38398;202000042663;23;9;2020;07:45;1;94;94018;2;3;1;6;L'EGLISE (PL DE);48,8210000;2,4150000
38399;202000042664;27;7;2020;18:35;1;77;77294;1;1;1;3;A104;48,9643800;2,6106200
38400;202000042665;6;1;2020;07:35;3;49;49377;1;1;1;1;Rives-du-Loir-en-Anjou;47,5413430; -0,4356350
38401;202000042666;23;9;2020;11:50;1;93;93005;2;7;1;6;PLACE DU GENERAL DE GAULLE;48,9316771;2,4937087
38402;202000042667;7;1;2020;18:05;5;22;22212;2;1;1;6;Rue de la Forge;48,6750120; -3,1903560
38403;202000042668;4;1;2020;11:00;1;44;44131;1;3;1;3;Rue Jules Ferry;47,1211220; -2,0945640
38404;202000042669;22;9;2020;18:30;1;93;93070;2;1;1;3;R LAFONTAINE;48,9014800;2,3277100
38405;202000042670;10;8;2020;16:00;1;93;93064;2;1;1;6;BD ALSACE-LORRAINE;48,8851700;2,4804000
38406;202000042671;23;9;2020;18:30;1;93;93051;2;1;2;3;CHARLES PRANARD;48,8484693;2,5745121
38407;202000042672;23;9;2020;17:46;1;93;93049;2;1;2;6;CAHOUETTES (RUE);48,8641703;2,5084865
38408;202000042673;27;7;2020;16:15;1;77;77373;1;1;1;2;RN104;48,7620600;2,6159900
38409;202000042674;7;1;2020;11:55;1;03;03321;1;3;2;2;D779;46,5795088;3,3934106
38410;202000042675;27;7;2020;13:00;1;94;94017;1;1;1;7;A4;48,8302009;2,4957670
38411;202000042676;27;7;2020;06:45;1;988;98818;2;1;1;1;PROMENADE PIERRE VERNIER; -22,2927000;166,4592700
38412;202000042677;26;7;2020;20:00;1;69;69199;2;3;1;2;YVES FARGE                          (BD);45,6918300;4,8607900
38413;202000042678;26;7;2020;11:45;1;69;69259;2;3;1;6;LUDOVIC BONIN                       (R );45,7274000;4,8538000
38414;202000042679;26;7;2020;00:15;5;972;97209;2;1;1;1;BISHOP (Avenue Maurice);14,6030900; -61,0635900
38415;202000042680;25;7;2020;01:05;3;972;97209;2;9;1;2;RD 41 (ROCADE);14,6168300; -61,0732800
38416;202000042681;6;1;2020;23:30;5;54;54157;2;1;1;6;RD657;48,8379660;6,0730510
38417;202000042682;26;7;2020;04:25;5;69;69389;2;1;1;6;ARLOING                             (QU);45,7722100;4,8109300
38418;202000042683;7;1;2020;03:05;3;60;60072;1;1;1;6;D81;49,4114999;3,0880069
38419;202000042684;25;7;2020;11:30;1;2B;2B033;1;6;1;3;IMPERIALE - ROUTE;42,6385200;9,4359400
38420;202000042685;7;1;2020;07:40;2;60;60556;1;1;8;7;C9 - Royaucourt;49,6127676;2,5325901
38421;202000042686;25;7;2020;20:45;5;971;97120;2;1;1;1;MARTIN LUTHER KING;16,2463700; -61,5355000
38422;202000042687;26;7;2020;05:05;5;91;91549;2;1;2;7;PIERRE SEMARD (RUE);48,6480710;2,3138800
38423;202000042688;23;9;2020;07:45;1;93;93074;2;1;1;1;LATTRE DE TASSIGNY AVENUE DU MARECHAL DE;48,9603584;2,5431626
38424;202000042689;6;1;2020;15:00;1;64;64029;1;1;1;7;D919;43,1267280; -0,7197350
38425;202000042690;23;9;2020;18:15;2;93;93029;2;1;1;3;JEAN JAURES (AVENUE);48,9218912;2,4468237
38426;202000042691;23;9;2020;07:50;3;93;93027;2;1;1;6;R DE LA CONVENTION;48,9273810;2,3922580
38427;202000042692;5;1;2020;14:50;1;24;24355;1;1;1;1;D703;44,8130530;1,2112050
38428;202000042694;23;9;2020;02:00;3;93;93010;2;2;1;3;GALLIENI (AV.) CONFORAMA 53;48,9057189;2,4802694
38429;202000042695;6;1;2020;07:15;3;33;33284;1;1;8;5;A63;44,6473100; -0,8374200
38430;202000042696;23;9;2020;03:10;5;93;93007;2;1;1;6;"""PAUL VAILLANT COUTURIER (AVENUE """"DU 01";48,9291300;2,4791600
38431;202000042697;26;7;2020;02:15;3;79;79259;1;1;1;7;Route de Bressuire;46,9632514; -0,2099144
38432;202000042698;26;7;2020;08:35;1;77;77118;1;1;8;1;ROUTE NATIONALE 3;48,9469400;2,7187300
38433;202000042699;23;9;2020;12:00;1;92;92033;2;1;1;1;BUZENVAL;48,8526643;2,2027427
38434;202000042700;7;1;2020;09:50;1;17;17091;1;1;2;1;D9;46,3127620; -1,0831860
38435;202000042701;26;7;2020;17:20;1;77;77186;1;2;1;3;RD148 carrefour DIANE à SORQUES;48,3765700;2,7395800
38436;202000042702;29;8;2020;19:57;1;92;92062;2;1;2;2;PUTEAUX (PONT DE);48,8764571;2,2455871
38437;202000042703;26;7;2020;23:15;5;69;69275;2;1;1;6;FRANCISCO FERRER                    (R );45,7739900;4,9764100
38438;202000042704;26;7;2020;20:55;1;64;64024;2;3;1;3;BIARRITZ (AVENUE DE);43,4801000; -1,5212000
38439;202000042707;7;1;2020;12:35;1;13;13051;1;1;1;6;A7;43,6168110;5,1398650
38440;202000042708;26;7;2020;13:15;1;64;64024;2;3;1;-1;BARRE (PROMENADE DE LA);43,5082200; -1,5223400
38441;202000042709;7;1;2020;12:30;1;13;13051;1;1;1;2;Autoroute A7, pk 242+050, sens sud/nord;43,5887630;5,1950330
38442;202000042710;25;7;2020;12:20;1;64;64102;2;1;1;3;PLATANES (AVENUE DES);43,4878800; -1,4741300
38443;202000042711;7;1;2020;18:05;1;973;97311;2;1;1;6;Avenue Paul Castaing;5,4745020; -54,0331460
38444;202000042712;26;7;2020;03:15;3;60;60175;1;1;3;1;RD 201_SORTIE RD 200 ACCES RD 201_PONT D;49,2505300;2,4577400
38445;202000042713;18;9;2020;22:15;5;92;92050;2;1;1;7;REPUBLIQUE AVENUE DE LA;48,9101618;2,2188663
38446;202000042714;25;7;2020;20:13;1;59;59599;2;1;2;6;PAPIN (CHAUSSEE DENIS);50,7350364;3,1462273
38447;202000042715;5;1;2020;08:17;4;05;05073;2;1;1;7;D942;44,3200450;5,8280690
38448;202000042716;28;7;2020;11:30;1;38;38185;2;1;1;-1;Boulevard Maréchal Lyautey;45,1856300;5,7307400
38449;202000042717;26;7;2020;14:23;1;37;37261;2;1;1;6;COMTE (RUE AUGUSTE);47,3875461;0,6917044
38450;202000042718;26;7;2020;14:45;1;35;35238;2;2;1;3;MITTERAND (MAIL FRANCOIS);48,1085600; -1,6929300
38451;202000042719;25;7;2020;13:50;1;29;29051;2;6;3;7;Rond Point du Rouillen;47,9937700; -4,0672300
38452;202000042720;22;9;2020;09:40;1;92;92026;2;1;1;3;BOULEVARD CIRCULAIRE;48,8880941;2,2513765
38453;202000042721;6;1;2020;07:39;3;57;57251;1;1;5;6;Route de pagny;48,9820590;6,2164590
38454;202000042722;6;1;2020;21:12;1;38;38340;2;1;1;6;Avenue de la Gare;45,4516000;4,7684810
38455;202000042724;6;1;2020;17:15;2;38;38412;1;1;1;7;Route de Miribel;45,4048500;5,7197900
38456;202000042725;23;7;2020;16:51;1;18;18267;2;1;1;3;CHATEAUNEUF (ROUTE DE);47,0589860;2,3772063
38457;202000042726;26;7;2020;22:15;2;17;17300;2;1;1;6;HERAULT DE SECHELLES   RUE;46,1530400; -1,1229800
38458;202000042729;26;7;2020;19:35;1;13;13208;2;6;1;3;pointe rouge (ave);43,2464800;5,3737800
38459;202000042730;6;1;2020;18:45;3;69;69037;1;1;8;3;D385;46,0302155;4,4972191
38460;202000042731;26;7;2020;07:50;1;13;13005;2;9;1;7;RN 8;43,2837900;5,5946900
38461;202000042732;6;1;2020;17:30;2;17;17421;2;3;1;1;Voie des Pinsons;45,6797810; -0,9313350
38462;202000042733;25;7;2020;10:50;1;11;11069;2;6;1;3;ROCADE OUEST;43,2030470;2,3142210
38463;202000042734;6;1;2020;13:30;1;49;49260;1;1;8;7;Lieu Dit la Lisiere;47,0459760; -1,0356790
38464;202000042735;23;9;2020;20:00;5;92;92026;2;1;2;6;LOUIS BLANC ( RUE );48,8918973;2,2529136
38465;202000042736;26;7;2020;20:15;2;06;06088;2;1;1;5;MONT-BORON (BD DU) (A PARTIR DU 66-73);43,6988710;7,2951950
38466;202000042737;23;9;2020;18:05;1;92;92026;2;1;2;3;PAIX;48,9024637;2,2656117
38467;202000042738;23;9;2020;19:50;5;92;92025;2;1;2;6;CHARLES DE GAULLE (BD);48,9096260;2,2358170
38468;202000042739;25;7;2020;02:55;5;75;75120;2;4;1;3;BOULEVARD PERIPHERIQUE;48,8614660;2,4139460
38469;202000042740;6;1;2020;17:45;5;50;50230;1;1;2;1;La Longue Chasse;49,5902900; -1,6363930
38470;202000042741;23;9;2020;09:39;1;92;92025;2;3;1;3;STALINGRAD (AV DE);48,9282926;2,2702606
38471;202000042742;26;7;2020;00:30;5;75;75105;2;3;2;3;BOULEVARD DE L HOPITAL;48,8418470;2,3631780
38472;202000042743;7;1;2020;18:00;3;59;59638;1;1;1;1;D93;50,5786996;3,2713486
38473;202000042744;26;7;2020;16:00;1;75;75117;2;3;1;3;AVENUE DE SAINT OUEN;48,8916080;2,3269636
38474;202000042745;6;1;2020;09:13;1;13;13071;1;1;1;3;A7-Sens Marseille vers Lyon;43,4067711;5,2909905
38475;202000042746;23;9;2020;15:50;1;971;97109;1;1;1;4;Grand Camp;16,0016135; -61,6973186
38476;202000042747;26;7;2020;11:40;1;75;75117;2;5;1;3;RUE DE PRONY;48,8839710;2,3002960
38477;202000042748;24;9;2020;08:45;1;69;69100;2;1;2;3;13 rue du stade;45,6901490;4,8233330
38478;202000042749;6;1;2020;08:45;1;13;13005;1;1;1;2;A50-Sens Aubagne vers Marseille;43,2855600;5,5276400
38479;202000042750;26;7;2020;00:55;5;75;75116;2;2;3;6;ROUTE DE SURESNES;48,8634710;2,2393690
38480;202000042751;23;9;2020;02:30;3;57;57055;1;1;1;6;D71;49,0642150;6,3902400