;Num_Acc;jour;mois;an;hrmn;lum;dep;com;agg;int;atm;col;adr;lat;long
38481;202000042752;6;1;2020;09:05;1;13;13005;1;1;1;3;A502-Sens Aubagne vers Toulon par R.N.;43,2837600;5,5878510
38482;202000042753;23;7;2020;11:30;1;75;75116;2;1;1;6;ROUTE DE LA MUETTE A NEUILLY;48,8796710;2,2588160
38483;202000042754;26;7;2020;20:05;2;75;75112;2;1;1;6;AVENUE DE NOGENT;48,8443590;2,4414660
38484;202000042755;24;9;2020;12:00;1;76;76400;2;3;7;5;RUE GÉNÉRAL DE GAULLE;49,8209340;0,9112970
38485;202000042756;5;1;2020;20:20;3;93;93064;1;1;1;4;AUTOROUTE A86;48,8792500;2,4760400
38486;202000042757;25;7;2020;20:55;5;75;75109;2;3;1;6;RUE DE CLICHY;48,8812940;2,3284610
38487;202000042758;5;1;2020;11:45;1;93;93064;1;1;1;3;AUTOROUTE A3;48,8850200;2,4716900
38488;202000042759;24;9;2020;15:35;1;79;79109;1;1;2;1;;46,3885040; -0,4265360
38489;202000042760;26;7;2020;22:15;3;75;75108;2;7;1;2;PLACE DE LA CONCORDE;48,8652190;2,3218820
38490;202000042761;22;9;2020;12:00;1;80;80639;1;1;1;3;RN25;49,9587990;2,3118930
38491;202000042762;24;9;2020;08:50;1;63;63352;2;2;1;3;56 Route de Brioude;45,4550210;3,2396530
38492;202000042763;26;7;2020;16:43;1;75;75107;2;3;1;2;QUAI BRANLY;48,8605480;2,2956180
38493;202000042764;23;9;2020;18:45;1;49;49378;1;3;2;3;Intersection D347 et rue de la Russie;47,3336130; -0,0633510
38494;202000042765;26;7;2020;00:35;5;75;75107;2;3;3;3;PONT DE L ALMA;48,8628780;2,3017010
38495;202000042766;23;9;2020;10:00;1;46;46176;2;1;2;6;D653;44,6481890;1,8462880
38496;202000042767;26;7;2020;16:00;1;75;75104;2;3;1;6;RUE SAINT ANTOINE;48,8550590;2,3616880
38497;202000042768;4;1;2020;21:30;5;93;93066;1;1;1;5;AUTOROUTE A1;48,9227300;2,3572800
38498;202000042769;25;7;2020;00:20;5;75;75102;2;2;8;3;RUE DE TURBIGO;48,8644210;2,3515180
38499;202000042770;21;9;2020;20:45;3;47;47313;1;1;2;7;Plaisir;44,5133850;0,4263000
38500;202000042771;6;1;2020;05:50;1;988;98818;2;9;1;3;VE1/JACQUES IEKAWE; -22,2253700;166,4808300
38501;202000042772;26;7;2020;15:20;1;94;94074;2;2;1;3;PARMENTIER (R);48,7650200;2,4455800
38502;202000042773;23;9;2020;18:50;2;68;68082;2;9;1;3;Rue de Pulversheim;47,8591740;7,3410400
38503;202000042774;26;7;2020;15:42;1;94;94073;2;1;1;2;FONTAINEBLEAU - CAR BELLE EPINE (AV DE);48,7585860;2,3688380
38504;202000042775;24;9;2020;14:00;1;29;29191;1;1;2;6;Lezoen;48,5390320; -3,7098269
38505;202000042776;26;7;2020;04:23;5;94;94028;2;1;2;6;HALPERN.(AVENUE BERNARD);48,7904990;2,4495050
38506;202000042777;23;9;2020;13:55;1;29;29117;1;1;1;6;Lieu-dit Milin Al Len;48,5620850; -4,5206860
38507;202000042778;25;7;2020;20:15;1;93;93078;2;6;1;7;AV DE LA GARE;48,9454500;2,5665800
38508;202000042779;24;9;2020;10:35;1;38;38561;1;1;1;6;Route de Montfalcon;45,2848200;5,1938560
38509;202000042780;5;1;2020;19:05;5;69;69383;2;3;1;3;ABONDANCE (DE L')                   (R );45,7536600;4,8531200
38510;202000042782;5;1;2020;05:20;5;69;69387;2;2;1;-1;BERTHELOT                           (AV);45,7451600;4,8419400
38511;202000042783;24;9;2020;12:30;1;70;70267;1;1;2;1;D54;47,8000340;5,9450160
38512;202000042784;5;1;2020;19:30;5;69;69389;2;1;1;3;PIERRE AUDRY                        (R );45,7620299;4,8084379
38513;202000042785;26;7;2020;02:25;5;93;93001;2;1;2;1;REPUBLIQUE (AVE DE LA ) => NO 41/50;48,9104047;2,3854340
38514;202000042786;5;1;2020;13:00;1;2A;2A004;2;9;1;7;MARECHAL JUIN AVENUE;41,9402200;8,7530700
38515;202000042787;25;7;2020;16:15;1;92;92064;2;2;1;2;PLACE CLEMENCEAU;48,8415185;2,2215919
38516;202000042788;8;2;2020;16:15;1;13;13051;1;1;1;6;D19;43,5824990;5,1955960
38517;202000042789;23;9;2020;23:45;4;14;14229;2;6;8;6;15 Grande Rue;49,2338140; -0,0383310
38518;202000042791;4;1;2020;19:41;5;2A;2A004;2;1;1;3;SAMPIERO BD;41,9243116;8,7390435
38519;202000042792;8;2;2020;19:15;5;78;78043;2;1;2;6;18 Rue de Maule;48,8410900;2,0759390
38520;202000042793;26;7;2020;18:45;1;73;73330;2;1;1;3;D921- Ameysins;45,6938394;5,7555918
38521;202000042795;26;7;2020;23:25;3;95;95480;2;1;1;7;Rue de la Cavee de Neuville;49,1326370;2,2022710
38522;202000042796;25;7;2020;15:50;1;88;88120;1;1;1;3;D23;48,2103820;7,0409600
38523;202000042797;8;2;2020;05:30;3;30;30169;1;1;1;4;A9;43,8011460;4,3128200
38524;202000042798;4;1;2020;23:50;5;91;91326;2;1;1;6;GAULOIS (RUE DES);48,6888090;2,3804940
38525;202000042799;24;9;2020;04:30;5;90;90053;2;3;1;-1;Rue General Leclerc;47,5385360;6,9716840
38526;202000042800;25;7;2020;20:05;1;14;14096;1;1;2;6;D165;48,9968102; -0,8095223
38527;202000042801;7;2;2020;16:25;1;30;30344;1;1;1;7;A9;43,7489010;4,2368600
38528;202000042802;23;9;2020;18:05;1;90;90065;1;1;1;7;Route du Ballon d'Alsace;47,7993620;6,8394400
38529;202000042803;25;7;2020;11:35;1;68;68156;1;1;1;2;D83;47,8842480;7,2538950
38530;202000042804;5;1;2020;01:45;1;86;86194;2;1;1;7;Rue de la Roche;46,5877600;0,3303600
38531;202000042805;7;2;2020;05:30;3;69;69077;1;1;5;-1;A6;46,1446701;4,7691424
38532;202000042806;1;9;2020;14:00;1;45;45175;2;1;1;7;Rue de Chevenelles;47,7526260;1,8218850
38533;202000042807;26;7;2020;05:30;2;72;72187;1;1;1;6;D284;47,7966670;0,3435370
38534;202000042808;5;1;2020;17:30;1;83;83137;2;2;1;3;NARDI (AVE FRANCOIS);43,1161000;5,9607100
38535;202000042809;24;9;2020;17:30;1;18;18097;1;1;2;1;Lieu Dit Detry;47,1491770;2,4367330
38536;202000042810;6;2;2020;18:45;3;13;13112;1;1;1;4;870 Ancien Chemin de la Degaye;43,5196450;5,2277330
38537;202000042811;8;2;2020;02:45;5;976;97608;2;1;1;7;Route Nationale 4; -12,7855990;45,2606250
38538;202000042812;21;9;2020;15:55;1;43;43213;1;1;8;7;D451;45,2558498;4,2879295
38539;202000042813;26;7;2020;20:00;1;85;85064;1;1;1;1;Sainte-Anne;46,8250000; -1,1951300
38540;202000042814;5;1;2020;18:00;4;69;69290;2;2;1;3;PORTE DES ALPES (DE LA) - BD URBAIN (BD);45,7149900;4,9255100
38541;202000042815;27;7;2020;20:20;1;83;83057;1;1;1;6;D13;43,3872320;6,2125580
38542;202000042816;23;9;2020;14:15;1;21;21349;1;3;7;3;D15;47,2069750;4,2689770
38543;202000042817;7;2;2020;23:30;5;973;97311;2;3;1;3;Avenue Hector Rivierez;5,4993670; -54,0311160
38544;202000042818;5;1;2020;12:50;1;45;45284;2;1;1;6;RUE PIERRE LOUGUET;47,9083000;1,9412900
38545;202000042819;24;7;2020;19:00;1;57;57579;1;1;1;6;Parc Animalier de Sainte-Croix (Zoo);48,7724540;6,8927620
38546;202000042820;23;9;2020;14:25;1;28;28304;1;1;1;2;N154;48,2833050;1,7278170
38547;202000042821;7;2;2020;16:30;1;977;97701;2;9;1;3;grand cul de sac;17,9049970; -62,8016920
38548;202000042822;5;1;2020;09:11;1;38;38169;2;1;1;2;BOULEVARD JOLIOT-CURIE;45,1978100;5,6930600
38549;202000042823;23;9;2020;17:00;1;37;37061;1;1;2;6;;46,8781767;0,9530598
38550;202000042824;27;7;2020;08:30;1;19;19164;2;7;7;6;5 Place de la Fontaine;45,7040014;2,0535054
38551;202000042825;7;2;2020;18:45;3;41;41085;1;1;1;6;Route de Chambord;47,6492870;1,6629480
38552;202000042826;4;1;2020;19:40;4;37;37214;2;1;1;7;GAGNERIE (RUE DE LA);47,4270589;0,6442739
38553;202000042827;5;1;2020;14:00;1;34;34172;2;1;1;7;DOMITIENNE (VOIE);43,6226800;3,8605300
38554;202000042828;24;9;2020;10:45;1;37;37132;1;1;1;1;;47,0931776;0,9546757
38555;202000042829;24;7;2020;10:30;1;59;59433;1;1;1;-1;4 Route de Bergues;50,7978250;2,2828820
38556;202000042830;7;2;2020;17:40;1;77;77388;2;1;1;3;54 Rue du 8 Mai 1945 - D402;48,9606720;3,1456920
38557;202000042831;26;7;2020;04:00;3;67;67019;1;1;2;6;D209;48,2502160;7,5237300
38558;202000042833;24;9;2020;07:45;1;30;30249;1;1;1;1;route départementale  40;43,8029120;4,2178490
38559;202000042834;26;1;2020;08:20;1;33;33039;2;3;2;4;BD ALBERT 1ER / RUE MARC SANGNIER;44,8132900; -0,5555100
38560;202000042835;27;7;2020;11:40;1;65;65200;1;1;1;7;Chemin des Ardoisières;43,0485380;0,0635580
38561;202000042836;23;9;2020;16:45;1;38;38172;1;1;1;1;Voie Gallo-romaine;45,5981180;5,1858420
38562;202000042837;3;2;2020;15:45;1;34;34145;2;2;1;-1;207 Avenue du General de Gaulle;43,6771410;4,1406440
38563;202000042838;26;7;2020;20:15;1;32;32319;1;1;7;6;Rue de l'Adour;43,6015350;0,0333340
38564;202000042839;5;1;2020;18:38;5;13;13203;2;1;1;3;FORBIN (RUE DE);43,3063140;5,3725620
38565;202000042840;5;1;2020;03:50;5;13;13001;2;1;1;7;BRIAND ARISTIDE (BD);43,5324410;5,4500400
38566;202000042842;21;7;2020;16:30;1;63;63414;1;1;1;6;Sauviat;45,7167694;3,5818455
38567;202000042843;5;1;2020;18:00;5;06;06029;2;1;1;3;MAUBERT (RONT POINT GAL);43,5513200;7,0298800
38568;202000042844;7;2;2020;21:00;3;57;57082;1;1;1;2;D24;49,0584650;6,7943840
38569;202000042846;26;7;2020;22:30;3;63;63261;1;1;1;1;D9;45,5632940;3,2852150
38570;202000042847;23;9;2020;17:37;1;57;57468;1;1;1;2;"RN4 - PR 31+800 - sens ""SARREBOURG-PHALSBOURG""";48,7649450;7,2243260
38571;202000042848;7;2;2020;20:15;3;38;38341;1;1;1;1;Route de Laval;45,5818200;5,4331200
38572;202000042849;5;1;2020;14:05;1;75;75115;2;1;8;3;RUE DE VAUGIRARD;48,8440720;2,3163680
38573;202000042850;26;7;2020;17:25;1;63;63132;1;1;1;6;D225;45,6248200;3,5554220
38574;202000042851;24;9;2020;10:15;1;06;06088;1;1;1;3;A8 PK 198+600 SUD;43,7316250;7,2686600
38575;202000042852;6;2;2020;18:30;2;26;26347;2;1;1;6;12 Avenue du President Roosevelt;45,0684980;4,8443280
38576;202000042854;5;1;2020;17:50;5;75;75120;2;2;1;3;RUE DE BAGNOLET;48,8575840;2,3993270
38577;202000042855;23;9;2020;20:04;1;91;91111;1;1;8;-1;A10;48,6190380;2,1298890
38578;202000042856;26;7;2020;00:30;3;49;49331;1;3;2;3;RN 162;47,7227250; -0,7089600
38579;202000042857;8;2;2020;16:40;1;26;26084;1;1;1;5;D143;44,9873850;4,9471090
38580;202000042858;5;1;2020;18:30;5;75;75118;2;2;1;3;BOULEVARD BARBES;48,8894958;2,3495947
38581;202000042859;27;7;2020;15:40;1;42;42298;1;1;1;7;Epinasse Nord;45,6808010;3,9050170
38582;202000042860;19;9;2020;10:25;1;988;98817;1;3;1;6;LA CORNICHE DU MONT DORE; -22,2759620;166,6224400
38583;202000042861;27;7;2020;03:00;3;42;42023;1;1;1;6;D1082;45,3079910;4,5395420
38584;202000042862;5;1;2020;00:45;5;75;75118;2;2;1;2;RUE RIQUET;48,8896940;2,3681280
38585;202000042863;30;1;2020;18:15;5;69;69067;2;8;2;3;La Giraudière;45,7505910;4,5499810
38586;202000042864;24;7;2020;10:00;1;46;46239;1;1;1;3;D43;44,8645160;1,4365160
38587;202000042865;8;2;2020;13:00;1;46;46102;1;1;1;1;D840;44,6074880;2,0510150
38588;202000042866;3;1;2020;13:35;1;75;75118;2;2;1;3;RUE ORDENER;48,8915640;2,3495990
38589;202000042867;27;7;2020;13:05;1;47;47320;1;1;7;1;D108;44,2957840;0,2140620
38590;202000042869;7;2;2020;17:55;1;17;17452;2;1;1;6;Zac des Brégaudières (Zone commerciale);45,7591030; -1,1269350
38591;202000042870;26;7;2020;17:00;1;44;44064;1;1;1;6;RD59;47,1024709; -1,3115112
38592;202000042871;5;1;2020;19:04;5;75;75117;2;3;1;3;AVENUE DE CLICHY;48,8905900;2,3201860
38593;202000042873;24;9;2020;11:40;1;77;77099;1;3;1;3;D207;48,1591580;2,7095560
38594;202000042874;25;7;2020;14:25;1;29;29008;1;1;2;1;Lieu Dit Kerbalannec;48,0756850; -4,4491620
38595;202000042876;26;7;2020;19:35;2;38;38175;2;1;1;2;Boulevard de la Republique;45,2705800;5,9221530
38596;202000042877;5;1;2020;10:20;1;75;75116;2;1;8;3;AVENUE FOCH;48,8736950;2,2937720
38597;202000042879;26;7;2020;23:00;3;02;02258;1;1;1;6;D83;49,1388770;3,1741050
38598;202000042880;5;1;2020;03:10;5;75;75116;2;1;1;-1;ALLEE DE LONGCHAMP;48,8686420;2,2536620
38599;202000042881;24;9;2020;10:20;1;71;71238;1;1;1;1;D 982;46,2142480;4,0606450
38600;202000042882;24;7;2020;21:45;5;70;70561;2;1;1;6;rue de la colombière;47,5527550;6,4320870
38601;202000042883;5;1;2020;19:15;5;75;75113;2;1;1;3;RUE DE TOLBIAC;48,8294530;2,3747105
38602;202000042884;26;7;2020;19:50;1;50;50044;1;1;1;6;D52;49,0670060; -1,3458040
38603;202000042885;7;2;2020;08:00;1;59;59285;1;1;7;1;D88;50,2727200;3,4320690
38604;202000042886;27;7;2020;14:30;1;16;16064;1;1;1;1;;45,9348370;0,8796840
38605;202000042887;7;2;2020;14:20;1;13;13215;1;1;1;3;A7-Sens Marseille vers Lyon;43,3779000;5,3578000
38606;202000042888;27;7;2020;15:30;1;07;07080;1;1;1;7;RD9;45,0635940;4,3935010
38607;202000042889;25;7;2020;01:55;3;24;24520;2;1;1;6;Pechs Planchou;44,9255230;1,2021020
38608;202000042890;7;2;2020;09:15;1;13;13071;1;1;1;2;A55 - Sens Marseille vers Martigues;43,3758010;5,3190020
38609;202000042891;24;9;2020;08:45;1;74;74222;1;1;8;1;D902;46,3310910;6,5811650
38610;202000042892;26;7;2020;09:40;1;85;85143;1;1;1;7;La Grande Perrure;46,5115200; -0,7405800
38611;202000042893;23;9;2020;19:15;1;22;22093;2;6;1;3;Rue du Bout du Val;48,4729840; -2,5035700
38612;202000042894;23;7;2020;19:30;1;27;27251;1;1;1;2;Route de Serquigny;49,0923705;0,6795796
38613;202000042895;5;1;2020;12:42;1;75;75112;2;2;1;3;BOULEVARD DE LA GUYANE;48,8397820;2,4138970
38614;202000042896;7;2;2020;07:20;2;83;83144;1;1;1;-1;A57;43,1400760;5,9988141
38615;202000042897;22;9;2020;17:15;1;57;57487;1;1;1;3;Autoroute A31;49,0854120;6,1057510
38616;202000042898;21;7;2020;13:11;1;27;27679;1;1;1;3;Route de Francheville;48,7790440;0,8547560
38617;202000042899;5;1;2020;17:05;2;75;75111;2;1;1;6;AVENUE PHILIPPE AUGUSTE;48,8548130;2,3919300
38618;202000042900;6;2;2020;14:46;1;83;83137;1;1;1;4;A57;43,1213200;5,9533100
38619;202000042901;26;7;2020;16:20;1;52;52123;1;1;1;6;Grande Rue (Sommeville);48,5315510;5,1068110
38620;202000042902;4;1;2020;09:10;1;75;75108;2;2;1;3;BOULEVARD MALESHERBES;48,8794310;2,3142820
38621;202000042903;23;9;2020;17:35;1;33;33063;1;1;1;5;ROCADE A 630;44,8833800; -0,5556000
38622;202000042904;23;7;2020;18:00;1;88;88165;1;1;1;7;N59;48,3720930;6,8806260
38623;202000042905;27;7;2020;11:40;1;01;01331;1;1;1;6;A40;46,1053880;5,4469230
38624;202000042906;5;1;2020;02:30;5;75;75101;2;3;1;2;RUE DE RIVOLI;48,8608187;2,3412077
38625;202000042907;23;9;2020;12:25;1;33;33550;1;1;1;4;ROCADE A 630;44,7803800; -0,5777600
38626;202000042908;26;7;2020;17:30;1;95;95604;2;1;1;7;Rue Jean Jaurès;49,0970880;2,5446940
38627;202000042909;22;7;2020;11:50;1;78;78003;1;1;1;6;A11;48,5260840;1,8330220
38628;202000042910;22;9;2020;07:15;3;59;59350;1;1;5;6;ROUTE NATIONALE 356;50,6368870;3,0887350
38629;202000042911;7;2;2020;14:25;1;91;91377;1;1;1;3;RD 444;48,7304000;2,2418300
38630;202000042912;4;1;2020;20:55;5;94;94078;2;1;1;2;PARIS (R DE);48,7522700;2,4451200
38631;202000042914;25;7;2020;02:45;5;971;97116;2;1;1;3;rue martial Luce;16,3120870; -61,4775660
38632;202000042915;4;1;2020;15:00;1;94;94003;1;3;8;1;AUGUSTE DELAUNE (R);48,8011430;2,3367910
38633;202000042916;20;9;2020;03:50;3;59;59554;1;1;1;4;AUTOROUTE A23;50,4505380;3,3389900
38634;202000042917;4;1;2020;03:15;5;94;94076;2;1;1;2;MAXIME GORKI (BD);48,7929600;2,3693500
38635;202000042918;27;7;2020;12:30;1;45;45137;1;1;1;3;D2152-PR 24 + 950;48,1369240;2,2072170
38636;202000042919;5;1;2020;13:20;1;93;93077;2;5;1;5;R DE NEUILLY;48,8788600;2,5162900
38637;202000042920;23;9;2020;06:05;3;78;78402;1;1;1;4;A13;48,9638310;1,7897780
38638;202000042921;26;7;2020;12:38;1;95;95039;2;1;1;7;8 Rue du Général de Gaulle;49,0710430;2,1764160
38639;202000042922;7;2;2020;09:30;1;78;78291;1;1;1;2;A13;48,9704780;1,7341430
38640;202000042923;4;1;2020;12:40;1;93;93027;2;1;1;2;SALENGRO (AVENUE ROGER);48,9363311;2,3878324
38641;202000042924;6;2;2020;08:45;1;78;78362;1;1;1;4;A13;48,9777630;1,7118410
38642;202000042925;7;2;2020;07:00;3;95;95212;1;1;1;6;AUTOROUTE A1;49,0334800;2,5408300
38643;202000042926;4;1;2020;19:26;5;22;22118;2;9;1;3;9 Rue Charles de Gaulle;48,4538476; -2,0251413
38644;202000042927;6;2;2020;19:50;3;93;93027;1;1;1;2;AUTOROUTE A1;48,9372300;2,4106100
38645;202000042928;5;1;2020;16:00;1;63;63302;1;1;7;6;D800;45,7176120;3,1151900
38646;202000042929;6;2;2020;17:00;1;95;95252;1;1;1;3;AUTOROUTE A115;48,9859700;2,2420700
38647;202000042931;6;2;2020;18:30;3;93;93006;1;1;1;3;AUTOROUTE A3;48,8667800;2,4255600
38648;202000042932;6;1;2020;09:15;1;68;68162;2;3;9;7;Rocade Verte;48,1353450;7,2659260
38649;202000042933;5;1;2020;21:15;3;14;14129;1;1;1;1;D674;48,9338140; -0,9189270
38650;202000042935;4;2;2020;05:30;3;95;95394;1;1;1;6;AUTOROUTE A115;49,0523500;2,1847400
38651;202000042936;6;1;2020;12:00;1;62;62610;1;2;1;3;D126;50,4805726;1,7737347
38652;202000042937;7;2;2020;12:45;1;94;94073;1;1;1;2;A86 INT;48,7627000;2,3817000
38653;202000042938;6;1;2020;19:11;3;89;89291;1;1;1;6;D606;48,1186550;3,2908000
38654;202000042939;6;2;2020;08:45;1;988;98818;2;3;1;3;PROMENADE ROGER LAROQUE/RUE LORIOT DE ROUVRAY; -22,2978500;166,4384500
38655;202000042940;5;1;2020;06:30;3;76;76352;1;1;5;6;route de rouen;49,4638800;1,4650400
38656;202000042942;6;1;2020;13:25;1;76;76111;1;1;1;1;N31;49,4628620;1,2527020
38657;202000042944;6;2;2020;06:00;2;974;97409;1;9;1;3;Chemin Agenor; -20,9527930;55,6877200
38658;202000042945;6;1;2020;07:40;1;43;43038;1;1;1;7;RD 17;45,3255680;3,3223430
38659;202000042946;5;2;2020;22:20;5;973;97302;2;1;1;6;FLAMBOYANTS (RUE DES);4,9239781; -52,3189920
38660;202000042947;5;1;2020;18:10;3;25;25371;1;2;1;3;;47,2510130;5,8851030
38661;202000042948;6;2;2020;22:15;5;69;69386;2;1;1;3;MARECHAL DE SAXE                    (R );45,7668000;4,8442000
38662;202000042949;6;1;2020;01:40;3;02;02399;1;1;1;7;D89;49,4514150;3,9014820
38663;202000042950;6;2;2020;19:30;5;69;69199;2;1;1;2;LOUIS AULAGNE                       (QU);45,7031000;4,8455000
38664;202000042951;6;1;2020;06:55;3;15;15202;1;2;1;3;D922;45,1306370;2,4135720
38665;202000042952;6;2;2020;09:50;1;972;97209;2;1;1;7;MORNE SUREY (RUE);14,6435600; -61,0533700
38666;202000042953;6;1;2020;08:00;1;26;26357;1;2;1;3;Chemin de Bomparet;44,2782810;4,9017600
38667;202000042954;6;2;2020;15:15;1;69;69389;2;1;1;7;PROFESSEUR GUERIN (DU)              (R );45,7656000;4,8038000
38668;202000042955;6;1;2020;17:45;5;58;58095;2;1;1;6;105 Avenue de Verdun;46,8285580;3,4777600
38669;202000042956;6;1;2020;07:35;3;14;14138;1;1;1;1;RD15;49,2311312; -1,0015590
38670;202000042957;6;2;2020;07:25;5;69;69202;2;3;1;3;COMMANDANT CHARCOT (DU)             (R );45,7511126;4,8009119
38671;202000042958;6;1;2020;12:05;1;60;60513;2;1;7;3;40 Rue du Havre;49,2042610;2,3772290
38672;202000042959;5;2;2020;20:50;5;69;69382;2;1;1;7;VERDUN RECAMIER                     (VO);45,7491701;4,8295319
38673;202000042960;3;1;2020;12:30;1;64;64509;1;1;1;6;Sauguis-Saint-Étienne;43,1573370; -0,8713340
38674;202000042962;6;1;2020;08:00;2;07;07255;2;1;1;6;avenue Louis Blanchon;44,7513403;4,6892023
38675;202000042963;2;2;2020;19:30;5;971;97101;1;1;1;-1;BESSON;16,2388300; -61,5143800
38676;202000042964;6;1;2020;18:00;3;85;85081;1;1;1;5;Les Gats;46,7706800; -1,3517300
38677;202000042965;4;1;2020;11:40;1;13;13065;1;1;1;6;RD 24, ROUTE D'EYGALIÈRE;43,7303430;4,9056010
38678;202000042966;5;1;2020;21:30;3;28;28303;1;1;1;6;A10;48,1054310;1,8510720
38679;202000042967;5;1;2020;16:00;1;2B;2B182;1;1;1;1;Reginu;42,6057500;9,0040690
38680;202000042969;6;1;2020;11:50;1;30;30258;1;1;1;3;D42;43,7222290;4,4165150
38681;202000042970;5;2;2020;18:03;1;971;97101;2;9;1;3;BOULEVARD DES HEROS;16,2481600; -61,5278100
38682;202000042971;5;2;2020;13:35;1;971;97113;1;1;1;5;RN4 - SECTION RIVIERA;16,2175500; -61,4949800
38683;202000042972;4;2;2020;16:38;1;971;97113;1;1;1;5;SECTION MOREAU;16,2493105; -61,4512110
38684;202000042973;6;2;2020;20:35;5;2A;2A004;2;1;1;3;CHIAPPE JEAN  RUE;41,9344165;8,7425648
38685;202000042974;5;2;2020;18:20;1;95;95277;2;1;1;4;PERI GABRIEL (AVENUE);48,9931500;2,4263300
38686;202000042975;5;2;2020;09:22;1;91;91223;2;3;1;3;FARMAN (AVENUE HENRI);48,4395100;2,1524300
38687;202000042976;6;2;2020;15:35;1;91;91514;2;1;1;6;BOISSY (RUE DE);48,6728000;2,5370600
38688;202000042977;5;2;2020;16:55;1;91;91333;2;1;1;7;VOIERIES (CHEMIN DES);48,6196400;2,2737300
38689;202000042978;6;2;2020;15:40;1;90;90010;2;2;1;3;AMSTERDAM (RUE D');47,6347700;6,8399600
38690;202000042979;4;2;2020;01:02;5;87;87085;2;1;1;6;MAS-GIGOU (RUE DU);45,8615900;1,2581300
38691;202000042981;4;2;2020;18:08;1;87;87085;2;1;1;1;BICHET (IMPASSE CHARLES);45,8188500;1,2626600
38692;202000042983;27;1;2020;12:10;1;83;83153;2;1;1;6;ASPHODELES (AV DES);43,0741900;5,9095070
38693;202000042984;4;2;2020;08:45;1;82;82121;2;1;8;6;10EME DRAGONS (AVENUE DU);44,0230000;1,3461000
38694;202000042985;6;2;2020;15:20;1;78;78609;1;2;1;3;CD 28;49,0157690;1,9104190
38695;202000042986;5;2;2020;12:15;1;76;76351;2;3;1;3;GENERAL FERRIE (AVENUE);49,5098000;0,1744800
38696;202000042987;6;2;2020;07:00;2;74;74012;2;1;1;1;BONNEVILLE (ROUTE DE);46,1789112;6,2409651
38697;202000042989;6;2;2020;17:17;1;72;72181;2;1;1;2;RIFFAUDIERES (BD DES);47,9882300;0,1796900
38698;202000042990;6;2;2020;14:29;1;72;72181;2;1;1;6;CHURCHILL WINSTON (BD) N° IMP 41 ET >;47,9906000;0,2228100
38699;202000042992;5;2;2020;19:30;3;71;71153;2;1;1;6;Rue Chaptal;46,8089200;4,4143709
38700;202000042993;6;2;2020;18:40;4;69;69029;2;2;1;3;PINEL                               (BD);45,7389400;4,8921600
38701;202000042994;3;2;2020;19:10;5;69;69290;2;1;1;6;PIERRE MENDES FRANCE                (R );45,6932800;4,9574500
38702;202000042995;5;2;2020;16:05;1;67;67447;2;3;1;6;MARAIS (RUE DU);48,6126620;7,7673310
38703;202000042996;4;2;2020;18:10;3;67;67482;2;1;2;-1;LOUISE MICHEL (RUE);48,5844100;7,7098100
38704;202000042997;4;2;2020;16:45;2;67;67482;2;3;2;6;BRIGADE ALSACE LORRAINE (RUE DE LA);48,5753389;7,7546874
38705;202000042998;4;2;2020;12:56;1;67;67482;2;1;2;6;SCHIRMECK (ROUTE DE);48,5664300;7,7078100
38706;202000042999;5;2;2020;12:43;1;67;67462;1;3;1;3;RD1083;48,2786120;7,4653730
38707;202000043000;6;2;2020;15:30;1;66;66136;2;1;1;6;FLANDRES/DUNKERQUE (CARREFOUR);42,6867200;2,9072700
38708;202000043001;6;2;2020;17:45;1;64;64335;2;3;7;3;MAUBEC;43,3307523; -0,4368337
38709;202000043002;5;2;2020;16:31;1;63;63164;2;1;1;5;INDUSTRIE (RUE DE L');45,8219919;3,1410327
38710;202000043003;4;2;2020;19:29;5;63;63113;2;1;1;-1;BLATIN (RUE);45,7766000;3,0764600
38711;202000043004;6;2;2020;09:00;1;59;59279;2;1;1;-1;ZOLA (RUE EMILE);50,7834860;3,1224100
38712;202000043007;5;2;2020;14:35;1;56;56121;2;6;1;3;TY-LANN ( RP DE );47,7658500; -3,4007300
38713;202000043008;6;2;2020;09:00;1;54;54395;2;1;1;3;NABECOR (RUE DE);48,6803411;6,1916314
38714;202000043009;2;2;2020;01:25;5;50;50129;2;1;3;4;ABBAYE (RUE DE L');49,6464700; -1,6422200
38715;202000043010;5;2;2020;17:14;1;49;49007;2;1;1;6;DESJARDINS;47,4695000; -0,5454900
38716;202000043012;6;2;2020;08:15;1;45;45234;2;2;1;3;Rue aux Ligneaux - R A Viger;47,9060663;1,9358110
38717;202000043013;6;2;2020;09:45;2;44;44162;2;1;7;6;Rue Océane;47,2276600; -1,6356500
38718;202000043014;6;2;2020;18:55;3;35;35238;1;1;1;4;R.N. 136;48,1421000; -1,6595700
38719;202000043015;6;2;2020;23:29;5;34;34172;2;1;1;2;FABRE DE MORLHON (BOULEVARD JACQUES);43,5913020;3,8797550
38720;202000043017;6;2;2020;17:10;1;33;33281;2;3;1;-1;AVE DE L'YSER / RUE GEORGES COURTELINE;44,8419781; -0,6625342
38721;202000043018;6;2;2020;16:00;1;33;33522;2;1;1;3;CRS MARECHAL GALLIENI;44,8223100; -0,5936400
38722;202000043019;6;2;2020;13:20;1;33;33318;2;2;1;3;AVE DE MONBALON / AVE PIERRE DE COUBERTIN;44,8038034; -0,6674864