;Num_Acc;jour;mois;an;hrmn;lum;dep;com;agg;int;atm;col;adr;lat;long
39199;202000043554;23;10;2020;09:15;1;53;53014;1;1;5;3;D22;47,8046280; -0,6594372
39200;202000043555;19;10;2020;20:20;3;21;21425;2;1;2;6;Rue du Parc;47,6245110;4,3372550
39201;202000043556;20;10;2020;08:45;1;24;24521;1;1;8;1;lieu dit Brugeaud;45,2443310;0,8731560
39202;202000043557;24;10;2020;13:15;1;24;24156;1;1;1;1;D710;45,0490460;0,8581980
39203;202000043558;23;10;2020;06:40;3;27;27011;1;4;5;7;D81;49,2203930;0,9162320
39204;202000043559;24;10;2020;01:00;3;17;17024;1;1;1;6;Chemin des Tanneries;46,0196600; -0,3598240
39205;202000043560;24;10;2020;10:20;1;68;68021;1;1;7;4;A35;47,6462800;7,4946280
39206;202000043561;24;10;2020;14:20;1;66;66228;1;3;1;3;Route de Baixas;42,7087130;2,7955430
39207;202000043562;22;10;2020;17:55;2;976;97603;2;1;1;6;N3; -12,8938520;45,2010770
39208;202000043563;23;10;2020;11:35;1;17;17099;1;3;8;2;D730;45,2638020; -0,3329800
39209;202000043564;22;10;2020;22:00;3;34;34213;1;1;1;2;Avenue d'Issanka;43,4818850;3,6862560
39210;202000043565;24;10;2020;19:15;3;988;98817;1;1;1;6;Route du Sud; -22,3006400;166,6858000
39211;202000043566;23;10;2020;21:00;5;973;97311;2;2;1;3;31 Rue Simon;5,4980320; -54,0292760
39212;202000043567;22;10;2020;18:20;3;971;97117;2;9;1;6;Route de Neron;16,3295500; -61,3964130
39213;202000043568;23;10;2020;18:40;2;91;91630;2;2;1;1;2 Chemin des Bienfaits;48,5729410;2,0698140
39214;202000043569;24;10;2020;16:45;1;11;11379;1;1;1;1;D6009;43,0357810;2,9689200
39215;202000043570;23;10;2020;15:40;1;67;67282;1;1;2;1;6 Impasse du Capitaine North;48,6193090;7,4840420
39216;202000043571;23;10;2020;16:00;1;74;74226;1;1;2;7;D20;46,1815800;6,3734380
39217;202000043572;24;10;2020;16:20;1;38;38205;1;1;1;1;Route Forestière de Servagnet;45,1237900;5,5569500
39218;202000043573;23;10;2020;17:55;2;69;69227;2;1;8;7;Route de Rontalon;45,6578180;4,5564510
39219;202000043574;23;10;2020;19:45;5;61;61341;2;3;1;6;La Pesantiere Radon;48,4965450;0,0868390
39220;202000043575;24;10;2020;09:30;1;22;22171;1;1;1;1;D790;48,4210560; -2,8315330
39221;202000043576;23;10;2020;19:10;3;59;59228;1;1;1;7;CHEMIN DU HALAGE;50,3279020;3,0655500
39222;202000043578;23;10;2020;13:20;1;13;13055;1;1;8;6;A507 sens Marseille - Aubagne;43,3371356;5,3788765
39223;202000043579;23;10;2020;09:10;1;13;13117;1;1;2;3;A7-Sens Lyon vers Marseille;43,4421279;5,2470394
39224;202000043580;23;10;2020;12:56;1;69;69271;1;1;2;-1;RN346  38+250;45,7264700;4,9760000
39225;202000043581;23;10;2020;07:10;5;33;33249;1;1;2;4;ROUTE NATIONALE 230;44,8796000; -0,5099300
39226;202000043582;23;10;2020;18:15;2;91;91161;1;1;1;3;AUTOROUTE A6;48,7161200;2,3094000
39227;202000043583;23;10;2020;18:20;1;94;94038;1;1;1;4;AUTOROUTE A6B;48,7763700;2,3465700
39228;202000043584;23;10;2020;16:45;1;91;91377;1;1;1;2;AUTOROUTE A10;48,7285000;2,3050600
39229;202000043585;23;10;2020;14:40;1;94;94038;1;1;1;5;AUTOROUTE A6A;48,7792381;2,3464069
39230;202000043586;23;10;2020;07:10;3;93;93007;1;1;1;3;AUTOROUTE A3;48,9354256;2,4803821
39231;202000043587;23;10;2020;00:45;5;988;98818;2;2;1;6;RUE CHARLES PEGUY/RUE VICTOR HUGO; -22,2823300;166,4452900
39232;202000043588;22;10;2020;12:15;1;976;97611;2;3;1;3;tsoundzou-KOUALE ( rue de ); -12,8074700;45,2053000
39233;202000043590;21;10;2020;16:34;1;974;97411;2;1;1;3;JAURES (BLD 1 JEAN); -20,8903000;55,4599000
39234;202000043591;21;10;2020;07:45;1;974;97411;1;9;1;3;Chemin de la convalescence; -20,9228050;55,4487810
39235;202000043592;22;10;2020;08:10;1;973;97302;2;1;1;3;SOURCE DE BADUEL (CHEMIN DE LA);4,9309474; -52,3091054
39236;202000043593;22;10;2020;13:34;1;69;69387;2;1;2;4;MARSEILLE (DE)                      (R );45,7483100;4,8378600
39237;202000043594;22;10;2020;11:35;1;69;69259;2;2;2;3;PIERRE SEMARD                       (AV);45,7118400;4,8748100
39238;202000043595;21;10;2020;02:05;5;972;97209;2;3;1;2;LEOPOLD BISSOL (BOULEVARD);14,6145448; -61,0731006
39239;202000043596;22;10;2020;20:00;5;95;95252;2;3;1;1;MAURICE DALESME (RUE);48,9924100;2,2374000
39240;202000043597;22;10;2020;03:40;3;84;84087;1;1;9;6;MARTIGNAN (CHEMIN);44,1352000;4,7818000
39241;202000043598;21;10;2020;10:10;1;83;83069;2;1;1;5;MOULIN (AVENUE JEAN);43,1068600;6,1295800
39242;202000043599;2;8;2020;19:30;1;78;78126;2;1;1;1;ETANGS  (AVENUE DES);48,8452290;2,1304610
39243;202000043600;22;10;2020;10:40;1;78;78551;1;9;1;6;RD 190;48,9187330;2,0586140
39244;202000043601;22;10;2020;14:20;1;78;78440;2;2;1;3;VERNEUIL (ROUTE DE);48,9975720;1,9137660
39245;202000043602;22;10;2020;09:35;1;69;69290;2;2;1;2;JULES FERRY                         (R );45,6950800;4,9470900
39246;202000043603;21;10;2020;01:05;5;67;67482;2;1;1;6;DORDOGNE (BOULEVARD DE LA);48,5898590;7,7671250
39247;202000043605;21;10;2020;09:04;1;66;66136;2;3;1;3;LANGEVIN (BOULEVARD PAUL);42,6855700;2,8732700
39248;202000043606;20;10;2020;21:07;5;66;66136;2;1;1;6;JOFFRE (AVENUE DU MARECHAL CD 88);42,7041300;2,8927400
39249;202000043607;21;10;2020;16:35;1;64;64445;2;1;1;3;LYAUTEY;43,3044000; -0,3674000
39250;202000043608;21;10;2020;22:48;5;63;63113;2;3;1;6;JACOBINS (RUE DES);45,7808492;3,0914886
39251;202000043609;16;10;2020;08:30;1;62;62193;2;6;1;6;VERDUN (RUE DE);50,9520000;1,8325400
39252;202000043610;20;10;2020;18:25;2;54;54079;2;1;2;6;D657;48,8830000;6,0534000
39253;202000043611;19;10;2020;18:10;1;52;52534;1;1;1;6;Route de Saint-Dizier;48,6562100;4,9173500
39254;202000043612;22;10;2020;17:15;1;50;50218;1;1;1;1;CRETE  (RUE DE LA);48,8246000; -1,5765900
39255;202000043613;21;10;2020;10:50;1;50;50129;2;3;2;1;NORMANDIE (AVENUE DE);49,6269400; -1,6354300
39256;202000043615;21;10;2020;10:55;1;37;37261;2;1;1;2;POMPIDOU (AVENUE GEORGES);47,3836624;0,7109870
39257;202000043616;21;10;2020;08:30;1;37;37233;2;1;1;7;LOIRE (LEVEE DE LA);47,3991346;0,7362049
39258;202000043617;22;10;2020;15:55;1;35;35238;2;1;1;6;VOLTAIRE (BD);48,1051120; -1,6983700
39259;202000043618;22;10;2020;14:15;1;35;35051;2;1;1;7;DOMLOUP (ROUTE DE);48,1105700; -1,5853000
39260;202000043619;22;10;2020;07:55;2;35;35278;2;9;2;7;BOUTIERE (BOULEVARD DE LA);48,1473300; -1,6965600
39261;202000043620;22;10;2020;19:42;5;34;34172;2;2;2;3;BECQUEREL (RUE HENRI);43,6104897;3,9148074
39262;202000043621;21;10;2020;19:45;5;34;34032;2;6;1;1;CHURCHILL (ROND POINT WINSTON);43,3335600;3,2316100
39263;202000043622;22;10;2020;21:30;5;33;33075;2;1;3;6;AVE DE L EUROPE;44,8839000; -0,6103900
39264;202000043623;21;10;2020;18:55;2;31;31555;2;1;1;6;AV DE LESPINET;43,5857500;1,4631600
39265;202000043624;22;10;2020;22:35;5;29;29232;2;9;1;3;Route de Brest;47,9990900; -4,0922400
39266;202000043625;22;10;2020;08:45;1;29;29051;1;1;2;6;N165 - Le Rouillen;47,9988800; -4,0492500
39267;202000043626;22;10;2020;20:30;5;29;29019;2;1;1;6;Rue Comtesse Carbonnières;48,3903853; -4,4845991
39268;202000043627;22;10;2020;19:20;5;27;27562;2;1;1;6;PRES (RUE DES);49,1012880;1,4499508
39269;202000043628;22;10;2020;08:05;2;27;27681;1;1;2;6;EVREUX (ROUTE D');49,0745000;1,4351000
39270;202000043629;18;10;2020;18:00;1;13;13056;1;3;1;3;BOUGAINVILLERS ALLEE DES;43,3397700;5,0688400
39271;202000043630;22;10;2020;13:00;1;13;13208;2;2;1;3;RABATAU (BOULEVARD);43,2754813;5,3958835
39272;202000043631;21;10;2020;23:30;5;13;13213;2;1;1;1;OLIVES (AVENUE DES);43,3255000;5,4414000
39273;202000043632;22;10;2020;10:40;1;13;13047;2;1;2;-1;ROUQUIER CHEMIN DU;43,5087400;4,9916600
39274;202000043633;21;10;2020;07:45;2;11;11069;2;3;1;3;LECLERC AV. DU GENERAL PAIRS ...116;43,2111000;2,3612000
39275;202000043635;22;10;2020;21:15;5;06;06069;2;2;1;3;CAUVIN (AVENUE LOUIS);43,6416900;6,9597420
39276;202000043636;21;10;2020;16:30;1;75;75117;2;1;1;2;PORTE DE SAINT OUEN;48,8998190;2,3195340
39277;202000043638;22;10;2020;11:40;1;75;75119;2;1;1;6;RUE DE L ARGONNE;48,8932380;2,3837710
39278;202000043639;22;10;2020;23:05;5;75;75114;2;2;1;3;RUE DE L OUEST;48,8367620;2,3207550
39279;202000043640;22;10;2020;18:05;1;75;75114;2;4;1;3;RUE JEAN ZAY;48,8375380;2,3223820
39280;202000043641;22;10;2020;08:15;1;75;75113;2;1;8;3;AVENUE PIERRE MENDES FRANCE;48,8410540;2,3682680
39281;202000043643;22;10;2020;16:00;1;75;75111;2;7;1;6;PLACE DE LA NATION;48,8486130;2,3943480
39282;202000043644;22;10;2020;18:30;5;75;75110;2;1;1;6;RUE ALBERT CAMUS;48,8779800;2,3694940
39283;202000043645;22;10;2020;15:00;1;75;75110;2;7;1;3;RUE DU FAUBOURG SAINT MARTIN;48,8838280;2,3685890
39284;202000043646;22;10;2020;14:00;1;75;75110;2;2;1;2;RUE LA FAYETTE;48,8816380;2,3658300
39285;202000043647;22;10;2020;07:20;1;75;75110;2;2;1;6;BOULEVARD DE MAGENTA;48,8785840;2,3540430
39286;202000043649;22;10;2020;11:00;1;75;75101;2;2;1;6;RUE SAINT DENIS;48,8578830;2,3471780
39287;202000043650;21;10;2020;14:10;1;75;75101;2;1;8;-1;RUE DE TURBIGO;48,8633560;2,3466570
39288;202000043652;22;10;2020;14:00;1;94;94074;2;1;1;3;HENRI BARBUSSE (AV);48,7621687;2,4424814
39289;202000043654;21;10;2020;17:00;1;94;94022;2;1;1;6;VICTOR HUGO (AV);48,7689300;2,4207100
39290;202000043655;21;10;2020;21:15;4;94;94060;2;1;8;-1;Hippodrome (AV);48,7958400;2,5636700
39291;202000043656;22;10;2020;14:45;1;94;94070;2;1;1;7;PRAIRIE (R DE LA);48,7223400;2,5710300
39292;202000043657;22;10;2020;16:30;1;94;94002;2;1;2;6;VAILLANT COUTURIER (R);48,8045000;2,4198000
39293;202000043658;22;10;2020;06:40;5;93;93066;2;1;2;3;WILSON (AVENUE DU PRESIDENT);48,9147572;2,3581443
39294;202000043659;21;10;2020;20:15;5;93;93066;2;1;1;6;"""SEMBAT MARCEL (BD), NR 2 A 66 ET 1 A 47";48,9321056;2,3528640
39295;202000043660;22;10;2020;19:00;2;93;93064;2;2;1;6;R JULES FERRY / R DU 4EME ZOUAVE;48,8731000;2,4796600
39296;202000043661;22;10;2020;08:00;1;93;93051;2;2;8;3;VINGT SIX AOUT 1944;48,8470500;2,5261800
39297;202000043662;22;10;2020;17:52;1;93;93048;2;2;1;3;R DE LA DEMI LUNE / R EMILE BEAUFILS;48,8756771;2,4590260
39298;202000043663;22;10;2020;16:40;1;93;93063;2;2;1;3;KERAUTRET AVENUE PIERRE;48,8795500;2,4485900
39299;202000043664;22;10;2020;16:35;1;92;92049;2;1;1;3;BROSSOLETTE AVENUE PIERRE;48,8191900;2,3098700
39300;202000043665;21;10;2020;19:30;5;92;92026;2;2;1;3;MARCEAU;48,8996211;2,2457100
39301;202000043666;21;10;2020;07:50;2;92;92026;2;1;8;-1;CHÂTEAU DU LOIR (DE 01 A 10);48,8979711;2,2482247
39302;202000043667;23;10;2020;06:00;5;14;14207;1;1;5;6;24 Route de Caen;49,0082910; -0,4342600
39303;202000043668;22;10;2020;22:15;3;34;34245;1;6;2;1;Route de Saint Pons;43,4228010;2,9315580
39304;202000043669;22;10;2020;13:48;1;01;01004;2;1;3;1;Rue du Clos Lebreton;45,9597950;5,3508350
39305;202000043670;23;10;2020;07:10;2;85;85031;1;1;5;3;Croix de Bois Sorin;46,8084800; -0,9132200
39306;202000043671;23;10;2020;01:25;3;84;84143;1;1;2;7;D28;44,0069640;5,1203960
39307;202000043673;22;10;2020;17:35;2;68;68177;1;2;2;5;D430;47,9424810;7,1504470
39308;202000043674;23;10;2020;07:55;2;17;17172;2;3;2;1;Avenue de la Victoire;45,5734750; -0,6763670
39309;202000043675;22;10;2020;21:05;3;49;49092;1;1;2;3;Les Faveries (valanjou) (Valanjou);47,2062435; -0,5551046
39310;202000043676;22;10;2020;12:15;1;38;38177;1;1;2;6;D211;45,0718540;6,0392190
39311;202000043678;23;10;2020;12:30;1;44;44052;1;1;1;3;N171;47,3373295; -2,1121152
39312;202000043679;22;10;2020;16:28;1;37;37261;1;1;1;2;;47,3915968;0,7059833
39313;202000043680;22;10;2020;21:50;3;83;83057;1;1;1;6;4244 Route de Nice;43,3910620;6,2581730
39314;202000043681;21;10;2020;07:45;3;56;56078;1;4;2;3;D306;47,8061440; -3,4595350
39315;202000043682;22;10;2020;16:00;1;56;56184;2;7;1;6;Place du General de Gaulle;47,6600550; -2,4511800
39316;202000043683;22;10;2020;21:10;5;76;76700;2;3;1;1;D929, Rue des Forrières;49,6788480;1,0377790
39317;202000043684;23;10;2020;08:15;1;80;80651;2;3;1;6;7 Rue du Marechal Leclerc;49,8536770;1,7907500
39318;202000043685;23;10;2020;00:15;3;65;65019;1;1;1;7;D935;43,1419232;0,0954300
39319;202000043686;22;10;2020;16:00;1;32;32147;1;1;1;5;RN 124;43,6224230;0,9095050
39320;202000043687;23;10;2020;12:50;1;63;63003;1;1;2;7;D65;45,5604591;3,7204048
39321;202000043689;4;12;2020;18:00;5;95;95218;2;6;2;3;FR€NES (RUE DES);49,0282700;2,1044000
39322;202000043690;3;12;2020;19:50;5;91;91027;2;2;2;3;AV FRANCOIS MITTERRAND;48,7091600;2,3714400
39323;202000043691;3;12;2020;17:15;1;91;91433;1;1;2;7;CD207;48,4579400;2,1630900
39324;202000043692;3;12;2020;10:04;1;87;87085;2;2;2;3;BEAUBLANC (BOULEVARD DE);45,8467500;1,2435300
39325;202000043693;4;12;2020;16:00;1;81;81163;1;1;2;7;RD 118;43,4643948;2,3634321
39326;202000043695;29;11;2020;05:10;5;80;80001;2;1;5;6;ROUEN (de);50,0888300;1,8196700
39327;202000043696;3;12;2020;06:15;5;78;78423;2;2;2;3;FRERES LUMIERES (AVENUE DES);48,7932000;2,0364700
39328;202000043698;3;12;2020;18:00;5;76;76540;2;3;1;6;ECUREUIL. RUE DE L';49,4441405;1,0946533
39329;202000043699;3;12;2020;17:30;5;76;76540;2;2;2;2;PARIS. QUAI (HAUT) DE;49,4373600;1,0963100
39330;202000043701;4;12;2020;12:15;1;72;72181;2;1;1;4;BOLLEE (AV) N° IMP 65 A 199;48,0002500;0,2121200
39331;202000043703;2;12;2020;15:45;1;71;71076;2;1;2;3;CASSIN (RUE RENE);46,7749848;4,8646367
39332;202000043704;4;12;2020;17:08;2;68;68224;2;2;1;1;LEFEBVRE (RUE);47,7596372;7,3440757
39333;202000043705;3;12;2020;15:00;1;66;66136;2;1;1;6;CHAMPS DE MARS (H.L.M. DU);42,6929000;2,9081000
39334;202000043706;4;12;2020;13:15;1;64;64348;2;1;1;2;CHARLES DE GAULLE;43,3117000; -0,4137900
39335;202000043707;4;12;2020;13:40;1;64;64102;2;1;3;7;SOULT (AVENUE MARECHAL);43,4871708; -1,4853698
39336;202000043708;3;12;2020;09:00;1;64;64102;2;2;1;2;HENRI DE NAVARRE (AVENUE);43,5086300; -1,4442300
39337;202000043709;2;12;2020;17:40;5;64;64024;2;1;2;6;69 AVENUE DE BAYONNE;43,4832700; -1,5032900
39338;202000043710;3;12;2020;12:54;1;63;63113;2;1;1;2;BELLEVUE (RUE DE);45,7675713;3,0732892
39339;202000043711;3;12;2020;18:15;5;63;63113;2;1;1;2;SAINT JEAN (BD);45,7794300;3,1172800
39340;202000043712;3;12;2020;14:20;1;59;59599;2;1;2;3;BEYENS (RUE MARCEL);50,7416884;3,1796274
39341;202000043713;3;12;2020;18:55;5;57;57240;2;9;1;6;HUCHET (RUE EMILE);49,1440178;6,8025728
39342;202000043714;2;12;2020;17:20;5;55;55186;2;2;2;1;CHATEAU ( RUE DU );48,7928100;5,1258800
39343;202000043715;3;12;2020;13:20;1;54;54498;2;1;2;6;GRAND'RUE;48,7169000;6,2656000
39344;202000043716;4;12;2020;15:05;1;51;51454;2;2;8;1;Place Luton;49,2710877;4,0248571
39345;202000043717;3;12;2020;19:30;5;50;50129;2;2;3;5;COUBERTIN (RUE PIERRE DE);49,6421600; -1,6372300
39346;202000043718;3;12;2020;07:58;3;47;47031;1;3;1;3;RD17;44,1622720;0,6478910
39347;202000043719;4;12;2020;19:55;5;45;45234;2;1;2;4;Rue du Faubourg Saint Jean;47,9068500;1,8886000
39348;202000043720;4;12;2020;12:25;1;45;45234;2;1;1;3;Rue du Faubourg de Bourgogne;47,9011139;1,9202377
39349;202000043721;4;12;2020;08:05;1;45;45298;2;1;1;3;Rue des Hautes Levées;47,8928054;1,8773346
39350;202000043722;3;12;2020;15:50;1;44;44109;2;1;1;6;BOULEVARD DES POILUS;47,2338322; -1,5357578
39351;202000043723;4;12;2020;07:50;2;44;44109;2;1;2;4;ROUTE DE PARIS;47,2600700; -1,4995800
39352;202000043724;1;12;2020;10:24;1;44;44109;2;3;8;3;RUE FRANCOIS FARINEAU;47,2271900; -1,5456400
39353;202000043725;4;12;2020;13:37;1;37;37261;2;2;1;3;SEVERINE (RUE);47,3755775;0,7059256
39354;202000043726;3;12;2020;18:00;5;37;37122;2;6;2;6;VERDUN (RUE DE);47,3461850;0,6657933
39355;202000043727;3;12;2020;17:25;3;37;37122;2;1;3;2;Route de Monts;47,3261417;0,6627384
39356;202000043729;2;12;2020;07:55;4;36;36044;2;1;2;6;67 Rue Roger Cazala;46,8110988;1,7014283
39357;202000043730;4;12;2020;17:55;3;35;35238;2;1;2;7;MITTERAND (MAIL FRANCOIS);48,1091768; -1,6903442
39358;202000043731;4;12;2020;13:45;1;35;35238;2;1;1;3;VOLCLAIR (BD LOUIS);48,0883415; -1,6665128
39359;202000043732;4;12;2020;20:45;5;33;33119;2;1;8;3;RUE PAULINE KERGOMARD;44,8483000; -0,5076000
39360;202000043733;4;12;2020;18:20;5;33;33069;2;6;2;3;AVE MAL DE LATTRE DE TASSIGNY;44,8635500; -0,6064000
39361;202000043734;2;12;2020;14:05;1;32;32013;2;1;8;2;SADI-CARNOT (BOULEVARD);43,6427500;0,5866600
39362;202000043735;3;12;2020;13:27;1;31;31555;2;1;1;6;CHE DE BAGATELLE;43,5847300;1,4111200
39363;202000043736;4;12;2020;15:15;1;29;29151;1;1;4;5;N12 - Langolvas ;48,5883468; -3,7927563
39364;202000043737;4;12;2020;13:45;1;29;29019;2;3;4;6;Rue de Maissin;48,3888106; -4,5035371
39365;202000043738;4;12;2020;16:55;1;26;26281;2;1;2;6;LIBERATION AV. DE LA (31 AOUT 1944) (403;45,0480560;5,0474470
39366;202000043739;4;12;2020;07:10;5;25;25056;2;3;3;3;ALLENDE  BOULEVARD SALVADOR;47,2195400;5,9756000
39367;202000043741;4;12;2020;08:32;1;17;17200;2;1;3;3;GREFFIERES   RUE DES;46,1880600; -1,1475400
39368;202000043742;4;12;2020;08:25;3;14;14366;2;1;2;6;DUCHESNE FOURNET (BOULEVARD);49,1486500;0,2282700
39369;202000043743;4;12;2020;17:19;3;14;14437;2;1;1;2;ECHANGEUR N° 01 ( PORTE DE PARIS );49,1649800; -0,3048600
39370;202000043744;3;12;2020;20:00;3;13;13117;2;1;1;-1;ROUTE NATIONALE 113 - AGNEAU;43,4574900;5,2341600
39371;202000043745;4;12;2020;22:20;5;13;13209;2;1;2;3;ROMAIN ROLLAND (BOULEVARD);43,2736700;5,4135400
39372;202000043746;4;12;2020;15:10;1;13;13211;2;1;8;3;LOUIS REGIS (RUE);43,2875600;5,5077900
39373;202000043747;4;12;2020;10:00;1;13;13205;2;1;1;3;CHAVE (BOULEVARD);43,2954400;5,3939900
39374;202000043749;4;12;2020;15:10;1;10;10387;2;2;1;3;HENRI BARBUSSE (RUE);48,2967000;4,0848000
39375;202000043750;3;12;2020;17:24;5;10;10297;2;1;2;1;ROGER SALENGRO (RUE);48,3112900;4,0972500
39376;202000043751;3;12;2020;16:50;5;10;10387;2;1;2;3;PREMIER RAM (RUE DU);48,3050510;4,0930960
39377;202000043752;4;12;2020;16:00;1;09;09225;2;1;2;-1;BOURIETTE AVENUE DE LA;43,1031777;1,6293652
39378;202000043753;4;12;2020;08:45;1;09;09225;2;9;2;3;IRENEE CROS AVENUE;43,1102400;1,6147900
39379;202000043754;4;12;2020;15:40;2;06;06069;2;6;2;7;Route de Cannes;43,6428200;6,9460900
39380;202000043755;4;8;2020;16:00;1;06;06029;2;1;1;6;CROISETTE (BOULEVARD DE);43,5515000;7,0117350
39381;202000043756;3;12;2020;08:10;2;06;06027;2;1;1;2;ST LAURENT (CHEMIN DE);43,6661000;7,1752000
39382;202000043757;4;12;2020;15:26;1;75;75115;2;2;2;3;AVENUE DE SUFFREN;48,8494300;2,3038200
39383;202000043758;4;12;2020;18:45;5;75;75107;2;2;2;6;AVENUE DUQUESNE;48,8507210;2,3116460
39384;202000043759;4;12;2020;16:15;2;75;75105;2;3;2;6;QUAI SAINT BERNARD;48,8468460;2,3609800
39385;202000043760;4;12;2020;12:25;1;75;75106;2;1;1;2;BOULEVARD DU MONTPARNASSE;48,8460040;2,3183410
39386;202000043761;4;12;2020;17:30;5;75;75119;2;1;2;7;AVENUE SIMON BOLIVAR;48,8773790;2,3740940
39387;202000043762;3;12;2020;22:30;5;75;75119;2;2;2;3;AVENUE SIMON BOLIVAR;48,8778360;2,3740810
39388;202000043763;4;12;2020;11:00;1;75;75118;2;3;1;3;AVENUE DE LA PORTE DE CLIGNANCOURT;48,9012520;2,3441280
39389;202000043764;4;12;2020;09:00;1;75;75118;2;2;8;3;BOULEVARD BARBES;48,8873810;2,3495630
39390;202000043765;4;12;2020;14:40;1;75;75116;2;7;1;3;RUE CLAUDE FARRERE;48,8423560;2,2516960
39391;202000043766;3;12;2020;17:20;5;75;75116;2;3;3;2;ALLEE DE LONGCHAMP;48,8670670;2,2492710
39392;202000043767;4;12;2020;00:30;5;75;75116;2;3;2;6;ALLEE DU BORD DE L EAU;48,8533520;2,2263440
39393;202000043768;4;12;2020;18:20;5;75;75115;2;2;2;6;RUE BRANCION;48,8347330;2,3051850
39394;202000043769;4;12;2020;16:15;2;75;75115;2;3;2;7;AVENUE DE SAXE;48,8458770;2,3135230
39395;202000043770;4;12;2020;10:15;1;75;75112;2;1;1;2;BOULEVARD DE LA BASTILLE;48,8484180;2,3678450
39396;202000043771;3;12;2020;18:20;5;75;75112;2;1;2;7;AVENUE DU TRONE;48,8481550;2,3985280
39397;202000043772;4;12;2020;11:00;1;75;75111;2;3;1;3;BOULEVARD VOLTAIRE;48,8606650;2,3753210
39398;202000043773;4;12;2020;16:00;1;75;75108;2;3;2;3;AVENUE DES CHAMPS ELYSEES;48,8705200;2,3052800
39399;202000043775;4;12;2020;03:20;5;75;75104;2;2;2;7;RUE DES LIONS SAINT PAUL;48,8519060;2,3631200
39400;202000043776;2;12;2020;17:00;5;75;75101;2;2;2;6;PONT AU CHANGE;48,8561890;2,3464870
39401;202000043777;4;12;2020;19:55;5;75;75101;2;3;1;6;RUE BERGER;48,8621520;2,3426290
39402;202000043778;3;12;2020;05:50;5;94;94081;2;3;2;1;MOULIN DE SAQUET - CAR DE LA LIBERATION;48,7910000;2,3830000
39403;202000043779;4;12;2020;13:40;1;94;94052;2;1;1;2;PONT DE NOGENT;48,8317800;2,4930200
39404;202000043780;4;12;2020;19:30;5;94;94076;2;1;2;6;GEORGES LEBIGOT (R);48,7926120;2,3647690
39405;202000043781;4;12;2020;15:40;1;94;94016;2;6;8;6;CHATEAUBRIAND (PL);48,7911080;2,3247760
39406;202000043782;4;12;2020;16:20;2;94;94041;2;1;8;6;HIPPOLYTE MARQUES (BD);48,8173804;2,3674397
39407;202000043783;4;12;2020;20:30;5;94;94041;2;1;2;1;JEAN MARIE POULMARCH (R);48,8160300;2,3737000
39408;202000043784;4;12;2020;07:00;5;94;94065;2;1;8;2;BOULEVARD CIRCULAIRE ( M.I.N.);48,7593400;2,3615500
39409;202000043785;3;12;2020;18:00;5;94;94033;2;2;2;6;25 AOUT 1944 (BD DU);48,8473400;2,4786800
39410;202000043786;4;12;2020;07:55;2;94;94028;2;1;8;6;Avenue Laferrière;48,8017100;2,4587200
39411;202000043788;4;12;2020;17:37;5;94;94018;2;3;2;6;PARIS (R DE);48,8231200;2,4112300
39412;202000043789;4;12;2020;16:30;1;94;94071;2;2;1;3;VERDUN (BD DE);48,7683650;2,5101910
39413;202000043790;4;12;2020;18:10;5;93;93066;2;1;2;2;COURNEUVE (ROUTE);48,9330353;2,3728009
39414;202000043791;3;12;2020;09:49;1;93;93066;2;1;1;3;AV DU GENERAL DE GAULLE;48,9270000;2,3573000
39415;202000043792;3;12;2020;19:08;5;93;93064;2;1;2;6;AV DU PDT KENNEDY;48,8787900;2,4901500
39416;202000043793;3;12;2020;22:24;3;93;93046;1;1;2;6;RTE STRATEGIQUE;48,9198200;2,5576200
39417;202000043796;4;12;2020;16:40;5;92;92046;2;1;2;6;GAMBETTA (RUE);48,8238500;2,3069700
39418;202000043797;4;12;2020;12:02;1;92;92050;2;2;1;3;PESARO BOULEVARD DE;48,8940550;2,2270530
39419;202000043798;3;12;2020;22:45;5;92;92050;2;1;2;7;ARLEQUIN ALLEE DE L';48,8902570;2,2279070
39420;202000043799;4;12;2020;15:49;1;92;92048;2;1;2;7;REPUBLIQUE (RUE DE LA) N° 2 A 86;48,8085643;2,2361268
39421;202000043800;4;12;2020;19:10;5;92;92044;2;2;2;3;ARISTIDE BRIAND(RUE)1A49 ET 2A52;48,8904158;2,2836460
39422;202000043801;4;12;2020;15:30;1;92;92026;2;1;1;3;ALMA;48,8968000;2,2546500
39423;202000043802;4;12;2020;15:40;1;92;92012;2;2;1;7;SILLY (RUE DE) 1/87 - 2/88;48,8390552;2,2320022
39424;202000043803;4;12;2020;11:10;1;92;92012;2;6;1;-1;RHIN ET DANUBE (ROND POINT);48,8408240;2,2288240
39425;202000043804;3;12;2020;20:15;5;92;92009;2;9;2;6;CHEVREUL ( AVENUE );48,9084284;2,2655815
39426;202000043806;4;12;2020;19:25;5;972;97218;2;1;1;6;Boulevard General de Gaulle;14,7670350; -61,1233560
39427;202000043807;5;12;2020;04:45;3;14;14027;1;1;4;6;Hamel aux Helenes - Aunay (Aunay-sur-Odon);49,0062890; -0,6330230
39428;202000043809;4;12;2020;15:10;1;59;59331;2;1;7;6;Route d'Happegarbes;50,1295720;3,6825820
39429;202000043810;4;12;2020;12:30;1;74;74228;1;1;4;1;D1201;46,0706850;6,0799460