;Num_Acc;jour;mois;an;hrmn;lum;dep;com;agg;int;atm;col;adr;lat;long
39897;202000044329;9;3;2020;00:20;5;75;75116;2;1;1;2;BOULEVARD PERIPHERIQUE;48,8514840;2,2520490
39898;202000044330;25;6;2020;21:35;2;75;75113;2;1;1;6;BOULEVARD PERIPHERIQUE;48,8167830;2,3558550
39899;202000044331;7;3;2020;12:45;1;75;75113;2;1;1;5;QUAI D IVRY;48,8253570;2,3853880
39900;202000044332;25;6;2020;17:40;1;75;75114;2;1;1;3;BOULEVARD PERIPHERIQUE;48,8202740;2,3243970
39901;202000044333;8;3;2020;17:39;1;75;75111;2;3;2;6;BOULEVARD DE BELLEVILLE;48,8682600;2,3813820
39902;202000044334;25;6;2020;15:40;1;75;75117;2;1;1;2;BOULEVARD PERIPHERIQUE;48,8834250;2,2841720
39903;202000044335;7;3;2020;23:50;5;75;75119;2;3;1;3;AVENUE JEAN JAURES;48,8884800;2,3919360
39904;202000044336;25;6;2020;08:25;1;75;75119;2;1;1;2;BOULEVARD PERIPHERIQUE;48,9005030;2,3848180
39905;202000044337;7;3;2020;06:36;2;75;75114;2;2;1;3;RUE D ALESIA;48,8318170;2,3141380
39906;202000044339;9;3;2020;15:50;1;75;75116;2;4;1;6;AVENUE PIERRE 1ER DE SERBIE;48,8660850;2,2966180
39907;202000044340;7;3;2020;12:45;1;75;75116;2;7;1;3;PLACE DE LA PORTE D AUTEUIL;48,8481200;2,2586720
39908;202000044341;9;3;2020;13:30;1;75;75113;2;3;1;6;BOULEVARD MASSENA;48,8201240;2,3646420
39909;202000044342;27;8;2020;18:00;1;06;06027;2;1;1;3;CANNES AVENUE DE (RN7);43,6536400;7,1477800
39910;202000044343;9;3;2020;13:36;1;75;75108;2;1;1;3;BOULEVARD MALESHERBES;48,8742630;2,3203200
39911;202000044344;26;6;2020;18:30;1;75;75119;2;3;1;2;AVENUE CORENTIN CARIOU;48,8960600;2,3840840
39912;202000044345;27;8;2020;08:50;1;06;06027;2;3;1;2;ROSERAIE AVENUE DE LA;43,6600600;7,1378600
39913;202000044346;26;6;2020;10:30;1;75;75118;2;2;2;3;RUE ORDENER;48,8924040;2,3450000
39914;202000044347;27;8;2020;01:05;5;75;75119;2;3;1;3;AVENUE CORENTIN CARIOU;48,8951310;2,3827530
39915;202000044348;27;8;2020;15:20;1;75;75118;2;2;1;3;BOULEVARD NEY;48,8977260;2,3290230
39916;202000044349;26;6;2020;09:30;1;75;75118;2;4;1;3;BOULEVARD BARBES;48,8842180;2,3494800
39917;202000044350;26;6;2020;07:00;1;75;75118;2;4;1;3;BOULEVARD ORNANO;48,8953740;2,3466270
39918;202000044351;27;8;2020;13:15;1;75;75115;2;3;1;6;RUE OLIVIER DE SERRES;48,8339260;2,2951370
39919;202000044352;26;6;2020;02:45;5;75;75118;2;7;1;6;PLACE ALBERT KAHN;48,8958350;2,3458000
39920;202000044353;26;8;2020;22:20;5;75;75113;2;1;1;2;BOULEVARD DU GENERAL JEAN SIMON;48,8267460;2,3848410
39921;202000044354;25;6;2020;14:15;1;75;75117;2;3;1;7;AVENUE DE LA GRANDE ARMEE;48,8768880;2,2852680
39922;202000044355;26;8;2020;22:20;5;75;75113;2;3;1;3;RUE DARMESTETER;48,8233930;2,3750250
39923;202000044356;25;6;2020;23:32;5;75;75116;2;3;1;3;BOULEVARD LANNES;48,8688460;2,2735250
39924;202000044357;27;8;2020;20:00;2;75;75111;2;1;2;3;AVENUE PHILIPPE AUGUSTE;48,8511670;2,3941950
39925;202000044358;22;6;2020;13:30;1;75;75116;2;2;1;3;AVENUE DU PRESIDENT WILSON;48,8639280;2,2904990
39926;202000044359;27;8;2020;16:13;1;75;75110;2;1;1;3;QUAI DE JEMMAPES;48,8714190;2,3656060
39927;202000044360;26;6;2020;06:00;2;75;75115;2;1;1;7;BOULEVARD GENERAL MARTIAL VALIN;48,8379940;2,2716500
39928;202000044361;24;6;2020;17:00;1;75;75115;2;1;1;6;RUE CAUCHY;48,8422840;2,2779970
39929;202000044363;26;8;2020;23:35;5;75;75109;2;2;1;3;BOULEVARD HAUSSMANN;48,8723730;2,3374310
39930;202000044364;26;6;2020;18:25;1;75;75110;2;3;1;6;RUE DU HUIT MAI 1945;48,8759400;2,3594100
39931;202000044366;27;8;2020;09:30;1;75;75108;2;1;1;3;AVENUE GABRIEL;48,8680570;2,3173670
39932;202000044368;27;8;2020;08:35;1;75;75108;2;2;1;6;AVENUE DES CHAMPS ELYSEES;48,8731290;2,2970650
39933;202000044369;26;6;2020;12:20;1;75;75101;2;3;1;3;RUE DU CYGNE;48,8629130;2,3506900
39934;202000044370;27;8;2020;00:05;5;75;75107;2;1;1;6;RUE DE LILLE;48,8608270;2,3219380
39935;202000044372;27;8;2020;12:15;1;94;94068;2;3;1;3;SAINT LOUIS (AV);48,7865588;2,5127883
39936;202000044373;26;6;2020;12:10;1;94;94046;2;1;1;3;GAMBETTA (AV);48,8098000;2,4510000
39937;202000044374;27;8;2020;07:54;1;94;94017;2;1;1;3;REPUBLIQUE (AV DE LA);48,8177320;2,5116820
39938;202000044375;26;6;2020;09:05;1;94;94003;2;9;2;3;PRESIDENT NELSON MANDELA (AV);48,8107000;2,3267800
39939;202000044378;27;8;2020;21:30;4;94;94003;2;3;2;3;GENERAL MALLERET JOINVILLE (AV DU);48,8039000;2,3424300
39940;202000044379;26;6;2020;08:20;1;94;94011;2;1;1;7;MOULIN BATEAU.(RUE DU);48,7824700;2,4961100
39941;202000044380;27;8;2020;18:20;1;94;94076;2;9;1;5;MAXIME GORKI (BD);48,7820200;2,3672400
39942;202000044381;27;8;2020;21:20;5;94;94041;2;1;2;3;LENINE (R);48,8174900;2,3968270
39943;202000044382;25;6;2020;17:05;1;94;94046;2;2;1;-1;CONVENTION (R DE LA);48,8133300;2,4498100
39944;202000044383;26;8;2020;21:10;5;94;94073;2;1;1;2;RN 186;48,7544300;2,3753100
39945;202000044384;26;6;2020;23:10;5;93;93066;2;1;1;2;PORTE DE PARIS (PLACE);48,9294000;2,3564400
39946;202000044385;25;6;2020;22:05;3;93;93053;2;2;2;1;PARIS (RUE DE);48,9022304;2,4621534
39947;202000044386;27;8;2020;08:53;1;94;94022;2;3;1;3;MARECHAL DE LATTRE DE TASSIGNY (AV);48,7566900;2,4045300
39948;202000044387;26;6;2020;19:10;1;93;93079;2;1;3;3;JEAN JAURES (AV);48,9641800;2,3475200
39949;202000044388;27;8;2020;20:48;2;94;94075;2;3;2;4;Av du Mal de Lattre de Tassigny & Rue du Lieutenant Dagorno;48,7272776;2,5309583
39950;202000044389;26;6;2020;12:25;1;93;93001;2;2;1;1;R FRANCIS DE PRESSENCE / R DE SAINT DENIS;48,9232400;2,3701500
39951;202000044390;27;8;2020;17:00;1;93;93066;2;2;8;3;CHEMIN VERT;48,9451800;2,3812900
39952;202000044391;25;6;2020;16:45;1;92;92035;2;9;1;3;CHARLES DE GAULLE (BD) (71 AU 153);48,9072890;2,2556260
39953;202000044393;24;6;2020;22:10;5;92;92077;2;9;1;3;SEVRES (RUE DE);48,8263410;2,1915400
39954;202000044394;27;8;2020;14:55;1;93;93027;2;1;1;3;VAILLANT-COUTURIER (AVENUE PAUL);48,9200300;2,4099300
39955;202000044396;27;8;2020;13:15;1;93;93007;2;1;1;6;AV ARISTIDE BRIAND;48,9440100;2,4463700
39956;202000044397;27;8;2020;16:10;1;93;93001;2;1;1;3;HAIE COQ (RUE DE LA ) => 91/92;48,9120500;2,3732200
39957;202000044398;27;8;2020;17:45;1;92;92072;2;1;1;6;GRANDE RUE;48,8258536;2,2175699
39958;202000044399;26;8;2020;19:00;1;92;92049;2;3;1;3;BROSSOLETTE AVENUE PIERRE;48,8199020;2,3109200
39959;202000044400;25;6;2020;16:43;1;92;92050;2;5;1;3;NATIONAL BOULEVARD;48,8914781;2,1774615
39960;202000044402;27;8;2020;17:30;1;92;92024;2;2;1;5;MARTRE (RUE) DE (1 A 41);48,8988700;2,3099200
39961;202000044403;27;8;2020;15:00;1;92;92023;2;1;1;3;PORTE DE TRIVAUX (RUE DE) N°57 A 197 ET;48,7899606;2,2537757
39962;202000044404;27;8;2020;20:30;5;92;92007;2;2;2;6;BLANCHARD (RUE);48,7960000;2,2923000
39963;202000044405;26;6;2020;22:00;3;92;92020;2;1;1;7;ESTIENNE D'ORVES RUE D';48,7994800;2,2863410
39964;202000044406;28;8;2020;20:35;3;974;97415;2;1;1;6;Chemin de Ligne; -21,0977360;55,2882320
39965;202000044407;26;6;2020;17:30;1;92;92048;2;9;1;7;HENRI BARBUSSE (RUE);48,8088672;2,2435591
39966;202000044408;27;8;2020;17:30;1;07;07167;2;1;1;1;;44,8065830;4,6108890
39967;202000044409;25;6;2020;20:25;1;92;92036;2;2;1;1;GRESILLONS (QUAI DES);48,9211940;2,3250280
39968;202000044410;26;6;2020;18:41;1;92;92025;2;1;3;2;BOURNARD (RUE DU);48,9230320;2,2563360
39969;202000044412;25;6;2020;21:10;1;92;92009;2;1;1;2;PAUL DEROULEDE ( RUE );48,9129880;2,2709332
39970;202000044413;26;6;2020;19:45;1;60;60286;2;2;1;3;Rue Frédéric Petit;49,6687110;1,9344360
39971;202000044414;27;6;2020;04:15;3;14;14162;1;1;1;7;lieu dit le Fresne;48,8870257; -0,5019853
39972;202000044415;27;8;2020;15:00;1;66;66136;1;1;1;4;A9;42,7348780;2,8834820
39973;202000044416;27;8;2020;16:30;1;2A;2A254;1;1;1;1;D420;41,7712576;9,1634164
39974;202000044417;26;6;2020;16:55;1;43;43043;1;1;1;3;Chadernac;45,1575751;3,7586010
39975;202000044418;27;8;2020;12:42;1;06;06161;2;2;1;3;Route Rd6007;43,6251750;7,1316770
39976;202000044419;27;6;2020;07:40;1;21;21614;1;1;1;2;A31;47,4315878;5,1678640
39977;202000044421;26;6;2020;07:15;1;74;74272;1;1;1;3;Route de Bellegarde;45,9429140;6,0601990
39978;202000044422;28;8;2020;02:10;5;31;31418;2;1;1;6;38 Route de Balma;43,6236950;1,5266720
39979;202000044423;23;6;2020;07:15;1;83;83019;2;1;1;3;Avenue Lou Mistraou;43,1494170;6,2981310
39980;202000044424;28;8;2020;07:10;1;58;58088;1;1;3;7;Autoroute A77, PK 153.500;47,0187850;3,1960239
39981;202000044425;27;6;2020;10:40;1;74;74071;2;1;1;1;D992;46,0274630;5,8897130
39982;202000044426;27;6;2020;01:30;4;74;74278;2;3;1;3;Route de Chatillon;46,0884544;6,5394777
39983;202000044427;26;6;2020;21:50;1;76;76531;1;2;1;3;D131;49,6710720;0,7183810
39984;202000044428;27;6;2020;02:00;3;79;79188;1;1;1;7;Rue de la Saminière;46,6901120; -0,6203840
39985;202000044429;24;6;2020;16:55;1;71;71565;1;1;7;6;D325;46,6223390;4,0679120
39986;202000044431;2;6;2020;21:20;2;49;49214;1;1;1;3;Chemin de l'Epine;47,5512140; -0,6041880
39987;202000044432;16;8;2020;07:55;1;74;74242;2;1;1;6;Route de la Tuilerie;45,8323170;6,1729160
39988;202000044433;25;6;2020;18:55;1;49;49248;1;1;1;1;Route de la Prévière;47,7009820; -1,1798290
39989;202000044434;27;8;2020;16:15;1;76;76035;1;1;1;1;Départementale 929;49,7672680;1,7627910
39990;202000044435;26;6;2020;20:30;1;22;22046;1;2;1;3;Lieu Dit Quilloury;48,3499820; -2,4958220
39991;202000044436;27;6;2020;04:15;3;44;44067;1;1;3;7;Friguel;47,6453150; -1,8757760
39992;202000044437;28;8;2020;08:49;1;2B;2B346;1;1;1;2;Venzolasca;42,5052540;9,4720280
39993;202000044438;26;8;2020;17:25;1;63;63271;1;4;1;3;Le Moulin d'Auvergne;45,9382320;3,5173520
39994;202000044439;26;6;2020;16:00;1;29;29033;1;3;1;3;Lieu Dit Saint Jean;48,2661306; -3,9088088
39995;202000044440;26;6;2020;16:15;1;02;02506;1;1;1;7;N2;49,2856670;3,1654360
39996;202000044441;27;8;2020;05:10;3;42;42219;1;1;1;6;Route de Boën;45,7381850;4,0875470
39997;202000044442;27;6;2020;09:40;1;03;03118;2;1;1;6;98 Avenue Saint-James;46,0920806;3,1983857
39998;202000044443;27;8;2020;22:25;3;34;34268;2;1;1;6;6 Grand Rue;43,7146970;3,4238930
39999;202000044444;26;6;2020;22:20;3;01;01296;1;1;1;6;Pirajoux;46,3631218;5,2845559
40000;202000044446;27;6;2020;13:45;1;04;04154;1;1;1;7;RD 954;44,5040200;6,3497970
40001;202000044447;27;6;2020;07:30;1;16;16223;2;1;1;7;11 Rue de Limoges;45,6683000;0,4998800
40002;202000044449;27;6;2020;04:30;3;16;16379;1;1;1;6;Ld Les Pénigauds;45,7952550;0,3980200
40003;202000044450;26;6;2020;18:30;1;07;07149;2;1;1;6;D102;44,8172430;4,4087250
40004;202000044451;27;8;2020;17:15;1;39;39339;1;4;1;3;;46,3554510;5,7698660
40005;202000044452;27;8;2020;12:40;1;29;29195;2;1;3;7;Lieu-dit Kerfere;48,6048650; -4,5160730
40006;202000044453;26;6;2020;17:05;1;21;21154;2;1;1;6;Avenue Noel Navoizat;47,8691890;4,5718140
40007;202000044454;27;8;2020;03:30;3;31;31391;2;1;1;6;37 Route de Salies;43,1098580;0,9428450
40008;202000044455;27;8;2020;23:05;3;70;70451;2;1;1;6;5 Rue des Vosges;47,7003100;6,5960140
40009;202000044456;26;6;2020;07:10;1;24;24159;1;2;1;3;Font du Chause;45,1324670;0,2753450
40010;202000044457;26;6;2020;19:55;1;37;37213;2;1;1;3;D6;47,6115313;0,4732034
40011;202000044458;20;8;2020;19:25;1;26;26115;1;1;1;6;Route de Montelimar;44,6929170;5,0055580
40012;202000044459;25;6;2020;14:30;1;30;30182;1;9;1;-1;D999;43,8549930;4,1821430
40013;202000044460;28;8;2020;16:25;1;14;14177;1;1;2;-1;Bruyeres aux Davids;49,2065230;0,2158640
40014;202000044461;24;6;2020;13:10;1;24;24054;1;1;1;7;le tuquet;44,7562950;0,5363670
40015;202000044462;25;8;2020;15:00;1;05;05045;1;3;1;3;N94;44,5377830;6,4741310
40016;202000044463;27;6;2020;13:30;1;42;42256;2;1;1;6;Rue d'Outre l'Eau;45,4978610;4,1647570
40017;202000044464;28;8;2020;17:10;1;50;50389;1;2;3;3;Route de l'Abbaye;49,0127730; -1,3615110
40018;202000044465;26;6;2020;15:15;1;11;11322;1;1;1;3;D3;43,0370110;2,9523180
40019;202000044466;17;8;2020;18:30;1;50;50615;2;3;1;3;Chemin de la Victoire;49,5015820; -1,4519870
40020;202000044467;25;6;2020;05:30;2;987;98723;1;1;1;7;RT 413; -9,7991450; -139,0275190
40021;202000044468;26;6;2020;20:35;3;974;97415;1;1;1;6;D100; -21,0755100;55,2310820
40022;202000044469;25;6;2020;17:19;1;974;97420;2;6;1;3;Avenue Mahatma Gandhi; -20,9271450;55,6318180
40023;202000044470;26;6;2020;19:15;3;974;97408;1;1;1;6;N1; -20,9120390;55,3519540
40024;202000044471;27;6;2020;01:10;3;77;77029;1;1;2;1;D32;48,6484437;2,8572161
40025;202000044472;27;8;2020;16:45;1;83;83002;1;1;1;6;D19;43,7426390;6,2446980
40026;202000044473;27;6;2020;11:30;1;95;95199;2;1;1;6;9 Rue de Bretagne;49,0299718;2,3255936
40027;202000044474;28;8;2020;17:00;1;60;60386;1;1;1;7;D78;49,5095500;2,7390290
40028;202000044476;28;8;2020;13:16;1;64;64538;1;1;2;7;D933;43,1462510; -1,2561740
40029;202000044477;27;6;2020;15:00;1;38;38548;1;1;1;6;Route de la Tancaniere;45,0683150;5,5351350
40030;202000044478;28;8;2020;11:40;1;73;73010;1;1;2;7;D911 Route des Bauges;45,7316590;5,9559360
40031;202000044479;26;6;2020;17:55;1;69;69028;2;6;1;3;Chemin des Andres;45,7212071;4,7037577
40032;202000044480;5;8;2020;12:30;1;43;43011;1;1;7;1;Lieu-dit le Moulin;45,1229520;3,4484520
40033;202000044482;16;8;2020;02:30;3;21;21461;1;1;1;6;D973;46,9512000;4,6091510
40034;202000044483;26;6;2020;17:29;1;16;16232;2;1;1;1;10 route de Limoges;45,7029050;0,2717930
40035;202000044484;28;8;2020;05:30;3;85;85234;1;3;2;6;3 Chemin de la Tamisière;46,8125250; -2,1153140
40036;202000044485;27;6;2020;11:58;1;33;33551;1;3;1;3;D250;45,0904140; -0,6392240
40037;202000044486;27;8;2020;20:15;1;30;30147;1;9;1;3;D982;44,0197460;4,0551460
40038;202000044488;27;8;2020;18:00;1;08;08363;2;1;1;2;28 Rue Pasteur;49,9400400;4,6367910
40039;202000044489;29;5;2020;21:15;1;27;27602;2;1;1;6;8 rue du buisson;49,0161300;1,0888990
40040;202000044490;22;8;2020;15:00;1;78;78356;1;6;1;2;2 Rue Pierre Nicole;48,7475870;2,0254760
40041;202000044491;26;6;2020;13:50;1;13;13215;1;1;1;7;A55-Sens Marseille vers Martigues;43,3296900;5,3556800
40042;202000044492;28;8;2020;07:15;1;973;97307;1;1;1;5;Route Nationale 2;4,8188570; -52,3461740
40043;202000044493;22;5;2020;15:50;1;13;13071;1;1;1;3;A7-Sens Marseille vers Lyon;43,4033700;5,3443800
40044;202000044494;25;6;2020;15:30;1;13;13071;1;1;1;2;A7-Sens Marseille vers Lyon;43,4104700;5,2844600
40045;202000044495;28;7;2020;10:55;1;74;74010;2;2;1;3;Chemin de Périaz (Seynod);45,8768220;6,0895910
40046;202000044497;27;8;2020;18:45;1;33;33199;1;1;1;2;A660;44,6154310; -1,0988800
40047;202000044498;25;6;2020;17:31;1;83;83137;1;1;1;4;A50;43,1250600;5,9062500
40048;202000044499;26;6;2020;18:52;1;33;33063;1;1;1;5;ROCADE A 630;44,8804700; -0,5399400
40049;202000044502;26;6;2020;06:30;1;91;91617;1;1;1;6;RN 104;48,6441800;2,5375400
40050;202000044503;28;8;2020;00:30;3;64;64335;1;1;1;-1;A64;43,3440310; -0,3977390
40051;202000044504;25;6;2020;21:20;2;92;92019;1;1;2;6;RN 385 Extèrieure;48,7628300;2,2479400
40052;202000044505;26;6;2020;18:05;1;92;92036;1;1;1;3;A86;48,9349592;2,2831025
40053;202000044506;27;8;2020;14:20;1;976;97602;1;1;1;3;N1; -12,7252470;45,1231460
40054;202000044507;26;6;2020;01:30;3;92;92047;1;1;1;6;A13;48,8336506;2,1627274
40055;202000044508;28;8;2020;10:30;1;49;49068;1;1;1;7;A11;47,4308080; -0,8791140
40056;202000044509;25;6;2020;23:40;5;94;94033;1;1;1;2;A86.EXT;48,8554000;2,4893000
40057;202000044510;28;8;2020;10:10;1;77;77339;1;1;1;2;A6;48,3865930;2,5570090
40058;202000044511;13;1;2020;20:00;5;92;92036;2;9;1;2;BAS ( RUE DES )/ GABRIEL PERI (AVE);48,9157500;2,2958800
40059;202000044512;24;6;2020;16:00;1;974;97411;2;3;1;3;GARE (DE LA); -20,8961024;55,4920758
40060;202000044513;17;8;2020;16:01;1;77;77407;1;1;3;2;A6;48,5231830;2,5036280
40061;202000044515;25;6;2020;12:28;1;69;69388;2;1;1;2;PAUL SANTY                          (AV);45,7287700;4,8769000
40062;202000044517;28;8;2020;02:30;5;84;84092;2;1;1;6;Chemin Panisset;43,9764870;4,8634470
40063;202000044518;24;6;2020;19:45;1;69;69386;2;2;1;3;VITTON                              (CO);45,7701600;4,8595800
40064;202000044520;25;6;2020;03:40;5;69;69381;2;1;1;3;PECHERIE (DE LA)                    (QU);45,7666000;4,8303000
40065;202000044521;24;6;2020;07:00;1;69;69149;2;2;1;6;JEAN JAURES                         (SQ);45,7158284;4,8190175
40066;202000044522;23;8;2020;18:30;1;06;06058;1;1;1;2;D6085;43,7308380;6,7950040
40067;202000044523;25;6;2020;18:10;1;91;91570;2;1;1;6;SAINT SAENS (RUE);48,6347040;2,3215680
40068;202000044525;28;8;2020;15:00;1;04;04143;2;1;1;6;Av de Traversetolo;43,9086180;5,9051080
40069;202000044526;6;2;2020;15:00;1;08;08076;1;9;1;6;D951;49,6977290;4,6981350
40070;202000044527;25;6;2020;23:00;5;91;91027;2;9;8;3;MITTERAND (AVENUE FRANCOIS) N° 112 A 188;48,7087800;2,3714600
40071;202000044528;25;6;2020;08:27;1;87;87085;2;1;1;3;Cours Gay-lussac;45,8542800;1,2458600
40072;202000044529;7;2;2020;01:05;5;08;08125;2;1;1;6;38 Route Nationale;49,8115600;4,6116560
40073;202000044531;25;6;2020;07:22;1;87;87085;2;1;1;3;BELLAC (RUE DE);45,8542800;1,2458600
40074;202000044532;7;2;2020;08:30;1;88;88358;2;1;1;6;32 Rue de la Gare;48,1077430;6,5685540
40075;202000044533;26;8;2020;14:30;1;21;21714;1;1;1;1;14 Route de Boncourt-le-bois;47,1530150;4,9641360
40076;202000044534;7;2;2020;12:10;1;88;88225;2;1;1;-1;Rue de la Croix Georges;48,0906530;6,4710010
40077;202000044535;24;6;2020;16:09;1;87;87113;2;2;1;3;REPUBLIQUE (PLACE DE LA);45,8652200;1,3239500
40078;202000044536;27;8;2020;15:55;1;21;21295;1;1;1;2;D974;47,2206015;4,9763309
40079;202000044537;7;2;2020;05:44;3;74;74208;1;1;1;2;A40;45,9128450;6,6898830
40080;202000044538;24;8;2020;15:00;1;08;08081;2;1;1;3;Rue du Vieux Moulin;49,8612020;4,7611620
40081;202000044539;24;6;2020;18:30;1;86;86158;2;6;1;3;Rue de Poitiers;46,6166040;0,3138500
40082;202000044540;7;2;2020;00:15;3;33;33199;1;6;1;6;A660;44,6159200; -1,1020870
40083;202000044541;27;8;2020;18:30;1;67;67404;2;1;1;6;Rue Principale;48,9025020;7,9537690
40084;202000044542;10;6;2020;13:30;1;83;83137;2;9;1;7;GALIBIER (CHEMIN DU);43,1368200;5,9212600
40085;202000044543;6;2;2020;18:00;2;66;66190;1;1;1;7;D11;42,8235950;2,9251890
40086;202000044544;28;1;2020;12:50;1;57;57342;1;1;1;6;Route Nationale 4;48,6403320;6,9045000
40087;202000044545;24;6;2020;10:10;1;83;83050;2;1;1;6;CLEMENCEAU(BOULEVARD GEORGES);43,5367310;6,4638950
40088;202000044546;6;2;2020;07:30;2;91;91085;2;9;7;6;43 Rue Jean Moulin;48,5647550;2,2133910
40089;202000044547;25;6;2020;16:00;1;81;81021;2;1;1;1;THORE;43,5077800;2,3590700
40090;202000044548;24;6;2020;09:50;1;80;80021;2;1;1;2;AMONT (PORT D');49,8953100;2,3065300
40091;202000044549;7;2;2020;14:40;1;973;97311;2;1;1;3;Route Saint Maurice;5,4926000; -54,0312520
40092;202000044551;7;2;2020;08:00;2;37;37072;2;1;1;6;Rue du Petit Bouqueteau;47,1719782;0,2584641
40093;202000044552;24;6;2020;17:30;1;80;80021;2;4;1;3;GEORGES QUARANTE (AVENUE);49,9170700;2,2573400
40094;202000044553;5;2;2020;15:40;1;83;83099;2;1;1;7;Impasse des Marsouins;43,4536630;6,6930180
40095;202000044554;23;6;2020;08:40;1;80;80021;2;1;1;6;SAINT MAURICE (RUE);49,9052800;2,2870100
40096;202000044555;27;8;2020;14:00;1;57;57444;2;1;1;6;12 rue du ruisseau;49,1114990;6,5384640
40097;202000044556;7;2;2020;07:15;2;68;68226;2;1;1;6;5 Rue Sébastopol;48,0399720;7,1350840
40098;202000044557;28;8;2020;01:00;3;73;73150;1;1;1;3;D221 Rte de la Plagne;45,5494457;6,6722595
40099;202000044558;24;6;2020;12:20;1;79;79191;2;2;1;3;125 Rue de Ribray;46,3221300; -0,4757800
40100;202000044560;25;6;2020;14:30;1;78;78440;1;1;1;4;VERNEUIL (ROUTE DE);48,9923200;1,9405800
40101;202000044561;5;2;2020;19:45;3;81;81038;1;1;1;3;A68;43,8799440;1,9104070
40102;202000044562;27;8;2020;18:00;1;38;38464;1;2;1;1;Chemin de Gourgeolas;45,5521800;5,3971090
40103;202000044563;27;8;2020;21:20;3;38;38054;2;1;1;2;Route du Bugey;45,7889650;5,4292630
40104;202000044564;5;2;2020;15:30;1;33;33056;2;3;1;3;Rue du Maréchal Juin;44,9071370; -0,6358340
40105;202000044565;24;6;2020;18:50;1;76;76351;2;1;1;6;LENINGRAD (BD DE);49,4993000;0,1636000
40106;202000044568;7;2;2020;00:20;3;60;60628;1;1;9;7;Rue du Général de Gaulle;49,4238246;2,1458322
40107;202000044570;5;2;2020;22:35;3;13;13005;1;1;1;7;A50-Sens Aubagne vers Marseille;43,2877800;5,5451000
40108;202000044571;4;2;2020;22:50;3;13;13071;1;1;1;6;A7-Sens Lyon vers Marseille;43,4165600;5,2744629
40109;202000044572;28;8;2020;06:36;2;76;76434;2;2;1;4;Route de Mesnil Raoul;49,3865350;1,2709490
40110;202000044575;27;8;2020;06:30;2;59;59177;2;1;1;7;39 Route de Cartignies;50,1312480;3,8636870
40111;202000044576;26;8;2020;11:45;1;13;13215;1;1;1;3;A55-Sens Marseille vers Martigues;43,3280000;5,3576000
40112;202000044577;6;2;2020;08:50;1;33;33013;1;1;1;5;ROUTE NATIONALE 230;44,8528000; -0,5049400
40113;202000044578;26;8;2020;11:06;1;13;13001;1;1;1;7;A51-Sens Aix en Provence vers Marseille;43,5114000;5,4196000
40114;202000044579;6;2;2020;16:23;1;91;91521;1;1;1;4;RN 104;48,6331000;2,4054000
40115;202000044581;5;2;2020;19:35;3;91;91161;1;1;1;3;AUTOROUTE A6;48,7125200;2,3081000
40116;202000044582;6;2;2020;10:55;1;78;78571;1;1;1;5;A13;48,8664800;2,0349100
40117;202000044583;6;2;2020;08:35;1;92;92048;1;1;1;-1;N118;48,8016000;2,2151200
40118;202000044584;6;2;2020;13:20;1;94;94017;1;1;1;3;A4;48,8296743;2,4982711
40119;202000044586;5;2;2020;16:30;1;974;97411;1;1;1;3;Chemin de Bois Rouge; -20,9205250;55,4920940
40120;202000044587;5;2;2020;19:20;4;69;69387;2;2;1;6;NICOLAI                             (R );45,7489932;4,8564845
40121;202000044588;26;8;2020;05:50;2;13;13056;1;1;1;2;A55-Sens Martigues vers Marseille;43,4013000;5,0432000
40122;202000044589;5;2;2020;14:15;1;69;69386;2;2;1;3;MARECHAL FOCH (DU)                  (AV);45,7726000;4,8430700
40123;202000044590;26;8;2020;19:40;1;13;13070;1;1;1;4;A50-Sens Aubagne vers Marseille;43,2852430;5,5161170
40124;202000044591;26;8;2020;17:30;1;13;13005;1;1;1;2;A501-Sens Aubagne vers Pont de l'Etoile;43,3026000;5,5682000
40125;202000044592;5;2;2020;14:25;1;69;69259;2;2;1;5;PROFESSEUR ROUX (DU)                (R );45,7182356;4,8593614
40126;202000044593;17;8;2020;18:45;1;13;13081;1;1;1;6;A7-Sens Lyon vers Marseille;43,4938860;5,2395750
40127;202000044594;26;8;2020;23:30;5;33;33143;1;1;1;5;AUTOROUTE A 10;44,9591700; -0,4462800
40128;202000044595;23;5;2020;18:47;1;91;91174;2;2;1;6;LAFAYETTE ( RUE);48,6156810;2,4752380
40129;202000044596;27;8;2020;19:40;1;94;94076;1;1;1;2;AUTOROUTE A6A;48,7914000;2,3442000
40130;202000044597;27;7;2020;06:55;1;91;91286;1;1;1;3;AUTOROUTE A6;48,6532867;2,3809944
40131;202000044598;23;5;2020;19:00;1;86;86027;1;3;7;3;Route de Bellevue;46,5792022;0,2941317
40132;202000044599;26;8;2020;21:50;3;91;91570;1;1;1;2;RN 104;48,6253900;2,3200400
40133;202000044600;5;2;2020;07:55;1;69;69387;2;1;1;6;JEAN JAURES                         (AV);45,7482100;4,8436700
40134;202000044601;24;5;2020;18:10;1;71;71040;2;3;1;2;Route de Mâcon;46,6865199;4,3905562