;Num_Acc;jour;mois;an;hrmn;lum;dep;com;agg;int;atm;col;adr;lat;long
40367;202000044859;22;5;2020;19:30;1;34;34213;1;9;1;2;La Plaine;43,4740690;3,6888100
40368;202000044860;31;1;2020;06:55;2;91;91363;2;1;2;7;55 Rue Alfred Dubois;48,6402890;2,2376390
40369;202000044861;25;8;2020;19:00;1;10;10387;2;9;1;3;GEORGES POMPIDOU (RUE);48,2881000;4,0822000
40370;202000044863;4;1;2020;14:30;1;75;75120;2;1;1;6;RUE DE LA PY;48,8654240;2,4048700
40371;202000044864;4;1;2020;13:53;1;75;75119;2;1;1;6;RUE DE CRIMEE;48,8838651;2,3845907
40372;202000044865;25;8;2020;17:20;1;04;04070;2;1;1;5;Av de Verdun;44,0895000;6,2276000
40373;202000044866;4;1;2020;10:00;1;75;75118;2;2;1;3;RUE DU RUISSEAU;48,8957800;2,3413620
40374;202000044867;25;8;2020;20:15;2;75;75114;2;1;1;2;PORTE DE CHATILLON;48,8229480;2,3129510
40375;202000044868;5;2;2020;07:00;2;62;62641;1;3;2;3;RD 86;50,3909520;2,3818550
40376;202000044869;4;1;2020;01:55;5;75;75112;2;2;1;3;BOULEVARD PONIATOWSKI;48,8318280;2,3976720
40377;202000044871;4;1;2020;19:50;3;75;75111;2;3;1;3;RUE DE CHARONNE;48,8549040;2,3861660
40378;202000044872;6;2;2020;10:50;1;91;91534;1;6;1;3;route departementale  306;48,7294030;2,1622900
40379;202000044873;4;2;2020;10:00;1;56;56254;1;1;8;7;Départementale 1;47,8020580; -2,6207970
40380;202000044875;18;5;2020;16:30;1;83;83071;1;1;1;2;Route du Carrubier;43,1374140;6,2696740
40381;202000044876;4;2;2020;22:45;5;74;74134;2;6;4;6;rond point intersection rue du centre / route des Grandes Alpes;46,1548350;6,6620710
40382;202000044877;24;8;2020;19:00;1;75;75112;2;1;1;2;BOULEVARD PERIPHERIQUE;48,8281780;2,3961360
40383;202000044878;4;2;2020;19:00;5;74;74010;2;4;2;3;Rue du lachat;45,9210650;6,1452200
40384;202000044879;5;2;2020;16:15;2;2B;2B050;1;1;1;7;D81;42,5427420;8,7900390
40385;202000044880;25;8;2020;22:39;5;75;75108;2;3;1;3;AVENUE GEORGE V;48,8662080;2,3014930
40386;202000044881;5;2;2020;18:30;3;80;80136;1;1;1;1;CD 1;49,9368730;2,7285740
40387;202000044882;4;1;2020;04:20;5;75;75107;2;2;1;3;BOULEVARD RASPAIL;48,8544220;2,3259070
40388;202000044883;5;2;2020;12:45;1;82;82150;2;3;1;6;rue alsace lorraine;43,9166600;1,3993080
40389;202000044884;4;1;2020;20:15;5;75;75104;2;4;1;6;RUE CASTEX;48,8522402;2,3659997
40390;202000044885;6;2;2020;08:00;1;33;33236;2;2;1;6;19 Avenue du Médoc;44,7978100; -1,1442700
40391;202000044886;4;1;2020;00:20;5;75;75104;2;1;1;6;RUE PAVEE;48,8571252;2,3616649
40392;202000044887;25;5;2020;10:00;1;83;83107;1;1;1;3;Rue des Dalles;43,4318900;6,6655900
40393;202000044888;6;2;2020;09:45;1;71;71014;2;1;1;6;Rue de la Croix Blanche;46,9570774;4,3041355
40394;202000044889;26;8;2020;19:37;1;75;75119;2;4;1;6;RUE PRADIER;48,8746800;2,3811340
40395;202000044890;4;1;2020;06:08;5;75;75101;2;7;1;3;RUE DE RIVOLI;48,8627180;2,3352560
40396;202000044891;24;5;2020;17:45;1;06;06070;1;1;1;6;Route déparetementale 2;43,7990090;6,9392660
40397;202000044892;4;1;2020;18:20;5;94;94043;2;1;1;2;VOLTAIRE (R);48,8156400;2,3614300
40398;202000044893;26;8;2020;10:00;1;75;75117;2;1;1;6;BOULEVARD PEREIRE;48,8842020;2,2961470
40399;202000044894;25;8;2020;08:20;1;75;75116;2;1;2;5;ALLEE DE LA REINE MARGUERITE;48,8541380;2,2419680
40400;202000044895;4;1;2020;09:50;1;93;93055;2;1;1;-1;JEAN LOLIVE (AVENUE)(137/FIN ET 134/FIN);48,8931000;2,4126000
40401;202000044896;24;5;2020;10:15;1;13;13086;2;1;1;1;2 Rue Sainte Anne;43,3519770;5,6050780
40402;202000044898;26;8;2020;12:45;1;75;75115;2;2;1;2;AVENUE FELIX FAURE;48,8387050;2,2821180
40403;202000044899;24;5;2020;16:00;1;68;68154;2;1;1;2;24 Rue de Berne;47,7710240;7,3815460
40404;202000044900;6;2;2020;11:55;1;61;61232;2;7;1;6;10 Place Saint-sauveur;48,6457300; -0,7103670
40405;202000044902;24;5;2020;17:20;1;88;88196;1;9;1;1;Route de la Bresse;48,0647950;6,8610050
40406;202000044903;4;2;2020;19:35;3;25;25075;1;1;4;3;D9;46,8116040;6,1904850
40407;202000044904;24;5;2020;19:10;1;57;57683;2;6;1;6;18 Rue Anatole France;49,2995610;6,1508900
40408;202000044905;26;8;2020;17:20;1;75;75114;2;1;1;4;RUE D ALESIA;48,8271190;2,3372290
40409;202000044906;5;2;2020;15:00;1;44;44087;2;3;1;3;Rue du Falleron;46,9872152; -1,8110562
40410;202000044907;24;5;2020;17:30;1;57;57644;2;1;1;3;51 rue Principale;49,1140340;6,8299560
40411;202000044908;26;8;2020;09:25;1;75;75113;2;2;1;1;PONT CHARLES DE GAULLE;48,8419180;2,3678720
40412;202000044909;6;2;2020;12:54;1;38;38409;1;1;1;6;Les Loyes - Jallinière;45,0969100;5,2768700
40413;202000044910;21;5;2020;13:05;1;74;74224;2;1;1;7;Avenue Lucien Rannard;46,0695690;6,3026870
40414;202000044911;26;8;2020;19:15;1;75;75113;2;2;1;3;PONT CHARLES DE GAULLE;48,8419130;2,3678740
40415;202000044912;24;5;2020;14:55;1;73;73294;2;1;1;6;La Thuile;45,5320110;6,0539440
40416;202000044913;26;8;2020;15:40;1;75;75112;2;1;1;2;BOULEVARD PERIPHERIQUE;48,8295250;2,4012280
40417;202000044914;1;1;2020;17:15;2;93;93005;2;2;2;1;ERABLES (RUE DES);48,9471718;2,5076634
40418;202000044915;22;5;2020;16:20;1;38;38562;2;1;1;-1;Route d'Uriage;45,0763680;5,7726150
40419;202000044916;26;8;2020;13:55;1;75;75112;2;5;1;3;AVENUE DAUMESNIL;48,8342010;2,4107660
40420;202000044917;4;1;2020;16:00;1;93;93001;2;9;8;6;R HELENE COCHENNEC;48,9195800;2,3951700
40421;202000044918;26;8;2020;00:30;5;75;75108;2;3;1;3;AVENUE DES CHAMPS ELYSEES;48,8710880;2,3034860
40422;202000044919;25;5;2020;09:45;1;01;01424;1;2;1;1;Rue du Marquis de Sallmard;45,8891270;4,9697520
40423;202000044920;5;2;2020;08:07;1;06;06105;2;6;1;3;Route Departementale 2085;43,6650160;7,0526490
40424;202000044921;5;1;2020;12:25;1;62;62295;1;1;1;1;D341;50,6214020;2,2808718
40425;202000044922;6;2;2020;07:50;2;06;06108;2;1;1;1;925 Chemin de la Lévade;43,5738080;6,9412350
40426;202000044923;5;1;2020;15:30;1;91;91511;1;1;1;7;D838;48,3463500;1,9876580
40427;202000044924;6;2;2020;07:55;3;14;14518;1;1;5;6;Pce de Préaux;48,9992680;0,3523240
40428;202000044925;5;1;2020;12:50;1;22;22182;1;3;1;3;Plélo;48,5744210; -2,9039550
40429;202000044926;6;2;2020;08:20;1;50;50168;2;1;1;6;30 Rue du Génie;48,6187580; -1,2909610
40430;202000044927;5;2;2020;15:40;1;90;90052;2;1;1;2;44 Grande Rue;47,7415450;6,8265270
40431;202000044928;6;2;2020;18:30;2;60;60021;1;2;1;2;D'Route Departementale 1032;49,5950386;3,1211887
40432;202000044930;3;1;2020;12:55;1;28;28253;1;1;1;3;A11;48,3471060;1,4161590
40433;202000044931;26;8;2020;02:55;5;75;75107;2;1;1;6;QUAI ANATOLE FRANCE;48,8618710;2,3215490
40434;202000044932;6;2;2020;15:30;1;60;60104;2;3;7;6;Rue des Cordonniers;49,6309260;2,2931760
40435;202000044933;25;8;2020;20:40;2;75;75104;2;3;1;6;AVENUE VICTORIA;48,8568140;2,3510590
40436;202000044934;4;2;2020;03:30;5;10;10151;2;7;1;6;D619;48,4265910;3,9170010
40437;202000044935;26;8;2020;11:45;1;94;94015;2;1;1;-1;FRERES LUMIERE (AV DES);48,8385700;2,5364000
40438;202000044936;25;8;2020;18:00;1;94;94019;2;1;1;6;AUGUSTE COMTE (R);48,8021500;2,5485100
40439;202000044937;5;1;2020;00:40;3;52;52307;1;1;5;6;;47,9134541;5,2207345
40440;202000044939;27;7;2020;12:45;1;66;66230;1;1;1;2;La Balma;42,6449110;2,5080770
40441;202000044940;6;2;2020;15:40;1;85;85169;2;1;1;6;Rue du Pont Chanterelle;46,8040900; -1,6231300
40442;202000044941;26;7;2020;00:11;3;66;66195;1;1;1;1;rd37;42,6752355;2,7892882
40443;202000044942;21;7;2020;16:30;1;48;48119;1;3;1;7;D906;44,4777990;3,9310670
40444;202000044943;4;1;2020;13:30;1;58;58086;2;1;7;6;31 Rue de Predelle;47,4103470;2,9363310
40445;202000044944;23;5;2020;12:40;1;13;13106;1;1;1;6;A51-Sens Marseille vers Aix en Provence;43,4027821;5,3566499
40446;202000044945;6;2;2020;12:10;1;27;27467;2;1;1;1;4 Rue des Déportés;49,3544730;0,5179950
40447;202000044946;27;7;2020;13:55;1;34;34289;2;2;1;3;21 Avenue de Pezenas;43,3976730;3,4141030
40448;202000044947;6;2;2020;07:25;3;27;27486;1;1;1;7;D66;49,1204000;1,0011290
40449;202000044948;26;7;2020;08:30;1;84;84026;1;1;1;6;Route de Pertuis;43,7197070;5,4033640
40450;202000044949;22;5;2020;12:30;1;13;13215;1;1;1;4;A7-Sens Marseille vers Lyon;43,3187750;5,3775162
40451;202000044950;5;1;2020;14:30;1;62;62820;1;1;1;5;RD 939;50,3527455;2,5007046
40452;202000044951;4;1;2020;23:30;3;04;04033;1;1;1;6;RD 900B;44,4482868;6,3322958
40453;202000044952;23;5;2020;17:30;1;94;94033;1;1;1;2;A86.INT;48,8606308;2,4846399
40454;202000044953;27;7;2020;18:40;1;05;05110;1;1;1;1;D4;44,8233420;6,5101880
40455;202000044954;5;2;2020;16:15;1;17;17447;1;1;1;1;RD 939;46,0957089; -0,9046447
40456;202000044956;27;7;2020;04:00;3;13;13100;1;1;1;6;D99;43,7888430;4,8507610
40457;202000044957;23;5;2020;06:50;1;69;69383;2;2;1;3;LAFAYETTE                           (CO);45,7635426;4,8418209
40458;202000044958;5;1;2020;04:50;3;82;82123;1;1;5;6;2988 Route du Frontonnais;43,9002040;1,3051052
40459;202000044959;5;2;2020;17:40;2;87;87026;1;1;1;6;D5;46,0527590;0,8682420
40460;202000044960;19;10;2020;10:30;1;61;61404;2;1;1;6;6 Rue de Nully;48,5612440;0,5270860
40461;202000044961;4;2;2020;08:50;1;37;37132;1;1;1;1;D943;47,1086747;0,9882467
40462;202000044962;23;5;2020;01:55;5;69;69388;2;3;1;6;VIENNE (DE)                         (RO);45,7282600;4,8538100
40463;202000044963;24;7;2020;11:10;1;13;13107;2;1;1;7;Route de Mimet;43,4294790;5,4415260
40464;202000044965;3;2;2020;11:27;1;52;52204;2;1;2;7;impasse du moulin;48,1527920;5,3576270
40465;202000044966;5;2;2020;11:27;1;01;01067;1;1;1;6;A40;46,1144720;5,4897840
40466;202000044967;4;1;2020;20:25;3;81;81195;1;1;1;7;D85;43,5766865;2,2231220
40467;202000044968;23;10;2020;07:45;2;47;47203;1;1;2;7;Troupenat;44,3785318;0,8802314
40468;202000044969;23;5;2020;19:10;1;91;91223;2;2;1;2;RD 191;48,4328120;2,1758010
40469;202000044970;26;7;2020;11:25;1;71;71453;1;1;1;7;D982;46,2435699;4,0450601
40470;202000044972;3;1;2020;15:45;1;61;61412;2;3;2;6;Le Carre;48,5070760;0,3621030
40471;202000044973;6;2;2020;06:50;2;68;68309;1;1;1;2;A35;47,6521450;7,4904390
40472;202000044974;4;1;2020;14:45;1;41;41151;2;1;1;6;107 Route de Tours;47,3457672;1,2107278
40473;202000044975;26;7;2020;20:00;2;68;68163;2;1;1;7;42 Rue du Moulin;47,6590940;7,5109040
40474;202000044977;5;2;2020;12:55;1;68;68300;1;1;1;6;A36;47,7759420;7,3900910
40475;202000044978;4;1;2020;07:55;2;86;86082;2;6;2;-1;Allée du Haut Poitou;46,3616650;0,1997450
40476;202000044980;27;7;2020;09:30;1;33;33227;2;3;7;1;Rue Jules Ferry;44,5496800; -0,2521500
40477;202000044981;25;7;2020;18:00;1;33;33483;1;1;1;6;48 Route de Bordeaux;44,9132690; -0,4058720
40478;202000044982;5;2;2020;12:50;1;34;34202;1;3;1;3;CD5;43,5824850;3,7732350
40479;202000044983;22;10;2020;15:05;2;25;25112;1;2;1;3;Rue des Valieres Nord;47,2659360;6,0609500
40480;202000044984;19;7;2020;02:30;5;59;59422;2;6;1;7;Rue de Cagnoncles;50,1995290;3,3127750
40481;202000044985;4;1;2020;12:15;1;68;68141;1;1;1;3;D8b3;47,7121340;7,2841050
40482;202000044986;22;5;2020;11:50;1;91;91174;2;3;7;1;Emile ZOLA (rue);48,6197900;2,4673000
40483;202000044988;21;10;2020;08:10;2;44;44099;1;9;3;1;rd 178;47,6637690; -1,3796420
40484;202000044989;6;2;2020;17:27;2;37;37072;2;1;7;6;Avenue François Mitterrand;47,1714399;0,2451309
40485;202000044990;4;1;2020;21:50;3;68;68096;1;1;1;2;D419;47,6083380;7,3600000
40486;202000044991;22;10;2020;16:30;1;44;44095;1;1;7;7;9 Le Bas Fouy;47,5819100; -1,4100050
40487;202000044992;25;7;2020;21:00;1;13;13210;2;1;1;2;A50-Sens Aubagne vers Marseille;43,2836000;5,4014000
40488;202000044993;6;2;2020;14:10;1;28;28279;2;3;1;6;2 Rue de la Volaille;48,6481540;1,5325820
40489;202000044995;5;2;2020;15:50;1;11;11076;2;6;1;1;D6313;43,3012119;1,9559044
40490;202000044996;23;10;2020;11:20;1;29;29122;1;1;1;1;D6;48,1293200; -3,7911840
40491;202000044997;6;2;2020;09:00;1;34;34161;2;1;1;6;18 Rue des Muriers;43,3325410;3,1212870
40492;202000044998;26;7;2020;06:42;2;91;91340;1;1;1;7;RN 104;48,6083200;2,4386200
40493;202000044999;2;1;2020;22:30;3;22;22212;1;1;1;7;Keranguere;48,6606437; -3,1976920
40494;202000045000;5;2;2020;19:50;3;34;34135;1;1;1;7;D 37;43,2790960;3,1557580
40495;202000045001;22;10;2020;16:40;1;29;29076;2;3;1;3;D38 - Rue du General de Gaulle;48,4664500; -4,5667659
40496;202000045002;26;7;2020;08:30;1;91;91340;1;1;1;6;RN 104;48,6090300;2,4374200
40497;202000045003;3;1;2020;08:55;1;39;39202;1;1;1;6;;46,9316090;5,9449400
40498;202000045004;5;2;2020;11:45;1;83;83112;2;1;1;6;893 Avenue du Marechal Juin;43,1813540;5,6980100
40499;202000045005;5;2;2020;23:00;3;06;06003;1;1;1;6;Avenue du Bois des Dames;43,7986920;6,8013350
40500;202000045006;25;7;2020;22:30;3;91;91521;1;1;2;2;AUTOROUTE A6;48,6353100;2,4011600
40501;202000045007;22;10;2020;19:05;3;31;31499;1;1;1;1;route de st clar - D53;43,4935770;1,2030890
40502;202000045008;23;5;2020;22:02;5;72;72181;2;3;1;1;ARNAGE (RUE D') N° PAIRS 30 ET plus;47,9871900;0,1878600
40503;202000045009;4;2;2020;13:55;1;73;73227;2;1;4;6;408 Rue du Jardin Alpin;45,4082370;6,6312520
40504;202000045010;25;7;2020;22:45;5;92;92050;1;1;3;3;A14;48,9003383;2,2094538
40505;202000045011;22;10;2020;22:00;3;31;31592;1;1;1;7;Route de Saint Paul sur Save;43,7305120;1,2385820
40506;202000045012;5;1;2020;05:30;3;39;39171;1;1;5;6;;46,6724120;5,4676430
40507;202000045013;6;2;2020;13:10;1;42;42094;2;1;1;6;Rue Jules Ferry;45,7454700;4,2250980
40508;202000045014;27;1;2020;08:30;2;38;38097;2;1;1;2;31 Route de Lyon;45,7766000;5,1794300
40509;202000045016;6;2;2020;07:20;2;01;01027;2;1;1;3;948 Rue de Lyon;45,8489260;5,1138470
40510;202000045017;26;7;2020;16:35;1;93;93027;1;1;1;2;AUTOROUTE A86;48,9245000;2,3900200
40511;202000045018;23;10;2020;18:10;1;02;02322;1;1;1;7;D68;49,8654033;3,4115308
40512;202000045019;23;5;2020;18:00;1;69;69271;1;1;8;6;LYON (DE)                               ;45,7408500;4,9492600
40513;202000045020;26;7;2020;07:00;1;93;93066;1;1;8;6;AUTOROUTE A1;48,9332300;2,3817800
40514;202000045021;5;2;2020;16:54;1;81;81076;1;1;1;1;Les ardennes;43,5727820;1,8710230
40515;202000045022;20;10;2020;11:30;1;84;84089;2;1;1;1;Boulevard Jean Guigues;43,6955990;5,4961730
40516;202000045023;22;5;2020;13:25;1;69;69264;2;1;1;6;BELLEROCHE (rue de);45,9803400;4,6992400
40517;202000045024;5;2;2020;08:00;2;44;44172;2;1;1;1;50 Rue de la Bougrière;47,2576179; -1,4738758
40518;202000045026;23;5;2020;09:40;1;64;64445;2;1;2;1;MARECHAL LECLERC DU;43,3034900; -0,3477400
40519;202000045027;26;7;2020;07:15;1;92;92078;1;1;1;6;AUTOROUTE A86;48,9297200;2,3277700
40520;202000045028;22;10;2020;18:40;5;01;01228;2;1;2;6;36 Route de Lyon;46,1291080;5,5392310
40521;202000045029;22;5;2020;15:32;1;63;63113;2;1;1;6;VALLIERES (RUE DE);45,7676028;3,0797790
40522;202000045030;26;7;2020;05:15;3;92;92078;1;1;2;6;AUTOROUTE A86;48,9311500;2,3235500
40523;202000045031;23;10;2020;20:15;3;70;70168;1;1;3;6;27 Avenue Parmentier;47,8082550;6,1957960
40524;202000045032;6;2;2020;17:34;1;60;60028;1;1;1;4;D1330;49,2202020;2,5511417
40525;202000045034;21;5;2020;16:59;1;63;63113;2;1;1;6;ETATS-UNIS (AVENUE DES);45,7790800;3,0816300
40526;202000045035;25;7;2020;19:40;1;95;95028;1;1;1;2;RN 104;49,0626800;2,3637600
40527;202000045036;22;10;2020;21:25;3;26;26166;1;1;2;2;Route de Saulce sur Rhône;44,7289570;4,8081920
40528;202000045037;5;2;2020;06:50;5;33;33397;1;1;1;2;AUTOROUTE A 10;44,9192000; -0,4762500
40529;202000045038;3;2;2020;15:00;1;33;33143;1;1;1;5;AUTOROUTE A 10;44,9709900; -0,4353300
40530;202000045039;23;7;2020;10:10;1;974;97411;2;2;1;6;MONTHYON (RUE); -20,8865400;55,4600400
40531;202000045040;23;10;2020;13:30;1;60;60093;1;1;8;7;D27;49,6034070;2,6902300
40532;202000045042;25;7;2020;09:15;1;973;97302;2;1;1;3;MONTABO (ROUTE DE) 1;4,9392635; -52,3007369
40533;202000045043;23;10;2020;04:55;4;64;64399;1;1;2;1;D806;43,3564220; -0,3771490
40534;202000045044;1;2;2020;19:00;3;59;59028;1;1;1;3;AUTOROUTE A21;50,4127200;3,0330320
40535;202000045045;25;7;2020;11:10;1;69;69386;2;3;1;3;BELGES (DES)                        (BD);45,7767300;4,8440500
40536;202000045047;22;10;2020;12:30;1;07;07240;1;1;1;7;Route départementale 232, route de vernoux;44,8605880;4,8243420
40537;202000045048;1;2;2020;19:40;3;59;59646;1;1;1;3;ROUTE METROPOLITAINE 656;50,6844450;3,1339430
40538;202000045049;25;7;2020;03:50;5;69;69383;2;2;1;3;SERVIENT                            (R );45,7602200;4,8456500
40539;202000045050;5;1;2020;06:00;3;02;02503;1;1;1;7;Chemin de Wiermont;49,8391270;3,5397950
40540;202000045052;25;7;2020;20:40;5;972;97213;2;6;1;3;MAHAULT;14,6198000; -61,0040000
40541;202000045053;18;10;2020;22:30;3;40;40191;1;1;1;7;Route du Béarn;43,7332510; -0,6644050
40542;202000045054;23;5;2020;23:45;5;59;59540;2;1;1;3;SAMARITAINE;51,0352410;2,3523900
40543;202000045056;25;7;2020;06:30;1;972;97213;2;1;1;1;PELLETIER (ROUTE DE);14,6554924; -60,9799576
40544;202000045057;22;10;2020;16:45;1;30;30033;1;9;1;-1;D6572;43,6495730;4,3282700
40545;202000045058;5;2;2020;06:40;3;94;94028;1;1;1;4;A86 INT;48,7821300;2,4414700
40546;202000045059;19;5;2020;13:35;1;47;47323;2;1;7;6;FEDERATION (ALLEE DE LA);44,4039000;0,7045500
40547;202000045060;25;7;2020;10:50;1;972;97209;2;2;1;7;MOREAU DE JONES (RUE DE);14,6069000; -61,0729000
40548;202000045061;5;1;2020;11:25;1;60;60131;2;3;1;7;Rue Notre Dame;49,6542225;2,1176535
40549;202000045062;22;10;2020;11:15;1;30;30179;2;1;1;1;625 Avenue du Général de Gaulle;43,8722670;4,5974400
40550;202000045063;25;7;2020;12:18;1;69;69382;2;2;1;3;CHARLEMAGNE                         (CO);45,7446500;4,8225600
40551;202000045064;5;1;2020;08:20;2;60;60155;1;1;1;6;D929;49,2857390;2,3490740
40552;202000045065;4;1;2020;15:25;1;60;60703;1;1;8;7;Route de Gisors;49,4046260;2,0431830
40553;202000045066;25;7;2020;10:50;1;69;69142;2;1;1;6;PIERRE SEMARD                       (QU);45,7257300;4,8166400
40554;202000045067;3;2;2020;01:18;5;94;94052;1;1;2;7;A86 INT;48,8353294;2,4939891
40555;202000045068;23;5;2020;22:10;5;45;45147;2;1;1;-1;Rue du Faubourg Bannier;47,9367857;1,8943611
40556;202000045069;5;1;2020;15:55;1;21;21450;1;1;1;6;D23;47,0433310;4,7595810
40557;202000045070;25;7;2020;03:35;5;69;69202;2;9;1;6;STE BARBE                           (R );45,7305300;4,7873600
40558;202000045071;9;1;2020;09:55;1;51;51454;2;1;1;2;Avenue de Laon;49,2689552;4,0232430
40559;202000045072;23;5;2020;20:00;1;44;44109;2;2;1;3;Rue de Strasbourg;47,2171700; -1,5522500
40560;202000045073;23;10;2020;07:00;2;08;08457;1;1;2;2;N43;49,7941730;4,6328020
40561;202000045074;3;2;2020;19:25;2;974;97416;1;1;1;6;LIGNE PARADIS(ROUTE DE LA); -21,3086100;55,4680500
40562;202000045075;23;5;2020;05:00;2;35;35051;1;1;2;6;NORMANDIE (PORTE DE);48,1511500; -1,5996800
40563;202000045076;4;2;2020;07:30;1;974;97416;1;1;1;4;RN3 (2); -21,3130100;55,4946900
40564;202000045077;22;10;2020;14:00;1;01;01089;1;1;3;4;A42;45,9626940;5,3063800
40565;202000045078;4;2;2020;20:00;5;974;97411;2;1;1;6;JAURES (BOULEVARD JEAN); -20,8805459;55,4386854
40566;202000045079;4;2;2020;20:10;4;973;97302;2;3;1;3;AWARA DENDE;4,9350627; -52,3244906
40567;202000045080;21;10;2020;13:35;1;78;78466;1;6;1;2;Route de Quarante Sous (Pont);48,9235530;1,9965400
40568;202000045081;25;7;2020;22:55;5;95;95500;2;1;2;6;BUCHERELLE (QUAI);49,0462941;2,0998564
40569;202000045082;4;2;2020;15:00;1;973;97302;2;6;1;3;BADUEL (ROND POINT DE);4,9331494; -52,3096418
40570;202000045083;5;1;2020;11:00;1;85;85280;1;3;1;3;Chemin de la Croix Joslain;46,8737400; -1,9138800
40571;202000045084;22;5;2020;18:10;1;34;34172;2;8;1;1;PALAVAS (AVENUE DE);43,5908829;3,8903665
40572;202000045085;4;2;2020;12:30;1;69;69387;2;2;1;3;BERTHELOT                           (AV);45,7453000;4,8420000
40573;202000045086;25;7;2020;11:45;1;91;91201;2;3;1;1;HENRI BARBUSSE(BOULEVARD);48,6647300;2,4194800
40574;202000045087;3;1;2020;23:00;5;37;37266;2;2;2;3;15 Route Nationale 10;47,3012980;0,7156853
40575;202000045088;23;10;2020;19:50;5;976;97608;2;1;1;1;4 Rue Mangamagari; -12,7885540;45,2706990
40576;202000045089;23;5;2020;04:10;5;33;33063;2;1;1;1;BD DES FRERES MOGA;44,8227200; -0,5419100
40577;202000045090;25;7;2020;06:20;2;91;91027;2;2;1;3;MORANGIS (AVENUE DE);48,7058300;2,3675700
40578;202000045091;4;1;2020;17:30;3;30;30340;1;1;1;6;D4;44,0155760;4,6156860
40579;202000045092;23;10;2020;13:35;1;974;97418;2;1;1;6;Rue du Pere Bourasseau; -20,9032590;55,5669430
40580;202000045093;14;3;2020;01:10;5;29;29232;2;1;2;6;13 Avenue de la Liberation;47,9925297; -4,0824894
40581;202000045094;4;2;2020;09:50;1;69;69383;1;3;1;3;FERDINAND BUISSON                   (R );45,7502000;4,8904000
40582;202000045095;4;1;2020;21:00;5;06;06088;1;1;1;6;A8 - PK 197.000 - chaussée sud;43,7347280;7,2443840
40583;202000045096;22;10;2020;14:25;1;971;97131;1;1;1;7;29 Route de Bois Joli;15,8624720; -61,5922150
40584;202000045097;3;2;2020;13:30;1;972;97209;2;9;1;3;MFME (RTE DE LA);14,6328856; -61,0350977
40585;202000045098;23;5;2020;12:45;1;29;29019;2;8;1;3;Rue Colbert;48,3892177; -4,4876304
40586;202000045099;5;1;2020;04:40;3;74;74018;1;1;1;2;A40;46,1048110;6,3462300
40587;202000045100;25;7;2020;06:40;1;83;83137;2;2;1;3;PASSY (AVE FREDERIC);43,1203100;5,9472200
40588;202000045102;1;1;2020;05:05;2;988;98817;2;1;1;6;RUE DE SAINT SEBASTIEN; -22,2267900;166,5575700
40589;202000045103;4;2;2020;23:15;5;69;69381;2;1;9;6;CARMELITES (DES)                    (MO);45,7707700;4,8286000
40590;202000045104;25;7;2020;02:15;3;74;74093;1;1;1;6;OUEST (BOULEVARD);45,9031400;6,1109600
40591;202000045106;22;7;2020;19:05;1;71;71306;2;1;1;3;NANCY (RUE DE);46,6803769;4,3465161
40592;202000045107;3;2;2020;18:30;5;91;91434;2;1;2;1;RENE CASSIN (AVENUE);48,6568200;2,3399400
40593;202000045108;23;10;2020;19:55;4;11;11076;1;6;1;3;Route de Fendeille;43,2926070;1,9518540
40594;202000045109;25;7;2020;09:25;1;69;69266;2;1;1;3;EUGENE POTTIER     (Rue);45,7865485;4,8984501
40595;202000045110;23;10;2020;10:30;1;34;34199;1;1;1;7;D30e5;43,4849910;3,4136150
40596;202000045111;1;1;2020;00:40;5;973;97311;2;1;1;3;Avenue Félix Eboué;5,5000430; -54,0306130
40597;202000045112;22;5;2020;20:10;1;21;21231;2;1;1;6;HENRI BECQUEREL (RUE);47,3338500;5,0584700
40598;202000045113;3;2;2020;09:00;1;91;91469;2;3;2;2;ARTONOU (ROUTE D') CD49;48,3981500;2,1437300
40599;202000045114;22;7;2020;20:00;1;69;69266;2;3;1;2;HONORE DE BALZAC   (Boulevard);45,7555600;4,8888600
40600;202000045115;23;5;2020;15:20;1;17;17300;2;1;1;6;Avenue Denfert Rochereau;46,1649800; -1,1936380
40601;202000045116;24;7;2020;18:30;1;68;68056;1;1;1;1;;47,7261800;7,3003900
40602;202000045117;4;1;2020;16:00;1;84;84132;1;1;1;1;Route des Vignères;43,9057780;5,0024510
40603;202000045118;4;2;2020;07:55;1;91;91201;2;2;2;6;WALDECK ROUSSEAU (RUE);48,6875000;2,4333900
40604;202000045119;23;5;2020;22:00;5;13;13212;2;2;1;6;MERLE (BOULEVARD);43,3010000;5,4151000
40605;202000045120;3;2;2020;10:30;1;91;91514;2;1;8;6;CENTRE COMMERCIAL VAL D'YERRES II;48,6803000;2,5361000