;Num_Acc;jour;mois;an;hrmn;lum;dep;com;agg;int;atm;col;adr;lat;long
40606;202000045121;23;5;2020;12:50;1;13;13205;2;1;1;2;JEAN MOULIN (BOULEVARD);43,2910200;5,3999200
40607;202000045122;20;10;2020;21:30;3;34;34145;1;1;1;6;Route du Mas Desports;43,6558260;4,1369800
40608;202000045123;31;1;2020;22:25;3;89;89024;1;1;1;3;D606;47,7857901;3,6072224
40609;202000045124;22;5;2020;23:45;5;13;13208;2;1;1;6;IMP MARIE DE SORMIOU ;43,2616730;5,3941270
40610;202000045125;23;5;2020;14:53;1;10;10387;2;1;1;1;PAIX (RUE DE LA);48,3046100;4,0665900
40611;202000045126;5;1;2020;13:15;1;06;06122;2;3;1;3;M18;43,7477570;7,1520690
40612;202000045127;3;2;2020;16:50;1;87;87085;2;2;1;3;MONTEGUT (RUE EMILE);45,8252900;1,2419500
40613;202000045128;24;7;2020;09:35;1;67;67180;1;1;1;4;RD 29;48,8029000;7,8330000
40614;202000045129;23;10;2020;07:30;2;04;04242;1;3;2;4;RD 4096 / Ch de Plebon;43,9121602;5,8845413
40615;202000045130;23;5;2020;10:20;1;07;07072;1;1;1;3;CHANTEMERLE (QUARTIER);44,7481200;4,5960000
40616;202000045131;5;1;2020;08:50;2;13;13076;1;1;1;6;Route d'Avignon;43,8139112;4,9839896
40617;202000045132;4;2;2020;13:00;1;83;83062;1;1;6;3;DE LATTRE DE TASSIGNY (AVENUE);43,1132440;5,9911740
40618;202000045133;5;1;2020;13:45;1;13;13004;1;1;1;7;D36 PK013+0150;43,5678870;4,6683320
40619;202000045134;17;10;2020;20:45;5;67;67551;2;6;1;7;d451;48,5920330;7,6709250
40620;202000045135;23;5;2020;16:30;1;06;06029;2;1;1;2;ANCIENS COMBATTANTS D'AFN (AVENUE DES);43,5526900;7,0108400
40621;202000045136;3;1;2020;20:45;3;89;89399;1;1;1;5;autoroute A5 - PK 68+300;48,2505540;3,3412200
40622;202000045137;5;1;2020;14:15;1;68;68008;1;1;1;7;D1;48,0303480;7,4531430
40623;202000045138;22;10;2020;19:10;3;73;73328;1;1;3;1;D17B Route du Lac;45,6463871;5,8992991
40624;202000045139;25;7;2020;10:55;1;64;64445;2;3;1;1;DUFAU;43,3086900; -0,3642900
40625;202000045140;22;5;2020;15:55;1;75;75114;2;1;1;5;PORTE D ORLEANS;48,8205620;2,3231120
40626;202000045141;23;5;2020;15:45;1;75;75119;2;2;1;6;AVENUE JEAN JAURES;48,8859220;2,3821980
40627;202000045142;20;10;2020;15:55;1;26;26074;1;1;1;-1;Route des Grands Goulets;45,0013150;5,4258300
40628;202000045143;25;7;2020;17:25;1;64;64102;2;1;1;1;DE MARTRES (AVENUE RAYMOND);43,4842400; -1,4825800
40629;202000045144;4;1;2020;22:25;3;74;74128;1;1;1;1;RD9;46,1528902;6,3411363
40630;202000045145;22;10;2020;16:50;1;69;69197;1;1;2;1;D49;46,0565710;4,6338490
40631;202000045146;4;1;2020;17:40;3;62;62867;1;1;1;7;A16;50,7783250;1,6553108
40632;202000045147;25;7;2020;11:35;1;64;64024;2;1;1;1;BIARRITZ (AVENUE DE);43,4804000; -1,5166000
40633;202000045149;4;1;2020;17:15;1;13;13211;1;1;1;4;A50-Sens Aubagne vers Marseille;43,2936800;5,4722100
40634;202000045150;23;10;2020;10:00;1;16;16359;1;1;2;7;Lieu dit Les Pommiers;45,6223220; -0,3405440
40635;202000045151;2;1;2020;23:40;3;13;13117;1;1;1;2;A7-Sens Marseille vers Lyon;43,4559860;5,2363140
40636;202000045152;25;7;2020;18:20;1;54;54395;2;2;1;3;SAINT DIZIER (RUE 2;48,6884600;6,1842100
40637;202000045153;4;1;2020;22:20;5;33;33063;1;1;1;6;ROCADE A630 -E4-;44,8848000; -0,5614000
40638;202000045154;23;10;2020;14:45;1;22;22233;1;1;1;3;5 Chemin Pontes;48,7142840; -3,0840790
40639;202000045155;19;10;2020;08:20;2;35;35012;1;1;1;6;12 Route de la Noé Blanche;47,8314840; -1,6890730
40640;202000045156;4;1;2020;14:20;1;94;94037;1;1;1;4;AUTOROUTE A6B;48,8100300;2,3494700
40641;202000045157;23;10;2020;15:40;1;62;62476;1;1;1;6;Route de Neuvireuil;50,3575478;2,9385799
40642;202000045158;4;1;2020;00:57;5;77;77251;2;1;2;6;1 Rue du Général de Gaulle;48,6261430;2,5391091
40643;202000045159;23;5;2020;17:00;1;75;75117;2;2;1;6;AVENUE DE WAGRAM;48,8809810;2,3002790
40644;202000045160;24;7;2020;18:20;1;45;45147;1;1;1;4;D2060 - 95+920;47,9344914;1,9303303
40645;202000045161;25;7;2020;16:35;1;37;37050;1;1;1;7;RD 37;47,3292042;0,6892739
40646;202000045162;25;7;2020;12:40;1;37;37214;1;1;1;5;METTRAY (CHEMIN DE);47,4343527;0,6725074
40647;202000045163;25;7;2020;03:15;5;35;35238;2;1;1;2;12 rue de Brest;48,1119600; -1,6886200
40648;202000045164;25;7;2020;03:15;5;33;33063;2;2;1;3;BD PIERRE 1ER / RUE CROIX DE SEGUEY;44,8539340; -0,5932920
40649;202000045165;23;5;2020;18:15;1;75;75114;2;5;1;6;BOULEVARD ROMAIN ROLLAND;48,8202180;2,3240080
40650;202000045166;22;10;2020;07:50;2;13;13071;1;1;2;5;A7-Sens Marseille vers Lyon;43,3903000;5,3501000
40651;202000045167;25;7;2020;19:10;1;33;33529;1;1;1;3;BISCAROSSE (AVE DE) JUSQU'A DUNE;44,6016500; -1,1981000
40652;202000045168;23;5;2020;08:45;1;75;75114;2;3;2;2;AVENUE DU GENERAL LECLERC;48,8322050;2,3306780
40653;202000045171;21;10;2020;16:40;1;13;13055;1;1;1;2;A507 sens Marseille - Aubagne;43,2976178;5,4247540
40654;202000045172;23;5;2020;15:55;1;75;75113;2;3;1;6;BOULEVARD AUGUSTE BLANQUI;48,8302860;2,3471940
40655;202000045174;25;7;2020;13:40;1;30;30007;2;6;1;3;D'INDY (AVE VINCENT);44,1350000;4,0968200
40656;202000045175;21;10;2020;15:27;1;67;67389;1;1;1;3;Autoroute A.4;48,6437700;7,7319800
40657;202000045176;4;1;2020;20:45;3;94;94018;1;1;1;-1;AUTOROUTE A4;48,8180452;2,4118107
40658;202000045177;20;10;2020;17:30;2;62;62498;1;1;2;6;AUTOROUTE A21;50,4492520;2,8348370
40659;202000045178;23;5;2020;18:30;1;75;75112;2;1;1;6;BOULEVARD SOULT;48,8418490;2,4093970
40660;202000045179;4;1;2020;01:45;3;77;77058;1;1;1;2;A4;48,8305400;2,6968400
40661;202000045180;24;7;2020;22:30;5;27;27229;2;1;1;7;RUGBY (RUE DE);49,0076700;1,1561800
40662;202000045181;22;10;2020;12:36;1;91;91434;1;1;1;2;AUTOROUTE A6;48,6662600;2,3614980
40663;202000045182;23;5;2020;18:15;1;94;94044;2;1;1;1;PIARD (R);48,7493570;2,4959630
40664;202000045183;4;1;2020;01:50;3;77;77058;1;1;1;6;A4;48,8305400;2,6968400
40665;202000045184;22;10;2020;09:30;1;91;91692;1;1;1;-1;RN 118;48,6710140;2,1938190
40666;202000045185;25;7;2020;18:40;1;27;27229;2;6;1;3;COCHEREL (RUE DE);49,0204000;1,1821000
40667;202000045186;3;1;2020;12:03;1;988;98818;2;3;1;3;ROUTE DE L'ANSE VATA/RUE THOMY CELIERE; -22,2958500;166,4451900
40668;202000045187;24;7;2020;19:00;1;17;17306;2;7;1;1;Avenue Aliénor d'Aquitaine;45,6158930; -1,0021150
40669;202000045188;22;10;2020;07:55;2;91;91286;1;1;1;2;AUTOROUTE A6;48,6520000;2,3820000
40670;202000045189;3;1;2020;20:40;1;974;97409;2;1;1;2;Chemin Valentin; -20,9594970;55,6723000
40671;202000045190;22;10;2020;22:30;5;78;78362;1;1;1;6;A13;48,9758000;1,7227700
40672;202000045191;1;8;2020;21:00;1;14;14536;1;9;1;3;MONTSAINT (CHARRIERE);49,4024086;0,2506994
40673;202000045192;23;5;2020;18:47;1;94;94068;2;1;1;3;MESNIL (QU DU);48,8060240;2,5201930
40674;202000045193;22;10;2020;07:50;1;78;78402;1;1;1;4;A13;48,9651550;1,8042110
40675;202000045194;2;1;2020;17:20;1;974;97411;2;2;1;3;Rue Jean Chatel; -20,8835800;55,4516600
40676;202000045196;3;1;2020;18:00;5;69;69388;2;1;2;6;AMBROISE PARE                       (BD);45,7351400;4,8824000
40677;202000045197;22;10;2020;19:35;3;93;93008;1;1;1;2;AUTOROUTE A86;48,9069687;2,4563029
40678;202000045198;3;1;2020;16:15;1;972;97209;2;1;1;7;BISHOP (Avenue Maurice);14,6043600; -61,0605200
40679;202000045199;22;10;2020;13:40;1;95;95277;1;1;1;3;A3;48,9780450;2,4948850
40680;202000045200;25;7;2020;00:01;5;13;13117;2;1;1;7;D55F;43,4617000;5,2416000
40681;202000045201;3;1;2020;10:20;1;972;97209;2;6;1;2;BALATA (ROUTE DE);14,6173100; -61,0713300
40682;202000045202;25;7;2020;10:00;2;13;13208;2;1;1;-1;BONNEVEINE (AVENUE);43,2545430;5,3789010
40683;202000045203;3;1;2020;07:15;5;69;69149;2;4;8;3;GRANDE RUE                          (GR);45,7135600;4,8054400
40684;202000045205;22;10;2020;07:10;3;95;95582;1;1;2;3; A15;48,9684440;2,2517610
40685;202000045207;24;7;2020;17:39;1;13;13005;1;1;1;7;CIOTAT (ANCIENNE ROUTE DE LA);43,2790010;5,5869000
40686;202000045208;26;7;2020;00:31;5;10;10387;2;3;1;3;COURTALON (RUE);48,2929740;4,0647310
40687;202000045209;22;10;2020;08:10;1;95;95365;1;1;2;2;RN 104;49,0676883;2,3971921
40688;202000045210;23;5;2020;22:05;5;94;94021;2;3;1;3;RUE PAUL HOCHART;48,7752478;2,3560226
40689;202000045211;24;7;2020;13:45;1;09;09122;2;1;1;4;ESPAGNE (ROUTE D');42,9455000;1,6278400
40690;202000045212;1;1;2020;02:27;5;87;87085;2;1;1;1;HALEVY (RUE);45,8593700;1,2567100
40691;202000045213;24;7;2020;17:15;1;09;09122;2;9;1;2;VILLOTE (ALLEES DE);42,9637013;1,6083356
40692;202000045214;3;1;2020;10:55;1;83;83137;2;2;1;6;NOMY (RUE AMIRAL);43,1218378;5,9555572
40693;202000045215;22;10;2020;06:50;3;93;93048;1;1;1;7;AUTOROUTE A3;48,8733700;2,4359300
40694;202000045216;23;5;2020;12:49;1;94;94077;2;1;1;3;REPUBLIQUE (AV DE LA);48,7315650;2,4138730
40695;202000045217;21;10;2020;16:30;1;95;95527;1;1;1;6;AUTOROUTE A3;48,9887508;2,5075183
40696;202000045218;25;7;2020;01:50;5;06;06083;2;1;1;3;ASTRID (PROMENADE REINE);43,7850050;7,5266780
40697;202000045219;23;5;2020;08:30;1;94;94022;2;9;2;3;ANATOLE FRANCE (AV);48,7572000;2,4137000
40698;202000045220;24;7;2020;17:30;1;06;06069;2;1;1;3;SANS PEUR (RUE);43,6590000;6,9256000
40699;202000045221;21;10;2020;14:30;1;93;93007;1;1;1;2;AUTOROUTE A3;48,9225800;2,4802900
40700;202000045222;3;1;2020;12:15;1;78;78638;2;1;1;5;GENERAL DE GAULLE (RUE DU);49,0075423;1,9589183
40701;202000045223;21;10;2020;10:20;1;95;95127;1;1;2;6; A15;49,0470900;2,0723600
40702;202000045224;23;5;2020;21:30;5;93;93072;2;1;1;3;R D'AMIENS;48,9529600;2,3686900
40703;202000045225;21;10;2020;19:10;5;94;94052;1;1;1;3;A86.EXT;48,8353294;2,4939891
40704;202000045227;22;10;2020;14:00;1;94;94046;1;1;1;-1;A86 EXT;48,8085629;2,4490579
40705;202000045228;25;7;2020;19:40;1;06;06027;2;1;1;3;JUIN BOULEVARD MARECHAL;43,6587070;7,1508220
40706;202000045229;3;1;2020;18:30;3;69;69266;2;1;2;2;FEYSSINE     (Rue de la);45,7846794;4,8894232
40707;202000045230;2;1;2020;12:20;1;69;69290;1;2;1;3;LYON (DE) (D 518)                   (RO);45,7035200;4,9145100
40708;202000045231;21;10;2020;16:50;1;77;77169;1;9;1;3;RN104;48,8176770;2,6185600
40709;202000045232;25;7;2020;12:55;1;06;06027;2;1;1;3;ST LAURENT CHEMIN DE;43,6661000;7,1752000
40710;202000045233;3;1;2020;17:30;5;68;68376;2;1;1;3;MINES ANNA (RUE DES);47,7979360;7,3104690
40711;202000045234;5;8;2020;12:07;1;93;93073;2;1;1;4;DE GAULLE (RUE CHARLES);48,9440000;2,5685000
40712;202000045235;24;7;2020;13:00;1;06;06027;2;1;1;6;FRANCE ROUTE DE;43,6646900;7,1386780
40713;202000045236;2;1;2020;10:50;1;67;67482;2;1;1;6;ANVERS (BOULEVARD D );48,5861040;7,7716770
40714;202000045237;20;10;2020;12:14;1;974;97416;2;9;1;6;HUBERT DE LISLE(BOULEVARD); -21,3436400;55,4787500
40715;202000045238;24;7;2020;09:50;1;04;04070;2;1;1;6;Traverse des serres;44,0921865;6,2343816
40716;202000045240;25;7;2020;02:55;5;75;75119;2;1;1;2;BOULEVARD PERIPHERIQUE;48,8935410;2,3950710
40717;202000045241;21;10;2020;12:10;1;69;69383;2;2;1;6;PAUL BERT                           (R );45,7570100;4,8529400
40718;202000045242;23;5;2020;17:15;1;93;93071;2;1;1;6;JOHN F. KENNEDY (AVENUE);48,9372563;2,5141627
40719;202000045244;3;1;2020;21:00;5;64;64024;2;1;1;5;BAB (BOULEVARD DU);43,4938600; -1,5207200
40720;202000045245;20;10;2020;18:00;2;69;69383;2;1;1;6;PAUL BERT                           (R );45,7565500;4,8474200
40721;202000045246;23;5;2020;19:40;2;93;93048;2;9;1;3;HENRI BARBUSSE (BOULEVARD);48,8672234;2,4422329
40722;202000045247;23;7;2020;19:57;1;75;75113;2;1;1;3;BOULEVARD PERIPHERIQUE;48,8161200;2,3599110
40723;202000045248;2;1;2020;17:00;2;64;64102;2;3;1;3;MOUNEDE (AVENUE DE);43,4988800; -1,4579100
40724;202000045249;19;10;2020;17:10;1;972;97209;1;1;1;2;AUTOROUTE (A1);14,6173269; -61,0412199
40725;202000045250;24;7;2020;22:35;5;75;75112;2;5;1;3;AVENUE DAUMESNIL;48,8355790;2,4065040
40726;202000045251;21;10;2020;16:40;1;69;69149;2;1;2;1;GRANDE RUE                          (GR);45,7137500;4,8056700
40727;202000045252;22;5;2020;17:50;1;92;92046;2;3;2;3;AVAULEE (RUE);48,8151970;2,2894120
40728;202000045253;25;7;2020;18:10;1;75;75116;2;2;1;6;BOULEVARD MURAT;48,8414580;2,2561150
40729;202000045254;24;5;2020;09:34;1;12;12300;2;1;1;3;23 Avenue des Croates;44,3620080;2,0418700
40730;202000045255;2;1;2020;16:10;2;59;59360;2;3;1;3;PARE AMBROISE RUE;50,6041663;3,0281067
40731;202000045256;21;10;2020;10:30;1;2B;2B033;2;1;1;7;FALCONAJA;42,6811700;9,4281600
40732;202000045257;25;7;2020;14:52;1;75;75114;2;2;1;3;RUE DU DEPART;48,8419770;2,3226510
40733;202000045258;19;10;2020;23:45;5;2B;2B033;2;1;1;5;TUNNEL;42,6949800;9,4521400
40734;202000045259;3;1;2020;13:00;1;45;45284;2;1;2;7;AVENUE PIERRE MENDES FRANCE;47,9134570;1,9781580
40735;202000045260;21;10;2020;13:20;1;971;97101;2;1;1;6;ACHILLE RENE BOISNEUF (RUE);16,2658555; -61,5101445
40736;202000045261;23;7;2020;14:15;1;75;75112;2;2;1;3;BOULEVARD DIDEROT;48,8464450;2,3789540
40737;202000045262;25;7;2020;20:50;2;75;75111;2;2;1;6;BOULEVARD VOLTAIRE;48,8587230;2,3785860
40738;202000045263;9;10;2020;14:00;1;971;97105;2;1;2;6;CHARLES DE GAULLE (BD DU GENERAL);15,9884425; -61,7190510
40739;202000045264;24;5;2020;17:35;1;06;06161;2;1;7;3;Route Departementale 6007;43,6356610;7,1335810
40740;202000045265;24;5;2020;01:28;3;21;21111;1;1;1;6;A31;47,4030271;5,1829278
40741;202000045266;25;7;2020;18:20;1;75;75110;2;4;1;6;BOULEVARD DE MAGENTA;48,8755490;2,3567300
40742;202000045267;18;10;2020;20:30;3;91;91215;2;1;8;1;RTE DE QUINCY;48,6851100;2,5147700
40743;202000045268;24;5;2020;09:35;1;974;97405;2;1;1;7;150 Rue Leconte de Lisle; -21,3461150;55,5606240
40744;202000045269;24;7;2020;13:50;1;75;75108;2;2;1;3;BOULEVARD MALESHERBES;48,8783790;2,3155580
40745;202000045270;3;1;2020;09:10;1;45;45147;2;1;2;1;RUE PIERRE SEMARD;47,9316660;1,9045080
40746;202000045271;21;10;2020;12:55;1;91;91645;2;9;1;3;GABRIEL PERI (RUE);48,7409400;2,2655500
40747;202000045272;2;1;2020;07:30;2;45;45298;2;6;2;7;RUE GASTON DEFFIE;47,8928700;1,8761510
40748;202000045273;21;10;2020;13:40;1;91;91223;1;1;1;2;C.D. 836;48,4577600;2,0899300
40749;202000045274;2;1;2020;12:14;1;37;37122;2;1;1;6;ROTIERE (RUE DE LA);47,3469133;0,6621157
40750;202000045275;25;7;2020;16:35;1;75;75104;2;3;1;6;RUE DE RIVOLI;48,8550650;2,3616820
40751;202000045277;3;1;2020;23:10;5;35;35238;2;1;2;7;BRETAGNE (PLACE DE);48,1097000; -1,6841000
40752;202000045278;21;10;2020;15:28;1;86;86066;2;6;1;3;Avenue Honoré de Balzac;46,7886500;0,5256200
40753;202000045279;24;7;2020;17:10;1;75;75102;2;7;1;3;PLACE DE LA BOURSE;48,8686510;2,3413360
40754;202000045283;9;5;2020;11:55;1;56;56137;1;3;1;3;Kermabolivier;47,7609430; -2,6867960
40755;202000045284;25;7;2020;21:05;2;94;94081;2;3;8;1;CHOISY (R DE);48,7877000;2,3981000
40756;202000045285;2;1;2020;21:45;5;31;31555;2;1;1;3;BD DE LA GARE;43,6093500;1,4545900
40757;202000045286;19;10;2020;17:02;1;86;86066;2;6;1;3;Route de Valette;46,8368300;0,5335100
40758;202000045287;23;5;2020;18:40;1;79;79130;1;1;1;6;;46,2660760; -0,5300260
40759;202000045288;25;7;2020;16:10;1;94;94028;2;1;1;6;Rue de Paris;48,7951580;2,4591900
40760;202000045289;3;1;2020;19:45;5;14;14383;2;1;1;3;Route Nationale 814;49,1436000; -0,4045300
40761;202000045290;22;8;2020;19:45;5;83;83098;2;6;1;1;JAURES (BD JEAN);43,1044300;6,0236100
40762;202000045291;25;7;2020;19:00;1;93;93066;2;1;1;3;MERMOZ JEAN;48,9416103;2,3540279
40763;202000045292;21;10;2020;20:30;5;77;77350;1;1;1;6;AV DU GENERAL DE GAULLE;48,7643400;2,6604000
40764;202000045293;24;7;2020;20:00;1;93;93039;2;3;1;3;QU DE LA MARINE / R DU 8 MAI 1945;48,9367580;2,3404630
40765;202000045294;20;10;2020;16:00;1;77;77053;2;6;2;2;RUE DE LA BUTTE AUX BERGERS;48,7036800;2,6069400
40766;202000045295;25;7;2020;19:28;1;93;93049;2;3;1;3;AV DU PRESIDENT JOHN KENNEDY / R PAUL LETOMBE;48,8641900;2,5123200
40767;202000045296;20;10;2020;09:43;1;76;76305;1;1;1;7;ESTUAIRE;49,4563659;0,2321780
40768;202000045297;25;7;2020;20:30;1;93;93029;2;1;2;2;FAIDHERBE;48,9160792;2,4303591
40769;202000045298;22;5;2020;21:15;2;80;80025;1;1;1;7;264 Rue d'Argoules;50,3449780;1,8344320
40770;202000045300;20;10;2020;14:45;1;76;76351;2;3;1;3;Rue Demidoff;49,4975900;0,1341500
40771;202000045301;17;10;2020;18:00;2;71;71499;1;1;1;7;SAINT EUGENE (RUE );46,6672981;4,2875433
40772;202000045302;22;5;2020;19:51;1;33;33093;1;1;1;6;D119;44,7100600; -0,3369500
40773;202000045304;23;5;2020;17:45;1;89;89311;2;1;1;7;Route impériale;47,7564060;3,4186690
40774;202000045305;17;10;2020;16:45;1;69;69115;2;1;1;7;HERRIOT (rue Edouard);45,9783900;4,7252800
40775;202000045306;24;5;2020;17:45;1;42;42153;1;1;1;7;Chemin Patiras;45,9518694;4,1856452
40776;202000045307;20;10;2020;15:30;1;69;69013;1;1;1;6;D306;46,0215594;4,7202453
40777;202000045308;24;5;2020;10:30;1;42;42172;2;1;1;2;Route de Bourg-argental;45,3756750;4,4432290
40778;202000045309;3;1;2020;14:15;1;13;13214;2;1;1;2;CAPITAINE GEZE (BOULEVARD);43,3302708;5,3700726
40779;202000045311;3;1;2020;17:30;5;13;13210;2;1;1;6;ROMAIN ROLLAND (BOULEVARD);43,2749390;5,4157530
40780;202000045312;24;5;2020;18:25;1;31;31407;1;9;1;6;D32;43,7402450;1,5666090
40781;202000045313;24;5;2020;16:30;1;02;02619;1;9;1;3;D14;49,5300831;3,4103107
40782;202000045314;24;5;2020;11:15;1;03;03217;1;1;1;6;;46,3609799;2,6920152
40783;202000045315;24;7;2020;15:21;1;92;92073;2;1;1;6;SELLIER (BOULEVARD HENRI);48,8676148;2,2261586
40784;202000045316;22;5;2020;23:30;3;70;70104;1;1;8;7;D474;47,4196160;5,8217780
40785;202000045317;25;7;2020;11:00;1;92;92035;2;1;1;6;Sartoris ( rue );48,9070356;2,2444504
40786;202000045318;21;10;2020;15:50;1;64;64545;1;3;1;3;RD810;43,3496700; -1,7428300
40787;202000045319;24;5;2020;21:00;3;64;64504;1;1;1;6;Route de la Platriere;43,3245530; -1,5866020
40788;202000045321;20;10;2020;11:25;1;62;62108;2;1;1;6;NAMUR;50,4190500;1,5704840
40789;202000045322;24;5;2020;13:15;1;10;10355;1;1;1;1;departemantale 951;48,5208110;3,4845540
40790;202000045323;3;1;2020;13:45;1;13;13002;1;1;8;6;PICHAURIS (CHEMIN DE... A GRÉASQUE);43,3800000;5,5425600
40791;202000045325;24;5;2020;01:45;3;10;10011;1;1;1;7;D384;48,2864840;4,7271040
40792;202000045326;6;6;2020;12:45;1;974;97415;1;1;1;2;RN1; -20,9799130;55,2948010
40793;202000045327;1;1;2020;05:50;5;11;11262;2;1;1;6;CHAUX (CHEMIN DES FOURS A);43,1752900;2,9838100
40794;202000045328;24;5;2020;08:50;1;07;07197;1;1;1;1;568 Route de Malbati;45,2134630;4,6851750
40795;202000045329;20;10;2020;20:10;5;54;54395;2;4;1;6;BRIAND (RUE ARISTIDE);48,6820925;6,1649153
40796;202000045330;25;7;2020;14:15;1;24;24372;1;1;1;6;D3;45,1581960;0,5411410
40797;202000045331;24;7;2020;16:15;1;73;73218;1;1;1;7;D991;45,8498917;5,8379483
40798;202000045332;20;10;2020;16:20;1;54;54395;2;1;1;4;BROT (Rue Marcel);48,6812660;6,2037810
40799;202000045333;24;5;2020;02:00;3;40;40195;1;1;1;6;D52;43,7541400; -0,4485510
40800;202000045334;2;1;2020;14:19;1;10;10387;2;1;8;6;ETIENNE PEDRON (RUE);48,3149200;4,0747500
40801;202000045335;2;1;2020;06:39;3;10;10343;1;1;2;6;VERRIERES (RUE);48,2667640;4,1080610
40802;202000045336;21;10;2020;09:00;1;35;35055;2;6;2;3;PARC (RUE DU);48,0879900; -1,6084800
40803;202000045338;21;10;2020;08:10;2;35;35238;1;1;3;3;RN 137;48,0778060; -1,6752310
40804;202000045339;1;1;2020;12:15;1;06;06083;2;9;7;6;SOSPEL (ROUTE DE );43,7901330;7,4924720
40805;202000045340;24;5;2020;18:10;1;85;85288;1;1;1;6;Rue du Gué Robert;46,4741000; -1,6173600
40806;202000045341;21;10;2020;07:20;5;35;35238;2;2;3;1;ANJOU (D');48,1191000; -1,7134900
40807;202000045343;4;1;2020;00:20;5;03;03321;2;1;2;6;20 Rue Jenner;46,5514596;3,3485395
40808;202000045344;23;5;2020;20:30;2;17;17213;1;1;1;1;D107;46,0469360; -0,5308840
40809;202000045346;2;1;2020;16:30;5;75;75120;2;1;1;3;BD PERIPHERIQUE INTERIEUR;48,8731820;2,4119050
40810;202000045347;22;5;2020;19:40;1;17;17268;2;1;1;2;16 Chemin de la Garenne;46,0123952; -0,4340726
40811;202000045348;20;10;2020;17:30;1;35;35238;2;2;1;3;PARIS (RUE DE);48,1124700; -1,6661700
40812;202000045349;2;1;2020;13:20;1;75;75106;2;3;1;3;RUE NOTRE DAME DES CHAMPS;48,8416210;2,3325820
40813;202000045350;25;7;2020;17:20;1;41;41029;2;1;1;6;Route de blois;47,4937970;1,2602680
40814;202000045351;21;10;2020;21:25;5;33;33200;2;1;1;3;AVE PASTEUR;44,8753100; -0,6793200
40815;202000045353;21;10;2020;14:00;1;33;33234;2;1;1;3;CHEM DE LA MATTE;44,8033800; -0,5092100
40816;202000045354;21;10;2020;15:25;1;33;33529;2;1;1;7;PROCESSION (CH. DE LA);44,6237286; -1,1281930
40817;202000045355;26;7;2020;19:20;3;974;97404;1;1;1;6;Avenue Octave Bénard; -21,2793470;55,3416430
40818;202000045356;21;10;2020;07:55;2;33;33529;1;1;1;7;D112;44,5566600; -1,1533300
40819;202000045357;26;7;2020;08:00;1;972;97208;1;1;1;7;N3;14,7245830; -61,1021800
40820;202000045358;3;12;2020;16:50;5;77;77307;2;1;3;3;AV FRANCOIS MITTERRAND;48,8674625;2,7570622
40821;202000045359;21;10;2020;19:55;3;31;31565;1;1;1;6;D 8;43,0946300;0,6919000
40822;202000045360;3;1;2020;19:40;5;75;75119;2;1;2;2;BOULEVARD SERURIER;48,8791410;2,4006390
40823;202000045361;3;1;2020;18:40;5;75;75119;2;1;2;3;BOULEVARD SERURIER;48,8778890;2,4051070
40824;202000045362;3;1;2020;19:00;5;75;75117;2;1;2;6;RUE DE COURCELLES;48,8840742;2,2981717
40825;202000045363;2;1;2020;19:05;5;75;75117;2;1;8;7;BOULEVARD DE REIMS;48,8899010;2,2981450
40826;202000045364;2;12;2020;08:25;1;76;76497;2;6;1;6;JAURES. RUE JEAN;49,3931400;1,0290300
40827;202000045365;26;7;2020;01:20;3;11;11041;1;6;1;2;D5;43,2908890;2,8661010
40828;202000045366;24;5;2020;11:55;1;52;52118;1;1;1;1;N67;48,4789810;5,1193930
40829;202000045367;2;1;2020;09:40;1;75;75118;2;1;1;6;AVENUE DE SAINT OUEN;48,8950628;2,3281288
40830;202000045368;23;5;2020;12:20;1;01;01383;1;1;2;2;D1083;46,1036230;5,1351270
40831;202000045369;20;10;2020;17:15;1;29;29019;2;2;9;3;Rue Albert Einstein;48,4089300; -4,4627600
40832;202000045370;25;7;2020;08:20;1;83;83036;2;9;1;3;Avenue de Saint-raphaël;43,1804510;6,5367040
40833;202000045371;28;11;2020;15:10;1;76;76259;2;1;7;6;DEGENETAIS ( RUE LEON);49,7531000;0,3701000
40834;202000045372;2;1;2020;08:30;1;75;75117;2;4;1;6;RUE DE SAUSSURE;48,8878574;2,3110729
40835;202000045373;3;12;2020;13:28;1;71;71270;2;1;1;6;PILLET (RUE CHARLES);46,2961235;4,8147368
40836;202000045374;2;1;2020;15:35;1;75;75116;2;7;2;3;AVENUE FOCH;48,8737392;2,2940947
40837;202000045375;3;12;2020;09:55;1;66;66136;2;3;1;3;JUIN (AVENUE DU MARECHAL);42,6881600;2,8971500
40838;202000045377;3;1;2020;14:20;1;75;75115;2;1;8;6;QUAI D ISSY LES MOULINEAUX;48,8383870;2,2691970
40839;202000045378;2;1;2020;14:40;1;75;75115;2;2;8;3;QUAI BRANLY;48,8545820;2,2888490
40840;202000045379;2;1;2020;06:55;5;75;75115;2;2;1;3;AVENUE EMILE ZOLA;48,8465570;2,2859930
40841;202000045380;3;1;2020;14:42;1;75;75113;2;2;1;3;AVENUE D ITALIE;48,8261800;2,3572710
40842;202000045381;25;7;2020;18:00;1;67;67395;1;1;1;1;D68;48,6915690;7,3968890
40843;202000045382;2;12;2020;12:40;1;66;66136;2;1;1;6;JOFFRE (AVENUE DU MARECHAL CD 88);42,7072300;2,8917500