;Num_Acc;jour;mois;an;hrmn;lum;dep;com;agg;int;atm;col;adr;lat;long
40844;202000045383;24;5;2020;13:00;1;973;97312;1;1;2;7;Route de Saint Elie D21;5,3161758; -53,0443954
40845;202000045384;7;10;2020;17:25;1;26;26198;2;1;1;1;2 rue Olivier de Serres ;44,5590000;4,7458000
40846;202000045386;23;5;2020;19:30;3;971;97134;2;1;1;1;Anse à la Barque;16,0884960; -61,7669610
40847;202000045388;25;7;2020;12:13;1;67;67437;2;1;1;6;19 Rue de Dettwiller;48,7397521;7,3708202
40848;202000045389;22;5;2020;16:32;1;45;45028;2;1;1;7;34 Rue de la Fontaine Appia;47,7833110;1,6199110
40849;202000045390;2;12;2020;15:00;1;66;66136;2;1;1;6;APPERT NICOLAS;42,7383000;2,8918900
40850;202000045391;21;10;2020;10:25;1;17;17274;2;6;1;3;REPUBLIQUE   ROND-POINT DE LA;46,1533100; -1,1110600
40851;202000045392;2;1;2020;15:05;1;75;75112;2;2;1;3;AVENUE DAUMESNIL;48,8462696;2,3774922
40852;202000045393;23;5;2020;08:10;1;2A;2A300;1;1;1;1;Furculino;41,6577320;9,3019870
40853;202000045395;20;10;2020;11:55;1;16;16102;2;1;2;6;Giratoire de Crouin;45,6945050; -0,3493010
40854;202000045396;2;12;2020;07:45;3;64;64024;2;1;1;7;MAIGNON (ROUTE DE);43,4701700; -1,4980200
40855;202000045397;26;7;2020;03:10;3;14;14061;1;1;1;6;D56;48,9455750; -0,8826400
40856;202000045398;23;5;2020;11:35;1;83;83071;1;1;1;7;Route de Saint Honore;43,1511290;6,2704470
40857;202000045399;3;1;2020;20:50;5;75;75110;2;4;1;6;BOULEVARD DE MAGENTA;48,8804254;2,3523410
40858;202000045401;21;10;2020;07:35;5;14;14118;2;7;2;3;DEMI LUNE (PLACE DE LA );49,1745990; -0,3383520
40859;202000045402;3;1;2020;08:15;2;75;75110;2;1;1;3;AVENUE CLAUDE VELLEFAUX;48,8767440;2,3702980
40860;202000045403;24;5;2020;12:00;1;83;83035;1;1;1;6;Dn8;43,2361990;5,8015540
40861;202000045404;24;11;2020;16:30;1;63;63063;2;1;7;6;CHATEAUGAY (RUE DE);45,8352895;3,0949356
40862;202000045405;21;10;2020;17:15;1;13;13214;2;1;1;2;CAPITAINE GEZE (BOULEVARD);43,3303700;5,3705400
40863;202000045406;24;5;2020;15:40;1;04;04171;1;1;1;1;RD 952;43,7921170;6,3841300
40864;202000045407;2;1;2020;11:20;1;75;75107;2;1;8;7;AVENUE DE LA MOTTE PICQUET;48,8548550;2,3063930
40865;202000045408;25;7;2020;11:40;1;17;17391;1;1;1;3;D108;46,1505179; -1,0564739
40866;202000045409;24;11;2020;11:20;1;62;62498;2;2;1;6;PAIX (R DE LA);50,4284500;2,8286600
40867;202000045410;26;7;2020;12:40;1;974;97410;2;1;1;5;Rue des Myosotis; -21,0527880;55,7146200
40868;202000045411;24;5;2020;04:30;3;26;26179;1;1;1;2;Autourte du Soleil;45,0745810;4,8686170
40869;202000045412;28;11;2020;16:20;1;61;61001;2;1;1;3;MARTIN LUTHER KING ( RUE );48,4309300;0,0654200
40870;202000045414;21;10;2020;14:30;1;13;13214;2;4;1;3;PAUL COXE (RUE);43,3478500;5,3768900
40871;202000045415;3;12;2020;17:00;5;59;59279;2;3;2;6;LILLE (RUE DE);50,7827990;3,1261450
40872;202000045416;25;7;2020;03:30;3;58;58033;1;1;1;7;D2;47,5051600;3,0563500
40873;202000045417;3;1;2020;14:45;1;75;75103;2;3;1;6;RUE SAINT GILLES;48,8578620;2,3664300
40874;202000045418;23;5;2020;12:20;1;68;68298;2;3;2;6;Rue de Lattre de Tassigny;48,2468510;7,1850850
40875;202000045419;13;10;2020;17:45;1;13;13210;2;1;1;3;CHANTE PERDRIX (tvse);43,2754950;5,4333650
40876;202000045421;25;7;2020;18:30;1;42;42210;1;1;1;6;Route de Seyoux;45,4937660;4,6206090
40877;202000045422;3;1;2020;15:05;1;75;75104;2;2;2;3;QUAI DE GESVRES;48,8560680;2,3506930
40878;202000045424;3;1;2020;15:25;1;94;94021;2;3;1;6;GENERAL DE GAULLE (AV DU);48,7730200;2,3391200
40879;202000045425;29;11;2020;16:40;1;59;59329;2;1;1;3;SEMARD (RUE PIERRE);50,3514700;3,0787000
40880;202000045426;3;1;2020;18:50;5;94;94028;2;1;1;6;CHOISY(ROUTE DE);48,7812268;2,4451622
40881;202000045427;19;10;2020;18:25;2;13;13205;2;1;1;4;SAKAKINI (BOULEVARD);43,2928000;5,4012800
40882;202000045429;3;1;2020;13:00;1;94;94079;2;7;1;1;EGLISE (PL DE L);48,8273400;2,5423400
40883;202000045430;18;10;2020;16:35;1;13;13047;1;8;1;3;FOS (ROUTE DE) - RN 569;43,4888180;4,9641760
40884;202000045431;3;1;2020;09:00;2;93;93078;2;3;1;3;CH DE SAVIGNY / R DE PARIS;48,9624862;2,5341864
40885;202000045434;24;5;2020;20:15;1;57;57271;1;1;1;6;1 Rue des Champs;49,1037850;6,7989660
40886;202000045435;3;1;2020;20:50;5;93;93048;2;1;2;2;GABRIEL PERI (AVENUE);48,8573097;2,4406223
40887;202000045436;23;5;2020;09:02;1;31;31420;2;1;1;3;85 Rue d'Andorre;43,5056010;1,3910630
40888;202000045437;26;7;2020;07:30;1;83;83019;1;1;1;-1;Avenue Lou Mistraou;43,1512390;6,3083730
40889;202000045438;26;7;2020;05:00;2;59;59382;1;1;1;1;CD 15;50,0560640;3,4180360
40890;202000045439;30;11;2020;20:30;5;54;54304;2;1;2;1;QUATRE VENTS (AVENUE DES);48,6972420;6,1347431
40891;202000045440;20;10;2020;09:00;1;13;13004;2;1;1;6;BD EMILE COMBES;43,6802200;4,6338800
40892;202000045441;3;1;2020;13:40;1;93;93027;2;2;1;1;PASTEUR (BOULEVARD) DE 40 A +;48,9209900;2,3831200
40893;202000045445;2;12;2020;17:25;5;50;50218;2;1;2;3;MATIGNON (AV DES);48,8379700; -1,5766900
40894;202000045446;20;10;2020;07:20;2;13;13004;2;1;1;6;BD EMILE COMBES;43,6797400;4,6338800
40895;202000045447;3;1;2020;15:30;1;92;92075;2;9;8;2;RAYMOND MARCHERON (RUE);48,8194000;2,2882800
40896;202000045448;17;10;2020;18:05;1;13;13001;1;1;1;2;RN 296;43,5359000;5,4314800
40897;202000045449;21;7;2020;08:10;1;67;67053;1;9;1;7;D209 PK5;48,2340151;7,5654853
40898;202000045450;3;1;2020;20:10;5;92;92049;2;1;2;6;BERT RUE PAUL;48,8175690;2,3109620
40899;202000045451;20;10;2020;18:27;5;10;10362;2;1;2;2;GENERAL LECLERC (RUE DU);48,2923500;4,0408400
40900;202000045452;3;1;2020;09:35;1;92;92012;2;1;1;3;GENERAL LECLERC (AVENUE DU) 1/33 - 2/58;48,8323000;2,2393000
40901;202000045453;20;10;2020;17:53;1;10;10387;2;9;2;2;PREMIER MAI (RUE DU);48,3040000;4,0883000
40902;202000045455;24;5;2020;07:30;1;29;29169;1;1;1;6;Ker Elisa;48,0724440; -4,1855230
40903;202000045456;3;1;2020;20:20;5;92;92012;2;2;2;3;CHATEAU (RUE DU) 127/FIN - 133/FIN;48,8416711;2,2369878
40904;202000045457;3;12;2020;07:55;4;50;50129;2;1;3;6;CESSART (AVENUE DE);49,6445100; -1,6314800
40905;202000045458;4;1;2020;14:25;1;71;71305;1;1;1;2;Autoroute du Soleil;46,4663906;4,8802595
40906;202000045459;26;7;2020;13:00;1;11;11209;1;1;1;-1;D118;42,9701270;2,2594450
40907;202000045460;21;10;2020;13:45;1;09;09122;1;1;1;4;RD 919;42,9879730;1,6157110
40908;202000045461;2;12;2020;18:15;3;50;50173;2;2;2;3;ARAGO (RUE);49,6533300; -1,6632800
40909;202000045462;20;10;2020;10:28;1;06;06004;2;3;1;6;GAMBETTA AV.;43,5825000;7,1202000
40910;202000045464;30;11;2020;14:00;1;50;50602;2;3;1;3;BRIAND (RUE ARISTIDE);49,6474300; -1,5912500
40911;202000045465;24;5;2020;17:45;1;60;60241;1;1;1;7;D126;49,1700930;2,6748195
40912;202000045466;25;7;2020;17:30;1;55;55571;2;5;1;7;Grande Rue;49,3295550;5,2334940
40913;202000045467;21;10;2020;17:25;1;75;75116;2;1;1;2;ECHANGEUR MUETTE;48,8611710;2,2638910
40914;202000045468;26;7;2020;10:00;1;49;49200;1;1;1;6;D775;47,5435601; -0,6530800
40915;202000045469;3;1;2020;22:30;3;41;41120;2;1;1;6;La Prazerie;47,7933060;0,9376650
40916;202000045471;25;6;2020;11:00;1;86;86244;1;1;1;7;D29;46,3568800;0,0199130
40917;202000045473;3;1;2020;20:40;3;56;56218;1;1;1;1;Route de Peillac;47,7254590; -2,2701840
40918;202000045474;20;10;2020;11:15;1;75;75118;2;1;8;6;RUE ORDENER;48,8935020;2,3374490
40919;202000045475;4;1;2020;04:00;3;65;65460;1;1;1;6;Route de Rabastens;43,3853800;0,0980830
40920;202000045476;3;12;2020;17:58;4;45;45068;2;9;2;6;Rue Aristide Briand;48,0121690;2,7394530
40921;202000045477;25;7;2020;16:25;1;22;22207;2;2;1;3;Rue du Lity;48,6185130; -3,4623780
40922;202000045478;21;10;2020;11:20;1;75;75117;2;1;1;1;RUE DE TILSITT;48,8752740;2,2954430
40923;202000045480;21;11;2020;11:10;1;44;44109;2;1;1;6;BOULEVARD ROBERT SCHUMAN;47,2352300; -1,5675300
40924;202000045481;26;7;2020;17:45;1;22;22346;2;1;1;7;30 rue des chataigniers;48,3595710; -2,6247130
40925;202000045483;26;7;2020;04:25;3;25;25083;1;1;1;6;D117;47,4754040;6,4947640
40926;202000045484;3;1;2020;13:35;1;39;39323;1;1;2;1;;47,1681300;5,4965540
40927;202000045486;30;11;2020;06:20;5;41;41018;2;3;1;3;RIFFAULT (RUE EUGENE);47,5899100;1,3418660
40928;202000045487;26;7;2020;00:25;3;44;44216;2;1;2;6;Avenue de la Vendée;46,9697110; -1,4308570
40929;202000045489;19;10;2020;20:50;5;75;75117;2;2;1;2;AVENUE DE VILLIERS;48,8851490;2,2956670
40930;202000045491;19;10;2020;20:40;5;75;75116;2;1;1;3;RUE DE L ASSOMPTION;48,8553420;2,2669880
40931;202000045493;24;7;2020;17:30;1;44;44003;2;7;1;6;Place Jeanne-d'Arc;47,3654150; -1,1772640
40932;202000045494;21;10;2020;20:50;5;75;75115;2;1;1;3;RUE DE VAUGIRARD;48,8352230;2,2923280
40933;202000045495;24;7;2020;16:05;1;31;31188;1;1;7;5;35 Route de Fonsorbes;43,5460399;1,2054054
40934;202000045497;3;1;2020;18:00;3;29;29130;1;3;1;3;D789;48,3587280; -4,6305333
40935;202000045498;1;12;2020;08:55;1;37;37261;2;1;1;7;JAURES (PLACE JEAN);47,3899119;0,6882891
40936;202000045499;21;10;2020;10:50;1;75;75115;2;7;2;6;AVENUE DE BRETEUIL;48,8453770;2,3110040
40937;202000045500;3;12;2020;08:15;2;37;37233;2;3;2;2;FLORENCE (AVENUE DE);47,3783083;0,7416408
40938;202000045501;21;10;2020;20:21;5;75;75112;2;7;1;3;AVENUE DU TRONE;48,8481410;2,3974760
40939;202000045502;3;1;2020;23:40;3;26;26155;1;1;8;6;Route de Beaurepaire;45,3222300;5,0021010
40940;202000045503;3;12;2020;07:30;3;37;37195;1;1;2;7;;47,3893889;0,6487258
40941;202000045504;19;10;2020;20:30;5;75;75112;2;2;1;3;RUE DE REUILLY;48,8473470;2,3867860
40942;202000045505;25;7;2020;18:00;1;38;38015;2;1;1;3;Route de Roche;45,5368740;5,1638100
40943;202000045506;23;5;2020;13:00;1;62;62355;1;1;1;2;Route Departementale 950;50,3332030;2,9145420
40944;202000045507;30;11;2020;16:23;1;37;37261;2;1;1;7;FAURE (RUE GABRIEL);47,3735830;0,6982547
40945;202000045508;23;5;2020;12:15;1;62;62557;2;1;1;2;Rue de Neuville;50,3280300;2,7122960
40946;202000045509;24;5;2020;01:15;5;62;62801;2;1;1;6;74 Rue Raoul Briquet;50,3935820;2,7499670
40947;202000045510;3;12;2020;00:00;5;34;34172;2;3;1;3;BLUM (RUE LEON);43,6089200;3,8908500
40948;202000045511;23;5;2020;09:40;1;94;94034;1;1;2;7;AUTOROUTE A86;48,7559073;2,3351273
40949;202000045512;23;5;2020;01:00;5;94;94037;1;1;2;7;AUTOROUTE A6B;48,8153200;2,3561900
40950;202000045513;21;10;2020;15:10;1;75;75110;2;2;1;4;BOULEVARD DE MAGENTA;48,8704910;2,3611930
40951;202000045514;3;12;2020;14:00;1;33;33039;2;3;2;3;RTE DE TOULOUSE / AVE FAVARQUE;44,8045900; -0,5721400
40952;202000045517;10;7;2020;06:00;1;03;03258;1;1;1;6;Rue des Barathons;46,1914093;3,3846577
40953;202000045518;25;7;2020;10:20;1;15;15258;1;1;1;1;D8;44,9695060;2,6226240
40954;202000045519;28;11;2020;18:45;5;33;33063;2;2;1;3;GAUTIER (BD ANTOINE) (20-40) PAIRS;44,8334100; -0,5985400
40955;202000045521;23;5;2020;07:00;1;95;95582;1;1;2;6;AUTOROUTE A115;48,9724800;2,2473400
40956;202000045522;25;7;2020;17:15;1;06;06059;1;1;1;1;389 Avenue des Diables Bleus;43,7244250;7,3370270
40957;202000045523;2;12;2020;16:00;1;31;31069;2;1;2;3;GUYENNE (RUE DE);43,6311700;1,3899200
40958;202000045524;21;10;2020;20:30;5;94;94052;2;1;1;7;CHARLES DE GAULLE (GRAND RUE);48,8370480;2,4837560
40959;202000045525;26;7;2020;02:40;3;14;14143;1;1;2;6;D71;49,0924859; -0,8518255
40960;202000045526;22;5;2020;11:30;1;974;97411;1;9;1;3;Route des Eucalyptus; -20,8881100;55,4333500
40961;202000045527;3;12;2020;13:25;1;30;30189;2;1;1;3;LASSERRE JEAN (AVENUE);43,8215600;4,3581100
40962;202000045528;25;7;2020;12:10;1;90;90082;2;3;1;2;1 Rue de Rechotte;47,5916180;6,9559120
40963;202000045529;21;10;2020;17:00;1;94;94041;2;2;1;6;VERDUN (AV DE);48,8091100;2,3736700
40964;202000045530;22;5;2020;18:55;1;69;69387;2;1;1;6;GEORGES GOUY                        (R );45,7305100;4,8351200
40965;202000045531;23;7;2020;09:40;1;83;83007;2;6;1;3;Route de Salernes;43,6175340;6,2203970
40966;202000045532;3;12;2020;18:29;5;29;29232;2;3;2;6;Rue de Kerlerec;47,9967174; -4,1115351
40967;202000045533;22;5;2020;09:15;1;69;69388;2;2;1;3;ST MAURICE                          (R );45,7428800;4,8674400
40968;202000045535;3;12;2020;16:25;1;29;29232;2;3;2;3;Rue de Kerfeunteun;48,0003600; -4,1012500
40969;202000045536;21;10;2020;15:25;1;94;94073;2;2;1;3;SAUSSAIE (R DE LA);48,7666000;2,3862300
40970;202000045537;26;7;2020;07:30;1;64;64477;1;1;1;7;Route de Banca;43,1720790; -1,3518660
40971;202000045538;16;5;2020;00:35;5;69;69386;2;3;1;3;VAUBAN                              (R );45,7663000;4,8596000
40972;202000045540;3;12;2020;08:00;2;29;29232;1;6;3;1;D765 - Route de Rosporden;47,9817192; -4,0352780
40973;202000045541;26;7;2020;07:25;2;36;36078;1;1;1;6;Les Champs de Montabin;46,5857658;1,8770581
40974;202000045542;11;9;2020;08:00;1;28;28134;2;1;1;6;KENNEDY (AVENUE DU PRESIDENT);48,7302900;1,3797300
40975;202000045543;22;5;2020;19:50;5;972;97209;1;3;1;3;REDOUTE (ROUTE DE LA);14,6153600; -61,0617200
40976;202000045544;9;11;2020;22:45;3;27;27528;1;1;1;6;RD6015;49,2723000;1,1594500
40977;202000045545;23;7;2020;11:45;1;36;36055;1;1;7;3;Maubert;46,9296674;1,2154053
40978;202000045547;3;12;2020;17:55;5;17;17300;2;1;3;6;KENNEDY   AVENUE DU PRESIDENT J;46,1675200; -1,1807200
40979;202000045548;22;5;2020;06:30;1;972;97209;1;1;1;2;RD 41 (ROCADE);14,6054600; -61,0900000
40980;202000045549;3;12;2020;15:45;1;17;17300;2;1;3;6;SCHWEITZER   RUE DU DOCTEUR ALB;46,1583200; -1,1443100
40981;202000045550;21;10;2020;07:10;5;94;94071;2;1;2;7;PARIS (R DE);48,7735770;2,5044800
40982;202000045551;22;5;2020;22:25;5;69;69382;2;1;1;6;MARECHAL JOFFRE (DU)                (QU);45,7526000;4,8245000
40983;202000045552;25;7;2020;18:10;1;16;16393;1;1;1;7;Lieu dit Le Deroc;45,7633920;0,1574130
40984;202000045553;21;10;2020;17:55;1;93;93078;2;2;1;6;BALLANGER (BD ROBERT);48,9555250;2,5390381
40985;202000045554;3;12;2020;16:25;1;17;17300;2;1;3;7;POINCARE   AVENUE RAYMOND;46,1669200; -1,1923700
40986;202000045555;26;7;2020;12:00;1;53;53059;1;1;1;3;D20;48,1024020; -0,5048130
40987;202000045556;21;10;2020;14:50;1;93;93066;2;1;1;3;LIBERATION RD14 (BOULEVARD);48,9334435;2,3423428
40988;202000045557;25;7;2020;04:20;3;04;04031;1;1;1;7;RD 953;43,9011860;6,1387610
40989;202000045558;20;10;2020;15:25;1;93;93048;2;1;2;2;PARIS (RUE DE);48,8578100;2,4350100
40990;202000045559;24;7;2020;23:30;3;27;27209;1;1;1;6;D88;49,3037270;0,7360300
40991;202000045560;21;10;2020;16:50;1;93;93046;2;9;1;6;ROBERT SCHUMANN BOULEVARD;48,9286770;2,5504766
40992;202000045561;21;10;2020;16:20;1;93;93001;2;1;1;-1;JEAN JAURES (AVE)  215 =>;48,9153791;2,4046205
40993;202000045562;25;7;2020;14:20;1;28;28394;1;1;1;7;3 Rue de Châteauneuf;48,6740200;1,3221680
40994;202000045563;3;12;2020;14:20;1;14;14118;2;1;1;2;RN 814;49,1995300; -0,3449700
40995;202000045564;21;10;2020;18:35;2;92;92051;2;3;1;2;GENERAL LECLERC (BOULEVARD DU, N° 1 A 27;48,8880952;2,2577092
40996;202000045565;21;10;2020;19:30;5;92;92025;2;2;1;3;CHARLES DE GAULLE (BD);48,9145390;2,2291670
40997;202000045566;3;12;2020;18:00;1;13;13205;2;1;1;6;DOCTEUR SIM. SEDAN (RUE);43,2954585;5,3978754
40998;202000045567;3;12;2020;07:45;1;13;13201;2;1;1;6;LIEUTAUD (COURS)      2 A 52;43,2958820;5,3815280
40999;202000045568;25;7;2020;06:15;2;17;17314;1;1;1;7;RD129E3;45,7734200; -0,5001350
41000;202000045569;20;10;2020;20:30;5;92;92025;2;1;1;2;AGENT SARRE (AV DE L');48,9246610;2,2657260
41001;202000045570;3;12;2020;06:40;2;13;13211;2;1;1;-1;FALAISE (RUE DE LA);43,2900000;5,4300000
41002;202000045571;23;7;2020;18:55;1;30;30116;1;1;8;7;D351;43,9110340;4,5998220
41003;202000045572;21;10;2020;17:15;1;92;92024;2;1;1;2;JEAN JAURES (BD) DE 47 A 109)   (56 A 14;48,9341380;2,2593250
41004;202000045573;24;7;2020;21:45;5;973;97307;1;1;1;7;N2;4,8271725; -52,3385658
41005;202000045574;2;12;2020;10:30;1;13;13211;2;1;1;6;SAINT MARCEL (BOULEVARD DE );43,2862430;5,4740836
41006;202000045575;21;10;2020;12:20;1;92;92012;2;1;1;2;TRAVERSIERE (RUE);48,8250987;2,2455539
41007;202000045576;21;10;2020;11:40;1;974;97415;2;1;1;3;Route de l'Eperon; -21,0440920;55,2578560
41008;202000045577;2;12;2020;17:25;4;13;13063;1;9;1;3;RN 1569 LA TRANSHUMANCE;43,5864600;4,9889800
41009;202000045578;26;7;2020;15:00;1;24;24063;1;1;1;5;La Franquie;44,7347540;1,2159850
41010;202000045579;21;10;2020;19:15;2;08;08088;1;1;1;6;D29;49,6140190;4,9137210
41011;202000045580;19;10;2020;14:20;1;25;25518;1;1;1;2;A36;47,3425600;6,2413500
41012;202000045581;25;7;2020;17:50;1;80;80021;1;1;1;6;A16;49,8988500;2,2325630
41013;202000045582;21;10;2020;14:35;1;81;81113;1;1;1;7;D31;43,8558680;2,1943470
41014;202000045583;21;10;2020;22:50;3;28;28012;1;1;2;6;3 Route du Poislay;48,0689500;1,1313180
41015;202000045584;22;10;2020;16:00;1;974;97412;1;1;1;3;94 Rue Edmond Albius; -21,3624620;55,6063190
41016;202000045585;16;10;2020;17:44;1;01;01238;2;1;1;3;312 Route de Reyrieux;45,9092900;4,8230090
41017;202000045586;22;10;2020;00:00;3;76;76122;1;1;1;-1;A28;49,8375950;1,5314770
41018;202000045588;2;12;2020;18:15;5;10;10387;2;1;2;4;MARECHAL DE LATTRE DE TASSIGNY (RUE DU);48,3046600;4,0946100
41019;202000045589;22;10;2020;11:15;1;974;97414;1;1;1;6;N5; -21,2266020;55,4556580
41020;202000045590;2;12;2020;08:40;1;06;06088;2;1;1;6;EUCALYPTUS (AV. DES);43,6742300;7,2212300
41021;202000045591;24;7;2020;11:56;1;86;86123;1;1;1;2;A10;46,5076630;0,1161370
41022;202000045592;3;12;2020;07:48;1;04;04112;1;6;1;3;RD 907 / Ch de la source;43,8332670;5,7690100
41023;202000045593;25;7;2020;20:20;3;973;97312;1;1;1;6;N1;5,3311740; -52,9144260
41024;202000045594;21;10;2020;06:50;5;38;38400;2;1;1;3;Avenue Abel Rossignol;45,3494120;5,5953400
41025;202000045595;22;10;2020;12:30;1;83;83019;1;1;1;1;Avenue Lou Mistraou;43,1499057;6,2911606
41026;202000045596;3;12;2020;08:05;1;75;75119;2;1;1;3;BOULEVARD PERIPHERIQUE;48,9003270;2,3793670
41027;202000045597;24;7;2020;18:45;2;971;97111;2;3;1;3;295 Chemin de Petite Rivière;16,2779290; -61,8000810
41028;202000045598;2;12;2020;21:25;5;75;75120;2;4;1;6;BOULEVARD PERIPHERIQUE;48,8688240;2,4131730
41029;202000045599;26;7;2020;14:50;1;37;37131;1;1;1;1;;47,4398585;1,0291113
41030;202000045600;22;10;2020;16:30;1;71;71167;1;1;2;1;D139;46,8202380;5,0193790
41031;202000045601;2;12;2020;06:45;3;75;75120;2;1;1;7;BOULEVARD PERIPHERIQUE;48,8626080;2,4135530
41032;202000045602;26;7;2020;03:15;3;34;34145;1;2;1;1;Route de la Petite Camargue;43,6689270;4,1435400
41033;202000045603;3;12;2020;10:50;1;75;75119;2;7;2;7;BOULEVARD DE LA COMMANDERIE;48,9007490;2,3869670
41034;202000045604;26;7;2020;14:50;1;05;05063;1;1;1;3;D1091;45,0424270;6,2714680
41035;202000045605;22;10;2020;17:58;2;62;62279;2;2;1;3;Ruelle Tombree route de dainville;50,2938560;2,7090950
41036;202000045607;22;10;2020;06:30;3;57;57108;1;1;1;1;D962;49,1336370;7,4214170
41037;202000045608;26;7;2020;11:35;1;26;26058;1;1;1;4;Autoroute du Soleil;44,9498030;4,8895870
41038;202000045609;3;12;2020;19:00;5;75;75116;2;2;2;6;AVENUE THEOPHILE GAUTIER;48,8475120;2,2691330
41039;202000045610;26;7;2020;15:40;1;68;68269;1;1;2;7;D11.5;48,1958450;7,2282530
41040;202000045612;22;10;2020;10:00;1;56;56230;1;1;5;7;Le Landier;47,7865220; -2,2180630
41041;202000045613;2;12;2020;22:30;5;75;75116;2;4;1;2;BOULEVARD DE BEAUSEJOUR;48,8566020;2,2662940
41042;202000045614;25;7;2020;07:40;1;67;67351;2;1;7;-1;Rue Principale Niederseebach;48,9515000;7,9981110
41043;202000045615;26;7;2020;16:50;1;55;55340;1;9;1;7;15 Rue de Rippe;48,7798390;5,0033930
41044;202000045616;21;10;2020;17:03;1;77;77509;1;1;1;7;D213;48,4914870;3,0236810
41045;202000045617;25;7;2020;22:00;3;57;57122;1;1;1;3;D656;49,0783640;6,8274660
41046;202000045618;25;7;2020;17:45;1;57;57460;1;1;1;7;D55;49,2528140;6,6804390
41047;202000045619;21;10;2020;21:25;3;67;67276;1;1;1;6;RD 392;48,5121700;7,2785500
41048;202000045620;26;7;2020;15:30;1;03;03066;1;1;1;6;;46,0741434;3,7785716
41049;202000045621;20;10;2020;22:45;3;79;79063;1;1;2;7;Lieu-dit l'Ebaupinaie;47,0858820; -0,3524640
41050;202000045622;26;7;2020;16:00;1;73;73054;2;1;1;1;D1090 Lieu dit LE MOLLARD;45,6254916;6,7812414
41051;202000045623;21;10;2020;09:10;1;19;19030;1;1;1;6;A89;45,1599810;1,3360400
41052;202000045625;21;10;2020;17:40;1;11;11036;1;1;1;6;D222;42,8379140;2,0740770
41053;202000045626;21;10;2020;08:00;4;49;49248;2;9;3;6;16 Rue de Bretagne (Combrée);47,7112040; -0,9905660
41054;202000045628;3;12;2020;19:41;5;75;75113;2;2;2;6;BOULEVARD DU GENERAL JEAN SIMON;48,8241070;2,3769160
41055;202000045629;26;7;2020;03:50;4;14;14009;2;1;1;7;3 Route de l'Arbre au Canu;49,2519940; -0,2303160
41056;202000045630;20;10;2020;09:15;1;47;47168;2;1;1;6;Rue Henri Caillavet;44,5989510;0,3562080
41057;202000045631;25;7;2020;05:30;2;80;80721;2;1;1;6;Route de Gamaches;50,1625360;1,6196680
41058;202000045632;21;10;2020;19:10;2;22;22226;1;1;1;7;Prat An Vel;48,6788840; -3,5402150
41059;202000045633;24;7;2020;16:30;1;13;13055;1;1;1;3;A507 sens Marseille - Aubagne;43,2862400;5,4319300
41060;202000045634;25;7;2020;02:35;3;33;33122;1;1;1;2;AUTOROUTE A 63;44,7204900; -0,7379800
41061;202000045636;25;7;2020;16:45;1;95;95018;1;1;1;7;AUTOROUTE A15;48,9604322;2,2709389
41062;202000045638;25;7;2020;07:50;1;95;95306;1;1;1;2; A15;48,9984400;2,1771000
41063;202000045639;22;10;2020;14:15;1;29;29227;1;2;1;3;Lieu Dit Trohoat;48,3534830; -3,5993640
41064;202000045640;24;7;2020;22:50;3;93;93066;1;1;1;3;AUTOROUTE A1;48,9348000;2,3722000
41065;202000045641;24;7;2020;15:30;1;93;93007;1;1;1;2;AUTOROUTE A3;48,9259400;2,4812300
41066;202000045642;25;7;2020;09:20;1;94;94065;1;1;1;3;A86 EXT;48,7538500;2,3503400
41067;202000045643;3;12;2020;19:05;5;75;75113;2;2;2;6;AVENUE DE LA PORTE D IVRY;48,8215820;2,3693250
41068;202000045644;17;2;2020;12:10;1;05;05061;2;9;1;6;Rue du Fleurendon (Gap);44,5442500;6,0627800
41069;202000045645;20;10;2020;10:30;1;01;01072;1;3;1;1;RD 979;46,1841170;5,3053130
41070;202000045647;21;10;2020;17:15;1;70;70311;2;1;1;3;58 Avenue du Marechal Turenne;47,8122540;6,3642950
41071;202000045648;24;7;2020;07:30;1;974;97416;2;1;1;3;PASTEUR (RUE); -21,2829000;55,4725000
41072;202000045650;2;12;2020;20:45;4;75;75112;2;1;1;6;RUE DU FAUBOURG SAINT ANTOINE;48,8521810;2,3727010
41073;202000045651;16;7;2020;06:40;2;974;97407;2;1;1;7;COMMUNE DE PARIS (AVENUE); -20,9300000;55,2900000
41074;202000045653;20;10;2020;12:00;1;06;06032;2;1;1;1;11 Route de la Turbie;43,7251800;7,3939270
41075;202000045654;24;7;2020;14:10;1;972;97209;2;3;1;1;ARAWAKS (AVENUE DES);14,6184000; -61,0417000
41076;202000045655;19;10;2020;15:45;1;50;50419;1;1;1;1;Pont d'Hyenville;48,9948080; -1,4632250
41077;202000045656;24;7;2020;13:40;1;971;97101;1;2;1;2;PALAIS ROYAL;16,2937000; -61,4946600
41078;202000045658;24;7;2020;20:39;1;95;95680;2;1;1;2;PIERRE SEMARD (AVENUE);49,0019760;2,4046518
41079;202000045659;22;10;2020;15:30;1;50;50562;2;4;1;3;Rue d'Isamberville;49,5849090; -1,2663840
41080;202000045660;22;7;2020;12:15;1;91;91589;2;1;1;6;DE GAULLE  (AVENUE CHARLES);48,7052300;2,3379200