;Num_Acc;jour;mois;an;hrmn;lum;dep;com;agg;int;atm;col;adr;lat;long
41081;202000045661;2;12;2020;13:45;1;75;75112;2;2;1;3;AVENUE DES CANADIENS;48,8172117;2,4586460
41082;202000045662;22;10;2020;12:37;1;60;60443;2;1;1;2;215 Rue du Marais de Chevoyeux;49,6542230;2,9928730
41083;202000045663;22;7;2020;21:50;2;91;91201;2;1;1;7;FERDINAND BUISSON(RUE);48,6760600;2,4068200
41084;202000045664;21;10;2020;23:50;3;88;88313;2;1;1;6;Rue du Haut de Fosse;48,3483880;6,4298240
41085;202000045665;22;7;2020;16:09;1;91;91103;2;1;1;7;CAROUGE  (RUE DU);48,6132400;2,2993800
41086;202000045666;23;7;2020;17:16;1;87;87085;2;1;1;2;ARMAND (AVE Z.A.C;45,8616600;1,2746500
41087;202000045667;23;7;2020;08:14;1;87;87085;2;1;1;2;VALOINE (BOULEVARD DE LA);45,8224456;1,2154537
41088;202000045668;13;6;2020;09:45;1;86;86066;2;9;1;6;Av du Mal de Lattre de Tassigny;46,8186900;0,5256800
41089;202000045669;19;10;2020;15:00;1;78;78575;2;6;1;3;1 Rue du Moulin;48,7021350;2,0651400
41090;202000045670;23;7;2020;11:35;1;85;85194;2;2;1;3;RUE JACQUES BREL;46,5045000; -1,7276000
41091;202000045671;21;7;2020;17:50;1;77;77118;2;1;1;6;ROUTE NATIONALE 3;48,9475200;2,6620900
41092;202000045672;22;7;2020;19:50;1;77;77468;2;1;1;6;LEON BLUM (RUE);48,8397000;2,6530900
41093;202000045673;24;7;2020;14:20;1;77;77122;2;4;1;3;LOUIS ET AUGUSTE LUMIERE(RUE);48,6556500;2,5602900
41094;202000045675;3;12;2020;01:30;5;75;75111;2;7;1;3;PLACE DE LA REPUBLIQUE;48,8666420;2,3652900
41095;202000045676;22;10;2020;13:15;1;34;34337;1;1;2;5;D185;43,5392000;3,8825730
41096;202000045678;22;10;2020;00:45;3;49;49222;1;1;1;7;A87;47,3586490; -0,5797700
41097;202000045679;23;7;2020;16:30;1;76;76575;1;1;1;2;A 13 - D 18 E (BRETELLE D'ACCES);49,3589000;1,0856000
41098;202000045680;21;10;2020;14:27;1;77;77069;1;2;1;3;D637 / route de Saint Martin;48,4574270;2,5878860
41099;202000045681;3;12;2020;17:50;5;75;75110;2;1;2;6;RUE DU FAUBOURG SAINT DENIS;48,8823510;2,3587430
41100;202000045682;3;12;2020;17:40;5;75;75110;2;3;2;6;BOULEVARD DE LA VILLETTE;48,8749450;2,3735020
41101;202000045683;2;12;2020;15:00;1;75;75110;2;2;1;6;RUE LA FAYETTE;48,8816220;2,3658040
41102;202000045684;3;12;2020;11:09;1;75;75108;2;3;8;3;RUE DE COURCELLES;48,8754040;2,3088350
41103;202000045685;2;12;2020;17:20;5;75;75101;2;3;2;6;RUE DE RIVOLI;48,8662980;2,3241680
41104;202000045687;3;12;2020;18:20;5;94;94068;2;2;2;6;MARNE (BD DE LA);48,7905120;2,5077640
41105;202000045688;2;12;2020;18:30;5;94;94068;2;1;2;3;Boulevard de Champigny;48,8007620;2,5054030
41106;202000045689;3;12;2020;11:30;1;94;94052;2;2;2;3;JOINVILLE (AV DE);48,8310550;2,4687730
41107;202000045690;3;12;2020;18:56;3;94;94046;2;1;2;3; PONT DE CHARENTON (RTE);48,8165700;2,4196500
41108;202000045691;3;12;2020;19:20;5;94;94038;2;1;2;6;MARC SANGNIER (R);48,7659800;2,3243300
41109;202000045692;3;12;2020;11:35;1;94;94073;2;3;2;6;Avenue de Versailles;48,7613600;2,4033600
41110;202000045693;3;12;2020;14:28;1;94;94022;2;6;2;3;Avenue Louis Luc;48,7607511;2,4143624
41111;202000045694;3;12;2020;17:00;5;94;94055;2;1;2;4;OLIVIER D ORMESSON (AV);48,7850100;2,5385600
41112;202000045695;3;12;2020;20:10;5;94;94017;2;1;2;1;MUSSELBURGH (R DE);48,8075100;2,5220800
41113;202000045696;3;12;2020;08:45;1;93;93071;2;1;2;6;AULNAY (RUE D');48,9398862;2,5164768
41114;202000045697;3;12;2020;20:00;5;93;93057;2;1;2;6;CHANZY ( AV.);48,9105486;2,5195706
41115;202000045698;2;12;2020;11:45;1;93;93010;2;9;1;6;BARBUSSE (AV. HENRI) DE 115 A FIN COTE I;48,9001597;2,4922859
41116;202000045699;3;12;2020;19:00;5;92;92020;2;9;2;7;DIVISION LECLERC AVENUE DE LA;48,7968593;2,2805375
41117;202000045700;3;12;2020;18:31;5;92;92040;2;1;2;6;RODIN (BOULEVARD);48,8200294;2,2610687
41118;202000045701;3;12;2020;07:50;5;92;92025;2;5;2;3;CHARLES DE GAULLE (BD);48,9145410;2,2291760
41119;202000045702;3;12;2020;18:20;5;92;92012;2;1;2;7;SAUSSIERE (RUE DE LA);48,8373030;2,2405380
41120;202000045703;3;12;2020;18:30;5;92;92007;2;1;2;6;RAVERA (AVENUE HENRI) N° 1 A 109 ET 2 A;48,7997730;2,3074763
41121;202000045704;3;12;2020;22:00;3;95;95353;1;1;3;2;A16;49,0872539;2,3148952
41122;202000045705;3;12;2020;15:00;1;37;37031;2;1;2;6;10 Rue du Boeuf;47,2747971;0,1824862
41123;202000045706;3;12;2020;17:10;2;08;08362;2;1;2;6;19 Avenue Charles de Gaulle;49,5159210;4,3643050
41124;202000045708;4;12;2020;15:20;1;29;29181;1;1;2;6;N12 - Keriel Plouedern;48,4883635; -4,2620409
41125;202000045710;3;12;2020;12:30;1;71;71336;2;1;2;6;34 Route de Colombey;46,7280049;4,9500584
41126;202000045711;2;12;2020;15:10;1;22;22312;1;1;1;6;Le Pont de Rance;48,3261900; -2,0673660
41127;202000045712;30;11;2020;08:45;2;22;22185;1;6;5;2;les vallées;48,3750670; -2,3603440
41128;202000045713;4;12;2020;11:00;1;56;56036;1;1;1;3;Lieu-Dit Kerihuet Nord;47,7937200; -3,3102000
41129;202000045714;4;12;2020;13:50;1;82;82123;1;3;1;6;Route de Claou;43,9093970;1,3067790
41130;202000045715;2;12;2020;17:20;3;63;63132;1;1;5;7;D996;45,5978140;3,5812050
41131;202000045716;3;12;2020;06:15;3;49;49170;1;1;1;6;D770;47,6747940; -0,5209060
41132;202000045717;3;12;2020;19:05;5;49;49218;2;3;3;3;Avenue de Bon Air (Saint-Pierre-Montlimart);47,2638610; -1,0328220
41133;202000045718;1;12;2020;14:40;1;22;22211;1;2;1;7;D11 kerauzern;48,6557380; -3,4445140
41134;202000045720;4;12;2020;07:45;5;44;44014;2;1;2;6;rue des prés;47,0976010; -1,4881810
41135;202000045721;4;12;2020;13:15;1;44;44014;2;1;1;6;Rue du Moulin;47,0971160; -1,4930140
41136;202000045722;3;12;2020;08:25;2;29;29160;2;1;3;6;D59 - Avenue Waltenhoffen;48,4991750; -4,4308910
41137;202000045723;3;12;2020;18:45;5;03;03275;2;2;1;6;Route de la Folie;46,5379931;3,1977182
41138;202000045724;3;12;2020;18:00;5;72;72132;2;1;3;6;Avenue Pierre Brulé;48,1805720;0,6615590
41139;202000045725;4;12;2020;07:00;3;14;14172;1;1;2;6;Route d'Escures;49,3277230; -0,7576270
41140;202000045726;2;12;2020;18:25;5;14;14610;1;1;1;1;rue des trois hameaux;49,1806510; -0,4956190
41141;202000045727;4;12;2020;17:15;3;53;53064;1;9;2;1;D5;48,3394260; -0,7403710
41142;202000045728;30;11;2020;07:45;2;40;40233;1;3;1;3;Route de Labatut;43,5784870; -1,0083680
41143;202000045730;4;12;2020;11:30;1;17;17140;1;1;3;1;Route des Huîtres;45,9324060; -1,2521660
41144;202000045732;3;12;2020;16:25;1;30;30303;1;4;1;3;D51;44,2477780;4,2148820
41145;202000045733;4;12;2020;13:25;1;52;52194;1;1;1;1;RD213 - Bois mont Gérard;48,5651350;5,0154520
41146;202000045734;30;11;2020;17:35;2;52;52058;1;1;1;2;D200;48,1904380;5,1414300
41147;202000045735;4;12;2020;09:40;1;08;08198;1;1;9;6;RD 946;49,3395190;4,8484800
41148;202000045736;3;12;2020;15:30;1;88;88319;1;3;1;3;D259;48,3940990;6,8580440
41149;202000045737;3;12;2020;20:30;3;67;67388;1;1;1;7;D28;48,9421133;7,6955932
41150;202000045738;3;12;2020;21:00;3;973;97307;1;1;1;5;RN 2;4,8567390; -52,3342110
41151;202000045739;3;12;2020;17:15;1;37;37015;1;1;2;7;;47,3603098;0,8596590
41152;202000045741;3;12;2020;17:39;5;34;34270;1;9;1;6;Gare de péage de St Jean de Vedas ( Nord) - A709;43,5621660;3,8299470
41153;202000045742;4;12;2020;20:45;3;988;98817;2;3;1;6;RP1/RUE DES LIBELLULES; -22,2718620;166,6195640
41154;202000045743;12;9;2020;00:30;3;988;98817;2;1;1;6;RPS2 ROUTE DE LA CORNICHE; -22,2757200;166,5727600
41155;202000045744;2;12;2020;18:00;1;988;98821;1;1;1;6;Route du COL DE LA PIROGUE; -22,0911720;166,3202110
41156;202000045745;3;12;2020;09:00;2;78;78206;1;1;8;3;Route Departementale 113;48,9402900;1,9365980
41157;202000045746;2;12;2020;18:20;5;34;34324;2;1;1;6;Boulevard Roger Audoux;43,2487360;3,2877920
41158;202000045747;4;12;2020;17:15;5;06;06157;2;1;2;6;79 Avenue des Poilus;43,7237540;7,1086800
41159;202000045748;24;11;2020;15:40;1;26;26085;1;1;1;2;539 Chemin du Bros;44,5132630;4,7445270
41160;202000045750;4;12;2020;08:30;2;29;29001;1;1;4;1;Voie Communale 49;48,2186970; -4,3213610
41161;202000045751;28;11;2020;12:00;1;29;29066;1;1;1;2;Ancienne Voie Ferrée;48,0432452; -4,1880534
41162;202000045752;4;12;2020;08:39;2;35;35152;1;3;9;3;La Gaucheraie;48,2328490; -1,5313050
41163;202000045753;4;12;2020;08:30;2;60;60016;1;1;1;7;D929;49,3444081;2,3428579
41164;202000045754;4;12;2020;07:06;3;60;60628;1;1;8;4;N31;49,4223640;2,1522470
41165;202000045755;4;12;2020;07:40;3;02;02020;1;1;8;6;D1043;49,8640450;4,2355570
41166;202000045756;30;11;2020;15:00;1;59;59379;1;1;1;7;Rue de l'Egalite;50,3033760;3,2415350
41167;202000045757;2;12;2020;17:00;3;13;13015;1;1;1;4;A515CD-Gardanne vers A51-Marseille;43,4288700;5,4006400
41168;202000045758;2;12;2020;17:30;3;13;13026;1;1;1;2;A55-Sens Martigues vers Marseille;43,4001000;5,0996000
41169;202000045759;3;12;2020;08:35;1;83;83027;1;1;1;4;A50;43,1732899;5,7700321
41170;202000045760;3;12;2020;17:35;4;33;33063;1;1;3;7;ROCADE A 630;44,8833900; -0,5555900
41171;202000045761;3;12;2020;15:15;1;94;94037;1;1;1;4;AUTOROUTE A6B;48,8035695;2,3439041
41172;202000045763;3;12;2020;09:10;1;91;91161;1;1;1;3;AUTOROUTE A6;48,6979900;2,3143800
41173;202000045764;3;12;2020;08:00;2;78;78043;1;1;2;2;A13W;48,8465990;2,0807590
41174;202000045765;3;12;2020;07:00;2;78;78007;1;1;1;2;A13W;48,8970790;2,0063190
41175;202000045766;3;12;2020;17:50;3;93;93064;1;1;2;2;AUTOROUTE A86;48,8733700;2,4800000
41176;202000045767;3;12;2020;18:40;5;93;93066;1;1;2;5;AUTOROUTE A1;48,9198700;2,3572600
41177;202000045768;3;12;2020;18:00;3;93;93066;1;1;1;2;AUTOROUTE A1;48,9162604;2,3578050
41178;202000045769;3;12;2020;08:00;3;93;93064;1;1;2;6;AUTOROUTE A103;48,8859100;2,4863100
41179;202000045770;3;12;2020;09:20;1;94;94052;1;1;2;7;A86 INT;48,8343892;2,4932069
41180;202000045771;3;12;2020;08:20;1;94;94079;1;1;2;6;A4;48,8294536;2,5282723
41181;202000045772;2;12;2020;20:00;3;93;93051;1;9;1;3;A4;48,8352563;2,5706879
41182;202000045773;14;11;2020;19:37;5;59;59183;2;3;1;6;HUGO VICTOR - BOULEVARD;51,0280343;2,3813470
41183;202000045774;15;9;2020;19:00;1;13;13108;2;1;1;2;MARGUARIDO (AVENUE);43,8067100;4,6640800
41184;202000045775;2;7;2020;22:40;3;95;95199;1;1;1;7;9 Rue de Bretagne;49,0299442;2,3256630
41185;202000045776;2;12;2020;19:15;5;974;97411;2;3;1;2;PAYET (RUE ROGER); -20,8930100;55,4872800
41186;202000045777;2;12;2020;10:20;1;973;97302;2;1;1;3;MADELEINE (ROUTE DE LA);4,9301992; -52,3260784
41187;202000045778;18;11;2020;19:30;5;69;69388;2;1;1;7;MARYSE BASTIE                       (R );45,7371400;4,8738400
41188;202000045780;1;12;2020;20:05;5;972;97209;2;6;1;3;BISHOP (Avenue Maurice);14,6123900; -61,0531700
41189;202000045781;1;12;2020;19:12;2;972;97209;1;1;1;6;BALATA (ROUTE DE);14,6354600; -61,0720900
41190;202000045782;2;12;2020;18:35;5;69;69389;2;1;1;6;DUMAS DE LOIRE                      (PL);45,7730800;4,8054000
41191;202000045783;2;12;2020;07:40;5;69;69149;2;1;8;6;GRANDE RUE                          (GR);45,7210200;4,8112200
41192;202000045784;2;12;2020;19:10;5;2A;2A004;2;1;3;3;MEZZAVIA ROUTE DE;41,9482638;8,7654215
41193;202000045785;21;12;2020;15:45;5;2A;2A004;2;9;2;3;PRINCE IMPERIAL COURS;41,9341993;8,7455367
41194;202000045786;3;11;2020;17:25;1;95;95680;1;6;2;7;RD 970;49,0148100;2,4097900
41195;202000045787;1;12;2020;15:25;1;91;91021;2;1;1;1;Avenue de la Division Leclerc;48,5967700;2,2459200
41196;202000045788;1;12;2020;19:00;4;91;91201;2;2;1;3;RUE DU BAS DE CHAMPROSAY;48,6627100;2,4176200
41197;202000045789;23;11;2020;15:40;1;88;88413;2;1;1;6;AVENUE JEAN JAURES;48,2814900;6,9585500
41198;202000045790;2;12;2020;08:00;1;83;83137;2;1;1;7;INFANTERIE DE MARINE (AVE D');43,1173781;5,9355864
41199;202000045791;2;12;2020;08:35;1;83;83144;2;1;1;-1;SAINTE CLAIRE (AVENUE);43,1360500;6,0052300
41200;202000045792;1;12;2020;14:50;1;80;80021;2;1;1;-1;JEAN MOULIN (RUE);49,8784200;2,2724200
41201;202000045793;1;12;2020;07:00;3;76;76270;1;1;1;2;RD 6382;49,5307700;0,1335100
41202;202000045794;1;12;2020;09:45;1;74;74133;2;9;8;2;LIBERATION (RUE DE LA);46,1859100;6,2073800
41203;202000045795;30;11;2020;18:05;5;74;74012;1;3;1;3;THONON (ROUTE DE);46,1975000;6,2672000
41204;202000045796;2;12;2020;16:13;1;69;69290;2;9;8;3;GENAS (DE)                          (CH);45,7169000;4,9640400
41205;202000045797;1;12;2020;17:30;5;69;69264;2;1;2;4;BURDEAU BD;45,9980500;4,7350800
41206;202000045799;25;11;2020;18:40;5;63;63014;2;1;1;6;LANDAIS (AVENUE DES);45,7641400;3,1119900
41207;202000045800;2;12;2020;08:25;1;62;62083;2;1;1;6;HOUDAIN (RUE D')  OU CD 179;50,4606000;2,6124300
41208;202000045801;2;12;2020;19:25;3;62;62445;1;1;1;1;route départementale 941;50,4922690;2,6048760
41209;202000045802;2;12;2020;15:25;1;59;59378;2;2;2;3;DUCROQUET RUE DU DOC. N°24-170;50,6784130;3,0907030
41210;202000045803;1;12;2020;17:50;5;59;59028;2;6;8;3;GAULLE (RUE DU GENERAL DE);50,4132700;3,0523300
41211;202000045804;2;12;2020;07:50;5;59;59017;2;1;9;6;FAIDHERBE (BD );50,6846800;2,8695900
41212;202000045805;2;12;2020;08:24;1;57;57306;2;1;1;6;TOURNEUR (RUE) ;49,3285300;6,0640000
41213;202000045806;1;12;2020;11:56;1;56;56162;2;6;1;6;FORT BLOQUE (RUE DU);47,7368900; -3,4367000
41214;202000045807;13;11;2020;16:18;1;54;54174;2;3;1;-1;15EME GENIE (AVENUE);48,6798800;5,8716700
41215;202000045808;17;11;2020;18:05;5;54;54528;2;3;1;3;PINTEVILLE (BOULEVARD);48,6720300;5,8851900
41216;202000045809;23;9;2020;14:50;1;59;59626;1;1;8;1;Chemin Departemental 934 les Quatre Vents;50,2914230;3,6293940
41217;202000045810;23;9;2020;05:20;5;59;59250;2;3;1;7;Rue Thiers;50,5841220;2,8845120
41218;202000045811;22;9;2020;17:10;1;13;13088;1;1;1;2;A55-Sens Marseille vers Martigues;43,3914900;5,2644400
41219;202000045812;22;9;2020;13:05;1;13;13056;1;1;1;3;A55-Sens Martigues vers Marseille;43,4076991;5,0358855
41220;202000045813;22;9;2020;06:55;3;83;83137;1;1;2;4;A57;43,1277682;5,9753394
41221;202000045814;21;9;2020;21:10;3;57;57498;1;1;1;7;Autoroute A30;49,3309490;6,0119590
41222;202000045816;21;9;2020;16:55;1;33;33192;1;1;1;7;AUTOROUTE A 63;44,7778400; -0,6448800
41223;202000045817;21;9;2020;20:50;4;59;59143;1;1;1;6;AUTOROUTE A25;50,6635260;2,8868740
41224;202000045818;22;9;2020;16:11;1;94;94037;1;1;1;3;AUTOROUTE A6B;48,8139086;2,3549439
41225;202000045819;22;9;2020;07:40;1;91;91687;1;1;1;4;AUTOROUTE A6;48,6568600;2,3775600
41226;202000045820;22;9;2020;07:30;1;91;91534;1;1;1;4;RN 118;48,7233200;2,1675800
41227;202000045821;21;9;2020;18:08;1;94;94034;1;1;1;2;AUTOROUTE A86;48,7597943;2,3218478
41228;202000045822;21;9;2020;19:47;1;94;94034;1;1;1;3;AUTOROUTE A86;48,7589700;2,3238900
41229;202000045823;22;9;2020;17:10;3;75;75116;1;1;1;4;A13Y;48,8484485;2,2418386
41230;202000045824;22;9;2020;20:00;3;93;93078;1;9;1;4;AUTOROUTE A104;48,9726252;2,4940069
41231;202000045825;22;9;2020;17:55;1;95;95277;1;1;1;5; A3;48,9738700;2,4883900
41232;202000045826;22;9;2020;18:30;1;93;93063;1;9;1;3;AUTOROUTE A3;48,8739490;2,4376630
41233;202000045827;22;9;2020;17:25;1;95;95394;1;1;1;3;RN 184;49,0517500;2,1540700
41234;202000045828;22;9;2020;11:50;1;93;93066;1;1;1;6;AUTOROUTE A86;48,9260700;2,3378300
41235;202000045829;22;9;2020;09:40;1;93;93001;1;1;1;3;AUTOROUTE A86;48,9210600;2,3730600
41236;202000045830;21;9;2020;19:10;1;93;93027;1;1;1;3;AUTOROUTE A1;48,9366300;2,4080300
41237;202000045831;21;9;2020;18:10;1;93;93053;1;1;1;3;AUTOROUTE A103;48,8869900;2,4735400
41238;202000045832;21;9;2020;10:40;1;95;95277;1;1;1;2; A104;48,9737500;2,4866600
41239;202000045833;21;9;2020;09:15;1;92;92036;1;1;1;5;AUTOROUTE A15;48,9411978;2,2914822
41240;202000045834;22;9;2020;17:40;1;94;94042;1;1;1;2;A4;48,8271400;2,4688500
41241;202000045835;22;9;2020;15:25;1;94;94073;1;1;1;5;A86 EXT;48,7600600;2,3832500
41242;202000045836;22;9;2020;10:45;1;77;77468;1;1;1;-1;A104;48,8512290;2,6616580
41243;202000045838;22;9;2020;08:30;1;94;94046;1;1;1;3;A86 EXT;48,8048919;2,4488496
41244;202000045839;22;9;2020;06:45;3;94;94017;1;1;1;5;A4;48,8302009;2,4957670
41245;202000045840;21;9;2020;05:55;3;94;94028;1;1;1;4;A86 INT;48,7763620;2,4332540
41246;202000045841;19;9;2020;21:30;2;94;94042;1;1;1;-1;A4;48,8269503;2,4680133
41247;202000045842;23;7;2020;20:10;1;64;64024;2;1;1;-1;LAROCHEFOUCAULD (AVENUE DE);43,4880600; -1,5328100
41248;202000045843;21;9;2020;21:05;1;974;97416;1;9;1;6;RN1; -21,3229060;55,4462310
41249;202000045844;21;9;2020;14:20;1;974;97411;2;1;1;5;Rue du Bois de Nèfles; -20,8889000;55,4611000
41250;202000045845;16;9;2020;11:10;1;974;97407;2;1;1;7;PASTEUR(AVENUE); -20,9511600;55,2923600
41251;202000045846;21;9;2020;13:20;1;973;97302;2;1;1;-1;BADUEL (ROUTE DE);4,9321873; -52,3078823
41252;202000045847;21;9;2020;08:31;1;973;97302;1;1;1;3;TIGRE (ROUTE DU);4,9091198; -52,3077536
41253;202000045848;21;9;2020;08:13;1;973;97302;2;1;1;6;TIGRE (ROUTE DU);4,9202796; -52,3206711
41254;202000045849;21;9;2020;16:50;1;69;69259;2;1;2;6;FRANCIS DE PRESSENSE                (AV);45,7216200;4,8666200
41255;202000045850;21;9;2020;12:10;1;69;69383;2;2;1;3;FERDINAND BUISSON                   (R );45,7516700;4,8949900
41256;202000045851;19;9;2020;00:20;5;69;69387;2;1;1;6;PROFESSEUR GRIGNARD (DU)            (R );45,7466500;4,8399200
41257;202000045852;21;9;2020;09:15;1;972;97213;1;1;1;2;ROUTE NATIONALE 1;14,6263700; -60,9788000
41258;202000045853;19;9;2020;21:00;3;972;97209;2;1;1;7;MARTIN LUTHER KING (RUE);14,6049300; -61,0754100
41259;202000045854;21;9;2020;19:45;5;69;69389;2;1;1;2;MARIETTON                           (R );45,7750999;4,8066716
41260;202000045855;20;9;2020;19:15;2;69;69384;2;1;2;3;AIME BOUSSANGE                      (R );45,7749023;4,8338219
41261;202000045857;21;9;2020;08:55;1;95;95018;2;1;1;6;COLOMBES (PONT AQUEDUC DE);48,9340300;2,2402100
41262;202000045858;21;9;2020;19:30;2;91;91687;2;9;1;1;OCTAVE LONGUET (RUE);48,6683600;2,3804300
41263;202000045859;20;9;2020;22:40;5;91;91552;2;1;1;7;CORBEIL (ROUTE DE);48,5952300;2,2660600
41264;202000045860;20;9;2020;17:50;1;91;91339;2;1;1;5;BENOIST ROBERT (AVENUE);48,6214200;2,2597000
41265;202000045861;19;9;2020;19:45;1;91;91425;2;1;1;6;TEMERAIRE (BOULEVARD DU);48,6783300;2,2774200
41266;202000045864;19;9;2020;17:23;1;87;87085;2;2;3;3;GOUJAUD (QUAI LOUIS);45,8260600;1,2679100
41267;202000045865;14;9;2020;14:40;1;84;84007;2;1;1;2;SOURCES (Avenue des);43,9311000;4,8237000
41268;202000045866;19;9;2020;20:30;5;83;83137;2;2;1;3;RIVIERE NEUVE (QUAI DE LA);43,1290000;5,9021500
41269;202000045867;17;9;2020;08:25;1;83;83069;2;1;1;6;NATIONS UNIES (AVENUE DES);43,1175700;6,1214000
41270;202000045868;21;9;2020;20:30;3;81;81065;2;1;1;3;MONTREVEIL (CHE.DE);43,5931561;2,2131618
41271;202000045869;19;9;2020;18:20;1;80;80021;2;1;1;2;PARIS (RUE DE);49,8883500;2,2895600
41272;202000045870;17;9;2020;17:28;1;79;79191;2;1;1;3;88 Avenue de la Rochelle;46,3182270; -0,4701700
41273;202000045871;21;9;2020;08:15;1;77;77491;2;1;1;6;SCIERIE (RUE DE LA);48,3752300;2,8100800
41274;202000045872;20;9;2020;16:30;1;76;76540;2;1;1;6;SAINT SEVER. QUAI (BAS);49,4364200;1,0901600
41275;202000045873;20;9;2020;17:00;1;76;76157;1;1;1;3;A150;49,4565714;1,0496788
41276;202000045875;20;9;2020;15:10;1;76;76351;2;3;1;2;GRAVILLE (BD DE);49,4889000;0,1500600
41277;202000045876;14;9;2020;21:30;5;73;73008;2;6;1;6;D913 COTES BOULEVARD DES;45,6899756;5,9190551
41278;202000045877;8;9;2020;12:12;1;71;71076;2;1;1;6;NIEPCE (AVENUE NICEPHORE);46,7789212;4,8500830
41279;202000045878;17;9;2020;16:40;1;67;67482;2;3;1;2;RENE FONCK (RUE);48,5531225;7,7696319
41280;202000045880;21;9;2020;12:54;1;66;66136;2;1;1;6;GUYNEMER (AVENUE GEORGES);42,6943900;2,9041000
41281;202000045881;19;9;2020;17:40;1;66;66136;1;1;1;2;ARCADES (RD POINT);42,6741200;2,8875200
41282;202000045882;20;9;2020;10:45;1;65;65286;2;1;1;3;LAGARDERE (AVENUE FRANCIS);43,0862900; -0,0459880
41283;202000045883;6;8;2020;13:50;1;64;64483;2;9;1;6;LARRAMENDY PIERRE (AVENUE);43,3825600; -1,6579400
41284;202000045884;21;9;2020;17:30;1;64;64445;2;3;3;4;ALFRED NOBEL;43,3152200; -0,3151900
41285;202000045885;19;9;2020;12:15;1;64;64284;2;1;1;7;MASSENET;43,2911100; -0,3866200
41286;202000045886;8;9;2020;17:15;1;59;59526;2;1;1;1;RTE DE NIVELLE;50,4543520;3,4324660
41287;202000045887;21;9;2020;16:45;1;59;59350;2;1;1;7;BRULE MAISON             RESTE;50,6260600;3,0625700
41288;202000045888;19;9;2020;14:15;1;59;59329;2;1;1;1;JOFFRE (RUE DU MARECHAL);50,3436800;3,0902500
41289;202000045889;17;9;2020;07:55;1;58;58194;2;1;1;1;PRE PLANTIN (BOULEVARD);46,9832000;3,1231000
41290;202000045890;20;9;2020;03:45;3;57;57441;2;1;1;6;GARCHE (ROUTE DE);49,3769432;6,1916640
41291;202000045891;19;9;2020;03:03;3;57;57306;1;1;1;6;MENDES FRANCE (RUE PIERRE);49,3396700;6,0923100
41292;202000045892;20;9;2020;11:42;1;57;57630;2;2;1;6;MALRAUX (VOIE ANDRE);48,7335096;7,0409917
41293;202000045893;19;9;2020;02:38;5;56;56121;2;2;1;1;BLUM ( BD LEON );47,7513400; -3,3716800
41294;202000045894;18;9;2020;21:00;5;56;56083;2;2;1;3;ALLENDE ( AV. PRES. SALVADOR );47,8106600; -3,2523700
41295;202000045895;21;9;2020;14:19;1;51;51454;2;2;1;3;Avenue Jean Jaurès;49,2603784;4,0475382
41296;202000045896;20;9;2020;09:40;1;49;49007;1;1;1;3;ATLANTIQUE  AVENUE DE L';47,4688000; -0,5877100
41297;202000045898;17;9;2020;14:00;1;49;49007;2;1;1;3;ALLONNEAU(AUGUSTE) BOULEVARD;47,4808900; -0,5273800
41298;202000045899;21;9;2020;17:15;1;45;45286;2;1;1;2;D951 PR 90 + 400;47,8896224;1,9235842
41299;202000045900;21;9;2020;00:50;5;45;45302;1;1;1;2;D520 - Tangentielle;47,9310016;1,8785068
41300;202000045901;21;9;2020;09:30;1;37;37261;2;1;1;3;SUEDE (RUE DE);47,4328057;0,6863047
41301;202000045902;21;9;2020;16:00;1;34;34129;2;1;1;3;FIGUIERES (AVENUE DE);43,5844218;3,9269096
41302;202000045903;21;9;2020;22:30;5;33;33063;2;5;8;3;PLACE RAVEZIES / BD GODARD;44,8657500; -0,5760100
41303;202000045907;4;9;2020;13:20;1;33;33032;2;3;1;6;RUE LAFONTAINE / RUE DE MEIGNAN;44,9036269; -0,5091355
41304;202000045908;20;9;2020;03:30;5;31;31555;2;1;1;1;BD GABRIEL KOENIGS;43,5913600;1,4190500
41305;202000045909;18;9;2020;19:05;1;31;31555;1;1;1;5;BD DES MINIMES;43,6150400;1,4488400
41306;202000045910;21;9;2020;12:40;1;29;29019;1;3;1;6;Rue Amiral Romain-desfossés;48,4253173; -4,4810071
41307;202000045911;20;9;2020;01:35;5;29;29019;2;3;1;1;Rue Docteur Kerrien;48,3866695; -4,5185044
41308;202000045912;21;9;2020;11:40;1;26;26198;2;3;1;3;Rue Charles Chabert ;44,5581900;4,7453000
41309;202000045913;21;9;2020;08:08;1;25;25056;2;1;1;1;Boulevard Diderot;47,2432450;6,0341600
41310;202000045914;18;9;2020;10:15;1;19;19031;2;3;1;3;ROOSEVELT (AVENUE DU PRESIDENT);45,1582200;1,5268200
41311;202000045915;21;9;2020;15:58;1;17;17291;1;6;1;2;EUROPE  ROND POINT DE;46,1790200; -1,1227200
41312;202000045917;20;9;2020;10:40;1;14;14137;2;1;1;3;CAUMONT (ROUTE DE );49,1840500; -0,4585900
41313;202000045918;20;9;2020;10:40;1;14;14437;2;3;1;1;ZOLA (RUE EMILE);49,1728000; -0,3215000