;Num_Acc;jour;mois;an;hrmn;lum;dep;com;agg;int;atm;col;adr;lat;long
41314;202000045919;21;9;2020;22:00;5;13;13208;2;3;1;3;MADRAGUE DE MONTREDON (AVE DE LA) ;43,2349800;5,3602100
41315;202000045920;21;9;2020;18:00;1;13;13206;2;1;1;6;JULES CANTINI (AVENUE);43,2840600;5,3872300
41316;202000045921;21;9;2020;15:15;1;13;13215;2;4;1;3;LYON (RUE DE);43,3287650;5,3657550
41317;202000045922;21;9;2020;13:15;1;13;13215;2;3;1;3;SAINT LOUIS (AVENUE DE);43,3473170;5,3590920
41318;202000045924;21;9;2020;00:05;5;13;13215;2;3;1;7;MADRAGUE VILLE (chemin de la);43,3324800;5,3588200
41319;202000045925;17;9;2020;15:30;1;11;11262;2;2;1;1;BOUCHER (IMPASSE HELENE);43,1621400;2,9683300
41320;202000045926;21;9;2020;09:30;1;10;10387;2;6;1;3;MARCELIN BERTHELOT (RUE);48,2760000;4,0800000
41321;202000045927;20;9;2020;20:06;2;10;10343;2;1;1;7;SAPINS (AVENUE);48,2764100;4,0890300
41322;202000045928;19;9;2020;18:30;1;05;05061;2;1;8;7;EMILE ZOLA ( COURS );44,5547200;6,0756600
41323;202000045929;18;9;2020;07:48;1;05;05061;2;3;1;3;JEAN MACE ( RUE );44,5595500;6,0716000
41324;202000045930;21;9;2020;07:40;5;03;03101;2;6;1;6;Avenue Michel Faye;46,3737061;2,5847214
41325;202000045932;20;9;2020;04:40;5;75;75119;2;1;1;3;AVENUE JEAN JAURES;48,8856400;2,3810320
41326;202000045933;19;9;2020;07:13;2;75;75106;2;2;1;3;RUE DE SEINE;48,8514560;2,3370780
41327;202000045934;20;9;2020;21:35;3;75;75105;2;7;1;3;PLACE MOHAMMED V;48,8490430;2,3556980
41328;202000045935;21;9;2020;19:35;2;75;75120;2;4;1;7;AVENUE GAMBETTA;48,8658890;2,3993370
41329;202000045936;21;9;2020;15:30;1;75;75119;2;1;1;3;RUE EMILE REYNAUD;48,9016640;2,3861400
41330;202000045937;21;9;2020;04:20;5;75;75119;2;7;1;3;PLACE AUGUSTE BARON;48,9001550;2,3872960
41331;202000045939;21;9;2020;16:10;1;75;75117;2;3;1;3;BOULEVARD BERTHIER;48,8861130;2,2948140
41332;202000045940;20;9;2020;22:00;5;75;75117;2;5;1;3;RUE JOUFFROY D ABBANS;48,8838230;2,3047450
41333;202000045941;19;9;2020;22:30;5;75;75117;2;1;1;-1;RUE PIERRE REBIERE;48,8982550;2,3203830
41334;202000045943;21;9;2020;19:20;1;75;75112;2;2;1;7;QUAI DE BERCY;48,8386620;2,3757410
41335;202000045945;21;9;2020;15:30;1;75;75108;2;4;1;3;AVENUE GEORGE V;48,8661400;2,3013500
41336;202000045946;20;9;2020;18:55;1;75;75107;2;2;1;2;QUAI D ORSAY;48,8628440;2,3134400
41337;202000045948;20;9;2020;12:50;1;94;94052;2;1;1;2;PONT DE NOGENT;48,8311900;2,4930900
41338;202000045949;20;9;2020;19:30;1;94;94043;2;1;1;-1;CARNOT (R);48,8096130;2,3632660
41339;202000045950;20;9;2020;18:15;1;94;94076;2;1;1;2;HAUTES BRUYERES (AV DES);48,7905550;2,3519830
41340;202000045951;21;9;2020;07:10;2;94;94021;2;4;1;3;HENRI DUNANT (R);48,7719000;2,3651000
41341;202000045952;21;9;2020;18:50;1;94;94028;2;1;1;7;ABYMES.(ESPLANADE DES);48,7731400;2,4568500
41342;202000045953;21;9;2020;21:30;5;94;94004;2;2;1;3;GENERAL LECLERC (AV DU);48,7468990;2,5101620
41343;202000045954;21;9;2020;20:40;5;93;93073;2;2;1;3;RUE DE ROME;49,0080000;2,5575000
41344;202000045955;21;9;2020;10:30;1;93;93079;2;1;1;1;SAINT LEU (ROUTE);48,9473373;2,3447454
41345;202000045956;21;9;2020;21:50;4;93;93029;2;1;1;2;STATION (DE LA);48,9226475;2,4269409
41346;202000045957;21;9;2020;17:25;1;93;93008;2;9;1;6;CONVENTION (AVENUE DE LA);48,9158126;2,4179189
41347;202000045958;21;9;2020;15:58;1;93;93007;2;1;1;3;"""PAUL VAILLANT COUTURIER (AVENUE """"DU 01";48,9264277;2,4695800
41348;202000045959;21;9;2020;08:18;1;92;92075;2;1;1;6;ANTOINE FRATACCI (RUE);48,8210400;2,2890600
41349;202000045960;21;9;2020;08:30;1;92;92072;2;9;1;3;VILLE D'AVRAY (RUE DE );48,8258800;2,2011200
41350;202000045961;21;9;2020;18:40;2;92;92076;2;1;1;3;LA CELLE SAINT CLOUD;48,8468572;2,1681234
41351;202000045962;21;9;2020;18:05;1;92;92064;2;3;1;3;MARCEL DASSAULT;48,8556966;2,2230005
41352;202000045963;20;9;2020;18:00;1;92;92036;2;2;1;3;LAURENT CELY (AVENUE) (145/329);48,9221910;2,3061420
41353;202000045964;21;9;2020;00:22;5;92;92051;2;1;1;3;RICHARD WALLACE (BOULEVARD);48,8760601;2,2470877
41354;202000045965;21;9;2020;17:30;1;92;92026;2;2;1;3;COLOMBES;48,8988421;2,2566524
41355;202000045967;10;9;2020;17:20;1;92;92004;2;3;1;2;ARGENTEUIL AV D';48,9138374;2,2835513
41356;202000045968;21;9;2020;14:22;1;92;92002;2;3;1;3;BONE (RUE DE);48,7474984;2,3037969
41357;202000045969;18;9;2020;09:00;1;37;37169;1;1;1;6;18 Rue du Val de Brenne;47,5960185;0,9062334
41358;202000045970;21;9;2020;06:00;3;33;33205;1;1;1;1;D11;44,6282700; -0,3686600
41359;202000045971;15;8;2020;19:00;1;81;81218;1;1;1;2;2351 Route de Castres;43,8831170;2,1692530
41360;202000045972;10;9;2020;14:20;1;972;97221;1;1;1;1;1184 Chemin Laurent;14,5243600; -60,9608780
41361;202000045973;21;9;2020;18:30;2;38;38270;2;1;2;7;Chemin du Bon Bâton;45,3759580;5,5479940
41362;202000045974;11;9;2020;19:48;2;56;56251;1;3;7;3;Allée du Landy;47,6361380; -2,6806530
41363;202000045975;22;9;2020;12:00;1;33;33123;1;3;1;3;D18;45,0834910; -0,3823110
41364;202000045976;16;8;2020;17:30;1;33;33236;1;1;1;1;Route du Cap Ferret;44,6828740; -1,2490080
41365;202000045977;21;9;2020;16:30;1;71;71334;2;1;1;6;Lieu Dit les Boulays;46,5759840;4,1638830
41366;202000045978;20;9;2020;10:45;1;63;63283;1;1;2;6;RD 941  PK 44+200;45,8558573;2,6702332
41367;202000045980;19;9;2020;20:30;3;39;39219;1;1;2;1;;47,1641390;5,7653840
41368;202000045981;6;8;2020;11:00;1;44;44036;2;9;1;3;Rue Pasteur;47,7186380; -1,3739390
41369;202000045982;21;9;2020;13:10;1;38;38334;1;1;1;7;Route d''Uriage;45,1824270;5,8802390
41370;202000045984;18;9;2020;13:50;1;01;01269;2;3;1;6;Rue du Docteur Emile Mercier;46,1522410;5,6066910
41371;202000045985;21;9;2020;14:00;1;01;01123;1;1;1;6;D51;46,2418390;4,8251010
41372;202000045986;21;9;2020;18:25;1;01;01179;2;3;1;3;399 Grande Rue;46,2550640;4,8514510
41373;202000045987;22;9;2020;16:13;1;72;72223;2;9;1;6;rue du Général LECLERC;47,8784050; -0,0920960
41374;202000045988;21;9;2020;22:15;3;60;60223;1;1;1;7;Rue du Calvaire;49,4276680;2,6260330
41375;202000045989;22;9;2020;09:45;1;60;60044;2;1;1;3;Rue du 14 Juillet 1789;49,2923860;2,3391370
41376;202000045990;21;9;2020;15:30;1;24;24304;1;1;1;7;Les Mauroux;45,3953990;0,9532520
41377;202000045991;20;9;2020;15:30;1;27;27243;1;3;1;3;Route de la Morelle;49,4008570;0,3066520
41378;202000045992;22;9;2020;17:00;1;27;27056;1;1;1;6;D438;49,0855800;0,5741600
41379;202000045993;21;9;2020;19:15;1;17;17385;2;1;1;1;1 Route d'Arceau;45,9430250; -1,3014260
41380;202000045994;22;9;2020;08:15;1;08;08260;2;1;1;3;Route Nationale 43;49,8172190;4,5862340
41381;202000045995;20;9;2020;14:50;1;68;68022;1;1;1;7;A35;47,8318840;7,3945710
41382;202000045996;21;9;2020;15:50;1;68;68296;1;1;1;4;A35;48,2175750;7,4017490
41383;202000045998;11;9;2020;13:40;1;06;06152;1;1;3;7;Route des Cretes;43,6210060;7,0352040
41384;202000045999;20;9;2020;17:15;5;987;98745;1;1;1;5;Poutoru; -16,6308330; -151,5040280
41385;202000046000;9;2;2020;08:30;1;75;75108;2;5;1;6;AVENUE MONTAIGNE;48,8647550;2,3019840
41386;202000046001;9;3;2020;19:30;5;75;75102;2;2;1;6;BOULEVARD DE SEBASTOPOL,;48,8662330;2,3525340
41387;202000046002;9;3;2020;14:30;1;75;75102;2;2;1;6;RUE DU QUATRE SEPTEMBRE;48,8695370;2,3367850
41388;202000046003;9;3;2020;18:45;5;94;94074;2;1;1;4;HENRI BARBUSSE (AV);48,7658000;2,4414300
41389;202000046004;8;3;2020;20:25;5;94;94068;2;2;1;3;CHANZY (AV);48,7920500;2,5130000
41390;202000046005;9;3;2020;10:00;1;94;94046;2;2;1;3;GABRIEL PERI (R);48,8092560;2,4368050
41391;202000046006;8;3;2020;20:00;5;94;94003;2;7;2;2;ARISTIDE BRIAND (AV);48,8104200;2,3266700
41392;202000046008;8;3;2020;22:15;5;94;94022;2;2;1;3;LUGO (AV DE);48,7710000;2,4089300
41393;202000046009;9;3;2020;08:30;1;94;94004;2;1;1;6;BREVANNES (R DE);48,7496884;2,5060582
41394;202000046010;9;3;2020;18:50;1;94;94002;2;9;1;6;Boulevard Carnot & Rue Etienne Dolet;48,7957330;2,4252800
41395;202000046011;9;3;2020;07:45;1;94;94002;2;1;1;6;SEINE (R DE);48,8099600;2,4143900
41396;202000046013;9;3;2020;18:30;5;93;93073;2;1;1;2;SAINT-DENIS (CHEMIN DE);48,9785000;2,5285000
41397;202000046014;9;3;2020;08:05;1;93;93064;2;1;1;2;AV DU PDT JOHN KENNEDY;48,8783500;2,4888100
41398;202000046015;9;3;2020;17:15;1;93;93046;2;5;1;2;AV JULES GUESDE / AV ARISTIDE BRIAND;48,9106900;2,5120900
41399;202000046017;8;3;2020;01:55;5;93;93006;2;1;1;1;AV DE LA REPUBLIQUE;48,8601100;2,4216500
41400;202000046018;9;3;2020;10:15;1;92;92050;2;1;1;3;KLEBER RUE;48,9014640;2,1901010
41401;202000046019;5;1;2020;14:44;1;92;92025;2;2;1;3;GABRIEL PERI (RUE);48,9157350;2,2324450
41402;202000046020;8;3;2020;23:55;5;92;92024;2;3;1;3;CLICHY (QUAI DE) DE (8 A 60);48,9075170;2,2978740
41403;202000046021;6;3;2020;09:00;1;80;80385;1;9;1;6;A16;50,1449430;1,8025290
41404;202000046022;9;3;2020;19:45;3;18;18032;1;1;1;6;La Folie;47,4321770;2,8541870
41405;202000046024;9;3;2020;17:15;1;68;68144;2;1;7;6;23 Rue du Canal d'Alsace;47,7598540;7,5126530
41406;202000046025;8;3;2020;10:30;1;59;59463;1;1;2;7;D110;50,9118480;2,3390150
41407;202000046026;9;3;2020;12:00;1;60;60176;2;1;1;6;Rue saint thomas;49,2377090;2,8963460
41408;202000046027;9;3;2020;19:15;3;67;67356;1;1;1;1;Route de Gambsheim;48,7063114;7,9077227
41409;202000046028;10;3;2020;13:40;1;37;37261;1;1;2;5;A10;47,4077953;0,7203703
41410;202000046029;8;3;2020;11:09;1;56;56166;2;1;1;6;Rue des Alliés;47,9176080; -3,3309820
41411;202000046030;8;3;2020;05:00;3;74;74035;2;6;1;6;D910;45,8244140;5,9514090
41412;202000046031;10;3;2020;16:15;1;76;76222;1;2;2;3;Route de Saint Paer;49,4930870;0,8741910
41413;202000046033;10;3;2020;10:00;1;29;29266;2;1;2;6;32 Rue de la Gare;48,5188360; -3,9445210
41414;202000046034;9;3;2020;21:00;3;29;29250;1;1;2;6;Pont Born;48,2181880; -3,5856390
41415;202000046036;10;3;2020;13:45;1;05;05068;2;1;1;6;D942;44,5065272;6,1095847
41416;202000046038;10;3;2020;08:33;1;40;40119;2;1;1;6;Rue Victor Hugo;43,6563300; -0,5911910
41417;202000046039;9;3;2020;21:30;3;24;24451;1;2;2;2;Route de Nontron;45,5184060;0,6521630
41418;202000046040;10;3;2020;08:50;1;04;04108;2;4;1;2;RN 85 / VC la draille;44,0464810;6,0301640
41419;202000046041;10;3;2020;18:35;2;85;85213;1;1;2;6;D36;46,5953100; -1,3125100
41420;202000046042;9;3;2020;11:00;1;17;17253;2;4;1;6;19 Rue de la Libération;46,0372215; -0,8289447
41421;202000046043;10;3;2020;13:45;1;988;98805;1;3;1;1;RTE DE KOE RM6/RM12; -22,1456200;166,4733700
41422;202000046044;18;2;2020;16:11;1;01;01229;1;1;8;4;Route de Bourg;46,3249982;5,1361333
41423;202000046045;10;3;2020;10:00;1;33;33122;1;1;8;2;A63, PK 013;44,7104500; -0,7486500
41424;202000046046;17;2;2020;05:40;3;06;06004;1;1;1;2;A8 PK 174.300 chaussée sud;43,6098400;7,1004510
41425;202000046047;12;2;2020;15:00;1;971;97103;2;9;1;3;Rue Henri Becquerel-jarry;16,2423390; -61,5645560
41426;202000046048;9;3;2020;12:40;1;91;91441;1;1;2;1;Autoroute A6;48,5068240;2,5111700
41427;202000046049;9;3;2020;15:15;1;987;98729;2;1;1;6;Pk 12+100 - Pihaena; -17,5331890; -149,8386110
41428;202000046050;9;3;2020;14:30;1;28;28054;2;1;1;6;3 Rue de la Forge;48,6485730;1,4033320
41429;202000046051;5;3;2020;14:05;1;78;78164;1;1;3;6;Route de Sonchamp;48,6106520;1,9039200
41430;202000046052;8;3;2020;13:35;1;38;38298;1;1;1;3;A7;45,3805730;4,8051985
41431;202000046053;9;3;2020;11:15;1;68;68104;1;1;1;3;RD 52;47,9927650;7,6053180
41432;202000046054;7;3;2020;11:30;1;69;69228;2;1;1;6;route departementale 342,;45,5621392;4,6423227
41433;202000046055;10;3;2020;18:00;1;81;81251;2;1;1;6;N126;43,5580190;2,0702580
41434;202000046056;9;3;2020;17:50;1;09;09236;1;1;1;6;D8A;42,9193370;1,6299000
41435;202000046057;9;3;2020;01:10;3;33;33243;2;6;1;6;D670 / D1089 - perte de contrôle VU venant de la D1089 et terminant sur le toit D670;44,9003100; -0,2145200
41436;202000046058;10;3;2020;08:40;1;61;61104;1;1;2;6;D908;48,5867960; -0,2750120
41437;202000046059;10;3;2020;16:20;1;59;59523;1;1;2;1;Route de Peronne;50,5728500;3,1705270
41438;202000046060;9;3;2020;23:21;3;13;13081;1;9;2;7;A7-Sens Marseille vers Lyon;43,4884260;5,2406710
41439;202000046061;6;3;2020;21:40;3;83;83112;1;1;1;-1;A50;43,1970500;5,7065700
41440;202000046062;6;3;2020;09:15;1;59;59512;1;1;2;2;ROUTE DEPARTEMENTALE 656;50,7027400;3,1598720
41441;202000046063;9;3;2020;09:00;1;91;91363;1;1;1;4;RN 104;48,6413600;2,1995500
41442;202000046064;8;3;2020;22:08;3;91;91064;1;1;1;-1;RN 118;48,7490600;2,2194000
41443;202000046065;9;3;2020;09:05;1;78;78217;1;1;2;2;A13;48,9651140;1,8186760
41444;202000046066;9;3;2020;08:34;1;92;92025;1;1;8;5;A86;48,9324839;2,2484880
41445;202000046067;7;3;2020;11:05;1;95;95424;1;1;1;2;AUTOROUTE A15;48,9937400;2,1854700
41446;202000046068;6;3;2020;12:30;1;93;93027;1;1;1;5;AUTOROUTE A86;48,9236200;2,3847100
41447;202000046069;9;3;2020;12:45;1;94;94033;1;1;1;4;A86.INT;48,8608000;2,4843000
41448;202000046070;7;3;2020;17:30;1;988;98818;2;1;1;6;FRANCE (RUE ANATOLE); -22,2715500;166,4417700
41449;202000046071;8;3;2020;17:30;1;974;97409;2;9;2;1;Grand Canal ( chemin); -20,9635224;55,6872760
41450;202000046072;8;3;2020;21:30;5;69;69388;2;2;2;3;VIVIANI                             (AV);45,7264500;4,8645300
41451;202000046073;8;3;2020;10:50;1;69;69259;2;9;1;1;MAURICE THOREZ                      (AV);45,7025800;4,8700200
41452;202000046074;8;3;2020;07:00;1;69;69388;2;1;1;6;MARYSE BASTIE                       (R );45,7367000;4,8739900
41453;202000046075;7;3;2020;15:30;1;69;69259;2;6;1;3;DOCTEUR COBLOD (DU)                 (BD);45,7016900;4,8912400
41454;202000046076;8;3;2020;22:00;5;69;69384;2;1;2;2;SCHUMAN                      (PT);45,7803400;4,8096900
41455;202000046077;8;3;2020;21:25;5;2A;2A004;2;1;1;7;FABIANI  DOMINIQUE;41,9161940;8,7265028
41456;202000046078;2;3;2020;13:20;1;95;95427;2;3;1;6;EPINAY (RUE D');48,9639486;2,3355744
41457;202000046079;7;3;2020;11:00;1;91;91326;2;1;1;6;CAMILLE DESMOULINS (RUE);48,6945400;2,3584900
41458;202000046080;8;3;2020;20:05;5;69;69275;2;2;2;3;JEAN JAURES                         (AV);45,7715600;4,9678800
41459;202000046081;8;3;2020;10:45;1;69;69256;2;1;1;6;TITTA COIS                          (R );45,7726000;4,9071000
41460;202000046082;7;3;2020;20:45;5;69;69266;2;1;1;3;FRANCIS DE PRESSENSE    (Rue);45,7714200;4,8831700
41461;202000046083;7;3;2020;13:00;1;64;64102;2;1;2;2;NAVARRE (AVENUE HENRI DE);43,4980900; -1,4484900
41462;202000046084;7;3;2020;02:50;3;60;60463;1;9;1;5;RD 200_SORTIE PONT BURTON_R.VACHETTE INC;49,2862894;2,4680060
41463;202000046085;7;3;2020;18:48;5;57;57616;2;1;1;2;PAUL LANGEVIN (AVENUE );49,1428400;6,2006300
41464;202000046086;7;3;2020;09:26;1;42;42207;2;4;2;3;Rue de la Maladiere;45,4831700;4,5280600
41465;202000046087;8;3;2020;05:53;5;35;35238;2;3;2;4;VOLTAIRE (BD);48,1051000; -1,6935000
41466;202000046088;7;3;2020;16:10;1;35;35115;2;6;2;3;JAURES (BD JEAN);48,3525900; -1,1995400
41467;202000046089;8;3;2020;21:10;5;33;33281;2;1;2;5;Avenue Marcel Dassault;44,8434000; -0,6726700
41468;202000046090;7;3;2020;12:30;1;29;29232;2;1;1;3;Quai de l'Odet;47,9918147; -4,1099615
41469;202000046091;8;3;2020;13:40;1;27;27229;2;1;2;1;ORLEANS (RUE D');48,9999700;1,1538900
41470;202000046092;7;3;2020;19:02;3;13;13211;2;9;1;6;COMMANDANT DE ROBIEN (RUE);43,2897800;5,4828300
41471;202000046094;8;3;2020;03:10;3;13;13047;1;1;1;7;RN 1569;43,5108370;4,9646490
41472;202000046095;7;3;2020;12:00;1;06;06069;2;1;1;3;CROISSET (AVENUE FR. DE);43,6656880;6,9351920
41473;202000046096;7;3;2020;22:23;5;75;75114;2;1;1;-1;PORTE DE GENTILLY;48,8165040;2,3402940
41474;202000046097;7;3;2020;00:10;1;75;75104;2;2;1;-1;BOULEVARD DE MAGENTA;48,8540410;2,3689200
41475;202000046098;8;3;2020;09:55;1;75;75120;2;2;1;3;RUE D AVRON;48,8527050;2,4061250
41476;202000046099;8;3;2020;04:45;5;75;75118;2;3;1;6;BOULEVARD DE CLICHY;48,8841270;2,3318260
41477;202000046100;8;3;2020;16:50;1;75;75117;2;2;2;2;RUE DE PRONY;48,8828390;2,3030030
41478;202000046102;8;3;2020;04:30;5;75;75112;2;5;1;3;RUE DU FAUBOURG SAINT ANTOINE;48,8501160;2,3844400
41479;202000046103;8;3;2020;14:30;1;75;75111;2;2;1;-1;AVENUE LEDRU ROLLIN;48,8557060;2,3787170
41480;202000046104;8;3;2020;02:13;5;75;75110;2;2;1;3;QUAI DE JEMMAPES;48,8774440;2,3658790
41481;202000046105;7;3;2020;13:45;1;75;75107;2;3;1;6;RUE BOSQUET;48,8561270;2,3067390
41482;202000046106;8;3;2020;13:55;1;75;75103;2;3;2;3;RUE REAUMUR;48,8653450;2,3566330
41483;202000046108;8;3;2020;18:15;1;93;93007;2;1;2;6;FRANCOIS GARCIA (RUE);48,9384100;2,4587700
41484;202000046109;8;3;2020;11:30;1;974;97415;2;3;1;3;109 Chaussee Royale; -21,0110996;55,2736920
41485;202000046111;9;3;2020;10:00;1;06;06149;1;1;1;3;Route de Laghet;43,7486690;7,3434970
41486;202000046112;9;3;2020;16:25;1;95;95313;2;1;1;6;16 Grande Rue;49,1124920;2,2149360
41487;202000046113;9;3;2020;10:20;1;71;71494;1;1;1;2;A6;46,4096500;4,8584250
41488;202000046114;9;3;2020;12:00;1;26;26138;1;1;1;2;Autoroute du soleil;44,4112060;4,7300860
41489;202000046116;7;3;2020;18:45;2;62;62338;1;1;1;1;69 Rue Louis Bouquet;50,6330253;2,8280730
41490;202000046117;7;3;2020;15:30;1;74;74112;2;3;1;3;Route de Sillingy;45,9391670;6,0937568
41491;202000046118;8;3;2020;22:00;3;14;14380;1;1;2;7;Loucelles;49,2278560; -0,5701730
41492;202000046119;6;3;2020;13:15;1;83;83057;1;1;1;2;DN7;43,3846530;6,1726430
41493;202000046120;2;3;2020;19:27;5;91;91577;2;9;1;3;D446;48,6061440;2,4940260
41494;202000046121;8;3;2020;08:40;1;62;62075;1;1;2;1;D 341 Route de Desvres;50,7056380;1,6939467
41495;202000046122;8;3;2020;22:30;5;80;80709;2;1;1;6;23 Rue Feret;49,9011590;1,8265610
41496;202000046124;8;3;2020;12:15;1;89;89224;1;3;1;3;D91;47,7226969;3,8532400
41497;202000046125;8;3;2020;16:40;1;61;61507;1;4;1;2;N12;48,5562310;0,5981970
41498;202000046126;7;3;2020;23:00;3;49;49307;1;1;1;6;Les Rouages (Corné);47,4486860; -0,3499530
41499;202000046127;7;3;2020;10:00;1;46;46127;2;1;1;7;Route de Cahors;44,7317810;1,3754210
41500;202000046129;2;3;2020;22:55;3;34;34125;1;1;1;6;D9;43,6642860;3,5376570
41501;202000046130;8;3;2020;18:30;2;31;31052;1;1;2;6;Route de Toulouse;43,4034280;1,3680290
41502;202000046131;9;3;2020;06:45;2;31;31341;1;1;2;6;1297 Route des Platanes;43,7189470;1,3190030
41503;202000046132;8;3;2020;01:30;3;01;01269;1;1;1;1;29 Route de La-cluse;46,1646190;5,5862060
41504;202000046133;9;3;2020;15:45;1;72;72230;1;2;1;3;CD 213 La Croix;47,8565970;0,1321360
41505;202000046134;9;3;2020;14:30;1;14;14303;1;1;1;1;Route de Courtonne;49,1260310;0,2815620
41506;202000046135;2;3;2020;17:00;1;50;50435;1;1;2;1;D50;49,4952880; -1,6080330
41507;202000046136;9;3;2020;15:15;1;50;50283;1;2;8;3;D6;49,1470050; -1,0491190
41508;202000046137;9;3;2020;11:30;1;16;16064;1;1;1;6;Lieu Dit la Tuiliere;45,9551148;0,8448369
41509;202000046138;8;3;2020;05:45;3;53;53222;1;1;1;6;D12;48,2119230; -0,7088220
41510;202000046139;6;3;2020;17:15;1;40;40017;1;1;8;5;Avenue des Pyrénées;43,7319260; -0,5714390
41511;202000046140;9;3;2020;13:25;1;40;40274;1;1;2;1;Route de Campagne;43,9083650; -0,6590780
41512;202000046142;7;3;2020;20:20;3;37;37122;1;1;1;2;départementale 751;47,3405984;0,6427583
41513;202000046143;8;3;2020;16:00;1;30;30228;1;1;1;6;D979;43,9346730;4,3850580
41514;202000046144;7;3;2020;12:00;1;13;13051;1;1;1;3;Route Départementale 21;43,5754400;5,1300470
41515;202000046145;9;3;2020;12:50;1;01;01069;1;1;2;2;A40 PK 154+300;46,1282653;5,2827174
41516;202000046146;8;3;2020;17:30;1;68;68309;1;1;1;6;a 35 pk 112+700;47,6738190;7,4691150
41517;202000046147;9;3;2020;02:15;3;89;89339;1;1;2;5;A6;47,5707129;3,9381760
41518;202000046148;7;3;2020;02:26;3;57;57073;1;1;1;6;A4 PK 370+100 SENS STRASBOURG - PARIS;49,1384980;6,8154720
41519;202000046149;8;3;2020;15:11;1;13;13011;1;3;1;5;ROUTE DÉPARTEMENTALE 5;43,7372440;4,8257230
41520;202000046150;9;3;2020;10:30;1;27;27203;1;1;2;2;;49,0536060;1,4393590
41521;202000046151;9;3;2020;07:32;2;27;27388;1;1;4;1;D6178;49,4509410;0,4463200
41522;202000046152;7;3;2020;17:45;2;987;98724;1;1;1;7;RT 113; -16,7076020; -150,9809020
41523;202000046153;8;3;2020;03:15;3;988;98821;1;1;1;1;COL DE LA PIROGUE; -22,0815400;166,3187400
41524;202000046154;9;3;2020;02:00;3;971;97107;1;1;1;6;Rue de Neuf - Chateau;16,0873210; -61,5683160
41525;202000046155;9;3;2020;05:50;1;971;97107;1;1;1;6;8 Rue de l'Ilet Perou;16,0552370; -61,5669860
41526;202000046156;7;3;2020;21:00;3;972;97230;1;1;1;1;N1;14,7535630; -60,9781010
41527;202000046157;8;3;2020;16:55;1;70;70416;1;1;1;5;Pomoy;47,6578880;6,3628190
41528;202000046158;6;3;2020;08:30;1;67;67067;2;1;1;-1;25 Rue du Général Duport;48,7317063;7,7055344
41529;202000046159;7;3;2020;15:50;1;67;67345;1;9;1;3;69 Rue de la Gare;48,7894560;7,8489091
41530;202000046160;7;3;2020;10:30;1;67;67131;2;1;1;6;32 Rue de la 1ere Division Blindee;48,4883098;7,7158293
41531;202000046161;8;3;2020;20:35;5;69;69296;1;1;1;2;D312;45,6347390;4,8223220
41532;202000046162;3;3;2020;16:00;1;69;69295;1;1;1;6;1280 route de marennes;45,6085000;4,8699000
41533;202000046163;8;3;2020;15:50;1;09;09199;1;1;1;1;Lieu Dit l'Alma;43,2119760;1,6080110
41534;202000046164;6;3;2020;15:30;1;19;19098;1;1;3;1;Lagarde-Marc-la-Tour;45,1967970;1,8355320
41535;202000046165;7;3;2020;19:00;5;62;62604;2;1;1;-1;Rue de la Buqueuse;50,6177560;1,6537025
41536;202000046166;6;3;2020;17:05;1;62;62560;2;1;1;6;Rue pasteur;50,8168870;1,7083950
41537;202000046167;7;3;2020;15:13;1;13;13056;1;1;1;3;A55-Sens Martigues vers Marseille;43,3982334;5,0803347
41538;202000046168;7;3;2020;12:10;1;13;13055;1;1;1;3;A507 sens Marseille - Aubagne;43,3024000;5,4253000
41539;202000046169;8;3;2020;02:25;5;13;13215;1;1;1;3;A7-Sens Marseille vers Lyon;43,3442000;5,3754000
41540;202000046170;7;3;2020;11:20;1;13;13071;1;1;1;7;A55-Sens Martigues vers Marseille;43,3968700;5,2865400
41541;202000046171;6;3;2020;19:33;2;13;13055;1;1;1;4;A507 sens Marseille - Aubagne;43,3061000;5,4251100
41542;202000046172;29;1;2020;14:40;1;13;13106;1;1;8;3;A51-Sens Aix en Provence vers Marseille;43,4127400;5,3642500
41543;202000046173;8;3;2020;02:00;3;38;38087;1;1;1;2;A7;45,5805400;4,8020800
41544;202000046174;8;3;2020;00:10;3;69;69256;1;1;1;3;A42    ;45,7845800;4,8962100
41545;202000046175;8;3;2020;18:25;3;94;94034;1;1;2;4;AUTOROUTE A86;48,7597000;2,3220000
41546;202000046176;8;3;2020;07:48;2;94;94037;1;1;1;5;AUTOROUTE A6B;48,8074300;2,3468300
41547;202000046177;8;3;2020;05:20;3;91;91689;1;1;1;2;AUTOROUTE A6B;48,7430600;2,3229000
41548;202000046178;7;3;2020;19:30;3;77;77251;1;1;1;4;AUTOROUTE A5A;48,6188000;2,5535000
41549;202000046179;7;3;2020;21:40;3;78;78423;1;1;1;3;A12 Y;48,7953000;2,0418000
41550;202000046180;7;3;2020;19:30;5;94;94017;1;1;1;3;A4;48,8267200;2,5157900
41551;202000046182;3;3;2020;11:00;1;94;94018;1;1;1;2;A4;48,8175000;2,4229000
41552;202000046183;7;3;2020;11:55;1;988;98818;2;1;1;7;RUE TEYSSANDIER DE LAUBAREDE; -22,2611800;166,4507100