;Num_Acc;jour;mois;an;hrmn;lum;dep;com;agg;int;atm;col;adr;lat;long
41553;202000046184;6;3;2020;20:15;5;974;97411;2;1;2;4;JAURES (BOULEVARD JEAN); -20,8941480;55,4713550
41554;202000046185;7;3;2020;10:29;1;973;97302;2;1;1;3;SOURCE DE BADUEL (CHEMIN DE LA);4,9291516; -52,3086763
41555;202000046187;7;3;2020;13:15;1;69;69383;2;2;1;3;ANTOINE CHARIAL                     (R );45,7582600;4,8659200
41556;202000046188;6;3;2020;08:45;1;972;97213;1;1;2;2;AUTOROUTE A1;14,6182500; -61,0269000
41557;202000046189;5;3;2020;01:00;5;972;97209;2;9;1;7;BISHOP (Avenue Maurice);14,6054540; -61,0595550
41558;202000046190;7;3;2020;07:30;2;69;69389;2;1;1;2;MARIETTON                           (R );45,7762982;4,7978415
41559;202000046191;6;3;2020;19:10;5;91;91064;2;3;1;1;JOUY (ROUTE DE);48,7522300;2,2057500
41560;202000046192;6;3;2020;20:14;5;91;91345;2;1;1;3;CORBEIL (ROUTE DE);48,6840530;2,3089230
41561;202000046193;25;6;2020;06:10;1;73;73008;2;6;1;3;D1201 ROOSEVELT FRANKLIN AVENUE;45,7018070;5,9094422
41562;202000046194;25;6;2020;10:15;1;71;71153;2;6;1;3;MARCET (RUE BAPTISTE);46,7951914;4,4325931
41563;202000046196;24;6;2020;11:02;1;66;66136;2;1;1;2;BELFORT AVENUE DE;42,6905500;2,8808700
41564;202000046197;25;6;2020;15:10;1;64;64335;2;1;1;1;BIE GRANDE;43,3350400; -0,4361700
41565;202000046198;24;6;2020;18:30;1;63;63113;2;2;1;3;CLEMENTEL (BD ETIENNE);45,8096600;3,1094500
41566;202000046199;25;6;2020;18:35;1;62;62826;2;2;1;3;ANDREI SAKHAROV (RUE);50,5203240;1,5847560
41567;202000046200;21;6;2020;11:00;1;59;59230;2;1;1;5;FORT (RUE DU);50,2463920;3,9752030
41568;202000046201;24;6;2020;16:50;1;56;56083;2;1;1;2;VAILLANT ( AV. EDOUARD );47,8204700; -3,2522000
41569;202000046202;24;6;2020;20:10;1;54;54482;2;1;1;-1;JACQUES CARTIER;48,7025670;6,1965043
41570;202000046203;24;6;2020;17:40;1;54;54382;2;1;1;6;LONGWY (ROUTE DE);49,5359000;5,7675000
41571;202000046205;25;6;2020;15:11;1;51;51454;2;2;1;3;Rue Forain;49,2375937;4,0265784
41572;202000046207;23;6;2020;16:15;1;50;50129;1;1;1;6;VALLEE DE QUINCAMPOIX;49,6154600; -1,6400200
41573;202000046208;24;6;2020;15:24;1;49;49007;2;1;1;3;RAMON BOULEVARD;47,4863800; -0,5370600
41574;202000046209;24;6;2020;10:58;1;49;49007;2;1;1;5;LARREY;47,4793500; -0,5556500
41575;202000046210;24;6;2020;09:45;1;46;46042;2;1;1;-1;RACINE (RUE JEAN);44,4620500;1,4514700
41576;202000046211;25;6;2020;14:18;1;45;45068;2;1;1;6;Rue Ponte de Lima;48,0066397;2,7217609
41577;202000046212;17;6;2020;16:10;1;39;39198;2;1;1;6;5 Rue de Besançon;47,0939740;5,4961550
41578;202000046213;5;6;2020;15:20;1;39;39198;2;1;1;6;9-11 Avenue du General Eisenhower;47,0959220;5,4997350
41579;202000046214;6;5;2020;09:30;1;39;39198;2;3;1;6;Carrefour Avenue Léon Jouhaux / Rue des Paters;47,0893360;5,4817450
41580;202000046215;25;6;2020;07:53;1;37;37261;2;2;1;-1;GRAMMONT (AVENUE DE);47,3861626;0,6905012
41581;202000046216;24;6;2020;17:25;1;37;37261;2;1;1;-1;PROUDHON (AVENUE);47,3945994;0,6697347
41582;202000046217;18;6;2020;10:50;1;36;36063;2;1;1;6;5 Rue des Remparts;46,8268116;1,7031815
41583;202000046218;25;6;2020;17:50;1;35;35238;2;3;1;3;ROCHESTER (AVENUE DE);48,1284000; -1,6641700
41584;202000046219;25;6;2020;10:30;1;35;35238;2;1;1;6;7 Boulevard Albert 1er;48,0902800; -1,6914300
41585;202000046220;25;6;2020;10:10;1;34;34172;2;9;1;2;RIMBAUD (RUE PAUL);43,6181667;3,8403815
41586;202000046221;24;6;2020;16:20;1;34;34172;2;3;1;-1;ALCO (RUE D';43,6193000;3,8381300
41587;202000046222;25;6;2020;18:40;1;33;33318;2;6;1;6;Avenue de Saige;44,7911050; -0,6334670
41588;202000046223;25;6;2020;17:20;1;33;33039;1;3;1;3;BD JEAN-JACQUES BOSC / ALL DES TILLEULS;44,8146876; -0,5529200
41589;202000046224;25;6;2020;11:48;1;33;33013;2;1;7;3;62 AVE DU PEYROU;44,8663000; -0,4833500
41590;202000046226;22;6;2020;22:00;3;33;33529;1;1;1;1;LIGNON (BD LOUIS);44,6331800; -1,1840600
41591;202000046227;25;6;2020;17:50;1;33;33529;1;1;1;1;RN250 (OUSTALET - BONNEVAL);44,6145800; -1,1444200
41592;202000046229;24;6;2020;12:30;1;33;33529;2;6;1;2;BISSERIE (AVE DE);44,6258000; -1,1395500
41593;202000046231;25;6;2020;08:40;1;17;17291;1;1;1;2;RN 11;46,1798820; -1,0943690
41594;202000046232;24;6;2020;18:51;1;17;17300;2;3;1;3;CORDELIERS  AVENUE DES;46,1657700; -1,1420900
41595;202000046233;25;6;2020;14:00;1;14;14437;2;1;1;2;PERIPHERIQUE NORD (BOULEVARD);49,1812000; -0,3246100
41596;202000046234;25;6;2020;18:20;1;13;13204;2;1;1;6;LIBERATION (BOULEVARD);43,3015167;5,3928387
41597;202000046235;25;6;2020;14:15;1;13;13047;2;1;1;3;MARCEL DASSAULT ROND POINT;43,5000410;4,9663820
41598;202000046236;24;6;2020;14:35;1;13;13005;2;1;1;1;AUMONE VIELLE (CHEMIN DE L');43,2859900;5,5298200
41599;202000046237;20;6;2020;17:50;1;12;12146;1;1;1;1;MILLAU (AVENUE DE);44,3379880;2,5870310
41600;202000046239;25;6;2020;07:55;1;06;06088;2;1;1;6;JOLY (CORNICHE ANDRE DE);43,6973060;7,2941670
41601;202000046240;25;6;2020;15:35;1;06;06123;2;1;1;2;CURIE PIERRE ET MARIE AVENUE;43,6871000;7,1870000
41602;202000046241;25;6;2020;17:30;1;75;75120;2;1;1;6;BOULEVARD PERIPHERIQUE;48,8773770;2,4091570
41603;202000046242;22;6;2020;01:34;5;75;75106;2;1;1;1;QUAI DE CONTI;48,8573260;2,3383290
41604;202000046243;25;6;2020;18:36;1;75;75120;2;1;1;3;AVENUE BENOIT FRACHON;48,8521340;2,4157000
41605;202000046244;25;6;2020;13:55;1;75;75117;2;1;1;3;AVENUE DE LA GRANDE ARMEE;48,8753540;2,2902130
41606;202000046245;24;6;2020;14:30;1;75;75116;2;1;1;3;ALLEE DU BORD DE L EAU;48,8705000;2,2396430
41607;202000046246;25;6;2020;00:10;5;75;75115;2;1;1;6;PONT DE BIR HAKEIM;48,8553870;2,2877850
41608;202000046247;25;6;2020;02:25;5;75;75111;2;3;1;3;BOULEVARD DE MENILMONTANT;48,8598310;2,3887610
41609;202000046248;25;6;2020;18:40;1;75;75110;2;2;1;3;RUE DE DUNKERQUE;48,8807990;2,3512030
41610;202000046249;25;6;2020;12:00;1;75;75108;2;7;1;3;PLACE SAINT AUGUSTIN;48,8749700;2,3198060
41611;202000046250;23;6;2020;12:05;1;75;75108;2;1;1;3;AVENUE FRANKLIN D ROOSEVELT;48,8677820;2,3099920
41612;202000046251;25;6;2020;17:30;1;75;75107;2;7;1;2;AVENUE BOSQUET;48,8622800;2,3019540
41613;202000046252;25;6;2020;17:00;1;75;75107;2;7;1;3;PLACE JOFFRE;48,8526720;2,3030800
41614;202000046254;24;6;2020;19:30;1;75;75104;2;1;1;1;RUE DE RIVOLI;48,8558570;2,3584120
41615;202000046255;24;6;2020;20:00;1;75;75102;2;2;1;6;BOULEVARD DE SEBASTOPOL;48,8662510;2,3524920
41616;202000046256;24;6;2020;22:16;5;94;94074;2;2;1;6;CHAMP SAINT-JULIEN (AV DU);48,7490680;2,4553830
41617;202000046257;25;6;2020;18:50;1;94;94015;2;1;1;3;ADRIEN MENTIENNE (QU);48,8476753;2,5123737
41618;202000046259;24;6;2020;21:24;2;94;94046;1;1;1;6;R MARECHAL DE LATTRE DE TASSIGNY;48,8010700;2,4484300
41619;202000046260;24;6;2020;18:30;1;94;94028;2;3;1;3;Duvauchelle (rue Dominique);48,7680332;2,4553436
41620;202000046261;24;6;2020;18:55;1;94;94079;2;1;1;6;NOISY (R DE);48,8314110;2,5440440
41621;202000046262;25;6;2020;07:08;1;94;94018;2;6;1;3;CARRIERES (QU DES);48,8185200;2,4109400
41622;202000046263;25;6;2020;10:15;1;93;93066;2;9;1;6;FRANCE ANATOLE (BOULEVARD) NR AUTRES;48,9243798;2,3492353
41623;202000046264;24;6;2020;10:23;1;93;93066;2;1;7;6;R DE STRASBOURG;48,9360462;2,3610339
41624;202000046265;25;6;2020;11:55;1;93;93077;2;1;1;6;OUTREBON (AVENUE);48,8861100;2,5109000
41625;202000046266;24;6;2020;17:30;1;93;93053;2;6;1;2;JEAN JAURES (RUE);48,8901366;2,4531053
41626;202000046267;25;6;2020;19:45;1;93;93048;1;1;1;2;EMILE BEAUFILS (RUE);48,8753694;2,4589333
41627;202000046268;25;6;2020;15:20;1;93;93008;2;1;1;1;SAVOIE (RUE DE);48,9116800;2,4179200
41628;202000046269;25;6;2020;10:32;1;92;92073;2;9;7;3;SELLIER (BOULEVARD HENRI);48,8677219;2,2262509
41629;202000046271;24;6;2020;23:45;5;92;92048;2;1;1;6;VAUGIRARD (ROUTE DE);48,8201000;2,2415800
41630;202000046273;25;6;2020;08:55;1;92;92026;2;2;1;1;SAINT-DENIS BD DE (01 A 197 / 02 A 118);48,8963488;2,2584779
41631;202000046274;24;6;2020;22:20;5;87;87125;2;1;1;7;38 Avenue de la Libération;45,9045500;1,3253650
41632;202000046275;26;6;2020;06:00;1;74;74245;1;1;1;6;A41;45,9897240;6,1283970
41633;202000046276;26;6;2020;05:15;3;33;33334;1;1;9;6;D 115;44,6681000; -0,4428300
41634;202000046277;13;6;2020;18:35;1;17;17131;2;1;1;7;Rue du Maine Donne;45,5867099; -0,8301470
41635;202000046278;24;6;2020;18:00;1;28;28012;1;1;1;3;D15;48,1156230;1,1357330
41636;202000046279;24;6;2020;18:41;1;67;67115;1;4;1;5;D1083;48,2998030;7,4945230
41637;202000046280;25;6;2020;15:15;1;52;52384;1;1;1;2;A31 PK 103+800;47,8218630;5,2248960
41638;202000046281;15;6;2020;20:20;1;62;62502;2;1;1;1;21 Rue Adam Grunewald;50,6240350;2,6818660
41639;202000046283;21;6;2020;06:21;2;61;61194;1;1;1;6;A88;48,7385920; -0,0728060
41640;202000046284;25;6;2020;10:00;1;57;57043;1;3;1;3;D1;49,2557270;6,2008600
41641;202000046285;23;6;2020;12:30;1;19;19237;1;1;1;-1;D145;45,1598220;2,1243360
41642;202000046286;26;6;2020;15:15;1;74;74309;2;4;1;5;Route de Frangy;46,1124860;6,0401840
41643;202000046287;26;6;2020;04:45;2;74;74309;1;1;1;-1;route de bellegarde - lieu dit germagny;46,1135570;6,0082660
41644;202000046288;25;6;2020;22:15;2;79;79063;1;1;1;6;Rue de la Forge Fleurie;47,0312030; -0,2998090
41645;202000046289;25;6;2020;07:00;1;79;79117;1;1;1;7;Chemin de la Rue;46,4474000; -0,5081300
41646;202000046290;25;6;2020;14:45;1;80;80315;2;1;1;1;15 Route Nationale;49,7353100;2,2538240
41647;202000046291;26;6;2020;11:05;1;89;89418;2;9;1;6;12 b Avenue de la Gare;47,8581800;3,9745990
41648;202000046292;25;6;2020;15:25;1;49;49160;1;1;1;1;D723;47,4112290; -0,9303900
41649;202000046294;26;6;2020;08:35;1;34;34234;1;3;1;1;D13;43,5329430;3,2289400
41650;202000046295;24;6;2020;11:25;1;44;44125;1;4;1;3;Avenue Louis Clément;47,3676190; -2,5377850
41651;202000046296;25;6;2020;15:45;5;44;44117;2;3;1;3;4 Rue de la Rochelle;47,1379940; -1,3416520
41652;202000046297;25;6;2020;14:40;1;35;35248;1;1;1;5;N176;48,5662420; -1,5899710
41653;202000046298;25;6;2020;08:40;1;35;35133;1;3;1;3;La Petite Pommeraie;48,1313980; -2,0709380
41654;202000046299;25;6;2020;17:10;1;35;35133;1;3;1;3;Trémelin;48,1024160; -2,0397660
41655;202000046300;8;6;2020;15:00;1;31;31230;2;1;1;1;Rue des Pyrénées;43,7194550;1,4366230
41656;202000046301;26;6;2020;13:44;1;85;85108;2;1;8;1;21 Rue de la Clairière;46,9061710; -1,3750210
41657;202000046302;26;6;2020;08:05;1;26;26086;2;1;1;2;29 Rue de la Gare;44,6938570;5,4830470
41658;202000046303;25;6;2020;12:40;1;54;54008;1;1;1;6;D674;48,5532270;5,8957850
41659;202000046304;25;6;2020;17:45;1;54;54589;1;2;7;2;RD657;48,9691990;6,0507470
41660;202000046305;20;6;2020;12:35;1;14;14294;2;1;1;6;24 Chemin de la Haie Morin;49,1012730; -0,2879910
41661;202000046306;26;6;2020;09:55;1;05;05164;2;1;1;6;RN94;44,5262590;6,4070910
41662;202000046307;26;6;2020;15:30;1;50;50399;1;9;1;7;D106;48,6918850; -1,2101550
41663;202000046308;26;6;2020;11:40;1;50;50453;1;2;1;3;Avenue du President;48,8454850; -1,2012430
41664;202000046309;23;6;2020;18:10;1;45;45098;2;1;1;6;Rue du Moulin;47,8168635;1,7658079
41665;202000046310;25;6;2020;17:15;1;64;64160;2;3;1;3;1 Rue Etchegorria;43,3623880; -1,4070920
41666;202000046312;26;6;2020;05:38;2;40;40303;1;1;1;6;Route de Montine;44,0900820; -0,9177020
41667;202000046313;25;6;2020;08:50;1;85;85128;2;2;1;3;Boulevard de l'Océan;46,4511420; -1,1598840
41668;202000046314;25;6;2020;23:30;3;27;27065;1;1;1;7;Rue Louis Gillain;49,3497370;0,3674360
41669;202000046315;25;6;2020;23:10;3;17;17041;1;1;1;3;D116;46,1894570; -0,8288240
41670;202000046316;26;6;2020;07:20;1;52;52057;1;1;1;1;D227;48,3521780;4,8808370
41671;202000046317;25;6;2020;19:00;2;24;24194;2;8;1;6;Rue du Grand Caminel;44,8339910;0,3387040
41672;202000046318;26;6;2020;11:40;1;06;06161;1;1;1;2;91 Chemin du Val de Pomme;43,6259220;7,1161510
41673;202000046319;26;6;2020;10:30;1;69;69089;2;1;2;6;14 Rue des Ecoles;45,7378290;4,7732660
41674;202000046321;25;6;2020;15:25;1;987;98747;1;1;1;3;RT3 PK 12+800 sens TAUTIRA / TARAVAO; -17,7502400; -149,1921470
41675;202000046322;24;6;2020;07:05;1;971;97112;2;2;7;1;D203;15,8702150; -61,2813740
41676;202000046323;25;6;2020;16:00;1;2B;2B036;1;1;1;6;D5;42,5404810;9,2964510
41677;202000046324;25;6;2020;19:05;1;34;34285;1;1;1;6;D131;43,5163200;3,5138420
41678;202000046325;26;6;2020;00:30;3;58;58160;1;1;1;2;Route de Marcé;46,9903890;3,1017920
41679;202000046326;25;6;2020;16:40;1;74;74080;1;2;1;3;D909;45,8869020;6,4333960
41680;202000046327;26;6;2020;07:55;1;38;38449;2;2;1;3;Boulevard de Tharabie;45,6477650;5,1018160
41681;202000046331;26;6;2020;12:40;1;60;60141;2;1;1;6;Avenue du Général Leclerc;49,1841890;2,4598320
41682;202000046332;26;6;2020;12:05;1;80;80685;1;9;8;3;Autoroute A1;49,7217393;2,7778146
41683;202000046333;25;6;2020;12:00;1;13;13005;1;1;1;6;A50-Sens Aubagne vers Marseille;43,2886595;5,5492683
41684;202000046334;24;6;2020;22:20;3;13;13085;1;1;1;-1;A50-Sens Aubagne vers Toulon;43,2468770;5,5962610
41685;202000046335;24;6;2020;17:20;1;13;13005;1;1;1;7;A50 - Sens Aubagne vers Marseille;43,2690344;5,5881518
41686;202000046336;24;6;2020;22:40;5;83;83137;1;1;1;7;A50 Accès Tunnel Tube Nord;43,1250600;5,9062500
41687;202000046337;25;6;2020;13:10;1;69;69199;1;1;1;3;A7 ;45,6936772;4,8434024
41688;202000046338;25;6;2020;14:30;1;92;92002;1;1;1;5;AUTOROUTE A86;48,7632364;2,3053090
41689;202000046339;25;6;2020;20:11;1;92;92036;1;1;1;6;RN315 Y;48,9290645;2,3024780
41690;202000046340;24;6;2020;10:45;1;92;92036;1;1;1;4;A86;48,9343472;2,2696661
41691;202000046341;25;6;2020;18:15;1;92;92036;1;1;1;4;AUTOROUTE A86;48,9383900;2,3133000
41692;202000046342;25;6;2020;10:30;1;95;95604;1;1;1;2; A1;49,1231200;2,5567700
41693;202000046343;25;6;2020;11:30;1;93;93006;1;1;1;3;AUTOROUTE A3;48,8665700;2,4240200
41694;202000046344;25;6;2020;09:30;1;93;93066;1;1;1;2;AUTOROUTE A1;48,9299700;2,3635300
41695;202000046345;24;6;2020;17:30;1;93;93005;1;1;7;5;AUTOROUTE A1;48,9607200;2,4679000
41696;202000046346;24;6;2020;14:00;1;93;93007;1;1;1;7;AUTOROUTE A3;48,9207100;2,4793700
41697;202000046347;21;6;2020;21:20;1;95;95212;1;1;1;6;A1;49,0335500;2,5413600
41698;202000046348;24;6;2020;08:05;1;95;95018;1;1;1;3;A15;48,9629200;2,2653800
41699;202000046349;24;6;2020;08:15;1;93;93005;1;1;1;3;AUTOROUTE A3;48,9312500;2,4809600
41700;202000046350;25;6;2020;18:45;1;77;77175;1;1;1;2;A5b;48,6653712;2,6131588
41701;202000046351;25;6;2020;16:55;1;94;94022;1;1;1;-1;A86 EXT;48,7760000;2,4293200
41702;202000046352;25;6;2020;15:00;1;77;77258;1;1;1;-1;A4.W;48,8323001;2,6531658
41703;202000046353;25;6;2020;10:30;1;94;94017;1;1;1;2;A4;48,8276700;2,5066500
41704;202000046354;25;6;2020;08:40;1;93;93051;1;1;1;2;A4;48,8352000;2,5727000
41705;202000046355;24;6;2020;19:45;1;94;94046;1;1;1;-1;A86 EXT;48,8118278;2,4491292
41706;202000046356;24;6;2020;17:15;1;94;94046;1;1;1;-1;A86 EXT;48,8155602;2,4506905
41707;202000046357;24;6;2020;15:15;1;94;94073;1;1;1;2;A86 EXT;48,7551121;2,3827400
41708;202000046358;16;4;2020;20:05;1;91;91657;2;3;9;3;EDELWEISS (RUE DES);48,7005100;2,4403420
41709;202000046359;26;2;2020;19:40;5;06;06069;2;1;1;3;CANNES (ROUTE DE)  -RD 6085-;43,6317700;6,9571200
41710;202000046360;23;6;2020;08:35;1;974;97416;1;1;1;4;TROIS MARRE (CHEMIN); -21,2983200;55,4427900
41711;202000046361;24;6;2020;09:45;1;972;97209;2;9;1;3;SALVADOR ALLENDE (AVENUE);14,6105800; -61,0484000
41712;202000046362;24;6;2020;07:25;1;69;69149;2;1;1;-1;EMILE ZOLA                          (BD);45,7181478;4,8082500
41713;202000046363;24;6;2020;06:40;1;971;97113;1;9;1;3;RN4 - SECTION RIVIERA;16,2826700; -61,2826700
41714;202000046364;24;6;2020;01:30;5;2A;2A004;2;6;1;7;AVENUE DU DOCTEUR NOEL FRANCHINI;41,9415778;8,7561195
41715;202000046365;23;6;2020;12:35;1;95;95268;2;9;1;3;AV DE STALINGRAD;48,9733314;2,4179389
41716;202000046366;24;6;2020;19:18;1;91;91434;2;1;1;1;GRIBELETTE (BOULEVARD DE LA);48,6466000;2,3583000
41717;202000046368;24;6;2020;15:00;1;91;91657;2;2;1;7;LONGUERAIE (RUE DE LA ) FOSSE MONTALBOT;48,7166880;2,4377310
41718;202000046369;24;6;2020;11:30;1;91;91174;2;3;7;3;PARIS (RUE);48,6026010;2,4691580
41719;202000046370;24;6;2020;18:00;1;90;90010;2;3;1;6;CRONSTADT (RUE DE);47,6310500;6,8607400
41720;202000046371;23;6;2020;15:31;1;87;87085;2;1;1;6;BOURGEOIS (RUE LEON);45,8423600;1,2445000
41721;202000046373;24;6;2020;20:47;1;83;83069;1;1;1;6;ST LAZARE (CHEMIN);43,1168400;6,1701800
41722;202000046374;23;6;2020;19:00;1;80;80021;2;1;1;6;LA CANTATE À TROIS VOIES;49,8794270;2,2792340
41723;202000046375;23;6;2020;15:35;1;80;80131;2;1;1;3;MICHEL STROGOFF (BOULEVARD°;49,8652500;2,3712200
41724;202000046376;24;6;2020;17:25;1;78;78440;2;1;1;6;CHARDONNERETS (RUE DES);48,9931800;1,9167600
41725;202000046377;24;6;2020;16:56;1;78;78440;2;2;1;3;PRÉS (AVENUE DES);48,9990300;1,9134300
41726;202000046378;19;6;2020;23:30;5;77;77226;2;1;1;7;COMMIER (CHEMIN DU);48,4508400;2,7700700
41727;202000046379;23;6;2020;18:42;1;76;76682;1;3;1;1;VILLAGE RUE DU;49,3188300;1,1139400
41728;202000046381;24;6;2020;21:15;1;69;69256;2;1;1;3;VOLTAIRE                            (CH);45,7755100;4,9243100
41729;202000046382;24;6;2020;20:00;1;69;69256;2;1;7;1;FERME (DE LA)                       (CH);45,7867900;4,9138000
41730;202000046384;23;6;2020;16:30;1;64;64448;2;1;1;2;LESCAR DE (ROCADE);43,3457000; -0,4498000
41731;202000046385;20;6;2020;15:20;1;64;64122;2;3;1;7;HENRI HAGET (AVENUE);43,4810262; -1,5399259
41732;202000046386;24;6;2020;10:20;1;64;64102;2;1;1;3;ESTUNARD (Marais de l');43,4926200; -1,4943000
41733;202000046389;23;6;2020;19:55;1;51;51454;2;5;1;2;Rue de Courlancy;49,2390605;4,0310918
41734;202000046390;23;6;2020;13:56;1;49;49246;2;1;1;2;CHAUVIN AVENUE;47,4300000; -0,5419500
41735;202000046391;4;1;2020;11:50;1;06;06074;1;1;1;7;M2565;43,9587100;7,3007000
41736;202000046392;3;1;2020;13:27;1;06;06059;1;1;1;6;111 Avenue des Diables Bleus;43,7224740;7,3340900
41737;202000046393;3;1;2020;21:10;3;05;05106;1;1;1;7;Chemin du Serre;44,5495077;6,3290052
41738;202000046394;4;1;2020;02:00;3;07;07188;1;1;2;6;Route de Saint Alban d'Ay;45,1897624;4,6732267
41739;202000046395;4;1;2020;10:20;1;28;28378;1;1;1;3;La Brosse;48,2822750;0,8730290
41740;202000046396;1;1;2020;02:30;3;17;17312;1;4;1;7;RD 145 ;45,3508840; -0,6428110
41741;202000046398;3;2;2020;08:15;1;83;83061;1;9;1;5;RUE DES COMBATTANTS D'AFRIQUE DU NORD;43,5095310;6,7155500
41742;202000046399;4;1;2020;17:00;2;08;08090;1;1;8;1;D19;49,6238990;5,1424940
41743;202000046400;4;2;2020;09:00;2;78;78133;2;1;1;3;POISSY (DE);48,9147280;2,0400500
41744;202000046401;3;1;2020;19:30;3;978;97801;1;1;1;1;RN 7 - Grand Case;18,0793940; -63,0613270
41745;202000046402;3;1;2020;13:30;1;01;01451;1;1;1;2;A40;46,2580727;5,2275379
41746;202000046403;4;2;2020;20:15;5;78;78486;2;9;1;7;PARIS (RUE DE COTE PAIR);48,6938074;1,8537724
41747;202000046404;4;1;2020;09:50;1;971;97129;1;1;1;6;Plessis Nogent;16,3540110; -61,7428890
41748;202000046405;5;2;2020;22:00;3;77;77294;1;1;8;-1;ROUTE NATIONALE 2;48,9976500;2,6324400
41749;202000046406;3;1;2020;17:45;5;83;83071;2;1;1;2;intersection avenue 1ère DFL - Rue de la Madrague;43,1421110;6,2438290
41750;202000046407;3;1;2020;23:45;3;13;13059;1;1;1;1;D 556;43,6132210;5,4951950
41751;202000046408;4;2;2020;10:40;1;77;77475;2;2;8;6;D603-JOFFRE (RUE DU MAL.);48,9577850;2,9472860
41752;202000046409;3;1;2020;20:30;3;67;67028;1;1;2;1;rd 5;48,3759710;7,5871840
41753;202000046410;3;1;2020;17:45;3;07;07034;1;1;1;6;;44,3546824;4,5667366
41754;202000046411;2;2;2020;00:25;5;76;76351;2;3;1;3;CAVEE VERTE (RUE DE LA);49,5022100;0,1034400
41755;202000046412;4;1;2020;06:15;3;57;57588;1;1;9;6;D57;49,4744850;6,2463230
41756;202000046413;3;1;2020;18:00;3;60;60628;1;1;2;2;Rue du Général de Gaulle;49,4261918;2,1317965
41757;202000046414;1;1;2020;06:05;4;69;69199;1;1;5;4;A7;45,6906635;4,8455772
41758;202000046415;3;2;2020;17:20;2;76;76351;2;2;2;3;Rue Pierre Curie;49,5096100;0,1276400
41759;202000046416;30;1;2020;19:40;5;73;73029;2;3;2;-1;D1006 - CHALLES (ROUTE DE);45,5705011;5,9485823
41760;202000046417;2;2;2020;19:45;5;71;71076;2;9;2;6;Avenue Monnot;46,7871290;4,8583768
41761;202000046418;4;2;2020;14:15;1;69;69029;2;3;1;3;LIONEL TERRAY                       (R );45,7296000;4,8940000
41762;202000046419;3;2;2020;21:40;4;66;66136;1;1;1;2;Départementale  617;42,7148150;2,9390410
41763;202000046420;3;1;2020;13:25;1;91;91689;1;1;2;6;AUTOROUTE A6A;48,7429200;2,3223900
41764;202000046421;3;2;2020;07:50;2;65;65286;2;3;1;3;MOULIN (AVENUE JEAN);43,1087210; -0,0284930
41765;202000046422;3;2;2020;17:20;1;64;64122;2;1;1;1;VERDUN (AVENUE DE);43,4813800; -1,5452500
41766;202000046423;4;2;2020;09:50;1;64;64102;2;6;2;7;AQUITAINE (AVENUE DE L');43,4869900; -1,4685600
41767;202000046424;3;2;2020;13:40;1;64;64102;2;6;1;3;BEYRIS (GIRATOIRE);43,4780000; -1,4924200
41768;202000046425;9;1;2020;13:40;1;63;63113;2;1;1;6;BLUM (AVENUE LEON);45,7675400;3,0957800
41769;202000046426;9;1;2020;19:25;5;63;63113;2;2;1;3;SABLON (COURS);45,7735405;3,0901385
41770;202000046427;3;2;2020;18:10;5;62;62774;2;2;2;6;COSTES ET BELLONTES (RUE);50,9574800;1,8204030
41771;202000046428;4;2;2020;15:20;1;59;59017;2;1;2;6;SAINT VAAST (PLACE);50,6869800;2,8827400
41772;202000046429;4;2;2020;22:45;5;54;54184;2;2;1;3;avenue de Brigachtal;48,7007740;6,2245760
41773;202000046431;3;2;2020;07:35;5;50;50129;2;1;1;6;MILLET (AVENUE JEAN-FRANCOIS);49,6339700; -1,6211200
41774;202000046432;3;2;2020;08:04;2;49;49007;2;1;1;2;SAUMUROISE IMPASSE ET RUE;47,4591800; -0,5354700
41775;202000046433;3;2;2020;22:00;5;47;47001;2;2;1;3;PELLETAN (BOULEVARD EUGENE);44,1991600;0,6263200
41776;202000046434;3;1;2020;13:45;1;91;91182;1;1;2;7;RN 104;48,6205377;2,4253653
41777;202000046436;4;2;2020;09:45;1;44;44109;2;1;1;6;Boulevard Robert Schuman;47,2416500; -1,5733700
41778;202000046438;4;2;2020;12:20;1;37;37261;2;2;1;3;RICHER (RUE FRANCOIS);47,3833427;0,6661874
41779;202000046439;4;2;2020;08:00;1;37;37195;2;3;1;3;CHER (LEVEE DU);47,3761775;0,6521925
41780;202000046440;4;2;2020;16:15;1;35;35238;2;1;8;2;METZ (BD DE);48,1204700; -1,6616900
41781;202000046441;3;2;2020;17:15;2;34;34108;1;9;1;1;RD 612;43,4219100;3,7395300
41782;202000046442;4;2;2020;14:15;1;34;34172;2;1;1;4;TOULOUSE (AVENUE DE;43,5943100;3,8608100
41783;202000046443;2;2;2020;05:25;5;34;34032;2;9;1;3;FABRE (AV.DU DOCTEUR JEAN MARIE);43,3546200;3,2299800
41784;202000046444;5;2;2020;02:00;5;33;33063;2;6;1;1;ALL HAUSMANN / PCE RAVEZIES;44,8658200; -0,5751400
41785;202000046445;4;2;2020;17:50;1;33;33550;2;2;1;3;Avenue des Pyrénées;44,7786700; -0,5664000
41786;202000046446;3;1;2020;14:38;3;91;91589;1;1;1;4;A6;48,6783188;2,3358550
41787;202000046447;27;1;2020;07:20;2;33;33075;2;2;1;6;AVE DU LAC / RUE DAUGERE / RUE DE FIEUZAL;44,8853260; -0,5923200
41788;202000046448;3;1;2020;00:00;3;91;91659;1;1;1;6;AUTOROUTE A6;48,5803569;2,4606939