;Num_Acc;jour;mois;an;hrmn;lum;dep;com;agg;int;atm;col;adr;lat;long
41789;202000046449;4;2;2020;08:15;2;32;32013;2;1;3;7;ROUGE-GORGES;43,6394200;0,5903600
41790;202000046450;3;1;2020;18:28;3;78;78545;1;1;2;6;A12 W;48,8091900;2,0545330
41791;202000046451;3;2;2020;23:15;5;31;31555;2;1;1;6;R-PT CHARLES FABRE;43,5744100;1,4054400
41792;202000046452;3;1;2020;17:50;3;92;92047;1;1;1;2;A4;48,8363264;2,1847581
41793;202000046453;3;2;2020;08:10;1;31;31555;2;1;1;2;AV DE FRONTON;43,6635719;1,4307684
41794;202000046454;3;1;2020;14:39;1;95;95675;1;1;1;3;AUTOROUTE A1;49,0588800;2,5504000
41795;202000046455;5;2;2020;00:55;5;30;30007;2;1;1;6;BLANC (BD LOUIS);44,1262000;4,0799000
41796;202000046456;21;5;2020;21:15;5;69;69034;2;3;1;2;PASTEUR                             (R );45,7951800;4,8474400
41797;202000046457;3;1;2020;12:20;1;93;93010;1;1;1;7;AUTOROUTE A3;48,8880300;2,4739000
41798;202000046458;21;5;2020;22:20;3;971;97101;1;1;1;3;COCOYER;16,2922200; -61,4890500
41799;202000046459;2;1;2020;17:15;3;60;60494;1;1;2;6;AUTOROUTE A1;49,1366200;2,5661400
41800;202000046460;21;5;2020;19:40;3;971;97113;1;1;1;5;PETIT HAVRE (SECTEUR);16,2158900; -61,4225900
41801;202000046461;20;5;2020;08:00;1;86;86194;1;9;1;3;Route de Bonnes;46,5842800;0,3937400
41802;202000046462;21;5;2020;13:35;1;76;76575;2;1;1;6;VAL L'ABBE. RUE DU;49,3852400;1,0995700
41803;202000046463;21;5;2020;17:45;1;76;76447;2;1;1;3;PIERRE MENDES FRANCE;49,5296900;0,1816000
41804;202000046464;2;1;2020;14:00;1;95;95252;1;1;1;2;AUTOROUTE A15;48,9767900;2,2349600
41805;202000046466;2;1;2020;08:40;2;92;92036;1;1;2;2;RN 315 ;48,9366000;2,2997400
41806;202000046467;2;1;2020;05:39;1;60;60494;1;1;1;3;;49,1372923;2,5667059
41807;202000046469;26;8;2020;10:15;1;93;93048;2;2;1;6;EMILE BEAUFILS (RUE);48,8757000;2,4591000
41808;202000046470;26;8;2020;13:55;1;93;93006;2;9;1;3;GAL DE GAULLE AV. DU;48,8637000;2,4167000
41809;202000046471;25;8;2020;20:15;2;93;93032;1;1;1;6;R DE PARIS;48,8656400;2,5649000
41810;202000046472;1;1;2020;04:20;5;93;93066;1;1;1;2;AUTOROUTE A1;48,9175200;2,3576700
41811;202000046473;22;5;2020;17:50;1;72;72181;2;1;1;-1;JAURES JEAN (AV) N° PAIRS 60 ET >;47,9855200;0,2093600
41812;202000046474;26;8;2020;15:05;1;93;93010;2;1;1;3;GALLIENI (AV.) DE 132 A 186;48,9002790;2,4654182
41813;202000046475;22;5;2020;10:20;1;72;72181;2;1;1;2;ALLONNES PONT ROUGE (RTE D');47,9761900;0,1676100
41814;202000046476;26;8;2020;13:40;1;93;93010;2;1;1;6;AV QUATORZE JUILLET;48,9130300;2,4912900
41815;202000046477;3;1;2020;11:40;1;94;94017;1;1;1;4;A4;48,8267626;2,5151501
41816;202000046478;1;1;2020;06:35;1;974;97416;1;1;2;6;Route Nationale 1; -21,2995430;55,4225280
41817;202000046479;26;8;2020;17:00;1;93;93001;2;1;1;3;FILLETTES (RUE DES);48,9145706;2,3665667
41818;202000046480;24;8;2020;18:20;1;92;92078;2;1;1;3;VERDUN (AVENUE) (IMPAIRS 1 A 25);48,9355070;2,3338650
41819;202000046481;20;1;2020;13:45;1;27;27229;2;1;1;6;CONCHES (ROUTE DE);49,0228000;1,1239000
41820;202000046482;22;5;2020;13:20;1;71;71040;2;1;1;1;Route de Mâcon;46,6874523;4,3906664
41821;202000046483;1;1;2020;15:25;1;974;97411;2;2;1;6;Rue Labourdonnais; -20,8765000;55,4482500
41822;202000046484;26;8;2020;15:10;1;92;92036;2;2;1;3;GABRIEL PERI (AVENUE) (101/129);48,9267260;2,2946220
41823;202000046485;4;2;2020;10:00;1;25;25056;2;9;1;6;WEISS RUE CHARLES;47,2429400;6,0091000
41824;202000046487;1;1;2020;02:30;5;972;97209;2;1;1;7;BALATA (ROUTE DE);14,6283400; -61,0726400
41825;202000046488;22;5;2020;09:40;1;67;67482;2;3;1;3;ALBERT CALMETTE (RUE);48,5913230;7,7092590
41826;202000046489;4;2;2020;15:15;1;16;16015;2;1;1;6;271 Rue de Bordeaux;45,6482240;0,1423860
41827;202000046490;2;1;2020;05:40;5;91;91657;2;5;2;3;HENRI BARBUSSE (AVENUE);48,7034000;2,4313300
41828;202000046491;21;5;2020;20:35;2;67;67482;2;1;1;3;ROMAINS (ROUTE DES);48,5780200;7,7053680
41829;202000046492;1;2;2020;22:55;5;14;14220;2;1;2;6;OLLIFFE (RUE);49,3610210;0,0760728
41830;202000046493;21;5;2020;19:05;1;67;67482;2;1;1;-1;ORBEY (RUE D );48,5622900;7,7735600
41831;202000046494;1;1;2020;05:30;5;78;78220;1;3;8;3;RN 10;48,7257129;1,8925358
41832;202000046495;4;2;2020;23:30;5;13;13213;2;5;1;3;ESCADRILLE NORMANDIE NIEMEN;43,3306800;5,4102100
41833;202000046496;26;8;2020;05:50;5;92;92062;2;1;1;7;GENERAL DE GAULLE (AVENUE DU);48,8851372;2,2264454
41834;202000046497;20;5;2020;18:36;1;67;67482;2;9;1;2;CERF BERR (RUE);48,5896820;7,6910770
41835;202000046498;20;5;2020;22:10;3;67;67482;2;1;1;6;PERIGUEUX (RUE DE);48,5480700;7,7690500
41836;202000046499;20;5;2020;17:10;1;67;67482;2;1;1;6;NEUHOF (ROUTE);48,5514000;7,7659600
41837;202000046500;20;5;2020;16:55;1;67;67482;2;3;1;2;ARTHUR RIMBAUD (RUE);48,5889130;7,7140690
41838;202000046501;22;5;2020;11:00;1;63;63063;1;6;1;3;giratoire Est RM2009/RM2;45,8289515;3,1144950
41839;202000046502;26;8;2020;10:12;1;92;92026;2;1;1;2;VERDUN (DE 62 A FIN);48,9026600;2,2585600
41840;202000046503;1;1;2020;12:55;1;77;77186;1;1;5;5;RD 142 Glandée au grand veneur;48,4627000;2,6678000
41841;202000046504;4;2;2020;19:30;5;13;13211;2;1;6;3;SAINT MENET (AVENUE DE);43,2892000;5,4997000
41842;202000046505;20;5;2020;18:48;1;63;63113;2;2;1;6;PASTEUR (BD);45,7714200;3,0831200
41843;202000046506;4;2;2020;19:20;5;13;13204;2;1;1;6;CHAVE (BOULEVARD);43,2956300;5,3963100
41844;202000046508;22;5;2020;20:50;1;59;59131;2;1;1;7;Rue du Hooghe Porte;50,9944700;2,3664900
41845;202000046509;15;4;2020;14:40;1;56;56260;2;1;1;6;PAIX(BLD DE LA) 1 A 39  ET 2 A 50;47,6593500; -2,7626400
41846;202000046511;27;8;2020;09:30;1;35;35176;1;2;1;3;Maupertuis;47,8626790; -1,8626170
41847;202000046512;1;1;2020;19:00;3;71;71040;2;2;5;3;Route des Bizots;46,7108423;4,3948374
41848;202000046513;27;8;2020;07:45;1;95;95504;1;1;1;3;A16;49,1109760;2,2559310
41849;202000046514;1;1;2020;19:20;5;69;69266;2;9;1;7;EMILE ZOLA     (Cours);45,7678000;4,8887000
41850;202000046515;2;1;2020;23:30;5;64;64024;2;1;1;7;LAPORTE (AVENUE JEAN LEON);43,4867000; -1,5013000
41851;202000046516;4;2;2020;15:25;1;13;13215;2;3;6;3;Min (avenue du);43,3414820;5,3731000
41852;202000046518;4;2;2020;12:30;1;13;13204;2;1;1;3;BLANCARDE (BOULEVARD);43,3027000;5,3983000
41853;202000046519;26;8;2020;17:40;1;01;01090;1;2;1;3;D93a;46,0196450;5,2182160
41854;202000046521;2;1;2020;10:27;1;64;64102;2;1;1;2;RESPLANDY (AVENUE DU CAPITAINE);43,4851000; -1,4596000
41855;202000046522;3;2;2020;18:00;3;13;13002;1;1;1;2;JEAN GIONO (AVENUE);43,3336500;5,4821580
41856;202000046523;2;1;2020;07:50;2;59;59508;2;3;1;6;LILLE (RUE DE)MENIN A 8 MAI 1945;50,7525968;3,1207448
41857;202000046524;3;2;2020;16:40;1;13;13202;2;1;1;3;TOURETTE (QUAI DE LA);43,2980000;5,3630500
41858;202000046525;23;8;2020;09:46;1;67;67491;2;1;1;1;Rue de Weislingen;48,9051081;7,2483441
41859;202000046526;3;2;2020;12:15;1;13;13215;2;6;1;7;Min (avenue du);43,3405500;5,3785500
41860;202000046527;20;5;2020;11:00;1;56;56121;2;1;1;6;POISSONNIERE (RUE);47,7476400; -3,3585500
41861;202000046528;27;8;2020;10:57;1;22;22200;1;1;1;3;D16;48,4861210; -2,3336510
41862;202000046529;1;1;2020;18:36;5;51;51454;2;2;8;6;Rue du Docteur Albert Schweitzer;49,2828809;4,0205589
41863;202000046530;4;2;2020;22:20;5;13;13063;2;1;1;1;SAINT EXUPERY BOULEVARD;43,5912400;5,0068930
41864;202000046531;2;1;2020;13:10;1;45;45302;2;2;8;3;RUE NATIONALE 20 - RUE GABRIEL DEBACQ ;47,9545630;1,8911450
41865;202000046532;24;8;2020;15:45;1;83;83023;1;1;1;-1;A8;43,4213050;6,0761690
41866;202000046533;19;5;2020;18:10;1;56;56098;2;3;1;3;DIDEROT (RUE  DENIS );47,7746300; -3,3476300
41867;202000046535;2;1;2020;06:45;2;44;44162;2;1;1;6;Route de Vannes;47,2561700; -1,6364500
41868;202000046536;27;8;2020;06:45;1;21;21210;1;1;1;6;A6;47,2379860;4,5802260
41869;202000046538;26;8;2020;12:30;1;21;21091;1;1;1;3;A6;47,1979290;4,6594690
41870;202000046539;21;5;2020;18:55;1;49;49007;2;1;1;6;PYRAMIDE ROUTE;47,4511000; -0,5194200
41871;202000046540;27;8;2020;16:15;1;35;35200;1;1;3;7;Les Chesnonnières;47,9578580; -1,2243750
41872;202000046541;31;1;2020;16:00;1;13;13098;1;1;1;2;COLLES CHEMIN DES;43,4410130;5,0206790
41873;202000046542;2;1;2020;09:51;1;37;37261;2;1;1;7;GRAMMONT (AVENUE DE);47,3853376;0,6909037
41874;202000046543;21;5;2020;08:15;1;49;49007;2;1;1;6;MILLOT BOULEVARD JACQUES;47,4546800; -0,5332000
41875;202000046544;2;1;2020;10:40;1;33;33063;2;2;1;3;RUE JUDAIQUE / RUE CHEVALIER;44,8407630; -0,5922660
41876;202000046546;1;1;2020;16:00;1;31;31555;2;1;1;4;ALL JEAN JAURES;43,6090100;1,4539900
41877;202000046547;27;8;2020;06:55;1;29;29095;1;1;1;2;RN 12;48,4544724; -4,3730551
41878;202000046548;19;5;2020;08:15;1;40;40281;1;1;1;2;SAINT-SEVER (AV DE);43,8760500; -0,5065800
41879;202000046549;3;2;2020;20:05;5;11;11262;2;1;1;-1;AUGE (BOULEVARD DU DR LEON);43,1877620;3,0031380
41880;202000046550;25;8;2020;17:00;1;56;56117;2;2;1;3;Rue du Guesclin;47,8879600; -2,8308140
41881;202000046551;22;5;2020;12:03;1;37;37261;2;3;1;6;VICTOIRE (RUE DE LA);47,3948425;0,6776524
41882;202000046552;9;1;2020;16:45;1;11;11069;2;2;1;7;MOLIERE;43,2163570;2,3542860
41883;202000046553;22;5;2020;15:55;1;34;34172;2;1;1;7;FABRE DE MORLHON (BOULEVARD JACQUES);43,5917800;3,8785600
41884;202000046554;3;2;2020;07:35;5;10;10387;2;6;2;3;AUXERRE (RUE);48,2786000;4,0667000
41885;202000046555;1;1;2020;04:45;5;31;31555;2;1;1;1;AV DES ETATS UNIS;43,6496100;1,4255400
41886;202000046556;4;2;2020;16:30;1;06;06069;2;1;1;7;ZILLER (AVENUE PIERRE);43,6794440;6,9478290
41887;202000046557;18;8;2020;12:45;1;56;56218;1;1;2;5;Le Cota;47,7404920; -2,2694710
41888;202000046558;22;5;2020;14:30;1;34;34172;2;2;1;1;VERDANSON (QUAI DU);43,6147700;3,8811800
41889;202000046559;4;2;2020;09:00;1;06;06030;2;1;1;2;AUBAREDE (CHEMIN DE L');43,5666100;6,9867400
41890;202000046560;27;5;2020;20:00;1;56;56194;2;1;1;6;Rue du Château;47,5980210; -2,0994830
41891;202000046561;3;2;2020;09:40;1;03;03185;2;1;1;6;rue Émile Zola n° 42;46,3610171;2,5906038
41892;202000046562;2;1;2020;21:00;5;30;30189;2;3;1;3;TRIAIRE SERGENT (BOULEVARD);43,8283300;4,3600000
41893;202000046563;22;5;2020;12:15;1;34;34172;2;3;1;1;SAINT LAZARE (AVENUE DE);43,6191400;3,8865000
41894;202000046564;2;1;2020;16:55;1;29;29232;2;1;1;1;Route de Rosporden;47,9812000; -4,0326300
41895;202000046565;26;8;2020;19:55;1;82;82055;1;1;1;6;D3;43,9241950;0,9486540
41896;202000046567;22;5;2020;09:55;1;34;34003;2;1;1;6;SERGENTS (I14 A K17;43,2858300;3,5123100
41897;202000046568;26;8;2020;21:30;3;63;63331;2;1;1;7;D261;45,4972074;3,9198813
41898;202000046570;4;2;2020;16:55;1;01;01289;1;2;2;-1;D117A;46,1803900;5,1947300
41899;202000046571;15;8;2020;16:15;1;63;63126;1;1;1;3;D213;45,6851860;3,1434260
41900;202000046572;4;2;2020;10:10;1;75;75120;2;4;1;3;PORTE DE BAGNOLET;48,8631390;2,4134410
41901;202000046573;22;5;2020;12:19;1;31;31555;2;1;1;3;Avenue des Etats Unis;43,6479400;1,4220100
41902;202000046574;27;8;2020;00:30;3;42;42282;1;1;1;6;Route de Noiretable;45,8788521;3,8405712
41903;202000046575;2;1;2020;17:05;2;13;13215;2;1;1;2;SAINT ANTOINE A SAINT JOSEPH (CHEMIN DE);43,3596188;5,3647453
41904;202000046576;20;5;2020;19:11;1;31;31555;2;1;1;6;BD DES RECOLLETS;43,5838400;1,4430900
41905;202000046577;9;1;2020;19:20;2;75;75116;2;4;2;3;ECHANGEUR MAILLOT;48,8752934;2,2769433
41906;202000046578;2;1;2020;05:45;5;13;13206;2;2;1;3;ITALIE (RUE D');43,2879500;5,3834600
41907;202000046579;3;2;2020;19:27;5;75;75119;2;3;3;6;RUE D AUBERVILLIERS;48,8952950;2,3720910
41908;202000046580;1;1;2020;06:35;5;13;13209;2;1;1;2;MICHELET (BOULEVARD);43,2620343;5,3971571
41909;202000046581;27;8;2020;17:10;1;42;42267;1;3;1;3;Route de Marcigny;46,1599590;4,1018610
41910;202000046582;4;2;2020;17:50;5;75;75118;2;1;8;3;RUE D AUBERVILLIERS;48,8982940;2,3704920
41911;202000046583;15;8;2020;19:45;2;22;22046;1;1;1;7;La Ville Doualan;48,3258620; -2,5323380
41912;202000046584;4;2;2020;11:15;1;75;75117;2;1;1;2;AVENUE DE CLICHY;48,8927180;2,3149610
41913;202000046585;20;5;2020;10:00;1;30;30189;2;1;1;6;DEBUSSY CLAUDE (PLACE);43,8236000;4,3361000
41914;202000046586;25;8;2020;17:10;1;39;39164;2;3;1;3;;46,6525300;5,6003120
41915;202000046587;22;5;2020;16:50;1;29;29232;1;1;1;6;Route de Concarneau;47,9577527; -4,0472453
41916;202000046588;1;1;2020;00:30;5;13;13214;2;3;1;-1;BUREL (BOULEVARD);43,3173566;5,3898722
41917;202000046589;27;8;2020;10:55;1;25;25403;2;3;8;7;Rue des Creux;47,0436510;6,6062060
41918;202000046590;22;5;2020;15:55;1;27;27229;2;1;2;4;VERNON (RUE DE);49,0299100;1,1628000
41919;202000046591;2;1;2020;16:30;1;13;13001;2;1;1;3;GALICE (RTE);43,5282400;5,4321900
41920;202000046592;4;2;2020;18:50;5;75;75116;2;7;1;3;PORTE MAILLOT;48,8770650;2,2833930
41921;202000046593;4;2;2020;18:30;5;75;75116;2;2;1;3;AVENUE DU MAHATMA GANDHI;48,8758410;2,2621990
41922;202000046594;22;5;2020;20:08;1;17;17300;2;1;1;-1;GRASSET   AVENUE EDMOND (85T-15);46,1635600; -1,1696600
41923;202000046596;22;5;2020;05:25;2;13;13047;1;1;1;6;D.5;43,5840000;4,9461800
41924;202000046597;26;8;2020;14:45;1;25;25558;2;4;8;3;Grande Rue;47,1564090;6,1130250
41925;202000046598;2;1;2020;18:10;5;06;06069;1;1;1;1;CANNES (ROUTE DE)  -RD 6085-;43,6385322;6,9502777
41926;202000046600;23;8;2020;17:00;1;38;38022;1;1;1;-1;Route des Nappes;45,6472670;5,5751520
41927;202000046601;16;8;2020;15:25;1;06;06150;1;1;1;6;Avenue de Cap d'Ail;43,7288560;7,3929510
41928;202000046602;22;5;2020;05:10;5;06;06088;2;1;1;6;49 AV HENRI MATISSE;43,6745320;7,2119410
41929;202000046603;27;8;2020;20:12;1;14;14286;1;3;2;3;Route de Saint-gatien;49,3554700;0,2329940
41930;202000046604;21;5;2020;12:30;1;06;06088;2;1;1;1;MAGNAN (CORNICHE DE);43,7098000;7,2371920
41931;202000046605;27;8;2020;15:00;1;07;07010;2;1;7;7;Chemin Chamieux;45,2388785;4,6939769
41932;202000046606;22;5;2020;09:55;1;06;06027;2;2;1;1;TRAVAILS CHEMIN DES;43,6704000;7,1340000
41933;202000046607;24;8;2020;23:30;3;53;53084;2;1;1;6;chemin du verger;47,8387760; -0,9524520
41934;202000046608;2;1;2020;15:15;1;06;06027;2;1;1;3;GRASSE AVENUE DE;43,6560500;7,1466400
41935;202000046609;26;8;2020;20:20;3;04;04104;1;1;1;7;RD 950;43,9751337;5,7327551
41936;202000046611;2;1;2020;14:30;1;02;02738;2;3;2;3;RAYMOND POINCARE;49,6555270;3,3142490
41937;202000046612;22;5;2020;08:33;1;05;05061;2;9;1;3;GEORGES POMPIDOU ( BD);44,5574700;6,0815500
41938;202000046613;26;8;2020;11:38;1;04;04176;1;1;1;1;RD 111;43,7551960;6,1405610
41939;202000046614;4;2;2020;13:45;1;75;75112;2;3;1;6;RUE LEGRAVEREND;48,8460890;2,3757000
41940;202000046615;21;5;2020;23:00;5;05;05061;2;6;1;2;COMMANDANT DUMONT ( AVENUE);44,5620900;6,0839200
41941;202000046616;26;8;2020;10:15;1;88;88487;1;1;1;2;Le Petit Moulin;47,9501270;6,4632010
41942;202000046617;2;1;2020;10:05;1;01;01344;1;2;1;3;MERMOZ (RUE JEAN) IMPAIR;46,1907200;5,1967200
41943;202000046618;27;8;2020;11:30;1;72;72065;1;9;1;6;Avenue du Mans;48,0423410;0,1737000
41944;202000046619;2;1;2020;00:20;3;01;01053;1;6;5;6;D117A;46,2184020;5,2648310
41945;202000046620;4;2;2020;09:22;1;75;75112;2;2;2;3;RUE VAN GOGH;48,8434330;2,3707240
41946;202000046621;16;8;2020;17:50;1;95;95554;1;1;2;5;D983;49,1845210;1,7824730
41947;202000046622;1;1;2020;18:15;5;75;75113;2;4;2;7;BD PERIPHERIQUE INTERIEUR;48,8259072;2,3868917
41948;202000046623;20;5;2020;11:30;1;05;05061;1;9;1;3;PIGNEROL ( AVENUE DE );44,5653353;6,0927502
41949;202000046624;4;2;2020;08:05;1;75;75107;2;2;2;3;AVENUE DU MARECHAL GALLIENI;48,8610430;2,3132410
41950;202000046625;27;8;2020;10:25;1;91;91338;2;1;1;6;4 Rue du Couvent;48,6451740;2,0762390
41951;202000046626;2;1;2020;07:30;5;75;75114;2;4;2;7;AVENUE DU MAINE;48,8318352;2,3252316
41952;202000046627;20;5;2020;21:00;1;03;03310;2;1;1;6;Avenue Aristide Briand;46,1209398;3,4193957
41953;202000046628;4;2;2020;19:10;4;75;75101;2;1;1;-1;PLACE VENDOME;48,8673690;2,3300860
41954;202000046629;26;8;2020;12:21;1;2B;2B298;2;2;1;3;D81;42,6825220;9,3051620
41955;202000046631;1;1;2020;03:15;5;75;75120;2;3;1;3;RUE DE MENILMONTANT;48,8691163;2,3914520
41956;202000046632;26;8;2020;13:45;1;25;25526;2;3;8;7;Rue de Besançon;47,5028880;6,7717620
41957;202000046633;4;2;2020;18:20;5;75;75102;2;2;1;3;BOULEVARD DES ITALIENS;48,8710840;2,3348190
41958;202000046634;1;1;2020;22:20;5;75;75117;2;3;1;3;BOULEVARD DES BATIGNOLLES;48,8832281;2,3253261
41959;202000046635;27;8;2020;07:10;2;89;89380;1;1;1;6;A6;48,0778331;3,0588361
41960;202000046636;4;2;2020;16:35;1;94;94042;2;1;8;2;CHAPSAL (R);48,8228226;2,4656733
41961;202000046637;27;8;2020;02:50;5;68;68154;2;1;1;6;5 Rue de Mulhouse;47,7796760;7,3475690
41962;202000046638;2;1;2020;08:45;1;75;75107;2;7;2;7;RUE DE GRENELLE;48,8584246;2,3133400
41963;202000046639;22;5;2020;15:05;1;75;75115;2;2;1;7;PLACE DU GENERAL BEURET;48,8421120;2,3030740
41964;202000046640;3;2;2020;09:20;1;94;94052;2;3;1;3;STRASBOURG (BD DE);48,8419700;2,4838000
41965;202000046641;4;2;2020;11:30;1;94;94003;2;4;8;3;ARISTIDE BRIAND (AV);48,8096100;2,3259500
41966;202000046642;26;1;2020;05:50;5;94;94041;2;1;8;3;PIERRE ET MARIE CURIE (R);48,8141861;2,3732910
41967;202000046643;4;2;2020;09:10;1;94;94033;2;1;2;3;GASTON CHARLES (R);48,8440000;2,4690000
41968;202000046644;2;1;2020;16:05;2;75;75113;2;1;2;3;BOULEVARD VINCENT AURIOL;48,8370602;2,3732446
41969;202000046645;11;8;2020;15:25;1;68;68311;1;1;1;7;Route du Schnepfenried;47,9875310;7,0595100
41970;202000046646;19;8;2020;06:40;1;03;03286;1;3;8;7;;46,5060130;3,3502325
41971;202000046647;15;10;2020;17:30;1;78;78537;1;1;1;2;A10 - point kilométrique 024.170 - vers Paris;48,5532620;1,9308040
41972;202000046648;22;5;2020;16:10;1;75;75105;2;2;1;3;RUE GAY LUSSAC;48,8459340;2,3412370
41973;202000046649;27;8;2020;08:30;1;73;73250;1;1;1;7;D79a;45,2713520;6,3830510
41974;202000046650;20;10;2020;15:00;1;974;97415;2;1;1;3;D10; -21,0456840;55,2312000
41975;202000046651;22;5;2020;13:40;1;75;75119;2;1;1;6;SOUTERRAIN PANTIN 1;48,8879880;2,3967210
41976;202000046652;23;8;2020;13:00;1;73;73054;1;1;1;7;D902;45,6831597;6,7377001
41977;202000046653;22;10;2020;14:00;1;974;97408;2;1;1;3;Rue Sarda Garriga; -20,9322740;55,3346400
41978;202000046654;22;5;2020;17:50;1;75;75118;2;3;2;3;AVENUE DE SAINT OUEN;48,8934080;2,3275720
41979;202000046655;2;1;2020;16:00;1;75;75107;2;1;1;7;BOULEVARD RASPAIL;48,8535870;2,3263320
41980;202000046656;27;8;2020;11:15;1;42;42005;2;3;1;3;Avenue Benoit Fourneyron;45,5262990;4,2862770
41981;202000046657;22;5;2020;15:35;1;75;75115;2;2;1;3;BOULEVARD VICTOR;48,8360160;2,2782010
41982;202000046658;2;1;2020;12:15;1;75;75103;2;4;2;-1;RUE DE TURBIGO;48,8662960;2,3597890
41983;202000046659;22;7;2020;18:00;1;38;38474;1;1;2;4;D531;45,2103130;5,6397840
41984;202000046660;29;1;2020;22:30;5;94;94028;2;1;1;3;CHOISY(ROUTE DE);48,7747000;2,4392100
41985;202000046661;19;10;2020;02:15;5;971;97116;1;1;1;7;2683 Route Remy Nainsouta;16,3299340; -61,4929990
41986;202000046662;4;2;2020;08:00;2;94;94017;2;1;1;6;ONZE NOVEMBRE 1918 (AV DU);48,8083900;2,5384700
41987;202000046663;16;10;2020;16:30;1;83;83151;1;1;1;7;D24 pk8;43,4312372;6,1330455
41988;202000046664;22;10;2020;11:45;1;04;04242;1;1;2;1;RD 4096;43,9078860;5,8839670
41989;202000046665;22;10;2020;02:30;5;71;71176;2;3;1;6;52 Rue Emile Zola;46,4869483;3,9997992
41990;202000046666;2;1;2020;08:00;2;94;94080;2;3;2;6;CELINE ROBERT (Rue);48,8492800;2,4197000
41991;202000046667;27;8;2020;06:40;2;26;26271;1;1;1;3;Route du Dauphiné;45,0267840;4,8681240
41992;202000046668;2;1;2020;17:20;1;94;94046;2;2;1;1;DANIELLE CASANOVA (R);48,8069409;2,4554859
41993;202000046669;4;2;2020;19:30;5;93;93048;2;1;1;3;STALINGRAD (RUE DE);48,8567640;2,4449611
41994;202000046670;27;8;2020;19:44;1;01;01081;1;1;1;6;D48;46,1935570;5,7956310
41995;202000046672;22;5;2020;02:05;5;75;75114;2;1;1;7;AVENUE DU GENERAL LECLERC;48,8324320;2,3308830
41996;202000046673;2;1;2020;16:25;1;94;94041;2;1;1;3;ERNEST RENAN (R);48,8112200;2,3981200
41997;202000046674;3;2;2020;23:20;5;93;93047;2;2;3;3;AV JEAN JAURES / AV DES LYS;48,8984637;2,5518898
41998;202000046675;27;8;2020;08:00;1;81;81215;1;3;1;6;D14;43,7851610;1,8660880
41999;202000046676;2;1;2020;14:15;1;94;94019;2;9;8;2;SUCY (R DE);48,7879400;2,5208100
42000;202000046677;22;10;2020;07:45;2;08;08488;1;1;9;5;A34;49,7262890;4,8300680
42001;202000046678;27;8;2020;16:40;1;50;50099;1;1;2;6;N174;49,3009000; -1,1735150
42002;202000046679;2;1;2020;14:25;1;94;94017;2;1;8;2;MARX DORMOY (AV);48,8119300;2,5167000
42003;202000046680;2;1;2020;18:55;5;93;93078;2;1;2;6;Avenue Jean Paul Sartre;48,9587500;2,5532300
42004;202000046681;27;8;2020;11:30;1;80;80386;1;2;1;2;CD930 PK 15;49,6846930;2,5596210
42005;202000046682;22;10;2020;08:00;2;22;22277;1;2;2;3;La Lande Huet d'En Bas;48,3901800; -2,8591110
42006;202000046683;4;2;2020;18:50;5;93;93008;2;1;2;3;STALINGRAD (RUE DE) A10;48,9157291;2,4259797
42007;202000046684;21;10;2020;21:30;3;22;22330;1;1;8;7;La Ville au Galle;48,2369580; -2,8580010
42008;202000046685;21;10;2020;14:00;1;35;35292;1;1;2;7;Bas de la Lande;48,3777750; -1,3995770
42009;202000046686;3;2;2020;18:11;2;93;93007;2;1;2;4;AV DU DESCARTES;48,9503000;2,4515000
42010;202000046687;22;10;2020;19:30;3;60;60116;1;6;1;2;ZAC du bois noir;49,3131630;2,3353240
42011;202000046688;4;2;2020;12:00;1;93;93005;2;1;8;6;R JACQUES DUCLOS;48,9466576;2,4930071
42012;202000046689;26;8;2020;16:00;1;13;13210;2;1;1;4;A50-Sens Marseille vers Aubagne;43,2858300;5,4291100
42013;202000046690;22;10;2020;16:00;1;02;02163;2;3;8;3;09 Route de Pavant;48,9740900;3,2822570
42014;202000046691;25;8;2020;21:30;3;13;13026;1;1;1;2;A55-Sens Martigues vers Marseille;43,3846200;5,1509900
42015;202000046692;21;10;2020;20:50;3;13;13026;1;1;1;6;A55-Sens Marseille vers Martigues;43,3851500;5,1503320
42016;202000046693;26;8;2020;15:00;1;93;93005;1;1;1;2;AUTOROUTE A3;48,9314200;2,4811500
42017;202000046694;22;5;2020;15:35;1;75;75113;2;2;1;3;RUE DUNOIS;48,8321640;2,3677300
42018;202000046695;26;8;2020;17:00;1;94;94046;1;1;1;2;A86 INT;48,8037700;2,4482100
42019;202000046696;22;5;2020;02:10;5;75;75112;2;1;1;2;QUAI DE LA RAPEE;48,8436760;2,3698750
42020;202000046697;20;10;2020;22:15;3;13;13071;1;1;1;7;A55-Sens Martigues vers Marseille;43,3901757;5,3025454
42021;202000046698;24;1;2020;13:25;1;61;61168;2;1;1;7;57 Avenue du Président Coty;48,6003220; -0,3586590
42022;202000046699;2;1;2020;15:36;1;93;93070;2;1;2;2;Q DE SEINE;48,9162497;2,3247993
42023;202000046700;20;10;2020;22:00;3;57;57647;1;1;1;3;Autoroute A30;49,3305039;6,0565649
42024;202000046701;18;8;2020;11:30;1;988;98818;2;2;1;5;RUE AUGUSTE BRUN; -22,2761100;166,4466100
42025;202000046702;18;10;2020;20:55;3;59;59478;1;1;1;2;AUTOROUTE A25;50,9354030;2,4660680
42026;202000046703;2;1;2020;15:00;1;93;93050;2;1;8;3;GENERAL DE GAULLE (AVENUE);48,8582400;2,5343400