;Num_Acc;jour;mois;an;hrmn;lum;dep;com;agg;int;atm;col;adr;lat;long
42027;202000046704;12;10;2020;11:00;1;59;59043;1;1;1;3;AUTOROUTE A25;50,7245610;2,7328430
42028;202000046705;22;5;2020;18:45;1;75;75108;2;2;2;7;RUE ROYALE;48,8683770;2,3232670
42029;202000046706;24;8;2020;16:30;5;974;97407;2;1;1;3;Rue Général Emile Roland; -20,9363120;55,2937020
42030;202000046707;2;1;2020;13:10;1;93;93048;2;2;8;3;R DE PARIS / R ARMAND CARREL;48,8547430;2,4175910
42031;202000046708;25;8;2020;17:20;2;973;97302;2;1;1;1;DALHIAS (RUE DES) CITE BONHOMME;4,9211882; -52,3181284
42032;202000046709;2;1;2020;22:30;5;93;93046;2;5;1;3;BD JEAN JAURES / AV MONTESQUIEU;48,9225000;2,5243900
42033;202000046710;22;5;2020;17:25;1;75;75115;2;1;2;3;BOULEVARD GENERAL MARTIAL VALIN;48,8375020;2,2729510
42034;202000046711;22;5;2020;16:17;1;75;75108;2;2;1;6;QUAI DES TUILERIES;48,8640690;2,3201260
42035;202000046712;22;5;2020;15:15;1;94;94078;2;1;1;6; PIERRE SEMARD (PL);48,7301700;2,4468800
42036;202000046713;2;1;2020;22:45;5;93;93029;2;3;1;3;JEAN JAURES (AVENUE);48,9181912;2,4546863
42037;202000046714;2;1;2020;14:43;1;93;93007;2;1;2;2;"""PAUL VAILLANT COUTURIER (AVENUE """"DU 01";48,9292800;2,4799200
42038;202000046715;21;10;2020;18:10;1;91;91174;1;1;1;2;RN 104;48,6236000;2,4671000
42039;202000046716;25;8;2020;06:25;2;973;97302;2;2;1;3;CABASSOU (ROUTE DE);4,9206644; -52,3218298
42040;202000046717;21;10;2020;17:53;1;91;91174;1;1;1;4;RN 104;48,6240800;2,4682800
42041;202000046718;4;2;2020;19:30;5;93;93001;2;2;1;3;R DE ST-DENIS / R FRANCIS DE PRESSENCE;48,9231310;2,3702420
42042;202000046719;22;5;2020;00:00;5;94;94042;2;3;1;6;GENERAL GALLIENI (AV DU);48,8201200;2,4752500
42043;202000046720;23;7;2020;15:20;1;76;76322;2;1;1;6;LECLERC. AVENUE DU MARECHAL (CD 3);49,4125871;1,0427735
42044;202000046721;25;8;2020;21:00;5;69;69387;2;3;1;3;YVES FARGES                         (BD);45,7402800;4,8317500
42045;202000046722;2;1;2020;16:35;2;92;92076;2;9;8;6;JARDY HARAS;48,8286480;2,1515120
42046;202000046723;21;10;2020;12:35;1;77;77251;1;1;1;3;AUTOROUTE A5A;48,6211020;2,5468330
42047;202000046724;23;7;2020;09:15;1;76;76540;2;2;1;6;QUAI JACQUES ANQUETIL;49,4348100;1,0937800
42048;202000046726;2;1;2020;17:25;5;92;92062;2;3;8;3;DE DION BOUTON (QUAI) DU 1 AU 28;48,8770761;2,2411839
42049;202000046727;3;2;2020;19:20;2;93;93001;2;2;2;1;QU LUCIEN LEFRANC / R DU LANDY;48,9152800;2,3714100
42050;202000046728;3;2;2020;06:20;5;92;92049;2;1;8;3;PIERRE BROSSOLETTE (AVENUE);48,8205446;2,3117222
42051;202000046730;4;2;2020;10:00;1;92;92024;2;1;1;-1;GENERAL LECLERC (BD DU) (9 A 59)   (4 A;48,9004690;2,3168015
42052;202000046731;21;5;2020;15:20;1;94;94041;2;1;1;3;DANIELLE CASANOVA (AV);48,8155692;2,3832017
42053;202000046732;4;2;2020;07:45;2;95;95116;1;6;2;6;D922;49,1442900;2,3300620
42054;202000046733;25;8;2020;16:15;1;69;69388;2;9;1;3;PROFESSEUR BEAUVISAGE (DU)          (R );45,7315700;4,8737300
42055;202000046734;21;10;2020;08:00;1;92;92050;1;1;8;2;A86;48,9144607;2,2196031
42056;202000046735;4;2;2020;09:00;1;41;41045;1;1;1;6;Le Clos Chevet;47,4693120;1,1641160
42057;202000046736;22;5;2020;22:05;5;94;94034;2;1;1;6;HENRI BARBUSSE (R);48,7582600;2,3237060
42058;202000046737;21;10;2020;07:50;3;92;92063;1;1;2;6;A86;48,8895397;2,1691360
42059;202000046738;22;5;2020;13:35;1;94;94038;2;1;1;4;PAUL VAILLANT COUTURIER (BD);48,7819600;2,3413800
42060;202000046739;1;1;2020;04:04;3;988;98812;1;1;1;7;LIEU DIT CHAGRIN/RT1/KOUMAC; -20,4574700;164,2512200
42061;202000046740;25;8;2020;15:59;1;69;69383;2;3;1;6;EUGENE DERUELLE                     (BD);45,7630860;4,8553160
42062;202000046741;1;1;2020;15:00;1;92;92035;2;2;1;3;National ( boulevard );48,9067000;2,2388800
42063;202000046742;23;7;2020;14:30;1;72;72181;2;6;1;3;TIRONNEAU ADRIEN (PL);47,9829400;0,2105500
42064;202000046743;21;10;2020;06:30;3;78;78206;1;1;2;6;A13;48,9523470;1,9414500
42065;202000046744;22;7;2020;12:50;1;69;69282;2;1;7;1;GARE (DE LA)                          (R;45,7718200;4,9957000
42066;202000046745;21;10;2020;11:45;1;93;93078;1;1;1;6;AUTOROUTE A104;48,9651000;2,5171700
42067;202000046746;21;10;2020;11:30;1;77;77294;1;9;1;4;A104;48,9641420;2,6110610
42068;202000046747;21;10;2020;07:25;3;94;94033;1;1;1;2;A86.INT;48,8482013;2,4910750
42069;202000046748;22;5;2020;15:15;1;94;94054;2;1;1;4;MARCEL CACHIN (AV);48,7469810;2,4112240
42070;202000046750;21;10;2020;06:40;3;77;77175;1;9;2;4;RN104;48,6667970;2,6126350
42071;202000046751;31;1;2020;07:30;1;972;97217;2;1;1;6;Montgérald;14,4732760; -60,8740100
42072;202000046752;25;8;2020;14:50;1;69;69259;1;1;1;2;LAURENT BONNEVAY                    (BD);45,7201400;4,8816900
42073;202000046753;21;10;2020;05:50;3;77;77169;1;9;2;2;RN104;48,8166700;2,6212300
42074;202000046754;2;2;2020;20:45;3;972;97217;1;1;1;5;N5;14,4552000; -60,9034450
42075;202000046755;25;8;2020;14:40;1;69;69386;2;1;1;2;DE LATTRE DE TASSIGNY               (PT);45,7724900;4,8397200
42076;202000046756;23;6;2020;14:45;1;62;62758;1;1;1;6;MONT D'OSTROHOVE ( Rue du );50,7089250;1,6180180
42077;202000046757;5;2;2020;17:25;2;01;01354;1;1;1;1;9 Chemin de la Léchere;46,2566290;6,0328300
42078;202000046758;24;7;2020;13:10;1;69;69264;2;3;1;3;ZOLA EMILE  R;45,9849900;4,7316400
42079;202000046759;1;1;2020;18:15;5;92;92025;2;1;1;7;PIERRE DE COUBERTIN (BD);48,9284170;2,2497290
42080;202000046760;22;5;2020;16:15;1;93;93078;2;9;1;2;VAILLANT-COUTURIER (AVENUE PAUL);48,9590157;2,5335010
42081;202000046761;24;8;2020;11:20;1;69;69382;2;1;1;2;COLONEL CHAMBONNET                  (R );45,7589000;4,8304000
42082;202000046762;22;5;2020;11:15;1;93;93078;2;6;1;3;BERT (AVENUE PAUL);48,9528425;2,5402686
42083;202000046763;25;8;2020;07:00;1;69;69381;2;1;1;7;CONSTANTINE (DE)                    (R );45,7670600;4,8321600
42084;202000046764;25;8;2020;16:20;1;971;97101;1;1;1;3;ROUTE DE CHAZEAU;16,2891300; -61,4784900
42085;202000046765;2;1;2020;16:30;2;92;92012;2;1;8;7;GENERAL LECLERC (AVENUE DU) 35/FIN - 60/;48,8305800;2,2334200
42086;202000046766;4;2;2020;16:45;1;42;42182;1;1;1;6;1013 Route de St Germain;46,0664868;3,9330882
42087;202000046767;19;10;2020;19:30;5;988;98818;2;3;1;3;RUE KERSAINT/ROGER GERVOLINO; -22,2666500;166,4682900
42088;202000046769;18;10;2020;14:30;1;974;97416;1;1;1;1;RN2 (2); -21,3433400;55,4965500
42089;202000046770;22;5;2020;14:00;1;93;93057;2;1;1;2;HUGO (AV. VICTOR);48,9099385;2,5139633
42090;202000046771;5;2;2020;19:10;1;974;97417;2;1;1;6;Rue Leconte de Lisle; -21,3580210;55,7700830
42091;202000046772;23;7;2020;10:40;1;67;67482;2;3;7;3;CIRIERS (RUE DES);48,5578770;7,7596830
42092;202000046773;22;5;2020;18:45;1;93;93005;2;1;1;2;R DU HAMEAU;48,9481900;2,5038600
42093;202000046774;20;10;2020;13:10;1;974;97411;2;3;1;1;BOYER DE LA GIRODAY (RUE); -20,9067700;55,5010700
42094;202000046775;23;8;2020;20:40;5;971;97101;1;9;1;5;RN1 ROCADE DE CHAUVEL;16,2363489; -61,5232658
42095;202000046777;2;1;2020;21:50;3;38;38383;1;1;1;-1;Route de Voiron;45,3675600;5,6333500
42096;202000046778;3;1;2020;07:38;3;72;72008;1;1;1;6;D323;47,9431580;0,1920790
42097;202000046779;20;10;2020;16:00;1;69;69259;2;1;1;6;FRANCIS DE PRESSENSE                (AV);45,7252002;4,8637040
42098;202000046781;2;1;2020;04:30;3;19;19120;1;1;5;7;lieud-dit charniac;45,2088820;1,2890716
42099;202000046782;20;10;2020;10:25;1;69;69388;2;2;1;3;GENERAL FRERE (DU)                  (AV);45,7333500;4,8738800
42100;202000046783;20;10;2020;08:10;1;69;69259;2;1;1;3;PIERRE SEMARD                       (AV);45,7091100;4,8759700
42101;202000046784;2;1;2020;11:15;1;56;56078;1;1;1;7;Kerméné VC n° 12;47,7768480; -3,4680190
42102;202000046785;20;10;2020;08:50;1;69;69383;2;1;1;6;FELIX FAURE                         (AV);45,7536800;4,8597700
42103;202000046786;22;5;2020;13:00;1;93;93005;2;1;1;5;R JACQUES DUCLOS;48,9468149;2,4925830
42104;202000046788;25;8;2020;16:30;1;91;91216;2;1;1;2;GRANDE RUE;48,6767560;2,3211210
42105;202000046789;21;7;2020;21:13;2;67;67482;2;2;1;3;CICERON (RUE);48,5818300;7,7035100
42106;202000046790;21;5;2020;23:45;5;93;93005;2;1;1;4;BD MARC CHAGALL;48,9518878;2,4918258
42107;202000046791;19;10;2020;15:40;1;972;97209;2;3;1;6;CARLOS FINLAY (RUE);14,6114700; -61,0741500
42108;202000046792;22;5;2020;01:26;5;92;92046;2;6;1;6;HENRI BARBUSSE (ROND POINT);48,8145055;2,2878706
42109;202000046793;3;1;2020;13:30;1;80;80330;1;2;2;3;Forceville-en-Vimeu;49,9664610;1,7957050
42110;202000046794;25;8;2020;17:55;1;91;91687;2;7;1;6;DU QUINCONCE (PLACE);48,6528100;2,3714900
42111;202000046795;23;8;2020;14:55;1;91;91103;1;9;1;6;VALORGE (RUE DE);48,6144470;2,2820220
42112;202000046796;11;8;2020;10:10;1;88;88429;2;1;1;6;faubourg de Remiremont;48,0270000;6,5801000
42113;202000046797;22;8;2020;02:07;5;87;87085;2;1;2;6;LANDOUGE (AVENUE DE);45,8442000;1,1909400
42114;202000046798;23;8;2020;11:28;1;87;87075;2;3;1;3;Route de Périgueux;45,8021000;1,2318200
42115;202000046800;22;8;2020;00:36;3;87;87050;1;1;2;6;HIPPODROME (ALLEE DE L');45,8871600;1,1884000
42116;202000046801;25;8;2020;16:15;1;83;83090;2;1;1;3;SEYNE (ROUTE DE LA);43,1222133;5,8508886
42117;202000046802;24;8;2020;14:25;1;80;80021;2;1;1;3;PRESIDENT KENNEDY (RUE DU);49,9059900;2,3026300
42118;202000046804;22;5;2020;18:00;1;92;92026;2;9;2;3;PAUL DOUMER;48,8957309;2,2626016
42119;202000046805;3;2;2020;18:00;2;08;08402;1;1;3;2;A34;49,5995370;4,5102850
42120;202000046806;24;8;2020;16:30;1;76;76351;2;1;1;7;ARMAND BARBES;49,5004000;0,1502000
42121;202000046807;19;7;2020;23:30;5;67;67482;2;1;1;6;MACON (RUE DE);48,5467820;7,7631630
42122;202000046808;20;10;2020;19:10;5;69;69385;2;1;1;6;SOEUR JANIN                         (R );45,7612100;4,8008900
42123;202000046809;22;5;2020;16:50;1;92;92023;2;1;2;1;HENRI BARBUSSE (AVENUE);48,8119600;2,2581500
42124;202000046810;5;2;2020;15:20;1;87;87177;1;1;1;3;D10;45,8071300;1,0965620
42125;202000046811;23;8;2020;09:40;1;76;76351;2;1;3;6;FRISSARD (QUAI);49,4893900;0,1235300
42126;202000046812;22;5;2020;16:05;1;92;92012;2;1;1;3;REINE (ROUTE DE LA) 82/FIN - 107TER/FIN;48,8397592;2,2393441
42127;202000046813;21;8;2020;22:45;5;76;76351;2;2;1;3;GUSTAVE BRINDEAU (RUE);49,4924700;0,1396400
42128;202000046814;26;1;2020;12:10;1;80;80241;1;1;8;6;Route départementale 118;50,0802500;2,1325060
42129;202000046815;20;10;2020;09:00;1;69;69034;2;1;1;6;LOUIS GUYOT                         (R );45,7903400;4,8323600
42130;202000046816;2;1;2020;12:25;1;65;65258;1;1;1;1;Quartier des Barraques;43,1451110;0,3931160
42131;202000046817;2;1;2020;15:50;1;71;71559;1;1;1;7;Route de Macon;46,2803837;4,3661050
42132;202000046818;2;2;2020;06:20;3;82;82087;1;1;1;7;Route de Moissac;44,1339740;1,1907720
42133;202000046819;24;7;2020;14:30;1;66;66136;2;1;1;2;MERCADER (BOULEVARD FELIX);42,6944194;2,8894998
42134;202000046820;22;5;2020;17:20;1;92;92002;2;3;1;3;DOCTEUR TENINE (AVENUE DU);48,7628735;2,3105286
42135;202000046821;19;10;2020;14:55;1;971;97101;2;1;1;1;DES MILLE FLEURS - PETIT PEROU (RUE);16,2550100; -61,5133600
42136;202000046822;2;12;2020;12:10;1;51;51454;2;1;1;7;Avenue du Président Kennedy;49,2367589;4,0136695
42137;202000046823;25;8;2020;22:10;5;69;69266;2;9;9;3;DEDIEU     (Rue);45,7696500;4,8711200
42138;202000046824;3;1;2020;11:35;1;42;42222;2;2;8;1;Route des Lavandes;45,6100280;4,3069900
42139;202000046825;23;7;2020;19:00;1;66;66136;2;1;2;6;JUIN (AVENUE DU MARECHAL);42,6885300;2,8952000
42140;202000046826;23;5;2020;19:50;5;976;97610;2;1;1;6;Rue Mtsanga Ylang Ylang; -12,7356600;45,2053710
42141;202000046827;24;7;2020;19:05;1;64;64445;2;1;7;2;PAIX;43,3209600; -0,3554800
42142;202000046828;21;5;2020;16:45;1;83;83072;1;1;1;6;D50;43,5026790;6,3215000
42143;202000046831;20;10;2020;10:00;1;2A;2A004;2;1;1;5;CALVI  ROUTE;41,9511390;8,7796805
42144;202000046832;24;8;2020;11:30;1;69;69282;2;1;1;1;LIBERATION (DE LA)                  (AV);45,7771400;4,9978100
42145;202000046833;29;11;2020;18:25;5;49;49099;2;2;1;3;LATTRE DE TASSIGNY (PONT DE);47,0555600; -0,8792100
42146;202000046834;19;10;2020;18:40;1;91;91691;2;1;1;2;MARCEAU BAILLIOTI(RUE);48,7082900;2,4949600
42147;202000046835;25;8;2020;00:07;5;69;69256;2;1;1;6;EMILE ZOLA                          (R );45,7782619;4,9172508
42148;202000046836;5;2;2020;10:55;1;49;49331;2;6;1;1;28 Avenue des Acacias;47,6932650; -0,8759850
42149;202000046837;21;11;2020;14:00;1;49;49007;2;1;1;7;MARIANNE BOULEVARD;47,4510700; -0,5274800
42150;202000046838;20;10;2020;15:45;1;91;91377;2;9;2;6;PREMIER MAI (BOULEVARD DU);48,7337400;2,2604700
42151;202000046840;24;8;2020;18:07;1;66;66136;2;1;1;-1;GAUGUIN (AVENUE PAUL);42,7184800;2,8900800
42152;202000046841;31;1;2020;09:50;1;35;35299;1;1;1;6;Les Petits Douets;48,6531050; -1,9378160
42153;202000046842;23;11;2020;14:00;1;49;49007;2;1;1;3;AYRAULT;47,4773900; -0,5532400
42154;202000046843;25;8;2020;09:35;1;64;64483;2;3;1;6;ITHURRALDE ANDRE (AVENUE);43,3962900; -1,6461100
42155;202000046844;24;1;2020;08:25;2;29;29069;1;1;8;1;D5 - Route de St Renan;48,4277653; -4,5824747
42156;202000046847;4;2;2020;18:00;1;29;29174;2;1;1;7;Route de Saint-julien;47,8751700; -4,2261260
42157;202000046849;2;1;2020;12:50;1;06;06059;1;9;1;5;Avenue de Verdun;43,7268010;7,3525360
42158;202000046850;19;10;2020;17:51;1;87;87050;2;1;1;7;BIARDS (RUE DES);45,8564200;1,2452800
42159;202000046852;3;1;2020;15:15;1;50;50270;1;1;1;1;Le Haut Pitois;49,4695350; -1,4823320
42160;202000046853;20;10;2020;07:42;5;87;87085;2;2;1;3;GALLIENI (RUE);45,8424300;1,2429600
42161;202000046854;25;8;2020;17:00;1;64;64445;2;2;1;3;LESPY;43,2992800; -0,3633400
42162;202000046855;22;7;2020;16:10;1;64;64102;2;1;1;6;BAB (Boulevard);43,4970960; -1,4877600
42163;202000046856;3;1;2020;09:25;1;48;48009;1;1;1;7;D50;44,7016695;3,3205190
42164;202000046857;1;12;2020;20:35;5;49;49007;2;1;1;3;LETANDUERE;47,4579900; -0,5541800
42165;202000046858;4;2;2020;14:20;1;58;58274;1;1;2;6;La Sarree;46,7797630;3,8432730
42166;202000046859;19;10;2020;12:10;1;86;86194;2;2;1;6;Route de Gencay;46,5675360;0,3575160
42167;202000046860;23;5;2020;17:20;1;974;97412;2;1;1;7;Rue Edgard Duchemann; -21,3337130;55,6322690
42168;202000046861;25;8;2020;08:45;1;64;64102;2;1;7;2;BAB (Boulevard);43,4982700; -1,4910900
42169;202000046862;2;2;2020;17:00;1;58;58144;1;1;2;7;voie communale 7 - Alligny Taloux;46,7732090;3,0631900
42170;202000046863;2;1;2020;22:00;3;48;48016;1;1;9;6;N88;44,4909708;3,4182648
42171;202000046864;1;12;2020;17:28;1;49;49246;2;1;1;6;DAVID D'ANGERS;47,4359900; -0,5308600
42172;202000046865;23;7;2020;17:00;1;64;64102;2;1;1;4;HENRI DE NAVARRE (AVENUE);43,4943000; -1,4527000
42173;202000046866;24;8;2020;21:20;5;63;63124;2;1;1;1;REPUBLIQUE (AVENUE DE LA);45,7406507;3,1890805
42174;202000046867;18;10;2020;01:50;5;84;84031;1;1;1;6;ORANGE (ROUTE);44,0641600;5,0315100
42175;202000046869;3;2;2020;17:20;1;64;64506;1;1;1;6;rn 134;43,0428138; -0,6005734
42176;202000046870;23;7;2020;17:00;1;63;63164;2;1;1;7;VICHY (ROUTE DE);45,8350200;3,1476900
42177;202000046871;2;1;2020;16:00;1;42;42020;1;1;1;6;A72;45,6172768;4,2042285
42178;202000046872;1;12;2020;17:25;1;44;44184;2;1;1;6;MUN (RUE ALBERT DE) DU 57 AU 97 - 60 AU;47,2791330; -2,2154850
42179;202000046873;20;10;2020;02:40;3;76;76351;1;1;1;7;AMIRAL DU CHILLOU;49,4724300;0,1796000
42180;202000046874;24;8;2020;12:56;1;63;63032;2;3;1;2;HOTEL DE VILLE (RUE DE L');45,7535600;3,0859900
42181;202000046875;22;7;2020;08:45;1;62;62724;1;1;1;2;RD 40;50,3980500;2,8967900
42182;202000046876;1;1;2020;13:15;1;987;98747;1;1;1;3;RT3 sens TAUTIRA TARAVAO, PK 07+400 district de PUEU; -17,7359360; -149,2380110
42183;202000046877;15;10;2020;13:40;1;72;72181;2;1;1;6;POLOGNE (RUE DE);47,9918600;0,2336700
42184;202000046878;2;12;2020;07:50;5;44;44109;2;6;1;3;PLACE VICTOR MANGIN;47,2003100; -1,5443900
42185;202000046879;13;10;2020;12:54;1;72;72181;2;1;1;6;NOTRE DAME (RUE);48,0028000;0,2094800
42186;202000046880;1;1;2020;06:00;2;987;98722;1;1;1;6;PK 43 district de HITIAA; -17,5914290; -149,3821260
42187;202000046881;23;8;2020;17:50;1;63;63113;2;2;1;4;GANTIERE (RUE DE LA);45,7650400;3,1230100
42188;202000046882;20;7;2020;19:20;1;62;62215;1;1;1;6;MEURCHIN (RTE DE);50,4988260;2,9404990
42189;202000046883;23;5;2020;18:30;1;62;62567;2;1;6;1;Rue Wattre;50,7845250;2,0811580
42190;202000046884;29;11;2020;17:30;2;43;43251;2;1;1;7;46 Avenue de Vals;45,0357797;3,8814189
42191;202000046886;2;12;2020;17:50;2;38;38516;2;4;2;1;Boulevard de la Chantourne;45,1985900;5,7549600
42192;202000046887;23;5;2020;15:55;1;22;22389;1;1;1;2;RN12 PR 050+150;48,4802540; -2,6753530
42193;202000046888;11;5;2020;20:45;3;974;97413;1;1;1;6;203 Rue Georges Pompidou; -21,1415720;55,2916640
42194;202000046889;2;12;2020;07:15;5;35;35238;2;3;1;6;HENRY (RECTEUR PAUL);48,1214330; -1,7008320
42195;202000046890;23;8;2020;03:24;5;54;54395;2;1;1;6;LORRAIN (QUAI CLAUDE;48,6919700;6,1726900
42196;202000046891;22;5;2020;15:50;1;51;51210;1;1;1;7;D951;49,0784543;3,9780552
42197;202000046892;5;2;2020;12:55;1;53;53003;2;2;1;-1;Rue de Saint-mars;48,3980840; -0,6336020
42198;202000046893;3;7;2020;19:25;1;57;57672;2;1;1;6;CLEMENCEAU (AVENUE) 1 A 31 ET 2 A 72;49,3593500;6,1699600
42199;202000046894;3;1;2020;10:45;1;77;77259;2;1;8;7;46 Rue du Ponceau;49,0505431;2,6592751
42200;202000046895;20;10;2020;14:00;1;67;67482;2;1;1;3;GENERAL OFFENSTEIN (RUE DU);48,5558300;7,7520600
42201;202000046896;1;12;2020;12:45;1;34;34172;2;2;2;3;VALERY (BOULEVARD PAUL);43,5836400;3,8661200
42202;202000046897;24;8;2020;11:40;1;52;52448;2;6;1;-1;ROND POINT DES BAS FOURNEAUX;48,6263610;4,9633950
42203;202000046898;3;1;2020;08:30;1;34;34157;1;1;1;3;RD 5E8;43,4606700;3,5914650
42204;202000046899;22;7;2020;08:15;1;56;56260;2;6;1;2;ANCIENS COMBATTANTS EN AFN(PLACE DES;47,6640500; -2,7556700
42205;202000046900;3;1;2020;01:30;3;34;34246;1;1;1;7;768 Chemin des Ranquets;43,7156230;4,0657240
42206;202000046901;25;8;2020;19:45;1;51;51454;2;1;1;2;Rue André Huet;49,2719350;4,0101240
42207;202000046902;23;7;2020;20:10;1;56;56098;2;1;1;6;PERI (RUE GABRIEL);47,7594100; -3,3526400
42208;202000046903;3;2;2020;09:15;1;17;17025;1;1;1;6;D124;45,8805160; -0,4128460
42209;202000046904;2;1;2020;07:45;2;67;67130;2;3;8;1;Rue Saint Antoine;48,4183030;7,6601400
42210;202000046905;24;8;2020;12:30;1;50;50129;2;1;1;4;PARIS (AVENUE DE);49,6281200; -1,6180300
42211;202000046906;3;1;2020;10:44;1;33;33378;1;2;2;2;Route des Petits Briands;44,8399413;0,2769324
42212;202000046907;25;8;2020;12:42;1;49;49007;2;1;1;1;JEAN XXIII AVENUE;47,4476000; -0,5625600
42213;202000046908;1;12;2020;08:50;1;34;34172;2;1;2;4;MENDES FRANCE (AVENUE PRESIDENT PIERRE);43,6088700;3,9107500
42214;202000046909;22;5;2020;21:00;2;51;51605;2;3;1;3;3 Rue de Champagne;49,0808683;3,8422327
42215;202000046912;1;1;2020;19:30;3;13;13106;1;1;1;2;A51-Sens Aix en Provence vers Marseille;43,4068800;5,3619600
42216;202000046913;5;2;2020;02:00;3;67;67237;1;1;1;6;A35;48,6941050;7,8291640
42217;202000046914;30;11;2020;07:25;5;29;29019;2;9;1;6;Rue de Paris;48,4037500; -4,4655600
42218;202000046915;2;12;2020;18:15;5;26;26198;2;1;9;6;29 Avenue du Meyrol;44,5788220;4,7446600
42219;202000046916;5;2;2020;12:30;1;34;34159;1;6;1;2;RD 612 - lieu dit La Baussas;43,5181470;3,8083880
42220;202000046917;1;1;2020;01:50;5;13;13055;1;1;1;3;A507 sens Marseille - Aubagne;43,2854253;5,4272636
42221;202000046918;23;7;2020;14:40;1;56;56121;2;1;7;6;Boulevard Flandres-dunkerque 1940;47,7445200; -3,3954900
42222;202000046919;19;8;2020;21:45;2;47;47001;2;1;1;6;14 JUILLET (COURS DU);44,2040200;0,6248200
42223;202000046920;19;10;2020;19:03;5;67;67482;2;1;1;6;ABBE LEMIRE (RUE DE L );48,5777800;7,7249800
42224;202000046921;22;5;2020;19:00;1;19;19150;1;1;1;6;D38;45,0869490;1,6064290
42225;202000046922;2;12;2020;08:10;1;26;26198;2;1;1;4;Bd du Président Vincent Auriol;44,5381260;4,7653730
42226;202000046923;4;2;2020;14:08;1;67;67070;1;1;4;4;A4;48,8949386;7,1252484
42227;202000046924;31;1;2020;07:25;2;38;38400;1;1;2;6;Avenue du Vercors;45,3473000;5,5948200
42228;202000046925;29;11;2020;15:20;1;25;25056;2;2;1;3;DOLE RUE DE (sup 200);47,2294300;5,9905600
42229;202000046926;4;2;2020;11:05;1;51;51634;1;1;3;3;A26;48,9644260;4,2847291
42230;202000046927;2;12;2020;03:09;5;25;25056;2;3;1;6;RAGOTS   CHEMIN DES;47,2378700;6,0367500
42231;202000046929;21;5;2020;21:10;2;74;74215;2;1;1;7;1001 Route de Megeve;45,8411080;6,5833690
42232;202000046930;25;8;2020;16:15;1;45;45208;2;4;1;6;Avenue Adolphe Cochery;48,0018100;2,7348400
42233;202000046931;2;1;2020;18:25;5;33;33063;1;1;1;4;ROCADE A 630;44,8805500; -0,5403100
42234;202000046932;23;7;2020;14:50;1;56;56121;2;3;1;6;BLUM ( BD LEON );47,7485200; -3,3741300
42235;202000046933;4;2;2020;17:20;1;971;97104;1;1;1;1;461 Chemin de Montval;16,0529180; -61,7296940
42236;202000046934;22;5;2020;10:25;1;77;77051;2;1;1;3;1 Avenue Alain Peyrefitte - D79;48,4128630;3,2452690
42237;202000046935;29;11;2020;15:20;1;22;22215;2;3;1;3;QUARTIERS (RUE DES);48,4970900; -2,7911300
42238;202000046936;18;10;2020;17:30;1;67;67447;2;1;1;4;PIERRE MENDES FRANCE (AVENUE);48,6016800;7,7553300
42239;202000046937;9;8;2020;23:25;5;44;44109;2;1;1;6;ALLEE BACO;47,2140200; -1,5492200
42240;202000046939;2;1;2020;18:45;5;91;91136;1;1;1;4;AUTOROUTE A10;48,7162700;2,2653700
42241;202000046940;19;10;2020;17:42;1;66;66136;2;1;1;3;ALBERT MARCELLIN;42,6926547;2,8885193
42242;202000046941;2;1;2020;02:00;3;91;91136;1;1;2;6;AUTOROUTE A10;48,7115240;2,2854400
42243;202000046942;16;7;2020;23:00;5;42;42223;2;1;9;6;Rue de la République;45,4446729;4,3374206
42244;202000046943;1;12;2020;11:50;1;17;17300;2;1;1;7;CHAMP DE MARS   AVENUE DU;46,1695400; -1,1477100
42245;202000046944;4;2;2020;10:15;1;91;91243;2;1;1;2;Rue de Bligny;48,6226760;2,1476020
42246;202000046945;23;5;2020;10:25;1;2B;2B207;2;1;1;7;Lotissement U San Petrone Folelli;42,4603320;9,5012430
42247;202000046946;17;10;2020;05:40;5;66;66136;2;3;1;3;BACCHUS ALLEE DE;42,6886100;2,8856800
42248;202000046947;22;5;2020;16:05;1;80;80197;2;1;2;-1;Route d'Epenancourt;49,8337244;2,9268050
42249;202000046949;1;1;2020;05:50;2;91;91286;1;1;1;6;A6;48,6522460;2,3820555
42250;202000046951;20;8;2020;18:40;1;38;38053;2;6;1;3;Route de Lyon;45,5892000;5,2469900
42251;202000046952;1;1;2020;17:50;3;93;93006;1;1;2;2;AUTOROUTE A3;48,8662500;2,4227600
42252;202000046953;15;10;2020;09:38;1;63;63113;2;1;1;-1;LAGARLAYE (RUE DE);45,7736900;3,0829900
42253;202000046954;1;1;2020;09:00;1;974;97407;1;1;1;6;ROUTE NATIONALE N° 1; -20,9473900;55,3229200
42254;202000046955;16;8;2020;15:52;1;36;36063;2;1;1;6;165 route de Villers;46,8367835;1,6863316
42255;202000046956;5;2;2020;09:50;1;2A;2A247;2;1;7;6;Avenue Georges Pompidou;41,5967380;9,2763980
42256;202000046957;1;1;2020;07:30;1;973;97302;2;1;1;2;ZEPHIR (ROCADE);4,9306054; -52,3138046