;Num_Acc;jour;mois;an;hrmn;lum;dep;com;agg;int;atm;col;adr;lat;long
42257;202000046958;1;12;2020;10:45;1;17;17300;2;1;1;7;CORSAIRES   AVENUE DES (1-125);46,1694800; -1,1701300
42258;202000046959;4;2;2020;14:40;1;48;48198;1;1;1;6;D51;44,4299070;3,9381690
42259;202000046960;30;11;2020;07:57;1;17;17274;1;6;1;2;REPUBLIQUE   ROND-POINT DE LA;46,1544700; -1,1118900
42260;202000046961;1;1;2020;06:10;5;69;69383;2;1;1;3;FELIX FAURE                         (AV);45,7539400;4,8613300
42261;202000046962;3;2;2020;19:50;3;34;34058;1;1;1;3;36 Avenue de Montpellier;43,6713130;3,9791540
42262;202000046963;23;5;2020;14:50;1;22;22248;1;1;7;7;Lan Connan;48,6227150; -3,1171450
42263;202000046964;25;8;2020;15:30;1;35;35278;1;1;1;6;RN 136 PORTE DE ST MALO;48,1399300; -1,6954900
42264;202000046966;24;7;2020;17:00;1;41;41018;2;1;1;7;JOSEPH PAUL BONCOUR (ROND POINT);47,5697800;1,3255500
42265;202000046967;1;1;2020;07:09;5;91;91215;1;1;1;6;FORET (RUE DE LA);48,6877200;2,5122800
42266;202000046968;5;2;2020;07:55;2;89;89099;2;6;1;7;2 Rue du Pont;47,9556310;3,5319970
42267;202000046969;2;12;2020;08:05;1;14;14118;2;1;1;2;CREULLY (AVENUE DE);49,1905000; -0,3727000
42268;202000046970;30;11;2020;16:20;2;30;30032;1;1;1;7;saint gilles route de D38;43,7950100;4,5945000
42269;202000046971;1;1;2020;07:30;5;77;77407;2;4;1;-1;MAISON ROUGE(RUE DE LA)- TILLY;48,5400700;2,5206000
42270;202000046972;30;11;2020;13:30;1;13;13214;2;3;1;1;SAINTE MARTHE (chemin);43,3235800;5,3866090
42271;202000046973;23;5;2020;16:00;1;35;35078;1;1;1;5;Le Bec à l'Âne;48,6026870; -1,7618200
42272;202000046974;16;1;2020;00:15;5;68;68334;2;2;1;3;Rue Kleber;47,8105130;7,1031170
42273;202000046975;10;3;2020;08:10;1;38;38544;2;3;1;6;Boulevard Pacatianus;45,5011500;4,8503200
42274;202000046976;25;8;2020;14:30;1;35;35278;2;6;1;2;MAISON BLANCHE (ROND POINT DE);48,1441000; -1,6571200
42275;202000046977;19;10;2020;21:45;5;56;56098;2;1;2;1;DE GAULLE ( AV. GENERAL );47,7627300; -3,3305400
42276;202000046978;1;1;2020;13:35;1;69;69290;2;1;5;4;HEYRIEUX (D')                       (RO);45,6832000;4,9527000
42277;202000046979;2;12;2020;13:00;1;13;13206;2;1;1;3;BAILLE (BOULEVARD);43,2870670;5,3879860
42278;202000046980;2;12;2020;11:00;1;13;13210;2;1;1;3;ROMAIN ROLLAND (BOULEVARD);43,2743400;5,4162600
42279;202000046981;25;8;2020;12:30;1;34;34172;2;1;1;2;LIBERTE (AVENUE DE LA;43,6103100;3,8340200
42280;202000046982;19;10;2020;15:55;1;56;56083;2;2;1;3;JOFFRE (RUE  DU MARECHAL );47,8074100; -3,2748600
42281;202000046983;21;5;2020;19:15;1;29;29075;2;1;1;6;35 Rue de Brest;48,4330620; -4,4035490
42282;202000046984;1;1;2020;04:00;5;69;69282;2;1;1;1;COPERNIC     (R );45,7900000;5,0292000
42283;202000046986;4;2;2020;11:37;1;57;57206;2;1;1;6;40 Avenue de Metz;49,3063300;6,1122980
42284;202000046987;2;1;2020;00:20;5;59;59650;2;1;2;1;BRIAND (AVENUE ARISTIDE);50,7006690;3,2321478
42285;202000046989;22;5;2020;15:30;1;31;31022;2;1;1;3;Route de Paris;43,6836780;1,4064430
42286;202000046990;23;5;2020;18:05;1;70;70031;1;1;1;7;Rue de Senargent;47,5896640;6,5170710
42287;202000046991;3;2;2020;19:55;5;33;33003;2;1;1;3;11 Rue Roger Couderc;44,9382900; -0,4949800
42288;202000046992;30;1;2020;22:55;5;33;33449;2;1;2;6;10 RUE LOUIS BLERIOT;44,8879100; -0,7385190
42289;202000046993;23;5;2020;14:45;1;14;14500;1;1;1;2;D48;49,2679014;0,2020267
42290;202000046994;19;10;2020;12:30;1;54;54395;2;1;1;6;DE LATTRE DE TASSIGNY (AV. MAL);48,6835300;6,1900200
42291;202000046995;25;8;2020;18:50;1;33;33063;2;5;1;6;RUE LE CHAPELIER;44,8516000; -0,5813400
42292;202000046996;2;12;2020;09:30;1;13;13204;2;1;1;1;CHUTES LAVI (AVENUE);43,3093100;5,3965400
42293;202000046997;1;1;2020;01:20;5;59;59512;2;1;1;6;ORAN (RUE D');50,7018296;3,1873664
42294;202000046998;3;2;2020;18:30;5;60;60462;2;3;8;6;Rue de Calais;49,3306280;2,1996740
42295;202000046999;1;1;2020;23:55;5;59;59350;2;1;2;3;MOLINEL RUE DU;50,6334780;3,0659310
42296;202000047000;24;7;2020;23:00;5;38;38151;1;2;1;1;Rue du Drac;45,1457300;5,6909500
42297;202000047001;1;1;2020;13:00;1;51;51108;2;1;8;2;Avenue de Paris;48,9530441;4,3433131
42298;202000047003;24;8;2020;20:40;1;33;33039;2;4;1;6;RUE ALEXIS LABRO;44,7892700; -0,5651500
42299;202000047004;24;7;2020;19:25;1;37;37195;2;2;1;-1;PETIT PLESSIS (RUE DU);47,3790593;0,6438309
42300;202000047005;1;1;2020;20:13;5;42;42187;2;1;1;1;Rue de Clermont;46,0304700;4,0668600
42301;202000047006;4;2;2020;18:20;3;13;13085;1;1;1;3;A50-Sens Toulon vers Aubagne;43,2641700;5,5879900
42302;202000047008;25;8;2020;18:00;1;33;33529;2;6;1;2;CAZAUX (BD DE) DU 02 ET +;44,6164000; -1,1376400
42303;202000047009;4;2;2020;09:30;1;13;13202;1;1;1;3;Tunnel Joliette Marseille vers Aubagne;43,2940873;5,3639538
42304;202000047010;24;7;2020;10:23;1;37;37122;2;1;1;2;RD 37;47,3582438;0,6456028
42305;202000047011;24;7;2020;07:53;1;37;37261;2;3;1;-1;PROUDHON (AVENUE);47,3942116;0,6672475
42306;202000047012;1;12;2020;15:40;1;13;13075;2;1;1;7;PLEIN SUD (ALLEE);43,3450390;5,4625600
42307;202000047013;14;10;2020;11:30;1;53;53130;2;5;1;6;MONTMORENCY- LAVAL ( BOULEVARD );48,0630000; -0,7582600
42308;202000047014;1;1;2020;04:25;5;37;37233;2;1;2;6;DUCLOS (AVENUE JACQUES);47,3790220;0,7213500
42309;202000047015;23;8;2020;07:10;5;31;31555;2;1;1;7;4 Rue Cujas;43,6012900;1,4408990
42310;202000047016;23;5;2020;11:45;1;64;64531;1;1;2;1;D23;43,3609920; -0,9006750
42311;202000047017;4;2;2020;09:35;1;13;13206;1;1;1;2;Tunnel Prado Carénage;43,2823900;5,3941200
42312;202000047018;5;7;2020;17:00;1;36;36202;2;1;1;6;204 Avenue de Tours;46,8197083;1,6714395
42313;202000047019;4;2;2020;08:17;1;13;13117;1;1;1;3;A7-Sens Lyon vers Marseille;43,4637600;5,2343900
42314;202000047020;20;5;2020;18:45;1;64;64273;1;1;1;7;D22;43,2800800; -1,2366490
42315;202000047021;20;10;2020;17:38;1;50;50218;2;6;1;3;GARE (AV DE LA );48,8378700; -1,5887600
42316;202000047022;2;12;2020;07:45;1;13;13047;1;1;1;3;RD 569;43,5153313;4,9640117
42317;202000047023;1;1;2020;22:00;3;35;35051;1;1;2;7;D 175 Cesson-Sévigné;48,1540200; -1,6243700
42318;202000047024;25;8;2020;05:15;5;26;26281;2;3;1;3;3 Rue Ninon Vallin;45,0482800;5,0757000
42319;202000047025;2;12;2020;18:35;2;13;13004;2;1;1;2;AV PRESIDENT SALVADOR ALLENDE;43,6700500;4,6166400
42320;202000047027;1;12;2020;18:22;5;06;06029;2;1;1;7;JOURDAN (AVENUE MICHEL);43,5677530;6,9625380
42321;202000047028;25;8;2020;17:23;1;25;25056;2;6;1;5;GIBELOTTE PONT DE LA;47,2423690;6,0087280
42322;202000047029;1;1;2020;12:00;1;13;13204;2;1;1;3;SAKAKINI (BOULEVARD);43,2975250;5,4006920
42323;202000047030;25;8;2020;19:30;1;24;24037;2;9;1;3;RN 21;44,8272900;0,5013200
42324;202000047031;1;12;2020;12:05;1;75;75108;2;3;1;4;RUE DE ROME;48,8771990;2,3230610
42325;202000047032;24;7;2020;17:55;1;35;35238;2;1;1;3;ROPARTZ (GUY);48,1301960; -1,6561270
42326;202000047033;23;5;2020;09:00;1;18;18089;1;1;2;6;Les Merosses;46,5864910;2,5817590
42327;202000047034;24;7;2020;15:00;1;35;35238;2;1;1;6;NANTES (RUE DE);48,0851800; -1,6957100
42328;202000047036;4;2;2020;08:00;1;13;13070;1;1;1;2;A50-Sens Aubagne vers Marseille;43,2853800;5,5698700
42329;202000047037;19;10;2020;10:30;1;49;49328;2;2;1;2;BEAUREPAIRE (RUE);47,2603400; -0,0815800
42330;202000047038;1;1;2020;02:30;5;13;13212;2;1;1;1;CHARLES KADDOUZ (RUE);43,3143450;5,4324600
42331;202000047039;23;8;2020;14:43;1;22;22360;2;6;1;6;RD700;48,4784359; -2,7681309
42332;202000047040;1;1;2020;14:40;1;01;01283;2;1;1;1;BURGONDES  (RUE DES);46,2642100;5,6646000
42333;202000047042;20;10;2020;22:30;1;44;44109;2;1;3;2;Péripherique est;47,2547400; -1,5274600
42334;202000047043;4;2;2020;16:10;1;69;69388;1;1;1;3;RD 383 ;45,7214600;4,8854600
42335;202000047044;2;12;2020;17:10;5;75;75120;2;4;2;6;RUE PIXERECOURT;48,8715760;2,3957160
42336;202000047046;3;2;2020;19:00;3;69;69277;1;1;1;2;RN 346  ;45,7318285;4,9791241
42337;202000047047;3;2;2020;14:30;1;42;42183;1;9;1;6;RN88;45,4036300;4,3754300
42338;202000047048;2;12;2020;13:30;1;75;75120;2;3;1;3;BOULEVARD DAVOUT;48,8512810;2,4110190
42339;202000047049;23;5;2020;18:15;1;04;04135;1;1;3;7;RD 957;43,8277907;6,2246937
42340;202000047050;3;2;2020;07:50;2;33;33448;1;1;1;2;AUTOROUTE A 62;44,7153600; -0,5183100
42341;202000047051;24;7;2020;02:10;3;35;35238;1;1;1;6;Porte d'Alma;48,0814000; -1,6721700
42342;202000047052;20;10;2020;22:15;5;44;44109;2;1;3;3;BOULEVARD JULES VERNE;47,2437800; -1,5269100
42343;202000047053;22;5;2020;17:50;1;85;85217;1;1;1;6;LA FOURNERIE;46,9448400; -1,2560900
42344;202000047054;4;2;2020;13:00;1;91;91521;1;1;1;5;RN 104;48,6325000;2,4007000
42345;202000047055;22;8;2020;04:35;3;22;22113;1;1;1;7;R.D.767;48,7167200; -3,4023800
42346;202000047057;2;12;2020;11:20;1;75;75118;2;1;1;3;BOULEVARD DE LA CHAPELLE;48,8841850;2,3541480
42347;202000047058;23;7;2020;15:40;1;35;35238;2;1;1;6;GUILLAUDOT ( DU GENERAL MAURICE);48,1146000; -1,6742700
42348;202000047059;25;8;2020;16:30;1;17;17300;2;1;1;4;CHEF DE VILLE   RUE;46,1583800; -1,1550400
42349;202000047061;4;2;2020;10:40;1;91;91161;1;1;1;2;AUTOROUTE A6;48,6993000;2,3124000
42350;202000047062;25;8;2020;15:50;1;17;17300;2;1;1;7;BILLAUD-VARENNE   AVENUE;46,1521600; -1,1225600
42351;202000047063;22;5;2020;11:20;1;17;17160;1;1;1;7;D145;45,4744870; -0,7595160
42352;202000047064;20;10;2020;21:45;3;43;43251;1;1;6;7;Route de St Christophe;45,0224928;3,8531113
42353;202000047065;23;7;2020;11:55;1;35;35051;1;1;1;6;A84;48,1482970; -1,5969850
42354;202000047067;4;2;2020;10:00;1;91;91377;2;5;2;7;RN20;48,7197300;2,2991100
42355;202000047068;22;5;2020;16:55;1;24;24152;1;1;1;7;D49;44,8043470;1,2110190
42356;202000047069;25;8;2020;15:15;1;17;17300;2;1;1;7;ORBIGNY   RUE ALCIDE D';46,1636800; -1,1468700
42357;202000047070;24;7;2020;12:15;1;34;34129;2;1;1;3;SORIECH (CHEMIN DE);43,5801760;3,9217020
42358;202000047071;1;1;2020;06:30;3;51;51526;1;1;5;7;D951;48,6891731;3,7188712
42359;202000047072;3;2;2020;04:50;3;93;93078;1;1;2;6;AUTOROUTE A104;48,9676600;2,5108100
42360;202000047074;23;7;2020;23:00;3;34;34172;2;1;1;6;RAYMOND DUGRAND (AVENUE);43,6035000;3,9002100
42361;202000047075;1;1;2020;07:00;3;56;56231;1;1;2;7;RN 166 PK 6+852;47,6852790; -2,6467020
42362;202000047076;3;2;2020;14:40;1;95;95527;1;1;1;2;AUTOROUTE A1;49,0164000;2,5316800
42363;202000047077;24;8;2020;16:00;1;13;13028;2;1;1;3;CD40B;43,1736500;5,6051500
42364;202000047078;2;12;2020;17:00;5;75;75116;2;1;2;3;ALLEE DU BORD DE L EAU;48,8575330;2,2268870
42365;202000047079;20;10;2020;20:50;2;38;38185;2;6;1;3;Rond point Pierre et Marie Curie;45,1607200;5,7202900
42366;202000047080;22;5;2020;20:40;2;38;38524;1;1;1;6;A51;45,0760550;5,6791700
42367;202000047081;23;8;2020;10:45;1;06;06029;1;1;1;3;MIDI (BOULEVARD DU);43,5383720;6,9559670
42368;202000047082;20;10;2020;16:15;1;38;38421;2;1;1;6;Impasse du pontet;45,1791200;5,7664100
42369;202000047083;2;12;2020;11:50;1;75;75116;2;7;1;7;PLACE DU TROCADERO ET DU 11 NOVEMBRE;48,8625520;2,2872710
42370;202000047086;25;8;2020;23:35;5;06;06123;2;1;1;2;GARE ROUTE DE LA;43,6630600;7,1965000
42371;202000047088;23;7;2020;08:10;1;34;34172;2;2;1;3;8 MAI 1945 (PLACE DU);43,6014935;3,8687593
42372;202000047089;3;2;2020;01:10;3;93;93078;1;1;3;6;AUTOROUTE A104;48,9630000;2,5223800
42373;202000047090;2;12;2020;10:00;1;75;75116;2;2;8;2;AVENUE THEOPHILE GAUTIER;48,8482230;2,2699090
42374;202000047091;1;1;2020;00:30;3;77;77519;1;1;1;6;D403;48,6354120;3,3948050
42375;202000047092;2;2;2020;15:50;1;95;95582;1;1;3;2;RD 170;48,9641700;2,2685300
42376;202000047093;2;2;2020;15:00;1;95;95018;1;1;3;6;AUTOROUTE A15;48,9575300;2,2750500
42377;202000047094;1;12;2020;18:50;5;75;75115;2;4;1;6;RUE PERIGNON;48,8475980;2,3088020
42378;202000047095;20;10;2020;20:25;3;35;35238;1;9;1;2;RN136;48,0951800; -1,7110400
42379;202000047097;17;7;2020;02:10;3;33;33318;1;1;1;1;RUE DE LA PRINCESSE;44,7796800; -0,7256200
42380;202000047098;1;12;2020;12:00;1;75;75115;2;2;8;6;RUE DUTOT;48,8376690;2,3077660
42381;202000047100;19;5;2020;15:07;1;971;97129;2;1;1;7;La Ramee;16,3390840; -61,7168410
42382;202000047101;8;6;2020;16:20;1;05;05061;2;1;1;6;CONTRE ALLEE LATY;44,5539300;6,0733300
42383;202000047102;1;12;2020;22:37;5;75;75114;2;1;1;6;RUE D ALESIA;48,8282290;2,3256440
42384;202000047103;23;5;2020;03:05;3;77;77248;1;1;2;6;D89;48,9209410;2,7959880
42385;202000047104;18;7;2020;21:08;2;33;33192;2;1;1;6;RUE DU BOURDILLAT;44,7821300; -0,5940000
42386;202000047105;2;2;2020;17:45;2;95;95500;1;1;3;5;A15;49,0380300;2,0890300
42387;202000047106;25;8;2020;19:00;1;05;05023;2;1;1;6;MAISONS BLANCHES (RUE DES);44,8827000;6,6242100
42388;202000047108;18;7;2020;21:30;4;33;33550;2;1;1;1;CHEM DU PAS DE LA COTE;44,7804000; -0,5517000
42389;202000047109;22;5;2020;12:10;1;66;66008;2;1;1;1;Rue des Jotglars;42,5530490;3,0262290
42390;202000047110;23;5;2020;03:50;5;84;84138;2;1;1;6;79 Route de Nyons;44,3853630;4,9982490
42391;202000047111;20;10;2020;19:00;5;35;35238;2;3;1;2;COMBES (BD EMILE);48,0936329; -1,6710762
42392;202000047112;24;7;2020;14:00;1;33;33009;1;3;1;2;COTE D'ARGENT (BD) DU 69 AU 263;44,6453300; -1,1946700
42393;202000047113;1;1;2020;16:45;1;65;65473;1;1;1;1;D913;42,9568310; -0,0656180
42394;202000047114;2;2;2020;12:00;1;93;93027;1;1;1;6;BDL;48,9270900;2,4034800
42395;202000047115;2;12;2020;16:20;1;75;75113;2;4;8;1;QUAI D IVRY;48,8257070;2,3869720
42396;202000047118;20;10;2020;12:30;1;35;35238;2;9;1;3;DE LATTRE DE TASSIGNY (BD MARECHAL);48,1113400; -1,6867600
42397;202000047119;2;2;2020;10:30;1;93;93027;1;1;2;5;AUTOROUTE A86;48,9278600;2,4095700
42398;202000047120;1;1;2020;18:55;3;32;32171;1;1;1;5;D247;43,5214590;0,9780862
42399;202000047121;2;12;2020;14:40;1;75;75111;2;1;1;3;AVENUE DE LA REPUBLIQUE;48,8649040;2,3764280
42400;202000047123;22;5;2020;20:30;2;69;69178;1;1;1;6;route départementale 489;45,7075130;4,4593330
42401;202000047124;2;12;2020;18:35;2;75;75107;2;2;1;3;BOULEVARD SAINT GERMAIN;48,8599430;2,3217690
42402;202000047125;20;10;2020;15:30;1;33;33063;2;3;1;1;BD ALFRED DANEY;44,8717800; -0,5620600
42403;202000047126;14;5;2020;07:20;1;64;64304;1;1;1;3;2617 Route de l'Adour;43,4933080; -1,3943950
42404;202000047127;2;12;2020;09:14;1;75;75107;2;3;1;6;QUAI VOLTAIRE;48,8585180;2,3324500
42405;202000047128;21;5;2020;10:30;1;29;29060;2;1;1;3;Route du Vray-secours;47,9267130; -4,0956100
42406;202000047129;2;12;2020;14:15;1;94;94080;2;1;1;4;MARIGNY (COUR);48,8449100;2,4385000
42407;202000047130;23;5;2020;13:10;1;27;27275;2;9;1;6;Avenue du Marechal Leclerc;49,1597580;1,3380150
42408;202000047131;24;7;2020;09:35;1;33;33529;2;2;1;3;DHEURLE (RUE HENRI);44,6319800; -1,1426600
42409;202000047132;25;8;2020;18:00;1;75;75107;2;7;1;3;PLACE DES INVALIDES;48,8584370;2,3125310
42410;202000047133;2;2;2020;05:55;3;93;93066;1;1;3;-1;AUTOROUTE A1;48,9201100;2,3572900
42411;202000047134;1;1;2020;10:00;2;89;89008;1;1;5;7;RD86;47,5757490;3,9995270
42412;202000047135;21;5;2020;14:35;1;83;83144;1;1;1;7;A57;43,1334900;5,9847600
42413;202000047136;20;10;2020;10:35;1;33;33281;2;1;2;-1;RUE DU GALUS;44,8464900; -0,6779900
42414;202000047137;2;2;2020;09:30;1;93;93066;1;1;2;3;AUTOROUTE A1;48,9220500;2,3573100
42415;202000047138;24;7;2020;18:45;1;32;32013;2;1;1;2;SADI-CARNOT (BOULEVARD);43,6453000;0,5875000
42416;202000047139;22;5;2020;21:25;1;33;33039;1;1;1;6;ROCADE A 630;44,7903300; -0,5407300
42417;202000047140;1;12;2020;23:20;5;94;94068;2;2;1;3;MARINVILLE (AV DE);48,8090100;2,4767100
42418;202000047141;22;5;2020;15:40;1;75;75116;1;1;1;6;A13W;48,8483042;2,2454545
42419;202000047143;4;2;2020;16:00;1;77;77517;1;1;2;7;A104.EXT;48,9040220;2,6455750
42420;202000047144;1;1;2020;19:35;3;12;12248;1;1;1;6;Route de Millau;43,8793310;2,6442780
42421;202000047145;25;8;2020;09:40;1;75;75119;2;1;2;3;BOULEVARD MACDONALD;48,8987670;2,3737800
42422;202000047146;2;1;2020;13:58;1;68;68243;1;9;7;6;D41;47,4538380;7,2209220
42423;202000047147;4;2;2020;09:10;1;77;77294;1;1;1;4;A104;48,9643923;2,6105029
42424;202000047148;1;12;2020;18:45;5;94;94068;2;1;1;6;BELLECHASSE (BD DE);48,7936500;2,4874200
42425;202000047149;2;1;2020;06:30;3;70;70468;1;1;5;7;D44;47,8268630;5,8064964
42426;202000047150;4;2;2020;07:10;5;94;94069;1;1;1;2;A4;48,8171389;2,4422619
42427;202000047151;1;1;2020;15:00;1;50;50629;1;1;8;7;Route de Periers;49,2315990; -1,4765380
42428;202000047152;2;12;2020;09:10;1;94;94065;2;1;1;3;VANNE (R DE LA);48,7522800;2,3546400
42429;202000047153;21;5;2020;23:30;3;92;92036;1;1;1;2;A86;48,9346300;2,2690400
42430;202000047154;2;1;2020;17:45;3;50;50145;1;1;1;7;Cambernon;49,0660810; -1,3908470
42431;202000047155;1;2;2020;23:45;5;92;92049;2;2;2;3;BROSSOLETTE AVENUE PIERRE/ DORMOY AVENUE MARX N°102 A FIN;48,8120700;2,3008200
42432;202000047156;15;10;2020;10:30;1;33;33119;2;1;1;6;AVE GEORGES CLEMENCEAU;44,8510200; -0,5088400
42433;202000047157;2;12;2020;14:10;1;94;94054;2;2;1;3;HENRI BARBUSSE (AV);48,7430300;2,3887500
42434;202000047158;31;1;2020;09:05;1;988;98818;2;3;1;2;RUE GABRIEL LAROQUE/RUE GUSTAVE LODS; -22,3009800;166,4532700
42435;202000047159;25;8;2020;14:35;1;75;75118;2;1;1;-1;BOULEVARD NEY;48,8979140;2,3389860
42436;202000047160;19;10;2020;17:35;1;31;31069;2;1;1;3;GARROS (RUE ROLAND);43,6431100;1,3650000
42437;202000047161;2;12;2020;13:50;1;93;93048;2;1;1;6;WALWEIN (AVENUE);48,8620807;2,4453671
42438;202000047162;24;7;2020;17:30;1;27;27375;1;1;1;3;HAYE MALHERBE (ROUTE DE LA);49,2145900;1,1539700
42439;202000047163;20;5;2020;18:00;1;78;78158;1;1;1;6;A13;48,8352970;2,1312220
42440;202000047164;2;1;2020;18:10;3;43;43137;1;1;1;1;Route des Villettes;45,2627890;4,1617900
42441;202000047165;24;8;2020;22:30;5;75;75117;2;7;1;3;PLACE DE CLICHY;48,8835330;2,3268670
42442;202000047166;3;2;2020;07:10;1;974;97416;1;9;1;5;Chemin des Assises; -21,2878600;55,4629700
42443;202000047167;1;12;2020;19:20;5;93;93079;2;1;1;3;RTE SAINT LEU;48,9552000;2,3336720
42444;202000047168;3;2;2020;13:15;1;69;69276;2;1;1;6;CLAUDIUS BERRY                          ;45,6663520;4,8500133
42445;202000047169;2;12;2020;18:55;5;93;93057;2;1;2;2;BRIAND (AV. ARISTIDE) 2 A 132;48,9076974;2,4933815
42446;202000047170;3;2;2020;18:10;2;972;97213;1;1;1;4;;14,6184500; -61,0242100
42447;202000047171;3;2;2020;15:15;1;69;69202;2;1;1;3;NICOLAS BERTHET                     (R );45,7468000;4,8078000
42448;202000047172;2;2;2020;20:00;5;2A;2A004;2;1;1;6;AVENUE DU DOCTEUR NOEL FRANCHINI;41,9369731;8,7537215
42449;202000047173;22;5;2020;01:45;3;93;93007;1;1;1;5;AUTOROUTE A3;48,9174000;2,4783700
42450;202000047174;19;10;2020;17:35;2;31;31069;2;1;1;3;GUIMBAUD (RUE DU DOCTEUR);43,6321400;1,3973800
42451;202000047175;2;12;2020;20:35;5;92;92075;2;2;1;6;VERDUN (AVENUE DE);48,8197150;2,2934068
42452;202000047176;30;1;2020;07:30;5;91;91685;2;3;1;3;PERI (RUE GABRIEL);48,6578850;2,3081430
42453;202000047177;2;1;2020;15:00;1;972;97230;2;9;1;3;D2;14,7367900; -60,9535130
42454;202000047178;25;8;2020;04:00;5;75;75116;2;7;1;6;PLACE VICTOR HUGO;48,8698970;2,2852510
42455;202000047179;21;7;2020;08:30;1;27;27229;2;3;1;3;BUFFARDIERE (BOULEVARD DE LA);49,0227000;1,1407000
42456;202000047180;3;2;2020;16:30;1;91;91421;2;1;2;4;REPUBLIQUE (AVENUE DE LA);48,7075200;2,4545300
42457;202000047181;24;7;2020;15:25;1;17;17300;2;1;1;1;MOULIN   PONT JEAN;46,1539000; -1,1393000
42458;202000047182;1;2;2020;13:02;1;87;87085;2;1;2;4;COMTE (RUE AUGUSTE);45,8730400;1,2687100
42459;202000047183;24;7;2020;07:55;1;17;17274;2;2;1;6;AYTRE   ROUTE D';46,1530300; -1,0866900
42460;202000047184;24;7;2020;07:40;1;17;17300;2;3;7;3;Avenue Denfert Rochereau;46,1651880; -1,1927400
42461;202000047185;24;7;2020;10:58;1;14;14118;2;2;1;3;MUETS (RUE DES);49,1741500; -0,3447000
42462;202000047186;20;10;2020;18:09;1;29;29232;2;1;1;3;Quai de l’Odet;47,9926900; -4,1083400
42463;202000047187;2;1;2020;08:05;2;57;57415;2;1;2;6;169 Grand'Rue;49,1415300;6,1138410
42464;202000047189;21;5;2020;01:46;3;94;94028;1;1;1;-1;A86 INT;48,7763094;2,4351719
42465;202000047190;24;7;2020;09:40;1;13;13019;2;9;1;3;ROUTE DE LA BELANDIERE;43,4511500;5,3727300
42466;202000047191;31;1;2020;19:48;5;87;87085;2;3;2;3;FOUGERAS (RUE DE);45,8643500;1,2905800
42467;202000047192;1;2;2020;23:26;5;87;87085;2;1;2;6;DUMAS (AVENUE GEORGES);45,8267600;1,2635900
42468;202000047193;1;2;2020;22:10;5;85;85194;2;1;2;2;Avenue de Talmont;46,4833800; -1,7241500
42469;202000047194;25;8;2020;20:30;2;75;75114;2;4;1;3;AVENUE DU MAINE;48,8327270;2,3248320
42470;202000047195;20;10;2020;05:40;3;29;29232;1;1;2;1;D365 - Avenue du Morbihan;47,9780972; -4,0284714
42471;202000047196;30;1;2020;10:20;1;80;80021;1;1;1;-1;ROCADE NORD RN 1;49,9260700;2,2981400
42472;202000047197;24;8;2020;22:30;5;75;75114;2;7;1;3;PLACE DENFERT ROCHEREAU;48,8345480;2,3326200
42473;202000047198;19;10;2020;12:10;1;29;29232;1;1;1;2;N165 - Park Poullig;48,0321981; -4,0843821
42474;202000047199;22;5;2020;00:20;5;69;69259;2;3;1;3;INDUSTRIE (DE L')                   (R );45,7088000;4,8826000
42475;202000047200;24;7;2020;13:05;1;13;13206;2;2;1;3;PIERRE PUGET (COURS);43,2902526;5,3758975
42476;202000047201;1;1;2020;18:45;5;44;44209;1;1;1;5;Rue de Nantes;47,2818570; -1,6021370
42477;202000047202;25;8;2020;15:45;1;75;75112;2;2;1;3;RUE TAINE;48,8373080;2,3912080
42478;202000047203;2;1;2020;14:45;1;19;19146;1;1;1;6;D1120;45,3322660;1,7617010
42479;202000047204;25;8;2020;16:20;1;75;75110;2;2;1;6;BOULEVARD DE STRASBOURG;48,8723080;2,3559010
42480;202000047205;2;12;2020;10:40;1;92;92072;1;1;1;2;MARECHAL JUIN (QUAI DU);48,8298903;2,2236964
42481;202000047206;24;7;2020;07:45;1;13;13204;2;1;1;6;ELÉMIR BOURGES (RUE);43,2989861;5,4028126
42482;202000047207;20;10;2020;17:00;1;29;29039;2;3;1;1;Rue des Sables Blancs;47,8787000; -3,9300000
42483;202000047208;31;1;2020;08:30;2;77;77390;2;1;2;6;ANCEL DE GARLANDE (AVENUE);48,7891560;2,6612260
42484;202000047209;25;8;2020;17:50;1;75;75108;2;1;1;5;AVENUE FRANKLIN D ROOSEVELT;48,8677880;2,3101900
42485;202000047210;19;5;2020;23:50;5;972;97213;1;1;2;1;ROUTE DEPARTEMENTALE 3;14,6339000; -60,9914000
42486;202000047211;1;1;2020;17:40;3;44;44195;1;1;2;1;D17;47,3400370; -1,9074850
42487;202000047212;25;8;2020;15:50;1;75;75117;2;1;1;3;BOULEVARD DE COURCELLES;48,8802490;2,3083190
42488;202000047213;2;2;2020;12:00;1;77;77114;1;1;8;5;N 4;48,7407382;2,6936232
42489;202000047214;21;5;2020;02:20;5;972;97209;2;1;1;6;GENERAL DE GAULLE (BLD DU);14,6075800; -61,0685100
42490;202000047215;2;12;2020;17:59;5;92;92023;2;1;1;7;PAUL VAILLANT COUTURIER (RUE);48,8030160;2,2624560
42491;202000047216;2;2;2020;00:42;3;76;76165;2;1;1;7;REPUBLIQUE. RUE DE LA;49,2790513;1,0291314
42492;202000047217;20;10;2020;13:10;1;22;22113;1;1;1;7;COZ PLAC (LIEU-DIT);48,7200716; -3,3999470