;Num_Acc;jour;mois;an;hrmn;lum;dep;com;agg;int;atm;col;adr;lat;long
42493;202000047218;2;12;2020;19:55;5;92;92012;2;2;2;7;REPUBLIQUE (BOULEVARD DE LA) 5/77BIS - 6;48,8330125;2,2463246
42494;202000047219;2;2;2020;06:10;5;76;76540;2;2;1;3;GAMBETTA. BOULEVARD LEON;49,4378400;1,1052500
42495;202000047222;1;1;2020;00:15;3;27;27189;1;1;5;6;D167;48,9822420;0,9819702
42496;202000047223;25;8;2020;09:50;1;75;75103;2;1;8;7;RUE SAINT GILLES;48,8576600;2,3675780
42497;202000047224;29;1;2020;12:00;1;76;76561;2;1;1;6;LECLERC. RUE DU MARECHAL (CD 144);49,3033500;1,0159300
42498;202000047225;2;12;2020;13:05;1;92;92002;2;1;1;3;DIVISION LECLERC (53 A 217 - 58 A 186);48,7480799;2,3039049
42499;202000047226;24;8;2020;17:05;1;94;94068;2;1;1;3;FOCH (AV);48,8030000;2,4900000
42500;202000047227;2;2;2020;00:40;5;76;76351;2;1;2;2;ALBERT 1ER;49,4965235;0,0933623
42501;202000047228;2;1;2020;09:42;1;62;62014;2;1;1;6;35 Rue de Saint-omer;50,6403950;2,3971010
42502;202000047229;2;12;2020;07:45;5;41;41194;2;1;2;3;Faubourg d'Orléans;47,3614140;1,7428340
42503;202000047230;20;10;2020;14:45;1;14;14271;2;1;1;5;RN814;49,1382900; -0,3936600
42504;202000047231;31;1;2020;22:10;5;76;76351;2;1;1;2;COMMANDANT ABADIE;49,5011900;0,1768800
42505;202000047232;25;8;2020;13:50;1;94;94041;2;1;1;3;GEORGES GOSNAT (AV);48,8133700;2,3888900
42506;202000047233;19;10;2020;16:00;1;13;13117;2;9;1;3;LONDRES (AVENUE DE);43,4273430;5,2357140
42507;202000047234;3;12;2020;15:40;1;01;01419;1;1;8;6;Chemin de Pré Jacquet;46,2300990;5,9984280
42508;202000047235;20;10;2020;12:15;1;13;13201;2;1;1;6;LÉON GAMBETTA (ALLEE);43,3734460;5,3430294
42509;202000047236;21;5;2020;22:10;5;69;69149;2;2;1;3;JEAN JAURES                         (AV);45,7115635;4,8198269
42510;202000047237;31;1;2020;19:58;5;72;72181;2;1;2;3;GENESLAY FELIX (AV) N° PAIRS 146 A 234;47,9762700;0,2073500
42511;202000047238;1;1;2020;06:30;3;13;13088;1;1;1;5;A55-Sens Martigues vers Marseille;43,3901390;5,2475390
42512;202000047239;25;8;2020;01:53;5;94;94018;2;1;1;6;PONT (R DU);48,8180420;2,4196350
42513;202000047240;1;12;2020;18:50;5;971;97132;1;1;1;1;Chemin de Petit Jardin;15,9869810; -61,6330430
42514;202000047241;1;2;2020;19:30;3;67;67218;1;1;2;2;ALFRED KASTLER (ROUTE);48,5427857;7,7373808
42515;202000047243;31;1;2020;18:40;5;67;67482;2;1;1;3;GENERAL DE GAULLE (AVENUE DU);48,5773410;7,7693600
42516;202000047244;3;12;2020;10:43;1;62;62361;2;1;2;2;8 Rue de Grefrath;50,2792100;2,2753500
42517;202000047245;1;1;2020;08:40;1;988;98818;2;1;1;6;CHALIER (RUE JEAN); -22,2464900;166,4626100
42518;202000047246;23;7;2020;07:30;1;13;13211;2;2;1;3;MILLIERE (BOULEVARD DE LA );43,2835000;5,4994000
42519;202000047247;25;8;2020;00:00;5;94;94041;2;4;1;1;AUGUSTE DESHAIES (QU);48,8185200;2,4003800
42520;202000047248;20;10;2020;08:49;1;13;13206;2;2;1;2;LIEUTAUD (COURS);43,2891060;5,3841140
42521;202000047249;3;2;2020;13:05;1;64;64102;2;1;1;3;MAIGNON (GIRATOIRE DE);43,4656200; -1,4952600
42522;202000047250;1;1;2020;00:30;5;38;38151;1;1;1;6;A480;45,1471900;5,6954400
42523;202000047252;1;1;2020;02:00;3;16;16366;1;1;1;6;;45,6259570; -0,2093420
42524;202000047253;3;2;2020;18:05;5;62;62193;2;1;3;6;MOLLIEN;50,9571300;1,8709600
42525;202000047254;2;12;2020;19:15;3;41;41010;1;1;1;7;Buissay;47,8601100;1,0274790
42526;202000047255;19;10;2020;08:50;1;13;13005;2;9;1;3;BOYER (PARKING ANTIDE);43,2949000;5,5616400
42527;202000047256;24;7;2020;15:10;1;13;13047;1;9;1;5;GEORGES GUYNEMER AVENUE;43,5181800;4,9629500
42528;202000047257;25;8;2020;20:05;1;93;93048;2;2;1;6;PRESIDENT SALVADOR ALLENDE (AVENUE DU);48,8734500;2,4605200
42529;202000047258;20;5;2020;17:00;1;69;69382;2;3;1;3;CHARLEMAGNE                         (CO);45,7397000;4,8183000
42530;202000047259;1;1;2020;16:30;1;42;42332;1;1;7;3;Chemin du Halage;46,0159200;4,0535680
42531;202000047260;22;7;2020;10:45;1;13;13005;2;1;1;7;RN 8;43,2838200;5,5419700
42532;202000047261;25;8;2020;22:00;5;93;93031;2;2;1;3;AV DE LA REPUBLIQUE / R CLAUDE DEBUSSY;48,9471200;2,3427000
42533;202000047262;2;12;2020;09:40;2;34;34120;2;6;1;3;Avenue de Vendargues;43,6590700;3,9118620
42534;202000047264;2;12;2020;08:05;3;56;56179;1;4;1;1;Kerteuff;47,8339240; -3,4176300
42535;202000047266;25;8;2020;22:20;5;93;93057;2;2;1;3;AV ARISTIDE BRIAND / AV JULES GUESDE;48,9105627;2,5122374
42536;202000047267;1;1;2020;02:00;3;52;52349;1;1;1;6;A5;48,0252706;5,0905806
42537;202000047268;24;8;2020;17:30;1;92;92050;2;1;8;3;REPUBLIQUE AVENUE DE LA;48,9054950;2,2099770
42538;202000047269;26;8;2020;17:25;1;974;97415;1;1;1;3;Route Nationale 1; -20,9744990;55,2979610
42539;202000047270;1;1;2020;07:40;3;44;44073;1;1;2;2;N137;47,3996130; -1,6448590
42540;202000047271;25;8;2020;18:00;1;83;83148;1;1;1;7;Route du Plan de la Tour;43,4027680;6,4457210
42541;202000047272;20;5;2020;19:55;1;69;69202;2;4;1;3;LIBERATION (DE LA)                  (RO);45,7286000;4,7778000
42542;202000047273;2;12;2020;13:00;1;79;79185;1;1;1;6;Route de Gascougnolles;46,2790730; -0,3095570
42543;202000047274;18;10;2020;10:55;1;04;04070;2;1;1;6;Bd Gassendi;44,0928369;6,2351717
42544;202000047275;25;7;2020;00:00;5;10;10387;2;3;1;7;VOULDY (CHAUSSEE DU);48,2921300;4,0863500
42545;202000047276;1;1;2020;18:10;3;56;56022;1;1;2;1;Kerdroguen RD779;47,7984020; -2,9309640
42546;202000047278;22;7;2020;16:54;1;10;10333;1;1;1;2;ROCADE OUEST (RD 610);48,2707900;4,0493800
42547;202000047279;1;1;2020;17:50;5;65;65438;2;1;1;6;43 Rue des Pyrénées;43,3299710;0,0366440
42548;202000047280;20;5;2020;17:50;1;69;69389;2;3;1;3;JOANNES CARRET                      (R );45,7915800;4,8160400
42549;202000047281;22;7;2020;18:40;1;06;06088;2;1;1;3;VOIE RAPIDE;43,6883000;7,2382400
42550;202000047282;3;12;2020;09:00;1;79;79298;1;2;1;4;;46,2746340; -0,5256430
42551;202000047283;21;8;2020;21:30;3;44;44051;1;2;1;3;La Petite Merais;47,6873620; -1,6613820
42552;202000047284;20;10;2020;07:40;2;75;75117;2;1;2;5;PORTE DE CLICHY;48,8965730;2,3098910
42553;202000047285;1;1;2020;09:00;2;89;89392;2;1;9;6;7 N Route Nationale 6;47,5311035;3,7957750
42554;202000047286;21;5;2020;23:45;3;91;91433;1;1;1;7;R.N. 20;48,4585100;2,1776500
42555;202000047287;20;10;2020;08:25;1;75;75116;2;1;1;3;PORTE D AUTEUIL;48,8432210;2,2543640
42556;202000047288;1;1;2020;17:00;2;76;76644;1;1;8;6;Rue de Mont Plaisir;50,0138550;1,3961840
42557;202000047289;16;5;2020;05:30;5;83;83069;2;3;1;6;BOUIN (RUE JEAN);43,1218400;6,1407200
42558;202000047290;25;8;2020;13:55;1;21;21508;1;1;1;7;D104;47,3793100;4,9346531
42559;202000047291;25;8;2020;20:40;2;62;62720;2;1;6;6;3 Rue d'Estree Blanche;50,5976800;2,3877080
42560;202000047292;20;8;2020;22:00;3;19;19005;2;1;1;7;Les Pissotes;45,2664340;1,4649580
42561;202000047293;3;12;2020;18:00;3;2B;2B346;1;1;1;6;RT 11;42,5255150;9,4569860
42562;202000047294;3;12;2020;08:00;2;80;80574;1;2;2;1;D1001;50,0418450;2,0590780
42563;202000047295;2;12;2020;18:15;3;55;55173;1;1;2;6;D193;48,5443990;5,6125760
42564;202000047296;24;7;2020;11:40;1;06;06027;2;1;1;6;NICE AVENUE DE (RN7);43,6598700;7,1711500
42565;202000047297;21;5;2020;17:50;1;79;79259;2;6;1;3;Route de Parthenay;46,9693700; -0,2093200
42566;202000047298;1;1;2020;04:00;3;02;02756;1;9;4;5;Route Departementale 1044;49,8021430;3,3196280
42567;202000047299;20;10;2020;11:25;1;75;75120;2;1;2;6;BOULEVARD DE BELLEVILLE;48,8672280;2,3831110
42568;202000047300;5;8;2020;17:50;1;74;74194;2;1;1;6;261 Route de Chessy;45,8077540;6,0386180
42569;202000047301;23;7;2020;18:30;1;06;06027;2;1;1;2;VENCE ROUTE DE;43,6738000;7,1424220
42570;202000047302;20;10;2020;10:54;1;75;75111;2;1;1;1;AVENUE PARMENTIER;48,8695370;2,3714130
42571;202000047305;26;8;2020;12:15;1;80;80368;2;3;1;1;Intersection Rue Diderot - Rue du Parc;50,0792000;1,5363260
42572;202000047307;24;8;2020;20:40;2;65;65039;1;1;1;7;D918;42,9177700;0,3489770
42573;202000047308;23;7;2020;14:45;1;06;06027;2;1;1;3;FRANCE ROUTE DE;43,6636800;7,1368510
42574;202000047309;20;10;2020;07:00;5;75;75119;2;1;2;2;AVENUE JEAN JAURES;48,8881420;2,3906480
42575;202000047310;25;8;2020;17:04;1;65;65018;1;1;1;6;D126;42,9992100; -0,2823880
42576;202000047311;23;7;2020;06:35;1;06;06123;2;1;1;3;VESPINS ROUTE DES;43,6606000;7,1780000
42577;202000047312;20;10;2020;19:20;5;75;75116;2;4;2;6;AVENUE D IENA;48,8705060;2,2955900
42578;202000047313;2;12;2020;19:00;3;22;22183;1;2;2;3;Zone d'activités Le Ridor (Zone industrielle);48,1719640; -2,5784420
42579;202000047314;25;8;2020;16:23;1;65;65032;1;1;1;7;47 Route du Soulor;42,9612410; -0,2204740
42580;202000047315;3;12;2020;18:00;3;25;25532;2;1;1;3;20 Rue du Chenau Blond;47,2087970;6,1028840
42581;202000047316;1;1;2020;12:25;1;60;60137;1;2;5;3;Carrefour D101 - D37;49,4356743;2,5276707
42582;202000047317;24;8;2020;21:30;2;61;61043;1;1;1;7;La Bouillerie;48,3508570;0,7277300
42583;202000047318;1;12;2020;16:00;1;29;29090;1;1;1;1;D107 - Toul Land.;48,0960573; -4,2559615
42584;202000047320;15;8;2020;21:30;5;49;49215;2;2;1;6;Rue Nationale;47,1317460; -0,1526500
42585;202000047321;21;5;2020;19:45;1;69;69266;2;4;1;3;CUSSET   (Pont de);45,7685802;4,9054043
42586;202000047322;23;7;2020;23:10;3;05;05061;1;1;1;6;RN 85;44,5101900;6,0462100
42587;202000047323;1;1;2020;16:56;3;72;72115;1;1;2;6;Autoroute A28, pk 050+000;47,6501010;0,4623280
42588;202000047324;23;7;2020;10:43;1;05;05061;2;1;1;2;GUILLAUME FAREL ( AVENUE );44,5599100;6,0754100
42589;202000047325;1;1;2020;05:15;3;78;78143;1;1;5;6;RD 95, PK 8 + 300;48,7278880;2,1010010
42590;202000047326;24;7;2020;03:45;5;04;04112;2;1;1;7;316 bd des Amandiers;43,8371000;5,7852800
42591;202000047327;3;12;2020;08:03;1;29;29056;2;1;3;6;Lieu-dit Clos de la Garenne;48,4272430; -4,3067690
42592;202000047328;20;10;2020;17:20;1;75;75116;2;3;2;3;AVENUE RAYMOND POINCARE;48,8714860;2,2848760
42593;202000047329;1;1;2020;06:32;3;31;31399;1;1;1;4;A 64;43,3662900;1,2733660
42594;202000047330;20;10;2020;16:40;1;75;75114;2;1;2;3;AVENUE DENFERT ROCHEREAU;48,8378840;2,3357990
42595;202000047331;20;10;2020;19:20;5;75;75112;2;1;2;4;AVENUE DE SAINT MANDE;48,8445210;2,4073320
42596;202000047333;20;10;2020;09:00;1;75;75112;2;1;8;2;QUAI DE BERCY;48,8313250;2,3850960
42597;202000047334;1;1;2020;06:45;3;51;51569;1;1;9;7;A4/A344;49,2473705;3,9462173
42598;202000047335;19;10;2020;17:00;1;75;75112;2;1;1;6;RUE DE BERCY;48,8377470;2,3825730
42599;202000047336;3;12;2020;15:45;1;38;38126;2;1;1;3;Avenue du Grésivaudan;45,2084280;5,7581190
42600;202000047337;1;1;2020;05:10;3;34;34081;1;1;1;6;D162;43,3120300;3,1747500
42601;202000047338;21;5;2020;09:30;1;64;64102;2;1;1;3;ALLEES MARINES (AVENUE DES);43,4985900; -1,4878900
42602;202000047339;26;8;2020;07:48;1;42;42092;1;1;1;3;Route des Brossettes;45,4919250;4,3820221
42603;202000047340;20;10;2020;11:00;1;75;75111;2;1;8;6;RUE DE LAPPE;48,8529460;2,3742660
42604;202000047342;23;8;2020;19:35;1;41;41161;1;4;1;3;D44;47,5443950;2,0740340
42605;202000047343;20;10;2020;11:30;1;75;75108;2;1;8;7;BOULEVARD MALESHERBES;48,8786540;2,3152410
42606;202000047344;20;10;2020;07:25;5;75;75107;2;1;2;3;RUE D ESTREES;48,8515330;2,3112940
42607;202000047345;20;5;2020;19:59;1;64;64024;2;1;7;2;BAB (BOULEVARD DU);43,4976000; -1,5044900
42608;202000047346;1;1;2020;04:45;5;79;79049;2;1;2;5;Boulevard de Thouars;46,8499370; -0,4674700
42609;202000047347;1;1;2020;02:25;3;35;35240;1;1;1;1;RD 288;48,1047894; -1,7803343
42610;202000047348;14;11;2020;15:29;1;13;13083;2;9;1;7;Route des Lonnes;43,8947920;4,8036380
42611;202000047349;22;8;2020;11:00;1;44;44041;1;1;1;3;Tournebride;47,0795000; -1,5670640
42612;202000047350;24;7;2020;12:04;1;03;03185;2;2;1;3;Quai Favieres;46,3428971;2,6005875
42613;202000047351;20;10;2020;07:50;2;94;94052;2;2;2;6;GALLIENI (BD);48,8409000;2,4833000
42614;202000047352;21;5;2020;17:50;1;51;51454;2;1;1;2;Boulevard de la Paix;49,2538437;4,0408405
42615;202000047353;1;1;2020;03:30;3;27;27099;2;3;5;3;Route de Louviers;49,0825600;1,1815000
42616;202000047354;23;7;2020;17:04;1;02;02738;2;2;1;3;BOULLOCHE (AVENUE);49,6579500;3,3161400
42617;202000047355;1;1;2020;01:15;3;988;98810;1;1;1;7;RT1; -20,6418700;164,3503870
42618;202000047356;23;7;2020;23:50;5;75;75120;2;4;1;6;BOULEVARD PERIPHERIQUE;48,8490270;2,4148680
42619;202000047358;23;7;2020;19:35;1;75;75116;2;1;1;2;BOULEVARD PERIPHERIQUE;48,8705970;2,2723520
42620;202000047359;24;7;2020;18:40;1;75;75116;2;1;1;6;VOIE GEORGES POMPIDOU;48,8444330;2,2720770
42621;202000047360;3;12;2020;07:55;1;02;02594;1;2;2;3;Départementale 4;49,1621650;3,1811750
42622;202000047361;13;10;2020;17:05;1;94;94015;2;1;8;3;GENERAL LECLERC (AV);48,8329740;2,5200000
42623;202000047362;26;8;2020;04:50;3;02;02572;1;1;6;6;D62;49,3858930;4,0069630
42624;202000047363;24;7;2020;01:50;5;75;75106;2;5;1;6;RUE DE MONTFAUCON;48,8531650;2,3358460
42625;202000047364;1;12;2020;08:00;3;85;85019;1;1;2;5;RD763;46,8058170; -1,4331150
42626;202000047365;20;10;2020;09:05;1;94;94041;2;1;2;1;HENRI POURCHASSE (QU);48,8084300;2,4077400
42627;202000047366;3;12;2020;11:30;1;64;64417;2;9;1;6;4 Rue de l'Ouzom;43,1781350; -0,2461570
42628;202000047367;23;7;2020;17:00;1;75;75106;2;3;1;3;BOULEVARD DU MONTPARNASSE;48,8441840;2,3228980
42629;202000047368;2;12;2020;07:04;2;21;21027;1;2;1;3;D903;47,3906650;5,0363730
42630;202000047369;24;7;2020;21:45;5;75;75120;2;4;1;3;AVENUE CARTELLIER;48,8642780;2,4128290
42631;202000047370;2;12;2020;23:00;3;85;85266;1;2;2;6;Les Gornieres;46,7594080; -0,9942410
42632;202000047371;24;7;2020;19:40;1;75;75120;2;7;1;3;ECHANGEUR VINCENNES;48,8469180;2,4150830
42633;202000047372;3;12;2020;05:50;3;08;08283;1;1;5;6;RD 991;49,6312070;4,6221220
42634;202000047373;20;5;2020;18:50;1;50;50532;2;3;1;3;THAR (RUE DU);48,7946800; -1,5677000
42635;202000047374;26;8;2020;13:20;1;15;15092;1;1;1;7;D922;45,4170250;2,5026510
42636;202000047375;3;12;2020;06:45;3;95;95678;2;1;2;3;Rue de Mériel;49,0698840;2,2213300
42637;202000047376;21;5;2020;01:50;5;44;44109;2;1;1;6;Boulevard de Doulon;47,2279600; -1,5255900
42638;202000047377;24;7;2020;20:15;1;75;75119;2;4;1;6;RUE MANIN;48,8847570;2,3922280
42639;202000047378;26;8;2020;10:20;1;01;01454;1;1;1;1;D1504;45,7092770;5,7261730
42640;202000047379;24;7;2020;18:30;1;75;75119;2;1;1;2;AVENUE DE FLANDRE;48,8850580;2,3697100
42641;202000047380;24;7;2020;10:00;1;75;75119;2;3;1;3;AVENUE JEAN JAURES;48,8887670;2,3930680
42642;202000047381;20;10;2020;07:30;5;94;94018;2;2;2;3;PARIS (R DE);48,8277500;2,4040000
42643;202000047382;26;8;2020;11:55;1;01;01323;2;1;1;2;Les quatre vents, 23 route de macon;46,4279603;4,9371921
42644;202000047384;25;8;2020;20:55;3;26;26368;1;1;1;6;Avenue de la Clairette;44,7251340;5,2670860
42645;202000047385;24;7;2020;20:00;1;75;75117;2;3;1;7;RUE DAVY;48,8911820;2,3247090
42646;202000047386;26;8;2020;14:20;1;72;72316;2;1;1;6;13 Rue du Vairais;48,3077690;0,4012260
42647;202000047387;24;7;2020;11:20;1;75;75117;2;1;1;3;AVENUE DE LA GRANDE ARMEE;48,8750890;2,2908990
42648;202000047388;24;7;2020;15:00;1;75;75116;2;1;1;7;PORT DEBILLY;48,8583060;2,2889390
42649;202000047389;24;7;2020;10:00;1;75;75116;2;3;1;3;BOULEVARD LANNES;48,8667140;2,2716830
42650;202000047390;3;12;2020;14:40;1;973;97309;2;2;1;3;Route de Rémire;4,9076980; -52,2728040
42651;202000047391;26;8;2020;16:45;1;60;60029;1;1;1;1;Route départmentale 2;49,3609810;2,0170430
42652;202000047392;24;7;2020;01:30;5;75;75116;2;5;1;7;AVENUE DE VERSAILLES;48,8473870;2,2737390
42653;202000047393;18;10;2020;21:22;5;93;93066;2;1;1;2;LENINE (AVENUE) NR 28 A 62 ET 13 A 41;48,9416700;2,3657900
42654;202000047394;24;7;2020;10:00;1;75;75115;2;2;1;3;RUE DU HAMEAU;48,8351310;2,2890280
42655;202000047395;20;10;2020;09:07;1;93;93077;2;3;2;3;REGLEY (RUE);48,8753298;2,5291505
42656;202000047396;24;7;2020;07:30;1;75;75114;2;2;1;6;BOULEVARD JOURDAN;48,8222260;2,3304080
42657;202000047397;24;7;2020;22:10;5;75;75112;2;3;1;3;RUE DE LYON;48,8514360;2,3699140
42658;202000047398;20;10;2020;07:55;1;93;93046;2;1;2;3;R AMEDEE DUNOIS;48,9235500;2,5417481
42659;202000047399;24;7;2020;15:05;1;75;75112;2;7;1;3;AVENUE DU TREMBLAY;48,8272550;2,4643800
42660;202000047400;20;10;2020;07:10;5;93;93005;2;1;2;3;R JULES PRINCET;48,9378000;2,5008000
42661;202000047401;23;7;2020;14:30;1;75;75112;2;1;1;3;ROUTE DE LA FERME;48,8221830;2,4545110
42662;202000047402;20;10;2020;15:49;1;92;92046;2;1;1;6;DE STALINGRAD;48,8119396;2,2944440
42663;202000047403;18;10;2020;18:45;2;92;92050;2;2;1;3;BOUVETS BOULEVARD DES;48,8968800;2,2240300
42664;202000047404;24;7;2020;12:15;1;75;75117;2;3;1;7;AVENUE DE CLICHY;48,8893690;2,3223520
42665;202000047406;20;10;2020;11:45;1;92;92035;2;9;2;2;République ( boulevard de la );48,9059200;2,2518500
42666;202000047407;26;8;2020;18:00;1;64;64080;1;1;1;2;D817;43,3513440; -0,4867390
42667;202000047408;21;5;2020;18:08;1;37;37261;2;1;1;3;GRAMMONT (AVENUE DE);47,3850647;0,6909398
42668;202000047409;24;7;2020;18:30;1;75;75108;2;2;1;3;BOULEVARD MALESHERBES;48,8766250;2,3176850
42669;202000047410;3;12;2020;14:30;1;01;01027;1;3;1;3;D84 PR : 002+450 CROISSANT/ rue du stade;45,8331950;5,1150370
42670;202000047411;21;5;2020;19:52;1;34;34172;2;1;7;6;VALERY (BOULEVARD PAUL;43,5967350;3,8492160
42671;202000047412;24;7;2020;14:30;1;75;75104;2;3;8;7;RUE DE RIVOLI;48,8552380;2,3611240
42672;202000047413;2;12;2020;20:15;3;68;68297;1;1;1;2;A35;47,6141340;7,5187210
42673;202000047414;20;10;2020;19:30;5;92;92024;2;1;2;3;GENERAL LECLERC (RUE DU) DE (59 ET PLUS);48,9091700;2,3071000
42674;202000047416;26;8;2020;02:05;3;43;43217;1;1;1;7;D26;45,2672000;3,8828090
42675;202000047417;3;12;2020;01:40;3;69;69102;1;1;2;6;A 89;45,8685700;4,3971400
42676;202000047418;21;5;2020;13:30;1;33;33063;2;2;1;3;AVE EMILE COUNORD / RUE BARREYRE;44,8590100; -0,5749000
42677;202000047419;24;7;2020;16:05;1;94;94076;2;1;1;3;PARIS (AV DE);48,8010600;2,3651700
42678;202000047421;24;7;2020;15:30;1;94;94041;2;9;1;3;WESTERMEYER (R);48,8185100;2,3960100
42679;202000047422;26;8;2020;15:50;1;53;53161;2;3;1;-1;Rue de la Libération;48,1404360; -0,5556840
42680;202000047423;2;12;2020;13:45;1;976;97601;2;1;1;6;CCD1, Mtsangadoua; -12,7121020;45,0525930
42681;202000047424;24;7;2020;20:25;1;94;94034;2;1;1;6;JEAN JAURES (BD);48,7550300;2,3191800
42682;202000047425;17;10;2020;15:30;1;47;47015;2;3;1;1;RN 21;44,0653620;0,6497170
42683;202000047428;20;10;2020;14:35;1;18;18272;1;1;2;6;38 Route de Sancerre;47,2679530;2,7681150
42684;202000047429;25;8;2020;18:15;1;04;04076;1;1;1;3;RD 4202;43,9544560;6,8022970
42685;202000047430;25;8;2020;14:10;1;04;04204;1;1;1;7;RD 4085;43,9152920;6,4093260
42686;202000047431;2;12;2020;06:50;1;987;98729;2;1;1;1;pk 5.300 vaiare; -17,5230910; -149,7809030
42687;202000047433;6;10;2020;06:30;2;57;57177;2;1;9;6;Av 1ere Div Polonaise Grenadiers;48,8135330;6,7212400
42688;202000047434;25;8;2020;18:30;1;04;04094;2;1;1;6;Station TOTAL Av des Alpes;43,7561900;5,8870630
42689;202000047436;24;7;2020;14:46;1;94;94018;2;3;1;3;PARIS (R DE);48,8222100;2,4126800
42690;202000047439;20;10;2020;07:15;1;972;97201;1;1;1;3;N3;14,8318180; -61,1008180
42691;202000047440;20;5;2020;11:10;1;17;17306;2;1;1;2;DOUMER PAUL (PARKING);45,6270000; -1,0200000
42692;202000047441;3;12;2020;08:30;1;45;45315;2;2;8;3;D948 PR 34 + 670;47,7604130;2,3740450
42693;202000047442;21;10;2020;08:02;1;01;01209;1;1;1;1;D1206;46,0919540;5,8676510
42694;202000047443;21;5;2020;22:50;5;17;17300;2;2;1;3;COLLEGE   RUE DU;46,1631000; -1,1493000
42695;202000047445;21;5;2020;20:00;1;13;13209;2;1;1;2;SAINTE MARGUERITE (BOULEVARD);43,2653080;5,4089720
42696;202000047446;3;12;2020;09:20;1;13;13004;1;3;1;1;D24;43,5673870;4,7423120
42697;202000047447;21;5;2020;16:30;1;13;13203;2;1;1;3;JUNOT (RUE);43,3109860;5,3763790
42698;202000047448;26;8;2020;07:45;1;30;30123;1;2;1;7;N113;43,6947154;4,1682476
42699;202000047449;20;10;2020;19:52;3;50;50498;1;1;1;2;1 Chemin de l'Hommee;49,5336340; -1,5317020
42700;202000047450;24;7;2020;06:55;2;94;94017;2;1;1;3;MAURICE THOREZ (AV);48,8059600;2,5337600
42701;202000047451;22;5;2020;00:10;5;13;13001;2;1;1;3;REPUBLIQUE (BD DE LA);43,5289371;5,4394630
42702;202000047452;3;12;2020;18:12;3;89;89337;1;2;2;3;D606;47,7398680;3,6053450
42703;202000047453;20;10;2020;15:45;1;67;67106;2;1;1;-1;40 Rue du Rhin;48,7573830;7,9580610
42704;202000047454;24;7;2020;17:30;1;94;94071;2;1;1;2;WINSTON CHURCHILL (R);48,7707100;2,5223800
42705;202000047455;20;5;2020;15:00;1;09;09122;2;1;1;2;RD 919;42,9873149;1,6157211
42706;202000047456;26;8;2020;01:12;3;30;30033;1;1;1;2;D6572;43,6552050;4,3450390
42707;202000047457;13;10;2020;16:00;1;23;23176;2;1;2;3;Rue Pasteur;46,2362870;1,4832080
42708;202000047458;21;5;2020;07:00;1;75;75120;2;4;1;6;ECHANGEUR BAGNOLET;48,8663660;2,4139390
42709;202000047459;24;7;2020;12:20;1;94;94002;2;2;1;3;EMILE ZOLA (R);48,7982850;2,4205620
42710;202000047460;21;10;2020;07:35;3;62;62649;1;1;2;6;La Briqueterie d'Hénu;50,1541360;2,5129940
42711;202000047461;26;8;2020;18:55;1;08;08410;1;1;1;1;D977;49,3306600;4,5640040
42712;202000047462;22;7;2020;10:30;1;94;94002;2;1;1;3;NAPLES (R DE);48,7893560;2,4314350
42713;202000047463;20;5;2020;23:45;5;75;75119;2;1;1;3;PORTE DE LA VILLETTE;48,9004250;2,3902070
42714;202000047464;2;12;2020;20:50;3;67;67526;1;1;1;6;D206;48,4012470;7,5715700
42715;202000047465;23;7;2020;09:30;1;93;93070;2;1;1;6;GABRIEL-PERI (AV);48,9062568;2,3319039
42716;202000047466;3;12;2020;06:40;5;38;38475;1;1;2;6;Route de la Bourbre;45,6696910;5,1438600
42717;202000047467;20;5;2020;14:45;1;75;75117;2;1;1;2;PORTE DE CHAMPERRET;48,8858090;2,2883020
42718;202000047468;21;10;2020;12:15;1;69;69046;1;3;1;3;Chemin du Poizat;45,6519460;4,7761720
42719;202000047469;24;7;2020;14:15;1;93;93048;2;1;1;6;RESISTANCE (AVENUE DE LA);48,8626467;2,4367125
42720;202000047470;17;11;2020;15:50;1;26;26206;2;1;1;6;1 Chemin du Tacot;44,8323930;4,9742370
42721;202000047471;21;10;2020;16:45;2;91;91225;2;6;7;6;Avenue de la Fontaine au Soulier;48,6407360;2,4574610
42722;202000047472;19;5;2020;14:00;1;75;75117;2;1;1;5;BOULEVARD PERIPHERIQUE INTERIEUR OUEST;48,8809920;2,2823330
42723;202000047473;23;7;2020;23:00;5;93;93031;2;1;1;3;RTE DE SAINT LEU;48,9517600;2,3386400
42724;202000047474;20;10;2020;17:25;1;19;19250;2;1;1;1;RD902;45,4752240;1,5253620
42725;202000047476;24;7;2020;16:45;1;93;93029;2;1;1;2;PAUL VAILLANT COUTURIER (BD);48,9239000;2,4626000
42726;202000047477;1;12;2020;17:35;5;33;33533;1;3;5;3;D1113;44,5685440; -0,2842020
42727;202000047478;21;5;2020;00:15;5;75;75111;2;1;1;6;BOULEVARD DE BELLEVILLE;48,8676900;2,3821520
42728;202000047479;24;7;2020;15:35;1;93;93001;2;1;1;3;JEAN JAURES  (AVE)  157 A 213;48,9096069;2,3984179
42729;202000047480;2;12;2020;17:50;5;49;49035;2;1;1;6;Rue Chevrière;47,4170970; -0,6141610
42730;202000047481;20;10;2020;18:10;1;56;56206;1;1;1;4;Les Trois Rois;47,6851450; -2,7629330